date,value
1968-04-01,10000
1968-04-02,9893.74
1968-04-03,9973.16
1968-04-04,9800.59
1968-04-05,9813.7
1968-04-08,9826.8
1968-04-10,9999.05
1968-04-11,10078.46
1968-04-15,10078.3
1968-04-16,10078.14
1968-04-17,10024.93
1968-04-18,9958.47
1968-04-19,9984.84
1968-04-22,10077.5
1968-04-23,10183.42
1968-04-24,10143.48
1968-04-25,10156.57
1968-04-26,10249.23
1968-04-29,10275.58
1968-04-30,10368.23
1968-05-01,10394.58
1968-05-02,10460.71
1968-05-03,10367.74
1968-05-06,10539.93
1968-05-07,10420.44
1968-05-08,10539.59
1968-05-09,10526.17
1968-05-10,10499.49
1968-05-13,10472.81
1968-05-14,10552.18
1968-05-15,10671.32
1968-05-16,10936.28
1968-05-17,11002.38
1968-05-20,11214.3
1968-05-21,11240.64
1968-05-22,11015.12
1968-05-23,10975.17
1968-05-24,11067.79
1968-05-27,11001.34
1968-05-28,11001.16
1968-05-29,11027.5
1968-05-31,11120.1
1968-06-03,11119.92
1968-06-04,10907.69
1968-06-05,10920.77
1968-06-06,10920.59
1968-06-07,10933.67
1968-06-10,10946.75
1968-06-11,11012.84
1968-06-13,10946.41
1968-06-14,10866.72
1968-06-17,10787.03
1968-06-18,10892.88
1968-06-20,10892.7
1968-06-21,10879.28
1968-06-24,10839.35
1968-06-25,10852.43
1968-06-27,10839.01
1968-06-28,10838.84
1968-07-01,10812.16
1968-07-02,10838.49
1968-07-03,10878.07
1968-07-08,10824.9
1968-07-09,10546.49
1968-07-11,10360.83
1968-07-12,10413.66
1968-07-15,10387
1968-07-16,10201.35
1968-07-18,10068.7
1968-07-19,10254.02
1968-07-22,10227.36
1968-07-23,10333.18
1968-07-25,10306.52
1968-07-26,10306.36
1968-07-29,10359.18
1968-07-30,10332.52
1968-08-01,10305.87
1968-08-02,10292.46
1968-08-05,10318.79
1968-08-06,10252.39
1968-08-08,10186
1968-08-09,10212.33
1968-08-12,10225.41
1968-08-13,10304.72
1968-08-15,10370.78
1968-08-16,10370.62
1968-08-19,10370.45
1968-08-20,10476.25
1968-08-22,10529.06
1968-08-23,10462.67
1968-08-26,10462.5
1968-08-27,10502.07
1968-08-29,10554.88
1968-08-30,10541.46
1968-09-03,10581.03
1968-09-04,10567.62
1968-09-05,10620.42
1968-09-06,10567.28
1968-09-09,10606.84
1968-09-10,10601.37
1968-09-12,10619.74
1968-09-13,10632.82
1968-09-16,10672.37
1968-09-17,10672.2
1968-09-19,10711.76
1968-09-20,10698.35
1968-09-23,10698.18
1968-09-24,10711.25
1968-09-26,10711.08
1968-09-27,10626.17
1968-09-30,10485.66
1968-10-01,10445.78
1968-10-03,10374.12
1968-10-04,10339.53
1968-10-07,10532.66
1968-10-08,10484.83
1968-10-10,10339.04
1968-10-11,10399.77
1968-10-14,10404.9
1968-10-15,10351.79
1968-10-17,10399.28
1968-10-18,10351.46
1968-10-21,10324.82
1968-10-22,10337.89
1968-10-24,10377.44
1968-10-25,10390.51
1968-10-28,10451.23
1968-10-29,10456.36
1968-10-31,10323.84
1968-11-01,10371.32
1968-11-04,10376.45
1968-11-06,10463.64
1968-11-07,10402.59
1968-11-08,10428.9
1968-11-12,10502.84
1968-11-13,10555.61
1968-11-14,10560.74
1968-11-15,10587.04
1968-11-18,10573.64
1968-11-19,10647.58
1968-11-21,10652.7
1968-11-22,10586.37
1968-11-25,10612.67
1968-11-26,10506.64
1968-11-27,10559.4
1968-11-29,10546
1968-12-02,10625.22
1968-12-03,10659.46
1968-12-05,10677.81
1968-12-06,10717.34
1968-12-09,10743.63
1968-12-10,10751.4
1968-12-12,10843.85
1968-12-13,10848.97
1968-12-16,10840.86
1968-12-17,10909.48
1968-12-19,11041.61
1968-12-20,11033.49
1968-12-23,11006.86
1968-12-24,11006.69
1968-12-26,11006.51
1968-12-27,11046.02
1968-12-30,11085.53
1968-12-31,11085.36
1969-01-02,11058.73
1969-01-03,11124.69
1969-01-06,11124.51
1969-01-07,11137.56
1969-01-08,11229.98
1969-01-09,11243.03
1969-01-10,11189.94
1969-01-13,11136.86
1969-01-14,11242.49
1969-01-15,11295.22
1969-01-16,11202.46
1969-01-17,11162.6
1969-01-20,11162.43
1969-01-21,11236.31
1969-01-22,11249.36
1969-01-23,11122.22
1969-01-24,11135.27
1969-01-27,11161.54
1969-01-28,11222.2
1969-01-29,11240.53
1969-01-30,11253.58
1969-01-31,11250.75
1969-02-03,11221.48
1969-02-04,11239.82
1969-02-05,11300.47
1969-02-06,11273.84
1969-02-07,11247.22
1969-02-11,11252.33
1969-02-12,11238.93
1969-02-13,11259.9
1969-02-14,11238.57
1969-02-17,11278.06
1969-02-18,11259.37
1969-02-19,11277.7
1969-02-20,11272.23
1969-02-24,11290.56
1969-02-25,11277.16
1969-02-26,11290.2
1969-02-27,11316.46
1969-02-28,11289.84
1969-03-03,11289.66
1969-03-04,11329.14
1969-03-05,11368.62
1969-03-06,11434.54
1969-03-07,11500.45
1969-03-10,11587.52
1969-03-11,11354.68
1969-03-12,11328.07
1969-03-13,11393.98
1969-03-14,11367.36
1969-03-17,11393.62
1969-03-18,11367
1969-03-19,11393.25
1969-03-20,11419.51
1969-03-21,11419.33
1969-03-24,11458.8
1969-03-25,11458.61
1969-03-26,11479.58
1969-03-27,11487.33
1969-03-28,11426.35
1969-04-01,11405.02
1969-04-02,11431.27
1969-04-03,11465.45
1969-04-07,11465.27
1969-04-08,11465.09
1969-04-09,11470.19
1969-04-10,11467.37
1969-04-11,11469.83
1969-04-14,11403.58
1969-04-15,11358.47
1969-04-16,11429.64
1969-04-17,11416.25
1969-04-18,11423.99
1969-04-21,11402.67
1969-04-22,11442.13
1969-04-23,11455.16
1969-04-24,11454.98
1969-04-25,11441.58
1969-04-28,11520.67
1969-04-29,11494.07
1969-04-30,11520.31
1969-05-01,11520.12
1969-05-02,11519.94
1969-05-05,11493.34
1969-05-06,11461.45
1969-05-07,11519.39
1969-05-08,11527.14
1969-05-09,11500.53
1969-05-12,11492.42
1969-05-13,11492.24
1969-05-14,11492.06
1969-05-15,11491.88
1969-05-16,11491.69
1969-05-19,11491.51
1969-05-20,11472.84
1969-05-21,11477.94
1969-05-22,11477.76
1969-05-23,11490.78
1969-05-26,11490.6
1969-05-27,11485.14
1969-05-28,11445.33
1969-05-29,11418.73
1969-06-02,11273.28
1969-06-03,11170.09
1969-06-04,11114.44
1969-06-05,10987.48
1969-06-06,10731.11
1969-06-09,10894.69
1969-06-10,11171.84
1969-06-11,10933.96
1969-06-12,10960.2
1969-06-13,10986.44
1969-06-16,10774.98
1969-06-17,10946.47
1969-06-18,10933.1
1969-06-19,10946.13
1969-06-20,10906.34
1969-06-23,10906.17
1969-06-24,10808.29
1969-06-25,10800.19
1969-06-26,10826.43
1969-06-27,10852.66
1969-06-30,10878.9
1969-07-01,10865.52
1969-07-02,10886.47
1969-07-03,10970.79
1969-07-07,11049.83
1969-07-08,11115.66
1969-07-09,11044.2
1969-07-10,11062.51
1969-07-11,11059.69
1969-07-14,11088.56
1969-07-15,11088.38
1969-07-16,11035.4
1969-07-17,11082.75
1969-07-18,11074.65
1969-07-22,11074.48
1969-07-23,11034.7
1969-07-24,11060.93
1969-07-25,11047.55
1969-07-28,11028.9
1969-07-29,10954.81
1969-07-30,10949.36
1969-07-31,10925.42
1969-08-01,10935.81
1969-08-04,10901.32
1969-08-05,10848.36
1969-08-06,10821.79
1969-08-07,10834.82
1969-08-08,10861.04
1969-08-11,10874.06
1969-08-12,10847.5
1969-08-13,10873.72
1969-08-14,10870.91
1969-08-15,10849.62
1969-08-18,10854.73
1969-08-19,10846.64
1969-08-20,10846.46
1969-08-21,10833.1
1969-08-22,10832.92
1969-08-25,10806.36
1969-08-26,10787.72
1969-08-27,10806.02
1969-08-28,10805.85
1969-08-29,10781.93
1969-09-02,10747.45
1969-09-03,10773.67
1969-09-04,10799.88
1969-09-05,10791.8
1969-09-08,10794.26
1969-09-09,10831.03
1969-09-10,10804.48
1969-09-11,10799.03
1969-09-12,10830.52
1969-09-15,10817.15
1969-09-16,10816.98
1969-09-17,10811.53
1969-09-18,10777.06
1969-09-19,10790.08
1969-09-22,10784.64
1969-09-23,10773.91
1969-09-24,10773.74
1969-09-25,10749.83
1969-09-26,10749.66
1969-09-29,10717.83
1969-09-30,10730.85
1969-10-01,10749.15
1969-10-02,10783.27
1969-10-03,10801.56
1969-10-06,10748.63
1969-10-07,10756.38
1969-10-08,10743.02
1969-10-09,10758.67
1969-10-10,10742.68
1969-10-13,10716.13
1969-10-14,10734.42
1969-10-15,10742.17
1969-10-16,10715.62
1969-10-17,10689.08
1969-10-20,10641.44
1969-10-21,10628.08
1969-10-22,10561.98
1969-10-23,10548.63
1969-10-24,10561.65
1969-10-27,10587.85
1969-10-28,10561.31
1969-10-29,10542.68
1969-10-30,10529.33
1969-10-31,10481.7
1969-11-03,10428.79
1969-11-04,10428.63
1969-11-05,10388.91
1969-11-06,10283.27
1969-11-07,10159.18
1969-11-10,10053.56
1969-11-11,10111.4
1969-11-12,9953.05
1969-11-13,9966.07
1969-11-14,9987
1969-11-17,9973.66
1969-11-18,9899.68
1969-11-19,9662.25
1969-11-20,9569.83
1969-11-21,9524.86
1969-11-24,9358.62
1969-11-25,9345.29
1969-11-26,9384.68
1969-11-28,9384.54
1969-12-01,9371.21
1969-12-02,9305.16
1969-12-03,9326.1
1969-12-04,9291.68
1969-12-05,9278.35
1969-12-08,9238.67
1969-12-09,9225.34
1969-12-10,9238.37
1969-12-11,9277.76
1969-12-12,9303.97
1969-12-15,9259.02
1969-12-16,9237.79
1969-12-17,9245.55
1969-12-18,9226.95
1969-12-19,9224.17
1969-12-22,9263.56
1969-12-23,9252.87
1969-12-24,9252.72
1969-12-26,9252.57
1969-12-29,9276.14
1969-12-30,9276
1969-12-31,9275.85
1970-01-02,9244.08
1970-01-05,9270.29
1970-01-06,9235.88
1970-01-07,9222.56
1970-01-08,9209.24
1970-01-09,9195.92
1970-01-12,9216.85
1970-01-13,9192.99
1970-01-14,9182.31
1970-01-15,9168.99
1970-01-16,9155.67
1970-01-19,9155.52
1970-01-20,9168.55
1970-01-21,9181.58
1970-01-22,9220.95
1970-01-23,9218.17
1970-01-26,9215.39
1970-01-27,9220.51
1970-01-28,9217.73
1970-01-29,9222.85
1970-01-30,9217.44
1970-02-02,9217.29
1970-02-03,9219.78
1970-02-04,9219.63
1970-02-05,9219.49
1970-02-06,9219.34
1970-02-09,9221.83
1970-02-10,9226.95
1970-02-11,9218.9
1970-02-12,9218.75
1970-02-13,9215.97
1970-02-16,9215.83
1970-02-17,9213.05
1970-02-18,9205
1970-02-19,9212.76
1970-02-20,9215.24
1970-02-24,9215.1
1970-02-25,9217.58
1970-02-26,9217.44
1970-02-27,9222.56
1970-03-02,9217.15
1970-03-03,9219.63
1970-03-04,9211.59
1970-03-05,9214.07
1970-03-06,9203.39
1970-03-09,9203.25
1970-03-10,9205.73
1970-03-11,9213.49
1970-03-12,9213.34
1970-03-13,9223.73
1970-03-16,9228.85
1970-03-17,9233.97
1970-03-18,9249.62
1970-03-19,9275.8
1970-03-20,9251.96
1970-03-23,9254.44
1970-03-24,9272.73
1970-03-25,9285.74
1970-03-26,9296.13
1970-03-30,9295.98
1970-03-31,9293.2
1970-04-01,9314.11
1970-04-02,9313.97
1970-04-03,9303.29
1970-04-06,9287.34
1970-04-07,9292.46
1970-04-08,9313.37
1970-04-09,9315.86
1970-04-10,9313.08
1970-04-13,9318.2
1970-04-14,9410.18
1970-04-15,9370.54
1970-04-16,9409.88
1970-04-17,9409.73
1970-04-20,9422.74
1970-04-21,9443.65
1970-04-22,9461.92
1970-04-23,9435.45
1970-04-24,9422.14
1970-04-27,9406.2
1970-04-28,9435
1970-04-29,9434.85
1970-04-30,9434.7
1970-05-01,9442.45
1970-05-04,9458.09
1970-05-05,9531.62
1970-05-06,9534.1
1970-05-07,9533.95
1970-05-08,9525.91
1970-05-11,9499.44
1970-05-12,9467.71
1970-05-13,9459.67
1970-05-14,9459.52
1970-05-15,9467.26
1970-05-18,9461.85
1970-05-19,9464.33
1970-05-20,9458.92
1970-05-21,9453.5
1970-05-22,9442.83
1970-05-25,9442.68
1970-05-26,9426.74
1970-05-27,9402.92
1970-05-28,9379.09
1970-05-29,9326.32
1970-06-01,9313.02
1970-06-02,9273.41
1970-06-03,9241.69
1970-06-04,9257.33
1970-06-05,9262.45
1970-06-08,9346.48
1970-06-09,9341.07
1970-06-10,9351.44
1970-06-11,9377.6
1970-06-12,9372.19
1970-06-15,9343.11
1970-06-16,9306.13
1970-06-17,9311.25
1970-06-18,9311.1
1970-06-19,9297.8
1970-06-22,9308.17
1970-06-23,9310.65
1970-06-24,9349.96
1970-06-25,9336.66
1970-06-26,9323.36
1970-06-29,9331.1
1970-06-30,9333.59
1970-07-01,9333.44
1970-07-02,9320.14
1970-07-06,9296.32
1970-07-07,9283.03
1970-07-08,9282.88
1970-07-09,9282.73
1970-07-10,9295.73
1970-07-13,9285.07
1970-07-14,9284.92
1970-07-15,9276.88
1970-07-16,9282
1970-07-17,9281.85
1970-07-20,9284.33
1970-07-21,9281.55
1970-07-22,9284.04
1970-07-23,9281.26
1970-07-24,9283.74
1970-07-27,9280.96
1970-07-28,9280.82
1970-07-29,9275.41
1970-07-30,9280.52
1970-07-31,9280.37
1970-08-03,9288.11
1970-08-04,9282.71
1970-08-05,9285.19
1970-08-06,9287.67
1970-08-07,9279.64
1970-08-10,9274.23
1970-08-11,9260.94
1970-08-12,9266.05
1970-08-13,9268.53
1970-08-14,9265.76
1970-08-17,9265.61
1970-08-18,9265.46
1970-08-19,9265.32
1970-08-20,9286.2
1970-08-21,9307.08
1970-08-24,9320.07
1970-08-25,9356.72
1970-08-26,9380.23
1970-08-27,9390.59
1970-08-28,9408.84
1970-08-31,9408.69
1970-09-01,9442.71
1970-09-02,9487.23
1970-09-03,9534.39
1970-09-04,9526.35
1970-09-08,9481.53
1970-09-09,9526.05
1970-09-10,9507.5
1970-09-11,9546.77
1970-09-14,9538.74
1970-09-15,9512.31
1970-09-16,9472.74
1970-09-17,9514.63
1970-09-18,9498.72
1970-09-21,9522.21
1970-09-22,9532.57
1970-09-23,9503.52
1970-09-24,9519.13
1970-09-25,9497.96
1970-09-28,9508.32
1970-09-29,9510.8
1970-09-30,9563.19
1970-10-01,9557.79
1970-10-02,9544.5
1970-10-05,9649.43
1970-10-06,9675.55
1970-10-07,9635.99
1970-10-08,9648.97
1970-10-09,9701.36
1970-10-12,9769.51
1970-10-13,9832.4
1970-10-14,9784.96
1970-10-15,9863.61
1970-10-16,9850.32
1970-10-19,9876.43
1970-10-20,9949.82
1970-10-21,9973.3
1970-10-22,9981.02
1970-10-23,10099.06
1970-10-26,10217.1
1970-10-27,10245.83
1970-10-28,10158.99
1970-10-29,10027.51
1970-10-30,9783.09
1970-11-02,9887.99
1970-11-03,9830.06
1970-11-04,9769.5
1970-11-05,9651.16
1970-11-06,9742.93
1970-11-09,9803.17
1970-11-10,9803.02
1970-11-11,9768.72
1970-11-12,9807.96
1970-11-13,9889.21
1970-11-16,9894.3
1970-11-17,9881.01
1970-11-18,9836.22
1970-11-19,9817.68
1970-11-20,9880.54
1970-11-23,9833.12
1970-11-24,9872.35
1970-11-25,9885.33
1970-11-27,9872.04
1970-11-30,9856.13
1970-12-01,9832.34
1970-12-02,9858.44
1970-12-03,9858.29
1970-12-04,9855.5
1970-12-07,9818.59
1970-12-08,9813.19
1970-12-09,9739.52
1970-12-10,9752.5
1970-12-11,9760.22
1970-12-14,9791.56
1970-12-15,9878.04
1970-12-16,9859.5
1970-12-17,9877.72
1970-12-18,9877.56
1970-12-21,9877.41
1970-12-22,9890.38
1970-12-23,9798.35
1970-12-24,9798.19
1970-12-28,9803.29
1970-12-29,9797.88
1970-12-30,9823.97
1970-12-31,9810.7
1971-01-04,9826.29
1971-01-05,9844.5
1971-01-06,9820.73
1971-01-07,9812.7
1971-01-08,9841.41
1971-01-11,9906.86
1971-01-12,9959.19
1971-01-13,9980.03
1971-01-14,9958.88
1971-01-15,9998.08
1971-01-18,9984.8
1971-01-19,9945.28
1971-01-20,10005.48
1971-01-21,9992.2
1971-01-22,9955.3
1971-01-25,9984.01
1971-01-26,10010.09
1971-01-27,9983.69
1971-01-28,9983.53
1971-01-29,9983.38
1971-02-01,10017.33
1971-02-02,10101.13
1971-02-03,10213.78
1971-02-04,10090.31
1971-02-05,10077.03
1971-02-08,10152.95
1971-02-09,10192.15
1971-02-10,10191.98
1971-02-11,10218.06
1971-02-12,10191.66
1971-02-16,10217.73
1971-02-17,10199.21
1971-02-18,10188.55
1971-02-19,10159.54
1971-02-22,10164.62
1971-02-23,10174.95
1971-02-24,10164.3
1971-02-25,10172.01
1971-02-26,10177.09
1971-03-01,10148.08
1971-03-02,10153.16
1971-03-03,10179.23
1971-03-04,10163.33
1971-03-05,10163.17
1971-03-08,10173.5
1971-03-09,10178.58
1971-03-10,10188.91
1971-03-11,10228.09
1971-03-12,10238.42
1971-03-15,10227.76
1971-03-16,10201.38
1971-03-17,10209.08
1971-03-18,10227.28
1971-03-19,10214
1971-03-22,10216.46
1971-03-23,10213.68
1971-03-24,10197.78
1971-03-25,10208.11
1971-03-26,10194.84
1971-03-29,10168.45
1971-03-30,10173.54
1971-03-31,10194.35
1971-04-01,10199.43
1971-04-02,10194.03
1971-04-05,10196.49
1971-04-06,10185.84
1971-04-07,10198.79
1971-04-08,10219.6
1971-04-12,10219.44
1971-04-13,10211.41
1971-04-14,10198.14
1971-04-15,10200.6
1971-04-16,10210.92
1971-04-19,10210.76
1971-04-20,10200.11
1971-04-21,10197.33
1971-04-22,10262.7
1971-04-23,10236.33
1971-04-26,10196.84
1971-04-27,10209.79
1971-04-28,10283.02
1971-04-29,10340.52
1971-04-30,10405.89
1971-05-03,10334.95
1971-05-04,10392.45
1971-05-05,10510.24
1971-05-06,10562.49
1971-05-07,10426.03
1971-05-10,10441.59
1971-05-11,10535.78
1971-05-12,10601.13
1971-05-13,10692.69
1971-05-14,10797.35
1971-05-17,10666.14
1971-05-18,10718.39
1971-05-19,10639.6
1971-05-20,10783.56
1971-05-21,10738.84
1971-05-24,10686.26
1971-05-25,10751.6
1971-05-26,10717.37
1971-05-27,10664.79
1971-05-28,10701.31
1971-06-01,10701.14
1971-06-02,10638.08
1971-06-03,10637.91
1971-06-04,10637.74
1971-06-07,10598.27
1971-06-08,10527.36
1971-06-09,10461.69
1971-06-10,10414.37
1971-06-11,10374.9
1971-06-14,10361.64
1971-06-15,10371.95
1971-06-16,10473.96
1971-06-17,10437.12
1971-06-18,10465.77
1971-06-21,10465.6
1971-06-22,10512.59
1971-06-23,10556.96
1971-06-24,10577.75
1971-06-25,10504.23
1971-06-28,10464.77
1971-06-29,10451.51
1971-06-30,10503.73
1971-07-01,10540.24
1971-07-02,10576.74
1971-07-06,10555.62
1971-07-07,10542.35
1971-07-08,10550.04
1971-07-09,10539.4
1971-07-12,10575.9
1971-07-13,10557.4
1971-07-14,10567.71
1971-07-15,10588.49
1971-07-16,10669.51
1971-07-19,10737.43
1971-07-20,10711.08
1971-07-21,10779
1971-07-22,10920.24
1971-07-23,10901.74
1971-07-26,10932.99
1971-07-27,10972.09
1971-07-28,11011.2
1971-07-29,11071.25
1971-07-30,11102.5
1971-08-02,11089.23
1971-08-03,11062.87
1971-08-04,11128.15
1971-08-05,11193.44
1971-08-06,11143.51
1971-08-09,11504.66
1971-08-10,11323.82
1971-08-11,11218.91
1971-08-12,11323.46
1971-08-13,11257.82
1971-08-16,11257.65
1971-08-17,11270.56
1971-08-18,11296.56
1971-08-19,11335.65
1971-08-20,11335.47
1971-08-23,11335.29
1971-08-24,11308.93
1971-08-25,11198.8
1971-08-26,10994.44
1971-08-27,10766.52
1971-08-30,10766.35
1971-08-31,10640.53
1971-09-01,10758.16
1971-09-02,10831.28
1971-09-03,10914.87
1971-09-07,10901.61
1971-09-08,10836
1971-09-09,10927.43
1971-09-10,10901.09
1971-09-13,10893.06
1971-09-14,10937.38
1971-09-15,10979.09
1971-09-16,11054.81
1971-09-17,11004.91
1971-09-20,11070.16
1971-09-21,11072.6
1971-09-22,11043.64
1971-09-23,11053.93
1971-09-24,11121.8
1971-09-27,11142.56
1971-09-28,11291.54
1971-09-29,11147.44
1971-09-30,11147.26
1971-10-01,11094.75
1971-10-04,11128.59
1971-10-05,11102.24
1971-10-06,11107.3
1971-10-07,11133.29
1971-10-08,11106.95
1971-10-11,11122.47
1971-10-12,11122.29
1971-10-13,11171.83
1971-10-14,11153.34
1971-10-15,11132.23
1971-10-18,11134.67
1971-10-19,11139.73
1971-10-20,11126.47
1971-10-21,11113.21
1971-10-22,11113.03
1971-10-25,11125.94
1971-10-26,11117.91
1971-10-27,11112.51
1971-10-28,11104.48
1971-10-29,11075.53
1971-11-01,11025.65
1971-11-02,11072.56
1971-11-03,11038.38
1971-11-04,11038.21
1971-11-05,11072.04
1971-11-08,11090.17
1971-11-09,11121.38
1971-11-10,11149.97
1971-11-11,11144.57
1971-11-12,11167.93
1971-11-15,11206.98
1971-11-16,11193.73
1971-11-17,11204.01
1971-11-18,11279.68
1971-11-19,11271.65
1971-11-22,11310.7
1971-11-23,11313.14
1971-11-24,11354.8
1971-11-26,11349.39
1971-11-29,11417.2
1971-11-30,11401.33
1971-12-01,11385.46
1971-12-02,11440.19
1971-12-03,11453.09
1971-12-06,11499.97
1971-12-07,11452.72
1971-12-08,11361.02
1971-12-09,11413.14
1971-12-10,11423.42
1971-12-13,11407.55
1971-12-14,11412.6
1971-12-15,11394.11
1971-12-16,11289.35
1971-12-17,11176.75
1971-12-20,11168.73
1971-12-21,11275.74
1971-12-22,11333.08
1971-12-23,11353.81
1971-12-27,11353.63
1971-12-28,11342.99
1971-12-29,11384.64
1971-12-30,11384.46
1971-12-31,11405.19
1972-01-03,11501.73
1972-01-04,11600.88
1972-01-05,11639.91
1972-01-06,11827.93
1972-01-07,11984.58
1972-01-10,11958.25
1972-01-11,11827.37
1972-01-12,11837.63
1972-01-13,11874.04
1972-01-14,12004.53
1972-01-17,12069.68
1972-01-18,11983.24
1972-01-19,11990.89
1972-01-20,11995.93
1972-01-21,11995.74
1972-01-24,12021.68
1972-01-25,12055.47
1972-01-26,12073.57
1972-01-27,12177.91
1972-01-28,12373.71
1972-01-31,12321.25
1972-02-01,12569.31
1972-02-02,12869.63
1972-02-03,12542.78
1972-02-04,12281.27
1972-02-07,12432.64
1972-02-08,12568.31
1972-02-09,12568.12
1972-02-10,12659.37
1972-02-11,12606.91
1972-02-14,12502.2
1972-02-15,12528.13
1972-02-16,12606.31
1972-02-17,12627.01
1972-02-18,12645.1
1972-02-22,12710.21
1972-02-23,12710.01
1972-02-24,12762.06
1972-02-25,12665.2
1972-02-28,12657.16
1972-02-29,12591.65
1972-03-01,12547.04
1972-03-02,12599.08
1972-03-03,12559.7
1972-03-06,12603.91
1972-03-07,12611.54
1972-03-08,12572.16
1972-03-09,12655.55
1972-03-10,12642.29
1972-03-13,12657.76
1972-03-14,12644.5
1972-03-15,12636.46
1972-03-16,12641.49
1972-03-17,12636.06
1972-03-20,12635.86
1972-03-21,12648.72
1972-03-22,12635.46
1972-03-23,12640.48
1972-03-24,12627.22
1972-03-27,12624.41
1972-03-28,12613.77
1972-03-29,12639.68
1972-03-30,12634.26
1972-04-03,12634.06
1972-04-04,12641.69
1972-04-05,12638.88
1972-04-06,12609.95
1972-04-07,12625.42
1972-04-10,12633.05
1972-04-11,12672.02
1972-04-12,12776.27
1972-04-13,12781.29
1972-04-14,12885.53
1972-04-17,12906.21
1972-04-18,12911.23
1972-04-19,12897.97
1972-04-20,12897.76
1972-04-21,12884.5
1972-04-24,12892.13
1972-04-25,12865.82
1972-04-26,12865.62
1972-04-27,12909.79
1972-04-28,12948.75
1972-05-01,13144.34
1972-05-02,13151.96
1972-05-03,13170.03
1972-05-04,13156.77
1972-05-05,13326.24
1972-05-08,13594.9
1972-05-09,14017.57
1972-05-10,13860.73
1972-05-11,13834.4
1972-05-12,13808.08
1972-05-15,13860.07
1972-05-16,14251.37
1972-05-17,15073.34
1972-05-18,14851.24
1972-05-19,14890.16
1972-05-22,14968.22
1972-05-23,14994.08
1972-05-24,14889.45
1972-05-25,14876.16
1972-05-26,15123.86
1972-05-30,15280.21
1972-05-31,15514.85
1972-06-01,15457.19
1972-06-02,15501.31
1972-06-05,15527.16
1972-06-06,16048.83
1972-06-07,16922.78
1972-06-08,16831.18
1972-06-09,16309.02
1972-06-12,15969.53
1972-06-13,16073.65
1972-06-14,16021.21
1972-06-15,15929.63
1972-06-16,16046.8
1972-06-19,15968.26
1972-06-20,15954.96
1972-06-21,15980.8
1972-06-22,16111
1972-06-23,16462.97
1972-06-26,16540.98
1972-06-27,16384.18
1972-06-28,16696.99
1972-06-29,16827.17
1972-06-30,16866.04
1972-07-03,17087.52
1972-07-05,17217.69
1972-07-06,17217.42
1972-07-07,17034.53
1972-07-10,17112.52
1972-07-11,17007.91
1972-07-12,16981.55
1972-07-13,16929.11
1972-07-14,16954.93
1972-07-17,17085.08
1972-07-18,17071.77
1972-07-19,16914.99
1972-07-20,17032.1
1972-07-21,16953.58
1972-07-24,17005.48
1972-07-25,17091.28
1972-07-26,17148.39
1972-07-27,17291.56
1972-07-28,17786.82
1972-07-31,17812.62
1972-08-01,18073.14
1972-08-02,18255.41
1972-08-03,17994.33
1972-08-04,17863.65
1972-08-07,17602.58
1972-08-08,17237.21
1972-08-09,16989.2
1972-08-10,17406.16
1972-08-11,17132.08
1972-08-14,17131.81
1972-08-15,17144.58
1972-08-16,17339.87
1972-08-17,17321.34
1972-08-18,17365.39
1972-08-21,17417.27
1972-08-22,17469.14
1972-08-23,17481.9
1972-08-24,17559.84
1972-08-25,17502.2
1972-08-28,17501.92
1972-08-29,17384.32
1972-08-30,17441.4
1972-08-31,17435.91
1972-09-01,17427.81
1972-09-05,17453.61
1972-09-06,17466.36
1972-09-07,17492.16
1972-09-08,17491.88
1972-09-11,17530.7
1972-09-12,17426.15
1972-09-13,17464.98
1972-09-14,17420.39
1972-09-15,17073.42
1972-09-18,15965.33
1972-09-19,16747.06
1972-09-20,16942.28
1972-09-21,17007.18
1972-09-22,16655.03
1972-09-25,16550.51
1972-09-26,16667.54
1972-09-27,16628.18
1972-09-28,16784.29
1972-09-29,16731.9
1972-10-02,16718.6
1972-10-03,16705.31
1972-10-04,16991.72
1972-10-05,17095.69
1972-10-06,17069.36
1972-10-09,17069.09
1972-10-10,17003.67
1972-10-11,16938.25
1972-10-12,16854.59
1972-10-13,16867.35
1972-10-16,16963.5
1972-10-17,16924.14
1972-10-18,16897.82
1972-10-19,16949.66
1972-10-20,16936.37
1972-10-23,16883.99
1972-10-24,16883.72
1972-10-25,16857.39
1972-10-26,16812.83
1972-10-27,16830.81
1972-10-30,16817.51
1972-10-31,16775.56
1972-11-01,16673.69
1972-11-02,16673.42
1972-11-03,16712.23
1972-11-06,16685.92
1972-11-08,16581.45
1972-11-09,16437.9
1972-11-10,16359.49
1972-11-13,16314.95
1972-11-14,16145.36
1972-11-15,16145.11
1972-11-16,16004.19
1972-11-17,15720
1972-11-20,15915.12
1972-11-21,16292.55
1972-11-22,16279.27
1972-11-24,16331.11
1972-11-27,16669.45
1972-11-28,16604.07
1972-11-29,16538.69
1972-11-30,16564.48
1972-12-01,16720.48
1972-12-04,16511.86
1972-12-05,16433.47
1972-12-06,16433.21
1972-12-07,16432.95
1972-12-08,16432.69
1972-12-11,16380.34
1972-12-12,16380.08
1972-12-13,16444.92
1972-12-14,16509.77
1972-12-15,16647.52
1972-12-18,16951.93
1972-12-19,17029.78
1972-12-20,16782.13
1972-12-21,16716.77
1972-12-22,16716.5
1972-12-26,16716.24
1972-12-27,16950.31
1972-12-29,16897.97
1973-01-02,16949.77
1973-01-03,17001.58
1973-01-04,16897.16
1973-01-05,16988.02
1973-01-08,16948.7
1973-01-09,16961.44
1973-01-10,16922.12
1973-01-11,16929.67
1973-01-12,16960.64
1973-01-15,16947.35
1973-01-16,16947.08
1973-01-17,16829.67
1973-01-18,16634.16
1973-01-19,16790.09
1973-01-22,16972.04
1973-01-23,16971.77
1973-01-24,16906.42
1973-01-26,17049.32
1973-01-29,16996.99
1973-01-30,17199.75
1973-01-31,17178.65
1973-02-01,17334.55
1973-02-02,17412.36
1973-02-05,17594.27
1973-02-06,17906.32
1973-02-07,17866.99
1973-02-08,17957.8
1973-02-09,17723.28
1973-02-12,17840.12
1973-02-13,17930.92
1973-02-14,18815.47
1973-02-15,19166.5
1973-02-16,19075.11
1973-02-20,19907.56
1973-02-21,20635.88
1973-02-22,22509.18
1973-02-23,22118.49
1973-02-26,20999.2
1973-02-27,21779.51
1973-02-28,22117.43
1973-03-01,22299.23
1973-03-02,22454.99
1973-03-05,21856.18
1973-03-06,21595.64
1973-03-07,21465.21
1973-03-08,21790.1
1973-03-09,21563.39
1973-03-12,21464.18
1973-03-13,20813.41
1973-03-14,20813.08
1973-03-15,21528.2
1973-03-16,21527.86
1973-03-19,21397.44
1973-03-20,21397.1
1973-03-21,21227.67
1973-03-22,21253.34
1973-03-23,21981.4
1973-03-26,23411.79
1973-03-27,23411.42
1973-03-28,23020.86
1973-03-29,23215.58
1973-03-30,23410.3
1973-04-02,23214.84
1973-04-03,23409.56
1973-04-04,23474.21
1973-04-05,23642.91
1973-04-06,23603.52
1973-04-09,23668.17
1973-04-10,23667.79
1973-04-11,23732.44
1973-04-12,23641.03
1973-04-13,23406.59
1973-04-16,23224.16
1973-04-17,23470.86
1973-04-18,23665.54
1973-04-19,23600.15
1973-04-23,23599.77
1973-04-24,23612.4
1973-04-25,23442.99
1973-04-26,23546.64
1973-04-27,23559.27
1973-04-30,23592.7
1973-05-01,23584.52
1973-05-02,23558.15
1973-05-03,23479.76
1973-05-04,23479.39
1973-05-07,23479.02
1973-05-08,23764.66
1973-05-09,24115.29
1973-05-10,24647.91
1973-05-11,25141.52
1973-05-14,26584.1
1973-05-15,28598.6
1973-05-16,27688.2
1973-05-17,27102.79
1973-05-18,27427.34
1973-05-21,29116.74
1973-05-22,28726.32
1973-05-23,28530.89
1973-05-24,28595.43
1973-05-25,27685.12
1973-05-29,28594.52
1973-05-30,29438.9
1973-05-31,29828.35
1973-06-01,30607.71
1973-06-04,32101.86
1973-06-05,32751.19
1973-06-06,31580.99
1973-06-07,30800.71
1973-06-08,30475.32
1973-06-11,30019.98
1973-06-12,30474.35
1973-06-13,30019.02
1973-06-14,30603.33
1973-06-15,31187.62
1973-06-18,31836.87
1973-06-19,31251.61
1973-06-20,31186.14
1973-06-21,31315.59
1973-06-22,31185.15
1973-06-25,30794.84
1973-06-26,32028.74
1973-06-27,31768.37
1973-06-28,31572.96
1973-06-29,32027.22
1973-07-02,31442.03
1973-07-03,31701.39
1973-07-05,31960.73
1973-07-06,32999.6
1973-07-09,32739.23
1973-07-10,31959.21
1973-07-11,30919.38
1973-07-12,31438.54
1973-07-13,31438.04
1973-07-16,31151.74
1973-07-17,31437.04
1973-07-18,31046.83
1973-07-19,29682.35
1973-07-20,30591.19
1973-07-23,30850.5
1973-07-24,31148.77
1973-07-25,30784.57
1973-07-26,31043.87
1973-07-27,30393.92
1973-07-30,30003.78
1973-07-31,30029.28
1973-08-01,30522.36
1973-08-02,30158.21
1973-08-03,30131.75
1973-08-06,30001.4
1973-08-07,29845.07
1973-08-08,29545.88
1973-08-09,28571.37
1973-08-10,27726.77
1973-08-13,26492.58
1973-08-14,24803.91
1973-08-15,24413.93
1973-08-16,26751.04
1973-08-17,27010.34
1973-08-20,28438.34
1973-08-21,27450.99
1973-08-22,26749.34
1973-08-23,26034.74
1973-08-24,26229.1
1973-08-27,26228.68
1973-08-28,27007.33
1973-08-29,27863.87
1973-08-30,27396
1973-08-31,26876.21
1973-09-04,27291.26
1973-09-05,27550.5
1973-09-06,27394.26
1973-09-07,27328.91
1973-09-10,27198.65
1973-09-11,26678.91
1973-09-12,26548.66
1973-09-13,26028.95
1973-09-14,26041.52
1973-09-17,27001.76
1973-09-18,26741.7
1973-09-19,26325.87
1973-09-20,26805.76
1973-09-21,26870.24
1973-09-24,26480.39
1973-09-25,26415.06
1973-09-26,26609.35
1973-09-27,26284.42
1973-09-28,25959.51
1973-10-01,25115.41
1973-10-02,25374.6
1973-10-03,25737.62
1973-10-04,25698.27
1973-10-05,25568.08
1973-10-08,26151.71
1973-10-09,25852.79
1973-10-10,26864.69
1973-10-11,26929.15
1973-10-12,26456.33
1973-10-15,26279.42
1973-10-16,26434.73
1973-10-17,26862.56
1973-10-18,26446.87
1973-10-19,26212.86
1973-10-22,25758.26
1973-10-23,26147.15
1973-10-24,25887.21
1973-10-25,25977.63
1973-10-26,25497.11
1973-10-29,25496.71
1973-10-30,25236.79
1973-10-31,25431.02
1973-11-01,25171.12
1973-11-02,25559.96
1973-11-05,25429.81
1973-11-06,25429.41
1973-11-07,25273.31
1973-11-08,25428.6
1973-11-09,25557.93
1973-11-12,25168.32
1973-11-13,25141.97
1973-11-14,23351.28
1973-11-15,23675.23
1973-11-16,23415.4
1973-11-19,23350.17
1973-11-20,23479.52
1973-11-21,23414.29
1973-11-23,23349.06
1973-11-26,23413.54
1973-11-27,23867.17
1973-11-28,26331.34
1973-11-29,26395.78
1973-11-30,26200.79
1973-12-03,26005.82
1973-12-04,27367.31
1973-12-05,27237.17
1973-12-06,27431.29
1973-12-07,27819.95
1973-12-10,27365.57
1973-12-11,27014.96
1973-12-12,26975.62
1973-12-13,26884.41
1973-12-14,27234.14
1973-12-17,27687.61
1973-12-18,28270.75
1973-12-19,28114.69
1973-12-20,28010.5
1973-12-21,27685.85
1973-12-24,27685.42
1973-12-26,27684.98
1973-12-27,28981.26
1973-12-28,29045.63
1973-12-31,29110
1974-01-02,30211.7
1974-01-03,31443.03
1974-01-04,30729.39
1974-01-07,31506.86
1974-01-08,32802.94
1974-01-09,32154.14
1974-01-10,31116.4
1974-01-11,31634.51
1974-01-14,32347.08
1974-01-15,32541.04
1974-01-16,32734.99
1974-01-17,33278.98
1974-01-18,33706.27
1974-01-21,35844.78
1974-01-22,35623.83
1974-01-23,34871.38
1974-01-24,36556.06
1974-01-25,36529.55
1974-01-28,36166.01
1974-01-29,35646.93
1974-01-30,35140.82
1974-01-31,34349.56
1974-02-01,33830.54
1974-02-04,34607.71
1974-02-05,36292.18
1974-02-06,35773.15
1974-02-07,36031.8
1974-02-08,37068.12
1974-02-11,37585.97
1974-02-12,37974.19
1974-02-13,37325.56
1974-02-14,37843.38
1974-02-15,38594.46
1974-02-19,38749.37
1974-02-20,38878.35
1974-02-21,40627.26
1974-02-22,42246.52
1974-02-25,43930.53
1974-02-26,45355.3
1974-02-27,45095.41
1974-02-28,42114.25
1974-03-01,43409.41
1974-03-04,43019.98
1974-03-05,41205.2
1974-03-06,41463.7
1974-03-07,43017.93
1974-03-08,42758.1
1974-03-11,42886.99
1974-03-12,42238.47
1974-03-13,42626.5
1974-03-14,42625.82
1974-03-15,42456.71
1974-03-18,42494.91
1974-03-19,43789.81
1974-03-20,45602.89
1974-03-21,45343.06
1974-03-22,45990.1
1974-03-25,45795.05
1974-03-26,44628.39
1974-03-27,45081.09
1974-03-28,45209.92
1974-03-29,44820.58
1974-04-01,45104.85
1974-04-02,45855.45
1974-04-03,46502.4
1974-04-04,45659.7
1974-04-05,44881.79
1974-04-08,43261.96
1974-04-09,44038.44
1974-04-10,44879.65
1974-04-11,44943.7
1974-04-15,44942.99
1974-04-16,44618.48
1974-04-17,44009.04
1974-04-18,44034.24
1974-04-19,44551.59
1974-04-22,45263.19
1974-04-23,45249.53
1974-04-24,44225.71
1974-04-25,43771.74
1974-04-26,43771.04
1974-04-29,43835.1
1974-04-30,43834.4
1974-05-01,43898.46
1974-05-02,43936.61
1974-05-03,43767.57
1974-05-06,42989.94
1974-05-07,42212.33
1974-05-08,40852.06
1974-05-09,43052.63
1974-05-10,43427.44
1974-05-13,43116
1974-05-14,43050.58
1974-05-15,42570.84
1974-05-16,42466.58
1974-05-17,42854.32
1974-05-20,42180.4
1974-05-21,41687.76
1974-05-22,42204.96
1974-05-23,41298.05
1974-05-24,41879.96
1974-05-28,39872.69
1974-05-29,40260.42
1974-05-30,41942.7
1974-05-31,40582.78
1974-06-03,40258.51
1974-06-04,39998.97
1974-06-05,41875.31
1974-06-06,41162.7
1974-06-07,40255.95
1974-06-10,40747.18
1974-06-11,40707.7
1974-06-12,40512.9
1974-06-13,40641.7
1974-06-14,41547.08
1974-06-17,40769.83
1974-06-18,40251.48
1974-06-19,39759.02
1974-06-20,39279.52
1974-06-21,39796.58
1974-06-24,38825.3
1974-06-25,38759.98
1974-06-26,37918.16
1974-06-27,37399.9
1974-06-28,37334.61
1974-07-01,37010.49
1974-07-02,35457.01
1974-07-03,35327.05
1974-07-05,34679.47
1974-07-08,36490.53
1974-07-09,37654.55
1974-07-10,35907.09
1974-07-11,35453.64
1974-07-12,35453.07
1974-07-15,35905.38
1974-07-16,36487.06
1974-07-17,36421.78
1974-07-18,37262.21
1974-07-19,37649.76
1974-07-22,37002.26
1974-07-23,37260.43
1974-07-24,37324.53
1974-07-25,38552.99
1974-07-26,38552.38
1974-07-29,40751.07
1974-07-30,40621.05
1974-07-31,40361.67
1974-08-01,41240.71
1974-08-02,40489.75
1974-08-05,39738.82
1974-08-06,40100.39
1974-08-07,39970.4
1974-08-08,39323
1974-08-09,39904.46
1974-08-12,39386.42
1974-08-13,39191.78
1974-08-14,40419.94
1974-08-15,39578.56
1974-08-16,40224.64
1974-08-19,40159.34
1974-08-20,40352.7
1974-08-21,40222.73
1974-08-22,39963.42
1974-08-23,39833.46
1974-08-26,39832.82
1974-08-27,39702.87
1974-08-28,39922.09
1974-08-29,39973.18
1974-08-30,40347.58
1974-09-03,40799.56
1974-09-04,40579.07
1974-09-05,40733.6
1974-09-06,40603.64
1974-09-09,40215.07
1974-09-10,39955.81
1974-09-11,39541.4
1974-09-12,39928.68
1974-09-13,39566
1974-09-16,39500.72
1974-09-17,38207.11
1974-09-18,38271.15
1974-09-19,38658.43
1974-09-20,37752.77
1974-09-23,38269.33
1974-09-24,38139.43
1974-09-25,38074.18
1974-09-26,37595.23
1974-09-27,38460.82
1974-09-30,39106.61
1974-10-01,40269.49
1974-10-02,39816.39
1974-10-03,40242.36
1974-10-04,41107.84
1974-10-07,40719.38
1974-10-08,40098.25
1974-10-09,40252.73
1974-10-10,40911.34
1974-10-11,40587.53
1974-10-14,40031.07
1974-10-15,40069.21
1974-10-16,40068.58
1974-10-17,40067.94
1974-10-18,40131.93
1974-10-21,40583.67
1974-10-22,40841.52
1974-10-23,40789.17
1974-10-24,41874.17
1974-10-25,42196.61
1974-10-28,43294.47
1974-10-29,43487.64
1974-10-30,43422.33
1974-10-31,43163.18
1974-11-01,43356.34
1974-11-04,43743.34
1974-11-05,44905.68
1974-11-06,46003.38
1974-11-07,45808.82
1974-11-08,47294.13
1974-11-11,47034.94
1974-11-12,46517.33
1974-11-13,47873.35
1974-11-14,48647.86
1974-11-15,48453.28
1974-11-18,49227.76
1974-11-19,48516.34
1974-11-20,46642.1
1974-11-21,47158.17
1974-11-22,47028.22
1974-11-25,47479.67
1974-11-26,48060.3
1974-11-27,47607.36
1974-11-29,47542.01
1974-12-02,47993.42
1974-12-03,47282.12
1974-12-04,45020.61
1974-12-05,46117.96
1974-12-06,46737.3
1974-12-09,46633.22
1974-12-10,45986.59
1974-12-11,45146.22
1974-12-12,45403.85
1974-12-13,46436.5
1974-12-16,47275.37
1974-12-17,48695.46
1974-12-18,48307.19
1974-12-19,48112.68
1974-12-20,48434.82
1974-12-23,49854.8
1974-12-24,49854.01
1974-12-26,49853.22
1974-12-27,50369.04
1974-12-30,50432.82
1974-12-31,48171.91
1975-01-02,45200.76
1975-01-03,44941.75
1975-01-06,44811.89
1975-01-07,43778.05
1975-01-08,46489.27
1975-01-09,46230.26
1975-01-10,45777.56
1975-01-13,46551.63
1975-01-14,45737.36
1975-01-15,46033.63
1975-01-16,45451.83
1975-01-17,44870.05
1975-01-20,45192.14
1975-01-21,45385.11
1975-01-22,45319.83
1975-01-23,44931.76
1975-01-24,45834.85
1975-01-27,46221.46
1975-01-28,45575.17
1975-01-29,45961.77
1975-01-30,45767.38
1975-01-31,45392.25
1975-02-03,45507.73
1975-02-04,44990.6
1975-02-05,45183.54
1975-02-06,44769.71
1975-02-07,45053.01
1975-02-10,44923.2
1975-02-11,45051.58
1975-02-12,45154.13
1975-02-13,46108.65
1975-02-14,47502.02
1975-02-18,46726.78
1975-02-19,47565.05
1975-02-20,47435.22
1975-02-21,47692.62
1975-02-24,47820.93
1975-02-25,47755.64
1975-02-26,47238.6
1975-02-27,47044.25
1975-02-28,46914.44
1975-03-03,46939.51
1975-03-04,46396.71
1975-03-05,46073.32
1975-03-06,46588.82
1975-03-07,45942.81
1975-03-10,45490.39
1975-03-11,46173.64
1975-03-12,45811.57
1975-03-13,46133.46
1975-03-14,45939.16
1975-03-17,45873.91
1975-03-18,46066.74
1975-03-19,46066.01
1975-03-20,45742.69
1975-03-21,45483.89
1975-03-24,45676.72
1975-03-25,45611.48
1975-03-26,45868.81
1975-03-27,45739.06
1975-03-31,45738.33
1975-04-01,45737.61
1975-04-02,45736.88
1975-04-03,45310.39
1975-04-04,44806.51
1975-04-07,44534.87
1975-04-08,44895.4
1975-04-09,44662.47
1975-04-10,44506.95
1975-04-11,44351.44
1975-04-14,43215.5
1975-04-15,42311.81
1975-04-16,42956.13
1975-04-17,43213.44
1975-04-18,43922.23
1975-04-21,42721.9
1975-04-22,42695.42
1975-04-23,43339.69
1975-04-24,43132.62
1975-04-25,42848.17
1975-04-28,42950.68
1975-04-29,43091.87
1975-04-30,43078.29
1975-05-01,42819.65
1975-05-02,42690
1975-05-05,42173.43
1975-05-06,42301.73
1975-05-07,42623.48
1975-05-08,42880.74
1975-05-09,42751.09
1975-05-12,42660.14
1975-05-13,42685.26
1975-05-14,43006.97
1975-05-15,42812.86
1975-05-16,42747.7
1975-05-19,43262.83
1975-05-20,43042.93
1975-05-21,43454.88
1975-05-22,45066.02
1975-05-23,44717.15
1975-05-27,44355.41
1975-05-28,44096.82
1975-05-29,43386.96
1975-05-30,43063.93
1975-06-02,41709.44
1975-06-03,42611.3
1975-06-04,42739.56
1975-06-05,42416.56
1975-06-06,42609.28
1975-06-09,42634.38
1975-06-10,42775.52
1975-06-11,42478.33
1975-06-12,42671.03
1975-06-13,42373.85
1975-06-16,42282.93
1975-06-17,42282.26
1975-06-18,42217.14
1975-06-19,41984.43
1975-06-20,41893.53
1975-06-23,41867.09
1975-06-24,41866.42
1975-06-25,42278.24
1975-06-26,42277.56
1975-06-27,42405.79
1975-06-30,42856.24
1975-07-01,42920.01
1975-07-02,42532.66
1975-07-03,42274.21
1975-07-07,41886.88
1975-07-08,42272.87
1975-07-09,42749.05
1975-07-10,42078.21
1975-07-11,42605.93
1975-07-14,42978.99
1975-07-15,42527.26
1975-07-16,42294.62
1975-07-17,42293.94
1975-07-18,42267.5
1975-07-21,42331.26
1975-07-22,42588.31
1975-07-23,42329.92
1975-07-24,42483.87
1975-07-25,42844
1975-07-28,43036.6
1975-07-29,43396.7
1975-07-30,43099.66
1975-07-31,42957.24
1975-08-01,42969.44
1975-08-04,42904.34
1975-08-05,42787.7
1975-08-06,42477.81
1975-08-07,42593.09
1975-08-08,42347.62
1975-08-11,41715.66
1975-08-12,42127.26
1975-08-13,41817.4
1975-08-14,41687.91
1975-08-15,41764.55
1975-08-18,41660.82
1975-08-19,41569.99
1975-08-20,41917.14
1975-08-21,41710.37
1975-08-22,41722.59
1975-08-25,41721.92
1975-08-26,41695.5
1975-08-27,41578.91
1975-08-28,41707.06
1975-08-29,41165.41
1975-09-02,38447.02
1975-09-03,38729.77
1975-09-04,39476.19
1975-09-05,39475.56
1975-09-08,39217.35
1975-09-09,38250.78
1975-09-10,38610.78
1975-09-11,38030.62
1975-09-12,38120.17
1975-09-15,38183.96
1975-09-16,37887.15
1975-09-17,36804.8
1975-09-18,35928.52
1975-09-19,34897.74
1975-09-22,35180.49
1975-09-23,33158.21
1975-09-24,34187.85
1975-09-25,34637.99
1975-09-26,35101
1975-09-29,35860.15
1975-09-30,36374.62
1975-10-01,36953.46
1975-10-02,37249.02
1975-10-03,35767.74
1975-10-06,36243.56
1975-10-07,36693.61
1975-10-08,35869.04
1975-10-09,36048.71
1975-10-10,36627.49
1975-10-13,36562.54
1975-10-14,36175.74
1975-10-15,36754.49
1975-10-16,36882.64
1975-10-17,37306.88
1975-10-20,37267.67
1975-10-21,37653.27
1975-10-22,37202.12
1975-10-23,37111.43
1975-10-24,36943.49
1975-10-27,36788.44
1975-10-28,36736.37
1975-10-29,36748.66
1975-10-30,37005.51
1975-10-31,36786.1
1975-11-03,36875.62
1975-11-04,37068.1
1975-11-05,37556.6
1975-11-06,37556.01
1975-11-07,37220.78
1975-11-10,37117.23
1975-11-11,37129.51
1975-11-12,37025.96
1975-11-13,37025.37
1975-11-14,36548.62
1975-11-17,36548.03
1975-11-18,35839.66
1975-11-19,36482.53
1975-11-20,36649.24
1975-11-21,36378.42
1975-11-24,36184.82
1975-11-25,36390.14
1975-11-26,36183.68
1975-11-28,35552.59
1975-12-01,35487.69
1975-12-02,35847.41
1975-12-03,35885.44
1975-12-04,35730.47
1975-12-05,35511.17
1975-12-08,35317.61
1975-12-09,35317.05
1975-12-10,35869.72
1975-12-11,36075.01
1975-12-12,35688.47
1975-12-15,35546.38
1975-12-16,35713.06
1975-12-17,35725.36
1975-12-18,35737.66
1975-12-19,35788.55
1975-12-22,36637.03
1975-12-23,36224.79
1975-12-24,36224.22
1975-12-26,36223.64
1975-12-29,36467.48
1975-12-30,36209.63
1975-12-31,36080.43
1976-01-02,36105.58
1976-01-05,35654.81
1976-01-06,35757.15
1976-01-07,35589.37
1976-01-08,34932.84
1976-01-09,35125.21
1976-01-12,35150.38
1976-01-13,33953.7
1976-01-14,33528.74
1976-01-15,34081.24
1976-01-16,33643.43
1976-01-19,33154.19
1976-01-20,32047.66
1976-01-21,32124.32
1976-01-22,32445.31
1976-01-23,33177.8
1976-01-26,32315.68
1976-01-27,32469.48
1976-01-28,32944.76
1976-01-29,33072.82
1976-01-30,32956.57
1976-02-02,33534.68
1976-02-03,33868.47
1976-02-04,33366.46
1976-02-05,33108.77
1976-02-06,33583.98
1976-02-09,33454.88
1976-02-10,33300.06
1976-02-11,33646.67
1976-02-12,33761.85
1976-02-13,33709.89
1976-02-17,33465.08
1976-02-18,33734.53
1976-02-19,33682.57
1976-02-20,33874.87
1976-02-23,33848.62
1976-02-24,34053.78
1976-02-25,34297.49
1976-02-26,33988.42
1976-02-27,34013.59
1976-03-01,34013.05
1976-03-02,33781.13
1976-03-03,33999.11
1976-03-04,33998.58
1976-03-05,34370.8
1976-03-08,34126.03
1976-03-09,34164.05
1976-03-10,34420.58
1976-03-11,34355.76
1976-03-12,34278.1
1976-03-15,34393.23
1976-03-16,34058.52
1976-03-17,34276.47
1976-03-18,34507.26
1976-03-19,34339.64
1976-03-22,34377.65
1976-03-23,34210.03
1976-03-24,34338
1976-03-25,34106.14
1976-03-26,33874.28
1976-03-29,33436.82
1976-03-30,33076.48
1976-03-31,33307.26
1976-04-01,33203.93
1976-04-02,33177.71
1976-04-05,32701.74
1976-04-06,32971.06
1976-04-07,32816.35
1976-04-08,32944.32
1976-04-09,32815.31
1976-04-12,32686.3
1976-04-13,32917.05
1976-04-14,32813.74
1976-04-15,32826.07
1976-04-19,32825.55
1976-04-20,32850.72
1976-04-21,32696.03
1976-04-22,32708.36
1976-04-23,32733.54
1976-04-26,32835.79
1976-04-27,33066.51
1976-04-28,32886.13
1976-04-29,32859.92
1976-04-30,32987.86
1976-05-03,32974.49
1976-05-04,32819.82
1976-05-05,32690.84
1976-05-06,32600.41
1976-05-07,32946.7
1976-05-10,32997.56
1976-05-11,32842.9
1976-05-12,32855.23
1976-05-13,32803.33
1976-05-14,32802.81
1976-05-17,32802.29
1976-05-18,32750.39
1976-05-19,32570.07
1976-05-20,32274.16
1976-05-21,32312.17
1976-05-24,32157.55
1976-05-25,31977.24
1976-05-26,32297.79
1976-05-27,32412.86
1976-05-28,32232.56
1976-06-01,32527.4
1976-06-02,32591.1
1976-06-03,32667.63
1976-06-04,32513.01
1976-06-07,32640.91
1976-06-08,32717.43
1976-06-09,32614.19
1976-06-10,32523.79
1976-06-11,32227.95
1976-06-14,32304.48
1976-06-15,32278.29
1976-06-16,32098.03
1976-06-17,32302.94
1976-06-18,32315.27
1976-06-21,32301.92
1976-06-22,32147.34
1976-06-23,32018.45
1976-06-24,31966.59
1976-06-25,32055.94
1976-06-28,31811.52
1976-06-29,31759.66
1976-06-30,31784.83
1976-07-01,31553.26
1976-07-02,31642.62
1976-07-06,31654.95
1976-07-07,31654.45
1976-07-08,31602.6
1976-07-09,31448.07
1976-07-12,31280.7
1976-07-13,31382.89
1976-07-14,31369.56
1976-07-15,31163.69
1976-07-16,30251.9
1976-07-19,29301.64
1976-07-20,27658.33
1976-07-21,29005.51
1976-07-22,28684.2
1976-07-23,28491.23
1976-07-26,29004.13
1976-07-27,29298.85
1976-07-28,29259.88
1976-07-29,28810.25
1976-07-30,28873.96
1976-08-02,28719.51
1976-08-03,28642.06
1976-08-04,29103.57
1976-08-05,28897.79
1976-08-06,28948.66
1976-08-09,28922.54
1976-08-10,29101.72
1976-08-11,29139.75
1976-08-12,29049.47
1976-08-13,29100.34
1976-08-16,29035.72
1976-08-17,28778.65
1976-08-18,27738.93
1976-08-19,28084.9
1976-08-20,27968.99
1976-08-23,27352.71
1976-08-24,26890.41
1976-08-25,26556.42
1976-08-26,26940.87
1976-08-27,26735.18
1976-08-30,26734.76
1976-08-31,26683.02
1976-09-01,27118.76
1976-09-02,27220.96
1976-09-03,27554.05
1976-09-07,28413.07
1976-09-08,28630.69
1976-09-09,28732.86
1976-09-10,29681.61
1976-09-13,29347.64
1976-09-14,28628.87
1976-09-15,28538.63
1976-09-16,29243.63
1976-09-17,30654.04
1976-09-20,29601.83
1976-09-21,30755.67
1976-09-22,30267.82
1976-09-23,30203.21
1976-09-24,30561.83
1976-09-27,30497.22
1976-09-28,29817.03
1976-09-29,29803.73
1976-09-30,29751.96
1976-10-01,29751.49
1976-10-04,29327.83
1976-10-05,29353.01
1976-10-06,29557.72
1976-10-07,29621.37
1976-10-08,29236.2
1976-10-11,29363.97
1976-10-12,29414.79
1976-10-13,29401.5
1976-10-14,29452.32
1976-10-15,29669.83
1976-10-18,29797.58
1976-10-19,29591.96
1976-10-20,29463.28
1976-10-21,29744.88
1976-10-22,29616.19
1976-10-25,29705.47
1976-10-26,30115.26
1976-10-27,30217.34
1976-10-28,31473.25
1976-10-29,31575.31
1976-11-01,31433.79
1976-11-03,32266.57
1976-11-04,31791.74
1976-11-05,32560.39
1976-11-08,33713.59
1976-11-09,33469.49
1976-11-10,34930.29
1976-11-11,34147.81
1976-11-12,34762.54
1976-11-15,35595.16
1976-11-16,34146.18
1976-11-17,33645.75
1976-11-18,32978.71
1976-11-19,33375.52
1976-11-22,34323.45
1976-11-23,34207.55
1976-11-24,33514.91
1976-11-26,33386.22
1976-11-29,33231.89
1976-11-30,33385.16
1976-12-01,33448.71
1976-12-02,33537.89
1976-12-03,33588.61
1976-12-06,34344.18
1976-12-07,34561.49
1976-12-08,34765.98
1976-12-09,34983.27
1976-12-10,35277.45
1976-12-13,34700.25
1976-12-14,34494.67
1976-12-15,34545.38
1976-12-16,34442.32
1976-12-17,33801.11
1976-12-20,33915.89
1976-12-21,34235.68
1976-12-22,34235.13
1976-12-23,33914.28
1976-12-27,33913.74
1976-12-28,33913.2
1976-12-29,34399.52
1976-12-30,34527.09
1976-12-31,34462.48
1977-01-03,34461.93
1977-01-04,34768.85
1977-01-05,34089.32
1977-01-06,33973.49
1977-01-07,34024.19
1977-01-10,33562.48
1977-01-11,33241.69
1977-01-12,33433.31
1977-01-13,33868.31
1977-01-14,33675.63
1977-01-17,33708.4
1977-01-18,34020.41
1977-01-19,33994.25
1977-01-20,34096.18
1977-01-21,33865.09
1977-01-24,33890.17
1977-01-25,34197.02
1977-01-26,33850.67
1977-01-27,33888.55
1977-01-28,33631.86
1977-01-31,33887.48
1977-02-01,33963.78
1977-02-02,33835.17
1977-02-03,34065.15
1977-02-04,33923.74
1977-02-07,34384.23
1977-02-08,34498.94
1977-02-09,34856.95
1977-02-10,34792.37
1977-02-11,34574.13
1977-02-14,34944.93
1977-02-15,34803.52
1977-02-16,34802.97
1977-02-17,34930.46
1977-02-18,34981.13
1977-02-22,35364.7
1977-02-23,35633.02
1977-02-24,36170.21
1977-02-25,35831.63
1977-02-28,36553.17
1977-03-01,36206.9
1977-03-02,37140.95
1977-03-03,37050.74
1977-03-04,37229.39
1977-03-07,37971.33
1977-03-08,37957.93
1977-03-09,37355.63
1977-03-10,37649.48
1977-03-11,37456.86
1977-03-14,37315.45
1977-03-15,37494.07
1977-03-16,37762.3
1977-03-17,38120.12
1977-03-18,38413.93
1977-03-21,38912.53
1977-03-22,38502.31
1977-03-23,39116.1
1977-03-24,39102.68
1977-03-25,39306.85
1977-03-28,38397.47
1977-03-29,37987.29
1977-03-30,38255.46
1977-03-31,38114.07
1977-04-01,37959.88
1977-04-04,38471.21
1977-04-05,38048.27
1977-04-06,38034.86
1977-04-07,38059.86
1977-04-11,38059.25
1977-04-12,38314.59
1977-04-13,38953.84
1977-04-14,38914.83
1977-04-15,38555.91
1977-04-18,38644.87
1977-04-19,38503.5
1977-04-20,38259.76
1977-04-21,37900.87
1977-04-22,38309.73
1977-04-25,38066.01
1977-04-26,37655.95
1977-04-27,37744.92
1977-04-28,37258.11
1977-04-29,37679.75
1977-05-02,37960.63
1977-05-03,37934.44
1977-05-04,37895.45
1977-05-05,37600.59
1977-05-06,37932.63
1977-05-09,37688.95
1977-05-10,37739.53
1977-05-11,37790.1
1977-05-12,37661.57
1977-05-13,37904.04
1977-05-16,37775.51
1977-05-17,37813.29
1977-05-18,37582.43
1977-05-19,37569.04
1977-05-20,37696.36
1977-05-23,37478.31
1977-05-24,37042.81
1977-05-25,37029.43
1977-05-26,36760.24
1977-05-27,36938.72
1977-05-31,36567.21
1977-06-01,36796.86
1977-06-02,36310.25
1977-06-03,36181.78
1977-06-06,36181.2
1977-06-07,36180.63
1977-06-08,36397.47
1977-06-09,35962.07
1977-06-10,35808.03
1977-06-13,35398.23
1977-06-14,35065.17
1977-06-15,35524.99
1977-06-16,35767.39
1977-06-17,35485.5
1977-06-20,35766.26
1977-06-21,36136.52
1977-06-22,35662.83
1977-06-23,35841.28
1977-06-24,36006.94
1977-06-27,36441.11
1977-06-28,36568.39
1977-06-29,36401.59
1977-06-30,36567.23
1977-07-01,36451.58
1977-07-05,36118.58
1977-07-06,35939.01
1977-07-07,36168.57
1977-07-08,36321.42
1977-07-11,36026.79
1977-07-12,36256.34
1977-07-13,36511.45
1977-07-15,36971.1
1977-07-18,36702.05
1977-07-19,37200.03
1977-07-20,37046.04
1977-07-21,36815.35
1977-07-22,36993.73
1977-07-25,37427.76
1977-07-26,37235.43
1977-07-27,37273.19
1977-07-28,36901.91
1977-07-29,36837.41
1977-08-01,36862.39
1977-08-02,37270.82
1977-08-03,37321.35
1977-08-04,37512.48
1977-08-05,37179.58
1977-08-08,37268.45
1977-08-09,37446.79
1977-08-10,37280.05
1977-08-11,37151.66
1977-08-12,37036.05
1977-08-15,36843.76
1977-08-16,36625.92
1977-08-17,36727.57
1977-08-18,36688.65
1977-08-19,36930.87
1977-08-22,36828.06
1977-08-23,36648.57
1977-08-24,36865.22
1977-08-25,36851.86
1977-08-26,37055.72
1977-08-29,37055.13
1977-08-30,37348.43
1977-08-31,37309.51
1977-09-01,37163.25
1977-09-02,37410.54
1977-09-06,37639.93
1977-09-07,37728.77
1977-09-08,37689.84
1977-09-09,37676.46
1977-09-12,37893.06
1977-09-13,37688.04
1977-09-14,37789.65
1977-09-15,37789.05
1977-09-16,37890.65
1977-09-19,38260.53
1977-09-20,38298.24
1977-09-21,38655.32
1977-09-22,38731.36
1977-09-23,38551.9
1977-09-26,39087.8
1977-09-27,39010.54
1977-09-28,39303.71
1977-09-29,39085.94
1977-09-30,39353.55
1977-10-03,39710.57
1977-10-04,39556.67
1977-10-05,39607.13
1977-10-06,39338.28
1977-10-07,39324.89
1977-10-10,40141.67
1977-10-11,40064.4
1977-10-12,40293.65
1977-10-13,40344.1
1977-10-14,40305.14
1977-10-17,40917.51
1977-10-18,40942.4
1977-10-19,41273.79
1977-10-20,40890.02
1977-10-21,41170.32
1977-10-24,41693.23
1977-10-25,41590.41
1977-10-26,41602.52
1977-10-27,40899.55
1977-10-28,41167.05
1977-10-31,41243.01
1977-11-01,41497.73
1977-11-02,41241.7
1977-11-03,41943.3
1977-11-04,42363.99
1977-11-07,42490.99
1977-11-08,42081.75
1977-11-09,42770.53
1977-11-10,42616.64
1977-11-11,42884.07
1977-11-14,42181.21
1977-11-15,41529.44
1977-11-16,40915.99
1977-11-17,40506.82
1977-11-18,41067.88
1977-11-21,40262.98
1977-11-22,39866.61
1977-11-23,40670.2
1977-11-25,40337.66
1977-11-28,41256.1
1977-11-29,40642.73
1977-11-30,40859.09
1977-12-01,40922.26
1977-12-02,40525.92
1977-12-05,40716.74
1977-12-06,40805.44
1977-12-07,40919.66
1977-12-08,41072.17
1977-12-09,40471.65
1977-12-12,40534.82
1977-12-13,40227.87
1977-12-14,40865.36
1977-12-15,40545.65
1977-12-16,40838.54
1977-12-19,40863.42
1977-12-20,40709.63
1977-12-21,40913.17
1977-12-22,40682.81
1977-12-23,40682.17
1977-12-27,40681.52
1977-12-28,42059.04
1977-12-29,42364.63
1977-12-30,42095.99
1978-01-03,43179.94
1978-01-04,43855.54
1978-01-05,42285.38
1978-01-06,43356.52
1978-01-09,43445.15
1978-01-10,44171.73
1978-01-11,43928.61
1978-01-12,44285.16
1978-01-13,44003.77
1978-01-16,44628.23
1978-01-17,44129.95
1978-01-18,43874.09
1978-01-19,44256.13
1978-01-20,44153.37
1978-01-23,44701.23
1978-01-24,45019.45
1978-01-25,45286.64
1978-01-26,44852.19
1978-01-27,45004.55
1978-01-30,44697.69
1978-01-31,44837.29
1978-02-01,45002.41
1978-02-02,44606.27
1978-02-03,44707.6
1978-02-06,44796.18
1978-02-07,44693.43
1978-02-08,44565.17
1978-02-09,44092.54
1978-02-10,44538.25
1978-02-13,45149.75
1978-02-14,45251.07
1978-02-15,45556.44
1978-02-16,45747.03
1978-02-17,45771.81
1978-02-21,46281.21
1978-02-22,46203.96
1978-02-23,46726.1
1978-02-24,46100.47
1978-02-27,46112.49
1978-02-28,46481.58
1978-03-01,46544.6
1978-03-02,46990.18
1978-03-03,46785.41
1978-03-06,47026.94
1978-03-07,47498
1978-03-08,48453.58
1978-03-09,48019.28
1978-03-10,47406.48
1978-03-13,47558.73
1978-03-14,47953.24
1978-03-15,47518.97
1978-03-16,46982.72
1978-03-17,46714.23
1978-03-20,46152.51
1978-03-21,45208.33
1978-03-22,45730.33
1978-03-23,45716.85
1978-03-27,45716.13
1978-03-28,46862.77
1978-03-29,46250.1
1978-03-30,45828.68
1978-03-31,46299.63
1978-04-03,46757.81
1978-04-04,46017.71
1978-04-05,45481.59
1978-04-06,46143.72
1978-04-07,45658.61
1978-04-10,45555.91
1978-04-11,45784.62
1978-04-12,45885.87
1978-04-13,45528.25
1978-04-14,45502.03
1978-04-17,44430.67
1978-04-18,44226.04
1978-04-19,44518.48
1978-04-20,42962.88
1978-04-21,43561.2
1978-04-24,42948.77
1978-04-25,42731.43
1978-04-26,43049.36
1978-04-27,43303.56
1978-04-28,43545
1978-05-01,43544.31
1978-05-02,43046.63
1978-05-03,43440.98
1978-05-04,44166.65
1978-05-05,44038.52
1978-05-08,43884.91
1978-05-09,44011.63
1978-05-10,44329.49
1978-05-11,44685.56
1978-05-12,44519.21
1978-05-15,44658.66
1978-05-16,44798.11
1978-05-17,45230.6
1978-05-18,45331.81
1978-05-19,45560.42
1978-05-22,45661.63
1978-05-23,45801.05
1978-05-24,45711.14
1978-05-25,45506.57
1978-05-26,45722.43
1978-05-30,46447.86
1978-05-31,46918.48
1978-06-01,46624.73
1978-06-02,47069.86
1978-06-05,46635.99
1978-06-06,46125.71
1978-06-07,46609.03
1978-06-08,46519.13
1978-06-09,46187.2
1978-06-12,45995.4
1978-06-13,46453.22
1978-06-14,46796.39
1978-06-15,46400.8
1978-06-16,47024.17
1978-06-19,47023.43
1978-06-20,47506.67
1978-06-21,47467.71
1978-06-22,47199.49
1978-06-23,47262.43
1978-06-26,47185.26
1978-06-27,46929.8
1978-06-28,47209.23
1978-06-29,46941.05
1978-06-30,46621.93
1978-07-03,46672.13
1978-07-05,46913.34
1978-07-06,46543.3
1978-07-07,46848.18
1978-07-10,47382.26
1978-07-11,47241.44
1978-07-12,47444.43
1978-07-13,47545.54
1978-07-14,47366.52
1978-07-17,47123.84
1978-07-18,47072.16
1978-07-19,47287.87
1978-07-20,47974.67
1978-07-21,48826.96
1978-07-24,49704.69
1978-07-25,49220.09
1978-07-26,49473.94
1978-07-27,49409.5
1978-07-28,51254.73
1978-07-31,50986.56
1978-08-01,52220.63
1978-08-02,51748.78
1978-08-03,51480.62
1978-08-04,51314.31
1978-08-07,51949.99
1978-08-08,52687.49
1978-08-09,52941.24
1978-08-10,52571.25
1978-08-11,53754.23
1978-08-14,54351.63
1978-08-15,54274.4
1978-08-16,54922.69
1978-08-17,53203.5
1978-08-18,53902.7
1978-08-21,52158.12
1978-08-22,52793.68
1978-08-23,50960.08
1978-08-24,51672
1978-08-25,50398.47
1978-08-28,50397.67
1978-08-29,50829.57
1978-08-30,52126.87
1978-08-31,53118.69
1978-09-01,52939.68
1978-09-05,53307.89
1978-09-06,53956.06
1978-09-07,53573.44
1978-09-08,52401.86
1978-09-11,52337.4
1978-09-12,52934.64
1978-09-13,53366.44
1978-09-14,53251.07
1978-09-15,53988.24
1978-09-18,53440.24
1978-09-19,53808.39
1978-09-20,54354.65
1978-09-21,54875.45
1978-09-22,54543.77
1978-09-25,55573.48
1978-09-26,55534.43
1978-09-27,54655.68
1978-09-28,55443.61
1978-09-29,55239.17
1978-10-02,55238.29
1978-10-03,56331.5
1978-10-04,56864.91
1978-10-05,56660.46
1978-10-06,56761.34
1978-10-09,56595.06
1978-10-10,57319.25
1978-10-11,57572.75
1978-10-12,57381.03
1978-10-13,57113
1978-10-16,56832.25
1978-10-17,57937.97
1978-10-18,58255.05
1978-10-19,57401.92
1978-10-20,57986.09
1978-10-23,57679.91
1978-10-24,57437.34
1978-10-25,58733.73
1978-10-26,59445.03
1978-10-27,59647.58
1978-10-30,61745.11
1978-10-31,61705.97
1978-11-01,57864.27
1978-11-02,56337.26
1978-11-03,54734
1978-11-06,53410.56
1978-11-07,55024.74
1978-11-08,55646.98
1978-11-09,54349.03
1978-11-10,52453.45
1978-11-13,52923.11
1978-11-14,53659.79
1978-11-15,51916.9
1978-11-16,49919.76
1978-11-17,50338.57
1978-11-20,50566.64
1978-11-21,50909.13
1978-11-22,50603.18
1978-11-24,51543.24
1978-11-27,50449
1978-11-28,49876.07
1978-11-29,49735.43
1978-11-30,49175.24
1978-12-01,49492.3
1978-12-04,50661.12
1978-12-05,49935.68
1978-12-06,49896.75
1978-12-07,50417.17
1978-12-08,51357.08
1978-12-11,52627.48
1978-12-12,51330.03
1978-12-13,51570.74
1978-12-14,51862.28
1978-12-15,52268.22
1978-12-18,54123.22
1978-12-19,54986.7
1978-12-20,55062.1
1978-12-21,54044.38
1978-12-22,54679.04
1978-12-26,54678.17
1978-12-27,56049.98
1978-12-28,56087.22
1978-12-29,57446.25
1979-01-02,57648.68
1979-01-03,55563.47
1979-01-04,56719.1
1979-01-05,57315.51
1979-01-08,56704.59
1979-01-09,56932.44
1979-01-10,56092.8
1979-01-11,56079.2
1979-01-12,55303.14
1979-01-15,55111.65
1979-01-16,56076.53
1979-01-17,57752.98
1979-01-18,58895.69
1979-01-19,58589.79
1979-01-22,59719.74
1979-01-23,58448.16
1979-01-24,59997.38
1979-01-25,59424.66
1979-01-26,59830.3
1979-01-29,59765.82
1979-01-30,59332.9
1979-01-31,59382.77
1979-02-01,58276.5
1979-02-02,58516.97
1979-02-05,61768.39
1979-02-06,62123.13
1979-02-07,63926.13
1979-02-08,63645.63
1979-02-09,62691.84
1979-02-12,62055.67
1979-02-13,61127.35
1979-02-14,61139.08
1979-02-15,62941.92
1979-02-16,62763.08
1979-02-20,62749.38
1979-02-21,63701.06
1979-02-22,64106.52
1979-02-23,63762.55
1979-02-26,63151.85
1979-02-27,62973.03
1979-02-28,63835.72
1979-03-01,63199.65
1979-03-02,62995.43
1979-03-05,60492.4
1979-03-06,60897.85
1979-03-07,61531.9
1979-03-08,60756.22
1979-03-09,61212.45
1979-03-12,60957.48
1979-03-13,60727.93
1979-03-14,60828.56
1979-03-15,60979.98
1979-03-16,61969.52
1979-03-19,61524.09
1979-03-20,61485.01
1979-03-21,60925.32
1979-03-22,61673.53
1979-03-23,61583.67
1979-03-26,62281.06
1979-03-27,62051.52
1979-03-28,62063.23
1979-03-29,61325.82
1979-03-30,60969.33
1979-04-02,60866.79
1979-04-03,60942
1979-04-04,60877.56
1979-04-05,61105.12
1979-04-06,60875.62
1979-04-09,60988.92
1979-04-10,60873.69
1979-04-11,60517.26
1979-04-12,59399.13
1979-04-16,59398.19
1979-04-17,58876.77
1979-04-18,59205.89
1979-04-19,61159.86
1979-04-20,60016.43
1979-04-23,60129.72
1979-04-24,60852.3
1979-04-25,61384.46
1979-04-26,61485.03
1979-04-27,61864.85
1979-04-30,62270.03
1979-05-01,62776.75
1979-05-02,62521.91
1979-05-03,62571.68
1979-05-04,63065.68
1979-05-07,63064.68
1979-05-08,63190.59
1979-05-09,62935.76
1979-05-10,64026.21
1979-05-11,63834.82
1979-05-14,63706.9
1979-05-15,64848.05
1979-05-16,65100.83
1979-05-17,65175.93
1979-05-18,65073.38
1979-05-21,66493.61
1979-05-22,67355.45
1979-05-23,67037.14
1979-05-24,66934.56
1979-05-25,68671.9
1979-05-29,69482.89
1979-05-30,68580.9
1979-05-31,69683.7
1979-06-01,69809.47
1979-06-04,69250.09
1979-06-05,69718.44
1979-06-06,71049.54
1979-06-07,70046.1
1979-06-08,71047.28
1979-06-11,71642.44
1979-06-12,70474.12
1979-06-13,70181.21
1979-06-14,70789.04
1979-06-15,71041.64
1979-06-18,70533.07
1979-06-19,71115.5
1979-06-20,71380.77
1979-06-21,71620.66
1979-06-22,71911.28
1979-06-25,72011.62
1979-06-26,71401.61
1979-06-27,71489.27
1979-06-28,69991.37
1979-06-29,70396.16
1979-07-02,71663.44
1979-07-03,71370.57
1979-07-05,73119.78
1979-07-06,73625.95
1979-07-09,73015.99
1979-07-10,73687.03
1979-07-11,73635.13
1979-07-12,73748.1
1979-07-13,72909.89
1979-07-16,74265.73
1979-07-17,75152.29
1979-07-18,76634.87
1979-07-19,75872.76
1979-07-20,75770.1
1979-07-23,77328.68
1979-07-24,77416.22
1979-07-25,76933.13
1979-07-26,77401.09
1979-07-27,77552.02
1979-07-30,76434.93
1979-07-31,75178.4
1979-08-01,73566.88
1979-08-02,73920.74
1979-08-03,72651.63
1979-08-06,71686.86
1979-08-07,72294.31
1979-08-08,73282.11
1979-08-09,75334.87
1979-08-10,77019.9
1979-08-13,75750.86
1979-08-14,74038.13
1979-08-15,76534.47
1979-08-16,75519.05
1979-08-17,76202.43
1979-08-20,75744.84
1979-08-21,76187.34
1979-08-22,78848.25
1979-08-23,78606.14
1979-08-24,79796.47
1979-08-27,79795.2
1979-08-28,80300.98
1979-08-29,79906.75
1979-08-30,80906.85
1979-08-31,79878.87
1979-09-04,82387.28
1979-09-05,83399.97
1979-09-06,85046.37
1979-09-07,83435.34
1979-09-10,85246.45
1979-09-11,86056.25
1979-09-12,85446.53
1979-09-13,84393.25
1979-09-14,87649.02
1979-09-17,89155.76
1979-09-18,95237.47
1979-09-19,93525.1
1979-09-20,96311.63
1979-09-21,93522.13
1979-09-24,96409.95
1979-09-25,95470.68
1979-09-26,94721.51
1979-09-27,100232.23
1979-09-28,100674.15
1979-10-01,105107.53
1979-10-02,107956.88
1979-10-03,101873.09
1979-10-04,97309.99
1979-10-05,97561.86
1979-10-08,94266.01
1979-10-09,97761.48
1979-10-10,104652.39
1979-10-11,101736.68
1979-10-12,100088.02
1979-10-15,102088.2
1979-10-16,99894.81
1979-10-17,97802.84
1979-10-18,96407.73
1979-10-19,99573.34
1979-10-22,99318.39
1979-10-23,97543.27
1979-10-24,100075.31
1979-10-25,99262.99
1979-10-26,95005.11
1979-10-29,94750.26
1979-10-30,95660.79
1979-10-31,96773.96
1979-11-01,95885.75
1979-11-02,94440.24
1979-11-05,96516.03
1979-11-06,97350.46
1979-11-07,100059.43
1979-11-08,98664.6
1979-11-09,98663.04
1979-11-12,99611.37
1979-11-13,98077.31
1979-11-14,98784.99
1979-11-15,97770.24
1979-11-16,98870.51
1979-11-19,98742.29
1979-11-20,98208.83
1979-11-21,100334.81
1979-11-23,99282.13
1979-11-26,100103.68
1979-11-27,99722.2
1979-11-28,104140.05
1979-11-29,104265.02
1979-11-30,105263.73
1979-12-03,108579.64
1979-12-04,109198.37
1979-12-05,107981.07
1979-12-06,109840.67
1979-12-07,108990.58
1979-12-10,109178.78
1979-12-11,112810.85
1979-12-12,112998.98
1979-12-13,116175.08
1979-12-14,115666.81
1979-12-17,118880.75
1979-12-18,120967.82
1979-12-19,123687.84
1979-12-20,119381.49
1979-12-21,119784.7
1979-12-24,119782.8
1979-12-26,119780.9
1979-12-27,119779
1979-12-28,129625.76
1979-12-31,129623.71
1980-01-02,141647.29
1980-01-03,160506.03
1980-01-04,148857.93
1980-01-07,160374.34
1980-01-08,154422.62
1980-01-09,153711.35
1980-01-10,152607.71
1980-01-11,157706.14
1980-01-14,167069.81
1980-01-15,173142.42
1980-01-16,192377.72
1980-01-17,189843.38
1980-01-18,211355.95
1980-01-21,215149.41
1980-01-22,186670.34
1980-01-23,175910.1
1980-01-24,181475.69
1980-01-25,169070.7
1980-01-28,157931.63
1980-01-29,170647.17
1980-01-30,174883.75
1980-01-31,165263.63
1980-02-01,171208.48
1980-02-04,169497.47
1980-02-05,172594.96
1980-02-06,179425.16
1980-02-07,176954.9
1980-02-08,175117.37
1980-02-11,179796.2
1980-02-12,175744.45
1980-02-13,176311.03
1980-02-14,172575.78
1980-02-15,168777.38
1980-02-19,165042.37
1980-02-20,153336.86
1980-02-21,168263.26
1980-02-22,159404.63
1980-02-25,155986.29
1980-02-26,162499.05
1980-02-27,160915.13
1980-02-28,163442.69
1980-02-29,161163.03
1980-03-03,160338.21
1980-03-04,159703.17
1980-03-05,162799.82
1980-03-06,158369.89
1980-03-07,154066.6
1980-03-10,147992.56
1980-03-11,144258.78
1980-03-12,148164.95
1980-03-13,140775.85
1980-03-14,132299.24
1980-03-17,122431.61
1980-03-18,121797.27
1980-03-19,133304.74
1980-03-20,141902.93
1980-03-21,132794.61
1980-03-24,141202.82
1980-03-25,138418.26
1980-03-26,128361.93
1980-03-27,122732.2
1980-03-28,123931.65
1980-03-31,125067.83
1980-04-01,128859.61
1980-04-02,126581.34
1980-04-03,122848.91
1980-04-07,122846.96
1980-04-08,133530.11
1980-04-09,140103.33
1980-04-10,133020.07
1980-04-11,134155.97
1980-04-14,133964.17
1980-04-15,125806.61
1980-04-16,131494.35
1980-04-17,129722.15
1980-04-18,130377.55
1980-04-21,127947.97
1980-04-22,127035.64
1980-04-23,128070.34
1980-04-24,130394.56
1980-04-25,139444.51
1980-04-28,132552.24
1980-04-29,129895.3
1980-04-30,130967.8
1980-05-01,123886.38
1980-05-02,129573.07
1980-05-05,129571.02
1980-05-06,129568.96
1980-05-07,128934.86
1980-05-08,130386.49
1980-05-09,128488.35
1980-05-12,129750.34
1980-05-13,129432.28
1980-05-14,132716.59
1980-05-15,130692.13
1980-05-16,130563.66
1980-05-19,129866.43
1980-05-20,128347.68
1980-05-21,129799.12
1980-05-22,126637.39
1980-05-23,129226.26
1980-05-27,130121.53
1980-05-28,133076.77
1980-05-29,131330.63
1980-05-30,135347.33
1980-06-02,141916.66
1980-06-03,139639.7
1980-06-04,144439.57
1980-06-05,147027.84
1980-06-06,150879.7
1980-06-09,157637.82
1980-06-10,152643.98
1980-06-11,150619.79
1980-06-12,149101.09
1980-06-13,153748.65
1980-06-16,150359.9
1980-06-17,149536.22
1980-06-18,152250.39
1980-06-19,151363.53
1980-06-20,152346.63
1980-06-23,150727
1980-06-24,152367.07
1980-06-25,157291.94
1980-06-26,157794.8
1980-06-27,161077.06
1980-06-30,165117.22
1980-07-01,166756.92
1980-07-02,167133.27
1980-07-03,167635.93
1980-07-07,168643.89
1980-07-08,173694.21
1980-07-09,169522.79
1980-07-10,165856.79
1980-07-11,168506.86
1980-07-14,164209.41
1980-07-15,156501.59
1980-07-16,157825.39
1980-07-17,158454.44
1980-07-18,153083.8
1980-07-21,155986.42
1980-07-22,154847.21
1980-07-23,159454.8
1980-07-24,162420.34
1980-07-25,164627.99
1980-07-28,162541.48
1980-07-29,163359.81
1980-07-30,158873.82
1980-07-31,155145.72
1980-08-01,157100.74
1980-08-04,159308.26
1980-08-05,159242.59
1980-08-06,158545.51
1980-08-07,158984.97
1980-08-08,159108.73
1980-08-11,155823.01
1980-08-12,152789.94
1980-08-13,155376.11
1980-08-14,158088.46
1980-08-15,157707.14
1980-08-18,154611.11
1980-08-19,157575.87
1980-08-20,160288.02
1980-08-21,162936.95
1980-08-22,161406.63
1980-08-25,161404.07
1980-08-26,158788.04
1980-08-27,160048.04
1980-08-28,160411.63
1980-08-29,159386.47
1980-09-02,161593.26
1980-09-03,160770.1
1980-09-04,163418.65
1980-09-05,164362.86
1980-09-08,169662.28
1980-09-09,169280.87
1980-09-10,173317.7
1980-09-11,170159.13
1980-09-12,173059.73
1980-09-15,168260.29
1980-09-16,168636.3
1980-09-17,169895.87
1980-09-18,169640.73
1980-09-19,170142.92
1980-09-22,179227.97
1980-09-23,179477.56
1980-09-24,179348.5
1980-09-25,176127.22
1980-09-26,176376.85
1980-09-29,171451.9
1980-09-30,168294.01
1980-10-01,172140.59
1980-10-02,168036.26
1980-10-03,166708.49
1980-10-06,170491.8
1980-10-07,171157.94
1980-10-08,170864.98
1980-10-09,174143.27
1980-10-10,172941.7
1980-10-13,171550.88
1980-10-14,168708.95
1980-10-15,171103.78
1980-10-16,170091.61
1980-10-17,169205.64
1980-10-20,165796.13
1980-10-21,164657.91
1980-10-22,166547.91
1980-10-23,160110.46
1980-10-24,159729.41
1980-10-27,160799.31
1980-10-28,159408.92
1980-10-29,162497.43
1980-10-30,162116.36
1980-10-31,158707.45
1980-11-03,161606.58
1980-11-05,164505.61
1980-11-06,159456.82
1980-11-07,150371.3
1980-11-10,154531.88
1980-11-11,150997.27
1980-11-12,156293.02
1980-11-13,156921.26
1980-11-14,154522.07
1980-11-17,154330.4
1980-11-18,156156.96
1980-11-19,158866.42
1980-11-20,159053.1
1980-11-21,160122.7
1980-11-24,159174.18
1980-11-25,155450.86
1980-11-26,157151.1
1980-11-28,156328.8
1980-12-01,160173.05
1980-12-02,158152.58
1980-12-03,158213.13
1980-12-04,159282.61
1980-12-05,155622.76
1980-12-08,155683.34
1980-12-09,152338.95
1980-12-10,146031.11
1980-12-11,140732.33
1980-12-12,141928.08
1980-12-15,146024.15
1980-12-16,141482.22
1980-12-17,145136.83
1980-12-18,144630.14
1980-12-19,145006.12
1980-12-22,149984.47
1980-12-23,151936.49
1980-12-24,151934.08
1980-12-26,151931.66
1980-12-29,149722.78
1980-12-30,148711.74
1980-12-31,148709.38
1981-01-02,148707.02
1981-01-05,150658.84
1981-01-06,151097.71
1981-01-07,147502.25
1981-01-08,144915.47
1981-01-09,145669.58
1981-01-12,141696.18
1981-01-13,141883.03
1981-01-14,140305
1981-01-15,144084.57
1981-01-16,141372.03
1981-01-19,142882.47
1981-01-20,141682.68
1981-01-21,145714.1
1981-01-22,142182.38
1981-01-23,139407.07
1981-01-26,133228.59
1981-01-27,132092.08
1981-01-28,131963.94
1981-01-29,124462.46
1981-01-30,127674.45
1981-02-02,124395.49
1981-02-03,122566.03
1981-02-04,127290.28
1981-02-05,125649.87
1981-02-06,126151.98
1981-02-09,129174.6
1981-02-10,130936.89
1981-02-11,126272
1981-02-12,123560.56
1981-02-13,123873.65
1981-02-17,126202.97
1981-02-18,127272.09
1981-02-19,126829.03
1981-02-20,128906.18
1981-02-23,126383.97
1981-02-24,126759.98
1981-02-25,126127.95
1981-02-26,123983.92
1981-02-27,123225.95
1981-03-02,117302.09
1981-03-03,118686.18
1981-03-04,117298.37
1981-03-05,116288.57
1981-03-06,117672.61
1981-03-09,119497.57
1981-03-10,122771.3
1981-03-11,119997.71
1981-03-12,120436.74
1981-03-13,123962.27
1981-03-16,125912.96
1981-03-17,124273.27
1981-03-18,127483.63
1981-03-19,128489.38
1981-03-20,130187.94
1981-03-23,132516.28
1981-03-24,135096.48
1981-03-25,133015.93
1981-03-26,135910.95
1981-03-27,135719.85
1981-03-30,132631.72
1981-03-31,129417.74
1981-04-01,129541.64
1981-04-02,130862.08
1981-04-03,131741.65
1981-04-06,134447.44
1981-04-07,129533.41
1981-04-08,128083
1981-04-09,126695.6
1981-04-10,124300.73
1981-04-13,119324.21
1981-04-14,121652.13
1981-04-15,119950.09
1981-04-16,121522.34
1981-04-20,121520.41
1981-04-21,121140.69
1981-04-22,126175.81
1981-04-23,123025.71
1981-04-24,124534.82
1981-04-27,121636.68
1981-04-28,121571.79
1981-04-29,120184.79
1981-04-30,121567.93
1981-05-01,122762.16
1981-05-04,122760.22
1981-05-05,119925.34
1981-05-06,121371.35
1981-05-07,120299.24
1981-05-08,122311.76
1981-05-11,124135.37
1981-05-12,121867.24
1981-05-13,121928.25
1981-05-14,119974.96
1981-05-15,122113.22
1981-05-18,121293
1981-05-19,121228.13
1981-05-20,120785.6
1981-05-21,119587.79
1981-05-22,119019.42
1981-05-26,117444.03
1981-05-27,117505.11
1981-05-28,120587.2
1981-05-29,120648.22
1981-06-01,121653.28
1981-06-02,119322.76
1981-06-03,119698.47
1981-06-04,116424.06
1981-06-05,115792.89
1981-06-08,119189.32
1981-06-09,115915.07
1981-06-10,117108.88
1981-06-11,116855.31
1981-06-12,118804.19
1981-06-15,118739.38
1981-06-16,116157.57
1981-06-17,116218.65
1981-06-18,115524.65
1981-06-19,115334.05
1981-06-22,116276.04
1981-06-23,117406.75
1981-06-24,116272.35
1981-06-25,112369.59
1981-06-26,111235.3
1981-06-29,107898.99
1981-06-30,107205.22
1981-07-01,106196.89
1981-07-02,104307.82
1981-07-06,101600.96
1981-07-07,101913.9
1981-07-08,100087.9
1981-07-09,102225.21
1981-07-10,104802.8
1981-07-13,103920.44
1981-07-14,101213.84
1981-07-15,103728.43
1981-07-16,105236.48
1981-07-17,104417.07
1981-07-20,103786.39
1981-07-21,102149.32
1981-07-22,103531.5
1981-07-23,102586.37
1981-07-24,102521.85
1981-07-27,102834.7
1981-07-28,101009.09
1981-07-29,101007.49
1981-07-30,101194.57
1981-07-31,102136.35
1981-08-03,98738.57
1981-08-04,98422.55
1981-08-05,98710.28
1981-08-06,98922.54
1981-08-07,99927.17
1981-08-10,99045.17
1981-08-11,100867.29
1981-08-12,105016.08
1981-08-13,102436.18
1981-08-14,103880.86
1981-08-17,103501.92
1981-08-18,105638.22
1981-08-19,108529.02
1981-08-20,107898.51
1981-08-21,108022.55
1981-08-24,106134.53
1981-08-25,103051.93
1981-08-26,104119.16
1981-08-27,103551.65
1981-08-28,106882.27
1981-08-31,106880.57
1981-09-01,105998.68
1981-09-02,108134.57
1981-09-03,109767.45
1981-09-04,110520.12
1981-09-08,110392.64
1981-09-09,109825.09
1981-09-10,113532.38
1981-09-11,112713.35
1981-09-14,113465.91
1981-09-15,114658.49
1981-09-16,112896.56
1981-09-17,115409.17
1981-09-18,112390.1
1981-09-21,116536.95
1981-09-22,116157.96
1981-09-23,114773.28
1981-09-24,112194.4
1981-09-25,113261.14
1981-09-28,105968.39
1981-09-29,108543.64
1981-09-30,107787.7
1981-10-01,109797.19
1981-10-02,109355.51
1981-10-05,110924.97
1981-10-06,111363.14
1981-10-07,111989.83
1981-10-08,111422.45
1981-10-09,113997.28
1981-10-12,112989.99
1981-10-13,111417.14
1981-10-14,111666.74
1981-10-15,112268.23
1981-10-16,111537.51
1981-10-19,109763.71
1981-10-20,109912.78
1981-10-21,107824.88
1981-10-22,109017.03
1981-10-23,108701.13
1981-10-26,107065.75
1981-10-27,107415.91
1981-10-28,108268.7
1981-10-29,106683.67
1981-10-30,107310.26
1981-11-02,108062.5
1981-11-03,107620.99
1981-11-04,108373.2
1981-11-05,107680.4
1981-11-06,107615.87
1981-11-09,107991.1
1981-11-10,105162.39
1981-11-11,103527.38
1981-11-12,103400.09
1981-11-13,103649.73
1981-11-16,101575.09
1981-11-17,100191.5
1981-11-18,101446.23
1981-11-19,100753.66
1981-11-20,100877.68
1981-11-23,99682.64
1981-11-24,100309.17
1981-11-25,102882.83
1981-11-27,103383.68
1981-11-30,104135.75
1981-12-01,101119.31
1981-12-02,102185.42
1981-12-03,104633.24
1981-12-04,107018.17
1981-12-07,104692.72
1981-12-08,104314.24
1981-12-09,103056.54
1981-12-10,101861.68
1981-12-11,102927.67
1981-12-14,104872.81
1981-12-15,103803.57
1981-12-16,104681.08
1981-12-17,104553.83
1981-12-18,104426.58
1981-12-21,103106.25
1981-12-22,100366.83
1981-12-23,100566.17
1981-12-24,100564.58
1981-12-28,100562.98
1981-12-29,99205.14
1981-12-30,99831.45
1981-12-31,99829.86
1982-01-04,99200.42
1982-01-05,101333.53
1982-01-06,100829.65
1982-01-07,99572.39
1982-01-08,100512.54
1982-01-11,97497.45
1982-01-12,97684.25
1982-01-13,95422.65
1982-01-14,94102.8
1982-01-15,95231.29
1982-01-18,93848.7
1982-01-19,94223.86
1982-01-20,93280.76
1982-01-21,94409.19
1982-01-22,94721.55
1982-01-25,93401.86
1982-01-26,94530.24
1982-01-27,95846.89
1982-01-28,96284.74
1982-01-29,97161.95
1982-02-01,95277.43
1982-02-02,95188.04
1982-02-03,94897.82
1982-02-04,96339.86
1982-02-05,96463.86
1982-02-08,95332.63
1982-02-09,95017.31
1982-02-10,95932.09
1982-02-11,95390.84
1982-02-12,94761.76
1982-02-16,94195.45
1982-02-17,93880.18
1982-02-18,92686.36
1982-02-19,92684.89
1982-02-22,91428.38
1982-02-23,90611.16
1982-02-24,91048.97
1982-02-25,91976.21
1982-02-26,91008.43
1982-03-01,90668.15
1982-03-02,90666.71
1982-03-03,88782.92
1982-03-04,86961.93
1982-03-05,85931.57
1982-03-08,82943.68
1982-03-09,82628.66
1982-03-10,83568.45
1982-03-11,83253.42
1982-03-12,81119.01
1982-03-15,78294.55
1982-03-16,81430.11
1982-03-17,79295.83
1982-03-18,80298.31
1982-03-19,79230.58
1982-03-22,80496.51
1982-03-23,82615.54
1982-03-24,83241.53
1982-03-25,82236.54
1982-03-26,80855.22
1982-03-29,79913.03
1982-03-30,81354.46
1982-03-31,80286.84
1982-04-01,82041.84
1982-04-02,82228.71
1982-04-05,84673.57
1982-04-06,86679.3
1982-04-07,88810.41
1982-04-08,88181.81
1982-04-12,88180.41
1982-04-13,88680.75
1982-04-14,92003.3
1982-04-15,91123.82
1982-04-16,90996.95
1982-04-19,89553.1
1982-04-20,86039.79
1982-04-21,86979.09
1982-04-22,86538.74
1982-04-23,88355.94
1982-04-26,89545.99
1982-04-27,88227.72
1982-04-28,88916.09
1982-04-29,87472.45
1982-04-30,90606.28
1982-05-03,90604.84
1982-05-04,85712.62
1982-05-05,84871.06
1982-05-06,83891.59
1982-05-07,83952.96
1982-05-10,82509.57
1982-05-11,83323.32
1982-05-12,83133.91
1982-05-13,83007.2
1982-05-14,83570.13
1982-05-17,84885.36
1982-05-18,84758.63
1982-05-19,85760.35
1982-05-20,85884.37
1982-05-21,84879.97
1982-05-24,82496.47
1982-05-25,82219.34
1982-05-26,82807.28
1982-05-27,81301.52
1982-05-28,81550.97
1982-06-01,79919.91
1982-06-02,79855.96
1982-06-03,80318.53
1982-06-04,79916.1
1982-06-07,81544.5
1982-06-08,82420.7
1982-06-09,81729.94
1982-06-10,81916.67
1982-06-11,81539.32
1982-06-14,80409.89
1982-06-15,78967.12
1982-06-16,79467.25
1982-06-17,77460.5
1982-06-18,77396.6
1982-06-21,74387.25
1982-06-22,76203.45
1982-06-23,76202.24
1982-06-24,77767.69
1982-06-25,76575.81
1982-06-28,76135.94
1982-06-29,77450.67
1982-06-30,79579.96
1982-07-01,77761.51
1982-07-02,78386.88
1982-07-06,77947.02
1982-07-07,76880.59
1982-07-08,78571.12
1982-07-09,82329.26
1982-07-12,85961.97
1982-07-13,88341.47
1982-07-14,88402.73
1982-07-15,87774.8
1982-07-16,86958.93
1982-07-19,87082.85
1982-07-20,87144.12
1982-07-21,91841.38
1982-07-22,88456.95
1982-07-23,91024.06
1982-07-26,88266.2
1982-07-27,88014.23
1982-07-28,86947.89
1982-07-29,85818.94
1982-07-30,85917.81
1982-08-02,88033.69
1982-08-03,87506.12
1982-08-04,86753.07
1982-08-05,86814.33
1982-08-06,86374.5
1982-08-09,84180.88
1982-08-10,84743.26
1982-08-11,83551.87
1982-08-12,83863.71
1982-08-13,84676.59
1982-08-16,85614.7
1982-08-17,84611.27
1982-08-18,89620.22
1982-08-19,89343.23
1982-08-20,96819.44
1982-08-23,98821.93
1982-08-24,102139.47
1982-08-25,100447.01
1982-08-26,104453.28
1982-08-27,104702.11
1982-08-30,104700.44
1982-08-31,103070.66
1982-09-01,101503.56
1982-09-02,102629.07
1982-09-03,113961.09
1982-09-07,120471.35
1982-09-08,114708.85
1982-09-09,116710.68
1982-09-10,113452.95
1982-09-13,109944.87
1982-09-14,113762.4
1982-09-15,111005.75
1982-09-16,112318.78
1982-09-17,110563.97
1982-09-20,106242.33
1982-09-21,106804.1
1982-09-22,111122.15
1982-09-23,109142.1
1982-09-24,107925.87
1982-09-27,103604.62
1982-09-28,102789.16
1982-09-29,102599.73
1982-09-30,99405.55
1982-10-01,100655.93
1982-10-04,97023.71
1982-10-05,97710.73
1982-10-06,101151.9
1982-10-07,104780.74
1982-10-08,108409.48
1982-10-11,107656.65
1982-10-12,110471.54
1982-10-13,107340.28
1982-10-14,112157.94
1982-10-15,108275.69
1982-10-18,107209.99
1982-10-19,110525.35
1982-10-20,105641.96
1982-10-21,108268.81
1982-10-22,107140.6
1982-10-25,104785.81
1982-10-26,104946.86
1982-10-27,104569.71
1982-10-28,104693.21
1982-10-29,105943.11
1982-11-01,106942.66
1982-11-02,107879.61
1982-11-03,107001.84
1982-11-04,106311.83
1982-11-05,104495.52
1982-11-08,101928.4
1982-11-09,102427.35
1982-11-10,102863.72
1982-11-11,100421.89
1982-11-12,99606.91
1982-11-15,100919.24
1982-11-16,101981.26
1982-11-17,103230.95
1982-11-18,102228.28
1982-11-19,104503.96
1982-11-22,102725.53
1982-11-23,101597.8
1982-11-24,102409.47
1982-11-26,104534.86
1982-11-29,108599.49
1982-11-30,109098.22
1982-12-01,110159.95
1982-12-02,111659.53
1982-12-03,110406.67
1982-12-06,111405.77
1982-12-07,113718.44
1982-12-08,111339.68
1982-12-09,109461.4
1982-12-10,109021.82
1982-12-13,109770.67
1982-12-14,112433.44
1982-12-15,109454.45
1982-12-16,110140.71
1982-12-17,109325.88
1982-12-20,110137.21
1982-12-21,110635.81
1982-12-22,111884.88
1982-12-23,111507.86
1982-12-27,111506.09
1982-12-28,111504.32
1982-12-29,115192.26
1982-12-30,114289.91
1982-12-31,114288.09
1983-01-03,114286.28
1983-01-04,112433.47
1983-01-05,113557.27
1983-01-06,113680.53
1983-01-07,116305.01
1983-01-10,118554.23
1983-01-11,121178.55
1983-01-12,120176.18
1983-01-13,122112.6
1983-01-14,120860.15
1983-01-17,124672.24
1983-01-18,121293.98
1983-01-19,123918
1983-01-20,121852.82
1983-01-21,121288.2
1983-01-24,119035.57
1983-01-25,122222.13
1983-01-26,121657.53
1983-01-27,124156.27
1983-01-28,123466.62
1983-01-31,124902.5
1983-02-01,127151.02
1983-02-02,124585.97
1983-02-03,125896.74
1983-02-04,124644.53
1983-02-07,122579.73
1983-02-08,124328.03
1983-02-09,123075.9
1983-02-10,124011.55
1983-02-11,126134.78
1983-02-14,125132.7
1983-02-15,127318.35
1983-02-16,127128.82
1983-02-17,126189.27
1983-02-18,125874.76
1983-02-22,121372.77
1983-02-23,117558.42
1983-02-24,118744.01
1983-02-25,116179.75
1983-02-28,102116.35
1983-03-01,103489.61
1983-03-02,107487.57
1983-03-03,107360.87
1983-03-04,103109.73
1983-03-07,105170.29
1983-03-08,104356.25
1983-03-09,106479.21
1983-03-10,108664.59
1983-03-11,105101.12
1983-03-14,107099
1983-03-15,108596.93
1983-03-16,104721.21
1983-03-17,104094.72
1983-03-18,105405.19
1983-03-21,103591.57
1983-03-22,105276.88
1983-03-23,102463.66
1983-03-24,103836.55
1983-03-25,102897.75
1983-03-28,102146.4
1983-03-29,103144.38
1983-03-30,104454.69
1983-03-31,103640.89
1983-04-04,103639.24
1983-04-05,106636.2
1983-04-06,107071.8
1983-04-07,106382.94
1983-04-08,105256.83
1983-04-11,106629.43
1983-04-12,108126.92
1983-04-13,107250.69
1983-04-14,108810.59
1983-04-15,109058.72
1983-04-18,110681
1983-04-19,109804.79
1983-04-20,108366.46
1983-04-21,109801.3
1983-04-22,109174.98
1983-04-25,110297.47
1983-04-26,108796.77
1983-04-27,108482.77
1983-04-28,107044.61
1983-04-29,107230.27
1983-05-02,107228.56
1983-05-03,108288.53
1983-05-04,108099.46
1983-05-05,108347.54
1983-05-06,107721.34
1983-05-09,108406.55
1983-05-10,110840.23
1983-05-11,110651.14
1983-05-12,109837.6
1983-05-13,110210.52
1983-05-16,108959.93
1983-05-17,110082.14
1983-05-18,110579.91
1983-05-19,110540.69
1983-05-20,109577.39
1983-05-23,108077.16
1983-05-24,109086.91
1983-05-25,110321.4
1983-05-26,109882.6
1983-05-27,109194.09
1983-05-31,109254.79
1983-06-01,102385.61
1983-06-02,103008.29
1983-06-03,102756.94
1983-06-06,101818.88
1983-06-07,99944.45
1983-06-08,100629.55
1983-06-09,101814.04
1983-06-10,102686.36
1983-06-13,103121.69
1983-06-14,101846.64
1983-06-15,101932.41
1983-06-16,102991.94
1983-06-17,103739.34
1983-06-20,103800.11
1983-06-21,103548.79
1983-06-22,104982.73
1983-06-23,104981.06
1983-06-24,105728.37
1983-06-27,104728.07
1983-06-28,103852.64
1983-06-29,103563.9
1983-06-30,103849.34
1983-07-01,103910.1
1983-07-05,102535.47
1983-07-06,102758.51
1983-07-07,102906.65
1983-07-08,106337.32
1983-07-11,107458.91
1983-07-12,107082.79
1983-07-13,106644.27
1983-07-14,106392.97
1983-07-15,105392.87
1983-07-18,105428.64
1983-07-19,105763.92
1983-07-20,106885.39
1983-07-21,107258.08
1983-07-22,105696.48
1983-07-25,105320.44
1983-07-26,106192.28
1983-07-27,106377.77
1983-07-28,106188.91
1983-07-29,105313.75
1983-08-01,102629.32
1983-08-02,103376.36
1983-08-03,102563.68
1983-08-04,103310.69
1983-08-05,102248.49
1983-08-08,101934.95
1983-08-09,103056.24
1983-08-10,101869.33
1983-08-11,102741.06
1983-08-12,102914.09
1983-08-15,103798.25
1983-08-16,104919.42
1983-08-17,105416.78
1983-08-18,105165.6
1983-08-19,104228.29
1983-08-22,105224.63
1983-08-23,106383.12
1983-08-24,105782.65
1983-08-25,105593.85
1983-08-26,104032.91
1983-08-29,104031.25
1983-08-30,104304.03
1983-08-31,103341.9
1983-09-01,103926.51
1983-09-02,104149.38
1983-09-06,104334.82
1983-09-07,103085.89
1983-09-08,103271.34
1983-09-09,103456.79
1983-09-12,103704.59
1983-09-13,101457.98
1983-09-14,100209.2
1983-09-15,101080.62
1983-09-16,101141.37
1983-09-19,102823.37
1983-09-20,102846.68
1983-09-21,102570.69
1983-09-22,101696.12
1983-09-23,103003.9
1983-09-26,103501.07
1983-09-27,102813.58
1983-09-28,103148.63
1983-09-29,101937.44
1983-09-30,101000.62
1983-10-03,97008.87
1983-10-04,98129.54
1983-10-05,97130.48
1983-10-06,98251.11
1983-10-07,99097.4
1983-10-10,99993.54
1983-10-11,99493.23
1983-10-12,98431.89
1983-10-13,99402.8
1983-10-14,99426.16
1983-10-17,98489.54
1983-10-18,99048.99
1983-10-19,98237.08
1983-10-20,97175.85
1983-10-21,98296.29
1983-10-24,98357.06
1983-10-25,99228.12
1983-10-26,97880.23
1983-10-27,95859.25
1983-10-28,96667.98
1983-10-31,95232.94
1983-11-01,94171.9
1983-11-02,95479.21
1983-11-03,94168.91
1983-11-04,94977.61
1983-11-07,94477.53
1983-11-08,95286.19
1983-11-09,95471.64
1983-11-10,95170.99
1983-11-11,95219.34
1983-11-14,95367.38
1983-11-15,95527.89
1983-11-16,95526.37
1983-11-17,93655.46
1983-11-18,93529.35
1983-11-21,93278.62
1983-11-22,93837.93
1983-11-23,93649.51
1983-11-25,93735.26
1983-11-28,98257.29
1983-11-29,97570.36
1983-11-30,100933.3
1983-12-01,99498.7
1983-12-02,99870.94
1983-12-05,98997.12
1983-12-06,98933.24
1983-12-07,99616.98
1983-12-08,99926.9
1983-12-09,96872.68
1983-12-12,97494.12
1983-12-13,96981.74
1983-12-14,96930.36
1983-12-15,96866.53
1983-12-16,93999.49
1983-12-19,93437.36
1983-12-20,94208.29
1983-12-21,94331.38
1983-12-22,94404.63
1983-12-23,94403.13
1983-12-27,94401.63
1983-12-28,94175.9
1983-12-29,95270.64
1983-12-30,95269.12
1984-01-03,95417.09
1984-01-04,93173.4
1984-01-05,93483.33
1984-01-06,93481.85
1984-01-09,90989.17
1984-01-10,92482.42
1984-01-11,91609.06
1984-01-12,91794.44
1984-01-13,92976.22
1984-01-16,91940.98
1984-01-17,91603.25
1984-01-18,91850.88
1984-01-19,93343.95
1984-01-20,92470.67
1984-01-23,92494.11
1984-01-24,90935.93
1984-01-25,91283.18
1984-01-26,91406.27
1984-01-27,92152.01
1984-01-30,92113.18
1984-01-31,93083.04
1984-02-01,94177.39
1984-02-02,95446.04
1984-02-03,95407.17
1984-02-06,94832.86
1984-02-07,94569.87
1984-02-08,96187.07
1984-02-09,95376.2
1984-02-10,94042.41
1984-02-13,93841.7
1984-02-14,93628.55
1984-02-15,95370.15
1984-02-16,95592.74
1984-02-17,95155.47
1984-02-21,96859.61
1984-02-22,98414.3
1984-02-23,99159.72
1984-02-24,98535.67
1984-02-27,97973.89
1984-02-28,99403.97
1984-02-29,98157.51
1984-03-01,97782.5
1984-03-02,99337
1984-03-05,101040.83
1984-03-06,100205.21
1984-03-07,99270.03
1984-03-08,98895.02
1984-03-09,99553.17
1984-03-12,98518.47
1984-03-13,98890.31
1984-03-14,99511.09
1984-03-15,98202.61
1984-03-16,97765.42
1984-03-19,97975.46
1984-03-20,98036.13
1984-03-21,97661.2
1984-03-22,96912.91
1984-03-23,96550.45
1984-03-26,96424.47
1984-03-27,96783.84
1984-03-28,96010.72
1984-03-29,97129.22
1984-03-30,96692.12
1984-04-02,96367.04
1984-04-03,94673.11
1984-04-04,94883.15
1984-04-05,94869.2
1984-04-06,94631.27
1984-04-09,95164.83
1984-04-10,94902.02
1984-04-11,95684.41
1984-04-12,95035.87
1984-04-13,94374.91
1984-04-16,94584.93
1984-04-17,94608.32
1984-04-18,94688.93
1984-04-19,95774.83
1984-04-23,95773.31
1984-04-24,95361.23
1984-04-25,95123.34
1984-04-26,94524.66
1984-04-27,94361.43
1984-04-30,93501.54
1984-05-01,93674.22
1984-05-02,93884.21
1984-05-03,94168.84
1984-05-04,93719.52
1984-05-07,93718.03
1984-05-08,92422.85
1984-05-09,92695.04
1984-05-10,92482.11
1984-05-11,92667.22
1984-05-14,92678.19
1984-05-15,92850.86
1984-05-16,93346.91
1984-05-17,93656.38
1984-05-18,93431.01
1984-05-21,94710.6
1984-05-22,94398.16
1984-05-23,94160.35
1984-05-24,93437.51
1984-05-25,95562.72
1984-05-29,95909.43
1984-05-30,96106.89
1984-05-31,95570.61
1984-06-01,97931.93
1984-06-04,97246.4
1984-06-05,97928.82
1984-06-06,97404.98
1984-06-07,97540.22
1984-06-08,95996.73
1984-06-11,95124.77
1984-06-12,93258.07
1984-06-13,93007.9
1984-06-14,93404.32
1984-06-15,91512.86
1984-06-18,91486.54
1984-06-19,92156.51
1984-06-20,92005.84
1984-06-21,92190.88
1984-06-22,93059.73
1984-06-25,91814.97
1984-06-26,91875.67
1984-06-27,91831.95
1984-06-28,92718.15
1984-06-29,92753.97
1984-07-02,91994.16
1984-07-03,91582.46
1984-07-05,90698.37
1984-07-06,87825.31
1984-07-09,84156.76
1984-07-10,85584.97
1984-07-11,84340.55
1984-07-12,84811.57
1984-07-13,85767.35
1984-07-16,87033.85
1984-07-17,86299.11
1984-07-18,85949.71
1984-07-19,87054.57
1984-07-20,85014.79
1984-07-23,83273.37
1984-07-24,84142.07
1984-07-25,84948.59
1984-07-26,85556.24
1984-07-27,83330.22
1984-07-30,84136.72
1984-07-31,85092.33
1984-08-01,84258.33
1984-08-02,85499.74
1984-08-03,86803.25
1984-08-06,86801.87
1984-08-07,84998.59
1984-08-08,85618.58
1984-08-09,85555.09
1984-08-10,86175.04
1984-08-13,85365.98
1984-08-14,87974.06
1984-08-15,87202.27
1984-08-16,87536.38
1984-08-17,87472.86
1984-08-20,86800.52
1984-08-21,85979.09
1984-08-22,85729.23
1984-08-23,87280.94
1984-08-24,86968.95
1984-08-27,86967.57
1984-08-28,86904.07
1984-08-29,87089.04
1984-08-30,86280.13
1984-08-31,86527.23
1984-09-04,84774.19
1984-09-05,84039.89
1984-09-06,84597.58
1984-09-07,84409.9
1984-09-10,84085.58
1984-09-11,84543.86
1984-09-12,84095.33
1984-09-13,83684.08
1984-09-14,84825.53
1984-09-17,83283.94
1984-09-18,83655.25
1984-09-19,84461.28
1984-09-20,84149.42
1984-09-21,85328.04
1984-09-24,86382.42
1984-09-25,85697.94
1984-09-26,85969.82
1984-09-27,85757.32
1984-09-28,85383.37
1984-10-01,85791.85
1984-10-02,85753.24
1984-10-03,86559.11
1984-10-04,85998.89
1984-10-05,85389.01
1984-10-08,84841.25
1984-10-09,84690.88
1984-10-10,83882.37
1984-10-11,83967.96
1984-10-12,84165.31
1984-10-15,84101.88
1984-10-16,84311.64
1984-10-17,84571.06
1984-10-18,84308.97
1984-10-19,84307.63
1984-10-22,84033.13
1984-10-23,84429.11
1984-10-24,84427.77
1984-10-25,84053.96
1984-10-26,83829.14
1984-10-29,83492.59
1984-10-30,83305.04
1984-10-31,82807.12
1984-11-01,82880.29
1984-11-02,85188.1
1984-11-05,85025.36
1984-11-06,85930.25
1984-11-07,86301.31
1984-11-08,86175.8
1984-11-09,86099.95
1984-11-12,85837.9
1984-11-13,87003.39
1984-11-14,85847.59
1984-11-15,85337.3
1984-11-16,85646.26
1984-11-19,85247.7
1984-11-20,85060.17
1984-11-21,84475.45
1984-11-23,84771.99
1984-11-26,83628.77
1984-11-27,82634.52
1984-11-28,81665.13
1984-11-29,82060.99
1984-11-30,81662.53
1984-12-03,81785.34
1984-12-04,82404.57
1984-12-05,81882.03
1984-12-06,82091.7
1984-12-07,81159.66
1984-12-10,80972.22
1984-12-11,81095.03
1984-12-12,80535.32
1984-12-13,80472
1984-12-14,80036.41
1984-12-17,78173.83
1984-12-18,76683.56
1984-12-19,76756.79
1984-12-20,76308.88
1984-12-21,77176.23
1984-12-24,77175
1984-12-26,77173.78
1984-12-27,77172.55
1984-12-28,76724.67
1984-12-31,76500.13
1985-01-02,75804.13
1985-01-03,75008.91
1985-01-04,75218.63
1985-01-07,74001.63
1985-01-08,74930.9
1985-01-09,74557.54
1985-01-10,75375.12
1985-01-11,75485.58
1985-01-14,74181.83
1985-01-15,74875.33
1985-01-16,75097.43
1985-01-17,75790.9
1985-01-18,76409.91
1985-01-21,76222.64
1985-01-22,76134.6
1985-01-23,74483.69
1985-01-24,74631.35
1985-01-25,74134.03
1985-01-28,73859.98
1985-01-29,75223.14
1985-01-30,75135.12
1985-01-31,76064.13
1985-02-01,75306.37
1985-02-04,74722.27
1985-02-05,74919.52
1985-02-06,75116.76
1985-02-07,74817.93
1985-02-08,74357.89
1985-02-11,74443.51
1985-02-12,75025.18
1985-02-13,75197.6
1985-02-14,75432.02
1985-02-15,75393.62
1985-02-19,75045.22
1985-02-20,75118.43
1985-02-21,74360.84
1985-02-22,74000.07
1985-02-25,70489.85
1985-02-26,70860.71
1985-02-27,72111.89
1985-02-28,71354.41
1985-03-01,71229.29
1985-03-04,71575.32
1985-03-05,71388.21
1985-03-06,71263.09
1985-03-07,71807.47
1985-03-08,72153.47
1985-03-11,72152.32
1985-03-12,71518.91
1985-03-13,71964.07
1985-03-14,72086.9
1985-03-15,72569.23
1985-03-18,74092.85
1985-03-19,78529.56
1985-03-20,80325.75
1985-03-21,78960.92
1985-03-22,78215.92
1985-03-25,77991.56
1985-03-26,80258.67
1985-03-27,81905.96
1985-03-28,80875.87
1985-03-29,81618.28
1985-04-01,79596.67
1985-04-02,79012.87
1985-04-03,79631.32
1985-04-04,78514.6
1985-04-08,78513.35
1985-04-09,80086.09
1985-04-10,81113.47
1985-04-11,82351.5
1985-04-12,81767.73
1985-04-15,82844.6
1985-04-16,81913.84
1985-04-17,81131.82
1985-04-18,81725.36
1985-04-19,81042.5
1985-04-22,81227.09
1985-04-23,80953.18
1985-04-24,79799.5
1985-04-25,79922.14
1985-04-26,80168.69
1985-04-29,79919.61
1985-04-30,79633.35
1985-05-01,77438.98
1985-05-02,77623.6
1985-05-03,77498.47
1985-05-06,77497.24
1985-05-07,77681.86
1985-05-08,77519.56
1985-05-09,78075.85
1985-05-10,77925.94
1985-05-13,79535.25
1985-05-14,80896.74
1985-05-15,79966.33
1985-05-16,79308.48
1985-05-17,79901.85
1985-05-20,80098.78
1985-05-21,78016.38
1985-05-22,78349.6
1985-05-23,78137.78
1985-05-24,77963.12
1985-05-28,77107.18
1985-05-29,77291.76
1985-05-30,77934.63
1985-05-31,77784.76
1985-06-03,78799.19
1985-06-04,78191.03
1985-06-05,77830.6
1985-06-06,77977.99
1985-06-07,77852.9
1985-06-10,77281.95
1985-06-11,78023.82
1985-06-12,77898.73
1985-06-13,77711.73
1985-06-14,78825.08
1985-06-17,78984.82
1985-06-18,80184.81
1985-06-19,80592.21
1985-06-20,78782.93
1985-06-21,77630.02
1985-06-24,77925.99
1985-06-25,78135.26
1985-06-26,78443.59
1985-06-27,78008.95
1985-06-28,78688.75
1985-07-01,77734.07
1985-07-02,76333.67
1985-07-03,76852.5
1985-07-05,77160.82
1985-07-08,76577.66
1985-07-09,77963.14
1985-07-10,77961.91
1985-07-11,77638.77
1985-07-12,78157.52
1985-07-15,78205.8
1985-07-16,79665.42
1985-07-17,80617.42
1985-07-18,79229.6
1985-07-19,78955.99
1985-07-22,78546.22
1985-07-23,79844.79
1985-07-24,78667.51
1985-07-25,78579.61
1985-07-26,78466.96
1985-07-29,80830
1985-07-30,80519.26
1985-07-31,81074.99
1985-08-01,79736.9
1985-08-02,79339.54
1985-08-05,80142.82
1985-08-06,79163.74
1985-08-07,79496.67
1985-08-08,79829.58
1985-08-09,79617.91
1985-08-12,80854.3
1985-08-13,80815.88
1985-08-14,80690.84
1985-08-15,81951.9
1985-08-16,83002.53
1985-08-19,84374.9
1985-08-20,82702.89
1985-08-21,83134.71
1985-08-22,83034.39
1985-08-23,82872.2
1985-08-26,82870.88
1985-08-27,83154.18
1985-08-28,84365.52
1985-08-29,83399.02
1985-08-30,82469.66
1985-09-03,81218.63
1985-09-04,80672.91
1985-09-05,80609.76
1985-09-06,78542.2
1985-09-09,79023.49
1985-09-10,79591.37
1985-09-11,79367.41
1985-09-12,78994.98
1985-09-13,79500.98
1985-09-16,79004.85
1985-09-17,78582.96
1985-09-18,78247.69
1985-09-19,78258.82
1985-09-20,78962.72
1985-09-23,81015.02
1985-09-24,81125.07
1985-09-25,81272.22
1985-09-26,81456.49
1985-09-30,80589.29
1985-10-01,79722.13
1985-10-02,80388.82
1985-10-03,80375.17
1985-10-04,81140.79
1985-10-07,80582.9
1985-10-08,80730.04
1985-10-09,80778.24
1985-10-10,80517.22
1985-10-11,80540.67
1985-10-14,80799.13
1985-10-15,80884.42
1985-10-16,80054.5
1985-10-17,80510.83
1985-10-18,80695.06
1985-10-21,80669.04
1985-10-22,81063.5
1985-10-23,80604.65
1985-10-24,80677.57
1985-10-25,80478.43
1985-10-28,80749.2
1985-10-29,80698.46
1985-10-30,80672.45
1985-10-31,80399.12
1985-11-01,80002.16
1985-11-04,80458.4
1985-11-05,80271.65
1985-11-06,80220.91
1985-11-07,79873.43
1985-11-08,79612.52
1985-11-11,79895.63
1985-11-12,79894.36
1985-11-13,80239.27
1985-11-14,80435.82
1985-11-15,80459.27
1985-11-18,79988.19
1985-11-19,80197.09
1985-11-20,80517.25
1985-11-21,80553.06
1985-11-22,80724.85
1985-11-25,81638.37
1985-11-26,81896.68
1985-11-27,81128.95
1985-11-29,80423.05
1985-12-02,79482.31
1985-12-03,79752.99
1985-12-04,80147.28
1985-12-05,79799.9
1985-12-06,79675.03
1985-12-09,78462.45
1985-12-10,78362.32
1985-12-11,77990.28
1985-12-12,78483.43
1985-12-13,78543.99
1985-12-16,78752.85
1985-12-17,79381.92
1985-12-18,79108.76
1985-12-19,80528.77
1985-12-20,80465.7
1985-12-23,80971.11
1985-12-24,80290.13
1985-12-26,80288.85
1985-12-27,80781.89
1985-12-30,80768.25
1985-12-31,80766.97
1986-01-02,80642.11
1986-01-03,80752.05
1986-01-06,81059.69
1986-01-07,81552.67
1986-01-08,82193.91
1986-01-09,82415.02
1986-01-10,84131.2
1986-01-13,83870.39
1986-01-14,84264.45
1986-01-15,85683.99
1986-01-16,89698.1
1986-01-17,87126.81
1986-01-20,86730.07
1986-01-21,88087.72
1986-01-22,87221.5
1986-01-23,86552.98
1986-01-24,87465.81
1986-01-27,88551.57
1986-01-28,87215.96
1986-01-29,87276.35
1986-01-30,88448.53
1986-01-31,86594.15
1986-02-03,85802.19
1986-02-04,83651.45
1986-02-05,83328.96
1986-02-06,83278.22
1986-02-07,83301.61
1986-02-10,84029.05
1986-02-11,82953.11
1986-02-12,83309.99
1986-02-13,82505.83
1986-02-14,81849.91
1986-02-18,83306.02
1986-02-19,84329.82
1986-02-20,83266.33
1986-02-21,83487.31
1986-02-24,84424.6
1986-02-25,87041.46
1986-02-26,85397.55
1986-02-27,83210.32
1986-02-28,83517.73
1986-03-03,82886.6
1986-03-04,83268.1
1986-03-05,84341.13
1986-03-06,85080.71
1986-03-07,84795.34
1986-03-10,84028.4
1986-03-11,84681.52
1986-03-12,84914.78
1986-03-13,86333.41
1986-03-14,85936.92
1986-03-17,86404.76
1986-03-18,86712.06
1986-03-19,85624.16
1986-03-20,86585.84
1986-03-21,87140.06
1986-03-24,86471.98
1986-03-25,86853.33
1986-03-26,85012.42
1986-03-27,84936.99
1986-03-31,84935.64
1986-04-01,82243.02
1986-04-02,82834.28
1986-04-03,82647.79
1986-04-04,82584.76
1986-04-07,83361.15
1986-04-08,83791.88
1986-04-09,83407.88
1986-04-10,83369.52
1986-04-11,84417.42
1986-04-14,84329.67
1986-04-15,84365.36
1986-04-16,83685.15
1986-04-17,83906
1986-04-18,84608.2
1986-04-21,84273.61
1986-04-22,84938.76
1986-04-23,85455.78
1986-04-24,85096.51
1986-04-25,85021.11
1986-04-28,84698.88
1986-04-29,84524.75
1986-04-30,85337.93
1986-05-01,85176.14
1986-05-02,84310.93
1986-05-05,84309.6
1986-05-06,84012.09
1986-05-07,84516.7
1986-05-08,85206.4
1986-05-09,85229.73
1986-05-12,85191.36
1986-05-13,84819.82
1986-05-14,84510
1986-05-15,84397.6
1986-05-16,84643.04
1986-05-19,84098.8
1986-05-20,83579.25
1986-05-21,83627.27
1986-05-22,84008.43
1986-05-23,84167.48
1986-05-27,84264.85
1986-05-28,84818.7
1986-05-29,84558.27
1986-05-30,84680.3
1986-06-02,84345.86
1986-06-03,84430.88
1986-06-04,84071.78
1986-06-05,84317.17
1986-06-06,84291.16
1986-06-09,84326.83
1986-06-10,85781.1
1986-06-11,85705.73
1986-06-12,85938.74
1986-06-13,85406.96
1986-06-16,83703.39
1986-06-17,83072.99
1986-06-18,83663.73
1986-06-19,83674.73
1986-06-20,83784.41
1986-06-23,84128.43
1986-06-24,84361.44
1986-06-25,84890.44
1986-06-26,85074.1
1986-06-27,84974.08
1986-06-30,85527.71
1986-07-01,85119.38
1986-07-02,84427.4
1986-07-03,84808.36
1986-07-07,85053.66
1986-07-08,85792.23
1986-07-09,85852.53
1986-07-10,85530.54
1986-07-11,85849.8
1986-07-14,85268.87
1986-07-15,85329.17
1986-07-16,85722.41
1986-07-17,85573.08
1986-07-18,85793.67
1986-07-21,87284.26
1986-07-22,87171.91
1986-07-23,85629.29
1986-07-24,85973.16
1986-07-25,86156.74
1986-07-28,87191.03
1986-07-29,86610.18
1986-07-30,86707.44
1986-07-31,88148.51
1986-08-01,89010.11
1986-08-04,88712.81
1986-08-05,88390.88
1986-08-06,89351.05
1986-08-07,89201.7
1986-08-08,90926.13
1986-08-11,95658.37
1986-08-12,94670.68
1986-08-13,95655.33
1986-08-14,94975.84
1986-08-15,94937.36
1986-08-18,93000.62
1986-08-19,92296.55
1986-08-20,93182.55
1986-08-21,93858.99
1986-08-22,95213.31
1986-08-25,95211.8
1986-08-26,93940.8
1986-08-27,93692.8
1986-08-28,95318.19
1986-08-29,94823.69
1986-09-02,96929.65
1986-09-03,99824.29
1986-09-04,99945.95
1986-09-05,103715.44
1986-09-08,103171.56
1986-09-09,100865.44
1986-09-10,103143.64
1986-09-11,99075.4
1986-09-12,103386.82
1986-09-15,101783.23
1986-09-16,102829.02
1986-09-17,101829.29
1986-09-18,102973.62
1986-09-19,105966.2
1986-09-22,107319.9
1986-09-23,107194.98
1986-09-24,106330.79
1986-09-25,105811.62
1986-09-26,106697.04
1986-09-29,105216.86
1986-09-30,104278.84
1986-10-01,104720.71
1986-10-02,106271.38
1986-10-03,107427.76
1986-10-06,107647.81
1986-10-07,107424.35
1986-10-08,107940.06
1986-10-09,107359.35
1986-10-10,106125.75
1986-10-13,106579.86
1986-10-14,105641.96
1986-10-15,103964.99
1986-10-16,104825.61
1986-10-17,103284.2
1986-10-20,104699.11
1986-10-21,104722.08
1986-10-22,104695.78
1986-10-23,104299.97
1986-10-24,101120.54
1986-10-27,100934.18
1986-10-28,101166.6
1986-10-29,99957.99
1986-10-30,100128.83
1986-10-31,98772.48
1986-11-03,100051.75
1986-11-04,100493.53
1986-11-05,99814.59
1986-11-06,100625.8
1986-11-07,100538
1986-11-10,101164.46
1986-11-11,99992.97
1986-11-12,100237.67
1986-11-13,100359.22
1986-11-14,100542.34
1986-11-17,96661.89
1986-11-18,96290.94
1986-11-19,96880.46
1986-11-20,95881.55
1986-11-21,95596.83
1986-11-24,93699.14
1986-11-25,94497.97
1986-11-26,94459.53
1986-11-28,95910.88
1986-12-01,97399.11
1986-12-02,95907.83
1986-12-03,95967.87
1986-12-04,95843.23
1986-12-05,95657.04
1986-12-08,95926.37
1986-12-09,95235.43
1986-12-10,96391.13
1986-12-11,95626.35
1986-12-12,96388.07
1986-12-15,97075.9
1986-12-16,96778.92
1986-12-17,96506.57
1986-12-18,96197.3
1986-12-19,97192.83
1986-12-22,97031.27
1986-12-23,95811.15
1986-12-24,95809.62
1986-12-26,95808.1
1986-12-29,96028.13
1986-12-30,95694.29
1986-12-31,95692.77
1987-01-02,99322.04
1987-01-05,98200.47
1987-01-06,98875.82
1987-01-07,98554.26
1987-01-08,99106.51
1987-01-09,98944.95
1987-01-12,101183.18
1987-01-13,100664.71
1987-01-14,102164.46
1987-01-15,102445.88
1987-01-16,102308.89
1987-01-19,103919.3
1987-01-20,102317.95
1987-01-21,100212.13
1987-01-22,101010.37
1987-01-23,98437.05
1987-01-26,99912.05
1987-01-27,101263.95
1987-01-28,101816.03
1987-01-29,100817.79
1987-01-30,98552.28
1987-02-02,100088.67
1987-02-03,99410.39
1987-02-04,99113.54
1987-02-05,98152.32
1987-02-06,99061.18
1987-02-09,99871.58
1987-02-10,99119.54
1987-02-11,99154.88
1987-02-12,98981.07
1987-02-13,97761.62
1987-02-17,97735.46
1987-02-18,95950.19
1987-02-19,96772.86
1987-02-20,98345.86
1987-02-23,99193.06
1987-02-24,98232.03
1987-02-25,99829.54
1987-02-26,99409.75
1987-02-27,99838.67
1987-03-02,99443.49
1987-03-03,99331.21
1987-03-04,100006.11
1987-03-05,101037.67
1987-03-06,99941.44
1987-03-09,99620.08
1987-03-10,99766.09
1987-03-11,100158.06
1987-03-12,100820.58
1987-03-13,100474.63
1987-03-16,99685.96
1987-03-17,99942.64
1987-03-18,99449.15
1987-03-19,99472.16
1987-03-20,99470.58
1987-03-23,100415.87
1987-03-24,100586.44
1987-03-25,101740.72
1987-03-26,101075.1
1987-03-27,102389.19
1987-03-30,104268.86
1987-03-31,103529.46
1987-04-01,102974.51
1987-04-02,102960.58
1987-04-03,102958.95
1987-04-06,103633.54
1987-04-07,102906.5
1987-04-08,103396.65
1987-04-09,103517.95
1987-04-10,106122.7
1987-04-13,107178.31
1987-04-14,108774.82
1987-04-15,109191.08
1987-04-16,107628.07
1987-04-20,107626.36
1987-04-21,110513.54
1987-04-22,109528.35
1987-04-23,110755.88
1987-04-24,113630.58
1987-04-27,116714.16
1987-04-28,111365.21
1987-04-29,110380.09
1987-04-30,111423.14
1987-05-01,112281.78
1987-05-04,112280
1987-05-05,112892.77
1987-05-06,112153.52
1987-05-07,112151.74
1987-05-08,111351.07
1987-05-11,111349.3
1987-05-12,113240.23
1987-05-13,113189.27
1987-05-14,113322.66
1987-05-15,115496.13
1987-05-18,116317.69
1987-05-19,115787.4
1987-05-20,116805.56
1987-05-21,115292.17
1987-05-22,114651.33
1987-05-26,110348.55
1987-05-27,110469.68
1987-05-28,111352.67
1987-05-29,110834.81
1987-06-01,108842.45
1987-06-02,111814.29
1987-06-03,111321.02
1987-06-04,111257.82
1987-06-05,111440.36
1987-06-08,112188.08
1987-06-09,111227.95
1987-06-10,111963.36
1987-06-11,112293.31
1987-06-12,111910.67
1987-06-15,110508.32
1987-06-16,111243.69
1987-06-17,110873.37
1987-06-18,111105.03
1987-06-19,110317.03
1987-06-22,107612.63
1987-06-23,108151.44
1987-06-24,108530.54
1987-06-25,108221.72
1987-06-26,109104.44
1987-06-29,110490.78
1987-06-30,109887.13
1987-07-01,109504.6
1987-07-02,109625.69
1987-07-06,108911.54
1987-07-07,109192.31
1987-07-08,109657.32
1987-07-09,109090.59
1987-07-10,109248.53
1987-07-13,109676.66
1987-07-14,109797.74
1987-07-15,111196.1
1987-07-16,111452.25
1987-07-17,110676.76
1987-07-20,110748.69
1987-07-21,111115.36
1987-07-22,111727.63
1987-07-23,111492.52
1987-07-24,111331.11
1987-07-27,111292.5
1987-07-28,112027.53
1987-07-29,112418.7
1987-07-30,112269.56
1987-07-31,113581.66
1987-08-03,116097.08
1987-08-04,116254.86
1987-08-05,115368.95
1987-08-06,115096.99
1987-08-07,113965.56
1987-08-10,113227.06
1987-08-11,113249.82
1987-08-12,113788.24
1987-08-13,113565.44
1987-08-14,112949.77
1987-08-17,111302.84
1987-08-18,112332.34
1987-08-19,112048.19
1987-08-20,111985.03
1987-08-21,111835.93
1987-08-24,112816.25
1987-08-25,112446.18
1987-08-26,112346.19
1987-08-27,112626.74
1987-08-28,111311.49
1987-08-31,111309.72
1987-09-01,111393.88
1987-09-02,113687.5
1987-09-03,113832.99
1987-09-04,114088.95
1987-09-08,112172.36
1987-09-09,112501.98
1987-09-10,112966.6
1987-09-11,112878.89
1987-09-14,111821.58
1987-09-15,112617.57
1987-09-16,112517.59
1987-09-17,113031.27
1987-09-18,113324.02
1987-09-21,112684.05
1987-09-22,113283.6
1987-09-23,113490.43
1987-09-24,113881.33
1987-09-25,113339.57
1987-09-28,113104.61
1987-09-29,112746.95
1987-09-30,112769.7
1987-10-01,111638.99
1987-10-02,111502.24
1987-10-05,112028.1
1987-10-06,112394.43
1987-10-07,112404.92
1987-10-08,112427.67
1987-10-09,113382.93
1987-10-12,113307.51
1987-10-13,112679.97
1987-10-14,113070.8
1987-10-15,114492.2
1987-10-16,114159.13
1987-10-19,118021.92
1987-10-20,113922.4
1987-10-21,114583.08
1987-10-22,115722.18
1987-10-23,115438.19
1987-10-26,116540.44
1987-10-27,116293.24
1987-10-28,117150.1
1987-10-29,115909.27
1987-10-30,115011.95
1987-11-02,115132.79
1987-11-03,113892.06
1987-11-04,114356.37
1987-11-05,112244.79
1987-11-06,112844.03
1987-11-09,113700.84
1987-11-10,112411.16
1987-11-11,113292.48
1987-11-12,113437.86
1987-11-13,114049.3
1987-11-16,113348.4
1987-11-17,113959.83
1987-11-18,113737.26
1987-11-19,114091.12
1987-11-20,114224.21
1987-11-23,115129.91
1987-11-24,116501.6
1987-11-25,116867.65
1987-11-27,117331.79
1987-11-30,120788.08
1987-12-01,119633.46
1987-12-02,120391.84
1987-12-03,120438.98
1987-12-04,119247.64
1987-12-07,117995.02
1987-12-08,118765.64
1987-12-09,118739.24
1987-12-10,119669.22
1987-12-11,121016.05
1987-12-14,122546.75
1987-12-15,120766.99
1987-12-16,119244.76
1987-12-17,117085.03
1987-12-18,117941.39
1987-12-21,117694.32
1987-12-22,118428.04
1987-12-23,118058.37
1987-12-24,118056.49
1987-12-28,118054.62
1987-12-29,119082.51
1987-12-30,118688.33
1987-12-31,118686.45
1988-01-04,117801.96
1988-01-05,116574.26
1988-01-06,118018.86
1988-01-07,118531.82
1988-01-08,118628
1988-01-11,118626.12
1988-01-12,117766.22
1988-01-13,118132.07
1988-01-14,118007.62
1988-01-15,117736.1
1988-01-18,116533.09
1988-01-19,116947.96
1988-01-20,117080.92
1988-01-21,116968.76
1988-01-22,116721.79
1988-01-25,116732.19
1988-01-26,115137.14
1988-01-27,113971.07
1988-01-28,114300.15
1988-01-29,112251.79
1988-02-01,110951.02
1988-02-02,111733.54
1988-02-03,109158.39
1988-02-04,108629.74
1988-02-05,108248.15
1988-02-08,108344.46
1988-02-09,107485
1988-02-10,108095.95
1988-02-11,107971.71
1988-02-12,108705.16
1988-02-16,109046.51
1988-02-17,109191.81
1988-02-18,109594.4
1988-02-19,108526.73
1988-02-22,109162.11
1988-02-23,108400.77
1988-02-24,106769.61
1988-02-25,105873.57
1988-02-26,105467.61
1988-02-29,104412.36
1988-03-01,105182.49
1988-03-02,105082.82
1988-03-03,105130.15
1988-03-04,105789.99
1988-03-07,106792.8
1988-03-08,106901.35
1988-03-09,106936.4
1988-03-10,108380.12
1988-03-11,108231.41
1988-03-14,108339.94
1988-03-15,108325.97
1988-03-16,109304.13
1988-03-17,109130.92
1988-03-18,108480.04
1988-03-21,110046.05
1988-03-22,109713.61
1988-03-23,110103.8
1988-03-24,111192.06
1988-03-25,110663.67
1988-03-28,111176.29
1988-03-29,111419.46
1988-03-30,111136.02
1988-03-31,111918.02
1988-04-04,111916.25
1988-04-05,111093.99
1988-04-06,110173.79
1988-04-07,109523.02
1988-04-08,110060.08
1988-04-11,109911.39
1988-04-12,110399.45
1988-04-13,110042.6
1988-04-14,110285.74
1988-04-15,111741.08
1988-04-18,112155.61
1988-04-19,111884.46
1988-04-20,112005.12
1988-04-21,111231.99
1988-04-22,109846.72
1988-04-25,110236.76
1988-04-26,109451.45
1988-04-27,110257.74
1988-04-28,110696.73
1988-04-29,109935.94
1988-05-02,109934.19
1988-05-03,109173.44
1988-05-04,108522.88
1988-05-05,108912.9
1988-05-06,108409.26
1988-05-09,108799.27
1988-05-10,109348.39
1988-05-11,109946.46
1988-05-12,110409.86
1988-05-13,110040.9
1988-05-16,110957.18
1988-05-17,111310.38
1988-05-18,111137.25
1988-05-19,112090.19
1988-05-20,111354.04
1988-05-23,111927.52
1988-05-24,111925.75
1988-05-25,111103.95
1988-05-26,110943.09
1988-05-27,110635.36
1988-05-31,111490.29
1988-06-01,111794.48
1988-06-02,111046.19
1988-06-03,113736.75
1988-06-06,113698.23
1988-06-07,113659.71
1988-06-08,112054.83
1988-06-09,111465.67
1988-06-10,111990.08
1988-06-13,109883.6
1988-06-14,109270.03
1988-06-15,110614.29
1988-06-16,111077.5
1988-06-17,110182.52
1988-06-20,111147.39
1988-06-21,110521.62
1988-06-22,109749.04
1988-06-23,109576
1988-06-24,108460.88
1988-06-27,108471.4
1988-06-28,108604.26
1988-06-29,106082.26
1988-06-30,106814.62
1988-07-01,106886.33
1988-07-05,107043.67
1988-07-06,106870.7
1988-07-07,107872.14
1988-07-08,107503.44
1988-07-11,106865.61
1988-07-12,106129.95
1988-07-13,106421.85
1988-07-14,107826.89
1988-07-15,107421.51
1988-07-18,106575.8
1988-07-19,106720.89
1988-07-20,108810.8
1988-07-21,108796.84
1988-07-22,108171.32
1988-07-25,107264.51
1988-07-26,105477.1
1988-07-27,105879.04
1988-07-28,105852.9
1988-07-29,106841.87
1988-08-01,106302.05
1988-08-02,105847.86
1988-08-03,106176.38
1988-08-04,105930.1
1988-08-05,105867.28
1988-08-08,105657.7
1988-08-09,104139.64
1988-08-10,104480.39
1988-08-11,104662.16
1988-08-12,105956.7
1988-08-15,105221.33
1988-08-16,105806.6
1988-08-17,104912.3
1988-08-18,105289.69
1988-08-19,105789.33
1988-08-22,105396.39
1988-08-23,105785.98
1988-08-24,105882.11
1988-08-25,106173.87
1988-08-26,105915.43
1988-08-29,105913.75
1988-08-30,104591.66
1988-08-31,104590
1988-09-01,105236.3
1988-09-02,104831.19
1988-09-06,104756.17
1988-09-07,104461.11
1988-09-08,104703.95
1988-09-09,104983.45
1988-09-12,102536.9
1988-09-13,102791.98
1988-09-14,103047.05
1988-09-15,102397.55
1988-09-16,101491.38
1988-09-19,99986.28
1988-09-20,100229.16
1988-09-21,97941.85
1988-09-22,97231.37
1988-09-23,97865.41
1988-09-26,96629.39
1988-09-27,97067.85
1988-09-28,96650.76
1988-09-29,97406.99
1988-09-30,96965.46
1988-10-03,96792.82
1988-10-04,97402.35
1988-10-05,96655.31
1988-10-06,98682.45
1988-10-07,98717.55
1988-10-10,99412.55
1988-10-11,99533.18
1988-10-12,99323.86
1988-10-13,99395.6
1988-10-14,99613.98
1988-10-17,100932.11
1988-10-18,100551.71
1988-10-19,100501.23
1988-10-20,100731.8
1988-10-21,100253.67
1988-10-24,99091.31
1988-10-25,99615.13
1988-10-26,99552.45
1988-10-27,99575.31
1988-10-28,100551.16
1988-10-31,100769.48
1988-11-01,100401.35
1988-11-02,101340.49
1988-11-03,103452.43
1988-11-04,102864.38
1988-11-07,102765.01
1988-11-08,102213.64
1988-11-09,102810.62
1988-11-10,102393.64
1988-11-11,102685.19
1988-11-14,102439.25
1988-11-15,103585.88
1988-11-16,103547.59
1988-11-17,103093.99
1988-11-18,102054.08
1988-11-21,101612.73
1988-11-22,102209.63
1988-11-23,102415.65
1988-11-25,103598.8
1988-11-28,103633.8
1988-11-29,103351.24
1988-11-30,103227.46
1988-12-01,103751
1988-12-02,103627.22
1988-12-05,104785.81
1988-12-06,104478.82
1988-12-07,103219.27
1988-12-08,103364.18
1988-12-09,102519.89
1988-12-12,102579.33
1988-12-13,102699.82
1988-12-14,102576.07
1988-12-15,102195.89
1988-12-16,100557.96
1988-12-19,100861.64
1988-12-20,100835.62
1988-12-21,101249.18
1988-12-22,101894.73
1988-12-23,101893.11
1988-12-27,101891.49
1988-12-28,100815.4
1988-12-29,100178.9
1988-12-30,100177.31
1989-01-03,100505.37
1989-01-04,99954.37
1989-01-05,99440
1989-01-06,99218.67
1989-01-09,98264.83
1989-01-10,98763.81
1989-01-11,98591.33
1989-01-12,98675.22
1989-01-13,99015.47
1989-01-16,98025.09
1989-01-17,98206.64
1989-01-18,98266.12
1989-01-19,98533.11
1989-01-20,98995.41
1989-01-23,99469.89
1989-01-24,99675.82
1989-01-25,98673.33
1989-01-26,99172.21
1989-01-27,97583.88
1989-01-30,96178.69
1989-01-31,96177.16
1989-02-01,95882.71
1989-02-02,95466.22
1989-02-03,95196.19
1989-02-06,94682.09
1989-02-07,95437.26
1989-02-08,95325.91
1989-02-09,96117.66
1989-02-10,95091.01
1989-02-13,93844.72
1989-02-14,93745.61
1989-02-15,92987.51
1989-02-16,93779.24
1989-02-17,92838.13
1989-02-21,93593.22
1989-02-22,94384.9
1989-02-23,95298.57
1989-02-24,94784.57
1989-02-27,95319.95
1989-02-28,94439.91
1989-03-01,93718.52
1989-03-02,93680.43
1989-03-03,94289
1989-03-06,94494.92
1989-03-07,95347.48
1989-03-08,96285.41
1989-03-09,95527.46
1989-03-10,96013.95
1989-03-13,95768.42
1989-03-14,96376.89
1989-03-15,95862.98
1989-03-16,95007.5
1989-03-17,96201.51
1989-03-20,96492.76
1989-03-21,95820.3
1989-03-22,95965.16
1989-03-23,96341.79
1989-03-27,96340.26
1989-03-28,95326.29
1989-03-29,93421.91
1989-03-30,93603.39
1989-03-31,93479.93
1989-04-03,94027.33
1989-04-04,94318.56
1989-04-05,93426.69
1989-04-06,93754.52
1989-04-07,93240.78
1989-04-10,93056.36
1989-04-11,93908.61
1989-04-12,94455.93
1989-04-13,95186.18
1989-04-14,94196.83
1989-04-17,93939.23
1989-04-18,93645.06
1989-04-19,93631.37
1989-04-20,93654.28
1989-04-21,93652.79
1989-04-24,93541.55
1989-04-25,94113.2
1989-04-26,93611.75
1989-04-27,93707.81
1989-04-28,92072.38
1989-05-01,92070.92
1989-05-02,92045.07
1989-05-03,92324.05
1989-05-04,92237.24
1989-05-05,91613.95
1989-05-08,92234.31
1989-05-09,91708.58
1989-05-10,91975.35
1989-05-11,92254.3
1989-05-12,91996.81
1989-05-15,91141.95
1989-05-16,91311.18
1989-05-17,90675.79
1989-05-18,90211.1
1989-05-19,89112.51
1989-05-22,87709.19
1989-05-23,88865.87
1989-05-24,88133.06
1989-05-25,88643.63
1989-05-26,89178.57
1989-05-30,88275.13
1989-05-31,88200.6
1989-06-01,88101.68
1989-06-02,88124.66
1989-06-05,89025.23
1989-06-06,88950.69
1989-06-07,91216.31
1989-06-08,91287.99
1989-06-09,89763.04
1989-06-12,87726.26
1989-06-13,87432.36
1989-06-14,88015.97
1989-06-15,88112.07
1989-06-16,89049.07
1989-06-19,88816.11
1989-06-20,89350.91
1989-06-21,89178.88
1989-06-22,90115.81
1989-06-23,90175.31
1989-06-26,91319.35
1989-06-27,91695.65
1989-06-28,91084.92
1989-06-29,91704.93
1989-06-30,90899.26
1989-07-03,91263.36
1989-07-05,93479.53
1989-07-06,93941.05
1989-07-07,93464.37
1989-07-10,93389.79
1989-07-11,92291.75
1989-07-12,92533.96
1989-07-13,91557.81
1989-07-14,90350.2
1989-07-17,90300.04
1989-07-18,90566.63
1989-07-19,90321.54
1989-07-20,90405.38
1989-07-21,90732.87
1989-07-24,90621.79
1989-07-25,90449.8
1989-07-26,90704.18
1989-07-27,91153.46
1989-07-28,90067.87
1989-07-31,89725.37
1989-08-01,89894.48
1989-08-02,90075.76
1989-08-03,89952.53
1989-08-04,90255.61
1989-08-07,89182.32
1989-08-08,89132.18
1989-08-09,88814.09
1989-08-10,89117.17
1989-08-11,88153.58
1989-08-14,88493.2
1989-08-15,89173.82
1989-08-16,89537.78
1989-08-17,88878.7
1989-08-18,89206.11
1989-08-21,89119.45
1989-08-22,89239.82
1989-08-23,89189.69
1989-08-24,88214.05
1989-08-25,87786.44
1989-08-28,87785.05
1989-08-29,87625.35
1989-08-30,88013.62
1989-08-31,87622.57
1989-09-01,87523.76
1989-09-05,87315.38
1989-09-06,87715.8
1989-09-07,87470.89
1989-09-08,87566.91
1989-09-11,87261.13
1989-09-12,87320.62
1989-09-13,87294.89
1989-09-14,88024
1989-09-15,86622.5
1989-09-18,87582.92
1989-09-19,87812.84
1989-09-20,88322.77
1989-09-21,88333.54
1989-09-22,88843.44
1989-09-25,89438.54
1989-09-26,89595.38
1989-09-27,89837.42
1989-09-28,89227.34
1989-09-29,89225.92
1989-10-02,89224.51
1989-10-03,88979.64
1989-10-04,89099.95
1989-10-05,89147.23
1989-10-06,88366.81
1989-10-09,88341.06
1989-10-10,88096.23
1989-10-11,87887.92
1989-10-12,88397.71
1989-10-13,88408.48
1989-10-16,89672.83
1989-10-17,89245.44
1989-10-18,89694.33
1989-10-19,89717.24
1989-10-20,88997.79
1989-10-23,88959.87
1989-10-24,89226.19
1989-10-25,89723.72
1989-10-26,89710.12
1989-10-27,90682.22
1989-10-30,91751.64
1989-10-31,91336.45
1989-11-01,90787.42
1989-11-02,91078.02
1989-11-03,92597.58
1989-11-06,92413.59
1989-11-07,93470.72
1989-11-08,93250.22
1989-11-09,94197.79
1989-11-10,93770.44
1989-11-13,95022.15
1989-11-14,94473.14
1989-11-15,95238.13
1989-11-16,95236.62
1989-11-17,95381.1
1989-11-20,96085.21
1989-11-21,97081.28
1989-11-22,99731.83
1989-11-24,101165.76
1989-11-27,100665.38
1989-11-28,99690.59
1989-11-29,99774.16
1989-11-30,99298.15
1989-12-01,100683.32
1989-12-04,99404.48
1989-12-05,98222.99
1989-12-06,98002.48
1989-12-07,98767.24
1989-12-08,99580.62
1989-12-11,101075.12
1989-12-12,101073.52
1989-12-13,100463.77
1989-12-14,99367.53
1989-12-15,100399.77
1989-12-18,99121.13
1989-12-19,100311.44
1989-12-20,100309.85
1989-12-21,100454.2
1989-12-22,100452.61
1989-12-26,100451.01
1989-12-27,98746.86
1989-12-28,96945.47
1989-12-29,96943.93
1990-01-02,97039.68
1990-01-03,96065.31
1990-01-04,96428.59
1990-01-05,98494.25
1990-01-08,98395.41
1990-01-09,98114.18
1990-01-10,99486.63
1990-01-11,100214.61
1990-01-12,101222.21
1990-01-15,101062.54
1990-01-16,100367.9
1990-01-17,99794.86
1990-01-18,100522.77
1990-01-19,99366.16
1990-01-22,98720.21
1990-01-23,99265.74
1990-01-24,102303.53
1990-01-25,101061.87
1990-01-26,101631.65
1990-01-29,101812.39
1990-01-30,101664.89
1990-01-31,100909.57
1990-02-01,101090.31
1990-02-02,101611.42
1990-02-05,102837.56
1990-02-06,102361.85
1990-02-07,103016.63
1990-02-08,101617.13
1990-02-09,101007.76
1990-02-12,101820.54
1990-02-13,101624.44
1990-02-14,100784.16
1990-02-15,101280.89
1990-02-16,101242.82
1990-02-20,102079.84
1990-02-21,102090.38
1990-02-22,101517.54
1990-02-23,101078.4
1990-02-26,99970.85
1990-02-27,99057.79
1990-02-28,99092.67
1990-03-01,98750.83
1990-03-02,98445.45
1990-03-05,97994.25
1990-03-06,98515.24
1990-03-07,97334.94
1990-03-08,97382
1990-03-09,97040.21
1990-03-12,97512.57
1990-03-13,96538.94
1990-03-14,96901.93
1990-03-15,97082.66
1990-03-16,97360.58
1990-03-19,97711.39
1990-03-20,97114.48
1990-03-21,95254
1990-03-22,95252.49
1990-03-23,95615.46
1990-03-26,89964.49
1990-03-27,89416.35
1990-03-28,90386.85
1990-03-29,90263.93
1990-03-30,89533.58
1990-04-02,89507.86
1990-04-03,91110
1990-04-04,90926.34
1990-04-05,91933.16
1990-04-06,91761.64
1990-04-09,91517.23
1990-04-10,91151.36
1990-04-11,90979.86
1990-04-12,91221.35
1990-04-16,91219.9
1990-04-17,90854.06
1990-04-18,91034.81
1990-04-19,91276.29
1990-04-20,91335.57
1990-04-23,91151.93
1990-04-24,91527
1990-04-25,90226
1990-04-26,90261
1990-04-27,90259.57
1990-04-30,89322.99
1990-05-01,89746.63
1990-05-02,89769.5
1990-05-03,89840.94
1990-05-04,90179.54
1990-05-07,90178.11
1990-05-08,90018.81
1990-05-09,89932.38
1990-05-10,90283.1
1990-05-11,89504.52
1990-05-14,89612.38
1990-05-15,89307.4
1990-05-16,89815.96
1990-05-17,89656.69
1990-05-18,89825.25
1990-05-21,90600.9
1990-05-22,91085.13
1990-05-23,88509.7
1990-05-24,88993.94
1990-05-25,88992.53
1990-05-29,89282.5
1990-05-30,88965.42
1990-05-31,88150.6
1990-06-01,88246.32
1990-06-04,86690.99
1990-06-05,86944.55
1990-06-06,87283.08
1990-06-07,85655
1990-06-08,85823.59
1990-06-11,86113.57
1990-06-12,86367.12
1990-06-13,85091.18
1990-06-14,83960.95
1990-06-15,84214.52
1990-06-18,84783.68
1990-06-19,84636.67
1990-06-20,84210.51
1990-06-21,84901.01
1990-06-22,84571.96
1990-06-25,85784.33
1990-06-26,84799.88
1990-06-27,85114.09
1990-06-28,85513.24
1990-06-29,85487.61
1990-07-02,86748.42
1990-07-03,87863.56
1990-07-05,87303.92
1990-07-06,87654.47
1990-07-09,87434.64
1990-07-10,85916.34
1990-07-11,85987.79
1990-07-12,85294.74
1990-07-13,88242.11
1990-07-16,88155.77
1990-07-17,87535.52
1990-07-18,87218.64
1990-07-19,87921.03
1990-07-20,87604.15
1990-07-23,88840.38
1990-07-24,89469.91
1990-07-25,90451.27
1990-07-26,89479.2
1990-07-27,88992.47
1990-07-30,89124.52
1990-07-31,90336.34
1990-08-01,89934.54
1990-08-02,92371.65
1990-08-03,91957.7
1990-08-06,92744.8
1990-08-07,92985.95
1990-08-08,93348.41
1990-08-09,93067.92
1990-08-10,94461.49
1990-08-13,98087.06
1990-08-14,99832.29
1990-08-15,96652.57
1990-08-16,97669.96
1990-08-17,99609.2
1990-08-20,98916.22
1990-08-21,100382.32
1990-08-22,99155.67
1990-08-23,100039.52
1990-08-24,99528.52
1990-08-27,99526.94
1990-08-28,94176.66
1990-08-29,93217.03
1990-08-30,94537.52
1990-08-31,94050.9
1990-09-04,92509.18
1990-09-05,92968.56
1990-09-06,93985.78
1990-09-07,93280.91
1990-09-10,93255.18
1990-09-11,91798.48
1990-09-12,92658.02
1990-09-13,92692.92
1990-09-14,93661.55
1990-09-17,94436.13
1990-09-18,93610.07
1990-09-19,93729.84
1990-09-20,93837.49
1990-09-21,94405.88
1990-09-24,95180.39
1990-09-25,97906.98
1990-09-26,97650.81
1990-09-27,97952.37
1990-09-28,99029.88
1990-10-01,96094.27
1990-10-02,94043.8
1990-10-03,94418.14
1990-10-04,95956.33
1990-10-05,95918.44
1990-10-08,94753.09
1990-10-09,96254.84
1990-10-10,94992.54
1990-10-11,94069.72
1990-10-12,94128.84
1990-10-15,92296.89
1990-10-16,88428.51
1990-10-17,88730.15
1990-10-18,89177.24
1990-10-19,90181.9
1990-10-22,89089.56
1990-10-23,90094.19
1990-10-24,89959.43
1990-10-25,90915.54
1990-10-26,90586.84
1990-10-29,90343
1990-10-30,90596.09
1990-10-31,91988.43
1990-11-01,92205.13
1990-11-02,91500.73
1990-11-05,91353.85
1990-11-06,91922
1990-11-07,93314.21
1990-11-08,93252.14
1990-11-09,93480.91
1990-11-12,92267.59
1990-11-13,92944.74
1990-11-14,93040.21
1990-11-15,91608.84
1990-11-16,91195.39
1990-11-19,91557.46
1990-11-20,92089.16
1990-11-21,91433.39
1990-11-23,92958.65
1990-11-26,93756.87
1990-11-27,93004.17
1990-11-28,93293.48
1990-11-29,93728.18
1990-11-30,93254.17
1990-12-03,92234.97
1990-12-04,91494.47
1990-12-05,91105.33
1990-12-06,89650.07
1990-12-07,89842.49
1990-12-10,90628.52
1990-12-11,90154.61
1990-12-12,89862.44
1990-12-13,90127.52
1990-12-14,90416.83
1990-12-17,91166.44
1990-12-18,91431.49
1990-12-19,91793.44
1990-12-20,93378.81
1990-12-21,92965.48
1990-12-24,92964.01
1990-12-26,92962.53
1990-12-27,92730.92
1990-12-28,93553.08
1990-12-31,93551.59
1991-01-02,94664.39
1991-01-03,93572.85
1991-01-04,93837.81
1991-01-07,94732.55
1991-01-08,94391.94
1991-01-09,93760.68
1991-01-10,94594.83
1991-01-11,94605.43
1991-01-14,96541.58
1991-01-15,96515.82
1991-01-16,97604.18
1991-01-17,91789.98
1991-01-18,91606.88
1991-01-21,91593.31
1991-01-22,92269.97
1991-01-23,91614.62
1991-01-24,90329.64
1991-01-25,90630.92
1991-01-28,90690.03
1991-01-29,91245.56
1991-01-30,88895.17
1991-01-31,88627.39
1991-02-01,88262.75
1991-02-04,88903.04
1991-02-05,88768.45
1991-02-06,87350.53
1991-02-07,88111.87
1991-02-08,89587.48
1991-02-11,88823.35
1991-02-12,88228.73
1991-02-13,88796.32
1991-02-14,89133.87
1991-02-15,88490.86
1991-02-19,87884.18
1991-02-20,88282.26
1991-02-21,87699.81
1991-02-22,86863.19
1991-02-25,86583.4
1991-02-26,86969.37
1991-02-27,87149.55
1991-02-28,87801.79
1991-03-01,88817.13
1991-03-04,88464.71
1991-03-05,88233.34
1991-03-06,88643.45
1991-03-07,88714.66
1991-03-08,89197.37
1991-03-11,88554.51
1991-03-12,88165.82
1991-03-13,88588.01
1991-03-14,88247.74
1991-03-15,88585.19
1991-03-18,87688.25
1991-03-19,88219.33
1991-03-20,88217.93
1991-03-21,87696.18
1991-03-22,87791.6
1991-03-25,86943.14
1991-03-26,86300.43
1991-03-27,85681.94
1991-03-28,86067.78
1991-04-01,86066.42
1991-04-02,86512.75
1991-04-03,86922.76
1991-04-04,86727.79
1991-04-05,86750.61
1991-04-08,87354.19
1991-04-09,88078.74
1991-04-10,87920.06
1991-04-11,87531.51
1991-04-12,87578.51
1991-04-15,87129.49
1991-04-16,87394.27
1991-04-17,87259.8
1991-04-18,86895.49
1991-04-19,86168.27
1991-04-22,86227.39
1991-04-23,86008.27
1991-04-24,86079.49
1991-04-25,85461.19
1991-04-26,85459.84
1991-04-29,84938.34
1991-04-30,86545.77
1991-05-01,86242
1991-05-02,85672.13
1991-05-03,85997.35
1991-05-06,85995.99
1991-05-07,86151.86
1991-05-08,86331.91
1991-05-09,86318.45
1991-05-10,86280.79
1991-05-13,86315.71
1991-05-14,86580.41
1991-05-15,87038.6
1991-05-16,86106
1991-05-17,85886.95
1991-05-20,85861.4
1991-05-21,86174.46
1991-05-22,86281.93
1991-05-23,85833.13
1991-05-24,86049.43
1991-05-28,86011.79
1991-05-29,87425.21
1991-05-30,87315
1991-05-31,87156.42
1991-06-03,87783.8
1991-06-04,87637.31
1991-06-05,87635.91
1991-06-06,88226.99
1991-06-07,88745.49
1991-06-10,90001.51
1991-06-11,89770.36
1991-06-12,89950.29
1991-06-13,89392.72
1991-06-14,88919.8
1991-06-17,88688.68
1991-06-18,89521.45
1991-06-19,88830.94
1991-06-20,88877.88
1991-06-21,88550.07
1991-06-24,87255.17
1991-06-25,87846.12
1991-06-26,88509.59
1991-06-27,88193.89
1991-06-28,89050.74
1991-07-01,89182.29
1991-07-02,88745.72
1991-07-03,89264.07
1991-07-05,89419.79
1991-07-08,89502.98
1991-07-09,89247.73
1991-07-10,89657.26
1991-07-11,89027.34
1991-07-12,88917.16
1991-07-15,88903.66
1991-07-16,89119.79
1991-07-17,89166.72
1991-07-18,89189.48
1991-07-19,89429.77
1991-07-22,89367.92
1991-07-23,88798.51
1991-07-24,88458.73
1991-07-25,88191.47
1991-07-26,87996.72
1991-07-29,88237
1991-07-30,87329.31
1991-07-31,87690.43
1991-08-01,87821.96
1991-08-02,86467.23
1991-08-05,86151.69
1991-08-06,86271.16
1991-08-07,86221.46
1991-08-08,86413.41
1991-08-09,86557.03
1991-08-12,86555.65
1991-08-13,86215.98
1991-08-14,85985.06
1991-08-15,86587.78
1991-08-16,86441.42
1991-08-19,87273.66
1991-08-20,85484.27
1991-08-21,86086.96
1991-08-22,86061.43
1991-08-23,85456.04
1991-08-26,85454.69
1991-08-27,85477.49
1991-08-28,85645.25
1991-08-29,84858.71
1991-08-30,83927.24
1991-09-03,83913.83
1991-09-04,84238.63
1991-09-05,83923.24
1991-09-06,84078.93
1991-09-09,84681.53
1991-09-10,84957.99
1991-09-11,83398.55
1991-09-12,83602.55
1991-09-13,83154.35
1991-09-16,83430.81
1991-09-17,83610.65
1991-09-18,84128.64
1991-09-19,84199.77
1991-09-20,84198.43
1991-09-23,84354.09
1991-09-24,84992.81
1991-09-25,85196.76
1991-09-26,84990.11
1991-09-27,84155.52
1991-09-30,85711.95
1991-10-01,85481.16
1991-10-02,85974.89
1991-10-03,86166.73
1991-10-04,86044.61
1991-10-07,86864.33
1991-10-08,86355.82
1991-10-09,86366.52
1991-10-10,86811.89
1991-10-11,86387.93
1991-10-14,86567.66
1991-10-15,86336.89
1991-10-16,86094.05
1991-10-17,86515.25
1991-10-18,86827.77
1991-10-21,87840.51
1991-10-22,87489.01
1991-10-23,87451.4
1991-10-24,87160.28
1991-10-25,87400.34
1991-10-28,86553.92
1991-10-29,86286.97
1991-10-30,86756.39
1991-10-31,86296.3
1991-11-01,86367.36
1991-11-04,86028
1991-11-05,86074.92
1991-11-06,85578.66
1991-11-07,85577.3
1991-11-08,85189.7
1991-11-11,85671.15
1991-11-12,85633.58
1991-11-13,86066.72
1991-11-14,85896.39
1991-11-15,85810.54
1991-11-18,87076.42
1991-11-19,87618.13
1991-11-20,87520.19
1991-11-21,87929.13
1991-11-22,88808.72
1991-11-25,89084.87
1991-11-26,88395.59
1991-11-27,88599.34
1991-11-29,88404.85
1991-12-02,88898.21
1991-12-03,87581.48
1991-12-04,88147.24
1991-12-05,88025.17
1991-12-06,88747.76
1991-12-09,89458.27
1991-12-10,88817.34
1991-12-11,88441.89
1991-12-12,86751.28
1991-12-13,86641.32
1991-12-16,86784.72
1991-12-17,86240.41
1991-12-18,86359.7
1991-12-19,86599.62
1991-12-20,86453.47
1991-12-23,86777.84
1991-12-24,86776.46
1991-12-26,86775.08
1991-12-27,85241.6
1991-12-30,85204.06
1991-12-31,85202.7
1992-01-02,84658.5
1992-01-03,85163.81
1992-01-06,84293.93
1992-01-07,84364.97
1992-01-08,84580.75
1992-01-09,84808.6
1992-01-10,86339.14
1992-01-13,85372.81
1992-01-14,85299.09
1992-01-15,85768.13
1992-01-16,86056.24
1992-01-17,85849.84
1992-01-20,86535.95
1992-01-21,86305.42
1992-01-22,86050.78
1992-01-23,85675.54
1992-01-24,85203.83
1992-01-27,85889.9
1992-01-28,85936.78
1992-01-29,85585.68
1992-01-30,85861.69
1992-01-31,85402.08
1992-02-03,85955.44
1992-02-04,85857.6
1992-02-05,85446.25
1992-02-06,85842.82
1992-02-07,85901.75
1992-02-10,85526.58
1992-02-11,85850.79
1992-02-12,86138.81
1992-02-13,85920.41
1992-02-14,85388.52
1992-02-18,85073.68
1992-02-19,85168.79
1992-02-20,85215.66
1992-02-21,84780.28
1992-02-24,84344.9
1992-02-25,84512.35
1992-02-26,84064.94
1992-02-27,85293.29
1992-02-28,85135.21
1992-03-02,84494.93
1992-03-03,84710.58
1992-03-04,84419.91
1992-03-05,84358.3
1992-03-06,84236.42
1992-03-09,84090.43
1992-03-10,83980.6
1992-03-11,84135.97
1992-03-12,83797.13
1992-03-13,83711.42
1992-03-16,82685.55
1992-03-17,81719.97
1992-03-18,82032.06
1992-03-19,81428.11
1992-03-20,81667.87
1992-03-23,81642.47
1992-03-24,81568.86
1992-03-25,82254.54
1992-03-26,82048.35
1992-03-27,82071.15
1992-03-30,82744.73
1992-03-31,82357.78
1992-04-01,82910.82
1992-04-02,82065.94
1992-04-03,82088.74
1992-04-06,81762.07
1992-04-07,81640.26
1992-04-08,81337.71
1992-04-09,81565.37
1992-04-10,82395.52
1992-04-13,82129.12
1992-04-14,81694.03
1992-04-15,81680.69
1992-04-16,81137.18
1992-04-20,81135.89
1992-04-21,81520.16
1992-04-22,81470.68
1992-04-23,81565.77
1992-04-24,81094.6
1992-04-27,80888.5
1992-04-28,81140.21
1992-04-29,80885.93
1992-04-30,81041.26
1992-05-01,81317.06
1992-05-04,81315.77
1992-05-05,81133.78
1992-05-06,81120.44
1992-05-07,80962.55
1992-05-08,81166.05
1992-05-11,80984.07
1992-05-12,80765.96
1992-05-13,80752.63
1992-05-14,81160.9
1992-05-15,81665.51
1992-05-18,81640.12
1992-05-19,81783.37
1992-05-20,81167.79
1992-05-21,81238.77
1992-05-22,81345.88
1992-05-26,81380.72
1992-05-27,81560.08
1992-05-28,81149.3
1992-05-29,81292.54
1992-06-01,81134.68
1992-06-02,81651.25
1992-06-03,81866.73
1992-06-04,81504.15
1992-06-05,81599.19
1992-06-08,81573.81
1992-06-09,81355.76
1992-06-10,81318.34
1992-06-11,81461.55
1992-06-12,81785.38
1992-06-15,82530.65
1992-06-16,82445.05
1992-06-17,82359.46
1992-06-18,82177.54
1992-06-19,82730.1
1992-06-22,82475.94
1992-06-23,82787.68
1992-06-24,82425.16
1992-06-25,82688.73
1992-06-26,82711.5
1992-06-29,82349
1992-06-30,82684.79
1992-07-01,82719.6
1992-07-02,83573.05
1992-07-06,83451.34
1992-07-07,83209.24
1992-07-08,83665.38
1992-07-09,83603.86
1992-07-10,83951.64
1992-07-13,83926.23
1992-07-14,84093.42
1992-07-15,84477.28
1992-07-16,84981.51
1992-07-17,85870.9
1992-07-20,86495.45
1992-07-21,86205.2
1992-07-22,86360.31
1992-07-23,86539.48
1992-07-24,86080.73
1992-07-27,86271.94
1992-07-28,86559.43
1992-07-29,85739.64
1992-07-30,85870.67
1992-07-31,86134.08
1992-08-03,85218.05
1992-08-04,84891.76
1992-08-05,84421.07
1992-08-06,83902.25
1992-08-07,84213.81
1992-08-10,84320.78
1992-08-11,83789.95
1992-08-12,83463.71
1992-08-13,81176.04
1992-08-14,80789.69
1992-08-17,81197.53
1992-08-18,80883.39
1992-08-19,81339.35
1992-08-20,81157.57
1992-08-21,81072.05
1992-08-24,82370.23
1992-08-25,82152.35
1992-08-26,81453.21
1992-08-27,81572.23
1992-08-28,81811.56
1992-08-31,81810.26
1992-09-01,82218.01
1992-09-02,81915.94
1992-09-03,81529.66
1992-09-04,82298.31
1992-09-08,82321.07
1992-09-09,82596.45
1992-09-10,82342.51
1992-09-11,81799.87
1992-09-14,83302.25
1992-09-15,83216.72
1992-09-16,83961.2
1992-09-17,83815.52
1992-09-18,83525.5
1992-09-21,83981.26
1992-09-22,83991.95
1992-09-23,83774.12
1992-09-24,83772.79
1992-09-25,84120.26
1992-09-28,83709.99
1992-09-29,83588.39
1992-09-30,83947.87
1992-10-01,83838.3
1992-10-02,83704.67
1992-10-05,84064.14
1992-10-06,84255.23
1992-10-07,84217.81
1992-10-08,84300.66
1992-10-09,84203.11
1992-10-12,83335.94
1992-10-13,82673.22
1992-10-14,82671.9
1992-10-15,82213.64
1992-10-16,82188.29
1992-10-19,82391.4
1992-10-20,82606.53
1992-10-21,82665.34
1992-10-22,82399.5
1992-10-23,82362.12
1992-10-26,82108.32
1992-10-27,81337.51
1992-10-28,81324.2
1992-10-29,81635.51
1992-10-30,81574.1
1992-11-02,81632.92
1992-11-03,81415.21
1992-11-04,81221.56
1992-11-05,81280.39
1992-11-06,81050.68
1992-11-09,80424.26
1992-11-10,79425.19
1992-11-11,79616.28
1992-11-12,80083.84
1992-11-13,80395.11
1992-11-16,80634.25
1992-11-17,80368.52
1992-11-18,80559.57
1992-11-19,80353.95
1992-11-20,80797.41
1992-11-23,80303.32
1992-11-24,80362.14
1992-11-25,80372.88
1992-11-27,80299.49
1992-11-30,80334.28
1992-12-01,80441.17
1992-12-02,80680.27
1992-12-03,80582.84
1992-12-04,80665.69
1992-12-07,80424.05
1992-12-08,80579
1992-12-09,80157.1
1992-12-10,80203.9
1992-12-11,80539.11
1992-12-14,80561.87
1992-12-15,80488.49
1992-12-16,81064.02
1992-12-17,81387.18
1992-12-18,80989.35
1992-12-21,80243.05
1992-12-22,79929.36
1992-12-23,80024.22
1992-12-24,80022.95
1992-12-28,80021.68
1992-12-29,79900.26
1992-12-30,79995.11
1992-12-31,79993.84
1993-01-04,78875.2
1993-01-05,78958.05
1993-01-06,79197.09
1993-01-07,79087.7
1993-01-08,79074.43
1993-01-11,78904.99
1993-01-12,79095.95
1993-01-13,78698.25
1993-01-14,78721.03
1993-01-15,78731.79
1993-01-18,78838.66
1993-01-19,79041.62
1993-01-20,79040.37
1993-01-21,79219.3
1993-01-22,78977.8
1993-01-25,78904.47
1993-01-26,79491.79
1993-01-27,79418.46
1993-01-28,79261.05
1993-01-29,79379.91
1993-02-01,79210.49
1993-02-02,79185.22
1993-02-03,78835.65
1993-02-04,78786.36
1993-02-05,78725.06
1993-02-08,78771.85
1993-02-09,78794.62
1993-02-10,79225.71
1993-02-11,79740.86
1993-02-12,79067.08
1993-02-16,79125.87
1993-02-17,79400.81
1993-02-18,79243.44
1993-02-19,79446.33
1993-02-22,79180.89
1993-02-23,79155.61
1993-02-24,79226.4
1993-02-25,79153.1
1993-02-26,78671.55
1993-03-01,78886.43
1993-03-02,79041.27
1993-03-03,79136.07
1993-03-04,78774.61
1993-03-05,79181.58
1993-03-08,78640.04
1993-03-09,78506.73
1993-03-10,78301.38
1993-03-11,78492.23
1993-03-12,78514.99
1993-03-15,78753.85
1993-03-16,78992.71
1993-03-17,78931.43
1993-03-18,79290.32
1993-03-19,79625.19
1993-03-22,79852.01
1993-03-23,79682.68
1993-03-24,79465.34
1993-03-25,79848.21
1993-03-26,79870.94
1993-03-29,79629.61
1993-03-30,80276.52
1993-03-31,81091.45
1993-04-01,80742.08
1993-04-02,81641
1993-04-05,81435.67
1993-04-06,81230.33
1993-04-07,80832.97
1993-04-08,81011.72
1993-04-12,81010.43
1993-04-13,80817.12
1993-04-14,81187.88
1993-04-15,81342.61
1993-04-16,81089.3
1993-04-19,81508.04
1993-04-20,81578.75
1993-04-21,81361.45
1993-04-22,81432.16
1993-04-23,82774.87
1993-04-26,83817.54
1993-04-27,84332.19
1993-04-28,83922.87
1993-04-29,85337.45
1993-04-30,85024.12
1993-05-03,85022.77
1993-05-04,85465.37
1993-05-05,85008.07
1993-05-06,85306.68
1993-05-07,85785.25
1993-05-10,85615.92
1993-05-11,85266.63
1993-05-12,85469.23
1993-05-13,88059.31
1993-05-14,88345.84
1993-05-17,88596.38
1993-05-18,88247.06
1993-05-19,91628.71
1993-05-20,89683.83
1993-05-21,89550.45
1993-05-24,90988.55
1993-05-25,90567.25
1993-05-26,89846.08
1993-05-27,89904.63
1993-05-28,90550.94
1993-06-01,90525.52
1993-06-02,88520.93
1993-06-03,89886.92
1993-06-04,90581.18
1993-06-07,89428.29
1993-06-08,90014.58
1993-06-09,89101.61
1993-06-10,88944.28
1993-06-11,88834.92
1993-06-14,87070.49
1993-06-15,87632.78
1993-06-16,88267.02
1993-06-17,88613.41
1993-06-18,88959.79
1993-06-21,88874.43
1993-06-22,88453.29
1993-06-23,88044.16
1993-06-24,89673.65
1993-06-25,90199.86
1993-06-28,90018.56
1993-06-29,90017.13
1993-06-30,90759.15
1993-07-01,90889.61
1993-07-02,93070.48
1993-07-06,93920.33
1993-07-07,94914.03
1993-07-08,94768.65
1993-07-09,94263.56
1993-07-12,94334.01
1993-07-13,94104.71
1993-07-14,94570.8
1993-07-15,94161.66
1993-07-16,93992.32
1993-07-19,94662.21
1993-07-20,94013.32
1993-07-21,94083.76
1993-07-22,93303.03
1993-07-23,93817.03
1993-07-26,93923.43
1993-07-27,94065.79
1993-07-28,94256.1
1993-07-29,94458.39
1993-07-30,96314.89
1993-08-02,97236.35
1993-08-03,96791.3
1993-08-04,96526.06
1993-08-05,92952.6
1993-08-06,90949.44
1993-08-09,91499.35
1993-08-10,91174.28
1993-08-11,90130.09
1993-08-12,90200.57
1993-08-13,88113.71
1993-08-16,89310.81
1993-08-17,89069.7
1993-08-18,89571.64
1993-08-19,89498.31
1993-08-20,89460.94
1993-08-23,89423.57
1993-08-24,89553.97
1993-08-25,88953.36
1993-08-26,88975.92
1993-08-27,88495.17
1993-08-30,88493.77
1993-08-31,89043.58
1993-09-01,88443.03
1993-09-02,88489.56
1993-09-03,86942.43
1993-09-07,85023.91
1993-09-08,84291.66
1993-09-09,84661.75
1993-09-10,84229.07
1993-09-13,82478.46
1993-09-14,82357.34
1993-09-15,83386.39
1993-09-16,84523.25
1993-09-17,84306.25
1993-09-20,84820.07
1993-09-21,84998.43
1993-09-22,84913.22
1993-09-23,85534.83
1993-09-24,85677.22
1993-09-27,85448.25
1993-09-28,85231.27
1993-09-29,84618.98
1993-09-30,85168.67
1993-10-01,84807.96
1993-10-04,84267.58
1993-10-05,84757.35
1993-10-06,85342.94
1993-10-07,85593.12
1993-10-08,85879.23
1993-10-11,86572.56
1993-10-12,86379.55
1993-10-13,87767.53
1993-10-14,87969.75
1993-10-15,87333.58
1993-10-18,87475.91
1993-10-19,87761.96
1993-10-20,89221.67
1993-10-21,89699.3
1993-10-22,88117.06
1993-10-25,88977.91
1993-10-26,88198.09
1993-10-27,88975.08
1993-10-28,88267.14
1993-10-29,88517.21
1993-11-01,86995.02
1993-11-02,86933.76
1993-11-03,87064.1
1993-11-04,89086.35
1993-11-05,90461.94
1993-11-08,89957.61
1993-11-09,90040
1993-11-10,89775.15
1993-11-11,90216.74
1993-11-12,90215.3
1993-11-15,89722.99
1993-11-16,89793.4
1993-11-17,89025.73
1993-11-18,90209.58
1993-11-19,90387.72
1993-11-22,90601.78
1993-11-23,90408.8
1993-11-24,90108.08
1993-11-26,90226.36
1993-11-29,88860.22
1993-11-30,88798.95
1993-12-01,89324.26
1993-12-02,89693.93
1993-12-03,90195.26
1993-12-06,90253.68
1993-12-07,90228.3
1993-12-08,91519.61
1993-12-09,91566.03
1993-12-10,91516.7
1993-12-13,92460.82
1993-12-14,92638.89
1993-12-15,92302.29
1993-12-16,92420.51
1993-12-17,92514.79
1993-12-20,93291.26
1993-12-21,92751.22
1993-12-22,92306.93
1993-12-23,92137.92
1993-12-27,92136.46
1993-12-28,92134.99
1993-12-29,92408.78
1993-12-30,93759.57
1993-12-31,93758.09
1994-01-03,93756.6
1994-01-04,94317.53
1994-01-05,94591.25
1994-01-06,92292.28
1994-01-07,93451.5
1994-01-10,91822.69
1994-01-11,92240.02
1994-01-12,92394.11
1994-01-13,93026.79
1994-01-14,93348.36
1994-01-17,93873.33
1994-01-18,93931.66
1994-01-19,93726.78
1994-01-20,93749.22
1994-01-21,92359.91
1994-01-24,90635.67
1994-01-25,91399.9
1994-01-26,91637.72
1994-01-27,91779.82
1994-01-28,90498.33
1994-01-31,90413.15
1994-02-01,91308.91
1994-02-02,92037.16
1994-02-03,92262.98
1994-02-04,92943.35
1994-02-07,91745.7
1994-02-08,91038.51
1994-02-09,91084.91
1994-02-10,91502.1
1994-02-11,91345.16
1994-02-14,91678.61
1994-02-15,92095.78
1994-02-16,91735.5
1994-02-17,91973.25
1994-02-18,90883.42
1994-02-22,90750.42
1994-02-23,89875.92
1994-02-24,90101.73
1994-02-25,90638.47
1994-02-28,91258.9
1994-03-01,91197.66
1994-03-02,90155.8
1994-03-03,90333.75
1994-03-04,89913.77
1994-03-07,90283.05
1994-03-08,89946.79
1994-03-09,89754.04
1994-03-10,90996.21
1994-03-11,92465.53
1994-03-14,92428.19
1994-03-15,92570.21
1994-03-16,92186.12
1994-03-17,91682.47
1994-03-18,92434.28
1994-03-21,92408.9
1994-03-22,93053.06
1994-03-23,92836.38
1994-03-24,93349
1994-03-25,93562.72
1994-03-28,93071.06
1994-03-29,92483.78
1994-03-30,92566
1994-03-31,93054.68
1994-04-04,93053.2
1994-04-05,91987.78
1994-04-06,91783.1
1994-04-07,91877.27
1994-04-08,92150.75
1994-04-11,91264.72
1994-04-12,90366.76
1994-04-13,90484.86
1994-04-14,90280.22
1994-04-15,90123.4
1994-04-18,90384.93
1994-04-19,89188.24
1994-04-20,88768.49
1994-04-21,89233.22
1994-04-22,88359.31
1994-04-25,89158.68
1994-04-26,89468
1994-04-28,89239.5
1994-04-29,89979.06
1994-05-02,89977.63
1994-05-03,89653.53
1994-05-04,89664.06
1994-05-05,89507.28
1994-05-06,89242.96
1994-05-09,91057.95
1994-05-10,90853.35
1994-05-11,90935.56
1994-05-12,90635.38
1994-05-13,91207.51
1994-05-16,90644.45
1994-05-17,91419.69
1994-05-18,90713.27
1994-05-19,91596.02
1994-05-20,91558.72
1994-05-23,92345.84
1994-05-24,92714.76
1994-05-25,92546.02
1994-05-26,91971.07
1994-05-27,92089.08
1994-05-31,92613.3
1994-06-01,92301.21
1994-06-02,91570.99
1994-06-03,91497.85
1994-06-06,90409.27
1994-06-07,90909.58
1994-06-08,91135.11
1994-06-09,91396.48
1994-06-10,91514.48
1994-06-13,91405.52
1994-06-14,91690.76
1994-06-15,91760.97
1994-06-16,92416.49
1994-06-17,92653.91
1994-06-20,92998.84
1994-06-21,93236.25
1994-06-22,93748.37
1994-06-23,92922.74
1994-06-24,93136.26
1994-06-27,92979.51
1994-06-28,92333.09
1994-06-29,92080.82
1994-06-30,92736.22
1994-07-01,91862.92
1994-07-05,92506.37
1994-07-06,92074.97
1994-07-07,91476.4
1994-07-08,91510.77
1994-07-11,92130.3
1994-07-12,92260.19
1994-07-13,91864.66
1994-07-14,91755.73
1994-07-15,91921.45
1994-07-18,92302.1
1994-07-19,91858.83
1994-07-20,92526.04
1994-07-21,92154.42
1994-07-22,91699.23
1994-07-25,91936.57
1994-07-26,92221.67
1994-07-27,92781.37
1994-07-28,92433.65
1994-07-29,91691.95
1994-08-01,91654.68
1994-08-02,90733.93
1994-08-03,90362.39
1994-08-04,90134.13
1994-08-05,90323.71
1994-08-08,90155.14
1994-08-09,90404.41
1994-08-10,90319.41
1994-08-11,90150.85
1994-08-12,90292.67
1994-08-15,89909.24
1994-08-16,89836.19
1994-08-17,90049.63
1994-08-18,90871.83
1994-08-19,91144.92
1994-08-22,91334.45
1994-08-23,91034.6
1994-08-24,91641.89
1994-08-25,91497.2
1994-08-26,91495.75
1994-08-29,91494.3
1994-08-30,92280.56
1994-08-31,92076.2
1994-09-01,92134.42
1994-09-02,92300.04
1994-09-06,92513.39
1994-09-07,93013.15
1994-09-08,93441.3
1994-09-09,93260.81
1994-09-12,93342.86
1994-09-13,92983.38
1994-09-14,93148.97
1994-09-15,92598.57
1994-09-16,93074.42
1994-09-19,93049.07
1994-09-20,94002.19
1994-09-21,94239.34
1994-09-22,93951.48
1994-09-23,94427.26
1994-09-26,94449.63
1994-09-27,94448.13
1994-09-28,94554.01
1994-09-29,94421.27
1994-09-30,94216.94
1994-10-03,93809.8
1994-10-04,93641.29
1994-10-05,93938.06
1994-10-06,93530.94
1994-10-07,93529.46
1994-10-10,93337.1
1994-10-11,92488.61
1994-10-12,92546.79
1994-10-13,92390.24
1994-10-14,92436.49
1994-10-17,92804.82
1994-10-18,92982.28
1994-10-19,93302.87
1994-10-20,93408.74
1994-10-21,93264.12
1994-10-24,92869.02
1994-10-25,92843.69
1994-10-26,92770.65
1994-10-27,92828.82
1994-10-28,92481.46
1994-10-31,91561.62
1994-11-01,91715.21
1994-11-02,91558.71
1994-11-03,91545.33
1994-11-04,91543.88
1994-11-07,91280.05
1994-11-08,91743.71
1994-11-09,91491.81
1994-11-10,91633.47
1994-11-11,91894.37
1994-11-14,91845.21
1994-11-15,92225.35
1994-11-16,92116.56
1994-11-17,92234.34
1994-11-18,91577.04
1994-11-21,91432.5
1994-11-22,91526.44
1994-11-23,91739.61
1994-11-25,91773.93
1994-11-28,91569.78
1994-11-29,91377.55
1994-11-30,91352.26
1994-12-01,90635.44
1994-12-02,90371.7
1994-12-05,89797.99
1994-12-06,89593.89
1994-12-07,89890.52
1994-12-08,89698.34
1994-12-09,89768.45
1994-12-12,89922
1994-12-13,90385.51
1994-12-14,90717.86
1994-12-15,90406.48
1994-12-16,90679.22
1994-12-19,90403.61
1994-12-20,91045.87
1994-12-21,91080.18
1994-12-22,90959.54
1994-12-23,90958.1
1994-12-27,90956.65
1994-12-28,91002.89
1994-12-29,91359.02
1994-12-30,91357.57
1995-01-03,90795.93
1995-01-04,89531.12
1995-01-05,89458.19
1995-01-06,89432.93
1995-01-09,88764.1
1995-01-10,89167.9
1995-01-11,89524.01
1995-01-12,90690.5
1995-01-13,90236.21
1995-01-16,89984.52
1995-01-17,90519.35
1995-01-18,91185.25
1995-01-19,91016.97
1995-01-20,91480.26
1995-01-23,91121.33
1995-01-24,90869.64
1995-01-25,90903.95
1995-01-26,90878.67
1995-01-27,90174.22
1995-01-30,89577.03
1995-01-31,89337.31
1995-02-01,89657.59
1995-02-02,89572.77
1995-02-03,89511.77
1995-02-06,89236.32
1995-02-07,89234.91
1995-02-08,89257.32
1995-02-09,89732.45
1995-02-10,89683.37
1995-02-13,89229.24
1995-02-14,89585.22
1995-02-15,89726.75
1995-02-16,89761.07
1995-02-17,90117.02
1995-02-21,90210.89
1995-02-22,90340.49
1995-02-23,90410.53
1995-02-24,89992.18
1995-02-27,89478.55
1995-02-28,89667.71
1995-03-01,89499.53
1995-03-02,89271.8
1995-03-03,89865.93
1995-03-06,90245.64
1995-03-07,90994.57
1995-03-08,90516.71
1995-03-09,90729.66
1995-03-10,90847.32
1995-03-13,91822.47
1995-03-14,91630.46
1995-03-15,91974.38
1995-03-16,91389.37
1995-03-17,91137.83
1995-03-20,91029.21
1995-03-21,91194.48
1995-03-22,91038.23
1995-03-23,91322.58
1995-03-24,90999.61
1995-03-27,91021.98
1995-03-28,90901.46
1995-03-29,91209.61
1995-03-30,91303.42
1995-03-31,93349.99
1995-04-03,93419.95
1995-04-04,93275.59
1995-04-05,93357.45
1995-04-06,93677.44
1995-04-07,93604.52
1995-04-10,92698.18
1995-04-11,92863.39
1995-04-12,92873.82
1995-04-13,92669.95
1995-04-17,92668.48
1995-04-18,93536.08
1995-04-19,94177.45
1995-04-20,93640.25
1995-04-21,92936.4
1995-04-24,93006.35
1995-04-25,92790.6
1995-04-26,92586.76
1995-04-27,91978.21
1995-04-28,92786.18
1995-05-01,92177.64
1995-05-02,92497.56
1995-05-03,92531.8
1995-05-04,92863.61
1995-05-05,93076.38
1995-05-08,93074.91
1995-05-09,92383.1
1995-05-10,91215.24
1995-05-11,91320.91
1995-05-12,91545.59
1995-05-15,91341.82
1995-05-16,91364.17
1995-05-17,91136.6
1995-05-18,91158.95
1995-05-19,91157.51
1995-05-22,90810.95
1995-05-23,90916.61
1995-05-24,91176.97
1995-05-25,91818.11
1995-05-26,91745.26
1995-05-30,91803.3
1995-05-31,91456.76
1995-06-01,91264.92
1995-06-02,91418.16
1995-06-05,91202.53
1995-06-06,91427.16
1995-06-07,91830.25
1995-06-08,91626.52
1995-06-09,91946.32
1995-06-12,92206.61
1995-06-13,92086.17
1995-06-14,92263.17
1995-06-15,92440.16
1995-06-16,93104.93
1995-06-19,92913.1
1995-06-20,92971.11
1995-06-21,92957.74
1995-06-22,92706.44
1995-06-23,92597.9
1995-06-26,92548.85
1995-06-27,92642.55
1995-06-28,92367.48
1995-06-29,92140
1995-06-30,92079.06
1995-07-03,91470.96
1995-07-05,91410.03
1995-07-06,91384.79
1995-07-07,91763.96
1995-07-10,91774.4
1995-07-11,91523.17
1995-07-12,91985.58
1995-07-13,92578.8
1995-07-14,92387.03
1995-07-17,92385.57
1995-07-18,92669.53
1995-07-19,92870.24
1995-07-20,92012.49
1995-07-21,91796.97
1995-07-24,91962
1995-07-25,91972.44
1995-07-26,91804.49
1995-07-27,91731.68
1995-07-28,91088.08
1995-07-31,91169.87
1995-08-01,91049.51
1995-08-02,91000.5
1995-08-03,91320.11
1995-08-04,91318.66
1995-08-07,91340.99
1995-08-08,91434.67
1995-08-09,91409.43
1995-08-10,91324.75
1995-08-11,91204.41
1995-08-14,91191.07
1995-08-15,91867.31
1995-08-16,90831.5
1995-08-17,91388.84
1995-08-18,91423.06
1995-08-21,91469.16
1995-08-22,91313.16
1995-08-23,91002.62
1995-08-24,91298.37
1995-08-25,91082.94
1995-08-28,91081.5
1995-08-29,91056.27
1995-08-30,90733.87
1995-08-31,90898.85
1995-09-01,90695.33
1995-09-05,90194.65
1995-09-06,90347.75
1995-09-07,90679.13
1995-09-08,90903.52
1995-09-11,90830.77
1995-09-12,91067.04
1995-09-13,91493.47
1995-09-14,91539.56
1995-09-15,91514.34
1995-09-18,91607.97
1995-09-19,91475.78
1995-09-20,91391.14
1995-09-21,91128.23
1995-09-22,91150.55
1995-09-25,90970.84
1995-09-26,91218.96
1995-09-27,91205.63
1995-09-28,91144.76
1995-09-29,91262.15
1995-10-02,91082.45
1995-10-03,90831.47
1995-10-04,90901.32
1995-10-05,91078.12
1995-10-06,91029.14
1995-10-09,91372.28
1995-10-10,91513.41
1995-10-11,91369.38
1995-10-12,91356.05
1995-10-13,91200.14
1995-10-16,91210.57
1995-10-17,91102.19
1995-10-18,91160.15
1995-10-19,90707.24
1995-10-20,90705.8
1995-10-23,90894.45
1995-10-24,90881.12
1995-10-25,90915.32
1995-10-26,90973.28
1995-10-27,90900.55
1995-10-30,90792.2
1995-10-31,90909.55
1995-11-01,90741.8
1995-11-02,90764.12
1995-11-03,90881.46
1995-11-06,90796.87
1995-11-07,91413.1
1995-11-08,91411.64
1995-11-09,91457.7
1995-11-10,92501.48
1995-11-13,92238.71
1995-11-14,91655.26
1995-11-15,91523.16
1995-11-16,91497.95
1995-11-17,91769.66
1995-11-20,91756.33
1995-11-21,91754.88
1995-11-22,91290.25
1995-11-24,91075.03
1995-11-27,91346.73
1995-11-28,92366.58
1995-11-29,92270.11
1995-11-30,92102.39
1995-12-01,91720.93
1995-12-04,91648.23
1995-12-05,91801.14
1995-12-06,92239.04
1995-12-07,92095.08
1995-12-08,92331.1
1995-12-11,92519.62
1995-12-12,92328.17
1995-12-13,92041.74
1995-12-14,91589.1
1995-12-15,91706.37
1995-12-18,91942.38
1995-12-19,92154.62
1995-12-20,92034.44
1995-12-21,92139.83
1995-12-22,92138.36
1995-12-26,92136.9
1995-12-27,91898
1995-12-28,91884.67
1995-12-29,91883.21
1996-01-02,92392.22
1996-01-03,93399.79
1996-01-04,93600.11
1996-01-05,93990.36
1996-01-08,94155.05
1996-01-09,93666.88
1996-01-10,94959.23
1996-01-11,94720.32
1996-01-12,94861.26
1996-01-15,93898.32
1996-01-16,94383.47
1996-01-17,94405.71
1996-01-18,94356.74
1996-01-19,94735.04
1996-01-22,95469.39
1996-01-23,95812.06
1996-01-24,95537.57
1996-01-25,96509.23
1996-01-26,96483.96
1996-01-29,96007.72
1996-01-30,96492.77
1996-01-31,96253.89
1996-02-01,97094.92
1996-02-02,98375.01
1996-02-05,98444.65
1996-02-06,97849.76
1996-02-07,98299.12
1996-02-08,96802.43
1996-02-09,96824.63
1996-02-12,95992.49
1996-02-13,95682.46
1996-02-14,95657.21
1996-02-15,96011.64
1996-02-16,96069.45
1996-02-20,95439.09
1996-02-21,94156.19
1996-02-22,94830.97
1996-02-23,94497.26
1996-02-26,94673.73
1996-02-27,94790.86
1996-02-28,94326.67
1996-02-29,95060.71
1996-03-01,94513.49
1996-03-04,93408.72
1996-03-05,93383.51
1996-03-06,93382.03
1996-03-07,93451.72
1996-03-08,94138.26
1996-03-11,93887.66
1996-03-12,94004.79
1996-03-13,94062.6
1996-03-14,93823.88
1996-03-15,93869.83
1996-03-18,93465.06
1996-03-19,93724.52
1996-03-20,93675.59
1996-03-21,93887.6
1996-03-22,94336.8
1996-03-25,94382.75
1996-03-26,94855.65
1996-03-27,94960.89
1996-03-28,94568.01
1996-03-29,94009.11
1996-04-01,93497.67
1996-04-02,93531.76
1996-04-03,93601.43
1996-04-04,93386.48
1996-04-08,93385
1996-04-09,93988.3
1996-04-10,93571.77
1996-04-11,93510.99
1996-04-12,93616.23
1996-04-15,93247.16
1996-04-16,93316.82
1996-04-17,92746.19
1996-04-18,92602.43
1996-04-19,92695.82
1996-04-22,92718.06
1996-04-23,92894.44
1996-04-24,92667.69
1996-04-25,93259.03
1996-04-26,92925.58
1996-04-29,92675.13
1996-04-30,92780.36
1996-05-01,93016
1996-05-02,93038.23
1996-05-03,93416.12
1996-05-06,93414.63
1996-05-07,93342.02
1996-05-08,93601.34
1996-05-09,93101.97
1996-05-10,93219.04
1996-05-13,92695.99
1996-05-14,92623.39
1996-05-15,92977.53
1996-05-16,92904.93
1996-05-17,92915.31
1996-05-20,92653.07
1996-05-21,92687.16
1996-05-22,92638.28
1996-05-23,92779.04
1996-05-24,92647.19
1996-05-28,92918.31
1996-05-29,92679.8
1996-05-30,92749.44
1996-05-31,92570.2
1996-06-03,92604.28
1996-06-04,92365.79
1996-06-05,91878.44
1996-06-06,91213.34
1996-06-07,91626.66
1996-06-10,91400.05
1996-06-11,91220.85
1996-06-12,91195.7
1996-06-13,91170.55
1996-06-14,91026.91
1996-06-17,91238.75
1996-06-18,91201.76
1996-06-19,91543.93
1996-06-20,91092.22
1996-06-21,90806.41
1996-06-24,91041.94
1996-06-25,91253.76
1996-06-26,90944.26
1996-06-27,90741.41
1996-06-28,90514.86
1996-07-01,90406.8
1996-07-02,90500.14
1996-07-03,90498.7
1996-07-05,90390.64
1996-07-08,90483.98
1996-07-09,90719.48
1996-07-10,90741.73
1996-07-11,90669.21
1996-07-12,90881
1996-07-15,90678.18
1996-07-16,91032.11
1996-07-17,90829.29
1996-07-18,90969.99
1996-07-19,91087
1996-07-22,91168.47
1996-07-23,91226.24
1996-07-24,91058.97
1996-07-25,91152.28
1996-07-26,91245.59
1996-07-29,91078.33
1996-07-30,91147.94
1996-07-31,91264.93
1996-08-01,91488.51
1996-08-02,91510.74
1996-08-05,92314.61
1996-08-06,92017.08
1996-08-07,91897.19
1996-08-08,91800.99
1996-08-09,91775.85
1996-08-12,91691.5
1996-08-13,91796.62
1996-08-14,91582.01
1996-08-15,91462.14
1996-08-16,91460.69
1996-08-19,91506.6
1996-08-20,91670.93
1996-08-21,91598.43
1996-08-22,91644.33
1996-08-23,91761.28
1996-08-26,91759.83
1996-08-27,92066.21
1996-08-28,91993.71
1996-08-29,91873.85
1996-08-30,91505.37
1996-09-03,91539.44
1996-09-04,91301.2
1996-09-05,91394.47
1996-09-06,91250.95
1996-09-09,91060.09
1996-09-10,90703.49
1996-09-11,90796.76
1996-09-12,90463.86
1996-09-13,90628.15
1996-09-16,90626.71
1996-09-17,90779.16
1996-09-18,90671.18
1996-09-19,90610.56
1996-09-20,90372.38
1996-09-23,90193.4
1996-09-24,90499.71
1996-09-25,90521.95
1996-09-26,90058.91
1996-09-27,90116.66
1996-09-30,89712.82
1996-10-01,89628.54
1996-10-02,90017.68
1996-10-03,89673.04
1996-10-04,90109.51
1996-10-07,89966.06
1996-10-08,90142.15
1996-10-09,90259.06
1996-10-10,90352.3
1996-10-11,90114.19
1996-10-14,90148.26
1996-10-15,90170.5
1996-10-16,90287.4
1996-10-17,90072.97
1996-10-18,89929.54
1996-10-21,90164.77
1996-10-22,90719.47
1996-10-23,90753.53
1996-10-24,90633.77
1996-10-25,90525.84
1996-10-28,90607.23
1996-10-29,90321.83
1996-10-30,89847.13
1996-10-31,89798.38
1996-11-01,89347.37
1996-11-04,89606.24
1996-11-05,89746.78
1996-11-06,89437.76
1996-11-07,89578.31
1996-11-08,89470.41
1996-11-11,90025.01
1996-11-12,90354.81
1996-11-13,90755.58
1996-11-14,90612.19
1996-11-15,89723.56
1996-11-18,89686.65
1996-11-19,89472.3
1996-11-20,89683.8
1996-11-21,89185.58
1996-11-22,89184.16
1996-11-25,88804.25
1996-11-26,88353.37
1996-11-27,88233.69
1996-11-29,87830.16
1996-12-02,87698.66
1996-12-03,86904.85
1996-12-04,87731.36
1996-12-05,87280.55
1996-12-06,87574.83
1996-12-09,87277.78
1996-12-10,87099
1996-12-11,87097.61
1996-12-12,87179.01
1996-12-13,87272.23
1996-12-16,87093.47
1996-12-17,87080.26
1996-12-18,87197.13
1996-12-19,87266.69
1996-12-20,87265.31
1996-12-23,87204.8
1996-12-24,87203.42
1996-12-26,87202.03
1996-12-27,87354.36
1996-12-30,87317.5
1996-12-31,87316.12
1997-01-02,86676.26
1997-01-03,86071.9
1997-01-06,84770
1997-01-07,84886.88
1997-01-08,84318.05
1997-01-09,84293.06
1997-01-10,84705.5
1997-01-13,85023.36
1997-01-14,84501.84
1997-01-15,83803.02
1997-01-16,83470.68
1997-01-17,84107.71
1997-01-20,83479.86
1997-01-21,83856.8
1997-01-22,83028.02
1997-01-23,82270.18
1997-01-24,83332.71
1997-01-27,83591.43
1997-01-28,83613.75
1997-01-29,82997.79
1997-01-30,82559.14
1997-01-31,81671.37
1997-02-03,81386.41
1997-02-04,81716.05
1997-02-05,81171.08
1997-02-06,81027.97
1997-02-07,80305.75
1997-02-10,80458.12
1997-02-11,80220.48
1997-02-12,79817.39
1997-02-13,80986.09
1997-02-14,80925.71
1997-02-18,81538.93
1997-02-19,81833.07
1997-02-20,81536.35
1997-02-21,83496.65
1997-02-24,83436.24
1997-02-25,83446.73
1997-02-26,83835.35
1997-02-27,85074.71
1997-02-28,84742.51
1997-03-03,85580.09
1997-03-04,84928.87
1997-03-05,83769.62
1997-03-06,83437.46
1997-03-07,82774.5
1997-03-10,82761.37
1997-03-11,83161.75
1997-03-12,83030.47
1997-03-13,83383.58
1997-03-14,83358.63
1997-03-17,83026.52
1997-03-18,81820.21
1997-03-19,82480.46
1997-03-20,83164.33
1997-03-21,83352.02
1997-03-24,82736.42
1997-03-25,82593.35
1997-03-26,81753.35
1997-03-27,82248.17
1997-03-31,82246.87
1997-04-01,82682.61
1997-04-02,82929.34
1997-04-03,82384.69
1997-04-04,82064.48
1997-04-07,82441.13
1997-04-08,82463.45
1997-04-09,82155.05
1997-04-10,82106.51
1997-04-11,82187.88
1997-04-14,81903.13
1997-04-15,81016.07
1997-04-16,80282.57
1997-04-17,80399.39
1997-04-18,80799.64
1997-04-21,80833.78
1997-04-22,80678.98
1997-04-23,80535.99
1997-04-24,80511.1
1997-04-25,80828.65
1997-04-28,80343.22
1997-04-29,80117.59
1997-04-30,80328.86
1997-05-01,80115.05
1997-05-02,80208.24
1997-05-05,80206.96
1997-05-06,80866.9
1997-05-07,80546.82
1997-05-08,81171.31
1997-05-09,81665.91
1997-05-12,82219.52
1997-05-13,82383.5
1997-05-14,82429.42
1997-05-15,81790.59
1997-05-16,81340.67
1997-05-19,80442.15
1997-05-20,80983.92
1997-05-21,80911.81
1997-05-22,80922.33
1997-05-23,80873.82
1997-05-27,81132.24
1997-05-28,80930.28
1997-05-29,81188.69
1997-05-30,81588.74
1997-06-02,81186.11
1997-06-03,81102.2
1997-06-04,80675.98
1997-06-05,80450.44
1997-06-06,81204.56
1997-06-09,81262.29
1997-06-10,81142.97
1997-06-11,81153.49
1997-06-12,80774.52
1997-06-13,80584.4
1997-06-16,80606.73
1997-06-17,80758.87
1997-06-18,80627.77
1997-06-19,80296.05
1997-06-20,79822.72
1997-06-23,79774.25
1997-06-24,79855.59
1997-06-25,79877.93
1997-06-26,79522.64
1997-06-27,79426.98
1997-06-30,78953.71
1997-07-01,78751.86
1997-07-02,78384.81
1997-07-03,78477.96
1997-07-07,75043.09
1997-07-08,75702.65
1997-07-09,74875.52
1997-07-10,75464.27
1997-07-11,75392.28
1997-07-14,75910.22
1997-07-15,75448.88
1997-07-16,75388.69
1997-07-17,75363.9
1997-07-18,76495.29
1997-07-21,76965.97
1997-07-22,77448.44
1997-07-23,76656.8
1997-07-24,75959.56
1997-07-25,76465.62
1997-07-28,76853.7
1997-07-29,77041.22
1997-07-30,77275.92
1997-07-31,76991.59
1997-08-01,76459.55
1997-08-04,76328.59
1997-08-05,75749.4
1997-08-06,75335.36
1997-08-07,75723.4
1997-08-08,76359.12
1997-08-11,77301.49
1997-08-12,76934.63
1997-08-13,76945.21
1997-08-14,76932.19
1997-08-15,76577.15
1997-08-18,76092.39
1997-08-19,76291.67
1997-08-20,75960.25
1997-08-21,76183.11
1997-08-22,76417.76
1997-08-25,76416.55
1997-08-26,76769.12
1997-08-27,76591.01
1997-08-28,76849.23
1997-08-29,76730.09
1997-09-02,76033.14
1997-09-03,75866.85
1997-09-04,75865.65
1997-09-05,75758.32
1997-09-08,75816.08
1997-09-09,75862.04
1997-09-10,75648.6
1997-09-11,75847.84
1997-09-12,76247.51
1997-09-15,75998.7
1997-09-16,75690.95
1997-09-17,75560.06
1997-09-18,75653.18
1997-09-19,75934.93
1997-09-22,75650.78
1997-09-23,75661.37
1997-09-24,76084.57
1997-09-25,76531.33
1997-09-26,77013.45
1997-09-29,77118.32
1997-09-30,78295.92
1997-10-01,79485.26
1997-10-02,78588.13
1997-10-03,78197.89
1997-10-06,78385.25
1997-10-07,78254.34
1997-10-08,78406.33
1997-10-09,78593.68
1997-10-10,77531.63
1997-10-13,77365.39
1997-10-14,77258.08
1997-10-15,76962.2
1997-10-16,77161.34
1997-10-17,76441.19
1997-10-20,76345.69
1997-10-21,76203.05
1997-10-22,76001.49
1997-10-23,76436.33
1997-10-24,74632.04
1997-10-27,73487.75
1997-10-28,73616.21
1997-10-29,73886.08
1997-10-30,74650.87
1997-10-31,73388.81
1997-11-03,73953.26
1997-11-04,74317.38
1997-11-05,73880.22
1997-11-06,73537.33
1997-11-07,72746.71
1997-11-10,73228.65
1997-11-11,73675.22
1997-11-12,72613.64
1997-11-13,72612.48
1997-11-14,71103.24
1997-11-17,71573.38
1997-11-18,71654.71
1997-11-19,72089.49
1997-11-20,71322.56
1997-11-21,71604.18
1997-11-24,71862.22
1997-11-25,70847.94
1997-11-26,69975.06
1997-11-28,69926.83
1997-12-01,69348.49
1997-12-02,69524.09
1997-12-03,69028.24
1997-12-04,68167.23
1997-12-05,67706.76
1997-12-08,67729.24
1997-12-09,66726.95
1997-12-10,67444.4
1997-12-11,67089.97
1997-12-12,66664.88
1997-12-15,66805.16
1997-12-16,67251.67
1997-12-17,67804.16
1997-12-18,68309.52
1997-12-19,68049.33
1997-12-22,68413.35
1997-12-23,68895.13
1997-12-24,68894.03
1997-12-26,68892.94
1997-12-29,69021.39
1997-12-30,68349.04
1997-12-31,68347.95
1998-01-02,67828.72
1998-01-05,66979.79
1998-01-06,66601.91
1998-01-07,66318.24
1998-01-08,66328.96
1998-01-09,65633.18
1998-01-12,65679.24
1998-01-13,65819.49
1998-01-14,66524.92
1998-01-15,66523.86
1998-01-16,68288.92
1998-01-20,67911.07
1998-01-21,68522.23
1998-01-22,69180.46
1998-01-23,68520.06
1998-01-26,71285.67
1998-01-27,70378.02
1998-01-28,70635.9
1998-01-29,71223.41
1998-01-30,71775.59
1998-02-02,70985.71
1998-02-03,70242.94
1998-02-04,70194.74
1998-02-05,70276.02
1998-02-06,70416.17
1998-02-09,70768.19
1998-02-10,70508.1
1998-02-11,70259.79
1998-02-12,70494.09
1998-02-13,70422.35
1998-02-17,70456.54
1998-02-18,70184.71
1998-02-19,70148.28
1998-02-20,69841.15
1998-02-23,68898.47
1998-02-24,68591.37
1998-02-25,68790.36
1998-02-26,68965.81
1998-02-27,70000.38
1998-03-02,70222.87
1998-03-03,69904.01
1998-03-04,69844.05
1998-03-05,69125.09
1998-03-06,69406.42
1998-03-09,69158.2
1998-03-10,69286.54
1998-03-11,69214.84
1998-03-12,69154.9
1998-03-13,69318.54
1998-03-16,69235.08
1998-03-17,69139.84
1998-03-18,68338.63
1998-03-19,68596.4
1998-03-20,68807.1
1998-03-23,68947.2
1998-03-24,70663.9
1998-03-25,70415.7
1998-03-26,70496.94
1998-03-27,71048.79
1998-03-30,71024.13
1998-03-31,70823
1998-04-01,70821.88
1998-04-02,70656.05
1998-04-03,71996.05
1998-04-06,73077.2
1998-04-07,72746.66
1998-04-08,72651.39
1998-04-09,72379.68
1998-04-13,72378.53
1998-04-14,72812.62
1998-04-15,72270.36
1998-04-16,72057.49
1998-04-17,72562.13
1998-04-20,72325.74
1998-04-21,72336.35
1998-04-22,73581.97
1998-04-23,73569.04
1998-04-24,73661.97
1998-04-27,72837.5
1998-04-28,72554.07
1998-04-29,72505.88
1998-04-30,73081.01
1998-05-01,72186.04
1998-05-04,72184.89
1998-05-05,71454.6
1998-05-06,70794.9
1998-05-07,70111.7
1998-05-08,70651.54
1998-05-11,70297.63
1998-05-12,70402.35
1998-05-13,70342.43
1998-05-14,69647.53
1998-05-15,70763.52
1998-05-18,70621.29
1998-05-19,70479.07
1998-05-20,70454.43
1998-05-21,70688.48
1998-05-22,70499.23
1998-05-26,70063.07
1998-05-27,68839.18
1998-05-28,69132.02
1998-05-29,69036.87
1998-06-01,67895.34
1998-06-02,68529.13
1998-06-03,68751.42
1998-06-04,68844.38
1998-06-05,68349.53
1998-06-08,68583.56
1998-06-09,69969.66
1998-06-10,68887.03
1998-06-11,68251.14
1998-06-12,67744.58
1998-06-15,67202.77
1998-06-16,67472.07
1998-06-17,68387.87
1998-06-18,68751.17
1998-06-19,69996.04
1998-06-22,69383.71
1998-06-23,69218.06
1998-06-24,69075.91
1998-06-25,68910.26
1998-06-26,69026.7
1998-06-29,69025.61
1998-06-30,69647.42
1998-07-01,69763.85
1998-07-02,69116.34
1998-07-06,68927.21
1998-07-07,69043.64
1998-07-08,68631.22
1998-07-09,68583.12
1998-07-10,68299.99
1998-07-13,68510.43
1998-07-14,68944.15
1998-07-15,68896.05
1998-07-16,69317.99
1998-07-17,69046.62
1998-07-20,69292.29
1998-07-21,69302.94
1998-07-22,69078.58
1998-07-23,68924.73
1998-07-24,69229.14
1998-07-27,68299.81
1998-07-28,68286.98
1998-07-29,68321.14
1998-07-30,68143.82
1998-07-31,67872.52
1998-08-03,67237.01
1998-08-04,67224.19
1998-08-05,67646.06
1998-08-06,67621.49
1998-08-07,67127
1998-08-10,67102.44
1998-08-11,66913.42
1998-08-12,66971.09
1998-08-13,66582.37
1998-08-14,66816.25
1998-08-17,66756.46
1998-08-18,66778.89
1998-08-19,67071.5
1998-08-20,67023.45
1998-08-21,66599.52
1998-08-24,66833.38
1998-08-25,66491.69
1998-08-26,66514.13
1998-08-27,65420.75
1998-08-28,64221.7
1998-08-31,64220.69
1998-09-01,65535.09
1998-09-02,65804.17
1998-09-03,65568.24
1998-09-04,66941.28
1998-09-08,67034.17
1998-09-09,66575.09
1998-09-10,68229.9
1998-09-11,68898.2
1998-09-14,68157.27
1998-09-15,68261.88
1998-09-16,67697.13
1998-09-17,68224.48
1998-09-18,68129.46
1998-09-21,68797.69
1998-09-22,67845.48
1998-09-23,67844.41
1998-09-24,68735.71
1998-09-25,70002.72
1998-09-28,68627.85
1998-09-29,69507.36
1998-09-30,69001.39
1998-10-01,69880.86
1998-10-02,70631.16
1998-10-05,70148.68
1998-10-06,69184.85
1998-10-07,69970.35
1998-10-08,70497.54
1998-10-09,70132.48
1998-10-12,69603.09
1998-10-13,69390.67
1998-10-14,69330.88
1998-10-15,69998.9
1998-10-16,69950.84
1998-10-19,70090.59
1998-10-20,69349.95
1998-10-21,69313.64
1998-10-22,68760.84
1998-10-23,68607.16
1998-10-26,68418.27
1998-10-27,68781.04
1998-10-28,68815.16
1998-10-29,69013.6
1998-10-30,68613.45
1998-11-02,68706.26
1998-11-03,67742.76
1998-11-04,67929.47
1998-11-05,68210.06
1998-11-06,68842.73
1998-11-09,68548.24
1998-11-10,68594.09
1998-11-11,68886.39
1998-11-12,69108.27
1998-11-13,69729.13
1998-11-16,69199.95
1998-11-17,68952.43
1998-11-18,69585
1998-11-19,69548.69
1998-11-20,69371.57
1998-11-23,69347
1998-11-24,69568.85
1998-11-25,69532.54
1998-11-27,69496.24
1998-11-30,69154.87
1998-12-01,68825.24
1998-12-02,69023.61
1998-12-03,68717.47
1998-12-04,68587.32
1998-12-07,69348.83
1998-12-08,69077.89
1998-12-09,69029.87
1998-12-10,68970.11
1998-12-11,68229.92
1998-12-14,68369.62
1998-12-15,68638.35
1998-12-16,69000.92
1998-12-17,68812.14
1998-12-18,68412.2
1998-12-21,67953.63
1998-12-22,67389.49
1998-12-23,67048.25
1998-12-24,67047.19
1998-12-28,67046.12
1998-12-29,67314.84
1998-12-30,67513.17
1998-12-31,67512.1
1999-01-04,67358.55
1999-01-05,67357.48
1999-01-06,67473.7
1999-01-07,68012.13
1999-01-08,68233.89
1999-01-11,68291.45
1999-01-12,67973.71
1999-01-13,66952.32
1999-01-14,66998.17
1999-01-15,67067.47
1999-01-19,67195.4
1999-01-20,67077.07
1999-01-21,67486.44
1999-01-22,67309.47
1999-01-25,67472.57
1999-01-26,67330.79
1999-01-27,66555.8
1999-01-28,66496.11
1999-01-29,66928.91
1999-02-01,67279.61
1999-02-02,67665.47
1999-02-03,67265.75
1999-02-04,67358.48
1999-02-05,67861.57
1999-02-08,67731.53
1999-02-09,67296.65
1999-02-10,67576.96
1999-02-11,67364.86
1999-02-12,67797.57
1999-02-16,66893.77
1999-02-17,66998.22
1999-02-18,66985.44
1999-02-19,67136.77
1999-02-22,67335
1999-02-23,67216.7
1999-02-24,67379.75
1999-02-25,67155.95
1999-02-26,67295.55
1999-03-01,67212.43
1999-03-02,67574.74
1999-03-03,67034.48
1999-03-04,67443.66
1999-03-05,67489.47
1999-03-08,67863.47
1999-03-09,68671.13
1999-03-10,68400.47
1999-03-11,68915.08
1999-03-12,68562.38
1999-03-15,67904.97
1999-03-16,66333.43
1999-03-17,66730.84
1999-03-18,66495.39
1999-03-19,66494.34
1999-03-22,66633.91
1999-03-23,66585.98
1999-03-24,66620.08
1999-03-25,66419.81
1999-03-26,65575.03
1999-03-29,65656.01
1999-03-30,65526.07
1999-03-31,65489.88
1999-04-01,65746.63
1999-04-05,65745.58
1999-04-06,65264.13
1999-04-07,65649.76
1999-04-08,65847.91
1999-04-09,65753.13
1999-04-12,66361.34
1999-04-13,66418.87
1999-04-14,66406.1
1999-04-15,66463.63
1999-04-16,66591.45
1999-04-19,66590.39
1999-04-20,66624.48
1999-04-21,66365.68
1999-04-22,66399.78
1999-04-23,66375.29
1999-04-26,65952.51
1999-04-27,65846.03
1999-04-28,66301.85
1999-04-29,66300.79
1999-04-30,67143.14
1999-05-03,67142.08
1999-05-04,66836.46
1999-05-05,66999.39
1999-05-06,67455.14
1999-05-07,66153.92
1999-05-10,65122.15
1999-05-11,65460.78
1999-05-12,65014.67
1999-05-13,65083.91
1999-05-14,64649.53
1999-05-17,64671.93
1999-05-18,64424.96
1999-05-19,63826.65
1999-05-20,64176.97
1999-05-21,64012
1999-05-24,63753.34
1999-05-25,63635.22
1999-05-26,63118.95
1999-05-27,62989.13
1999-05-28,62906.16
1999-06-01,62495.31
1999-06-02,62564.58
1999-06-03,62001.52
1999-06-04,62129.34
1999-06-07,62198.61
1999-06-08,61436.53
1999-06-09,61189.67
1999-06-10,60556.43
1999-06-11,60813.06
1999-06-14,60964.3
1999-06-15,60881.38
1999-06-16,60576
1999-06-17,60446.26
1999-06-18,60632.62
1999-06-21,60713.61
1999-06-22,60537.03
1999-06-23,60676.56
1999-06-24,60909.73
1999-06-25,61037.54
1999-06-28,60942.92
1999-06-29,61339.96
1999-06-30,61104.87
1999-07-01,61478.49
1999-07-02,61594.57
1999-07-06,60305.98
1999-07-07,60187.97
1999-07-08,60210.43
1999-07-09,60232.88
1999-07-12,59927.6
1999-07-13,59610.62
1999-07-14,59750.13
1999-07-15,59292.72
1999-07-16,59841.87
1999-07-19,59442.98
1999-07-20,59172.86
1999-07-21,59569.84
1999-07-22,59440.15
1999-07-23,59755.19
1999-07-26,59332.94
1999-07-27,59589.46
1999-07-28,59471.49
1999-07-29,59423.73
1999-07-30,59820.67
1999-08-02,59761.21
1999-08-03,59912.38
1999-08-04,59876.33
1999-08-05,59910.48
1999-08-06,59851.02
1999-08-09,60025.59
1999-08-10,60024.64
1999-08-11,60316.2
1999-08-12,60911.97
1999-08-13,60946.1
1999-08-16,60605.83
1999-08-17,60756.97
1999-08-18,61142.1
1999-08-19,60368.95
1999-08-20,60426.49
1999-08-23,59875.67
1999-08-24,59289.77
1999-08-25,59160.14
1999-08-26,59229.39
1999-08-27,59380.53
1999-08-30,59379.59
1999-08-31,59612.61
1999-09-01,59588.27
1999-09-02,59470.34
1999-09-03,59516.19
1999-09-07,59795.98
1999-09-08,59923.7
1999-09-09,60098.21
1999-09-10,59886.71
1999-09-13,59955.94
1999-09-14,60060.25
1999-09-15,60152.87
1999-09-16,59859.51
1999-09-17,59671.43
1999-09-20,59740.66
1999-09-21,60546.7
1999-09-22,61610.01
1999-09-23,61831.24
1999-09-24,63151.79
1999-09-27,65747.03
1999-09-28,70517.38
1999-09-29,71802.65
1999-09-30,69930.43
1999-10-01,71917.31
1999-10-04,73144.02
1999-10-05,76124.75
1999-10-06,74427.99
1999-10-07,75654.6
1999-10-08,75594.94
1999-10-11,74307.51
1999-10-12,74890.97
1999-10-13,75240.56
1999-10-14,75063.98
1999-10-15,73835.11
1999-10-18,72898.57
1999-10-19,72371.28
1999-10-20,71785.55
1999-10-21,70814.02
1999-10-22,70707.68
1999-10-25,70613.03
1999-10-26,69302.52
1999-10-27,67945.3
1999-10-28,69265.25
1999-10-29,69930.5
1999-11-01,68117.42
1999-11-02,67976.06
1999-11-03,68033.43
1999-11-04,67938.83
1999-11-05,67727.34
1999-11-08,67387.28
1999-11-09,67970.66
1999-11-10,69138.47
1999-11-11,69195.81
1999-11-12,68084.31
1999-11-15,68001.41
1999-11-16,68783.44
1999-11-17,68642.09
1999-11-18,68629.31
1999-11-19,68663.28
1999-11-22,68931
1999-11-23,69479.21
1999-11-24,69536.54
1999-11-26,69383.51
1999-11-29,68307.24
1999-11-30,68095.8
1999-12-01,67580.52
1999-12-02,66843.23
1999-12-03,66082.58
1999-12-06,64527.34
1999-12-07,65262.5
1999-12-08,65658.76
1999-12-09,65202
1999-12-10,65586.57
1999-12-13,65316.78
1999-12-14,65257.32
1999-12-15,65443.23
1999-12-16,65500.62
1999-12-17,66399.25
1999-12-20,66421.56
1999-12-21,66070
1999-12-22,66769.95
1999-12-23,67131.08
1999-12-27,67130.01
1999-12-28,67128.95
1999-12-29,67969.04
1999-12-30,67816.08
1999-12-31,67815.01
2000-01-03,67813.93
2000-01-04,65768.51
2000-01-05,65522.15
2000-01-06,65275.79
2000-01-07,65905.55
2000-01-10,65787.69
2000-01-11,65938.5
2000-01-12,65937.46
2000-01-13,65901.37
2000-01-14,66180.65
2000-01-18,66763.62
2000-01-19,67194.72
2000-01-20,67298.78
2000-01-21,67215.95
2000-01-24,67086.41
2000-01-25,67272.21
2000-01-26,66780.62
2000-01-27,66697.81
2000-01-28,66977.04
2000-01-31,66170.15
2000-02-01,66099.03
2000-02-02,66705.25
2000-02-03,66575.73
2000-02-04,68583.27
2000-02-07,73031.4
2000-02-08,69188.33
2000-02-09,72071.53
2000-02-10,72163.81
2000-02-11,72746.51
2000-02-14,72009.72
2000-02-15,71051.09
2000-02-16,70641.29
2000-02-17,71165.6
2000-02-18,70884.24
2000-02-22,70579.55
2000-02-23,70520.05
2000-02-24,69760.02
2000-02-25,68649.76
2000-02-28,68298.41
2000-02-29,68565.85
2000-03-01,68389.64
2000-03-02,67688.08
2000-03-03,67360.13
2000-03-06,67429.1
2000-03-07,67649.84
2000-03-08,67987.31
2000-03-09,67822.8
2000-03-10,67763.35
2000-03-13,67855.66
2000-03-14,67411.01
2000-03-15,67503.32
2000-03-16,67082.03
2000-03-17,66275.56
2000-03-20,66706.39
2000-03-21,66565.26
2000-03-22,67182.82
2000-03-23,66469.78
2000-03-24,66492.06
2000-03-27,66327.61
2000-03-28,65509.57
2000-03-29,65298.45
2000-03-30,64363.75
2000-03-31,64596.14
2000-04-03,64770.17
2000-04-04,64617.43
2000-04-05,65655.04
2000-04-06,65198.87
2000-04-07,65384.55
2000-04-10,65873.64
2000-04-11,65930.94
2000-04-12,65439.79
2000-04-13,65672.13
2000-04-14,65811.11
2000-04-17,65751.72
2000-04-18,65598.99
2000-04-19,65656.29
2000-04-20,65305.2
2000-04-24,65304.17
2000-04-25,65221.46
2000-04-26,64450.37
2000-04-27,64402.67
2000-04-28,64179.97
2000-05-01,64178.96
2000-05-02,64271.27
2000-05-03,64305.25
2000-05-04,65330.87
2000-05-05,65504.83
2000-05-08,64838.83
2000-05-09,64464.49
2000-05-10,64766.77
2000-05-11,64567.43
2000-05-12,64543.08
2000-05-15,64168.77
2000-05-16,64389.38
2000-05-17,63711.81
2000-05-18,63640.81
2000-05-19,63721.45
2000-05-22,63918.73
2000-05-23,63929.38
2000-05-24,63846.72
2000-05-25,63764.06
2000-05-26,63284.84
2000-05-30,63715.38
2000-05-31,63504.43
2000-06-01,63561.74
2000-06-02,65683.34
2000-06-05,66067.16
2000-06-06,67267.34
2000-06-07,66263.32
2000-06-08,66647.12
2000-06-09,66331.19
2000-06-12,66376.78
2000-06-13,67985.01
2000-06-14,66969.4
2000-06-15,67026.64
2000-06-16,67655.26
2000-06-19,66674.69
2000-06-20,66743.6
2000-06-21,66707.56
2000-06-22,67079.62
2000-06-23,66647.14
2000-06-26,66237.99
2000-06-27,66178.64
2000-06-28,67156.98
2000-06-29,67563.99
2000-06-30,67189.82
2000-07-03,67072.17
2000-07-05,66884.57
2000-07-06,66428.83
2000-07-07,65949.78
2000-07-10,66240.19
2000-07-11,65947.69
2000-07-12,65270.49
2000-07-13,65467.64
2000-07-14,65338.37
2000-07-17,65850.24
2000-07-18,65919.14
2000-07-19,65090.46
2000-07-20,65124.4
2000-07-21,65111.71
2000-07-24,65215.58
2000-07-25,65202.89
2000-07-26,65131.92
2000-07-27,65235.79
2000-07-28,64826.81
2000-07-31,64511.09
2000-08-01,64708.2
2000-08-02,64707.17
2000-08-03,64216.65
2000-08-04,63854.34
2000-08-07,63678.51
2000-08-08,63654.19
2000-08-09,63396.79
2000-08-10,63442.4
2000-08-11,63557.93
2000-08-14,64197.86
2000-08-15,63893.85
2000-08-16,64405.58
2000-08-17,64602.65
2000-08-18,64228.74
2000-08-21,63994.67
2000-08-22,63714
2000-08-23,63654.73
2000-08-24,63525.54
2000-08-25,63769.22
2000-08-28,63768.21
2000-08-29,63848.76
2000-08-30,63684.63
2000-08-31,64545.79
2000-09-01,64544.77
2000-09-05,64077.72
2000-09-06,63878.64
2000-09-07,63539.77
2000-09-08,63550.41
2000-09-11,63502.8
2000-09-12,63991.08
2000-09-13,63489.14
2000-09-14,63627.92
2000-09-15,63510.42
2000-09-18,63602.6
2000-09-19,63333.67
2000-09-20,63227.83
2000-09-21,62784.18
2000-09-22,63819.88
2000-09-25,63562.61
2000-09-26,64027.52
2000-09-27,64329.34
2000-09-28,64386.56
2000-09-29,63744.93
2000-10-02,63615.8
2000-10-03,63381.85
2000-10-04,63206.15
2000-10-05,62983.86
2000-10-06,62889.69
2000-10-09,62888.69
2000-10-10,63004.15
2000-10-11,63527.21
2000-10-12,63817.35
2000-10-13,63641.65
2000-10-16,63256.35
2000-10-17,62940.92
2000-10-18,63347.5
2000-10-19,62950.57
2000-10-20,62984.5
2000-10-23,63216.39
2000-10-24,62924.28
2000-10-25,62131.49
2000-10-26,62037.36
2000-10-27,61430.9
2000-10-30,61651.15
2000-10-31,61591.96
2000-11-01,61823.84
2000-11-02,61671.5
2000-11-03,61623.95
2000-11-06,61867.47
2000-11-07,61819.92
2000-11-08,61492.95
2000-11-09,61620.04
2000-11-10,61665.63
2000-11-13,61664.65
2000-11-14,61686.95
2000-11-15,61604.49
2000-11-16,62092.43
2000-11-17,61753.86
2000-11-20,61962.41
2000-11-21,61961.43
2000-11-22,61960.45
2000-11-24,61819.78
2000-11-27,62424.08
2000-11-28,62842.12
2000-11-29,62643.25
2000-11-30,62642.25
2000-12-01,62664.54
2000-12-04,63012.71
2000-12-05,63034.99
2000-12-06,63220.21
2000-12-07,63754.58
2000-12-08,63532.44
2000-12-11,63007.71
2000-12-12,63018.35
2000-12-13,62749.68
2000-12-14,62678.86
2000-12-15,62922.25
2000-12-18,62886.34
2000-12-19,62734.06
2000-12-20,63408
2000-12-21,63558.27
2000-12-22,63557.26
2000-12-26,63556.25
2000-12-27,64009.05
2000-12-28,63868.4
2000-12-29,63867.39
2001-01-02,63086.8
2001-01-03,62166.6
2001-01-04,62153.98
2001-01-05,62222.81
2001-01-08,62431.24
2001-01-09,62127.75
2001-01-10,61963.89
2001-01-11,61462.63
2001-01-12,61356.95
2001-01-16,61530.48
2001-01-17,61308.47
2001-01-18,61633.23
2001-01-19,61632.25
2001-01-22,61922.1
2001-01-23,61909.49
2001-01-24,61478.09
2001-01-25,61628.34
2001-01-26,61313.29
2001-01-29,61149.46
2001-01-30,61637.04
2001-01-31,61531.37
2001-02-01,62263.19
2001-02-02,62041.2
2001-02-05,61749.44
2001-02-06,61108.75
2001-02-07,61212.45
2001-02-08,61164.96
2001-02-09,60454.53
2001-02-12,60732.69
2001-02-13,60650.32
2001-02-14,60533.06
2001-02-15,60136.68
2001-02-16,59879.88
2001-02-20,59599.82
2001-02-21,59889.61
2001-02-22,60202.64
2001-02-23,60573.81
2001-02-26,61212.42
2001-02-27,62397.56
2001-02-28,62024.46
2001-03-01,61942.08
2001-03-02,61185.28
2001-03-05,61044.78
2001-03-06,60892.65
2001-03-07,60612.62
2001-03-08,61309.3
2001-03-09,62738.45
2001-03-12,63365.3
2001-03-13,62620.19
2001-03-14,61351.91
2001-03-15,60932.39
2001-03-16,60617.52
2001-03-19,60581.68
2001-03-20,60813.23
2001-03-21,60916.89
2001-03-22,60718.3
2001-03-23,61112.59
2001-03-26,60960.49
2001-03-27,60913.03
2001-03-28,60481.95
2001-03-29,60480.99
2001-03-30,59910.44
2001-04-02,59502.65
2001-04-03,59769.05
2001-04-04,60314.42
2001-04-05,59999.62
2001-04-06,60161.4
2001-04-09,60206.94
2001-04-10,59659.7
2001-04-11,59902.83
2001-04-12,60262.18
2001-04-16,60261.23
2001-04-17,60562.45
2001-04-18,60166.34
2001-04-19,61153.24
2001-04-20,61326.59
2001-04-23,61035.08
2001-04-24,61220.05
2001-04-25,61242.32
2001-04-26,61241.35
2001-04-27,61496.04
2001-04-30,61158.06
2001-05-01,61354.64
2001-05-02,61342.05
2001-05-03,61910.45
2001-05-04,61955.95
2001-05-07,61954.97
2001-05-08,61628.64
2001-05-09,62243.48
2001-05-10,62381.92
2001-05-11,62520.36
2001-05-14,62356.7
2001-05-15,61949.07
2001-05-16,62947.26
2001-05-17,63666.59
2001-05-18,63433.22
2001-05-21,67672.71
2001-05-22,66021.93
2001-05-23,65788.54
2001-05-24,66461.29
2001-05-25,64183.29
2001-05-29,64066.1
2001-05-30,62961.5
2001-05-31,62147.34
2001-06-01,61658.47
2001-06-04,61913.05
2001-06-05,61726.21
2001-06-06,61678.77
2001-06-07,61817.18
2001-06-08,62025.27
2001-06-11,62372.74
2001-06-12,62696.97
2001-06-13,63172.19
2001-06-14,63275.72
2001-06-15,63228.25
2001-06-18,63180.79
2001-06-19,63504.99
2001-06-20,63062.65
2001-06-21,63108.1
2001-06-22,63478.74
2001-06-25,63384.82
2001-06-26,63639.3
2001-06-27,63824.1
2001-06-28,62592.13
2001-06-29,62846.61
2001-07-02,62323.06
2001-07-03,62356.9
2001-07-05,61844.98
2001-07-06,61565.32
2001-07-09,61796.57
2001-07-10,62109.1
2001-07-11,62131.34
2001-07-12,61840.07
2001-07-13,61850.7
2001-07-16,62290.93
2001-07-17,62139.01
2001-07-18,62358.62
2001-07-19,62763.99
2001-07-20,62623.67
2001-07-23,62390.48
2001-07-24,62401.1
2001-07-25,62318.84
2001-07-26,62108.88
2001-07-27,61794.45
2001-07-30,61828.3
2001-07-31,61734.44
2001-08-01,62070.11
2001-08-02,61987.87
2001-08-03,62184.23
2001-08-06,62032.33
2001-08-07,61857.23
2001-08-08,61844.64
2001-08-09,62679.4
2001-08-10,64024.85
2001-08-13,63977.41
2001-08-14,63721.04
2001-08-15,63917.34
2001-08-16,64044
2001-08-17,64402.78
2001-08-20,64216.06
2001-08-21,64133.8
2001-08-22,64028.33
2001-08-23,63795.2
2001-08-24,63318.36
2001-08-27,63317.36
2001-08-28,62910.17
2001-08-29,63326.95
2001-08-30,63198.29
2001-08-31,63359.75
2001-09-04,63196.29
2001-09-05,62963.2
2001-09-06,63136.26
2001-09-07,63494.98
2001-09-10,63006.62
2001-09-17,68053.11
2001-09-18,67158.58
2001-09-19,66855.83
2001-09-20,66947.59
2001-09-21,67874.75
2001-09-24,66875.85
2001-09-25,66828.38
2001-09-26,67627.87
2001-09-27,67243.93
2001-09-28,68008.58
2001-10-01,67427.42
2001-10-02,67669.98
2001-10-03,67309.27
2001-10-04,67366.21
2001-10-05,67562.35
2001-10-08,67712.09
2001-10-09,67281.79
2001-10-10,66619.51
2001-10-11,65388.84
2001-10-12,65376.2
2001-10-15,65386.76
2001-10-16,65211.73
2001-10-17,65326.69
2001-10-18,65186.46
2001-10-19,64756.26
2001-10-22,64001.31
2001-10-23,64035.09
2001-10-24,63906.49
2001-10-25,64183.84
2001-10-26,64310.4
2001-10-29,64622.52
2001-10-30,65039.01
2001-10-31,64655.26
2001-11-01,65083.34
2001-11-02,64919.94
2001-11-05,64536.21
2001-11-06,64697.54
2001-11-07,65009.62
2001-11-08,64927.42
2001-11-09,64277
2001-11-12,64936.95
2001-11-13,64124.21
2001-11-14,64529.04
2001-11-15,63878.67
2001-11-16,63657.34
2001-11-19,63447.62
2001-11-20,63295.88
2001-11-21,63260.09
2001-11-23,63328.65
2001-11-26,63211.7
2001-11-27,63373.02
2001-11-28,63627.08
2001-11-29,63718.82
2001-11-30,63880.12
2001-12-03,64076.2
2001-12-04,64133.15
2001-12-05,63761.15
2001-12-06,63655.8
2001-12-07,63550.46
2001-12-10,63213.26
2001-12-11,63107.93
2001-12-12,63408.32
2001-12-13,63604.38
2001-12-14,64229.33
2001-12-17,64390.59
2001-12-18,64644.58
2001-12-19,64597.19
2001-12-20,64005.02
2001-12-21,64328.55
2001-12-24,64327.53
2001-12-26,64326.51
2001-12-27,64371.85
2001-12-28,64092.66
2001-12-31,64091.65
2002-01-02,64519.45
2002-01-03,64622.73
2002-01-04,64378.33
2002-01-07,64574.33
2002-01-08,64573.3
2002-01-09,65151.72
2002-01-10,66483.39
2002-01-11,66227.39
2002-01-14,66365.39
2002-01-15,65866.05
2002-01-16,65957.71
2002-01-17,66049.36
2002-01-18,65631.16
2002-01-22,65363.61
2002-01-23,65061.3
2002-01-24,64701.07
2002-01-25,64653.7
2002-01-28,64675.84
2002-01-29,64396.74
2002-01-30,65229.93
2002-01-31,65414.28
2002-02-01,65783.99
2002-02-04,66593.95
2002-02-05,67647.18
2002-02-06,69395.5
2002-02-07,69394.4
2002-02-08,70505.46
2002-02-11,68986.73
2002-02-12,69252.08
2002-02-13,68903.45
2002-02-14,69273.05
2002-02-15,69468.88
2002-02-19,68691.65
2002-02-20,67485.85
2002-02-21,67681.7
2002-02-22,67819.63
2002-02-25,67633.22
2002-02-26,68153.38
2002-02-27,68893.6
2002-02-28,68765.1
2002-03-01,68428.12
2002-03-04,68890.32
2002-03-05,68981.89
2002-03-06,67799.44
2002-03-07,67404.58
2002-03-08,66974.99
2002-03-11,67448.77
2002-03-12,68003.59
2002-03-13,67898.28
2002-03-14,67445.55
2002-03-15,67236.03
2002-03-18,67640.28
2002-03-19,67882.39
2002-03-20,67591.81
2002-03-21,67799.18
2002-03-22,68145.49
2002-03-25,68943.4
2002-03-26,68571.77
2002-03-27,69242.27
2002-03-28,69796.96
2002-04-01,69795.85
2002-04-02,70396.83
2002-04-03,70337.82
2002-04-04,69862
2002-04-05,69698.8
2002-04-08,69570.33
2002-04-09,69164.01
2002-04-10,69000.83
2002-04-11,69763.83
2002-04-12,69542.76
2002-04-15,69483.77
2002-04-16,68938.56
2002-04-17,69655.22
2002-04-18,70441.31
2002-04-19,69872.95
2002-04-22,70311.73
2002-04-23,70079.1
2002-04-24,70425.26
2002-04-25,71130.24
2002-04-26,70978.64
2002-04-29,71695.17
2002-04-30,71346.78
2002-05-01,71380.37
2002-05-02,71205.62
2002-05-03,71864.23
2002-05-06,71863.09
2002-05-07,72220.74
2002-05-08,71872.38
2002-05-09,71489.31
2002-05-10,72020.56
2002-05-13,71926.83
2002-05-14,71381.75
2002-05-15,71357.47
2002-05-16,71772.96
2002-05-17,71887.54
2002-05-20,72094.7
2002-05-21,72949.9
2002-05-22,73388.48
2002-05-23,73398.89
2002-05-24,74277.17
2002-05-28,74102.41
2002-05-29,75686.5
2002-05-30,75442.31
2002-05-31,75579.96
2002-06-03,75578.76
2002-06-04,75577.56
2002-06-05,74511.89
2002-06-06,74996.65
2002-06-07,75527.68
2002-06-10,74624.04
2002-06-11,73303.92
2002-06-12,73985.35
2002-06-13,73752.79
2002-06-14,74526.75
2002-06-17,73530.64
2002-06-18,73656.73
2002-06-19,74187.71
2002-06-20,74579.86
2002-06-21,74659.65
2002-06-24,75514.5
2002-06-25,74425.93
2002-06-26,74390.04
2002-06-27,73752.65
2002-06-28,73682.08
2002-07-01,72200.33
2002-07-02,72742.82
2002-07-03,71908.87
2002-07-05,72011.83
2002-07-08,72103.21
2002-07-09,72587.85
2002-07-10,72818.01
2002-07-11,72666.5
2002-07-12,73255.19
2002-07-15,73786.04
2002-07-16,73611.39
2002-07-17,73124.49
2002-07-18,73470.27
2002-07-19,74683.4
2002-07-22,74682.21
2002-07-23,73940.91
2002-07-24,71985.4
2002-07-25,71567.96
2002-07-26,70526.09
2002-07-29,70073.99
2002-07-30,70627.92
2002-07-31,70453.35
2002-08-01,69897.21
2002-08-02,70543.61
2002-08-05,71571.57
2002-08-06,70703.25
2002-08-07,72193.66
2002-08-08,72180.95
2002-08-09,72364.8
2002-08-12,73230.78
2002-08-13,72559.04
2002-08-14,72985.66
2002-08-15,72290.83
2002-08-16,72648.08
2002-08-19,71698.94
2002-08-20,71212.25
2002-08-21,70875.87
2002-08-22,70608.86
2002-08-23,70734.9
2002-08-26,70733.78
2002-08-27,71784.59
2002-08-28,71922.16
2002-08-29,72152.21
2002-08-30,72312.89
2002-09-03,72473.57
2002-09-04,72356.83
2002-09-05,73407.51
2002-09-06,73799.33
2002-09-09,74549.45
2002-09-10,73762.32
2002-09-11,72928.98
2002-09-12,73702.19
2002-09-13,73689.46
2002-09-16,72890.84
2002-09-17,73016.81
2002-09-18,73662.84
2002-09-19,74482.2
2002-09-20,74492.57
2002-09-23,74537.62
2002-09-24,75414.71
2002-09-25,75147.72
2002-09-26,73863.83
2002-09-27,73966.66
2002-09-30,74809.03
2002-10-01,74357.19
2002-10-02,74460
2002-10-03,74435.71
2002-10-04,74018.56
2002-10-07,74352.47
2002-10-08,73715.79
2002-10-09,73795.5
2002-10-10,73701.9
2002-10-11,73215.47
2002-10-14,73422.27
2002-10-15,73062.95
2002-10-16,72565
2002-10-17,71801.34
2002-10-18,72262.32
2002-10-21,72226.52
2002-10-22,72213.82
2002-10-23,72108.7
2002-10-24,72026.69
2002-10-25,72314.35
2002-10-28,72648.2
2002-10-29,73270.83
2002-10-30,73131.05
2002-10-31,73210.75
2002-11-01,73891.1
2002-11-04,73358.59
2002-11-05,73576.89
2002-11-06,73298.51
2002-11-07,73747.81
2002-11-08,74312.6
2002-11-11,74080.42
2002-11-12,74321.79
2002-11-13,74840.34
2002-11-14,73591.81
2002-11-15,73706.14
2002-11-18,73624.12
2002-11-19,73842.38
2002-11-20,73644.88
2002-11-21,73366.55
2002-11-22,73376.93
2002-11-25,73318.03
2002-11-26,73328.41
2002-11-27,73408.08
2002-11-29,73684.06
2002-12-02,73082.43
2002-12-03,73831.84
2002-12-04,74384.92
2002-12-05,74464.57
2002-12-06,75225.47
2002-12-09,75074.17
2002-12-10,74611.13
2002-12-11,74875.5
2002-12-12,75370.79
2002-12-13,76708.9
2002-12-16,76892.41
2002-12-17,78276.64
2002-12-18,78044.5
2002-12-19,79659.56
2002-12-20,78873.25
2002-12-23,79414.6
2002-12-24,79413.34
2002-12-26,79412.08
2002-12-27,80646.04
2002-12-30,80159.91
2002-12-31,80158.64
2003-01-02,79372.4
2003-01-03,79532.75
2003-01-06,81205.25
2003-01-07,80569.1
2003-01-08,80740.96
2003-01-09,81351.44
2003-01-10,81488.66
2003-01-13,81383.49
2003-01-14,81509.16
2003-01-15,81023.1
2003-01-16,81321.9
2003-01-17,82405.52
2003-01-21,81665.56
2003-01-22,82749.14
2003-01-23,84178.91
2003-01-24,84477.64
2003-01-27,85053.33
2003-01-28,85028.9
2003-01-29,85373.76
2003-01-30,84841.56
2003-01-31,84817.13
2003-02-03,85277.37
2003-02-04,86903.1
2003-02-05,88182.59
2003-02-06,86727.25
2003-02-07,86137.39
2003-02-10,85501.38
2003-02-11,84000
2003-02-12,82221.74
2003-02-13,81412.76
2003-02-14,81746.07
2003-02-18,79402.58
2003-02-19,79839.75
2003-02-20,81119.15
2003-02-21,81290.93
2003-02-24,81958.79
2003-02-25,82511.27
2003-02-26,81194.76
2003-02-27,81043.49
2003-02-28,80165.44
2003-03-03,79714.25
2003-03-04,81535.69
2003-03-05,81661.29
2003-03-06,81833.03
2003-03-07,80920.42
2003-03-10,81772.75
2003-03-11,80444.91
2003-03-12,79843.81
2003-03-13,77166.48
2003-03-14,77326.74
2003-03-17,78605.83
2003-03-18,78154.75
2003-03-19,77461.46
2003-03-20,77460.23
2003-03-21,76928.45
2003-03-24,75993.02
2003-03-25,76556.94
2003-03-26,76105.94
2003-03-27,76750.57
2003-03-28,76288.05
2003-03-31,77232.51
2003-04-01,77115.96
2003-04-02,75949.98
2003-04-03,74657.18
2003-04-04,74679.06
2003-04-07,73778.41
2003-04-08,74584.44
2003-04-09,74110.47
2003-04-10,74858.82
2003-04-11,74903.76
2003-04-14,75167.77
2003-04-15,75051.27
2003-04-16,74738.76
2003-04-17,75406.33
2003-04-21,75405.13
2003-04-22,77225.65
2003-04-23,76855.47
2003-04-24,76946.49
2003-04-25,76841.5
2003-04-28,76690.41
2003-04-29,76412.49
2003-04-30,77644.86
2003-05-01,78669.67
2003-05-02,78507.02
2003-05-05,78505.77
2003-05-06,79046.35
2003-05-07,78814.53
2003-05-08,79873.83
2003-05-09,80206.86
2003-05-12,80943.33
2003-05-13,80780.66
2003-05-14,81505.58
2003-05-15,81665.66
2003-05-16,81837.26
2003-05-19,82758.07
2003-05-20,84439.58
2003-05-21,84784.02
2003-05-22,85197.61
2003-05-23,85403.72
2003-05-27,85609.82
2003-05-28,82865.44
2003-05-29,83693.93
2003-05-30,83300.76
2003-06-02,84071.59
2003-06-03,84127.88
2003-06-04,83942.16
2003-06-05,84528.56
2003-06-06,83662.91
2003-06-09,83603.97
2003-06-10,81643.62
2003-06-11,81642.33
2003-06-12,81180.1
2003-06-13,81363.18
2003-06-16,82571.79
2003-06-17,83596.01
2003-06-18,82903.33
2003-06-19,82418.07
2003-06-20,82497.42
2003-06-23,81804.79
2003-06-24,80248.05
2003-06-25,80212.21
2003-06-26,79231.61
2003-06-27,79610.56
2003-06-30,79724.5
2003-07-01,80690.99
2003-07-02,80989.25
2003-07-03,80504.1
2003-07-07,80214.82
2003-07-08,79994.66
2003-07-09,79290.67
2003-07-10,79116.62
2003-07-11,79184.48
2003-07-14,80058.7
2003-07-15,80230.22
2003-07-16,79065.52
2003-07-17,78903
2003-07-18,79327.94
2003-07-21,80628.27
2003-07-22,81087.72
2003-07-23,81719.93
2003-07-24,82306.05
2003-07-25,83617.77
2003-07-28,84215.36
2003-07-29,83730.29
2003-07-30,82404.48
2003-07-31,81712.15
2003-08-01,81158.04
2003-08-04,80039.64
2003-08-05,80245.66
2003-08-06,81073.57
2003-08-07,80980.15
2003-08-08,81520.11
2003-08-11,82716.46
2003-08-12,82933.94
2003-08-13,82598.68
2003-08-14,83737.38
2003-08-15,83943.32
2003-08-18,82963.22
2003-08-19,82996.45
2003-08-20,83755.09
2003-08-21,83661.64
2003-08-22,82612.53
2003-08-25,82611.22
2003-08-26,83012.89
2003-08-27,85486.99
2003-08-28,85151.74
2003-08-29,86485.93
2003-09-02,86047.06
2003-09-03,85193.74
2003-09-04,85365.08
2003-09-05,86526.49
2003-09-08,86260.33
2003-09-09,88008.8
2003-09-10,87489.37
2003-09-11,86636.11
2003-09-12,87083.68
2003-09-15,85988.72
2003-09-16,86240.6
2003-09-17,86158.66
2003-09-18,87089.67
2003-09-19,87422.09
2003-09-22,88744.41
2003-09-23,88535.82
2003-09-24,88626.49
2003-09-25,89937.22
2003-09-26,88094.23
2003-09-29,87920.19
2003-09-30,89311.43
2003-10-01,88274.18
2003-10-02,87973.55
2003-10-03,88444.01
2003-10-06,85461.87
2003-10-07,86565.32
2003-10-08,86368.31
2003-10-09,85296.68
2003-10-10,85686.6
2003-10-13,85213.42
2003-10-14,86063.63
2003-10-15,85958.7
2003-10-16,85934.32
2003-10-17,85265.55
2003-10-20,86023.64
2003-10-21,87034.86
2003-10-22,88540.83
2003-10-23,88481.89
2003-10-24,89343.44
2003-10-27,88824.26
2003-10-28,88454.66
2003-10-29,88683.37
2003-10-30,88935.08
2003-10-31,88876.14
2003-11-03,88184.43
2003-11-04,86952.02
2003-11-05,87146.22
2003-11-06,87489.97
2003-11-07,87189.47
2003-11-10,88234.96
2003-11-11,89222.89
2003-11-12,89658.62
2003-11-13,90968.6
2003-11-14,91266.24
2003-11-17,90574.6
2003-11-18,90619.18
2003-11-19,90905.31
2003-11-20,90708.32
2003-11-21,90982.94
2003-11-24,90153.33
2003-11-25,90117.39
2003-11-26,91093.62
2003-11-28,91632.76
2003-12-01,92068.36
2003-12-02,92319.93
2003-12-03,92421.98
2003-12-04,92524.02
2003-12-05,92557.05
2003-12-08,93418.13
2003-12-09,93784.66
2003-12-10,94300.69
2003-12-11,92942.18
2003-12-12,93630.7
2003-12-15,93721.21
2003-12-16,93834.72
2003-12-17,93890.72
2003-12-18,93716.75
2003-12-19,94232.71
2003-12-22,94392.2
2003-12-23,94114.74
2003-12-24,94113.24
2003-12-26,94111.75
2003-12-29,94742.65
2003-12-30,95718.47
2003-12-31,95716.95
2004-01-02,95485.48
2004-01-05,96714.18
2004-01-06,97586.43
2004-01-07,96975.54
2004-01-08,96801.55
2004-01-09,97340.35
2004-01-12,97775.67
2004-01-13,97831.6
2004-01-14,96450.52
2004-01-15,94839.56
2004-01-16,93895.41
2004-01-20,94089.34
2004-01-21,93708.5
2004-01-22,94086.35
2004-01-23,94027.39
2004-01-26,93841.98
2004-01-27,93265.76
2004-01-28,94482.69
2004-01-29,93262.8
2004-01-30,91893.52
2004-02-02,91570.24
2004-02-03,92281.39
2004-02-04,91774.21
2004-02-05,91841.72
2004-02-06,92920.61
2004-02-09,93309.9
2004-02-10,93906.04
2004-02-11,93260.97
2004-02-12,94604.1
2004-02-13,95613.91
2004-02-17,95267.63
2004-02-18,95266.12
2004-02-19,94184.39
2004-02-20,93137.17
2004-02-23,91814.19
2004-02-24,92444.74
2004-02-25,91983.64
2004-02-26,90373.47
2004-02-27,90969.55
2004-03-01,91921.81
2004-03-02,90943.68
2004-03-03,89735.78
2004-03-04,90079.05
2004-03-05,91743.62
2004-03-08,91880.04
2004-03-09,92257.73
2004-03-10,91969.04
2004-03-11,91553.98
2004-03-12,91449.12
2004-03-15,91470.65
2004-03-16,92480.18
2004-03-17,92536.15
2004-03-18,94372.77
2004-03-19,94658.47
2004-03-22,95955.07
2004-03-23,95631.9
2004-03-24,95400.63
2004-03-25,95594.4
2004-03-26,96833.47
2004-03-29,96774.5
2004-03-30,96485.8
2004-03-31,97334.26
2004-04-01,98148.24
2004-04-02,96251.49
2004-04-05,95951.33
2004-04-06,96133.57
2004-04-07,96246.9
2004-04-08,96360.23
2004-04-12,96358.7
2004-04-13,93692.66
2004-04-14,91359.77
2004-04-15,91473.16
2004-04-16,92068.9
2004-04-19,92584.23
2004-04-20,91147.26
2004-04-21,90204.13
2004-04-22,90099.35
2004-04-23,90603.19
2004-04-26,91175.92
2004-04-27,91002.22
2004-04-28,90082.15
2004-04-29,88645.37
2004-04-30,89218.09
2004-05-03,89216.68
2004-05-04,89846.78
2004-05-05,90143.89
2004-05-06,88982.79
2004-05-07,87442.84
2004-05-10,86109.6
2004-05-11,86165.64
2004-05-12,87760.14
2004-05-13,86139.94
2004-05-14,86448.55
2004-05-17,87928.17
2004-05-18,86721.34
2004-05-19,87420.25
2004-05-20,87131.87
2004-05-21,88462.14
2004-05-24,88162.27
2004-05-25,89285.86
2004-05-26,89456.63
2004-05-27,90362.06
2004-05-28,90280.27
2004-06-01,91185.66
2004-06-02,90644.72
2004-06-03,89610.22
2004-06-04,89138.2
2004-06-07,90353.45
2004-06-08,90065.07
2004-06-09,88801.1
2004-06-10,88363.55
2004-06-14,88396.58
2004-06-15,88716.53
2004-06-16,88428.2
2004-06-17,88621.9
2004-06-18,90686.27
2004-06-21,90719.26
2004-06-22,90832.59
2004-06-23,90406.53
2004-06-24,91805.15
2004-06-25,92147.96
2004-06-28,92777.65
2004-06-29,90515.54
2004-06-30,90835.41
2004-07-01,90604.47
2004-07-02,91280.04
2004-07-06,90532.75
2004-07-07,91713.17
2004-07-08,93019.77
2004-07-09,93282.2
2004-07-12,93246.29
2004-07-13,91994.19
2004-07-14,92658.19
2004-07-15,92507.56
2004-07-16,93228.9
2004-07-19,93238.89
2004-07-20,91780.38
2004-07-21,91434.74
2004-07-22,91261.21
2004-07-23,89825.73
2004-07-26,89652.23
2004-07-27,89444.31
2004-07-28,88857.84
2004-07-29,88856.43
2004-07-30,89795.66
2004-08-02,89817.18
2004-08-03,89689.57
2004-08-04,89814.33
2004-08-05,89663.79
2004-08-06,91532.03
2004-08-09,91530.58
2004-08-10,91643.82
2004-08-11,90346.28
2004-08-12,90413.66
2004-08-13,91008.64
2004-08-16,92131.18
2004-08-17,92049.44
2004-08-18,92311.76
2004-08-19,93239.26
2004-08-20,94166.74
2004-08-23,94176.71
2004-08-24,93166.01
2004-08-25,93118.66
2004-08-26,93128.65
2004-08-27,92909.29
2004-08-30,92907.82
2004-08-31,93399.43
2004-09-01,93489.69
2004-09-02,93132.73
2004-09-03,91996.05
2004-09-07,91295.13
2004-09-08,90880.89
2004-09-09,91429.82
2004-09-10,92036.07
2004-09-13,91564.51
2004-09-14,92927.47
2004-09-15,92742.54
2004-09-16,92500.3
2004-09-17,93026.23
2004-09-20,92703.73
2004-09-21,93665.3
2004-09-22,92941.54
2004-09-23,94350.19
2004-09-24,93511.8
2004-09-27,93819.85
2004-09-28,94391.55
2004-09-29,94676.64
2004-09-30,95294.16
2004-10-01,95854.35
2004-10-04,94580.43
2004-10-05,95232.31
2004-10-06,95930.03
2004-10-07,95848.27
2004-10-08,96683.5
2004-10-11,96670.5
2004-10-12,95064.29
2004-10-13,94271.91
2004-10-14,95210.27
2004-10-15,96366.36
2004-10-18,96066.84
2004-10-19,96122.62
2004-10-20,97095.27
2004-10-21,96841.6
2004-10-22,96908.82
2004-10-25,98362.75
2004-10-26,97983
2004-10-27,98153.35
2004-10-28,97223.54
2004-10-29,97531.41
2004-11-01,98286.19
2004-11-02,97218.91
2004-11-03,97056.94
2004-11-04,98659.65
2004-11-05,98772.67
2004-11-08,98977.36
2004-11-09,99376.83
2004-11-10,99317.96
2004-11-11,99408.05
2004-11-12,99922.07
2004-11-15,100275.67
2004-11-16,100686.55
2004-11-17,101612.99
2004-11-18,101279.12
2004-11-19,102191.95044649577
2004-11-22,102579.91013300297
2004-11-23,102123.49055701541
2004-11-24,102808.11556825707
2004-11-26,103355.820800538
2004-11-29,103606.85200260513
2004-11-30,102967.86111403082
2004-12-01,103561.20917445843
2004-12-02,102579.91013300295
2004-12-03,104063.26287311333
2004-12-06,103081.96383165786
2004-12-07,102945.04405269712
2004-12-08,100434.74073750524
2004-12-09,99909.86127203732
2004-12-10,99133.95060450229
2004-12-13,100206.53530225116
2004-12-14,99384.98180656941
2004-12-15,100389.1066148379
2004-12-16,99681.65583678323
2004-12-17,100845.51748534614
2004-12-20,101187.83434370664
2004-12-21,100913.98608030584
2004-12-22,100457.56650431828
2004-12-23,101028.08879793288
2004-12-27,101507.32543525411
2004-12-28,101256.29423318699
2004-12-29,99636.01300863652
2004-12-30,100023.97269514372
2004-12-31,99955.50410018401
2005-01-03,98175.47732985982
2005-01-04,97536.49514676484
2005-01-05,97376.74089551176
2005-01-06,96190.06218561518
2005-01-07,95482.61140756051
2005-01-10,95733.64260962764
2005-01-11,96326.98196457594
2005-01-12,97216.99534973805
2005-01-13,97216.99534973805
2005-01-14,96578.01316664307
2005-01-18,96578.01316664307
2005-01-19,96441.084682203
2005-01-20,96418.26762086933
2005-01-21,97536.49514676488
2005-01-24,97604.95503624526
2005-01-25,96395.45055953566
2005-01-26,97422.38372365851
2005-01-27,97262.63817788476
2005-01-28,97422.38372365851
2005-01-31,96349.807731389
2005-02-01,96075.95076250886
2005-02-02,96212.87924694891
2005-02-03,95117.47748786639
2005-02-04,94638.24085054516
2005-02-07,94181.82127455762
2005-02-08,94158.9955077446
2005-02-09,94273.106930851
2005-02-10,95277.22303364017
2005-02-11,96030.31663984153
2005-02-14,97102.89263211106
2005-02-15,97171.36122707077
2005-02-16,97034.4327426307
2005-02-17,97513.66937995194
2005-02-18,97559.31220809864
2005-02-22,99430.62463471621
2005-02-23,99088.30777635571
2005-02-24,98882.92810791462
2005-02-25,99270.87908894247
2005-02-28,99339.33897842283
2005-03-01,98631.89690584749
2005-03-02,98700.35679532785
2005-03-03,98061.37461223287
2005-03-04,98997.03082554166
2005-03-07,99202.41919946208
2005-03-08,100480.38356565204
2005-03-09,100457.56650431837
2005-03-10,100868.34325215925
2005-03-11,101393.22271762716
2005-03-14,100480.38356565204
2005-03-15,100548.85216061174
2005-03-16,101119.37445422636
2005-03-17,100001.14692833083
2005-03-18,100160.89247410456
2005-03-21,98335.22287563367
2005-03-22,97331.1067728445
2005-03-23,96806.21860189724
2005-03-24,96737.75871241688
2005-03-28,97080.07557077738
2005-03-29,97125.71839892407
2005-03-30,97239.82111655113
2005-03-31,97719.05775387237
2005-04-01,97262.63817788482
2005-04-04,96760.5844792299
2005-04-05,96874.68719685696
2005-04-06,97285.46394469783
2005-04-07,97148.53546025776
2005-04-08,97422.38372365855
2005-04-11,97627.772097579
2005-04-12,97764.70058201905
2005-04-13,97901.62906645912
2005-04-14,96555.19610530946
2005-04-15,96760.58447922989
2005-04-18,97422.38372365855
2005-04-19,98768.81668480822
2005-04-20,99042.67365368834
2005-04-21,98563.42831088777
2005-04-22,99019.84788687533
2005-04-25,99133.95060450237
2005-04-26,99590.37018048993
2005-04-27,98586.25407770078
2005-04-28,98129.83450171322
2005-04-29,98928.56223058194
2005-05-02,97855.98623831241
2005-05-03,97582.12926943228
2005-05-04,97901.6290664591
2005-05-05,97924.44612779279
2005-05-06,97034.43274263068
2005-05-09,97102.89263211106
2005-05-10,97308.2810060315
2005-05-11,97422.38372365855
2005-05-12,96212.87924694897
2005-05-13,95733.64260962773
2005-05-16,95573.89706385398
2005-05-17,95528.25423570728
2005-05-18,95961.84804488182
2005-05-19,95802.10249910808
2005-05-20,95049.01759838604
2005-05-23,94980.54900342633
2005-05-24,95231.58020549345
2005-05-25,95551.07129704094
2005-05-26,95140.29454920007
2005-05-27,95573.89706385396
2005-05-31,95049.01759838604
2005-06-01,94775.1606295059
2005-06-02,96075.95076250886
2005-06-03,96235.69630828261
2005-06-06,96943.1470863373
2005-06-07,96714.94165108318
2005-06-08,96623.6559947898
2005-06-09,96463.91044901607
2005-06-10,97262.6381778848
2005-06-13,97627.77209757897
2005-06-14,97216.9953497381
2005-06-15,97536.49514676492
2005-06-16,99179.59343264905
2005-06-17,99567.55311915625
2005-06-20,99636.01300863661
2005-06-21,99978.32986699713
2005-06-22,99772.9414930767
2005-06-23,100457.56650431835
2005-06-24,100183.71824091756
2005-06-27,100206.53530225124
2005-06-28,99156.7763713154
2005-06-29,99567.55311915626
2005-06-30,99133.95060450239
2005-07-01,97445.20949047156
2005-07-05,96486.72751034977
2005-07-06,96418.2676208694
2005-07-07,96669.29882293653
2005-07-08,96441.08468220309
2005-07-11,97080.0755707774
2005-07-12,97308.2810060315
2005-07-13,96646.4730561235
2005-07-14,95619.53989200067
2005-07-15,95961.84804488184
2005-07-18,95870.56238858847
2005-07-19,95596.71412518766
2005-07-20,96304.16490324233
2005-07-21,96897.5042581906
2005-07-22,96874.68719685692
2005-07-25,97011.60697581765
2005-07-26,96418.26762086936
2005-07-27,96851.8614300439
2005-07-28,97559.31220809856
2005-07-29,97719.0577538723
2005-08-01,98426.50853192699
2005-08-02,98449.32559326067
2005-08-03,99339.33897842278
2005-08-04,99681.65583678328
2005-08-05,99499.08452419651
2005-08-08,98928.5622305819
2005-08-09,98905.74516924823
2005-08-10,99613.19594730291
2005-08-11,101438.8655457738
2005-08-12,101530.15120206718
2005-08-15,100708.59770638544
2005-08-16,101667.07098102791
2005-08-17,100206.53530225118
2005-08-18,100023.97269514376
2005-08-19,99499.0845241965
2005-08-22,99727.29866492996
2005-08-23,99864.2184438907
2005-08-24,99476.26746286284
2005-08-25,99795.75855441035
2005-08-26,99521.91029100954
2005-08-29,99430.62463471615
2005-08-30,98152.65156304686
2005-08-31,99042.6736536883
2005-09-01,100913.98608030588
2005-09-02,100982.44596978626
2005-09-06,101028.08879793294
2005-09-07,101165.01728237301
2005-09-08,101781.17369865498
2005-09-09,102328.87893093593
2005-09-12,102442.98164856299
2005-09-13,101689.89674784095
2005-09-14,102602.72719433672
2005-09-15,103652.48612527258
2005-09-16,104565.3252772477
2005-09-19,105546.62431870318
2005-09-20,105500.98149055649
2005-09-21,107395.11968398708
2005-09-22,105797.6555207703
2005-09-23,105615.08420818356
2005-09-26,106276.89215809155
2005-09-27,105546.6243187032
2005-09-28,106801.77162355947
2005-09-29,107486.39663480113
2005-09-30,106573.56618830535
2005-10-03,105934.57529973105
2005-10-04,106003.04389469075
2005-10-05,105797.65552077032
2005-10-06,107737.42783686827
2005-10-07,108079.74469522877
2005-10-10,108102.56175656246
2005-10-11,108148.20458470915
2005-10-12,106915.87434118654
2005-10-13,107303.83402769372
2005-10-14,106801.77162355949
2005-10-17,107851.53055449533
2005-10-18,107258.19119954704
2005-10-19,105752.01269262364
2005-10-20,104930.4591969419
2005-10-21,106162.78944046449
2005-10-24,105866.11541025068
2005-10-25,107395.1196839871
2005-10-26,107098.44565377328
2005-10-27,107668.9679473879
2005-10-28,107760.25360368127
2005-10-31,105888.94117706368
2005-11-01,104359.93690332727
2005-11-02,105272.77605530238
2005-11-03,104884.8163687952
2005-11-04,103857.87449919303
2005-11-07,104451.22255962064
2005-11-08,104770.71365116813
2005-11-09,106254.07509675785
2005-11-10,106071.5037841711
2005-11-11,106801.77162355947
2005-11-14,106390.9948757186
2005-11-15,106482.280532012
2005-11-16,109038.21796987124
2005-11-17,110635.68213308803
2005-11-18,110590.03930494134
2005-11-21,111799.55248713026
2005-11-22,112552.63738785229
2005-11-23,112164.68640682443
2005-11-25,112780.84282310639
2005-11-28,113511.11936797407
2005-11-29,113648.0391469348
2005-11-30,112050.57498371802
2005-12-01,114492.40970395022
2005-12-02,114834.72656231074
2005-12-05,115884.48549324657
2005-12-06,116135.51669531368
2005-12-07,117116.81573676917
2005-12-08,118440.43163658516
2005-12-09,119581.47622381439
2005-12-12,119946.61014350857
2005-12-13,117869.90934297055
2005-12-14,114903.1864517911
2005-12-15,114652.1639552033
2005-12-16,114309.8470968428
2005-12-19,114606.52112705662
2005-12-20,111913.6552047573
2005-12-21,112666.74010547936
2005-12-22,114423.94981446989
2005-12-23,114378.3069863232
2005-12-27,115564.99440169912
2005-12-28,117459.13259512972
2005-12-29,117459.13259512972
2005-12-30,117710.16379719684
2006-01-03,121224.57450969856
2006-01-04,121635.35125753943
2006-01-05,119444.54773937435
2006-01-06,122593.83323766124
2006-01-09,124602.06544323954
2006-01-10,123369.74390519627
2006-01-11,124442.31989746579
2006-01-12,124214.11446221168
2006-01-13,126519.0206980038
2006-01-17,126108.24395016294
2006-01-18,123392.56096652994
2006-01-19,126861.3375563643
2006-01-20,125971.3241712022
2006-01-23,127272.11430420516
2006-01-24,127180.82864791177
2006-01-25,128116.48486122055
2006-01-26,127523.14550627227
2006-01-27,126952.62321265765
2006-01-30,129348.81510474315
2006-01-31,129394.45793288984
2006-02-01,129394.45793288984
2006-02-02,130033.44011598482
2006-02-03,128938.03835690228
2006-02-06,129440.10076103653
2006-02-07,124602.06544323951
2006-02-08,125126.95361418676
2006-02-09,128207.77051751393
2006-02-10,125035.66795789338
2006-02-13,122593.8332376612
2006-02-14,124351.04294665174
2006-02-15,122685.11018847526
2006-02-16,124419.50283613212
2006-02-17,125423.61893892128
2006-02-21,125788.75285861545
2006-02-22,126290.81526274969
2006-02-23,124693.3510995329
2006-02-24,126975.44027399133
2006-02-27,126016.96699934886
2006-02-28,127956.73931544683
2006-03-01,128025.19920492718
2006-03-02,129485.74358918323
2006-03-03,128435.97595276804
2006-03-06,126039.78406068255
2006-03-07,125400.80187758757
2006-03-08,123164.35553127581
2006-03-09,123780.52065303712
2006-03-10,122844.86443972832
2006-03-13,123940.26619881086
2006-03-14,125218.23056500082
2006-03-15,125788.75285861544
2006-03-16,126290.81526274967
2006-03-17,125788.75285861542
2006-03-20,125902.85557624248
2006-03-21,125126.95361418677
2006-03-22,124944.38230160002
2006-03-23,124830.27958397297
2006-03-24,127135.1858197651
2006-03-27,128687.0071548352
2006-03-28,127933.92225411317
2006-03-29,130238.82848990531
2006-03-30,133730.42214107336
2006-03-31,132589.37755384413
2006-04-03,133433.75681633886
2006-04-04,133114.2657247914
2006-04-05,133867.3506255134
2006-04-06,135282.24347614343
2006-04-07,133707.60507973965
2006-04-10,136012.51131553177
2006-04-11,134666.0783543821
2006-04-12,135624.56033450388
2006-04-13,135784.30588027765
2006-04-17,139412.82801588575
2006-04-18,141147.21195806327
2006-04-19,145483.18487172606
2006-04-20,139116.15398567196
2006-04-21,144228.03756686978
2006-04-24,140690.80108755507
2006-04-25,143269.555586748
2006-04-26,145254.97943647197
2006-04-27,143680.33233458886
2006-04-28,148541.17600824023
2006-05-01,148700.93896497262
2006-05-02,151873.04152459317
2006-05-03,151667.6444451934
2006-05-04,153995.3851532779
2006-05-05,155159.23809636146
2006-05-08,154177.939054906
2006-05-09,159015.97437270303
2006-05-10,160613.42983044047
2006-05-11,162096.79127603018
2006-05-12,162302.18835542994
2006-05-15,153835.63960750416
2006-05-16,156574.13965247083
2006-05-17,155524.38072153498
2006-05-18,153949.73361965187
2006-05-19,149659.4122396151
2006-05-22,149020.43005652013
2006-05-23,151485.0731326067
2006-05-24,146190.62694430145
2006-05-25,147651.16262307815
2006-05-26,148564.00177505327
2006-05-30,148586.82754186628
2006-05-31,146578.59533628798
2006-06-01,142767.5018880931
2006-06-02,144912.66257811149
2006-06-05,144433.42594079024
2006-06-06,142744.6761212801
2006-06-07,142128.5109995188
2006-06-08,139002.05126804495
2006-06-09,137952.2923371091
2006-06-12,136993.81035698732
2006-06-13,127614.4224570864
2006-06-14,126929.79744584474
2006-06-15,130809.35078351997
2006-06-16,131630.9042792017
2006-06-19,128618.54726535488
2006-06-20,130763.70795537326
2006-06-21,133114.26572479142
2006-06-22,131745.00699682874
2006-06-23,132338.35505725638
2006-06-26,133000.15430168505
2006-06-27,131630.9042792017
2006-06-28,131311.4131876542
2006-06-29,135829.9487084244
2006-06-30,139732.31910743332
2006-07-03,141900.3055642647
2006-07-05,142630.57340365308
2006-07-06,143817.26081902898
2006-07-07,142927.24743386687
2006-07-10,141535.1716445705
2006-07-11,145620.11335616617
2006-07-12,148153.2250272124
2006-07-13,149590.95235013476
2006-07-14,150275.56865589708
2006-07-17,145939.60444771362
2006-07-18,143543.4125556281
2006-07-19,146122.16705482104
2006-07-20,142721.85905994638
2006-07-21,140827.7208665158
2006-07-24,139526.93073351283
2006-07-25,140462.58694682163
2006-07-26,141489.52881642382
2006-07-27,143543.41255562814
2006-07-28,144022.64919294935
2006-07-31,144136.75191057642
2006-08-01,146783.97500472906
2006-08-02,147765.27404618455
2006-08-03,146327.56413422085
2006-08-04,146692.6893484357
2006-08-07,147194.75175256995
2006-08-08,145985.24727586037
2006-08-09,147491.41707730445
2006-08-10,144342.1402844969
2006-08-11,143109.81004097432
2006-08-14,142060.05111003848
2006-08-15,141512.34587775753
2006-08-16,142607.7563423194
2006-08-17,139275.89953144576
2006-08-18,139298.72529825877
2006-08-21,142493.644919213
2006-08-22,141603.6315340509
2006-08-23,141101.57783539596
2006-08-24,140919.0065228092
2006-08-25,140964.6493509559
2006-08-28,139207.43964196538
2006-08-29,139070.5111575253
2006-08-30,140165.91291660783
2006-08-31,142151.3367663318
2006-09-01,141809.0199079713
2006-09-05,144593.17148656398
2006-09-06,143452.12689933475
2006-09-07,139777.96193557995
2006-09-08,138385.88614628362
2006-09-11,133502.21670581924
2006-09-12,133091.43995797838
2006-09-13,133776.06496922005
2006-09-14,130512.67675330614
2006-09-15,130991.92209610672
2006-09-18,132886.05158405798
2006-09-19,129896.51163154485
2006-09-20,130672.42229907989
2006-09-21,132247.069400963
2006-09-22,133502.21670581927
2006-09-25,133502.21670581927
2006-09-26,134049.9219381002
2006-09-27,136491.75665833236
2006-09-28,136446.11383018567
2006-09-29,135715.8459907973
2006-10-02,134985.57815140893
2006-10-03,130330.11414619866
2006-10-04,128641.36432668849
2006-10-05,129896.51163154478
2006-10-06,130056.26588279786
2006-10-09,130535.50252011909
2006-10-10,130079.08294413153
2006-10-11,129805.23468073073
2006-10-12,131197.3104700271
2006-10-13,133661.96225159295
2006-10-16,135031.2122740763
2006-10-17,133844.53356417973
2006-10-18,133707.60507973965
2006-10-19,135578.91750635722
2006-10-20,134141.1988889142
2006-10-23,131813.46688630906
2006-10-24,132749.12309961786
2006-10-25,134095.5560607675
2006-10-26,135305.0692429564
2006-10-27,135556.10044502353
2006-10-30,136697.14503225277
2006-10-31,137473.0556997878
2006-11-01,140028.99313764705
2006-11-02,141306.957503837
2006-11-03,142174.15382766543
2006-11-06,141238.49761435663
2006-11-07,141580.81447271715
2006-11-08,139458.47084403245
2006-11-09,143657.51527325515
2006-11-10,142607.7563423193
2006-11-13,141923.1226255983
2006-11-14,140645.15825940834
2006-11-15,141124.39489672956
2006-11-16,139914.89042001998
2006-11-17,140987.4664122895
2006-11-20,140964.64935095582
2006-11-21,142105.69393818502
2006-11-22,142630.57340365293
2006-11-24,144912.66257811137
2006-11-27,145369.08215409893
2006-11-28,145072.4081238851
2006-11-29,144136.75191057633
2006-11-30,146943.7205505027
2006-12-01,146327.56413422074
2006-12-04,146327.56413422074
2006-12-05,145620.11335616605
2006-12-06,143064.16721282748
2006-12-07,143155.45286912087
2006-12-08,141603.63153405077
2006-12-11,142790.3189494267
2006-12-12,142676.21623179963
2006-12-13,142584.93057550624
2006-12-14,141763.3770798245
2006-12-15,139207.43964196526
2006-12-18,139298.72529825865
2006-12-19,141033.10924043617
2006-12-20,140622.3324925953
2006-12-21,140074.6359657937
2006-12-22,140690.801087555
2006-12-26,141443.88598827706
2006-12-27,141991.591220558
2006-12-28,143543.4125556281
2006-12-29,144250.85462820347
2007-01-03,142128.51099951877
2007-01-04,140690.80108755507
2007-01-05,137313.30144853477
2007-01-08,138020.75222658942
2007-01-09,138865.12278360483
2007-01-10,138271.78342865655
2007-01-11,138363.0690849499
2007-01-12,141877.4797974516
2007-01-16,141421.06892694338
2007-01-17,142950.06449520047
2007-01-18,142082.86817137204
2007-01-19,143771.6179908822
2007-01-22,143132.6358077872
2007-01-23,146578.5953362879
2007-01-24,146806.800771542
2007-01-25,146190.62694430136
2007-01-26,146441.65814636849
2007-01-29,145528.8276998727
2007-01-30,146555.76956947485
2007-01-31,147947.8453587712
2007-02-01,148837.85874393332
2007-02-02,146692.6893484356
2007-02-05,146761.149237916
2007-02-06,147856.55970247785
2007-02-07,147491.41707730433
2007-02-08,149522.47504969567
2007-02-09,150891.74248313767
2007-02-12,149864.79190805616
2007-02-13,150252.742889084
2007-02-14,151462.26477675227
2007-02-15,151553.55043304563
2007-02-16,151439.43900993926
2007-02-20,149043.23841237443
2007-02-21,153698.7024175847
2007-02-22,153242.29154707646
2007-02-23,154543.08168007943
2007-02-26,155410.26929842852
2007-02-27,149271.4612585872
2007-02-28,151713.2959788194
2007-03-01,150207.10876641667
2007-03-02,145391.89921543267
2007-03-05,143611.87244510849
2007-03-06,146396.0240237012
2007-03-07,146738.34088206172
2007-03-08,147149.11762990258
2007-03-09,146624.22945895532
2007-03-12,146898.08642783543
2007-03-13,145414.7249822457
2007-03-14,145916.7786809006
2007-03-15,146008.064337194
2007-03-16,147468.60872145006
2007-03-19,147742.4482793715
2007-03-20,148951.9527560811
2007-03-21,150207.1087664167
2007-03-22,150070.18898745597
2007-03-23,148678.11319815964
2007-03-26,150252.7428890841
2007-03-27,149933.25179753662
2007-03-28,150731.99693736402
2007-03-29,149819.1577853889
2007-03-30,150024.53745382998
2007-04-02,150275.5686558971
2007-04-03,150229.93453322974
2007-04-04,152466.37217406215
2007-04-05,152580.48359716855
2007-04-09,151827.38999096717
2007-04-10,153265.11731388952
2007-04-11,153082.54600130278
2007-04-12,152877.148921903
2007-04-13,154816.92123800094
2007-04-16,156094.90301514955
2007-04-17,155182.06386317444
2007-04-18,156049.25148152353
2007-04-19,154109.47916542558
2007-04-20,156779.5193209119
2007-04-23,155775.41192360208
2007-04-24,154565.90744689247
2007-04-25,154931.0326611073
2007-04-26,152603.3093639815
2007-04-27,154177.93905490593
2007-04-30,153105.35435715708
2007-05-01,152192.53261614064
2007-05-02,152124.07272666026
2007-05-03,154018.1935091322
2007-05-04,155615.6663778283
2007-05-07,155752.58615678904
2007-05-08,154908.20689429427
2007-05-09,153926.9078528388
2007-05-10,150617.88551425753
2007-05-11,151644.81867838037
2007-05-14,151256.8676973525
2007-05-15,151850.21575778013
2007-05-16,149705.04636228242
2007-05-17,148472.71611875982
2007-05-18,149522.47504969567
2007-05-21,149864.79190805618
2007-05-22,148792.20721030733
2007-05-23,149568.1265833217
2007-05-24,147765.27404618447
2007-05-25,148198.87656083834
2007-05-29,148495.5418855728
2007-05-30,147696.8141567041
2007-05-31,149568.12658332166
2007-06-01,151622.01032252598
2007-06-04,151850.2157577801
2007-06-05,151462.26477675224
2007-06-06,151553.5504330456
2007-06-07,148929.14440022665
2007-06-08,146555.76956947483
2007-06-11,147651.16262307804
2007-06-12,146281.9126005947
2007-06-13,147263.21164205018
2007-06-14,147422.95718782392
2007-06-15,147993.47948143852
2007-06-18,148221.68491669264
2007-06-19,149431.2068043609
2007-06-20,147673.98838989105
2007-06-21,147331.67153153056
2007-06-22,147833.73393566482
2007-06-25,147035.0062067961
2007-06-26,145186.5108415122
2007-06-27,145300.61355913928
2007-06-28,146647.05522576827
2007-06-29,146669.8635816226
2007-07-02,148381.43046246644
2007-07-03,147742.44827937146
2007-07-05,147012.1804399831
2007-07-06,148244.51068350568
2007-07-09,149202.98395814814
2007-07-10,149727.8721290954
2007-07-11,149339.92114806754
2007-07-12,150663.51963692487
2007-07-13,150686.34540373788
2007-07-16,150207.10876641667
2007-07-17,150047.36322064293
2007-07-18,152032.7870703669
2007-07-19,152922.800455529
2007-07-20,154223.590588532
2007-07-23,153972.55938646488
2007-07-24,153972.55938646488
2007-07-25,152671.7692534619
2007-07-26,149819.15778538884
2007-07-27,149271.46125858725
2007-07-30,150092.99734331033
2007-07-31,150138.64887693635
2007-08-01,150458.13996848383
2007-08-02,150366.85431219044
2007-08-03,152192.53261614067
2007-08-06,151804.56422415414
2007-08-07,151713.29597881943
2007-08-08,152375.08651776877
2007-08-09,149385.55527073497
2007-08-10,151918.67564726056
2007-08-13,151211.23357468523
2007-08-14,151279.6934641656
2007-08-15,150914.5508389921
2007-08-16,147605.5285004108
2007-08-17,148358.62210661217
2007-08-20,148609.6533086793
2007-08-21,148495.5418855729
2007-08-22,149248.63549177424
2007-08-23,149043.23841237446
2007-08-24,150868.9167163247
2007-08-27,150572.25139159022
2007-08-28,149682.22059546947
2007-08-29,150777.63106003133
2007-08-30,150161.47464374936
2007-08-31,151804.56422415416
2007-09-04,153904.09949698453
2007-09-05,154177.93905490602
2007-09-06,157144.66194608546
2007-09-07,158354.16642279504
2007-09-10,158879.0545937423
2007-09-11,160932.92092198797
2007-09-12,160796.00114302724
2007-09-13,159928.81352467815
2007-09-14,159723.41644527836
2007-09-17,161959.87149706946
2007-09-18,163625.78684428727
2007-09-19,163009.6304280053
2007-09-20,165953.52755237173
2007-09-21,165086.32252306398
2007-09-24,164949.40274410325
2007-09-25,165063.51416720965
2007-09-26,164310.4205610083
2007-09-27,165907.87601874577
2007-09-28,167756.380089509
2007-10-01,168646.3934746711
2007-10-02,165109.14828987702
2007-10-03,164082.21512575418
2007-10-04,166295.84441073227
2007-10-05,167505.34888744188
2007-10-08,165519.9250377179
2007-10-09,166797.88940390784
2007-10-10,167414.0632311485
2007-10-11,168669.2192414841
2007-10-12,170221.0231655955
2007-10-15,171476.17917593112
2007-10-16,171430.54505326378
2007-10-17,170015.6434971544
2007-10-18,173438.7772588421
2007-10-19,172754.1435421211
2007-10-22,170243.84893240855
2007-10-23,171681.57625533093
2007-10-24,172343.36679428024
2007-10-25,173507.23714832249
2007-10-26,177295.51353518365
2007-10-29,178276.81257663915
2007-10-30,176519.5941621693
2007-10-31,179417.85716386838
2007-11-01,177843.21006198527
2007-11-02,182179.18297564806
2007-11-05,181996.61166306128
2007-11-06,185830.52217258982
2007-11-07,187679.0088323944
2007-11-08,187656.20047654005
2007-11-09,187542.08905343365
2007-11-12,178687.58932447998
2007-11-13,180558.90175109755
2007-11-14,183206.11613977086
2007-11-15,177888.8441846526
2007-11-16,177432.4333141444
2007-11-19,176268.56296010216
2007-11-20,181357.62947996633
2007-11-21,181106.5982778992
2007-11-23,185419.74542474895
2007-11-26,185533.85684785535
2007-11-27,182795.33939193
2007-11-28,181585.83491522042
2007-11-29,178641.93779085396
2007-11-30,176451.13427268888
2007-12-03,178641.93779085396
2007-12-04,181197.88393419253
2007-12-05,179440.66551972268
2007-12-06,181129.42404471218
2007-12-07,179372.20563024233
2007-12-10,182567.13395667588
2007-12-11,179919.90215704392
2007-12-12,183685.35277709208
2007-12-13,179144.0001949882
2007-12-14,179189.63431765555
2007-12-17,178299.62093249345
2007-12-18,180855.56707583205
2007-12-19,180832.74130901904
2007-12-20,179531.95117601607
2007-12-21,182795.33939192997
2007-12-24,182886.62504822336
2007-12-26,186035.9018410309
2007-12-27,186127.18749732428
2007-12-28,189413.40148005122
2007-12-31,188181.07123652863
2008-01-02,193658.08873742062
2008-01-03,195278.36996197107
2008-01-04,194274.2451537026
2008-01-07,193452.69165802083
2008-01-08,198039.69577375072
2008-01-09,197514.82501376214
2008-01-10,201394.369645958
2008-01-11,202147.46325215936
2008-01-14,204338.26677032444
2008-01-15,200801.02158553037
2008-01-16,197857.1244611639
2008-01-17,197400.7135906557
2008-01-18,199500.23145252737
2008-01-22,201211.7983333712
2008-01-23,200572.81615027622
2008-01-24,205570.597013847
2008-01-25,206072.65941798122
2008-01-28,209381.6817565625
2008-01-29,208012.43173407915
2008-01-30,210089.12382913782
2008-01-31,208582.95402769378
2008-02-01,203904.6642556705
2008-02-04,203334.1419620559
2008-02-05,200093.57951295498
2008-02-06,202991.8251036954
2008-02-07,205045.7088428997
2008-02-08,207670.11487571866
2008-02-11,208423.20848192004
2008-02-12,203859.03013300317
2008-02-13,204110.0613350703
2008-02-14,204726.21775135223
2008-02-15,203448.25338516227
2008-02-19,208993.73077553464
2008-02-20,212781.98975143718
2008-02-21,212804.8155182502
2008-02-22,213124.3066097977
2008-02-25,211640.94516420798
2008-02-26,213854.57444918604
2008-02-27,216296.40916941824
2008-02-28,219057.73498119792
2008-02-29,219491.3374958518
2008-03-03,221910.34644927096
2008-03-04,217209.24832139333
2008-03-05,223005.7569138328
2008-03-06,220221.6053352401
2008-03-07,219285.94041645198
2008-03-10,218783.8954232764
2008-03-11,219057.73498119786
2008-03-12,221385.47568928232
2008-03-13,224420.64105898346
2008-03-14,225265.02032147816
2008-03-17,226314.779252414
2008-03-18,220221.60533524002
2008-03-19,212325.57888092884
2008-03-20,205182.64603281903
2008-03-24,205616.23113651425
2008-03-25,211618.1368083535
2008-03-26,214059.97152858568
2008-03-27,213284.0521555713
2008-03-28,209678.34708129687
2008-03-31,206323.69062004823
2008-04-01,198222.2670863373
2008-04-02,203722.09294308364
2008-04-03,204064.40980144413
2008-04-04,205958.5479948747
2008-04-07,208058.06585674643
2008-04-08,206186.75343012885
2008-04-09,210614.012000085
2008-04-10,209427.31587922975
2008-04-11,208354.74859243957
2008-04-14,207921.14607778567
2008-04-15,209176.3020881213
2008-04-16,212850.44964091742
2008-04-17,211230.16841636697
2008-04-18,206802.92725736948
2008-04-21,205958.5479948747
2008-04-22,206004.18211754208
2008-04-23,203607.99893093592
2008-04-24,199043.82058201905
2008-04-25,199157.91459416677
2008-04-28,200116.4052797679
2008-04-29,195826.06648877246
2008-04-30,197743.03044901605
2008-05-01,191672.66488769642
2008-05-02,193019.10655432538
2008-05-05,196875.82541970824
2008-05-06,197697.37891538997
2008-05-07,195848.8922555854
2008-05-08,199089.4547046863
2008-05-09,199500.23145252716
2008-05-12,198518.93241107167
2008-05-13,194867.59321412988
2008-05-14,194433.990699476
2008-05-15,198541.75817788468
2008-05-16,203334.14196205567
2008-05-19,203995.94991196363
2008-05-20,207441.9094404643
2008-05-21,209860.9183938835
2008-05-22,207624.4807530511
2008-05-23,208195.0030466657
2008-05-27,203927.49002248328
2008-05-28,203425.42761834903
2008-05-29,197423.53935746846
2008-05-30,199568.6913420075
2008-06-02,200732.56169604973
2008-06-03,198267.90120900454
2008-06-04,197743.03044901596
2008-06-05,197286.60216754908
2008-06-06,203242.8563057623
2008-06-09,200801.0215855301
2008-06-10,195232.73583930338
2008-06-11,198587.392300552
2008-06-12,195346.82985145107
2008-06-13,195871.71802239833
2008-06-16,198564.58394469766
2008-06-17,199112.28047149925
2008-06-18,201462.82953543804
2008-06-19,201782.32062698554
2008-06-20,202991.82510369516
2008-06-23,198747.13784632576
2008-06-24,199614.3428756335
2008-06-25,199500.2314525271
2008-06-26,206780.10149055632
2008-06-27,208742.69957346728
2008-06-30,208582.95402769354
2008-07-01,211458.39126257962
2008-07-02,212622.2442056632
2008-07-03,210089.12382913765
2008-07-07,208195.00304666575
2008-07-08,207350.623784171
2008-07-09,208811.15946294775
2008-07-10,213443.797701345
2008-07-11,217163.61419872582
2008-07-14,218875.18107956968
2008-07-15,219468.51172903864
2008-07-16,215520.50720736236
2008-07-17,215018.44480322814
2008-07-18,214904.33338012174
2008-07-21,217072.32854243246
2008-07-22,212371.21300359615
2008-07-23,206688.81583426302
2008-07-24,208423.20848191986
2008-07-25,209244.7619776016
2008-07-28,209336.04763389498
2008-07-29,206734.4499569304
2008-07-30,204292.6152366982
2008-07-31,205570.59701384683
2008-08-01,204406.72665980458
2008-08-04,201143.33844389068
2008-08-05,196442.24031601305
2008-08-06,197720.20468220298
2008-08-07,196465.04867186738
2008-08-08,192676.78969596486
2008-08-11,185145.88845586852
2008-08-12,183753.8126665722
2008-08-13,186127.18749732405
2008-08-14,181083.77251108593
2008-08-15,177158.576345264
2008-08-18,179828.63391170895
2008-08-19,183548.4329981311
2008-08-20,182704.05373563635
2008-08-21,187815.94602231352
2008-08-22,185031.79444372084
2008-08-25,184689.47758536032
2008-08-26,185374.11130208132
2008-08-27,185670.77662681582
2008-08-28,187542.08905343342
2008-08-29,186469.50435568456
2008-09-02,180741.45565272545
2008-09-03,180034.0135801501
2008-09-04,178892.96899292085
2008-09-05,180239.41065954985
2008-09-08,179965.5536906697
2008-09-09,174556.99607925807
2008-09-10,169376.6613140592
2008-09-11,166775.08104805325
2008-09-12,172411.844094719
2008-09-15,176998.8307994902
2008-09-16,175241.629795979
2008-09-17,195027.33875990365
2008-09-18,188956.9906095427
2008-09-19,196214.0348807589
2008-09-22,203516.71327464245
2008-09-23,201554.1151917315
2008-09-24,197879.9502279767
2008-09-25,197286.60216754905
2008-09-26,197720.20468220292
2008-09-29,204406.72665980452
2008-09-30,194137.32537474154
2008-10-01,196191.20911394586
2008-10-02,187884.40591179382
2008-10-03,188477.73656126278
2008-10-06,192334.47283760435
2008-10-07,199157.91459416665
2008-10-08,204064.40980144404
2008-10-09,205159.82026600593
2008-10-10,189915.46388418518
2008-10-13,187108.48653877949
2008-10-14,187587.7231761007
2008-10-15,190120.84355262626
2008-10-16,180946.85273212515
2008-10-17,176200.1030706215
2008-10-20,179144.00019498792
2008-10-21,173507.2371483222
2008-10-22,163648.61261110005
2008-10-23,161229.60365768085
2008-10-24,164789.65719832928
2008-10-27,164721.1973088489
2008-10-28,168395.3622726037
2008-10-29,168874.59890992494
2008-10-30,165930.7017855585
2008-10-31,162804.2333486053
2008-11-03,162256.5368218037
2008-11-04,172252.0985489452
2008-11-05,166136.0988649582
2008-11-06,164812.48296514223
2008-11-07,165451.4651482372
2008-11-10,167916.1256352824
2008-11-11,164424.53198411435
2008-11-12,159746.24221209108
2008-11-13,164652.73741936847
2008-11-14,167277.1434521874
2008-11-17,165793.78200659767
2008-11-18,165474.2909150502
2008-11-19,164903.7686214356
2008-11-20,167619.44289958925
2008-11-21,179942.72792385658
2008-11-24,184643.84346269286
2008-11-25,184552.55780639948
2008-11-26,183434.3215750246
2008-11-28,183274.57602925086
2008-12-01,172640.049529973
2008-12-02,175606.7550101938
2008-12-03,173849.55400668262
2008-12-04,172297.73267161255
2008-12-05,170061.27761982146
2008-12-08,173895.18812935
2008-12-09,174191.8708650431
2008-12-10,181996.61166306093
2008-12-11,184050.49540226525
2008-12-12,184415.6206164801
2008-12-15,188500.56232807576
2008-12-16,192745.24958544516
2008-12-17,194958.87887042324
2008-12-18,191398.82532977485
2008-12-19,188569.02221755614
2008-12-22,190463.16041098672
2008-12-23,188569.02221755614
2008-12-24,190463.16041098672
2008-12-26,195346.8298514511
2008-12-29,197058.39673229493
2008-12-30,196031.4635681721
2008-12-31,197446.34771332276
2009-01-02,196784.55717437345
2009-01-05,192790.90111907118
2009-01-06,194274.2451537022
2009-01-07,188842.87918643624
2009-01-08,192745.24958544516
2009-01-09,191512.91934192253
2009-01-12,184301.52660433235
2009-01-13,184575.36616225383
2009-01-14,182087.8973193543
2009-01-15,183457.14734183764
2009-01-16,188751.59353014288
2009-01-20,192882.16936440588
2009-01-21,192037.80751286983
2009-01-22,193019.10655432532
2009-01-23,202033.3518290527
2009-01-26,202991.82510369516
2009-01-27,201691.03497069218
2009-01-28,199500.2314525271
2009-01-29,204246.98111403076
2009-01-30,208377.55694829376
2009-02-02,202740.79390162803
2009-02-03,201896.43205009194
2009-02-04,203516.71327464242
2009-02-05,205661.88267014016
2009-02-06,204452.3607824719
2009-02-09,201554.1151917315
2009-02-10,205867.26233858126
2009-02-11,210614.01200008494
2009-02-12,212622.24420566324
2009-02-13,211207.36006051255
2009-02-17,217825.4047376751
2009-02-18,221157.2702540281
2009-02-19,218555.6725770635
2009-02-20,223188.32822641946
2009-02-23,223028.5826806457
2009-02-24,216182.31515727035
2009-02-25,212576.61008299593
2009-02-26,212371.21300359617
2009-02-27,211389.91396214068
2009-03-02,207510.36932994478
2009-03-03,205479.31135755344
2009-03-04,203083.1107599886
2009-03-05,209929.3782833639
2009-03-06,210614.0120000849
2009-03-09,206688.815834263
2009-03-10,201143.33844389062
2009-03-11,203607.9989309358
2009-03-12,207898.32031097254
2009-03-13,208354.74859243943
2009-03-16,207213.70400521022
2009-03-17,205479.31135755338
2009-03-18,212439.67289307644
2009-03-19,215315.11012796249
2009-03-20,213580.71748030564
2009-03-23,210134.7753627636
2009-03-24,207556.00345261203
2009-03-25,209906.5699275095
2009-03-26,209792.4585044031
2009-03-27,206962.67280314304
2009-03-30,205342.39157859256
2009-03-31,206027.0078843549
2009-04-01,207738.57476519872
2009-04-02,202649.52565629323
2009-04-03,199888.1824335549
2009-04-06,194593.73624524966
2009-04-07,197948.41011745695
2009-04-08,197651.7447927225
2009-04-09,196967.11107600149
2009-04-13,200549.9903834629
2009-04-14,199386.13744037933
2009-04-15,199682.8027651138
2009-04-16,195826.06648877225
2009-04-17,194479.64223310194
2009-04-20,198427.64675477822
2009-04-21,198290.7269758175
2009-04-22,199408.9457962337
2009-04-23,202649.52565629326
2009-04-24,204749.04351816495
2009-04-27,203128.7622936145
2009-04-28,200253.32505872843
2009-04-29,201576.9409585444
2009-04-30,199157.91459416656
2009-05-01,198427.6467547782
2009-05-04,202284.38303111974
2009-05-05,201394.36964595763
2009-05-06,204338.26677032406
2009-05-07,204110.06133506997
2009-05-08,205342.39157859256
2009-05-11,204680.58362868457
2009-05-12,206985.48115899737
2009-05-13,207875.49454415948
2009-05-14,207738.57476519875
2009-05-15,208925.27088605397
2009-05-18,206209.57919694166
2009-05-19,207578.82921942498
2009-05-20,210522.7263437914
2009-05-21,214174.0655407332
2009-05-22,214858.6992574542
2009-05-26,213968.6858722921
2009-05-27,213261.22638875808
2009-05-28,215064.07892589527
2009-05-29,219536.97161851876
2009-06-01,218464.40433172858
2009-06-02,219902.11424369228
2009-06-03,215452.0473178818
2009-06-04,219605.44891895785
2009-06-05,213854.57444918572
2009-06-08,213512.2575908252
2009-06-09,214128.43141806585
2009-06-10,214196.8913075462
2009-06-11,213831.7486823727
2009-06-12,210340.15503120466
2009-06-15,207898.3203109725
2009-06-16,209792.45850440307
2009-06-17,210750.93177904555
2009-06-18,209062.19066501473
2009-06-19,209723.99861492272
2009-06-22,206620.35594478255
2009-06-23,207487.54356313165
2009-06-24,208697.04803984123
2009-06-25,210659.64612275216
2009-06-26,210614.01200008483
2009-06-29,210043.4897064702
2009-06-30,208080.89162355923
2009-07-01,210842.2174353389
2009-07-02,208240.63716933297
2009-07-06,207122.41834891675
2009-07-07,207008.30692581035
2009-07-08,203722.09294308344
2009-07-09,204269.8068808437
2009-07-10,204429.55242661748
2009-07-13,205821.62821591384
2009-07-14,207236.51236106452
2009-07-15,210499.90057697846
2009-07-16,209906.5699275095
2009-07-17,209792.4585044031
2009-07-20,212873.27540773028
2009-07-21,212530.95854936977
2009-07-22,213238.41803290375
2009-07-23,212827.64128506288
2009-07-24,213169.9581434234
2009-07-27,213854.57444918575
2009-07-28,210203.235252244
2009-07-29,208126.52574622666
2009-07-30,209085.01643182777
2009-07-31,213033.02095350402
2009-08-03,214219.71707435927
2009-08-04,216068.20373416386
2009-08-05,216296.40916941798
2009-08-06,215885.63242157712
2009-08-07,213945.86010547917
2009-08-10,212074.5476788616
2009-08-11,211755.05658731412
2009-08-12,212120.181801529
2009-08-13,213877.40021599887
2009-08-14,212234.2932246354
2009-08-17,209062.19066501484
2009-08-18,210089.12382913765
2009-08-19,211161.7085268865
2009-08-20,210568.36046645886
2009-08-21,213717.65467022508
2009-08-24,210728.10601223263
2009-08-25,211686.59669783377
2009-08-26,211755.05658731415
2009-08-27,212667.89573928926
2009-08-28,214219.71707435936
2009-08-31,213147.1323766105
2009-09-01,214288.17696383974
2009-09-02,219514.1632626646
2009-09-03,222412.408853405
2009-09-04,222572.15439917875
2009-09-08,222343.94896392463
2009-09-09,221545.2212350559
2009-09-10,222960.1053802066
2009-09-11,225424.7658672518
2009-09-14,223553.45344063418
2009-09-15,225698.62283613186
2009-09-16,228003.5377774033
2009-09-17,226702.73023344166
2009-09-18,225173.73466518457
2009-09-21,224466.29259260924
2009-09-22,227455.82383964304
2009-09-23,225538.87729035813
2009-09-24,222617.8059328047
2009-09-25,221362.6499224691
2009-09-28,221476.7613455755
2009-09-29,222343.94896392457
2009-09-30,225584.51141302547
2009-10-01,223393.7078948604
2009-10-02,224489.11835942225
2009-10-05,227798.14069800352
2009-10-06,233412.07797785624
2009-10-07,233594.649290443
2009-10-08,236515.7206479964
2009-10-09,234690.04234404617
2009-10-12,236333.14933540963
2009-10-13,237930.62220410572
2009-10-14,237748.05089151897
2009-10-15,234735.69387767217
2009-10-16,235465.96171706053
2009-10-19,237862.16231462534
2009-10-20,236013.6582438621
2009-10-21,236766.75185006348
2009-10-22,237154.7028310913
2009-10-23,236173.40378963583
2009-10-26,232453.6047032137
2009-10-27,232430.7789364007
2009-10-28,229874.85020402077
2009-10-29,234347.74289664425
2009-10-30,233982.60027147076
2009-11-02,237223.16272057168
2009-11-03,242951.2114235308
2009-11-04,244411.74710230748
2009-11-05,244137.90754438602
2009-11-06,245164.84070850883
2009-11-09,246899.23335616567
2009-11-10,247355.6442266739
2009-11-11,250116.97003845358
2009-11-12,246944.86747883304
2009-11-13,250436.4611300011
2009-11-16,254749.60827685086
2009-11-17,255525.52764986522
2009-11-18,256164.50983296023
2009-11-19,256278.6212560666
2009-11-20,257739.1569348433
2009-11-23,260819.9738381705
2009-11-24,261824.09864643897
2009-11-25,266137.24579328875
2009-11-27,262577.17484168167
2009-11-30,263900.79074149765
2009-12-01,267871.6210299869
2009-12-02,271979.3885083956
2009-12-03,270883.9780438337
2009-12-04,259587.64359464787
2009-12-07,258127.10791587117
2009-12-08,253197.78694178077
2009-12-09,252946.75573971364
2009-12-10,252901.12161704627
2009-12-11,249477.9878553586
2009-12-14,251577.5057172303
2009-12-15,251509.04582774994
2009-12-16,254658.32262055748
2009-12-17,244959.4436291091
2009-12-18,248633.6085928639
2009-12-21,244069.430243947
2009-12-22,242289.4034736228
2009-12-23,243156.60850293055
2009-12-24,247287.18433719358
2009-12-28,247720.78685184743
2009-12-29,245256.1263648022
2009-12-30,244023.79612127962
2009-12-31,244890.98373962872
2010-01-04,250573.39831992047
2010-01-05,250345.1754737077
2010-01-06,254475.7687189294
2010-01-07,252901.1216170463
2010-01-08,254156.27762738193
2010-01-11,257533.7598554436
2010-01-12,252148.02801084498
2010-01-13,254544.22860840982
2010-01-14,255662.447428826
2010-01-15,252992.40727333972
2010-01-19,254498.57707478377
2010-01-20,248610.8002370096
2010-01-21,245027.92092954819
2010-01-22,244571.4926480813
2010-01-25,245278.95213161534
2010-01-26,245461.50603324344
2010-01-27,243110.95696930462
2010-01-28,242996.8629571569
2010-01-29,241810.16683630165
2010-02-01,247264.35857038066
2010-02-02,249044.38534070484
2010-02-03,248063.08629924938
2010-02-04,238181.6534061729
2010-02-05,238889.09547874823
2010-02-08,237428.55979997152
2010-02-09,240555.0282369247
2010-02-10,239893.2202870167
2010-02-11,244480.20699178797
2010-02-12,244274.82732334686
2010-02-16,250162.62157207972
2010-02-17,249318.24230958495
2010-02-18,250984.17506776142
2010-02-19,249820.3047137192
2010-02-22,248907.4655617441
2010-02-23,246214.5996394448
2010-02-24,245005.0951627352
2010-02-25,247173.07291408727
2010-02-26,249729.01905742584
2010-03-01,249729.01905742584
2010-03-02,253357.53248755462
2010-03-03,254749.60827685095
2010-03-04,252923.9473838594
2010-03-05,252878.29585023335
2010-03-08,250755.95222154865
2010-03-09,250390.8270073338
2010-03-10,247538.21553926074
2010-03-11,247834.8808639952
2010-03-12,246351.51941840549
2010-03-15,247287.18433719364
2010-03-16,251942.6483424039
2010-03-17,250094.1442716407
2010-03-18,251805.71115248452
2010-03-19,247104.61302460692
2010-03-22,245895.10854789734
2010-03-23,247195.89868090028
2010-03-24,242586.08620931604
2010-03-25,243681.47926291922
2010-03-26,247812.05509718225
2010-03-29,248177.19772235575
2010-03-30,246397.17095203153
2010-03-31,248633.60859286398
2010-04-01,251623.15725085646
2010-04-05,253060.86716282016
2010-04-06,253380.35825436766
2010-04-07,256712.20635976194
2010-04-08,257077.34898493547
2010-04-09,259336.6123925809
2010-04-12,257898.9024806172
2010-04-13,257168.63464122883
2010-04-14,257944.53660328456
2010-04-15,259359.4381593939
2010-04-16,253859.5948916889
2010-04-19,253654.2152232478
2010-04-20,254361.65729582313
2010-04-21,256301.42961192108
2010-04-22,255228.84491417222
2010-04-23,258309.67922845803
2010-04-26,257305.55442018955
2010-04-27,261595.87580022632
2010-04-28,260865.60796083795
2010-04-29,260797.14807135757
2010-04-30,263261.80855840276
2010-05-03,264106.1878208975
2010-05-04,262143.58973798656
2010-05-05,262645.63473116216
2010-05-06,270404.7414065126
2010-05-07,269902.67900237837
2010-05-10,268305.22354464093
2010-05-11,275356.88814741606
2010-05-12,277045.6292614469
2010-05-13,275128.66530120326
2010-05-14,274695.08019750804
2010-05-17,272390.16525623656
2010-05-18,272686.83058097103
2010-05-19,266160.0541491432
2010-05-20,264357.201612006
2010-05-21,262942.31746685534
2010-05-24,266639.29078646447
2010-05-25,267825.98690731975
2010-05-26,270359.1072838453
2010-05-27,270861.16968797956
2010-05-28,271294.7547916748
2010-06-01,273645.3212665723
2010-06-02,273348.6385308791
2010-06-03,269195.2369298031
2010-06-04,272002.2142752088
2010-06-07,277251.008929888
2010-06-08,276132.7901094718
2010-06-09,275128.6653012033
2010-06-10,271500.1518710746
2010-06-11,273873.5267018264
2010-06-14,272937.8617830383
2010-06-15,276109.9643426589
2010-06-16,274603.79454121477
2010-06-17,278186.67384867615
2010-06-18,280309.01747736085
2010-06-21,274740.71432017547
2010-06-22,277159.72327359463
2010-06-23,276018.6786863654
2010-06-24,276817.4238261928
2010-06-25,280149.2719315871
2010-06-28,276338.1697779129
2010-06-29,276748.94652575377
2010-06-30,277684.6114445419
2010-07-01,267095.7190679314
2010-07-02,270404.7414065127
2010-07-06,265886.2145912218
2010-07-07,268670.36616981454
2010-07-08,267483.6700489593
2010-07-09,270108.0760817782
2010-07-12,267780.3353736938
2010-07-13,270108.0760817782
2010-07-14,269971.15630281746
2010-07-15,269811.41075704375
2010-07-16,266251.33980543667
2010-07-19,264106.1878208976
2010-07-20,266205.7056827693
2010-07-21,264380.02737881907
2010-07-22,266684.94232009054
2010-07-23,264927.7239056207
2010-07-26,263626.9337726177
2010-07-27,259039.9470678465
2010-07-28,259656.10348412849
2010-07-29,260819.9738381707
2010-07-30,263558.47388313734
2010-08-02,263672.58530624374
2010-08-03,264699.51847036654
2010-08-04,266365.451228543
2010-08-05,266958.79928897065
2010-08-06,268921.37996092293
2010-08-09,267917.27256361314
2010-08-10,268670.3661698145
2010-08-11,267780.3353736937
2010-08-12,271043.7235896077
2010-08-13,270975.2637001273
2010-08-16,273234.5445187314
2010-08-17,273280.1786413987
2010-08-18,274352.7633391476
2010-08-19,274740.71432017547
2010-08-20,273782.241045533
2010-08-23,273348.6385308791
2010-08-24,274672.2544306951
2010-08-25,276954.34360515355
2010-08-26,276041.50445317844
2010-08-27,276155.61587628484
2010-08-30,275927.41044103075
2010-08-31,278597.45059651707
2010-09-01,277707.43721135496
2010-09-02,279076.6872338383
2010-09-03,278095.3881923828
2010-09-07,280012.3347416677
2010-09-08,280035.16050848074
2010-09-09,277410.7544756618
2010-09-10,277798.7228676483
2010-09-13,277547.6916655812
2010-09-14,283024.69175551453
2010-09-15,282842.13785388647
2010-09-16,284416.7675448109
2010-09-17,284211.3878763698
2010-09-20,284964.48148257117
2010-09-21,287566.0617485771
2010-09-22,287999.64685227233
2010-09-23,288227.86969848507
2010-09-24,289117.8830836472
2010-09-27,289186.34297312755
2010-09-28,291765.0974723205
2010-09-29,291993.30290757463
2010-09-30,291902.0346622399
2010-10-01,294184.12383669836
2010-10-04,293157.19067257555
2010-10-05,298930.87349820207
2010-10-06,300802.16851386096
2010-10-07,297515.95453113405
2010-10-08,300459.8690664591
2010-10-11,301897.56156746414
2010-10-12,301144.5027831801
2010-10-13,305959.7123341641
2010-10-14,307511.51625827554
2010-10-15,305069.66412708466
2010-10-18,306438.93156052666
2010-10-19,296922.623881665
2010-10-20,299683.96710440336
2010-10-21,295462.0882028883
2010-10-22,296055.41885235725
2010-10-25,298611.3824066545
2010-10-26,298679.8422961348
2010-10-27,295576.1996259946
2010-10-28,299501.3957918165
2010-10-29,302650.6551736654
2010-11-01,301053.19971592794
2010-11-02,302354.00725988956
2010-11-03,300254.4893980179
2010-11-04,310432.58761582884
2010-11-05,311231.3327556563
2010-11-08,314426.24367113115
2010-11-09,309428.4628075604
2010-11-10,313193.9308385672
2010-11-11,314152.4041132097
2010-11-12,305092.50730485626
2010-11-15,302194.2443031572
2010-11-16,298885.22196457593
2010-11-17,297538.7977089056
2010-11-18,301441.1506969558
2010-11-19,301692.1818990229
2010-11-22,304613.2532565763
2010-11-23,306735.61429621966
2010-11-24,306210.70871431375
2010-11-26,303768.8914050402
2010-11-29,304681.71314605663
2010-11-30,309040.5118265324
2010-12-01,308949.2435811977
2010-12-02,308538.4494223982
2010-12-03,315088.0690319977
2010-12-06,317461.42645179085
2010-12-07,311505.1723135776
2010-12-08,307602.78450361005
2010-12-09,308926.400403426
2010-12-10,309017.70347067807
2010-12-13,310478.23914945475
2010-12-14,310774.8870632305
2010-12-15,307397.40483516885
2010-12-16,305366.34686277754
2010-12-17,306256.36024793965
2010-12-20,308333.069753957
2010-12-21,308812.3238022369
2010-12-22,308196.1499749962
2010-12-23,307306.1365898341
2010-12-27,308127.6900855159
2010-12-28,313148.27930494095
2010-12-29,314266.5155363158
2010-12-30,312714.676790287
2010-12-31,316571.41306662856
2011-01-03,314928.3060752651
2011-01-04,307511.5162582752
2011-01-05,306644.31122896745
2011-01-06,305411.9983964035
2011-01-07,304841.4761027889
2011-01-10,306073.7889353528
2011-01-11,307876.65888344875
2011-01-12,309131.81489378435
2011-01-13,305914.0608005378
2011-01-14,302810.4181303976
2011-01-18,304499.1418334698
2011-01-19,305160.9671943364
2011-01-20,299410.0927245643
2011-01-21,299022.14174353646
2011-01-24,297493.1461752794
2011-01-25,296899.8155258104
2011-01-26,299318.8244792296
2011-01-27,291947.668784907
2011-01-28,297310.57486269256
2011-01-31,296374.90994390444
2011-02-01,298497.2709835478
2011-02-02,297698.5258437204
2011-02-03,301692.18189902266
2011-02-04,300459.8690664587
2011-02-07,300505.4857781674
2011-02-08,303837.3512945203
2011-02-09,303677.6231597052
2011-02-10,303175.56075557094
2011-02-11,301966.05627886136
2011-02-14,303403.7487798664
2011-02-15,305731.48948795086
2011-02-16,306028.172223644
2011-02-17,308173.30679722433
2011-02-18,309017.7034706777
2011-02-22,311025.91826529737
2011-02-23,313810.06984389
2011-02-24,311459.52077995124
2011-02-25,313513.4219301142
2011-02-28,314152.40411320917
2011-03-01,319560.9443136621
2011-03-02,319309.913111595
2011-03-03,315133.68574370595
2011-03-04,318009.14038955065
2011-03-07,318853.50224108674
2011-03-08,318031.948745405
2011-03-09,318146.0601685114
2011-03-10,314403.43531527626
2011-03-11,315430.36847939907
2011-03-14,316890.90415817575
2011-03-15,310980.30155358854
2011-03-16,310911.84166410816
2011-03-17,312577.7570113259
2011-03-18,315772.6679268008
2011-03-21,317529.88634127064
2011-03-22,317324.50667282956
2011-03-23,320268.3863862373
2011-03-24,317712.4576538574
2011-03-25,317803.7258991921
2011-03-28,316160.61890782864
2011-03-29,315407.5601235446
2011-03-30,316457.30164352176
2011-03-31,319172.9933326341
2011-04-01,317666.80612023134
2011-04-04,319127.3417990081
2011-04-05,324170.77419620485
2011-04-06,324923.8678024062
2011-04-07,325220.515716182
2011-04-08,327844.9391599596
2011-04-11,325517.1984518751
2011-04-12,323166.6493879363
2011-04-13,323828.43992688565
2011-04-14,328187.2386073614
2011-04-15,331017.04171958007
2011-04-18,333025.25651419966
2011-04-19,333025.25651419966
2011-04-20,334326.0640581613
2011-04-21,334873.77799592155
2011-04-25,335170.42590969737
2011-04-26,334052.2245002398
2011-04-27,340487.6978648156
2011-04-28,341902.61683188356
2011-04-29,347721.9163692187
2011-05-02,343249.0410875539
2011-05-03,342039.5366108443
2011-05-04,337133.0239926083
2011-05-05,327411.33664530556
2011-05-06,331587.5640131946
2011-05-09,336334.31367469823
2011-05-10,337520.97497363616
2011-05-11,334417.332303496
2011-05-12,334531.4437266024
2011-05-13,332340.657619396
2011-05-16,331747.2921480097
2011-05-17,330309.5996470047
2011-05-18,332272.1977299157
2011-05-19,332386.2743311047
2011-05-20,336585.3448767654
2011-05-23,337361.2468388211
2011-05-24,339095.6220755193
2011-05-25,339072.81371966493
2011-05-26,338251.2602239832
2011-05-27,341628.74245204485
2011-05-31,341491.8226730841
2011-06-01,342107.99650032475
2011-06-02,341172.3315815366
2011-06-03,342815.4385729001
2011-06-06,343408.769222369
2011-06-07,343271.8494434083
2011-06-08,341879.77365411195
2011-06-09,343591.3405349558
2011-06-10,340579.00093206763
2011-06-13,337224.32705986034
2011-06-14,339278.193388106
2011-06-15,340305.1265522288
2011-06-16,339962.827104827
2011-06-17,342176.45638980507
2011-06-20,342381.8360582462
2011-06-21,344047.751405464
2011-06-22,344572.65698736993
2011-06-23,338525.09978190466
2011-06-24,333778.350120401
2011-06-27,332568.8456436914
2011-06-28,333732.73340869235
2011-06-29,335877.86798227276
2011-06-30,333185.01947093214
2011-07-01,330743.16733974125
2011-07-05,336904.8359683129
2011-07-06,339825.90732586634
2011-07-07,340373.5864417093
2011-07-08,342883.8984623805
2011-07-11,345941.88959889463
2011-07-12,348634.7729321526
2011-07-13,351761.2239581471
2011-07-14,352674.0456991635
2011-07-15,354180.2329115662
2011-07-18,357306.71875947807
2011-07-19,352947.9200790023
2011-07-20,356051.56274914247
2011-07-21,353335.8710600301
2011-07-22,356279.7507734379
2011-07-25,359063.9023520306
2011-07-26,360045.21880444477
2011-07-27,358721.6029046288
2011-07-28,359018.2856403219
2011-07-29,361231.88010338263
2011-08-01,359931.10738133837
2011-08-02,368603.0532086639
2011-08-03,368534.5933191835
2011-08-04,366594.8035921269
2011-08-05,369127.9239686524
2011-08-08,381382.7316924807
2011-08-09,384783.057098314
2011-08-10,398407.13225558423
2011-08-11,389666.72653877834
2011-08-12,387886.6997684541
2011-08-15,392062.92713634315
2011-08-16,396900.9450431815
2011-08-17,398041.9896304107
2011-08-18,405572.89087050705
2011-08-19,410661.93997941253
2011-08-22,421250.832356023
2011-08-23,405458.7794474007
2011-08-24,391720.59286702407
2011-08-25,393340.89150253317
2011-08-26,405002.3685768925
2011-08-29,396832.4851537012
2011-08-30,408722.1850742733
2011-08-31,405572.8908705071
2011-09-01,405915.1903179089
2011-09-02,418170.0328636545
2011-09-06,417394.0960796814
2011-09-07,404112.3551917303
2011-09-08,414906.6272367818
2011-09-09,412373.50686025625
2011-09-12,403176.6902729421
2011-09-13,407444.1858861659
2011-09-14,404409.03792742343
2011-09-15,397996.33809678466
2011-09-16,401716.1545941655
2011-09-19,395508.8692538852
2011-09-20,401145.6323005509
2011-09-21,396147.8514369801
2011-09-22,385787.18190658244
2011-09-23,364677.8570428419
2011-09-26,359611.6162897908
2011-09-27,366571.99523627246
2011-09-28,356507.9736196506
2011-09-29,359885.45584771223
2011-09-30,360707.0093433939
2011-10-03,367325.0888424738
2011-10-04,359748.5360687515
2011-10-05,363901.9550807862
2011-10-06,366252.50414472504
2011-10-07,363262.9380757739
2011-10-10,372596.70926396607
2011-10-11,369926.6691084798
2011-10-12,372573.86608619447
2011-10-13,370383.0799789881
2011-10-14,372893.357177742
2011-10-17,371113.33040741784
2011-10-18,369333.30363709363
2011-10-19,364837.58517765714
2011-10-20,360045.2188044448
2011-10-21,364038.8748597471
2011-10-24,367462.0086214348
2011-10-25,377891.13804131286
2011-10-26,382021.71387557586
2011-10-27,386928.22649381193
2011-10-28,387087.954628627
2011-10-31,381884.79409661517
2011-11-01,381976.0971638672
2011-11-02,385809.9902624371
2011-11-03,391880.3558237567
2011-11-04,389894.9493849914
2011-11-07,399319.953996601
2011-11-08,396010.9316580197
2011-11-09,392679.1009635841
2011-11-10,390556.73992394074
2011-11-11,396992.24811043387
2011-11-14,395257.83805181837
2011-11-15,395622.98067699187
2011-11-16,391401.1017754768
2011-11-17,381337.1149807723
2011-11-18,382523.77627971023
2011-11-21,373121.580023955
2011-11-22,377252.15585821803
2011-11-23,376156.76280461485
2011-11-25,372893.35717774223
2011-11-28,380264.5302830235
2011-11-29,380835.0525766381
2011-11-30,388251.84239362803
2011-12-01,387110.79780639877
2011-12-02,387544.40032105264
2011-12-05,381839.17738490656
2011-12-06,383801.7406459002
2011-12-07,386585.89222449285
2011-12-08,378781.1514264751
2011-12-09,379739.6247011176
2011-12-12,369675.63790641306
2011-12-13,361597.0227285565
2011-12-14,348908.6124900743
2011-12-15,347630.64812388434
2011-12-16,354248.6928010469
2011-12-19,353427.13930536516
2011-12-20,358242.3488563491
2011-12-21,358653.14301514864
2011-12-22,356097.1794608514
2011-12-23,356713.353288092
2011-12-27,353518.44237261714
2011-12-28,344663.92523270485
2011-12-29,343089.27813082177
2011-12-30,346854.74616182863
2012-01-03,355823.33990292996
2012-01-04,357626.20985102584
2012-01-05,360068.02716029936
2012-01-06,358744.4112604834
2012-01-09,357146.95580274594
2012-01-10,362030.62524321035
2012-01-11,364381.17430714914
2012-01-12,366001.4729426583
2012-01-13,363445.509388361
2012-01-17,366275.3125005797
2012-01-18,368785.62452125095
2012-01-19,367918.4194919432
2012-01-20,369858.20921899984
2012-01-23,372345.6780618994
2012-01-24,369721.2546181218
2012-01-25,379785.27623474365
2012-01-26,381725.0659618002
2012-01-27,385604.6105939961
2012-01-30,383459.4411984984
2012-01-31,386380.51255605184
2012-02-01,386951.0348496664
2012-02-02,390351.3602554997
2012-02-03,382569.4278133363
2012-02-06,381519.6514714418
2012-02-07,387270.5259412139
2012-02-08,384532.0258962472
2012-02-09,383436.632842644
2012-02-10,381428.38322610705
2012-02-13,382272.7450776431
2012-02-14,381382.731692481
2012-02-15,383642.01251108514
2012-02-16,383390.981309018
2012-02-17,381907.6372743869
2012-02-21,390282.9003660193
2012-02-22,394664.50740234944
2012-02-23,394847.0787149362
2012-02-24,393044.20876684034
2012-02-27,391834.70429013076
2012-02-28,395919.6634126851
2012-02-29,374924.4151501336
2012-03-01,380218.87874939747
2012-03-02,379602.7049221568
2012-03-05,378028.05782027374
2012-03-06,371295.9017200048
2012-03-07,373418.26275964815
2012-03-08,377183.69596873765
2012-03-09,379694.00798940886
2012-03-12,376704.47674237506
2012-03-13,370383.07997898833
2012-03-14,364152.98628285364
2012-03-15,367598.9284003957
2012-03-16,368100.9908045299
2012-03-19,368762.78134347923
2012-03-20,365430.9506490436
2012-03-21,365613.5219616304
2012-03-22,364152.98628285364
2012-03-23,368625.8615645185
2012-03-26,375175.44635220064
2012-03-27,372528.24937448604
2012-03-28,368580.21003089246
2012-03-29,368055.3392709039
2012-03-30,369972.2858201888
2012-04-02,371843.61565776507
2012-04-03,364883.23671128333
2012-04-04,358767.25443825504
2012-04-05,361277.5316370089
2012-04-09,363696.5405904281
2012-04-10,367644.5799340217
2012-04-11,367576.1200445413
2012-04-12,371295.9017200048
2012-04-13,367074.05764040706
2012-04-16,366184.04425524495
2012-04-17,365704.79020696506
2012-04-18,363559.62081146735
2012-04-19,363833.46036938886
2012-04-20,364084.491571456
2012-04-23,363011.9416956245
2012-04-24,363536.8124556131
2012-04-25,364267.06288404274
2012-04-26,367484.81697728933
2012-04-27,368283.5621171167
2012-04-30,369424.60670434596
2012-05-01,368146.642338156
2012-05-02,366480.6921690209
2012-05-03,362783.71884941176
2012-05-04,363924.763436641
2012-05-07,363034.7500514789
2012-05-08,356005.91121551686
2012-05-09,352514.3175643488
2012-05-10,353198.95128106984
2012-05-11,350437.6080583315
2012-05-14,345348.558949426
2012-05-15,341720.04551929724
2012-05-16,341081.06333620223
2012-05-17,348703.2328216333
2012-05-18,352696.8888769356
2012-05-21,352925.076901231
2012-05-22,347060.1258302698
2012-05-23,346010.3494883753
2012-05-24,345531.13026201277
2012-05-25,348429.35844179447
2012-05-29,344641.1168768506
2012-05-30,346672.1748492419
2012-05-31,346010.34948837524
2012-06-01,359429.04497720447
2012-06-04,359018.28564032225
2012-06-05,358607.49148152274
2012-06-06,358767.25443825516
2012-06-07,352582.7774538291
2012-06-08,353107.64821381774
2012-06-11,354545.3755367401
2012-06-12,357055.6875574113
2012-06-13,358561.8399478968
2012-06-14,359999.5672708191
2012-06-15,360204.94693926023
2012-06-18,360410.32660770137
2012-06-19,358653.1430151489
2012-06-20,355937.45132603653
2012-06-21,346923.2060513092
2012-06-22,348338.09019645985
2012-06-25,350894.01892883977
2012-06-26,348292.4386628338
2012-06-27,348771.6927111137
2012-06-28,344709.5767663311
2012-06-29,354157.4245557123
2012-07-02,353929.2017094995
2012-07-03,359337.7767318698
2012-07-05,355275.6259651698
2012-07-06,350779.9423276506
2012-07-09,351533.00111193466
2012-07-10,347219.85396508494
2012-07-11,349136.8353362872
2012-07-12,348223.97877335345
2012-07-13,351761.22395814746
2012-07-16,351920.9869148799
2012-07-17,350232.2283898904
2012-07-18,349273.755115248
2012-07-19,350026.8487214493
2012-07-20,350688.63926039863
2012-07-23,349228.10358162195
2012-07-24,350346.33981299686
2012-07-25,355252.81760931556
2012-07-26,357763.12962998677
2012-07-27,359520.3132225393
2012-07-30,359269.2820204722
2012-07-31,357124.1474468919
2012-08-01,354043.31313260604
2012-08-02,351738.4156022933
2012-08-03,354978.97805139417
2012-08-06,356690.544932238
2012-08-07,356644.893398612
2012-08-08,357101.3042691202
2012-08-09,358265.19203412114
2012-08-10,358698.75972685765
2012-08-13,355983.1028596627
2012-08-14,354020.50477675174
2012-08-15,355161.54936398094
2012-08-16,357283.875581707
2012-08-17,357649.0182068805
2012-08-20,358881.3310394444
2012-08-21,362464.2277578645
2012-08-22,366366.5807459147
2012-08-23,369447.41506020055
2012-08-24,369629.98637278733
2012-08-27,368237.910583491
2012-08-28,368876.8927665859
2012-08-29,366480.6921690211
2012-08-30,366320.96403420606
2012-08-31,374764.6870153188
2012-09-04,375358.0176647877
2012-09-05,374970.06668375985
2012-09-06,376293.68258357584
2012-09-07,384395.1061172868
2012-09-10,381770.6826735092
2012-09-11,383162.75846280553
2012-09-12,383208.4099964315
2012-09-13,390944.69090496894
2012-09-14,392062.92713634385
2012-09-17,388867.9813989516
2012-09-18,391880.3558237571
2012-09-19,391926.0073573831
2012-09-20,391309.8335301425
2012-09-21,392428.0697615174
2012-09-24,390351.36025550007
2012-09-25,389712.3780724051
2012-09-26,387521.5571432814
2012-09-27,393295.23996890784
2012-09-28,392268.30680478504
2012-10-01,393181.12854580145
2012-10-02,392747.5608530649
2012-10-03,393455.0029256402
2012-10-04,396193.50297060685
2012-10-05,393934.22215200274
2012-10-08,392633.4494299584
2012-10-09,390214.44047653925
2012-10-10,389872.1062072201
2012-10-11,390967.53408274066
2012-10-12,388092.0794368959
2012-10-15,384189.7264488457
2012-10-16,386631.5437581192
2012-10-17,386905.38331604074
2012-10-18,385193.8164351969
2012-10-19,381040.43224507954
2012-10-22,382432.50803437585
2012-10-23,377525.9954161398
2012-10-24,376225.22269409546
2012-10-25,378872.4544937274
2012-10-26,378667.040003369
2012-10-31,380720.94115353195
2012-11-01,378986.56591683376
2012-11-02,371067.7136957096
2012-11-05,372505.40619671467
2012-11-06,379511.43667682237
2012-11-07,379945.03919147624
2012-11-08,383368.1729531639
2012-11-09,382980.22197213606
2012-11-12,382135.82529868267
2012-11-13,381337.1149807726
2012-11-14,381428.3832261073
2012-11-15,379032.1826285424
2012-11-16,378552.9634021799
2012-11-19,383094.2985733251
2012-11-20,381998.9055197219
2012-11-21,382386.8565007497
2012-11-23,387065.14627277304
2012-11-26,386654.3521139735
2012-11-27,385011.2799445274
2012-11-28,380081.958970437
2012-11-29,381519.651471442
2012-11-30,378940.9143832078
2012-12-03,379123.4856957945
2012-12-04,375221.09788582695
2012-12-05,374536.4641691059
2012-12-06,375403.66919841367
2012-12-07,376909.85641081637
2012-12-10,378370.3920895931
2012-12-11,378028.0578202739
2012-12-12,378301.9322001127
2012-12-13,375106.98646272044
2012-12-14,374559.30734687747
2012-12-17,375266.74941945286
2012-12-18,369881.01757485425
2012-12-19,368991.00418969215
2012-12-20,364518.09408611
2012-12-21,365887.361519552
2012-12-24,366549.1520585013
2012-12-26,366914.2946836749
2012-12-27,367781.4997129826
2012-12-28,366366.5807459146
2012-12-31,369744.0977958936
2013-01-02,372368.4864177539
2013-01-03,367872.7679583174
2013-01-04,366138.3927216193
2013-01-07,363833.46036938915
2013-01-08,366412.23227954074
2013-01-09,366252.5041447257
2013-01-10,369652.7947286417
2013-01-11,367553.27686677
2013-01-14,368648.6699203732
2013-01-15,370976.41062845767
2013-01-16,371181.79029689875
2013-01-17,372779.2805765535
2013-01-18,372185.9151051672
2013-01-22,373509.5310049831
2013-01-23,372459.78948500595
2013-01-24,368374.8303624516
2013-01-25,366617.61194798176
2013-01-28,365796.0584523
2013-01-29,367393.54873195477
2013-01-30,370132.0487769214
2013-01-31,367872.7679583173
2013-02-01,368443.29025193193
2013-02-04,369698.44626226753
2013-02-05,369607.1780169328
2013-02-06,370588.4596474296
2013-02-07,369333.303637094
2013-02-08,368717.1646317707
2013-02-11,364449.63419662963
2013-02-12,364883.2367112835
2013-02-13,362966.2901619986
2013-02-14,361368.83470426116
2013-02-15,355458.1972777566
2013-02-19,354476.9156472598
2013-02-20,345599.59015149315
2013-02-21,348292.43866283377
2013-02-22,349091.18380266114
2013-02-25,352217.6348286557
2013-02-26,356507.9736196511
2013-02-27,352742.5404105616
2013-02-28,349159.6436921415
2013-03-01,347881.67932595155
2013-03-04,347562.188234404
2013-03-05,347744.7595469908
2013-03-06,349684.51445213007
2013-03-07,348452.2016195661
2013-03-08,348497.85315319215
2013-03-11,349136.83533628716
2013-03-12,351875.3353812538
2013-03-13,350665.8309045442
2013-03-14,350711.44761625293
2013-03-15,351441.7328666
2013-03-18,354591.02707036614
2013-03-19,356188.4825281036
2013-03-20,354568.1838925945
2013-03-21,356576.4335091314
2013-03-22,354978.978051394
2013-03-25,354271.5359788186
2013-03-26,353084.8398579634
2013-03-27,354545.37553674006
2013-03-28,352468.6660307227
2013-04-01,352970.728434857
2013-04-02,347858.83614817983
2013-04-03,343979.29151598393
2013-04-04,342975.1667077155
2013-04-05,348726.0411774876
2013-04-08,347242.69714285654
2013-04-09,349935.5456541972
2013-04-10,344024.94304961
2013-04-11,344709.57676633104
2013-04-12,328506.72969890916
2013-04-15,299661.1239266311
2013-04-16,303061.4493324644
2013-04-17,303221.1774672795
2013-04-18,306484.58309415204
2013-04-19,309154.62324963836
2013-04-22,314700.083229052
2013-04-23,312372.3773428849
2013-04-24,315772.66792680084
2013-04-25,323212.3009215624
2013-04-26,321569.19393019896
2013-04-29,324741.2964898195
2013-04-30,325813.88118756836
2013-05-01,322025.6048007072
2013-05-02,323874.0914605118
2013-05-03,324262.04244153964
2013-05-06,324398.9622205004
2013-05-07,320359.68945348944
2013-05-08,325106.4391149931
2013-05-09,321340.9710839863
2013-05-10,318579.6626831653
2013-05-13,315909.58770576166
2013-05-14,314494.703560611
2013-05-15,307237.6767003535
2013-05-16,306005.32904587226
2013-05-17,299113.44481078826
2013-05-20,308355.8781098111
2013-05-21,303244.0206450513
2013-05-22,301098.8512495536
2013-05-23,307192.0251667276
2013-05-24,305252.23543967097
2013-05-28,304636.0964343477
2013-05-29,307694.08757086186
2013-05-30,311961.5831840856
2013-05-31,305617.3780648445
2013-06-03,311527.98066943174
2013-06-04,308606.9093118783
2013-06-05,309268.73467274493
2013-06-06,311573.63220305776
2013-06-07,304156.84238606784
2013-06-10,305663.0295984706
2013-06-11,304088.3824965875
2013-06-12,306370.471671046
2013-06-13,305206.6187279624
2013-06-14,306781.23100792815
2013-06-17,305275.07861744275
2013-06-18,301532.4537642076
2013-06-19,298018.0169352679
2013-06-20,282066.2184808718
2013-06-21,285375.25823041174
2013-06-24,282819.31208707317
2013-06-25,281769.55315613735
2013-06-26,269925.50476919126
2013-06-27,264585.4244582187
2013-06-28,271819.6429626219
2013-07-01,276429.4554342061
2013-07-02,273964.8123581196
2013-07-03,275539.44204904407
2013-07-05,269491.90225453745
2013-07-08,272732.482114597
2013-07-09,275265.60249112255
2013-07-10,276018.67868636525
2013-07-11,283526.7541596486
2013-07-12,283275.7229575815
2013-07-15,283389.8343806879
2013-07-16,285010.11560523836
2013-07-17,281427.236297777
2013-07-18,283001.88339966006
2013-07-19,285512.1780093726
2013-07-22,294024.36087996577
2013-07-23,296009.8021406484
2013-07-24,290920.7356207843
2013-07-25,293636.40989893797
2013-07-26,293887.44110100507
2013-07-29,293179.99902842974
2013-07-30,292381.2538886023
2013-07-31,292016.12867438747
2013-08-01,288935.3117710603
2013-08-02,288364.78947744565
2013-08-05,286858.60226504295
2013-08-06,282910.59774336667
2013-08-07,283321.37449120753
2013-08-08,289505.83406467485
2013-08-09,289505.83406467485
2013-08-12,294686.1862408324
2013-08-13,291514.06627025316
2013-08-14,294389.5035051392
2013-08-15,300528.3289559392
2013-08-16,302559.3869283305
2013-08-19,301258.5793843689
2013-08-20,302262.7041926374
2013-08-21,301395.533985247
2013-08-22,303084.25768831914
2013-08-23,307853.81570567715
2013-08-26,309108.97171601275
2013-08-27,312075.6946071922
2013-08-28,311984.42636185745
2013-08-29,310067.4449906552
2013-08-30,307214.83352258214
2013-09-03,311322.60100099084
2013-09-04,307306.1365898342
2013-09-05,301692.1818990228
2013-09-06,306142.24882483325
2013-09-09,305594.56970899034
2013-09-10,300642.4403790456
2013-09-11,300551.1373117936
2013-09-12,291354.32072447945
2013-09-13,291696.63758283993
2013-09-16,288570.1691458867
2013-09-17,288684.2805689931
2013-09-18,301258.57938436896
2013-09-19,300665.2487349
2013-09-20,292016.12867438747
2013-09-23,291080.481166558
2013-09-24,291331.5123686251
2013-09-25,293910.24945685937
2013-09-26,291628.1776933596
2013-09-27,294321.04361565894
2013-09-30,292518.17366756307
2013-10-01,284325.4818885174
2013-10-02,289962.24493518315
2013-10-03,290236.1019040633
2013-10-04,288752.74045847356
2013-10-07,291285.8608349991
2013-10-08,290738.1643081975
2013-10-09,287794.2671838311
2013-10-10,283595.21404912905
2013-10-11,279784.1293064135
2013-10-14,280309.0174773608
2013-10-15,282362.90121656517
2013-10-16,281929.2987019113
2013-10-17,290783.79843086493
2013-10-18,289483.00829786196
2013-10-21,289779.69103355514
2013-10-22,295165.4054671951
2013-10-23,293682.061432564
2013-10-24,296443.369833385
2013-10-25,297721.3690214923
2013-10-28,297949.55704578775
2013-10-29,296146.7219196092
2013-10-30,295758.7709385813
2013-10-31,291514.0662702533
2013-11-01,289711.21373311605
2013-11-04,289391.7226415686
2013-11-05,288821.20034795394
2013-11-06,290281.7360267306
2013-11-07,287908.3786069375
2013-11-08,283618.03981594206
2013-11-11,282682.3923081126
2013-11-12,279441.812448053
2013-11-13,280354.6516000281
2013-11-14,283595.214049129
2013-11-15,283709.32547223533
2013-11-18,280468.76302313444
2013-11-19,280582.8570352821
2013-11-20,274124.5579038933
2013-11-21,273713.7811560524
2013-11-22,273668.1296224264
2013-11-25,274900.459865949
2013-11-26,273439.92418717226
2013-11-27,272618.37069149053
2013-11-29,275448.1563927506
2013-12-02,268328.0493114538
2013-12-03,269195.23692980286
2013-12-04,273759.4152787198
2013-12-05,269971.1563028173
2013-12-06,270541.6785964319
2013-12-09,273211.71875191823
2013-12-10,278004.10253608925
2013-12-11,275813.2990179242
2013-12-12,269948.33053600433
2013-12-13,272435.7993789039
2013-12-16,273143.2588624379
2013-12-17,270769.8840316861
2013-12-18,268396.50920093426
2013-12-19,262029.47831488017
2013-12-20,264585.42445821874
2013-12-23,263741.045195724
2013-12-24,264950.54967243364
2013-12-26,266411.0853512103
2013-12-27,267278.29038051807
2013-12-30,263330.26844788314
2013-12-31,264996.2012060596
2014-01-02,269286.52258609637
2014-01-03,272230.4197104628
2014-01-06,272709.656347784
2014-01-07,271157.8350127139
2014-01-08,269560.3795549765
2014-01-09,270336.2815170322
2014-01-10,274444.0489954409
2014-01-13,276178.4242321391
2014-01-14,273599.66973294615
2014-01-15,273074.79897295753
2014-01-16,273371.46429769206
2014-01-17,275973.044563698
2014-01-21,273166.0672182923
2014-01-22,272002.2142752087
2014-01-23,277935.64264660893
2014-01-24,279076.68723383814
2014-01-27,276041.5044531783
2014-01-28,276018.6786863653
2014-01-29,279487.463981679
2014-01-30,273325.812764066
2014-01-31,274056.0806034543
2014-02-03,276863.05794886
2014-02-04,276109.96434265864
2014-02-05,276794.59805937967
2014-02-06,276680.4866362733
2014-02-07,278802.83026495803
2014-02-10,280514.39714580186
2014-02-11,283800.61112852884
2014-02-12,283960.3566743026
2014-02-13,286379.3656277218
2014-02-14,290167.64201458305
2014-02-18,290738.1643081977
2014-02-19,288159.3923980461
2014-02-20,291194.57517870585
2014-02-21,291148.9410560385
2014-02-24,294366.6951492851
2014-02-25,294868.75755341933
2014-02-26,292358.44553274807
2014-02-27,292563.8252011892
2014-02-28,291240.2267123319
2014-03-03,297333.38321854715
2014-03-04,293659.2182547924
2014-03-05,294138.47230307234
2014-03-06,297059.54366062576
2014-03-07,294594.8831735806
2014-03-10,294686.1862408326
2014-03-11,296352.1015880504
2014-03-12,300688.0570907545
2014-03-13,301715.02507679467
2014-03-14,303746.083049186
2014-03-17,300414.21753283305
2014-03-18,298086.4768247486
2014-03-19,292312.79399912216
2014-03-20,291787.92323913355
2014-03-21,293179.9990284299
2014-03-24,287954.012729605
2014-03-25,288478.9009005523
2014-03-26,286196.8117260938
2014-03-27,284325.48188851756
2014-03-28,284257.0219990372
2014-03-31,282089.0442476851
2014-04-01,281586.98184355086
2014-04-02,283709.32547223556
2014-04-03,282796.48632026045
2014-04-04,286561.9369403086
2014-04-07,285055.76713886455
2014-04-08,287748.6156502052
2014-04-09,288273.50382115244
2014-04-10,289848.1509230355
2014-04-11,289665.57961044874
2014-04-14,291765.0974723204
2014-04-15,286379.3656277218
2014-04-16,286493.4770508282
2014-04-17,284690.624513691
2014-04-21,283526.7541596488
2014-04-22,282476.99522871297
2014-04-23,282431.3611060456
2014-04-24,284257.0219990372
2014-04-25,286242.4458487611
2014-04-28,284987.2898384255
2014-04-29,284941.65571575816
2014-04-30,283481.1200369814
2014-05-01,282522.64676233893
2014-05-02,285398.06658626633
2014-05-05,288045.29838589823
2014-05-06,287497.60185909667
2014-05-07,283367.008613875
2014-05-08,283367.008613875
2014-05-09,283207.26306810125
2014-05-12,285124.2270283449
2014-05-13,284348.3076553305
2014-05-14,287109.6334671102
2014-05-15,284736.2586363584
2014-05-16,284120.1022200765
2014-05-19,284302.67353266326
2014-05-20,284553.70473473036
2014-05-21,283869.07101800933
2014-05-22,284508.0532011043
2014-05-23,284142.92798688944
2014-05-27,278072.5624255698
2014-05-28,276589.2009799801
2014-05-29,275995.8703305112
2014-05-30,274831.999976469
2014-06-02,273166.0672182925
2014-06-03,273873.5267018265
2014-06-04,273303.00440821185
2014-06-05,275356.8881474162
2014-06-06,275242.7767243098
2014-06-09,275334.06238060317
2014-06-10,277022.803494634
2014-06-11,277068.45502826
2014-06-12,279875.41496270703
2014-06-13,280605.6828020954
2014-06-16,279373.35255857283
2014-06-17,279053.86146702536
2014-06-18,279943.87485218747
2014-06-19,289688.40537726186
2014-06-20,288684.28056899336
2014-06-23,289483.0082978621
2014-06-24,289779.69103355525
2014-06-25,289802.4993894096
2014-06-26,289209.1687399406
2014-06-27,289049.4231941669
2014-06-30,292198.68257601577
2014-07-01,291422.78061396006
2014-07-02,291422.78061396006
2014-07-03,290190.4677813961
2014-07-07,289870.95927889
2014-07-08,289985.0707019964
2014-07-09,291742.2717055076
2014-07-10,293339.727163245
2014-07-11,293887.4411010053
2014-07-14,286904.25379866926
2014-07-15,284188.5621095569
2014-07-16,285192.6869178254
2014-07-17,290030.7048246638
2014-07-18,287839.90130649874
2014-07-21,288319.13794382
2014-07-22,286949.88792133663
2014-07-23,286676.0483634152
2014-07-24,283777.7853617161
2014-07-25,287063.99934444303
2014-07-28,286584.7627071218
2014-07-29,285717.55767781404
2014-07-30,284873.19582627795
2014-07-31,281586.981843551
2014-08-01,283846.2452511964
2014-08-04,282956.2318660343
2014-08-05,282682.3923081128
2014-08-06,286790.1423755628
2014-08-07,287954.012729605
2014-08-08,287976.83849641803
2014-08-11,287451.95032547077
2014-08-12,287520.4102149511
2014-08-13,287999.64685227233
2014-08-14,288250.6780543394
2014-08-15,286356.5572718675
2014-08-18,285169.8611510123
2014-08-19,284530.8789679173
2014-08-20,283481.1200369815
2014-08-21,280423.11148950865
2014-08-22,281130.5709730427
2014-08-25,280103.6203979612
2014-08-26,281495.69618725753
2014-08-27,281427.23629777716
2014-08-28,282979.0576328472
2014-08-29,282659.56654129975
2014-09-02,277616.15155506163
2014-09-03,278757.19614229084
2014-09-04,277228.2005740338
2014-09-05,278551.7990628911
2014-09-08,275516.63369318994
2014-09-09,275836.1247847375
2014-09-10,274444.0489954411
2014-09-11,272641.1964583039
2014-09-12,270153.7102044457
2014-09-15,270747.05826487334
2014-09-16,271180.6607795272
2014-09-17,268236.7636551608
2014-09-18,268784.4601819624
2014-09-19,267209.81308007933
2014-09-22,266662.11655327777
2014-09-23,268373.6834341216
2014-09-24,267118.54483474465
2014-09-25,267894.44679680036
2014-09-26,267141.353190599
2014-09-29,267072.89330111863
2014-09-30,265201.580874501
2014-10-01,266479.545240691
2014-10-02,266411.0853512106
2014-10-03,261550.24167755924
2014-10-06,264790.80412666016
2014-10-07,265543.8977328615
2014-10-08,268077.0181093871
2014-10-09,268464.969090415
2014-10-10,268350.8576673086
2014-10-13,270473.2012959933
2014-10-14,270632.946841767
2014-10-15,271545.7859937421
2014-10-16,272070.6741646894
2014-10-17,271545.7859937421
2014-10-20,273394.29006450536
2014-10-21,273896.3350576809
2014-10-22,272344.51372261083
2014-10-23,270473.20129599323
2014-10-24,270085.2503149654
2014-10-27,269423.44236505736
2014-10-28,269514.7280213507
2014-10-29,265658.0091559678
2014-10-30,262873.85757737514
2014-10-31,257100.17475174865
2014-11-03,255936.3043977064
2014-11-04,256096.04994348017
2014-11-05,250550.5725531078
2014-11-06,250755.95222154888
2014-11-07,257807.61682432398
2014-11-10,252079.56812136486
2014-11-11,255685.27319563928
2014-11-12,254452.9429521167
2014-11-13,254840.89393314454
2014-11-14,261230.75058601168
2014-11-17,260272.2773113692
2014-11-18,262554.3664858276
2014-11-19,259427.89804887443
2014-11-20,262120.76397117373
2014-11-21,263330.2684478833
2014-11-24,262691.28626478836
2014-11-25,263307.44268107036
2014-11-26,262805.3976878948
2014-11-28,255845.0187414131
2014-12-01,266045.96013699577
2014-12-02,262759.74615426885
2014-12-03,265475.4378433812
2014-12-04,264448.4872682997
2014-12-05,261139.46492971838
2014-12-08,264220.28183304553
2014-12-09,269720.12510075053
2014-12-10,269195.2369298033
2014-12-11,268579.08051352133
2014-12-12,267940.0983304263
2014-12-15,261048.17927342496
2014-12-16,262326.1436396149
2014-12-17,260774.32230454485
2014-12-18,262782.57192108186
2014-12-19,261915.36689177412
2014-12-22,256849.14354968164
2014-12-23,257282.72865337686
2014-12-24,257351.1885428572
2014-12-26,262052.3040816935
2014-12-29,259405.07228206153
2014-12-30,262896.66593322955
2014-12-31,259199.6926136204
2015-01-02,260340.7372008496
2015-01-05,264265.93336667155
2015-01-06,267278.29038051836
2015-01-07,265703.6432786352
2015-01-08,264585.42445821903
2015-01-09,267597.78147206584
2015-01-12,270564.4869522866
2015-01-13,269651.66521127016
2015-01-14,269218.0626966163
2015-01-15,275995.87033051124
2015-01-16,279601.55799382704
2015-01-20,283435.4685033556
2015-01-21,283503.9458037946
2015-01-22,285786.03497825307
2015-01-23,283503.9458037946
2015-01-26,280674.14269157586
2015-01-27,283891.89678482246
2015-01-28,281655.44173303136
2015-01-29,275585.0935826704
2015-01-30,281723.90162251174
2015-02-02,279373.35255857295
2015-02-03,276246.9015325784
2015-02-04,277456.406009288
2015-02-05,277935.6426466092
2015-02-06,270747.0582648734
2015-02-09,271956.56274158304
2015-02-10,270359.1072838456
2015-02-11,267164.178957412
2015-02-12,267780.335373694
2015-02-13,269240.8884634294
2015-02-17,264745.17000399285
2015-02-18,265498.24619923555
2015-02-19,264585.4244582191
2015-02-20,263079.23724581633
2015-02-23,263421.5541041768
2015-02-24,263033.60312314896
2015-02-25,264037.7105204588
2015-02-26,264882.08978295355
2015-02-27,265087.48686235334
2015-03-02,263992.07639779145
2015-03-03,263512.8397604702
2015-03-04,262691.2862647885
2015-03-05,262440.2550627213
2015-03-06,255274.49644779848
2015-03-09,255525.5276498656
2015-03-10,254270.37163953
2015-03-11,252741.3760712729
2015-03-12,252672.91618179256
2015-03-13,253038.0413960074
2015-03-16,252878.29585023367
2015-03-17,251509.04582775032
2015-03-18,256438.36680184075
2015-03-19,256255.79548925397
2015-03-20,259176.8668468074
2015-03-23,260819.97383817087
2015-03-24,261458.95602126583
2015-03-25,261824.09864643935
2015-03-26,263535.66552728316
2015-03-27,262577.174841682
2015-03-30,259587.64359464822
2015-03-31,259382.26392620712
2015-04-01,263809.5050852046
2015-04-02,263079.2372458163
2015-04-06,266296.99133906286
2015-04-07,264973.3754392469
2015-04-08,263512.83976047015
2015-04-09,261687.1614565199
2015-04-10,264653.88434769935
2015-04-13,262759.74615426874
2015-04-14,261162.2906965313
2015-04-15,263421.5541041767
2015-04-16,262508.7149522016
2015-04-17,263809.50508520455
2015-04-20,261801.27287962625
2015-04-21,263307.4426810703
2015-04-22,259770.2149072349
2015-04-23,261664.35310066552
2015-04-24,257990.18813691073
2015-04-27,263193.3486689226
2015-04-28,265475.437843381
2015-04-29,263604.1254167634
2015-04-30,258948.66141155316
2015-05-01,258058.64802639105
2015-05-04,260386.37132351683
2015-05-05,261116.6391629052
2015-05-06,260979.71938394447
2015-05-07,258834.54998844676
2015-05-08,260089.70599878236
2015-05-11,259085.58119051385
2015-05-12,261299.2104754919
2015-05-13,265977.50024751516
2015-05-14,267415.2101594789
2015-05-15,268213.9378883476
2015-05-18,268191.1121215346
2015-05-19,264471.31303511246
2015-05-20,264904.91554976633
2015-05-21,264014.9021646042
2015-05-22,263809.50508520444
2015-05-26,259952.78621982157
2015-05-27,259907.13468619555
2015-05-28,260203.80001093005
2015-05-29,260386.37132351683
2015-06-01,260158.1658882627
2015-06-02,261207.92481919855
2015-06-03,259336.61239258098
2015-06-04,257510.93408863075
2015-06-05,256141.68406614743
2015-06-08,256894.7776723488
2015-06-09,257465.29996596344
2015-06-10,259656.10348412849
2015-06-11,258469.4247742319
2015-06-12,258400.96488475153
2015-06-15,259542.00947198074
2015-06-16,258606.3445531926
2015-06-17,259815.84902990222
2015-06-18,263170.5229021095
2015-06-19,262714.11203160125
2015-06-22,259336.61239258092
2015-06-23,257625.0455117371
2015-06-24,256940.4117950161
2015-06-25,256598.11234761425
2015-06-26,256871.95190553574
2015-06-29,258035.82225957798
2015-06-30,256438.36680184054
2015-07-01,255548.35341667844
2015-07-02,255046.29101254418
2015-07-06,255730.9073183065
2015-07-07,252764.20183808572
2015-07-08,253517.27803332842
2015-07-09,254133.45186056907
2015-07-10,254430.11718530353
2015-07-13,253289.0725980743
2015-07-14,252718.5503044597
2015-07-15,251394.95181560237
2015-07-16,250482.11266362725
2015-07-17,247948.9922871017
2015-07-20,241216.81877587407
2015-07-21,240463.74258063137
2015-07-22,239162.9524476284
2015-07-23,238090.36774987954
2015-07-24,240418.09104700532
2015-07-27,239299.8722265891
2015-07-28,239664.99744080397
2015-07-29,240007.31429916446
2015-07-30,237953.4305599601
2015-07-31,239459.61777236284
2015-08-03,237565.47957893225
2015-08-04,238044.71621625352
2015-08-05,237177.52859790443
2015-08-06,238227.28752884027
2015-08-07,238820.6355892679
2015-08-10,241262.47030950012
2015-08-11,242494.8005530227
2015-08-12,245895.10854789737
2015-08-13,243864.05057550606
2015-08-14,243841.22480869305
2015-08-17,244480.20699178803
2015-08-18,244434.57286912066
2015-08-19,247720.7868518476
2015-08-20,252033.9339986974
2015-08-21,253608.56368962186
2015-08-24,252239.31366713851
2015-08-25,249112.862641144
2015-08-26,245712.53723531068
2015-08-27,245849.47442523006
2015-08-28,248063.08629924944
2015-08-31,248336.94326812957
2015-09-01,249204.13088647864
2015-09-02,247880.53239762134
2015-09-03,246100.48821633848
2015-09-04,245301.76048746973
2015-09-08,245370.2203769501
2015-09-09,242198.11781732956
2015-09-10,242768.6401109442
2015-09-11,242266.59511776862
2015-09-14,242403.51489672932
2015-09-15,241673.24705734098
2015-09-16,244890.9837396289
2015-09-17,247401.2957603001
2015-09-18,249226.95665329165
2015-09-21,247675.13531822155
2015-09-22,245986.39420419073
2015-09-23,246967.6932456462
2015-09-24,252148.02801084504
2015-09-25,250596.20667577497
2015-09-28,247424.10411615443
2015-09-29,246419.9967188446
2015-09-30,243864.050575506
2015-10-01,243567.38525077153
2015-10-02,248724.8942491574
2015-10-05,248222.83184502315
2015-10-06,250710.31809888137
2015-10-07,250345.17547370784
2015-10-08,249067.21110751788
2015-10-09,253015.2330401528
2015-10-12,254019.3404374626
2015-10-13,255274.49644779824
2015-10-14,259724.56337360875
2015-10-15,258537.88466371218
2015-10-16,256712.20635976194
2015-10-19,255639.6216620131
2015-10-20,257259.92029752219
2015-10-21,254977.83112306375
2015-10-22,254886.54546677036
2015-10-23,254452.9429521165
2015-10-26,254293.19740634275
2015-10-27,254863.71969995735
2015-10-28,252809.83596075303
2015-10-29,250390.82700733386
2015-10-30,249432.35373269138
2015-11-02,247812.05509718225
2015-11-03,244137.90754438614
2015-11-04,241832.99260311466
2015-11-05,241079.89899691328
2015-11-06,237565.47957893225
2015-11-09,238250.11329565328
2015-11-10,237748.05089151906
2015-11-11,236949.32316265034
2015-11-12,236994.95728531768
2015-11-13,236333.1493354097
2015-11-16,236675.46619377017
2015-11-17,233548.997756817
2015-11-18,233754.39483621676
2015-11-19,236333.14933540966
2015-11-20,235260.5646376608
2015-11-23,233366.4438551889
2015-11-24,234918.265190259
2015-11-25,233822.85472569714
2015-11-27,231061.52891391746
2015-11-30,232590.52448217454
2015-12-01,233412.07797785627
2015-12-02,229783.56454772752
2015-12-03,232225.3992679597
2015-12-04,237382.90826634556
2015-12-07,234302.09136301838
2015-12-08,234690.04234404626
2015-12-09,234233.63147353806
2015-12-10,234028.25180509695
2015-12-11,235306.2161712869
2015-12-14,232293.8591574401
2015-12-15,231677.68533019949
2015-12-16,234484.66267560518
2015-12-17,229349.96203307368
2015-12-18,232864.3814510547
2015-12-21,235397.50182758027
2015-12-22,234165.17158405768
2015-12-23,233480.53786733668
2015-12-24,235169.29639232616
2015-12-28,233389.2522110433
2015-12-29,233229.50666526955
2015-12-30,231449.47989494537
2015-12-31,231540.76555123873
2016-01-04,234804.15376715266
2016-01-05,235465.96171706065
2016-01-06,238866.2697119353
2016-01-07,242243.76935095564
2016-01-08,241171.1846532068
2016-01-11,239026.01525770908
2016-01-12,237816.5107809995
2016-01-13,238980.38113504174
2016-01-14,235100.81909188718
2016-01-15,237519.84545626503
2016-01-19,237291.64002101094
2016-01-20,240463.7425806315
2016-01-21,240737.58213855294
2016-01-22,239619.36331813675
2016-01-25,242084.02380518193
2016-01-26,244845.3496169616
2016-01-27,245758.18876893673
2016-01-28,243133.78273611778
2016-01-29,244069.43024394722
2016-02-01,246579.74226461846
2016-02-02,246671.0105099532
2016-02-03,249318.24230958513
2016-02-04,252330.59932343193
2016-02-05,256324.2553787342
2016-02-08,259770.21490723485
2016-02-09,259199.69261362025
2016-02-10,261207.92481919855
2016-02-11,271705.53153951565
2016-02-12,270108.0760817782
2016-02-16,261915.36689177388
2016-02-17,263535.665527283
2016-02-18,269948.33053600445
2016-02-19,268328.049311454
2016-02-22,263558.47388313734
2016-02-23,267506.4958157722
2016-02-24,268396.5092009343
2016-02-25,269103.95127350965
2016-02-26,267255.4646137051
2016-02-29,270747.0582648731
2016-03-01,268761.63441514916
2016-03-02,270838.3439211665
2016-03-03,275516.6336931898
2016-03-04,275083.03117853595
2016-03-07,276452.28120101924
2016-03-08,275174.3168348293
2016-03-09,272892.2276603708
2016-03-10,277273.834696701
2016-03-11,272504.276679343
2016-03-14,268989.85726136196
2016-03-15,269195.2369298031
2016-03-16,275197.1251906837
2016-03-17,274147.3662597479
2016-03-18,273394.2900645052
2016-03-21,271477.32610426156
2016-03-22,272276.0538331303
2016-03-23,266114.420026476
2016-03-24,265475.437843381
2016-03-28,266091.594259663
2016-03-29,271020.9152337534
2016-03-30,267232.6388468922
2016-03-31,268464.9690904148
2016-04-01,266844.68786586437
2016-04-04,265064.66109554016
2016-04-05,268510.62062404084
2016-04-06,266867.5136326774
2016-04-07,270678.5983753929
2016-04-08,270267.82162755204
2016-04-11,273919.16082449385
2016-04-12,273964.8123581199
2016-04-13,271043.72358960775
2016-04-14,267255.46461370523
2016-04-15,269103.9512735098
2016-04-18,268693.17452566896
2016-04-19,272892.22766037105
2016-04-20,271500.1518710747
2016-04-21,272527.0850351975
2016-04-22,269035.49138402945
2016-04-25,269811.4107570438
2016-04-26,270883.978043834
2016-04-27,271659.89741684834
2016-04-28,276794.59805937984
2016-04-29,282180.3299039785
2016-05-02,281244.6649851904
2016-05-03,280605.6828020954
2016-05-04,278894.1159212516
2016-05-05,278574.6248297041
2016-05-06,281107.7452062297
2016-05-09,275334.0623806032
2016-05-10,276087.1559868046
2016-05-11,278688.7362528105
2016-05-12,276497.93273464544
2016-05-13,277753.0713340224
2016-05-16,277958.4684134222
2016-05-17,278916.9416880646
2016-05-18,274078.90637026756
2016-05-19,273554.035610279
2016-05-20,273188.8929851055
2016-05-23,272412.9910230498
2016-05-24,267689.06712835917
2016-05-25,266958.7992889708
2016-05-26,266045.9601369957
2016-05-27,263855.15661883063
2016-05-31,264859.2640161405
2016-06-01,264585.42445821903
2016-06-02,263969.2506309784
2016-06-03,271294.75479167496
2016-06-06,271386.04044796835
2016-06-07,271157.83501271426
2016-06-08,275174.3168348295
2016-06-09,276703.3124030866
2016-06-10,277821.53122350277
2016-06-13,279875.4149627071
2016-06-14,280172.0802874416
2016-06-15,282248.789793459
2016-06-16,279282.06690227956
2016-06-17,282864.94620974094
2016-06-20,281176.2050957101
2016-06-21,275767.64748429845
2016-06-22,275904.58467421785
2016-06-23,274101.73213708063
2016-06-24,287543.23598176416
2016-06-27,289095.0573168342
2016-06-28,285991.41464669403
2016-06-29,287178.0933565906
2016-06-30,288615.820679513
2016-07-01,293043.07924946916
2016-07-05,295462.0882028884
2016-07-06,297196.4634395866
2016-07-07,296078.26203012903
2016-07-08,297858.28880045324
2016-07-11,295051.29404408886
2016-07-12,290167.64201458317
2016-07-13,292837.69958102814
2016-07-14,290578.41876242403
2016-07-15,289460.1825310492
2016-07-18,289916.61081251607
2016-07-19,290304.5617935439
2016-07-20,286151.16019246785
2016-07-21,290509.95887294365
2016-07-22,288341.96371063293
2016-07-25,286333.73150505463
2016-07-26,287543.2359817642
2016-07-27,292175.87422016147
2016-07-28,291331.5123686254
2016-07-29,294343.8519715135
2016-08-01,294891.5659092737
2016-08-02,297287.76650683855
2016-08-03,295872.84753977053
2016-08-04,296374.9099439048
2016-08-05,291080.4811665582
2016-08-08,290829.44996449107
2016-08-09,292016.12867438764
2016-08-10,293385.378696871
2016-08-11,291354.3207244797
2016-08-12,290738.16430819774
2016-08-15,291742.2717055076
2016-08-16,293179.99902843
2016-08-17,293248.45891791035
2016-08-18,294640.5347072067
2016-08-19,292038.95444120077
2016-08-22,291605.3519265469
2016-08-23,291559.7178038795
2016-08-24,288319.13794382
2016-08-25,288068.12415271153
2016-08-26,287657.34740487067
2016-08-29,288227.86969848524
2016-08-30,285329.6066967862
2016-08-31,284759.08440317155
2016-09-01,285922.95475721377
2016-09-02,288844.0261147672
2016-09-06,293727.71296619024
2016-09-07,292723.58815792174
2016-09-08,291171.74941189296
2016-09-09,289254.80286260805
2016-09-12,288889.66023743455
2016-09-13,286972.71368814964
2016-09-14,287954.01272960514
2016-09-15,286105.5260698006
2016-09-16,285398.06658626656
2016-09-19,285991.4146466942
2016-09-20,286265.27161557437
2016-09-21,290441.48157250474
2016-09-22,291126.1152892257
2016-09-23,291308.6866018124
2016-09-26,291080.4811665583
2016-09-27,288958.1375378736
2016-09-28,288045.29838589847
2016-09-29,287702.981527538
2016-09-30,286721.6824860825
2016-10-03,285991.41464669415
2016-10-04,276064.3302199916
2016-10-05,275630.72770533775
2016-10-06,273074.7989729578
2016-10-07,273257.35287458595
2016-10-10,274215.84356018703
2016-10-11,272823.76777089067
2016-10-12,273257.3528745859
2016-10-13,273919.1608244939
2016-10-14,272390.16525623685
2016-10-17,273120.43309562525
2016-10-18,274809.1742096561
2016-10-19,276383.82131153916
2016-10-20,275539.4420490444
2016-10-21,275744.8391284442
2016-10-24,275128.66530120355
2016-10-25,277205.37480722094
2016-10-26,275653.5534721509
2016-10-27,276155.6158762851
2016-10-28,277456.4060092881
2016-10-31,278277.9595049699
2016-11-01,280080.8120421071
2016-11-02,282157.5041371658
2016-11-03,283663.69134956854
2016-11-04,283869.0710180096
2016-11-07,278757.1961422911
2016-11-08,277593.3257882489
2016-11-09,277410.75447566214
2016-11-10,273280.1786413991
2016-11-11,267232.63884689246
2016-11-14,264973.37543924706
2016-11-15,267278.29038051853
2016-11-16,266479.54524069116
2016-11-17,265110.2952182078
2016-11-18,262782.571921082
2016-11-21,263763.8709625374
2016-11-22,263672.58530624403
2016-11-23,258446.59900741914
2016-11-25,256986.06332864243
2016-11-28,259701.75501775474
2016-11-29,258492.23313008648
2016-11-30,255023.46524573144
2016-12-01,254544.22860841022
2016-12-02,255913.47863089357
2016-12-05,254544.22860841025
2016-12-06,254293.19740634313
2016-12-07,255206.03655831824
2016-12-08,254612.68849789063
2016-12-09,251942.6483424043
2016-12-12,252901.1216170468
2016-12-13,252056.74235455203
2016-12-14,248359.7690349429
2016-12-15,244959.44362910956
2016-12-16,246579.7422646187
2016-12-19,247812.05509718263
2016-12-20,245986.39420419108
2016-12-21,246123.31398315178
2016-12-22,245529.96592272416
2016-12-23,246305.88529573852
2016-12-27,247743.59520770222
2016-12-28,248428.22892442322
2016-12-29,251691.61714033718
2016-12-30,250139.7958052671
2017-01-03,252102.39388817805
2017-01-04,252992.40727334016
2017-01-05,256917.60343916205
2017-01-06,255023.46524573147
2017-01-09,257122.98310760316
2017-01-10,258218.39357216502
2017-01-11,259017.12130103374
2017-01-12,259952.78621982186
2017-01-13,260637.40252558418
2017-01-17,264380.02737881936
2017-01-18,262143.5897379869
2017-01-19,261915.36689177412
2017-01-20,262554.3664858278
2017-01-23,264243.1075998586
2017-01-24,263056.4114790034
2017-01-25,260888.4337276513
2017-01-26,258469.42477423215
2017-01-27,258994.29553422076
2017-01-30,260089.70599878262
2017-01-31,263695.41107305704
2017-02-01,262896.66593322967
2017-02-02,264357.2016120064
2017-02-03,265019.0095619144
2017-02-06,268601.88886937586
2017-02-07,268054.1923425743
2017-02-08,269720.12510075077
2017-02-09,267666.24136154645
2017-02-10,268373.6834341218
2017-02-13,266548.02254113025
2017-02-14,266844.6878658647
2017-02-15,268031.3665757613
2017-02-16,269469.09389868367
2017-02-17,268556.25474670855
2017-02-21,268716.0002924823
2017-02-22,269081.1429176558
2017-02-23,271431.69198159466
2017-02-24,273166.06721829285
2017-02-27,271842.4687294355
2017-02-28,272093.4999315026
2017-03-01,271705.5315395161
2017-03-02,268328.04931145447
2017-03-03,268168.30376568076
2017-03-06,266365.45122854353
2017-03-07,264220.2818330458
2017-03-08,262577.17484168237
2017-03-09,261230.75058601203
2017-03-10,261801.27287962663
2017-03-13,261846.90700229403
2017-03-14,260432.0228571433
2017-03-15,265292.8665307947
2017-03-16,266388.2769953566
2017-03-17,266981.60764482553
2017-03-20,268168.30376568076
2017-03-21,270518.85282961954
2017-03-22,271180.6607795275
2017-03-23,270815.518154354
2017-03-24,271249.1206690079
2017-03-27,272778.11623726494
2017-03-28,271659.89741684875
2017-03-29,272321.7053667567
2017-03-30,270359.1072838458
2017-03-31,270929.62957746035
2017-04-03,272367.339489424
2017-04-04,272983.51331666467
2017-04-05,272983.51331666467
2017-04-06,271979.38850839616
2017-04-07,272618.3706914911
2017-04-10,272618.3706914911
2017-04-11,276566.39262412605
2017-04-12,278460.51340659795
2017-04-13,279784.12930641393
2017-04-17,278962.5758107322
2017-04-18,280286.1917105482
2017-04-19,277798.72286764864
2017-04-20,278323.59362763725
2017-04-21,279122.32135650597
2017-04-24,277228.200574034
2017-04-25,274421.22322862834
2017-04-26,275767.6474842987
2017-04-27,274740.7143201758
2017-04-28,275607.9019385249
2017-05-01,273097.60732881236
2017-05-02,273051.973206145
2017-05-03,269240.88846342947
2017-05-04,266525.1967743171
2017-05-05,267027.2591784513
2017-05-08,266433.9111180237
2017-05-09,264836.45566028624
2017-05-10,264813.62989347323
2017-05-11,265863.3888244091
2017-05-12,266616.48243061046
2017-05-15,267323.9245031858
2017-05-16,268487.79485722806
2017-05-17,273371.46429769247
2017-05-18,271135.00924590137
2017-05-19,272481.45091253036
2017-05-22,273622.4954997596
2017-05-23,271888.1028521028
2017-05-24,272960.6875498516
2017-05-25,272664.02222511714
2017-05-26,275083.0311785363
2017-05-30,274170.1920265612
2017-05-31,275265.6024911231
2017-06-01,275493.80792637717
2017-06-02,277524.8658987685
2017-06-05,277798.72286764864
2017-06-06,280925.17389364314
2017-06-07,279441.8124480534
2017-06-08,277616.15155506186
2017-06-09,275083.0311785363
2017-06-12,274672.25443069544
2017-06-13,274946.1113995756
2017-06-14,273439.92418717284
2017-06-15,272298.87959994364
2017-06-16,272344.51372261095
2017-06-19,270267.8216275523
2017-06-20,269697.29933393764
2017-06-21,270473.20129599335
2017-06-22,271386.0404479684
2017-06-23,272549.9108020106
2017-06-26,270108.0760817784
2017-06-27,271135.0092459012
2017-06-28,271340.406325301
2017-06-29,270016.790425485
2017-06-30,269332.156708764
2017-07-03,264927.72390562086
2017-07-05,265909.02294707636
2017-07-06,265794.92893492867
2017-07-07,263079.23724581633
2017-07-10,263512.8397604702
2017-07-11,263855.1566188307
2017-07-12,264790.80412666016
2017-07-13,264311.5674893389
2017-07-14,266479.545240691
2017-07-17,267666.2413615463
2017-07-18,269537.5537881639
2017-07-19,269469.0938986835
2017-07-20,269834.21911289834
2017-07-21,272161.9598209828
2017-07-24,272276.0538331306
2017-07-25,271386.04044796847
2017-07-26,273576.84396613354
2017-07-27,273371.4642976924
2017-07-28,275425.3480368967
2017-07-31,275562.2678158575
2017-08-01,275334.0623806034
2017-08-02,274763.54008698877
2017-08-03,275197.125190684
2017-08-04,273051.97320614493
2017-08-07,272732.48211459746
2017-08-08,273531.2098434662
2017-08-09,276840.23218204745
2017-08-10,278894.11592125177
2017-08-11,280217.73182106775
2017-08-14,278232.3079713438
2017-08-15,276087.15598680475
2017-08-16,278118.21395919606
2017-08-17,279533.0981043468
2017-08-18,279099.51300065155
2017-08-21,280149.2719315874
2017-08-22,278894.1159212518
2017-08-23,279943.87485218764
2017-08-24,279076.68723383854
2017-08-25,280103.62039796135
2017-08-28,284553.70473473053
2017-08-29,283937.5309074899
2017-08-30,283800.6111285291
2017-08-31,287132.4592339234
2017-09-01,287680.155760725
2017-09-05,290875.08408715855
2017-09-06,289391.72264156886
2017-09-07,292404.0970663743
2017-09-08,292038.9544412008
2017-09-11,287976.83849641815
2017-09-12,288821.20034795423
2017-09-13,286653.22259660217
2017-09-14,287908.37860693777
2017-09-15,286470.6512840154
2017-09-18,283800.61112852907
2017-09-19,284393.9591889567
2017-09-20,282111.87001449824
2017-09-21,279966.70061900053
2017-09-22,281244.66498519044
2017-09-25,284188.56210955686
2017-09-26,281016.45954993635
2017-09-27,278369.24516126304
2017-09-28,278894.11592125165
2017-09-29,277456.4060092879
2017-10-02,275607.9019385247
2017-10-03,275744.8391284441
2017-10-04,276520.7410904998
2017-10-05,275037.3796449101
2017-10-06,276338.1697779131
2017-10-09,278597.4505965172
2017-10-10,279327.7184359056
2017-10-11,280217.7318210677
2017-10-12,280445.93725632183
2017-10-13,282568.28088500653
2017-10-16,280628.5085689086
2017-10-17,278711.544608665
2017-10-18,277661.7856777291
2017-10-19,279304.8926690926
2017-10-20,277524.86589876836
2017-10-23,277958.46841342223
2017-10-24,276885.88371567335
2017-10-25,276931.5178383407
2017-10-26,274603.79454121494
2017-10-27,275904.5846742179
2017-10-30,276429.4554342065
2017-10-31,275379.69650327065
2017-11-01,276383.82131153916
2017-11-02,276566.39262412593
2017-11-03,275265.60249112296
2017-11-06,277616.1515550618
2017-11-07,276612.0267467933
2017-11-08,277570.5000214357
2017-11-09,278711.544608665
2017-11-10,276429.4554342065
2017-11-13,276840.2321820474
2017-11-14,277410.754475662
2017-11-15,277068.4550282602
2017-11-16,277045.6292614472
2017-11-17,280377.47736684146
2017-11-20,276840.2321820474
2017-11-21,277296.6604635143
2017-11-22,279852.58919589414
2017-11-24,279145.1471233188
2017-11-27,280309.017477361
2017-11-28,280263.365943735
2017-11-29,278506.1649402238
2017-11-30,276360.9955447261
2017-12-01,277479.21436514234
2017-12-04,276543.56685731286
2017-12-05,274580.96877440193
2017-12-06,274010.4464807873
2017-12-07,270404.7414065129
2017-12-08,270381.93305065855
2017-12-11,269309.34835290967
2017-12-12,269628.83944445715
2017-12-13,271956.5627415829
2017-12-14,271408.86621478136
2017-12-15,271979.388508396
2017-12-18,273234.5445187316
2017-12-19,273439.92418717267
2017-12-20,274170.192026561
2017-12-21,274558.14300758886
2017-12-22,275995.8703305112
2017-12-26,277889.9911129831
2017-12-27,278939.76745487755
2017-12-28,280354.6516000283
2017-12-29,282180.3299039785
2018-01-02,285603.4636656662
2018-01-03,284850.3700594648
2018-01-04,286310.90573824156
2018-01-05,286014.2404135071
2018-01-08,285968.5888798811
2018-01-09,284644.99039102375
2018-01-10,285329.60669678607
2018-01-11,286265.27161557414
2018-01-12,289734.0394999292
2018-01-16,290213.2761372504
2018-01-17,287862.7270733116
2018-01-18,287223.7448902166
2018-01-19,288501.7092564066
2018-01-22,289026.59742735384
2018-01-23,290464.3073393175
2018-01-24,294001.5525241116
2018-01-25,292038.95444120065
2018-01-26,292267.17728741345
2018-01-29,290624.05288509134
2018-01-30,289368.9142857144
2018-01-31,291308.68660181237
2018-02-01,292267.1772874135
2018-02-02,288433.2493669263
2018-02-05,289163.5172063147
2018-02-06,286128.3344256549
2018-02-07,284781.91016998456
2018-02-08,285215.5126846385
2018-02-09,284736.2586363586
2018-02-12,286105.5260698006
2018-02-13,287725.80729435105
2018-02-14,292632.28509066976
2018-02-15,292974.6193599889
2018-02-16,292016.12867438776
2018-02-20,288090.93250856583
2018-02-21,286767.3340197085
2018-02-22,288227.86969848524
2018-02-23,287862.72707331175
2018-02-26,288570.1691458871
2018-02-27,285557.8121320403
2018-02-28,285261.1468073058
2018-03-01,284622.1646242108
2018-03-02,286151.16019246785
2018-03-05,285671.9235551466
2018-03-06,288752.74045847374
2018-03-07,286904.25379866915
2018-03-08,286219.6200819482
2018-03-09,286493.4770508283
2018-03-12,286493.4770508283
2018-03-13,287041.1735776299
2018-03-14,286858.6022650431
2018-03-15,285032.9413720516
2018-03-16,284348.3076553306
2018-03-19,284964.4814825712
2018-03-20,283686.4997054226
2018-03-21,288638.64644632605
2018-03-22,287497.6018590968
2018-03-23,291217.4009455189
2018-03-26,292746.396513776
2018-03-27,290943.54397663876
2018-03-28,286927.07956548216
2018-03-29,287063.99934444285
2018-04-02,290418.67321665015
2018-04-03,288227.86969848507
2018-04-04,288570.1691458869
2018-04-05,287086.82511125586
2018-04-06,288433.24936692615
2018-04-09,289414.54840838164
2018-04-10,290099.1821251026
2018-04-11,292358.445532748
2018-04-12,288958.13753787335
2018-04-13,290852.2583203453
2018-04-16,291263.0350681862
2018-04-17,291536.89203706634
2018-04-18,291765.0974723204
2018-04-19,291194.5751787058
2018-04-20,288980.9458937277
2018-04-23,286676.04836341494
2018-04-24,288068.1241527113
2018-04-25,286196.81172609376
2018-04-26,285192.68691782525
2018-04-27,286402.1913945349
2018-04-30,284325.48188851756
2018-05-01,282317.24968293926
2018-05-02,282180.3299039785
2018-05-03,283618.03981594223
2018-05-04,284211.3878763699
2018-05-07,284279.8477658502
2018-05-08,284325.4818885175
2018-05-09,283732.1512390486
2018-05-10,285671.9235551465
2018-05-11,285261.14680730563
2018-05-14,284097.2764532634
2018-05-15,279510.2897484922
2018-05-16,279076.6872338383
2018-05-17,279236.4327796121
2018-05-18,279350.5442027185
2018-05-21,279510.2897484922
2018-05-22,279350.5442027184
2018-05-23,279647.2095274529
2018-05-24,282043.39271405904
2018-05-25,281176.20509570994
2018-05-29,281130.5709730426
2018-05-30,281541.34772088344
2018-05-31,280925.1738936428
2018-06-01,279533.0981043464
2018-06-04,279259.258546425
2018-06-05,280354.65160002816
2018-06-06,280514.3971458019
2018-06-07,280377.47736684117
2018-06-08,280719.79422520165
2018-06-11,281221.8566293359
2018-06-12,280286.1917105478
2018-06-13,281130.5709730425
2018-06-14,281564.1560767377
2018-06-15,276908.6920715274
2018-06-18,276383.8213115388
2018-06-19,275676.3792389635
2018-06-20,274444.0489954409
2018-06-21,273964.81235811964
2018-06-22,274626.60289706895
2018-06-25,273599.6697329461
2018-06-26,272161.9598209824
2018-06-27,270610.13848591235
2018-06-28,269788.5849902306
2018-06-29,270769.8840316861
2018-07-02,268054.1923425738
2018-07-03,270769.88403168606
2018-07-05,271682.7231836612
2018-07-06,271249.1206690073
2018-07-09,271910.9286189153
2018-07-10,271408.86621478107
2018-07-11,268464.96909041464
2018-07-12,269583.1879108309
2018-07-13,268396.5092009343
2018-07-16,268259.58942197356
2018-07-17,265361.3264202745
2018-07-18,265429.7863097549
2018-07-19,264288.7417225257
2018-07-20,266000.3086033695
2018-07-23,264722.34423717955
2018-07-24,264813.6298934729
2018-07-25,266274.1655722496
2018-07-26,264197.4560662323
2018-07-27,264334.3932561517
2018-07-30,263923.61650831084
2018-07-31,264699.51847036654
2018-08-01,262759.7461542686
2018-08-02,261344.84459815925
2018-08-03,262257.68375013437
2018-08-06,260911.25949446403
2018-08-07,261504.59014393296
2018-08-08,262234.87539428
2018-08-09,261846.90700229348
2018-08-10,261732.81299014576
2018-08-13,257784.79105751083
2018-08-14,258035.82225957795
2018-08-15,253745.50087954118
2018-08-16,253540.1038001414
2018-08-17,255890.65286408024
2018-08-20,257168.63464122885
2018-08-21,257921.71083647158
2018-08-22,258492.23313008618
2018-08-23,256050.39840985398
2018-08-24,260523.30851343618
2018-08-27,261504.590143933
2018-08-28,259427.8980488743
2018-08-29,260614.57675877088
2018-08-30,259336.61239258092
2018-08-31,259039.94706784643
2018-09-04,257716.33116803045
2018-09-05,258606.34455319252
2018-09-06,259108.40695732678
2018-09-07,258400.96488475142
2018-09-10,258218.39357216467
2018-09-11,258378.13911793844
2018-09-12,260546.1168692905
2018-09-13,259610.46936146106
2018-09-14,257921.71083647158
2018-09-17,259268.15250310054
2018-09-18,258880.2015220727
2018-09-19,259884.3089193825
2018-09-20,260774.32230454462
2018-09-21,258994.29553422044
2018-09-24,258948.66141155307
2018-09-25,259359.43815939396
2018-09-26,257990.18813691064
2018-09-27,255708.0989624522
2018-09-28,257328.38018700265
2018-10-01,256894.77767234878
2018-10-02,259861.5005635282
2018-10-03,258834.54998844673
2018-10-04,258971.48717836614
2018-10-05,259701.75501775448
2018-10-08,256826.3177828684
2018-10-09,256963.23756182916
2018-10-10,257602.21974492414
2018-10-11,264220.28183304536
2018-10-12,262965.1432336684
2018-10-15,264722.3442371796
2018-10-16,264265.9333666714
2018-10-17,264243.10759985837
2018-10-18,264539.77292459283
2018-10-19,264745.1700039926
2018-10-22,264060.5362872716
2018-10-23,265612.35762234166
2018-10-24,266228.5314495823
2018-10-25,265635.18338915467
2018-10-26,266479.54524069076
2018-10-29,265429.78630975494
2018-10-30,264265.9333666714
2018-10-31,262782.57192108163
2018-11-01,266160.0541491433
2018-11-02,266205.7056827693
2018-11-05,265566.7234996743
2018-11-06,264813.62989347294
2018-11-07,264790.80412665993
2018-11-08,264220.2818330453
2018-11-09,261253.57635282452
2018-11-12,259382.26392620694
2018-11-13,259473.53217154168
2018-11-14,261618.70156703942
2018-11-15,261915.3668917739
2018-11-16,263855.1566188305
2018-11-19,263969.25063097826
2018-11-20,263969.25063097826
2018-11-21,264402.85314563214
2018-11-23,264197.45606623235
2018-11-26,263900.7907414979
2018-11-27,262326.1436396148
2018-11-28,263307.4426810703
2018-11-29,264128.996176752
2018-11-30,263672.5853062438
2018-12-03,265658.0091559678
2018-12-04,267278.29038051824
2018-12-06,267323.92450318555
2018-12-07,269491.9022545376
2018-12-10,268556.25474670815
2018-12-11,268236.76365516067
2018-12-12,268807.28594877524
2018-12-13,268213.9378883476
2018-12-14,267141.3531905987
2018-12-17,268989.85726136196
2018-12-18,269628.8394444569
2018-12-19,267985.73245309346
2018-12-20,272116.30828735646
2018-12-21,270929.6295774599
2018-12-24,273896.3350576806
2018-12-26,273074.79897295753
2018-12-27,275151.4910680162
2018-12-28,276269.7098884324
2018-12-31,276703.3124030863
2019-01-02,276885.883715673
2019-01-03,279396.17832538555
2019-01-04,277136.9149177401
2019-01-07,278095.3881923826
2019-01-08,277342.29458618123
2019-01-09,279122.32135650545
2019-01-10,277479.214365142
2019-01-11,277958.4684134219
2019-01-14,278620.25895237125
2019-01-15,278141.02231505
2019-01-16,279031.0357002121
2019-01-17,278665.9104859973
2019-01-18,276178.4242321391
2019-01-22,277159.7232735946
2019-01-23,276771.7722925667
2019-01-24,276338.16977791284
2019-01-25,280377.47736684117
2019-01-28,281358.77640829666
2019-01-29,282933.4235101798
2019-01-30,284553.70473473024
2019-01-31,284690.62451369094
2019-02-01,284120.1022200763
2019-02-04,282887.7719765537
2019-02-05,283618.03981594206
2019-02-06,281701.09326665715
2019-02-07,282385.70957241947
2019-02-08,283458.2942701683
2019-02-11,282066.21848087193
2019-02-12,282659.5665412996
2019-02-13,281541.3477208834
2019-02-14,283115.9774118078
2019-02-15,284804.7359367973
2019-02-19,289140.69143950136
2019-02-20,288638.64644632576
2019-02-21,285375.25823041186
2019-02-22,286402.1913945347
2019-02-25,286105.52606980025
2019-02-26,286584.7627071215
2019-02-27,284553.7047347302
2019-02-28,282956.23186603404
2019-03-01,278141.02231505
2019-03-04,277410.75447566167
2019-03-05,277775.8971008352
2019-03-06,277524.8658987681
2019-03-07,277296.66046351404
2019-03-08,280331.82583321515
2019-03-11,278962.5758107318
2019-03-12,280651.33433572133
2019-03-13,282613.9150076736
2019-03-14,279350.54420271836
2019-03-15,280628.5085689083
2019-03-18,280788.2541146821
2019-03-19,281564.1560767378
2019-03-20,283389.83438068803
2019-03-21,282248.7897934588
2019-03-22,282910.5977433668
2019-03-25,285078.57549471885
2019-03-26,283663.6913495682
2019-03-27,282180.3299039785
2019-03-28,278186.6738486762
2019-03-29,278437.70505074336
2019-04-01,277342.2945861815
2019-04-02,278369.24516126304
2019-04-03,277958.4684134222
2019-04-04,278665.9104859975
2019-04-05,278369.24516126304
2019-04-08,279578.7496379726
2019-04-09,281039.2853167493
2019-04-10,281906.4729350984
2019-04-11,278300.76786082395
2019-04-12,278026.9283029025
2019-04-15,277502.04013195523
2019-04-16,275014.5712890557
2019-04-17,274489.6831181084
2019-04-18,274695.0801975082
2019-04-22,274695.0801975082
2019-04-23,274124.5579038936
2019-04-24,274923.2856327623
2019-04-25,275151.4910680164
2019-04-26,276977.1693719666
2019-04-29,275744.83912844403
2019-04-30,276589.2009799801
2019-05-01,274763.54008698853
2019-05-02,273713.78115605266
2019-05-03,275334.0623806031
2019-05-06,275699.18759481795
2019-05-07,276612.02674679307
2019-05-08,275927.41044103075
2019-05-09,276589.20097998006
2019-05-10,277114.0891509273
2019-05-13,279943.87485218735
2019-05-14,279464.6382148661
2019-05-15,279304.8926690924
2019-05-16,277296.6604635141
2019-05-17,275334.0623806031
2019-05-20,275311.2366137901
2019-05-21,274672.25443069515
2019-05-22,274398.39746181504
2019-05-23,276520.74109049974
2019-05-24,276817.42382619285
2019-05-28,275744.83912844403
2019-05-29,275836.1247847374
2019-05-30,277707.437211355
2019-05-31,281450.06206459017
2019-06-03,285512.17800937284
2019-06-04,285603.46366566623
2019-06-05,286333.7315050546
2019-06-06,287269.37901288405
2019-06-07,288889.6602374345
2019-06-10,286014.2404135071
2019-06-11,285671.9235551466
2019-06-12,287155.2850007363
2019-06-13,288912.4860042475
2019-06-14,288821.2003479541
2019-06-17,288638.646446326
2019-06-18,290099.1821251027
2019-06-19,291856.38312861393
2019-06-20,299204.71305612347
2019-06-21,301190.11949488876
2019-06-24,305663.02959847095
2019-06-25,306256.3602479399
2019-06-26,303449.40031349286
2019-06-27,303152.7175777997
2019-06-28,303974.2710734814
2019-07-01,298086.47682474856
2019-07-02,304453.5251217613
2019-07-03,304955.58752589556
2019-07-05,301555.26212006225
2019-07-08,299615.4723930056
2019-07-09,300665.2487349001
2019-07-10,305411.9983964037
2019-07-11,302833.2264862521
2019-07-12,304727.3646796827
2019-07-15,304727.3646796827
2019-07-16,302148.5927695311
2019-07-17,307123.5652772475
2019-07-18,311459.5207799516
2019-07-19,306872.53407518036
2019-07-22,306826.88254155434
2019-07-23,305092.50730485615
2019-07-24,306644.31122896756
2019-07-25,304476.3334776155
2019-07-26,304978.39588174975
2019-07-29,307009.4538541411
2019-07-30,308036.3870182639
2019-07-31,303997.11425125296
2019-08-01,311299.79264513653
2019-08-02,310113.0965242813
2019-08-05,314449.0520269854
2019-08-06,317005.0155812826
2019-08-07,321820.22513226664
2019-08-08,323440.48894585844
2019-08-09,322367.9042481096
2019-08-12,325494.39009602147
2019-08-13,323554.60036896484
2019-08-14,325768.2296539429
2019-08-15,327936.207405295
2019-08-16,325836.6895434233
2019-08-19,322025.6048007078
2019-08-20,324535.91682137904
2019-08-21,323508.9488353389
2019-08-22,322687.39533965715
2019-08-23,329008.79210304393
2019-08-26,329054.44363667
2019-08-27,332203.7378404362
2019-08-28,331268.0729216481
2019-08-29,328894.6806799376
2019-08-30,328050.3188284015
2019-09-03,332614.4971773184
2019-09-04,334691.2066833357
2019-09-05,326658.24303910515
2019-09-06,323874.0914605125
2019-09-09,322664.5869838029
2019-09-10,319903.24376106454
2019-09-11,321843.0334881212
2019-09-12,322504.85884898785
2019-09-13,319834.7838715842
2019-09-16,322504.85884898785
2019-09-17,323143.8410320828
2019-09-18,321112.7830596915
2019-09-19,322413.5557817358
2019-09-20,326224.64052445133
2019-09-23,328050.31882840156
2019-09-24,329784.69406509976
2019-09-25,323668.71179207147
2019-09-26,323577.4087248194
2019-09-27,321911.4933776016
2019-09-30,316913.7125140308
2019-10-01,318648.1225726463
2019-10-02,322367.9042481098
2019-10-03,323828.4399268865
2019-10-04,323828.4399268865
2019-10-07,321067.1315260655
2019-10-08,323874.09146051254
2019-10-09,324170.77419620566
2019-10-10,321340.971083987
2019-10-11,319560.94431366277
2019-10-14,320838.90867985267
2019-10-15,318602.4710390203
2019-10-16,320428.1493429705
2019-10-17,320884.56021347875
2019-10-18,320542.2607660769
2019-10-21,319013.2303759025
2019-10-22,319948.8952946906
2019-10-23,320701.98890089197
2019-10-24,322984.0780753504
2019-10-25,323737.1716815517
2019-10-28,320953.02010295907
2019-10-29,320063.00671779696
2019-10-30,321820.2251322668
2019-10-31,325037.94440359605
2019-11-01,325334.62713928916
2019-11-04,324398.96222050104
2019-11-05,319150.1849767805
2019-11-06,320519.4175883052
2019-11-07,315544.4799025061
2019-11-08,313536.23028596916
2019-11-11,312783.1366797678
2019-11-12,313627.4985313039
2019-11-13,314882.65454163955
2019-11-14,316206.2704414556
2019-11-15,315407.5601235455
2019-11-18,316343.1902204163
2019-11-19,316502.9531771487
2019-11-20,316662.68131196377
2019-11-21,314928.3060752656
2019-11-22,314334.97542579664
2019-11-25,312828.7882133939
2019-11-26,314334.97542579664
2019-11-27,312669.0252566615
2019-11-29,314608.81498371816
2019-12-02,314449.05202698574
2019-12-03,317461.4264517912
2019-12-04,317027.8239371373
2019-12-05,317210.3952497241
2019-12-06,314061.1010459579
2019-12-09,313969.83280062315
2019-12-10,314859.84618578525
2019-12-11,317027.8239371373
2019-12-12,315909.5877057624
2019-12-13,317324.50667283044
2019-12-16,317301.6634950588
2019-12-17,317233.2036055784
2019-12-18,317256.0467833501
2019-12-19,318077.60027903185
2019-12-20,318397.0913705793
2019-12-23,319378.37300107616
2019-12-24,322390.7474258817
2019-12-26,324923.86780240724
2019-12-27,324809.75637930084
2019-12-30,325494.3900960219
2019-12-31,326110.52910134516
2020-01-02,328506.72969890997
2020-01-03,332865.52837938577
2020-01-06,336357.1220305538
2020-01-07,337680.7379303698
2020-01-08,335147.61755384423
2020-01-09,333253.4793604137
2020-01-10,335261.72897695063
2020-01-13,332774.2601340511
2020-01-14,332477.5773983579
2020-01-15,334417.33230349724
2020-01-16,333892.46154350863
2020-01-17,334508.6353707493
2020-01-21,334873.7779959228
2020-01-22,334987.8545971118
2020-01-23,335740.94820331316
2020-01-24,337703.54628622415
2020-01-27,340008.4786384543
2020-01-28,336973.29585779447
2020-01-29,338798.9741617447
2020-01-30,338821.78251759906
2020-01-31,340784.38060051
2020-02-03,338570.7513155319
2020-02-04,334166.3011014301
2020-02-05,334577.09526022966
2020-02-06,336379.93038640823
2020-02-07,337269.94377157034
2020-02-10,338137.1488008781
2020-02-11,336973.2958577945
2020-02-12,336699.42147795577
2020-02-13,338616.402849158
2020-02-14,340031.28699430864
2020-02-18,344390.08567478444
2020-02-19,346398.3004694041
2020-02-20,347813.21943647205
2020-02-21,353039.1883243383
2020-02-24,356211.2908839588
2020-02-25,349844.27740886336
2020-02-26,351373.2729771204
2020-02-27,351441.7328666008
2020-02-28,338616.40284915786
2020-03-02,340487.69786481676
2020-03-03,351190.70166453364
2020-03-04,351806.8754917743
2020-03-05,359406.236621351
2020-03-06,359543.15640031174
2020-03-09,360136.4870497807
2020-03-10,352537.12592020404
2020-03-11,351281.96990986844
2020-03-12,337269.9437715703
2020-03-13,326977.7341306529
2020-03-16,323235.10927741777
2020-03-17,327616.7163137479
2020-03-18,321089.93988192006
2020-03-19,315019.5743206004
2020-03-20,319743.5156262497
2020-03-23,333869.6531876543
2020-03-24,350072.4654331588
2020-03-25,345280.0990599464
2020-03-26,349707.3576299026
2020-03-27,347448.0768112985
2020-03-30,348977.0723795556
2020-03-31,337863.3092429565
2020-04-01,341058.22015843145
2020-04-02,346649.3316714712
2020-04-03,348360.898552315
2020-04-06,358014.1608320547
2020-04-07,356097.1794608524
2020-04-08,352925.07690123183
2020-04-09,362144.7366663177
2020-04-13,368352.02200659807
2020-04-14,371250.2501863799
2020-04-15,369356.14681486663
2020-04-16,369036.65572331916
2020-04-17,361870.8971083963
2020-04-20,364449.63419663056
2020-04-21,361962.165353731
2020-04-22,369082.2724350278
2020-04-23,372756.43739878264
2020-04-24,371158.9819410452
2020-04-27,368694.321454
2020-04-28,367051.21446263656
2020-04-29,369082.2724350279
2020-04-30,362395.76786838495
2020-05-01,364632.2055092174
2020-05-04,365910.1698754073
2020-05-05,367462.008621436
2020-05-06,362738.06731578667
2020-05-07,368306.3704729721
2020-05-08,366092.741187994
2020-05-11,363810.65201353555
2020-05-12,365225.5361586863
2020-05-13,368739.972987626
2020-05-14,372003.3437925813
2020-05-15,374102.861654453
2020-05-18,371273.0933641516
2020-05-19,374855.95526065433
2020-05-20,375745.96864581644
2020-05-21,370268.9685558831
2020-05-22,372459.7894850069
2020-05-26,367165.32588574296
2020-05-27,367827.11642469227
2020-05-28,369059.4640791735
2020-05-29,371775.15576828585
2020-06-01,373486.72264912963
2020-06-02,371067.71369571047
2020-06-03,364221.4461723351
2020-06-04,368055.339270905
2020-06-05,360592.8979202891
2020-06-08,364495.2857302567
2020-06-09,368009.68773727905
2020-06-10,373281.3429806886
2020-06-11,370588.45964743063
2020-06-12,371113.33040741924
2020-06-15,370451.53986846993
2020-06-16,370268.96855588316
2020-06-17,370976.4106284585
2020-06-18,370246.1602000288
2020-06-19,374331.08450066583
2020-06-22,376750.093454085
2020-06-23,379922.1960137055
2020-06-24,378598.58011388953
2020-06-25,378370.3920895941
2020-06-26,380059.11579266627
2020-06-29,380264.5302830247
2020-06-30,381953.2539860969
2020-07-01,380241.68710525305
2020-07-02,381063.2406009348
2020-07-06,383345.32977539324
2020-07-07,385764.3387288124
2020-07-08,388160.5393263772
2020-07-09,387110.79780640005
2020-07-10,386106.67299813154
2020-07-13,386585.89222449414
2020-07-14,388388.76217258995
2020-07-15,388731.0616199917
2020-07-16,385056.89665623696
2020-07-17,388228.99921585753
2020-07-20,390100.3290534337
2020-07-21,394801.4271813114
2020-07-22,400803.3328531507
2020-07-23,404340.54321602744
2020-07-24,407809.3285113411
2020-07-27,415865.100511426
2020-07-28,419333.8858067397
2020-07-29,422483.1800105059
2020-07-30,419356.69416259404
2020-07-31,423167.77890530956
2020-08-03,423647.03295358946
2020-08-04,432661.27822831686
2020-08-05,436677.7774613908
2020-08-06,442474.26864287164
2020-08-07,435445.4298069095
2020-08-10,433939.2425945068
2020-08-11,410639.13162355975
2020-08-12,408722.18507427484
2020-08-13,418375.4125320972
2020-08-14,416572.5425840013
2020-08-17,425609.63103650045
2020-08-18,429443.52413507027
2020-08-19,415887.94368919765
2020-08-20,418763.36351312505
2020-08-21,415408.68964091776
2020-08-24,413058.14057697897
2020-08-25,413560.2029811132
2020-08-26,418443.87242157763
2020-08-27,413605.8545147393
2020-08-28,420794.4214855165
2020-08-31,421798.546293785
2020-09-01,422300.6086979192
2020-09-02,416755.11389658815
2020-09-03,413377.6316685265
2020-09-04,414518.67625575577
2020-09-08,413719.93111592834
2020-09-09,417736.4303490023
2020-09-10,416390.00609333196
2020-09-11,416367.1629155603
2020-09-14,419653.3768982872
2020-09-15,418649.2520900187
2020-09-16,419835.94821087393
2020-09-17,417531.0506805611
2020-09-18,418078.7297964041
2020-09-21,409680.6583489173
2020-09-22,407695.21708823467
2020-09-23,398886.3514819484
2020-09-24,400369.73033849674
2020-09-25,399228.68575126753
2020-09-28,403245.15016242414
2020-09-29,406645.47556825745
2020-09-30,404203.6234370666
2020-10-01,407809.328511341
2020-10-02,407444.1858861675
2020-10-05,409429.62714685017
2020-10-06,404614.41759586614
2020-10-07,404431.84628327936
2020-10-08,405869.57360620174
2020-10-09,413240.7118895657
2020-10-12,412054.0157687104
2020-10-13,405572.89087050856
2020-10-14,406828.04688084417
2020-10-15,408311.3909154752
2020-10-16,406896.50677032454
2020-10-19,407101.8864387657
2020-10-20,409064.4845216766
2020-10-21,412145.31883596245
2020-10-22,408106.0112470341
2020-10-23,407672.40873238025
2020-10-26,407467.0290639391
2020-10-27,408539.61376168794
2020-10-28,401944.3774403797
2020-10-29,400278.4272712446
2020-10-30,402104.1055751948
2020-11-02,406006.4933851624
2020-11-03,408311.39091547515
2020-11-04,408083.2028911797
2020-11-05,417462.55596916325
2020-11-06,418055.92144054954
2020-11-09,399548.17684281484
2020-11-10,400871.7927426308
2020-11-11,399137.3826840153
2020-11-12,401556.42645935185
2020-11-13,404294.9265043185
2020-11-16,404272.0833265468
2020-11-17,402788.7392919158
2020-11-18,400483.84176160296
2020-11-19,399730.7481554016
2020-11-20,400940.2526321112
2020-11-23,393044.20876684133
2020-11-24,387019.4947391477
2020-11-25,386836.923426561
2020-11-27,382911.7272607391
2020-11-30,380355.79852835916
2020-12-01,388365.91899481806
2020-12-02,391287.0251742888
2020-12-03,394367.82466665725
2020-12-04,393249.6232571997
2020-12-07,399114.5743281609
2020-12-08,400506.6501174572
2020-12-09,393660.38259408186
2020-12-10,392907.2889878805
2020-12-11,393637.5742382275
2020-12-14,391469.56166495814
2020-12-15,396946.5965768088
2020-12-16,399137.3826840152
2020-12-17,403336.45322967594
2020-12-18,402651.819512955
2020-12-21,401373.855146765
2020-12-22,398201.75258714444
2020-12-23,400848.9495648591
2020-12-24,402446.4398445139
2020-12-28,400985.90416573716
2020-12-29,402446.43984451384
2020-12-30,405527.23933688237
2020-12-31,407033.42654928507
2021-01-04,416093.3233576385
2021-01-05,417325.63619020244
2021-01-06,410547.8285563075
2021-01-07,409589.35528166505
2021-01-08,395577.3291433669
2021-01-11,394801.4271813112
2021-01-12,397357.3559136911
2021-01-13,395645.7890328473
2021-01-14,395440.40936440614
2021-01-15,390533.93156808737
2021-01-19,393842.95390666864
2021-01-20,400255.6189153901
2021-01-21,400004.58771332295
2021-01-22,396855.29350955674
2021-01-25,397197.6277788759
2021-01-26,396216.3113264617
2021-01-27,393706.0341277078
2021-01-28,394071.141930964
2021-01-29,393911.4137961489
2021-02-01,397608.38711575797
2021-02-02,392770.36920891964
2021-02-03,392177.0385594507
2021-02-04,383733.28075642063
2021-02-05,387521.5571432818
2021-02-08,391423.94495324936
2021-02-09,392701.9093194394
2021-02-10,394139.63664236176
2021-02-11,390716.5028806741
2021-02-12,389529.8067598188
2021-02-16,383938.69524677907
2021-02-17,379579.8965663033
2021-02-18,379557.0882104489
2021-02-19,381131.70049041463
2021-02-22,386836.92342656077
2021-02-23,385946.91004139866
2021-02-24,385673.0704834772
2021-02-25,378416.04362321965
2021-02-26,369264.8437476142
2021-03-01,368625.86156451923
2021-03-02,370634.11118105624
2021-03-03,366549.1520585019
2021-03-04,362943.44698422746
2021-03-05,363171.66983044025
2021-03-08,359406.23662135075
2021-03-09,367051.21446263616
2021-03-10,368922.5443002124
2021-03-11,368603.05320866493
2021-03-12,368534.59331918455
2021-03-15,370154.85713277635
2021-03-16,370497.1914020955
2021-03-17,373144.38837981015
2021-03-18,370976.4106284581
2021-03-19,372528.24937448686
2021-03-22,371980.5354367266
2021-03-23,369264.84374761424
2021-03-24,370542.80811380415
2021-03-25,369196.38385813386
2021-03-26,370246.1602000284
2021-03-29,365841.7099859266
2021-03-30,359588.8079339375
2021-03-31,365042.9996680165
2021-04-01,369652.7947286421
2021-04-05,369515.87494968134
2021-04-06,372482.5978408608
2021-04-07,371432.82149896625
2021-04-08,375426.47755426855
2021-04-09,372596.7092639672
2021-04-12,370337.42844536307
2021-04-13,372961.8170672233
2021-04-14,371341.5532536315
2021-04-15,377343.45892547077
2021-04-16,379625.54809992923
2021-04-19,378575.7717580347
2021-04-20,379922.19601370505
2021-04-21,383687.66404471186
2021-04-22,381200.160379895
2021-04-23,379739.6247011183
2021-04-26,380743.7495093868
2021-04-27,379785.2762347443
2021-04-28,380903.5124661192
2021-04-29,379328.86536423606
2021-04-30,378050.9009980461
2021-05-03,382957.3787943648
2021-05-04,380150.4188599178
2021-05-05,381725.0659618009
2021-05-06,388092.0794368963
2021-05-07,391583.6730880643
2021-05-10,392770.3692089195
2021-05-11,392838.8290983999
2021-05-12,388936.44128843234
2021-05-13,390533.93156808714
2021-05-14,394093.98510873556
2021-05-17,398680.97181350685
2021-05-18,399456.87377556256
2021-05-19,399730.7481554014
2021-05-20,401556.4264593516
2021-05-21,401738.962950021
2021-05-24,402446.4398445137
2021-05-25,406097.7616304969
2021-05-26,405390.31955792155
2021-05-27,405550.082514654
2021-05-28,407079.0780829111
2021-06-01,405983.65020739054
2021-06-02,407969.0914680732
2021-06-03,399981.77935746865
2021-06-04,404294.92650431837
2021-06-07,405915.19031791016
2021-06-08,404660.0691294919
2021-06-09,403884.13234551885
2021-06-10,405618.5424041344
2021-06-11,401054.36405521753
2021-06-14,398703.8149912787
2021-06-15,397197.627778876
2021-06-16,390488.2800344614
2021-06-17,378484.5035127002
2021-06-18,376384.95082891115
2021-06-21,380994.7807114541
2021-06-22,379397.32525371667
2021-06-23,379146.2940516495
2021-06-24,378918.0712054367
2021-06-25,380173.2272157723
2021-06-28,380150.418859918
2021-06-29,376156.7628046157
2021-06-30,377982.44110856595
2021-07-01,379283.2138306102
2021-07-02,381770.68267350976
2021-07-06,383664.8208669403
2021-07-07,385125.356545717
2021-07-08,384874.3253436499
2021-07-09,386152.3245317572
2021-07-12,385673.0704834773
2021-07-13,386175.1328876116
2021-07-14,390328.51707772893
2021-07-15,390397.0117891267
2021-07-16,386608.7354022655
2021-07-19,387065.14627277374
2021-07-20,386563.0838686395
2021-07-21,385125.3565457171
2021-07-22,385878.45015191846
2021-07-23,384668.9456752089
2021-07-26,383756.1239341924
2021-07-27,384395.10611728736
2021-07-28,386334.86102242663
2021-07-29,390625.19981342205
2021-07-30,387544.4003210535
2021-08-02,387065.1462727736
2021-08-03,386791.30671485217
2021-08-04,386882.5749601869
2021-08-05,385353.57939192984
2021-08-06,375723.16028996184
2021-08-09,369059.4640791733
2021-08-10,369173.5755022797
2021-08-11,374262.6246111851
2021-08-12,374353.8928565198
2021-08-13,379716.81634526403
2021-08-16,381610.95453869464
2021-08-17,381040.43224508
2021-08-18,381337.1149807732
2021-08-19,380218.87874939834
2021-08-20,380424.2584178394
2021-08-23,385056.89665623667
2021-08-24,384874.3253436499
2021-08-25,382204.2851881636
2021-08-26,382637.88770281745
2021-08-27,388388.7621725896
2021-08-30,386471.8156233047
2021-08-31,387247.7175853604
2021-09-01,387270.5259412147
2021-09-02,386243.59277709184
2021-09-03,390374.1686113549
2021-09-07,382729.1907700695
2021-09-08,381770.6826735097
2021-09-09,383459.4411984992
2021-09-10,381519.65147144254
2021-09-13,382797.6506595498
2021-09-14,385262.311146595
2021-09-15,383003.0303279909
2021-09-16,374331.0845006653
2021-09-17,373737.7538511963
2021-09-20,376407.7940066826
2021-09-21,378918.0712054365
2021-09-22,377503.1870602858
2021-09-23,373144.38837981
2021-09-24,372665.16915344744
2021-09-27,373441.07111550315
2021-09-28,369812.55768537434
2021-09-29,368146.6423381565
2021-09-30,374764.68701531907
2021-10-01,375609.04886685516
2021-10-04,377366.267281325
2021-10-05,375609.04886685516
2021-10-06,376613.17367512366
2021-10-07,374627.76723635837
2021-10-08,374787.4953711734
2021-10-11,374080.0532985981
2021-10-12,375768.8118235876
2021-10-13,382455.31639023055
2021-10-14,383390.9813090186
2021-10-15,377297.80739184463
2021-10-18,376362.1424730565
2021-10-19,377571.6469497661
2021-10-20,380880.66928834736
2021-10-21,380538.3698409455
2021-10-22,382866.11054903
2021-10-25,385513.3075267446
2021-10-26,382660.6960586715
2021-10-27,383664.82086693996
2021-10-28,383573.5526216053
2021-10-29,380310.1469947327
2021-11-01,382295.5882554153
2021-11-02,381474.0347597336
2021-11-03,378301.932200113
2021-11-04,382592.23616919114
2021-11-05,387590.0170327619
2021-11-08,388982.09282205824
2021-11-09,390899.03937134315
2021-11-10,395143.7266287125
2021-11-11,397357.3559136906
2021-11-12,398110.449519892
2021-11-15,397494.27569265134
2021-11-16,394618.85586872394
2021-11-17,398224.5609429984
2021-11-18,396946.5965768084
2021-11-19,393911.4137961486
2021-11-22,385079.739834008
2021-11-23,381747.874317655
2021-11-24,381382.7316924815
2021-11-26,380766.5926871582
2021-11-29,380241.6871052523
2021-11-30,377685.75837287237
2021-12-01,379191.9455852751
2021-12-02,377092.42772340344
2021-12-03,380264.53028302395
2021-12-06,379328.8653642358
2021-12-07,380675.28961990617
2021-12-08,380880.66928834724
2021-12-09,378552.9634021801
2021-12-10,380150.4188599176
2021-12-13,381108.8921345601
2021-12-14,377548.83859391167
2021-12-15,379169.1024075034
2021-12-16,383756.123934192
2021-12-17,382934.5704385103
2021-12-20,381314.2718030011
2021-12-21,381154.54366818606
2021-12-22,384737.40556468884
2021-12-23,385604.6105939966
2021-12-27,386517.432335013
2021-12-28,384851.5169877952
2021-12-29,384737.4055646888
2021-12-30,387498.7487874271
2021-12-31,390145.98058705905
2022-01-03,384144.0749152198
2022-01-04,386973.87802743854
2022-01-05,385809.9902624376
2022-01-06,381086.0837787056
2022-01-07,382820.4590154038
2022-01-10,383984.3119584874
2022-01-11,388616.95019688463
2022-01-12,389643.9181829248
2022-01-13,388320.3022831088
2022-01-14,387202.0660517339
2022-01-18,386563.08386863896
2022-01-19,392701.909319439
2022-01-20,391720.5928670248
2022-01-21,390442.62850083486
2022-01-24,392587.7978963326
2022-01-25,393842.9539066682
2022-01-26,387475.9056096554
2022-01-27,382478.15956800204
2022-01-28,381337.11498077284
2022-01-31,383596.3609774596
2022-02-01,383915.8520690071
2022-02-02,385307.9278583035
2022-02-03,384760.2487424605
2022-02-04,385353.57939192944
2022-02-07,388206.19086000253
2022-02-08,389392.88698085776
2022-02-09,390716.50288067374
2022-02-10,389233.1240241254
2022-02-11,396649.91384111537
2022-02-14,398772.2748807588
2022-02-15,394983.9984938976
2022-02-16,399046.1144386803
2022-02-17,404500.3061727593
2022-02-18,404203.62343706616
2022-02-22,405048.02011051954
2022-02-23,406873.6635925524
2022-02-24,404249.2749706922
2022-02-25,402902.8507150219
2022-02-28,407079.07808291086
2022-03-01,414473.0247221291
2022-03-02,410159.87757527933
2022-03-03,412601.72970647016
2022-03-04,419174.1228500067
2022-03-07,425404.2513680587
2022-03-08,437042.88526464644
2022-03-09,424057.82711238845
2022-03-10,425381.4081902871
2022-03-11,422391.87694325333
2022-03-14,416024.8634681579
2022-03-15,408242.9310259944
2022-03-16,410798.85975837434
2022-03-17,412807.10937491135
2022-03-18,409178.5959447826
2022-03-21,412305.04697077716
2022-03-22,409315.51572374336
2022-03-23,414906.62723678304
2022-03-24,417919.00166158844
2022-03-25,416207.4347807446
2022-03-28,408630.8820070222
2022-03-29,408813.453319609
2022-03-30,412099.66730233596
2022-03-31,412259.395437151
2022-04-01,409635.0068152907
2022-04-04,411620.413254056
2022-04-05,409041.67616582173
2022-04-06,410000.14944046416
2022-04-07,411551.9533645756
2022-04-08,414130.7252747271
2022-04-11,416184.5916029727
2022-04-12,419379.53734036494
2022-04-13,421387.7521349846
2022-04-14,419995.67634568823
2022-04-18,421296.4838896499
2022-04-19,414929.47041455447
2022-04-20,416960.5283869458
2022-04-21,415477.1495303974
2022-04-22,411437.84194146906
2022-04-25,404043.8953022508
2022-04-26,404660.06912949146
2022-04-27,401602.04317106
2022-04-28,403770.02092241205
2022-04-29,403724.40421070333
2022-05-02,396239.15450423304
2022-05-03,397288.89602421026
2022-05-04,401191.2838341779
2022-05-05,399662.2882659208
2022-05-06,400324.0788048702
2022-05-09,394527.5876233894
2022-05-10,391195.72210703645
2022-05-11,394390.6678444286
2022-05-12,388343.11063896335
2022-05-13,385193.81643519714
2022-05-16,388867.98139895196
2022-05-17,386426.16408967844
2022-05-18,386631.5437581195
2022-05-19,392313.9583384113
2022-05-20,392587.7978963327
2022-05-23,394413.47620028286
2022-05-24,397380.1990914623
2022-05-25,394983.9984938975
2022-05-26,394253.7132435505
2022-05-27,394459.12773390894
2022-05-31,390556.7399239414
2022-06-01,393044.208766841
2022-06-02,397882.2614955966
2022-06-03,393842.9539066683
2022-06-06,392108.5786699701
2022-06-07,394664.50740235
2022-06-08,394299.3647771765
2022-06-09,393044.2087668409
2022-06-10,398315.8291883332
2022-06-13,387795.3967012031
2022-06-14,384691.78885298024
2022-06-15,389712.37807240535
2022-06-16,394093.9851087355
2022-06-17,390853.4226596346
2022-06-21,389392.88698085793
2022-06-22,390944.69090496935
2022-06-23,388548.4903074045
2022-06-24,388160.53932637663
2022-06-27,387726.93681172276
2022-06-28,387087.95462862775
2022-06-29,386791.30671485193
2022-06-30,384440.75765091315
2022-07-01,384121.2665593657
2022-07-05,375974.1914920287
2022-07-06,370017.9373538155
2022-07-07,370223.3170222566
2022-07-08,370383.07997898903
2022-07-11,368397.6387183064
2022-07-12,367028.4061067817
2022-07-13,368785.62452125154
2022-07-14,363605.272345094
2022-07-15,362874.987094747
2022-07-18,363217.3213640662
2022-07-19,364084.49157145666
2022-07-20,360661.357809769
2022-07-21,365750.4417405918
2022-07-22,366663.2634816082
2022-07-25,365659.13867333974
2022-07-26,365225.53615868586
2022-07-27,368945.3526560667
2022-07-28,373441.0711155032
2022-07-29,374490.8474573977
2022-08-01,376613.1736751237
2022-08-02,374376.7360342913
2022-08-03,375289.55777530774
2022-08-04,381496.8431155881
2022-08-05,377206.5043245927
2022-08-08,380401.45006198494
2022-08-09,381565.3030050685
2022-08-10,380606.8297304261
2022-08-11,379602.7049221576
2022-08-12,383094.2985733256
2022-08-15,378165.01242115255
2022-08-16,377503.18706028594
2022-08-17,375061.3697510124
2022-08-18,374080.0532985983
2022-08-19,371341.55325363163
2022-08-22,368876.89276658645
2022-08-23,371455.6646767381
2022-08-24,372551.0577303413
2022-08-25,373692.1023175705
2022-08-26,369150.7323245079
2022-08-29,369378.95517072064
2022-08-30,366298.1208564348
2022-08-31,363468.3525661334
2022-09-01,360273.4068287412
2022-09-02,363445.50938836177
2022-09-06,361323.1831706357
2022-09-07,364997.3481343905
2022-09-08,362806.52720526676
2022-09-09,364723.50857646903
2022-09-12,366571.9952362736
2022-09-13,361802.4023969983
2022-09-14,360410.32660770195
2022-09-15,353678.170507433
2022-09-16,355640.76859034394
2022-09-19,355914.6429701827
2022-09-20,353883.5849977914
2022-09-21,355526.6571672375
2022-09-22,355321.2774987964
2022-09-23,349182.4520479964
2022-09-26,345120.3361032137
2022-09-27,345827.77817578905
2022-09-28,353016.3799684836
2022-09-29,352947.92007900326
2022-09-30,352970.7284348576
2022-10-03,361551.3711949311
2022-10-04,366731.7233710886
2022-10-05,364700.6653986973
2022-10-06,364289.9060618151
2022-10-07,360296.25000651286
2022-10-10,354819.21509466216
2022-10-11,354088.96466623247
2022-10-12,355983.102859663
2022-10-13,353518.44237261784
2022-10-14,349113.992158516
2022-10-17,350118.11696678447
2022-10-18,350871.2105729858
2022-10-19,346170.1124451082
2022-10-20,345622.3985073479
2022-10-21,351784.0323140022
2022-10-24,350642.98772677296
2022-10-25,351441.73286660033
2022-10-26,353678.1705074328
2022-10-27,353130.4913915898
2022-10-28,349524.78631731536
2022-10-31,346672.1748492423
2022-11-01,350209.4200340364
2022-11-02,347767.56790284556
2022-11-03,346443.9520030296
2022-11-04,357078.49591326603
2022-11-07,355663.6117681153
2022-11-08,363879.1119030153
2022-11-09,362053.43359906506
2022-11-10,373075.9284903294
2022-11-11,375540.58897737466
2022-11-14,376362.1424730564
2022-11-15,377685.75837287237
2022-11-16,376818.5533435646
2022-11-17,374080.0532985979
2022-11-18,371501.28138844634
2022-11-21,369424.6067043463
2022-11-22,369858.20921900024
2022-11-23,372163.10674931307
2022-11-25,372482.5978408606
2022-11-28,369538.6833055355
2022-11-29,371364.36160948576
2022-11-30,376111.11127098935
2022-12-01,383025.83868384507
2022-12-02,381702.2227840291
2022-12-05,375152.63799634686
2022-12-06,376179.5711604697
2022-12-07,379579.89656630304
2022-12-08,379899.3876578505
2022-12-09,381245.8119135208
2022-12-12,378096.5177097546
2022-12-13,384554.83425210207
2022-12-14,383619.20415523124
2022-12-15,377343.45892547054
2022-12-16,380629.6380862801
2022-12-19,379557.08821044856
2022-12-20,385855.64179606363
2022-12-21,385216.6596129686
2022-12-22,380561.1781967997
2022-12-23,381702.22278402897
2022-12-27,384919.9768772755
2022-12-28,383185.6016405773
2022-12-29,385330.771036075
2022-12-30,387133.60616225353
2023-01-03,390374.1686113545
2023-01-04,394048.33357510925
2023-01-05,389141.85577879054
2023-01-06,396421.72581681976
2023-01-09,397311.73920198187
2023-01-10,398772.27488075854
2023-01-11,398498.4005009197
2023-01-12,403108.2303834627
2023-01-13,407946.24829030107
2023-01-17,405276.20813481475
2023-01-18,404112.3551917312
2023-01-19,410525.0202004526
2023-01-20,409155.7527670106
2023-01-23,409931.6895509836
2023-01-24,411415.03358561464
2023-01-25,413309.17177904525
2023-01-26,409566.5469258101
2023-01-27,408996.0246321955
2023-01-30,407946.24829030095
2023-01-31,409429.62714684935
2023-02-01,414587.13614523516
2023-02-02,405983.65020738996
2023-02-03,395851.203523205
2023-02-06,396672.75701888674
2023-02-07,397037.86482214293
2023-02-08,398019.1812745571
2023-02-09,394869.88707079086
2023-02-10,395622.9806769923
2023-02-13,393614.7310604553
2023-02-14,393911.41379614844
2023-02-15,389986.2176303265
2023-02-16,389666.72653877904
2023-02-17,390830.5794818626
2023-02-21,389370.04380308586
2023-02-22,387179.25769587944
2023-02-23,386973.8780274383
2023-02-24,384189.72644884564
2023-02-27,385695.87883933104
2023-02-28,387453.0972538009
2023-03-01,389689.53489463334
2023-03-02,389461.3468703379
2023-03-03,393637.574238227
2023-03-06,391652.1329775444
2023-03-07,384805.86545416905
2023-03-08,384623.2941415823
2023-03-09,388411.57052844344
2023-03-10,396786.8336200759
2023-03-13,405892.3819620553
2023-03-14,403541.8328981165
2023-03-15,406691.12710188265
2023-03-16,407512.6805975644
2023-03-17,419379.53734036477
2023-03-20,419539.2654751798
2023-03-21,411620.41325405566
2023-03-22,418626.4437341634
2023-03-23,423875.2557998013
2023-03-24,419105.662960526
2023-03-27,415226.1183283301
2023-03-28,418626.4437341635
2023-03-29,416549.73422814615
2023-03-30,420315.16743723565
2023-03-31,418124.3813300293
2023-04-03,421136.72093291744
2023-04-04,428987.1132645613
2023-04-05,428644.81381715945
2023-04-06,425586.8226806453
2023-04-10,422437.52847687906
2023-04-11,425107.5686323654
2023-04-12,427184.27813838277
2023-04-13,432957.9609640092
2023-04-14,425290.13994495216
2023-04-17,423396.00175152154
2023-04-18,425039.10874288506
2023-04-19,423008.05077049375
2023-04-20,424673.96611771156
2023-04-21,420474.9303939682
2023-04-24,421752.89476015815
2023-04-25,423898.06415565585
2023-04-26,421593.16662534303
2023-04-27,421615.9749811974
2023-04-28,421730.0864043038
2023-05-01,419835.9482108732
2023-05-02,427937.3717445841
2023-05-03,431565.88517471286
2023-05-04,434601.0679553727
2023-05-05,427800.45196562336
2023-05-08,428325.322725612
2023-05-09,431360.5055062718
2023-05-10,430744.3316790312
2023-05-11,427047.35835942207
2023-05-12,426317.073109075
2023-05-15,427229.92967200885
2023-05-16,421889.8145391189
2023-05-17,420429.2788603422
2023-05-18,414975.08712626324
2023-05-19,419082.8546046719
2023-05-22,418101.5729741751
2023-05-23,418603.60055639205
2023-05-24,415226.1183283304
2023-05-25,411232.46227302816
2023-05-26,412875.5692643916
2023-05-30,415431.4979967715
2023-05-31,416070.5150017838
2023-06-01,419356.6941625934
2023-06-02,413172.2520000847
2023-06-05,415659.7208429843
2023-06-06,416116.1317134925
2023-06-07,411118.3508499217
2023-06-08,416549.7342281463
2023-06-09,415431.4979967715
2023-06-12,415066.39019351534
2023-06-13,412008.36423508386
2023-06-14,412236.58708129666
2023-06-15,415134.8500829958
2023-06-16,414495.8678999008
2023-06-20,410205.5291089054
2023-06-21,409612.1984594364
2023-06-22,405550.08251465374
2023-06-23,406668.28392411134
2023-06-26,407375.72599668667
2023-06-27,405504.4309810278
2023-06-28,404568.76606223965
2023-06-29,404135.1635475858
2023-06-30,406828.0468808437
2023-07-03,407284.45775135193
2023-07-05,405846.73042842955
2023-07-06,404637.22595172
2023-07-07,407672.4087323798
2023-07-10,407991.89982392726
2023-07-11,409520.8953921843
2023-07-12,415066.3901935154
2023-07-13,415363.0381072913
2023-07-14,414039.4222074753
2023-07-17,414336.1049431684
2023-07-18,419082.85460467206
2023-07-19,419151.31449415244
2023-07-20,417028.9882764264
2023-07-21,415750.9890883191
2023-07-24,413970.9623179949
2023-07-25,416275.89467022504
2023-07-26,418306.95264261635
2023-07-27,411734.52467716247
2023-07-28,415020.73865988944
2023-07-31,416138.97489126434
2023-08-01,411825.82774441456
2023-08-02,409863.22966150363
2023-08-03,409726.2750606256
2023-08-04,411209.653917174
2023-08-07,410273.98899838584
2023-08-08,407672.4087323799
2023-08-09,405732.6190053233
2023-08-10,405299.05131258676
2023-08-11,405299.05131258676
2023-08-14,404066.7036581055
2023-08-15,402994.1189603567
2023-08-16,400666.41307418956
2023-08-17,400050.2392469489
2023-08-18,400118.6991364293
2023-08-21,401214.0921900325
2023-08-22,401875.91755089915
2023-08-23,405960.8418515361
2023-08-24,405869.57360620145
2023-08-25,405344.66802429553
2023-08-28,406508.55578929646
2023-08-29,410479.36866682704
2023-08-30,411506.33665286715
2023-08-31,410821.7029361461
2023-09-01,411027.0826045872
2023-09-05,407672.4087323799
2023-09-06,405823.92207257537
2023-09-07,406257.52458722924
2023-09-08,406394.44436619
2023-09-11,407147.53797239135
2023-09-12,405048.02011051966
2023-09-13,404112.35519173153
2023-09-14,404317.73486017267
2023-09-15,406987.77501565893
2023-09-18,409383.97561322374
2023-09-19,408996.0246321959
2023-09-20,409292.707367889
2023-09-21,406325.98447670956
2023-09-22,407626.7571987539
2023-09-25,405527.2393368822
2023-09-26,402286.6768877813
2023-09-27,397311.7392019822
2023-09-28,395326.29794129956
2023-09-29,391264.1819965169
2023-10-02,387156.4145181082
2023-10-03,386038.21310865064
2023-10-04,385992.5615750246
2023-10-05,385285.1195024493
2023-10-06,387270.5259412146
2023-10-09,394390.6678444287
2023-10-10,393728.842483562
2023-10-11,396604.2623074894
2023-10-12,395394.7578307798
2023-10-13,408106.01124703366
2023-10-16,406120.60480826837
2023-10-17,406873.6635925524
2023-10-18,412761.4578412853
2023-10-19,417827.6985943364
2023-10-20,418968.74318156566
2023-10-23,417553.85903641494
2023-10-24,417508.2075027889
2023-10-25,419265.42591725884
2023-10-26,419927.21645620815
2023-10-27,424810.8858966725
2023-10-30,422414.720121025
2023-10-31,420109.78776879486
2023-11-01,418786.1718689789
2023-11-02,420178.24765827524
2023-11-03,421707.2432265323
2023-11-06,418421.0640657227
2023-11-07,416686.6540071072
2023-11-08,412533.26981698984
2023-11-09,414176.37680835335
2023-11-10,409657.81517114514
2023-11-13,411939.90434560354
2023-11-14,415614.0693093583
2023-11-15,414518.6762557551
2023-11-16,419196.96602777846
2023-11-17,419151.31449415244
2023-11-20,418466.6807774314
2023-11-21,422985.2424146396
2023-11-22,421182.37246654375
2023-11-24,423373.1933956675
2023-11-27,426225.8048637405
2023-11-28,431908.18462211493
2023-11-29,432547.1668052099
2023-11-30,430744.33167903137
2023-12-01,438183.92985187564
2023-12-04,428713.27370664
2023-12-05,427092.9750711309
2023-12-06,428667.62217301404
2023-12-07,429375.0642455894
2023-12-08,423647.03295358893
2023-12-11,418968.74318156566
2023-12-12,418740.5551572702
2023-12-13,428188.40294665145
2023-12-14,430698.68014540535
2023-12-15,426750.6756237291
2023-12-18,428690.46535078576
2023-12-19,431611.5367083392
2023-12-20,429260.9876444004
2023-12-21,432296.1356031429
2023-12-22,434213.11697434523
2023-12-26,437522.13931292656
2023-12-27,439507.54575169185
2023-12-28,436951.61701931193
2023-12-29,436266.9833025909
2024-01-02,435240.05013846804
2024-01-03,431611.5367083393
2024-01-04,432045.13922299317
2024-01-05,432113.5991124736
2024-01-08,428736.08206249465
2024-01-09,428873.00184145535
2024-01-10,427891.7202109585
2024-01-11,428736.08206249453
2024-01-12,432935.1526081552
2024-01-16,428827.3851297466
2024-01-17,424103.4438240972
2024-01-18,427595.0374752652
2024-01-19,428873.0018414552
2024-01-22,427252.7380278634
2024-01-23,428918.6533750812
2024-01-24,425381.4081902871
2024-01-25,427070.16671527654
2024-01-26,426773.48397958337
2024-01-29,429785.8584043888
2024-01-30,430379.18905385776
2024-01-31,430059.6979623103
2024-02-01,434532.6080658924
2024-02-02,430424.8405874837
2024-02-05,428051.4831676906
2024-02-06,430287.920808523
2024-02-07,430173.8093854166
2024-02-08,429785.85840438877
2024-02-09,428119.94305717095
2024-02-12,427001.7068257961
2024-02-13,421113.91257706325
2024-02-14,420862.88137499616
2024-02-15,423692.6844872149
2024-02-16,425244.4884113263
2024-02-20,427823.26032147795
2024-02-21,427846.06867733225
2024-02-22,428028.63998991903
2024-02-23,430447.6489433382
2024-02-26,429489.1756686957
2024-02-27,429032.76479818753
2024-02-28,429808.66676024324
2024-02-29,432022.2960452213
2024-03-01,440192.17946841253
2024-03-04,447312.2865497094
2024-03-05,450005.16988296737
2024-03-06,453702.1432025765
2024-03-07,456280.91511272814
2024-03-08,460137.6513890697
2024-03-11,460982.01324060577
2024-03-12,455938.58084340894
2024-03-13,459133.5265808011
2024-03-14,457216.58003151615
2024-03-15,455756.0443527394
2024-03-18,456486.29478116904
2024-03-19,455961.4240211804
2024-03-20,461392.7725774877
2024-03-21,460913.5533511251
2024-03-22,457216.580031516
2024-03-25,458677.11571029265
2024-03-26,460160.4597449237
2024-03-27,463492.3252612766
2024-03-28,469471.3877553442
2024-04-01,474263.7889504739
2024-04-02,481269.78460866434
2024-04-03,485491.6635101793
2024-04-04,482707.51193158666
2024-04-05,490968.6636001127
2024-04-08,494026.6547366269
2024-04-09,496742.3464257392
2024-04-10,492041.24829786154
2024-04-11,501603.20751034917
2024-04-12,494962.3196554149
2024-04-15,504227.5961322094
2024-04-16,504843.76995945
2024-04-17,501123.95346206916
2024-04-18,502835.52034291305
2024-04-19,504410.1674447962
2024-04-22,491949.9800525268
2024-04-23,490740.44075389986
2024-04-24,489827.6190128834
2024-04-25,492748.6903704368
2024-04-26,494346.14582817425
2024-04-29,493342.02101990575
2024-04-30,483506.2222494966
2024-05-01,487887.82928582677
2024-05-02,486381.67689534137
2024-05-03,485993.7259143135
2024-05-06,491105.58337907336
2024-05-07,488846.3373823866
2024-05-08,487408.61005946423
2024-05-09,495099.23943437566
2024-05-10,499115.7386674496
2024-05-13,493524.5923324926
2024-05-14,497700.81970038166
2024-05-15,504090.67635324877
2024-05-16,502128.07827033784
2024-05-17,510412.0731166356
2024-05-20,512465.9394448813
2024-05-21,511712.84583867993
2024-05-22,502310.6495829247
2024-05-23,492292.2794999288
2024-05-24,492748.6903704371
2024-05-28,497929.0425465946
2024-05-29,493296.4043081973
2024-05-30,494232.0692269854
2024-05-31,491333.80622528633
2024-06-03,495715.4132616165
2024-06-04,491265.346335806
2024-06-05,497084.68069505855
2024-06-06,500758.81083689595
2024-06-07,482890.08324417355
2024-06-10,487317.30699221237
2024-06-11,488709.38278150867
2024-06-12,490010.19032547023
2024-06-13,486016.53427016793
2024-06-14,492315.08785578294
2024-06-17,489759.159123403
2024-06-18,491721.75720631395
2024-06-20,497860.58265711396
2024-06-21,490147.1101044309
2024-06-24,492086.8998314875
2024-06-25,489645.0477002967
2024-06-26,485126.5208850058
2024-06-27,490626.3641527109
2024-06-28,490671.98086441954
2024-07-01,491949.9800525268
2024-07-02,491927.13687475515
2024-07-03,497472.6316760861
2024-07-05,504181.9445985834
2024-07-08,497929.04254659434
2024-07-09,498773.4043981304
2024-07-10,500599.08270208066
2024-07-11,509476.40819784725
2024-07-12,509156.9171062998
2024-07-15,510800.0240976632
2024-07-16,520978.12231547415
2024-07-17,518559.1133620549
2024-07-18,515250.09102347365
2024-07-19,506007.6229025335
2024-07-22,506167.385859266
2024-07-23,507947.41262959025
2024-07-24,506167.38585926604
2024-07-25,498248.5336381418
2024-07-26,503497.3457037797
2024-07-29,502789.9036312044
2024-07-30,507810.49285062955
2024-07-31,517007.3094379437
2024-08-01,515227.28266761947
2024-08-02,514245.9662152053
2024-08-05,507719.18978337746
2024-08-06,503657.0738385948
2024-08-07,503314.77439119294
2024-08-08,511210.7834345455
2024-08-09,512465.9394448811
2024-08-12,521251.99669531296
2024-08-13,520453.25155548553
2024-08-14,516208.5642981162
2024-08-15,517828.8629336253
2024-08-16,529421.8801185043
2024-08-19,528554.6750891965
2024-08-20,530494.4648162532
2024-08-21,529786.9879217604
2024-08-22,523442.78280251933
2024-08-23,529490.3400079847
2024-08-26,531179.0637110568
2024-08-27,532616.7910339792
2024-08-28,528874.166180744
2024-08-29,531612.6662257107
2024-08-30,527824.3898388495
2024-09-03,525542.3006643911
2024-09-04,525861.7917559386
2024-09-05,530243.433614186
2024-09-06,526318.2374483641
2024-09-09,528531.8667333422
2024-09-10,530859.5726195093
2024-09-11,530015.2107679732
2024-09-12,539326.1387783937
2024-09-13,544689.0274452207
2024-09-16,544643.410733512
2024-09-17,541631.0363087066
2024-09-18,537454.8089408176
2024-09-19,545807.2636765956
2024-09-20,552744.834267223
2024-09-23,553817.3841430546
2024-09-24,561553.6998735094
2024-09-25,560777.7630895363
2024-09-26,563630.3745576093
2024-09-27,559157.4992759445
2024-09-30,554684.5891723623
2024-10-01,560503.9235316148
2024-10-02,560618.0349547211
2024-10-03,560230.0839736932
2024-10-04,559111.8477423183
2024-10-07,557217.7095488877
2024-10-08,553109.942070479
2024-10-09,550097.602467591
2024-10-10,554136.9100565192
2024-10-11,560184.4324400671
2024-10-14,559271.6106990506
2024-10-15,561211.3656041898
2024-10-16,564018.3255386369
2024-10-17,567395.842588616
2024-10-18,573420.5566163096
2024-10-21,573306.4451932032
2024-10-22,579490.8873557119
2024-10-23,572507.7000533758
2024-10-24,576912.1502674776
2024-10-25,578098.8463883329
2024-10-28,578121.6547441873
2024-10-29,584420.2083298023
2024-10-30,587637.9624230489
2024-10-31,578532.4140810694
2024-11-01,576159.0566612763
2024-11-04,576980.610156958
2024-11-05,578281.3828790023
2024-11-06,560709.3032000557
2024-11-07,569723.5484747831
2024-11-08,565866.8470203589
2024-11-11,552585.0713104905
2024-11-12,547815.5132931325
2024-11-13,542292.8616695732
2024-11-14,540877.9427025052
2024-11-15,539919.4694278627
2024-11-18,550188.8707129257
2024-11-19,555118.1916870162
2024-11-20,558244.6427130107
2024-11-21,562900.1241291796
2024-11-22,570157.1509894372
2024-11-25,553360.9732725464
2024-11-26,554433.5579702953
2024-11-27,555665.9056247766
2024-11-29,560458.2719979889
2024-12-02,555551.7942016702
2024-12-03,556669.9956111277
2024-12-04,558358.7541361172
2024-12-05,554228.1783018542
2024-12-06,554433.5579702953
2024-12-09,559933.4012380004
2024-12-10,567304.5395213644
2024-12-11,572713.1145437346
2024-12-12,564315.0082743305
2024-12-13,557491.5491068095
2024-12-16,558838.0081843971
2024-12-17,556692.8387888994
2024-12-18,546012.6433450368
2024-12-19,546788.5801290098
2024-12-20,552493.8030651559
2024-12-23,549892.2227991499
2024-12-24,550987.6158527532
2024-12-26,554707.432350134
2024-12-27,550896.3127855011
2024-12-30,549139.1291929486
2024-12-31,552562.2629546362
2025-01-02,560070.3210169609
2025-01-03,555665.9056247764
2025-01-06,554981.2719080554
2025-01-07,558107.7229340499
2025-01-08,561074.4458252293
2025-01-10,566437.3693139736
2025-01-13,560800.6062673078
2025-01-14,563744.4859807156
2025-01-15,567966.3648822306
2025-01-16,571891.5610480525
2025-01-17,568856.3782673926
2025-01-21,577665.243873679
2025-01-22,580631.931942941
2025-01-23,579810.4132691766
2025-01-24,583416.0835215336
2025-01-27,577345.7527821314
2025-01-28,582343.4988237848
2025-01-29,580107.0611829524
2025-01-30,588893.0836114669
2025-01-31,590056.9713764678
2025-02-03,593206.2655802341
2025-02-04,599048.408295341
2025-02-05,602768.2247927218
2025-02-06,601170.7345130671
2025-02-07,602243.3192108158
2025-02-10,612444.2606063985
2025-02-11,610207.8577874834
2025-02-12,610846.8399705783
2025-02-13,616871.5191763546
2025-02-14,607697.5457668122
2025-02-18,617761.567383434
2025-02-19,618103.8668308358
2025-02-20,618423.323100466
2025-02-21,617852.8008068515
2025-02-24,621207.4746790588
2025-02-25,613014.7829000131
2025-02-26,613950.4478188013
2025-02-27,604593.8682747547
2025-02-28,600805.5918878935
2025-03-03,608724.4441090177
2025-03-04,614018.9077082817
2025-03-05,615296.8720744717
2025-03-06,612170.4210484772
2025-03-07,612489.946961942
2025-03-10,607127.0234731977
2025-03-11,614247.1305544944
2025-03-12,616917.1358880635
2025-03-13,627871.2057117647
2025-03-14,628122.2020919145
2025-03-17,631522.5623196651
2025-03-18,638893.6657811117
2025-03-19,641518.0544029719
2025-03-20,640696.5357292074
2025-03-21,635538.9919089043
2025-03-24,632709.2236186028
2025-03-25,635493.3751971954
2025-03-26,634968.4696152895
2025-03-27,643480.6873077998
2025-03-28,648250.2453251579
2025-03-31,657561.2081574957
2025-04-01,656260.4006135341
2025-04-02,657606.8248692045
2025-04-03,653636.011991674
2025-04-04,638345.9866652685
2025-04-07,624630.6084407462
2025-04-08,628030.9686684968
2025-04-09,651262.6197499634
2025-04-10,667168.7840816921
2025-04-11,679902.811031883
2025-04-14,676023.3012216045
2025-04-15,679560.5115844812
2025-04-16,701673.9612564903
2025-04-17,698593.1269422044
2025-04-21,720204.5142100793
2025-04-22,709980.729636725
2025-04-23,692956.3638955387
2025-04-24,703043.2286899323
2025-04-25,695421.0592045012
2025-04-28,705325.3178643908
2025-04-29,698456.2071632438
2025-04-30,693230.2034534602
2025-05-01,678830.2263341342
2025-05-02,680016.9572769068
2025-05-05,700327.5370008199
2025-05-06,719953.5178299295
2025-05-07,709159.2109629606
2025-05-08,695192.8363582885
2025-05-09,700236.2339335679
2025-05-12,680496.1765032692
2025-05-13,683394.4046830509
2025-05-14,669017.2707414967
2025-05-15,679697.4313634419
2025-05-16,671481.8964066246
2025-05-19,680131.0338780957
2025-05-20,692796.6009388061
2025-05-21,697908.5280474005
2025-05-22,691724.0162410572
2025-05-23,706877.1217885019
2025-05-27,694896.1536225951
2025-05-28,693321.506520712
2025-05-29,697429.2391772034
2025-05-30,692842.2872943495
2025-06-02,711258.7636467495
2025-06-03,704960.1752392171
2025-06-04,709501.5104103623
2025-06-05,705918.6136919422
2025-06-06,696447.9575467065
2025-06-09,699734.1715294336
2025-06-10,699939.5511978747
2025-06-11,703727.8275847359
2025-06-12,712468.2681234592
2025-06-13,721802.0044897341
2025-06-16,711509.7600268994
2025-06-17,711874.902652073
2025-06-18,708041.0095535031
2025-06-20,707744.32681781
2025-06-23,709912.2697472447
2025-06-24,698752.889898937
2025-06-25,700875.2161166631
2025-06-26,700099.3141546074
2025-06-27,687410.9039161252
2025-06-30,695649.2124068795
2025-07-01,701856.4977471598
2025-07-02,705736.0772012731
2025-07-03,700920.9024722064
2025-07-07,701445.7384102776
2025-07-08,694120.2516605398
2025-07-09,697223.8595087626
2025-07-10,698775.7330767086
2025-07-11,705485.0808211232
2025-07-14,702906.3089109716
2025-07-15,699985.2375534181
2025-07-16,703476.8312045862
2025-07-17,701947.8008144118
2025-07-18,703773.5139402794
2025-07-21,714590.5943411852
2025-07-22,721368.4019750801
2025-07-23,712422.5817679157
2025-07-24,708063.78308744
2025-07-25,701514.1982997578
2025-07-28,696972.8631286126
2025-07-29,698889.8096778975
2025-07-30,686817.5384447386
2025-07-31,691381.7167936555
2025-08-01,705416.5512878081
2025-08-04,709524.353588134
2025-08-05,710094.8758817487
2025-08-06,708588.688669346
2025-08-07,714567.7511634136
2025-08-08,714407.9882066812
2025-08-11,704138.5869216182
2025-08-12,703499.6047385233
2025-08-13,705644.7741340209
2025-08-14,701171.898852356
2025-08-15,701582.6581892383
2025-08-18,700487.2999575523
2025-08-19,696653.3372151478
2025-08-20,703704.9844069643
2025-08-21,701263.2019196082
2025-08-22,708771.2251600155
2025-08-25,707059.6582791717
2025-08-26,712194.3589217032
2025-08-27,713632.0862446256
2025-08-28,718926.5498438895
2025-08-29,725864.1204345169
2025-09-02,743025.4059546639
2025-09-03,748844.7751358338
2025-09-04,745535.7179753351
2025-09-05,755485.5933469334
2025-09-08,764089.1141066959
2025-09-09,762354.7040480804
2025-09-10,765093.2389149644
2025-09-11,763952.1943277351
2025-09-12,765458.3815401378
2025-09-15,773422.8504729707
2025-09-16,774974.6543970822
2025-09-17,768995.5919030146
2025-09-18,765914.7575887288
2025-09-19,774038.989478294
2025-09-22,787434.8417893515
2025-09-23,790652.5958825982
2025-09-24,783486.8720895927
2025-09-25,786750.242894548
2025-09-26,791291.5780656931
2025-09-29,804345.1309293488
2025-09-30,811214.2416304958
2025-10-01,812492.2059966857
2025-10-02,809662.4377063843
2025-10-03,816166.4057823578
2025-10-06,831547.6645321805
2025-10-07,835838.003323176
2025-10-08,849621.771793344
2025-10-09,833943.8303078281
2025-10-10,842364.7449330867
2025-10-13,862835.0876137323
2025-10-14,868996.7562423039
2025-10-15,884058.5587224965
2025-10-16,904734.2810715832
2025-10-17,887709.8456865622
2025-10-20,920024.236754154
2025-10-21,860895.2978866756
2025-10-22,860986.6009539277
2025-10-23,864432.5778933872
2025-10-24,861534.2800697708
2025-10-27,837549.5702040201
2025-10-28,831547.6645321809
2025-10-29,828398.3703284147
2025-10-30,844669.6772853169
2025-10-31,840082.6557586283
2025-11-03,841588.842971031
2025-11-04,826846.5664043032
2025-11-05,836408.5256167909
2025-11-06,835404.4008085224
2025-11-07,840516.2582732821
2025-11-10,863496.9129745989
2025-11-11,866897.203558515
2025-11-12,880863.578163187
2025-11-13,873743.4710818902
2025-11-14,857974.2265291222
2025-11-17,848138.4277587131
2025-11-18,854300.0963872849
2025-11-19,855692.1373546638
2025-11-20,855441.1409745141
2025-11-21,854117.4902527807
2025-11-24,867650.3319866336
2025-11-25,867376.4227848775
2025-11-26,874313.9933755049
2025-11-28,885176.7601319541
2025-12-01,889444.2557451779
2025-12-02,883716.1896312601
2025-12-03,882894.6709574957
2025-12-04,883465.1932511103
2025-12-05,881890.5461492272
2025-12-08,879562.8402630601
2025-12-09,884081.3322564336
2025-12-10,887846.765465523
2025-12-11,897408.7246780106
2025-12-12,902429.348719353
2025-12-15,903250.8673931174
2025-12-16,903456.3167053933
2025-12-17,911215.4059697851
2025-12-18,909572.2989784216
2025-12-19,910599.197320627
2025-12-22,931617.2887609502
2025-12-23,943963.3995520306
2025-12-24,940060.9769201457
2025-12-26,951037.820277784
2025-12-29,909640.758867902
2025-12-30,910302.5842287686
2025-12-31,904414.7551581184
2026-01-02,908910.473617555
2026-01-05,932826.79323766
2026-01-06,942913.5883882189
2026-01-07,933899.3779354088
2026-01-08,939056.8521118774
2026-01-09,945857.5029235439
2026-01-12,963566.5372033685
2026-01-13,962197.2697699266
2026-01-14,972033.0685403356
2026-01-15,966076.7795802051
2026-01-16,961421.3678078708
2026-01-20,997797.8748202453
2026-01-21,1012334.771718532
2026-01-22,1031025.0876288535
2026-01-23,1045196.8419019667
2026-01-26,1060486.8672283723
2026-01-27,1086502.6698884317
2026-01-28,1128630.0165486608
2026-01-29,1131688.007685175
2026-01-30,1015415.6060328181
2026-02-02,974748.7602294483
2026-02-03,1036730.3105649998
2026-02-04,1036000.0253146528
2026-02-05,1008409.5755527103
2026-02-06,1039400.3158985687
2026-02-09,1065804.1043615732
2026-02-10,1055238.020340817
2026-02-11,1067173.3717950152
2026-02-12,1030112.2658878372
2026-02-13,1055740.0827449514
2026-02-17,1022832.395849808
2026-02-18,1045835.8240850618
2026-02-19,1048756.8954426153
2026-02-20,1069432.6177917018
2026-02-23,1098323.8750976059
2026-02-24,1083102.3096606808
2026-02-25,1080386.6876154032
2026-02-26,1089651.9640921978
2026-02-27,1103960.6381442717
2026-03-02,1118223.6954846368
2026-03-03,1068337.259560016
2026-03-04,1076689.6446519594
2026-03-05,1063750.2380333275
2026-03-06,1080592.0672838443
2026-03-09,1078355.5948210945
2026-03-10,1090519.0994776709
2026-03-11,1086822.1261580617
2026-03-12,1065461.8049141713
2026-03-13,1051677.9668001686
2026-03-16,1050742.3018813804
2026-03-17,1048095.0700817484
2026-03-18,1014936.3171626206
2026-03-19,973105.6532380846
2026-03-20,943370.0340806445
2026-03-23,922055.3295484628
2026-03-24,922260.7092169039
2026-03-25,950010.9219355788
2026-03-26,914296.2402840711
2026-03-27,946382.4085054499
2026-03-30,946108.4993036938
2026-03-31,981960.1703779968
2026-04-01,999144.2990759155
2026-04-02,979951.9207614599
2026-04-06,975935.4215283858
2026-04-07,985428.920851393
2026-04-08,991636.2061916734
2026-04-09,999349.6787443565
2026-04-10,997569.6519740323
2026-04-13,993530.3095631866
2026-04-14,1015735.0623024477
2026-04-15,1005168.9782816917
2026-04-16,1004301.7732523839
2026-04-17,1017652.0088517327
2026-04-20,1008888.7947790724
2026-04-21,980317.0633866332
2026-04-22,993302.1563608085
2026-04-23,983671.7372588405
2026-04-24,988715.1348341199
2026-04-27,981047.3486369802
2026-04-28,962836.2519530213
2026-04-29,952566.8506679583
2026-04-30,966829.9080083235
2026-05-01,965734.480132803
2026-05-04,946405.1820393866
2026-05-05,954529.4139289518
2026-05-06,983489.1311243363
2026-05-07,985132.2381156997
2026-05-08,989901.7961330578
2026-05-11,991910.0457495948
2026-05-12,987984.849583773
2026-05-13,982439.3896043592
2026-05-14,974931.2967201172
2026-05-15,952293.0111100369
2026-05-18,954894.5565541255
2026-05-19,939079.6952896488
2026-05-20,952544.0074901867
2026-05-21,951608.3425713986
2026-05-22,944374.1588889128
2026-05-26,944784.9182257949
2026-05-27,932210.5845885018
2026-05-28,941977.9234694307
2026-05-29,951905.0253070918
2026-06-01,938532.0161738059
2026-06-02,940106.6632756891
2026-06-03,930795.7004433513
2026-06-04,938554.789707743
2026-06-05,904254.9922013859
2026-06-08,906605.5412653247
2026-06-09,891794.8048091165
2026-06-10,854824.9323253559
2026-06-11,881616.7065913057
2026-06-12,882118.7689954399
2026-06-15,904962.4342739613
2026-06-16,907427.129582924
2026-06-17,886819.8671233176
2026-06-18,883442.3500733385
2026-06-22,877668.667247712
2026-06-23,861077.9040211797
2026-06-24,835062.1013611204
2026-06-25,843140.6468951423
2026-06-26,852656.9893959211
2026-06-29,841132.3972786051
2026-06-30,840676.0212300143
2026-07-01,845742.2619830654
2026-07-02,862926.390680984
2026-07-06,872054.7473788178
2026-07-07,861465.8201802899
2026-07-08,854528.3192334973
2026-07-09,863040.4672821731
2026-07-10,860370.4619486041
2026-07-13,837823.4097619411
2026-07-14,849279.4723459419
2026-07-15,849735.9180383674
2026-07-16,832871.2456100789
2026-07-17,840744.4811194944
2026-07-20,838895.9944596898
2026-07-21,855349.8379072614
2026-07-22,865185.6366776704
2026-07-23,847841.7450230194
2026-07-24,848708.9500523272
2026-07-27,854939.0785703793
2026-07-28,842935.2672267008
2026-07-29,846837.620214751
2026-07-30,860712.7613960056
2026-07-31,847887.4313785627
2026-08-03,848275.3475376732
2026-08-04,853866.4938726302
2026-08-05,889193.2593650274
2026-08-06,889261.7192545078
2026-08-07,909344.0761322082
2026-08-10,918632.1957867744
