date,value
1968-04-01,10000
1968-04-02,9893.9
1968-04-03,9973.47
1968-04-04,9801.06
1968-04-05,9814.32
1968-04-08,9827.59
1968-04-10,10000
1968-04-11,10079.58
1968-04-15,10079.58
1968-04-16,10079.58
1968-04-17,10026.53
1968-04-18,9960.21
1968-04-19,9986.74
1968-04-22,10079.58
1968-04-23,10185.68
1968-04-24,10145.89
1968-04-25,10159.15
1968-04-26,10251.99
1968-04-29,10278.51
1968-04-30,10371.35
1968-05-01,10397.88
1968-05-02,10464.19
1968-05-03,10371.35
1968-05-06,10543.77
1968-05-07,10424.4
1968-05-08,10543.77
1968-05-09,10530.5
1968-05-10,10503.98
1968-05-13,10477.45
1968-05-14,10557.03
1968-05-15,10676.39
1968-05-16,10941.64
1968-05-17,11007.96
1968-05-20,11220.16
1968-05-21,11246.68
1968-05-22,11021.22
1968-05-23,10981.43
1968-05-24,11074.27
1968-05-27,11007.96
1968-05-28,11007.96
1968-05-29,11034.48
1968-05-31,11127.32
1968-06-03,11127.32
1968-06-04,10915.12
1968-06-05,10928.38
1968-06-06,10928.38
1968-06-07,10941.64
1968-06-10,10954.91
1968-06-11,11021.22
1968-06-13,10954.91
1968-06-14,10875.33
1968-06-17,10795.76
1968-06-18,10901.86
1968-06-20,10901.86
1968-06-21,10888.59
1968-06-24,10848.81
1968-06-25,10862.07
1968-06-27,10848.81
1968-06-28,10848.81
1968-07-01,10822.28
1968-07-02,10848.81
1968-07-03,10888.59
1968-07-08,10835.54
1968-07-09,10557.03
1968-07-11,10371.35
1968-07-12,10424.4
1968-07-15,10397.88
1968-07-16,10212.2
1968-07-18,10079.58
1968-07-19,10265.25
1968-07-22,10238.73
1968-07-23,10344.83
1968-07-25,10318.3
1968-07-26,10318.3
1968-07-29,10371.35
1968-07-30,10344.83
1968-08-01,10318.3
1968-08-02,10305.04
1968-08-05,10331.56
1968-08-06,10265.25
1968-08-08,10198.94
1968-08-09,10225.46
1968-08-12,10238.73
1968-08-13,10318.3
1968-08-15,10384.62
1968-08-16,10384.62
1968-08-19,10384.62
1968-08-20,10490.72
1968-08-22,10543.77
1968-08-23,10477.45
1968-08-26,10477.45
1968-08-27,10517.24
1968-08-29,10570.29
1968-08-30,10557.03
1968-09-03,10596.82
1968-09-04,10583.55
1968-09-05,10636.6
1968-09-06,10583.55
1968-09-09,10623.34
1968-09-10,10618.04
1968-09-12,10636.6
1968-09-13,10649.87
1968-09-16,10689.66
1968-09-17,10689.66
1968-09-19,10729.44
1968-09-20,10716.18
1968-09-23,10716.18
1968-09-24,10729.44
1968-09-26,10729.44
1968-09-27,10644.56
1968-09-30,10503.98
1968-10-01,10464.19
1968-10-03,10392.57
1968-10-04,10358.09
1968-10-07,10551.72
1968-10-08,10503.98
1968-10-10,10358.09
1968-10-11,10419.1
1968-10-14,10424.4
1968-10-15,10371.35
1968-10-17,10419.1
1968-10-18,10371.35
1968-10-21,10344.83
1968-10-22,10358.09
1968-10-24,10397.88
1968-10-25,10411.14
1968-10-28,10472.15
1968-10-29,10477.45
1968-10-31,10344.83
1968-11-01,10392.57
1968-11-04,10397.88
1968-11-06,10485.41
1968-11-07,10424.4
1968-11-08,10450.93
1968-11-12,10525.2
1968-11-13,10578.25
1968-11-14,10583.55
1968-11-15,10610.08
1968-11-18,10596.82
1968-11-19,10671.09
1968-11-21,10676.39
1968-11-22,10610.08
1968-11-25,10636.6
1968-11-26,10530.5
1968-11-27,10583.55
1968-11-29,10570.29
1968-12-02,10649.87
1968-12-03,10684.35
1968-12-05,10702.92
1968-12-06,10742.71
1968-12-09,10769.23
1968-12-10,10777.19
1968-12-12,10870.03
1968-12-13,10875.33
1968-12-16,10867.37
1968-12-17,10936.34
1968-12-19,11068.97
1968-12-20,11061.01
1968-12-23,11034.48
1968-12-24,11034.48
1968-12-26,11034.48
1968-12-27,11074.27
1968-12-30,11114.06
1968-12-31,11114.06
1969-01-02,11087.53
1969-01-03,11153.85
1969-01-06,11153.85
1969-01-07,11167.11
1969-01-08,11259.95
1969-01-09,11273.21
1969-01-10,11220.16
1969-01-13,11167.11
1969-01-14,11273.21
1969-01-15,11326.26
1969-01-16,11233.42
1969-01-17,11193.63
1969-01-20,11193.63
1969-01-21,11267.9
1969-01-22,11281.17
1969-01-23,11153.85
1969-01-24,11167.11
1969-01-27,11193.63
1969-01-28,11254.64
1969-01-29,11273.21
1969-01-30,11286.47
1969-01-31,11283.82
1969-02-03,11254.64
1969-02-04,11273.21
1969-02-05,11334.22
1969-02-06,11307.69
1969-02-07,11281.17
1969-02-11,11286.47
1969-02-12,11273.21
1969-02-13,11294.43
1969-02-14,11273.21
1969-02-17,11313
1969-02-18,11294.43
1969-02-19,11313
1969-02-20,11307.69
1969-02-24,11326.26
1969-02-25,11313
1969-02-26,11326.26
1969-02-27,11352.79
1969-02-28,11326.26
1969-03-03,11326.26
1969-03-04,11366.05
1969-03-05,11405.84
1969-03-06,11472.15
1969-03-07,11538.46
1969-03-10,11625.99
1969-03-11,11392.57
1969-03-12,11366.05
1969-03-13,11432.36
1969-03-14,11405.84
1969-03-17,11432.36
1969-03-18,11405.84
1969-03-19,11432.36
1969-03-20,11458.89
1969-03-21,11458.89
1969-03-24,11498.67
1969-03-25,11498.67
1969-03-26,11519.89
1969-03-27,11527.85
1969-03-28,11466.84
1969-04-01,11445.62
1969-04-02,11472.15
1969-04-03,11506.63
1969-04-07,11506.63
1969-04-08,11506.63
1969-04-09,11511.94
1969-04-10,11509.28
1969-04-11,11511.94
1969-04-14,11445.62
1969-04-15,11400.53
1969-04-16,11472.15
1969-04-17,11458.89
1969-04-18,11466.84
1969-04-21,11445.62
1969-04-22,11485.41
1969-04-23,11498.67
1969-04-24,11498.67
1969-04-25,11485.41
1969-04-28,11564.99
1969-04-29,11538.46
1969-04-30,11564.99
1969-05-01,11564.99
1969-05-02,11564.99
1969-05-05,11538.46
1969-05-06,11506.63
1969-05-07,11564.99
1969-05-08,11572.94
1969-05-09,11546.42
1969-05-12,11538.46
1969-05-13,11538.46
1969-05-14,11538.46
1969-05-15,11538.46
1969-05-16,11538.46
1969-05-19,11538.46
1969-05-20,11519.89
1969-05-21,11525.2
1969-05-22,11525.2
1969-05-23,11538.46
1969-05-26,11538.46
1969-05-27,11533.16
1969-05-28,11493.37
1969-05-29,11466.84
1969-06-02,11320.95
1969-06-03,11217.51
1969-06-04,11161.8
1969-06-05,11034.48
1969-06-06,10777.19
1969-06-09,10941.64
1969-06-10,11220.16
1969-06-11,10981.43
1969-06-12,11007.96
1969-06-13,11034.48
1969-06-16,10822.28
1969-06-17,10994.69
1969-06-18,10981.43
1969-06-19,10994.69
1969-06-20,10954.91
1969-06-23,10954.91
1969-06-24,10856.76
1969-06-25,10848.81
1969-06-26,10875.33
1969-06-27,10901.86
1969-06-30,10928.38
1969-07-01,10915.12
1969-07-02,10936.34
1969-07-03,11021.22
1969-07-07,11100.8
1969-07-08,11167.11
1969-07-09,11095.49
1969-07-10,11114.06
1969-07-11,11111.41
1969-07-14,11140.58
1969-07-15,11140.58
1969-07-16,11087.53
1969-07-17,11135.28
1969-07-18,11127.32
1969-07-22,11127.32
1969-07-23,11087.53
1969-07-24,11114.06
1969-07-25,11100.8
1969-07-28,11082.23
1969-07-29,11007.96
1969-07-30,11002.65
1969-07-31,10978.78
1969-08-01,10989.39
1969-08-04,10954.91
1969-08-05,10901.86
1969-08-06,10875.33
1969-08-07,10888.59
1969-08-08,10915.12
1969-08-11,10928.38
1969-08-12,10901.86
1969-08-13,10928.38
1969-08-14,10925.73
1969-08-15,10904.51
1969-08-18,10909.81
1969-08-19,10901.86
1969-08-20,10901.86
1969-08-21,10888.59
1969-08-22,10888.59
1969-08-25,10862.07
1969-08-26,10843.5
1969-08-27,10862.07
1969-08-28,10862.07
1969-08-29,10838.2
1969-09-02,10803.71
1969-09-03,10830.24
1969-09-04,10856.76
1969-09-05,10848.81
1969-09-08,10851.46
1969-09-09,10888.59
1969-09-10,10862.07
1969-09-11,10856.76
1969-09-12,10888.59
1969-09-15,10875.33
1969-09-16,10875.33
1969-09-17,10870.03
1969-09-18,10835.54
1969-09-19,10848.81
1969-09-22,10843.5
1969-09-23,10832.89
1969-09-24,10832.89
1969-09-25,10809.02
1969-09-26,10809.02
1969-09-29,10777.19
1969-09-30,10790.45
1969-10-01,10809.02
1969-10-02,10843.5
1969-10-03,10862.07
1969-10-06,10809.02
1969-10-07,10816.98
1969-10-08,10803.71
1969-10-09,10819.63
1969-10-10,10803.71
1969-10-13,10777.19
1969-10-14,10795.76
1969-10-15,10803.71
1969-10-16,10777.19
1969-10-17,10750.66
1969-10-20,10702.92
1969-10-21,10689.66
1969-10-22,10623.34
1969-10-23,10610.08
1969-10-24,10623.34
1969-10-27,10649.87
1969-10-28,10623.34
1969-10-29,10604.77
1969-10-30,10591.51
1969-10-31,10543.77
1969-11-03,10490.72
1969-11-04,10490.72
1969-11-05,10450.93
1969-11-06,10344.83
1969-11-07,10220.16
1969-11-10,10114.06
1969-11-11,10172.41
1969-11-12,10013.26
1969-11-13,10026.53
1969-11-14,10047.75
1969-11-17,10034.48
1969-11-18,9960.21
1969-11-19,9721.49
1969-11-20,9628.65
1969-11-21,9583.55
1969-11-24,9416.45
1969-11-25,9403.18
1969-11-26,9442.97
1969-11-28,9442.97
1969-12-01,9429.71
1969-12-02,9363.4
1969-12-03,9384.62
1969-12-04,9350.13
1969-12-05,9336.87
1969-12-08,9297.08
1969-12-09,9283.82
1969-12-10,9297.08
1969-12-11,9336.87
1969-12-12,9363.4
1969-12-15,9318.3
1969-12-16,9297.08
1969-12-17,9305.04
1969-12-18,9286.47
1969-12-19,9283.82
1969-12-22,9323.61
1969-12-23,9313
1969-12-24,9313
1969-12-26,9313
1969-12-29,9336.87
1969-12-30,9336.87
1969-12-31,9336.87
1970-01-02,9305.04
1970-01-05,9331.56
1970-01-06,9297.08
1970-01-07,9283.82
1970-01-08,9270.56
1970-01-09,9257.29
1970-01-12,9278.51
1970-01-13,9254.64
1970-01-14,9244.03
1970-01-15,9230.77
1970-01-16,9217.51
1970-01-19,9217.51
1970-01-20,9230.77
1970-01-21,9244.03
1970-01-22,9283.82
1970-01-23,9281.17
1970-01-26,9278.51
1970-01-27,9283.82
1970-01-28,9281.17
1970-01-29,9286.47
1970-01-30,9281.17
1970-02-02,9281.17
1970-02-03,9283.82
1970-02-04,9283.82
1970-02-05,9283.82
1970-02-06,9283.82
1970-02-09,9286.47
1970-02-10,9291.78
1970-02-11,9283.82
1970-02-12,9283.82
1970-02-13,9281.17
1970-02-16,9281.17
1970-02-17,9278.51
1970-02-18,9270.56
1970-02-19,9278.51
1970-02-20,9281.17
1970-02-24,9281.17
1970-02-25,9283.82
1970-02-26,9283.82
1970-02-27,9289.12
1970-03-02,9283.82
1970-03-03,9286.47
1970-03-04,9278.51
1970-03-05,9281.17
1970-03-06,9270.56
1970-03-09,9270.56
1970-03-10,9273.21
1970-03-11,9281.17
1970-03-12,9281.17
1970-03-13,9291.78
1970-03-16,9297.08
1970-03-17,9302.39
1970-03-18,9318.3
1970-03-19,9344.83
1970-03-20,9320.95
1970-03-23,9323.61
1970-03-24,9342.18
1970-03-25,9355.44
1970-03-26,9366.05
1970-03-30,9366.05
1970-03-31,9363.4
1970-04-01,9384.62
1970-04-02,9384.62
1970-04-03,9374.01
1970-04-06,9358.09
1970-04-07,9363.4
1970-04-08,9384.62
1970-04-09,9387.27
1970-04-10,9384.62
1970-04-13,9389.92
1970-04-14,9482.76
1970-04-15,9442.97
1970-04-16,9482.76
1970-04-17,9482.76
1970-04-20,9496.02
1970-04-21,9517.24
1970-04-22,9535.81
1970-04-23,9509.28
1970-04-24,9496.02
1970-04-27,9480.11
1970-04-28,9509.28
1970-04-29,9509.28
1970-04-30,9509.28
1970-05-01,9517.24
1970-05-04,9533.16
1970-05-05,9607.43
1970-05-06,9610.08
1970-05-07,9610.08
1970-05-08,9602.12
1970-05-11,9575.6
1970-05-12,9543.77
1970-05-13,9535.81
1970-05-14,9535.81
1970-05-15,9543.77
1970-05-18,9538.46
1970-05-19,9541.11
1970-05-20,9535.81
1970-05-21,9530.5
1970-05-22,9519.89
1970-05-25,9519.89
1970-05-26,9503.98
1970-05-27,9480.11
1970-05-28,9456.23
1970-05-29,9403.18
1970-06-01,9389.92
1970-06-02,9350.13
1970-06-03,9318.3
1970-06-04,9334.22
1970-06-05,9339.52
1970-06-08,9424.4
1970-06-09,9419.1
1970-06-10,9429.71
1970-06-11,9456.23
1970-06-12,9450.93
1970-06-15,9421.75
1970-06-16,9384.62
1970-06-17,9389.92
1970-06-18,9389.92
1970-06-19,9376.66
1970-06-22,9387.27
1970-06-23,9389.92
1970-06-24,9429.71
1970-06-25,9416.45
1970-06-26,9403.18
1970-06-29,9411.14
1970-06-30,9413.79
1970-07-01,9413.79
1970-07-02,9400.53
1970-07-06,9376.66
1970-07-07,9363.4
1970-07-08,9363.4
1970-07-09,9363.4
1970-07-10,9376.66
1970-07-13,9366.05
1970-07-14,9366.05
1970-07-15,9358.09
1970-07-16,9363.4
1970-07-17,9363.4
1970-07-20,9366.05
1970-07-21,9363.4
1970-07-22,9366.05
1970-07-23,9363.4
1970-07-24,9366.05
1970-07-27,9363.4
1970-07-28,9363.4
1970-07-29,9358.09
1970-07-30,9363.4
1970-07-31,9363.4
1970-08-03,9371.35
1970-08-04,9366.05
1970-08-05,9368.7
1970-08-06,9371.35
1970-08-07,9363.4
1970-08-10,9358.09
1970-08-11,9344.83
1970-08-12,9350.13
1970-08-13,9352.79
1970-08-14,9350.13
1970-08-17,9350.13
1970-08-18,9350.13
1970-08-19,9350.13
1970-08-20,9371.35
1970-08-21,9392.57
1970-08-24,9405.84
1970-08-25,9442.97
1970-08-26,9466.84
1970-08-27,9477.45
1970-08-28,9496.02
1970-08-31,9496.02
1970-09-01,9530.5
1970-09-02,9575.6
1970-09-03,9623.34
1970-09-04,9615.38
1970-09-08,9570.29
1970-09-09,9615.38
1970-09-10,9596.82
1970-09-11,9636.6
1970-09-14,9628.65
1970-09-15,9602.12
1970-09-16,9562.33
1970-09-17,9604.77
1970-09-18,9588.86
1970-09-21,9612.73
1970-09-22,9623.34
1970-09-23,9594.16
1970-09-24,9610.08
1970-09-25,9588.86
1970-09-28,9599.47
1970-09-29,9602.12
1970-09-30,9655.17
1970-10-01,9649.87
1970-10-02,9636.6
1970-10-05,9742.71
1970-10-06,9769.23
1970-10-07,9729.44
1970-10-08,9742.71
1970-10-09,9795.76
1970-10-12,9864.72
1970-10-13,9928.38
1970-10-14,9880.64
1970-10-15,9960.21
1970-10-16,9946.95
1970-10-19,9973.47
1970-10-20,10047.75
1970-10-21,10071.62
1970-10-22,10079.58
1970-10-23,10198.94
1970-10-26,10318.3
1970-10-27,10347.48
1970-10-28,10259.95
1970-10-29,10127.32
1970-10-30,9880.64
1970-11-02,9986.74
1970-11-03,9928.38
1970-11-04,9867.37
1970-11-05,9748.01
1970-11-06,9840.85
1970-11-09,9901.86
1970-11-10,9901.86
1970-11-11,9867.37
1970-11-12,9907.16
1970-11-13,9989.39
1970-11-16,9994.69
1970-11-17,9981.43
1970-11-18,9936.34
1970-11-19,9917.77
1970-11-20,9981.43
1970-11-23,9933.69
1970-11-24,9973.47
1970-11-25,9986.74
1970-11-27,9973.47
1970-11-30,9957.56
1970-12-01,9933.69
1970-12-02,9960.21
1970-12-03,9960.21
1970-12-04,9957.56
1970-12-07,9920.42
1970-12-08,9915.12
1970-12-09,9840.85
1970-12-10,9854.11
1970-12-11,9862.07
1970-12-14,9893.9
1970-12-15,9981.43
1970-12-16,9962.86
1970-12-17,9981.43
1970-12-18,9981.43
1970-12-21,9981.43
1970-12-22,9994.69
1970-12-23,9901.86
1970-12-24,9901.86
1970-12-28,9907.16
1970-12-29,9901.86
1970-12-30,9928.38
1970-12-31,9915.12
1971-01-04,9931.03
1971-01-05,9949.6
1971-01-06,9925.73
1971-01-07,9917.77
1971-01-08,9946.95
1971-01-11,10013.26
1971-01-12,10066.31
1971-01-13,10087.53
1971-01-14,10066.31
1971-01-15,10106.1
1971-01-18,10092.84
1971-01-19,10053.05
1971-01-20,10114.06
1971-01-21,10100.8
1971-01-22,10063.66
1971-01-25,10092.84
1971-01-26,10119.36
1971-01-27,10092.84
1971-01-28,10092.84
1971-01-29,10092.84
1971-02-01,10127.32
1971-02-02,10212.2
1971-02-03,10326.26
1971-02-04,10201.59
1971-02-05,10188.33
1971-02-08,10265.25
1971-02-09,10305.04
1971-02-10,10305.04
1971-02-11,10331.56
1971-02-12,10305.04
1971-02-16,10331.56
1971-02-17,10313
1971-02-18,10302.39
1971-02-19,10273.21
1971-02-22,10278.51
1971-02-23,10289.12
1971-02-24,10278.51
1971-02-25,10286.47
1971-02-26,10291.78
1971-03-01,10262.6
1971-03-02,10267.9
1971-03-03,10294.43
1971-03-04,10278.51
1971-03-05,10278.51
1971-03-08,10289.12
1971-03-09,10294.43
1971-03-10,10305.04
1971-03-11,10344.83
1971-03-12,10355.44
1971-03-15,10344.83
1971-03-16,10318.3
1971-03-17,10326.26
1971-03-18,10344.83
1971-03-19,10331.56
1971-03-22,10334.22
1971-03-23,10331.56
1971-03-24,10315.65
1971-03-25,10326.26
1971-03-26,10313
1971-03-29,10286.47
1971-03-30,10291.78
1971-03-31,10313
1971-04-01,10318.3
1971-04-02,10313
1971-04-05,10315.65
1971-04-06,10305.04
1971-04-07,10318.3
1971-04-08,10339.52
1971-04-12,10339.52
1971-04-13,10331.56
1971-04-14,10318.3
1971-04-15,10320.95
1971-04-16,10331.56
1971-04-19,10331.56
1971-04-20,10320.95
1971-04-21,10318.3
1971-04-22,10384.62
1971-04-23,10358.09
1971-04-26,10318.3
1971-04-27,10331.56
1971-04-28,10405.84
1971-04-29,10464.19
1971-04-30,10530.5
1971-05-03,10458.89
1971-05-04,10517.24
1971-05-05,10636.6
1971-05-06,10689.66
1971-05-07,10551.72
1971-05-10,10567.64
1971-05-11,10663.13
1971-05-12,10729.44
1971-05-13,10822.28
1971-05-14,10928.38
1971-05-17,10795.76
1971-05-18,10848.81
1971-05-19,10769.23
1971-05-20,10915.12
1971-05-21,10870.03
1971-05-24,10816.98
1971-05-25,10883.29
1971-05-26,10848.81
1971-05-27,10795.76
1971-05-28,10832.89
1971-06-01,10832.89
1971-06-02,10769.23
1971-06-03,10769.23
1971-06-04,10769.23
1971-06-07,10729.44
1971-06-08,10657.82
1971-06-09,10591.51
1971-06-10,10543.77
1971-06-11,10503.98
1971-06-14,10490.72
1971-06-15,10501.33
1971-06-16,10604.77
1971-06-17,10567.64
1971-06-18,10596.82
1971-06-21,10596.82
1971-06-22,10644.56
1971-06-23,10689.66
1971-06-24,10710.88
1971-06-25,10636.6
1971-06-28,10596.82
1971-06-29,10583.55
1971-06-30,10636.6
1971-07-01,10673.74
1971-07-02,10710.88
1971-07-06,10689.66
1971-07-07,10676.39
1971-07-08,10684.35
1971-07-09,10673.74
1971-07-12,10710.88
1971-07-13,10692.31
1971-07-14,10702.92
1971-07-15,10724.14
1971-07-16,10806.37
1971-07-19,10875.33
1971-07-20,10848.81
1971-07-21,10917.77
1971-07-22,11061.01
1971-07-23,11042.44
1971-07-26,11074.27
1971-07-27,11114.06
1971-07-28,11153.85
1971-07-29,11214.85
1971-07-30,11246.68
1971-08-02,11233.42
1971-08-03,11206.9
1971-08-04,11273.21
1971-08-05,11339.52
1971-08-06,11289.12
1971-08-09,11655.17
1971-08-10,11472.15
1971-08-11,11366.05
1971-08-12,11472.15
1971-08-13,11405.84
1971-08-16,11405.84
1971-08-17,11419.1
1971-08-18,11445.62
1971-08-19,11485.41
1971-08-20,11485.41
1971-08-23,11485.41
1971-08-24,11458.89
1971-08-25,11347.48
1971-08-26,11140.58
1971-08-27,10909.81
1971-08-30,10909.81
1971-08-31,10782.49
1971-09-01,10901.86
1971-09-02,10976.13
1971-09-03,11061.01
1971-09-07,11047.75
1971-09-08,10981.43
1971-09-09,11074.27
1971-09-10,11047.75
1971-09-13,11039.79
1971-09-14,11084.88
1971-09-15,11127.32
1971-09-16,11204.24
1971-09-17,11153.85
1971-09-20,11220.16
1971-09-21,11222.81
1971-09-22,11193.63
1971-09-23,11204.24
1971-09-24,11273.21
1971-09-27,11294.43
1971-09-28,11445.62
1971-09-29,11299.73
1971-09-30,11299.73
1971-10-01,11246.68
1971-10-04,11281.17
1971-10-05,11254.64
1971-10-06,11259.95
1971-10-07,11286.47
1971-10-08,11259.95
1971-10-11,11275.86
1971-10-12,11275.86
1971-10-13,11326.26
1971-10-14,11307.69
1971-10-15,11286.47
1971-10-18,11289.12
1971-10-19,11294.43
1971-10-20,11281.17
1971-10-21,11267.9
1971-10-22,11267.9
1971-10-25,11281.17
1971-10-26,11273.21
1971-10-27,11267.9
1971-10-28,11259.95
1971-10-29,11230.77
1971-11-01,11180.37
1971-11-02,11228.12
1971-11-03,11193.63
1971-11-04,11193.63
1971-11-05,11228.12
1971-11-08,11246.68
1971-11-09,11278.51
1971-11-10,11307.69
1971-11-11,11302.39
1971-11-12,11326.26
1971-11-15,11366.05
1971-11-16,11352.79
1971-11-17,11363.4
1971-11-18,11440.32
1971-11-19,11432.36
1971-11-22,11472.15
1971-11-23,11474.8
1971-11-24,11517.24
1971-11-26,11511.94
1971-11-29,11580.9
1971-11-30,11564.99
1971-12-01,11549.07
1971-12-02,11604.77
1971-12-03,11618.04
1971-12-06,11665.78
1971-12-07,11618.04
1971-12-08,11525.2
1971-12-09,11578.25
1971-12-10,11588.86
1971-12-13,11572.94
1971-12-14,11578.25
1971-12-15,11559.68
1971-12-16,11453.58
1971-12-17,11339.52
1971-12-20,11331.56
1971-12-21,11440.32
1971-12-22,11498.67
1971-12-23,11519.89
1971-12-27,11519.89
1971-12-28,11509.28
1971-12-29,11551.72
1971-12-30,11551.72
1971-12-31,11572.94
1972-01-03,11671.09
1972-01-04,11771.88
1972-01-05,11811.67
1972-01-06,12002.65
1972-01-07,12161.8
1972-01-10,12135.28
1972-01-11,12002.65
1972-01-12,12013.26
1972-01-13,12050.4
1972-01-14,12183.02
1972-01-17,12249.34
1972-01-18,12161.8
1972-01-19,12169.76
1972-01-20,12175.07
1972-01-21,12175.07
1972-01-24,12201.59
1972-01-25,12236.07
1972-01-26,12254.64
1972-01-27,12360.74
1972-01-28,12559.68
1972-01-31,12506.63
1972-02-01,12758.62
1972-02-02,13063.66
1972-02-03,12732.1
1972-02-04,12466.84
1972-02-07,12620.69
1972-02-08,12758.62
1972-02-09,12758.62
1972-02-10,12851.46
1972-02-11,12798.41
1972-02-14,12692.31
1972-02-15,12718.83
1972-02-16,12798.41
1972-02-17,12819.63
1972-02-18,12838.2
1972-02-22,12904.51
1972-02-23,12904.51
1972-02-24,12957.56
1972-02-25,12859.42
1972-02-28,12851.46
1972-02-29,12785.15
1972-03-01,12740.05
1972-03-02,12793.1
1972-03-03,12753.32
1972-03-06,12798.41
1972-03-07,12806.37
1972-03-08,12766.58
1972-03-09,12851.46
1972-03-10,12838.2
1972-03-13,12854.11
1972-03-14,12840.85
1972-03-15,12832.89
1972-03-16,12838.2
1972-03-17,12832.89
1972-03-20,12832.89
1972-03-21,12846.15
1972-03-22,12832.89
1972-03-23,12838.2
1972-03-24,12824.93
1972-03-27,12822.28
1972-03-28,12811.67
1972-03-29,12838.2
1972-03-30,12832.89
1972-04-03,12832.89
1972-04-04,12840.85
1972-04-05,12838.2
1972-04-06,12809.02
1972-04-07,12824.93
1972-04-10,12832.89
1972-04-11,12872.68
1972-04-12,12978.78
1972-04-13,12984.08
1972-04-14,13090.19
1972-04-17,13111.41
1972-04-18,13116.71
1972-04-19,13103.45
1972-04-20,13103.45
1972-04-21,13090.19
1972-04-24,13098.14
1972-04-25,13071.62
1972-04-26,13071.62
1972-04-27,13116.71
1972-04-28,13156.5
1972-05-01,13355.44
1972-05-02,13363.4
1972-05-03,13381.96
1972-05-04,13368.7
1972-05-05,13541.11
1972-05-08,13814.32
1972-05-09,14244.03
1972-05-10,14084.88
1972-05-11,14058.36
1972-05-12,14031.83
1972-05-15,14084.88
1972-05-16,14482.76
1972-05-17,15318.3
1972-05-18,15092.84
1972-05-19,15132.63
1972-05-22,15212.2
1972-05-23,15238.73
1972-05-24,15132.63
1972-05-25,15119.36
1972-05-26,15371.35
1972-05-30,15530.5
1972-05-31,15769.23
1972-06-01,15710.88
1972-06-02,15755.97
1972-06-05,15782.49
1972-06-06,16313
1972-06-07,17201.59
1972-06-08,17108.75
1972-06-09,16578.25
1972-06-12,16233.42
1972-06-13,16339.52
1972-06-14,16286.47
1972-06-15,16193.63
1972-06-16,16313
1972-06-19,16233.42
1972-06-20,16220.16
1972-06-21,16246.68
1972-06-22,16379.31
1972-06-23,16737.4
1972-06-26,16816.98
1972-06-27,16657.82
1972-06-28,16976.13
1972-06-29,17108.75
1972-06-30,17148.54
1972-07-03,17374.01
1972-07-05,17506.63
1972-07-06,17506.63
1972-07-07,17320.95
1972-07-10,17400.53
1972-07-11,17294.43
1972-07-12,17267.9
1972-07-13,17214.85
1972-07-14,17241.38
1972-07-17,17374.01
1972-07-18,17360.74
1972-07-19,17201.59
1972-07-20,17320.95
1972-07-21,17241.38
1972-07-24,17294.43
1972-07-25,17381.96
1972-07-26,17440.32
1972-07-27,17586.21
1972-07-28,18090.19
1972-07-31,18116.71
1972-08-01,18381.96
1972-08-02,18567.64
1972-08-03,18302.39
1972-08-04,18169.76
1972-08-07,17904.51
1972-08-08,17533.16
1972-08-09,17281.17
1972-08-10,17705.57
1972-08-11,17427.06
1972-08-14,17427.06
1972-08-15,17440.32
1972-08-16,17639.26
1972-08-17,17620.69
1972-08-18,17665.78
1972-08-21,17718.83
1972-08-22,17771.88
1972-08-23,17785.15
1972-08-24,17864.72
1972-08-25,17806.37
1972-08-28,17806.37
1972-08-29,17687
1972-08-30,17745.36
1972-08-31,17740.05
1972-09-01,17732.1
1972-09-05,17758.62
1972-09-06,17771.88
1972-09-07,17798.41
1972-09-08,17798.41
1972-09-11,17838.2
1972-09-12,17732.1
1972-09-13,17771.88
1972-09-14,17726.79
1972-09-15,17374.01
1972-09-18,16246.68
1972-09-19,17042.44
1972-09-20,17241.38
1972-09-21,17307.69
1972-09-22,16949.6
1972-09-25,16843.5
1972-09-26,16962.86
1972-09-27,16923.08
1972-09-28,17082.23
1972-09-29,17029.18
1972-10-02,17015.92
1972-10-03,17002.65
1972-10-04,17294.43
1972-10-05,17400.53
1972-10-06,17374.01
1972-10-09,17374.01
1972-10-10,17307.69
1972-10-11,17241.38
1972-10-12,17156.5
1972-10-13,17169.76
1972-10-16,17267.9
1972-10-17,17228.12
1972-10-18,17201.59
1972-10-19,17254.64
1972-10-20,17241.38
1972-10-23,17188.33
1972-10-24,17188.33
1972-10-25,17161.8
1972-10-26,17116.71
1972-10-27,17135.28
1972-10-30,17122.02
1972-10-31,17079.58
1972-11-01,16976.13
1972-11-02,16976.13
1972-11-03,17015.92
1972-11-06,16989.39
1972-11-08,16883.29
1972-11-09,16737.4
1972-11-10,16657.82
1972-11-13,16612.73
1972-11-14,16440.32
1972-11-15,16440.32
1972-11-16,16297.08
1972-11-17,16007.96
1972-11-20,16206.9
1972-11-21,16591.51
1972-11-22,16578.25
1972-11-24,16631.3
1972-11-27,16976.13
1972-11-28,16909.81
1972-11-29,16843.5
1972-11-30,16870.03
1972-12-01,17029.18
1972-12-04,16816.98
1972-12-05,16737.4
1972-12-06,16737.4
1972-12-07,16737.4
1972-12-08,16737.4
1972-12-11,16684.35
1972-12-12,16684.35
1972-12-13,16750.66
1972-12-14,16816.98
1972-12-15,16957.56
1972-12-18,17267.9
1972-12-19,17347.48
1972-12-20,17095.49
1972-12-21,17029.18
1972-12-22,17029.18
1972-12-26,17029.18
1972-12-27,17267.9
1972-12-29,17214.85
1973-01-02,17267.9
1973-01-03,17320.95
1973-01-04,17214.85
1973-01-05,17307.69
1973-01-08,17267.9
1973-01-09,17281.17
1973-01-10,17241.38
1973-01-11,17249.34
1973-01-12,17281.17
1973-01-15,17267.9
1973-01-16,17267.9
1973-01-17,17148.54
1973-01-18,16949.6
1973-01-19,17108.75
1973-01-22,17294.43
1973-01-23,17294.43
1973-01-24,17228.12
1973-01-26,17374.01
1973-01-29,17320.95
1973-01-30,17527.85
1973-01-31,17506.63
1973-02-01,17665.78
1973-02-02,17745.36
1973-02-05,17931.03
1973-02-06,18249.34
1973-02-07,18209.55
1973-02-08,18302.39
1973-02-09,18063.66
1973-02-12,18183.02
1973-02-13,18275.86
1973-02-14,19177.72
1973-02-15,19535.81
1973-02-16,19442.97
1973-02-20,20291.78
1973-02-21,21034.48
1973-02-22,22944.3
1973-02-23,22546.42
1973-02-26,21405.84
1973-02-27,22201.59
1973-02-28,22546.42
1973-03-01,22732.1
1973-03-02,22891.25
1973-03-05,22281.17
1973-03-06,22015.92
1973-03-07,21883.29
1973-03-08,22214.85
1973-03-09,21984.08
1973-03-12,21883.29
1973-03-13,21220.16
1973-03-14,21220.16
1973-03-15,21949.6
1973-03-16,21949.6
1973-03-19,21816.98
1973-03-20,21816.98
1973-03-21,21644.56
1973-03-22,21671.09
1973-03-23,22413.79
1973-03-26,23872.68
1973-03-27,23872.68
1973-03-28,23474.8
1973-03-29,23673.74
1973-03-30,23872.68
1973-04-02,23673.74
1973-04-03,23872.68
1973-04-04,23938.99
1973-04-05,24111.41
1973-04-06,24071.62
1973-04-09,24137.93
1973-04-10,24137.93
1973-04-11,24204.24
1973-04-12,24111.41
1973-04-13,23872.68
1973-04-16,23687
1973-04-17,23938.99
1973-04-18,24137.93
1973-04-19,24071.62
1973-04-23,24071.62
1973-04-24,24084.88
1973-04-25,23912.47
1973-04-26,24018.57
1973-04-27,24031.83
1973-04-30,24066.31
1973-05-01,24058.36
1973-05-02,24031.83
1973-05-03,23952.25
1973-05-04,23952.25
1973-05-07,23952.25
1973-05-08,24244.03
1973-05-09,24602.12
1973-05-10,25145.89
1973-05-11,25649.87
1973-05-14,27122.02
1973-05-15,29177.72
1973-05-16,28249.34
1973-05-17,27652.52
1973-05-18,27984.08
1973-05-21,29708.22
1973-05-22,29310.34
1973-05-23,29111.41
1973-05-24,29177.72
1973-05-25,28249.34
1973-05-29,29177.72
1973-05-30,30039.79
1973-05-31,30437.67
1973-06-01,31233.42
1973-06-04,32758.62
1973-06-05,33421.75
1973-06-06,32228.12
1973-06-07,31432.36
1973-06-08,31100.8
1973-06-11,30636.6
1973-06-12,31100.8
1973-06-13,30636.6
1973-06-14,31233.42
1973-06-15,31830.24
1973-06-18,32493.37
1973-06-19,31896.55
1973-06-20,31830.24
1973-06-21,31962.86
1973-06-22,31830.24
1973-06-25,31432.36
1973-06-26,32692.31
1973-06-27,32427.06
1973-06-28,32228.12
1973-06-29,32692.31
1973-07-02,32095.49
1973-07-03,32360.74
1973-07-05,32625.99
1973-07-06,33687
1973-07-09,33421.75
1973-07-10,32625.99
1973-07-11,31564.99
1973-07-12,32095.49
1973-07-13,32095.49
1973-07-16,31803.71
1973-07-17,32095.49
1973-07-18,31697.61
1973-07-19,30305.04
1973-07-20,31233.42
1973-07-23,31498.67
1973-07-24,31803.71
1973-07-25,31432.36
1973-07-26,31697.61
1973-07-27,31034.48
1973-07-30,30636.6
1973-07-31,30663.13
1973-08-01,31167.11
1973-08-02,30795.76
1973-08-03,30769.23
1973-08-06,30636.6
1973-08-07,30477.45
1973-08-08,30172.41
1973-08-09,29177.72
1973-08-10,28315.65
1973-08-13,27055.7
1973-08-14,25331.56
1973-08-15,24933.69
1973-08-16,27320.95
1973-08-17,27586.21
1973-08-20,29045.09
1973-08-21,28037.14
1973-08-22,27320.95
1973-08-23,26591.51
1973-08-24,26790.45
1973-08-27,26790.45
1973-08-28,27586.21
1973-08-29,28461.54
1973-08-30,27984.08
1973-08-31,27453.58
1973-09-04,27877.98
1973-09-05,28143.24
1973-09-06,27984.08
1973-09-07,27917.77
1973-09-10,27785.15
1973-09-11,27254.64
1973-09-12,27122.02
1973-09-13,26591.51
1973-09-14,26604.77
1973-09-17,27586.21
1973-09-18,27320.95
1973-09-19,26896.55
1973-09-20,27387.27
1973-09-21,27453.58
1973-09-24,27055.7
1973-09-25,26989.39
1973-09-26,27188.33
1973-09-27,26856.76
1973-09-28,26525.2
1973-10-01,25663.13
1973-10-02,25928.38
1973-10-03,26299.73
1973-10-04,26259.95
1973-10-05,26127.32
1973-10-08,26724.14
1973-10-09,26419.1
1973-10-10,27453.58
1973-10-11,27519.89
1973-10-12,27037.14
1973-10-15,26856.76
1973-10-16,27015.92
1973-10-17,27453.58
1973-10-18,27029.18
1973-10-19,26790.45
1973-10-22,26326.26
1973-10-23,26724.14
1973-10-24,26458.89
1973-10-25,26551.72
1973-10-26,26061.01
1973-10-29,26061.01
1973-10-30,25795.76
1973-10-31,25994.69
1973-11-01,25729.44
1973-11-02,26127.32
1973-11-05,25994.69
1973-11-06,25994.69
1973-11-07,25835.54
1973-11-08,25994.69
1973-11-09,26127.32
1973-11-12,25729.44
1973-11-13,25702.92
1973-11-14,23872.68
1973-11-15,24204.24
1973-11-16,23938.99
1973-11-19,23872.68
1973-11-20,24005.31
1973-11-21,23938.99
1973-11-23,23872.68
1973-11-26,23938.99
1973-11-27,24403.18
1973-11-28,26923.08
1973-11-29,26989.39
1973-11-30,26790.45
1973-12-03,26591.51
1973-12-04,27984.08
1973-12-05,27851.46
1973-12-06,28050.4
1973-12-07,28448.28
1973-12-10,27984.08
1973-12-11,27625.99
1973-12-12,27586.21
1973-12-13,27493.37
1973-12-14,27851.46
1973-12-17,28315.65
1973-12-18,28912.47
1973-12-19,28753.32
1973-12-20,28647.21
1973-12-21,28315.65
1973-12-24,28315.65
1973-12-26,28315.65
1973-12-27,29641.91
1973-12-28,29708.22
1973-12-31,29774.54
1974-01-02,30901.86
1974-01-03,32161.8
1974-01-04,31432.36
1974-01-07,32228.12
1974-01-08,33554.38
1974-01-09,32891.25
1974-01-10,31830.24
1974-01-11,32360.74
1974-01-14,33090.19
1974-01-15,33289.12
1974-01-16,33488.06
1974-01-17,34045.09
1974-01-18,34482.76
1974-01-21,36671.09
1974-01-22,36445.62
1974-01-23,35676.39
1974-01-24,37400.53
1974-01-25,37374.01
1974-01-28,37002.65
1974-01-29,36472.15
1974-01-30,35954.91
1974-01-31,35145.89
1974-02-01,34615.38
1974-02-04,35411.14
1974-02-05,37135.28
1974-02-06,36604.77
1974-02-07,36870.03
1974-02-08,37931.03
1974-02-11,38461.54
1974-02-12,38859.42
1974-02-13,38196.29
1974-02-14,38726.79
1974-02-15,39496.02
1974-02-19,39655.17
1974-02-20,39787.8
1974-02-21,41578.25
1974-02-22,43236.07
1974-02-25,44960.21
1974-02-26,46419.1
1974-02-27,46153.85
1974-02-28,43103.45
1974-03-01,44429.71
1974-03-04,44031.83
1974-03-05,42175.07
1974-03-06,42440.32
1974-03-07,44031.83
1974-03-08,43766.58
1974-03-11,43899.2
1974-03-12,43236.07
1974-03-13,43633.95
1974-03-14,43633.95
1974-03-15,43461.54
1974-03-18,43501.33
1974-03-19,44827.59
1974-03-20,46684.35
1974-03-21,46419.1
1974-03-22,47082.23
1974-03-25,46883.29
1974-03-26,45689.66
1974-03-27,46153.85
1974-03-28,46286.47
1974-03-29,45888.59
1974-04-01,46180.37
1974-04-02,46949.6
1974-04-03,47612.73
1974-04-04,46750.66
1974-04-05,45954.91
1974-04-08,44297.08
1974-04-09,45092.84
1974-04-10,45954.91
1974-04-11,46021.22
1974-04-15,46021.22
1974-04-16,45689.66
1974-04-17,45066.31
1974-04-18,45092.84
1974-04-19,45623.34
1974-04-22,46352.79
1974-04-23,46339.52
1974-04-24,45291.78
1974-04-25,44827.59
1974-04-26,44827.59
1974-04-29,44893.9
1974-04-30,44893.9
1974-05-01,44960.21
1974-05-02,45000
1974-05-03,44827.59
1974-05-06,44031.83
1974-05-07,43236.07
1974-05-08,41843.5
1974-05-09,44098.14
1974-05-10,44482.76
1974-05-13,44164.46
1974-05-14,44098.14
1974-05-15,43607.43
1974-05-16,43501.33
1974-05-17,43899.2
1974-05-20,43209.55
1974-05-21,42705.57
1974-05-22,43236.07
1974-05-23,42307.69
1974-05-24,42904.51
1974-05-28,40848.81
1974-05-29,41246.68
1974-05-30,42970.82
1974-05-31,41578.25
1974-06-03,41246.68
1974-06-04,40981.43
1974-06-05,42904.51
1974-06-06,42175.07
1974-06-07,41246.68
1974-06-10,41750.66
1974-06-11,41710.88
1974-06-12,41511.94
1974-06-13,41644.56
1974-06-14,42572.94
1974-06-17,41777.19
1974-06-18,41246.68
1974-06-19,40742.71
1974-06-20,40251.99
1974-06-21,40782.49
1974-06-24,39787.8
1974-06-25,39721.49
1974-06-26,38859.42
1974-06-27,38328.91
1974-06-28,38262.6
1974-07-01,37931.03
1974-07-02,36339.52
1974-07-03,36206.9
1974-07-05,35543.77
1974-07-08,37400.53
1974-07-09,38594.16
1974-07-10,36803.71
1974-07-11,36339.52
1974-07-12,36339.52
1974-07-15,36803.71
1974-07-16,37400.53
1974-07-17,37334.22
1974-07-18,38196.29
1974-07-19,38594.16
1974-07-22,37931.03
1974-07-23,38196.29
1974-07-24,38262.6
1974-07-25,39522.55
1974-07-26,39522.55
1974-07-29,41777.19
1974-07-30,41644.56
1974-07-31,41379.31
1974-08-01,42281.17
1974-08-02,41511.94
1974-08-05,40742.71
1974-08-06,41114.06
1974-08-07,40981.43
1974-08-08,40318.3
1974-08-09,40915.12
1974-08-12,40384.62
1974-08-13,40185.68
1974-08-14,41445.62
1974-08-15,40583.55
1974-08-16,41246.68
1974-08-19,41180.37
1974-08-20,41379.31
1974-08-21,41246.68
1974-08-22,40981.43
1974-08-23,40848.81
1974-08-26,40848.81
1974-08-27,40716.18
1974-08-28,40941.64
1974-08-29,40994.69
1974-08-30,41379.31
1974-09-03,41843.5
1974-09-04,41618.04
1974-09-05,41777.19
1974-09-06,41644.56
1974-09-09,41246.68
1974-09-10,40981.43
1974-09-11,40557.03
1974-09-12,40954.91
1974-09-13,40583.55
1974-09-16,40517.24
1974-09-17,39190.98
1974-09-18,39257.29
1974-09-19,39655.17
1974-09-20,38726.79
1974-09-23,39257.29
1974-09-24,39124.67
1974-09-25,39058.36
1974-09-26,38567.64
1974-09-27,39456.23
1974-09-30,40119.36
1974-10-01,41313
1974-10-02,40848.81
1974-10-03,41286.47
1974-10-04,42175.07
1974-10-07,41777.19
1974-10-08,41140.58
1974-10-09,41299.73
1974-10-10,41976.13
1974-10-11,41644.56
1974-10-14,41074.27
1974-10-15,41114.06
1974-10-16,41114.06
1974-10-17,41114.06
1974-10-18,41180.37
1974-10-21,41644.56
1974-10-22,41909.81
1974-10-23,41856.76
1974-10-24,42970.82
1974-10-25,43302.39
1974-10-28,44429.71
1974-10-29,44628.65
1974-10-30,44562.33
1974-10-31,44297.08
1974-11-01,44496.02
1974-11-04,44893.9
1974-11-05,46087.53
1974-11-06,47214.85
1974-11-07,47015.92
1974-11-08,48541.11
1974-11-11,48275.86
1974-11-12,47745.36
1974-11-13,49137.93
1974-11-14,49933.69
1974-11-15,49734.75
1974-11-18,50530.5
1974-11-19,49801.06
1974-11-20,47877.98
1974-11-21,48408.49
1974-11-22,48275.86
1974-11-25,48740.05
1974-11-26,49336.87
1974-11-27,48872.68
1974-11-29,48806.37
1974-12-02,49270.56
1974-12-03,48541.11
1974-12-04,46220.16
1974-12-05,47347.48
1974-12-06,47984.08
1974-12-09,47877.98
1974-12-10,47214.85
1974-12-11,46352.79
1974-12-12,46618.04
1974-12-13,47679.05
1974-12-16,48541.11
1974-12-17,50000
1974-12-18,49602.12
1974-12-19,49403.18
1974-12-20,49734.75
1974-12-23,51193.63
1974-12-24,51193.63
1974-12-26,51193.63
1974-12-27,51724.14
1974-12-30,51790.45
1974-12-31,49469.5
1975-01-02,46419.1
1975-01-03,46153.85
1975-01-06,46021.22
1975-01-07,44960.21
1975-01-08,47745.36
1975-01-09,47480.11
1975-01-10,47015.92
1975-01-13,47811.67
1975-01-14,46976.13
1975-01-15,47281.17
1975-01-16,46684.35
1975-01-17,46087.53
1975-01-20,46419.1
1975-01-21,46618.04
1975-01-22,46551.72
1975-01-23,46153.85
1975-01-24,47082.23
1975-01-27,47480.11
1975-01-28,46816.98
1975-01-29,47214.85
1975-01-30,47015.92
1975-01-31,46631.3
1975-02-03,46750.66
1975-02-04,46220.16
1975-02-05,46419.1
1975-02-06,45994.69
1975-02-07,46286.47
1975-02-10,46153.85
1975-02-11,46286.47
1975-02-12,46392.57
1975-02-13,47374.01
1975-02-14,48806.37
1975-02-18,48010.61
1975-02-19,48872.68
1975-02-20,48740.05
1975-02-21,49005.31
1975-02-24,49137.93
1975-02-25,49071.62
1975-02-26,48541.11
1975-02-27,48342.18
1975-02-28,48209.55
1975-03-03,48236.07
1975-03-04,47679.05
1975-03-05,47347.48
1975-03-06,47877.98
1975-03-07,47214.85
1975-03-10,46750.66
1975-03-11,47453.58
1975-03-12,47082.23
1975-03-13,47413.79
1975-03-14,47214.85
1975-03-17,47148.54
1975-03-18,47347.48
1975-03-19,47347.48
1975-03-20,47015.92
1975-03-21,46750.66
1975-03-24,46949.6
1975-03-25,46883.29
1975-03-26,47148.54
1975-03-27,47015.92
1975-03-31,47015.92
1975-04-01,47015.92
1975-04-02,47015.92
1975-04-03,46578.25
1975-04-04,46061.01
1975-04-07,45782.49
1975-04-08,46153.85
1975-04-09,45915.12
1975-04-10,45755.97
1975-04-11,45596.82
1975-04-14,44429.71
1975-04-15,43501.33
1975-04-16,44164.46
1975-04-17,44429.71
1975-04-18,45159.15
1975-04-21,43925.73
1975-04-22,43899.2
1975-04-23,44562.33
1975-04-24,44350.13
1975-04-25,44058.36
1975-04-28,44164.46
1975-04-29,44310.34
1975-04-30,44297.08
1975-05-01,44031.83
1975-05-02,43899.2
1975-05-05,43368.7
1975-05-06,43501.33
1975-05-07,43832.89
1975-05-08,44098.14
1975-05-09,43965.52
1975-05-12,43872.68
1975-05-13,43899.2
1975-05-14,44230.77
1975-05-15,44031.83
1975-05-16,43965.52
1975-05-19,44496.02
1975-05-20,44270.56
1975-05-21,44694.96
1975-05-22,46352.79
1975-05-23,45994.69
1975-05-27,45623.34
1975-05-28,45358.09
1975-05-29,44628.65
1975-05-30,44297.08
1975-06-02,42904.51
1975-06-03,43832.89
1975-06-04,43965.52
1975-06-05,43633.95
1975-06-06,43832.89
1975-06-09,43859.42
1975-06-10,44005.31
1975-06-11,43700.27
1975-06-12,43899.2
1975-06-13,43594.16
1975-06-16,43501.33
1975-06-17,43501.33
1975-06-18,43435.01
1975-06-19,43196.29
1975-06-20,43103.45
1975-06-23,43076.92
1975-06-24,43076.92
1975-06-25,43501.33
1975-06-26,43501.33
1975-06-27,43633.95
1975-06-30,44098.14
1975-07-01,44164.46
1975-07-02,43766.58
1975-07-03,43501.33
1975-07-07,43103.45
1975-07-08,43501.33
1975-07-09,43992.04
1975-07-10,43302.39
1975-07-11,43846.15
1975-07-14,44230.77
1975-07-15,43766.58
1975-07-16,43527.85
1975-07-17,43527.85
1975-07-18,43501.33
1975-07-21,43567.64
1975-07-22,43832.89
1975-07-23,43567.64
1975-07-24,43726.79
1975-07-25,44098.14
1975-07-28,44297.08
1975-07-29,44668.44
1975-07-30,44363.4
1975-07-31,44217.51
1975-08-01,44230.77
1975-08-04,44164.46
1975-08-05,44045.09
1975-08-06,43726.79
1975-08-07,43846.15
1975-08-08,43594.16
1975-08-11,42944.3
1975-08-12,43368.7
1975-08-13,43050.4
1975-08-14,42917.77
1975-08-15,42997.35
1975-08-18,42891.25
1975-08-19,42798.41
1975-08-20,43156.5
1975-08-21,42944.3
1975-08-22,42957.56
1975-08-25,42957.56
1975-08-26,42931.03
1975-08-27,42811.67
1975-08-28,42944.3
1975-08-29,42387.27
1975-09-02,39588.86
1975-09-03,39880.64
1975-09-04,40649.87
1975-09-05,40649.87
1975-09-08,40384.62
1975-09-09,39389.92
1975-09-10,39761.27
1975-09-11,39164.46
1975-09-12,39257.29
1975-09-15,39323.61
1975-09-16,39018.57
1975-09-17,37904.51
1975-09-18,37002.65
1975-09-19,35941.64
1975-09-22,36233.42
1975-09-23,34151.19
1975-09-24,35212.2
1975-09-25,35676.39
1975-09-26,36153.85
1975-09-29,36936.34
1975-09-30,37466.84
1975-10-01,38063.66
1975-10-02,38368.7
1975-10-03,36843.5
1975-10-06,37334.22
1975-10-07,37798.41
1975-10-08,36949.6
1975-10-09,37135.28
1975-10-10,37732.1
1975-10-13,37665.78
1975-10-14,37267.9
1975-10-15,37864.72
1975-10-16,37997.35
1975-10-17,38435.01
1975-10-20,38395.23
1975-10-21,38793.1
1975-10-22,38328.91
1975-10-23,38236.07
1975-10-24,38063.66
1975-10-27,37904.51
1975-10-28,37851.46
1975-10-29,37864.72
1975-10-30,38129.97
1975-10-31,37904.51
1975-11-03,37997.35
1975-11-04,38196.29
1975-11-05,38700.27
1975-11-06,38700.27
1975-11-07,38355.44
1975-11-10,38249.34
1975-11-11,38262.6
1975-11-12,38156.5
1975-11-13,38156.5
1975-11-14,37665.78
1975-11-17,37665.78
1975-11-18,36936.34
1975-11-19,37599.47
1975-11-20,37771.88
1975-11-21,37493.37
1975-11-24,37294.43
1975-11-25,37506.63
1975-11-26,37294.43
1975-11-28,36644.56
1975-12-01,36578.25
1975-12-02,36949.6
1975-12-03,36989.39
1975-12-04,36830.24
1975-12-05,36604.77
1975-12-08,36405.84
1975-12-09,36405.84
1975-12-10,36976.13
1975-12-11,37188.33
1975-12-12,36790.45
1975-12-15,36644.56
1975-12-16,36816.98
1975-12-17,36830.24
1975-12-18,36843.5
1975-12-19,36896.55
1975-12-22,37771.88
1975-12-23,37347.48
1975-12-24,37347.48
1975-12-26,37347.48
1975-12-29,37599.47
1975-12-30,37334.22
1975-12-31,37201.59
1976-01-02,37228.12
1976-01-05,36763.93
1976-01-06,36870.03
1976-01-07,36697.61
1976-01-08,36021.22
1976-01-09,36220.16
1976-01-12,36246.68
1976-01-13,35013.26
1976-01-14,34575.6
1976-01-15,35145.89
1976-01-16,34694.96
1976-01-19,34190.98
1976-01-20,33050.4
1976-01-21,33129.97
1976-01-22,33461.54
1976-01-23,34217.51
1976-01-26,33328.91
1976-01-27,33488.06
1976-01-28,33978.78
1976-01-29,34111.41
1976-01-30,33992.04
1976-02-02,34588.86
1976-02-03,34933.69
1976-02-04,34416.45
1976-02-05,34151.19
1976-02-06,34641.91
1976-02-09,34509.28
1976-02-10,34350.13
1976-02-11,34708.22
1976-02-12,34827.59
1976-02-13,34774.54
1976-02-17,34522.55
1976-02-18,34801.06
1976-02-19,34748.01
1976-02-20,34946.95
1976-02-23,34920.42
1976-02-24,35132.63
1976-02-25,35384.62
1976-02-26,35066.31
1976-02-27,35092.84
1976-03-01,35092.84
1976-03-02,34854.11
1976-03-03,35079.58
1976-03-04,35079.58
1976-03-05,35464.19
1976-03-08,35212.2
1976-03-09,35251.99
1976-03-10,35517.24
1976-03-11,35450.93
1976-03-12,35371.35
1976-03-15,35490.72
1976-03-16,35145.89
1976-03-17,35371.35
1976-03-18,35610.08
1976-03-19,35437.67
1976-03-22,35477.45
1976-03-23,35305.04
1976-03-24,35437.67
1976-03-25,35198.94
1976-03-26,34960.21
1976-03-29,34509.28
1976-03-30,34137.93
1976-03-31,34376.66
1976-04-01,34270.56
1976-04-02,34244.03
1976-04-05,33753.32
1976-04-06,34031.83
1976-04-07,33872.68
1976-04-08,34005.31
1976-04-09,33872.68
1976-04-12,33740.05
1976-04-13,33978.78
1976-04-14,33872.68
1976-04-15,33885.94
1976-04-19,33885.94
1976-04-20,33912.47
1976-04-21,33753.32
1976-04-22,33766.58
1976-04-23,33793.1
1976-04-26,33899.2
1976-04-27,34137.93
1976-04-28,33952.25
1976-04-29,33925.73
1976-04-30,34058.36
1976-05-03,34045.09
1976-05-04,33885.94
1976-05-05,33753.32
1976-05-06,33660.48
1976-05-07,34018.57
1976-05-10,34071.62
1976-05-11,33912.47
1976-05-12,33925.73
1976-05-13,33872.68
1976-05-14,33872.68
1976-05-17,33872.68
1976-05-18,33819.63
1976-05-19,33633.95
1976-05-20,33328.91
1976-05-21,33368.7
1976-05-24,33209.55
1976-05-25,33023.87
1976-05-26,33355.44
1976-05-27,33474.8
1976-05-28,33289.12
1976-06-01,33594.16
1976-06-02,33660.48
1976-06-03,33740.05
1976-06-04,33580.9
1976-06-07,33713.53
1976-06-08,33793.1
1976-06-09,33687
1976-06-10,33594.16
1976-06-11,33289.12
1976-06-14,33368.7
1976-06-15,33342.18
1976-06-16,33156.5
1976-06-17,33368.7
1976-06-18,33381.96
1976-06-21,33368.7
1976-06-22,33209.55
1976-06-23,33076.92
1976-06-24,33023.87
1976-06-25,33116.71
1976-06-28,32864.72
1976-06-29,32811.67
1976-06-30,32838.2
1976-07-01,32599.47
1976-07-02,32692.31
1976-07-06,32705.57
1976-07-07,32705.57
1976-07-08,32652.52
1976-07-09,32493.37
1976-07-12,32320.95
1976-07-13,32427.06
1976-07-14,32413.79
1976-07-15,32201.59
1976-07-16,31259.95
1976-07-19,30278.51
1976-07-20,28580.9
1976-07-21,29973.47
1976-07-22,29641.91
1976-07-23,29442.97
1976-07-26,29973.47
1976-07-27,30278.51
1976-07-28,30238.73
1976-07-29,29774.54
1976-07-30,29840.85
1976-08-02,29681.7
1976-08-03,29602.12
1976-08-04,30079.58
1976-08-05,29867.37
1976-08-06,29920.42
1976-08-09,29893.9
1976-08-10,30079.58
1976-08-11,30119.36
1976-08-12,30026.53
1976-08-13,30079.58
1976-08-16,30013.26
1976-08-17,29748.01
1976-08-18,28673.74
1976-08-19,29031.83
1976-08-20,28912.47
1976-08-23,28275.86
1976-08-24,27798.41
1976-08-25,27453.58
1976-08-26,27851.46
1976-08-27,27639.26
1976-08-30,27639.26
1976-08-31,27586.21
1976-09-01,28037.14
1976-09-02,28143.24
1976-09-03,28488.06
1976-09-07,29376.66
1976-09-08,29602.12
1976-09-09,29708.22
1976-09-10,30689.66
1976-09-13,30344.83
1976-09-14,29602.12
1976-09-15,29509.28
1976-09-16,30238.73
1976-09-17,31697.61
1976-09-20,30610.08
1976-09-21,31803.71
1976-09-22,31299.73
1976-09-23,31233.42
1976-09-24,31604.77
1976-09-27,31538.46
1976-09-28,30835.54
1976-09-29,30822.28
1976-09-30,30769.23
1976-10-01,30769.23
1976-10-04,30331.56
1976-10-05,30358.09
1976-10-06,30570.29
1976-10-07,30636.6
1976-10-08,30238.73
1976-10-11,30371.35
1976-10-12,30424.4
1976-10-13,30411.14
1976-10-14,30464.19
1976-10-15,30689.66
1976-10-18,30822.28
1976-10-19,30610.08
1976-10-20,30477.45
1976-10-21,30769.23
1976-10-22,30636.6
1976-10-25,30729.44
1976-10-26,31153.85
1976-10-27,31259.95
1976-10-28,32559.68
1976-10-29,32665.78
1976-11-01,32519.89
1976-11-03,33381.96
1976-11-04,32891.25
1976-11-05,33687
1976-11-08,34880.64
1976-11-09,34628.65
1976-11-10,36140.58
1976-11-11,35331.56
1976-11-12,35968.17
1976-11-15,36830.24
1976-11-16,35331.56
1976-11-17,34814.32
1976-11-18,34124.67
1976-11-19,34535.81
1976-11-22,35517.24
1976-11-23,35397.88
1976-11-24,34681.7
1976-11-26,34549.07
1976-11-29,34389.92
1976-11-30,34549.07
1976-12-01,34615.38
1976-12-02,34708.22
1976-12-03,34761.27
1976-12-06,35543.77
1976-12-07,35769.23
1976-12-08,35981.43
1976-12-09,36206.9
1976-12-10,36511.94
1976-12-13,35915.12
1976-12-14,35702.92
1976-12-15,35755.97
1976-12-16,35649.87
1976-12-17,34986.74
1976-12-20,35106.1
1976-12-21,35437.67
1976-12-22,35437.67
1976-12-23,35106.1
1976-12-27,35106.1
1976-12-28,35106.1
1976-12-29,35610.08
1976-12-30,35742.71
1976-12-31,35676.39
1977-01-03,35676.39
1977-01-04,35994.69
1977-01-05,35291.78
1977-01-06,35172.41
1977-01-07,35225.46
1977-01-10,34748.01
1977-01-11,34416.45
1977-01-12,34615.38
1977-01-13,35066.31
1977-01-14,34867.37
1977-01-17,34901.86
1977-01-18,35225.46
1977-01-19,35198.94
1977-01-20,35305.04
1977-01-21,35066.31
1977-01-24,35092.84
1977-01-25,35411.14
1977-01-26,35053.05
1977-01-27,35092.84
1977-01-28,34827.59
1977-01-31,35092.84
1977-02-01,35172.41
1977-02-02,35039.79
1977-02-03,35278.51
1977-02-04,35132.63
1977-02-07,35610.08
1977-02-08,35729.44
1977-02-09,36100.8
1977-02-10,36034.48
1977-02-11,35809.02
1977-02-14,36193.63
1977-02-15,36047.75
1977-02-16,36047.75
1977-02-17,36180.37
1977-02-18,36233.42
1977-02-22,36631.3
1977-02-23,36909.81
1977-02-24,37466.84
1977-02-25,37116.71
1977-02-28,37864.72
1977-03-01,37506.63
1977-03-02,38474.8
1977-03-03,38381.96
1977-03-04,38567.64
1977-03-07,39336.87
1977-03-08,39323.61
1977-03-09,38700.27
1977-03-10,39005.31
1977-03-11,38806.37
1977-03-14,38660.48
1977-03-15,38846.15
1977-03-16,39124.67
1977-03-17,39496.02
1977-03-18,39801.06
1977-03-21,40318.3
1977-03-22,39893.9
1977-03-23,40530.5
1977-03-24,40517.24
1977-03-25,40729.44
1977-03-28,39787.8
1977-03-29,39363.4
1977-03-30,39641.91
1977-03-31,39496.02
1977-04-01,39336.87
1977-04-04,39867.37
1977-04-05,39429.71
1977-04-06,39416.45
1977-04-07,39442.97
1977-04-11,39442.97
1977-04-12,39708.22
1977-04-13,40371.35
1977-04-14,40331.56
1977-04-15,39960.21
1977-04-18,40053.05
1977-04-19,39907.16
1977-04-20,39655.17
1977-04-21,39283.82
1977-04-22,39708.22
1977-04-25,39456.23
1977-04-26,39031.83
1977-04-27,39124.67
1977-04-28,38620.69
1977-04-29,39058.36
1977-05-02,39350.13
1977-05-03,39323.61
1977-05-04,39283.82
1977-05-05,38978.78
1977-05-06,39323.61
1977-05-09,39071.62
1977-05-10,39124.67
1977-05-11,39177.72
1977-05-12,39045.09
1977-05-13,39297.08
1977-05-16,39164.46
1977-05-17,39204.24
1977-05-18,38965.52
1977-05-19,38952.25
1977-05-20,39084.88
1977-05-23,38859.42
1977-05-24,38408.49
1977-05-25,38395.23
1977-05-26,38116.71
1977-05-27,38302.39
1977-05-31,37917.77
1977-06-01,38156.5
1977-06-02,37652.52
1977-06-03,37519.89
1977-06-06,37519.89
1977-06-07,37519.89
1977-06-08,37745.36
1977-06-09,37294.43
1977-06-10,37135.28
1977-06-13,36710.88
1977-06-14,36366.05
1977-06-15,36843.5
1977-06-16,37095.49
1977-06-17,36803.71
1977-06-20,37095.49
1977-06-21,37480.11
1977-06-22,36989.39
1977-06-23,37175.07
1977-06-24,37347.48
1977-06-27,37798.41
1977-06-28,37931.03
1977-06-29,37758.62
1977-06-30,37931.03
1977-07-01,37811.67
1977-07-05,37466.84
1977-07-06,37281.17
1977-07-07,37519.89
1977-07-08,37679.05
1977-07-11,37374.01
1977-07-12,37612.73
1977-07-13,37877.98
1977-07-15,38355.44
1977-07-18,38076.92
1977-07-19,38594.16
1977-07-20,38435.01
1977-07-21,38196.29
1977-07-22,38381.96
1977-07-25,38832.89
1977-07-26,38633.95
1977-07-27,38673.74
1977-07-28,38289.12
1977-07-29,38222.81
1977-08-01,38249.34
1977-08-02,38673.74
1977-08-03,38726.79
1977-08-04,38925.73
1977-08-05,38580.9
1977-08-08,38673.74
1977-08-09,38859.42
1977-08-10,38687
1977-08-11,38554.38
1977-08-12,38435.01
1977-08-15,38236.07
1977-08-16,38010.61
1977-08-17,38116.71
1977-08-18,38076.92
1977-08-19,38328.91
1977-08-22,38222.81
1977-08-23,38037.14
1977-08-24,38262.6
1977-08-25,38249.34
1977-08-26,38461.54
1977-08-29,38461.54
1977-08-30,38766.58
1977-08-31,38726.79
1977-09-01,38575.6
1977-09-02,38832.89
1977-09-06,39071.62
1977-09-07,39164.46
1977-09-08,39124.67
1977-09-09,39111.41
1977-09-12,39336.87
1977-09-13,39124.67
1977-09-14,39230.77
1977-09-15,39230.77
1977-09-16,39336.87
1977-09-19,39721.49
1977-09-20,39761.27
1977-09-21,40132.63
1977-09-22,40212.2
1977-09-23,40026.53
1977-09-26,40583.55
1977-09-27,40503.98
1977-09-28,40809.02
1977-09-29,40583.55
1977-09-30,40862.07
1977-10-03,41233.42
1977-10-04,41074.27
1977-10-05,41127.32
1977-10-06,40848.81
1977-10-07,40835.54
1977-10-10,41684.35
1977-10-11,41604.77
1977-10-12,41843.5
1977-10-13,41896.55
1977-10-14,41856.76
1977-10-17,42493.37
1977-10-18,42519.89
1977-10-19,42864.72
1977-10-20,42466.84
1977-10-21,42758.62
1977-10-24,43302.39
1977-10-25,43196.29
1977-10-26,43209.55
1977-10-27,42480.11
1977-10-28,42758.62
1977-10-31,42838.2
1977-11-01,43103.45
1977-11-02,42838.2
1977-11-03,43567.64
1977-11-04,44005.31
1977-11-07,44137.93
1977-11-08,43713.53
1977-11-09,44429.71
1977-11-10,44270.56
1977-11-11,44549.07
1977-11-14,43819.63
1977-11-15,43143.24
1977-11-16,42506.63
1977-11-17,42082.23
1977-11-18,42665.78
1977-11-21,41830.24
1977-11-22,41419.1
1977-11-23,42254.64
1977-11-25,41909.81
1977-11-28,42864.72
1977-11-29,42228.12
1977-11-30,42453.58
1977-12-01,42519.89
1977-12-02,42108.75
1977-12-05,42307.69
1977-12-06,42400.53
1977-12-07,42519.89
1977-12-08,42679.05
1977-12-09,42055.7
1977-12-12,42122.02
1977-12-13,41803.71
1977-12-14,42466.84
1977-12-15,42135.28
1977-12-16,42440.32
1977-12-19,42466.84
1977-12-20,42307.69
1977-12-21,42519.89
1977-12-22,42281.17
1977-12-23,42281.17
1977-12-27,42281.17
1977-12-28,43713.53
1977-12-29,44031.83
1977-12-30,43753.32
1978-01-03,44880.64
1978-01-04,45583.55
1978-01-05,43952.25
1978-01-06,45066.31
1978-01-09,45159.15
1978-01-10,45915.12
1978-01-11,45663.13
1978-01-12,46034.48
1978-01-13,45742.71
1978-01-16,46392.57
1978-01-17,45875.33
1978-01-18,45610.08
1978-01-19,46007.96
1978-01-20,45901.86
1978-01-23,46472.15
1978-01-24,46803.71
1978-01-25,47082.23
1978-01-26,46631.3
1978-01-27,46790.45
1978-01-30,46472.15
1978-01-31,46618.04
1978-02-01,46790.45
1978-02-02,46379.31
1978-02-03,46485.41
1978-02-06,46578.25
1978-02-07,46472.15
1978-02-08,46339.52
1978-02-09,45848.81
1978-02-10,46313
1978-02-13,46949.6
1978-02-14,47055.7
1978-02-15,47374.01
1978-02-16,47572.94
1978-02-17,47599.47
1978-02-21,48129.97
1978-02-22,48050.4
1978-02-23,48594.16
1978-02-24,47944.3
1978-02-27,47957.56
1978-02-28,48342.18
1978-03-01,48408.49
1978-03-02,48872.68
1978-03-03,48660.48
1978-03-06,48912.47
1978-03-07,49403.18
1978-03-08,50397.88
1978-03-09,49946.95
1978-03-10,49310.34
1978-03-13,49469.5
1978-03-14,49880.64
1978-03-15,49429.71
1978-03-16,48872.68
1978-03-17,48594.16
1978-03-20,48010.61
1978-03-21,47029.18
1978-03-22,47572.94
1978-03-23,47559.68
1978-03-27,47559.68
1978-03-28,48753.32
1978-03-29,48116.71
1978-03-30,47679.05
1978-03-31,48169.76
1978-04-03,48647.21
1978-04-04,47877.98
1978-04-05,47320.95
1978-04-06,48010.61
1978-04-07,47506.63
1978-04-10,47400.53
1978-04-11,47639.26
1978-04-12,47745.36
1978-04-13,47374.01
1978-04-14,47347.48
1978-04-17,46233.42
1978-04-18,46021.22
1978-04-19,46326.26
1978-04-20,44708.22
1978-04-21,45331.56
1978-04-24,44694.96
1978-04-25,44469.5
1978-04-26,44801.06
1978-04-27,45066.31
1978-04-28,45318.3
1978-05-01,45318.3
1978-05-02,44801.06
1978-05-03,45212.2
1978-05-04,45968.17
1978-05-05,45835.54
1978-05-08,45676.39
1978-05-09,45809.02
1978-05-10,46140.58
1978-05-11,46511.94
1978-05-12,46339.52
1978-05-15,46485.41
1978-05-16,46631.3
1978-05-17,47082.23
1978-05-18,47188.33
1978-05-19,47427.06
1978-05-22,47533.16
1978-05-23,47679.05
1978-05-24,47586.21
1978-05-25,47374.01
1978-05-26,47599.47
1978-05-30,48355.44
1978-05-31,48846.15
1978-06-01,48541.11
1978-06-02,49005.31
1978-06-05,48554.38
1978-06-06,48023.87
1978-06-07,48527.85
1978-06-08,48435.01
1978-06-09,48090.19
1978-06-12,47891.25
1978-06-13,48368.7
1978-06-14,48726.79
1978-06-15,48315.65
1978-06-16,48965.52
1978-06-19,48965.52
1978-06-20,49469.5
1978-06-21,49429.71
1978-06-22,49151.19
1978-06-23,49217.51
1978-06-26,49137.93
1978-06-27,48872.68
1978-06-28,49164.46
1978-06-29,48885.94
1978-06-30,48554.38
1978-07-03,48607.43
1978-07-05,48859.42
1978-07-06,48474.8
1978-07-07,48793.1
1978-07-10,49350.13
1978-07-11,49204.24
1978-07-12,49416.45
1978-07-13,49522.55
1978-07-14,49336.87
1978-07-17,49084.88
1978-07-18,49031.83
1978-07-19,49257.29
1978-07-20,49973.47
1978-07-21,50862.07
1978-07-24,51777.19
1978-07-25,51273.21
1978-07-26,51538.46
1978-07-27,51472.15
1978-07-28,53395.23
1978-07-31,53116.71
1978-08-01,54403.18
1978-08-02,53912.47
1978-08-03,53633.95
1978-08-04,53461.54
1978-08-07,54124.67
1978-08-08,54893.9
1978-08-09,55159.15
1978-08-10,54774.54
1978-08-11,56007.96
1978-08-14,56631.3
1978-08-15,56551.72
1978-08-16,57228.12
1978-08-17,55437.67
1978-08-18,56167.11
1978-08-21,54350.13
1978-08-22,55013.26
1978-08-23,53103.45
1978-08-24,53846.15
1978-08-25,52519.89
1978-08-28,52519.89
1978-08-29,52970.82
1978-08-30,54323.61
1978-08-31,55358.09
1978-09-01,55172.41
1978-09-05,55557.03
1978-09-06,56233.42
1978-09-07,55835.54
1978-09-08,54615.38
1978-09-11,54549.07
1978-09-12,55172.41
1978-09-13,55623.34
1978-09-14,55503.98
1978-09-15,56273.21
1978-09-18,55702.92
1978-09-19,56087.53
1978-09-20,56657.82
1978-09-21,57201.59
1978-09-22,56856.76
1978-09-25,57931.03
1978-09-26,57891.25
1978-09-27,56976.13
1978-09-28,57798.41
1978-09-29,57586.21
1978-10-02,57586.21
1978-10-03,58726.79
1978-10-04,59283.82
1978-10-05,59071.62
1978-10-06,59177.72
1978-10-09,59005.31
1978-10-10,59761.27
1978-10-11,60026.53
1978-10-12,59827.59
1978-10-13,59549.07
1978-10-16,59257.29
1978-10-17,60411.14
1978-10-18,60742.71
1978-10-19,59854.11
1978-10-20,60464.19
1978-10-23,60145.89
1978-10-24,59893.9
1978-10-25,61246.68
1978-10-26,61989.39
1978-10-27,62201.59
1978-10-30,64389.92
1978-10-31,64350.13
1978-11-01,60344.83
1978-11-02,58753.32
1978-11-03,57082.23
1978-11-06,55702.92
1978-11-07,57387.27
1978-11-08,58037.14
1978-11-09,56684.35
1978-11-10,54708.22
1978-11-13,55198.94
1978-11-14,55968.17
1978-11-15,54151.19
1978-11-16,52068.97
1978-11-17,52506.63
1978-11-20,52745.36
1978-11-21,53103.45
1978-11-22,52785.15
1978-11-24,53766.58
1978-11-27,52625.99
1978-11-28,52029.18
1978-11-29,51883.29
1978-11-30,51299.73
1978-12-01,51631.3
1978-12-04,52851.46
1978-12-05,52095.49
1978-12-06,52055.7
1978-12-07,52599.47
1978-12-08,53580.9
1978-12-11,54907.16
1978-12-12,53554.38
1978-12-13,53806.37
1978-12-14,54111.41
1978-12-15,54535.81
1978-12-18,56472.15
1978-12-19,57374.01
1978-12-20,57453.58
1978-12-21,56392.57
1978-12-22,57055.7
1978-12-26,57055.7
1978-12-27,58488.06
1978-12-28,58527.85
1978-12-29,59946.95
1979-01-02,60159.15
1979-01-03,57984.08
1979-01-04,59190.98
1979-01-05,59814.32
1979-01-08,59177.72
1979-01-09,59416.45
1979-01-10,58541.11
1979-01-11,58527.85
1979-01-12,57718.83
1979-01-15,57519.89
1979-01-16,58527.85
1979-01-17,60278.51
1979-01-18,61472.15
1979-01-19,61153.85
1979-01-22,62334.22
1979-01-23,61007.96
1979-01-24,62625.99
1979-01-25,62029.18
1979-01-26,62453.58
1979-01-29,62387.27
1979-01-30,61936.34
1979-01-31,61989.39
1979-02-01,60835.54
1979-02-02,61087.53
1979-02-05,64482.76
1979-02-06,64854.11
1979-02-07,66737.4
1979-02-08,66445.62
1979-02-09,65450.93
1979-02-12,64787.8
1979-02-13,63819.63
1979-02-14,63832.89
1979-02-15,65716.18
1979-02-16,65530.5
1979-02-20,65517.24
1979-02-21,66511.94
1979-02-22,66936.34
1979-02-23,66578.25
1979-02-26,65941.64
1979-02-27,65755.97
1979-02-28,66657.82
1979-03-01,65994.69
1979-03-02,65782.49
1979-03-05,63169.76
1979-03-06,63594.16
1979-03-07,64257.29
1979-03-08,63448.28
1979-03-09,63925.73
1979-03-12,63660.48
1979-03-13,63421.75
1979-03-14,63527.85
1979-03-15,63687
1979-03-16,64721.49
1979-03-19,64257.29
1979-03-20,64217.51
1979-03-21,63633.95
1979-03-22,64416.45
1979-03-23,64323.61
1979-03-26,65053.05
1979-03-27,64814.32
1979-03-28,64827.59
1979-03-29,64058.36
1979-03-30,63687
1979-04-02,63580.9
1979-04-03,63660.48
1979-04-04,63594.16
1979-04-05,63832.89
1979-04-06,63594.16
1979-04-09,63713.53
1979-04-10,63594.16
1979-04-11,63222.81
1979-04-12,62055.7
1979-04-16,62055.7
1979-04-17,61511.94
1979-04-18,61856.76
1979-04-19,63899.2
1979-04-20,62705.57
1979-04-23,62824.93
1979-04-24,63580.9
1979-04-25,64137.93
1979-04-26,64244.03
1979-04-27,64641.91
1979-04-30,65066.31
1979-05-01,65596.82
1979-05-02,65331.56
1979-05-03,65384.62
1979-05-04,65901.86
1979-05-07,65901.86
1979-05-08,66034.48
1979-05-09,65769.23
1979-05-10,66909.81
1979-05-11,66710.88
1979-05-14,66578.25
1979-05-15,67771.88
1979-05-16,68037.14
1979-05-17,68116.71
1979-05-18,68010.61
1979-05-21,69496.02
1979-05-22,70397.88
1979-05-23,70066.31
1979-05-24,69960.21
1979-05-25,71777.19
1979-05-29,72625.99
1979-05-30,71684.35
1979-05-31,72838.2
1979-06-01,72970.82
1979-06-04,72387.27
1979-06-05,72877.98
1979-06-06,74270.56
1979-06-07,73222.81
1979-06-08,74270.56
1979-06-11,74893.9
1979-06-12,73673.74
1979-06-13,73368.7
1979-06-14,74005.31
1979-06-15,74270.56
1979-06-18,73740.05
1979-06-19,74350.13
1979-06-20,74628.65
1979-06-21,74880.64
1979-06-22,75185.68
1979-06-25,75291.78
1979-06-26,74655.17
1979-06-27,74748.01
1979-06-28,73183.02
1979-06-29,73607.43
1979-07-02,74933.69
1979-07-03,74628.65
1979-07-05,76458.89
1979-07-06,76989.39
1979-07-09,76352.79
1979-07-10,77055.7
1979-07-11,77002.65
1979-07-12,77122.02
1979-07-13,76246.68
1979-07-16,77665.78
1979-07-17,78594.16
1979-07-18,80145.89
1979-07-19,79350.13
1979-07-20,79244.03
1979-07-23,80875.33
1979-07-24,80968.17
1979-07-25,80464.19
1979-07-26,80954.91
1979-07-27,81114.06
1979-07-30,79946.95
1979-07-31,78633.95
1979-08-01,76949.6
1979-08-02,77320.95
1979-08-03,75994.69
1979-08-06,74986.74
1979-08-07,75623.34
1979-08-08,76657.82
1979-08-09,78806.37
1979-08-10,80570.29
1979-08-13,79244.03
1979-08-14,77453.58
1979-08-15,80066.31
1979-08-16,79005.31
1979-08-17,79721.49
1979-08-20,79244.03
1979-08-21,79708.22
1979-08-22,82493.37
1979-08-23,82241.38
1979-08-24,83488.06
1979-08-27,83488.06
1979-08-28,84018.57
1979-08-29,83607.43
1979-08-30,84655.17
1979-08-31,83580.9
1979-09-04,86206.9
1979-09-05,87267.9
1979-09-06,88992.04
1979-09-07,87307.69
1979-09-10,89204.24
1979-09-11,90053.05
1979-09-12,89416.45
1979-09-13,88315.65
1979-09-14,91724.14
1979-09-17,93302.39
1979-09-18,99668.44
1979-09-19,97877.98
1979-09-20,100795.76
1979-09-21,97877.98
1979-09-24,100901.86
1979-09-25,99920.42
1979-09-26,99137.93
1979-09-27,104907.16
1979-09-28,105371.35
1979-10-01,110013.26
1979-10-02,112997.35
1979-10-03,106631.3
1979-10-04,101856.76
1979-10-05,102122.02
1979-10-08,98673.74
1979-10-09,102334.22
1979-10-10,109549.07
1979-10-11,106498.67
1979-10-12,104774.54
1979-10-15,106870.03
1979-10-16,104575.6
1979-10-17,102387.27
1979-10-18,100928.38
1979-10-19,104244.03
1979-10-22,103978.78
1979-10-23,102122.02
1979-10-24,104774.54
1979-10-25,103925.73
1979-10-26,99469.5
1979-10-29,99204.24
1979-10-30,100159.15
1979-10-31,101326.26
1979-11-01,100397.88
1979-11-02,98885.94
1979-11-05,101061.01
1979-11-06,101936.34
1979-11-07,104774.54
1979-11-08,103315.65
1979-11-09,103315.65
1979-11-12,104310.34
1979-11-13,102705.57
1979-11-14,103448.28
1979-11-15,102387.27
1979-11-16,103541.11
1979-11-19,103408.49
1979-11-20,102851.46
1979-11-21,105079.58
1979-11-23,103978.78
1979-11-26,104840.85
1979-11-27,104442.97
1979-11-28,109071.62
1979-11-29,109204.24
1979-11-30,110251.99
1979-12-03,113726.79
1979-12-04,114376.66
1979-12-05,113103.45
1979-12-06,115053.05
1979-12-07,114164.46
1979-12-10,114363.4
1979-12-11,118169.76
1979-12-12,118368.7
1979-12-13,121697.61
1979-12-14,121167.11
1979-12-17,124535.81
1979-12-18,126724.14
1979-12-19,129575.6
1979-12-20,125066.31
1979-12-21,125490.72
1979-12-24,125490.72
1979-12-26,125490.72
1979-12-27,125490.72
1979-12-28,135809.02
1979-12-31,135809.02
1980-01-02,148408.49
1980-01-03,168169.76
1980-01-04,155968.17
1980-01-07,168037.14
1980-01-08,161803.71
1980-01-09,161061.01
1980-01-10,159907.16
1980-01-11,165251.99
1980-01-14,175066.31
1980-01-15,181432.36
1980-01-16,201591.51
1980-01-17,198938.99
1980-01-18,221485.41
1980-01-21,225464.19
1980-01-22,195623.34
1980-01-23,184350.13
1980-01-24,190185.68
1980-01-25,177188.33
1980-01-28,165517.24
1980-01-29,178846.15
1980-01-30,183289.12
1980-01-31,173209.55
1980-02-01,179442.97
1980-02-04,177652.52
1980-02-05,180901.86
1980-02-06,188063.66
1980-02-07,185477.45
1980-02-08,183554.38
1980-02-11,188461.54
1980-02-12,184217.51
1980-02-13,184814.32
1980-02-14,180901.86
1980-02-15,176923.08
1980-02-19,173010.61
1980-02-20,160742.71
1980-02-21,176392.57
1980-02-22,167108.75
1980-02-25,163527.85
1980-02-26,170358.09
1980-02-27,168700.27
1980-02-28,171352.79
1980-02-29,168965.52
1980-03-03,168103.45
1980-03-04,167440.32
1980-03-05,170689.66
1980-03-06,166047.75
1980-03-07,161538.46
1980-03-10,155172.41
1980-03-11,151259.95
1980-03-12,155358.09
1980-03-13,147612.73
1980-03-14,138726.79
1980-03-17,128381.96
1980-03-18,127718.83
1980-03-19,139787.8
1980-03-20,148806.37
1980-03-21,139257.29
1980-03-24,148076.92
1980-03-25,145159.15
1980-03-26,134615.38
1980-03-27,128713.53
1980-03-28,129973.47
1980-03-31,131167.11
1980-04-01,135145.89
1980-04-02,132758.62
1980-04-03,128846.15
1980-04-07,128846.15
1980-04-08,140053.05
1980-04-09,146949.6
1980-04-10,139522.55
1980-04-11,140716.18
1980-04-14,140517.24
1980-04-15,131962.86
1980-04-16,137931.03
1980-04-17,136074.27
1980-04-18,136763.93
1980-04-21,134217.51
1980-04-22,133262.6
1980-04-23,134350.13
1980-04-24,136790.45
1980-04-25,146286.47
1980-04-28,139058.36
1980-04-29,136273.21
1980-04-30,137400.53
1980-05-01,129973.47
1980-05-02,135941.64
1980-05-05,135941.64
1980-05-06,135941.64
1980-05-07,135278.51
1980-05-08,136803.71
1980-05-09,134814.32
1980-05-12,136140.58
1980-05-13,135809.02
1980-05-14,139257.29
1980-05-15,137135.28
1980-05-16,137002.65
1980-05-19,136273.21
1980-05-20,134681.7
1980-05-21,136206.9
1980-05-22,132891.25
1980-05-23,135610.08
1980-05-27,136551.72
1980-05-28,139655.17
1980-05-29,137824.93
1980-05-30,142042.44
1980-06-02,148938.99
1980-06-03,146551.72
1980-06-04,151591.51
1980-06-05,154310.34
1980-06-06,158355.44
1980-06-09,165450.93
1980-06-10,160212.2
1980-06-11,158090.19
1980-06-12,156498.67
1980-06-13,161379.31
1980-06-16,157824.93
1980-06-17,156962.86
1980-06-18,159814.32
1980-06-19,158885.94
1980-06-20,159920.42
1980-06-23,158222.81
1980-06-24,159946.95
1980-06-25,165119.36
1980-06-26,165649.87
1980-06-27,169098.14
1980-06-30,173342.18
1980-07-01,175066.31
1980-07-02,175464.19
1980-07-03,175994.69
1980-07-07,177055.7
1980-07-08,182360.74
1980-07-09,177984.08
1980-07-10,174137.93
1980-07-11,176923.08
1980-07-14,172413.79
1980-07-15,164323.61
1980-07-16,165716.18
1980-07-17,166379.31
1980-07-18,160742.71
1980-07-21,163793.1
1980-07-22,162599.47
1980-07-23,167440.32
1980-07-24,170557.03
1980-07-25,172877.98
1980-07-28,170689.66
1980-07-29,171551.72
1980-07-30,166843.5
1980-07-31,162931.03
1980-08-01,164986.74
1980-08-04,167307.69
1980-08-05,167241.38
1980-08-06,166511.94
1980-08-07,166976.13
1980-08-08,167108.75
1980-08-11,163660.48
1980-08-12,160477.45
1980-08-13,163196.29
1980-08-14,166047.75
1980-08-15,165649.87
1980-08-18,162400.53
1980-08-19,165517.24
1980-08-20,168368.7
1980-08-21,171153.85
1980-08-22,169549.07
1980-08-25,169549.07
1980-08-26,166803.71
1980-08-27,168129.97
1980-08-28,168514.59
1980-08-29,167440.32
1980-09-02,169761.27
1980-09-03,168899.2
1980-09-04,171684.35
1980-09-05,172679.05
1980-09-08,178249.34
1980-09-09,177851.46
1980-09-10,182095.49
1980-09-11,178779.84
1980-09-12,181830.24
1980-09-15,176790.45
1980-09-16,177188.33
1980-09-17,178514.59
1980-09-18,178249.34
1980-09-19,178779.84
1980-09-22,188328.91
1980-09-23,188594.16
1980-09-24,188461.54
1980-09-25,185079.58
1980-09-26,185344.83
1980-09-29,180172.41
1980-09-30,176856.76
1980-10-01,180901.86
1980-10-02,176591.51
1980-10-03,175198.94
1980-10-06,179177.72
1980-10-07,179880.64
1980-10-08,179575.6
1980-10-09,183023.87
1980-10-10,181763.93
1980-10-13,180305.04
1980-10-14,177320.95
1980-10-15,179840.85
1980-10-16,178779.84
1980-10-17,177851.46
1980-10-20,174270.56
1980-10-21,173076.92
1980-10-22,175066.31
1980-10-23,168302.39
1980-10-24,167904.51
1980-10-27,169031.83
1980-10-28,167572.94
1980-10-29,170822.28
1980-10-30,170424.4
1980-10-31,166843.5
1980-11-03,169893.9
1980-11-05,172944.3
1980-11-06,167639.26
1980-11-07,158090.19
1980-11-10,162466.84
1980-11-11,158753.32
1980-11-12,164323.61
1980-11-13,164986.74
1980-11-14,162466.84
1980-11-17,162267.9
1980-11-18,164190.98
1980-11-19,167042.44
1980-11-20,167241.38
1980-11-21,168368.7
1980-11-24,167374.01
1980-11-25,163461.54
1980-11-26,165251.99
1980-11-28,164389.92
1980-12-01,168435.01
1980-12-02,166313
1980-12-03,166379.31
1980-12-04,167506.63
1980-12-05,163660.48
1980-12-08,163726.79
1980-12-09,160212.2
1980-12-10,153580.9
1980-12-11,148010.61
1980-12-12,149270.56
1980-12-15,153580.9
1980-12-16,148806.37
1980-12-17,152652.52
1980-12-18,152122.02
1980-12-19,152519.89
1980-12-22,157758.62
1980-12-23,159814.32
1980-12-24,159814.32
1980-12-26,159814.32
1980-12-29,157493.37
1980-12-30,156432.36
1980-12-31,156432.36
1981-01-02,156432.36
1981-01-05,158488.06
1981-01-06,158952.25
1981-01-07,155172.41
1981-01-08,152453.58
1981-01-09,153249.34
1981-01-12,149071.62
1981-01-13,149270.56
1981-01-14,147612.73
1981-01-15,151591.51
1981-01-16,148740.05
1981-01-19,150331.56
1981-01-20,149071.62
1981-01-21,153315.65
1981-01-22,149602.12
1981-01-23,146684.35
1981-01-26,140185.68
1981-01-27,138992.04
1981-01-28,138859.42
1981-01-29,130968.17
1981-01-30,134350.13
1981-02-02,130901.86
1981-02-03,128978.78
1981-02-04,133952.25
1981-02-05,132228.12
1981-02-06,132758.62
1981-02-09,135941.64
1981-02-10,137798.41
1981-02-11,132891.25
1981-02-12,130039.79
1981-02-13,130371.35
1981-02-17,132824.93
1981-02-18,133952.25
1981-02-19,133488.06
1981-02-20,135676.39
1981-02-23,133023.87
1981-02-24,133421.75
1981-02-25,132758.62
1981-02-26,130503.98
1981-02-27,129708.22
1981-03-02,123474.8
1981-03-03,124933.69
1981-03-04,123474.8
1981-03-05,122413.79
1981-03-06,123872.68
1981-03-09,125795.76
1981-03-10,129244.03
1981-03-11,126326.26
1981-03-12,126790.45
1981-03-13,130503.98
1981-03-16,132559.68
1981-03-17,130835.54
1981-03-18,134217.51
1981-03-19,135278.51
1981-03-20,137068.97
1981-03-23,139522.55
1981-03-24,142241.38
1981-03-25,140053.05
1981-03-26,143103.45
1981-03-27,142904.51
1981-03-30,139655.17
1981-03-31,136273.21
1981-04-01,136405.84
1981-04-02,137798.41
1981-04-03,138726.79
1981-04-06,141578.25
1981-04-07,136405.84
1981-04-08,134880.64
1981-04-09,133421.75
1981-04-10,130901.86
1981-04-13,125663.13
1981-04-14,128116.71
1981-04-15,126326.26
1981-04-16,127984.08
1981-04-20,127984.08
1981-04-21,127586.21
1981-04-22,132891.25
1981-04-23,129575.6
1981-04-24,131167.11
1981-04-27,128116.71
1981-04-28,128050.4
1981-04-29,126591.51
1981-04-30,128050.4
1981-05-01,129310.34
1981-05-04,129310.34
1981-05-05,126326.26
1981-05-06,127851.46
1981-05-07,126724.14
1981-05-08,128846.15
1981-05-11,130769.23
1981-05-12,128381.96
1981-05-13,128448.28
1981-05-14,126392.57
1981-05-15,128647.21
1981-05-18,127785.15
1981-05-19,127718.83
1981-05-20,127254.64
1981-05-21,125994.69
1981-05-22,125397.88
1981-05-26,123740.05
1981-05-27,123806.37
1981-05-28,127055.7
1981-05-29,127122.02
1981-06-01,128183.02
1981-06-02,125729.44
1981-06-03,126127.32
1981-06-04,122679.05
1981-06-05,122015.92
1981-06-08,125596.82
1981-06-09,122148.54
1981-06-10,123408.49
1981-06-11,123143.24
1981-06-12,125198.94
1981-06-15,125132.63
1981-06-16,122413.79
1981-06-17,122480.11
1981-06-18,121750.66
1981-06-19,121551.72
1981-06-22,122546.42
1981-06-23,123740.05
1981-06-24,122546.42
1981-06-25,118435.01
1981-06-26,117241.38
1981-06-29,113726.79
1981-06-30,112997.35
1981-07-01,111936.34
1981-07-02,109946.95
1981-07-06,107095.49
1981-07-07,107427.06
1981-07-08,105503.98
1981-07-09,107758.62
1981-07-10,110477.45
1981-07-13,109549.07
1981-07-14,106697.61
1981-07-15,109350.13
1981-07-16,110941.64
1981-07-17,110079.58
1981-07-20,109416.45
1981-07-21,107692.31
1981-07-22,109151.19
1981-07-23,108156.5
1981-07-24,108090.19
1981-07-27,108421.75
1981-07-28,106498.67
1981-07-29,106498.67
1981-07-30,106697.61
1981-07-31,107692.31
1981-08-03,104111.41
1981-08-04,103779.84
1981-08-05,104084.88
1981-08-06,104310.34
1981-08-07,105371.35
1981-08-10,104442.97
1981-08-11,106366.05
1981-08-12,110742.71
1981-08-13,108023.87
1981-08-14,109549.07
1981-08-17,109151.19
1981-08-18,111405.84
1981-08-19,114456.23
1981-08-20,113793.1
1981-08-21,113925.73
1981-08-24,111936.34
1981-08-25,108687
1981-08-26,109814.32
1981-08-27,109217.51
1981-08-28,112732.1
1981-08-31,112732.1
1981-09-01,111803.71
1981-09-02,114058.36
1981-09-03,115782.49
1981-09-04,116578.25
1981-09-08,116445.62
1981-09-09,115848.81
1981-09-10,119761.27
1981-09-11,118899.2
1981-09-14,119694.96
1981-09-15,120954.91
1981-09-16,119098.14
1981-09-17,121750.66
1981-09-18,118567.64
1981-09-21,122944.3
1981-09-22,122546.42
1981-09-23,121087.53
1981-09-24,118368.7
1981-09-25,119496.02
1981-09-28,111803.71
1981-09-29,114522.55
1981-09-30,113726.79
1981-10-01,115848.81
1981-10-02,115384.62
1981-10-05,117042.44
1981-10-06,117506.63
1981-10-07,118169.76
1981-10-08,117572.94
1981-10-09,120291.78
1981-10-12,119230.77
1981-10-13,117572.94
1981-10-14,117838.2
1981-10-15,118474.8
1981-10-16,117705.57
1981-10-19,115835.54
1981-10-20,115994.69
1981-10-21,113793.1
1981-10-22,115053.05
1981-10-23,114721.49
1981-10-26,112997.35
1981-10-27,113368.7
1981-10-28,114270.56
1981-10-29,112599.47
1981-10-30,113262.6
1981-11-02,114058.36
1981-11-03,113594.16
1981-11-04,114389.92
1981-11-05,113660.48
1981-11-06,113594.16
1981-11-09,113992.04
1981-11-10,111007.96
1981-11-11,109283.82
1981-11-12,109151.19
1981-11-13,109416.45
1981-11-16,107228.12
1981-11-17,105769.23
1981-11-18,107095.49
1981-11-19,106366.05
1981-11-20,106498.67
1981-11-23,105238.73
1981-11-24,105901.86
1981-11-25,108620.69
1981-11-27,109151.19
1981-11-30,109946.95
1981-12-01,106763.93
1981-12-02,107891.25
1981-12-03,110477.45
1981-12-04,112997.35
1981-12-07,110543.77
1981-12-08,110145.89
1981-12-09,108819.63
1981-12-10,107559.68
1981-12-11,108687
1981-12-14,110742.71
1981-12-15,109615.38
1981-12-16,110543.77
1981-12-17,110411.14
1981-12-18,110278.51
1981-12-21,108885.94
1981-12-22,105994.69
1981-12-23,106206.9
1981-12-24,106206.9
1981-12-28,106206.9
1981-12-29,104774.54
1981-12-30,105437.67
1981-12-31,105437.67
1982-01-04,104774.54
1982-01-05,107029.18
1982-01-06,106498.67
1982-01-07,105172.41
1982-01-08,106167.11
1982-01-11,102984.08
1982-01-12,103183.02
1982-01-13,100795.76
1982-01-14,99403.18
1982-01-15,100596.82
1982-01-18,99137.93
1982-01-19,99535.81
1982-01-20,98541.11
1982-01-21,99734.75
1982-01-22,100066.31
1982-01-25,98673.74
1982-01-26,99867.37
1982-01-27,101259.95
1982-01-28,101724.14
1982-01-29,102652.52
1982-02-01,100663.13
1982-02-02,100570.29
1982-02-03,100265.25
1982-02-04,101790.45
1982-02-05,101923.08
1982-02-08,100729.44
1982-02-09,100397.88
1982-02-10,101366.05
1982-02-11,100795.76
1982-02-12,100132.63
1982-02-16,99535.81
1982-02-17,99204.24
1982-02-18,97944.3
1982-02-19,97944.3
1982-02-22,96618.04
1982-02-23,95755.97
1982-02-24,96220.16
1982-02-25,97201.59
1982-02-26,96180.37
1982-03-01,95822.28
1982-03-02,95822.28
1982-03-03,93832.89
1982-03-04,91909.81
1982-03-05,90822.28
1982-03-08,87665.78
1982-03-09,87334.22
1982-03-10,88328.91
1982-03-11,87997.35
1982-03-12,85742.71
1982-03-15,82758.62
1982-03-16,86074.27
1982-03-17,83819.63
1982-03-18,84880.64
1982-03-19,83753.32
1982-03-22,85092.84
1982-03-23,87334.22
1982-03-24,87997.35
1982-03-25,86936.34
1982-03-26,85477.45
1982-03-29,84482.76
1982-03-30,86007.96
1982-03-31,84880.64
1982-04-01,86737.4
1982-04-02,86936.34
1982-04-05,89522.55
1982-04-06,91644.56
1982-04-07,93899.2
1982-04-08,93236.07
1982-04-12,93236.07
1982-04-13,93766.58
1982-04-14,97281.17
1982-04-15,96352.79
1982-04-16,96220.16
1982-04-19,94694.96
1982-04-20,90981.43
1982-04-21,91976.13
1982-04-22,91511.94
1982-04-23,93435.01
1982-04-26,94694.96
1982-04-27,93302.39
1982-04-28,94031.83
1982-04-29,92506.63
1982-04-30,95822.28
1982-05-03,95822.28
1982-05-04,90649.87
1982-05-05,89761.27
1982-05-06,88726.79
1982-05-07,88793.1
1982-05-10,87267.9
1982-05-11,88129.97
1982-05-12,87931.03
1982-05-13,87798.41
1982-05-14,88395.23
1982-05-17,89787.8
1982-05-18,89655.17
1982-05-19,90716.18
1982-05-20,90848.81
1982-05-21,89787.8
1982-05-24,87267.9
1982-05-25,86976.13
1982-05-26,87599.47
1982-05-27,86007.96
1982-05-28,86273.21
1982-06-01,84549.07
1982-06-02,84482.76
1982-06-03,84973.47
1982-06-04,84549.07
1982-06-07,86273.21
1982-06-08,87201.59
1982-06-09,86472.15
1982-06-10,86671.09
1982-06-11,86273.21
1982-06-14,85079.58
1982-06-15,83554.38
1982-06-16,84084.88
1982-06-17,81962.86
1982-06-18,81896.55
1982-06-21,78713.53
1982-06-22,80636.6
1982-06-23,80636.6
1982-06-24,82294.43
1982-06-25,81034.48
1982-06-28,80570.29
1982-06-29,81962.86
1982-06-30,84217.51
1982-07-01,82294.43
1982-07-02,82957.56
1982-07-06,82493.37
1982-07-07,81366.05
1982-07-08,83156.5
1982-07-09,87135.28
1982-07-12,90981.43
1982-07-13,93501.33
1982-07-14,93567.64
1982-07-15,92904.51
1982-07-16,92042.44
1982-07-19,92175.07
1982-07-20,92241.38
1982-07-21,97214.85
1982-07-22,93633.95
1982-07-23,96352.79
1982-07-26,93435.01
1982-07-27,93169.76
1982-07-28,92042.44
1982-07-29,90848.81
1982-07-30,90954.91
1982-08-02,93196.29
1982-08-03,92639.26
1982-08-04,91843.5
1982-08-05,91909.81
1982-08-06,91445.62
1982-08-09,89124.67
1982-08-10,89721.49
1982-08-11,88461.54
1982-08-12,88793.1
1982-08-13,89655.17
1982-08-16,90649.87
1982-08-17,89588.86
1982-08-18,94893.9
1982-08-19,94602.12
1982-08-20,102519.89
1982-08-23,104641.91
1982-08-24,108156.5
1982-08-25,106366.05
1982-08-26,110610.08
1982-08-27,110875.33
1982-08-30,110875.33
1982-08-31,109151.19
1982-09-01,107493.37
1982-09-02,108687
1982-09-03,120689.66
1982-09-07,127586.21
1982-09-08,121485.41
1982-09-09,123607.43
1982-09-10,120159.15
1982-09-13,116445.62
1982-09-14,120490.72
1982-09-15,117572.94
1982-09-16,118965.52
1982-09-17,117108.75
1982-09-20,112533.16
1982-09-21,113129.97
1982-09-22,117705.57
1982-09-23,115610.08
1982-09-24,114323.61
1982-09-27,109748.01
1982-09-28,108885.94
1982-09-29,108687
1982-09-30,105305.04
1982-10-01,106631.3
1982-10-04,102785.15
1982-10-05,103514.59
1982-10-06,107161.8
1982-10-07,111007.96
1982-10-08,114854.11
1982-10-11,114058.36
1982-10-12,117042.44
1982-10-13,113726.79
1982-10-14,118832.89
1982-10-15,114721.49
1982-10-18,113594.16
1982-10-19,117108.75
1982-10-20,111936.34
1982-10-21,114721.49
1982-10-22,113527.85
1982-10-25,111034.48
1982-10-26,111206.9
1982-10-27,110809.02
1982-10-28,110941.64
1982-10-29,112267.9
1982-11-01,113328.91
1982-11-02,114323.61
1982-11-03,113395.23
1982-11-04,112665.78
1982-11-05,110742.71
1982-11-08,108023.87
1982-11-09,108554.38
1982-11-10,109018.57
1982-11-11,106432.36
1982-11-12,105570.29
1982-11-15,106962.86
1982-11-16,108090.19
1982-11-17,109416.45
1982-11-18,108355.44
1982-11-19,110769.23
1982-11-22,108885.94
1982-11-23,107692.31
1982-11-24,108554.38
1982-11-26,110809.02
1982-11-29,115119.36
1982-11-30,115649.87
1982-12-01,116777.19
1982-12-02,118368.7
1982-12-03,117042.44
1982-12-06,118103.45
1982-12-07,120557.03
1982-12-08,118037.14
1982-12-09,116047.75
1982-12-10,115583.55
1982-12-13,116379.31
1982-12-14,119204.24
1982-12-15,116047.75
1982-12-16,116777.19
1982-12-17,115915.12
1982-12-20,116777.19
1982-12-21,117307.69
1982-12-22,118633.95
1982-12-23,118236.07
1982-12-27,118236.07
1982-12-28,118236.07
1982-12-29,122148.54
1982-12-30,121193.63
1982-12-31,121193.63
1983-01-03,121193.63
1983-01-04,119230.77
1983-01-05,120424.4
1983-01-06,120557.03
1983-01-07,123342.18
1983-01-10,125729.44
1983-01-11,128514.59
1983-01-12,127453.58
1983-01-13,129509.28
1983-01-14,128183.02
1983-01-17,132228.12
1983-01-18,128647.21
1983-01-19,131432.36
1983-01-20,129244.03
1983-01-21,128647.21
1983-01-24,126259.95
1983-01-25,129641.91
1983-01-26,129045.09
1983-01-27,131697.61
1983-01-28,130968.17
1983-01-31,132493.37
1983-02-01,134880.64
1983-02-02,132161.8
1983-02-03,133554.38
1983-02-04,132228.12
1983-02-07,130039.79
1983-02-08,131896.55
1983-02-09,130570.29
1983-02-10,131564.99
1983-02-11,133819.63
1983-02-14,132758.62
1983-02-15,135079.58
1983-02-16,134880.64
1983-02-17,133885.94
1983-02-18,133554.38
1983-02-22,128779.84
1983-02-23,124734.75
1983-02-24,125994.69
1983-02-25,123275.86
1983-02-28,108355.44
1983-03-01,109814.32
1983-03-02,114058.36
1983-03-03,113925.73
1983-03-04,109416.45
1983-03-07,111604.77
1983-03-08,110742.71
1983-03-09,112997.35
1983-03-10,115318.3
1983-03-11,111538.46
1983-03-14,113660.48
1983-03-15,115251.99
1983-03-16,111140.58
1983-03-17,110477.45
1983-03-18,111870.03
1983-03-21,109946.95
1983-03-22,111737.4
1983-03-23,108753.32
1983-03-24,110212.2
1983-03-25,109217.51
1983-03-28,108421.75
1983-03-29,109482.76
1983-03-30,110875.33
1983-03-31,110013.26
1983-04-04,110013.26
1983-04-05,113196.29
1983-04-06,113660.48
1983-04-07,112931.03
1983-04-08,111737.4
1983-04-11,113196.29
1983-04-12,114787.8
1983-04-13,113859.42
1983-04-14,115517.24
1983-04-15,115782.49
1983-04-18,117506.63
1983-04-19,116578.25
1983-04-20,115053.05
1983-04-21,116578.25
1983-04-22,115915.12
1983-04-25,117108.75
1983-04-26,115517.24
1983-04-27,115185.68
1983-04-28,113660.48
1983-04-29,113859.42
1983-05-02,113859.42
1983-05-03,114986.74
1983-05-04,114787.8
1983-05-05,115053.05
1983-05-06,114389.92
1983-05-09,115119.36
1983-05-10,117705.57
1983-05-11,117506.63
1983-05-12,116644.56
1983-05-13,117042.44
1983-05-16,115716.18
1983-05-17,116909.81
1983-05-18,117440.32
1983-05-19,117400.53
1983-05-20,116379.31
1983-05-23,114787.8
1983-05-24,115862.07
1983-05-25,117175.07
1983-05-26,116710.88
1983-05-27,115981.43
1983-05-31,116047.75
1983-06-01,108753.32
1983-06-02,109416.45
1983-06-03,109151.19
1983-06-06,108156.5
1983-06-07,106167.11
1983-06-08,106896.55
1983-06-09,108156.5
1983-06-10,109084.88
1983-06-13,109549.07
1983-06-14,108196.29
1983-06-15,108289.12
1983-06-16,109416.45
1983-06-17,110212.2
1983-06-20,110278.51
1983-06-21,110013.26
1983-06-22,111538.46
1983-06-23,111538.46
1983-06-24,112334.22
1983-06-27,111273.21
1983-06-28,110344.83
1983-06-29,110039.79
1983-06-30,110344.83
1983-07-01,110411.14
1983-07-05,108952.25
1983-07-06,109190.98
1983-07-07,109350.13
1983-07-08,112997.35
1983-07-11,114190.98
1983-07-12,113793.1
1983-07-13,113328.91
1983-07-14,113063.66
1983-07-15,112002.65
1983-07-18,112042.44
1983-07-19,112400.53
1983-07-20,113594.16
1983-07-21,113992.04
1983-07-22,112334.22
1983-07-25,111936.34
1983-07-26,112864.72
1983-07-27,113063.66
1983-07-28,112864.72
1983-07-29,111936.34
1983-08-01,109084.88
1983-08-02,109880.64
1983-08-03,109018.57
1983-08-04,109814.32
1983-08-05,108687
1983-08-08,108355.44
1983-08-09,109549.07
1983-08-10,108289.12
1983-08-11,109217.51
1983-08-12,109403.18
1983-08-15,110344.83
1983-08-16,111538.46
1983-08-17,112068.97
1983-08-18,111803.71
1983-08-19,110809.02
1983-08-22,111870.03
1983-08-23,113103.45
1983-08-24,112466.84
1983-08-25,112267.9
1983-08-26,110610.08
1983-08-29,110610.08
1983-08-30,110901.86
1983-08-31,109880.64
1983-09-01,110503.98
1983-09-02,110742.71
1983-09-06,110941.64
1983-09-07,109615.38
1983-09-08,109814.32
1983-09-09,110013.26
1983-09-12,110278.51
1983-09-13,107891.25
1983-09-14,106564.99
1983-09-15,107493.37
1983-09-16,107559.68
1983-09-19,109350.13
1983-09-20,109376.66
1983-09-21,109084.88
1983-09-22,108156.5
1983-09-23,109549.07
1983-09-26,110079.58
1983-09-27,109350.13
1983-09-28,109708.22
1983-09-29,108421.75
1983-09-30,107427.06
1983-10-03,103183.02
1983-10-04,104376.66
1983-10-05,103315.65
1983-10-06,104509.28
1983-10-07,105411.14
1983-10-10,106366.05
1983-10-11,105835.54
1983-10-12,104708.22
1983-10-13,105742.71
1983-10-14,105769.23
1983-10-17,104774.54
1983-10-18,105371.35
1983-10-19,104509.28
1983-10-20,103381.96
1983-10-21,104575.6
1983-10-24,104641.91
1983-10-25,105570.29
1983-10-26,104137.93
1983-10-27,101989.39
1983-10-28,102851.46
1983-10-31,101326.26
1983-11-01,100198.94
1983-11-02,101591.51
1983-11-03,100198.94
1983-11-04,101061.01
1983-11-07,100530.5
1983-11-08,101392.57
1983-11-09,101591.51
1983-11-10,101273.21
1983-11-11,101326.26
1983-11-14,101485.41
1983-11-15,101657.82
1983-11-16,101657.82
1983-11-17,99668.44
1983-11-18,99535.81
1983-11-21,99270.56
1983-11-22,99867.37
1983-11-23,99668.44
1983-11-25,99761.27
1983-11-28,104575.6
1983-11-29,103846.15
1983-11-30,107427.06
1983-12-01,105901.86
1983-12-02,106299.73
1983-12-05,105371.35
1983-12-06,105305.04
1983-12-07,106034.48
1983-12-08,106366.05
1983-12-09,103116.71
1983-12-12,103779.84
1983-12-13,103236.07
1983-12-14,103183.02
1983-12-15,103116.71
1983-12-16,100066.31
1983-12-19,99469.5
1983-12-20,100291.78
1983-12-21,100424.4
1983-12-22,100503.98
1983-12-23,100503.98
1983-12-27,100503.98
1983-12-28,100265.25
1983-12-29,101432.36
1983-12-30,101432.36
1984-01-03,101591.51
1984-01-04,99204.24
1984-01-05,99535.81
1984-01-06,99535.81
1984-01-09,96883.29
1984-01-10,98474.8
1984-01-11,97546.42
1984-01-12,97745.36
1984-01-13,99005.31
1984-01-16,97904.51
1984-01-17,97546.42
1984-01-18,97811.67
1984-01-19,99403.18
1984-01-20,98474.8
1984-01-23,98501.33
1984-01-24,96843.5
1984-01-25,97214.85
1984-01-26,97347.48
1984-01-27,98143.24
1984-01-30,98103.45
1984-01-31,99137.93
1984-02-01,100305.04
1984-02-02,101657.82
1984-02-03,101618.04
1984-02-06,101007.96
1984-02-07,100729.44
1984-02-08,102453.58
1984-02-09,101591.51
1984-02-10,100172.41
1984-02-13,99960.21
1984-02-14,99734.75
1984-02-15,101591.51
1984-02-16,101830.24
1984-02-17,101366.05
1984-02-21,103183.02
1984-02-22,104840.85
1984-02-23,105636.6
1984-02-24,104973.47
1984-02-27,104376.66
1984-02-28,105901.86
1984-02-29,104575.6
1984-03-01,104177.72
1984-03-02,105835.54
1984-03-05,107652.52
1984-03-06,106763.93
1984-03-07,105769.23
1984-03-08,105371.35
1984-03-09,106074.27
1984-03-12,104973.47
1984-03-13,105371.35
1984-03-14,106034.48
1984-03-15,104641.91
1984-03-16,104177.72
1984-03-19,104403.18
1984-03-20,104469.5
1984-03-21,104071.62
1984-03-22,103275.86
1984-03-23,102891.25
1984-03-26,102758.62
1984-03-27,103143.24
1984-03-28,102320.95
1984-03-29,103514.59
1984-03-30,103050.4
1984-04-02,102705.57
1984-04-03,100901.86
1984-04-04,101127.32
1984-04-05,101114.06
1984-04-06,100862.07
1984-04-09,101432.36
1984-04-10,101153.85
1984-04-11,101989.39
1984-04-12,101299.73
1984-04-13,100596.82
1984-04-16,100822.28
1984-04-17,100848.81
1984-04-18,100936.34
1984-04-19,102095.49
1984-04-23,102095.49
1984-04-24,101657.82
1984-04-25,101405.84
1984-04-26,100769.23
1984-04-27,100596.82
1984-04-30,99681.7
1984-05-01,99867.37
1984-05-02,100092.84
1984-05-03,100397.88
1984-05-04,99920.42
1984-05-07,99920.42
1984-05-08,98541.11
1984-05-09,98832.89
1984-05-10,98607.43
1984-05-11,98806.37
1984-05-14,98819.63
1984-05-15,99005.31
1984-05-16,99535.81
1984-05-17,99867.37
1984-05-18,99628.65
1984-05-21,100994.69
1984-05-22,100663.13
1984-05-23,100411.14
1984-05-24,99641.91
1984-05-25,101909.81
1984-05-29,102281.17
1984-05-30,102493.37
1984-05-31,101923.08
1984-06-01,104442.97
1984-06-04,103713.53
1984-06-05,104442.97
1984-06-06,103885.94
1984-06-07,104031.83
1984-06-08,102387.27
1984-06-11,101458.89
1984-06-12,99469.5
1984-06-13,99204.24
1984-06-14,99628.65
1984-06-15,97612.73
1984-06-18,97586.21
1984-06-19,98302.39
1984-06-20,98143.24
1984-06-21,98342.18
1984-06-22,99270.56
1984-06-25,97944.3
1984-06-26,98010.61
1984-06-27,97965.52
1984-06-28,98912.47
1984-06-29,98952.25
1984-07-02,98143.24
1984-07-03,97705.57
1984-07-05,96763.93
1984-07-06,93700.27
1984-07-09,89787.8
1984-07-10,91313
1984-07-11,89986.74
1984-07-12,90490.72
1984-07-13,91511.94
1984-07-16,92864.72
1984-07-17,92082.23
1984-07-18,91710.88
1984-07-19,92891.25
1984-07-20,90716.18
1984-07-23,88859.42
1984-07-24,89787.8
1984-07-25,90649.87
1984-07-26,91299.73
1984-07-27,88925.73
1984-07-30,89787.8
1984-07-31,90809.02
1984-08-01,89920.42
1984-08-02,91246.68
1984-08-03,92639.26
1984-08-06,92639.26
1984-08-07,90716.18
1984-08-08,91379.31
1984-08-09,91313
1984-08-10,91976.13
1984-08-13,91114.06
1984-08-14,93899.2
1984-08-15,93076.92
1984-08-16,93435.01
1984-08-17,93368.7
1984-08-20,92652.52
1984-08-21,91777.19
1984-08-22,91511.94
1984-08-23,93169.76
1984-08-24,92838.2
1984-08-27,92838.2
1984-08-28,92771.88
1984-08-29,92970.82
1984-08-30,92108.75
1984-08-31,92374.01
1984-09-04,90503.98
1984-09-05,89721.49
1984-09-06,90318.3
1984-09-07,90119.36
1984-09-10,89774.54
1984-09-11,90265.25
1984-09-12,89787.8
1984-09-13,89350.13
1984-09-14,90570.29
1984-09-17,88925.73
1984-09-18,89323.61
1984-09-19,90185.68
1984-09-20,89854.11
1984-09-21,91114.06
1984-09-24,92241.38
1984-09-25,91511.94
1984-09-26,91803.71
1984-09-27,91578.25
1984-09-28,91180.37
1984-10-01,91618.04
1984-10-02,91578.25
1984-10-03,92440.32
1984-10-04,91843.5
1984-10-05,91193.63
1984-10-08,90610.08
1984-10-09,90450.93
1984-10-10,89588.86
1984-10-11,89681.7
1984-10-12,89893.9
1984-10-15,89827.59
1984-10-16,90053.05
1984-10-17,90331.56
1984-10-18,90053.05
1984-10-19,90053.05
1984-10-22,89761.27
1984-10-23,90185.68
1984-10-24,90185.68
1984-10-25,89787.8
1984-10-26,89549.07
1984-10-29,89190.98
1984-10-30,88992.04
1984-10-31,88461.54
1984-11-01,88541.11
1984-11-02,91007.96
1984-11-05,90835.54
1984-11-06,91803.71
1984-11-07,92201.59
1984-11-08,92068.97
1984-11-09,91989.39
1984-11-12,91710.88
1984-11-13,92957.56
1984-11-14,91724.14
1984-11-15,91180.37
1984-11-16,91511.94
1984-11-19,91087.53
1984-11-20,90888.59
1984-11-21,90265.25
1984-11-23,90583.55
1984-11-26,89363.4
1984-11-27,88302.39
1984-11-28,87267.9
1984-11-29,87692.31
1984-11-30,87267.9
1984-12-03,87400.53
1984-12-04,88063.66
1984-12-05,87506.63
1984-12-06,87732.1
1984-12-07,86737.4
1984-12-10,86538.46
1984-12-11,86671.09
1984-12-12,86074.27
1984-12-13,86007.96
1984-12-14,85543.77
1984-12-17,83554.38
1984-12-18,81962.86
1984-12-19,82042.44
1984-12-20,81564.99
1984-12-21,82493.37
1984-12-24,82493.37
1984-12-26,82493.37
1984-12-27,82493.37
1984-12-28,82015.92
1984-12-31,81777.19
1985-01-02,81034.48
1985-01-03,80185.68
1985-01-04,80411.14
1985-01-07,79111.41
1985-01-08,80106.1
1985-01-09,79708.22
1985-01-10,80583.55
1985-01-11,80702.92
1985-01-14,79310.34
1985-01-15,80053.05
1985-01-16,80291.78
1985-01-17,81034.48
1985-01-18,81697.61
1985-01-21,81498.67
1985-01-22,81405.84
1985-01-23,79641.91
1985-01-24,79801.06
1985-01-25,79270.56
1985-01-28,78978.78
1985-01-29,80437.67
1985-01-30,80344.83
1985-01-31,81339.52
1985-02-01,80530.5
1985-02-04,79907.16
1985-02-05,80119.36
1985-02-06,80331.56
1985-02-07,80013.26
1985-02-08,79522.55
1985-02-11,79615.38
1985-02-12,80238.73
1985-02-13,80424.4
1985-02-14,80676.39
1985-02-15,80636.6
1985-02-19,80265.25
1985-02-20,80344.83
1985-02-21,79535.81
1985-02-22,79151.19
1985-02-25,75397.88
1985-02-26,75795.76
1985-02-27,77135.28
1985-02-28,76326.26
1985-03-01,76193.63
1985-03-04,76564.99
1985-03-05,76366.05
1985-03-06,76233.42
1985-03-07,76816.98
1985-03-08,77188.33
1985-03-11,77188.33
1985-03-12,76511.94
1985-03-13,76989.39
1985-03-14,77122.02
1985-03-15,77639.26
1985-03-18,79270.56
1985-03-19,84018.57
1985-03-20,85941.64
1985-03-21,84482.76
1985-03-22,83687
1985-03-25,83448.28
1985-03-26,85875.33
1985-03-27,87639.26
1985-03-28,86538.46
1985-03-29,87334.22
1985-04-01,85172.41
1985-04-02,84549.07
1985-04-03,85212.2
1985-04-04,84018.57
1985-04-08,84018.57
1985-04-09,85702.92
1985-04-10,86803.71
1985-04-11,88129.97
1985-04-12,87506.63
1985-04-15,88660.48
1985-04-16,87665.78
1985-04-17,86830.24
1985-04-18,87466.84
1985-04-19,86737.4
1985-04-22,86936.34
1985-04-23,86644.56
1985-04-24,85411.14
1985-04-25,85543.77
1985-04-26,85809.02
1985-04-29,85543.77
1985-04-30,85238.73
1985-05-01,82891.25
1985-05-02,83090.19
1985-05-03,82957.56
1985-05-06,82957.56
1985-05-07,83156.5
1985-05-08,82984.08
1985-05-09,83580.9
1985-05-10,83421.75
1985-05-13,85145.89
1985-05-14,86604.77
1985-05-15,85610.08
1985-05-16,84907.16
1985-05-17,85543.77
1985-05-20,85755.97
1985-05-21,83527.85
1985-05-22,83885.94
1985-05-23,83660.48
1985-05-24,83474.8
1985-05-28,82559.68
1985-05-29,82758.62
1985-05-30,83448.28
1985-05-31,83289.12
1985-06-03,84376.66
1985-06-04,83726.79
1985-06-05,83342.18
1985-06-06,83501.33
1985-06-07,83368.7
1985-06-10,82758.62
1985-06-11,83554.38
1985-06-12,83421.75
1985-06-13,83222.81
1985-06-14,84416.45
1985-06-17,84588.86
1985-06-18,85875.33
1985-06-19,86313
1985-06-20,84376.66
1985-06-21,83143.24
1985-06-24,83461.54
1985-06-25,83687
1985-06-26,84018.57
1985-06-27,83554.38
1985-06-28,84283.82
1985-07-01,83262.6
1985-07-02,81763.93
1985-07-03,82320.95
1985-07-05,82652.52
1985-07-08,82029.18
1985-07-09,83514.59
1985-07-10,83514.59
1985-07-11,83169.76
1985-07-12,83726.79
1985-07-15,83779.84
1985-07-16,85344.83
1985-07-17,86366.05
1985-07-18,84880.64
1985-07-19,84588.86
1985-07-22,84151.19
1985-07-23,85543.77
1985-07-24,84283.82
1985-07-25,84190.98
1985-07-26,84071.62
1985-07-29,86604.77
1985-07-30,86273.21
1985-07-31,86870.03
1985-08-01,85437.67
1985-08-02,85013.26
1985-08-05,85875.33
1985-08-06,84827.59
1985-08-07,85185.68
1985-08-08,85543.77
1985-08-09,85318.3
1985-08-12,86644.56
1985-08-13,86604.77
1985-08-14,86472.15
1985-08-15,87824.93
1985-08-16,88952.25
1985-08-19,90424.4
1985-08-20,88633.95
1985-08-21,89098.14
1985-08-22,88992.04
1985-08-23,88819.63
1985-08-26,88819.63
1985-08-27,89124.67
1985-08-28,90424.4
1985-08-29,89389.92
1985-08-30,88395.23
1985-09-03,87055.7
1985-09-04,86472.15
1985-09-05,86405.84
1985-09-06,84190.98
1985-09-09,84708.22
1985-09-10,85318.3
1985-09-11,85079.58
1985-09-12,84681.7
1985-09-13,85225.46
1985-09-16,84694.96
1985-09-17,84244.03
1985-09-18,83885.94
1985-09-19,83899.2
1985-09-20,84655.17
1985-09-23,86856.76
1985-09-24,86976.13
1985-09-25,87135.28
1985-09-26,87334.22
1985-09-30,86405.84
1985-10-01,85477.45
1985-10-02,86193.63
1985-10-03,86180.37
1985-10-04,87002.65
1985-10-07,86405.84
1985-10-08,86564.99
1985-10-09,86618.04
1985-10-10,86339.52
1985-10-11,86366.05
1985-10-14,86644.56
1985-10-15,86737.4
1985-10-16,85848.81
1985-10-17,86339.52
1985-10-18,86538.46
1985-10-21,86511.94
1985-10-22,86936.34
1985-10-23,86445.62
1985-10-24,86525.2
1985-10-25,86313
1985-10-28,86604.77
1985-10-29,86551.72
1985-10-30,86525.2
1985-10-31,86233.42
1985-11-01,85809.02
1985-11-04,86299.73
1985-11-05,86100.8
1985-11-06,86047.75
1985-11-07,85676.39
1985-11-08,85397.88
1985-11-11,85702.92
1985-11-12,85702.92
1985-11-13,86074.27
1985-11-14,86286.47
1985-11-15,86313
1985-11-18,85809.02
1985-11-19,86034.48
1985-11-20,86379.31
1985-11-21,86419.1
1985-11-22,86604.77
1985-11-25,87586.21
1985-11-26,87864.72
1985-11-27,87042.44
1985-11-29,86286.47
1985-12-02,85278.51
1985-12-03,85570.29
1985-12-04,85994.69
1985-12-05,85623.34
1985-12-06,85490.72
1985-12-09,84190.98
1985-12-10,84084.88
1985-12-11,83687
1985-12-12,84217.51
1985-12-13,84283.82
1985-12-16,84509.28
1985-12-17,85185.68
1985-12-18,84893.9
1985-12-19,86419.1
1985-12-20,86352.79
1985-12-23,86896.55
1985-12-24,86167.11
1985-12-26,86167.11
1985-12-27,86697.61
1985-12-30,86684.35
1985-12-31,86684.35
1986-01-02,86551.72
1986-01-03,86671.09
1986-01-06,87002.65
1986-01-07,87533.16
1986-01-08,88222.81
1986-01-09,88461.54
1986-01-10,90305.04
1986-01-13,90026.53
1986-01-14,90450.93
1986-01-15,91976.13
1986-01-16,96286.47
1986-01-17,93527.85
1986-01-20,93103.45
1986-01-21,94562.33
1986-01-22,93633.95
1986-01-23,92917.77
1986-01-24,93899.2
1986-01-27,95066.31
1986-01-28,93633.95
1986-01-29,93700.27
1986-01-30,94960.21
1986-01-31,92970.82
1986-02-03,92122.02
1986-02-04,89814.32
1986-02-05,89469.5
1986-02-06,89416.45
1986-02-07,89442.97
1986-02-10,90225.46
1986-02-11,89071.62
1986-02-12,89456.23
1986-02-13,88594.16
1986-02-14,87891.25
1986-02-18,89456.23
1986-02-19,90557.03
1986-02-20,89416.45
1986-02-21,89655.17
1986-02-24,90663.13
1986-02-25,93474.8
1986-02-26,91710.88
1986-02-27,89363.4
1986-02-28,89694.96
1986-03-03,89018.57
1986-03-04,89429.71
1986-03-05,90583.55
1986-03-06,91379.31
1986-03-07,91074.27
1986-03-10,90251.99
1986-03-11,90954.91
1986-03-12,91206.9
1986-03-13,92732.1
1986-03-14,92307.69
1986-03-17,92811.67
1986-03-18,93143.24
1986-03-19,91976.13
1986-03-20,93010.61
1986-03-21,93607.43
1986-03-24,92891.25
1986-03-25,93302.39
1986-03-26,91326.26
1986-03-27,91246.68
1986-03-31,91246.68
1986-04-01,88355.44
1986-04-02,88992.04
1986-04-03,88793.1
1986-04-04,88726.79
1986-04-07,89562.33
1986-04-08,90026.53
1986-04-09,89615.38
1986-04-10,89575.6
1986-04-11,90702.92
1986-04-14,90610.08
1986-04-15,90649.87
1986-04-16,89920.42
1986-04-17,90159.15
1986-04-18,90915.12
1986-04-21,90557.03
1986-04-22,91273.21
1986-04-23,91830.24
1986-04-24,91445.62
1986-04-25,91366.05
1986-04-28,91021.22
1986-04-29,90835.54
1986-04-30,91710.88
1986-05-01,91538.46
1986-05-02,90610.08
1986-05-05,90610.08
1986-05-06,90291.78
1986-05-07,90835.54
1986-05-08,91578.25
1986-05-09,91604.77
1986-05-12,91564.99
1986-05-13,91167.11
1986-05-14,90835.54
1986-05-15,90716.18
1986-05-16,90981.43
1986-05-19,90397.88
1986-05-20,89840.85
1986-05-21,89893.9
1986-05-22,90305.04
1986-05-23,90477.45
1986-05-27,90583.55
1986-05-28,91180.37
1986-05-29,90901.86
1986-05-30,91034.48
1986-06-02,90676.39
1986-06-03,90769.23
1986-06-04,90384.62
1986-06-05,90649.87
1986-06-06,90623.34
1986-06-09,90663.13
1986-06-10,92228.12
1986-06-11,92148.54
1986-06-12,92400.53
1986-06-13,91830.24
1986-06-16,90000
1986-06-17,89323.61
1986-06-18,89960.21
1986-06-19,89973.47
1986-06-20,90092.84
1986-06-23,90464.19
1986-06-24,90716.18
1986-06-25,91286.47
1986-06-26,91485.41
1986-06-27,91379.31
1986-06-30,91976.13
1986-07-01,91538.46
1986-07-02,90795.76
1986-07-03,91206.9
1986-07-07,91472.15
1986-07-08,92267.9
1986-07-09,92334.22
1986-07-10,91989.39
1986-07-11,92334.22
1986-07-14,91710.88
1986-07-15,91777.19
1986-07-16,92201.59
1986-07-17,92042.44
1986-07-18,92281.17
1986-07-21,93885.94
1986-07-22,93766.58
1986-07-23,92108.75
1986-07-24,92480.11
1986-07-25,92679.05
1986-07-28,93793.1
1986-07-29,93169.76
1986-07-30,93275.86
1986-07-31,94827.59
1986-08-01,95755.97
1986-08-04,95437.67
1986-08-05,95092.84
1986-08-06,96127.32
1986-08-07,95968.17
1986-08-08,97824.93
1986-08-11,102917.77
1986-08-12,101856.76
1986-08-13,102917.77
1986-08-14,102188.33
1986-08-15,102148.54
1986-08-18,100066.31
1986-08-19,99310.34
1986-08-20,100265.25
1986-08-21,100994.69
1986-08-22,102453.58
1986-08-25,102453.58
1986-08-26,101087.53
1986-08-27,100822.28
1986-08-28,102572.94
1986-08-29,102042.44
1986-09-02,104310.34
1986-09-03,107427.06
1986-09-04,107559.68
1986-09-05,111618.04
1986-09-08,111034.48
1986-09-09,108554.38
1986-09-10,111007.96
1986-09-11,106631.3
1986-09-12,111273.21
1986-09-15,109549.07
1986-09-16,110676.39
1986-09-17,109602.12
1986-09-18,110835.54
1986-09-19,114058.36
1986-09-22,115517.24
1986-09-23,115384.62
1986-09-24,114456.23
1986-09-25,113899.2
1986-09-26,114854.11
1986-09-29,113262.6
1986-09-30,112254.64
1986-10-01,112732.1
1986-10-02,114403.18
1986-10-03,115649.87
1986-10-06,115888.59
1986-10-07,115649.87
1986-10-08,116206.9
1986-10-09,115583.55
1986-10-10,114257.29
1986-10-13,114748.01
1986-10-14,113740.05
1986-10-15,111936.34
1986-10-16,112864.72
1986-10-17,111206.9
1986-10-20,112732.1
1986-10-21,112758.62
1986-10-22,112732.1
1986-10-23,112307.69
1986-10-24,108885.94
1986-10-27,108687
1986-10-28,108938.99
1986-10-29,107639.26
1986-10-30,107824.93
1986-10-31,106366.05
1986-11-03,107745.36
1986-11-04,108222.81
1986-11-05,107493.37
1986-11-06,108368.7
1986-11-07,108275.86
1986-11-10,108952.25
1986-11-11,107692.31
1986-11-12,107957.56
1986-11-13,108090.19
1986-11-14,108289.12
1986-11-17,104111.41
1986-11-18,103713.53
1986-11-19,104350.13
1986-11-20,103275.86
1986-11-21,102970.82
1986-11-24,100928.38
1986-11-25,101790.45
1986-11-26,101750.66
1986-11-28,103315.65
1986-12-01,104920.42
1986-12-02,103315.65
1986-12-03,103381.96
1986-12-04,103249.34
1986-12-05,103050.4
1986-12-08,103342.18
1986-12-09,102599.47
1986-12-10,103846.15
1986-12-11,103023.87
1986-12-12,103846.15
1986-12-15,104588.86
1986-12-16,104270.56
1986-12-17,103978.78
1986-12-18,103647.21
1986-12-19,104721.49
1986-12-22,104549.07
1986-12-23,103236.07
1986-12-24,103236.07
1986-12-26,103236.07
1986-12-29,103474.8
1986-12-30,103116.71
1986-12-31,103116.71
1987-01-02,107029.18
1987-01-05,105822.28
1987-01-06,106551.72
1987-01-07,106206.9
1987-01-08,106803.71
1987-01-09,106631.3
1987-01-12,109045.09
1987-01-13,108488.06
1987-01-14,110106.1
1987-01-15,110411.14
1987-01-16,110265.25
1987-01-19,112002.65
1987-01-20,110278.51
1987-01-21,108010.61
1987-01-22,108872.68
1987-01-23,106100.8
1987-01-26,107692.31
1987-01-27,109151.19
1987-01-28,109748.01
1987-01-29,108673.74
1987-01-30,106233.42
1987-02-02,107891.25
1987-02-03,107161.8
1987-02-04,106843.5
1987-02-05,105809.02
1987-02-06,106790.45
1987-02-09,107665.78
1987-02-10,106856.76
1987-02-11,106896.55
1987-02-12,106710.88
1987-02-13,105397.88
1987-02-17,105371.35
1987-02-18,103448.28
1987-02-19,104336.87
1987-02-20,106034.48
1987-02-23,106949.6
1987-02-24,105915.12
1987-02-25,107639.26
1987-02-26,107188.33
1987-02-27,107652.52
1987-03-02,107228.12
1987-03-03,107108.75
1987-03-04,107838.2
1987-03-05,108952.25
1987-03-06,107771.88
1987-03-09,107427.06
1987-03-10,107586.21
1987-03-11,108010.61
1987-03-12,108726.79
1987-03-13,108355.44
1987-03-16,107506.63
1987-03-17,107785.15
1987-03-18,107254.64
1987-03-19,107281.17
1987-03-20,107281.17
1987-03-23,108302.39
1987-03-24,108488.06
1987-03-25,109734.75
1987-03-26,109018.57
1987-03-27,110437.67
1987-03-30,112466.84
1987-03-31,111671.09
1987-04-01,111074.27
1987-04-02,111061.01
1987-04-03,111061.01
1987-04-06,111790.45
1987-04-07,111007.96
1987-04-08,111538.46
1987-04-09,111671.09
1987-04-10,114482.76
1987-04-13,115623.34
1987-04-14,117347.48
1987-04-15,117798.41
1987-04-16,116114.06
1987-04-20,116114.06
1987-04-21,119230.77
1987-04-22,118169.76
1987-04-23,119496.02
1987-04-24,122599.47
1987-04-27,125928.38
1987-04-28,120159.15
1987-04-29,119098.14
1987-04-30,120225.46
1987-05-01,121153.85
1987-05-04,121153.85
1987-05-05,121816.98
1987-05-06,121021.22
1987-05-07,121021.22
1987-05-08,120159.15
1987-05-11,120159.15
1987-05-12,122201.59
1987-05-13,122148.54
1987-05-14,122294.43
1987-05-15,124641.91
1987-05-18,125530.5
1987-05-19,124960.21
1987-05-20,126061.01
1987-05-21,124429.71
1987-05-22,123740.05
1987-05-26,119098.14
1987-05-27,119230.77
1987-05-28,120185.68
1987-05-29,119628.65
1987-06-01,117480.11
1987-06-02,120689.66
1987-06-03,120159.15
1987-06-04,120092.84
1987-06-05,120291.78
1987-06-08,121100.8
1987-06-09,120066.31
1987-06-10,120862.07
1987-06-11,121220.16
1987-06-12,120809.02
1987-06-15,119297.08
1987-06-16,120092.84
1987-06-17,119694.96
1987-06-18,119946.95
1987-06-19,119098.14
1987-06-22,116180.37
1987-06-23,116763.93
1987-06-24,117175.07
1987-06-25,116843.5
1987-06-26,117798.41
1987-06-29,119297.08
1987-06-30,118647.21
1987-07-01,118236.07
1987-07-02,118368.7
1987-07-06,117599.47
1987-07-07,117904.51
1987-07-08,118408.49
1987-07-09,117798.41
1987-07-10,117970.82
1987-07-13,118435.01
1987-07-14,118567.64
1987-07-15,120079.58
1987-07-16,120358.09
1987-07-17,119522.55
1987-07-20,119602.12
1987-07-21,120000
1987-07-22,120663.13
1987-07-23,120411.14
1987-07-24,120238.73
1987-07-27,120198.94
1987-07-28,120994.69
1987-07-29,121419.1
1987-07-30,121259.95
1987-07-31,122679.05
1987-08-03,125397.88
1987-08-04,125570.29
1987-08-05,124615.38
1987-08-06,124323.61
1987-08-07,123103.45
1987-08-10,122307.69
1987-08-11,122334.22
1987-08-12,122917.77
1987-08-13,122679.05
1987-08-14,122015.92
1987-08-17,120238.73
1987-08-18,121352.79
1987-08-19,121047.75
1987-08-20,120981.43
1987-08-21,120822.28
1987-08-24,121883.29
1987-08-25,121485.41
1987-08-26,121379.31
1987-08-27,121684.35
1987-08-28,120265.25
1987-08-31,120265.25
1987-09-01,120358.09
1987-09-02,122838.2
1987-09-03,122997.35
1987-09-04,123275.86
1987-09-08,121206.9
1987-09-09,121564.99
1987-09-10,122068.97
1987-09-11,121976.13
1987-09-14,120835.54
1987-09-15,121697.61
1987-09-16,121591.51
1987-09-17,122148.54
1987-09-18,122466.84
1987-09-21,121777.19
1987-09-22,122427.06
1987-09-23,122652.52
1987-09-24,123076.92
1987-09-25,122493.37
1987-09-28,122241.38
1987-09-29,121856.76
1987-09-30,121883.29
1987-10-01,120663.13
1987-10-02,120517.24
1987-10-05,121087.53
1987-10-06,121485.41
1987-10-07,121498.67
1987-10-08,121525.2
1987-10-09,122559.68
1987-10-12,122480.11
1987-10-13,121803.71
1987-10-14,122228.12
1987-10-15,123766.58
1987-10-16,123408.49
1987-10-19,127586.21
1987-10-20,123156.5
1987-10-21,123872.68
1987-10-22,125106.1
1987-10-23,124801.06
1987-10-26,125994.69
1987-10-27,125729.44
1987-10-28,126657.82
1987-10-29,125318.3
1987-10-30,124350.13
1987-11-02,124482.76
1987-11-03,123143.24
1987-11-04,123647.21
1987-11-05,121366.05
1987-11-06,122015.92
1987-11-09,122944.3
1987-11-10,121551.72
1987-11-11,122506.63
1987-11-12,122665.78
1987-11-13,123328.91
1987-11-16,122572.94
1987-11-17,123236.07
1987-11-18,122997.35
1987-11-19,123381.96
1987-11-20,123527.85
1987-11-23,124509.28
1987-11-24,125994.69
1987-11-25,126392.57
1987-11-27,126896.55
1987-11-30,130636.6
1987-12-01,129389.92
1987-12-02,130212.2
1987-12-03,130265.25
1987-12-04,128978.78
1987-12-07,127625.99
1987-12-08,128461.54
1987-12-09,128435.01
1987-12-10,129442.97
1987-12-11,130901.86
1987-12-14,132559.68
1987-12-15,130636.6
1987-12-16,128992.04
1987-12-17,126657.82
1987-12-18,127586.21
1987-12-21,127320.95
1987-12-22,128116.71
1987-12-23,127718.83
1987-12-24,127718.83
1987-12-28,127718.83
1987-12-29,128832.89
1987-12-30,128408.49
1987-12-31,128408.49
1988-01-04,127453.58
1988-01-05,126127.32
1988-01-06,127692.31
1988-01-07,128249.34
1988-01-08,128355.44
1988-01-11,128355.44
1988-01-12,127427.06
1988-01-13,127824.93
1988-01-14,127692.31
1988-01-15,127400.53
1988-01-18,126100.8
1988-01-19,126551.72
1988-01-20,126697.61
1988-01-21,126578.25
1988-01-22,126313
1988-01-25,126326.26
1988-01-26,124602.12
1988-01-27,123342.18
1988-01-28,123700.27
1988-01-29,121485.41
1988-02-01,120079.58
1988-02-02,120928.38
1988-02-03,118143.24
1988-02-04,117572.94
1988-02-05,117161.8
1988-02-08,117267.9
1988-02-09,116339.52
1988-02-10,117002.65
1988-02-11,116870.03
1988-02-12,117665.78
1988-02-16,118037.14
1988-02-17,118196.29
1988-02-18,118633.95
1988-02-19,117480.11
1988-02-22,118169.76
1988-02-23,117347.48
1988-02-24,115583.55
1988-02-25,114615.38
1988-02-26,114177.72
1988-02-29,113037.14
1988-03-01,113872.68
1988-03-02,113766.58
1988-03-03,113819.63
1988-03-04,114535.81
1988-03-07,115623.34
1988-03-08,115742.71
1988-03-09,115782.49
1988-03-10,117347.48
1988-03-11,117188.33
1988-03-14,117307.69
1988-03-15,117294.43
1988-03-16,118355.44
1988-03-17,118169.76
1988-03-18,117466.84
1988-03-21,119164.46
1988-03-22,118806.37
1988-03-23,119230.77
1988-03-24,120411.14
1988-03-25,119840.85
1988-03-28,120397.88
1988-03-29,120663.13
1988-03-30,120358.09
1988-03-31,121206.9
1988-04-04,121206.9
1988-04-05,120318.3
1988-04-06,119323.61
1988-04-07,118620.69
1988-04-08,119204.24
1988-04-11,119045.09
1988-04-12,119575.6
1988-04-13,119190.98
1988-04-14,119456.23
1988-04-15,121034.48
1988-04-18,121485.41
1988-04-19,121193.63
1988-04-20,121326.26
1988-04-21,120490.72
1988-04-22,118992.04
1988-04-25,119416.45
1988-04-26,118567.64
1988-04-27,119442.97
1988-04-28,119920.42
1988-04-29,119098.14
1988-05-02,119098.14
1988-05-03,118275.86
1988-05-04,117572.94
1988-05-05,117997.35
1988-05-06,117453.58
1988-05-09,117877.98
1988-05-10,118474.8
1988-05-11,119124.67
1988-05-12,119628.65
1988-05-13,119230.77
1988-05-16,120225.46
1988-05-17,120610.08
1988-05-18,120424.4
1988-05-19,121458.89
1988-05-20,120663.13
1988-05-23,121286.47
1988-05-24,121286.47
1988-05-25,120397.88
1988-05-26,120225.46
1988-05-27,119893.9
1988-05-31,120822.28
1988-06-01,121153.85
1988-06-02,120344.83
1988-06-03,123262.6
1988-06-06,123222.81
1988-06-07,123183.02
1988-06-08,121445.62
1988-06-09,120809.02
1988-06-10,121379.31
1988-06-13,119098.14
1988-06-14,118435.01
1988-06-15,119893.9
1988-06-16,120397.88
1988-06-17,119429.71
1988-06-20,120477.45
1988-06-21,119801.06
1988-06-22,118965.52
1988-06-23,118779.84
1988-06-24,117572.94
1988-06-27,117586.21
1988-06-28,117732.1
1988-06-29,115000
1988-06-30,115795.76
1988-07-01,115875.33
1988-07-05,116047.75
1988-07-06,115862.07
1988-07-07,116949.6
1988-07-08,116551.72
1988-07-11,115862.07
1988-07-12,115066.31
1988-07-13,115384.62
1988-07-14,116909.81
1988-07-15,116472.15
1988-07-18,115557.03
1988-07-19,115716.18
1988-07-20,117984.08
1988-07-21,117970.82
1988-07-22,117294.43
1988-07-25,116313
1988-07-26,114376.66
1988-07-27,114814.32
1988-07-28,114787.8
1988-07-29,115862.07
1988-08-01,115278.51
1988-08-02,114787.8
1988-08-03,115145.89
1988-08-04,114880.64
1988-08-05,114814.32
1988-08-08,114588.86
1988-08-09,112944.3
1988-08-10,113315.65
1988-08-11,113514.59
1988-08-12,114920.42
1988-08-15,114124.67
1988-08-16,114761.27
1988-08-17,113793.1
1988-08-18,114204.24
1988-08-19,114748.01
1988-08-22,114323.61
1988-08-23,114748.01
1988-08-24,114854.11
1988-08-25,115172.41
1988-08-26,114893.9
1988-08-29,114893.9
1988-08-30,113461.54
1988-08-31,113461.54
1988-09-01,114164.46
1988-09-02,113726.79
1988-09-06,113647.21
1988-09-07,113328.91
1988-09-08,113594.16
1988-09-09,113899.2
1988-09-12,111246.68
1988-09-13,111525.2
1988-09-14,111803.71
1988-09-15,111100.8
1988-09-16,110119.36
1988-09-19,108488.06
1988-09-20,108753.32
1988-09-21,106273.21
1988-09-22,105503.98
1988-09-23,106193.63
1988-09-26,104854.11
1988-09-27,105331.56
1988-09-28,104880.64
1988-09-29,105702.92
1988-09-30,105225.46
1988-10-03,105039.79
1988-10-04,105702.92
1988-10-05,104893.9
1988-10-06,107095.49
1988-10-07,107135.28
1988-10-10,107891.25
1988-10-11,108023.87
1988-10-12,107798.41
1988-10-13,107877.98
1988-10-14,108116.71
1988-10-17,109549.07
1988-10-18,109137.93
1988-10-19,109084.88
1988-10-20,109336.87
1988-10-21,108819.63
1988-10-24,107559.68
1988-10-25,108129.97
1988-10-26,108063.66
1988-10-27,108090.19
1988-10-28,109151.19
1988-10-31,109389.92
1988-11-01,108992.04
1988-11-02,110013.26
1988-11-03,112307.69
1988-11-04,111671.09
1988-11-07,111564.99
1988-11-08,110968.17
1988-11-09,111618.04
1988-11-10,111167.11
1988-11-11,111485.41
1988-11-14,111220.16
1988-11-15,112466.84
1988-11-16,112427.06
1988-11-17,111936.34
1988-11-18,110809.02
1988-11-21,110331.56
1988-11-22,110981.43
1988-11-23,111206.9
1988-11-25,112493.37
1988-11-28,112533.16
1988-11-29,112228.12
1988-11-30,112095.49
1988-12-01,112665.78
1988-12-02,112533.16
1988-12-05,113793.1
1988-12-06,113461.54
1988-12-07,112095.49
1988-12-08,112254.64
1988-12-09,111339.52
1988-12-12,111405.84
1988-12-13,111538.46
1988-12-14,111405.84
1988-12-15,110994.69
1988-12-16,109217.51
1988-12-19,109549.07
1988-12-20,109522.55
1988-12-21,109973.47
1988-12-22,110676.39
1988-12-23,110676.39
1988-12-27,110676.39
1988-12-28,109509.28
1988-12-29,108819.63
1988-12-30,108819.63
1989-01-03,109177.72
1989-01-04,108580.9
1989-01-05,108023.87
1989-01-06,107785.15
1989-01-09,106750.66
1989-01-10,107294.43
1989-01-11,107108.75
1989-01-12,107201.59
1989-01-13,107572.94
1989-01-16,106498.67
1989-01-17,106697.61
1989-01-18,106763.93
1989-01-19,107055.7
1989-01-20,107559.68
1989-01-23,108076.92
1989-01-24,108302.39
1989-01-25,107214.85
1989-01-26,107758.62
1989-01-27,106034.48
1989-01-30,104509.28
1989-01-31,104509.28
1989-02-01,104190.98
1989-02-02,103740.05
1989-02-03,103448.28
1989-02-06,102891.25
1989-02-07,103713.53
1989-02-08,103594.16
1989-02-09,104456.23
1989-02-10,103342.18
1989-02-13,101989.39
1989-02-14,101883.29
1989-02-15,101061.01
1989-02-16,101923.08
1989-02-17,100901.86
1989-02-21,101724.14
1989-02-22,102586.21
1989-02-23,103580.9
1989-02-24,103023.87
1989-02-27,103607.43
1989-02-28,102652.52
1989-03-01,101870.03
1989-03-02,101830.24
1989-03-03,102493.37
1989-03-06,102718.83
1989-03-07,103647.21
1989-03-08,104668.44
1989-03-09,103846.15
1989-03-10,104376.66
1989-03-13,104111.41
1989-03-14,104774.54
1989-03-15,104217.51
1989-03-16,103289.12
1989-03-17,104588.86
1989-03-20,104907.16
1989-03-21,104177.72
1989-03-22,104336.87
1989-03-23,104748.01
1989-03-27,104748.01
1989-03-28,103647.21
1989-03-29,101578.25
1989-03-30,101777.19
1989-03-31,101644.56
1989-04-03,102241.38
1989-04-04,102559.68
1989-04-05,101591.51
1989-04-06,101949.6
1989-04-07,101392.57
1989-04-10,101193.63
1989-04-11,102122.02
1989-04-12,102718.83
1989-04-13,103514.59
1989-04-14,102440.32
1989-04-17,102161.8
1989-04-18,101843.5
1989-04-19,101830.24
1989-04-20,101856.76
1989-04-21,101856.76
1989-04-24,101737.4
1989-04-25,102360.74
1989-04-26,101816.98
1989-04-27,101923.08
1989-04-28,100145.89
1989-05-01,100145.89
1989-05-02,100119.36
1989-05-03,100424.4
1989-05-04,100331.56
1989-05-05,99655.17
1989-05-08,100331.56
1989-05-09,99761.27
1989-05-10,100053.05
1989-05-11,100358.09
1989-05-12,100079.58
1989-05-15,99151.19
1989-05-16,99336.87
1989-05-17,98647.21
1989-05-18,98143.24
1989-05-19,96949.6
1989-05-22,95424.4
1989-05-23,96684.35
1989-05-24,95888.59
1989-05-25,96445.62
1989-05-26,97029.18
1989-05-30,96047.75
1989-05-31,95968.17
1989-06-01,95862.07
1989-06-02,95888.59
1989-06-05,96870.03
1989-06-06,96790.45
1989-06-07,99257.29
1989-06-08,99336.87
1989-06-09,97679.05
1989-06-12,95464.19
1989-06-13,95145.89
1989-06-14,95782.49
1989-06-15,95888.59
1989-06-16,96909.81
1989-06-19,96657.82
1989-06-20,97241.38
1989-06-21,97055.7
1989-06-22,98076.92
1989-06-23,98143.24
1989-06-26,99389.92
1989-06-27,99801.06
1989-06-28,99137.93
1989-06-29,99814.32
1989-06-30,98938.99
1989-07-03,99336.87
1989-07-05,101750.66
1989-07-06,102254.64
1989-07-07,101737.4
1989-07-10,101657.82
1989-07-11,100464.19
1989-07-12,100729.44
1989-07-13,99668.44
1989-07-14,98355.44
1989-07-17,98302.39
1989-07-18,98594.16
1989-07-19,98328.91
1989-07-20,98421.75
1989-07-21,98779.84
1989-07-24,98660.48
1989-07-25,98474.8
1989-07-26,98753.32
1989-07-27,99244.03
1989-07-28,98063.66
1989-07-31,97692.31
1989-08-01,97877.98
1989-08-02,98076.92
1989-08-03,97944.3
1989-08-04,98275.86
1989-08-07,97108.75
1989-08-08,97055.7
1989-08-09,96710.88
1989-08-10,97042.44
1989-08-11,95994.69
1989-08-14,96366.05
1989-08-15,97108.75
1989-08-16,97506.63
1989-08-17,96790.45
1989-08-18,97148.54
1989-08-21,97055.7
1989-08-22,97188.33
1989-08-23,97135.28
1989-08-24,96074.27
1989-08-25,95610.08
1989-08-28,95610.08
1989-08-29,95437.67
1989-08-30,95862.07
1989-08-31,95437.67
1989-09-01,95331.56
1989-09-05,95106.1
1989-09-06,95543.77
1989-09-07,95278.51
1989-09-08,95384.62
1989-09-11,95053.05
1989-09-12,95119.36
1989-09-13,95092.84
1989-09-14,95888.59
1989-09-15,94363.4
1989-09-18,95411.14
1989-09-19,95663.13
1989-09-20,96220.16
1989-09-21,96233.42
1989-09-22,96790.45
1989-09-25,97440.32
1989-09-26,97612.73
1989-09-27,97877.98
1989-09-28,97214.85
1989-09-29,97214.85
1989-10-02,97214.85
1989-10-03,96949.6
1989-10-04,97082.23
1989-10-05,97135.28
1989-10-06,96286.47
1989-10-09,96259.95
1989-10-10,95994.69
1989-10-11,95769.23
1989-10-12,96326.26
1989-10-13,96339.52
1989-10-16,97718.83
1989-10-17,97254.64
1989-10-18,97745.36
1989-10-19,97771.88
1989-10-20,96989.39
1989-10-23,96949.6
1989-10-24,97241.38
1989-10-25,97785.15
1989-10-26,97771.88
1989-10-27,98832.89
1989-10-30,100000
1989-10-31,99549.07
1989-11-01,98952.25
1989-11-02,99270.56
1989-11-03,100928.38
1989-11-06,100729.44
1989-11-07,101883.29
1989-11-08,101644.56
1989-11-09,102679.05
1989-11-10,102214.85
1989-11-13,103580.9
1989-11-14,102984.08
1989-11-15,103819.63
1989-11-16,103819.63
1989-11-17,103978.78
1989-11-20,104748.01
1989-11-21,105835.54
1989-11-22,108726.79
1989-11-24,110291.78
1989-11-27,109748.01
1989-11-28,108687
1989-11-29,108779.84
1989-11-30,108262.6
1989-12-01,109774.54
1989-12-04,108381.96
1989-12-05,107095.49
1989-12-06,106856.76
1989-12-07,107692.31
1989-12-08,108580.9
1989-12-11,110212.2
1989-12-12,110212.2
1989-12-13,109549.07
1989-12-14,108355.44
1989-12-15,109482.76
1989-12-18,108090.19
1989-12-19,109389.92
1989-12-20,109389.92
1989-12-21,109549.07
1989-12-22,109549.07
1989-12-26,109549.07
1989-12-27,107692.31
1989-12-28,105729.44
1989-12-29,105729.44
1990-01-02,105835.54
1990-01-03,104774.54
1990-01-04,105172.41
1990-01-05,107427.06
1990-01-08,107320.95
1990-01-09,107015.92
1990-01-10,108514.59
1990-01-11,109310.34
1990-01-12,110411.14
1990-01-15,110238.73
1990-01-16,109482.76
1990-01-17,108859.42
1990-01-18,109655.17
1990-01-19,108395.23
1990-01-22,107692.31
1990-01-23,108289.12
1990-01-24,111604.77
1990-01-25,110251.99
1990-01-26,110875.33
1990-01-29,111074.27
1990-01-30,110915.12
1990-01-31,110092.84
1990-02-01,110291.78
1990-02-02,110862.07
1990-02-05,112201.59
1990-02-06,111684.35
1990-02-07,112400.53
1990-02-08,110875.33
1990-02-09,110212.2
1990-02-12,111100.8
1990-02-13,110888.59
1990-02-14,109973.47
1990-02-15,110517.24
1990-02-16,110477.45
1990-02-20,111392.57
1990-02-21,111405.84
1990-02-22,110782.49
1990-02-23,110305.04
1990-02-26,109098.14
1990-02-27,108103.45
1990-02-28,108143.24
1990-03-01,107771.88
1990-03-02,107440.32
1990-03-05,106949.6
1990-03-06,107519.89
1990-03-07,106233.42
1990-03-08,106286.47
1990-03-09,105915.12
1990-03-12,106432.36
1990-03-13,105371.35
1990-03-14,105769.23
1990-03-15,105968.17
1990-03-16,106273.21
1990-03-19,106657.82
1990-03-20,106007.96
1990-03-21,103978.78
1990-03-22,103978.78
1990-03-23,104376.66
1990-03-26,98209.55
1990-03-27,97612.73
1990-03-28,98673.74
1990-03-29,98541.11
1990-03-30,97745.36
1990-04-02,97718.83
1990-04-03,99469.5
1990-04-04,99270.56
1990-04-05,100371.35
1990-04-06,100185.68
1990-04-09,99920.42
1990-04-10,99522.55
1990-04-11,99336.87
1990-04-12,99602.12
1990-04-16,99602.12
1990-04-17,99204.24
1990-04-18,99403.18
1990-04-19,99668.44
1990-04-20,99734.75
1990-04-23,99535.81
1990-04-24,99946.95
1990-04-25,98527.85
1990-04-26,98567.64
1990-04-27,98567.64
1990-04-30,97546.42
1990-05-01,98010.61
1990-05-02,98037.14
1990-05-03,98116.71
1990-05-04,98488.06
1990-05-07,98488.06
1990-05-08,98315.65
1990-05-09,98222.81
1990-05-10,98607.43
1990-05-11,97758.62
1990-05-14,97877.98
1990-05-15,97546.42
1990-05-16,98103.45
1990-05-17,97931.03
1990-05-18,98116.71
1990-05-21,98965.52
1990-05-22,99496.02
1990-05-23,96684.35
1990-05-24,97214.85
1990-05-25,97214.85
1990-05-29,97533.16
1990-05-30,97188.33
1990-05-31,96299.73
1990-06-01,96405.84
1990-06-04,94708.22
1990-06-05,94986.74
1990-06-06,95358.09
1990-06-07,93580.9
1990-06-08,93766.58
1990-06-11,94084.88
1990-06-12,94363.4
1990-06-13,92970.82
1990-06-14,91737.4
1990-06-15,92015.92
1990-06-18,92639.26
1990-06-19,92480.11
1990-06-20,92015.92
1990-06-21,92771.88
1990-06-22,92413.79
1990-06-25,93740.05
1990-06-26,92665.78
1990-06-27,93010.61
1990-06-28,93448.28
1990-06-29,93421.75
1990-07-02,94801.06
1990-07-03,96021.22
1990-07-05,95411.14
1990-07-06,95795.76
1990-07-09,95557.03
1990-07-10,93899.2
1990-07-11,93978.78
1990-07-12,93222.81
1990-07-13,96445.62
1990-07-16,96352.79
1990-07-17,95676.39
1990-07-18,95331.56
1990-07-19,96100.8
1990-07-20,95755.97
1990-07-23,97108.75
1990-07-24,97798.41
1990-07-25,98872.68
1990-07-26,97811.67
1990-07-27,97281.17
1990-07-30,97427.06
1990-07-31,98753.32
1990-08-01,98315.65
1990-08-02,100981.43
1990-08-03,100530.5
1990-08-06,101392.57
1990-08-07,101657.82
1990-08-08,102055.7
1990-08-09,101750.66
1990-08-10,103275.86
1990-08-13,107241.38
1990-08-14,109151.19
1990-08-15,105676.39
1990-08-16,106790.45
1990-08-17,108912.47
1990-08-20,108156.5
1990-08-21,109761.27
1990-08-22,108421.75
1990-08-23,109389.92
1990-08-24,108832.89
1990-08-27,108832.89
1990-08-28,102984.08
1990-08-29,101936.34
1990-08-30,103381.96
1990-08-31,102851.46
1990-09-04,101167.11
1990-09-05,101671.09
1990-09-06,102785.15
1990-09-07,102015.92
1990-09-10,101989.39
1990-09-11,100397.88
1990-09-12,101339.52
1990-09-13,101379.31
1990-09-14,102440.32
1990-09-17,103289.12
1990-09-18,102387.27
1990-09-19,102519.89
1990-09-20,102639.26
1990-09-21,103262.6
1990-09-24,104111.41
1990-09-25,107095.49
1990-09-26,106816.98
1990-09-27,107148.54
1990-09-28,108328.91
1990-10-01,105119.36
1990-10-02,102877.98
1990-10-03,103289.12
1990-10-04,104973.47
1990-10-05,104933.69
1990-10-08,103660.48
1990-10-09,105305.04
1990-10-10,103925.73
1990-10-11,102917.77
1990-10-12,102984.08
1990-10-15,100981.43
1990-10-16,96750.66
1990-10-17,97082.23
1990-10-18,97572.94
1990-10-19,98673.74
1990-10-22,97480.11
1990-10-23,98580.9
1990-10-24,98435.01
1990-10-25,99482.76
1990-10-26,99124.67
1990-10-29,98859.42
1990-10-30,99137.93
1990-10-31,100663.13
1990-11-01,100901.86
1990-11-02,100132.63
1990-11-05,99973.47
1990-11-06,100596.82
1990-11-07,102122.02
1990-11-08,102055.7
1990-11-09,102307.69
1990-11-12,100981.43
1990-11-13,101724.14
1990-11-14,101830.24
1990-11-15,100265.25
1990-11-16,99814.32
1990-11-19,100212.2
1990-11-20,100795.76
1990-11-21,100079.58
1990-11-23,101750.66
1990-11-26,102625.99
1990-11-27,101803.71
1990-11-28,102122.02
1990-11-29,102599.47
1990-11-30,102082.23
1990-12-03,100968.17
1990-12-04,100159.15
1990-12-05,99734.75
1990-12-06,98143.24
1990-12-07,98355.44
1990-12-10,99217.51
1990-12-11,98700.27
1990-12-12,98381.96
1990-12-13,98673.74
1990-12-14,98992.04
1990-12-17,99814.32
1990-12-18,100106.1
1990-12-19,100503.98
1990-12-20,102241.38
1990-12-21,101790.45
1990-12-24,101790.45
1990-12-26,101790.45
1990-12-27,101538.46
1990-12-28,102440.32
1990-12-31,102440.32
1991-01-02,103660.48
1991-01-03,102466.84
1991-01-04,102758.62
1991-01-07,103740.05
1991-01-08,103368.7
1991-01-09,102679.05
1991-01-10,103594.16
1991-01-11,103607.43
1991-01-14,105729.44
1991-01-15,105702.92
1991-01-16,106896.55
1991-01-17,100530.5
1991-01-18,100331.56
1991-01-21,100318.3
1991-01-22,101061.01
1991-01-23,100344.83
1991-01-24,98938.99
1991-01-25,99270.56
1991-01-28,99336.87
1991-01-29,99946.95
1991-01-30,97374.01
1991-01-31,97082.23
1991-02-01,96684.35
1991-02-04,97387.27
1991-02-05,97241.38
1991-02-06,95689.66
1991-02-07,96525.2
1991-02-08,98143.24
1991-02-11,97307.69
1991-02-12,96657.82
1991-02-13,97281.17
1991-02-14,97652.52
1991-02-15,96949.6
1991-02-19,96286.47
1991-02-20,96724.14
1991-02-21,96087.53
1991-02-22,95172.41
1991-02-25,94867.37
1991-02-26,95291.78
1991-02-27,95490.72
1991-02-28,96206.9
1991-03-01,97320.95
1991-03-04,96936.34
1991-03-05,96684.35
1991-03-06,97135.28
1991-03-07,97214.85
1991-03-08,97745.36
1991-03-11,97042.44
1991-03-12,96618.04
1991-03-13,97082.23
1991-03-14,96710.88
1991-03-15,97082.23
1991-03-18,96100.8
1991-03-19,96684.35
1991-03-20,96684.35
1991-03-21,96114.06
1991-03-22,96220.16
1991-03-25,95291.78
1991-03-26,94588.86
1991-03-27,93912.47
1991-03-28,94336.87
1991-04-01,94336.87
1991-04-02,94827.59
1991-04-03,95278.51
1991-04-04,95066.31
1991-04-05,95092.84
1991-04-08,95755.97
1991-04-09,96551.72
1991-04-10,96379.31
1991-04-11,95954.91
1991-04-12,96007.96
1991-04-15,95517.24
1991-04-16,95809.02
1991-04-17,95663.13
1991-04-18,95265.25
1991-04-19,94469.5
1991-04-22,94535.81
1991-04-23,94297.08
1991-04-24,94376.66
1991-04-25,93700.27
1991-04-26,93700.27
1991-04-29,93129.97
1991-04-30,94893.9
1991-05-01,94562.33
1991-05-02,93938.99
1991-05-03,94297.08
1991-05-06,94297.08
1991-05-07,94469.5
1991-05-08,94668.44
1991-05-09,94655.17
1991-05-10,94615.38
1991-05-13,94655.17
1991-05-14,94946.95
1991-05-15,95450.93
1991-05-16,94429.71
1991-05-17,94190.98
1991-05-20,94164.46
1991-05-21,94509.28
1991-05-22,94628.65
1991-05-23,94137.93
1991-05-24,94376.66
1991-05-28,94336.87
1991-05-29,95888.59
1991-05-30,95769.23
1991-05-31,95596.82
1991-06-03,96286.47
1991-06-04,96127.32
1991-06-05,96127.32
1991-06-06,96777.19
1991-06-07,97347.48
1991-06-10,98726.79
1991-06-11,98474.8
1991-06-12,98673.74
1991-06-13,98063.66
1991-06-14,97546.42
1991-06-17,97294.43
1991-06-18,98209.55
1991-06-19,97453.58
1991-06-20,97506.63
1991-06-21,97148.54
1991-06-24,95729.44
1991-06-25,96379.31
1991-06-26,97108.75
1991-06-27,96763.93
1991-06-28,97705.57
1991-07-01,97851.46
1991-07-02,97374.01
1991-07-03,97944.3
1991-07-05,98116.71
1991-07-08,98209.55
1991-07-09,97931.03
1991-07-10,98381.96
1991-07-11,97692.31
1991-07-12,97572.94
1991-07-15,97559.68
1991-07-16,97798.41
1991-07-17,97851.46
1991-07-18,97877.98
1991-07-19,98143.24
1991-07-22,98076.92
1991-07-23,97453.58
1991-07-24,97082.23
1991-07-25,96790.45
1991-07-26,96578.25
1991-07-29,96843.5
1991-07-30,95848.81
1991-07-31,96246.68
1991-08-01,96392.57
1991-08-02,94907.16
1991-08-05,94562.33
1991-08-06,94694.96
1991-08-07,94641.91
1991-08-08,94854.11
1991-08-09,95013.26
1991-08-12,95013.26
1991-08-13,94641.91
1991-08-14,94389.92
1991-08-15,95053.05
1991-08-16,94893.9
1991-08-19,95809.02
1991-08-20,93846.15
1991-08-21,94509.28
1991-08-22,94482.76
1991-08-23,93819.63
1991-08-26,93819.63
1991-08-27,93846.15
1991-08-28,94031.83
1991-08-29,93169.76
1991-08-30,92148.54
1991-09-03,92135.28
1991-09-04,92493.37
1991-09-05,92148.54
1991-09-06,92320.95
1991-09-09,92984.08
1991-09-10,93289.12
1991-09-11,91578.25
1991-09-12,91803.71
1991-09-13,91313
1991-09-16,91618.04
1991-09-17,91816.98
1991-09-18,92387.27
1991-09-19,92466.84
1991-09-20,92466.84
1991-09-23,92639.26
1991-09-24,93342.18
1991-09-25,93567.64
1991-09-26,93342.18
1991-09-27,92427.06
1991-09-30,94137.93
1991-10-01,93885.94
1991-10-02,94429.71
1991-10-03,94641.91
1991-10-04,94509.28
1991-10-07,95411.14
1991-10-08,94854.11
1991-10-09,94867.37
1991-10-10,95358.09
1991-10-11,94893.9
1991-10-14,95092.84
1991-10-15,94840.85
1991-10-16,94575.6
1991-10-17,95039.79
1991-10-18,95384.62
1991-10-21,96498.67
1991-10-22,96114.06
1991-10-23,96074.27
1991-10-24,95755.97
1991-10-25,96021.22
1991-10-28,95092.84
1991-10-29,94801.06
1991-10-30,95318.3
1991-10-31,94814.32
1991-11-01,94893.9
1991-11-04,94522.55
1991-11-05,94575.6
1991-11-06,94031.83
1991-11-07,94031.83
1991-11-08,93607.43
1991-11-11,94137.93
1991-11-12,94098.14
1991-11-13,94575.6
1991-11-14,94389.92
1991-11-15,94297.08
1991-11-18,95689.66
1991-11-19,96286.47
1991-11-20,96180.37
1991-11-21,96631.3
1991-11-22,97599.47
1991-11-25,97904.51
1991-11-26,97148.54
1991-11-27,97374.01
1991-11-29,97161.8
1991-12-02,97705.57
1991-12-03,96259.95
1991-12-04,96883.29
1991-12-05,96750.66
1991-12-06,97546.42
1991-12-09,98328.91
1991-12-10,97625.99
1991-12-11,97214.85
1991-12-12,95358.09
1991-12-13,95238.73
1991-12-16,95397.88
1991-12-17,94801.06
1991-12-18,94933.69
1991-12-19,95198.94
1991-12-20,95039.79
1991-12-23,95397.88
1991-12-24,95397.88
1991-12-26,95397.88
1991-12-27,93713.53
1991-12-30,93673.74
1991-12-31,93673.74
1992-01-02,93076.92
1992-01-03,93633.95
1992-01-06,92679.05
1992-01-07,92758.62
1992-01-08,92997.35
1992-01-09,93249.34
1992-01-10,94933.69
1992-01-13,93872.68
1992-01-14,93793.1
1992-01-15,94310.34
1992-01-16,94628.65
1992-01-17,94403.18
1992-01-20,95159.15
1992-01-21,94907.16
1992-01-22,94628.65
1992-01-23,94217.51
1992-01-24,93700.27
1992-01-27,94456.23
1992-01-28,94509.28
1992-01-29,94124.67
1992-01-30,94429.71
1992-01-31,93925.73
1992-02-03,94535.81
1992-02-04,94429.71
1992-02-05,93978.78
1992-02-06,94416.45
1992-02-07,94482.76
1992-02-10,94071.62
1992-02-11,94429.71
1992-02-12,94748.01
1992-02-13,94509.28
1992-02-14,93925.73
1992-02-18,93580.9
1992-02-19,93687
1992-02-20,93740.05
1992-02-21,93262.6
1992-02-24,92785.15
1992-02-25,92970.82
1992-02-26,92480.11
1992-02-27,93832.89
1992-02-28,93660.48
1992-03-02,92957.56
1992-03-03,93196.29
1992-03-04,92877.98
1992-03-05,92811.67
1992-03-06,92679.05
1992-03-09,92519.89
1992-03-10,92400.53
1992-03-11,92572.94
1992-03-12,92201.59
1992-03-13,92108.75
1992-03-16,90981.43
1992-03-17,89920.42
1992-03-18,90265.25
1992-03-19,89602.12
1992-03-20,89867.37
1992-03-23,89840.85
1992-03-24,89761.27
1992-03-25,90517.24
1992-03-26,90291.78
1992-03-27,90318.3
1992-03-30,91061.01
1992-03-31,90636.6
1992-04-01,91246.68
1992-04-02,90318.3
1992-04-03,90344.83
1992-04-06,89986.74
1992-04-07,89854.11
1992-04-08,89522.55
1992-04-09,89774.54
1992-04-10,90689.66
1992-04-13,90397.88
1992-04-14,89920.42
1992-04-15,89907.16
1992-04-16,89310.34
1992-04-20,89310.34
1992-04-21,89734.75
1992-04-22,89681.7
1992-04-23,89787.8
1992-04-24,89270.56
1992-04-27,89045.09
1992-04-28,89323.61
1992-04-29,89045.09
1992-04-30,89217.51
1992-05-01,89522.55
1992-05-04,89522.55
1992-05-05,89323.61
1992-05-06,89310.34
1992-05-07,89137.93
1992-05-08,89363.4
1992-05-11,89164.46
1992-05-12,88925.73
1992-05-13,88912.47
1992-05-14,89363.4
1992-05-15,89920.42
1992-05-18,89893.9
1992-05-19,90053.05
1992-05-20,89376.66
1992-05-21,89456.23
1992-05-22,89575.6
1992-05-26,89615.38
1992-05-27,89814.32
1992-05-28,89363.4
1992-05-29,89522.55
1992-06-01,89350.13
1992-06-02,89920.42
1992-06-03,90159.15
1992-06-04,89761.27
1992-06-05,89867.37
1992-06-08,89840.85
1992-06-09,89602.12
1992-06-10,89562.33
1992-06-11,89721.49
1992-06-12,90079.58
1992-06-15,90901.86
1992-06-16,90809.02
1992-06-17,90716.18
1992-06-18,90517.24
1992-06-19,91127.32
1992-06-22,90848.81
1992-06-23,91193.63
1992-06-24,90795.76
1992-06-25,91087.53
1992-06-26,91114.06
1992-06-29,90716.18
1992-06-30,91087.53
1992-07-01,91127.32
1992-07-02,92068.97
1992-07-06,91936.34
1992-07-07,91671.09
1992-07-08,92175.07
1992-07-09,92108.75
1992-07-10,92493.37
1992-07-13,92466.84
1992-07-14,92652.52
1992-07-15,93076.92
1992-07-16,93633.95
1992-07-17,94615.38
1992-07-20,95305.04
1992-07-21,94986.74
1992-07-22,95159.15
1992-07-23,95358.09
1992-07-24,94854.11
1992-07-27,95066.31
1992-07-28,95384.62
1992-07-29,94482.76
1992-07-30,94628.65
1992-07-31,94920.42
1992-08-03,93912.47
1992-08-04,93554.38
1992-08-05,93037.14
1992-08-06,92466.84
1992-08-07,92811.67
1992-08-10,92931.03
1992-08-11,92347.48
1992-08-12,91989.39
1992-08-13,89469.5
1992-08-14,89045.09
1992-08-17,89496.02
1992-08-18,89151.19
1992-08-19,89655.17
1992-08-20,89456.23
1992-08-21,89363.4
1992-08-24,90795.76
1992-08-25,90557.03
1992-08-26,89787.8
1992-08-27,89920.42
1992-08-28,90185.68
1992-08-31,90185.68
1992-09-01,90636.6
1992-09-02,90305.04
1992-09-03,89880.64
1992-09-04,90729.44
1992-09-08,90755.97
1992-09-09,91061.01
1992-09-10,90782.49
1992-09-11,90185.68
1992-09-14,91843.5
1992-09-15,91750.66
1992-09-16,92572.94
1992-09-17,92413.79
1992-09-18,92095.49
1992-09-21,92599.47
1992-09-22,92612.73
1992-09-23,92374.01
1992-09-24,92374.01
1992-09-25,92758.62
1992-09-28,92307.69
1992-09-29,92175.07
1992-09-30,92572.94
1992-10-01,92453.58
1992-10-02,92307.69
1992-10-05,92705.57
1992-10-06,92917.77
1992-10-07,92877.98
1992-10-08,92970.82
1992-10-09,92864.72
1992-10-12,91909.81
1992-10-13,91180.37
1992-10-14,91180.37
1992-10-15,90676.39
1992-10-16,90649.87
1992-10-19,90875.33
1992-10-20,91114.06
1992-10-21,91180.37
1992-10-22,90888.59
1992-10-23,90848.81
1992-10-26,90570.29
1992-10-27,89721.49
1992-10-28,89708.22
1992-10-29,90053.05
1992-10-30,89986.74
1992-11-02,90053.05
1992-11-03,89814.32
1992-11-04,89602.12
1992-11-05,89668.44
1992-11-06,89416.45
1992-11-09,88726.79
1992-11-10,87625.99
1992-11-11,87838.2
1992-11-12,88355.44
1992-11-13,88700.27
1992-11-16,88965.52
1992-11-17,88673.74
1992-11-18,88885.94
1992-11-19,88660.48
1992-11-20,89151.19
1992-11-23,88607.43
1992-11-24,88673.74
1992-11-25,88687
1992-11-27,88607.43
1992-11-30,88647.21
1992-12-01,88766.58
1992-12-02,89031.83
1992-12-03,88925.73
1992-12-04,89018.57
1992-12-07,88753.32
1992-12-08,88925.73
1992-12-09,88461.54
1992-12-10,88514.59
1992-12-11,88885.94
1992-12-14,88912.47
1992-12-15,88832.89
1992-12-16,89469.5
1992-12-17,89827.59
1992-12-18,89389.92
1992-12-21,88567.64
1992-12-22,88222.81
1992-12-23,88328.91
1992-12-24,88328.91
1992-12-28,88328.91
1992-12-29,88196.29
1992-12-30,88302.39
1992-12-31,88302.39
1993-01-04,87068.97
1993-01-05,87161.8
1993-01-06,87427.06
1993-01-07,87307.69
1993-01-08,87294.43
1993-01-11,87108.75
1993-01-12,87320.95
1993-01-13,86883.29
1993-01-14,86909.81
1993-01-15,86923.08
1993-01-18,87042.44
1993-01-19,87267.9
1993-01-20,87267.9
1993-01-21,87466.84
1993-01-22,87201.59
1993-01-25,87122.02
1993-01-26,87771.88
1993-01-27,87692.31
1993-01-28,87519.89
1993-01-29,87652.52
1993-02-01,87466.84
1993-02-02,87440.32
1993-02-03,87055.7
1993-02-04,87002.65
1993-02-05,86936.34
1993-02-08,86989.39
1993-02-09,87015.92
1993-02-10,87493.37
1993-02-11,88063.66
1993-02-12,87320.95
1993-02-16,87387.27
1993-02-17,87692.31
1993-02-18,87519.89
1993-02-19,87745.36
1993-02-22,87453.58
1993-02-23,87427.06
1993-02-24,87506.63
1993-02-25,87427.06
1993-02-26,86896.55
1993-03-01,87135.28
1993-03-02,87307.69
1993-03-03,87413.79
1993-03-04,87015.92
1993-03-05,87466.84
1993-03-08,86870.03
1993-03-09,86724.14
1993-03-10,86498.67
1993-03-11,86710.88
1993-03-12,86737.4
1993-03-15,87002.65
1993-03-16,87267.9
1993-03-17,87201.59
1993-03-18,87599.47
1993-03-19,87970.82
1993-03-22,88222.81
1993-03-23,88037.14
1993-03-24,87798.41
1993-03-25,88222.81
1993-03-26,88249.34
1993-03-29,87984.08
1993-03-30,88700.27
1993-03-31,89602.12
1993-04-01,89217.51
1993-04-02,90212.2
1993-04-05,89986.74
1993-04-06,89761.27
1993-04-07,89323.61
1993-04-08,89522.55
1993-04-12,89522.55
1993-04-13,89310.34
1993-04-14,89721.49
1993-04-15,89893.9
1993-04-16,89615.38
1993-04-19,90079.58
1993-04-20,90159.15
1993-04-21,89920.42
1993-04-22,90000
1993-04-23,91485.41
1993-04-26,92639.26
1993-04-27,93209.55
1993-04-28,92758.62
1993-04-29,94323.61
1993-04-30,93978.78
1993-05-03,93978.78
1993-05-04,94469.5
1993-05-05,93965.52
1993-05-06,94297.08
1993-05-07,94827.59
1993-05-10,94641.91
1993-05-11,94257.29
1993-05-12,94482.76
1993-05-13,97347.48
1993-05-14,97665.78
1993-05-17,97944.3
1993-05-18,97559.68
1993-05-19,101299.73
1993-05-20,99151.19
1993-05-21,99005.31
1993-05-24,100596.82
1993-05-25,100132.63
1993-05-26,99336.87
1993-05-27,99403.18
1993-05-28,100119.36
1993-06-01,100092.84
1993-06-02,97877.98
1993-06-03,99389.92
1993-06-04,100159.15
1993-06-07,98885.94
1993-06-08,99535.81
1993-06-09,98527.85
1993-06-10,98355.44
1993-06-11,98236.07
1993-06-14,96286.47
1993-06-15,96909.81
1993-06-16,97612.73
1993-06-17,97997.35
1993-06-18,98381.96
1993-06-21,98289.12
1993-06-22,97824.93
1993-06-23,97374.01
1993-06-24,99177.72
1993-06-25,99761.27
1993-06-28,99562.33
1993-06-29,99562.33
1993-06-30,100384.62
1993-07-01,100530.5
1993-07-02,102944.3
1993-07-06,103885.94
1993-07-07,104986.74
1993-07-08,104827.59
1993-07-09,104270.56
1993-07-12,104350.13
1993-07-13,104098.14
1993-07-14,104615.38
1993-07-15,104164.46
1993-07-16,103978.78
1993-07-19,104721.49
1993-07-20,104005.31
1993-07-21,104084.88
1993-07-22,103222.81
1993-07-23,103793.1
1993-07-26,103912.47
1993-07-27,104071.62
1993-07-28,104283.82
1993-07-29,104509.28
1993-07-30,106564.99
1993-08-02,107586.21
1993-08-03,107095.49
1993-08-04,106803.71
1993-08-05,102851.46
1993-08-06,100636.6
1993-08-09,101246.68
1993-08-10,100888.59
1993-08-11,99734.75
1993-08-12,99814.32
1993-08-13,97506.63
1993-08-16,98832.89
1993-08-17,98567.64
1993-08-18,99124.67
1993-08-19,99045.09
1993-08-20,99005.31
1993-08-23,98965.52
1993-08-24,99111.41
1993-08-25,98448.28
1993-08-26,98474.8
1993-08-27,97944.3
1993-08-30,97944.3
1993-08-31,98554.38
1993-09-01,97891.25
1993-09-02,97944.3
1993-09-03,96233.42
1993-09-07,94111.41
1993-09-08,93302.39
1993-09-09,93713.53
1993-09-10,93236.07
1993-09-13,91299.73
1993-09-14,91167.11
1993-09-15,92307.69
1993-09-16,93567.64
1993-09-17,93328.91
1993-09-20,93899.2
1993-09-21,94098.14
1993-09-22,94005.31
1993-09-23,94694.96
1993-09-24,94854.11
1993-09-27,94602.12
1993-09-28,94363.4
1993-09-29,93687
1993-09-30,94297.08
1993-10-01,93899.2
1993-10-04,93302.39
1993-10-05,93846.15
1993-10-06,94496.02
1993-10-07,94774.54
1993-10-08,95092.84
1993-10-11,95862.07
1993-10-12,95649.87
1993-10-13,97188.33
1993-10-14,97413.79
1993-10-15,96710.88
1993-10-18,96870.03
1993-10-19,97188.33
1993-10-20,98806.37
1993-10-21,99336.87
1993-10-22,97586.21
1993-10-25,98541.11
1993-10-26,97679.05
1993-10-27,98541.11
1993-10-28,97758.62
1993-10-29,98037.14
1993-11-01,96352.79
1993-11-02,96286.47
1993-11-03,96432.36
1993-11-04,98673.74
1993-11-05,100198.94
1993-11-08,99641.91
1993-11-09,99734.75
1993-11-10,99442.97
1993-11-11,99933.69
1993-11-12,99933.69
1993-11-15,99389.92
1993-11-16,99469.5
1993-11-17,98620.69
1993-11-18,99933.69
1993-11-19,100132.63
1993-11-22,100371.35
1993-11-23,100159.15
1993-11-24,99827.59
1993-11-26,99960.21
1993-11-29,98448.28
1993-11-30,98381.96
1993-12-01,98965.52
1993-12-02,99376.66
1993-12-03,99933.69
1993-12-06,100000
1993-12-07,99973.47
1993-12-08,101405.84
1993-12-09,101458.89
1993-12-10,101405.84
1993-12-13,102453.58
1993-12-14,102652.52
1993-12-15,102281.17
1993-12-16,102413.79
1993-12-17,102519.89
1993-12-20,103381.96
1993-12-21,102785.15
1993-12-22,102294.43
1993-12-23,102108.75
1993-12-27,102108.75
1993-12-28,102108.75
1993-12-29,102413.79
1993-12-30,103912.47
1993-12-31,103912.47
1994-01-03,103912.47
1994-01-04,104535.81
1994-01-05,104840.85
1994-01-06,102294.43
1994-01-07,103580.9
1994-01-10,101777.19
1994-01-11,102241.38
1994-01-12,102413.79
1994-01-13,103116.71
1994-01-14,103474.8
1994-01-17,104058.36
1994-01-18,104124.67
1994-01-19,103899.2
1994-01-20,103925.73
1994-01-21,102387.27
1994-01-24,100477.45
1994-01-25,101326.26
1994-01-26,101591.51
1994-01-27,101750.66
1994-01-28,100331.56
1994-01-31,100238.73
1994-02-01,101233.42
1994-02-02,102042.44
1994-02-03,102294.43
1994-02-04,103050.4
1994-02-07,101724.14
1994-02-08,100941.64
1994-02-09,100994.69
1994-02-10,101458.89
1994-02-11,101286.47
1994-02-14,101657.82
1994-02-15,102122.02
1994-02-16,101724.14
1994-02-17,101989.39
1994-02-18,100782.49
1994-02-22,100636.6
1994-02-23,99668.44
1994-02-24,99920.42
1994-02-25,100517.24
1994-02-28,101206.9
1994-03-01,101140.58
1994-03-02,99986.74
1994-03-03,100185.68
1994-03-04,99721.49
1994-03-07,100132.63
1994-03-08,99761.27
1994-03-09,99549.07
1994-03-10,100928.38
1994-03-11,102559.68
1994-03-14,102519.89
1994-03-15,102679.05
1994-03-16,102254.64
1994-03-17,101697.61
1994-03-18,102533.16
1994-03-21,102506.63
1994-03-22,103222.81
1994-03-23,102984.08
1994-03-24,103554.38
1994-03-25,103793.1
1994-03-28,103249.34
1994-03-29,102599.47
1994-03-30,102692.31
1994-03-31,103236.07
1994-04-04,103236.07
1994-04-05,102055.7
1994-04-06,101830.24
1994-04-07,101936.34
1994-04-08,102241.38
1994-04-11,101259.95
1994-04-12,100265.25
1994-04-13,100397.88
1994-04-14,100172.41
1994-04-15,100000
1994-04-18,100291.78
1994-04-19,98965.52
1994-04-20,98501.33
1994-04-21,99018.57
1994-04-22,98050.4
1994-04-25,98938.99
1994-04-26,99283.82
1994-04-28,99031.83
1994-04-29,99854.11
1994-05-02,99854.11
1994-05-03,99496.02
1994-05-04,99509.28
1994-05-05,99336.87
1994-05-06,99045.09
1994-05-09,101061.01
1994-05-10,100835.54
1994-05-11,100928.38
1994-05-12,100596.82
1994-05-13,101233.42
1994-05-16,100610.08
1994-05-17,101472.15
1994-05-18,100689.66
1994-05-19,101671.09
1994-05-20,101631.3
1994-05-23,102506.63
1994-05-24,102917.77
1994-05-25,102732.1
1994-05-26,102095.49
1994-05-27,102228.12
1994-05-31,102811.67
1994-06-01,102466.84
1994-06-02,101657.82
1994-06-03,101578.25
1994-06-06,100371.35
1994-06-07,100928.38
1994-06-08,101180.37
1994-06-09,101472.15
1994-06-10,101604.77
1994-06-13,101485.41
1994-06-14,101803.71
1994-06-15,101883.29
1994-06-16,102612.73
1994-06-17,102877.98
1994-06-20,103262.6
1994-06-21,103527.85
1994-06-22,104098.14
1994-06-23,103183.02
1994-06-24,103421.75
1994-06-27,103249.34
1994-06-28,102533.16
1994-06-29,102254.64
1994-06-30,102984.08
1994-07-01,102015.92
1994-07-05,102732.1
1994-07-06,102254.64
1994-07-07,101591.51
1994-07-08,101631.3
1994-07-11,102320.95
1994-07-12,102466.84
1994-07-13,102029.18
1994-07-14,101909.81
1994-07-15,102095.49
1994-07-18,102519.89
1994-07-19,102029.18
1994-07-20,102771.88
1994-07-21,102360.74
1994-07-22,101856.76
1994-07-25,102122.02
1994-07-26,102440.32
1994-07-27,103063.66
1994-07-28,102679.05
1994-07-29,101856.76
1994-08-01,101816.98
1994-08-02,100795.76
1994-08-03,100384.62
1994-08-04,100132.63
1994-08-05,100344.83
1994-08-08,100159.15
1994-08-09,100437.67
1994-08-10,100344.83
1994-08-11,100159.15
1994-08-12,100318.3
1994-08-15,99893.9
1994-08-16,99814.32
1994-08-17,100053.05
1994-08-18,100968.17
1994-08-19,101273.21
1994-08-22,101485.41
1994-08-23,101153.85
1994-08-24,101830.24
1994-08-25,101671.09
1994-08-26,101671.09
1994-08-29,101671.09
1994-08-30,102546.42
1994-08-31,102320.95
1994-09-01,102387.27
1994-09-02,102572.94
1994-09-06,102811.67
1994-09-07,103368.7
1994-09-08,103846.15
1994-09-09,103647.21
1994-09-12,103740.05
1994-09-13,103342.18
1994-09-14,103527.85
1994-09-15,102917.77
1994-09-16,103448.28
1994-09-19,103421.75
1994-09-20,104482.76
1994-09-21,104748.01
1994-09-22,104429.71
1994-09-23,104960.21
1994-09-26,104986.74
1994-09-27,104986.74
1994-09-28,105106.1
1994-09-29,104960.21
1994-09-30,104734.75
1994-10-03,104283.82
1994-10-04,104098.14
1994-10-05,104429.71
1994-10-06,103978.78
1994-10-07,103978.78
1994-10-10,103766.58
1994-10-11,102824.93
1994-10-12,102891.25
1994-10-13,102718.83
1994-10-14,102771.88
1994-10-17,103183.02
1994-10-18,103381.96
1994-10-19,103740.05
1994-10-20,103859.42
1994-10-21,103700.27
1994-10-24,103262.6
1994-10-25,103236.07
1994-10-26,103156.5
1994-10-27,103222.81
1994-10-28,102838.2
1994-10-31,101816.98
1994-11-01,101989.39
1994-11-02,101816.98
1994-11-03,101803.71
1994-11-04,101803.71
1994-11-07,101511.94
1994-11-08,102029.18
1994-11-09,101750.66
1994-11-10,101909.81
1994-11-11,102201.59
1994-11-14,102148.54
1994-11-15,102572.94
1994-11-16,102453.58
1994-11-17,102586.21
1994-11-18,101856.76
1994-11-21,101697.61
1994-11-22,101803.71
1994-11-23,102042.44
1994-11-25,102082.23
1994-11-28,101856.76
1994-11-29,101644.56
1994-11-30,101618.04
1994-12-01,100822.28
1994-12-02,100530.5
1994-12-05,99893.9
1994-12-06,99668.44
1994-12-07,100000
1994-12-08,99787.8
1994-12-09,99867.37
1994-12-12,100039.79
1994-12-13,100557.03
1994-12-14,100928.38
1994-12-15,100583.55
1994-12-16,100888.59
1994-12-19,100583.55
1994-12-20,101299.73
1994-12-21,101339.52
1994-12-22,101206.9
1994-12-23,101206.9
1994-12-27,101206.9
1994-12-28,101259.95
1994-12-29,101657.82
1994-12-30,101657.82
1995-01-03,101034.48
1995-01-04,99628.65
1995-01-05,99549.07
1995-01-06,99522.55
1995-01-09,98779.84
1995-01-10,99230.77
1995-01-11,99628.65
1995-01-12,100928.38
1995-01-13,100424.4
1995-01-16,100145.89
1995-01-17,100742.71
1995-01-18,101485.41
1995-01-19,101299.73
1995-01-20,101816.98
1995-01-23,101419.1
1995-01-24,101140.58
1995-01-25,101180.37
1995-01-26,101153.85
1995-01-27,100371.35
1995-01-30,99708.22
1995-01-31,99442.97
1995-02-01,99801.06
1995-02-02,99708.22
1995-02-03,99641.91
1995-02-06,99336.87
1995-02-07,99336.87
1995-02-08,99363.4
1995-02-09,99893.9
1995-02-10,99840.85
1995-02-13,99336.87
1995-02-14,99734.75
1995-02-15,99893.9
1995-02-16,99933.69
1995-02-17,100331.56
1995-02-21,100437.67
1995-02-22,100583.55
1995-02-23,100663.13
1995-02-24,100198.94
1995-02-27,99628.65
1995-02-28,99840.85
1995-03-01,99655.17
1995-03-02,99403.18
1995-03-03,100066.31
1995-03-06,100490.72
1995-03-07,101326.26
1995-03-08,100795.76
1995-03-09,101034.48
1995-03-10,101167.11
1995-03-13,102254.64
1995-03-14,102042.44
1995-03-15,102427.06
1995-03-16,101777.19
1995-03-17,101498.67
1995-03-20,101379.31
1995-03-21,101564.99
1995-03-22,101392.57
1995-03-23,101710.88
1995-03-24,101352.79
1995-03-27,101379.31
1995-03-28,101246.68
1995-03-29,101591.51
1995-03-30,101697.61
1995-03-31,103978.78
1995-04-03,104058.36
1995-04-04,103899.2
1995-04-05,103992.04
1995-04-06,104350.13
1995-04-07,104270.56
1995-04-10,103262.6
1995-04-11,103448.28
1995-04-12,103461.54
1995-04-13,103236.07
1995-04-17,103236.07
1995-04-18,104204.24
1995-04-19,104920.42
1995-04-20,104323.61
1995-04-21,103541.11
1995-04-24,103620.69
1995-04-25,103381.96
1995-04-26,103156.5
1995-04-27,102480.11
1995-04-28,103381.96
1995-05-01,102705.57
1995-05-02,103063.66
1995-05-03,103103.45
1995-05-04,103474.8
1995-05-05,103713.53
1995-05-08,103713.53
1995-05-09,102944.3
1995-05-10,101644.56
1995-05-11,101763.93
1995-05-12,102015.92
1995-05-15,101790.45
1995-05-16,101816.98
1995-05-17,101564.99
1995-05-18,101591.51
1995-05-19,101591.51
1995-05-22,101206.9
1995-05-23,101326.26
1995-05-24,101618.04
1995-05-25,102334.22
1995-05-26,102254.64
1995-05-30,102320.95
1995-05-31,101936.34
1995-06-01,101724.14
1995-06-02,101896.55
1995-06-05,101657.82
1995-06-06,101909.81
1995-06-07,102360.74
1995-06-08,102135.28
1995-06-09,102493.37
1995-06-12,102785.15
1995-06-13,102652.52
1995-06-14,102851.46
1995-06-15,103050.4
1995-06-16,103793.1
1995-06-19,103580.9
1995-06-20,103647.21
1995-06-21,103633.95
1995-06-22,103355.44
1995-06-23,103236.07
1995-06-26,103183.02
1995-06-27,103289.12
1995-06-28,102984.08
1995-06-29,102732.1
1995-06-30,102665.78
1995-07-03,101989.39
1995-07-05,101923.08
1995-07-06,101896.55
1995-07-07,102320.95
1995-07-10,102334.22
1995-07-11,102055.7
1995-07-12,102572.94
1995-07-13,103236.07
1995-07-14,103023.87
1995-07-17,103023.87
1995-07-18,103342.18
1995-07-19,103567.64
1995-07-20,102612.73
1995-07-21,102374.01
1995-07-24,102559.68
1995-07-25,102572.94
1995-07-26,102387.27
1995-07-27,102307.69
1995-07-28,101591.51
1995-07-31,101684.35
1995-08-01,101551.72
1995-08-02,101498.67
1995-08-03,101856.76
1995-08-04,101856.76
1995-08-07,101883.29
1995-08-08,101989.39
1995-08-09,101962.86
1995-08-10,101870.03
1995-08-11,101737.4
1995-08-14,101724.14
1995-08-15,102480.11
1995-08-16,101326.26
1995-08-17,101949.6
1995-08-18,101989.39
1995-08-21,102042.44
1995-08-22,101870.03
1995-08-23,101525.2
1995-08-24,101856.76
1995-08-25,101618.04
1995-08-28,101618.04
1995-08-29,101591.51
1995-08-30,101233.42
1995-08-31,101419.1
1995-09-01,101193.63
1995-09-05,100636.6
1995-09-06,100809.02
1995-09-07,101180.37
1995-09-08,101432.36
1995-09-11,101352.79
1995-09-12,101618.04
1995-09-13,102095.49
1995-09-14,102148.54
1995-09-15,102122.02
1995-09-18,102228.12
1995-09-19,102082.23
1995-09-20,101989.39
1995-09-21,101697.61
1995-09-22,101724.14
1995-09-25,101525.2
1995-09-26,101803.71
1995-09-27,101790.45
1995-09-28,101724.14
1995-09-29,101856.76
1995-10-02,101657.82
1995-10-03,101379.31
1995-10-04,101458.89
1995-10-05,101657.82
1995-10-06,101604.77
1995-10-09,101989.39
1995-10-10,102148.54
1995-10-11,101989.39
1995-10-12,101976.13
1995-10-13,101803.71
1995-10-16,101816.98
1995-10-17,101697.61
1995-10-18,101763.93
1995-10-19,101259.95
1995-10-20,101259.95
1995-10-23,101472.15
1995-10-24,101458.89
1995-10-25,101498.67
1995-10-26,101564.99
1995-10-27,101485.41
1995-10-30,101366.05
1995-10-31,101498.67
1995-11-01,101313
1995-11-02,101339.52
1995-11-03,101472.15
1995-11-06,101379.31
1995-11-07,102068.97
1995-11-08,102068.97
1995-11-09,102122.02
1995-11-10,103289.12
1995-11-13,102997.35
1995-11-14,102347.48
1995-11-15,102201.59
1995-11-16,102175.07
1995-11-17,102480.11
1995-11-20,102466.84
1995-11-21,102466.84
1995-11-22,101949.6
1995-11-24,101710.88
1995-11-27,102015.92
1995-11-28,103156.5
1995-11-29,103050.4
1995-11-30,102864.72
1995-12-01,102440.32
1995-12-04,102360.74
1995-12-05,102533.16
1995-12-06,103023.87
1995-12-07,102864.72
1995-12-08,103129.97
1995-12-11,103342.18
1995-12-12,103129.97
1995-12-13,102811.67
1995-12-14,102307.69
1995-12-15,102440.32
1995-12-18,102705.57
1995-12-19,102944.3
1995-12-20,102811.67
1995-12-21,102931.03
1995-12-22,102931.03
1995-12-26,102931.03
1995-12-27,102665.78
1995-12-28,102652.52
1995-12-29,102652.52
1996-01-02,103222.81
1996-01-03,104350.13
1996-01-04,104575.6
1996-01-05,105013.26
1996-01-08,105198.94
1996-01-09,104655.17
1996-01-10,106100.8
1996-01-11,105835.54
1996-01-12,105994.69
1996-01-15,104920.42
1996-01-16,105464.19
1996-01-17,105490.72
1996-01-18,105437.67
1996-01-19,105862.07
1996-01-22,106684.35
1996-01-23,107068.97
1996-01-24,106763.93
1996-01-25,107851.46
1996-01-26,107824.93
1996-01-29,107294.43
1996-01-30,107838.2
1996-01-31,107572.94
1996-02-01,108514.59
1996-02-02,109946.95
1996-02-05,110026.53
1996-02-06,109363.4
1996-02-07,109867.37
1996-02-08,108196.29
1996-02-09,108222.81
1996-02-12,107294.43
1996-02-13,106949.6
1996-02-14,106923.08
1996-02-15,107320.95
1996-02-16,107387.27
1996-02-20,106684.35
1996-02-21,105251.99
1996-02-22,106007.96
1996-02-23,105636.6
1996-02-26,105835.54
1996-02-27,105968.17
1996-02-28,105450.93
1996-02-29,106273.21
1996-03-01,105663.13
1996-03-04,104429.71
1996-03-05,104403.18
1996-03-06,104403.18
1996-03-07,104482.76
1996-03-08,105251.99
1996-03-11,104973.47
1996-03-12,105106.1
1996-03-13,105172.41
1996-03-14,104907.16
1996-03-15,104960.21
1996-03-18,104509.28
1996-03-19,104801.06
1996-03-20,104748.01
1996-03-21,104986.74
1996-03-22,105490.72
1996-03-25,105543.77
1996-03-26,106074.27
1996-03-27,106193.63
1996-03-28,105755.97
1996-03-29,105132.63
1996-04-01,104562.33
1996-04-02,104602.12
1996-04-03,104681.7
1996-04-04,104442.97
1996-04-08,104442.97
1996-04-09,105119.36
1996-04-10,104655.17
1996-04-11,104588.86
1996-04-12,104708.22
1996-04-15,104297.08
1996-04-16,104376.66
1996-04-17,103740.05
1996-04-18,103580.9
1996-04-19,103687
1996-04-22,103713.53
1996-04-23,103912.47
1996-04-24,103660.48
1996-04-25,104323.61
1996-04-26,103952.25
1996-04-29,103673.74
1996-04-30,103793.1
1996-05-01,104058.36
1996-05-02,104084.88
1996-05-03,104509.28
1996-05-06,104509.28
1996-05-07,104429.71
1996-05-08,104721.49
1996-05-09,104164.46
1996-05-10,104297.08
1996-05-13,103713.53
1996-05-14,103633.95
1996-05-15,104031.83
1996-05-16,103952.25
1996-05-17,103965.52
1996-05-20,103673.74
1996-05-21,103713.53
1996-05-22,103660.48
1996-05-23,103819.63
1996-05-24,103673.74
1996-05-28,103978.78
1996-05-29,103713.53
1996-05-30,103793.1
1996-05-31,103594.16
1996-06-03,103633.95
1996-06-04,103368.7
1996-06-05,102824.93
1996-06-06,102082.23
1996-06-07,102546.42
1996-06-10,102294.43
1996-06-11,102095.49
1996-06-12,102068.97
1996-06-13,102042.44
1996-06-14,101883.29
1996-06-17,102122.02
1996-06-18,102082.23
1996-06-19,102466.84
1996-06-20,101962.86
1996-06-21,101644.56
1996-06-24,101909.81
1996-06-25,102148.54
1996-06-26,101803.71
1996-06-27,101578.25
1996-06-28,101326.26
1996-07-01,101206.9
1996-07-02,101313
1996-07-03,101313
1996-07-05,101193.63
1996-07-08,101299.73
1996-07-09,101564.99
1996-07-10,101591.51
1996-07-11,101511.94
1996-07-12,101750.66
1996-07-15,101525.2
1996-07-16,101923.08
1996-07-17,101697.61
1996-07-18,101856.76
1996-07-19,101989.39
1996-07-22,102082.23
1996-07-23,102148.54
1996-07-24,101962.86
1996-07-25,102068.97
1996-07-26,102175.07
1996-07-29,101989.39
1996-07-30,102068.97
1996-07-31,102201.59
1996-08-01,102453.58
1996-08-02,102480.11
1996-08-05,103381.96
1996-08-06,103050.4
1996-08-07,102917.77
1996-08-08,102811.67
1996-08-09,102785.15
1996-08-12,102692.31
1996-08-13,102811.67
1996-08-14,102572.94
1996-08-15,102440.32
1996-08-16,102440.32
1996-08-19,102493.37
1996-08-20,102679.05
1996-08-21,102599.47
1996-08-22,102652.52
1996-08-23,102785.15
1996-08-26,102785.15
1996-08-27,103129.97
1996-08-28,103050.4
1996-08-29,102917.77
1996-08-30,102506.63
1996-09-03,102546.42
1996-09-04,102281.17
1996-09-05,102387.27
1996-09-06,102228.12
1996-09-09,102015.92
1996-09-10,101618.04
1996-09-11,101724.14
1996-09-12,101352.79
1996-09-13,101538.46
1996-09-16,101538.46
1996-09-17,101710.88
1996-09-18,101591.51
1996-09-19,101525.2
1996-09-20,101259.95
1996-09-23,101061.01
1996-09-24,101405.84
1996-09-25,101432.36
1996-09-26,100915.12
1996-09-27,100981.43
1996-09-30,100530.5
1996-10-01,100437.67
1996-10-02,100875.33
1996-10-03,100490.72
1996-10-04,100981.43
1996-10-07,100822.28
1996-10-08,101021.22
1996-10-09,101153.85
1996-10-10,101259.95
1996-10-11,100994.69
1996-10-14,101034.48
1996-10-15,101061.01
1996-10-16,101193.63
1996-10-17,100954.91
1996-10-18,100795.76
1996-10-21,101061.01
1996-10-22,101684.35
1996-10-23,101724.14
1996-10-24,101591.51
1996-10-25,101472.15
1996-10-28,101564.99
1996-10-29,101246.68
1996-10-30,100716.18
1996-10-31,100663.13
1996-11-01,100159.15
1996-11-04,100450.93
1996-11-05,100610.08
1996-11-06,100265.25
1996-11-07,100424.4
1996-11-08,100305.04
1996-11-11,100928.38
1996-11-12,101299.73
1996-11-13,101750.66
1996-11-14,101591.51
1996-11-15,100596.82
1996-11-18,100557.03
1996-11-19,100318.3
1996-11-20,100557.03
1996-11-21,100000
1996-11-22,100000
1996-11-25,99575.6
1996-11-26,99071.62
1996-11-27,98938.99
1996-11-29,98488.06
1996-12-02,98342.18
1996-12-03,97453.58
1996-12-04,98381.96
1996-12-05,97877.98
1996-12-06,98209.55
1996-12-09,97877.98
1996-12-10,97679.05
1996-12-11,97679.05
1996-12-12,97771.88
1996-12-13,97877.98
1996-12-16,97679.05
1996-12-17,97665.78
1996-12-18,97798.41
1996-12-19,97877.98
1996-12-20,97877.98
1996-12-23,97811.67
1996-12-24,97811.67
1996-12-26,97811.67
1996-12-27,97984.08
1996-12-30,97944.3
1996-12-31,97944.3
1997-01-02,97228.12
1997-01-03,96551.72
1997-01-06,95092.84
1997-01-07,95225.46
1997-01-08,94588.86
1997-01-09,94562.33
1997-01-10,95026.53
1997-01-13,95384.62
1997-01-14,94801.06
1997-01-15,94018.57
1997-01-16,93647.21
1997-01-17,94363.4
1997-01-20,93660.48
1997-01-21,94084.88
1997-01-22,93156.5
1997-01-23,92307.69
1997-01-24,93501.33
1997-01-27,93793.1
1997-01-28,93819.63
1997-01-29,93129.97
1997-01-30,92639.26
1997-01-31,91644.56
1997-02-03,91326.26
1997-02-04,91697.61
1997-02-05,91087.53
1997-02-06,90928.38
1997-02-07,90119.36
1997-02-10,90291.78
1997-02-11,90026.53
1997-02-12,89575.6
1997-02-13,90888.59
1997-02-14,90822.28
1997-02-18,91511.94
1997-02-19,91843.5
1997-02-20,91511.94
1997-02-21,93713.53
1997-02-24,93647.21
1997-02-25,93660.48
1997-02-26,94098.14
1997-02-27,95490.72
1997-02-28,95119.36
1997-03-03,96061.01
1997-03-04,95331.56
1997-03-05,94031.83
1997-03-06,93660.48
1997-03-07,92917.77
1997-03-10,92904.51
1997-03-11,93355.44
1997-03-12,93209.55
1997-03-13,93607.43
1997-03-14,93580.9
1997-03-17,93209.55
1997-03-18,91856.76
1997-03-19,92599.47
1997-03-20,93368.7
1997-03-21,93580.9
1997-03-24,92891.25
1997-03-25,92732.1
1997-03-26,91790.45
1997-03-27,92347.48
1997-03-31,92347.48
1997-04-01,92838.2
1997-04-02,93116.71
1997-04-03,92506.63
1997-04-04,92148.54
1997-04-07,92572.94
1997-04-08,92599.47
1997-04-09,92254.64
1997-04-10,92201.59
1997-04-11,92294.43
1997-04-14,91976.13
1997-04-15,90981.43
1997-04-16,90159.15
1997-04-17,90291.78
1997-04-18,90742.71
1997-04-21,90782.49
1997-04-22,90610.08
1997-04-23,90450.93
1997-04-24,90424.4
1997-04-25,90782.49
1997-04-28,90238.73
1997-04-29,89986.74
1997-04-30,90225.46
1997-05-01,89986.74
1997-05-02,90092.84
1997-05-05,90092.84
1997-05-06,90835.54
1997-05-07,90477.45
1997-05-08,91180.37
1997-05-09,91737.4
1997-05-12,92360.74
1997-05-13,92546.42
1997-05-14,92599.47
1997-05-15,91883.29
1997-05-16,91379.31
1997-05-19,90371.35
1997-05-20,90981.43
1997-05-21,90901.86
1997-05-22,90915.12
1997-05-23,90862.07
1997-05-27,91153.85
1997-05-28,90928.38
1997-05-29,91220.16
1997-05-30,91671.09
1997-06-02,91220.16
1997-06-03,91127.32
1997-06-04,90649.87
1997-06-05,90397.88
1997-06-06,91246.68
1997-06-09,91313
1997-06-10,91180.37
1997-06-11,91193.63
1997-06-12,90769.23
1997-06-13,90557.03
1997-06-16,90583.55
1997-06-17,90755.97
1997-06-18,90610.08
1997-06-19,90238.73
1997-06-20,89708.22
1997-06-23,89655.17
1997-06-24,89748.01
1997-06-25,89774.54
1997-06-26,89376.66
1997-06-27,89270.56
1997-06-30,88740.05
1997-07-01,88514.59
1997-07-02,88103.45
1997-07-03,88209.55
1997-07-07,84350.13
1997-07-08,85092.84
1997-07-09,84164.46
1997-07-10,84827.59
1997-07-11,84748.01
1997-07-14,85331.56
1997-07-15,84814.32
1997-07-16,84748.01
1997-07-17,84721.49
1997-07-18,85994.69
1997-07-21,86525.2
1997-07-22,87068.97
1997-07-23,86180.37
1997-07-24,85397.88
1997-07-25,85968.17
1997-07-28,86405.84
1997-07-29,86618.04
1997-07-30,86883.29
1997-07-31,86564.99
1997-08-01,85968.17
1997-08-04,85822.28
1997-08-05,85172.41
1997-08-06,84708.22
1997-08-07,85145.89
1997-08-08,85862.07
1997-08-11,86923.08
1997-08-12,86511.94
1997-08-13,86525.2
1997-08-14,86511.94
1997-08-15,86114.06
1997-08-18,85570.29
1997-08-19,85795.76
1997-08-20,85424.4
1997-08-21,85676.39
1997-08-22,85941.64
1997-08-25,85941.64
1997-08-26,86339.52
1997-08-27,86140.58
1997-08-28,86432.36
1997-08-29,86299.73
1997-09-02,85517.24
1997-09-03,85331.56
1997-09-04,85331.56
1997-09-05,85212.2
1997-09-08,85278.51
1997-09-09,85331.56
1997-09-10,85092.84
1997-09-11,85318.3
1997-09-12,85769.23
1997-09-15,85490.72
1997-09-16,85145.89
1997-09-17,85000
1997-09-18,85106.1
1997-09-19,85424.4
1997-09-22,85106.1
1997-09-23,85119.36
1997-09-24,85596.82
1997-09-25,86100.8
1997-09-26,86644.56
1997-09-29,86763.93
1997-09-30,88090.19
1997-10-01,89429.71
1997-10-02,88421.75
1997-10-03,87984.08
1997-10-06,88196.29
1997-10-07,88050.4
1997-10-08,88222.81
1997-10-09,88435.01
1997-10-10,87241.38
1997-10-13,87055.7
1997-10-14,86936.34
1997-10-15,86604.77
1997-10-16,86830.24
1997-10-17,86021.22
1997-10-20,85915.12
1997-10-21,85755.97
1997-10-22,85530.5
1997-10-23,86021.22
1997-10-24,83992.04
1997-10-27,82705.57
1997-10-28,82851.46
1997-10-29,83156.5
1997-10-30,84018.57
1997-10-31,82599.47
1997-11-03,83236.07
1997-11-04,83647.21
1997-11-05,83156.5
1997-11-06,82771.88
1997-11-07,81883.29
1997-11-10,82427.06
1997-11-11,82931.03
1997-11-12,81737.4
1997-11-13,81737.4
1997-11-14,80039.79
1997-11-17,80570.29
1997-11-18,80663.13
1997-11-19,81153.85
1997-11-20,80291.78
1997-11-21,80610.08
1997-11-24,80901.86
1997-11-25,79761.27
1997-11-26,78779.84
1997-11-28,78726.79
1997-12-01,78076.92
1997-12-02,78275.86
1997-12-03,77718.83
1997-12-04,76750.66
1997-12-05,76233.42
1997-12-08,76259.95
1997-12-09,75132.63
1997-12-10,75941.64
1997-12-11,75543.77
1997-12-12,75066.31
1997-12-15,75225.46
1997-12-16,75729.44
1997-12-17,76352.79
1997-12-18,76923.08
1997-12-19,76631.3
1997-12-22,77042.44
1997-12-23,77586.21
1997-12-24,77586.21
1997-12-26,77586.21
1997-12-29,77732.1
1997-12-30,76976.13
1997-12-31,76976.13
1998-01-02,76392.57
1998-01-05,75437.67
1998-01-06,75013.26
1998-01-07,74694.96
1998-01-08,74708.22
1998-01-09,73925.73
1998-01-12,73978.78
1998-01-13,74137.93
1998-01-14,74933.69
1998-01-15,74933.69
1998-01-16,76923.08
1998-01-20,76498.67
1998-01-21,77188.33
1998-01-22,77931.03
1998-01-23,77188.33
1998-01-26,80305.04
1998-01-27,79283.82
1998-01-28,79575.6
1998-01-29,80238.73
1998-01-30,80862.07
1998-02-02,79973.47
1998-02-03,79137.93
1998-02-04,79084.88
1998-02-05,79177.72
1998-02-06,79336.87
1998-02-09,79734.75
1998-02-10,79442.97
1998-02-11,79164.46
1998-02-12,79429.71
1998-02-13,79350.13
1998-02-17,79389.92
1998-02-18,79084.88
1998-02-19,79045.09
1998-02-20,78700.27
1998-02-23,77639.26
1998-02-24,77294.43
1998-02-25,77519.89
1998-02-26,77718.83
1998-02-27,78885.94
1998-03-02,79137.93
1998-03-03,78779.84
1998-03-04,78713.53
1998-03-05,77904.51
1998-03-06,78222.81
1998-03-09,77944.3
1998-03-10,78090.19
1998-03-11,78010.61
1998-03-12,77944.3
1998-03-13,78129.97
1998-03-16,78037.14
1998-03-17,77931.03
1998-03-18,77029.18
1998-03-19,77320.95
1998-03-20,77559.68
1998-03-23,77718.83
1998-03-24,79655.17
1998-03-25,79376.66
1998-03-26,79469.5
1998-03-27,80092.84
1998-03-30,80066.31
1998-03-31,79840.85
1998-04-01,79840.85
1998-04-02,79655.17
1998-04-03,81167.11
1998-04-06,82387.27
1998-04-07,82015.92
1998-04-08,81909.81
1998-04-09,81604.77
1998-04-13,81604.77
1998-04-14,82095.49
1998-04-15,81485.41
1998-04-16,81246.68
1998-04-17,81816.98
1998-04-20,81551.72
1998-04-21,81564.99
1998-04-22,82970.82
1998-04-23,82957.56
1998-04-24,83063.66
1998-04-27,82135.28
1998-04-28,81816.98
1998-04-29,81763.93
1998-04-30,82413.79
1998-05-01,81405.84
1998-05-04,81405.84
1998-05-05,80583.55
1998-05-06,79840.85
1998-05-07,79071.62
1998-05-08,79681.7
1998-05-11,79283.82
1998-05-12,79403.18
1998-05-13,79336.87
1998-05-14,78554.38
1998-05-15,79814.32
1998-05-18,79655.17
1998-05-19,79496.02
1998-05-20,79469.5
1998-05-21,79734.75
1998-05-22,79522.55
1998-05-26,79031.83
1998-05-27,77652.52
1998-05-28,77984.08
1998-05-29,77877.98
1998-06-01,76591.51
1998-06-02,77307.69
1998-06-03,77559.68
1998-06-04,77665.78
1998-06-05,77108.75
1998-06-08,77374.01
1998-06-09,78938.99
1998-06-10,77718.83
1998-06-11,77002.65
1998-06-12,76432.36
1998-06-15,75822.28
1998-06-16,76127.32
1998-06-17,77161.8
1998-06-18,77572.94
1998-06-19,78978.78
1998-06-22,78289.12
1998-06-23,78103.45
1998-06-24,77944.3
1998-06-25,77758.62
1998-06-26,77891.25
1998-06-29,77891.25
1998-06-30,78594.16
1998-07-01,78726.79
1998-07-02,77997.35
1998-07-06,77785.15
1998-07-07,77917.77
1998-07-08,77453.58
1998-07-09,77400.53
1998-07-10,77082.23
1998-07-13,77320.95
1998-07-14,77811.67
1998-07-15,77758.62
1998-07-16,78236.07
1998-07-17,77931.03
1998-07-20,78209.55
1998-07-21,78222.81
1998-07-22,77970.82
1998-07-23,77798.41
1998-07-24,78143.24
1998-07-27,77095.49
1998-07-28,77082.23
1998-07-29,77122.02
1998-07-30,76923.08
1998-07-31,76618.04
1998-08-03,75901.86
1998-08-04,75888.59
1998-08-05,76366.05
1998-08-06,76339.52
1998-08-07,75782.49
1998-08-10,75755.97
1998-08-11,75543.77
1998-08-12,75610.08
1998-08-13,75172.41
1998-08-14,75437.67
1998-08-17,75371.35
1998-08-18,75397.88
1998-08-19,75729.44
1998-08-20,75676.39
1998-08-21,75198.94
1998-08-24,75464.19
1998-08-25,75079.58
1998-08-26,75106.1
1998-08-27,73872.68
1998-08-28,72519.89
1998-08-31,72519.89
1998-09-01,74005.31
1998-09-02,74310.34
1998-09-03,74045.09
1998-09-04,75596.82
1998-09-08,75702.92
1998-09-09,75185.68
1998-09-10,77055.7
1998-09-11,77811.67
1998-09-14,76976.13
1998-09-15,77095.49
1998-09-16,76458.89
1998-09-17,77055.7
1998-09-18,76949.6
1998-09-21,77705.57
1998-09-22,76631.3
1998-09-23,76631.3
1998-09-24,77639.26
1998-09-25,79071.62
1998-09-28,77519.89
1998-09-29,78514.59
1998-09-30,77944.3
1998-10-01,78938.99
1998-10-02,79787.8
1998-10-05,79244.03
1998-10-06,78156.5
1998-10-07,79045.09
1998-10-08,79641.91
1998-10-09,79230.77
1998-10-12,78633.95
1998-10-13,78395.23
1998-10-14,78328.91
1998-10-15,79084.88
1998-10-16,79031.83
1998-10-19,79190.98
1998-10-20,78355.44
1998-10-21,78315.65
1998-10-22,77692.31
1998-10-23,77519.89
1998-10-26,77307.69
1998-10-27,77718.83
1998-10-28,77758.62
1998-10-29,77984.08
1998-10-30,77533.16
1998-11-02,77639.26
1998-11-03,76551.72
1998-11-04,76763.93
1998-11-05,77082.23
1998-11-06,77798.41
1998-11-09,77466.84
1998-11-10,77519.89
1998-11-11,77851.46
1998-11-12,78103.45
1998-11-13,78806.37
1998-11-16,78209.55
1998-11-17,77931.03
1998-11-18,78647.21
1998-11-19,78607.43
1998-11-20,78408.49
1998-11-23,78381.96
1998-11-24,78633.95
1998-11-25,78594.16
1998-11-27,78554.38
1998-11-30,78169.76
1998-12-01,77798.41
1998-12-02,78023.87
1998-12-03,77679.05
1998-12-04,77533.16
1998-12-07,78395.23
1998-12-08,78090.19
1998-12-09,78037.14
1998-12-10,77970.82
1998-12-11,77135.28
1998-12-14,77294.43
1998-12-15,77599.47
1998-12-16,78010.61
1998-12-17,77798.41
1998-12-18,77347.48
1998-12-21,76830.24
1998-12-22,76193.63
1998-12-23,75809.02
1998-12-24,75809.02
1998-12-28,75809.02
1998-12-29,76114.06
1998-12-30,76339.52
1998-12-31,76339.52
1999-01-04,76167.11
1999-01-05,76167.11
1999-01-06,76299.73
1999-01-07,76909.81
1999-01-08,77161.8
1999-01-11,77228.12
1999-01-12,76870.03
1999-01-13,75716.18
1999-01-14,75769.23
1999-01-15,75848.81
1999-01-19,75994.69
1999-01-20,75862.07
1999-01-21,76326.26
1999-01-22,76127.32
1999-01-25,76313
1999-01-26,76153.85
1999-01-27,75278.51
1999-01-28,75212.2
1999-01-29,75702.92
1999-02-01,76100.8
1999-02-02,76538.46
1999-02-03,76087.53
1999-02-04,76193.63
1999-02-05,76763.93
1999-02-08,76618.04
1999-02-09,76127.32
1999-02-10,76445.62
1999-02-11,76206.9
1999-02-12,76697.61
1999-02-16,75676.39
1999-02-17,75795.76
1999-02-18,75782.49
1999-02-19,75954.91
1999-02-22,76180.37
1999-02-23,76047.75
1999-02-24,76233.42
1999-02-25,75981.43
1999-02-26,76140.58
1999-03-01,76047.75
1999-03-02,76458.89
1999-03-03,75848.81
1999-03-04,76313
1999-03-05,76366.05
1999-03-08,76790.45
1999-03-09,77705.57
1999-03-10,77400.53
1999-03-11,77984.08
1999-03-12,77586.21
1999-03-15,76843.5
1999-03-16,75066.31
1999-03-17,75517.24
1999-03-18,75251.99
1999-03-19,75251.99
1999-03-22,75411.14
1999-03-23,75358.09
1999-03-24,75397.88
1999-03-25,75172.41
1999-03-26,74217.51
1999-03-29,74310.34
1999-03-30,74164.46
1999-03-31,74124.67
1999-04-01,74416.45
1999-04-05,74416.45
1999-04-06,73872.68
1999-04-07,74310.34
1999-04-08,74535.81
1999-04-09,74429.71
1999-04-12,75119.36
1999-04-13,75185.68
1999-04-14,75172.41
1999-04-15,75238.73
1999-04-16,75384.62
1999-04-19,75384.62
1999-04-20,75424.4
1999-04-21,75132.63
1999-04-22,75172.41
1999-04-23,75145.89
1999-04-26,74668.44
1999-04-27,74549.07
1999-04-28,75066.31
1999-04-29,75066.31
1999-04-30,76021.22
1999-05-03,76021.22
1999-05-04,75676.39
1999-05-05,75862.07
1999-05-06,76379.31
1999-05-07,74907.16
1999-05-10,73740.05
1999-05-11,74124.67
1999-05-12,73620.69
1999-05-13,73700.27
1999-05-14,73209.55
1999-05-17,73236.07
1999-05-18,72957.56
1999-05-19,72281.17
1999-05-20,72679.05
1999-05-21,72493.37
1999-05-24,72201.59
1999-05-25,72068.97
1999-05-26,71485.41
1999-05-27,71339.52
1999-05-28,71246.68
1999-06-01,70782.49
1999-06-02,70862.07
1999-06-03,70225.46
1999-06-04,70371.35
1999-06-07,70450.93
1999-06-08,69588.86
1999-06-09,69310.34
1999-06-10,68594.16
1999-06-11,68885.94
1999-06-14,69058.36
1999-06-15,68965.52
1999-06-16,68620.69
1999-06-17,68474.8
1999-06-18,68687
1999-06-21,68779.84
1999-06-22,68580.9
1999-06-23,68740.05
1999-06-24,69005.31
1999-06-25,69151.19
1999-06-28,69045.09
1999-06-29,69496.02
1999-06-30,69230.77
1999-07-01,69655.17
1999-07-02,69787.8
1999-07-06,68328.91
1999-07-07,68196.29
1999-07-08,68222.81
1999-07-09,68249.34
1999-07-12,67904.51
1999-07-13,67546.42
1999-07-14,67705.57
1999-07-15,67188.33
1999-07-16,67811.67
1999-07-19,67360.74
1999-07-20,67055.7
1999-07-21,67506.63
1999-07-22,67360.74
1999-07-23,67718.83
1999-07-26,67241.38
1999-07-27,67533.16
1999-07-28,67400.53
1999-07-29,67347.48
1999-07-30,67798.41
1999-08-02,67732.1
1999-08-03,67904.51
1999-08-04,67864.72
1999-08-05,67904.51
1999-08-06,67838.2
1999-08-09,68037.14
1999-08-10,68037.14
1999-08-11,68368.7
1999-08-12,69045.09
1999-08-13,69084.88
1999-08-16,68700.27
1999-08-17,68872.68
1999-08-18,69310.34
1999-08-19,68435.01
1999-08-20,68501.33
1999-08-23,67877.98
1999-08-24,67214.85
1999-08-25,67068.97
1999-08-26,67148.54
1999-08-27,67320.95
1999-08-30,67320.95
1999-08-31,67586.21
1999-09-01,67559.68
1999-09-02,67427.06
1999-09-03,67480.11
1999-09-07,67798.41
1999-09-08,67944.3
1999-09-09,68143.24
1999-09-10,67904.51
1999-09-13,67984.08
1999-09-14,68103.45
1999-09-15,68209.55
1999-09-16,67877.98
1999-09-17,67665.78
1999-09-20,67745.36
1999-09-21,68660.48
1999-09-22,69867.37
1999-09-23,70119.36
1999-09-24,71618.04
1999-09-27,74562.33
1999-09-28,79973.47
1999-09-29,81432.36
1999-09-30,79310.34
1999-10-01,81564.99
1999-10-04,82957.56
1999-10-05,86339.52
1999-10-06,84416.45
1999-10-07,85809.02
1999-10-08,85742.71
1999-10-11,84283.82
1999-10-12,84946.95
1999-10-13,85344.83
1999-10-14,85145.89
1999-10-15,83753.32
1999-10-18,82692.31
1999-10-19,82095.49
1999-10-20,81432.36
1999-10-21,80331.56
1999-10-22,80212.2
1999-10-25,80106.1
1999-10-26,78620.69
1999-10-27,77082.23
1999-10-28,78580.9
1999-10-29,79336.87
1999-11-01,77281.17
1999-11-02,77122.02
1999-11-03,77188.33
1999-11-04,77082.23
1999-11-05,76843.5
1999-11-08,76458.89
1999-11-09,77122.02
1999-11-10,78448.28
1999-11-11,78514.59
1999-11-12,77254.64
1999-11-15,77161.8
1999-11-16,78050.4
1999-11-17,77891.25
1999-11-18,77877.98
1999-11-19,77917.77
1999-11-22,78222.81
1999-11-23,78846.15
1999-11-24,78912.47
1999-11-26,78740.05
1999-11-29,77519.89
1999-11-30,77281.17
1999-12-01,76697.61
1999-12-02,75862.07
1999-12-03,75000
1999-12-06,73236.07
1999-12-07,74071.62
1999-12-08,74522.55
1999-12-09,74005.31
1999-12-10,74442.97
1999-12-13,74137.93
1999-12-14,74071.62
1999-12-15,74283.82
1999-12-16,74350.13
1999-12-17,75371.35
1999-12-20,75397.88
1999-12-21,75000
1999-12-22,75795.76
1999-12-23,76206.9
1999-12-27,76206.9
1999-12-28,76206.9
1999-12-29,77161.8
1999-12-30,76989.39
1999-12-31,76989.39
2000-01-03,76989.39
2000-01-04,74668.44
2000-01-05,74389.92
2000-01-06,74111.41
2000-01-07,74827.59
2000-01-10,74694.96
2000-01-11,74867.37
2000-01-12,74867.37
2000-01-13,74827.59
2000-01-14,75145.89
2000-01-18,75809.02
2000-01-19,76299.73
2000-01-20,76419.1
2000-01-21,76326.26
2000-01-24,76180.37
2000-01-25,76392.57
2000-01-26,75835.54
2000-01-27,75742.71
2000-01-28,76061.01
2000-01-31,75145.89
2000-02-01,75066.31
2000-02-02,75755.97
2000-02-03,75610.08
2000-02-04,77891.25
2000-02-07,82944.3
2000-02-08,78580.9
2000-02-09,81856.76
2000-02-10,81962.86
2000-02-11,82625.99
2000-02-14,81790.45
2000-02-15,80702.92
2000-02-16,80238.73
2000-02-17,80835.54
2000-02-18,80517.24
2000-02-22,80172.41
2000-02-23,80106.1
2000-02-24,79244.03
2000-02-25,77984.08
2000-02-28,77586.21
2000-02-29,77891.25
2000-03-01,77692.31
2000-03-02,76896.55
2000-03-03,76525.2
2000-03-06,76604.77
2000-03-07,76856.76
2000-03-08,77241.38
2000-03-09,77055.7
2000-03-10,76989.39
2000-03-13,77095.49
2000-03-14,76591.51
2000-03-15,76697.61
2000-03-16,76220.16
2000-03-17,75305.04
2000-03-20,75795.76
2000-03-21,75636.6
2000-03-22,76339.52
2000-03-23,75530.5
2000-03-24,75557.03
2000-03-27,75371.35
2000-03-28,74442.97
2000-03-29,74204.24
2000-03-30,73143.24
2000-03-31,73408.49
2000-04-03,73607.43
2000-04-04,73435.01
2000-04-05,74615.38
2000-04-06,74098.14
2000-04-07,74310.34
2000-04-10,74867.37
2000-04-11,74933.69
2000-04-12,74376.66
2000-04-13,74641.91
2000-04-14,74801.06
2000-04-17,74734.75
2000-04-18,74562.33
2000-04-19,74628.65
2000-04-20,74230.77
2000-04-24,74230.77
2000-04-25,74137.93
2000-04-26,73262.6
2000-04-27,73209.55
2000-04-28,72957.56
2000-05-01,72957.56
2000-05-02,73063.66
2000-05-03,73103.45
2000-05-04,74270.56
2000-05-05,74469.5
2000-05-08,73713.53
2000-05-09,73289.12
2000-05-10,73633.95
2000-05-11,73408.49
2000-05-12,73381.96
2000-05-15,72957.56
2000-05-16,73209.55
2000-05-17,72440.32
2000-05-18,72360.74
2000-05-19,72453.58
2000-05-22,72679.05
2000-05-23,72692.31
2000-05-24,72599.47
2000-05-25,72506.63
2000-05-26,71962.86
2000-05-30,72453.58
2000-05-31,72214.85
2000-06-01,72281.17
2000-06-02,74694.96
2000-06-05,75132.63
2000-06-06,76498.67
2000-06-07,75358.09
2000-06-08,75795.76
2000-06-09,75437.67
2000-06-12,75490.72
2000-06-13,77320.95
2000-06-14,76167.11
2000-06-15,76233.42
2000-06-16,76949.6
2000-06-19,75835.54
2000-06-20,75915.12
2000-06-21,75875.33
2000-06-22,76299.73
2000-06-23,75809.02
2000-06-26,75344.83
2000-06-27,75278.51
2000-06-28,76392.57
2000-06-29,76856.76
2000-06-30,76432.36
2000-07-03,76299.73
2000-07-05,76087.53
2000-07-06,75570.29
2000-07-07,75026.53
2000-07-10,75358.09
2000-07-11,75026.53
2000-07-12,74257.29
2000-07-13,74482.76
2000-07-14,74336.87
2000-07-17,74920.42
2000-07-18,75000
2000-07-19,74058.36
2000-07-20,74098.14
2000-07-21,74084.88
2000-07-24,74204.24
2000-07-25,74190.98
2000-07-26,74111.41
2000-07-27,74230.77
2000-07-28,73766.58
2000-07-31,73408.49
2000-08-01,73633.95
2000-08-02,73633.95
2000-08-03,73076.92
2000-08-04,72665.78
2000-08-07,72466.84
2000-08-08,72440.32
2000-08-09,72148.54
2000-08-10,72201.59
2000-08-11,72334.22
2000-08-14,73063.66
2000-08-15,72718.83
2000-08-16,73302.39
2000-08-17,73527.85
2000-08-18,73103.45
2000-08-21,72838.2
2000-08-22,72519.89
2000-08-23,72453.58
2000-08-24,72307.69
2000-08-25,72586.21
2000-08-28,72586.21
2000-08-29,72679.05
2000-08-30,72493.37
2000-08-31,73474.8
2000-09-01,73474.8
2000-09-05,72944.3
2000-09-06,72718.83
2000-09-07,72334.22
2000-09-08,72347.48
2000-09-11,72294.43
2000-09-12,72851.46
2000-09-13,72281.17
2000-09-14,72440.32
2000-09-15,72307.69
2000-09-18,72413.79
2000-09-19,72108.75
2000-09-20,71989.39
2000-09-21,71485.41
2000-09-22,72665.78
2000-09-25,72374.01
2000-09-26,72904.51
2000-09-27,73249.34
2000-09-28,73315.65
2000-09-29,72586.21
2000-10-02,72440.32
2000-10-03,72175.07
2000-10-04,71976.13
2000-10-05,71724.14
2000-10-06,71618.04
2000-10-09,71618.04
2000-10-10,71750.66
2000-10-11,72347.48
2000-10-12,72679.05
2000-10-13,72480.11
2000-10-16,72042.44
2000-10-17,71684.35
2000-10-18,72148.54
2000-10-19,71697.61
2000-10-20,71737.4
2000-10-23,72002.65
2000-10-24,71671.09
2000-10-25,70769.23
2000-10-26,70663.13
2000-10-27,69973.47
2000-10-30,70225.46
2000-10-31,70159.15
2000-11-01,70424.4
2000-11-02,70251.99
2000-11-03,70198.94
2000-11-06,70477.45
2000-11-07,70424.4
2000-11-08,70053.05
2000-11-09,70198.94
2000-11-10,70251.99
2000-11-13,70251.99
2000-11-14,70278.51
2000-11-15,70185.68
2000-11-16,70742.71
2000-11-17,70358.09
2000-11-20,70596.82
2000-11-21,70596.82
2000-11-22,70596.82
2000-11-24,70437.67
2000-11-27,71127.32
2000-11-28,71604.77
2000-11-29,71379.31
2000-11-30,71379.31
2000-12-01,71405.84
2000-12-04,71803.71
2000-12-05,71830.24
2000-12-06,72042.44
2000-12-07,72652.52
2000-12-08,72400.53
2000-12-11,71803.71
2000-12-12,71816.98
2000-12-13,71511.94
2000-12-14,71432.36
2000-12-15,71710.88
2000-12-18,71671.09
2000-12-19,71498.67
2000-12-20,72267.9
2000-12-21,72440.32
2000-12-22,72440.32
2000-12-26,72440.32
2000-12-27,72957.56
2000-12-28,72798.41
2000-12-29,72798.41
2001-01-02,71909.81
2001-01-03,70862.07
2001-01-04,70848.81
2001-01-05,70928.38
2001-01-08,71167.11
2001-01-09,70822.28
2001-01-10,70636.6
2001-01-11,70066.31
2001-01-12,69946.95
2001-01-16,70145.89
2001-01-17,69893.9
2001-01-18,70265.25
2001-01-19,70265.25
2001-01-22,70596.82
2001-01-23,70583.55
2001-01-24,70092.84
2001-01-25,70265.25
2001-01-26,69907.16
2001-01-29,69721.49
2001-01-30,70278.51
2001-01-31,70159.15
2001-02-01,70994.69
2001-02-02,70742.71
2001-02-05,70411.14
2001-02-06,69681.7
2001-02-07,69801.06
2001-02-08,69748.01
2001-02-09,68938.99
2001-02-12,69257.29
2001-02-13,69164.46
2001-02-14,69031.83
2001-02-15,68580.9
2001-02-16,68289.12
2001-02-20,67970.82
2001-02-21,68302.39
2001-02-22,68660.48
2001-02-23,69084.88
2001-02-26,69814.32
2001-02-27,71167.11
2001-02-28,70742.71
2001-03-01,70649.87
2001-03-02,69787.8
2001-03-05,69628.65
2001-03-06,69456.23
2001-03-07,69137.93
2001-03-08,69933.69
2001-03-09,71564.99
2001-03-12,72281.17
2001-03-13,71432.36
2001-03-14,69986.74
2001-03-15,69509.28
2001-03-16,69151.19
2001-03-19,69111.41
2001-03-20,69376.66
2001-03-21,69496.02
2001-03-22,69270.56
2001-03-23,69721.49
2001-03-26,69549.07
2001-03-27,69496.02
2001-03-28,69005.31
2001-03-29,69005.31
2001-03-30,68355.44
2001-04-02,67891.25
2001-04-03,68196.29
2001-04-04,68819.63
2001-04-05,68461.54
2001-04-06,68647.21
2001-04-09,68700.27
2001-04-10,68076.92
2001-04-11,68355.44
2001-04-12,68766.58
2001-04-16,68766.58
2001-04-17,69111.41
2001-04-18,68660.48
2001-04-19,69787.8
2001-04-20,69986.74
2001-04-23,69655.17
2001-04-24,69867.37
2001-04-25,69893.9
2001-04-26,69893.9
2001-04-27,70185.68
2001-04-30,69801.06
2001-05-01,70026.53
2001-05-02,70013.26
2001-05-03,70663.13
2001-05-04,70716.18
2001-05-07,70716.18
2001-05-08,70344.83
2001-05-09,71047.75
2001-05-10,71206.9
2001-05-11,71366.05
2001-05-14,71180.37
2001-05-15,70716.18
2001-05-16,71856.76
2001-05-17,72679.05
2001-05-18,72413.79
2001-05-21,77254.64
2001-05-22,75371.35
2001-05-23,75106.1
2001-05-24,75875.33
2001-05-25,73275.86
2001-05-29,73143.24
2001-05-30,71883.29
2001-05-31,70954.91
2001-06-01,70397.88
2001-06-04,70689.66
2001-06-05,70477.45
2001-06-06,70424.4
2001-06-07,70583.55
2001-06-08,70822.28
2001-06-11,71220.16
2001-06-12,71591.51
2001-06-13,72135.28
2001-06-14,72254.64
2001-06-15,72201.59
2001-06-18,72148.54
2001-06-19,72519.89
2001-06-20,72015.92
2001-06-21,72068.97
2001-06-22,72493.37
2001-06-25,72387.27
2001-06-26,72679.05
2001-06-27,72891.25
2001-06-28,71485.41
2001-06-29,71777.19
2001-07-02,71180.37
2001-07-03,71220.16
2001-07-05,70636.6
2001-07-06,70318.3
2001-07-09,70583.55
2001-07-10,70941.64
2001-07-11,70968.17
2001-07-12,70636.6
2001-07-13,70649.87
2001-07-16,71153.85
2001-07-17,70981.43
2001-07-18,71233.42
2001-07-19,71697.61
2001-07-20,71538.46
2001-07-23,71273.21
2001-07-24,71286.47
2001-07-25,71193.63
2001-07-26,70954.91
2001-07-27,70596.82
2001-07-30,70636.6
2001-07-31,70530.5
2001-08-01,70915.12
2001-08-02,70822.28
2001-08-03,71047.75
2001-08-06,70875.33
2001-08-07,70676.39
2001-08-08,70663.13
2001-08-09,71618.04
2001-08-10,73156.5
2001-08-13,73103.45
2001-08-14,72811.67
2001-08-15,73037.14
2001-08-16,73183.02
2001-08-17,73594.16
2001-08-20,73381.96
2001-08-21,73289.12
2001-08-22,73169.76
2001-08-23,72904.51
2001-08-24,72360.74
2001-08-27,72360.74
2001-08-28,71896.55
2001-08-29,72374.01
2001-08-30,72228.12
2001-08-31,72413.79
2001-09-04,72228.12
2001-09-05,71962.86
2001-09-06,72161.8
2001-09-07,72572.94
2001-09-10,72015.92
2001-09-17,77785.15
2001-09-18,76763.93
2001-09-19,76419.1
2001-09-20,76525.2
2001-09-21,77586.21
2001-09-24,76445.62
2001-09-25,76392.57
2001-09-26,77307.69
2001-09-27,76870.03
2001-09-28,77745.36
2001-10-01,77082.23
2001-10-02,77360.74
2001-10-03,76949.6
2001-10-04,77015.92
2001-10-05,77241.38
2001-10-08,77413.79
2001-10-09,76923.08
2001-10-10,76167.11
2001-10-11,74761.27
2001-10-12,74748.01
2001-10-15,74761.27
2001-10-16,74562.33
2001-10-17,74694.96
2001-10-18,74535.81
2001-10-19,74045.09
2001-10-22,73183.02
2001-10-23,73222.81
2001-10-24,73076.92
2001-10-25,73395.23
2001-10-26,73541.11
2001-10-29,73899.2
2001-10-30,74376.66
2001-10-31,73938.99
2001-11-01,74429.71
2001-11-02,74244.03
2001-11-05,73806.37
2001-11-06,73992.04
2001-11-07,74350.13
2001-11-08,74257.29
2001-11-09,73514.59
2001-11-12,74270.56
2001-11-13,73342.18
2001-11-14,73806.37
2001-11-15,73063.66
2001-11-16,72811.67
2001-11-19,72572.94
2001-11-20,72400.53
2001-11-21,72360.74
2001-11-23,72440.32
2001-11-26,72307.69
2001-11-27,72493.37
2001-11-28,72785.15
2001-11-29,72891.25
2001-11-30,73076.92
2001-12-03,73302.39
2001-12-04,73368.7
2001-12-05,72944.3
2001-12-06,72824.93
2001-12-07,72705.57
2001-12-10,72320.95
2001-12-11,72201.59
2001-12-12,72546.42
2001-12-13,72771.88
2001-12-14,73488.06
2001-12-17,73673.74
2001-12-18,73965.52
2001-12-19,73912.47
2001-12-20,73236.07
2001-12-21,73607.43
2001-12-24,73607.43
2001-12-26,73607.43
2001-12-27,73660.48
2001-12-28,73342.18
2001-12-31,73342.18
2002-01-02,73832.89
2002-01-03,73952.25
2002-01-04,73673.74
2002-01-07,73899.2
2002-01-08,73899.2
2002-01-09,74562.33
2002-01-10,76087.53
2002-01-11,75795.76
2002-01-14,75954.91
2002-01-15,75384.62
2002-01-16,75490.72
2002-01-17,75596.82
2002-01-18,75119.36
2002-01-22,74814.32
2002-01-23,74469.5
2002-01-24,74058.36
2002-01-25,74005.31
2002-01-28,74031.83
2002-01-29,73713.53
2002-01-30,74668.44
2002-01-31,74880.64
2002-02-01,75305.04
2002-02-04,76233.42
2002-02-05,77440.32
2002-02-06,79442.97
2002-02-07,79442.97
2002-02-08,80716.18
2002-02-11,78978.78
2002-02-12,79283.82
2002-02-13,78885.94
2002-02-14,79310.34
2002-02-15,79535.81
2002-02-19,78647.21
2002-02-20,77267.9
2002-02-21,77493.37
2002-02-22,77652.52
2002-02-25,77440.32
2002-02-26,78037.14
2002-02-27,78885.94
2002-02-28,78740.05
2002-03-01,78355.44
2002-03-04,78885.94
2002-03-05,78992.04
2002-03-06,77639.26
2002-03-07,77188.33
2002-03-08,76697.61
2002-03-11,77241.38
2002-03-12,77877.98
2002-03-13,77758.62
2002-03-14,77241.38
2002-03-15,77002.65
2002-03-18,77466.84
2002-03-19,77745.36
2002-03-20,77413.79
2002-03-21,77652.52
2002-03-22,78050.4
2002-03-25,78965.52
2002-03-26,78541.11
2002-03-27,79310.34
2002-03-28,79946.95
2002-04-01,79946.95
2002-04-02,80636.6
2002-04-03,80570.29
2002-04-04,80026.53
2002-04-05,79840.85
2002-04-08,79694.96
2002-04-09,79230.77
2002-04-10,79045.09
2002-04-11,79920.42
2002-04-12,79668.44
2002-04-15,79602.12
2002-04-16,78978.78
2002-04-17,79801.06
2002-04-18,80702.92
2002-04-19,80053.05
2002-04-22,80557.03
2002-04-23,80291.78
2002-04-24,80689.66
2002-04-25,81498.67
2002-04-26,81326.26
2002-04-29,82148.54
2002-04-30,81750.66
2002-05-01,81790.45
2002-05-02,81591.51
2002-05-03,82347.48
2002-05-06,82347.48
2002-05-07,82758.62
2002-05-08,82360.74
2002-05-09,81923.08
2002-05-10,82533.16
2002-05-13,82427.06
2002-05-14,81803.71
2002-05-15,81777.19
2002-05-16,82254.64
2002-05-17,82387.27
2002-05-20,82625.99
2002-05-21,83607.43
2002-05-22,84111.41
2002-05-23,84124.67
2002-05-24,85132.63
2002-05-28,84933.69
2002-05-29,86750.66
2002-05-30,86472.15
2002-05-31,86631.3
2002-06-03,86631.3
2002-06-04,86631.3
2002-06-05,85411.14
2002-06-06,85968.17
2002-06-07,86578.25
2002-06-10,85543.77
2002-06-11,84031.83
2002-06-12,84814.32
2002-06-13,84549.07
2002-06-14,85437.67
2002-06-17,84297.08
2002-06-18,84442.97
2002-06-19,85053.05
2002-06-20,85503.98
2002-06-21,85596.82
2002-06-24,86578.25
2002-06-25,85331.56
2002-06-26,85291.78
2002-06-27,84562.33
2002-06-28,84482.76
2002-07-01,82785.15
2002-07-02,83408.49
2002-07-03,82453.58
2002-07-05,82572.94
2002-07-08,82679.05
2002-07-09,83236.07
2002-07-10,83501.33
2002-07-11,83328.91
2002-07-12,84005.31
2002-07-15,84615.38
2002-07-16,84416.45
2002-07-17,83859.42
2002-07-18,84257.29
2002-07-19,85649.87
2002-07-22,85649.87
2002-07-23,84801.06
2002-07-24,82559.68
2002-07-25,82082.23
2002-07-26,80888.59
2002-07-29,80371.35
2002-07-30,81007.96
2002-07-31,80809.02
2002-08-01,80172.41
2002-08-02,80915.12
2002-08-05,82095.49
2002-08-06,81100.8
2002-08-07,82811.67
2002-08-08,82798.41
2002-08-09,83010.61
2002-08-12,84005.31
2002-08-13,83236.07
2002-08-14,83726.79
2002-08-15,82931.03
2002-08-16,83342.18
2002-08-19,82254.64
2002-08-20,81697.61
2002-08-21,81313
2002-08-22,81007.96
2002-08-23,81153.85
2002-08-26,81153.85
2002-08-27,82360.74
2002-08-28,82519.89
2002-08-29,82785.15
2002-08-30,82970.82
2002-09-03,83156.5
2002-09-04,83023.87
2002-09-05,84230.77
2002-09-06,84681.7
2002-09-09,85543.77
2002-09-10,84641.91
2002-09-11,83687
2002-09-12,84575.6
2002-09-13,84562.33
2002-09-16,83647.21
2002-09-17,83793.1
2002-09-18,84535.81
2002-09-19,85477.45
2002-09-20,85490.72
2002-09-23,85543.77
2002-09-24,86551.72
2002-09-25,86246.68
2002-09-26,84774.54
2002-09-27,84893.9
2002-09-30,85862.07
2002-10-01,85344.83
2002-10-02,85464.19
2002-10-03,85437.67
2002-10-04,84960.21
2002-10-07,85344.83
2002-10-08,84615.38
2002-10-09,84708.22
2002-10-10,84602.12
2002-10-11,84045.09
2002-10-14,84283.82
2002-10-15,83872.68
2002-10-16,83302.39
2002-10-17,82427.06
2002-10-18,82957.56
2002-10-21,82917.77
2002-10-22,82904.51
2002-10-23,82785.15
2002-10-24,82692.31
2002-10-25,83023.87
2002-10-28,83408.49
2002-10-29,84124.67
2002-10-30,83965.52
2002-10-31,84058.36
2002-11-01,84840.85
2002-11-04,84230.77
2002-11-05,84482.76
2002-11-06,84164.46
2002-11-07,84681.7
2002-11-08,85331.56
2002-11-11,85066.31
2002-11-12,85344.83
2002-11-13,85941.64
2002-11-14,84509.28
2002-11-15,84641.91
2002-11-18,84549.07
2002-11-19,84801.06
2002-11-20,84575.6
2002-11-21,84257.29
2002-11-22,84270.56
2002-11-25,84204.24
2002-11-26,84217.51
2002-11-27,84310.34
2002-11-29,84628.65
2002-12-02,83938.99
2002-12-03,84801.06
2002-12-04,85437.67
2002-12-05,85530.5
2002-12-06,86405.84
2002-12-09,86233.42
2002-12-10,85702.92
2002-12-11,86007.96
2002-12-12,86578.25
2002-12-13,88116.71
2002-12-16,88328.91
2002-12-17,89920.42
2002-12-18,89655.17
2002-12-19,91511.94
2002-12-20,90610.08
2002-12-23,91233.42
2002-12-24,91233.42
2002-12-26,91233.42
2002-12-27,92652.52
2002-12-30,92095.49
2002-12-31,92095.49
2003-01-02,91193.63
2003-01-03,91379.31
2003-01-06,93302.39
2003-01-07,92572.94
2003-01-08,92771.88
2003-01-09,93474.8
2003-01-10,93633.95
2003-01-13,93514.59
2003-01-14,93660.48
2003-01-15,93103.45
2003-01-16,93448.28
2003-01-17,94694.96
2003-01-21,93846.15
2003-01-22,95092.84
2003-01-23,96737.4
2003-01-24,97082.23
2003-01-27,97745.36
2003-01-28,97718.83
2003-01-29,98116.71
2003-01-30,97506.63
2003-01-31,97480.11
2003-02-03,98010.61
2003-02-04,99880.64
2003-02-05,101352.79
2003-02-06,99681.7
2003-02-07,99005.31
2003-02-10,98275.86
2003-02-11,96551.72
2003-02-12,94509.28
2003-02-13,93580.9
2003-02-14,93965.52
2003-02-18,91273.21
2003-02-19,91777.19
2003-02-20,93249.34
2003-02-21,93448.28
2003-02-24,94217.51
2003-02-25,94854.11
2003-02-26,93342.18
2003-02-27,93169.76
2003-02-28,92161.8
2003-03-03,91644.56
2003-03-04,93740.05
2003-03-05,93885.94
2003-03-06,94084.88
2003-03-07,93037.14
2003-03-10,94018.57
2003-03-11,92493.37
2003-03-12,91803.71
2003-03-13,88726.79
2003-03-14,88912.47
2003-03-17,90384.62
2003-03-18,89867.37
2003-03-19,89071.62
2003-03-20,89071.62
2003-03-21,88461.54
2003-03-24,87387.27
2003-03-25,88037.14
2003-03-26,87519.89
2003-03-27,88262.6
2003-03-28,87732.1
2003-03-31,88819.63
2003-04-01,88687
2003-04-02,87347.48
2003-04-03,85862.07
2003-04-04,85888.59
2003-04-07,84854.11
2003-04-08,85782.49
2003-04-09,85238.73
2003-04-10,86100.8
2003-04-11,86153.85
2003-04-14,86458.89
2003-04-15,86326.26
2003-04-16,85968.17
2003-04-17,86737.4
2003-04-21,86737.4
2003-04-22,88832.89
2003-04-23,88408.49
2003-04-24,88514.59
2003-04-25,88395.23
2003-04-28,88222.81
2003-04-29,87904.51
2003-04-30,89323.61
2003-05-01,90503.98
2003-05-02,90318.3
2003-05-05,90318.3
2003-05-06,90941.64
2003-05-07,90676.39
2003-05-08,91896.55
2003-05-09,92281.17
2003-05-12,93129.97
2003-05-13,92944.3
2003-05-14,93779.84
2003-05-15,93965.52
2003-05-16,94164.46
2003-05-19,95225.46
2003-05-20,97161.8
2003-05-21,97559.68
2003-05-22,98037.14
2003-05-23,98275.86
2003-05-27,98514.59
2003-05-28,95358.09
2003-05-29,96313
2003-05-30,95862.07
2003-06-02,96750.66
2003-06-03,96816.98
2003-06-04,96604.77
2003-06-05,97281.17
2003-06-06,96286.47
2003-06-09,96220.16
2003-06-10,93965.52
2003-06-11,93965.52
2003-06-12,93435.01
2003-06-13,93647.21
2003-06-16,95039.79
2003-06-17,96220.16
2003-06-18,95424.4
2003-06-19,94867.37
2003-06-20,94960.21
2003-06-23,94164.46
2003-06-24,92374.01
2003-06-25,92334.22
2003-06-26,91206.9
2003-06-27,91644.56
2003-06-30,91777.19
2003-07-01,92891.25
2003-07-02,93236.07
2003-07-03,92679.05
2003-07-07,92347.48
2003-07-08,92095.49
2003-07-09,91286.47
2003-07-10,91087.53
2003-07-11,91167.11
2003-07-14,92175.07
2003-07-15,92374.01
2003-07-16,91034.48
2003-07-17,90848.81
2003-07-18,91339.52
2003-07-21,92838.2
2003-07-22,93368.7
2003-07-23,94098.14
2003-07-24,94774.54
2003-07-25,96286.47
2003-07-28,96976.13
2003-07-29,96419.1
2003-07-30,94893.9
2003-07-31,94098.14
2003-08-01,93461.54
2003-08-04,92175.07
2003-08-05,92413.79
2003-08-06,93368.7
2003-08-07,93262.6
2003-08-08,93885.94
2003-08-11,95265.25
2003-08-12,95517.24
2003-08-13,95132.63
2003-08-14,96445.62
2003-08-15,96684.35
2003-08-18,95557.03
2003-08-19,95596.82
2003-08-20,96472.15
2003-08-21,96366.05
2003-08-22,95159.15
2003-08-25,95159.15
2003-08-26,95623.34
2003-08-27,98474.8
2003-08-28,98090.19
2003-08-29,99628.65
2003-09-02,99124.67
2003-09-03,98143.24
2003-09-04,98342.18
2003-09-05,99681.7
2003-09-08,99376.66
2003-09-09,101392.57
2003-09-10,100795.76
2003-09-11,99814.32
2003-09-12,100331.56
2003-09-15,99071.62
2003-09-16,99363.4
2003-09-17,99270.56
2003-09-18,100344.83
2003-09-19,100729.44
2003-09-22,102254.64
2003-09-23,102015.92
2003-09-24,102122.02
2003-09-25,103633.95
2003-09-26,101511.94
2003-09-29,101313
2003-09-30,102917.77
2003-10-01,101724.14
2003-10-02,101379.31
2003-10-03,101923.08
2003-10-06,98488.06
2003-10-07,99761.27
2003-10-08,99535.81
2003-10-09,98302.39
2003-10-10,98753.32
2003-10-13,98209.55
2003-10-14,99190.98
2003-10-15,99071.62
2003-10-16,99045.09
2003-10-17,98275.86
2003-10-20,99151.19
2003-10-21,100318.3
2003-10-22,102055.7
2003-10-23,101989.39
2003-10-24,102984.08
2003-10-27,102387.27
2003-10-28,101962.86
2003-10-29,102228.12
2003-10-30,102519.89
2003-10-31,102453.58
2003-11-03,101657.82
2003-11-04,100238.73
2003-11-05,100464.19
2003-11-06,100862.07
2003-11-07,100517.24
2003-11-10,101724.14
2003-11-11,102864.72
2003-11-12,103368.7
2003-11-13,104880.64
2003-11-14,105225.46
2003-11-17,104429.71
2003-11-18,104482.76
2003-11-19,104814.32
2003-11-20,104588.86
2003-11-21,104907.16
2003-11-24,103952.25
2003-11-25,103912.47
2003-11-26,105039.79
2003-11-28,105663.13
2003-12-01,106167.11
2003-12-02,106458.89
2003-12-03,106578.25
2003-12-04,106697.61
2003-12-05,106737.4
2003-12-08,107732.1
2003-12-09,108156.5
2003-12-10,108753.32
2003-12-11,107188.33
2003-12-12,107984.08
2003-12-15,108090.19
2003-12-16,108222.81
2003-12-17,108289.12
2003-12-18,108090.19
2003-12-19,108687
2003-12-22,108872.68
2003-12-23,108554.38
2003-12-24,108554.38
2003-12-26,108554.38
2003-12-29,109283.82
2003-12-30,110411.14
2003-12-31,110411.14
2004-01-02,110145.89
2004-01-05,111564.99
2004-01-06,112572.94
2004-01-07,111870.03
2004-01-08,111671.09
2004-01-09,112294.43
2004-01-12,112798.41
2004-01-13,112864.72
2004-01-14,111273.21
2004-01-15,109416.45
2004-01-16,108328.91
2004-01-20,108554.38
2004-01-21,108116.71
2004-01-22,108554.38
2004-01-23,108488.06
2004-01-26,108275.86
2004-01-27,107612.73
2004-01-28,109018.57
2004-01-29,107612.73
2004-01-30,106034.48
2004-02-02,105663.13
2004-02-03,106485.41
2004-02-04,105901.86
2004-02-05,105981.43
2004-02-06,107228.12
2004-02-09,107679.05
2004-02-10,108368.7
2004-02-11,107625.99
2004-02-12,109177.72
2004-02-13,110344.83
2004-02-17,109946.95
2004-02-18,109946.95
2004-02-19,108700.27
2004-02-20,107493.37
2004-02-23,105968.17
2004-02-24,106697.61
2004-02-25,106167.11
2004-02-26,104310.34
2004-02-27,105000
2004-03-01,106100.8
2004-03-02,104973.47
2004-03-03,103580.9
2004-03-04,103978.78
2004-03-05,105901.86
2004-03-08,106061.01
2004-03-09,106498.67
2004-03-10,106167.11
2004-03-11,105689.66
2004-03-12,105570.29
2004-03-15,105596.82
2004-03-16,106763.93
2004-03-17,106830.24
2004-03-18,108952.25
2004-03-19,109283.82
2004-03-22,110782.49
2004-03-23,110411.14
2004-03-24,110145.89
2004-03-25,110371.35
2004-03-26,111803.71
2004-03-29,111737.4
2004-03-30,111405.84
2004-03-31,112387.27
2004-04-01,113328.91
2004-04-02,111140.58
2004-04-05,110795.76
2004-04-06,111007.96
2004-04-07,111140.58
2004-04-08,111273.21
2004-04-12,111273.21
2004-04-13,108196.29
2004-04-14,105503.98
2004-04-15,105636.6
2004-04-16,106326.26
2004-04-19,106923.08
2004-04-20,105265.25
2004-04-21,104177.72
2004-04-22,104058.36
2004-04-23,104641.91
2004-04-26,105305.04
2004-04-27,105106.1
2004-04-28,104045.09
2004-04-29,102387.27
2004-04-30,103050.4
2004-05-03,103050.4
2004-05-04,103779.84
2004-05-05,104124.67
2004-05-06,102785.15
2004-05-07,101007.96
2004-05-10,99469.5
2004-05-11,99535.81
2004-05-12,101379.31
2004-05-13,99509.28
2004-05-14,99867.37
2004-05-17,101578.25
2004-05-18,100185.68
2004-05-19,100994.69
2004-05-20,100663.13
2004-05-21,102201.59
2004-05-24,101856.76
2004-05-25,103156.5
2004-05-26,103355.44
2004-05-27,104403.18
2004-05-28,104310.34
2004-06-01,105358.09
2004-06-02,104734.75
2004-06-03,103541.11
2004-06-04,102997.35
2004-06-07,104403.18
2004-06-08,104071.62
2004-06-09,102612.73
2004-06-10,102108.75
2004-06-14,102148.54
2004-06-15,102519.89
2004-06-16,102188.33
2004-06-17,102413.79
2004-06-18,104801.06
2004-06-21,104840.85
2004-06-22,104973.47
2004-06-23,104482.76
2004-06-24,106100.8
2004-06-25,106498.67
2004-06-28,107228.12
2004-06-29,104615.38
2004-06-30,104986.74
2004-07-01,104721.49
2004-07-02,105503.98
2004-07-06,104641.91
2004-07-07,106007.96
2004-07-08,107519.89
2004-07-09,107824.93
2004-07-12,107785.15
2004-07-13,106339.52
2004-07-14,107108.75
2004-07-15,106936.34
2004-07-16,107771.88
2004-07-19,107785.15
2004-07-20,106100.8
2004-07-21,105702.92
2004-07-22,105503.98
2004-07-23,103846.15
2004-07-26,103647.21
2004-07-27,103408.49
2004-07-28,102732.1
2004-07-29,102732.1
2004-07-30,103819.63
2004-08-02,103846.15
2004-08-03,103700.27
2004-08-04,103846.15
2004-08-05,103673.74
2004-08-06,105835.54
2004-08-09,105835.54
2004-08-10,105968.17
2004-08-11,104469.5
2004-08-12,104549.07
2004-08-13,105238.73
2004-08-16,106538.46
2004-08-17,106445.62
2004-08-18,106750.66
2004-08-19,107824.93
2004-08-20,108899.2
2004-08-23,108912.47
2004-08-24,107745.36
2004-08-25,107692.31
2004-08-26,107705.57
2004-08-27,107453.58
2004-08-30,107453.58
2004-08-31,108023.87
2004-09-01,108129.97
2004-09-02,107718.83
2004-09-03,106405.84
2004-09-07,105596.82
2004-09-08,105119.36
2004-09-09,105755.97
2004-09-10,106458.89
2004-09-13,105915.12
2004-09-14,107493.37
2004-09-15,107281.17
2004-09-16,107002.65
2004-09-17,107612.73
2004-09-20,107241.38
2004-09-21,108355.44
2004-09-22,107519.89
2004-09-23,109151.19
2004-09-24,108183.02
2004-09-27,108541.11
2004-09-28,109204.24
2004-09-29,109535.81
2004-09-30,110251.99
2004-10-01,110901.86
2004-10-04,109429.71
2004-10-05,110185.68
2004-10-06,110994.69
2004-10-07,110901.86
2004-10-08,111870.03
2004-10-11,111856.76
2004-10-12,110000
2004-10-13,109084.88
2004-10-14,110172.41
2004-10-15,111511.94
2004-10-18,111167.11
2004-10-19,111233.42
2004-10-20,112360.74
2004-10-21,112068.97
2004-10-22,112148.54
2004-10-25,113832.89
2004-10-26,113395.23
2004-10-27,113594.16
2004-10-28,112519.89
2004-10-29,112877.98
2004-11-01,113753.32
2004-11-02,112519.89
2004-11-03,112334.22
2004-11-04,114190.98
2004-11-05,114323.61
2004-11-08,114562.33
2004-11-09,115026.53
2004-11-10,114960.21
2004-11-11,115066.31
2004-11-12,115663.13
2004-11-15,116074.27
2004-11-16,116551.72
2004-11-17,117625.99
2004-11-18,117241.38
2004-11-19,118299.94
2004-11-22,118750.93
2004-11-23,118224.45
2004-11-24,119018.89
2004-11-26,119654.84
2004-11-29,119947.36
2004-11-30,119209.5
2004-12-01,119898.32
2004-12-02,118764.12
2004-12-03,120483.4
2004-12-06,119349.17
2004-12-07,119192.54
2004-12-08,116287.94
2004-12-09,115682.05
2004-12-10,114785.49
2004-12-13,116029.24
2004-12-14,115079.8
2004-12-15,116244.32
2004-12-16,115426.98
2004-12-17,116776.52
2004-12-20,117174.76
2004-12-21,116859.51
2004-12-22,116332.82
2004-12-23,116995.35
2004-12-27,117552.19
2004-12-28,117263.35
2004-12-29,115388.78
2004-12-30,115839.91
2004-12-31,115762.46
2005-01-03,113702.77
2005-01-04,112964.53
2005-01-05,112781.31
2005-01-06,111408.69
2005-01-07,110591.08
2005-01-10,110883.58
2005-01-11,111572.58
2005-01-12,112605.23
2005-01-13,112607.02
2005-01-14,111868.67
2005-01-18,111870.44
2005-01-19,111713.61
2005-01-20,111688.95
2005-01-21,112986.05
2005-01-24,113067.15
2005-01-25,111667.83
2005-01-26,112859.25
2005-01-27,112675.98
2005-01-28,112862.83
2005-01-31,111622.05
2005-02-01,111306.56
2005-02-02,111466.96
2005-02-03,110199.66
2005-02-04,109646.18
2005-02-07,109119.12
2005-02-08,109094.41
2005-02-09,109228.35
2005-02-10,110393.49
2005-02-11,111267.81
2005-02-14,112512.35
2005-02-15,112593.47
2005-02-16,112436.6
2005-02-17,112993.69
2005-02-18,113048.37
2005-02-22,115218.58
2005-02-23,114823.74
2005-02-24,114587.56
2005-02-25,115038.95
2005-02-28,115093.66
2005-03-01,114302.11
2005-03-02,114383.26
2005-03-03,113644.56
2005-03-04,114730.71
2005-03-07,114970.56
2005-03-08,116453.49
2005-03-09,116428.89
2005-03-10,116906.82
2005-03-11,117517.01
2005-03-14,116460.88
2005-03-15,116542.08
2005-03-16,117205.2
2005-03-17,115910.95
2005-03-18,116103.24
2005-03-21,113983.63
2005-03-22,112821.54
2005-03-23,112214.91
2005-03-24,112137.33
2005-03-28,112535.92
2005-03-29,112590.61
2005-03-30,112724.67
2005-03-31,113282.02
2005-04-01,112754.71
2005-04-04,112174.47
2005-04-05,112308.53
2005-04-06,112786.53
2005-04-07,112629.58
2005-04-08,112948.86
2005-04-11,113188.77
2005-04-12,113349.32
2005-04-13,113509.87
2005-04-14,111950.58
2005-04-15,112190.49
2005-04-18,112959.61
2005-04-19,114522.57
2005-04-20,114841.92
2005-04-21,114393.9
2005-04-22,114819.11
2005-04-25,114953.24
2005-04-26,115484.31
2005-04-27,114321.78
2005-04-28,113794.32
2005-04-29,114722.36
2005-05-02,113480.37
2005-05-03,113164.59
2005-05-04,113536.9
2005-05-05,113565.17
2005-05-06,112534.8
2005-05-09,112615.98
2005-05-10,112855.97
2005-05-11,112990.1
2005-05-12,111589.11
2005-05-13,111035.06
2005-05-16,110851.54
2005-05-17,110800.36
2005-05-18,111305.04
2005-05-19,111121.51
2005-05-20,110249.76
2005-05-23,110172.1
2005-05-24,110465.03
2005-05-25,110837.38
2005-05-26,110362.65
2005-05-27,110867.38
2005-05-31,110260.26
2005-06-01,109944.34
2005-06-02,111455.07
2005-06-03,111642.16
2005-06-06,112464.63
2005-06-07,112201.67
2005-06-08,112097.55
2005-06-09,111914
2005-06-10,112842.44
2005-06-13,113267.85
2005-06-14,112793.07
2005-06-15,113165.54
2005-06-16,115073.73
2005-06-17,115525.68
2005-06-20,115606.95
2005-06-21,116005.97
2005-06-22,115769.5
2005-06-23,116565.73
2005-06-24,116249.81
2005-06-27,116278.14
2005-06-28,115061.86
2005-06-29,115540.35
2005-06-30,115039.03
2005-07-01,113081.17
2005-07-05,111970.69
2005-07-06,111893.02
2005-07-07,112186.11
2005-07-08,111923.05
2005-07-11,112666.39
2005-07-12,112933.03
2005-07-13,112166.75
2005-07-14,110976.68
2005-07-15,111375.73
2005-07-18,111271.55
2005-07-19,110955.47
2005-07-20,111778.34
2005-07-21,112468.8
2005-07-22,112444.1
2005-07-25,112604.81
2005-07-26,111917.88
2005-07-27,112422.96
2005-07-28,113245.93
2005-07-29,113433.16
2005-08-01,114256.17
2005-08-02,114284.48
2005-08-03,115319.46
2005-08-04,115718.67
2005-08-05,115508.57
2005-08-08,114848.08
2005-08-09,114823.41
2005-08-10,115646.54
2005-08-11,117767.9
2005-08-12,117875.74
2005-08-15,116923.8
2005-08-16,118038.46
2005-08-17,116344.61
2005-08-18,116134.48
2005-08-19,115526.91
2005-08-22,115793.71
2005-08-23,115954.53
2005-08-24,115505.91
2005-08-25,115878.72
2005-08-26,115562.57
2005-08-29,115458.41
2005-08-30,113976.27
2005-08-31,115011.58
2005-09-01,117186.43
2005-09-02,117267.8
2005-09-06,117322.66
2005-09-07,117483.53
2005-09-08,118200.95
2005-09-09,118838.89
2005-09-12,118973.29
2005-09-13,118100.57
2005-09-14,119162.59
2005-09-15,120383.67
2005-09-16,121445.76
2005-09-19,122587.41
2005-09-20,122536.34
2005-09-21,124738.27
2005-09-22,122884.81
2005-09-23,122674.71
2005-09-26,123445.36
2005-09-27,122599.08
2005-09-28,124058.96
2005-09-29,124856.18
2005-09-30,123797.81
2005-10-03,123057.52
2005-10-04,123139
2005-10-05,122902.37
2005-10-06,125157.71
2005-10-07,125557.36
2005-10-10,125585.86
2005-10-11,125640.88
2005-10-12,124211.22
2005-10-13,124663.9
2005-10-14,124082.6
2005-10-17,125304.18
2005-10-18,124616.81
2005-10-19,122868.85
2005-10-20,121916.27
2005-10-21,123350.02
2005-10-24,123007.28
2005-10-25,124785.8
2005-10-26,124443.07
2005-10-27,125107.96
2005-10-28,125216.01
2005-10-31,123043.56
2005-11-01,121268.81
2005-11-02,122331.47
2005-11-03,121882.59
2005-11-04,120691.16
2005-11-07,121382.59
2005-11-08,121755.79
2005-11-09,123481.56
2005-11-10,123271.35
2005-11-11,124121.99
2005-11-14,123646.57
2005-11-15,123754.62
2005-11-16,126727.12
2005-11-17,128585.75
2005-11-18,128534.74
2005-11-21,129942.55
2005-11-22,130819.91
2005-11-23,130371.07
2005-11-25,131089.32
2005-11-28,131940.22
2005-11-29,132101.47
2005-11-30,130246.72
2005-12-01,133087.15
2005-12-02,133487.17
2005-12-05,134709.57
2005-12-06,135003.51
2005-12-07,136146.38
2005-12-08,137687.22
2005-12-09,139015.87
2005-12-12,139442.55
2005-12-13,137030.52
2005-12-14,133583.72
2005-12-15,133294
2005-12-16,132898.14
2005-12-19,133245.17
2005-12-20,130116.47
2005-12-21,130994.12
2005-12-22,133039.25
2005-12-23,132988.29
2005-12-27,134370.17
2005-12-28,136574.66
2005-12-29,136576.83
2005-12-30,136870.88
2006-01-03,140959.54
2006-01-04,141439.43
2006-01-05,138894.17
2006-01-06,142558.47
2006-01-09,144896.02
2006-01-10,143465.28
2006-01-11,144714.85
2006-01-12,144451.76
2006-01-13,147134.49
2006-01-17,146659.12
2006-01-18,144670.96
2006-01-19,147539.6
2006-01-20,146506.86
2006-01-23,148022.03
2006-01-24,147918.21
2006-01-25,149008.78
2006-01-26,148321.04
2006-01-27,147659.83
2006-01-30,150449.21
2006-01-31,150504.68
2006-02-01,150507.07
2006-02-02,151252.71
2006-02-03,149980.95
2006-02-06,150567.33
2006-02-07,144942.03
2006-02-08,145554.89
2006-02-09,149140.99
2006-02-10,145453.32
2006-02-13,142615.06
2006-02-14,144661.51
2006-02-15,142725.78
2006-02-16,144745.75
2006-02-17,145916.2
2006-02-21,146343.31
2006-02-22,146929.73
2006-02-23,145073.54
2006-02-24,147730.92
2006-02-27,146618.12
2006-02-28,148877.33
2006-03-01,148959.35
2006-03-02,150661.07
2006-03-03,149442.03
2006-03-06,146656.31
2006-03-07,145915.13
2006-03-08,143315.14
2006-03-09,144034.39
2006-03-10,142947.92
2006-03-13,144224.85
2006-03-14,145714.27
2006-03-15,146380.49
2006-03-16,146967.06
2006-03-17,146385.13
2006-03-20,146520.24
2006-03-21,145619.6
2006-03-22,145409.44
2006-03-23,145278.96
2006-03-24,147963.75
2006-03-27,149772.15
2006-03-28,148898.04
2006-03-29,151583.02
2006-03-30,155649.24
2006-03-31,154323.64
2006-04-03,155308.88
2006-04-04,154939.47
2006-04-05,155818.5
2006-04-06,157467.88
2006-04-07,155637.5
2006-04-10,158322.92
2006-04-11,156758.14
2006-04-12,157876.35
2006-04-13,158064.81
2006-04-17,162291.23
2006-04-18,164312.82
2006-04-19,169363.03
2006-04-20,161953.6
2006-04-21,167907.22
2006-04-24,163791.91
2006-04-25,166796.69
2006-04-26,169110.8
2006-04-27,167280.23
2006-04-28,172942.14
2006-05-01,173130.87
2006-05-02,176826.87
2006-05-03,176590.54
2006-05-04,179303.58
2006-05-05,180661.57
2006-05-08,179521.85
2006-05-09,185158.01
2006-05-10,187021.03
2006-05-11,188751.24
2006-05-12,188993.4
2006-05-15,179137.49
2006-05-16,182329.25
2006-05-17,181109.71
2006-05-18,179278.9
2006-05-19,174285.54
2006-05-22,173544.17
2006-05-23,176417.18
2006-05-24,170254.15
2006-05-25,171957.8
2006-05-26,173023.64
2006-05-30,173052.97
2006-05-31,170716.8
2006-06-01,166280.82
2006-06-02,168781.92
2006-06-05,168226.43
2006-06-06,166262.16
2006-06-07,165547.12
2006-06-08,161908.13
2006-06-09,158853.83
2006-06-12,159574.06
2006-06-13,148651.23
2006-06-14,147856.11
2006-06-15,152377.61
2006-06-16,153337.04
2006-06-19,149830.38
2006-06-20,152331.7
2006-06-21,155072.37
2006-06-22,153479.71
2006-06-23,154173.37
2006-06-26,154946.82
2006-06-27,153354.08
2006-06-28,152984.3
2006-06-29,158251.04
2006-06-30,162800.08
2006-07-03,165328.55
2006-07-05,166182.02
2006-07-06,167567.29
2006-07-07,166532.96
2006-07-10,164913.61
2006-07-11,169675.91
2006-07-12,172630.18
2006-07-13,174308.17
2006-07-14,175108.69
2006-07-17,170058.97
2006-07-18,167269.46
2006-07-19,170277.12
2006-07-20,166317.41
2006-07-21,164112.77
2006-07-24,162599.51
2006-07-25,163692.47
2006-07-26,164891.84
2006-07-27,167288.05
2006-07-28,167849.22
2006-07-31,167984.87
2006-08-01,171072.75
2006-08-02,172219.14
2006-08-03,170546.23
2006-08-04,170974.51
2006-08-07,171562.38
2006-08-08,170155.37
2006-08-09,171913.62
2006-08-10,168245.6
2006-08-11,166811.86
2006-08-14,165590.89
2006-08-15,164955.09
2006-08-16,166234.58
2006-08-17,162353.35
2006-08-18,162382.53
2006-08-21,166109.48
2006-08-22,165074.6
2006-08-23,164491.94
2006-08-24,164281.72
2006-08-25,164337.54
2006-08-28,162291.58
2006-08-29,162134.53
2006-08-30,163414.17
2006-08-31,165731.49
2006-09-01,165335.02
2006-09-05,168583.68
2006-09-06,167255.99
2006-09-07,162974.81
2006-09-08,161354.3
2006-09-11,155662.63
2006-09-12,155159.53
2006-09-13,155986.88
2006-09-14,152184.15
2006-09-15,152745.38
2006-09-18,154956.5
2006-09-19,151472.9
2006-09-20,152380.1
2006-09-21,154218.74
2006-09-22,155684.87
2006-09-25,155687.34
2006-09-26,156328.53
2006-09-27,159178.67
2006-09-28,159127.97
2006-09-29,158278.83
2006-10-02,157429.67
2006-10-03,152002.64
2006-10-04,150035.48
2006-10-05,151501.76
2006-10-06,151690.48
2006-10-09,152251.84
2006-10-10,151721.91
2006-10-11,151404.9
2006-10-12,153031.02
2006-10-13,155908.28
2006-10-16,157507.9
2006-10-17,156126.18
2006-10-18,155968.94
2006-10-19,158154.29
2006-10-20,156479.69
2006-10-23,153766.8
2006-10-24,154860.73
2006-10-25,156433.9
2006-10-26,157847.37
2006-10-27,158142.73
2006-10-30,159476.41
2006-10-31,160384.15
2006-11-01,163368.6
2006-11-02,164862.17
2006-11-03,165876.54
2006-11-06,164787.53
2006-11-07,165189.54
2006-11-08,162715.91
2006-11-09,167617.81
2006-11-10,166395.62
2006-11-13,165599.44
2006-11-14,164110.9
2006-11-15,164672.7
2006-11-16,163263.99
2006-11-17,164518.15
2006-11-20,164494.14
2006-11-21,165828.25
2006-11-22,166443.39
2006-11-24,169109.12
2006-11-27,169644.43
2006-11-28,169300.91
2006-11-29,168211.68
2006-11-30,171490.16
2006-12-01,170773.79
2006-12-04,170776.5
2006-12-05,169953.56
2006-12-06,166973.22
2006-12-07,167082.41
2006-12-08,165273.87
2006-12-11,166661.54
2006-12-12,166531.01
2006-12-13,166427.11
2006-12-14,165470.82
2006-12-15,162490.07
2006-12-18,162599.2
2006-12-19,164626.28
2006-12-20,164149.4
2006-12-21,163512.67
2006-12-22,164234.53
2006-12-26,165116.25
2006-12-27,165758.24
2006-12-28,167572.43
2006-12-29,168400.97
2007-01-03,165925.98
2007-01-04,164250.17
2007-01-05,160309.71
2007-01-08,161138.18
2007-01-09,162126.54
2007-01-10,161436.38
2007-01-11,161545.51
2007-01-12,165651.33
2007-01-16,165121.06
2007-01-17,166908.92
2007-01-18,165899.03
2007-01-19,167873.48
2007-01-22,167130.04
2007-01-23,171156.39
2007-01-24,171425.58
2007-01-25,170708.81
2007-01-26,170818.11
2007-01-29,169941.42
2007-01-30,171143.33
2007-01-31,172771.66
2007-02-01,173813.76
2007-02-02,171311.38
2007-02-05,171394.05
2007-02-06,172676.03
2007-02-07,172252.34
2007-02-08,174627.11
2007-02-09,176229.03
2007-02-12,175032.45
2007-02-13,175488.34
2007-02-14,176903.77
2007-02-15,177013.2
2007-02-16,176882.73
2007-02-20,174086.76
2007-02-21,179340.65
2007-02-22,178996.97
2007-02-23,180519.22
2007-02-26,181535.04
2007-02-27,174367.15
2007-02-28,177222.28
2007-03-01,175465.67
2007-03-02,169870.19
2007-03-05,167766.83
2007-03-06,171021.93
2007-03-07,171424.54
2007-03-08,171907.14
2007-03-09,171296.68
2007-03-12,171619.33
2007-03-13,169889.06
2007-03-14,170478.32
2007-03-15,170587.67
2007-03-16,172296.79
2007-03-19,172619.48
2007-03-20,174035.39
2007-03-21,175504.67
2007-03-22,175347.47
2007-03-23,173723.7
2007-03-26,175566.36
2007-03-27,175195.82
2007-03-28,176131.92
2007-03-29,175068.05
2007-03-30,175310.83
2007-04-02,175606.96
2007-04-03,175556.41
2007-04-04,178172.67
2007-04-05,178308.84
2007-04-09,177431.6
2007-04-10,179114.59
2007-04-11,178904.07
2007-04-12,178666.88
2007-04-13,180936.72
2007-04-16,182433.18
2007-04-17,181369.21
2007-04-18,182385.62
2007-04-19,180121.37
2007-04-20,183244.94
2007-04-23,182074.23
2007-04-24,180663.42
2007-04-25,181093.07
2007-04-26,178375.15
2007-04-27,180218.55
2007-04-30,178967.67
2007-05-01,177903.48
2007-05-02,177826.28
2007-05-03,180043.26
2007-05-04,181913.51
2007-05-07,182076.46
2007-05-08,181092.27
2007-05-09,179947.98
2007-05-10,176082.42
2007-05-11,177285.77
2007-05-14,176835.03
2007-05-15,177531.52
2007-05-16,175026.38
2007-05-17,173588.39
2007-05-18,174818.49
2007-05-21,175221.49
2007-05-22,174023.57
2007-05-23,174880.18
2007-05-24,172775
2007-05-25,173284.73
2007-05-29,173634.37
2007-05-30,172703.17
2007-05-31,174894.06
2007-06-01,177298.49
2007-06-04,177568.16
2007-06-05,177117.32
2007-06-06,177226.87
2007-06-07,174160.71
2007-06-08,171388
2007-06-11,172671.73
2007-06-12,171073.19
2007-06-13,172223.51
2007-06-14,172413.06
2007-06-15,173083.03
2007-06-18,173352.68
2007-06-19,174770.01
2007-06-20,173598.4
2007-06-21,172319.98
2007-06-22,172909.93
2007-06-25,171978.46
2007-06-26,169819.11
2007-06-27,169955.27
2007-06-28,171532.87
2007-06-29,171562.28
2007-07-02,173567.06
2007-07-03,172822.37
2007-07-05,171970.88
2007-07-06,173415.15
2007-07-09,174539.12
2007-07-10,175155.9
2007-07-11,174704.84
2007-07-12,176256.04
2007-07-13,176285.53
2007-07-16,175727.68
2007-07-17,175543.58
2007-07-18,177869.15
2007-07-19,178913.23
2007-07-20,180437.94
2007-07-23,180147.11
2007-07-24,180149.97
2007-07-25,178630.89
2007-07-26,175296.07
2007-07-27,174658.02
2007-07-30,175622.06
2007-07-31,175678.26
2007-08-01,176054.88
2007-08-02,175950.87
2007-08-03,178089.96
2007-08-06,177638.81
2007-08-07,177534.82
2007-08-08,178312.08
2007-08-09,174816.5
2007-08-10,177783.62
2007-08-13,176958.55
2007-08-14,177041.48
2007-08-15,176616.98
2007-08-16,172747.19
2007-08-17,173898.37
2007-08-20,173927.84
2007-08-21,173797.06
2007-08-22,174681.22
2007-08-23,174443.61
2007-08-24,176583.18
2007-08-27,176238.75
2007-08-28,175199.82
2007-08-29,176484.75
2007-08-30,175766.33
2007-08-31,177692.4
2007-09-04,180152.78
2007-09-05,180476.2
2007-09-06,183951.81
2007-09-07,185370.57
2007-09-10,185987.94
2007-09-11,188395.22
2007-09-12,188237.92
2007-09-13,187225.71
2007-09-14,186988.24
2007-09-17,189609.42
2007-09-18,191562.76
2007-09-19,190844.43
2007-09-20,194294.04
2007-09-21,193281.84
2007-09-24,193124.59
2007-09-25,193261.25
2007-09-26,192382.58
2007-09-27,194256.02
2007-09-28,196423.44
2007-10-01,197468.67
2007-10-02,193330.04
2007-10-03,192130.64
2007-10-04,194725.71
2007-10-05,196145.09
2007-10-08,193823.32
2007-10-09,195322.9
2007-10-10,196047.54
2007-10-11,197520.47
2007-10-12,199340.87
2007-10-15,200813.9
2007-10-16,200763.64
2007-10-17,199109.83
2007-10-18,203121.91
2007-10-19,202323.34
2007-10-22,199386.58
2007-10-23,201073.57
2007-10-24,201851.87
2007-10-25,203218.22
2007-10-26,207658.41
2007-10-29,208811.05
2007-10-30,206756.2
2007-10-31,210154.18
2007-11-01,208313.12
2007-11-02,213395.28
2007-11-05,213184.82
2007-11-06,217679.12
2007-11-07,219847.87
2007-11-08,219824.63
2007-11-09,219694.45
2007-11-12,209325.41
2007-11-13,211520.9
2007-11-14,214625.42
2007-11-15,208399.67
2007-11-16,207868.27
2007-11-19,206508.06
2007-11-20,212473.45
2007-11-21,212182.72
2007-11-23,217239.33
2007-11-26,217376.47
2007-11-27,214171.41
2007-11-28,212757.69
2007-11-29,209311.81
2007-11-30,206748.2
2007-12-03,209318.46
2007-12-04,212316.63
2007-12-05,210261.01
2007-12-06,212243.15
2007-12-07,210187.46
2007-12-10,213934.59
2007-12-11,210835.94
2007-12-12,215251.76
2007-12-13,209933.38
2007-12-14,209990.2
2007-12-17,208950.54
2007-12-18,211949.18
2007-12-19,211925.79
2007-12-20,210404.71
2007-12-21,214232.61
2007-12-24,214343
2007-12-26,218037.36
2007-12-27,218147.8
2007-12-28,222002.82
2007-12-31,220561.99
2008-01-02,226984.95
2008-01-03,228887.67
2008-01-04,227714.37
2008-01-07,226755.02
2008-01-08,232135.26
2008-01-09,231523.43
2008-01-10,236074.92
2008-01-11,236961.44
2008-01-14,239533.04
2008-01-15,235390.62
2008-01-16,231943.35
2008-01-17,231412.25
2008-01-18,233876.92
2008-01-22,235886.86
2008-01-23,235141.77
2008-01-24,241004.65
2008-01-25,241597.07
2008-01-28,245480.37
2008-01-29,243878.95
2008-01-30,246317.86
2008-01-31,244555.59
2008-02-01,239074.1
2008-02-04,238409.23
2008-02-05,234613.46
2008-02-06,238015.17
2008-02-07,240427.46
2008-02-08,243508.54
2008-02-11,244395.46
2008-02-12,239047.41
2008-02-13,239345.57
2008-02-14,240071.9
2008-02-15,238577.1
2008-02-19,245083.89
2008-02-20,249530.22
2008-02-21,249560.95
2008-02-22,249939.58
2008-02-25,248203.96
2008-02-26,250803.95
2008-02-27,253671.66
2008-02-28,256914.16
2008-02-29,257426.77
2008-03-03,260267.96
2008-03-04,254758.39
2008-03-05,261560.99
2008-03-06,258299.64
2008-03-07,257206.3
2008-03-10,256621.51
2008-03-11,256946.79
2008-03-12,259681.21
2008-03-13,263245.55
2008-03-14,264240.18
2008-03-17,265475.76
2008-03-18,258332.45
2008-03-19,249073.79
2008-03-20,240706.3
2008-03-24,241211.54
2008-03-25,248256.01
2008-03-26,251124.54
2008-03-27,250218.27
2008-03-28,245992.14
2008-03-31,242060.39
2008-04-01,232559.32
2008-04-02,239015.83
2008-04-03,239421.24
2008-04-04,241647.36
2008-04-07,244114.53
2008-04-08,241922.79
2008-04-09,247121.21
2008-04-10,245732.75
2008-04-11,244478.13
2008-04-14,243973.24
2008-04-15,245449.9
2008-04-16,249765.1
2008-04-17,247867.77
2008-04-18,242676.55
2008-04-21,241689.56
2008-04-22,241746.96
2008-04-23,238938.85
2008-04-24,233586.47
2008-04-25,233724.08
2008-04-28,234852.63
2008-04-29,229821.31
2008-04-30,232074.7
2008-05-01,224954.1
2008-05-02,226537.89
2008-05-05,231067.96
2008-05-06,232035.86
2008-05-07,229869.99
2008-05-08,233677.12
2008-05-09,234162.97
2008-05-12,233014.89
2008-05-13,228733.04
2008-05-14,228227.45
2008-05-15,233052.78
2008-05-16,238682.16
2008-05-19,239462.53
2008-05-20,243511.4
2008-05-21,246354.89
2008-05-22,243733.45
2008-05-23,244407.06
2008-05-27,239401.17
2008-05-28,238815.58
2008-05-29,231773.32
2008-05-30,234295.4
2008-06-02,235665.5
2008-06-03,232775.67
2008-06-04,232163.13
2008-06-05,231630.95
2008-06-06,238627.77
2008-06-09,235756.55
2008-06-10,229230.48
2008-06-11,233172.97
2008-06-12,229371.74
2008-06-13,229991.68
2008-06-16,233157.28
2008-06-17,233804.1
2008-06-18,236567.91
2008-06-19,236946.83
2008-06-20,238370.87
2008-06-23,233390.17
2008-06-24,234412.23
2008-06-25,234281.96
2008-06-26,242834.74
2008-06-27,245143.39
2008-06-30,244959.68
2008-07-01,248340.48
2008-07-02,249711.28
2008-07-03,246740.26
2008-07-07,244519.6
2008-07-08,243531.79
2008-07-09,245251.04
2008-07-10,250696.03
2008-07-11,255069.03
2008-07-14,257083.39
2008-07-15,257784.39
2008-07-16,253151.21
2008-07-17,252565.5
2008-07-18,252435.48
2008-07-21,254986.09
2008-07-22,249467.95
2008-07-23,242796.91
2008-07-24,244838.14
2008-07-25,245807.12
2008-07-28,245918.26
2008-07-29,242865.94
2008-07-30,240001.2
2008-07-31,241506.35
2008-08-01,240142.87
2008-08-04,236312.76
2008-08-05,230793.43
2008-08-06,232298.54
2008-08-07,230827.57
2008-08-08,226380.38
2008-08-11,217535.75
2008-08-12,215903.6
2008-08-13,218695.65
2008-08-14,212773.21
2008-08-15,208164.49
2008-08-18,211305.14
2008-08-19,215687.45
2008-08-20,214690.64
2008-08-21,220700.88
2008-08-22,217432.75
2008-08-25,217033.95
2008-08-26,217841.92
2008-08-27,218194.01
2008-08-28,220396.58
2008-08-29,219139.59
2008-09-02,212411.46
2008-09-03,211583.42
2008-09-04,210245.77
2008-09-05,211831.52
2008-09-08,211513.03
2008-09-09,205159.73
2008-09-10,199074.45
2008-09-11,196019.88
2008-09-12,202648.18
2008-09-15,208042.83
2008-09-16,205980.73
2008-09-17,229240.32
2008-09-18,222108.7
2008-09-19,230642.48
2008-09-22,239230.19
2008-09-23,236926.99
2008-09-24,232611.77
2008-09-25,231917.97
2008-09-26,232431.36
2008-09-29,240295.44
2008-09-30,228226.8
2008-10-01,230644.96
2008-10-02,220883.03
2008-10-03,221584.09
2008-10-06,226121.77
2008-10-07,234147.48
2008-10-08,239919.7
2008-10-09,241211.38
2008-10-10,223292.05
2008-10-13,219995.31
2008-10-14,220562.28
2008-10-15,223544.17
2008-10-16,212760.93
2008-10-17,207182.99
2008-10-20,210647.83
2008-10-21,204015.09
2008-10-22,192433.85
2008-10-23,189592.4
2008-10-24,193781.73
2008-10-27,193704.3
2008-10-28,198028.02
2008-10-29,198594.73
2008-10-30,195135.9
2008-10-31,191462.25
2008-11-03,190821.17
2008-11-04,202575.67
2008-11-05,195389.84
2008-11-06,193836.27
2008-11-07,194590.86
2008-11-10,197492.68
2008-11-11,193389.21
2008-11-12,187889.88
2008-11-13,193663.77
2008-11-14,196753.65
2008-11-17,195012.03
2008-11-18,194639.32
2008-11-19,193971.34
2008-11-20,197168.8
2008-11-21,211667.66
2008-11-24,217200.95
2008-11-25,217097.02
2008-11-26,215785.05
2008-11-28,215600.56
2008-12-01,203093.72
2008-12-02,206586.99
2008-12-03,204523.06
2008-12-04,202700.69
2008-12-05,200072.82
2008-12-08,204573.07
2008-12-09,204938.78
2008-12-10,214124.4
2008-12-11,216544.25
2008-12-12,216977.29
2008-12-15,221786.94
2008-12-16,226784.69
2008-12-17,229392.85
2008-12-18,225207.65
2008-12-19,221881.58
2008-12-22,224113.85
2008-12-23,221888.62
2008-12-24,224120.96
2008-12-26,229871.21
2008-12-29,231888.92
2008-12-30,230684.15
2008-12-31,232352.82
2009-01-02,231577.7
2009-01-05,226881.61
2009-01-06,228630.86
2009-01-07,222242.6
2009-01-08,226838.7
2009-01-09,225391.99
2009-01-12,216908.46
2009-01-13,217234.2
2009-01-14,214310.03
2009-01-15,215924.99
2009-01-16,222159.87
2009-01-20,227025.07
2009-01-21,226034.83
2009-01-22,227193.44
2009-01-23,237807.29
2009-01-26,238939.26
2009-01-27,237411.91
2009-01-28,234823.43
2009-01-29,240428.11
2009-01-30,245294.21
2009-02-02,238662.72
2009-02-03,237672.53
2009-02-04,239583.7
2009-02-05,242112.83
2009-02-06,240692.8
2009-02-09,237284.63
2009-02-10,242366.16
2009-02-11,247958.32
2009-02-12,250326.58
2009-02-13,248664.75
2009-02-17,256460.46
2009-02-18,260387.35
2009-02-19,257328.41
2009-02-20,262786.99
2009-02-23,262603.07
2009-02-24,254546.16
2009-02-25,250304.63
2009-02-26,250058.7
2009-02-27,248915.26
2009-03-02,244350.97
2009-03-03,241963.2
2009-03-04,239145.39
2009-03-05,247203.11
2009-03-06,248021.31
2009-03-09,243402.9
2009-03-10,236876.24
2009-03-11,239782.5
2009-03-12,244838.89
2009-03-13,245380.29
2009-03-16,244040.37
2009-03-17,242001.62
2009-03-18,250202.98
2009-03-19,253593.52
2009-03-20,251554.82
2009-03-23,247500.18
2009-03-24,244601.2
2009-03-25,247239.24
2009-03-26,247108.77
2009-03-27,243779.56
2009-03-30,241874.91
2009-03-31,242685.18
2009-04-01,244705.14
2009-04-02,238714.38
2009-04-03,235465.41
2009-04-06,229232.37
2009-04-07,233187.83
2009-04-08,232842.04
2009-04-09,232039.22
2009-04-13,236263.75
2009-04-14,234896.38
2009-04-15,235249.61
2009-04-16,230709.67
2009-04-17,229127.05
2009-04-20,233782.06
2009-04-21,233624.45
2009-04-22,234945.64
2009-04-23,238767.43
2009-04-24,241244.94
2009-04-27,239339.68
2009-04-28,235955.45
2009-04-29,237518.79
2009-04-30,234672.23
2009-05-01,233815.46
2009-05-04,238363.98
2009-05-05,237318.74
2009-05-06,240791.53
2009-05-07,240526.43
2009-05-08,241982.44
2009-05-11,241206.39
2009-05-12,243926.45
2009-05-13,244979.18
2009-05-14,244821.7
2009-05-15,246224.1
2009-05-18,243027.5
2009-05-19,244645.09
2009-05-20,248118.54
2009-05-21,252425.89
2009-05-22,253236.8
2009-05-26,252191.83
2009-05-27,251362.01
2009-05-28,253490.94
2009-05-29,258767.06
2009-06-01,257506.92
2009-06-02,259205.67
2009-06-03,253964.34
2009-06-04,258864.19
2009-06-05,252089.36
2009-06-08,251689.85
2009-06-09,252420.18
2009-06-10,252504.89
2009-06-11,252078.46
2009-06-12,247966.35
2009-06-15,245091.65
2009-06-16,247328.54
2009-06-17,248462.43
2009-06-18,246475.45
2009-06-19,247259.6
2009-06-22,243604.4
2009-06-23,244630.69
2009-06-24,246060.6
2009-06-25,248378.47
2009-06-26,248328.6
2009-06-29,247659.85
2009-06-30,245349.71
2009-07-01,248609.51
2009-07-02,245545.86
2009-07-06,244231.21
2009-07-07,244100.54
2009-07-08,240229.37
2009-07-09,240879.04
2009-07-10,241071.24
2009-07-13,242716.65
2009-07-14,244389.03
2009-07-15,248241.34
2009-07-16,247545.56
2009-07-17,247414.92
2009-07-20,251052.16
2009-07-21,250652.44
2009-07-22,251490.76
2009-07-23,251010.28
2009-07-24,251417.99
2009-07-27,252229.45
2009-07-28,247926.9
2009-07-29,245481.45
2009-07-30,246615.85
2009-07-31,251276.45
2009-08-03,252680.15
2009-08-04,254864.53
2009-08-05,255137.76
2009-08-06,254657.27
2009-08-07,252373.17
2009-08-10,250161.67
2009-08-11,249796.84
2009-08-12,250231.53
2009-08-13,252308.43
2009-08-14,250374.08
2009-08-17,246635.91
2009-08-18,247851.33
2009-08-19,249126.02
2009-08-20,248424.58
2009-08-21,252143.99
2009-08-24,248620.94
2009-08-25,249755.72
2009-08-26,249840.46
2009-08-27,250921.44
2009-08-28,252756.37
2009-08-31,251494.85
2009-09-01,252845.18
2009-09-02,259015.49
2009-09-03,262439.39
2009-09-04,262629.36
2009-09-08,262366.94
2009-09-09,261428.6
2009-09-10,263102.36
2009-09-11,266014.93
2009-09-14,263810.89
2009-09-15,266346.54
2009-09-16,269070.79
2009-09-17,267539.97
2009-09-18,265739.79
2009-09-21,264909.12
2009-09-22,268441.49
2009-09-23,266183.38
2009-09-24,262740.12
2009-09-25,261262.93
2009-09-28,261401.75
2009-09-29,262429.42
2009-09-30,266258.38
2009-10-01,263676.78
2009-10-02,264973.9
2009-10-05,268883.89
2009-10-06,275514.63
2009-10-07,275737.2
2009-10-08,279186.91
2009-10-09,277036.29
2009-10-12,278980.26
2009-10-13,280870.42
2009-10-14,280659.36
2009-10-15,277107.76
2009-10-16,277974.24
2009-10-19,280807.43
2009-10-20,278629.66
2009-10-21,279509.68
2009-10-22,279985.6
2009-10-23,278831.52
2009-10-26,274444.26
2009-10-27,274421.68
2009-10-28,271408.34
2009-10-29,276688.31
2009-10-30,276266.98
2009-11-02,280097.55
2009-11-03,286865.29
2009-11-04,288594.38
2009-11-05,288275.61
2009-11-06,289492.78
2009-11-09,291545.36
2009-11-10,292088.94
2009-11-11,295354.28
2009-11-12,291613.14
2009-11-13,295740.94
2009-11-16,300839.04
2009-11-17,301760.1
2009-11-18,302519.49
2009-11-19,302659.05
2009-11-20,304388.71
2009-11-23,308031.98
2009-11-24,309222.75
2009-11-25,314321.62
2009-11-27,310122
2009-11-30,311690.2
2009-12-01,316385.06
2009-12-02,321241.78
2009-12-03,319953.07
2009-12-04,306623.63
2009-12-07,304895.28
2009-12-08,299077.7
2009-12-09,298785.93
2009-12-10,298736.76
2009-12-11,294697.96
2009-12-14,297182.71
2009-12-15,297106.56
2009-12-16,300831.51
2009-12-17,289378.86
2009-12-18,293723.87
2009-12-21,288336.63
2009-12-22,286238.33
2009-12-23,287267.37
2009-12-24,292151.83
2009-12-28,292668.73
2009-12-29,289761.52
2009-12-30,288310.17
2009-12-31,289339.32
2010-01-04,296057.68
2010-01-05,295792.75
2010-01-06,300677.89
2010-01-07,298822.13
2010-01-08,300309.93
2010-01-11,304305.53
2010-01-12,297946.5
2010-01-13,300782.65
2010-01-14,302108.78
2010-01-15,298958.46
2010-01-19,300743.04
2010-01-20,293790.17
2010-01-21,289560.84
2010-01-22,289026.07
2010-01-25,289866.69
2010-01-26,290087.05
2010-01-27,287308.37
2010-01-28,287183.48
2010-01-29,285785.56
2010-02-01,292236.18
2010-02-02,294344.6
2010-02-03,293189.48
2010-02-04,281515.1
2010-02-05,282355.73
2010-02-08,280633.92
2010-02-09,284333.77
2010-02-10,283556.04
2010-02-11,288982.41
2010-02-12,288744.22
2010-02-16,295708.45
2010-02-17,294715.04
2010-02-18,296688.98
2010-02-19,295317.88
2010-02-22,294243.49
2010-02-23,291064.81
2010-02-24,289639.6
2010-02-25,292207.15
2010-02-26,295233.41
2010-03-01,295238.09
2010-03-02,299532.54
2010-03-03,301183.08
2010-03-04,299029.42
2010-03-05,298980.21
2010-03-08,296475.69
2010-03-09,296043.29
2010-03-10,292680.61
2010-03-11,293036.03
2010-03-12,291286.78
2010-03-15,292397.73
2010-03-16,297907.09
2010-03-17,295726.09
2010-03-18,297754.64
2010-03-19,292200.41
2010-03-22,290774.81
2010-03-23,292317.63
2010-03-24,286871
2010-03-25,288170.93
2010-03-26,293060.21
2010-03-29,293496.67
2010-03-30,291396.25
2010-03-31,294045.76
2010-04-01,297585.99
2010-04-05,299291.05
2010-04-06,299673.66
2010-04-07,303619.01
2010-04-08,304055.68
2010-04-09,306732.63
2010-04-12,305037.03
2010-04-13,304178.13
2010-04-14,305100.7
2010-04-15,306779.1
2010-04-16,300278.58
2010-04-19,300040.4
2010-04-20,300881.99
2010-04-21,303181.31
2010-04-22,301917.35
2010-04-23,305566.53
2010-04-26,304383.56
2010-04-27,309463.7
2010-04-28,308604.72
2010-04-29,308528.63
2010-04-30,311449.26
2010-05-03,312453.14
2010-05-04,310136.23
2010-05-05,310735.13
2010-05-06,319909.03
2010-05-07,319330.91
2010-05-10,317445.97
2010-05-11,325783.39
2010-05-12,327797.44
2010-05-13,325534.52
2010-05-14,325026.65
2010-05-17,322304.58
2010-05-18,322660.73
2010-05-19,314942.95
2010-05-20,312814.66
2010-05-21,311145.38
2010-05-24,315525.04
2010-05-25,316934.3
2010-05-26,319936.92
2010-05-27,320536.13
2010-05-28,321057.03
2010-06-01,323841.1
2010-06-02,323495.15
2010-06-03,318584.93
2010-06-04,321911.96
2010-06-07,328128.98
2010-06-08,326817.51
2010-06-09,325627.55
2010-06-10,321351.69
2010-06-11,324152.33
2010-06-14,323050.05
2010-06-15,326809.69
2010-06-16,325032.13
2010-06-17,329278.13
2010-06-18,331795.49
2010-06-21,325209.69
2010-06-22,328078.23
2010-06-23,326732.76
2010-06-24,327683.43
2010-06-25,331632.72
2010-06-28,327126.53
2010-06-29,327617.99
2010-06-30,328730.83
2010-07-01,316200.62
2010-07-02,320123.03
2010-07-06,314778.77
2010-07-07,318079.88
2010-07-08,316680
2010-07-09,319792.12
2010-07-12,317041.3
2010-07-13,319802.27
2010-07-14,319645.23
2010-07-15,319461.16
2010-07-16,315251.07
2010-07-19,312716.12
2010-07-20,315207.03
2010-07-21,313050.31
2010-07-22,315792.61
2010-07-23,313708.79
2010-07-26,312173.46
2010-07-27,306746.73
2010-07-28,307481.24
2010-07-29,308858.95
2010-07-30,312112.21
2010-08-02,312252.29
2010-08-03,313473.39
2010-08-04,315451.26
2010-08-05,316158.95
2010-08-06,318488.27
2010-08-09,317304.13
2010-08-10,318201.07
2010-08-11,317152.03
2010-08-12,321022.14
2010-08-13,320946.15
2010-08-16,323627.14
2010-08-17,323686.34
2010-08-18,324961.89
2010-08-19,325426.57
2010-08-20,324296.44
2010-08-23,323787.99
2010-08-24,325360.97
2010-08-25,328069.37
2010-08-26,326993.27
2010-08-27,327133.62
2010-08-30,326868.48
2010-08-31,330036.65
2010-09-01,328987.55
2010-09-02,330614.86
2010-09-03,329457.59
2010-09-07,331733.82
2010-09-08,331766.12
2010-09-09,328662.18
2010-09-10,329127.03
2010-09-13,328834.84
2010-09-14,335339.97
2010-09-15,335118.17
2010-09-16,336989.16
2010-09-17,336757.92
2010-09-20,337648.81
2010-09-21,340736.73
2010-09-22,341255.91
2010-09-23,341531.74
2010-09-24,342591.77
2010-09-27,342678.33
2010-09-28,345739.54
2010-09-29,346015.45
2010-09-30,345912.77
2010-10-01,348622.61
2010-10-04,347411.16
2010-10-05,354258.89
2010-10-06,356482.18
2010-10-07,352593.34
2010-10-08,356087.81
2010-10-11,357802.77
2010-10-12,356910.51
2010-10-13,362623.07
2010-10-14,364468.04
2010-10-15,361579.72
2010-10-18,363208.35
2010-10-19,351934.85
2010-10-20,355213.37
2010-10-21,350214.86
2010-10-22,350923.72
2010-10-25,353958.92
2010-10-26,354045.69
2010-10-27,350372.35
2010-10-28,355030.79
2010-10-29,358769.61
2010-11-01,356881.63
2010-11-02,358429.31
2010-11-03,355946.09
2010-11-04,368017.71
2010-11-05,368970.45
2010-11-08,372763.95
2010-11-09,366844.82
2010-11-10,371314.79
2010-11-11,372457.03
2010-11-12,361721.59
2010-11-15,358291.13
2010-11-16,354368.11
2010-11-17,352782.75
2010-11-18,357409.86
2010-11-19,357718.59
2010-11-22,361187.81
2010-11-23,363710.06
2010-11-24,363093.46
2010-11-26,360203.78
2010-11-29,361286.51
2010-11-30,366466.32
2010-12-01,366363.89
2010-12-02,365882.59
2010-12-03,373655.28
2010-12-06,376475.74
2010-12-07,369418.23
2010-12-08,364796.21
2010-12-09,366371.72
2010-12-10,366480.38
2010-12-13,368223.76
2010-12-14,368581.46
2010-12-15,364581.58
2010-12-16,362178.47
2010-12-17,363239.82
2010-12-20,365708.69
2010-12-21,366282.91
2010-12-22,365557.89
2010-12-23,364508.03
2010-12-27,365488.29
2010-12-28,371449.31
2010-12-29,372781.62
2010-12-30,370946.77
2010-12-31,375527.57
2011-01-03,373584.43
2011-01-04,364792.17
2011-01-05,363769.24
2011-01-06,362313.11
2011-01-07,361642.05
2011-01-10,363109.73
2011-01-11,365254.3
2011-01-12,366749.17
2011-01-13,362937.5
2011-01-14,359261.09
2011-01-18,361270.36
2011-01-19,362061.29
2011-01-20,355243.87
2011-01-21,354789.2
2011-01-24,352980.68
2011-01-25,352282.27
2011-01-26,355158.11
2011-01-27,346403.94
2011-01-28,352786.47
2011-01-31,351681.82
2011-02-01,354205.8
2011-02-02,353263.63
2011-02-03,358008.3
2011-02-04,356551.62
2011-02-07,356611.44
2011-02-08,360571.03
2011-02-09,360387.17
2011-02-10,359797.08
2011-02-11,358374.16
2011-02-14,360079.34
2011-02-15,362847.6
2011-02-16,363205.45
2011-02-17,365757.18
2011-02-18,366765.13
2011-02-22,369154.48
2011-02-23,372464.83
2011-02-24,369680.84
2011-02-25,372135.36
2011-02-28,372891.58
2011-03-01,379314.57
2011-03-02,379014.5
2011-03-03,374071.44
2011-03-04,377490.59
2011-03-07,378501.59
2011-03-08,377529.66
2011-03-09,377671.1
2011-03-10,373234.23
2011-03-11,374459.25
2011-03-14,376199.05
2011-03-15,369188.21
2011-03-16,369112.79
2011-03-17,371096.42
2011-03-18,374895.37
2011-03-21,376987.54
2011-03-22,376749.67
2011-03-23,380250.85
2011-03-24,377222.25
2011-03-25,377336.62
2011-03-28,375391.71
2011-03-29,374503.49
2011-03-30,375755.88
2011-03-31,378986.4
2011-04-01,377203.98
2011-04-04,378944.24
2011-04-05,384939
2011-04-06,385839.38
2011-04-07,386197.79
2011-04-08,389320.39
2011-04-11,386562.35
2011-04-12,383777.13
2011-04-13,384569.15
2011-04-14,389751.63
2011-04-15,393118.44
2011-04-18,395509.68
2011-04-19,395515.96
2011-04-20,397067.12
2011-04-21,397723.91
2011-04-25,398082.57
2011-04-26,396760.77
2011-04-27,404410.64
2011-04-28,406097.58
2011-04-29,413015.98
2011-05-02,407720.58
2011-05-03,406279.56
2011-05-04,400458.01
2011-05-05,388916.6
2011-05-06,393883.52
2011-05-09,399528.29
2011-05-10,400944.29
2011-05-11,397263.81
2011-05-12,397405.66
2011-05-13,394809.41
2011-05-16,394110.8
2011-05-17,392409.07
2011-05-18,394746.88
2011-05-19,394888.7
2011-05-20,399883.61
2011-05-23,400811.78
2011-05-24,402878.73
2011-05-25,402858.01
2011-05-26,401888.31
2011-05-27,405907.61
2011-05-31,405751.36
2011-06-01,406489.91
2011-06-02,405384.62
2011-06-03,407343.41
2011-06-06,408054.91
2011-06-07,407898.68
2011-06-08,406251
2011-06-09,408291.28
2011-06-10,404718.16
2011-06-13,400738.15
2011-06-14,403185.22
2011-06-15,404412
2011-06-16,404011.62
2011-06-17,406648.71
2011-06-20,406899.25
2011-06-21,408885.55
2011-06-22,409515.84
2011-06-23,402332.29
2011-06-24,396699.91
2011-06-27,395268.69
2011-06-28,396658.25
2011-06-29,399214.19
2011-06-30,396022.58
2011-07-01,393123.81
2011-07-05,400453.83
2011-07-06,403932.25
2011-07-07,404589.68
2011-07-08,407580
2011-07-11,411221.46
2011-07-12,414429
2011-07-13,418152.07
2011-07-14,419243.83
2011-07-15,421040.96
2011-07-18,424764.31
2011-07-19,419589.34
2011-07-20,423285.66
2011-07-21,420063.88
2011-07-22,423570.4
2011-07-25,426887.12
2011-07-26,428060.55
2011-07-27,426493.69
2011-07-28,426853.18
2011-07-29,429491.84
2011-08-01,427952.06
2011-08-02,438269.64
2011-08-03,438195.2
2011-08-04,435895.72
2011-08-05,438914.62
2011-08-08,453490.56
2011-08-09,457543.71
2011-08-10,473751.29
2011-08-11,463365.48
2011-08-12,461256.15
2011-08-15,466229.63
2011-08-16,471990.27
2011-08-17,473354.68
2011-08-18,482317.99
2011-08-19,488377.69
2011-08-22,500978.23
2011-08-23,482205.27
2011-08-24,465863.49
2011-08-25,467808.74
2011-08-26,481685.41
2011-08-29,471976.3
2011-08-30,486124.89
2011-08-31,482386.92
2011-09-01,482801.73
2011-09-02,497380.03
2011-09-06,496470.46
2011-09-07,480680.32
2011-09-08,493527.44
2011-09-09,490522.16
2011-09-12,479590.24
2011-09-13,484674.17
2011-09-14,481071.38
2011-09-15,473450.72
2011-09-16,477883.26
2011-09-19,470506.63
2011-09-20,477219.73
2011-09-21,471281.74
2011-09-22,458963.51
2011-09-23,433857.44
2011-09-26,427837.02
2011-09-27,436124.71
2011-09-28,424158.09
2011-09-29,428183.22
2011-09-30,429167.48
2011-10-03,437048.42
2011-10-04,428051.56
2011-10-05,432989.34
2011-10-06,435793.03
2011-10-07,432242.78
2011-10-10,443344.91
2011-10-11,440185.7
2011-10-12,443342.69
2011-10-13,440742.78
2011-10-14,443736.95
2011-10-17,441625.78
2011-10-18,439514.55
2011-10-19,434171.53
2011-10-20,428475.29
2011-10-21,433234.78
2011-10-24,437315.45
2011-10-25,449734.09
2011-10-26,454657.1
2011-10-27,461562.94
2011-10-28,460701.13
2011-10-31,454515.79
2011-11-01,454631.65
2011-11-02,459202.02
2011-11-03,466434.42
2011-11-04,464078.69
2011-11-07,475304.34
2011-11-08,471373.2
2011-11-09,467414.77
2011-11-10,464895.92
2011-11-11,472563.73
2011-11-14,470506.69
2011-11-15,470948.8
2011-11-16,465930.58
2011-11-17,453957.6
2011-11-18,455377.48
2011-11-21,444191.8
2011-11-22,449116.2
2011-11-23,447819.26
2011-11-25,443941.27
2011-11-28,452723.9
2011-11-29,453410.32
2011-11-30,462247.72
2011-12-01,460896.54
2011-12-02,461420.1
2011-12-05,454634.64
2011-12-06,456978.61
2011-12-07,460300.85
2011-12-08,451004.32
2011-12-09,452163.61
2011-12-12,440187.36
2011-12-13,430574.84
2011-12-14,415472.84
2011-12-15,413957.65
2011-12-16,421844.99
2011-12-19,420873.37
2011-12-20,426614.17
2011-12-21,427110.11
2011-12-22,424073.09
2011-12-23,424813.61
2011-12-27,421015.48
2011-12-28,410477.08
2011-12-29,408608.27
2011-12-30,413099.29
2012-01-03,423787.34
2012-01-04,425941.27
2012-01-05,428856.31
2012-01-06,427286.64
2012-01-09,425390.75
2012-01-10,431214.34
2012-01-11,434020.93
2012-01-12,435957.77
2012-01-13,432920.21
2012-01-17,436297.81
2012-01-18,439294.93
2012-01-19,438268.91
2012-01-20,440586.55
2012-01-23,443556.71
2012-01-24,440437.43
2012-01-25,452433.36
2012-01-26,454751.38
2012-01-27,459380.33
2012-01-30,456832.03
2012-01-31,460319.29
2012-02-01,461006.29
2012-02-02,465064.68
2012-02-03,455800.68
2012-02-06,454557.21
2012-02-07,461416.22
2012-02-08,458160.73
2012-02-09,456862.86
2012-02-10,454477.3
2012-02-13,455490.6
2012-02-14,454437.35
2012-02-15,457131.16
2012-02-16,456844.73
2012-02-17,455084.43
2012-02-21,465071.7
2012-02-22,470300.32
2012-02-23,470525.35
2012-02-24,468387.14
2012-02-27,466950.51
2012-02-28,471825.95
2012-02-29,446802.11
2012-03-01,453129.69
2012-03-02,452402.56
2012-03-05,450533.12
2012-03-06,442516.89
2012-03-07,445053.36
2012-03-08,449548.22
2012-03-09,452546.99
2012-03-12,448991.3
2012-03-13,441464.01
2012-03-14,434045.28
2012-03-15,438159.51
2012-03-16,438764.9
2012-03-19,439560.72
2012-03-20,435596.17
2012-03-21,435820.7
2012-03-22,434086.62
2012-03-23,439433.29
2012-03-26,447239.91
2012-03-27,444091.31
2012-03-28,439391.92
2012-03-29,438773.18
2012-03-30,441065.42
2012-04-02,443303.32
2012-04-03,435012.36
2012-04-04,427727.8
2012-04-05,430727.4
2012-04-09,433618.27
2012-04-10,438332.19
2012-04-11,438243.91
2012-04-12,442699.56
2012-04-13,437672.82
2012-04-16,436618.58
2012-04-17,436108.51
2012-04-18,433503.19
2012-04-19,433836.61
2012-04-20,434142.82
2012-04-23,432870.74
2012-04-24,433503.5
2012-04-25,434381.2
2012-04-26,438225.19
2012-04-27,439184.63
2012-04-30,440552.32
2012-05-01,439035.29
2012-05-02,437055.55
2012-05-03,432653.56
2012-05-04,434021.23
2012-05-07,432966.67
2012-05-08,424590.74
2012-05-09,420433.22
2012-05-10,421256.43
2012-05-11,417969.71
2012-05-14,411906.58
2012-05-15,407585.28
2012-05-16,406829.61
2012-05-17,415927.53
2012-05-18,420697.7
2012-05-21,420976.59
2012-05-22,413987.41
2012-05-23,412741.78
2012-05-24,412176.67
2012-05-25,415640.48
2012-05-29,411128.06
2012-05-30,413557.47
2012-05-31,412774.54
2012-06-01,428788.97
2012-06-04,428305.73
2012-06-05,427822.48
2012-06-06,428019.85
2012-06-07,420648.4
2012-06-08,421281.28
2012-06-11,423003.26
2012-06-12,426003.35
2012-06-13,427808.77
2012-06-14,429530.94
2012-06-15,429782.81
2012-06-18,430034.7
2012-06-19,427944.85
2012-06-20,424711.29
2012-06-21,413948.44
2012-06-22,415656.93
2012-06-25,418713.43
2012-06-26,415615.67
2012-06-27,416194.14
2012-06-28,411353.36
2012-06-29,422634.32
2012-07-02,422368.7
2012-07-03,428829.81
2012-07-05,423988.92
2012-07-06,418630.43
2012-07-09,419535.83
2012-07-10,414394.98
2012-07-11,416689.38
2012-07-12,415606.54
2012-07-13,419834.84
2012-07-16,420032.16
2012-07-17,418023.24
2012-07-18,416885.88
2012-07-19,417791.37
2012-07-20,418587.93
2012-07-23,416851.25
2012-07-24,418192.62
2012-07-25,424055.92
2012-07-26,427059.12
2012-07-27,429163.47
2012-07-30,428870.62
2012-07-31,426316.68
2012-08-01,422645.72
2012-08-02,419900.9
2012-08-03,423776.12
2012-08-06,425826.12
2012-08-07,425778.39
2012-08-08,426330.04
2012-08-09,427726.31
2012-08-10,428250.76
2012-08-13,425015.3
2012-08-14,422678.86
2012-08-15,424047.91
2012-08-16,426588.63
2012-08-17,427031.36
2012-08-20,428509.53
2012-08-21,432794.34
2012-08-22,437460.78
2012-08-23,441146.38
2012-08-24,441371.38
2012-08-27,439716.13
2012-08-28,440486.12
2012-08-29,437631.75
2012-08-30,437447.94
2012-08-31,447538.1
2012-09-04,448253.76
2012-09-05,447797.58
2012-09-06,449385.37
2012-09-07,459067.55
2012-09-10,455940.62
2012-09-11,457610.38
2012-09-12,457672.15
2012-09-13,466918.99
2012-09-14,468261.93
2012-09-17,464453.5
2012-09-18,468058.75
2012-09-19,468120.69
2012-09-20,467392.17
2012-09-21,468735.23
2012-09-24,466262.15
2012-09-25,465506.31
2012-09-26,462896.81
2012-09-27,469800.86
2012-09-28,468581.61
2012-10-01,469693.1
2012-10-02,469168.97
2012-10-03,470021.52
2012-10-04,473300.4
2012-10-05,470608.95
2012-10-08,469062.44
2012-10-09,466179.99
2012-10-10,465778.44
2012-10-11,467094.51
2012-10-12,463666.6
2012-10-15,459011.66
2012-10-16,461936.34
2012-10-17,462270.86
2012-10-18,460230.78
2012-10-19,455278.02
2012-10-22,456948.53
2012-10-23,451081.82
2012-10-24,449546.98
2012-10-25,452716.43
2012-10-26,452478.2
2012-10-31,454939.61
2012-11-01,452874.34
2012-11-02,443418.81
2012-11-05,445143.89
2012-11-06,453523.14
2012-11-07,454048.49
2012-11-08,458146.47
2012-11-09,457690.12
2012-11-12,456688.29
2012-11-13,455740.98
2012-11-14,455857.31
2012-11-15,453000.78
2012-11-16,452435.21
2012-11-19,457870.08
2012-11-20,456568.14
2012-11-21,457039.07
2012-11-23,462637.94
2012-11-26,462154.3
2012-11-27,460197.69
2012-11-28,454313.07
2012-11-29,456043.43
2012-11-30,452963.58
2012-12-03,453180
2012-12-04,448531.45
2012-12-05,447720.18
2012-12-06,448763.93
2012-12-07,450585.21
2012-12-10,452324.7
2012-12-11,451922.66
2012-12-12,452257.21
2012-12-13,448444.88
2012-12-14,447797.21
2012-12-17,448650.1
2012-12-18,442218.31
2012-12-19,441161.26
2012-12-20,435820.52
2012-12-21,437464.53
2012-12-24,438262.74
2012-12-26,438706.27
2012-12-27,439750.11
2012-12-28,438065.32
2012-12-31,442111.84
2013-01-02,445255.82
2013-01-03,439887.18
2013-01-04,437820.25
2013-01-07,435071.04
2013-01-08,438161.62
2013-01-09,437977.55
2013-01-10,442050.71
2013-01-11,439547.01
2013-01-14,440863.95
2013-01-15,443649.2
2013-01-16,443907.33
2013-01-17,445824.83
2013-01-18,445122.3
2013-01-22,446712.36
2013-01-23,445463.95
2013-01-24,440585.41
2013-01-25,438490.74
2013-01-28,437515.09
2013-01-29,439432.7
2013-01-30,442715.15
2013-01-31,440019.86
2013-02-01,440709.26
2013-02-04,442217.59
2013-02-05,442115.42
2013-02-06,443296.24
2013-02-07,441801.88
2013-02-08,441071.82
2013-02-11,435973.89
2013-02-12,436499.5
2013-02-13,434213.23
2013-02-14,432303.63
2013-02-15,425245.03
2013-02-19,424077.83
2013-02-20,413464.19
2013-02-21,416692.41
2013-02-22,417654.61
2013-02-25,421401.76
2013-02-26,426541.5
2013-02-27,422043.13
2013-02-28,417763.04
2013-03-01,416240.61
2013-03-04,415864.94
2013-03-05,416089.99
2013-03-06,418417.61
2013-03-07,416949.7
2013-03-08,417010.93
2013-03-11,417782.16
2013-03-12,421065.73
2013-03-13,419625.07
2013-03-14,419686.35
2013-03-15,420569.63
2013-03-18,424342.3
2013-03-19,426260.73
2013-03-20,424328.46
2013-03-21,426727.62
2013-03-22,424833.53
2013-03-25,423993.61
2013-03-26,422580.11
2013-03-27,424334.82
2013-03-28,421910.7
2013-04-01,422463.67
2013-04-02,416352.06
2013-04-03,411715.24
2013-04-04,410519.93
2013-04-05,417409.87
2013-04-08,415640.98
2013-04-09,418870.87
2013-04-10,411802.55
2013-04-11,412628.6
2013-04-12,393239.83
2013-04-15,358716.36
2013-04-16,362792.48
2013-04-17,362989.47
2013-04-18,366901.87
2013-04-19,370104.08
2013-04-22,376748.72
2013-04-23,373968.01
2013-04-24,378044.48
2013-04-25,386957.5
2013-04-26,384996.48
2013-04-29,388800.37
2013-04-30,390090.7
2013-05-01,385561.27
2013-05-02,387780.59
2013-05-03,388251.26
2013-05-06,388421.36
2013-05-07,383591.05
2013-05-08,389280.78
2013-05-09,384778.23
2013-05-10,381477.88
2013-05-13,378286.74
2013-05-14,376598.47
2013-05-15,367914.35
2013-05-16,366444.49
2013-05-17,358197.17
2013-05-20,369270.98
2013-05-21,363155.12
2013-05-22,360591.9
2013-05-23,367894.73
2013-05-24,365577.49
2013-05-28,364845.36
2013-05-29,368513.54
2013-05-30,373630.42
2013-05-31,366038.02
2013-06-03,373122.97
2013-06-04,369630.26
2013-06-05,370428.8
2013-06-06,373195.4
2013-06-07,364317.68
2013-06-10,366127.55
2013-06-11,364247.24
2013-06-12,366986.58
2013-06-13,365598.27
2013-06-14,367490.29
2013-06-17,365691.88
2013-06-18,361214.36
2013-06-19,357010.07
2013-06-20,337906.31
2013-06-21,341875.79
2013-06-24,338819.23
2013-06-25,337566.99
2013-06-26,323382.89
2013-06-27,316990.35
2013-06-28,325662.45
2013-07-01,331190.56
2013-07-02,328242.91
2013-07-03,330134.73
2013-07-05,322894.18
2013-07-08,326782.02
2013-07-09,329822.33
2013-07-10,330729.92
2013-07-11,339731.46
2013-07-12,339436.06
2013-07-15,339578.17
2013-07-16,341525.1
2013-07-17,337237.19
2013-07-18,339129.45
2013-07-19,342143
2013-07-22,352349
2013-07-23,354733.85
2013-07-24,348640.83
2013-07-25,351900.86
2013-07-26,352207.28
2013-07-29,351365.04
2013-07-30,350413.36
2013-07-31,349981.32
2013-08-01,346294.51
2013-08-02,345616.23
2013-08-05,343816.5
2013-08-06,339090.04
2013-08-07,339587.76
2013-08-08,347005.82
2013-08-09,347011.33
2013-08-12,353226.17
2013-08-13,349429.53
2013-08-14,352881.77
2013-08-15,360245.92
2013-08-16,362686.28
2013-08-19,361132.75
2013-08-20,362342.16
2013-08-21,361308.35
2013-08-22,363338.53
2013-08-23,369062.07
2013-08-26,370572.63
2013-08-27,374135.14
2013-08-28,374031.64
2013-08-29,371739.38
2013-08-30,368325.29
2013-09-03,373256
2013-09-04,368446.42
2013-09-05,361721.41
2013-09-06,367062.68
2013-09-09,366411.81
2013-09-10,360479.96
2013-09-11,360376.23
2013-09-12,349354.49
2013-09-13,349770.49
2013-09-16,346027.14
2013-09-17,346169.45
2013-09-18,361253.16
2013-09-19,360547.39
2013-09-20,350181.39
2013-09-23,349064.92
2013-09-24,349371.49
2013-09-25,352469.55
2013-09-26,349738.37
2013-09-27,352973.37
2013-09-30,350816.85
2013-10-01,340996.92
2013-10-02,347762.6
2013-10-03,348096.56
2013-10-04,346323.01
2013-10-07,349366.67
2013-10-08,348715.31
2013-10-09,345189.89
2013-10-10,340158.9
2013-10-11,335593.08
2013-10-14,336227.99
2013-10-15,338696.93
2013-10-16,338182.21
2013-10-17,348808.81
2013-10-18,347253.98
2013-10-21,347615.37
2013-10-22,354081.53
2013-10-23,352307.71
2013-10-24,355625.86
2013-10-25,357164.61
2013-10-28,357444.05
2013-10-29,355286.88
2013-10-30,354827.09
2013-10-31,349740.3
2013-11-01,347582.9
2013-11-04,347205.1
2013-11-05,346526.12
2013-11-06,348283.96
2013-11-07,345441.89
2013-11-08,340296.96
2013-11-11,339182.45
2013-11-12,335299.57
2013-11-13,336400.19
2013-11-14,340293.92
2013-11-15,340436.24
2013-11-18,336553.13
2013-11-19,336695.39
2013-11-20,328950.86
2013-11-21,328463.15
2013-11-22,328413.59
2013-11-25,329897.65
2013-11-26,328150.15
2013-11-27,327169.43
2013-11-29,330570.65
2013-12-02,322030.91
2013-12-03,323076.78
2013-12-04,328559.64
2013-12-05,324018.26
2013-12-06,324708.14
2013-12-09,327917.93
2013-12-10,333675.12
2013-12-11,331050.89
2013-12-12,324016.59
2013-12-13,327007.43
2013-12-16,327861.78
2013-12-17,325018.15
2013-12-18,322174.44
2013-12-19,314536.78
2013-12-20,317609.89
2013-12-23,316601.34
2013-12-24,318058.29
2013-12-26,319816.63
2013-12-27,320862.74
2013-12-30,316128.31
2013-12-31,318133.28
2014-01-02,323288.95
2014-01-03,326828.34
2014-01-06,327408.88
2014-01-07,325551
2014-01-08,323638.26
2014-01-09,324574.97
2014-01-10,329512.04
2014-01-13,331599.67
2014-01-14,328508.68
2014-01-15,327883.68
2014-01-16,328245.1
2014-01-17,331374.11
2014-01-21,328008.9
2014-01-22,326616.58
2014-01-23,333746.55
2014-01-24,335122.02
2014-01-27,331482.62
2014-01-28,331460.48
2014-01-29,335631.26
2014-01-30,328237.19
2014-01-31,329119.38
2014-02-03,332495.55
2014-02-04,331596.41
2014-02-05,332423.88
2014-02-06,332292.12
2014-02-07,334846.32
2014-02-10,336907.25
2014-02-11,340859.45
2014-02-12,341056.72
2014-02-13,343967.55
2014-02-14,348523.06
2014-02-18,349213.85
2014-02-19,346121.97
2014-02-20,349773.16
2014-02-21,349723.89
2014-02-24,353594.55
2014-02-25,354203.24
2014-02-26,351193.43
2014-02-27,351445.73
2014-02-28,349861.3
2014-03-03,357186.48
2014-03-04,352778.37
2014-03-05,353359.69
2014-03-06,356874.5
2014-03-07,353919.23
2014-03-10,354034.52
2014-03-11,356041.57
2014-03-12,361256.51
2014-03-13,362496.05
2014-03-14,364942.02
2014-03-17,360944.69
2014-03-18,358153.68
2014-03-19,351222.23
2014-03-20,350597.14
2014-03-21,352275.35
2014-03-24,346001.57
2014-03-25,346637.76
2014-03-26,343901.09
2014-03-27,341657.93
2014-03-28,341581.09
2014-03-31,338981.32
2014-04-01,338383.39
2014-04-02,340939.18
2014-04-03,339847.62
2014-04-04,344378.1
2014-04-07,342573.5
2014-04-08,345815.16
2014-04-09,346451.45
2014-04-10,348349.38
2014-04-11,348135.49
2014-04-14,350664.34
2014-04-15,344196.94
2014-04-16,344339.55
2014-04-17,342178.15
2014-04-21,340784.69
2014-04-22,339528.34
2014-04-23,339478.87
2014-04-24,341678.7
2014-04-25,344070.6
2014-04-28,342567.34
2014-04-29,342517.92
2014-04-30,340767.7
2014-05-01,339620.94
2014-05-02,343082.89
2014-05-05,346270.62
2014-05-06,345617.7
2014-05-07,340657.57
2014-05-08,340662.98
2014-05-09,340476.34
2014-05-12,342786.34
2014-05-13,341858.95
2014-05-14,345184.2
2014-05-15,342336.24
2014-05-16,341600.86
2014-05-19,341825.78
2014-05-20,342133.03
2014-05-21,341315.3
2014-05-22,342089.01
2014-05-23,341655.41
2014-05-27,334361.79
2014-05-28,332583.47
2014-05-29,331875.29
2014-05-30,330481.05
2014-06-02,328483.05
2014-06-03,329338.97
2014-06-04,328658.13
2014-06-05,331133.22
2014-06-06,331001.26
2014-06-09,331116.29
2014-06-10,333152.43
2014-06-11,333212.61
2014-06-12,336593.66
2014-06-13,337477.27
2014-06-16,336000.53
2014-06-17,335621.62
2014-06-18,336697.38
2014-06-19,348422.76
2014-06-20,347220.59
2014-06-23,348186.79
2014-06-24,348549.15
2014-06-25,348582.13
2014-06-26,347873.98
2014-06-27,347687.35
2014-06-30,351481.03
2014-07-01,350553.28
2014-07-02,350558.84
2014-07-03,349082.01
2014-07-07,348703.22
2014-07-08,348846.02
2014-07-09,350965.44
2014-07-10,352892.76
2014-07-11,353557.25
2014-07-14,345161.83
2014-07-15,341900.19
2014-07-16,343113.65
2014-07-17,348939.42
2014-07-18,346309.45
2014-07-21,346891.53
2014-07-22,345249.62
2014-07-23,344925.61
2014-07-24,341443.94
2014-07-25,345406.1
2014-07-28,344832.2
2014-07-29,343794.23
2014-07-30,342783.68
2014-07-31,338834.88
2014-08-01,341558.84
2014-08-04,340493.29
2014-08-05,340169.16
2014-08-06,345117.68
2014-08-07,346523.73
2014-08-08,346556.69
2014-08-11,345930.54
2014-08-12,346018.42
2014-08-13,346600.66
2014-08-14,346908.27
2014-08-15,344642.43
2014-08-18,343211.47
2014-08-19,342447.88
2014-08-20,341189.87
2014-08-21,337514.76
2014-08-22,338371.6
2014-08-25,337140.94
2014-08-26,338821.83
2014-08-27,338744.53
2014-08-28,340618.05
2014-08-29,340238.89
2014-09-02,334173.5
2014-09-03,335552.31
2014-09-04,333717.11
2014-09-05,335315.73
2014-09-08,331667.35
2014-09-09,332057.22
2014-09-10,330386.69
2014-09-11,328227.08
2014-09-12,325232.23
2014-09-15,325951.7
2014-09-16,326478.88
2014-09-17,322939.86
2014-09-18,323604.38
2014-09-19,321713.72
2014-09-22,321059.41
2014-09-23,323125.22
2014-09-24,321619.14
2014-09-25,322558.46
2014-09-26,321656.82
2014-09-29,321579.5
2014-09-30,319331.37
2014-10-01,320875.26
2014-10-02,320797.91
2014-10-03,314949.83
2014-10-06,318857.01
2014-10-07,319768.93
2014-10-08,322824.67
2014-10-09,323296.7
2014-10-10,323164.42
2014-10-13,325725.41
2014-10-14,325922.96
2014-10-15,327027.46
2014-10-16,327664.77
2014-10-17,327037.84
2014-10-20,329269.27
2014-10-21,329879.17
2014-10-22,328015.4
2014-10-23,325766.77
2014-10-24,325304.68
2014-10-27,324512.73
2014-10-28,324627.83
2014-10-29,319987.59
2014-10-30,316639.13
2014-10-31,309689.59
2014-11-03,308292.57
2014-11-04,308489.89
2014-11-05,301814.78
2014-11-06,302066.98
2014-11-07,310566.38
2014-11-10,303671.06
2014-11-11,308019.53
2014-11-12,306539.86
2014-11-13,307012.09
2014-11-14,314714.95
2014-11-17,313565.23
2014-11-18,316319.57
2014-11-19,312557.9
2014-11-20,315807.22
2014-11-21,317269.47
2014-11-24,316504.63
2014-11-25,317252.04
2014-11-26,316652.16
2014-11-28,308270.69
2014-12-01,320566.81
2014-12-02,316612.25
2014-12-03,319889.54
2014-12-04,318657.19
2014-12-05,314674.91
2014-12-08,318392.31
2014-12-09,325024.81
2014-12-10,324397.46
2014-12-11,323660.1
2014-12-12,322895.2
2014-12-15,314594.87
2014-12-16,316139.98
2014-12-17,314274.83
2014-12-18,316700.07
2014-12-19,315659.97
2014-12-22,309559.16
2014-12-23,310086.65
2014-12-24,310174.09
2014-12-26,315845.05
2014-12-29,312659.43
2014-12-30,316872.79
2014-12-31,312421.8
2015-01-02,313802.09
2015-01-05,318538.31
2015-01-06,322174.38
2015-01-07,320281.43
2015-01-08,318938.6
2015-01-09,322574.84
2015-01-12,326156.18
2015-01-13,325060.97
2015-01-14,324543.43
2015-01-15,332719.25
2015-01-16,337071.29
2015-01-20,341698.58
2015-01-21,341786.54
2015-01-22,344543.2
2015-01-23,341797.39
2015-01-26,338391.17
2015-01-27,342275.97
2015-01-28,339585.02
2015-01-29,332271.53
2015-01-30,339678.35
2015-02-02,336849.65
2015-02-03,333085.31
2015-02-04,334548.97
2015-02-05,335132.13
2015-02-06,326469.53
2015-02-09,327933.15
2015-02-10,326012.08
2015-02-11,322164.66
2015-02-12,322912.79
2015-02-13,324679.16
2015-02-17,319262.9
2015-02-18,320176.14
2015-02-19,319080.39
2015-02-20,317269.06
2015-02-23,317686.92
2015-02-24,317224.09
2015-02-25,318440.11
2015-02-26,319463.52
2015-02-27,319716.3
2015-03-02,318400.23
2015-03-03,317827.27
2015-03-04,316841.43
2015-03-05,316543.69
2015-03-06,307905.69
2015-03-09,308213.36
2015-03-10,306704.3
2015-03-11,304864.87
2015-03-12,304787.13
2015-03-13,305232.41
2015-03-16,305044.56
2015-03-17,303397.68
2015-03-18,309348.77
2015-03-19,309133.45
2015-03-20,312662.19
2015-03-23,314649.33
2015-03-24,315425.19
2015-03-25,315870.7
2015-03-26,317940.58
2015-03-27,316789.28
2015-03-30,313187.55
2015-03-31,312944.72
2015-04-01,318291.17
2015-04-02,317415.14
2015-04-06,321302.51
2015-04-07,319710.6
2015-04-08,317953.43
2015-04-09,315755.63
2015-04-10,319329.31
2015-04-13,317059.86
2015-04-14,315137.31
2015-04-15,317868.51
2015-04-16,316772.05
2015-04-17,318346.75
2015-04-20,315928.41
2015-04-21,317751
2015-04-22,313487.42
2015-04-23,315778.21
2015-04-24,311349.22
2015-04-27,317633.47
2015-04-28,320392.64
2015-04-29,318139.31
2015-04-30,312525.76
2015-05-01,311456.56
2015-05-04,314270.89
2015-05-05,315157.27
2015-05-06,314997.01
2015-05-07,312412.84
2015-05-08,313932.77
2015-05-11,312725.76
2015-05-12,315402.65
2015-05-13,321054.6
2015-05-14,322795.13
2015-05-15,323764.4
2015-05-18,323741.99
2015-05-19,319256.83
2015-05-20,319785.32
2015-05-21,318715.99
2015-05-22,318473.11
2015-05-26,313822.29
2015-05-27,313772.17
2015-05-28,314135.31
2015-05-29,314360.7
2015-06-01,314090.18
2015-06-02,315362.54
2015-06-03,313108.27
2015-06-04,310909.03
2015-06-05,309260.78
2015-06-08,310174.95
2015-06-09,310868.72
2015-06-10,313518.88
2015-06-11,312091.01
2015-06-12,312013.29
2015-06-15,313396.03
2015-06-16,312271.2
2015-06-17,313736.66
2015-06-18,317792.52
2015-06-19,317246.42
2015-06-22,313172.88
2015-06-23,311110.98
2015-06-24,310289.16
2015-06-25,309880.69
2015-06-26,310216.33
2015-06-29,311626.82
2015-06-30,309702.53
2015-07-01,308632.56
2015-07-02,308031.11
2015-07-06,308862.86
2015-07-07,305284.66
2015-07-08,306199.08
2015-07-09,306948.14
2015-07-10,307311.34
2015-07-13,305938.02
2015-07-14,305253.76
2015-07-15,303659.85
2015-07-16,302562.05
2015-07-17,299507.05
2015-07-20,291379.77
2015-07-21,290474.69
2015-07-22,288907.98
2015-07-23,287616.89
2015-07-24,290433.39
2015-07-27,289087.15
2015-07-28,289532.84
2015-07-29,289950.97
2015-07-30,287474.3
2015-07-31,289298.49
2015-08-03,287014.73
2015-08-04,287598.27
2015-08-05,286555.12
2015-08-06,287827.98
2015-08-07,288549.43
2015-08-10,291504.3
2015-08-11,292997.88
2015-08-12,297111.01
2015-08-13,294661.63
2015-08-14,294638.73
2015-08-17,295415.51
2015-08-18,295365.05
2015-08-19,299340.66
2015-08-20,304557.33
2015-08-21,306464.96
2015-08-24,304815.19
2015-08-25,301041.9
2015-08-26,296937.55
2015-08-27,297107.74
2015-08-28,299787.61
2015-08-31,300123.32
2015-09-01,301176.11
2015-09-02,299581.24
2015-09-03,297434.71
2015-09-04,296474.09
2015-09-08,296561.54
2015-09-09,292732.35
2015-09-10,293426.56
2015-09-11,292824.39
2015-09-14,292994.54
2015-09-15,292116.51
2015-09-16,296010.52
2015-09-17,299049.52
2015-09-18,301261.07
2015-09-21,299390.04
2015-09-22,297353.44
2015-09-23,298544.37
2015-09-24,304811.31
2015-09-25,302940.22
2015-09-28,299110.34
2015-09-29,297901.21
2015-09-30,294816.02
2015-10-01,294462.05
2015-10-02,300701.93
2015-10-05,300099.73
2015-10-06,303111.83
2015-10-07,302675.19
2015-10-08,301134.89
2015-10-09,305913.02
2015-10-12,307131.93
2015-10-13,308654.39
2015-10-14,314039.91
2015-10-15,312610.04
2015-10-16,310407.5
2015-10-19,309115.5
2015-10-20,311079.62
2015-10-21,308325.05
2015-10-22,308219.56
2015-10-23,307700.13
2015-10-26,307511.84
2015-10-27,308206.64
2015-10-28,305727.78
2015-10-29,302807.27
2015-10-30,301652.95
2015-11-02,299698.24
2015-11-03,295259.55
2015-11-04,292476.68
2015-11-05,291570.53
2015-11-06,287324.7
2015-11-09,288157.28
2015-11-10,287554.63
2015-11-11,286593.13
2015-11-12,286652.88
2015-11-13,285856.96
2015-11-16,286275.54
2015-11-17,282498.41
2015-11-18,282751.33
2015-11-19,285875.11
2015-11-20,284582.22
2015-11-23,282295.51
2015-11-24,284177.17
2015-11-25,282856.59
2015-11-27,279520.69
2015-11-30,281374.79
2015-12-01,282373.13
2015-12-02,277987.96
2015-12-03,280946.46
2015-12-04,287190.49
2015-12-07,283467.82
2015-12-08,283941.68
2015-12-09,283393.99
2015-12-10,283149.99
2015-12-11,284700.7
2015-12-14,281060.52
2015-12-15,280319.46
2015-12-16,283720.21
2015-12-17,277511.87
2015-12-18,281768.69
2015-12-21,284838.27
2015-12-22,283351.63
2015-12-23,282527.7
2015-12-24,284575.68
2015-12-28,282426.21
2015-12-29,282237.38
2015-12-30,280087.8
2015-12-31,280202.71
2016-01-04,284156.4
2016-01-05,284961.82
2016-01-06,289081.41
2016-01-07,293173.52
2016-01-08,291880.09
2016-01-11,289288.51
2016-01-12,287829.26
2016-01-13,289242.46
2016-01-14,284551.55
2016-01-15,287483.89
2016-01-19,287212.24
2016-01-20,291056.24
2016-01-21,291392.33
2016-01-22,290043.44
2016-01-25,293031.35
2016-01-26,296378.46
2016-01-27,297488.12
2016-01-28,294316.03
2016-01-29,295451.11
2016-02-01,298496.8
2016-02-02,298612.05
2016-02-03,301821.43
2016-02-04,305472.94
2016-02-05,310312.53
2016-02-08,314489.22
2016-02-09,313803.51
2016-02-10,316239.79
2016-02-11,328951.87
2016-02-12,327025.26
2016-02-16,317111.38
2016-02-17,319078.16
2016-02-18,326847.42
2016-02-19,324890.8
2016-02-22,319120.98
2016-02-23,323906.37
2016-02-24,324989.17
2016-02-25,325850.95
2016-02-26,323617.83
2016-02-29,327850.92
2016-03-01,325451.95
2016-03-02,327971.86
2016-03-03,333642.24
2016-03-04,333122.46
2016-03-07,334785.9
2016-03-08,333243.58
2016-03-09,330485.2
2016-03-10,335796.78
2016-03-11,330025.85
2016-03-14,325774.83
2016-03-15,326028.75
2016-03-16,333302.96
2016-03-17,332036.84
2016-03-18,331130
2016-03-21,328813.48
2016-03-22,329786.12
2016-03-23,322328.25
2016-03-24,321559.41
2016-03-28,322310.84
2016-03-29,328286.73
2016-03-30,323703.22
2016-03-31,325201.1
2016-04-01,323243.56
2016-04-04,321092.44
2016-04-05,325271.88
2016-04-06,323286.59
2016-04-07,327908.53
2016-04-08,327416.1
2016-04-11,331844.72
2016-04-12,331905.28
2016-04-13,328371.7
2016-04-14,323787.4
2016-04-15,326032.04
2016-04-18,325539.54
2016-04-19,330632.12
2016-04-20,328950.75
2016-04-21,330200.22
2016-04-22,325974.96
2016-04-25,326920.26
2016-04-26,328225.06
2016-04-27,329170.42
2016-04-28,335397.37
2016-04-29,341928.69
2016-05-02,340800.34
2016-05-03,340031.46
2016-05-04,337962.82
2016-05-05,337581.02
2016-05-06,340656.05
2016-05-09,333664.71
2016-05-10,334582.64
2016-05-11,337740.74
2016-05-12,335091.08
2016-05-13,336617.53
2016-05-16,336871.79
2016-05-17,338038.76
2016-05-18,332180.58
2016-05-19,331549.71
2016-05-20,331112.42
2016-05-23,330177.26
2016-05-24,324456.88
2016-05-25,323576.9
2016-05-26,322475.6
2016-05-27,319825.23
2016-05-31,321047.42
2016-06-01,320720.57
2016-06-02,319978.77
2016-06-03,328863.7
2016-06-06,328979.57
2016-06-07,328708.16
2016-06-08,333582.3
2016-06-09,335441.14
2016-06-10,336802.06
2016-06-13,339297.32
2016-06-14,339662.37
2016-06-15,342185.41
2016-06-16,338594.14
2016-06-17,342943.3
2016-06-20,340901.32
2016-06-21,334349.34
2016-06-22,334520.66
2016-06-23,332340.1
2016-06-24,348670.47
2016-06-27,350529.9
2016-06-28,346772.27
2016-06-29,348216.67
2016-06-30,349965.49
2016-07-01,355339.38
2016-07-05,358278.28
2016-07-06,360387.09
2016-07-07,359036.83
2016-07-08,361201.06
2016-07-11,357802.89
2016-07-12,351886.24
2016-07-13,355129.79
2016-07-14,352395.57
2016-07-15,351045.05
2016-07-18,351604.15
2016-07-19,352080.23
2016-07-20,347048.59
2016-07-21,352340.51
2016-07-22,349716.69
2016-07-25,347286.54
2016-07-26,348759.04
2016-07-27,354383.47
2016-07-28,353364.94
2016-07-29,357024.33
2016-08-01,357694.33
2016-08-02,360606.52
2016-08-03,358895.99
2016-08-04,359510.69
2016-08-05,353094.09
2016-08-08,352795.19
2016-08-09,354240.32
2016-08-10,355906.96
2016-08-11,353448.72
2016-08-12,352706.85
2016-08-15,353930.59
2016-08-16,355680.39
2016-08-17,355769.09
2016-08-18,357463.6
2016-08-19,354312.99
2016-08-22,353792.56
2016-08-23,353742.8
2016-08-24,349816.7
2016-08-25,349517.68
2016-08-26,349024.83
2016-08-29,349722.61
2016-08-30,346211.55
2016-08-31,345524.79
2016-09-01,346942.5
2016-09-02,350492.47
2016-09-06,356424.04
2016-09-07,355211.24
2016-09-08,353333.8
2016-09-09,351013.2
2016-09-12,350575.68
2016-09-13,348254.96
2016-09-14,349451.34
2016-09-15,347213.62
2016-09-16,346360.59
2016-09-19,347086.17
2016-09-20,347424.03
2016-09-21,352497.99
2016-09-22,353334.49
2016-09-23,353561.68
2016-09-26,353290.31
2016-09-27,350719.99
2016-09-28,349617.61
2016-09-29,349207.68
2016-09-30,348022.14
2016-10-03,347141.27
2016-10-04,335097.11
2016-10-05,334576.11
2016-10-06,331478.88
2016-10-07,331705.75
2016-10-10,332874.51
2016-10-11,331189.93
2016-10-12,331721.55
2016-10-13,332530.21
2016-10-14,330679.33
2016-10-17,331571.12
2016-10-18,333626.54
2016-10-19,335543.49
2016-10-20,334523.71
2016-10-21,334778.38
2016-10-24,334035.61
2016-10-25,336562.25
2016-10-26,334683.49
2016-10-27,335298.37
2016-10-28,336883.07
2016-10-31,337885.93
2016-11-01,340080.32
2016-11-02,342607.3
2016-11-03,344441.6
2016-11-04,344696.46
2016-11-07,338494.68
2016-11-08,337086.77
2016-11-09,336870.43
2016-11-10,331859.85
2016-11-11,324521.25
2016-11-14,321782.8
2016-11-15,324586.98
2016-11-16,323622.14
2016-11-17,321964.41
2016-11-18,319142.59
2016-11-21,320339.42
2016-11-22,320233.64
2016-11-23,313891.7
2016-11-25,312122.82
2016-11-28,315426.11
2016-11-29,313962.09
2016-11-30,309753.93
2016-12-01,309176.76
2016-12-02,310844.8
2016-12-05,309186.57
2016-12-06,308886.56
2016-12-07,310000.28
2016-12-08,309284.46
2016-12-09,306046
2016-12-12,307215.16
2016-12-13,306194.32
2016-12-14,301708.15
2016-12-15,297582.23
2016-12-16,299555.31
2016-12-19,301057.15
2016-12-20,298843.99
2016-12-21,299015.08
2016-12-22,298298.98
2016-12-23,299246.38
2016-12-27,300997.86
2016-12-28,301834.43
2016-12-29,305804.16
2016-12-30,303923.56
2017-01-03,306312.97
2017-01-04,307399.23
2017-01-05,312173.43
2017-01-06,309876.88
2017-01-09,312432.91
2017-01-10,313768.9
2017-01-11,314744.44
2017-01-12,315886.4
2017-01-13,316723.35
2017-01-17,321276.37
2017-01-18,318563.73
2017-01-19,318291.46
2017-01-20,319073.03
2017-01-23,321130.37
2017-01-24,319693.31
2017-01-25,317063.62
2017-01-26,314128.77
2017-01-27,314771.67
2017-01-30,316107.98
2017-01-31,320495.29
2017-02-01,319529.6
2017-02-02,321309.84
2017-02-03,322119.32
2017-02-06,326479.27
2017-02-07,325818.74
2017-02-08,327848.83
2017-02-09,325357.52
2017-02-10,326222.61
2017-02-13,324008.58
2017-02-14,324374.35
2017-02-15,325822.03
2017-02-16,327574.9
2017-02-17,326470.43
2017-02-21,326669.81
2017-02-22,327118.88
2017-02-23,329981.61
2017-02-24,332095.36
2017-02-27,330491.48
2017-02-28,330801.91
2017-03-01,330335.5
2017-03-02,326234.44
2017-03-03,326045.4
2017-03-06,323858.62
2017-03-07,321255.58
2017-03-08,319262.89
2017-03-09,317630.86
2017-03-10,318329.6
2017-03-13,318390.15
2017-03-14,316674.77
2017-03-15,322590.4
2017-03-16,323927.5
2017-03-17,324654.15
2017-03-20,326253.57
2017-03-21,328965.86
2017-03-22,329775.88
2017-03-23,329337.08
2017-03-24,329869.6
2017-03-27,331734.28
2017-03-28,330379.64
2017-03-29,331189.74
2017-03-30,328808.14
2017-03-31,329507.22
2017-04-03,331261.02
2017-04-04,332015.67
2017-04-05,332020.94
2017-04-06,330804.93
2017-04-07,331587.37
2017-04-10,331592.64
2017-04-11,336399.97
2017-04-12,338709.23
2017-04-13,340324.6
2017-04-17,339330.68
2017-04-18,340946.11
2017-04-19,337925.7
2017-04-20,338569.55
2017-04-21,339546.55
2017-04-24,337247.76
2017-04-25,333838.44
2017-04-26,335481.7
2017-04-27,334237.72
2017-04-28,335298.01
2017-05-01,332249.36
2017-05-02,332199.11
2017-05-03,327567.76
2017-05-04,324268.96
2017-05-05,324884.94
2017-05-08,324168.19
2017-05-09,322229.71
2017-05-10,322207.06
2017-05-11,323489.45
2017-05-12,324410.91
2017-05-15,325276.86
2017-05-16,326698.2
2017-05-17,332645.88
2017-05-18,329929.79
2017-05-19,331573.43
2017-05-22,332967.19
2017-05-23,330861.93
2017-05-24,332172.41
2017-05-25,331816.65
2017-05-26,334765.72
2017-05-30,333660.15
2017-05-31,334998.53
2017-06-01,335281.58
2017-06-02,337758.74
2017-06-05,338097.39
2017-06-06,341907.85
2017-06-07,340107.91
2017-06-08,337891.29
2017-06-09,334813.55
2017-06-12,334318.9
2017-06-13,334657.52
2017-06-14,332829.55
2017-06-15,331445.96
2017-06-16,331506.78
2017-06-19,328984.21
2017-06-20,328294.96
2017-06-21,329244.67
2017-06-22,330361.08
2017-06-23,331783.11
2017-06-26,328815.86
2017-06-27,330071.22
2017-06-28,330326.49
2017-06-29,328720.39
2017-06-30,327892.14
2017-07-03,322535.27
2017-07-05,323735.07
2017-07-06,323601.29
2017-07-07,320300.12
2017-07-10,320833.11
2017-07-11,321254.97
2017-07-12,322399.27
2017-07-13,321820.89
2017-07-14,324465.7
2017-07-17,325915.76
2017-07-18,328199.48
2017-07-19,328121.32
2017-07-20,328571.14
2017-07-21,331410.78
2017-07-24,331554.99
2017-07-25,330476.47
2017-07-26,333149.53
2017-07-27,332904.71
2017-07-28,335411.16
2017-07-31,335583.23
2017-08-01,335310.64
2017-08-02,334621.16
2017-08-03,335154.53
2017-08-04,332547.32
2017-08-07,332163.49
2017-08-08,333141.54
2017-08-09,337176.99
2017-08-10,339683.86
2017-08-11,341301.37
2017-08-14,338888.58
2017-08-15,336281.13
2017-08-16,338760.35
2017-08-17,340489.14
2017-08-18,339966.39
2017-08-21,341250.48
2017-08-22,339727
2017-08-23,341011.13
2017-08-24,339960.18
2017-08-25,341216.55
2017-08-28,346642.96
2017-08-29,345897.85
2017-08-30,345736.54
2017-08-31,349801.01
2017-09-01,350473.8
2017-09-05,354371.66
2017-09-06,352570.12
2017-09-07,356245.72
2017-09-08,355806.52
2017-09-11,350863.07
2017-09-12,351897.4
2017-09-13,349261.53
2017-09-14,350796.36
2017-09-15,349050.17
2017-09-18,345802.4
2017-09-19,346530.86
2017-09-20,343755.66
2017-09-21,341147.21
2017-09-22,342709.87
2017-09-25,346302.59
2017-09-26,342442.66
2017-09-27,339222.23
2017-09-28,339867.24
2017-09-29,338120.6
2017-10-02,335873.31
2017-10-03,336045.51
2017-10-04,336996.43
2017-10-05,335194.01
2017-10-06,336784.63
2017-10-09,339543.44
2017-10-10,340438.85
2017-10-11,341528.98
2017-10-12,341812.55
2017-10-13,344404.72
2017-10-16,342045.92
2017-10-17,339714.85
2017-10-18,338440.72
2017-10-19,340448.86
2017-10-20,338284.56
2017-10-23,338818.46
2017-10-24,337516.41
2017-10-25,337577.4
2017-10-26,334745.27
2017-10-27,336336.27
2017-10-30,336981.45
2017-10-31,335707.09
2017-11-01,336936.51
2017-11-02,337164.42
2017-11-03,335583.97
2017-11-06,338454.92
2017-11-07,337236.12
2017-11-08,338410.02
2017-11-09,339806.53
2017-11-10,337029.59
2017-11-13,337535.77
2017-11-14,338236.74
2017-11-15,337824.73
2017-11-16,337802.27
2017-11-17,341870.16
2017-11-20,337562.56
2017-11-21,338124.45
2017-11-22,341246.43
2017-11-24,340389.2
2017-11-27,341813.82
2017-11-28,341763.58
2017-11-29,339626.2
2017-11-30,337015.66
2017-12-01,338384.66
2017-12-04,337249
2017-12-05,334860.94
2017-12-06,334170.48
2017-12-07,329778.44
2017-12-08,329755.84
2017-12-11,328452.96
2017-12-12,328847.83
2017-12-13,331692.03
2017-12-14,331029.29
2017-12-15,331730.39
2017-12-18,333266.55
2017-12-19,333522.35
2017-12-20,334418.37
2017-12-21,334896.89
2017-12-22,336655.88
2017-12-26,338971.67
2017-12-27,340257.55
2017-12-28,341988.88
2017-12-29,344221.34
2018-01-02,348402.56
2018-01-03,347489.41
2018-01-04,349276.63
2018-01-05,348920.26
2018-01-08,348870.12
2018-01-09,347260.9
2018-01-10,348101.65
2018-01-11,349248.67
2018-01-12,353486.18
2018-01-16,354076.48
2018-01-17,351214.3
2018-01-18,350440.26
2018-01-19,352005.07
2018-01-22,352651.07
2018-01-23,354410.87
2018-01-24,358732.47
2018-01-25,356343.46
2018-01-26,356627.57
2018-01-29,354628.3
2018-01-30,353102.36
2018-01-31,355474.98
2018-02-01,356650.22
2018-02-02,351977.4
2018-02-05,352874.14
2018-02-06,349175.83
2018-02-07,347538.26
2018-02-08,348072.92
2018-02-09,347493.59
2018-02-12,349170.15
2018-02-13,351153.13
2018-02-14,357146.8
2018-02-15,357570.25
2018-02-16,356406.12
2018-02-20,351621.07
2018-02-21,350011.16
2018-02-22,351799.36
2018-02-23,351359.27
2018-02-26,352228.35
2018-02-27,348557.06
2018-02-28,348200.47
2018-03-01,347426.03
2018-03-02,349297.93
2018-03-05,348718.48
2018-03-06,352484.75
2018-03-07,350233.87
2018-03-08,349403.68
2018-03-09,349743.53
2018-03-12,349749.08
2018-03-13,350423.26
2018-03-14,350205.94
2018-03-15,347982.67
2018-03-16,347152.36
2018-03-19,347910.13
2018-03-20,346355.39
2018-03-21,352406.99
2018-03-22,351019.45
2018-03-23,355566.71
2018-03-26,357439.21
2018-03-27,355243.63
2018-03-28,350345.13
2018-03-29,350517.88
2018-04-02,354619.65
2018-04-03,351950.16
2018-04-04,352373.74
2018-04-05,350568.01
2018-04-06,352217.73
2018-04-09,353421.62
2018-04-10,354263.27
2018-04-11,357027.87
2018-04-12,352881.08
2018-04-13,355199.83
2018-04-16,355707.12
2018-04-17,356047.21
2018-04-18,356331.57
2018-04-19,355640.45
2018-04-20,352942.56
2018-04-23,350133.09
2018-04-24,351838.87
2018-04-25,349558.88
2018-04-26,348338
2018-04-27,349820.84
2018-04-30,347289.84
2018-05-01,344842.39
2018-05-02,344680.61
2018-05-03,346442.24
2018-05-04,347172.51
2018-05-07,347261.65
2018-05-08,347322.92
2018-05-09,346603.62
2018-05-10,348978.73
2018-05-11,348482.46
2018-05-14,347066.19
2018-05-15,341468.01
2018-05-16,340943.72
2018-05-17,341144.29
2018-05-18,341289.11
2018-05-21,341489.69
2018-05-22,341299.94
2018-05-23,341667.82
2018-05-24,344600.87
2018-05-25,343546.8
2018-05-29,343496.49
2018-05-30,344003.84
2018-05-31,343256.44
2018-06-01,341560.94
2018-06-04,341231.74
2018-06-05,342575.65
2018-06-06,342776.29
2018-06-07,342614.41
2018-06-08,343038.15
2018-06-11,343657.11
2018-06-12,342519.18
2018-06-13,343556.47
2018-06-14,344091.8
2018-06-15,338407.95
2018-06-18,337771.87
2018-06-19,336912.65
2018-06-20,335411.93
2018-06-21,334831.55
2018-06-22,335645.71
2018-06-25,334395.92
2018-06-26,332644.04
2018-06-27,330752.64
2018-06-28,329753.75
2018-06-29,330958.39
2018-07-02,327644.3
2018-07-03,330968.9
2018-07-05,332089.94
2018-07-06,331565.2
2018-07-09,332379.43
2018-07-10,331771
2018-07-11,328177.64
2018-07-12,329549.79
2018-07-13,328104.37
2018-07-16,327942.19
2018-07-17,324404.33
2018-07-18,324493.18
2018-07-19,323103.38
2018-07-20,325200.97
2018-07-23,323643.74
2018-07-24,323760.47
2018-07-25,325551.26
2018-07-26,323017.42
2018-07-27,323189.96
2018-07-30,322692.85
2018-07-31,323646.66
2018-08-01,321280.04
2018-08-02,319555.13
2018-08-03,320676.36
2018-08-06,319035.09
2018-08-07,319765.68
2018-08-08,320663.72
2018-08-09,320194.42
2018-08-10,320059.97
2018-08-13,315237.22
2018-08-14,315549.2
2018-08-15,310307.61
2018-08-16,310061.37
2018-08-17,312940.85
2018-08-20,314508.7
2018-08-21,315434.7
2018-08-22,316137.45
2018-08-23,313156.09
2018-08-24,318631.52
2018-08-27,319836.75
2018-08-28,317301.89
2018-08-29,318758.34
2018-08-30,317200.31
2018-08-31,316842.48
2018-09-04,315228.55
2018-09-05,316322.18
2018-09-06,316941.31
2018-09-07,316080.99
2018-09-10,315862.69
2018-09-11,316063.11
2018-09-12,318720.13
2018-09-13,317580.63
2018-09-14,315519.83
2018-09-17,317171.95
2018-09-18,316702.39
2018-09-19,317935.81
2018-09-20,319029.67
2018-09-21,316857.06
2018-09-24,316806.25
2018-09-25,317313.84
2018-09-26,315643.66
2018-09-27,312856.6
2018-09-28,314843.97
2018-10-01,314318.45
2018-10-02,317953.31
2018-10-03,316701.84
2018-10-04,316874.41
2018-10-05,317772.98
2018-10-08,314259.63
2018-10-09,314432.16
2018-10-10,315219.05
2018-10-11,323322.34
2018-10-12,321791.57
2018-10-15,323946.98
2018-10-16,323393.59
2018-10-17,323370.8
2018-10-18,323738.99
2018-10-19,323995.47
2018-10-22,323162.77
2018-10-23,325067.05
2018-10-24,325826.3
2018-10-25,325105.3
2018-10-26,326143.87
2018-10-29,324864.25
2018-10-30,323444.93
2018-10-31,321634.52
2018-11-01,325773.53
2018-11-02,325834.57
2018-11-05,325057.63
2018-11-06,324140.99
2018-11-07,324118.2
2018-11-08,323425
2018-11-09,319798.66
2018-11-12,317513.07
2018-11-13,317629.85
2018-11-14,320260.86
2018-11-15,320629.11
2018-11-16,323008.82
2018-11-19,323153.63
2018-11-20,323158.76
2018-11-21,323694.71
2018-11-23,323448.4
2018-11-26,323090.33
2018-11-27,321167.65
2018-11-28,322374.15
2018-11-29,323385.12
2018-11-30,322831.44
2018-12-03,325267.44
2018-12-04,327256.45
2018-12-06,327317.53
2018-12-07,329977.26
2018-12-10,328836.84
2018-12-11,328450.85
2018-12-12,329154.66
2018-12-13,328433.33
2018-12-14,327125.15
2018-12-17,329393.89
2018-12-18,330181.59
2018-12-19,328174.73
2018-12-20,333238.24
2018-12-21,331790.29
2018-12-24,335428.7
2018-12-26,334427.91
2018-12-27,336976.5
2018-12-28,338351.33
2018-12-31,338887.74
2019-01-02,339116.71
2019-01-03,342196.59
2019-01-04,339434.93
2019-01-07,340614.25
2019-01-08,339697.27
2019-01-09,341882.9
2019-01-10,339875.77
2019-01-11,340468.17
2019-01-14,341284.21
2019-01-15,340702.6
2019-01-16,341798.21
2019-01-17,341356.37
2019-01-18,338314.71
2019-01-22,339522.16
2019-01-23,339052.3
2019-01-24,338526.52
2019-01-25,343480.21
2019-01-28,344687.81
2019-01-29,346622.35
2019-01-30,348612.87
2019-01-31,348786.15
2019-02-01,348092.71
2019-02-04,346588.44
2019-02-05,347488.65
2019-02-06,345145.52
2019-02-07,345989.81
2019-02-08,347309.47
2019-02-11,345609.34
2019-02-12,346341.83
2019-02-13,344977.17
2019-02-14,346912.08
2019-02-15,348986.87
2019-02-19,354305.51
2019-02-20,353695.92
2019-02-21,349702.6
2019-02-22,350966.58
2019-02-25,350608.6
2019-02-26,351201.45
2019-02-27,348718.02
2019-02-28,346765.88
2019-03-01,340870.29
2019-03-04,339980.74
2019-03-05,340433.62
2019-03-06,340131.37
2019-03-07,339857.08
2019-03-08,343582.42
2019-03-11,341909.68
2019-03-12,343984.91
2019-03-13,346395.86
2019-03-14,342401.47
2019-03-15,343973.32
2019-03-18,344174.58
2019-03-19,345131.11
2019-03-20,347374.43
2019-03-21,345981.28
2019-03-22,346798.01
2019-03-25,349461.08
2019-03-26,347732.19
2019-03-27,345919.32
2019-03-28,341029.06
2019-03-29,341342.21
2019-04-01,340004.76
2019-04-02,341269.12
2019-04-03,340770.94
2019-04-04,341643.67
2019-04-05,341285.37
2019-04-08,342773.66
2019-04-09,344569.78
2019-04-10,345638.47
2019-04-11,341223.1
2019-04-12,340892.75
2019-04-15,340254.6
2019-04-16,337210.02
2019-04-17,336571.79
2019-04-18,336828.97
2019-04-22,336834.32
2019-04-23,336140.08
2019-04-24,337124.85
2019-04-25,337410.04
2019-04-26,339654.16
2019-04-29,338148.36
2019-04-30,339189.19
2019-05-01,336955.7
2019-05-02,335673.68
2019-05-03,337666.07
2019-05-06,338119.23
2019-05-07,339244.1
2019-05-08,338409.84
2019-05-09,339226.88
2019-05-10,339876.01
2019-05-13,343352.1
2019-05-14,342769.76
2019-05-15,342579.27
2019-05-16,340121.52
2019-05-17,337719.67
2019-05-20,337697.04
2019-05-21,336918.62
2019-05-22,336588.06
2019-05-23,339196.75
2019-05-24,339566.05
2019-05-28,338255.73
2019-05-29,338373.08
2019-05-30,340674.02
2019-05-31,345270.65
2019-06-03,350259.36
2019-06-04,350376.9
2019-06-05,351278.35
2019-06-06,352431.8
2019-06-07,354425.22
2019-06-10,350903.11
2019-06-11,350488.7
2019-06-12,352314.19
2019-06-13,354475.72
2019-06-14,354369.35
2019-06-17,354150.97
2019-06-18,355948.63
2019-06-19,358110.36
2019-06-20,367132.5
2019-06-21,369574.49
2019-06-24,375068.81
2019-06-25,375802.84
2019-06-26,372364.41
2019-06-27,372006.27
2019-06-28,373020.32
2019-07-01,365801.08
2019-07-02,373620.27
2019-07-03,374242.32
2019-07-05,370075.39
2019-07-08,367700.73
2019-07-09,368994.87
2019-07-10,374826.23
2019-07-11,371667.32
2019-07-12,373997.89
2019-07-15,374003.82
2019-07-16,370844.75
2019-07-17,376956.69
2019-07-18,382284.54
2019-07-19,376660.54
2019-07-22,376610.5
2019-07-23,374487.63
2019-07-24,376398.36
2019-07-25,373743.19
2019-07-26,374365.4
2019-07-29,376864.49
2019-07-30,378131.08
2019-07-31,373178.63
2019-08-01,382149.13
2019-08-02,380698.43
2019-08-05,386027.36
2019-08-06,389171.24
2019-08-07,395088.8
2019-08-08,397084.25
2019-08-09,395773.75
2019-08-12,399618.42
2019-08-13,397243.25
2019-08-14,399967.33
2019-08-15,402635.45
2019-08-16,400064.08
2019-08-19,395391.16
2019-08-20,398479.64
2019-08-21,397225.04
2019-08-22,396222.59
2019-08-23,403990.81
2019-08-26,404053.26
2019-08-27,407926.75
2019-08-28,406784.3
2019-08-29,403876.34
2019-08-30,402845.88
2019-09-03,408457.09
2019-09-04,411013.8
2019-09-05,401155.55
2019-09-06,397742.81
2019-09-09,396263.76
2019-09-10,392878.87
2019-09-11,395267.38
2019-09-12,396086.44
2019-09-13,392813.49
2019-09-16,396099.01
2019-09-17,396890.1
2019-09-18,394401.82
2019-09-19,396005.76
2019-09-20,400693.03
2019-09-23,402941.81
2019-09-24,405078.54
2019-09-25,397572.62
2019-09-26,397466.8
2019-09-27,395426.77
2019-09-30,389293.92
2019-10-01,391430.61
2019-10-02,396006.27
2019-10-03,397806.72
2019-10-04,397813.04
2019-10-07,394427.15
2019-10-08,397881.74
2019-10-09,398252.52
2019-10-10,394782.36
2019-10-11,392601.78
2019-10-14,394178.08
2019-10-15,391436.67
2019-10-16,393685.91
2019-10-17,394252.93
2019-10-18,393838.61
2019-10-21,391966.23
2019-10-22,393122.08
2019-10-23,394053.64
2019-10-24,396863.95
2019-10-25,397795.6
2019-10-28,394380.86
2019-10-29,393293.49
2019-10-30,395458.99
2019-10-31,399419.3
2019-11-01,399790.2
2019-11-04,398646.76
2019-11-05,392202.94
2019-11-06,393891.84
2019-11-07,387784.28
2019-11-08,385322.44
2019-11-11,384403.04
2019-11-12,385446.86
2019-11-13,386995.55
2019-11-14,388628.43
2019-11-15,387652.93
2019-11-18,388809.06
2019-11-19,389011.57
2019-11-20,389214.09
2019-11-21,387088.51
2019-11-22,386365.35
2019-11-25,384520.17
2019-11-26,386377.62
2019-11-27,384336.01
2019-11-29,386726.51
2019-12-02,386536.28
2019-12-03,390245.35
2019-12-04,389718.54
2019-12-05,389949.16
2019-12-06,386083.91
2019-12-09,385977.82
2019-12-10,387078.08
2019-12-11,389749.47
2019-12-12,388380.93
2019-12-13,390126.58
2019-12-16,390104.71
2019-12-17,390026.73
2019-12-18,390060.98
2019-12-19,391077.26
2019-12-20,391476.28
2019-12-23,392689.02
2019-12-24,396399.08
2019-12-26,399519.99
2019-12-27,399386.03
2019-12-30,400234.19
2019-12-31,400998.19
2020-01-02,403951.01
2020-01-03,409317.24
2020-01-06,413617.28
2020-01-07,415251.48
2020-01-08,412143.06
2020-01-09,409820.31
2020-01-10,412296.46
2020-01-13,409243.97
2020-01-14,408885.62
2020-01-15,411277.67
2020-01-16,410638.69
2020-01-17,411403
2020-01-21,411858.6
2020-01-22,412005.47
2020-01-23,412938.24
2020-01-24,415358.66
2020-01-27,418200.17
2020-01-28,414473.63
2020-01-29,416725.77
2020-01-30,416760.45
2020-01-31,419181.12
2020-02-03,416464.91
2020-02-04,411053.77
2020-02-05,411565.58
2020-02-06,413789.81
2020-02-07,414891.21
2020-02-10,415964.57
2020-02-11,414539.43
2020-02-12,414209.12
2020-02-13,416573.94
2020-02-14,418321.19
2020-02-18,423690.2
2020-02-19,426167.59
2020-02-20,427915.08
2020-02-21,434351.4
2020-02-24,438261
2020-02-25,430434.35
2020-02-26,432322.4
2020-02-27,432413.5
2020-02-28,416640.08
2020-03-02,418949.19
2020-03-03,432125.22
2020-03-04,432890.24
2020-03-05,442247.95
2020-03-06,442423.46
2020-03-09,443160.6
2020-03-10,433816.35
2020-03-11,432278.71
2020-03-12,415042.73
2020-03-13,402383.76
2020-03-16,397784.41
2020-03-17,403182.89
2020-03-18,395157.09
2020-03-19,387692.73
2020-03-20,393512.59
2020-03-23,410904.05
2020-03-24,430851.92
2020-03-25,424960.52
2020-03-26,430416.2
2020-03-27,427642.35
2020-03-30,429531.04
2020-03-31,415858.71
2020-04-01,419797.78
2020-04-02,426686.37
2020-04-03,428799.89
2020-04-06,440688.94
2020-04-07,438336.3
2020-04-08,434438.57
2020-04-09,445794.53
2020-04-13,453442.67
2020-04-14,457017.63
2020-04-15,454693.16
2020-04-16,454307.07
2020-04-17,445492.78
2020-04-20,448674.52
2020-04-21,445619.31
2020-04-22,454392.11
2020-04-23,458922.73
2020-04-24,456963.28
2020-04-27,453936.1
2020-04-28,451920.32
2020-04-29,454428.17
2020-04-30,446202.69
2020-05-01,448963.41
2020-05-04,450544.07
2020-05-05,452461.98
2020-05-06,446652.51
2020-05-07,453516.05
2020-05-08,450797.49
2020-05-11,447994.53
2020-05-12,449743.94
2020-05-13,454078.78
2020-05-14,458104.64
2020-05-15,460697.37
2020-05-18,457219.87
2020-05-19,461639.42
2020-05-20,462742.81
2020-05-21,456005.04
2020-05-22,458710.37
2020-05-26,452197.17
2020-05-27,453019.42
2020-05-28,454544.36
2020-05-29,457896.29
2020-06-01,460011.61
2020-06-02,457039.49
2020-06-03,448614.28
2020-06-04,453343.65
2020-06-05,444159.17
2020-06-08,448972.96
2020-06-09,453309.02
2020-06-10,459809.73
2020-06-11,456499.95
2020-06-12,457153.75
2020-06-15,456345.77
2020-06-16,456128.11
2020-06-17,457006.85
2020-06-18,456114.48
2020-06-19,461154.05
2020-06-22,464141.45
2020-06-23,468056.73
2020-06-24,466433.5
2020-06-25,466159.75
2020-06-26,468247.71
2020-06-29,468508.19
2020-06-30,470596.26
2020-07-01,468494.95
2020-07-02,469514.62
2020-07-06,472333.87
2020-07-07,475321.93
2020-07-08,478281.95
2020-07-09,476996.06
2020-07-10,475766.36
2020-07-13,476364.43
2020-07-14,478593.53
2020-07-15,479022.94
2020-07-16,474502.97
2020-07-17,478419.47
2020-07-20,480733.1
2020-07-21,486534.05
2020-07-22,493938.22
2020-07-23,498305.25
2020-07-24,502588.04
2020-07-27,512524.03
2020-07-28,516807.18
2020-07-29,520696.72
2020-07-30,516851.72
2020-07-31,521557.04
2020-08-03,522155.98
2020-08-04,533274.57
2020-08-05,538233.53
2020-08-06,545386.64
2020-08-07,536731.67
2020-08-10,534883.66
2020-08-11,506171.87
2020-08-12,503816.98
2020-08-13,515724.17
2020-08-14,513510.02
2020-08-17,524658.19
2020-08-18,529392.66
2020-08-19,512690.51
2020-08-20,516243.37
2020-08-21,512115.99
2020-08-24,509226.36
2020-08-25,509853.39
2020-08-26,515882.26
2020-08-27,509925.84
2020-08-28,518796.59
2020-08-31,520042.8
2020-09-01,520670.05
2020-09-02,513841.09
2020-09-03,509684.95
2020-09-04,511099.92
2020-09-08,510123.2
2020-09-09,515083.68
2020-09-10,513431.65
2020-09-11,513411.66
2020-09-14,517471.95
2020-09-15,516241.99
2020-09-16,517713.5
2020-09-17,514879.46
2020-09-18,515563.03
2020-09-21,505214.93
2020-09-22,502774.55
2020-09-23,491919.33
2020-09-24,493756.47
2020-09-25,492357.11
2020-09-28,497318.33
2020-09-29,501519.79
2020-09-30,498516.22
2020-10-01,502971.15
2020-10-02,502528.79
2020-10-05,504985.52
2020-10-06,499054.52
2020-10-07,498837.26
2020-10-08,500618.49
2020-10-09,509718.36
2020-10-12,508262.71
2020-10-13,500276.4
2020-10-14,501832.57
2020-10-15,503670.29
2020-10-16,501932.95
2020-10-19,502194.28
2020-10-20,504623.28
2020-10-21,508431.8
2020-10-22,503456.9
2020-10-23,502929.99
2020-10-26,502684.59
2020-10-27,504015.79
2020-10-28,495887.24
2020-10-29,493839.83
2020-10-30,496100.07
2020-11-02,500922.54
2020-11-03,503774.24
2020-11-04,503500.67
2020-11-05,515081.13
2020-11-06,515821.39
2020-11-09,492993.66
2020-11-10,494634.66
2020-11-11,492502.46
2020-11-12,495495.14
2020-11-13,498882.15
2020-11-16,498861.91
2020-11-17,497039.4
2020-11-18,494203.04
2020-11-19,493281.56
2020-11-20,494781.96
2020-11-23,485045.69
2020-11-24,477618.44
2020-11-25,477400.72
2020-11-27,472564.16
2020-11-30,469417.29
2020-12-01,479310.48
2020-12-02,482923.19
2020-12-03,486733.18
2020-12-04,485360.78
2020-12-07,492607.21
2020-12-08,494333.2
2020-12-09,485890.91
2020-12-10,484969.09
2020-12-11,485878.16
2020-12-14,483209.87
2020-12-15,489978.08
2020-12-16,492690.12
2020-12-17,497881.19
2020-12-18,497043.98
2020-12-21,495474.31
2020-12-22,491566.39
2020-12-23,494842.1
2020-12-24,496821.99
2020-12-28,495026.84
2020-12-29,496837.77
2020-12-30,500649.06
2020-12-31,502516.48
2021-01-04,513709.65
2021-01-05,515239.24
2021-01-06,506879.39
2021-01-07,505704.06
2021-01-08,488411.98
2021-01-11,487461.73
2021-01-12,490625.29
2021-01-13,488519.77
2021-01-14,488273.93
2021-01-15,482223.34
2021-01-19,486316.91
2021-01-20,494242.99
2021-01-21,493940.86
2021-01-22,490059.85
2021-01-25,490490.33
2021-01-26,489286.34
2021-01-27,486194.14
2021-01-28,486652.77
2021-01-29,486463.22
2021-02-01,491036.55
2021-02-02,485069.5
2021-02-03,484344.43
2021-02-04,473923.98
2021-02-05,478610.15
2021-02-08,483437.39
2021-02-09,485023.45
2021-02-10,486806.86
2021-02-11,482586.63
2021-02-12,481128.58
2021-02-16,474230.33
2021-02-17,468854
2021-02-18,468833.26
2021-02-19,470785.71
2021-02-22,477840.45
2021-02-23,476748.65
2021-02-24,476417.94
2021-02-25,467460.95
2021-02-26,456163.83
2021-03-01,455381.71
2021-03-02,457869.82
2021-03-03,452830.68
2021-03-04,448383.42
2021-03-05,448672.47
2021-03-08,444027.66
2021-03-09,453479.7
2021-03-10,455798.85
2021-03-11,455411.35
2021-03-12,455333.99
2021-03-15,457343.12
2021-03-16,457773.33
2021-03-17,461051.41
2021-03-18,458380
2021-03-19,460304.71
2021-03-22,459635.26
2021-03-23,456286.94
2021-03-24,457873.32
2021-03-25,456216.83
2021-03-26,457521.26
2021-03-29,452085.87
2021-03-30,444366.05
2021-03-31,451113.18
2021-04-01,456817.07
2021-04-05,456655.11
2021-04-06,460328.69
2021-04-07,459038.66
2021-04-08,463981.54
2021-04-09,460491.63
2021-04-12,457706.71
2021-04-13,460957.52
2021-04-14,458962.27
2021-04-15,466387.64
2021-04-16,469215.65
2021-04-19,467925.6
2021-04-20,469597.24
2021-04-21,474258.92
2021-04-22,471191.79
2021-04-23,469393.94
2021-04-26,470642.57
2021-04-27,469465.26
2021-04-28,470854.98
2021-04-29,468915.96
2021-04-30,467343.61
2021-05-03,473416.39
2021-05-04,469953.9
2021-05-05,471907.98
2021-05-06,479786.72
2021-05-07,484110.89
2021-05-10,485585.66
2021-05-11,485678.01
2021-05-12,480861.1
2021-05-13,482843.76
2021-05-14,487252.97
2021-05-17,492932.01
2021-05-18,493899.18
2021-05-19,494245.61
2021-05-20,496510.8
2021-05-21,496744.42
2021-05-24,497627.05
2021-05-25,502149.86
2021-05-26,501283.05
2021-05-27,501488.54
2021-05-28,503387.21
2021-06-01,502040.64
2021-06-02,504503.78
2021-06-03,494634.5
2021-06-04,499976.17
2021-06-07,501987.85
2021-06-08,500443.6
2021-06-09,499491.98
2021-06-10,501644.86
2021-06-11,496008.12
2021-06-14,493108.92
2021-06-15,491253.94
2021-06-16,482963.62
2021-06-17,468124.76
2021-06-18,465535.42
2021-06-21,471244.51
2021-06-22,469276.12
2021-06-23,468973.07
2021-06-24,468698.24
2021-06-25,470258.22
2021-06-28,470237.46
2021-06-29,465304.86
2021-06-30,467570.6
2021-07-01,469187.12
2021-07-02,472271.67
2021-07-06,474622.31
2021-07-07,476436.64
2021-07-08,476133.65
2021-07-09,477722.21
2021-07-12,477136.91
2021-07-13,477765.61
2021-07-14,482911.67
2021-07-15,483004.04
2021-07-16,478324.81
2021-07-19,478897.1
2021-07-20,478283.52
2021-07-21,476512.27
2021-07-22,477451.63
2021-07-23,475962.67
2021-07-26,474840.74
2021-07-27,475638.93
2021-07-28,478046.7
2021-07-29,483363.09
2021-07-30,479558.53
2021-08-02,478973.12
2021-08-03,478641.85
2021-08-04,478762.4
2021-08-05,476877.88
2021-08-06,464967.74
2021-08-09,456728.61
2021-08-10,456877.07
2021-08-11,463182.37
2021-08-12,463302.7
2021-08-13,469947.22
2021-08-16,472298.91
2021-08-17,471600.3
2021-08-18,471974.97
2021-08-19,470598.45
2021-08-20,470860.13
2021-08-23,476601.53
2021-08-24,476383.13
2021-08-25,473085.81
2021-08-26,473630.02
2021-08-27,480755.97
2021-08-30,478390.75
2021-08-31,479358.8
2021-09-01,479394.66
2021-09-02,478131.04
2021-09-03,483251.87
2021-09-07,473795.65
2021-09-08,472616.63
2021-09-09,474714.73
2021-09-10,472320.87
2021-09-13,473910.49
2021-09-14,476969.3
2021-09-15,474179.81
2021-09-16,463450.98
2021-09-17,462723.73
2021-09-20,466036.85
2021-09-21,469152.29
2021-09-22,467407.9
2021-09-23,462018.46
2021-09-24,461432.41
2021-09-27,462400.47
2021-09-28,457914.91
2021-09-29,455859.37
2021-09-30,464061.45
2021-10-01,465114.39
2021-10-04,467297.71
2021-10-05,465129.15
2021-10-06,466379.97
2021-10-07,463928.72
2021-10-08,464133.91
2021-10-11,463265.18
2021-10-12,465363.9
2021-10-13,473652.08
2021-10-14,474818.37
2021-10-15,467279.68
2021-10-18,466128.3
2021-10-19,467633.69
2021-10-20,471739.44
2021-10-21,471322.95
2021-10-22,474213.49
2021-10-25,477499.84
2021-10-26,473974.15
2021-10-27,475225.4
2021-10-28,475119.88
2021-10-29,471085.17
2021-11-01,473551.96
2021-11-02,472541.81
2021-11-03,468619.95
2021-11-04,473942.01
2021-11-05,480140.6
2021-11-08,481872.71
2021-11-09,484255.09
2021-11-10,489521.19
2021-11-11,492271.3
2021-11-12,493212.09
2021-11-15,492456.56
2021-11-16,488902
2021-11-17,493376.94
2021-11-18,491801.44
2021-11-19,488048.78
2021-11-22,477114.24
2021-11-23,472993.64
2021-11-24,472548.74
2021-11-26,471792.79
2021-11-29,471149.92
2021-11-30,467990.38
2021-12-01,469864.12
2021-12-02,467270.02
2021-12-03,471208.11
2021-12-06,470056.17
2021-12-07,471732.1
2021-12-08,471994.1
2021-12-09,469117.03
2021-12-10,471104.11
2021-12-13,472299.39
2021-12-14,467894.99
2021-12-15,469910.42
2021-12-16,475602.63
2021-12-17,474592
2021-12-20,472591.42
2021-12-21,472400.94
2021-12-22,476849.04
2021-12-23,477931.42
2021-12-27,479070.41
2021-12-28,477013.17
2021-12-29,476879.32
2021-12-30,480309.53
2021-12-31,483598.42
2022-01-03,476166.56
2022-01-04,479681.79
2022-01-05,478246.71
2022-01-06,472398.56
2022-01-07,474556.03
2022-01-10,476006.33
2022-01-11,481756.74
2022-01-12,483037.45
2022-01-13,481404.25
2022-01-14,480025.62
2022-01-18,479241.07
2022-01-19,486859.27
2022-01-20,485650.42
2022-01-21,484073.71
2022-01-24,486740.99
2022-01-25,488304.88
2022-01-26,480418.49
2022-01-27,474229.54
2022-01-28,472822.31
2022-01-31,475631.09
2022-02-01,476034.79
2022-02-02,477768.44
2022-02-03,477096.89
2022-02-04,477840.2
2022-02-07,481385.04
2022-02-08,482864.2
2022-02-09,484513.2
2022-02-10,482681.43
2022-02-11,491886.53
2022-02-14,494526.26
2022-02-15,489836.2
2022-02-16,494881.58
2022-02-17,501653.51
2022-02-18,501293.55
2022-02-22,502348.7
2022-02-23,504620.9
2022-02-24,501374.03
2022-02-25,499712.06
2022-02-28,504899.67
2022-03-01,514078.42
2022-03-02,508736.9
2022-03-03,511773.68
2022-03-04,519933.95
2022-03-07,527669.88
2022-03-08,542114.8
2022-03-09,526016.5
2022-03-10,527666.7
2022-03-11,523966.69
2022-03-14,516076.87
2022-03-15,506431.62
2022-03-16,509610.34
2022-03-17,512109.72
2022-03-18,507616.47
2022-03-21,511503.14
2022-03-22,507802.45
2022-03-23,514746.93
2022-03-24,518492.33
2022-03-25,516377.1
2022-03-28,506985.3
2022-03-29,507219.86
2022-03-30,511305.15
2022-03-31,511511.47
2022-04-01,508263.35
2022-04-04,510734.87
2022-04-05,507543.27
2022-04-06,508740.62
2022-04-07,510674.24
2022-04-08,513882.2
2022-04-11,516438.96
2022-04-12,520411.7
2022-04-13,522912
2022-04-14,521192.84
2022-04-18,522815.33
2022-04-19,514922.35
2022-04-20,517451.04
2022-04-21,515618.4
2022-04-22,510613.7
2022-04-25,501445.54
2022-04-26,502218.2
2022-04-27,498430.93
2022-04-28,501129.55
2022-04-29,501080.85
2022-05-02,491798.52
2022-05-03,493109.25
2022-05-04,497960.65
2022-05-05,496070.75
2022-05-06,496900.07
2022-05-09,489713.08
2022-05-10,485585.14
2022-05-11,489558.66
2022-05-12,482059.6
2022-05-13,478157.97
2022-05-16,482726.46
2022-05-17,479702.92
2022-05-18,479965.5
2022-05-19,487027.27
2022-05-20,487374.96
2022-05-23,489649.16
2022-05-24,493340
2022-05-25,490373
2022-05-26,489474.16
2022-05-27,489736.92
2022-05-31,484899.74
2022-06-01,487995.79
2022-06-02,494010.34
2022-06-03,489002.99
2022-06-06,486857.3
2022-06-07,490038.58
2022-06-08,489592.99
2022-06-09,488042.27
2022-06-10,494595.78
2022-06-13,481540.23
2022-06-14,477693.96
2022-06-15,483935.91
2022-06-16,489384.58
2022-06-17,485368.22
2022-06-21,483562.21
2022-06-22,485496.99
2022-06-23,482528.97
2022-06-24,482054.83
2022-06-27,481524
2022-06-28,480738.08
2022-06-29,480377.27
2022-06-30,477465.61
2022-07-01,477076.39
2022-07-05,466965.36
2022-07-06,459575.02
2022-07-07,459837.42
2022-07-08,460043.13
2022-07-11,457584.4
2022-07-12,455890.92
2022-07-13,458080.81
2022-07-14,451653.4
2022-07-15,450753.47
2022-07-18,451185.83
2022-07-19,452270.22
2022-07-20,448025.14
2022-07-21,454354.04
2022-07-22,455495.23
2022-07-25,454255.07
2022-07-26,453723.62
2022-07-27,458351.98
2022-07-28,463944.42
2022-07-29,465255.95
2022-08-01,467900.07
2022-08-02,465128.96
2022-08-03,466270.46
2022-08-04,473989.97
2022-08-05,468666.98
2022-08-08,472644.01
2022-08-09,474097.6
2022-08-10,472914.21
2022-08-11,471674.07
2022-08-12,476020.03
2022-08-15,469902.59
2022-08-16,469087.7
2022-08-17,466060.91
2022-08-18,464848.92
2022-08-19,461453.3
2022-08-22,458397.88
2022-08-23,461609.75
2022-08-24,462978.34
2022-08-25,464403.69
2022-08-26,458767.32
2022-08-29,459058.21
2022-08-30,455236.7
2022-08-31,451727.05
2022-09-01,447763.49
2022-09-02,451713.03
2022-09-06,449082.42
2022-09-07,453656.1
2022-09-08,450940.35
2022-09-09,453330.13
2022-09-12,455634.89
2022-09-13,449713.74
2022-09-14,447990.55
2022-09-15,439629.58
2022-09-16,442076.11
2022-09-19,442423.53
2022-09-20,439905.82
2022-09-21,441955.32
2022-09-22,441707.01
2022-09-23,434082.73
2022-09-26,429039.84
2022-09-27,429926.12
2022-09-28,438869.65
2022-09-29,438791.5
2022-09-30,438826.83
2022-10-03,449501.6
2022-10-04,455949.24
2022-10-05,453431.31
2022-10-06,452927.79
2022-10-07,447969.6
2022-10-10,441166.93
2022-10-11,440265.95
2022-10-12,442628.06
2022-10-13,439570.54
2022-10-14,434100.98
2022-10-17,435356.43
2022-10-18,436299.77
2022-10-19,430460.99
2022-10-20,429786.76
2022-10-21,437455.67
2022-10-24,436043.69
2022-10-25,437043.88
2022-10-26,439832
2022-10-27,439157.86
2022-10-28,434680.74
2022-10-31,431140.03
2022-11-01,435545.98
2022-11-02,432516.04
2022-11-03,430876.74
2022-11-04,444109.89
2022-11-07,442357.19
2022-11-08,452582.28
2022-11-09,450318.74
2022-11-10,464035.56
2022-11-11,467108.49
2022-11-14,468137.78
2022-11-15,469791.58
2022-11-16,468720.37
2022-11-17,465321.41
2022-11-18,462121.05
2022-11-21,459545.12
2022-11-22,460091.78
2022-11-23,462966.32
2022-11-25,463371.12
2022-11-28,459716.24
2022-11-29,461994.73
2022-11-30,467907.23
2022-12-01,476517.04
2022-12-02,474877.92
2022-12-05,466737.07
2022-12-06,468022.12
2022-12-07,472260.03
2022-12-08,472665.03
2022-12-09,474347.74
2022-12-12,470436.92
2022-12-13,478479.98
2022-12-14,477323.39
2022-12-15,469522.28
2022-12-16,473618.71
2022-12-19,472291.61
2022-12-20,480136.56
2022-12-21,479349.07
2022-12-22,473563.59
2022-12-23,474991.01
2022-12-27,479002.71
2022-12-28,476852.01
2022-12-29,479529.11
2022-12-30,481780.3
2023-01-03,485820.77
2023-01-04,490400.98
2023-01-05,484302.53
2023-01-06,493370.3
2023-01-09,494485.81
2023-01-10,496311.41
2023-01-11,495978.46
2023-01-12,501723.8
2023-01-13,507753.35
2023-01-17,504438.12
2023-01-18,502997.49
2023-01-19,510987.31
2023-01-20,509291.09
2023-01-23,510264.98
2023-01-24,512119.49
2023-01-25,514485.4
2023-01-26,509834.76
2023-01-27,509132.66
2023-01-30,507833.96
2023-01-31,509688.58
2023-02-01,516117.14
2023-02-02,505414.92
2023-02-03,492808.87
2023-02-06,493839.47
2023-02-07,494301.89
2023-02-08,495531.43
2023-02-09,491618.45
2023-02-10,492563.86
2023-02-13,490071.36
2023-02-14,490448.51
2023-02-15,485569.14
2023-02-16,485179.05
2023-02-17,486635.9
2023-02-21,484825.06
2023-02-22,482104.87
2023-02-23,481856.78
2023-02-24,478397.62
2023-02-27,480280.73
2023-02-28,482476.49
2023-03-01,485269.08
2023-03-02,484992.6
2023-03-03,490200.91
2023-03-06,487736.23
2023-03-07,479218.11
2023-03-08,478998.36
2023-03-09,483723.76
2023-03-10,494161.91
2023-03-13,505509.87
2023-03-14,502590.45
2023-03-15,506520.69
2023-03-16,507551.95
2023-03-17,522340.04
2023-03-20,522547.29
2023-03-21,512692.45
2023-03-22,521426.91
2023-03-23,527972.92
2023-03-24,522040.39
2023-03-27,517216.29
2023-03-28,521460.02
2023-03-29,518881.46
2023-03-30,523580.18
2023-03-31,520859.44
2023-04-03,524620.21
2023-04-04,534407.96
2023-04-05,533990.01
2023-04-06,530188.94
2023-04-10,526274.03
2023-04-11,529608.73
2023-04-12,532204.34
2023-04-13,539405.89
2023-04-14,529861.41
2023-04-17,527509.95
2023-04-18,529565.47
2023-04-19,527043.34
2023-04-20,529127.35
2023-04-21,523903.9
2023-04-24,525504.54
2023-04-25,528185.76
2023-04-26,525322.18
2023-04-27,525358.95
2023-04-28,525509.47
2023-05-01,523157.57
2023-05-02,533261.05
2023-05-03,537791.09
2023-05-04,541581.88
2023-05-05,533115.82
2023-05-08,533778.37
2023-05-09,537569.28
2023-05-10,536809.94
2023-05-11,532211.14
2023-05-12,531309.48
2023-05-15,532455.56
2023-05-16,525808.67
2023-05-17,523996.73
2023-05-18,517207.28
2023-05-19,522335.23
2023-05-22,521120.45
2023-05-23,521754.49
2023-05-24,517553.01
2023-05-25,512583.38
2023-05-26,514639.58
2023-05-30,517833.67
2023-05-31,518638.38
2023-06-01,522742.92
2023-06-02,515042.07
2023-06-05,518151.02
2023-06-06,518728.21
2023-06-07,512506.24
2023-06-08,519285.2
2023-06-09,517899.43
2023-06-12,517452.45
2023-06-13,513648.34
2023-06-14,513941
2023-06-15,517562.45
2023-06-16,516774.02
2023-06-20,511433.24
2023-06-21,510701.6
2023-06-22,505645.08
2023-06-23,507047.32
2023-06-26,507937.44
2023-06-27,505612.25
2023-06-28,504453.63
2023-06-29,503920.99
2023-06-30,507286.76
2023-07-03,507863.93
2023-07-05,506079.23
2023-07-06,504579.04
2023-07-07,508371.89
2023-07-10,508778.37
2023-07-11,510693.16
2023-07-12,517616.75
2023-07-13,517994.94
2023-07-14,516352.5
2023-07-17,516730.68
2023-07-18,522658.68
2023-07-19,522752.36
2023-07-20,520113.74
2023-07-21,518528.13
2023-07-24,516316.29
2023-07-25,519199.23
2023-07-26,521740.71
2023-07-27,513551.43
2023-07-28,517658.43
2023-07-31,519061.41
2023-08-01,513689.75
2023-08-02,511249.86
2023-08-03,511087.18
2023-08-04,512945.61
2023-08-07,511786.61
2023-08-08,508549.45
2023-08-09,506137.76
2023-08-10,505604.89
2023-08-11,505612.92
2023-08-14,504083.61
2023-08-15,502753.54
2023-08-16,499857.57
2023-08-17,499096.8
2023-08-18,499190.13
2023-08-21,500564.68
2023-08-22,501398.32
2023-08-23,506502.83
2023-08-24,506396.98
2023-08-25,505750.13
2023-08-28,507210.32
2023-08-29,512172.87
2023-08-30,513462.36
2023-08-31,512616.26
2023-09-01,512880.67
2023-09-05,508702.85
2023-09-06,506404.33
2023-09-07,506953.43
2023-09-08,507132.34
2023-09-11,508080.16
2023-09-12,505468.23
2023-09-13,504308.62
2023-09-14,504572.94
2023-09-15,507913.06
2023-09-18,510911.53
2023-09-19,510435.47
2023-09-20,510813.82
2023-09-21,507119.35
2023-09-22,508750.87
2023-09-25,506138.57
2023-09-26,502102.05
2023-09-27,495900.68
2023-09-28,493430.47
2023-09-29,488368.13
2023-10-02,483248.66
2023-10-03,481860.56
2023-10-04,481811.24
2023-10-05,480935.82
2023-10-06,483421.77
2023-10-09,492317.34
2023-10-10,491499.03
2023-10-11,495096.28
2023-10-12,493594.27
2023-10-13,509470.28
2023-10-16,506999.82
2023-10-17,507948.02
2023-10-18,515306.5
2023-10-19,521639.55
2023-10-20,523072.38
2023-10-23,521314.22
2023-10-24,521265.51
2023-10-25,523467.69
2023-10-26,524302.28
2023-10-27,530408.14
2023-10-30,527424.73
2023-10-31,524555.2
2023-11-01,522910.85
2023-11-02,524657.34
2023-11-03,526574.86
2023-11-06,522479.82
2023-11-07,520322.39
2023-11-08,515144.24
2023-11-09,517204.21
2023-11-10,511569.89
2023-11-13,514427.82
2023-11-14,519024.26
2023-11-15,517664.54
2023-11-16,523515.15
2023-11-17,523466.46
2023-11-20,522619.76
2023-11-21,528271.22
2023-11-22,526028
2023-11-24,528772.52
2023-11-27,532343.68
2023-11-28,539449.29
2023-11-29,540255.94
2023-11-30,538012.74
2023-12-01,547313.58
2023-12-04,535492.92
2023-12-05,533477.58
2023-12-06,535452.91
2023-12-07,536345.09
2023-12-08,529198.54
2023-12-11,523363.06
2023-12-12,523086.3
2023-12-13,534896.75
2023-12-14,538041.13
2023-12-15,533117.7
2023-12-18,535549.42
2023-12-19,539207.13
2023-12-20,536279.17
2023-12-21,540079.56
2023-12-22,542483.04
2023-12-26,546625.77
2023-12-27,549114.97
2023-12-28,545930.32
2023-12-29,545083.61
2024-01-02,543809.18
2024-01-03,539284.17
2024-01-04,539834.49
2024-01-05,539928.6
2024-01-08,535716.98
2024-01-09,535896.57
2024-01-10,534678.9
2024-01-11,535742.49
2024-01-12,540998.06
2024-01-16,535873.56
2024-01-17,529978.93
2024-01-18,534350.6
2024-01-19,535956.12
2024-01-22,533939.78
2024-01-23,536030.17
2024-01-24,531618.11
2024-01-25,533737.05
2024-01-26,533374.75
2024-01-29,537148.01
2024-01-30,537898.1
2024-01-31,537507.33
2024-02-01,543106.28
2024-02-02,537980.76
2024-02-05,535022.86
2024-02-06,537826.7
2024-02-07,537692.61
2024-02-08,537216.23
2024-02-09,535142.41
2024-02-12,533753.15
2024-02-13,526401.87
2024-02-14,526096.43
2024-02-15,529642.14
2024-02-16,531590.42
2024-02-20,534822.52
2024-02-21,534859.53
2024-02-22,535096.26
2024-02-23,538128.86
2024-02-26,536939.15
2024-02-27,536377.07
2024-02-28,537355.62
2024-02-29,540131.68
2024-03-01,550354.56
2024-03-04,559265.29
2024-03-05,562641
2024-03-06,567272.27
2024-03-07,570505.55
2024-03-08,575336.82
2024-03-11,576401.72
2024-03-12,570104.7
2024-03-13,574108.67
2024-03-14,571720.79
2024-03-15,569903.56
2024-03-18,570825.77
2024-03-19,570178.48
2024-03-20,576979.45
2024-03-21,576389.31
2024-03-22,571775.24
2024-03-25,573610.8
2024-03-26,575474.96
2024-03-27,579650.9
2024-03-28,587137.62
2024-04-01,593140.47
2024-04-02,601911.99
2024-04-03,607201.73
2024-04-04,603729.25
2024-04-05,614071.19
2024-04-08,617905.68
2024-04-09,621312.14
2024-04-10,615441.99
2024-04-11,627411.78
2024-04-12,619115.24
2024-04-15,630714.39
2024-04-16,631495.13
2024-04-17,626852.16
2024-04-18,629003.09
2024-04-19,630982.81
2024-04-22,615405.96
2024-04-23,613902.69
2024-04-24,612770.5
2024-04-25,616434.47
2024-04-26,618442.7
2024-04-29,617196.33
2024-04-30,604901.03
2024-05-01,610392.34
2024-05-02,608517.66
2024-05-03,608041.95
2024-05-06,614447.23
2024-05-07,611630.3
2024-05-08,609841.18
2024-05-09,619473.32
2024-05-10,624508.61
2024-05-13,617522.75
2024-05-14,622758.05
2024-05-15,630763.36
2024-05-16,628317.59
2024-05-17,638693.39
2024-05-20,641273.61
2024-05-21,640341.41
2024-05-22,628585.95
2024-05-23,616059.05
2024-05-24,616639.99
2024-05-28,623132.61
2024-05-29,617344.99
2024-05-30,618525.73
2024-05-31,614908.42
2024-06-03,620401.81
2024-06-04,614842.26
2024-06-05,622135.19
2024-06-06,626743.53
2024-06-07,604389.16
2024-06-10,609939.94
2024-06-11,611691.98
2024-06-12,613329.82
2024-06-13,608340.83
2024-06-14,616234.32
2024-06-17,613044.82
2024-06-18,615511.18
2024-06-20,623205.2
2024-06-21,613559.64
2024-06-24,615997.56
2024-06-25,612950.64
2024-06-26,607303.94
2024-06-27,614198.53
2024-06-28,614265.42
2024-07-01,615875.04
2024-07-02,615856.25
2024-07-03,622808.55
2024-07-05,631218.16
2024-07-08,623399.74
2024-07-09,624466.78
2024-07-10,626762.44
2024-07-11,637887.02
2024-07-12,637497.13
2024-07-15,639564.52
2024-07-16,652318.53
2024-07-17,649300.03
2024-07-18,645167.02
2024-07-19,633604.37
2024-07-22,633814.46
2024-07-23,636053.44
2024-07-24,633834.58
2024-07-25,623928.47
2024-07-26,630511.16
2024-07-29,629635.26
2024-07-30,635932.46
2024-07-31,647459.75
2024-08-01,645240.86
2024-08-02,644022.18
2024-08-05,635858.52
2024-08-06,630781.29
2024-08-07,630362.58
2024-08-08,640261.75
2024-08-09,641843.92
2024-08-12,652858.29
2024-08-13,651868.25
2024-08-14,646562.13
2024-08-15,648601.83
2024-08-16,663132.85
2024-08-19,662057.16
2024-08-20,664497.39
2024-08-21,663621.79
2024-08-22,655685.44
2024-08-23,663271.24
2024-08-26,665397.19
2024-08-27,667208.75
2024-08-28,662530.96
2024-08-29,665972.05
2024-08-30,661236.91
2024-09-03,658388.5
2024-09-04,658799.2
2024-09-05,664298.94
2024-09-06,659391.93
2024-09-09,662175.71
2024-09-10,665102.54
2024-09-11,664055.2
2024-09-12,675731.38
2024-09-13,682461.39
2024-09-16,682415.04
2024-09-17,678651.52
2024-09-18,673429.57
2024-09-19,683905.86
2024-09-20,692609.58
2024-09-23,693964.56
2024-09-24,703669.58
2024-09-25,702708.47
2024-09-26,706294.22
2024-09-27,700700.38
2024-09-30,695106.35
2024-10-01,702409.91
2024-10-02,702564.06
2024-10-03,702089.02
2024-10-04,700698.79
2024-10-07,698336.12
2024-10-08,693199.13
2024-10-09,689434.82
2024-10-10,694508.2
2024-10-11,702098.69
2024-10-14,700965.75
2024-10-15,703408.1
2024-10-16,706937.45
2024-10-17,711182
2024-10-18,718744.75
2024-10-21,718613.14
2024-10-22,726376.48
2024-10-23,717634.77
2024-10-24,723167.08
2024-10-25,724666.09
2024-10-28,724706.2
2024-10-29,732613.29
2024-10-30,736658.6
2024-10-31,725255.66
2024-11-01,722291.88
2024-11-04,723333.27
2024-11-05,724975.49
2024-11-06,702957.36
2024-11-07,714269.62
2024-11-08,709445.73
2024-11-11,692805.21
2024-11-12,686836.35
2024-11-13,679923.09
2024-11-14,678159.9
2024-11-15,676968.91
2024-11-18,689855.77
2024-11-19,696047.36
2024-11-20,699978.59
2024-11-21,705827.15
2024-11-22,714938.04
2024-11-25,693888.14
2024-11-26,695244.12
2024-11-27,696800.46
2024-11-29,702821.13
2024-12-02,696679.49
2024-12-03,698092.84
2024-12-04,700221.69
2024-12-05,695052.76
2024-12-06,695321.37
2024-12-09,702229.81
2024-12-10,711485.34
2024-12-11,718279.78
2024-12-12,707758.54
2024-12-13,699211.88
2024-12-16,700911.69
2024-12-17,698232.28
2024-12-18,684847.75
2024-12-19,685831.82
2024-12-20,692998.71
2024-12-23,689746.52
2024-12-24,691131.47
2024-12-26,695808.38
2024-12-27,691038.9
2024-12-30,688845.65
2024-12-31,693150.6
2025-01-02,702579.95
2025-01-03,697065.96
2025-01-06,696218.19
2025-01-07,700151.35
2025-01-08,703884.24
2025-01-10,710623.34
2025-01-13,703563.02
2025-01-14,707267.51
2025-01-15,712575.44
2025-01-16,717511.33
2025-01-17,713714.7
2025-01-21,724778.06
2025-01-22,728511.81
2025-01-23,727492.58
2025-01-24,732028.23
2025-01-27,724423.2
2025-01-28,730705.65
2025-01-29,727911.02
2025-01-30,738947.19
2025-01-31,740419.35
2025-02-03,744382.91
2025-02-04,751725.72
2025-02-05,756405.52
2025-02-06,754412.89
2025-02-07,755770.85
2025-02-10,768584.27
2025-02-11,765789.85
2025-02-12,766603.91
2025-02-13,774177.01
2025-02-14,762675.88
2025-02-18,775318.58
2025-02-19,775760.51
2025-02-20,776173.81
2025-02-21,775470.07
2025-02-24,779692.84
2025-02-25,769422.36
2025-02-26,770608.96
2025-02-27,758877.16
2025-02-28,754134.23
2025-03-03,764085.98
2025-03-04,770743.83
2025-03-05,772360.22
2025-03-06,768447.95
2025-03-07,768861.2
2025-03-10,762141.32
2025-03-11,771091.48
2025-03-12,774455.54
2025-03-13,788219.12
2025-03-14,788546.77
2025-03-17,792828.06
2025-03-18,802094.55
2025-03-19,805402.07
2025-03-20,804383.43
2025-03-21,797921.01
2025-03-24,794380.87
2025-03-25,797889.04
2025-03-26,797242.7
2025-03-27,807942.94
2025-03-28,813944.35
2025-03-31,825648.08
2025-04-01,824027.89
2025-04-02,825731.61
2025-04-03,820758.69
2025-04-04,801572.35
2025-04-07,784362.67
2025-04-08,788644.97
2025-04-09,817830.47
2025-04-10,837817.8
2025-04-11,853822.28
2025-04-14,848963.89
2025-04-15,853419.51
2025-04-16,881204.01
2025-04-17,877348.92
2025-04-21,904504.14
2025-04-22,891678.49
2025-04-23,870311.39
2025-04-24,882993.66
2025-04-25,873434.53
2025-04-28,885887.95
2025-04-29,877274.44
2025-04-30,870724.43
2025-05-01,852651.31
2025-05-02,854155.39
2025-05-05,879680.67
2025-05-06,904346.79
2025-05-07,890802.25
2025-05-08,873272.67
2025-05-09,879621.87
2025-05-12,854838.77
2025-05-13,858493.12
2025-05-14,840445.89
2025-05-15,853876.09
2025-05-16,843568.82
2025-05-19,854447.92
2025-05-20,870373.25
2025-05-21,876809.22
2025-05-22,869053.36
2025-05-23,888104.84
2025-05-27,873066.32
2025-05-28,871101.8
2025-05-29,876276.69
2025-05-30,870527.32
2025-06-02,893680.65
2025-06-03,885780.82
2025-06-04,891501.09
2025-06-05,887013.29
2025-06-06,875127.12
2025-06-09,879270.32
2025-06-10,879542.36
2025-06-11,884316.65
2025-06-12,895314.03
2025-06-13,907057.37
2025-06-16,894137.97
2025-06-17,894611.02
2025-06-18,889807.16
2025-06-20,889448.45
2025-06-23,892187.16
2025-06-24,878176.65
2025-06-25,880857.9
2025-06-26,879896.72
2025-06-27,863963.67
2025-06-30,874331.64
2025-07-01,882147.18
2025-07-02,887037.3
2025-07-03,880999.16
2025-07-07,881672.88
2025-07-08,872479.18
2025-07-09,876394.17
2025-07-10,878358.68
2025-07-11,886806.24
2025-07-14,883578.78
2025-07-15,879920.9
2025-07-16,884324.01
2025-07-17,882415.97
2025-07-18,884725.02
2025-07-21,898337.42
2025-07-22,906872.3
2025-07-23,895640.45
2025-07-24,890174.9
2025-07-25,881954.9
2025-07-28,876259.44
2025-07-29,878683.41
2025-07-30,863519.45
2025-07-31,869271.59
2025-08-01,886931.34
2025-08-04,892110.17
2025-08-05,892841.67
2025-08-06,890962.04
2025-08-07,898494.13
2025-08-08,898307.52
2025-08-11,885408.88
2025-08-12,884619.45
2025-08-13,887330.94
2025-08-14,881720.47
2025-08-15,882251.02
2025-08-18,880887.53
2025-08-19,876080.24
2025-08-20,884961.99
2025-08-21,881905.25
2025-08-22,891361.36
2025-08-25,889223.02
2025-08-26,895694.71
2025-08-27,897517.08
2025-08-28,904190.02
2025-08-29,912929.69
2025-09-02,934528.21
2025-09-03,941862.21
2025-09-04,937715.22
2025-09-05,950244.83
2025-09-08,961081.31
2025-09-09,958915.03
2025-09-10,962374.84
2025-09-11,960954.85
2025-09-12,962864.68
2025-09-15,972898.44
2025-09-16,974865.94
2025-09-17,967360.14
2025-09-18,963499.97
2025-09-19,973735.34
2025-09-22,990602.69
2025-09-23,994666.38
2025-09-24,985667.41
2025-09-25,989788.57
2025-09-26,995517.63
2025-09-29,1011956
2025-09-30,1020614.14
2025-10-01,1022238.2
2025-10-02,1018694.12
2025-10-03,1026893.38
2025-10-06,1046262.27
2025-10-07,1051677.02
2025-10-08,1069036.93
2025-10-09,1049327.11
2025-10-10,1059939.55
2025-10-13,1085714.01
2025-10-14,1093484.5
2025-10-15,1112454.55
2025-10-16,1138489.5
2025-10-17,1117084.61
2025-10-20,1157766.42
2025-10-21,1083376.44
2025-10-22,1083508.51
2025-10-23,1087862.27
2025-10-24,1084232.18
2025-10-27,1054064.81
2025-10-28,1046528.1
2025-10-29,1042581.24
2025-10-30,1063076.04
2025-10-31,1057319.85
2025-11-03,1059232.3
2025-11-04,1040694.31
2025-11-05,1052745.79
2025-11-06,1051498.67
2025-11-07,1057949.53
2025-11-10,1086891.82
2025-11-11,1091189.08
2025-11-12,1108786.3
2025-11-13,1099841.46
2025-11-14,1080009.09
2025-11-17,1067645.02
2025-11-18,1075418.3
2025-11-19,1077187.76
2025-11-20,1076888.85
2025-11-21,1075239.69
2025-11-24,1092293.04
2025-11-25,1091965.63
2025-11-26,1100716.85
2025-11-28,1114409.96
2025-12-01,1119800.31
2025-12-02,1112606.54
2025-12-03,1111589.86
2025-12-04,1112325.81
2025-12-05,1110360.91
2025-12-08,1107447.76
2025-12-09,1113154.58
2025-12-10,1117913.36
2025-12-11,1129970.83
2025-12-12,1136310.44
2025-12-15,1137362.95
2025-12-16,1137639.63
2025-12-17,1147428.01
2025-12-18,1145377.18
2025-12-19,1146688.54
2025-12-22,1173174.09
2025-12-23,1188740
2025-12-24,1183844.58
2025-12-26,1197686.82
2025-12-29,1145572.52
2025-12-30,1146424.16
2025-12-31,1139027.34
2026-01-02,1144707.36
2026-01-05,1174846.38
2026-01-06,1187568.87
2026-01-07,1176234.57
2026-01-08,1182749.07
2026-01-09,1191333.28
2026-01-12,1213657.17
2026-01-13,1211951.8
2026-01-14,1224359.89
2026-01-15,1216876.91
2026-01-16,1211032.17
2026-01-20,1256872.21
2026-01-21,1275203.52
2026-01-22,1298767.31
2026-01-23,1316639.9
2026-01-26,1335921.69
2026-01-27,1368715.67
2026-01-28,1421807.11
2026-01-29,1425682.04
2026-01-30,1279226.55
2026-02-02,1228014.54
2026-02-03,1306120.04
2026-02-04,1305220.74
2026-02-05,1270481.19
2026-02-06,1309546.2
2026-02-09,1342833.24
2026-02-10,1329542.1
2026-02-11,1344601.06
2026-02-12,1297926.68
2026-02-13,1330238.02
2026-02-17,1288795.23
2026-02-18,1317800.64
2026-02-19,1321502.24
2026-02-20,1347575.99
2026-02-23,1384002.81
2026-02-24,1364844.05
2026-02-25,1361443.61
2026-02-26,1373140.82
2026-02-27,1391193.93
2026-03-02,1409190.1
2026-03-03,1346345.33
2026-03-04,1356892.66
2026-03-05,1340607.33
2026-03-06,1361853.77
2026-03-09,1359056.82
2026-03-10,1374408.16
2026-03-11,1369770.57
2026-03-12,1342870.9
2026-03-13,1325519.58
2026-03-16,1324361.33
2026-03-17,1321045.77
2026-03-18,1279272.6
2026-03-19,1226567.57
2026-03-20,1189106.27
2026-03-23,1162258.21
2026-03-24,1162535.55
2026-03-25,1197533.92
2026-03-26,1152532.86
2026-03-27,1192997.96
2026-03-30,1192671.69
2026-03-31,1237885.45
2026-04-01,1259567.88
2026-04-02,1235393.07
2026-04-06,1230349.24
2026-04-07,1242337.09
2026-04-08,1250182.38
2026-04-09,1259926.79
2026-04-10,1257702.62
2026-04-13,1252629.97
2026-04-14,1280645.29
2026-04-15,1267343.84
2026-04-16,1266270.58
2026-04-17,1283123.26
2026-04-20,1272094.37
2026-04-21,1236088.82
2026-04-22,1252481.43
2026-04-23,1240358.06
2026-04-24,1246737.23
2026-04-27,1237088.15
2026-04-28,1214143.86
2026-04-29,1201213.34
2026-04-30,1219218.52
2026-05-01,1217856.51
2026-05-04,1193500.3
2026-05-05,1203764.62
2026-05-06,1240305.05
2026-05-07,1242396.9
2026-05-08,1248431.75
2026-05-11,1250984.29
2026-05-12,1246053.74
2026-05-13,1239079.52
2026-05-14,1229629.8
2026-05-15,1201096.79
2026-05-18,1204397.14
2026-05-19,1184469.15
2026-05-20,1201470.61
2026-05-21,1200309.52
2026-05-22,1191203.69
2026-05-26,1191740.74
2026-05-27,1175898.57
2026-05-28,1188237.84
2026-05-29,1200779.02
2026-06-01,1183928.67
2026-06-02,1185933.83
2026-06-03,1174207.03
2026-06-04,1184013.84
2026-06-05,1140762.45
2026-06-08,1143745.9
2026-06-09,1125079.25
2026-06-10,1078456.33
2026-06-11,1112274.18
2026-06-12,1112925.25
2026-06-15,1141763.69
2026-06-16,1144891.39
2026-06-17,1118909.59
2026-06-18,1114665.94
2026-06-22,1107398.8
2026-06-23,1086482.94
2026-06-24,1053674.19
2026-06-25,1063884.42
2026-06-26,1075909.09
2026-06-29,1061384.13
2026-06-30,1060825.05
2026-07-01,1067234.83
2026-07-02,1088936.28
2026-07-06,1100472.73
2026-07-07,1087127.75
2026-07-08,1078390.16
2026-07-09,1089149.42
2026-07-10,1085797.13
2026-07-13,1057359.75
2026-07-14,1071834.48
2026-07-15,1072427.52
2026-07-16,1051160.16
2026-07-17,1061113.55
2026-07-20,1058797.39
2026-07-21,1079581.15
2026-07-22,1092012.56
2026-07-23,1070138.95
2026-07-24,1071250.5
2026-07-27,1079131.21
2026-07-28,1063996.78
2026-07-29,1068939.44
2026-07-30,1086470.56
2026-07-31,1070298.49
2026-08-03,1070805.2
2026-08-04,1077880.04
2026-08-05,1122491.93
2026-08-06,1122596.17
2026-08-07,1147965.82
