date,value
1968-04-01,10000
1968-04-02,9893.86
1968-04-03,9973.4
1968-04-04,9800.96
1968-04-05,9814.18
1968-04-08,9827.41
1968-04-10,9999.79
1968-04-11,10079.32
1968-04-15,10079.29
1968-04-16,10079.25
1968-04-17,10026.17
1968-04-18,9959.82
1968-04-19,9986.31
1968-04-22,10079.11
1968-04-23,10185.17
1968-04-24,10145.35
1968-04-25,10158.57
1968-04-26,10251.37
1968-04-29,10277.85
1968-04-30,10370.65
1968-05-01,10397.14
1968-05-02,10463.41
1968-05-03,10370.54
1968-05-06,10542.9
1968-05-07,10423.51
1968-05-08,10542.83
1968-05-09,10529.53
1968-05-10,10502.97
1968-05-13,10476.41
1968-05-14,10555.94
1968-05-15,10675.25
1968-05-16,10940.44
1968-05-17,11006.7
1968-05-20,11218.84
1968-05-21,11245.32
1968-05-22,11019.85
1968-05-23,10980.02
1968-05-24,11072.81
1968-05-27,11006.47
1968-05-28,11006.43
1968-05-29,11032.91
1968-05-31,11125.7
1968-06-03,11125.66
1968-06-04,10913.45
1968-06-05,10926.67
1968-06-06,10926.63
1968-06-07,10939.85
1968-06-10,10953.07
1968-06-11,11019.33
1968-06-13,10952.99
1968-06-14,10873.39
1968-06-17,10793.79
1968-06-18,10899.84
1968-06-20,10899.8
1968-06-21,10886.5
1968-06-24,10846.68
1968-06-25,10859.9
1968-06-27,10846.6
1968-06-28,10846.56
1968-07-01,10820
1968-07-02,10846.48
1968-07-03,10886.23
1968-07-08,10833.15
1968-07-09,10554.66
1968-07-11,10368.98
1968-07-12,10421.98
1968-07-15,10395.43
1968-07-16,10209.76
1968-07-18,10077.13
1968-07-19,10262.72
1968-07-22,10236.17
1968-07-23,10342.21
1968-07-25,10315.65
1968-07-26,10315.61
1968-07-29,10368.61
1968-07-30,10342.06
1968-08-01,10315.5
1968-08-02,10302.21
1968-08-05,10328.69
1968-08-06,10262.36
1968-08-08,10196.03
1968-08-09,10222.51
1968-08-12,10235.73
1968-08-13,10315.25
1968-08-15,10381.5
1968-08-16,10381.46
1968-08-19,10381.43
1968-08-20,10487.46
1968-08-22,10540.46
1968-08-23,10474.13
1968-08-26,10474.09
1968-08-27,10513.83
1968-08-29,10566.82
1968-08-30,10553.53
1968-09-03,10593.26
1968-09-04,10579.97
1968-09-05,10632.96
1968-09-06,10579.89
1968-09-09,10619.63
1968-09-10,10614.29
1968-09-12,10632.81
1968-09-13,10646.03
1968-09-16,10685.76
1968-09-17,10685.73
1968-09-19,10725.46
1968-09-20,10712.17
1968-09-23,10712.13
1968-09-24,10725.35
1968-09-26,10725.31
1968-09-27,10640.42
1968-09-30,10499.85
1968-10-01,10460.05
1968-10-03,10388.42
1968-10-04,10353.91
1968-10-07,10547.43
1968-10-08,10499.67
1968-10-10,10353.8
1968-10-11,10414.75
1968-10-14,10420.01
1968-10-15,10366.95
1968-10-17,10414.64
1968-10-18,10366.87
1968-10-21,10340.32
1968-10-22,10353.54
1968-10-24,10393.28
1968-10-25,10406.5
1968-10-28,10467.44
1968-10-29,10472.7
1968-10-31,10340.1
1968-11-01,10387.79
1968-11-04,10393.05
1968-11-06,10480.51
1968-11-07,10419.49
1968-11-08,10445.97
1968-11-12,10520.16
1968-11-13,10573.15
1968-11-14,10578.42
1968-11-15,10604.89
1968-11-18,10591.6
1968-11-19,10665.79
1968-11-21,10671.06
1968-11-22,10604.74
1968-11-25,10631.21
1968-11-26,10525.13
1968-11-27,10578.11
1968-11-29,10564.82
1968-12-02,10644.32
1968-12-03,10678.74
1968-12-05,10697.26
1968-12-06,10736.99
1968-12-09,10763.47
1968-12-10,10771.38
1968-12-12,10864.13
1968-12-13,10869.39
1968-12-16,10861.4
1968-12-17,10930.29
1968-12-19,11062.8
1968-12-20,11054.81
1968-12-23,11028.26
1968-12-24,11028.22
1968-12-26,11028.18
1968-12-27,11067.91
1968-12-30,11107.63
1968-12-31,11107.59
1969-01-02,11081.04
1969-01-03,11147.28
1969-01-06,11147.24
1969-01-07,11160.45
1969-01-08,11253.2
1969-01-09,11266.41
1969-01-10,11213.35
1969-01-13,11160.3
1969-01-14,11266.29
1969-01-15,11319.27
1969-01-16,11226.45
1969-01-17,11186.64
1969-01-20,11186.6
1969-01-21,11260.79
1969-01-22,11274
1969-01-23,11146.72
1969-01-24,11159.94
1969-01-27,11186.4
1969-01-28,11247.33
1969-01-29,11265.85
1969-01-30,11279.06
1969-01-31,11276.37
1969-02-03,11247.17
1969-02-04,11265.69
1969-02-05,11326.61
1969-02-06,11300.07
1969-02-07,11273.52
1969-02-11,11278.78
1969-02-12,11265.49
1969-02-13,11286.65
1969-02-14,11265.41
1969-02-17,11305.13
1969-02-18,11286.53
1969-02-19,11305.05
1969-02-20,11299.7
1969-02-24,11318.22
1969-02-25,11304.92
1969-02-26,11318.14
1969-02-27,11344.6
1969-02-28,11318.06
1969-03-03,11318.02
1969-03-04,11357.73
1969-03-05,11397.45
1969-03-06,11463.68
1969-03-07,11529.9
1969-03-10,11617.33
1969-03-11,11384.04
1969-03-12,11357.49
1969-03-13,11423.71
1969-03-14,11397.17
1969-03-17,11423.63
1969-03-18,11397.09
1969-03-19,11423.55
1969-03-20,11450.01
1969-03-21,11449.97
1969-03-24,11489.69
1969-03-25,11489.65
1969-03-26,11510.81
1969-03-27,11518.72
1969-03-28,11457.72
1969-04-01,11436.48
1969-04-02,11462.94
1969-04-03,11497.35
1969-04-07,11497.31
1969-04-08,11497.27
1969-04-09,11502.53
1969-04-10,11499.84
1969-04-11,11502.45
1969-04-14,11436.15
1969-04-15,11391.05
1969-04-16,11462.57
1969-04-17,11449.28
1969-04-18,11457.19
1969-04-21,11435.94
1969-04-22,11475.66
1969-04-23,11488.87
1969-04-24,11488.83
1969-04-25,11475.54
1969-04-28,11555
1969-04-29,11528.46
1969-04-30,11554.92
1969-05-01,11554.88
1969-05-02,11554.84
1969-05-05,11528.29
1969-05-06,11496.45
1969-05-07,11554.71
1969-05-08,11562.62
1969-05-09,11536.08
1969-05-12,11528.09
1969-05-13,11528.05
1969-05-14,11528
1969-05-15,11527.96
1969-05-16,11527.92
1969-05-19,11527.88
1969-05-20,11509.29
1969-05-21,11514.55
1969-05-22,11514.51
1969-05-23,11527.72
1969-05-26,11527.68
1969-05-27,11522.33
1969-05-28,11482.54
1969-05-29,11456
1969-06-02,11310.21
1969-06-03,11206.82
1969-06-04,11151.13
1969-06-05,11023.89
1969-06-06,10766.8
1969-06-09,10931.06
1969-06-10,11209.27
1969-06-11,10970.73
1969-06-12,10997.19
1969-06-13,11023.65
1969-06-16,10811.62
1969-06-17,10983.83
1969-06-18,10970.54
1969-06-19,10983.75
1969-06-20,10943.96
1969-06-23,10943.92
1969-06-24,10845.84
1969-06-25,10837.85
1969-06-26,10864.31
1969-06-27,10890.77
1969-06-30,10917.23
1969-07-01,10903.94
1969-07-02,10925.1
1969-07-03,11009.85
1969-07-07,11089.31
1969-07-08,11155.51
1969-07-09,11083.93
1969-07-10,11102.44
1969-07-11,11099.75
1969-07-14,11128.86
1969-07-15,11128.82
1969-07-16,11075.78
1969-07-17,11123.44
1969-07-18,11115.45
1969-07-22,11115.41
1969-07-23,11075.62
1969-07-24,11102.08
1969-07-25,11088.79
1969-07-28,11070.21
1969-07-29,10995.98
1969-07-30,10990.64
1969-07-31,10966.75
1969-08-01,10977.31
1969-08-04,10942.83
1969-08-05,10889.8
1969-08-06,10863.26
1969-08-07,10876.47
1969-08-08,10902.93
1969-08-11,10916.14
1969-08-12,10889.6
1969-08-13,10916.06
1969-08-14,10913.37
1969-08-15,10892.13
1969-08-18,10897.4
1969-08-19,10889.41
1969-08-20,10889.37
1969-08-21,10876.08
1969-08-22,10876.04
1969-08-25,10849.51
1969-08-26,10830.93
1969-08-27,10849.43
1969-08-28,10849.39
1969-08-29,10825.51
1969-09-02,10791.03
1969-09-03,10817.48
1969-09-04,10843.94
1969-09-05,10835.95
1969-09-08,10838.56
1969-09-09,10875.62
1969-09-10,10849.08
1969-09-11,10843.75
1969-09-12,10875.5
1969-09-15,10862.21
1969-09-16,10862.18
1969-09-17,10856.84
1969-09-18,10822.36
1969-09-19,10835.57
1969-09-22,10830.23
1969-09-23,10819.59
1969-09-24,10819.55
1969-09-25,10795.67
1969-09-26,10795.63
1969-09-29,10763.8
1969-09-30,10777.01
1969-10-01,10795.52
1969-10-02,10829.92
1969-10-03,10848.43
1969-10-06,10795.4
1969-10-07,10803.31
1969-10-08,10790.03
1969-10-09,10805.88
1969-10-10,10789.95
1969-10-13,10763.42
1969-10-14,10781.93
1969-10-15,10789.83
1969-10-16,10763.3
1969-10-17,10736.78
1969-10-20,10689.05
1969-10-21,10675.77
1969-10-22,10609.5
1969-10-23,10596.22
1969-10-24,10609.43
1969-10-27,10635.88
1969-10-28,10609.35
1969-10-29,10590.77
1969-10-30,10577.49
1969-10-31,10529.77
1969-11-03,10476.75
1969-11-04,10476.71
1969-11-05,10436.94
1969-11-06,10330.95
1969-11-07,10206.41
1969-11-10,10100.41
1969-11-11,10158.65
1969-11-12,9999.68
1969-11-13,10012.89
1969-11-14,10034.05
1969-11-17,10020.77
1969-11-18,9946.56
1969-11-19,9708.13
1969-11-20,9615.38
1969-11-21,9570.32
1969-11-24,9403.4
1969-11-25,9390.13
1969-11-26,9429.83
1969-11-28,9429.79
1969-12-01,9416.51
1969-12-02,9350.26
1969-12-03,9371.42
1969-12-04,9336.95
1969-12-05,9323.67
1969-12-08,9283.91
1969-12-09,9270.63
1969-12-10,9283.84
1969-12-11,9323.54
1969-12-12,9349.99
1969-12-15,9304.93
1969-12-16,9283.71
1969-12-17,9291.62
1969-12-18,9273.05
1969-12-19,9270.37
1969-12-22,9310.06
1969-12-23,9299.43
1969-12-24,9299.4
1969-12-26,9299.37
1969-12-29,9323.17
1969-12-30,9323.14
1969-12-31,9323.11
1970-01-02,9291.29
1970-01-05,9317.74
1970-01-06,9283.28
1970-01-07,9270
1970-01-08,9256.72
1970-01-09,9243.45
1970-01-12,9264.6
1970-01-13,9240.73
1970-01-14,9230.11
1970-01-15,9216.83
1970-01-16,9203.56
1970-01-19,9203.52
1970-01-20,9216.73
1970-01-21,9229.94
1970-01-22,9269.64
1970-01-23,9266.96
1970-01-26,9264.27
1970-01-27,9269.54
1970-01-28,9266.86
1970-01-29,9272.12
1970-01-30,9266.79
1970-02-02,9266.76
1970-02-03,9269.37
1970-02-04,9269.34
1970-02-05,9269.31
1970-02-06,9269.27
1970-02-09,9271.89
1970-02-10,9277.15
1970-02-11,9269.17
1970-02-12,9269.14
1970-02-13,9266.46
1970-02-16,9266.43
1970-02-17,9263.74
1970-02-18,9255.77
1970-02-19,9263.68
1970-02-20,9266.29
1970-02-24,9266.26
1970-02-25,9268.88
1970-02-26,9268.84
1970-02-27,9274.11
1970-03-02,9268.78
1970-03-03,9271.39
1970-03-04,9263.41
1970-03-05,9266.03
1970-03-06,9255.4
1970-03-09,9255.37
1970-03-10,9257.98
1970-03-11,9265.9
1970-03-12,9265.86
1970-03-13,9276.42
1970-03-16,9281.69
1970-03-17,9286.95
1970-03-18,9302.8
1970-03-19,9329.25
1970-03-20,9305.39
1970-03-23,9308
1970-03-24,9326.5
1970-03-25,9339.71
1970-03-26,9350.27
1970-03-30,9350.24
1970-03-31,9347.56
1970-04-01,9368.71
1970-04-02,9368.67
1970-04-03,9358.05
1970-04-06,9342.13
1970-04-07,9347.39
1970-04-08,9368.54
1970-04-09,9371.15
1970-04-10,9368.47
1970-04-13,9373.73
1970-04-14,9466.38
1970-04-15,9426.63
1970-04-16,9466.31
1970-04-17,9466.28
1970-04-20,9479.48
1970-04-21,9500.63
1970-04-22,9519.13
1970-04-23,9492.62
1970-04-24,9479.35
1970-04-27,9463.43
1970-04-28,9492.52
1970-04-29,9492.49
1970-04-30,9492.45
1970-05-01,9500.36
1970-05-04,9516.21
1970-05-05,9590.32
1970-05-06,9592.93
1970-05-07,9592.9
1970-05-08,9584.92
1970-05-11,9558.41
1970-05-12,9526.6
1970-05-13,9518.62
1970-05-14,9518.59
1970-05-15,9526.5
1970-05-18,9521.17
1970-05-19,9523.78
1970-05-20,9518.45
1970-05-21,9513.12
1970-05-22,9502.5
1970-05-25,9502.47
1970-05-26,9486.55
1970-05-27,9462.68
1970-05-28,9438.82
1970-05-29,9385.83
1970-06-01,9372.56
1970-06-02,9332.81
1970-06-03,9301.01
1970-06-04,9316.86
1970-06-05,9322.12
1970-06-08,9406.81
1970-06-09,9401.49
1970-06-10,9412.04
1970-06-11,9438.48
1970-06-12,9433.15
1970-06-15,9404
1970-06-16,9366.9
1970-06-17,9372.16
1970-06-18,9372.13
1970-06-19,9358.86
1970-06-22,9369.41
1970-06-23,9372.03
1970-06-24,9411.71
1970-06-25,9398.43
1970-06-26,9385.16
1970-06-29,9393.07
1970-06-30,9395.69
1970-07-01,9395.65
1970-07-02,9382.38
1970-07-06,9358.52
1970-07-07,9345.25
1970-07-08,9345.22
1970-07-09,9345.19
1970-07-10,9358.39
1970-07-13,9347.77
1970-07-14,9347.73
1970-07-15,9339.76
1970-07-16,9345.02
1970-07-17,9344.99
1970-07-20,9347.6
1970-07-21,9344.92
1970-07-22,9347.53
1970-07-23,9344.85
1970-07-24,9347.47
1970-07-27,9344.78
1970-07-28,9344.75
1970-07-29,9339.42
1970-07-30,9344.68
1970-07-31,9344.65
1970-08-03,9352.56
1970-08-04,9347.23
1970-08-05,9349.85
1970-08-06,9352.46
1970-08-07,9344.48
1970-08-10,9339.16
1970-08-11,9325.89
1970-08-12,9331.15
1970-08-13,9333.76
1970-08-14,9331.08
1970-08-17,9331.05
1970-08-18,9331.02
1970-08-19,9330.98
1970-08-20,9352.13
1970-08-21,9373.27
1970-08-24,9386.47
1970-08-25,9423.5
1970-08-26,9447.29
1970-08-27,9457.84
1970-08-28,9476.34
1970-08-31,9476.3
1970-09-01,9510.68
1970-09-02,9555.64
1970-09-03,9603.26
1970-09-04,9595.28
1970-09-08,9550.25
1970-09-09,9595.21
1970-09-10,9576.65
1970-09-11,9616.32
1970-09-14,9608.34
1970-09-15,9581.84
1970-09-16,9542.1
1970-09-17,9584.42
1970-09-18,9568.5
1970-09-21,9592.29
1970-09-22,9602.84
1970-09-23,9573.69
1970-09-24,9589.54
1970-09-25,9568.33
1970-09-28,9578.89
1970-09-29,9581.5
1970-09-30,9634.4
1970-10-01,9629.07
1970-10-02,9615.8
1970-10-05,9721.64
1970-10-06,9748.07
1970-10-07,9708.34
1970-10-08,9721.54
1970-10-09,9774.44
1970-10-12,9843.22
1970-10-13,9906.7
1970-10-14,9859.03
1970-10-15,9938.39
1970-10-16,9925.13
1970-10-19,9951.56
1970-10-20,10025.63
1970-10-21,10049.41
1970-10-22,10057.32
1970-10-23,10176.38
1970-10-26,10295.44
1970-10-27,10324.52
1970-10-28,10237.14
1970-10-29,10104.78
1970-10-30,9858.61
1970-11-02,9964.43
1970-11-03,9906.17
1970-11-04,9845.27
1970-11-05,9726.14
1970-11-06,9818.73
1970-11-09,9879.57
1970-11-10,9879.53
1970-11-11,9845.09
1970-11-12,9884.75
1970-11-13,9966.76
1970-11-16,9972.02
1970-11-17,9958.75
1970-11-18,9913.72
1970-11-19,9895.16
1970-11-20,9958.64
1970-11-23,9910.97
1970-11-24,9950.63
1970-11-25,9963.83
1970-11-27,9950.56
1970-11-30,9934.65
1970-12-01,9910.79
1970-12-02,9937.22
1970-12-03,9937.19
1970-12-04,9934.51
1970-12-07,9897.42
1970-12-08,9892.09
1970-12-09,9817.96
1970-12-10,9831.16
1970-12-11,9839.06
1970-12-14,9870.78
1970-12-15,9958.07
1970-12-16,9939.51
1970-12-17,9958
1970-12-18,9957.97
1970-12-21,9957.93
1970-12-22,9971.13
1970-12-23,9878.47
1970-12-24,9878.44
1970-12-28,9883.69
1970-12-29,9878.37
1970-12-30,9904.79
1970-12-31,9891.53
1971-01-04,9907.37
1971-01-05,9925.86
1971-01-06,9902.01
1971-01-07,9894.03
1971-01-08,9923.1
1971-01-11,9989.22
1971-01-12,10042.11
1971-01-13,10063.24
1971-01-14,10042.04
1971-01-15,10081.7
1971-01-18,10068.43
1971-01-19,10028.7
1971-01-20,10089.53
1971-01-21,10076.26
1971-01-22,10039.18
1971-01-25,10068.25
1971-01-26,10094.67
1971-01-27,10068.18
1971-01-28,10068.14
1971-01-29,10068.1
1971-02-01,10102.47
1971-02-02,10187.1
1971-02-03,10300.85
1971-02-04,10176.45
1971-02-05,10163.18
1971-02-08,10239.88
1971-02-09,10279.53
1971-02-10,10279.49
1971-02-11,10305.92
1971-02-12,10279.42
1971-02-16,10305.84
1971-02-17,10287.28
1971-02-18,10276.66
1971-02-19,10247.52
1971-02-22,10252.78
1971-02-23,10263.32
1971-02-24,10252.7
1971-02-25,10260.61
1971-02-26,10265.86
1971-03-01,10236.72
1971-03-02,10241.97
1971-03-03,10268.4
1971-03-04,10252.48
1971-03-05,10252.45
1971-03-08,10262.99
1971-03-09,10268.25
1971-03-10,10278.8
1971-03-11,10318.45
1971-03-12,10328.99
1971-03-15,10318.37
1971-03-16,10291.88
1971-03-17,10299.78
1971-03-18,10318.26
1971-03-19,10305
1971-03-22,10307.61
1971-03-23,10304.92
1971-03-24,10289.01
1971-03-25,10299.56
1971-03-26,10286.29
1971-03-29,10259.8
1971-03-30,10265.05
1971-03-31,10286.18
1971-04-01,10291.44
1971-04-02,10286.11
1971-04-05,10288.72
1971-04-06,10278.1
1971-04-07,10291.29
1971-04-08,10312.42
1971-04-12,10312.38
1971-04-13,10304.41
1971-04-14,10291.14
1971-04-15,10293.75
1971-04-16,10304.3
1971-04-19,10304.26
1971-04-20,10293.64
1971-04-21,10290.96
1971-04-22,10357.06
1971-04-23,10330.57
1971-04-26,10290.85
1971-04-27,10304.04
1971-04-28,10378.08
1971-04-29,10436.24
1971-04-30,10502.34
1971-05-03,10430.87
1971-05-04,10489.03
1971-05-05,10608.04
1971-05-06,10660.91
1971-05-07,10523.31
1971-05-10,10539.15
1971-05-11,10634.34
1971-05-12,10700.44
1971-05-13,10792.99
1971-05-14,10898.76
1971-05-17,10766.46
1971-05-18,10819.32
1971-05-19,10739.93
1971-05-20,10885.38
1971-05-21,10840.37
1971-05-24,10787.43
1971-05-25,10853.52
1971-05-26,10819.09
1971-05-27,10766.15
1971-05-28,10803.14
1971-06-01,10803.11
1971-06-02,10739.58
1971-06-03,10739.54
1971-06-04,10739.51
1971-06-07,10699.79
1971-06-08,10628.33
1971-06-09,10562.16
1971-06-10,10514.51
1971-06-11,10474.8
1971-06-14,10461.53
1971-06-15,10472.08
1971-06-16,10575.2
1971-06-17,10538.13
1971-06-18,10567.19
1971-06-21,10567.15
1971-06-22,10614.73
1971-06-23,10659.65
1971-06-24,10680.78
1971-06-25,10606.68
1971-06-28,10566.96
1971-06-29,10553.7
1971-06-30,10606.56
1971-07-01,10643.56
1971-07-02,10680.55
1971-07-06,10659.35
1971-07-07,10646.09
1971-07-08,10653.98
1971-07-09,10643.37
1971-07-12,10680.36
1971-07-13,10661.8
1971-07-14,10672.35
1971-07-15,10693.47
1971-07-16,10775.42
1971-07-19,10844.15
1971-07-20,10817.66
1971-07-21,10886.39
1971-07-22,11029.18
1971-07-23,11010.62
1971-07-26,11042.32
1971-07-27,11081.96
1971-07-28,11121.59
1971-07-29,11182.38
1971-07-30,11214.08
1971-08-02,11200.82
1971-08-03,11174.33
1971-08-04,11240.41
1971-08-05,11306.49
1971-08-06,11256.2
1971-08-09,11621.14
1971-08-10,11438.61
1971-08-11,11332.77
1971-08-12,11438.52
1971-08-13,11372.36
1971-08-16,11372.32
1971-08-17,11385.51
1971-08-18,11411.91
1971-08-19,11451.54
1971-08-20,11451.5
1971-08-23,11451.46
1971-08-24,11424.97
1971-08-25,11313.86
1971-08-26,11107.53
1971-08-27,10877.41
1971-08-30,10877.37
1971-08-31,10750.39
1971-09-01,10869.36
1971-09-02,10943.37
1971-09-03,11027.96
1971-09-07,11014.69
1971-09-08,10948.54
1971-09-09,11041.06
1971-09-10,11014.58
1971-09-13,11006.6
1971-09-14,11051.52
1971-09-15,11093.79
1971-09-16,11170.45
1971-09-17,11120.16
1971-09-20,11186.23
1971-09-21,11188.84
1971-09-22,11159.71
1971-09-23,11170.25
1971-09-24,11238.96
1971-09-27,11260.08
1971-09-28,11410.77
1971-09-29,11265.29
1971-09-30,11265.25
1971-10-01,11212.32
1971-10-04,11246.66
1971-10-05,11220.17
1971-10-06,11225.42
1971-10-07,11251.82
1971-10-08,11225.34
1971-10-11,11241.17
1971-10-12,11241.13
1971-10-13,11291.33
1971-10-14,11272.78
1971-10-15,11251.58
1971-10-18,11254.19
1971-10-19,11259.44
1971-10-20,11246.17
1971-10-21,11232.91
1971-10-22,11232.87
1971-10-25,11246.05
1971-10-26,11238.08
1971-10-27,11232.75
1971-10-28,11224.78
1971-10-29,11195.65
1971-11-01,11145.37
1971-11-02,11192.93
1971-11-03,11158.51
1971-11-04,11158.47
1971-11-05,11192.81
1971-11-08,11211.28
1971-11-09,11242.97
1971-11-10,11272.01
1971-11-11,11266.68
1971-11-12,11290.44
1971-11-15,11330.06
1971-11-16,11316.8
1971-11-17,11327.34
1971-11-18,11403.98
1971-11-19,11396
1971-11-22,11435.62
1971-11-23,11438.23
1971-11-24,11480.49
1971-11-26,11475.16
1971-11-29,11543.87
1971-11-30,11527.96
1971-12-01,11512.06
1971-12-02,11567.54
1971-12-03,11580.72
1971-12-06,11628.27
1971-12-07,11580.63
1971-12-08,11488.05
1971-12-09,11540.89
1971-12-10,11551.43
1971-12-13,11535.52
1971-12-14,11540.77
1971-12-15,11522.22
1971-12-16,11416.42
1971-12-17,11302.69
1971-12-20,11294.72
1971-12-21,11403.08
1971-12-22,11461.21
1971-12-23,11482.32
1971-12-27,11482.27
1971-12-28,11471.66
1971-12-29,11513.92
1971-12-30,11513.88
1971-12-31,11534.99
1972-01-03,11632.77
1972-01-04,11733.19
1972-01-05,11772.81
1972-01-06,11963.12
1972-01-07,12121.7
1972-01-10,12095.22
1972-01-11,11962.99
1972-01-12,11973.52
1972-01-13,12010.49
1972-01-14,12142.63
1972-01-17,12208.68
1972-01-18,12121.4
1972-01-19,12129.29
1972-01-20,12134.53
1972-01-21,12134.49
1972-01-24,12160.88
1972-01-25,12195.2
1972-01-26,12213.67
1972-01-27,12319.37
1972-01-28,12517.6
1972-01-31,12464.68
1972-02-01,12715.78
1972-02-02,13019.75
1972-02-03,12689.25
1972-02-04,12424.85
1972-02-07,12578.13
1972-02-08,12715.55
1972-02-09,12715.51
1972-02-10,12807.99
1972-02-11,12755.07
1972-02-14,12649.28
1972-02-15,12675.67
1972-02-16,12754.93
1972-02-17,12776.04
1972-02-18,12794.49
1972-02-22,12860.54
1972-02-23,12860.49
1972-02-24,12913.31
1972-02-25,12815.46
1972-02-28,12807.48
1972-02-29,12741.35
1972-03-01,12696.37
1972-03-02,12749.19
1972-03-03,12709.49
1972-03-06,12754.39
1972-03-07,12762.27
1972-03-08,12722.57
1972-03-09,12807.12
1972-03-10,12793.85
1972-03-13,12809.67
1972-03-14,12796.41
1972-03-15,12788.43
1972-03-16,12793.67
1972-03-17,12788.34
1972-03-20,12788.29
1972-03-21,12801.46
1972-03-22,12788.2
1972-03-23,12793.44
1972-03-24,12780.18
1972-03-27,12777.49
1972-03-28,12766.87
1972-03-29,12793.26
1972-03-30,12787.93
1972-04-03,12787.88
1972-04-04,12795.77
1972-04-05,12793.08
1972-04-06,12763.96
1972-04-07,12779.77
1972-04-10,12787.65
1972-04-11,12827.26
1972-04-12,12932.94
1972-04-13,12938.18
1972-04-14,13043.86
1972-04-17,13064.95
1972-04-18,13070.19
1972-04-19,13056.93
1972-04-20,13056.89
1972-04-21,13043.62
1972-04-24,13051.51
1972-04-25,13025.03
1972-04-26,13024.98
1972-04-27,13069.87
1972-04-28,13109.47
1972-05-01,13307.65
1972-05-02,13315.53
1972-05-03,13333.98
1972-05-04,13320.72
1972-05-05,13492.47
1972-05-08,13764.65
1972-05-09,14192.76
1972-05-10,14034.13
1972-05-11,14007.65
1972-05-12,13981.17
1972-05-15,14033.98
1972-05-16,14430.37
1972-05-17,15262.84
1972-05-18,15038.14
1972-05-19,15077.73
1972-05-22,15156.96
1972-05-23,15183.34
1972-05-24,15077.57
1972-05-25,15064.3
1972-05-26,15315.32
1972-05-30,15473.83
1972-05-31,15711.63
1972-06-01,15653.44
1972-06-02,15698.31
1972-06-05,15724.68
1972-06-06,16253.18
1972-06-07,17138.46
1972-06-08,17045.9
1972-06-09,16517.29
1972-06-12,16173.67
1972-06-13,16279.32
1972-06-14,16226.41
1972-06-15,16133.85
1972-06-16,16252.72
1972-06-19,16173.38
1972-06-20,16160.11
1972-06-21,16186.48
1972-06-22,16318.55
1972-06-23,16675.26
1972-06-26,16754.48
1972-06-27,16595.86
1972-06-28,16912.92
1972-06-29,17044.99
1972-06-30,17084.57
1972-07-03,17309.13
1972-07-05,17441.2
1972-07-06,17441.14
1972-07-07,17256.09
1972-07-10,17335.31
1972-07-11,17229.54
1972-07-12,17203.06
1972-07-13,17150.14
1972-07-14,17176.51
1972-07-17,17308.57
1972-07-18,17295.3
1972-07-19,17136.69
1972-07-20,17255.54
1972-07-21,17176.2
1972-07-24,17228.99
1972-07-25,17316.13
1972-07-26,17374.2
1972-07-27,17519.48
1972-07-28,18021.48
1972-07-31,18047.84
1972-08-01,18312.02
1972-08-02,18496.93
1972-08-03,18232.62
1972-08-04,18100.43
1972-08-07,17836.13
1972-08-08,17466.13
1972-08-09,17215.04
1972-08-10,17637.76
1972-08-11,17360.25
1972-08-14,17360.19
1972-08-15,17373.34
1972-08-16,17571.45
1972-08-17,17552.89
1972-08-18,17597.75
1972-08-21,17650.53
1972-08-22,17703.31
1972-08-23,17716.46
1972-08-24,17795.66
1972-08-25,17737.47
1972-08-28,17737.41
1972-08-29,17618.44
1972-08-30,17676.51
1972-08-31,17671.16
1972-09-01,17663.17
1972-09-05,17689.53
1972-09-06,17702.68
1972-09-07,17729.04
1972-09-08,17728.97
1972-09-11,17768.54
1972-09-12,17662.79
1972-09-13,17702.36
1972-09-14,17657.38
1972-09-15,17305.92
1972-09-18,16182.95
1972-09-19,16975.53
1972-09-20,17173.63
1972-09-21,17239.62
1972-09-22,16882.87
1972-09-25,16777.13
1972-09-26,16895.96
1972-09-27,16856.27
1972-09-28,17014.73
1972-09-29,16961.83
1972-10-02,16948.56
1972-10-03,16935.29
1972-10-04,17225.85
1972-10-05,17331.47
1972-10-06,17304.99
1972-10-09,17304.93
1972-10-10,17238.82
1972-10-11,17172.71
1972-10-12,17088.1
1972-10-13,17101.25
1972-10-16,17198.94
1972-10-17,17159.25
1972-10-18,17132.77
1972-10-19,17185.55
1972-10-20,17172.28
1972-10-23,17119.38
1972-10-24,17119.32
1972-10-25,17092.84
1972-10-26,17047.86
1972-10-27,17066.3
1972-10-30,17053.03
1972-10-31,17010.7
1972-11-01,16907.6
1972-11-02,16907.54
1972-11-03,16947.11
1972-11-06,16920.63
1972-11-08,16814.9
1972-11-09,16669.54
1972-11-10,16590.23
1972-11-13,16545.26
1972-11-14,16373.49
1972-11-15,16373.43
1972-11-16,16230.72
1972-11-17,15942.71
1972-11-20,16140.78
1972-11-21,16523.77
1972-11-22,16510.5
1972-11-24,16563.28
1972-11-27,16906.64
1972-11-28,16840.54
1972-11-29,16774.43
1972-11-30,16800.79
1972-12-01,16959.23
1972-12-04,16747.84
1972-12-05,16668.53
1972-12-06,16668.47
1972-12-07,16668.41
1972-12-08,16668.35
1972-12-11,16615.46
1972-12-12,16615.4
1972-12-13,16681.38
1972-12-14,16747.36
1972-12-15,16887.3
1972-12-18,17196.3
1972-12-19,17275.48
1972-12-20,17024.48
1972-12-21,16958.38
1972-12-22,16958.32
1972-12-26,16958.26
1972-12-27,17195.93
1972-12-29,17143.04
1973-01-02,17195.81
1973-01-03,17248.58
1973-01-04,17142.86
1973-01-05,17235.25
1973-01-08,17195.56
1973-01-09,17208.71
1973-01-10,17169.03
1973-01-11,17176.89
1973-01-12,17208.52
1973-01-15,17195.26
1973-01-16,17195.19
1973-01-17,17076.27
1973-01-18,16878.11
1973-01-19,17036.53
1973-01-22,17221.36
1973-01-23,17221.3
1973-01-24,17155.21
1973-01-26,17300.42
1973-01-29,17247.53
1973-01-30,17453.49
1973-01-31,17432.29
1973-02-01,17590.71
1973-02-02,17669.88
1973-02-05,17854.71
1973-02-06,18171.59
1973-02-07,18131.91
1973-02-08,18224.28
1973-02-09,17986.51
1973-02-12,18105.3
1973-02-13,18197.68
1973-02-14,19095.61
1973-02-15,19452.1
1973-02-16,19359.59
1973-02-20,20204.69
1973-02-21,20944.13
1973-02-22,22845.67
1973-02-23,22449.42
1973-02-26,21313.66
1973-02-27,22105.92
1973-02-28,22449.18
1973-03-01,22633.97
1973-03-02,22792.36
1973-03-05,22184.83
1973-03-06,21920.65
1973-03-07,21788.52
1973-03-08,22118.57
1973-03-09,21888.72
1973-03-12,21788.28
1973-03-13,21127.95
1973-03-14,21127.88
1973-03-15,21854.07
1973-03-16,21854
1973-03-19,21721.87
1973-03-20,21721.79
1973-03-21,21550.05
1973-03-22,21576.39
1973-03-23,22315.77
1973-03-26,23768.19
1973-03-27,23768.11
1973-03-28,23371.89
1973-03-29,23569.87
1973-03-30,23767.86
1973-04-02,23569.7
1973-04-03,23767.69
1973-04-04,23833.62
1973-04-05,24005.19
1973-04-06,23965.49
1973-04-09,24031.43
1973-04-10,24031.34
1973-04-11,24097.28
1973-04-12,24004.76
1973-04-13,23767.01
1973-04-16,23582.07
1973-04-17,23832.86
1973-04-18,24030.83
1973-04-19,23964.72
1973-04-23,23964.64
1973-04-24,23977.76
1973-04-25,23806.02
1973-04-26,23911.57
1973-04-27,23924.68
1973-04-30,23958.93
1973-05-01,23950.92
1973-05-02,23924.43
1973-05-03,23845.12
1973-05-04,23845.04
1973-05-07,23844.95
1973-05-08,24135.34
1973-05-09,24491.74
1973-05-10,25032.98
1973-05-11,25534.6
1973-05-14,27000.04
1973-05-15,29046.4
1973-05-16,28122.1
1973-05-17,27527.87
1973-05-18,27857.84
1973-05-21,29574.1
1973-05-22,29177.91
1973-05-23,28979.77
1973-05-24,29045.68
1973-05-25,28121.39
1973-05-29,29045.47
1973-05-30,29903.53
1973-05-31,30299.5
1973-06-01,31091.53
1973-06-04,32609.69
1973-06-05,33269.69
1973-06-06,32081.37
1973-06-07,31289.12
1973-06-08,30958.95
1973-06-11,30496.77
1973-06-12,30958.73
1973-06-13,30496.55
1973-06-14,31090.53
1973-06-15,31684.51
1973-06-18,32344.49
1973-06-19,31750.29
1973-06-20,31684.17
1973-06-21,31816.07
1973-06-22,31683.94
1973-06-25,31287.78
1973-06-26,32541.82
1973-06-27,32277.67
1973-06-28,32079.53
1973-06-29,32541.47
1973-07-02,31947.29
1973-07-03,32211.2
1973-07-05,32475.11
1973-07-06,33531.1
1973-07-09,33266.96
1973-07-10,32474.77
1973-07-11,31418.56
1973-07-12,31946.49
1973-07-13,31946.38
1973-07-16,31655.84
1973-07-17,31946.15
1973-07-18,31550.01
1973-07-19,30163.81
1973-07-20,31087.75
1973-07-23,31351.66
1973-07-24,31655.16
1973-07-25,31285.43
1973-07-26,31549.33
1973-07-27,30889.19
1973-07-30,30493.07
1973-07-31,30519.36
1973-08-01,31020.86
1973-08-02,30651.14
1973-08-03,30624.63
1973-08-06,30492.52
1973-08-07,30334.01
1973-08-08,30030.3
1973-08-09,29040.18
1973-08-10,28182.07
1973-08-13,26927.97
1973-08-14,25211.87
1973-08-15,24815.78
1973-08-16,27191.68
1973-08-17,27455.58
1973-08-20,28907.45
1973-08-21,27904.17
1973-08-22,27191.29
1973-08-23,26465.21
1973-08-24,26663.11
1973-08-27,26663.01
1973-08-28,27454.89
1973-08-29,28325.96
1973-08-30,27850.68
1973-08-31,27322.6
1973-09-04,27744.88
1973-09-05,28008.77
1973-09-06,27850.28
1973-09-07,27784.18
1973-09-10,27652.09
1973-09-11,27124.03
1973-09-12,26991.94
1973-09-13,26463.89
1973-09-14,26476.99
1973-09-17,27453.61
1973-09-18,27189.54
1973-09-19,26767.08
1973-09-20,27255.34
1973-09-21,27321.23
1973-09-24,26925.18
1973-09-25,26859.09
1973-09-26,27056.97
1973-09-27,26726.91
1973-09-28,26396.85
1973-10-01,25538.86
1973-10-02,25802.74
1973-10-03,26172.2
1973-10-04,26132.51
1973-10-05,26000.43
1973-10-08,26594.26
1973-10-09,26290.61
1973-10-10,27319.97
1973-10-11,27385.86
1973-10-12,26905.35
1973-10-15,26725.77
1973-10-16,26884.04
1973-10-17,27319.48
1973-10-18,26897.05
1973-10-19,26659.39
1973-10-22,26197.38
1973-10-23,26593.22
1973-10-24,26329.17
1973-10-25,26421.46
1973-10-26,25933.05
1973-10-29,25932.96
1973-10-30,25668.92
1973-10-31,25866.79
1973-11-01,25602.75
1973-11-02,25998.58
1973-11-05,25866.51
1973-11-06,25866.42
1973-11-07,25707.96
1973-11-08,25866.24
1973-11-09,25998.11
1973-11-12,25602.11
1973-11-13,25575.62
1973-11-14,23754.36
1973-11-15,24084.2
1973-11-16,23820.17
1973-11-19,23754.1
1973-11-20,23885.99
1973-11-21,23819.92
1973-11-23,23753.85
1973-11-26,23819.75
1973-11-27,24281.54
1973-11-28,26788.79
1973-11-29,26854.67
1973-11-30,26656.63
1973-12-03,26458.59
1973-12-04,27844.11
1973-12-05,27712.05
1973-12-06,27909.89
1973-12-07,28305.68
1973-12-10,27843.71
1973-12-11,27487.32
1973-12-12,27447.63
1973-12-13,27355.16
1973-12-14,27711.35
1973-12-17,28173.11
1973-12-18,28766.82
1973-12-19,28608.37
1973-12-20,28502.7
1973-12-21,28172.71
1973-12-24,28172.61
1973-12-26,28172.51
1973-12-27,29491.96
1973-12-28,29557.84
1973-12-31,29623.71
1974-01-02,30745.21
1974-01-03,31998.66
1974-01-04,31272.8
1974-01-07,32064.41
1974-01-08,33383.82
1974-01-09,32723.94
1974-01-10,31668.21
1974-01-11,32195.9
1974-01-14,32921.51
1974-01-15,33119.32
1974-01-16,33317.13
1974-01-17,33871.19
1974-01-18,34306.5
1974-01-21,36483.52
1974-01-22,36259.08
1974-01-23,35493.66
1974-01-24,37208.84
1974-01-25,37182.32
1974-01-28,36812.74
1974-01-29,36284.82
1974-01-30,35770.11
1974-01-31,34965.12
1974-02-01,34437.22
1974-02-04,35228.76
1974-02-05,36943.89
1974-02-06,36415.99
1974-02-07,36679.74
1974-02-08,37735.14
1974-02-11,38262.77
1974-02-12,38658.46
1974-02-13,37998.62
1974-02-14,38526.24
1974-02-15,39291.35
1974-02-19,39449.54
1974-02-20,39581.34
1974-02-21,41362.36
1974-02-22,43011.42
1974-02-25,44726.45
1974-02-26,46177.59
1974-02-27,45913.55
1974-02-28,42878.87
1974-03-01,44198.07
1974-03-04,43802.11
1974-03-05,41954.88
1974-03-06,42218.59
1974-03-07,43801.64
1974-03-08,43537.62
1974-03-11,43669.39
1974-03-12,43009.58
1974-03-13,43405.22
1974-03-14,43405.07
1974-03-15,43233.4
1974-03-18,43272.83
1974-03-19,44591.96
1974-03-20,46438.81
1974-03-21,46174.79
1974-03-22,46834.26
1974-03-25,46636.2
1974-03-26,45448.69
1974-03-27,45910.27
1974-03-28,46042.04
1974-03-29,45646.09
1974-04-01,45936.17
1974-04-02,46701.17
1974-04-03,47360.62
1974-04-04,46502.95
1974-04-05,45711.24
1974-04-08,44062.04
1974-04-09,44853.42
1974-04-10,45710.75
1974-04-11,45776.55
1974-04-15,45776.39
1974-04-16,45446.42
1974-04-17,44826.23
1974-04-18,44852.46
1974-04-19,45379.97
1974-04-22,46105.36
1974-04-23,46092.01
1974-04-24,45049.69
1974-04-25,44587.82
1974-04-26,44587.66
1974-04-29,44653.46
1974-04-30,44653.3
1974-05-01,44719.1
1974-05-02,44758.52
1974-05-03,44586.87
1974-05-06,43795.23
1974-05-07,43003.59
1974-05-08,41618.35
1974-05-09,43860.71
1974-05-10,44243.1
1974-05-13,43926.35
1974-05-14,43860.24
1974-05-15,43372.02
1974-05-16,43266.33
1974-05-17,43661.91
1974-05-20,42975.82
1974-05-21,42474.42
1974-05-22,43001.9
1974-05-23,42078.39
1974-05-24,42671.82
1974-05-28,40627.12
1974-05-29,41022.69
1974-05-30,42737.32
1974-05-31,41352.16
1974-06-03,41022.25
1974-06-04,40758.3
1974-06-05,42670.76
1974-06-06,41945.14
1974-06-07,41021.67
1974-06-10,41522.75
1974-06-11,41483.03
1974-06-12,41285.03
1974-06-13,41416.78
1974-06-14,42339.94
1974-06-17,41548.39
1974-06-18,41020.64
1974-06-19,40519.28
1974-06-20,40031.11
1974-06-21,40558.56
1974-06-24,39569.18
1974-06-25,39503.09
1974-06-26,38645.62
1974-06-27,38117.9
1974-06-28,38051.81
1974-07-01,37721.94
1974-07-02,36139.06
1974-07-03,36007.04
1974-07-05,35347.44
1974-07-08,37193.82
1974-07-09,38380.73
1974-07-10,36600.04
1974-07-11,36138.29
1974-07-12,36138.16
1974-07-15,36599.65
1974-07-16,37193.03
1974-07-17,37126.95
1974-07-18,37984.1
1974-07-19,38379.63
1974-07-22,37720.05
1974-07-23,37983.69
1974-07-24,38049.5
1974-07-25,39302.29
1974-07-26,39302.15
1974-07-29,41544.08
1974-07-30,41412.05
1974-07-31,41148.13
1974-08-01,42044.8
1974-08-02,41279.72
1974-08-05,40514.64
1974-08-06,40883.77
1974-08-07,40751.74
1974-08-08,40092.19
1974-08-09,40685.51
1974-08-12,40157.84
1974-08-13,39959.88
1974-08-14,41212.6
1974-08-15,40355.23
1974-08-16,41014.49
1974-08-19,40948.4
1974-08-20,41146.07
1974-08-21,41014.05
1974-08-22,40750.14
1974-08-23,40618.12
1974-08-26,40617.98
1974-08-27,40485.95
1974-08-28,40710
1974-08-29,40762.6
1974-08-30,41144.9
1974-09-03,41606.31
1974-09-04,41381.98
1974-09-05,41540.08
1974-09-06,41408.05
1974-09-09,41012.29
1974-09-10,40748.4
1974-09-11,40326.26
1974-09-12,40721.73
1974-09-13,40352.35
1974-09-16,40286.27
1974-09-17,38967.43
1974-09-18,39033.22
1974-09-19,39428.69
1974-09-20,38505.47
1974-09-23,39032.8
1974-09-24,38900.8
1974-09-25,38834.72
1974-09-26,38346.68
1974-09-27,39230.04
1974-09-30,39889.23
1974-10-01,41075.88
1974-10-02,40614.2
1974-10-03,41049.21
1974-10-04,41932.55
1974-10-07,41536.81
1974-10-08,40903.72
1974-10-09,41061.81
1974-10-10,41734.16
1974-10-11,41404.36
1974-10-14,40837.21
1974-10-15,40876.62
1974-10-16,40876.47
1974-10-17,40876.33
1974-10-18,40942.11
1974-10-21,41403.47
1974-10-22,41667.04
1974-10-23,41614.15
1974-10-24,42721.6
1974-10-25,43051.09
1974-10-28,44171.71
1974-10-29,44369.34
1974-10-30,44303.25
1974-10-31,44039.39
1974-11-01,44237.01
1974-11-04,44632.41
1974-11-05,45818.94
1974-11-06,46939.52
1974-11-07,46741.58
1974-11-08,48257.71
1974-11-11,47993.83
1974-11-12,47466.26
1974-11-13,48850.52
1974-11-14,49641.45
1974-11-15,49443.5
1974-11-18,50234.41
1974-11-19,49509.07
1974-11-20,47597.09
1974-11-21,48124.31
1974-11-22,47992.29
1974-11-25,48453.58
1974-11-26,49046.72
1974-11-27,48585.08
1974-11-29,48518.99
1974-12-02,48980.27
1974-12-03,48254.95
1974-12-04,45947.51
1974-12-05,47068.01
1974-12-06,47700.69
1974-12-09,47595.05
1974-12-10,46935.67
1974-12-11,46078.53
1974-12-12,46342.05
1974-12-13,47396.61
1974-12-16,48253.4
1974-12-17,49703.47
1974-12-18,49307.77
1974-12-19,49109.84
1974-12-20,49439.26
1974-12-23,50889.3
1974-12-24,50889.12
1974-12-26,50888.93
1974-12-27,51416.1
1974-12-30,51481.83
1974-12-31,49174.53
1975-01-02,46142.14
1975-01-03,45878.31
1975-01-06,45746.31
1975-01-07,44691.48
1975-01-08,47459.81
1975-01-09,47195.98
1975-01-10,46734.4
1975-01-13,47525.22
1975-01-14,46694.51
1975-01-15,46997.56
1975-01-16,46404.15
1975-01-17,45810.75
1975-01-20,46140.16
1975-01-21,46337.74
1975-01-22,46271.66
1975-01-23,45876.01
1975-01-24,46798.64
1975-01-27,47193.96
1975-01-28,46534.65
1975-01-29,46929.97
1975-01-30,46732.06
1975-01-31,46349.6
1975-02-03,46468.08
1975-02-04,45940.61
1975-02-05,46138.19
1975-02-06,45716.19
1975-02-07,46006.03
1975-02-10,45874.05
1975-02-11,46005.7
1975-02-12,46111
1975-02-13,47086.31
1975-02-14,48509.8
1975-02-18,47718.71
1975-02-19,48575.37
1975-02-20,48443.37
1975-02-21,48706.84
1975-02-24,48838.48
1975-02-25,48772.4
1975-02-26,48244.95
1975-02-27,48047.06
1975-02-28,47915.07
1975-03-03,47941.26
1975-03-04,47387.47
1975-03-05,47057.76
1975-03-06,47584.85
1975-03-07,46925.61
1975-03-10,46464.09
1975-03-11,47162.54
1975-03-12,46793.29
1975-03-13,47122.66
1975-03-14,46924.77
1975-03-17,46858.7
1975-03-18,47056.25
1975-03-19,47056.08
1975-03-20,46726.39
1975-03-21,46462.6
1975-03-24,46660.15
1975-03-25,46594.08
1975-03-26,46857.53
1975-03-27,46725.55
1975-03-31,46725.38
1975-04-01,46725.22
1975-04-02,46725.05
1975-04-03,46289.93
1975-04-04,45775.72
1975-04-07,45498.77
1975-04-08,45867.66
1975-04-09,45630.25
1975-04-10,45471.92
1975-04-11,45313.59
1975-04-14,44153.57
1975-04-15,43230.8
1975-04-16,43889.65
1975-04-17,44153.1
1975-04-18,44877.84
1975-04-21,43651.94
1975-04-22,43625.43
1975-04-23,44284.27
1975-04-24,44073.23
1975-04-25,43783.12
1975-04-28,43888.4
1975-04-29,44033.22
1975-04-30,44019.88
1975-05-01,43756.13
1975-05-02,43624.18
1975-05-05,43096.85
1975-05-06,43228.49
1975-05-07,43557.82
1975-05-08,43821.25
1975-05-09,43689.3
1975-05-12,43596.89
1975-05-13,43623.09
1975-05-14,43952.42
1975-05-15,43754.57
1975-05-16,43688.52
1975-05-19,44215.53
1975-05-20,43991.32
1975-05-21,44412.89
1975-05-22,46060.1
1975-05-23,45704.1
1975-05-27,45334.93
1975-05-28,45071.2
1975-05-29,44346.21
1975-05-30,44016.58
1975-06-02,42632.67
1975-06-03,43555.02
1975-06-04,43686.65
1975-06-05,43357.03
1975-06-06,43554.55
1975-06-09,43580.75
1975-06-10,43725.56
1975-06-11,43422.3
1975-06-12,43619.82
1975-06-13,43316.57
1975-06-16,43224.16
1975-06-17,43224.01
1975-06-18,43157.97
1975-06-19,42920.61
1975-06-20,42828.21
1975-06-23,42801.7
1975-06-24,42801.55
1975-06-25,43223.08
1975-06-26,43222.93
1975-06-27,43354.55
1975-06-30,43815.62
1975-07-01,43881.35
1975-07-02,43485.86
1975-07-03,43222.16
1975-07-07,42826.68
1975-07-08,43221.85
1975-07-09,43709.26
1975-07-10,43023.88
1975-07-11,43564
1975-07-14,43945.98
1975-07-15,43484.62
1975-07-16,43247.28
1975-07-17,43247.12
1975-07-18,43220.61
1975-07-21,43286.34
1975-07-22,43549.73
1975-07-23,43286.04
1975-07-24,43444
1975-07-25,43812.8
1975-07-28,44010.29
1975-07-29,44379.09
1975-07-30,44075.86
1975-07-31,43930.76
1975-08-01,43943.78
1975-08-04,43877.74
1975-08-05,43759
1975-08-06,43442.61
1975-08-07,43561.04
1975-08-08,43310.53
1975-08-11,42664.74
1975-08-12,43086.23
1975-08-13,42769.84
1975-08-14,42637.93
1975-08-15,42716.83
1975-08-18,42611.27
1975-08-19,42518.89
1975-08-20,42874.49
1975-08-21,42663.52
1975-08-22,42676.54
1975-08-25,42676.39
1975-08-26,42649.89
1975-08-27,42531.15
1975-08-28,42662.76
1975-08-29,42109.23
1975-09-02,39329.03
1975-09-03,39618.75
1975-09-04,40382.79
1975-09-05,40382.64
1975-09-08,40118.99
1975-09-09,39130.69
1975-09-10,39499.46
1975-09-11,38906.43
1975-09-12,38998.52
1975-09-15,39064.26
1975-09-16,38761.09
1975-09-17,37654.25
1975-09-18,36758.21
1975-09-19,35704.08
1975-09-22,35993.8
1975-09-23,33925.21
1975-09-24,34979.08
1975-09-25,35440.07
1975-09-26,35914.24
1975-09-29,36691.42
1975-09-30,37218.27
1975-10-01,37811
1975-10-02,38113.87
1975-10-03,36598.67
1975-10-06,37085.99
1975-10-07,37546.97
1975-10-08,36703.67
1975-10-09,36887.98
1975-10-10,37480.69
1975-10-13,37414.69
1975-10-14,37019.33
1975-10-15,37612.03
1975-10-16,37743.64
1975-10-17,38178.25
1975-10-20,38138.59
1975-10-21,38533.67
1975-10-22,38072.45
1975-10-23,37980.09
1975-10-24,37808.7
1975-10-27,37650.48
1975-10-28,37597.65
1975-10-29,37610.69
1975-10-30,37874.03
1975-10-31,37649.94
1975-11-03,37742.02
1975-11-04,37939.49
1975-11-05,38439.94
1975-11-06,38439.81
1975-11-07,38097.16
1975-11-10,37991.64
1975-11-11,38004.68
1975-11-12,37899.16
1975-11-13,37899.02
1975-11-14,37411.48
1975-11-17,37411.35
1975-11-18,36686.7
1975-11-19,37345.21
1975-11-20,37516.33
1975-11-21,37239.57
1975-11-24,37041.84
1975-11-25,37252.47
1975-11-26,37041.58
1975-11-28,36395.98
1975-12-01,36329.99
1975-12-02,36698.69
1975-12-03,36738.08
1975-12-04,36579.88
1975-12-05,36355.81
1975-12-08,36158.1
1975-12-09,36157.97
1975-12-10,36724.25
1975-12-11,36934.87
1975-12-12,36539.58
1975-12-15,36394.55
1975-12-16,36565.66
1975-12-17,36578.7
1975-12-18,36591.74
1975-12-19,36644.3
1975-12-22,37513.52
1975-12-23,37091.88
1975-12-24,37091.75
1975-12-26,37091.62
1975-12-29,37341.75
1975-12-30,37078.18
1975-12-31,36946.33
1976-01-02,36972.54
1976-01-05,36511.41
1976-01-06,36616.65
1976-01-07,36445.29
1976-01-08,35773.42
1976-01-09,35970.86
1976-01-12,35997.07
1976-01-13,34772.02
1976-01-14,34337.24
1976-01-15,34903.48
1976-01-16,34455.54
1976-01-19,33954.91
1976-01-20,32822.08
1976-01-21,32900.99
1976-01-22,33230.15
1976-01-23,33980.77
1976-01-26,33098.2
1976-01-27,33256.13
1976-01-28,33743.33
1976-01-29,33874.92
1976-01-30,33756.26
1976-02-02,34348.82
1976-02-03,34691.13
1976-02-04,34177.36
1976-02-05,33913.82
1976-02-06,34401.01
1976-02-09,34269.18
1976-02-10,34111.02
1976-02-11,34466.49
1976-02-12,34584.9
1976-02-13,34532.1
1976-02-17,34281.74
1976-02-18,34558.19
1976-02-19,34505.39
1976-02-20,34702.81
1976-02-23,34676.35
1976-02-24,34886.94
1976-02-25,35137.05
1976-02-26,34820.85
1976-02-27,34847.06
1976-03-01,34846.94
1976-03-02,34609.76
1976-03-03,34833.52
1976-03-04,34833.39
1976-03-05,35215.19
1976-03-08,34964.84
1976-03-09,35004.22
1976-03-10,35267.49
1976-03-11,35201.51
1976-03-12,35122.37
1976-03-15,35240.77
1976-03-16,34898.24
1976-03-17,35122
1976-03-18,35358.91
1976-03-19,35187.59
1976-03-22,35226.97
1976-03-23,35055.65
1976-03-24,35187.21
1976-03-25,34950.05
1976-03-26,34712.88
1976-03-29,34265.02
1976-03-30,33896.17
1976-03-31,34133.09
1976-04-01,34027.62
1976-04-02,34001.16
1976-04-05,33513.8
1976-04-06,33790.22
1976-04-07,33632.08
1976-04-08,33763.64
1976-04-09,33631.84
1976-04-12,33500.04
1976-04-13,33736.95
1976-04-14,33631.48
1976-04-15,33644.53
1976-04-19,33644.41
1976-04-20,33670.62
1976-04-21,33512.49
1976-04-22,33525.53
1976-04-23,33551.75
1976-04-26,33656.97
1976-04-27,33893.87
1976-04-28,33709.4
1976-04-29,33682.95
1976-04-30,33814.51
1976-05-03,33801.22
1976-05-04,33643.09
1976-05-05,33511.29
1976-05-06,33419
1976-05-07,33774.4
1976-05-10,33826.95
1976-05-11,33668.82
1976-05-12,33681.87
1976-05-13,33629.08
1976-05-14,33628.96
1976-05-17,33628.84
1976-05-18,33576.05
1976-05-19,33391.59
1976-05-20,33088.63
1976-05-21,33128.01
1976-05-24,32969.89
1976-05-25,32785.44
1976-05-26,33114.49
1976-05-27,33232.87
1976-05-28,33048.42
1976-06-01,33351.13
1976-06-02,33416.85
1976-06-03,33495.73
1976-06-04,33337.61
1976-06-07,33469.16
1976-06-08,33548.04
1976-06-09,33442.59
1976-06-10,33350.3
1976-06-11,33047.36
1976-06-14,33126.24
1976-06-15,33099.79
1976-06-16,32915.34
1976-06-17,33125.88
1976-06-18,33138.93
1976-06-21,33125.64
1976-06-22,32967.53
1976-06-23,32835.76
1976-06-24,32782.98
1976-06-25,32875.02
1976-06-28,32624.75
1976-06-29,32571.97
1976-06-30,32598.19
1976-07-01,32361.09
1976-07-02,32453.13
1976-07-06,32466.18
1976-07-07,32466.07
1976-07-08,32413.29
1976-07-09,32255.19
1976-07-12,32083.92
1976-07-13,32189.13
1976-07-14,32175.85
1976-07-15,31965.09
1976-07-16,31030.25
1976-07-19,30055.92
1976-07-20,28370.68
1976-07-21,29752.91
1976-07-22,29423.68
1976-07-23,29226.1
1976-07-26,29752.59
1976-07-27,30055.27
1976-07-28,30015.67
1976-07-29,29554.8
1976-07-30,29620.52
1976-08-02,29462.43
1976-08-03,29383.34
1976-08-04,29857.16
1976-08-05,29646.42
1976-08-06,29698.97
1976-08-09,29672.54
1976-08-10,29856.73
1976-08-11,29896.12
1976-08-12,29803.86
1976-08-13,29856.41
1976-08-16,29790.49
1976-08-17,29527.1
1976-08-18,28460.7
1976-08-19,28816.03
1976-08-20,28697.45
1976-08-23,28065.47
1976-08-24,27591.47
1976-08-25,27249.11
1976-08-26,27643.93
1976-08-27,27433.21
1976-08-30,27433.11
1976-08-31,27380.36
1976-09-01,27827.83
1976-09-02,27933.04
1976-09-03,28275.19
1976-09-07,29157.04
1976-09-08,29380.72
1976-09-09,29485.92
1976-09-10,30459.9
1976-09-13,30117.55
1976-09-14,29380.3
1976-09-15,29288.05
1976-09-16,30011.92
1976-09-17,31459.76
1976-09-20,30380.27
1976-09-21,31564.83
1976-09-22,31064.53
1976-09-23,30998.6
1976-09-24,31367.05
1976-09-27,31301.13
1976-09-28,30603.39
1976-09-29,30590.12
1976-09-30,30537.36
1976-10-01,30537.25
1976-10-04,30102.77
1976-10-05,30128.99
1976-10-06,30339.48
1976-10-07,30405.19
1976-10-08,30010.2
1976-10-11,30141.72
1976-10-12,30194.26
1976-10-13,30180.99
1976-10-14,30233.53
1976-10-15,30457.18
1976-10-18,30588.69
1976-10-19,30377.99
1976-10-20,30246.26
1976-10-21,30535.72
1976-10-22,30403.99
1976-10-25,30496.02
1976-10-26,30917.09
1976-10-27,31022.27
1976-10-28,32312.01
1976-10-29,32417.19
1976-11-01,32272.3
1976-11-03,33127.69
1976-11-04,32640.59
1976-11-05,33430.16
1976-11-08,34614.58
1976-11-09,34364.39
1976-11-10,35864.66
1976-11-11,35061.69
1976-11-12,35693.31
1976-11-15,36548.66
1976-11-16,35061.32
1976-11-17,34547.91
1976-11-18,33863.41
1976-11-19,34271.28
1976-11-22,35245.07
1976-11-23,35126.5
1976-11-24,34415.68
1976-11-26,34283.95
1976-11-29,34125.9
1976-11-30,34283.7
1976-12-01,34349.39
1976-12-02,34441.39
1976-12-03,34493.91
1976-12-06,35270.26
1976-12-07,35493.86
1976-12-08,35704.3
1976-12-09,35927.9
1976-12-10,36230.46
1976-12-13,35638.12
1976-12-14,35427.43
1976-12-15,35479.94
1976-12-16,35374.53
1976-12-17,34716.4
1976-12-20,34834.71
1976-12-21,35163.59
1976-12-22,35163.47
1976-12-23,34834.34
1976-12-27,34834.22
1976-12-28,34834.09
1976-12-29,35334.04
1976-12-30,35465.51
1976-12-31,35399.59
1977-01-03,35399.46
1977-01-04,35715.17
1977-01-05,35017.58
1977-01-06,34899.02
1977-01-07,34951.53
1977-01-10,34477.67
1977-01-11,34148.56
1977-01-12,34345.83
1977-01-13,34793.12
1977-01-14,34595.61
1977-01-17,34629.7
1977-01-18,34950.66
1977-01-19,34924.22
1977-01-20,35029.36
1977-01-21,34792.38
1977-01-24,34818.57
1977-01-25,35134.26
1977-01-26,34778.84
1977-01-27,34818.2
1977-01-28,34554.9
1977-01-31,34817.95
1977-02-01,34896.78
1977-02-02,34765.07
1977-02-03,35001.8
1977-02-04,34856.93
1977-02-07,35330.51
1977-02-08,35448.81
1977-02-09,35817.12
1977-02-10,35751.2
1977-02-11,35527.38
1977-02-14,35908.84
1977-02-15,35763.97
1977-02-16,35763.85
1977-02-17,35895.3
1977-02-18,35947.8
1977-02-22,36342.42
1977-02-23,36618.61
1977-02-24,37171.11
1977-02-25,36823.61
1977-02-28,37565.58
1977-03-01,37210.18
1977-03-02,38170.57
1977-03-03,38078.33
1977-03-04,38262.4
1977-03-07,39025.41
1977-03-08,39012.11
1977-03-09,38393.57
1977-03-10,38696.05
1977-03-11,38498.55
1977-03-14,38353.68
1977-03-15,38537.75
1977-03-16,38813.91
1977-03-17,39182.18
1977-03-18,39484.65
1977-03-21,39997.64
1977-03-22,39576.47
1977-03-23,40207.87
1977-03-24,40194.57
1977-03-25,40404.94
1977-03-28,39470.65
1977-03-29,39049.49
1977-03-30,39325.64
1977-03-31,39180.78
1977-04-01,39022.76
1977-04-04,39548.89
1977-04-05,39114.58
1977-04-06,39101.28
1977-04-07,39127.45
1977-04-11,39127.31
1977-04-12,39390.3
1977-04-13,40047.98
1977-04-14,40008.37
1977-04-15,39639.85
1977-04-18,39731.8
1977-04-19,39586.94
1977-04-20,39336.83
1977-04-21,38968.32
1977-04-22,39389.18
1977-04-25,39139.07
1977-04-26,38717.94
1977-04-27,38809.89
1977-04-28,38309.83
1977-04-29,38743.84
1977-05-02,39033.13
1977-05-03,39006.68
1977-05-04,38967.07
1977-05-05,38664.35
1977-05-06,39006.26
1977-05-09,38756.16
1977-05-10,38808.65
1977-05-11,38861.13
1977-05-12,38729.44
1977-05-13,38979.25
1977-05-16,38847.56
1977-05-17,38886.89
1977-05-18,38649.95
1977-05-19,38636.66
1977-05-20,38768.07
1977-05-23,38544.3
1977-05-24,38096.89
1977-05-25,38083.6
1977-05-26,37807.21
1977-05-27,37991.24
1977-05-31,37609.61
1977-06-01,37846.27
1977-06-02,37346.25
1977-06-03,37214.57
1977-06-06,37214.44
1977-06-07,37214.3
1977-06-08,37437.8
1977-06-09,36990.41
1977-06-10,36832.42
1977-06-13,36411.35
1977-06-14,36069.21
1977-06-15,36542.63
1977-06-16,36792.44
1977-06-17,36502.91
1977-06-20,36792.17
1977-06-21,37173.51
1977-06-22,36686.68
1977-06-23,36870.7
1977-06-24,37041.57
1977-06-27,37488.68
1977-06-28,37620.08
1977-06-29,37448.95
1977-06-30,37619.81
1977-07-01,37501.29
1977-07-05,37159.16
1977-07-06,36974.88
1977-07-07,37211.51
1977-07-08,37369.22
1977-07-11,37066.56
1977-07-12,37303.19
1977-07-13,37566.12
1977-07-15,38039.51
1977-07-18,37763.16
1977-07-19,38276
1977-07-20,38118.02
1977-07-21,37881.13
1977-07-22,38065.14
1977-07-25,38512.21
1977-07-26,38314.78
1977-07-27,38354.1
1977-07-28,37972.52
1977-07-29,37906.62
1977-08-01,37932.79
1977-08-02,38353.55
1977-08-03,38406.02
1977-08-04,38603.18
1977-08-05,38261.07
1977-08-08,38353
1977-08-09,38537
1977-08-10,38365.88
1977-08-11,38234.22
1977-08-12,38115.71
1977-08-15,37918.29
1977-08-16,37694.56
1977-08-17,37799.65
1977-08-18,37760.05
1977-08-19,38009.81
1977-08-22,37904.46
1977-08-23,37720.19
1977-08-24,37943.64
1977-08-25,37930.36
1977-08-26,38140.65
1977-08-29,38140.52
1977-08-30,38442.87
1977-08-31,38403.28
1977-09-01,38253.21
1977-09-02,38508.22
1977-09-06,38744.81
1977-09-07,38836.74
1977-09-08,38797.14
1977-09-09,38783.85
1977-09-12,39007.29
1977-09-13,38796.73
1977-09-14,38901.8
1977-09-15,38901.66
1977-09-16,39006.73
1977-09-19,39387.98
1977-09-20,39427.3
1977-09-21,39795.39
1977-09-22,39874.15
1977-09-23,39689.89
1977-09-26,40242.1
1977-09-27,40163.05
1977-09-28,40465.38
1977-09-29,40241.67
1977-09-30,40517.69
1977-10-03,40885.77
1977-10-04,40727.81
1977-10-05,40780.27
1977-10-06,40503.96
1977-10-07,40490.67
1977-10-10,41332.16
1977-10-11,41253.11
1977-10-12,41489.67
1977-10-13,41542.12
1977-10-14,41502.52
1977-10-17,42133.59
1977-10-18,42159.74
1977-10-19,42501.5
1977-10-20,42106.84
1977-10-21,42395.99
1977-10-24,42935
1977-10-25,42829.64
1977-10-26,42842.64
1977-10-27,42119.24
1977-10-28,42395.24
1977-10-31,42473.99
1977-11-01,42736.83
1977-11-02,42473.68
1977-11-03,43196.77
1977-11-04,43630.55
1977-11-07,43761.89
1977-11-08,43340.95
1977-11-09,44050.87
1977-11-10,43892.92
1977-11-11,44168.9
1977-11-14,43445.53
1977-11-15,42774.75
1977-11-16,42143.43
1977-11-17,41722.5
1977-11-18,42300.92
1977-11-21,41472.37
1977-11-22,41064.6
1977-11-23,41892.85
1977-11-25,41550.82
1977-11-28,42497.4
1977-11-29,41866.1
1977-11-30,42089.48
1977-12-01,42155.08
1977-12-02,41747.31
1977-12-05,41944.39
1977-12-06,42036.29
1977-12-07,42154.47
1977-12-08,42312.11
1977-12-09,41693.97
1977-12-12,41759.57
1977-12-13,41443.85
1977-12-14,42101.13
1977-12-15,41772.27
1977-12-16,42074.53
1977-12-19,42100.68
1977-12-20,41942.75
1977-12-21,42152.97
1977-12-22,41916.15
1977-12-23,41916
1977-12-27,41915.85
1977-12-28,43335.69
1977-12-29,43651.08
1977-12-30,43374.82
1978-01-03,44492.23
1978-01-04,45188.91
1978-01-05,43571.57
1978-01-06,44675.83
1978-01-09,44767.7
1978-01-10,45516.96
1978-01-11,45266.99
1978-01-12,45634.96
1978-01-13,45345.55
1978-01-16,45989.61
1978-01-17,45476.7
1978-01-18,45213.59
1978-01-19,45607.85
1978-01-20,45502.51
1978-01-23,46067.68
1978-01-24,46396.19
1978-01-25,46672.11
1978-01-26,46224.95
1978-01-27,46382.55
1978-01-30,46066.85
1978-01-31,46211.3
1978-02-01,46382.05
1978-02-02,45974.33
1978-02-03,46079.34
1978-02-06,46171.2
1978-02-07,46065.87
1978-02-08,45934.23
1978-02-09,45447.65
1978-02-10,45907.61
1978-02-13,46538.48
1978-02-14,46643.49
1978-02-15,46958.83
1978-02-16,47155.86
1978-02-17,47181.99
1978-02-21,47707.67
1978-02-22,47628.62
1978-02-23,48167.44
1978-02-24,47523.11
1978-02-27,47536.09
1978-02-28,47917.15
1978-03-01,47982.71
1978-03-02,48442.65
1978-03-03,48232.14
1978-03-06,48481.74
1978-03-07,48967.96
1978-03-08,49953.72
1978-03-09,49506.59
1978-03-10,48875.42
1978-03-13,49032.99
1978-03-14,49440.33
1978-03-15,48993.2
1978-03-16,48440.92
1978-03-17,48164.69
1978-03-20,47586.12
1978-03-21,46613.2
1978-03-22,47151.99
1978-03-23,47138.68
1978-03-27,47138.51
1978-03-28,48321.4
1978-03-29,47690.26
1978-03-30,47256.31
1978-03-31,47742.5
1978-04-03,48215.55
1978-04-04,47452.97
1978-04-05,46900.72
1978-04-06,47584.08
1978-04-07,47084.41
1978-04-10,46979.09
1978-04-11,47215.52
1978-04-12,47320.51
1978-04-13,46952.29
1978-04-14,46925.84
1978-04-17,45821.53
1978-04-18,45611.06
1978-04-19,45913.22
1978-04-20,44309.44
1978-04-21,44927.06
1978-04-24,44295.98
1978-04-25,44072.37
1978-04-26,44400.82
1978-04-27,44663.54
1978-04-28,44913.12
1978-05-01,44912.96
1978-05-02,44400.18
1978-05-03,44807.49
1978-05-04,45556.53
1978-05-05,45424.93
1978-05-08,45267.04
1978-05-09,45398.31
1978-05-10,45726.74
1978-05-11,46094.6
1978-05-12,45923.57
1978-05-15,46067.99
1978-05-16,46212.4
1978-05-17,46659.11
1978-05-18,46764.09
1978-05-19,47000.51
1978-05-22,47105.49
1978-05-23,47249.89
1978-05-24,47157.72
1978-05-25,46947.26
1978-05-26,47170.53
1978-05-30,47919.52
1978-05-31,48405.64
1978-06-01,48103.18
1978-06-02,48563.01
1978-06-05,48115.97
1978-06-06,47590.09
1978-06-07,48089.35
1978-06-08,47997.17
1978-06-09,47655.29
1978-06-12,47457.98
1978-06-13,47930.95
1978-06-14,48285.63
1978-06-15,47878.03
1978-06-16,48521.85
1978-06-19,48521.67
1978-06-20,49020.91
1978-06-21,48981.31
1978-06-22,48705.14
1978-06-23,48770.68
1978-06-26,48691.65
1978-06-27,48428.64
1978-06-28,48717.59
1978-06-29,48441.43
1978-06-30,48112.71
1978-07-03,48165.11
1978-07-05,48414.63
1978-07-06,48033.34
1978-07-07,48348.58
1978-07-10,48900.36
1978-07-11,48755.62
1978-07-12,48965.72
1978-07-13,49070.67
1978-07-14,48886.52
1978-07-17,48636.65
1978-07-18,48583.91
1978-07-19,48807.14
1978-07-20,49516.61
1978-07-21,50396.9
1978-07-24,51303.47
1978-07-25,50803.92
1978-07-26,51066.56
1978-07-27,51000.67
1978-07-28,52905.95
1978-07-31,52629.8
1978-08-01,53904.29
1978-08-02,53417.88
1978-08-03,53141.73
1978-08-04,52970.71
1978-08-07,53627.56
1978-08-08,54389.54
1978-08-09,54652.16
1978-08-10,54270.88
1978-08-11,55492.77
1978-08-14,56110.18
1978-08-15,56031.14
1978-08-16,56701.1
1978-08-17,54926.94
1978-08-18,55649.46
1978-08-21,53849.04
1978-08-22,54505.86
1978-08-23,52613.46
1978-08-24,53349.13
1978-08-25,52034.92
1978-08-28,52034.74
1978-08-29,52481.31
1978-08-30,53821.41
1978-08-31,54846.14
1978-09-01,54661.98
1978-09-05,55042.84
1978-09-06,55712.78
1978-09-07,55318.39
1978-09-08,54109.33
1978-09-11,54043.44
1978-09-12,54660.81
1978-09-13,55107.36
1978-09-14,54988.91
1978-09-15,55750.8
1978-09-18,55185.61
1978-09-19,55566.45
1978-09-20,56131.25
1978-09-21,56669.76
1978-09-22,56327.94
1978-09-25,57392.01
1978-09-26,57352.39
1978-09-27,56445.59
1978-09-28,57260.01
1978-09-29,57049.58
1978-10-02,57049.38
1978-10-03,58179.12
1978-10-04,58730.75
1978-10-05,58520.32
1978-10-06,58625.22
1978-10-09,58454.21
1978-10-10,59202.9
1978-10-11,59465.47
1978-10-12,59268.18
1978-10-13,58992.05
1978-10-16,58702.79
1978-10-17,59845.63
1978-10-18,60173.88
1978-10-19,59293.39
1978-10-20,59897.55
1978-10-23,59582.01
1978-10-24,59332.17
1978-10-25,60672.06
1978-10-26,61407.58
1978-10-27,61617.57
1978-10-30,63785.13
1978-10-31,63745.49
1978-11-01,59777.59
1978-11-02,58200.83
1978-11-03,56545.25
1978-11-06,55178.71
1978-11-07,56847.01
1978-11-08,57490.56
1978-11-09,56150.31
1978-11-10,54192.6
1978-11-13,54678.49
1978-11-14,55440.28
1978-11-15,53640.24
1978-11-16,51577.47
1978-11-17,52010.82
1978-11-20,52247.11
1978-11-21,52601.63
1978-11-22,52286.14
1978-11-24,53258.11
1978-11-27,52128.12
1978-11-28,51536.77
1978-11-29,51392.08
1978-11-30,50813.86
1978-12-01,51142.11
1978-12-04,52350.52
1978-12-05,51601.53
1978-12-06,51561.94
1978-12-07,52100.36
1978-12-08,53072.29
1978-12-11,54385.78
1978-12-12,53045.64
1978-12-13,53295.05
1978-12-14,53597
1978-12-15,54017.18
1978-12-18,55934.91
1978-12-19,56827.99
1978-12-20,56906.6
1978-12-21,55855.49
1978-12-22,56512.11
1978-12-26,56511.9
1978-12-27,57930.41
1978-12-28,57969.61
1978-12-29,59374.97
1979-01-02,59584.93
1979-01-03,57430.42
1979-01-04,58625.58
1979-01-05,59242.76
1979-01-08,58612.03
1979-01-09,58848.26
1979-01-10,57981.09
1979-01-11,57967.75
1979-01-12,57166.27
1979-01-15,56969.03
1979-01-16,57967.13
1979-01-17,59700.81
1979-01-18,60882.79
1979-01-19,60567.32
1979-01-22,61736.16
1979-01-23,60422.4
1979-01-24,62024.69
1979-01-25,61433.39
1979-01-26,61853.49
1979-01-29,61787.6
1979-01-30,61340.78
1979-01-31,61393.1
1979-02-01,60250.14
1979-02-02,60499.49
1979-02-05,63861.81
1979-02-06,64229.36
1979-02-07,66094.28
1979-02-08,65805.08
1979-02-09,64819.74
1979-02-12,64162.77
1979-02-13,63203.71
1979-02-14,63216.62
1979-02-15,65081.5
1979-02-16,64897.39
1979-02-20,64884.02
1979-02-21,65868.87
1979-02-22,66288.93
1979-02-23,65934.07
1979-02-26,65303.39
1979-02-27,65119.28
1979-02-28,66012.17
1979-03-01,65355.23
1979-03-02,65144.85
1979-03-05,62557.21
1979-03-06,62977.27
1979-03-07,63633.75
1979-03-08,62832.35
1979-03-09,63304.94
1979-03-12,63042.04
1979-03-13,62805.41
1979-03-14,62910.26
1979-03-15,63067.63
1979-03-16,64091.83
1979-03-19,63631.93
1979-03-20,63592.3
1979-03-21,63014.2
1979-03-22,63788.85
1979-03-23,63696.69
1979-03-26,64418.79
1979-03-27,64182.16
1979-03-28,64195.07
1979-03-29,63433.11
1979-03-30,63065.16
1979-04-02,62959.87
1979-04-03,63038.44
1979-04-04,62972.55
1979-04-05,63208.72
1979-04-06,62972.1
1979-04-09,63090.07
1979-04-10,62971.65
1979-04-11,62603.71
1979-04-12,61447.8
1979-04-16,61447.58
1979-04-17,60908.93
1979-04-18,61250.16
1979-04-19,63272.35
1979-04-20,62090.2
1979-04-23,62208.17
1979-04-24,62956.49
1979-04-25,63507.83
1979-04-26,63612.66
1979-04-27,64006.4
1979-04-30,64426.4
1979-05-01,64951.46
1979-05-02,64688.58
1979-05-03,64740.88
1979-05-04,65252.8
1979-05-07,65252.57
1979-05-08,65383.65
1979-05-09,65120.78
1979-05-10,66249.89
1979-05-11,66052.67
1979-05-14,65921.12
1979-05-15,67102.74
1979-05-16,67365.13
1979-05-17,67443.68
1979-05-18,67338.39
1979-05-21,68808.87
1979-05-22,69701.57
1979-05-23,69373.03
1979-05-24,69267.74
1979-05-25,71066.48
1979-05-29,71906.63
1979-05-30,70974.05
1979-05-31,72116.21
1979-06-01,72247.27
1979-06-04,71669.24
1979-06-05,72154.83
1979-06-06,73533.33
1979-06-07,72495.72
1979-06-08,73532.81
1979-06-11,74149.69
1979-06-12,72941.39
1979-06-13,72639.13
1979-06-14,73269.14
1979-06-15,73531.49
1979-06-18,73006
1979-06-19,73609.75
1979-06-20,73885.23
1979-06-21,74134.44
1979-06-22,74436.18
1979-06-25,74540.96
1979-06-26,73910.43
1979-06-27,74002.08
1979-06-28,72452.45
1979-06-29,72872.36
1979-07-02,74185.11
1979-07-03,73882.85
1979-07-05,75694.54
1979-07-06,76219.47
1979-07-09,75588.96
1979-07-10,76284.57
1979-07-11,76231.78
1979-07-12,76349.68
1979-07-13,75482.84
1979-07-16,76887.45
1979-07-17,77806.25
1979-07-18,79342.15
1979-07-19,78554.09
1979-07-20,78448.77
1979-07-23,80063.42
1979-07-24,80155.04
1979-07-25,79655.83
1979-07-26,80141.34
1979-07-27,80298.6
1979-07-30,79142.94
1979-07-31,77842.86
1979-08-01,76175.18
1979-08-02,76542.52
1979-08-03,75229.34
1979-08-06,74231.27
1979-08-07,74861.19
1979-08-08,75884.98
1979-08-09,78011.59
1979-08-10,79757.45
1979-08-13,78444.29
1979-08-14,76671.62
1979-08-15,79257.71
1979-08-16,78207.13
1979-08-17,78915.79
1979-08-20,78442.88
1979-08-21,78902.1
1979-08-22,81658.8
1979-08-23,81409.07
1979-08-24,82642.84
1979-08-27,82642.55
1979-08-28,83167.39
1979-08-29,82760.11
1979-08-30,83796.94
1979-08-31,82733.27
1979-09-04,85332.33
1979-09-05,86382.27
1979-09-06,88088.61
1979-09-07,86421.04
1979-09-10,88298.02
1979-09-11,89137.89
1979-09-12,88507.44
1979-09-13,87417.52
1979-09-14,90791.03
1979-09-17,92352.9
1979-09-18,98653.83
1979-09-19,96881.26
1979-09-20,99768.97
1979-09-21,96880.56
1979-09-24,99873.27
1979-09-25,98901.49
1979-09-26,98126.62
1979-09-27,103836.65
1979-09-28,104295.73
1979-10-01,108889.89
1979-10-02,111843.11
1979-10-03,105541.69
1979-10-04,100815.57
1979-10-05,101077.75
1979-10-08,97664.37
1979-10-09,101287.06
1979-10-10,108427.72
1979-10-11,105408.16
1979-10-12,103701.3
1979-10-15,105774.96
1979-10-16,103503.66
1979-10-17,101337.39
1979-10-18,99893.1
1979-10-19,103174.39
1979-10-22,102911.49
1979-10-23,101073.42
1979-10-24,103698.34
1979-10-25,102857.88
1979-10-26,98447.07
1979-10-29,98184.19
1979-10-30,99128.93
1979-10-31,100283.68
1979-11-01,99364.49
1979-11-02,97867.76
1979-11-05,100020.08
1979-11-06,100886.04
1979-11-07,103694.63
1979-11-08,102250.41
1979-11-09,102250.05
1979-11-12,103234.12
1979-11-13,101645.53
1979-11-14,102380.21
1979-11-15,101329.79
1979-11-16,102471.36
1979-11-19,102339.74
1979-11-20,101788.1
1979-11-21,103992.82
1979-11-23,102903.03
1979-11-26,103755.82
1979-11-27,103361.69
1979-11-28,107942.04
1979-11-29,108072.91
1979-11-30,109109.42
1979-12-03,112547.82
1979-12-04,113190.55
1979-12-05,111930.13
1979-12-06,113859.11
1979-12-07,112979.33
1979-12-10,113175.8
1979-12-11,116942.24
1979-12-12,117138.69
1979-12-13,120432.6
1979-12-14,119907.18
1979-12-17,123240.42
1979-12-18,125405.55
1979-12-19,128226.89
1979-12-20,123764.08
1979-12-21,124183.62
1979-12-24,124183.18
1979-12-26,124182.74
1979-12-27,124182.29
1979-12-28,134392.57
1979-12-31,134392.09
1980-01-02,146859.62
1980-01-03,166414.13
1980-01-04,154339.33
1980-01-07,166281.7
1980-01-08,160112.8
1980-01-09,159377.29
1980-01-10,158234.93
1980-01-11,163523.3
1980-01-14,173234.38
1980-01-15,179533.19
1980-01-16,199480.68
1980-01-17,196855.22
1980-01-18,219164.78
1980-01-21,223101.09
1980-01-22,193572.21
1980-01-23,182416.51
1980-01-24,188190.19
1980-01-25,175328.54
1980-01-28,163779.33
1980-01-29,176967.7
1980-01-30,181363.38
1980-01-31,171389.06
1980-02-01,177556.35
1980-02-04,175784.09
1980-02-05,178998.63
1980-02-06,186084.44
1980-02-07,183524.79
1980-02-08,181621.3
1980-02-11,186476.14
1980-02-12,182276.15
1980-02-13,182866.02
1980-02-14,178994.15
1980-02-15,175056.69
1980-02-19,171184.87
1980-02-20,159045.81
1980-02-21,174529.9
1980-02-22,165343.5
1980-02-25,161799.83
1980-02-26,168557.32
1980-02-27,166916.41
1980-02-28,169540.29
1980-02-29,167177.67
1980-03-03,166324.12
1980-03-04,165667.42
1980-03-05,168881.76
1980-03-06,164288.41
1980-03-07,159826.32
1980-03-10,153527.17
1980-03-11,149655.64
1980-03-12,153709.78
1980-03-13,146046.05
1980-03-14,137253.9
1980-03-17,127018.41
1980-03-18,126361.87
1980-03-19,138302.16
1980-03-20,147224.39
1980-03-21,137776.31
1980-03-24,146501.65
1980-03-25,143614.39
1980-03-26,133182.32
1980-03-27,127342.81
1980-03-28,128588.89
1980-03-31,129769.35
1980-04-01,133705.27
1980-04-02,131342.97
1980-04-03,127471.75
1980-04-07,127471.3
1980-04-08,138558.15
1980-04-09,145380.6
1980-04-10,138032.32
1980-04-11,139212.72
1980-04-14,139015.41
1980-04-15,130551.96
1980-04-16,136455.85
1980-04-17,134618.46
1980-04-18,135300.26
1980-04-21,132780.61
1980-04-22,131835.45
1980-04-23,132910.86
1980-04-24,135324.57
1980-04-25,144718.34
1980-04-28,137567.19
1980-04-29,134811.42
1980-04-30,135926.17
1980-05-01,128578.32
1980-05-02,134481.97
1980-05-05,134481.49
1980-05-06,134481.01
1980-05-07,133824.52
1980-05-08,135332.85
1980-05-09,133364.37
1980-05-12,134675.88
1980-05-13,134347.41
1980-05-14,137758.09
1980-05-15,135658.43
1980-05-16,135526.75
1980-05-19,134804.68
1980-05-20,133229.83
1980-05-21,134738.12
1980-05-22,131457.74
1980-05-23,134146.77
1980-05-27,135077.78
1980-05-28,138147.25
1980-05-29,136336.28
1980-05-30,140507.74
1980-06-02,147329.28
1980-06-03,144967.28
1980-06-04,149952.07
1980-06-05,152640.96
1980-06-06,156641.75
1980-06-09,163659.89
1980-06-10,158477.29
1980-06-11,156377.69
1980-06-12,154802.86
1980-06-13,159630.06
1980-06-16,156113.64
1980-06-17,155260.36
1980-06-18,158080.33
1980-06-19,157161.46
1980-06-20,158184.15
1980-06-23,156504.41
1980-06-24,158209.26
1980-06-25,163324.91
1980-06-26,163849.07
1980-06-27,167259.27
1980-06-30,171456.56
1980-07-01,173161.33
1980-07-02,173554.26
1980-07-03,174078.37
1980-07-07,175127.2
1980-07-08,180373.83
1980-07-09,176044.22
1980-07-10,172239.35
1980-07-11,174993.52
1980-07-14,170532.79
1980-07-15,162530.26
1980-07-16,163907.05
1980-07-17,164562.36
1980-07-18,158986.72
1980-07-21,162003.22
1980-07-22,160822.06
1980-07-23,165609.41
1980-07-24,168691.45
1980-07-25,170986.42
1980-07-28,168821.42
1980-07-29,169673.45
1980-07-30,165016.17
1980-07-31,161145.97
1980-08-01,163178.57
1980-08-04,165473.51
1980-08-05,165407.33
1980-08-06,164685.3
1980-08-07,165143.81
1980-08-08,165274.39
1980-08-11,161863.37
1980-08-12,158714.72
1980-08-13,161403.13
1980-08-14,164222.68
1980-08-15,163828.59
1980-08-18,160614.39
1980-08-19,163696.25
1980-08-20,166515.75
1980-08-21,169269.65
1980-08-22,167681.94
1980-08-25,167681.34
1980-08-26,164965.63
1980-08-27,166276.68
1980-08-28,166656.46
1980-08-29,165593.44
1980-09-02,167888.21
1980-09-03,167035.05
1980-09-04,169788.86
1980-09-05,170771.97
1980-09-08,176280.13
1980-09-09,175886.02
1980-09-10,180082.52
1980-09-11,176802.88
1980-09-12,179818.91
1980-09-15,174834.23
1980-09-16,175227.08
1980-09-17,176538.04
1980-09-18,176275.09
1980-09-19,176799.09
1980-09-22,186241.73
1980-09-23,186503.38
1980-09-24,186371.56
1980-09-25,183026.44
1980-09-26,183288.09
1980-09-29,178172.42
1980-09-30,174892.94
1980-10-01,178892.49
1980-10-02,174629.38
1980-10-03,173251.66
1980-10-06,177185.6
1980-10-07,177880.07
1980-10-08,177577.79
1980-10-09,180987.07
1980-10-10,179740.49
1980-10-13,178297.21
1980-10-14,175345.71
1980-10-15,177836.91
1980-10-16,176787.09
1980-10-17,175868.43
1980-10-20,172326.82
1980-10-21,171145.89
1980-10-22,173112.47
1980-10-23,166423.42
1980-10-24,166029.39
1980-10-27,167143.52
1980-10-28,165700.34
1980-10-29,168912.77
1980-10-30,168518.74
1980-10-31,164977.28
1980-11-03,167992.96
1980-11-05,171008.63
1980-11-06,165762.36
1980-11-07,156319.61
1980-11-10,160646.69
1980-11-11,156974.19
1980-11-12,162481.5
1980-11-13,163136.61
1980-11-14,160644.39
1980-11-17,160447.11
1980-11-18,162348.04
1980-11-19,165166.91
1980-11-20,165363.02
1980-11-21,166477.09
1980-11-24,165492.98
1980-11-25,161623.89
1980-11-26,163393.64
1980-11-28,162540.68
1980-12-01,166539.69
1980-12-02,164440.96
1980-12-03,164505.93
1980-12-04,165619.97
1980-12-05,161816.55
1980-12-08,161881.54
1980-12-09,158405.98
1980-12-10,151848.88
1980-12-11,146340.86
1980-12-12,147586.07
1980-12-15,151847.25
1980-12-16,147126.07
1980-12-17,150928.26
1980-12-18,150403.21
1980-12-19,150796.06
1980-12-22,155975.04
1980-12-23,158006.94
1980-12-24,158006.38
1980-12-26,158005.81
1980-12-29,155710.56
1980-12-30,154661
1980-12-31,154660.45
1981-01-02,154659.9
1981-01-05,156691.76
1981-01-06,157150.13
1981-01-07,153412.58
1981-01-08,150724.03
1981-01-09,151510.22
1981-01-12,147379.37
1981-01-13,147575.53
1981-01-14,145936
1981-01-15,149869.07
1981-01-16,147049.47
1981-01-19,148622.37
1981-01-20,147376.22
1981-01-21,151571.45
1981-01-22,147899.63
1981-01-23,145014.54
1981-01-26,138589.32
1981-01-27,137408.79
1981-01-28,137277.18
1981-01-29,129475.36
1981-01-30,132818.31
1981-02-02,129408.88
1981-02-03,127507.27
1981-02-04,132423.55
1981-02-05,130718.62
1981-02-06,131242.6
1981-02-09,134388.8
1981-02-10,136223.88
1981-02-11,131372.3
1981-02-12,128552.97
1981-02-13,128880.28
1981-02-17,131305.34
1981-02-18,132419.29
1981-02-19,131959.94
1981-02-20,134122.75
1981-02-23,131500.12
1981-02-24,131892.97
1981-02-25,131236.97
1981-02-26,129007.7
1981-02-27,128220.61
1981-03-02,122058.22
1981-03-03,123499.93
1981-03-04,122057.35
1981-03-05,121008.09
1981-03-06,122449.79
1981-03-09,124350.34
1981-03-10,127758.55
1981-03-11,124873.85
1981-03-12,125332.26
1981-03-13,129002.63
1981-03-16,131034.23
1981-03-17,129329.46
1981-03-18,132672.03
1981-03-19,133720.35
1981-03-20,135489.7
1981-03-23,137914.53
1981-03-24,140601.53
1981-03-25,138437.93
1981-03-26,141452.66
1981-03-27,141255.51
1981-03-30,138043.16
1981-03-31,134699.74
1981-04-01,134830.35
1981-04-02,136206.36
1981-04-03,137123.53
1981-04-06,139941.55
1981-04-07,134828.43
1981-04-08,133320.39
1981-04-09,131877.9
1981-04-10,129386.69
1981-04-13,124208.14
1981-04-14,126632.87
1981-04-15,124862.7
1981-04-16,126500.88
1981-04-20,126500.42
1981-04-21,126106.71
1981-04-22,131349.78
1981-04-23,128072.12
1981-04-24,129644.71
1981-04-27,126629.25
1981-04-28,126563.26
1981-04-29,125120.86
1981-04-30,126562.35
1981-05-01,127807.2
1981-05-04,127806.75
1981-05-05,124856.91
1981-05-06,126363.92
1981-05-07,125249.26
1981-05-08,127346.13
1981-05-11,129246.37
1981-05-12,126886.44
1981-05-13,126951.53
1981-05-14,124919.32
1981-05-15,127147.24
1981-05-18,126294.77
1981-05-19,126228.78
1981-05-20,125769.55
1981-05-21,124523.86
1981-05-22,123933.56
1981-05-26,122294.66
1981-05-27,122359.76
1981-05-28,125570.69
1981-05-29,125635.78
1981-06-01,126683.93
1981-06-02,124258.6
1981-06-03,124651.37
1981-06-04,121243.01
1981-06-05,120587.2
1981-06-08,124125.75
1981-06-09,120717.42
1981-06-10,121962.17
1981-06-11,121699.59
1981-06-12,123730.76
1981-06-15,123664.78
1981-06-16,120977.4
1981-06-17,121042.5
1981-06-18,120321.19
1981-06-19,120124.16
1981-06-22,121106.74
1981-06-23,122285.92
1981-06-24,121105.88
1981-06-25,117042.37
1981-06-26,115862.35
1981-06-29,112388.69
1981-06-30,111667.43
1981-07-01,110618.51
1981-07-02,108652.14
1981-07-06,105833.88
1981-07-07,106161.16
1981-07-08,104260.36
1981-07-09,106488.06
1981-07-10,109174.45
1981-07-13,108256.63
1981-07-14,105438.42
1981-07-15,108059.26
1981-07-16,109631.6
1981-07-17,108779.32
1981-07-20,108123.64
1981-07-21,106419.48
1981-07-22,107860.75
1981-07-23,106877.43
1981-07-24,106811.52
1981-07-27,107138.78
1981-07-28,105238.07
1981-07-29,105237.7
1981-07-30,105433.91
1981-07-31,106416.44
1981-08-03,102877.59
1981-08-04,102549.58
1981-08-05,102850.64
1981-08-06,103073.06
1981-08-07,104121.12
1981-08-10,103203.38
1981-08-11,105103.26
1981-08-12,109427.59
1981-08-13,106740.65
1981-08-14,108247.35
1981-08-17,107853.81
1981-08-18,110081.27
1981-08-19,113095.01
1981-08-20,112439.36
1981-08-21,112570.01
1981-08-24,110603.89
1981-08-25,107392.84
1981-08-26,108506.35
1981-08-27,107916.25
1981-08-28,111388.58
1981-08-31,111388.19
1981-09-01,110470.47
1981-09-02,112697.83
1981-09-03,114401
1981-09-04,115186.86
1981-09-08,115055.4
1981-09-09,114465.3
1981-09-10,118330.63
1981-09-11,117478.44
1981-09-14,118264.27
1981-09-15,119508.73
1981-09-16,117673.74
1981-09-17,120294.12
1981-09-18,117148.74
1981-09-21,121472.61
1981-09-22,121079.06
1981-09-23,119637.21
1981-09-24,116950.51
1981-09-25,118063.91
1981-09-28,110463.37
1981-09-29,113149.21
1981-09-30,112362.6
1981-10-01,114458.76
1981-10-02,113999.73
1981-10-05,115637.25
1981-10-06,116095.45
1981-10-07,116750.2
1981-10-08,116160.14
1981-10-09,118845.89
1981-10-12,117797.21
1981-10-13,116158.89
1981-10-14,116420.54
1981-10-15,117049.07
1981-10-16,116288.68
1981-10-19,114440.75
1981-10-20,114597.57
1981-10-21,112422.09
1981-10-22,113666.46
1981-10-23,113338.48
1981-10-26,111634.72
1981-10-27,112001.2
1981-10-28,112891.78
1981-10-29,111240.45
1981-10-30,111895.18
1981-11-02,112680.93
1981-11-03,112221.94
1981-11-04,113007.68
1981-11-05,112286.65
1981-11-06,112220.74
1981-11-09,112613.4
1981-11-10,109665.01
1981-11-11,107961.34
1981-11-12,107829.93
1981-11-13,108091.59
1981-11-16,105929.37
1981-11-17,104487.77
1981-11-18,105797.59
1981-11-19,105076.61
1981-11-20,105207.25
1981-11-23,103962.21
1981-11-24,104616.92
1981-11-25,107302.4
1981-11-27,107826.08
1981-11-30,108611.79
1981-12-01,105467.03
1981-12-02,106580.28
1981-12-03,109134.68
1981-12-04,111623.56
1981-12-07,109199.41
1981-12-08,108805.98
1981-12-09,107495.47
1981-12-10,106250.47
1981-12-11,107363.69
1981-12-14,109393.98
1981-12-15,108279.99
1981-12-16,109196.68
1981-12-17,109065.28
1981-12-18,108933.88
1981-12-21,107557.9
1981-12-22,104701.53
1981-12-23,104910.77
1981-12-24,104910.4
1981-12-28,104910.02
1981-12-29,103494.78
1981-12-30,104149.44
1981-12-31,104149.06
1982-01-04,103493.67
1982-01-05,105720.38
1982-01-06,105195.98
1982-01-07,103885.57
1982-01-08,104867.72
1982-01-11,101723.28
1982-01-12,101919.42
1982-01-13,99561.02
1982-01-14,98185.15
1982-01-15,99363.81
1982-01-18,97922.45
1982-01-19,98315.1
1982-01-20,97332.25
1982-01-21,98510.9
1982-01-22,98838.04
1982-01-25,97462.21
1982-01-26,98640.84
1982-01-27,100015.96
1982-01-28,100474.09
1982-01-29,101390.7
1982-02-01,99425.41
1982-02-02,99333.35
1982-02-03,99031.71
1982-02-04,100537.79
1982-02-05,100668.43
1982-02-08,99489.13
1982-02-09,99161.29
1982-02-10,100117.18
1982-02-11,99553.56
1982-02-12,98898.24
1982-02-16,98308.43
1982-02-17,97980.6
1982-02-18,96735.85
1982-02-19,96735.5
1982-02-22,95425.26
1982-02-23,94573.5
1982-02-24,95031.62
1982-02-25,96000.59
1982-02-26,94991.64
1982-03-01,94637.64
1982-03-02,94637.3
1982-03-03,92672.18
1982-03-04,90772.56
1982-03-05,89698.16
1982-03-08,86580.4
1982-03-09,86252.64
1982-03-10,87234.7
1982-03-11,86906.93
1982-03-12,84679.92
1982-03-15,81732.52
1982-03-16,85006.77
1982-03-17,82779.79
1982-03-18,83827.34
1982-03-19,82713.7
1982-03-22,84036.3
1982-03-23,86249.55
1982-03-24,86904.14
1982-03-25,85856
1982-03-26,84414.94
1982-03-29,83432.31
1982-03-30,84938.24
1982-03-31,83824.64
1982-04-01,85658.01
1982-04-02,85854.16
1982-04-05,88407.87
1982-04-06,90503.15
1982-04-07,92729.39
1982-04-08,92074.19
1982-04-12,92073.86
1982-04-13,92597.42
1982-04-14,96067.86
1982-04-15,95150.71
1982-04-16,95019.4
1982-04-19,93512.89
1982-04-20,89845.39
1982-04-21,90827.34
1982-04-22,90368.62
1982-04-23,92267.35
1982-04-26,93511.22
1982-04-27,92135.72
1982-04-28,92855.72
1982-04-29,91349.26
1982-04-30,94623.1
1982-05-03,94622.77
1982-05-04,89514.76
1982-05-05,88636.98
1982-05-06,87615.13
1982-05-07,87680.3
1982-05-10,86173.91
1982-05-11,87024.86
1982-05-12,86828.1
1982-05-13,86696.83
1982-05-14,87285.85
1982-05-17,88660.64
1982-05-18,88529.36
1982-05-19,89576.73
1982-05-20,89707.37
1982-05-21,88659.37
1982-05-24,86170.83
1982-05-25,85882.41
1982-05-26,86497.61
1982-05-27,84925.81
1982-05-28,85187.42
1982-06-01,83484.67
1982-06-02,83418.9
1982-06-03,83903.14
1982-06-04,83483.78
1982-06-07,85185.9
1982-06-08,86102.27
1982-06-09,85381.72
1982-06-10,85577.84
1982-06-11,85184.68
1982-06-14,84005.8
1982-06-15,82499.55
1982-06-16,83023.06
1982-06-17,80927.55
1982-06-18,80861.78
1982-06-21,77718.69
1982-06-22,79617.18
1982-06-23,79616.9
1982-06-24,81253.47
1982-06-25,80009.17
1982-06-28,79550.57
1982-06-29,80925.24
1982-06-30,83151.04
1982-07-01,81252.02
1982-07-02,81906.46
1982-07-06,81447.86
1982-07-07,80334.54
1982-07-08,82102
1982-07-09,86030.03
1982-07-12,89827.1
1982-07-13,92314.7
1982-07-14,92379.84
1982-07-15,91724.8
1982-07-16,90873.35
1982-07-19,91003.96
1982-07-20,91069.11
1982-07-21,95979.05
1982-07-22,92443.33
1982-07-23,95127.26
1982-07-26,92246.26
1982-07-27,91984.05
1982-07-28,90870.75
1982-07-29,89691.99
1982-07-30,89796.42
1982-08-02,92008.93
1982-08-03,91458.67
1982-08-04,90672.72
1982-08-05,90737.87
1982-08-06,90279.27
1982-08-09,87987.6
1982-08-10,88576.49
1982-08-11,87332.3
1982-08-12,87659.32
1982-08-13,88510.07
1982-08-16,89491.74
1982-08-17,88443.97
1982-08-18,93680.9
1982-08-19,93392.52
1982-08-20,101208.72
1982-08-23,103303.23
1982-08-24,106772.49
1982-08-25,105004.57
1982-08-26,109193.9
1982-08-27,109455.37
1982-08-30,109454.98
1982-08-31,107752.54
1982-09-01,106115.57
1982-09-02,107293.53
1982-09-03,119141.91
1982-09-07,125949.59
1982-09-08,119926.61
1982-09-09,122020.97
1982-09-10,118616.51
1982-09-13,114950.24
1982-09-14,118942.97
1982-09-15,116062.25
1982-09-16,117436.52
1982-09-17,115603.2
1982-09-20,111086.01
1982-09-21,111674.76
1982-09-22,116191.1
1982-09-23,114122.16
1982-09-24,112851.83
1982-09-27,108334.74
1982-09-28,107483.38
1982-09-29,107286.62
1982-09-30,103947.85
1982-10-01,105256.65
1982-10-04,101459.7
1982-10-05,102179.38
1982-10-06,105779.18
1982-10-07,109575.33
1982-10-08,113371.46
1982-10-11,112585.57
1982-10-12,115530.72
1982-10-13,112257.48
1982-10-14,117297.22
1982-10-15,113238.52
1982-10-18,112125.37
1982-10-19,115594.11
1982-10-20,110488.18
1982-10-21,113236.9
1982-10-22,112058.31
1982-10-25,109596.82
1982-10-26,109766.61
1982-10-27,109373.49
1982-10-28,109504.01
1982-10-29,110812.69
1982-11-01,111859.55
1982-11-02,112840.95
1982-11-03,111924.2
1982-11-04,111203.82
1982-11-05,109305.3
1982-11-08,106621.37
1982-11-09,107144.61
1982-11-10,107602.39
1982-11-11,105049.39
1982-11-12,104198.15
1982-11-15,105572.25
1982-11-16,106684.54
1982-11-17,107993.17
1982-11-18,106945.58
1982-11-19,109327.58
1982-11-22,107468.41
1982-11-23,106289.93
1982-11-24,107140.4
1982-11-26,109365.29
1982-11-29,113619.08
1982-11-30,114142.27
1982-12-01,115254.48
1982-12-02,116824.83
1982-12-03,115515.45
1982-12-06,116562.21
1982-12-07,118983.35
1982-12-08,116495.93
1982-12-09,114532.1
1982-12-10,114073.56
1982-12-13,114858.51
1982-12-14,117646.12
1982-12-15,114530.46
1982-12-16,115249.96
1982-12-17,114398.75
1982-12-20,115249.13
1982-12-21,115772.28
1982-12-22,117080.77
1982-12-23,116687.68
1982-12-27,116687.27
1982-12-28,116686.85
1982-12-29,120547.64
1982-12-30,119604.81
1982-12-31,119604.39
1983-01-03,119603.96
1983-01-04,117666.41
1983-01-05,118843.97
1983-01-06,118974.43
1983-01-07,121722.59
1983-01-10,124078.07
1983-01-11,126826.19
1983-01-12,125778.67
1983-01-13,127806.91
1983-01-14,126497.63
1983-01-17,130489.08
1983-01-18,126954.81
1983-01-19,129702.86
1983-01-20,127542.87
1983-01-21,126953.45
1983-01-24,124597.16
1983-01-25,127934.14
1983-01-26,127344.73
1983-01-27,129961.84
1983-01-28,129241.55
1983-01-31,130746.18
1983-02-01,133101.5
1983-02-02,130418.05
1983-02-03,131791.79
1983-02-04,130482.56
1983-02-07,128322.65
1983-02-08,130154.44
1983-02-09,128845.23
1983-02-10,129826.33
1983-02-11,132050.71
1983-02-14,131003.25
1983-02-15,133293.05
1983-02-16,133096.27
1983-02-17,132114.26
1983-02-18,131786.61
1983-02-22,127074.8
1983-02-23,123082.81
1983-02-24,124325.63
1983-02-25,121642.37
1983-02-28,106919.22
1983-03-01,108358.38
1983-03-02,112545.76
1983-03-03,112414.49
1983-03-04,107964.62
1983-03-07,110123.53
1983-03-08,109272.51
1983-03-09,111496.83
1983-03-10,113786.56
1983-03-11,110056.52
1983-03-14,112149.95
1983-03-15,113719.91
1983-03-16,109662.76
1983-03-17,109008.05
1983-03-18,110381.71
1983-03-21,108483.83
1983-03-22,110250.06
1983-03-23,107305.31
1983-03-24,108744.38
1983-03-25,107762.55
1983-03-28,106977.01
1983-03-29,108023.5
1983-03-30,109397.12
1983-03-31,108546.16
1983-04-04,108545.77
1983-04-05,111685.95
1983-04-06,112143.54
1983-04-07,111423.44
1983-04-08,110245.34
1983-04-11,111684.35
1983-04-12,113254.21
1983-04-13,112337.82
1983-04-14,113973.09
1983-04-15,114234.39
1983-04-18,115935.07
1983-04-19,115018.69
1983-04-20,113513.48
1983-04-21,115017.87
1983-04-22,114363.2
1983-04-25,115540.45
1983-04-26,113969.83
1983-04-27,113642.3
1983-04-28,112137.14
1983-04-29,112333.01
1983-05-02,112332.61
1983-05-03,113444.41
1983-05-04,113247.73
1983-05-05,113509.02
1983-05-06,112854.39
1983-05-09,113573.63
1983-05-10,116124.71
1983-05-11,115928.03
1983-05-12,115077.13
1983-05-13,115469.25
1983-05-16,114160.4
1983-05-17,115337.58
1983-05-18,115860.54
1983-05-19,115820.87
1983-05-20,114812.98
1983-05-23,113242.48
1983-05-24,114301.88
1983-05-25,115596.79
1983-05-26,115138.44
1983-05-27,114418.41
1983-05-31,114483.42
1983-06-01,107286.91
1983-06-02,107940.72
1983-06-03,107678.66
1983-06-06,106697
1983-06-07,104734.07
1983-06-08,105453.29
1983-06-09,106695.85
1983-06-10,107611.32
1983-06-13,108068.85
1983-06-14,106733.96
1983-06-15,106825.16
1983-06-16,107936.86
1983-06-17,108721.47
1983-06-20,108786.5
1983-06-21,108524.45
1983-06-22,110028.62
1983-06-23,110028.22
1983-06-24,110812.81
1983-06-27,109765.78
1983-06-28,108849.58
1983-06-29,108548.29
1983-06-30,108848.8
1983-07-01,108913.83
1983-07-05,107474.34
1983-07-06,107709.44
1983-07-07,107866.05
1983-07-08,111463.38
1983-07-11,112640.41
1983-07-12,112247.54
1983-07-13,111789.25
1983-07-14,111527.2
1983-07-15,110480.21
1983-07-18,110519.07
1983-07-19,110871.89
1983-07-20,112048.9
1983-07-21,112440.96
1983-07-22,110805.29
1983-07-25,110412.44
1983-07-26,111327.78
1983-07-27,111523.62
1983-07-28,111326.99
1983-07-29,110410.86
1983-08-01,107597.86
1983-08-02,108382.39
1983-08-03,107531.69
1983-08-04,108316.21
1983-08-05,107203.88
1983-08-08,106876.45
1983-08-09,108053.41
1983-08-10,106810.28
1983-08-11,107725.61
1983-08-12,107908.36
1983-08-15,108836.75
1983-08-16,110013.69
1983-08-17,110536.54
1983-08-18,110274.52
1983-08-19,109293.04
1983-08-22,110339.14
1983-08-23,111555.29
1983-08-24,110927
1983-08-25,110730.39
1983-08-26,109094.87
1983-08-29,109094.48
1983-08-30,109381.87
1983-08-31,108374.26
1983-09-01,108988.67
1983-09-02,109223.73
1983-09-06,109419.55
1983-09-07,108111.1
1983-09-08,108306.92
1983-09-09,108502.74
1983-09-12,108763.97
1983-09-13,106409.1
1983-09-14,105100.68
1983-09-15,106015.92
1983-09-16,106080.95
1983-09-19,107846.4
1983-09-20,107872.18
1983-09-21,107584.03
1983-09-22,106668.04
1983-09-23,108041.07
1983-09-26,108563.88
1983-09-27,107844.09
1983-09-28,108196.87
1983-09-29,106927.73
1983-09-30,105946.36
1983-10-03,101760.45
1983-10-04,102937.26
1983-10-05,101890.52
1983-10-06,103067.32
1983-10-07,103956.37
1983-10-10,104897.72
1983-10-11,104374.17
1983-10-12,103262.04
1983-10-13,104281.87
1983-10-14,104307.65
1983-10-17,103326.33
1983-10-18,103914.53
1983-10-19,103064.01
1983-10-20,101951.91
1983-10-21,103128.67
1983-10-24,103193.7
1983-10-25,104108.86
1983-10-26,102695.96
1983-10-27,100576.8
1983-10-28,101426.57
1983-10-31,99922.14
1983-11-01,98810.08
1983-11-02,100183
1983-11-03,98809.38
1983-11-04,99659.14
1983-11-07,99135.64
1983-11-08,99985.39
1983-11-09,100181.21
1983-11-10,99866.97
1983-11-11,99918.93
1983-11-14,100075.51
1983-11-15,100245.17
1983-11-16,100244.81
1983-11-17,98282.72
1983-11-18,98151.58
1983-11-21,97889.67
1983-11-22,98477.84
1983-11-23,98281.31
1983-11-25,98372.51
1983-11-28,103119.46
1983-11-29,102399.81
1983-11-30,105930.47
1983-12-01,104426.14
1983-12-02,104818.1
1983-12-05,103902.28
1983-12-06,103836.52
1983-12-07,104555.42
1983-12-08,104881.99
1983-12-09,101677.61
1983-12-12,102331.13
1983-12-13,101794.59
1983-12-14,101741.91
1983-12-15,101676.16
1983-12-16,98668.02
1983-12-19,98079.19
1983-12-20,98889.62
1983-12-21,99020.04
1983-12-22,99098.15
1983-12-23,99097.8
1983-12-27,99097.44
1983-12-28,98861.7
1983-12-29,100012.12
1983-12-30,100011.76
1984-01-03,100168.33
1984-01-04,97814.15
1984-01-05,98140.72
1984-01-06,98140.37
1984-01-09,95524.68
1984-01-10,97093.54
1984-01-11,96177.83
1984-01-12,96373.63
1984-01-13,97615.55
1984-01-16,96529.86
1984-01-17,96176.45
1984-01-18,96437.64
1984-01-19,98006.45
1984-01-20,97090.76
1984-01-23,97116.57
1984-01-24,95481.7
1984-01-25,95847.49
1984-01-26,95977.91
1984-01-27,96762.13
1984-01-30,96722.55
1984-01-31,97742.13
1984-02-01,98892.46
1984-02-02,100225.84
1984-02-03,100186.25
1984-02-06,99584.41
1984-02-07,99309.47
1984-02-08,101008.94
1984-02-09,100158.67
1984-02-10,98759.23
1984-02-13,98549.67
1984-02-14,98327.03
1984-02-15,100157.24
1984-02-16,100392.24
1984-02-17,99934.24
1984-02-21,101725.2
1984-02-22,103359.24
1984-02-23,104143.38
1984-02-24,103489.25
1984-02-27,102900.5
1984-02-28,104403.76
1984-02-29,103095.89
1984-03-01,102703.27
1984-03-02,104337.27
1984-03-05,106128.15
1984-03-06,105251.76
1984-03-07,104270.78
1984-03-08,103878.16
1984-03-09,104570.75
1984-03-12,103485.18
1984-03-13,103877.05
1984-03-14,104530.41
1984-03-15,103157.21
1984-03-16,102699.24
1984-03-19,102921.14
1984-03-20,102986.14
1984-03-21,102593.55
1984-03-22,101808.72
1984-03-23,101429.21
1984-03-26,101298.11
1984-03-27,101676.89
1984-03-28,100865.94
1984-03-29,102042.24
1984-03-30,101584.29
1984-04-02,101244
1984-04-03,99465.59
1984-04-04,99687.49
1984-04-05,99674.06
1984-04-06,99425.31
1984-04-09,99987.12
1984-04-10,99712.22
1984-04-11,100535.5
1984-04-12,99855.31
1984-04-13,99162.06
1984-04-16,99383.96
1984-04-17,99409.75
1984-04-18,99495.68
1984-04-19,100637.93
1984-04-23,100637.57
1984-04-24,100205.79
1984-04-25,99957.05
1984-04-26,99329.18
1984-04-27,99158.87
1984-04-30,98256.48
1984-05-01,98439.15
1984-05-02,98661.04
1984-05-03,98961.37
1984-05-04,98490.39
1984-05-07,98490.04
1984-05-08,97130.12
1984-05-09,97417.37
1984-05-10,97194.79
1984-05-11,97390.53
1984-05-14,97403.26
1984-05-15,97585.92
1984-05-16,98108.47
1984-05-17,98434.93
1984-05-18,98199.28
1984-05-21,99545.38
1984-05-22,99218.22
1984-05-23,98969.49
1984-05-24,98210.95
1984-05-25,100445.93
1984-05-29,100811.59
1984-05-30,101020.39
1984-05-31,100457.93
1984-06-01,102941.24
1984-06-04,102221.92
1984-06-05,102940.51
1984-06-06,102391.12
1984-06-07,102534.55
1984-06-08,100913.29
1984-06-11,99997.91
1984-06-12,98036.81
1984-06-13,97775.03
1984-06-14,98192.97
1984-06-15,96205.75
1984-06-18,96179.26
1984-06-19,96884.78
1984-06-20,96727.57
1984-06-21,96923.3
1984-06-22,97837.94
1984-06-25,96530.47
1984-06-26,96595.48
1984-06-27,96550.69
1984-06-28,97483.62
1984-06-29,97522.49
1984-07-02,96724.81
1984-07-03,96293.12
1984-07-05,95364.75
1984-07-06,92345.05
1984-07-09,88488.84
1984-07-10,89991.66
1984-07-11,88684.27
1984-07-12,89180.63
1984-07-13,90186.75
1984-07-16,91519.62
1984-07-17,90748.14
1984-07-18,90381.84
1984-07-19,91544.78
1984-07-20,89400.92
1984-07-23,87570.76
1984-07-24,88485.36
1984-07-25,89334.61
1984-07-26,89974.73
1984-07-27,87634.85
1984-07-30,88484.1
1984-07-31,89490.17
1984-08-01,88614.16
1984-08-02,89920.84
1984-08-03,91292.86
1984-08-06,91292.53
1984-08-07,89397.09
1984-08-08,90050.25
1984-08-09,89984.58
1984-08-10,90637.75
1984-08-13,89787.9
1984-08-14,92532.19
1984-08-15,91721.54
1984-08-16,92074.09
1984-08-17,92008.42
1984-08-20,91302.34
1984-08-21,90439.44
1984-08-22,90177.73
1984-08-23,91811.06
1984-08-24,91484.01
1984-08-27,91483.68
1984-08-28,91418.01
1984-08-29,91613.72
1984-08-30,90763.9
1984-08-31,91024.96
1984-09-04,89181.92
1984-09-05,88410.54
1984-09-06,88998.32
1984-09-07,88801.97
1984-09-10,88461.86
1984-09-11,88945.09
1984-09-12,88474.3
1984-09-13,88042.72
1984-09-14,89244.71
1984-09-17,87623.9
1984-09-18,88015.64
1984-09-19,88864.77
1984-09-20,88537.75
1984-09-21,89778.92
1984-09-24,90889.4
1984-09-25,90170.32
1984-09-26,90457.5
1984-09-27,90235.02
1984-09-28,89842.66
1984-10-01,90273.58
1984-10-02,90234.05
1984-10-03,91083.15
1984-10-04,90494.77
1984-10-05,89854.12
1984-10-08,89278.82
1984-10-09,89121.68
1984-10-10,88271.97
1984-10-11,88363.12
1984-10-12,88571.89
1984-10-15,88506.24
1984-10-16,88728.07
1984-10-17,89002.17
1984-10-18,88727.43
1984-10-19,88727.12
1984-10-22,88439.32
1984-10-23,88857.16
1984-10-24,88856.84
1984-10-25,88464.51
1984-10-26,88228.98
1984-10-29,87875.85
1984-10-30,87679.53
1984-10-31,87156.54
1984-11-01,87234.63
1984-11-02,89664.76
1984-11-05,89494.58
1984-11-06,90448.13
1984-11-07,90839.81
1984-11-08,90708.82
1984-11-09,90630.1
1984-11-12,90355.37
1984-11-13,91583.31
1984-11-14,90367.8
1984-11-15,89831.75
1984-11-16,90158.09
1984-11-19,89739.64
1984-11-20,89543.32
1984-11-21,88928.89
1984-11-23,89242.16
1984-11-26,88039.75
1984-11-27,86994.15
1984-11-28,85974.68
1984-11-29,86392.48
1984-11-30,85974.06
1984-12-03,86104.42
1984-12-04,86757.41
1984-12-05,86208.33
1984-12-06,86430.14
1984-12-07,85449.9
1984-12-10,85253.61
1984-12-11,85383.96
1984-12-12,84795.7
1984-12-13,84730.07
1984-12-14,84272.47
1984-12-17,82312.35
1984-12-18,80744.2
1984-12-19,80822.3
1984-12-20,80351.66
1984-12-21,81265.95
1984-12-24,81265.66
1984-12-26,81265.37
1984-12-27,81265.07
1984-12-28,80794.44
1984-12-31,80558.98
1985-01-02,79827.05
1985-01-03,78990.61
1985-01-04,79212.43
1985-01-07,77931.79
1985-01-08,78911.37
1985-01-09,78519.15
1985-01-10,79381.14
1985-01-11,79498.44
1985-01-14,78126.36
1985-01-15,78857.7
1985-01-16,79092.58
1985-01-17,79823.91
1985-01-18,80476.85
1985-01-21,80280.6
1985-01-22,80188.86
1985-01-23,78451.02
1985-01-24,78607.51
1985-01-25,78084.66
1985-01-28,77796.97
1985-01-29,79233.75
1985-01-30,79142.02
1985-01-31,80121.54
1985-02-01,79324.35
1985-02-04,78710.06
1985-02-05,78918.8
1985-02-06,79127.54
1985-02-07,78813.72
1985-02-08,78330.08
1985-02-11,78421.25
1985-02-12,79034.96
1985-02-13,79217.57
1985-02-14,79465.5
1985-02-15,79426.02
1985-02-19,79059.96
1985-02-20,79138.06
1985-02-21,78340.91
1985-02-22,77961.79
1985-02-25,74264.6
1985-02-26,74656.23
1985-02-27,75975.35
1985-02-28,75178.22
1985-03-01,75047.32
1985-03-04,75412.82
1985-03-05,75216.61
1985-03-06,75085.71
1985-03-07,75660.21
1985-03-08,76025.7
1985-03-11,76025.43
1985-03-12,75358.96
1985-03-13,75828.94
1985-03-14,75959.3
1985-03-15,76468.47
1985-03-18,78074.9
1985-03-19,82751.02
1985-03-20,84644.79
1985-03-21,83207.61
1985-03-22,82423.57
1985-03-25,82188.15
1985-03-26,84578.26
1985-03-27,86315.25
1985-03-28,85230.77
1985-03-29,86014.2
1985-04-01,83884.76
1985-04-02,83270.54
1985-04-03,83923.35
1985-04-04,82747.47
1985-04-08,82747.17
1985-04-09,84405.74
1985-04-10,85489.57
1985-04-11,86795.45
1985-04-12,86181.24
1985-04-15,87317.3
1985-04-16,86337.36
1985-04-17,85514.17
1985-04-18,86140.82
1985-04-19,85422.13
1985-04-22,85617.75
1985-04-23,85330.09
1985-04-24,84115.07
1985-04-25,84245.39
1985-04-26,84506.31
1985-04-29,84244.78
1985-04-30,83944.08
1985-05-01,81631.95
1985-05-02,81827.58
1985-05-03,81696.67
1985-05-06,81696.38
1985-05-07,81892
1985-05-08,81721.92
1985-05-09,82309.37
1985-05-10,82152.34
1985-05-13,83849.95
1985-05-14,85286.33
1985-05-15,84306.48
1985-05-16,83613.96
1985-05-17,84240.57
1985-05-20,84449.24
1985-05-21,82254.77
1985-05-22,82607.11
1985-05-23,82384.79
1985-05-24,82201.65
1985-05-28,81300.2
1985-05-29,81495.81
1985-05-30,82174.65
1985-05-31,82017.63
1985-06-03,83088.27
1985-06-04,82448.03
1985-06-05,82069
1985-06-06,82225.42
1985-06-07,82094.53
1985-06-10,81493.48
1985-06-11,82276.78
1985-06-12,82145.89
1985-06-13,81949.7
1985-06-14,83124.78
1985-06-17,83294.26
1985-06-18,84560.74
1985-06-19,84991.41
1985-06-20,83084.41
1985-06-21,81869.59
1985-06-24,82182.72
1985-06-25,82404.44
1985-06-26,82730.63
1985-06-27,82273.25
1985-06-28,82991.22
1985-07-01,81985.36
1985-07-02,80509.39
1985-07-03,81057.58
1985-07-05,81383.77
1985-07-08,80769.7
1985-07-09,82232.02
1985-07-10,82231.73
1985-07-11,81891.9
1985-07-12,82440.08
1985-07-15,82492.02
1985-07-16,84032.66
1985-07-17,85037.88
1985-07-18,83575
1985-07-19,83287.42
1985-07-22,82856.19
1985-07-23,84227.03
1985-07-24,82986.18
1985-07-25,82894.47
1985-07-26,82776.65
1985-07-29,85270.5
1985-07-30,84943.73
1985-07-31,85531.05
1985-08-01,84120.46
1985-08-02,83702.3
1985-08-05,84550.78
1985-08-06,83518.89
1985-08-07,83871.16
1985-08-08,84223.42
1985-08-09,84001.14
1985-08-12,85306.62
1985-08-13,85267.15
1985-08-14,85136.26
1985-08-15,86467.85
1985-08-16,87577.44
1985-08-19,89026.52
1985-08-20,87263.43
1985-08-21,87720.13
1985-08-22,87615.36
1985-08-23,87445.3
1985-08-26,87444.99
1985-08-27,87744.99
1985-08-28,89024.3
1985-08-29,88005.51
1985-08-30,87025.91
1985-09-03,85706.83
1985-09-04,85132.01
1985-09-05,85066.42
1985-09-06,82885.59
1985-09-09,83394.52
1985-09-10,83994.84
1985-09-11,83759.52
1985-09-12,83367.51
1985-09-13,83902.54
1985-09-16,83379.97
1985-09-17,82935.75
1985-09-18,82582.92
1985-09-19,82595.68
1985-09-20,83339.61
1985-09-23,85506.69
1985-09-24,85623.9
1985-09-25,85780.27
1985-09-26,85975.81
1985-09-30,85061.56
1985-10-01,84147.31
1985-10-02,84852.05
1985-10-03,84838.69
1985-10-04,85647.87
1985-10-07,85060.04
1985-10-08,85216.41
1985-10-09,85268.33
1985-10-10,84993.85
1985-10-11,85019.65
1985-10-14,85293.52
1985-10-15,85384.61
1985-10-16,84509.57
1985-10-17,84992.33
1985-10-18,85187.86
1985-10-21,85161.44
1985-10-22,85578.92
1985-10-23,85095.56
1985-10-24,85173.59
1985-10-25,84964.4
1985-10-28,85251.31
1985-10-29,85198.79
1985-10-30,85172.37
1985-10-31,84884.85
1985-11-01,84466.78
1985-11-04,84949.52
1985-11-05,84753.39
1985-11-06,84700.87
1985-11-07,84335.03
1985-11-08,84060.57
1985-11-11,84360.53
1985-11-12,84360.23
1985-11-13,84725.47
1985-11-14,84934.04
1985-11-15,84959.85
1985-11-18,84463.46
1985-11-19,84685.09
1985-11-20,85024.21
1985-11-21,85063.07
1985-11-22,85245.53
1985-11-25,86211.25
1985-11-26,86485.09
1985-11-27,85675.41
1985-11-29,84931.01
1985-12-02,83938.58
1985-12-03,84225.47
1985-12-04,84642.9
1985-12-05,84277.09
1985-12-06,84146.24
1985-12-09,82866.65
1985-12-10,82761.92
1985-12-11,82370.01
1985-12-12,82891.87
1985-12-13,82956.84
1985-12-16,83178.46
1985-12-17,83843.9
1985-12-18,83556.42
1985-12-19,85057.3
1985-12-20,84991.72
1985-12-23,85526.62
1985-12-24,84808.37
1985-12-26,84808.06
1985-12-27,85329.9
1985-12-30,85316.54
1985-12-31,85316.24
1986-01-02,85185.4
1986-01-03,85302.57
1986-01-06,85628.6
1986-01-07,86150.42
1986-01-08,86828.87
1986-01-09,87063.52
1986-01-10,88877.57
1986-01-13,88603.14
1986-01-14,89020.52
1986-01-15,90521.28
1986-01-16,94763.12
1986-01-17,92047.81
1986-01-20,91629.79
1986-01-21,93065.26
1986-01-22,92151.24
1986-01-23,91446.07
1986-01-24,92411.63
1986-01-27,93559.92
1986-01-28,92149.93
1986-01-29,92214.86
1986-01-30,93454.5
1986-01-31,91496.32
1986-02-03,90660.65
1986-02-04,88389.24
1986-02-05,88049.57
1986-02-06,87997.05
1986-02-07,88022.84
1986-02-10,88792.59
1986-02-11,87656.75
1986-02-12,88034.95
1986-02-13,87186.26
1986-02-14,86494.2
1986-02-18,88034
1986-02-19,89116.98
1986-02-20,87994.22
1986-02-21,88228.84
1986-02-24,89220.44
1986-02-25,91987.05
1986-02-26,90250.87
1986-02-27,87940.44
1986-02-28,88266.41
1986-03-03,87600.48
1986-03-04,88004.76
1986-03-05,89139.9
1986-03-06,89922.66
1986-03-07,89622.16
1986-03-10,88812.67
1986-03-11,89504.06
1986-03-12,89751.71
1986-03-13,91252.25
1986-03-14,90834.3
1986-03-17,91329.91
1986-03-18,91655.85
1986-03-19,90507.06
1986-03-20,91524.69
1986-03-21,92111.65
1986-03-24,91406.58
1986-03-25,91810.82
1986-03-26,89865.96
1986-03-27,89787.34
1986-03-31,89787.02
1986-04-01,86941.7
1986-04-02,87567.81
1986-04-03,87371.74
1986-04-04,87306.18
1986-04-07,88128.03
1986-04-08,88584.47
1986-04-09,88179.6
1986-04-10,88140.14
1986-04-11,89249.08
1986-04-14,89157.41
1986-04-15,89196.24
1986-04-16,88478.17
1986-04-17,88712.76
1986-04-18,89456.28
1986-04-21,89103.62
1986-04-22,89807.98
1986-04-23,90355.75
1986-04-24,89976.99
1986-04-25,89898.37
1986-04-28,89558.76
1986-04-29,89375.75
1986-04-30,90236.69
1986-05-01,90066.73
1986-05-02,89152.95
1986-05-05,89152.63
1986-05-06,88839.13
1986-05-07,89373.83
1986-05-08,90104.27
1986-05-09,90130.04
1986-05-12,90090.57
1986-05-13,89698.78
1986-05-14,89372.24
1986-05-15,89254.48
1986-05-16,89515.14
1986-05-19,88940.67
1986-05-20,88392.3
1986-05-21,88444.18
1986-05-22,88848.37
1986-05-23,89017.69
1986-05-27,89121.76
1986-05-28,89708.63
1986-05-29,89434.29
1986-05-30,89564.45
1986-06-02,89211.82
1986-06-03,89302.84
1986-06-04,88924.12
1986-06-05,89184.77
1986-06-06,89158.36
1986-06-09,89197.18
1986-06-10,90736.55
1986-06-11,90657.93
1986-06-12,90905.52
1986-06-13,90344.13
1986-06-16,88543.19
1986-06-17,87877.43
1986-06-18,88503.42
1986-06-19,88516.15
1986-06-20,88633.26
1986-06-23,88998.28
1986-06-24,89245.87
1986-06-25,89806.6
1986-06-26,90001.99
1986-06-27,89897.29
1986-06-30,90484.11
1986-07-01,90053.22
1986-07-02,89322.24
1986-07-03,89726.39
1986-07-07,89987.02
1986-07-08,90769.53
1986-07-09,90834.44
1986-07-10,90494.89
1986-07-11,90833.79
1986-07-14,90220.26
1986-07-15,90285.17
1986-07-16,90702.35
1986-07-17,90545.46
1986-07-18,90779.98
1986-07-21,92358.33
1986-07-22,92240.58
1986-07-23,90609.4
1986-07-24,90974.39
1986-07-25,91169.76
1986-07-28,92265.35
1986-07-29,91651.84
1986-07-30,91755.88
1986-07-31,93281.99
1986-08-01,94194.91
1986-08-04,93881.46
1986-08-05,93541.92
1986-08-06,94559.19
1986-08-07,94402.3
1986-08-08,96228.43
1986-08-11,101237.81
1986-08-12,100193.76
1986-08-13,101237.09
1986-08-14,100519.2
1986-08-15,100479.7
1986-08-18,98431.13
1986-08-19,97687.16
1986-08-20,98626.12
1986-08-21,99343.28
1986-08-22,100777.96
1986-08-25,100777.6
1986-08-26,99433.54
1986-08-27,99172.27
1986-08-28,100893.93
1986-08-29,100371.75
1986-09-02,102602.16
1986-09-03,105667.47
1986-09-04,105797.54
1986-09-05,109789.03
1986-09-08,109214.65
1986-09-09,106774.8
1986-09-10,109187.78
1986-09-11,104882.49
1986-09-12,109447.9
1986-09-15,107751.65
1986-09-16,108860.09
1986-09-17,107803.06
1986-09-18,109015.85
1986-09-19,112185.36
1986-09-22,113619.89
1986-09-23,113489.04
1986-09-24,112575.5
1986-09-25,112027.23
1986-09-26,112966.04
1986-09-29,111400.29
1986-09-30,110408.5
1986-10-01,110877.71
1986-10-02,112520.91
1986-10-03,113746.68
1986-10-06,113981.08
1986-10-07,113745.87
1986-10-08,114293.32
1986-10-09,113679.84
1986-10-10,112375.02
1986-10-13,112857.25
1986-10-14,111865.5
1986-10-15,110091.11
1986-10-16,111003.79
1986-10-17,109372.91
1986-10-20,110872.56
1986-10-21,110898.25
1986-10-22,110871.77
1986-10-23,110453.98
1986-10-24,107088.31
1986-10-27,106892.27
1986-10-28,107139.72
1986-10-29,105861.07
1986-10-30,106043.3
1986-10-31,104608.14
1986-11-03,105964.28
1986-11-04,106433.46
1986-11-05,105715.7
1986-11-06,106576.18
1986-11-07,106484.5
1986-11-10,107149.32
1986-11-11,105909.84
1986-11-12,106170.32
1986-11-13,106300.37
1986-11-14,106495.64
1986-11-17,102386.73
1986-11-18,101995.08
1986-11-19,102620.77
1986-11-20,101563.94
1986-11-21,101263.59
1986-11-24,99254.65
1986-11-25,100102.07
1986-11-26,100062.58
1986-11-28,101601.25
1986-12-01,103179.03
1986-12-02,101600.52
1986-12-03,101665.37
1986-12-04,101534.59
1986-12-05,101338.59
1986-12-08,101625.16
1986-12-09,100894.43
1986-12-10,102120.03
1986-12-11,101311.06
1986-12-12,102119.31
1986-12-15,102849.3
1986-12-16,102535.92
1986-12-17,102248.63
1986-12-18,101922.22
1986-12-19,102978.25
1986-12-22,102808.33
1986-12-23,101516.83
1986-12-24,101516.47
1986-12-26,101516.11
1986-12-29,101750.49
1986-12-30,101398.01
1986-12-31,101397.64
1987-01-02,105244.52
1987-01-05,104057.38
1987-01-06,104774.28
1987-01-07,104434.83
1987-01-08,105021.32
1987-01-09,104851.41
1987-01-12,107224.53
1987-01-13,106676.42
1987-01-14,108267.06
1987-01-15,108566.62
1987-01-16,108422.78
1987-01-19,110130.76
1987-01-20,108435.04
1987-01-21,106204.66
1987-01-22,107051.94
1987-01-23,104326.03
1987-01-26,105890.55
1987-01-27,107324.65
1987-01-28,107911.09
1987-01-29,106854.42
1987-01-30,104454.57
1987-02-02,106084.26
1987-02-03,105366.66
1987-02-04,105053.31
1987-02-05,104035.79
1987-02-06,105000.4
1987-02-09,105860.68
1987-02-10,105064.85
1987-02-11,105103.6
1987-02-12,104920.66
1987-02-13,103629.31
1987-02-17,103602.86
1987-02-18,101711.69
1987-02-19,102585.01
1987-02-20,104253.75
1987-02-23,105153.13
1987-02-24,104135.65
1987-02-25,105830.45
1987-02-26,105386.72
1987-02-27,105842.73
1987-03-02,105425.08
1987-03-03,105307.35
1987-03-04,106024.15
1987-03-05,107119.09
1987-03-06,105958.19
1987-03-09,105618.79
1987-03-10,105774.89
1987-03-11,106191.77
1987-03-12,106895.51
1987-03-13,106530.03
1987-03-16,105695.14
1987-03-17,105968.58
1987-03-18,105446.64
1987-03-19,105472.34
1987-03-20,105471.97
1987-03-23,106475.59
1987-03-24,106657.75
1987-03-25,107883.02
1987-03-26,107178.54
1987-03-27,108573.31
1987-03-30,110567.84
1987-03-31,109785.13
1987-04-01,109198
1987-04-02,109184.57
1987-04-03,109184.18
1987-04-06,109900.91
1987-04-07,109131.25
1987-04-08,109652.39
1987-04-09,109782.38
1987-04-10,112546.11
1987-04-13,113666.99
1987-04-14,115361.55
1987-04-15,115804.44
1987-04-16,114148.19
1987-04-20,114147.78
1987-04-21,117211.3
1987-04-22,116167.85
1987-04-23,117471.22
1987-04-24,120521.67
1987-04-27,123793.73
1987-04-28,118121.85
1987-04-29,117078.41
1987-04-30,118186.2
1987-05-01,119098.41
1987-05-04,119097.99
1987-05-05,119749.44
1987-05-06,118966.76
1987-05-07,118966.34
1987-05-08,118118.48
1987-05-11,118118.06
1987-05-12,120125.38
1987-05-13,120072.8
1987-05-14,120215.78
1987-05-15,122522.93
1987-05-18,123395.98
1987-05-19,122834.95
1987-05-20,123916.58
1987-05-21,122312.59
1987-05-22,121634.23
1987-05-26,117070.89
1987-05-27,117200.84
1987-05-28,118139.07
1987-05-29,117591.1
1987-06-01,115478.74
1987-06-02,118633.2
1987-06-03,118111.31
1987-06-04,118045.7
1987-06-05,118240.83
1987-06-08,119035.63
1987-06-09,118018.36
1987-06-10,118800.13
1987-06-11,119151.68
1987-06-12,118747.13
1987-06-15,117260.58
1987-06-16,118042.33
1987-06-17,117650.82
1987-06-18,117898.09
1987-06-19,117063.36
1987-06-22,114195.02
1987-06-23,114768.19
1987-06-24,115171.9
1987-06-25,114845.59
1987-06-26,115783.76
1987-06-29,117256.39
1987-06-30,116617.22
1987-07-01,116212.7
1987-07-02,116342.64
1987-07-06,115586.16
1987-07-07,115885.56
1987-07-08,116380.5
1987-07-09,115780.45
1987-07-10,115949.5
1987-07-13,116405.32
1987-07-14,116535.26
1987-07-15,118020.86
1987-07-16,118294.18
1987-07-17,117472.54
1987-07-20,117550.33
1987-07-21,117940.97
1987-07-22,118592.3
1987-07-23,118344.21
1987-07-24,118174.33
1987-07-27,118134.8
1987-07-28,118916.47
1987-07-29,119333.16
1987-07-30,119176.32
1987-07-31,120570.61
1987-08-03,123242.28
1987-08-04,123411.29
1987-08-05,122472.36
1987-08-06,122185.17
1987-08-07,120985.56
1987-08-10,120203.06
1987-08-11,120228.7
1987-08-12,120801.78
1987-08-13,120566.73
1987-08-14,119914.59
1987-08-17,118167.58
1987-08-18,119262.02
1987-08-19,118961.81
1987-08-20,118896.22
1987-08-21,118739.39
1987-08-24,119781.68
1987-08-25,119390.23
1987-08-26,119285.54
1987-08-27,119584.89
1987-08-28,118189.85
1987-08-31,118189.43
1987-09-01,118280.24
1987-09-02,120717.11
1987-09-03,120873.08
1987-09-04,121146.35
1987-09-08,119112.69
1987-09-09,119464.17
1987-09-10,119959.01
1987-09-11,119867.35
1987-09-14,118746.06
1987-09-15,119592.8
1987-09-16,119488.1
1987-09-17,120035.07
1987-09-18,120347.44
1987-09-21,119669.29
1987-09-22,120307.48
1987-09-23,120528.61
1987-09-24,120945.23
1987-09-25,120371.35
1987-09-28,120123.3
1987-09-29,119744.92
1987-09-30,119770.56
1987-10-01,118571.12
1987-10-02,118427.34
1987-10-05,118987.32
1987-10-06,119377.87
1987-10-07,119390.48
1987-10-08,119416.11
1987-10-09,120432.22
1987-10-12,120353.59
1987-10-13,119688.51
1987-10-14,120105.12
1987-10-15,121616.43
1987-10-16,121264.13
1987-10-19,125368.82
1987-10-20,121015.65
1987-10-21,121718.95
1987-10-22,122930.49
1987-10-23,122630.32
1987-10-26,123802.75
1987-10-27,123541.67
1987-10-28,124453.46
1987-10-29,123136.8
1987-10-30,122185.05
1987-11-02,122314.93
1987-11-03,120998.3
1987-11-04,121493.06
1987-11-05,119251.21
1987-11-06,119889.32
1987-11-09,120801.1
1987-11-10,119432.37
1987-11-11,120370.2
1987-11-12,120526.14
1987-11-13,121177.28
1987-11-16,120434.06
1987-11-17,121085.19
1987-11-18,120850.2
1987-11-19,121227.67
1987-11-20,121370.58
1987-11-23,122334.44
1987-11-24,123793.47
1987-11-25,124183.95
1987-11-27,124678.68
1987-11-30,128352.92
1987-12-01,127127.57
1987-12-02,127935.02
1987-12-03,127986.68
1987-12-04,126722.26
1987-12-07,125392.69
1987-12-08,126213.16
1987-12-09,126186.65
1987-12-10,127176.51
1987-12-11,128609.4
1987-12-14,130237.73
1987-12-15,128347.88
1987-12-16,126731.67
1987-12-17,124437.9
1987-12-18,125349.57
1987-12-21,125088.52
1987-12-22,125869.87
1987-12-23,125478.52
1987-12-24,125478.08
1987-12-28,125477.63
1987-12-29,126571.69
1987-12-30,126154.28
1987-12-31,126153.83
1988-01-04,125215.24
1988-01-05,123911.83
1988-01-06,125448.88
1988-01-07,125995.67
1988-01-08,126099.46
1988-01-11,126099.01
1988-01-12,125186.5
1988-01-13,125576.93
1988-01-14,125446.19
1988-01-15,125159.1
1988-01-18,123881.78
1988-01-19,124324.33
1988-01-20,124467.21
1988-01-21,124349.5
1988-01-22,124088.48
1988-01-25,124101.07
1988-01-26,122406.85
1988-01-27,121168.67
1988-01-28,121520.02
1988-01-29,119343.76
1988-02-01,117962.29
1988-02-02,118795.7
1988-02-03,116059.25
1988-02-04,115498.61
1988-02-05,115094.31
1988-02-08,115198.12
1988-02-09,114285.72
1988-02-10,114936.73
1988-02-11,114806.04
1988-02-12,115587.33
1988-02-16,115951.71
1988-02-17,116107.64
1988-02-18,116537.15
1988-02-19,115403.28
1988-02-22,116080.34
1988-02-23,115272.18
1988-02-24,113539.04
1988-02-25,112587.59
1988-02-26,112157.26
1988-02-29,111036.46
1988-03-01,111856.82
1988-03-02,111752.2
1988-03-03,111803.91
1988-03-04,112507.01
1988-03-07,113574.88
1988-03-08,113691.72
1988-03-09,113730.4
1988-03-10,115267.24
1988-03-11,115110.5
1988-03-14,115227.33
1988-03-15,115213.89
1988-03-16,116255.67
1988-03-17,116072.87
1988-03-18,115382.01
1988-03-21,117049.08
1988-03-22,116696.93
1988-03-23,117113.38
1988-03-24,118272.38
1988-03-25,117711.79
1988-03-28,118258.5
1988-03-29,118518.62
1988-03-30,118218.58
1988-03-31,119051.87
1988-04-04,119051.45
1988-04-05,118178.23
1988-04-06,117200.81
1988-04-07,116509.98
1988-04-08,117082.73
1988-04-11,116925.99
1988-04-12,117446.64
1988-04-13,117068.45
1988-04-14,117328.56
1988-04-15,118878.28
1988-04-18,119320.75
1988-04-19,119033.75
1988-04-20,119163.58
1988-04-21,118342.51
1988-04-22,116870.13
1988-04-25,117286.55
1988-04-26,116452.46
1988-04-27,117311.76
1988-04-28,117780.28
1988-04-29,116972.25
1988-05-02,116971.83
1988-05-03,116163.81
1988-05-04,115473.03
1988-05-05,115889.44
1988-05-06,115354.98
1988-05-09,115771.39
1988-05-10,116357.12
1988-05-11,116994.96
1988-05-12,117489.51
1988-05-13,117098.33
1988-05-16,118074.81
1988-05-17,118452.13
1988-05-18,118269.35
1988-05-19,119284.9
1988-05-20,118502.96
1988-05-23,119114.72
1988-05-24,119114.29
1988-05-25,118241.19
1988-05-26,118071.44
1988-05-27,117745.39
1988-05-31,118656.72
1988-06-01,118981.92
1988-06-02,118186.98
1988-06-03,121052.01
1988-06-06,121012.5
1988-06-07,120973
1988-06-08,119266.34
1988-06-09,118640.73
1988-06-10,119200.36
1988-06-13,116959.72
1988-06-14,116308.08
1988-06-15,117740.35
1988-06-16,118234.85
1988-06-17,117283.66
1988-06-20,118312.15
1988-06-21,117647.5
1988-06-22,116826.55
1988-06-23,116643.8
1988-06-24,115458.19
1988-06-27,115470.8
1988-06-28,115613.65
1988-06-29,112930.3
1988-06-30,113711.33
1988-07-01,113789.07
1988-07-05,113957.97
1988-07-06,113775.23
1988-07-07,114842.77
1988-07-08,114451.65
1988-07-11,113774.02
1988-07-12,112992.19
1988-07-13,113304.36
1988-07-14,114801.65
1988-07-15,114371.47
1988-07-18,113472.45
1988-07-19,113628.32
1988-07-20,115854.9
1988-07-21,115841.46
1988-07-22,115176.87
1988-07-25,114212.74
1988-07-26,112310.96
1988-07-27,112740.32
1988-07-28,112713.87
1988-07-29,113768.33
1988-08-01,113194.91
1988-08-02,112712.66
1988-08-03,113063.87
1988-08-04,112803.02
1988-08-05,112737.5
1988-08-08,112515.71
1988-08-09,110900.5
1988-08-10,111264.74
1988-08-11,111459.68
1988-08-12,112839.67
1988-08-15,112057.91
1988-08-16,112682.59
1988-08-17,111731.55
1988-08-18,112134.85
1988-08-19,112668.36
1988-08-22,112251.25
1988-08-23,112667.56
1988-08-24,112771.33
1988-08-25,113083.46
1988-08-26,112809.59
1988-08-29,112809.19
1988-08-30,111402.41
1988-08-31,111402.02
1988-09-01,112091.78
1988-09-02,111661.66
1988-09-06,111583.13
1988-09-07,111270.21
1988-09-08,111530.24
1988-09-09,111829.34
1988-09-12,109224.63
1988-09-13,109497.69
1988-09-14,109770.75
1988-09-15,109080.22
1988-09-16,108116.25
1988-09-19,106514.24
1988-09-20,106774.28
1988-09-21,104338.93
1988-09-22,103583.32
1988-09-23,104260.05
1988-09-26,102944.55
1988-09-27,103412.94
1988-09-28,102969.86
1988-09-29,103776.79
1988-09-30,103307.66
1988-10-03,103125
1988-10-04,103775.68
1988-10-05,102981.04
1988-10-06,105142.11
1988-10-07,105180.8
1988-10-10,105922.6
1988-10-11,106052.43
1988-10-12,105830.7
1988-10-13,105908.45
1988-10-14,106142.44
1988-10-17,107548.26
1988-10-18,107144.25
1988-10-19,107091.78
1988-10-20,107338.79
1988-10-21,106830.61
1988-10-24,105593.31
1988-10-25,106152.8
1988-10-26,106087.32
1988-10-27,106112.98
1988-10-28,107154.21
1988-10-31,107388.18
1988-11-01,106997.2
1988-11-02,107999.35
1988-11-03,110251.39
1988-11-04,109626.05
1988-11-07,109521.5
1988-11-08,108935.22
1988-11-09,109572.79
1988-11-10,109129.74
1988-11-11,109441.82
1988-11-14,109181.04
1988-11-15,110404.47
1988-11-16,110365.02
1988-11-17,109882.91
1988-11-18,108775.88
1988-11-21,108306.8
1988-11-22,108944.35
1988-11-23,109165.29
1988-11-25,110427.75
1988-11-28,110466.41
1988-11-29,110166.58
1988-11-30,110036
1988-12-01,110595.42
1988-12-02,110464.84
1988-12-05,111701.23
1988-12-06,111375.36
1988-12-07,110034.03
1988-12-08,110189.87
1988-12-09,109291.18
1988-12-12,109355.89
1988-12-13,109485.68
1988-12-14,109355.11
1988-12-15,108951.14
1988-12-16,107206.29
1988-12-19,107531.36
1988-12-20,107504.94
1988-12-21,107947.18
1988-12-22,108636.76
1988-12-23,108636.37
1988-12-27,108635.98
1988-12-28,107490
1988-12-29,106812.68
1988-12-30,106812.3
1989-01-03,107163.4
1989-01-04,106577.21
1989-01-05,106030.08
1989-01-06,105795.38
1989-01-09,104779.62
1989-01-10,105312.97
1989-01-11,105130.35
1989-01-12,105221.1
1989-01-13,105585.21
1989-01-16,104530.42
1989-01-17,104725.31
1989-01-18,104790.02
1989-01-19,105076.03
1989-01-20,105570.31
1989-01-23,106077.61
1989-01-24,106298.52
1989-01-25,105230.73
1989-01-26,105764.06
1989-01-27,104071.46
1989-01-30,102574.12
1989-01-31,102573.76
1989-02-01,102260.98
1989-02-02,101818.04
1989-02-03,101531.31
1989-02-06,100984.24
1989-02-07,101790.92
1989-02-08,101673.4
1989-02-09,102519.13
1989-02-10,101425.36
1989-02-13,100097.31
1989-02-14,99992.82
1989-02-15,99185.44
1989-02-16,100031.15
1989-02-17,99028.53
1989-02-21,99835.19
1989-02-22,100680.9
1989-02-23,101656.76
1989-02-24,101109.71
1989-02-27,101682.06
1989-02-28,100744.54
1989-03-01,99976.23
1989-03-02,99936.82
1989-03-03,100587.27
1989-03-06,100808.18
1989-03-07,101718.93
1989-03-08,102720.79
1989-03-09,101913.44
1989-03-10,102433.71
1989-03-13,102173.03
1989-03-14,102823.45
1989-03-15,102276.42
1989-03-16,101364.97
1989-03-17,102640.13
1989-03-20,102952.13
1989-03-21,102235.92
1989-03-22,102391.74
1989-03-23,102794.85
1989-03-27,102794.48
1989-03-28,101713.85
1989-03-29,99683.11
1989-03-30,99877.98
1989-03-31,99747.47
1989-04-03,100332.8
1989-04-04,100644.8
1989-04-05,99694.34
1989-04-06,100045.39
1989-04-07,99498.41
1989-04-10,99302.83
1989-04-11,100213.51
1989-04-12,100798.82
1989-04-13,101579.34
1989-04-14,100524.79
1989-04-17,100251.12
1989-04-18,99938.42
1989-04-19,99925.05
1989-04-20,99950.72
1989-04-21,99950.36
1989-04-24,99832.87
1989-04-25,100444.19
1989-04-26,99910.25
1989-04-27,100014
1989-04-28,98269.75
1989-05-01,98269.4
1989-05-02,98243.02
1989-05-03,98541.99
1989-05-04,98450.54
1989-05-05,97786.48
1989-05-08,98449.83
1989-05-09,97889.89
1989-05-10,98175.84
1989-05-11,98474.81
1989-05-12,98201.17
1989-05-15,97289.86
1989-05-16,97471.7
1989-05-17,96794.65
1989-05-18,96299.79
1989-05-19,95128.23
1989-05-22,93631.35
1989-05-23,94867.28
1989-05-24,94086.14
1989-05-25,94632.37
1989-05-26,95204.61
1989-05-30,94241.3
1989-05-31,94162.88
1989-06-01,94058.44
1989-06-02,94084.13
1989-06-05,95046.76
1989-06-06,94968.34
1989-06-07,97388.4
1989-06-08,97466.13
1989-06-09,95839.18
1989-06-12,93665.7
1989-06-13,93353.06
1989-06-14,93977.34
1989-06-15,94081.1
1989-06-16,95082.74
1989-06-19,94835.16
1989-06-20,95407.37
1989-06-21,95224.86
1989-06-22,96226.47
1989-06-23,96291.19
1989-06-26,97514.01
1989-06-27,97917.04
1989-06-28,97266.08
1989-06-29,97929.35
1989-06-30,97070.2
1989-07-03,97460.22
1989-07-05,99828.06
1989-07-06,100322.16
1989-07-07,99814.33
1989-07-10,99735.91
1989-07-11,98564.48
1989-07-12,98824.37
1989-07-13,97783.07
1989-07-14,96494.56
1989-07-17,96442.17
1989-07-18,96728.08
1989-07-19,96467.51
1989-07-20,96558.24
1989-07-21,96909.21
1989-07-24,96791.76
1989-07-25,96609.25
1989-07-26,96882.15
1989-07-27,97363.22
1989-07-28,96204.87
1989-07-31,95840.21
1989-08-01,96022.03
1989-08-02,96216.85
1989-08-03,96086.4
1989-08-04,96411.33
1989-08-07,95266.02
1989-08-08,95213.63
1989-08-09,94875.01
1989-08-10,95199.94
1989-08-11,94171.75
1989-08-14,94535.72
1989-08-15,95263.98
1989-08-16,95653.96
1989-08-17,94951.04
1989-08-18,95301.99
1989-08-21,95210.57
1989-08-22,95340.34
1989-08-23,95287.96
1989-08-24,94246.79
1989-08-25,93791.09
1989-08-28,93790.75
1989-08-29,93621.29
1989-08-30,94037.28
1989-08-31,93620.62
1989-09-01,93516.2
1989-09-05,93294.7
1989-09-06,93723.69
1989-09-07,93463.16
1989-09-08,93566.91
1989-09-11,93241.32
1989-09-12,93306.04
1989-09-13,93279.69
1989-09-14,94059.94
1989-09-15,92563.49
1989-09-18,93590.92
1989-09-19,93837.77
1989-09-20,94383.83
1989-09-21,94396.5
1989-09-22,94942.56
1989-09-25,95579.69
1989-09-26,95748.47
1989-09-27,96008.31
1989-09-28,95357.5
1989-09-29,95357.16
1989-10-02,95356.82
1989-10-03,95096.3
1989-10-04,95226.05
1989-10-05,95277.75
1989-10-06,94444.83
1989-10-09,94418.48
1989-10-10,94157.96
1989-10-11,93936.48
1989-10-12,94482.51
1989-10-13,94495.18
1989-10-16,95847.75
1989-10-17,95392.1
1989-10-18,95873.08
1989-10-19,95898.76
1989-10-20,95130.91
1989-10-23,95091.55
1989-10-24,95377.39
1989-10-25,95910.39
1989-10-26,95897.04
1989-10-27,96937.36
1989-10-30,98081.74
1989-10-31,97639.11
1989-11-01,97053.4
1989-11-02,97365.25
1989-11-03,98990.9
1989-11-06,98795.43
1989-11-07,99926.77
1989-11-08,99692.27
1989-11-09,100706.53
1989-11-10,100250.89
1989-11-13,101590.34
1989-11-14,101004.63
1989-11-15,101823.75
1989-11-16,101823.39
1989-11-17,101979.11
1989-11-20,102733.19
1989-11-21,103799.43
1989-11-22,106634.69
1989-11-24,108169.18
1989-11-27,107635.49
1989-11-28,106594.52
1989-11-29,106685.19
1989-11-30,106177.53
1989-12-01,107659.97
1989-12-04,106293.84
1989-12-05,105031.77
1989-12-06,104797.27
1989-12-07,105616.33
1989-12-08,106487.42
1989-12-11,108086.89
1989-12-12,108086.5
1989-12-13,107435.78
1989-12-14,106264.78
1989-12-15,107369.97
1989-12-18,106003.89
1989-12-19,107278.16
1989-12-20,107277.78
1989-12-21,107433.47
1989-12-22,107433.09
1989-12-26,107432.71
1989-12-27,105611.43
1989-12-28,103686.11
1989-12-29,103685.74
1990-01-02,103789.42
1990-01-03,102748.56
1990-01-04,103138.38
1990-01-05,105349.04
1990-01-08,105244.62
1990-01-09,104945.11
1990-01-10,106414.4
1990-01-11,107194.38
1990-01-12,108273.48
1990-01-15,108104.02
1990-01-16,107362.31
1990-01-17,106750.65
1990-01-18,107530.61
1990-01-19,106294.69
1990-01-22,105605.02
1990-01-23,106189.89
1990-01-24,109440.88
1990-01-25,108113.94
1990-01-26,108724.81
1990-01-29,108919.5
1990-01-30,108763.04
1990-01-31,107956.33
1990-02-01,108151.02
1990-02-02,108709.86
1990-02-05,110022.99
1990-02-06,109515.4
1990-02-07,110217.28
1990-02-08,108721.31
1990-02-09,108070.68
1990-02-12,108941.62
1990-02-13,108733.15
1990-02-14,107835.43
1990-02-15,108368.24
1990-02-16,108328.84
1990-02-20,109225.77
1990-02-21,109238.39
1990-02-22,108626.78
1990-02-23,108158.23
1990-02-26,106974.44
1990-02-27,105998.73
1990-02-28,106037.36
1990-03-01,105672.86
1990-03-02,105347.38
1990-03-05,104865.84
1990-03-06,105424.65
1990-03-07,104162.87
1990-03-08,104214.51
1990-03-09,103850.03
1990-03-12,104356.81
1990-03-13,103316.12
1990-03-14,103705.87
1990-03-15,103900.56
1990-03-16,104199.28
1990-03-19,104576.01
1990-03-20,103938.46
1990-03-21,101948.52
1990-03-22,101948.16
1990-03-23,102337.9
1990-03-26,96290.89
1990-03-27,95705.39
1990-03-28,96745.32
1990-03-29,96614.94
1990-03-30,95834.39
1990-04-02,95808.05
1990-04-03,97524.13
1990-04-04,97328.74
1990-04-05,98407.65
1990-04-06,98225.26
1990-04-09,97964.85
1990-04-10,97574.4
1990-04-11,97392.01
1990-04-12,97651.73
1990-04-16,97651.38
1990-04-17,97260.94
1990-04-18,97455.64
1990-04-19,97715.34
1990-04-20,97780.01
1990-04-23,97584.62
1990-04-24,97987.35
1990-04-25,96595.73
1990-04-26,96634.39
1990-04-27,96634.04
1990-04-30,95632.51
1990-05-01,96087.25
1990-05-02,96112.92
1990-05-03,96190.59
1990-05-04,96554.31
1990-05-07,96553.96
1990-05-08,96384.59
1990-05-09,96293.23
1990-05-10,96669.95
1990-05-11,95837.47
1990-05-14,95954.15
1990-05-15,95628.76
1990-05-16,96174.49
1990-05-17,96005.13
1990-05-18,96186.81
1990-05-21,97018.58
1990-05-22,97538.3
1990-05-23,94781.6
1990-05-24,95301.33
1990-05-25,95300.98
1990-05-29,95612.68
1990-05-30,95274.3
1990-05-31,94402.87
1990-06-01,94506.54
1990-06-04,92842.04
1990-06-05,93114.73
1990-06-06,93478.43
1990-06-07,91735.94
1990-06-08,91917.63
1990-06-11,92229.33
1990-06-12,92502.02
1990-06-13,91136.58
1990-06-14,89927.17
1990-06-15,90199.87
1990-06-18,90810.59
1990-06-19,90654.25
1990-06-20,90198.9
1990-06-21,90939.62
1990-06-22,90588.28
1990-06-25,91888.02
1990-06-26,90834.64
1990-06-27,91172.33
1990-06-28,91601.02
1990-06-29,91574.69
1990-07-02,92926.41
1990-07-03,94122.11
1990-07-05,93523.76
1990-07-06,93900.43
1990-07-09,93666.09
1990-07-10,92040.74
1990-07-11,92118.41
1990-07-12,91377.08
1990-07-13,94535.75
1990-07-16,94444.41
1990-07-17,93781.08
1990-07-18,93442.75
1990-07-19,94196.41
1990-07-20,93858.08
1990-07-23,95183.71
1990-07-24,95859.36
1990-07-25,96911.99
1990-07-26,95871.67
1990-07-27,95351.35
1990-07-30,95494
1990-07-31,96793.61
1990-08-01,96364.28
1990-08-02,98976.81
1990-08-03,98534.48
1990-08-06,99379.08
1990-08-07,99638.71
1990-08-08,100028.33
1990-08-09,99728.99
1990-08-10,101223.53
1990-08-13,105109.88
1990-08-14,106981.36
1990-08-15,103575.25
1990-08-16,104666.79
1990-08-17,106746.23
1990-08-20,106004.92
1990-08-21,107577.39
1990-08-22,106264.14
1990-08-23,107212.66
1990-08-24,106666.34
1990-08-27,106665.96
1990-08-28,100933.22
1990-08-29,99905.98
1990-08-30,101322.45
1990-08-31,100802.16
1990-09-04,99151.01
1990-09-05,99644.59
1990-09-06,100736.08
1990-09-07,99981.83
1990-09-10,99955.48
1990-09-11,98395.35
1990-09-12,99317.86
1990-09-13,99356.5
1990-09-14,100395.98
1990-09-17,101227.49
1990-09-18,100343.27
1990-09-19,100472.89
1990-09-20,100589.51
1990-09-21,101200.05
1990-09-24,102031.54
1990-09-25,104955.64
1990-09-26,104682.32
1990-09-27,105006.88
1990-09-28,106163.29
1990-10-01,103017.52
1990-10-02,100820.59
1990-10-03,101223.15
1990-10-04,102873.45
1990-10-05,102834.09
1990-10-08,101585.99
1990-10-09,103197.27
1990-10-10,101845.2
1990-10-11,100857.06
1990-10-12,100921.69
1990-10-15,98958.78
1990-10-16,94812.4
1990-10-17,95136.98
1990-10-18,95617.53
1990-10-19,96695.92
1990-10-22,95525.87
1990-10-23,96604.25
1990-10-24,96460.94
1990-10-25,97487.33
1990-10-26,97136.08
1990-10-29,96875.8
1990-10-30,97148.38
1990-10-31,98642.62
1990-11-01,98876.21
1990-11-02,98122.06
1990-11-05,97965.76
1990-11-06,98576.23
1990-11-07,100070.44
1990-11-08,100005.11
1990-11-09,100251.68
1990-11-12,98951.71
1990-11-13,99679.13
1990-11-14,99782.75
1990-11-15,98248.87
1990-11-16,97806.66
1990-11-19,98196.18
1990-11-20,98767.65
1990-11-21,98065.53
1990-11-23,99702.63
1990-11-26,100559.99
1990-11-27,99753.9
1990-11-28,100065.44
1990-11-29,100532.92
1990-11-30,100025.74
1990-12-03,98933.77
1990-12-04,98140.7
1990-12-05,97724.5
1990-12-06,96164.71
1990-12-07,96372.29
1990-12-10,97216.64
1990-12-11,96709.48
1990-12-12,96397.25
1990-12-13,96682.8
1990-12-14,96994.33
1990-12-17,97799.67
1990-12-18,98085.21
1990-12-19,98474.71
1990-12-20,100176.68
1990-12-21,99734.5
1990-12-24,99734.14
1990-12-26,99733.78
1990-12-27,99486.53
1990-12-28,100369.81
1990-12-31,100369.45
1991-01-02,101564.58
1991-01-03,100394.72
1991-01-04,100680.24
1991-01-07,101641.46
1991-01-08,101277.26
1991-01-09,100601.19
1991-01-10,101497.43
1991-01-11,101510.07
1991-01-14,103588.76
1991-01-15,103562.41
1991-01-16,104731.5
1991-01-17,98494.01
1991-01-18,98298.75
1991-01-21,98285.41
1991-01-22,99012.71
1991-01-23,98310.69
1991-01-24,96933
1991-01-25,97257.5
1991-01-28,97322.12
1991-01-29,97919.48
1991-01-30,95398.38
1991-01-31,95112.18
1991-02-01,94722.04
1991-02-04,95410.35
1991-02-05,95267.08
1991-02-06,93746.52
1991-02-07,94564.76
1991-02-08,96149.6
1991-02-11,95330.69
1991-02-12,94693.68
1991-02-13,95304.02
1991-02-14,95667.48
1991-02-15,94978.51
1991-02-19,94328.53
1991-02-20,94756.96
1991-02-21,94132.96
1991-02-22,93236.12
1991-02-25,92936.95
1991-02-26,93352.39
1991-02-27,93546.94
1991-02-28,94248.21
1991-03-01,95339.25
1991-03-04,94962.13
1991-03-05,94714.93
1991-03-06,95156.34
1991-03-07,95233.95
1991-03-08,95753.31
1991-03-11,95064.37
1991-03-12,94648.28
1991-03-13,95102.67
1991-03-14,94738.55
1991-03-15,95101.99
1991-03-18,94140.24
1991-03-19,94711.55
1991-03-20,94711.21
1991-03-21,94152.22
1991-03-22,94255.82
1991-03-25,93346.05
1991-03-26,92657.15
1991-03-27,91994.24
1991-03-28,92409.65
1991-04-01,92409.32
1991-04-02,92889.68
1991-04-03,93331.06
1991-04-04,93122.86
1991-04-05,93148.51
1991-04-08,93797.75
1991-04-09,94576.9
1991-04-10,94407.68
1991-04-11,93991.62
1991-04-12,94043.25
1991-04-15,93562.24
1991-04-16,93847.71
1991-04-17,93704.47
1991-04-18,93314.4
1991-04-19,92534.61
1991-04-22,92599.23
1991-04-23,92365.07
1991-04-24,92442.68
1991-04-25,91779.82
1991-04-26,91779.49
1991-04-29,91220.56
1991-04-30,92948
1991-05-01,92622.9
1991-05-02,92012.01
1991-05-03,92362.43
1991-05-06,92362.1
1991-05-07,92530.64
1991-05-08,92725.17
1991-05-09,92711.85
1991-05-10,92672.55
1991-05-13,92711.19
1991-05-14,92996.64
1991-05-15,93489.93
1991-05-16,92489.36
1991-05-17,92255.21
1991-05-20,92228.9
1991-05-21,92566.31
1991-05-22,92682.89
1991-05-23,92201.93
1991-05-24,92435.42
1991-05-28,92396.12
1991-05-29,93915.59
1991-05-30,93798.35
1991-05-31,93629.15
1991-06-03,94304.27
1991-06-04,94148.06
1991-06-05,94147.73
1991-06-06,94783.87
1991-06-07,95342.08
1991-06-10,96692.64
1991-06-11,96445.49
1991-06-12,96639.99
1991-06-13,96042.14
1991-06-14,95535.22
1991-06-17,95288.08
1991-06-18,96183.99
1991-06-19,95443.27
1991-06-20,95494.88
1991-06-21,95143.84
1991-06-24,93753.69
1991-06-25,94389.81
1991-06-26,95103.86
1991-06-27,94765.81
1991-06-28,95687.67
1991-07-01,95830.2
1991-07-02,95362.27
1991-07-03,95920.44
1991-07-05,96088.95
1991-07-08,96179.52
1991-07-09,95906.42
1991-07-10,96347.69
1991-07-11,95671.95
1991-07-12,95554.71
1991-07-15,95541.38
1991-07-16,95774.83
1991-07-17,95826.44
1991-07-18,95852.07
1991-07-19,96111.49
1991-07-22,96046.21
1991-07-23,95435.43
1991-07-24,95071.43
1991-07-25,94785.35
1991-07-26,94577.21
1991-07-29,94836.63
1991-07-30,93862.21
1991-07-31,94251.5
1991-08-01,94394.03
1991-08-02,92939.08
1991-08-05,92601.07
1991-08-06,92730.62
1991-08-07,92678.33
1991-08-08,92885.8
1991-08-09,93041.32
1991-08-12,93040.99
1991-08-13,92677.01
1991-08-14,92429.92
1991-08-15,93078.95
1991-08-16,92922.77
1991-08-19,93818.55
1991-08-20,91896.13
1991-08-21,92545.15
1991-08-22,92518.85
1991-08-23,91869.17
1991-08-26,91868.84
1991-08-27,91894.49
1991-08-28,92075.98
1991-08-29,91231.51
1991-08-30,90231.21
1991-09-03,90217.9
1991-09-04,90568.22
1991-09-05,90230.24
1991-09-06,90398.74
1991-09-09,91047.74
1991-09-10,91346.11
1991-09-11,89670.54
1991-09-12,89890.99
1991-09-13,89410.17
1991-09-16,89708.54
1991-09-17,89903.01
1991-09-18,90461.09
1991-09-19,90538.69
1991-09-20,90538.36
1991-09-23,90706.86
1991-09-24,91394.79
1991-09-25,91615.22
1991-09-26,91394.14
1991-09-27,90497.79
1991-09-30,92172.63
1991-10-01,91925.57
1991-10-02,92457.66
1991-10-03,92665.09
1991-10-04,92534.91
1991-10-07,93417.59
1991-10-08,92871.87
1991-10-09,92884.52
1991-10-10,93364.65
1991-10-11,92909.83
1991-10-14,93104.28
1991-10-15,92857.23
1991-10-16,92597.19
1991-10-17,93051.34
1991-10-18,93388.62
1991-10-21,94479.03
1991-10-22,94102.13
1991-10-23,94062.84
1991-10-24,93750.86
1991-10-25,94010.23
1991-10-28,93100.95
1991-10-29,92814.96
1991-10-30,93321.03
1991-10-31,92827.28
1991-11-01,92904.85
1991-11-04,92540.95
1991-11-05,92592.56
1991-11-06,92059.86
1991-11-07,92059.54
1991-11-08,91643.71
1991-11-11,92162.75
1991-11-12,92123.47
1991-11-13,92590.58
1991-11-14,92408.47
1991-11-15,92317.25
1991-11-18,93680.25
1991-11-19,94264.2
1991-11-20,94159.99
1991-11-21,94601.11
1991-11-22,95548.6
1991-11-25,95846.89
1991-11-26,95106.47
1991-11-27,95326.86
1991-11-29,95118.77
1991-12-02,95650.77
1991-12-03,94235.2
1991-12-04,94845.1
1991-12-05,94714.92
1991-12-06,95493.6
1991-12-09,96259.28
1991-12-10,95570.82
1991-12-11,95167.99
1991-12-12,93349.98
1991-12-13,93232.8
1991-12-16,93388.26
1991-12-17,92803.69
1991-12-18,92933.19
1991-12-19,93192.52
1991-12-20,93036.39
1991-12-23,93386.6
1991-12-24,93386.26
1991-12-26,93385.93
1991-12-27,91736.77
1991-12-30,91697.49
1991-12-31,91697.16
1992-01-02,91112.61
1992-01-03,91657.56
1992-01-06,90722.48
1992-01-07,90800.05
1992-01-08,91033.42
1992-01-09,91279.76
1992-01-10,92928.21
1992-01-13,91889.28
1992-01-14,91811.06
1992-01-15,92317.04
1992-01-16,92628.29
1992-01-17,92407.26
1992-01-20,93146.91
1992-01-21,92899.92
1992-01-22,92626.96
1992-01-23,92224.19
1992-01-24,91717.56
1992-01-27,92457.21
1992-01-28,92508.8
1992-01-29,92132
1992-01-30,92430.25
1992-01-31,91936.61
1992-02-03,92533.45
1992-02-04,92429.26
1992-02-05,91987.56
1992-02-06,92415.62
1992-02-07,92480.2
1992-02-10,92077.44
1992-02-11,92427.61
1992-02-12,92738.83
1992-02-13,92504.84
1992-02-14,91933.33
1992-02-18,91595.49
1992-02-19,91699.01
1992-02-20,91750.61
1992-02-21,91282.96
1992-02-24,90815.32
1992-02-25,90996.73
1992-02-26,90516.1
1992-02-27,91839.84
1992-02-28,91670.76
1992-03-02,90982.45
1992-03-03,91215.77
1992-03-04,90903.91
1992-03-05,90838.68
1992-03-06,90708.55
1992-03-09,90552.46
1992-03-10,90435.31
1992-03-11,90603.74
1992-03-12,90239.96
1992-03-13,90148.77
1992-03-16,89045.12
1992-03-17,88006.37
1992-03-18,88343.55
1992-03-19,87694.22
1992-03-20,87953.51
1992-03-23,87927.24
1992-03-24,87849.04
1992-03-25,88588.59
1992-03-26,88367.61
1992-03-27,88393.26
1992-03-30,89119.82
1992-03-31,88704.14
1992-04-01,89300.9
1992-04-02,88392
1992-04-03,88417.64
1992-04-06,88066.87
1992-04-07,87936.76
1992-04-08,87611.96
1992-04-09,87858.26
1992-04-10,88753.53
1992-04-13,88467.66
1992-04-14,88000.09
1992-04-15,87986.79
1992-04-16,87402.41
1992-04-20,87402.1
1992-04-21,87817.12
1992-04-22,87764.89
1992-04-23,87868.41
1992-04-24,87361.91
1992-04-27,87140.96
1992-04-28,87413.2
1992-04-29,87140.33
1992-04-30,87308.75
1992-05-01,87606.95
1992-05-04,87606.64
1992-05-05,87411.64
1992-05-06,87398.35
1992-05-07,87229.32
1992-05-08,87449.64
1992-05-11,87254.65
1992-05-12,87020.73
1992-05-13,87007.44
1992-05-14,87448.39
1992-05-15,87993.17
1992-05-18,87966.9
1992-05-19,88122.33
1992-05-20,87460.12
1992-05-21,87537.68
1992-05-22,87654.17
1992-05-26,87692.79
1992-05-27,87887.15
1992-05-28,87445.58
1992-05-29,87601.01
1992-06-01,87431.98
1992-06-02,87989.72
1992-06-03,88223
1992-06-04,87833.35
1992-06-05,87936.86
1992-06-08,87910.59
1992-06-09,87676.68
1992-06-10,87637.44
1992-06-11,87792.85
1992-06-12,88142.93
1992-06-15,88947.22
1992-06-16,88856.06
1992-06-17,88764.9
1992-06-18,88569.93
1992-06-19,89166.56
1992-06-22,88893.72
1992-06-23,89230.81
1992-06-24,88841.18
1992-06-25,89126.36
1992-06-26,89151.99
1992-06-29,88762.37
1992-06-30,89125.4
1992-07-01,89164.02
1992-07-02,90085.05
1992-07-06,89954.96
1992-07-07,89695.11
1992-07-08,90187.9
1992-07-09,90122.7
1992-07-10,90498.7
1992-07-13,90472.42
1992-07-14,90653.77
1992-07-15,91068.69
1992-07-16,91613.38
1992-07-17,92573.31
1992-07-20,93247.75
1992-07-21,92935.98
1992-07-22,93104.34
1992-07-23,93298.65
1992-07-24,92805.22
1992-07-27,93012.51
1992-07-28,93323.6
1992-07-29,92440.9
1992-07-30,92583.31
1992-07-31,92868.45
1992-08-03,91881.95
1992-08-04,91531.27
1992-08-05,91024.89
1992-08-06,90466.61
1992-08-07,90803.65
1992-08-10,90920.11
1992-08-11,90348.86
1992-08-12,89998.19
1992-08-13,87532.52
1992-08-14,87117
1992-08-17,87557.85
1992-08-18,87220.18
1992-08-19,87712.93
1992-08-20,87517.98
1992-08-21,87426.85
1992-08-24,88827.85
1992-08-25,88593.98
1992-08-26,87841.11
1992-08-27,87970.55
1992-08-28,88229.73
1992-08-31,88229.42
1992-09-01,88670.25
1992-09-02,88345.56
1992-09-03,87930.05
1992-09-04,88760.13
1992-09-08,88785.76
1992-09-09,89083.86
1992-09-10,88811.07
1992-09-11,88226.9
1992-09-14,89848.4
1992-09-15,89757.26
1992-09-16,90561.35
1992-09-17,90405.34
1992-09-18,90093.63
1992-09-21,90586.33
1992-09-22,90598.98
1992-09-23,90365.12
1992-09-24,90364.8
1992-09-25,90740.73
1992-09-28,90299.29
1992-09-29,90169.22
1992-09-30,90558.12
1992-10-01,90441.03
1992-10-02,90298
1992-10-05,90686.89
1992-10-06,90894.15
1992-10-07,90854.9
1992-10-08,90945.39
1992-10-09,90841.28
1992-10-12,89906.85
1992-10-13,89192.98
1992-10-14,89192.67
1992-10-15,88699.36
1992-10-16,88673.09
1992-10-19,88893.32
1992-10-20,89126.53
1992-10-21,89191.07
1992-10-22,88905.34
1992-10-23,88866.11
1992-10-26,88593.35
1992-10-27,87762.76
1992-10-28,87749.47
1992-10-29,88086.46
1992-10-30,88021.28
1992-11-02,88085.83
1992-11-03,87852
1992-11-04,87644.12
1992-11-05,87708.67
1992-11-06,87461.88
1992-11-09,86786.98
1992-11-10,85709.95
1992-11-11,85917.2
1992-11-12,86422.82
1992-11-13,86759.8
1992-11-16,87018.94
1992-11-17,86733.24
1992-11-18,86940.48
1992-11-19,86719.64
1992-11-20,87199.31
1992-11-23,86667.14
1992-11-24,86731.69
1992-11-25,86744.35
1992-11-27,86666.21
1992-11-30,86704.81
1992-12-01,86821.25
1992-12-02,87080.38
1992-12-03,86976.29
1992-12-04,87066.79
1992-12-07,86807.04
1992-12-08,86975.36
1992-12-09,86521.04
1992-12-10,86572.62
1992-12-11,86935.52
1992-12-14,86961.15
1992-12-15,86883.01
1992-12-16,87505.33
1992-12-17,87855.25
1992-12-18,87426.88
1992-12-21,86622.34
1992-12-22,86284.78
1992-12-23,86388.24
1992-12-24,86387.93
1992-12-28,86387.62
1992-12-29,86257.6
1992-12-30,86361.06
1992-12-31,86360.75
1993-01-04,85154.15
1993-01-05,85244.64
1993-01-06,85503.75
1993-01-07,85386.71
1993-01-08,85373.43
1993-01-11,85191.54
1993-01-12,85398.76
1993-01-13,84970.43
1993-01-14,84996.07
1993-01-15,85008.73
1993-01-18,85125.16
1993-01-19,85345.36
1993-01-20,85345.05
1993-01-21,85539.3
1993-01-22,85279.59
1993-01-25,85201.46
1993-01-26,85836.7
1993-01-27,85758.57
1993-01-28,85589.66
1993-01-29,85719.05
1993-02-01,85537.16
1993-02-02,85510.92
1993-02-03,85134.48
1993-02-04,85082.3
1993-02-05,85017.15
1993-02-08,85068.72
1993-02-09,85094.36
1993-02-10,85560.97
1993-02-11,86118.36
1993-02-12,85391.75
1993-02-16,85456.29
1993-02-17,85754.29
1993-02-18,85585.38
1993-02-19,85805.55
1993-02-22,85519.92
1993-02-23,85493.67
1993-02-24,85571.18
1993-02-25,85493.06
1993-02-26,84973.99
1993-03-01,85207.13
1993-03-02,85375.43
1993-03-03,85478.87
1993-03-04,85089.5
1993-03-05,85530.14
1993-03-08,84946.23
1993-03-09,84803.27
1993-03-10,84582.5
1993-03-11,84789.7
1993-03-12,84815.33
1993-03-15,85074.4
1993-03-16,85333.47
1993-03-17,85268.32
1993-03-18,85657.07
1993-03-19,86019.89
1993-03-22,86265.98
1993-03-23,86084.12
1993-03-24,85850.38
1993-03-25,86265.06
1993-03-26,86290.69
1993-03-29,86031.01
1993-03-30,86730.99
1993-03-31,87612.51
1993-04-01,87236.12
1993-04-02,88208.42
1993-04-05,87987.65
1993-04-06,87766.88
1993-04-07,87338.62
1993-04-08,87532.83
1993-04-12,87532.52
1993-04-13,87324.72
1993-04-14,87726.41
1993-04-15,87894.67
1993-04-16,87622.04
1993-04-19,88075.59
1993-04-20,88153.08
1993-04-21,87919.35
1993-04-22,87996.84
1993-04-23,89448.88
1993-04-26,90576.72
1993-04-27,91133.99
1993-04-28,90692.78
1993-04-29,92222.59
1993-04-30,91885.11
1993-05-03,91884.78
1993-05-04,92364.24
1993-05-05,91871.16
1993-05-06,92195.01
1993-05-07,92713.35
1993-05-10,92531.49
1993-05-11,92155.12
1993-05-12,92375.22
1993-05-13,95175.72
1993-05-14,95486.58
1993-05-17,95758.54
1993-05-18,95382.16
1993-05-19,99038.4
1993-05-20,96937.46
1993-05-21,96794.49
1993-05-24,98350.11
1993-05-25,97895.94
1993-05-26,97117.61
1993-05-27,97182.09
1993-05-28,97881.92
1993-06-01,97855.64
1993-06-02,95689.94
1993-06-03,97167.74
1993-06-04,97919.42
1993-06-07,96674.33
1993-06-08,97309.32
1993-06-09,96323.56
1993-06-10,96154.66
1993-06-11,96037.63
1993-06-14,94131.31
1993-06-15,94740.37
1993-06-16,95427.21
1993-06-17,95802.87
1993-06-18,96178.53
1993-06-21,96087.43
1993-06-22,95633.3
1993-06-23,95192.13
1993-06-24,96955.09
1993-06-25,97525.22
1993-06-28,97330.39
1993-06-29,97330.04
1993-06-30,98133.54
1993-07-01,98275.8
1993-07-02,100635.11
1993-07-06,101555.27
1993-07-07,102631.01
1993-07-08,102475.06
1993-07-09,101930.17
1993-07-12,102007.59
1993-07-13,101760.9
1993-07-14,102266.16
1993-07-15,101824.99
1993-07-16,101643.12
1993-07-19,102368.78
1993-07-20,101668.33
1993-07-21,101745.75
1993-07-22,100902.69
1993-07-23,101459.81
1993-07-26,101576.12
1993-07-27,101731.33
1993-07-28,101938.4
1993-07-29,102158.43
1993-07-30,104167.53
1993-08-02,105165.4
1993-08-03,104685.35
1993-08-04,104399.76
1993-08-05,100536.09
1993-08-06,98370.74
1993-08-09,98966.73
1993-08-10,98616.35
1993-08-11,97488.14
1993-08-12,97565.58
1993-08-13,95309.53
1993-08-16,96605.56
1993-08-17,96345.94
1993-08-18,96890.07
1993-08-19,96811.95
1993-08-20,96772.71
1993-08-23,96733.47
1993-08-24,96875.73
1993-08-25,96227.21
1993-08-26,96252.79
1993-08-27,95733.91
1993-08-30,95733.57
1993-08-31,96329.54
1993-09-01,95681.03
1993-09-02,95732.55
1993-09-03,94059.96
1993-09-07,91985.54
1993-09-08,91194.47
1993-09-09,91595.99
1993-09-10,91129
1993-09-13,89236.09
1993-09-14,89106.15
1993-09-15,90220.63
1993-09-16,91451.77
1993-09-17,91218.11
1993-09-20,91775.18
1993-09-21,91969.29
1993-09-22,91878.22
1993-09-23,92551.95
1993-09-24,92707.16
1993-09-27,92460.55
1993-09-28,92226.89
1993-09-29,91565.49
1993-09-30,92161.42
1993-10-01,91772.23
1993-10-04,91188.6
1993-10-05,91719.72
1993-10-06,92354.54
1993-10-07,92626.41
1993-10-08,92937.17
1993-10-11,93688.63
1993-10-12,93480.91
1993-10-13,94984.15
1993-10-14,95204.16
1993-10-15,94516.84
1993-10-18,94672.05
1993-10-19,94982.79
1993-10-20,96563.77
1993-10-21,97081.89
1993-10-22,95370.62
1993-10-25,96303.5
1993-10-26,95460.67
1993-10-27,96302.82
1993-10-28,95537.75
1993-10-29,95809.6
1993-11-01,94163.18
1993-11-02,94098.04
1993-11-03,94240.27
1993-11-04,96430.36
1993-11-05,97920.54
1993-11-08,97375.83
1993-11-09,97466.21
1993-11-10,97180.72
1993-11-11,97659.93
1993-11-12,97659.58
1993-11-15,97127.84
1993-11-16,97205.25
1993-11-17,96375.42
1993-11-18,97658.18
1993-11-19,97852.24
1993-11-22,98085.18
1993-11-23,97877.46
1993-11-24,97553.1
1993-11-26,97682.36
1993-11-29,96204.53
1993-11-30,96139.38
1993-12-01,96709.29
1993-12-02,97110.71
1993-12-03,97654.69
1993-12-06,97719.15
1993-12-07,97692.88
1993-12-08,99092.21
1993-12-09,99143.7
1993-12-10,99091.51
1993-12-13,100114.99
1993-12-14,100309.03
1993-12-15,99945.79
1993-12-16,100075.03
1993-12-17,100178.35
1993-12-20,101020.38
1993-12-21,100436.83
1993-12-22,99956.97
1993-12-23,99775.18
1993-12-27,99774.82
1993-12-28,99774.46
1993-12-29,100072.17
1993-12-30,101536.22
1993-12-31,101535.86
1994-01-03,101535.5
1994-01-04,102144.22
1994-01-05,102441.92
1994-01-06,99953.4
1994-01-07,101210.07
1994-01-10,99447.28
1994-01-11,99900.49
1994-01-12,100068.6
1994-01-13,100755.06
1994-01-14,101104.59
1994-01-17,101674.42
1994-01-18,101738.85
1994-01-19,101518.19
1994-01-20,101543.74
1994-01-21,100040.18
1994-01-24,98173.79
1994-01-25,99002.78
1994-01-26,99261.6
1994-01-27,99416.75
1994-01-28,98029.84
1994-01-31,97938.79
1994-02-01,98910.31
1994-02-02,99700.41
1994-02-03,99946.26
1994-02-04,100684.52
1994-02-07,99388.35
1994-02-08,98623.46
1994-02-09,98674.94
1994-02-10,99128.12
1994-02-11,98959.31
1994-02-14,99321.78
1994-02-15,99774.95
1994-02-16,99385.86
1994-02-17,99644.66
1994-02-18,98465.15
1994-02-22,98322.27
1994-02-23,97376.01
1994-02-24,97621.86
1994-02-25,98204.6
1994-02-28,98878.03
1994-03-01,98812.89
1994-03-02,97685.25
1994-03-03,97879.26
1994-03-04,97425.41
1994-03-07,97826.73
1994-03-08,97463.58
1994-03-09,97255.92
1994-03-10,98603.11
1994-03-11,100196.48
1994-03-14,100157.25
1994-03-15,100312.37
1994-03-16,99897.39
1994-03-17,99352.85
1994-03-18,100168.77
1994-03-21,100142.5
1994-03-22,100841.81
1994-03-23,100608.23
1994-03-24,101165
1994-03-25,101397.86
1994-03-28,100866.28
1994-03-29,100231.05
1994-03-30,100321.39
1994-03-31,100852.24
1994-04-04,100851.88
1994-04-05,99698.41
1994-04-06,99477.8
1994-04-07,99581.09
1994-04-08,99878.73
1994-04-11,98919.62
1994-04-12,97947.56
1994-04-13,98076.77
1994-04-14,97856.17
1994-04-15,97687.39
1994-04-18,97972.07
1994-04-19,96676.14
1994-04-20,96222.34
1994-04-21,96727.27
1994-04-22,95781.16
1994-04-25,96648.85
1994-04-26,96985.35
1994-04-28,96738.84
1994-04-29,97541.74
1994-05-02,97541.39
1994-05-03,97191.25
1994-05-04,97203.86
1994-05-05,97035.09
1994-05-06,96749.73
1994-05-09,98718.58
1994-05-10,98497.99
1994-05-11,98588.32
1994-05-12,98264.09
1994-05-13,98885.58
1994-05-16,98276.34
1994-05-17,99118.07
1994-05-18,98353.37
1994-05-19,99311.68
1994-05-20,99272.46
1994-05-23,100127.12
1994-05-24,100528.36
1994-05-25,100346.64
1994-05-26,99724.46
1994-05-27,99853.65
1994-05-31,100423.29
1994-06-01,100086.11
1994-06-02,99295.53
1994-06-03,99217.45
1994-06-06,98038.25
1994-06-07,98581.98
1994-06-08,98827.76
1994-06-09,99112.4
1994-06-10,99241.59
1994-06-13,99124.65
1994-06-14,99435.19
1994-06-15,99512.56
1994-06-16,100224.68
1994-06-17,100483.4
1994-06-20,100858.7
1994-06-21,101117.42
1994-06-22,101674.07
1994-06-23,100779.9
1994-06-24,101012.7
1994-06-27,100843.95
1994-06-28,100144.09
1994-06-29,99871.71
1994-06-30,100583.8
1994-07-01,99637.83
1994-07-05,100336.96
1994-07-06,99870.28
1994-07-07,99222.26
1994-07-08,99260.76
1994-07-11,99933.98
1994-07-12,100076.11
1994-07-13,99648.29
1994-07-14,99531.36
1994-07-15,99712.35
1994-07-18,100126.49
1994-07-19,99646.87
1994-07-20,100371.88
1994-07-21,99969.98
1994-07-22,99477.42
1994-07-25,99736.12
1994-07-26,100046.63
1994-07-27,100655.05
1994-07-28,100279.06
1994-07-29,99475.64
1994-08-01,99436.43
1994-08-02,98438.73
1994-08-03,98036.85
1994-08-04,97790.4
1994-08-05,97997.29
1994-08-08,97815.61
1994-08-09,98087.26
1994-08-10,97996.24
1994-08-11,97814.56
1994-08-12,97969.64
1994-08-15,97554.82
1994-08-16,97476.76
1994-08-17,97709.55
1994-08-18,98602.88
1994-08-19,98900.43
1994-08-22,99107.3
1994-08-23,98783.15
1994-08-24,99443.34
1994-08-25,99287.57
1994-08-26,99287.21
1994-08-29,99286.86
1994-08-30,100141.31
1994-08-31,99920.77
1994-09-01,99985.17
1994-09-02,100166.14
1994-09-06,100398.9
1994-09-07,100942.5
1994-09-08,101408.39
1994-09-09,101213.76
1994-09-12,101304.05
1994-09-13,100915.16
1994-09-14,101096.11
1994-09-15,100500
1994-09-16,101017.68
1994-09-19,100991.42
1994-09-20,102027.14
1994-09-21,102285.79
1994-09-22,101974.6
1994-09-23,102492.27
1994-09-26,102517.81
1994-09-27,102517.44
1994-09-28,102633.63
1994-09-29,102490.81
1994-09-30,102270.28
1994-10-03,101829.6
1994-10-04,101647.93
1994-10-05,101971.33
1994-10-06,101530.65
1994-10-07,101530.29
1994-10-10,101322.72
1994-10-11,100402.89
1994-10-12,100467.28
1994-10-13,100298.57
1994-10-14,100350.01
1994-10-17,100751.11
1994-10-18,100945
1994-10-19,101294.29
1994-10-20,101410.47
1994-10-21,101254.71
1994-10-24,100827.01
1994-10-25,100800.75
1994-10-26,100722.69
1994-10-27,100787.08
1994-10-28,100411.18
1994-10-31,99413.7
1994-11-01,99581.69
1994-11-02,99412.99
1994-11-03,99399.69
1994-11-04,99399.33
1994-11-07,99114.09
1994-11-08,99618.76
1994-11-09,99346.47
1994-11-10,99501.5
1994-11-11,99786.03
1994-11-14,99733.88
1994-11-15,100147.89
1994-11-16,100030.99
1994-11-17,100160.13
1994-11-18,99447.58
1994-11-21,99291.83
1994-11-22,99395.07
1994-11-23,99627.79
1994-11-25,99666.29
1994-11-28,99445.8
1994-11-29,99238.27
1994-11-30,99212.02
1994-12-01,98434.75
1994-12-02,98149.53
1994-12-05,97527.65
1994-12-06,97307.18
1994-12-07,97630.54
1994-12-08,97423.02
1994-12-09,97500.36
1994-12-12,97668.34
1994-12-13,98172.97
1994-12-14,98535.17
1994-12-15,98198.16
1994-12-16,98495.62
1994-12-19,98197.46
1994-12-20,98896.3
1994-12-21,98934.79
1994-12-22,98804.96
1994-12-23,98804.61
1994-12-27,98804.26
1994-12-28,98855.69
1994-12-29,99243.77
1994-12-30,99243.42
1995-01-03,98634.53
1995-01-04,97261.73
1995-01-05,97183.7
1995-01-06,97157.46
1995-01-09,96432.05
1995-01-10,96871.92
1995-01-11,97259.99
1995-01-12,98528.48
1995-01-13,98036.13
1995-01-16,97763.89
1995-01-17,98346.17
1995-01-18,99070.85
1995-01-19,98889.24
1995-01-20,99393.82
1995-01-23,99005.06
1995-01-24,98732.82
1995-01-25,98771.3
1995-01-26,98745.06
1995-01-27,97980.85
1995-01-30,97333.16
1995-01-31,97073.88
1995-02-01,97423.09
1995-02-02,97332.12
1995-02-03,97267.04
1995-02-06,96968.92
1995-02-07,96968.57
1995-02-08,96994.12
1995-02-09,97511.63
1995-02-10,97459.49
1995-02-13,96967.19
1995-02-14,97355.23
1995-02-15,97510.23
1995-02-16,97548.72
1995-02-17,97936.76
1995-02-21,98039.98
1995-02-22,98182.03
1995-02-23,98259.36
1995-02-24,97805.9
1995-02-27,97248.88
1995-02-28,97455.67
1995-03-01,97274.08
1995-03-02,97027.76
1995-03-03,97674.7
1995-03-06,98088.61
1995-03-07,98903.83
1995-03-08,98385.66
1995-03-09,98618.32
1995-03-10,98747.42
1995-03-13,99808.59
1995-03-14,99601.11
1995-03-15,99976.17
1995-03-16,99341.5
1995-03-17,99069.29
1995-03-20,98952.43
1995-03-21,99133.31
1995-03-22,98964.67
1995-03-23,99275
1995-03-24,98925.13
1995-03-27,98950.66
1995-03-28,98820.86
1995-03-29,99157.07
1995-03-30,99260.28
1995-03-31,101486.42
1995-04-03,101563.73
1995-04-04,101408.03
1995-04-05,101498.28
1995-04-06,101847.42
1995-04-07,101769.39
1995-04-10,100785.24
1995-04-11,100966.11
1995-04-12,100978.69
1995-04-13,100758.28
1995-04-17,100757.92
1995-04-18,101702.48
1995-04-19,102401.11
1995-04-20,101818.26
1995-04-21,101054.19
1995-04-24,101131.49
1995-04-25,100898.14
1995-04-26,100677.73
1995-04-27,100017.23
1995-04-28,100897.06
1995-05-01,100236.56
1995-05-02,100585.69
1995-05-03,100624.16
1995-05-04,100986.22
1995-05-05,101218.85
1995-05-08,101218.49
1995-05-09,100467.4
1995-05-10,99198.58
1995-05-11,99314.72
1995-05-12,99560.29
1995-05-15,99339.89
1995-05-16,99365.42
1995-05-17,99119.15
1995-05-18,99144.68
1995-05-19,99144.33
1995-05-22,98768.62
1995-05-23,98884.76
1995-05-24,99169.15
1995-05-25,99867.72
1995-05-26,99789.7
1995-05-30,99854.06
1995-05-31,99478.36
1995-06-01,99270.92
1995-06-02,99438.82
1995-06-05,99205.5
1995-06-06,99451.06
1995-06-07,99890.75
1995-06-08,99670.37
1995-06-09,100019.46
1995-06-12,100303.84
1995-06-13,100174.06
1995-06-14,100367.83
1995-06-15,100561.61
1995-06-16,101286.02
1995-06-19,101078.58
1995-06-20,101142.93
1995-06-21,101129.63
1995-06-22,100857.48
1995-06-23,100740.64
1995-06-26,100688.52
1995-06-27,100791.69
1995-06-28,100493.67
1995-06-29,100247.41
1995-06-30,100182.35
1995-07-03,99521.96
1995-07-05,99456.89
1995-07-06,99430.66
1995-07-07,99844.43
1995-07-10,99857.02
1995-07-11,99584.89
1995-07-12,100089.25
1995-07-13,100735.97
1995-07-14,100528.54
1995-07-17,100528.19
1995-07-18,100838.42
1995-07-19,101058.06
1995-07-20,100125.93
1995-07-21,99892.63
1995-07-24,100073.45
1995-07-25,100086.03
1995-07-26,99904.5
1995-07-27,99826.5
1995-07-28,99127.33
1995-07-31,99217.56
1995-08-01,99087.8
1995-08-02,99035.68
1995-08-03,99384.73
1995-08-04,99384.38
1995-08-07,99409.9
1995-08-08,99513.07
1995-08-09,99486.84
1995-08-10,99395.9
1995-08-11,99266.14
1995-08-14,99252.84
1995-08-15,99990.09
1995-08-16,98863.92
1995-08-17,99471.76
1995-08-18,99510.23
1995-08-21,99561.63
1995-08-22,99393.06
1995-08-23,99056.26
1995-08-24,99379.41
1995-08-25,99146.13
1995-08-28,99145.78
1995-08-29,99119.54
1995-08-30,98769.81
1995-08-31,98950.62
1995-09-01,98730.29
1995-09-05,98186.47
1995-09-06,98354.33
1995-09-07,98716.29
1995-09-08,98961.79
1995-09-11,98883.8
1995-09-12,99142.24
1995-09-13,99607.7
1995-09-14,99659.11
1995-09-15,99632.87
1995-09-18,99736.03
1995-09-19,99593.34
1995-09-20,99502.41
1995-09-21,99217.39
1995-09-22,99242.92
1995-09-25,99048.48
1995-09-26,99319.84
1995-09-27,99306.55
1995-09-28,99241.5
1995-09-29,99370.53
1995-10-02,99176.1
1995-10-03,98904.03
1995-10-04,98981.31
1995-10-05,99175.03
1995-10-06,99122.92
1995-10-09,99497.79
1995-10-10,99652.7
1995-10-11,99497.08
1995-10-12,99483.79
1995-10-13,99315.23
1995-10-16,99327.81
1995-10-17,99211.01
1995-10-18,99275.35
1995-10-19,98783.34
1995-10-20,98782.99
1995-10-23,98989.65
1995-10-24,98976.36
1995-10-25,99014.82
1995-10-26,99079.15
1995-10-27,99001.17
1995-10-30,98884.38
1995-10-31,99013.4
1995-11-01,98831.92
1995-11-02,98857.44
1995-11-03,98986.47
1995-11-06,98895.55
1995-11-07,99567.95
1995-11-08,99567.6
1995-11-09,99618.99
1995-11-10,100757.14
1995-11-13,100472.16
1995-11-14,99837.86
1995-11-15,99695.2
1995-11-16,99668.96
1995-11-17,99966.17
1995-11-20,99952.87
1995-11-21,99952.52
1995-11-22,99447.61
1995-11-24,99214.39
1995-11-27,99511.58
1995-11-28,100623.81
1995-11-29,100519.96
1995-11-30,100338.48
1995-12-01,99924.14
1995-12-04,99846.16
1995-12-05,100013.99
1995-12-06,100492.29
1995-12-07,100336.69
1995-12-08,100595.06
1995-12-11,100801.69
1995-12-12,100594.35
1995-12-13,100283.51
1995-12-14,99791.57
1995-12-15,99920.57
1995-12-18,100178.94
1995-12-19,100411.44
1995-12-20,100281.72
1995-12-21,100397.79
1995-12-22,100397.43
1995-12-26,100397.07
1995-12-27,100137.99
1995-12-28,100124.7
1995-12-29,100124.34
1996-01-02,100680.23
1996-01-03,101779.42
1996-01-04,101998.97
1996-01-05,102425.48
1996-01-08,102606.22
1996-01-09,102075.49
1996-01-10,103485.11
1996-01-11,103226.03
1996-01-12,103380.89
1996-01-15,102332.74
1996-01-16,102862.73
1996-01-17,102888.23
1996-01-18,102836.13
1996-01-19,103249.69
1996-01-22,104051.31
1996-01-23,104426.06
1996-01-24,104128.18
1996-01-25,105188.49
1996-01-26,105162.25
1996-01-29,104644.47
1996-01-30,105174.43
1996-01-31,104915.35
1996-02-01,105833.36
1996-02-02,107229.95
1996-02-05,107307.18
1996-02-06,106660.05
1996-02-07,107151.19
1996-02-08,105521.04
1996-02-09,105546.53
1996-02-12,104640.73
1996-02-13,104304.06
1996-02-14,104277.81
1996-02-15,104665.48
1996-02-16,104729.78
1996-02-20,104043.88
1996-02-21,102646.6
1996-02-22,103383.49
1996-02-23,103020.96
1996-02-26,103214.6
1996-02-27,103343.58
1996-02-28,102838.78
1996-02-29,103640.32
1996-03-01,103044.99
1996-03-04,101841.76
1996-03-05,101815.53
1996-03-06,101815.16
1996-03-07,101892.4
1996-03-08,102642.2
1996-03-11,102370.22
1996-03-12,102499.19
1996-03-13,102563.5
1996-03-14,102304.46
1996-03-15,102355.83
1996-03-18,101915.72
1996-03-19,102199.89
1996-03-20,102147.8
1996-03-21,102380.23
1996-03-22,102871.33
1996-03-25,102922.7
1996-03-26,103439.66
1996-03-27,103555.69
1996-03-28,103128.53
1996-03-29,102520.3
1996-04-01,101963.81
1996-04-02,102002.25
1996-04-03,102079.48
1996-04-04,101846.33
1996-04-08,101845.96
1996-04-09,102505.17
1996-04-10,102052.16
1996-04-11,101987.13
1996-04-12,102103.16
1996-04-15,101701.88
1996-04-16,101779.12
1996-04-17,101157.99
1996-04-18,101002.44
1996-04-19,101105.54
1996-04-22,101131.04
1996-04-23,101324.67
1996-04-24,101078.59
1996-04-25,101724.84
1996-04-26,101362.38
1996-04-29,101090.44
1996-04-30,101206.47
1996-05-01,101464.75
1996-05-02,101490.25
1996-05-03,101903.71
1996-05-06,101903.35
1996-05-07,101825.39
1996-05-08,102109.53
1996-05-09,101566.03
1996-05-10,101694.98
1996-05-13,101125.62
1996-05-14,101047.67
1996-05-15,101435.26
1996-05-16,101357.31
1996-05-17,101369.88
1996-05-20,101085.02
1996-05-21,101123.46
1996-05-22,101071.37
1996-05-23,101226.19
1996-05-24,101083.58
1996-05-28,101380.64
1996-05-29,101121.65
1996-05-30,101198.88
1996-05-31,101004.55
1996-06-03,101042.98
1996-06-04,100784
1996-06-05,100253.47
1996-06-06,99528.98
1996-06-07,99981.21
1996-06-10,99735.16
1996-06-11,99540.85
1996-06-12,99514.63
1996-06-13,99488.41
1996-06-14,99332.89
1996-06-17,99565.28
1996-06-18,99526.14
1996-06-19,99900.77
1996-06-20,99409.05
1996-06-21,99098.37
1996-06-24,99356.62
1996-06-25,99589.01
1996-06-26,99252.47
1996-06-27,99032.3
1996-06-28,98786.27
1996-07-01,98669.55
1996-07-02,98772.64
1996-07-03,98772.28
1996-07-05,98655.56
1996-07-08,98758.65
1996-07-09,99016.89
1996-07-10,99042.4
1996-07-11,98964.47
1996-07-12,99196.85
1996-07-15,98976.69
1996-07-16,99364.23
1996-07-17,99144.07
1996-07-18,99298.87
1996-07-19,99427.81
1996-07-22,99517.96
1996-07-23,99582.25
1996-07-24,99400.89
1996-07-25,99503.97
1996-07-26,99607.05
1996-07-29,99425.68
1996-07-30,99502.9
1996-07-31,99631.84
1996-08-01,99877.13
1996-08-02,99902.64
1996-08-05,100781.45
1996-08-06,100457.87
1996-08-07,100328.22
1996-08-08,100224.43
1996-08-09,100198.22
1996-08-12,100107.36
1996-08-13,100223.36
1996-08-14,99990.28
1996-08-15,99860.64
1996-08-16,99860.28
1996-08-19,99911.64
1996-08-20,100092.28
1996-08-21,100014.35
1996-08-22,100065.71
1996-08-23,100194.64
1996-08-26,100194.28
1996-08-27,100530.06
1996-08-28,100452.13
1996-08-29,100322.49
1996-08-30,99921.36
1996-09-03,99959.78
1996-09-04,99700.87
1996-09-05,99803.93
1996-09-06,99648.44
1996-09-09,99441.24
1996-09-10,99053.05
1996-09-11,99156.12
1996-09-12,98793.78
1996-09-13,98974.42
1996-09-16,98974.07
1996-09-17,99141.77
1996-09-18,99025.07
1996-09-19,98960.08
1996-09-20,98701.17
1996-09-23,98506.91
1996-09-24,98842.67
1996-09-25,98868.17
1996-09-26,98363.65
1996-09-27,98427.94
1996-09-30,97988.06
1996-10-01,97897.22
1996-10-02,98323.47
1996-10-03,97948.23
1996-10-04,98426.18
1996-10-07,98270.71
1996-10-08,98464.26
1996-10-09,98593.18
1996-10-10,98696.24
1996-10-11,98437.35
1996-10-14,98475.78
1996-10-15,98501.28
1996-10-16,98630.2
1996-10-17,98397.16
1996-10-18,98241.69
1996-10-21,98499.87
1996-10-22,99107.07
1996-10-23,99145.49
1996-10-24,99015.88
1996-10-25,98899.18
1996-10-28,98989.32
1996-10-29,98678.73
1996-10-30,98161.33
1996-10-31,98109.28
1996-11-01,97617.73
1996-11-04,97901.76
1996-11-05,98056.52
1996-11-06,97720.09
1996-11-07,97874.86
1996-11-08,97758.17
1996-11-11,98365.34
1996-11-12,98726.91
1996-11-13,99166.03
1996-11-14,99010.57
1996-11-15,98040.79
1996-11-18,98001.67
1996-11-19,97768.66
1996-11-20,98000.97
1996-11-21,97457.75
1996-11-22,97457.4
1996-11-25,97043.44
1996-11-26,96551.93
1996-11-27,96422.33
1996-11-29,95982.53
1996-12-02,95840.01
1996-12-03,94973.68
1996-12-04,95878.1
1996-12-05,95386.6
1996-12-06,95709.39
1996-12-09,95385.92
1996-12-10,95191.71
1996-12-11,95191.37
1996-12-12,95281.5
1996-12-13,95384.56
1996-12-16,95190.35
1996-12-17,95177.08
1996-12-18,95305.99
1996-12-19,95383.2
1996-12-20,95382.86
1996-12-23,95317.89
1996-12-24,95317.55
1996-12-26,95317.21
1996-12-27,95484.89
1996-12-30,95445.77
1996-12-31,95445.43
1997-01-02,94747.18
1997-01-03,94087.71
1997-01-06,92665.72
1997-01-07,92794.63
1997-01-08,92173.95
1997-01-09,92147.77
1997-01-10,92599.78
1997-01-13,92948.39
1997-01-14,92379.41
1997-01-15,91616.58
1997-01-16,91254.38
1997-01-17,91951.94
1997-01-20,91266.66
1997-01-21,91679.89
1997-01-22,90774.91
1997-01-23,89947.48
1997-01-24,91110.27
1997-01-27,91394.26
1997-01-28,91419.78
1997-01-29,90747.44
1997-01-30,90268.95
1997-01-31,89299.39
1997-02-03,88988.91
1997-02-04,89350.44
1997-02-05,88755.66
1997-02-06,88600.26
1997-02-07,87811.64
1997-02-10,87979.33
1997-02-11,87720.56
1997-02-12,87280.86
1997-02-13,88559.91
1997-02-14,88494.98
1997-02-18,89166.65
1997-02-19,89489.4
1997-02-20,89166.01
1997-02-21,91310.85
1997-02-24,91245.91
1997-02-25,91258.51
1997-02-26,91684.62
1997-02-27,93041.15
1997-02-28,92678.99
1997-03-03,93596.15
1997-03-04,92885.09
1997-03-05,91618.37
1997-03-06,91256.22
1997-03-07,90532.26
1997-03-10,90519.01
1997-03-11,90958.04
1997-03-12,90815.57
1997-03-13,91202.91
1997-03-14,91176.74
1997-03-17,90814.6
1997-03-18,89496.25
1997-03-19,90219.55
1997-03-20,90968.69
1997-03-21,91175.11
1997-03-24,90502.86
1997-03-25,90347.48
1997-03-26,89429.72
1997-03-27,89972.11
1997-03-31,89971.79
1997-04-01,90449.56
1997-04-02,90720.58
1997-04-03,90125.88
1997-04-04,89776.68
1997-04-07,90189.84
1997-04-08,90215.36
1997-04-09,89879.09
1997-04-10,89827.08
1997-04-11,89917.21
1997-04-14,89606.78
1997-04-15,88637.39
1997-04-16,87835.98
1997-04-17,87964.88
1997-04-18,88403.87
1997-04-21,88442.32
1997-04-22,88274.03
1997-04-23,88118.67
1997-04-24,88092.51
1997-04-25,88441.05
1997-04-28,87910.99
1997-04-29,87665.19
1997-04-30,87897.45
1997-05-01,87664.57
1997-05-02,87767.62
1997-05-05,87767.3
1997-05-06,88490.52
1997-05-07,88141.36
1997-05-08,88825.81
1997-05-09,89368.14
1997-05-12,89975.07
1997-05-13,90155.63
1997-05-14,90206.98
1997-05-15,89508.98
1997-05-16,89017.71
1997-05-19,88035.48
1997-05-20,88629.48
1997-05-21,88551.64
1997-05-22,88564.25
1997-05-23,88512.25
1997-05-27,88796.17
1997-05-28,88576.22
1997-05-29,88860.13
1997-05-30,89299.08
1997-06-02,88859.5
1997-06-03,88768.74
1997-06-04,88303.33
1997-06-05,88057.55
1997-06-06,88884.07
1997-06-09,88948.34
1997-06-10,88818.84
1997-06-11,88831.44
1997-06-12,88417.71
1997-06-13,88210.69
1997-06-16,88236.21
1997-06-17,88403.84
1997-06-18,88261.42
1997-06-19,87899.38
1997-06-20,87382.31
1997-06-23,87330.33
1997-06-24,87420.45
1997-06-25,87445.97
1997-06-26,87058.1
1997-06-27,86954.44
1997-06-30,86437.39
1997-07-01,86217.47
1997-07-02,85816.69
1997-07-03,85919.73
1997-07-07,82160.19
1997-07-08,82883.32
1997-07-09,81978.75
1997-07-10,82624.37
1997-07-11,82546.56
1997-07-14,83114.66
1997-07-15,82610.56
1997-07-16,82545.68
1997-07-17,82519.55
1997-07-18,83759.37
1997-07-21,84275.79
1997-07-22,84805.12
1997-07-23,83939.32
1997-07-24,83176.88
1997-07-25,83732.04
1997-07-28,84158.02
1997-07-29,84364.4
1997-07-30,84622.45
1997-07-31,84312.13
1997-08-01,83730.54
1997-08-04,83588.15
1997-08-05,82954.91
1997-08-06,82502.5
1997-08-07,82928.48
1997-08-08,83625.71
1997-08-11,84658.79
1997-08-12,84258.05
1997-08-13,84270.67
1997-08-14,84257.45
1997-08-15,83869.64
1997-08-18,83339.75
1997-08-19,83559.04
1997-08-20,83197.07
1997-08-21,83442.19
1997-08-22,83700.23
1997-08-25,83699.93
1997-08-26,84087.13
1997-08-27,83893.08
1997-08-28,84176.94
1997-08-29,84047.48
1997-09-02,83285.11
1997-09-03,83103.98
1997-09-04,83103.68
1997-09-05,82987.14
1997-09-08,83051.42
1997-09-09,83102.79
1997-09-10,82870
1997-09-11,83089.28
1997-09-12,83528.13
1997-09-15,83256.6
1997-09-16,82920.48
1997-09-17,82778.11
1997-09-18,82881.14
1997-09-19,83190.83
1997-09-22,82880.55
1997-09-23,82893.17
1997-09-24,83357.84
1997-09-25,83848.34
1997-09-26,84377.58
1997-09-29,84493.52
1997-09-30,85784.77
1997-10-01,87088.93
1997-10-02,86107.05
1997-10-03,85680.53
1997-10-06,85886.87
1997-10-07,85744.49
1997-10-08,85912.09
1997-10-09,86118.42
1997-10-10,84955.75
1997-10-13,84774.63
1997-10-14,84658.1
1997-10-15,84334.92
1997-10-16,84554.17
1997-10-17,83766.06
1997-10-20,83662.44
1997-10-21,83507.16
1997-10-22,83287.31
1997-10-23,83764.86
1997-10-24,81788.61
1997-10-27,80535.59
1997-10-28,80677.37
1997-10-29,80974.12
1997-10-30,81813.27
1997-10-31,80431.13
1997-11-03,81050.73
1997-11-04,81450.79
1997-11-05,80972.67
1997-11-06,80597.87
1997-11-07,79732.32
1997-11-10,80261.52
1997-11-11,80751.97
1997-11-12,79589.41
1997-11-13,79589.13
1997-11-14,77935.85
1997-11-17,78452.13
1997-11-18,78542.25
1997-11-19,79019.78
1997-11-20,78180.1
1997-11-21,78489.75
1997-11-24,78773.57
1997-11-25,77662.71
1997-11-26,76706.83
1997-11-28,76654.9
1997-12-01,76021.86
1997-12-02,76215.29
1997-12-03,75672.65
1997-12-04,74729.7
1997-12-05,74225.81
1997-12-08,74251.38
1997-12-09,73153.48
1997-12-10,73940.93
1997-12-11,73553.27
1997-12-12,73088.13
1997-12-15,73242.83
1997-12-16,73733.26
1997-12-17,74339.91
1997-12-18,74894.9
1997-12-19,74610.55
1997-12-22,75010.58
1997-12-23,75539.74
1997-12-24,75539.47
1997-12-26,75539.2
1997-12-29,75680.97
1997-12-30,74944.68
1997-12-31,74944.41
1998-01-02,74375.99
1998-01-05,73446.03
1998-01-06,73032.57
1998-01-07,72722.41
1998-01-08,72735.06
1998-01-09,71972.97
1998-01-12,72024.37
1998-01-13,72179.06
1998-01-14,72953.53
1998-01-15,72953.27
1998-01-16,74889.82
1998-01-20,74476.37
1998-01-21,75147.52
1998-01-22,75870.32
1998-01-23,75146.99
1998-01-26,78181
1998-01-27,77186.52
1998-01-28,77470.3
1998-01-29,78115.61
1998-01-30,78722.18
1998-02-02,77856.82
1998-02-03,77043.11
1998-02-04,76991.19
1998-02-05,77081.29
1998-02-06,77235.96
1998-02-09,77623.02
1998-02-10,77338.7
1998-02-11,77067.28
1998-02-12,77325.23
1998-02-13,77247.49
1998-02-17,77285.95
1998-02-18,76988.71
1998-02-19,76949.71
1998-02-20,76613.74
1998-02-23,75580.59
1998-02-24,75244.64
1998-02-25,75463.86
1998-02-26,75657.25
1998-02-27,76793.13
1998-03-02,77038.16
1998-03-03,76689.29
1998-03-04,76624.47
1998-03-05,75836.65
1998-03-06,76146.23
1998-03-09,75874.84
1998-03-10,76016.58
1998-03-11,75938.85
1998-03-12,75874.02
1998-03-13,76054.5
1998-03-16,75963.85
1998-03-17,75860.3
1998-03-18,74982.14
1998-03-19,75265.89
1998-03-20,75498
1998-03-23,75652.65
1998-03-24,77537.25
1998-03-25,77265.86
1998-03-26,77355.95
1998-03-27,77962.44
1998-03-30,77936.34
1998-03-31,77716.6
1998-04-01,77716.32
1998-04-02,77535.31
1998-04-03,79006.73
1998-04-06,80194.13
1998-04-07,79832.38
1998-04-08,79728.82
1998-04-09,79431.61
1998-04-13,79431.33
1998-04-14,79908.69
1998-04-15,79314.58
1998-04-16,79081.93
1998-04-17,79636.74
1998-04-20,79378.27
1998-04-21,79390.9
1998-04-22,80758.98
1998-04-23,80745.78
1998-04-24,80848.77
1998-04-27,79944.85
1998-04-28,79634.75
1998-04-29,79582.83
1998-04-30,80215.08
1998-05-01,79233.73
1998-05-04,79233.44
1998-05-05,78432.82
1998-05-06,77709.66
1998-05-07,76960.68
1998-05-08,77554.2
1998-05-11,77166.67
1998-05-12,77282.57
1998-05-13,77217.75
1998-05-14,76455.88
1998-05-15,77681.9
1998-05-18,77526.72
1998-05-19,77371.55
1998-05-20,77345.46
1998-05-21,77603.34
1998-05-22,77396.54
1998-05-26,76918.66
1998-05-27,75575.96
1998-05-28,75898.39
1998-05-29,75794.85
1998-06-01,74542.52
1998-06-02,75239.27
1998-06-03,75484.25
1998-06-04,75587.25
1998-06-05,75044.85
1998-06-08,75302.74
1998-06-09,76825.56
1998-06-10,75637.8
1998-06-11,74940.52
1998-06-12,74385.23
1998-06-15,73791.23
1998-06-16,74087.83
1998-06-17,75094.34
1998-06-18,75494.19
1998-06-19,76862.09
1998-06-22,76190.64
1998-06-23,76009.67
1998-06-24,75854.51
1998-06-25,75673.54
1998-06-26,75802.34
1998-06-29,75802.07
1998-06-30,76485.87
1998-07-01,76614.66
1998-07-02,75904.52
1998-07-06,75697.74
1998-07-07,75826.53
1998-07-08,75374.53
1998-07-09,75322.63
1998-07-10,75012.61
1998-07-13,75244.66
1998-07-14,75721.93
1998-07-15,75670.03
1998-07-16,76134.39
1998-07-17,75837.27
1998-07-20,76108.03
1998-07-21,76120.67
1998-07-22,75875.18
1998-07-23,75707.13
1998-07-24,76042.42
1998-07-27,75022.57
1998-07-28,75009.39
1998-07-29,75047.84
1998-07-30,74853.99
1998-07-31,74556.88
1998-08-03,73859.7
1998-08-04,73846.53
1998-08-05,74310.88
1998-08-06,74284.8
1998-08-07,73742.5
1998-08-10,73716.42
1998-08-11,73509.67
1998-08-12,73573.94
1998-08-13,73147.79
1998-08-14,73405.64
1998-08-17,73340.85
1998-08-18,73366.4
1998-08-19,73688.77
1998-08-20,73636.89
1998-08-21,73172.04
1998-08-24,73429.88
1998-08-25,73055.37
1998-08-26,73080.92
1998-08-27,71880.49
1998-08-28,70563.93
1998-08-31,70563.68
1998-09-01,72008.77
1998-09-02,72305.33
1998-09-03,72046.97
1998-09-04,73556.57
1998-09-08,73659.54
1998-09-09,73156
1998-09-10,74975.28
1998-09-11,75710.57
1998-09-14,74897.32
1998-09-15,75013.19
1998-09-16,74393.51
1998-09-17,74973.94
1998-09-18,74870.44
1998-09-21,75605.71
1998-09-22,74560.2
1998-09-23,74559.94
1998-09-24,75540.38
1998-09-25,76933.75
1998-09-28,75423.71
1998-09-29,76391.24
1998-09-30,75836.09
1998-10-01,76803.61
1998-10-02,77629.18
1998-10-05,77099.85
1998-10-06,76041.47
1998-10-07,76905.75
1998-10-08,77486.14
1998-10-09,77085.85
1998-10-12,76504.91
1998-10-13,76272.38
1998-10-14,76207.59
1998-10-15,76942.81
1998-10-16,76890.92
1998-10-19,77045.49
1998-10-20,76232.3
1998-10-21,76193.32
1998-10-22,75586.6
1998-10-23,75418.59
1998-10-26,75211.87
1998-10-27,75611.6
1998-10-28,75650.03
1998-10-29,75869.11
1998-10-30,75430.14
1998-11-02,75533.1
1998-11-03,74474.8
1998-11-04,74680.98
1998-11-05,74990.37
1998-11-06,75686.85
1998-11-09,75364.02
1998-11-10,75415.36
1998-11-11,75737.65
1998-11-12,75982.53
1998-11-13,76666.09
1998-11-16,76085.2
1998-11-17,75813.98
1998-11-18,76510.44
1998-11-19,76471.46
1998-11-20,76277.65
1998-11-23,76251.57
1998-11-24,76496.44
1998-11-25,76457.46
1998-11-27,76418.48
1998-11-30,76044.05
1998-12-01,75682.53
1998-12-02,75901.59
1998-12-03,75565.87
1998-12-04,75423.68
1998-12-07,76262.02
1998-12-08,75965.01
1998-12-09,75913.13
1998-12-10,75848.36
1998-12-11,75035.29
1998-12-14,75189.84
1998-12-15,75486.3
1998-12-16,75885.98
1998-12-17,75679.28
1998-12-18,75240.37
1998-12-21,74736.95
1998-12-22,74117.42
1998-12-23,73743.02
1998-12-24,73742.76
1998-12-28,73742.49
1998-12-29,74038.96
1998-12-30,74258.01
1998-12-31,74257.74
1999-01-04,74089.77
1999-01-05,74089.5
1999-01-06,74218.25
1999-01-07,74811.42
1999-01-08,75056.26
1999-01-11,75120.5
1999-01-12,74771.91
1999-01-13,73649.29
1999-01-14,73700.63
1999-01-15,73777.77
1999-01-19,73919.41
1999-01-20,73790.15
1999-01-21,74241.4
1999-01-22,74047.63
1999-01-25,74227.96
1999-01-26,74072.9
1999-01-27,73221.22
1999-01-28,73156.46
1999-01-29,73633.5
1999-02-01,74020.24
1999-02-02,74445.67
1999-02-03,74006.81
1999-02-04,74109.74
1999-02-05,74664.17
1999-02-08,74522.01
1999-02-09,74044.45
1999-02-10,74353.78
1999-02-11,74121.32
1999-02-12,74598.34
1999-02-16,73604.81
1999-02-17,73720.64
1999-02-18,73707.48
1999-02-19,73874.91
1999-02-22,74093.93
1999-02-23,73964.68
1999-02-24,74145
1999-02-25,73899.65
1999-02-26,74054.18
1999-03-01,73963.62
1999-03-02,74363.23
1999-03-03,73769.6
1999-03-04,74220.81
1999-03-05,74272.14
1999-03-08,74684.64
1999-03-09,75574.4
1999-03-10,75277.45
1999-03-11,75844.73
1999-03-12,75457.5
1999-03-15,74734.9
1999-03-16,73006.21
1999-03-17,73444.5
1999-03-18,73186.27
1999-03-19,73186.01
1999-03-22,73340.53
1999-03-23,73288.67
1999-03-24,73327.11
1999-03-25,73107.57
1999-03-26,72178.63
1999-03-29,72268.66
1999-03-30,72126.53
1999-03-31,72087.57
1999-04-01,72371.08
1999-04-05,72370.82
1999-04-06,71841.74
1999-04-07,72267.12
1999-04-08,72486.12
1999-04-09,72382.68
1999-04-12,73053.11
1999-04-13,73117.34
1999-04-14,73104.18
1999-04-15,73168.41
1999-04-16,73310.02
1999-04-19,73309.76
1999-04-20,73348.19
1999-04-21,73064.18
1999-04-22,73102.61
1999-04-23,73076.56
1999-04-26,72611.99
1999-04-27,72495.65
1999-04-28,72998.39
1999-04-29,72998.13
1999-04-30,73926.47
1999-05-03,73926.2
1999-05-04,73590.61
1999-05-05,73770.91
1999-05-06,74273.63
1999-05-07,72841.8
1999-05-10,71706.61
1999-05-11,72080.37
1999-05-12,71590.03
1999-05-13,71667.15
1999-05-14,71189.72
1999-05-17,71215.26
1999-05-18,70944.17
1999-05-19,70286.19
1999-05-20,70672.84
1999-05-21,70492.04
1999-05-24,70208.06
1999-05-25,70078.85
1999-05-26,69511.16
1999-05-27,69369.05
1999-05-28,69278.53
1999-06-01,68826.91
1999-06-02,68904.04
1999-06-03,68284.78
1999-06-04,68426.4
1999-06-07,68503.53
1999-06-08,67665.04
1999-06-09,67393.99
1999-06-10,66697.37
1999-06-11,66980.84
1999-06-14,67148.24
1999-06-15,67057.73
1999-06-16,66722.21
1999-06-17,66580.12
1999-06-18,66786.21
1999-06-21,66876.24
1999-06-22,66682.57
1999-06-23,66837.07
1999-06-24,67094.74
1999-06-25,67236.35
1999-06-28,67132.95
1999-06-29,67571.15
1999-06-30,67313.01
1999-07-01,67725.41
1999-07-02,67854.12
1999-07-06,66435.42
1999-07-07,66306.23
1999-07-08,66331.78
1999-07-09,66357.33
1999-07-12,66021.83
1999-07-13,65673.43
1999-07-14,65827.93
1999-07-15,65324.8
1999-07-16,65930.62
1999-07-19,65491.97
1999-07-20,65195.16
1999-07-21,65633.34
1999-07-22,65491.27
1999-07-23,65839.18
1999-07-26,65374.75
1999-07-27,65658.19
1999-07-28,65529.01
1999-07-29,65477.2
1999-07-30,65915.37
1999-08-02,65850.67
1999-08-03,66018.06
1999-08-04,65979.14
1999-08-05,66017.58
1999-08-06,65952.88
1999-08-09,66146.05
1999-08-10,66145.82
1999-08-11,66467.93
1999-08-12,67125.28
1999-08-13,67163.72
1999-08-16,66789.56
1999-08-17,66956.94
1999-08-18,67382.19
1999-08-19,66530.97
1999-08-20,66595.2
1999-08-23,65988.97
1999-08-24,65344.06
1999-08-25,65202
1999-08-26,65279.12
1999-08-27,65446.5
1999-08-30,65446.27
1999-08-31,65703.9
1999-09-01,65677.88
1999-09-02,65548.71
1999-09-03,65600.05
1999-09-07,65909.25
1999-09-08,66050.84
1999-09-09,66244
1999-09-10,66011.69
1999-09-13,66088.81
1999-09-14,66204.61
1999-09-15,66307.52
1999-09-16,65984.96
1999-09-17,65778.44
1999-09-20,65855.56
1999-09-21,66744.92
1999-09-22,67917.91
1999-09-23,68162.62
1999-09-24,69619.23
1999-09-27,72481.11
1999-09-28,77740.95
1999-09-29,79158.83
1999-09-30,77095.78
1999-10-01,79287.19
1999-10-04,80640.59
1999-10-05,83927.81
1999-10-06,82058.15
1999-10-07,83411.52
1999-10-08,83346.77
1999-10-11,81928.35
1999-10-12,82572.65
1999-10-13,82959.12
1999-10-14,82765.44
1999-10-15,81411.51
1999-10-18,80379.87
1999-10-19,79799.46
1999-10-20,79154.59
1999-10-21,78084.3
1999-10-22,77968
1999-10-25,77864.59
1999-10-26,76420.46
1999-10-27,74924.78
1999-10-28,76381.24
1999-10-29,77115.78
1999-11-01,75117.35
1999-11-02,74962.39
1999-11-03,75026.58
1999-11-04,74923.18
1999-11-05,74690.87
1999-11-08,74316.76
1999-11-09,74961.05
1999-11-10,76249.88
1999-11-11,76314.06
1999-11-12,75089.15
1999-11-15,74998.65
1999-11-16,75862.07
1999-11-17,75707.11
1999-11-18,75693.94
1999-11-19,75732.35
1999-11-22,76028.56
1999-11-23,76634.14
1999-11-24,76698.32
1999-11-26,76530.47
1999-11-29,75344.28
1999-11-30,75111.99
1999-12-01,74544.54
1999-12-02,73732.19
1999-12-03,72894.06
1999-12-06,71179.4
1999-12-07,71991.23
1999-12-08,72429.23
1999-12-09,71926.26
1999-12-10,72351.38
1999-12-13,72054.65
1999-12-14,71989.94
1999-12-15,72195.92
1999-12-16,72260.11
1999-12-17,73252.37
1999-12-20,73277.89
1999-12-21,72890.93
1999-12-22,73664.05
1999-12-23,74063.37
1999-12-27,74063.1
1999-12-28,74062.84
1999-12-29,74990.61
1999-12-30,74822.78
1999-12-31,74822.52
2000-01-03,74822.25
2000-01-04,72566.36
2000-01-05,72295.43
2000-01-06,72024.5
2000-01-07,72720.25
2000-01-10,72591.1
2000-01-11,72758.4
2000-01-12,72758.14
2000-01-13,72719.21
2000-01-14,73028.29
2000-01-18,73672.47
2000-01-19,74149.09
2000-01-20,74264.83
2000-01-21,74174.34
2000-01-24,74032.3
2000-01-25,74238.25
2000-01-26,73696.67
2000-01-27,73606.18
2000-01-28,73915.25
2000-01-31,73025.68
2000-02-01,72948.09
2000-02-02,73618.02
2000-02-03,73475.99
2000-02-04,75692.51
2000-02-07,80602.65
2000-02-08,76362.15
2000-02-09,79545.24
2000-02-10,79648.06
2000-02-11,80292.18
2000-02-14,79479.95
2000-02-15,78422.86
2000-02-16,77971.5
2000-02-17,78551.17
2000-02-18,78241.59
2000-02-22,77906.23
2000-02-23,77841.51
2000-02-24,77003.53
2000-02-25,75778.93
2000-02-28,75392.04
2000-02-29,75688.18
2000-03-01,75494.6
2000-03-02,74721.08
2000-03-03,74359.97
2000-03-06,74437.03
2000-03-07,74681.62
2000-03-08,75055.08
2000-03-09,74874.39
2000-03-10,74809.69
2000-03-13,74912.52
2000-03-14,74422.54
2000-03-15,74525.37
2000-03-16,74061.18
2000-03-17,73171.71
2000-03-20,73648.27
2000-03-21,73493.36
2000-03-22,74176.1
2000-03-23,73389.74
2000-03-24,73415.25
2000-03-27,73234.58
2000-03-28,72332.26
2000-03-29,72100.04
2000-03-30,71068.86
2000-03-31,71326.34
2000-04-03,71519.38
2000-04-04,71351.6
2000-04-05,72498.23
2000-04-06,71995.4
2000-04-07,72201.33
2000-04-10,72742.29
2000-04-11,72806.46
2000-04-12,72264.98
2000-04-13,72522.45
2000-04-14,72676.82
2000-04-17,72612.13
2000-04-18,72444.35
2000-04-19,72508.52
2000-04-20,72121.69
2000-04-24,72121.43
2000-04-25,72030.98
2000-04-26,71180.26
2000-04-27,71128.47
2000-04-28,70883.39
2000-05-01,70883.13
2000-05-02,70985.96
2000-05-03,71024.37
2000-05-04,72158.03
2000-05-05,72351.05
2000-05-08,71616.33
2000-05-09,71203.75
2000-05-10,71538.51
2000-05-11,71319.2
2000-05-12,71293.18
2000-05-15,70880.6
2000-05-16,71125.16
2000-05-17,70377.58
2000-05-18,70300.02
2000-05-19,70389.96
2000-05-22,70608.75
2000-05-23,70621.39
2000-05-24,70530.94
2000-05-25,70440.5
2000-05-26,69911.97
2000-05-30,70388.45
2000-05-31,70156.28
2000-06-01,70220.45
2000-06-02,72565.18
2000-06-05,72990.11
2000-06-06,74316.94
2000-06-07,73208.62
2000-06-08,73633.54
2000-06-09,73285.4
2000-06-12,73336.68
2000-06-13,75114.43
2000-06-14,73993.24
2000-06-15,74057.4
2000-06-16,74752.87
2000-06-19,73670.35
2000-06-20,73747.39
2000-06-21,73708.48
2000-06-22,74120.5
2000-06-23,73643.53
2000-06-26,73192.34
2000-06-27,73127.66
2000-06-28,74209.62
2000-06-29,74660.28
2000-06-30,74247.74
2000-07-03,74118.64
2000-07-05,73912.24
2000-07-06,73409.52
2000-07-07,72881.04
2000-07-10,73202.87
2000-07-11,72880.52
2000-07-12,72133.03
2000-07-13,72351.79
2000-07-14,72209.82
2000-07-17,72776.42
2000-07-18,72853.45
2000-07-19,71938.5
2000-07-20,71976.89
2000-07-21,71963.75
2000-07-24,72079.44
2000-07-25,72066.3
2000-07-26,71988.75
2000-07-27,72104.43
2000-07-28,71653.28
2000-07-31,71305.2
2000-08-01,71523.95
2000-08-02,71523.69
2000-08-03,70982.37
2000-08-04,70582.76
2000-08-07,70389.27
2000-08-08,70363.25
2000-08-09,70079.59
2000-08-10,70130.87
2000-08-11,70259.44
2000-08-14,70967.71
2000-08-15,70632.52
2000-08-16,71199.08
2000-08-17,71417.82
2000-08-18,71005.34
2000-08-21,70747.45
2000-08-22,70438.03
2000-08-23,70373.37
2000-08-24,70231.42
2000-08-25,70501.69
2000-08-28,70501.44
2000-08-29,70591.36
2000-08-30,70410.76
2000-08-31,71363.75
2000-09-01,71363.49
2000-09-05,70847.98
2000-09-06,70628.74
2000-09-07,70254.93
2000-09-08,70267.56
2000-09-11,70215.78
2000-09-12,70756.54
2000-09-13,70202.4
2000-09-14,70356.72
2000-09-15,70227.66
2000-09-18,70330.46
2000-09-19,70033.94
2000-09-20,69917.76
2000-09-21,69428.04
2000-09-22,70574.19
2000-09-25,70290.56
2000-09-26,70805.54
2000-09-27,71140.19
2000-09-28,71204.34
2000-09-29,70495.64
2000-10-02,70353.71
2000-10-03,70095.84
2000-10-04,69902.38
2000-10-05,69657.41
2000-10-06,69554.11
2000-10-09,69553.87
2000-10-10,69682.42
2000-10-11,70261.78
2000-10-12,70583.54
2000-10-13,70390.08
2000-10-16,69964.79
2000-10-17,69616.78
2000-10-18,70067.33
2000-10-19,69629.16
2000-10-20,69667.55
2000-10-23,69924.9
2000-10-24,69602.65
2000-10-25,68726.57
2000-10-26,68623.29
2000-10-27,67953.3
2000-10-30,68197.77
2000-10-31,68133.13
2000-11-01,68390.48
2000-11-02,68222.8
2000-11-03,68171.04
2000-11-06,68441.26
2000-11-07,68389.5
2000-11-08,68028.63
2000-11-09,68170.06
2000-11-10,68221.34
2000-11-13,68221.09
2000-11-14,68246.61
2000-11-15,68156.21
2000-11-16,68696.89
2000-11-17,68323.15
2000-11-20,68554.73
2000-11-21,68554.48
2000-11-22,68554.24
2000-11-24,68399.45
2000-11-27,69068.9
2000-11-28,69532.29
2000-11-29,69313.11
2000-11-30,69312.86
2000-12-01,69338.37
2000-12-04,69724.48
2000-12-05,69749.99
2000-12-06,69955.79
2000-12-07,70547.95
2000-12-08,70303.01
2000-12-11,69723.23
2000-12-12,69735.86
2000-12-13,69439.41
2000-12-14,69361.9
2000-12-15,69632.09
2000-12-18,69593.21
2000-12-19,69425.54
2000-12-20,70172.22
2000-12-21,70339.38
2000-12-22,70339.13
2000-12-26,70338.88
2000-12-27,70840.87
2000-12-28,70686.08
2000-12-29,70685.83
2001-01-02,69822.77
2001-01-03,68805.18
2001-01-04,68792.06
2001-01-05,68869.08
2001-01-08,69100.63
2001-01-09,68765.57
2001-01-10,68585.04
2001-01-11,68031.06
2001-01-12,67914.93
2001-01-16,68107.84
2001-01-17,67862.93
2001-01-18,68223.25
2001-01-19,68223.01
2001-01-22,68544.69
2001-01-23,68531.57
2001-01-24,68054.87
2001-01-25,68222.03
2001-01-26,67874.11
2001-01-29,67693.59
2001-01-30,68234.18
2001-01-31,68118.04
2001-02-01,68929.04
2001-02-02,68684.13
2001-02-05,68361.97
2001-02-06,67653.51
2001-02-07,67769.16
2001-02-08,67717.41
2001-02-09,66931.7
2001-02-12,67240.5
2001-02-13,67150.12
2001-02-14,67021.12
2001-02-15,66583.09
2001-02-16,66299.57
2001-02-20,65990.31
2001-02-21,66311.98
2001-02-22,66659.39
2001-02-23,67071.19
2001-02-26,67779.13
2001-02-27,69092.24
2001-02-28,68679.96
2001-03-01,68589.59
2001-03-02,67752.41
2001-03-05,67597.66
2001-03-06,67430.03
2001-03-07,67120.78
2001-03-08,67893.08
2001-03-09,69476.53
2001-03-12,70171.56
2001-03-13,69347.28
2001-03-14,67943.61
2001-03-15,67479.85
2001-03-16,67131.97
2001-03-19,67093.11
2001-03-20,67350.37
2001-03-21,67466.01
2001-03-22,67246.89
2001-03-23,67684.41
2001-03-26,67516.79
2001-03-27,67465.05
2001-03-28,66988.43
2001-03-29,66988.19
2001-03-30,66357.08
2001-04-02,65906.22
2001-04-03,66202.11
2001-04-04,66806.99
2001-04-05,66459.13
2001-04-06,66639.14
2001-04-09,66690.4
2001-04-10,66085.06
2001-04-11,66355.18
2001-04-12,66754.06
2001-04-16,66753.82
2001-04-17,67088.32
2001-04-18,66650.35
2001-04-19,67744.43
2001-04-20,67937.3
2001-04-23,67615.2
2001-04-24,67820.95
2001-04-25,67846.45
2001-04-26,67846.21
2001-04-27,68129.2
2001-04-30,67755.61
2001-05-01,67974.22
2001-05-02,67961.11
2001-05-03,68591.68
2001-05-04,68642.93
2001-05-07,68642.69
2001-05-08,68281.98
2001-05-09,68964.04
2001-05-10,69118.28
2001-05-11,69272.51
2001-05-14,69092.03
2001-05-15,68641.22
2001-05-16,69748.09
2001-05-17,70545.99
2001-05-18,70288.27
2001-05-21,74986.78
2001-05-22,73158.5
2001-05-23,72900.78
2001-05-24,73647.16
2001-05-25,71123.77
2001-05-29,70994.78
2001-05-30,69771.59
2001-05-31,68870.23
2001-06-01,68329.32
2001-06-04,68612.28
2001-06-05,68406.07
2001-06-06,68354.34
2001-06-07,68508.57
2001-06-08,68740.03
2001-06-11,69125.96
2001-06-12,69486.15
2001-06-13,70013.68
2001-06-14,70129.28
2001-06-15,70077.54
2001-06-18,70025.8
2001-06-19,70385.98
2001-06-20,69896.58
2001-06-21,69947.82
2001-06-22,70359.48
2001-06-25,70256.25
2001-06-26,70539.19
2001-06-27,70744.89
2001-06-28,69380.2
2001-06-29,69663.13
2001-07-02,69083.64
2001-07-03,69122.01
2001-07-05,68555.4
2001-07-06,68246.23
2001-07-09,68503.43
2001-07-10,68850.72
2001-07-11,68876.22
2001-07-12,68554.18
2001-07-13,68566.81
2001-07-16,69055.68
2001-07-17,68888.1
2001-07-18,69132.42
2001-07-19,69582.67
2001-07-20,69427.96
2001-07-23,69170.29
2001-07-24,69182.91
2001-07-25,69092.57
2001-07-26,68860.64
2001-07-27,68512.87
2001-07-30,68551.24
2001-07-31,68448.03
2001-08-01,68821.04
2001-08-02,68730.7
2001-08-03,68949.26
2001-08-06,68781.69
2001-08-07,68588.39
2001-08-08,68575.27
2001-08-09,69501.72
2001-08-10,70994.47
2001-08-13,70942.73
2001-08-14,70659.33
2001-08-15,70877.87
2001-08-16,71019.2
2001-08-17,71417.93
2001-08-20,71211.74
2001-08-21,71121.4
2001-08-22,71005.31
2001-08-23,70747.65
2001-08-24,70219.72
2001-08-27,70219.47
2001-08-28,69768.76
2001-08-29,70231.84
2001-08-30,70090.02
2001-08-31,70269.95
2001-09-04,70089.52
2001-09-05,69831.87
2001-09-06,70024.67
2001-09-07,70423.38
2001-09-10,69882.6
2001-09-17,75480.68
2001-09-18,74489.44
2001-09-19,74154.57
2001-09-20,74257.26
2001-09-21,75286.56
2001-09-24,74179.51
2001-09-25,74127.77
2001-09-26,75015.49
2001-09-27,74590.54
2001-09-28,75439.64
2001-10-01,74795.91
2001-10-02,75065.9
2001-10-03,74666.68
2001-10-04,74730.76
2001-10-05,74949.27
2001-10-08,75116.3
2001-10-09,74639.88
2001-10-10,73906.08
2001-10-11,72541.72
2001-10-12,72528.59
2001-10-15,72541.2
2001-10-16,72347.91
2001-10-17,72476.34
2001-10-18,72321.65
2001-10-19,71845.26
2001-10-22,71008.54
2001-10-23,71046.89
2001-10-24,70905.09
2001-10-25,71213.68
2001-10-26,71354.97
2001-10-29,71702.17
2001-10-30,72165.17
2001-10-31,71740.26
2001-11-01,72216.13
2001-11-02,72035.71
2001-11-05,71610.81
2001-11-06,71790.71
2001-11-07,72137.89
2001-11-08,72047.55
2001-11-09,71326.69
2001-11-12,72059.91
2001-11-13,71158.9
2001-11-14,71609.02
2001-11-15,70888.17
2001-11-16,70643.43
2001-11-19,70411.56
2001-11-20,70244.03
2001-11-21,70205.17
2001-11-23,70282.13
2001-11-26,70153.2
2001-11-27,70333.1
2001-11-28,70615.93
2001-11-29,70718.61
2001-11-30,70898.5
2001-12-03,71116.99
2001-12-04,71181.08
2001-12-05,70769.07
2001-12-06,70653.02
2001-12-07,70536.96
2001-12-10,70163.56
2001-12-11,70047.51
2001-12-12,70381.8
2001-12-13,70600.29
2001-12-14,71294.84
2001-12-17,71474.72
2001-12-18,71757.54
2001-12-19,71705.81
2001-12-20,71049.36
2001-12-21,71409.37
2001-12-24,71409.11
2001-12-26,71408.86
2001-12-27,71460.07
2001-12-28,71151.02
2001-12-31,71150.77
2002-01-02,71626.57
2002-01-03,71742.11
2002-01-04,71471.66
2002-01-07,71690.13
2002-01-08,71689.87
2002-01-09,72332.92
2002-01-10,73812.26
2002-01-11,73528.94
2002-01-14,73683.07
2002-01-15,73129.58
2002-01-16,73232.24
2002-01-17,73334.91
2002-01-18,72871.48
2002-01-22,72575.31
2002-01-23,72240.54
2002-01-24,71841.45
2002-01-25,71789.73
2002-01-28,71815.2
2002-01-29,71506.17
2002-01-30,72432.23
2002-01-31,72637.82
2002-02-01,73049.25
2002-02-04,73949.56
2002-02-05,75120.04
2002-02-06,77062.42
2002-02-07,77062.14
2002-02-08,78296.92
2002-02-11,76611.31
2002-02-12,76906.94
2002-02-13,76520.71
2002-02-14,76932.12
2002-02-15,77150.54
2002-02-19,76288.32
2002-02-20,74950.11
2002-02-21,75168.54
2002-02-22,75322.65
2002-02-25,75116.55
2002-02-26,75695.19
2002-02-27,76518.25
2002-02-28,76376.47
2002-03-01,76003.12
2002-03-04,76517.43
2002-03-05,76620.07
2002-03-06,75307.64
2002-03-07,74869.98
2002-03-08,74393.74
2002-03-11,74920.9
2002-03-12,75538.11
2002-03-13,75422.07
2002-03-14,74920.1
2002-03-15,74688.28
2002-03-18,75138.25
2002-03-19,75408.13
2002-03-20,75086.26
2002-03-21,75317.54
2002-03-22,75703.19
2002-03-25,76590.51
2002-03-26,76178.6
2002-03-27,76924.42
2002-03-28,77541.6
2002-04-01,77541.32
2002-04-02,78209.95
2002-04-03,78145.35
2002-04-04,77617.67
2002-04-05,77437.31
2002-04-08,77295.54
2002-04-09,76845.04
2002-04-10,76664.69
2002-04-11,77513.38
2002-04-12,77268.71
2002-04-15,77204.11
2002-04-16,76599.27
2002-04-17,77396.51
2002-04-18,78270.91
2002-04-19,77640.35
2002-04-22,78128.86
2002-04-23,77871.33
2002-04-24,78256.93
2002-04-25,79041.28
2002-04-26,78873.78
2002-04-29,79670.99
2002-04-30,79284.82
2002-05-01,79323.13
2002-05-02,79129.91
2002-05-03,79862.78
2002-05-06,79862.5
2002-05-07,80260.95
2002-05-08,79874.79
2002-05-09,79450.05
2002-05-10,80041.43
2002-05-13,79938.25
2002-05-14,79333.44
2002-05-15,79307.43
2002-05-16,79770.18
2002-05-17,79898.52
2002-05-20,80129.75
2002-05-21,81081.24
2002-05-22,81569.71
2002-05-23,81582.28
2002-05-24,82559.48
2002-05-28,82366.26
2002-05-29,84128.02
2002-05-30,83857.62
2002-05-31,84011.66
2002-06-03,84011.36
2002-06-04,84011.06
2002-06-05,82827.51
2002-06-06,83367.39
2002-06-07,83958.72
2002-06-10,82955.23
2002-06-11,81488.75
2002-06-12,82247.27
2002-06-13,81989.76
2002-06-14,82851.16
2002-06-17,81744.81
2002-06-18,81885.99
2002-06-19,82477.3
2002-06-20,82914.28
2002-06-21,83004.01
2002-06-24,83955.42
2002-06-25,82746.2
2002-06-26,82707.32
2002-06-27,81999.69
2002-06-28,81922.23
2002-07-01,80275.78
2002-07-02,80879.94
2002-07-03,79953.69
2002-07-05,80069.15
2002-07-08,80171.75
2002-07-09,80711.6
2002-07-10,80968.52
2002-07-11,80801.04
2002-07-12,81456.63
2002-07-15,82047.91
2002-07-16,81854.71
2002-07-17,81314.29
2002-07-18,81699.81
2002-07-19,83049.82
2002-07-22,83049.52
2002-07-23,82226.19
2002-07-24,80052.57
2002-07-25,79589.33
2002-07-26,78431.66
2002-07-29,77929.85
2002-07-30,78546.84
2002-07-31,78353.67
2002-08-01,77736.12
2002-08-02,78455.98
2002-08-05,79600.2
2002-08-06,78635.46
2002-08-07,80294.04
2002-08-08,80280.9
2002-08-09,80486.36
2002-08-12,81450.52
2002-08-13,80704.39
2002-08-14,81179.89
2002-08-15,80408.05
2002-08-16,80806.4
2002-08-19,79751.67
2002-08-20,79211.3
2002-08-21,78838.11
2002-08-22,78542.07
2002-08-23,78683.24
2002-08-26,78682.96
2002-08-27,79852.83
2002-08-28,80006.85
2002-08-29,80263.74
2002-08-30,80443.47
2002-09-03,80623.2
2002-09-04,80494.33
2002-09-05,81664.17
2002-09-06,82101.06
2002-09-09,82936.57
2002-09-10,82061.9
2002-09-11,81135.81
2002-09-12,81997.03
2002-09-13,81983.87
2002-09-16,81096.37
2002-09-17,81237.52
2002-09-18,81957.28
2002-09-19,82869.91
2002-09-20,82882.47
2002-09-23,82933.61
2002-09-24,83910.51
2002-09-25,83614.48
2002-09-26,82186.96
2002-09-27,82302.39
2002-09-30,83240.71
2002-10-01,82738.96
2002-10-02,82854.39
2002-10-03,82828.38
2002-10-04,82365.21
2002-10-07,82737.78
2002-10-08,82030.33
2002-10-09,82120.04
2002-10-10,82016.88
2002-10-11,81476.58
2002-10-14,81707.72
2002-10-15,81308.86
2002-10-16,80755.71
2002-10-17,79906.85
2002-10-18,80420.85
2002-10-21,80381.99
2002-10-22,80368.84
2002-10-23,80252.84
2002-10-24,80162.56
2002-10-25,80483.69
2002-10-28,80856.25
2002-10-29,81550.23
2002-10-30,81395.66
2002-10-31,81485.37
2002-11-01,82243.62
2002-11-04,81651.92
2002-11-05,81895.9
2002-11-06,81587.05
2002-11-07,82088.16
2002-11-08,82717.83
2002-11-11,82460.41
2002-11-12,82730.1
2002-11-13,83308.34
2002-11-14,81919.57
2002-11-15,82047.84
2002-11-18,81957.55
2002-11-19,82201.52
2002-11-20,81982.68
2002-11-21,81673.84
2002-11-22,81686.4
2002-11-25,81621.83
2002-11-26,81634.4
2002-11-27,81724.1
2002-11-29,82032.34
2002-12-02,81363.55
2002-12-03,82198.88
2002-12-04,82815.66
2002-12-05,82905.35
2002-12-06,83753.52
2002-12-09,83586.1
2002-12-10,83071.58
2002-12-11,83366.96
2002-12-12,83919.44
2002-12-13,85410.36
2002-12-16,85615.74
2002-12-17,87158.06
2002-12-18,86900.64
2002-12-19,88700.05
2002-12-20,87825.59
2002-12-23,88429.46
2002-12-24,88429.15
2002-12-26,88428.83
2002-12-27,89803.99
2002-12-30,89263.76
2002-12-31,89263.44
2003-01-02,88389
2003-01-03,88568.65
2003-01-06,90432.26
2003-01-07,89724.94
2003-01-08,89917.43
2003-01-09,90598.4
2003-01-10,90752.33
2003-01-13,90636.32
2003-01-14,90777.39
2003-01-15,90237.19
2003-01-16,90571.08
2003-01-17,91779.05
2003-01-21,90956.06
2003-01-22,92164.02
2003-01-23,93757.6
2003-01-24,94091.47
2003-01-27,94733.84
2003-01-28,94707.79
2003-01-29,95093.07
2003-01-30,94501.45
2003-01-31,94475.41
2003-02-03,94989.22
2003-02-04,96801.26
2003-02-05,98227.68
2003-02-06,96607.77
2003-02-07,95951.89
2003-02-10,95244.6
2003-02-11,93573.3
2003-02-12,91593.53
2003-02-13,90693.46
2003-02-14,91065.89
2003-02-18,88456.34
2003-02-19,88944.45
2003-02-20,90370.84
2003-02-21,90563.31
2003-02-24,91308.47
2003-02-25,91925.1
2003-02-26,90459.52
2003-02-27,90292.11
2003-02-28,89314.96
2003-03-03,88813.37
2003-03-04,90843.81
2003-03-05,90984.87
2003-03-06,91177.34
2003-03-07,90161.64
2003-03-10,91112.42
2003-03-11,89634.04
2003-03-12,88965.39
2003-03-13,85983.27
2003-03-14,86162.9
2003-03-17,87589.22
2003-03-18,87087.66
2003-03-19,86316.21
2003-03-20,86315.9
2003-03-21,85724.39
2003-03-24,84683.05
2003-03-25,85312.5
2003-03-26,84810.97
2003-03-27,85530.38
2003-03-28,85015.99
2003-03-31,86069.55
2003-04-01,85940.73
2003-04-02,84642.38
2003-04-03,83202.67
2003-04-04,83228.07
2003-04-07,82225.34
2003-04-08,83124.66
2003-04-09,82597.45
2003-04-10,83432.51
2003-04-11,83483.62
2003-04-14,83778.91
2003-04-15,83650.09
2003-04-16,83302.8
2003-04-17,84047.89
2003-04-21,84047.59
2003-04-22,86077.79
2003-04-23,85666.25
2003-04-24,85768.75
2003-04-25,85652.78
2003-04-28,85485.41
2003-04-29,85176.68
2003-04-30,86551.44
2003-05-01,87694.87
2003-05-02,87514.64
2003-05-05,87514.33
2003-05-06,88118.01
2003-05-07,87860.68
2003-05-08,89042.63
2003-05-09,89414.98
2003-05-12,90237.11
2003-05-13,90056.88
2003-05-14,90866.14
2003-05-15,91045.73
2003-05-16,91238.16
2003-05-19,92265.87
2003-05-20,94141.7
2003-05-21,94526.87
2003-05-22,94989.14
2003-05-23,95220.11
2003-05-27,95451.07
2003-05-28,92392.39
2003-05-29,93317.27
2003-05-30,92880.03
2003-06-02,93740.65
2003-06-03,93804.57
2003-06-04,93598.64
2003-06-05,94253.65
2003-06-06,93289.57
2003-06-09,93224.99
2003-06-10,91040.2
2003-06-11,91039.87
2003-06-12,90525.56
2003-06-13,90730.83
2003-06-16,92079.71
2003-06-17,93222.99
2003-06-18,92451.69
2003-06-19,91911.68
2003-06-20,92001.3
2003-06-23,91230.01
2003-06-24,89495.03
2003-06-25,89456.16
2003-06-26,88363.66
2003-06-27,88787.37
2003-06-30,88915.54
2003-07-01,89994.55
2003-07-02,90328.3
2003-07-03,89788.32
2003-07-07,89466.77
2003-07-08,89222.33
2003-07-09,88438.23
2003-07-10,88245.18
2003-07-11,88321.96
2003-07-14,89298.14
2003-07-15,89490.56
2003-07-16,88192.53
2003-07-17,88012.33
2003-07-18,88487.41
2003-07-21,89938.97
2003-07-22,90452.59
2003-07-23,91158.93
2003-07-24,91813.87
2003-07-25,93278.24
2003-07-28,93946.02
2003-07-29,93406.06
2003-07-30,91928.19
2003-07-31,91156.97
2003-08-01,90539.94
2003-08-04,89293.36
2003-08-05,89524.3
2003-08-06,90449.04
2003-08-07,90345.93
2003-08-08,90949.45
2003-08-11,92285.3
2003-08-12,92529.08
2003-08-13,92156.16
2003-08-14,93427.75
2003-08-15,93658.67
2003-08-18,92566.3
2003-08-19,92604.51
2003-08-20,93452.11
2003-08-21,93349
2003-08-22,92179.55
2003-08-25,92179.22
2003-08-26,92628.55
2003-08-27,95390.37
2003-08-28,95017.47
2003-08-29,96507.39
2003-09-02,96018.86
2003-09-03,95067.84
2003-09-04,95260.2
2003-09-05,96557.4
2003-09-08,96261.58
2003-09-09,98213.96
2003-09-10,97635.5
2003-09-11,96684.49
2003-09-12,97185.17
2003-09-15,95964.39
2003-09-16,96246.67
2003-09-17,96156.4
2003-09-18,97196.63
2003-09-19,97568.83
2003-09-22,99045.82
2003-09-23,98814.23
2003-09-24,98916.65
2003-09-25,100380.78
2003-09-26,98325.02
2003-09-29,98131.97
2003-09-30,99686.01
2003-10-01,98529.5
2003-10-02,98195.15
2003-10-03,98721.49
2003-10-06,95394.02
2003-10-07,96626.89
2003-10-08,96408.17
2003-10-09,95213.16
2003-10-10,95649.58
2003-10-13,95122.56
2003-10-14,96072.8
2003-10-15,95956.85
2003-10-16,95930.81
2003-10-17,95185.43
2003-10-20,96032.89
2003-10-21,97162.95
2003-10-22,98845.36
2003-10-23,98780.78
2003-10-24,99743.83
2003-10-27,99165.43
2003-10-28,98754.03
2003-10-29,99010.58
2003-10-30,99292.82
2003-10-31,99228.24
2003-11-03,98457.18
2003-11-04,97082.41
2003-11-05,97300.43
2003-11-06,97685.43
2003-11-07,97351.11
2003-11-10,98519.65
2003-11-11,99623.95
2003-11-12,100111.69
2003-11-13,101575.63
2003-11-14,101909.23
2003-11-17,101138.19
2003-11-18,101189.21
2003-11-19,101509.96
2003-11-20,101291.24
2003-11-21,101599.15
2003-11-24,100673.99
2003-11-25,100635.09
2003-11-26,101726.5
2003-11-28,102329.82
2003-12-01,102817.53
2003-12-02,103099.74
2003-12-03,103214.96
2003-12-04,103330.19
2003-12-05,103368.36
2003-12-08,104331.29
2003-12-09,104741.92
2003-12-10,105319.52
2003-12-11,103803.57
2003-12-12,104573.83
2003-12-15,104676.2
2003-12-16,104804.27
2003-12-17,104868.11
2003-12-18,104675.08
2003-12-19,105252.67
2003-12-22,105432.1
2003-12-23,105123.48
2003-12-24,105123.11
2003-12-26,105122.73
2003-12-29,105828.74
2003-12-30,106920.04
2003-12-31,106919.66
2004-01-02,106662.41
2004-01-05,108036.25
2004-01-06,109011.94
2004-01-07,108330.87
2004-01-08,108137.84
2004-01-09,108741.07
2004-01-12,109228.71
2004-01-13,109292.54
2004-01-14,107751.01
2004-01-15,105952.63
2004-01-16,104899.15
2004-01-20,105117.1
2004-01-21,104692.92
2004-01-22,105116.35
2004-01-23,105051.76
2004-01-26,104845.91
2004-01-27,104203.41
2004-01-28,105564.33
2004-01-29,104202.66
2004-01-30,102674.05
2004-02-02,102314.1
2004-02-03,103109.96
2004-02-04,102544.53
2004-02-05,102621.22
2004-02-06,103828.01
2004-02-09,104264.27
2004-02-10,104931.68
2004-02-11,104212.16
2004-02-12,105714.29
2004-02-13,106843.99
2004-02-17,106458.36
2004-02-18,106457.98
2004-02-19,105250.47
2004-02-20,104081.51
2004-02-23,102604.34
2004-02-24,103310.27
2004-02-25,102796.24
2004-02-26,100998.06
2004-02-27,101665.45
2004-03-01,102730.93
2004-03-02,101639.04
2004-03-03,100290.34
2004-03-04,100675.22
2004-03-05,102536.84
2004-03-08,102690.57
2004-03-09,103113.96
2004-03-10,102792.56
2004-03-11,102329.92
2004-03-12,102213.98
2004-03-15,102239.3
2004-03-16,103368.94
2004-03-17,103432.77
2004-03-18,105486.93
2004-03-19,105807.58
2004-03-22,107258.2
2004-03-23,106898.28
2004-03-24,106641.08
2004-03-25,106858.99
2004-03-26,108245.39
2004-03-29,108180.8
2004-03-30,107859.4
2004-03-31,108809.21
2004-04-01,109720.48
2004-04-02,107601.44
2004-04-05,107267.21
2004-04-06,107472.27
2004-04-07,107600.29
2004-04-08,107728.3
2004-04-12,107727.92
2004-04-13,104748.65
2004-04-14,102141.75
2004-04-15,102269.79
2004-04-16,102937.1
2004-04-19,103514.52
2004-04-20,101909.18
2004-04-21,100855.95
2004-04-22,100740.04
2004-04-23,101304.62
2004-04-26,101946.24
2004-04-27,101753.28
2004-04-28,100725.76
2004-04-29,99120.46
2004-04-30,99762.08
2004-05-03,99761.72
2004-05-04,100467.53
2004-05-05,100800.99
2004-05-06,99503.87
2004-05-07,97783.06
2004-05-10,96293.37
2004-05-11,96357.22
2004-05-12,98141.51
2004-05-13,96330.85
2004-05-14,96677.16
2004-05-17,98333.04
2004-05-18,96984.6
2004-05-19,97767.43
2004-05-20,97446.11
2004-05-21,98935.05
2004-05-24,98600.9
2004-05-25,99858.73
2004-05-26,100050.95
2004-05-27,101064.84
2004-05-28,100974.61
2004-06-01,101988.49
2004-06-02,101384.72
2004-06-03,100228.9
2004-06-04,99702.18
2004-06-07,101062.68
2004-06-08,100741.36
2004-06-09,99328.8
2004-06-10,98840.59
2004-06-14,98878.76
2004-06-15,99237.87
2004-06-16,98916.56
2004-06-17,99134.46
2004-06-18,101444.93
2004-06-21,101483.08
2004-06-22,101611.1
2004-06-23,101135.73
2004-06-24,102701.58
2004-06-25,103086.34
2004-06-28,103792.04
2004-06-29,101262.67
2004-06-30,101621.76
2004-07-01,101364.64
2004-07-02,102121.69
2004-07-06,101286.89
2004-07-07,102608.78
2004-07-08,104071.87
2004-07-09,104366.76
2004-07-12,104327.87
2004-07-13,102928.25
2004-07-14,103672.43
2004-07-15,103505.18
2004-07-16,104313.54
2004-07-19,104326.01
2004-07-20,102695.34
2004-07-21,102309.87
2004-07-22,102116.95
2004-07-23,100511.98
2004-07-26,100319.07
2004-07-27,100087.65
2004-07-28,99432.62
2004-07-29,99432.27
2004-07-30,100484.51
2004-08-02,100509.83
2004-08-03,100368.27
2004-08-04,100509.11
2004-08-05,100341.88
2004-08-06,102433.85
2004-08-09,102433.48
2004-08-10,102561.48
2004-08-11,101110.62
2004-08-12,101187.27
2004-08-13,101854.39
2004-08-16,103111.96
2004-08-17,103021.74
2004-08-18,103316.6
2004-08-19,104355.95
2004-08-20,105395.28
2004-08-23,105407.74
2004-08-24,104277.81
2004-08-25,104226.1
2004-08-26,104238.56
2004-08-27,103994.31
2004-08-30,103993.94
2004-08-31,104545.5
2004-09-01,104647.81
2004-09-02,104249.54
2004-09-03,102978.45
2004-09-07,102195.13
2004-09-08,101732.69
2004-09-09,102348.42
2004-09-10,103028.32
2004-09-13,102501.71
2004-09-14,104028.73
2004-09-15,103823
2004-09-16,103553.09
2004-09-17,104143.13
2004-09-20,103783.38
2004-09-21,104861.15
2004-09-22,104052.17
2004-09-23,105630.49
2004-09-24,104693.17
2004-09-27,105039.33
2004-09-28,105680.7
2004-09-29,106001.18
2004-09-30,106693.88
2004-10-01,107322.39
2004-10-04,105897.37
2004-10-05,106628.56
2004-10-06,107411.08
2004-10-07,107320.86
2004-10-08,108257.38
2004-10-11,108244.16
2004-10-12,106446.98
2004-10-13,105561.04
2004-10-14,106613.06
2004-10-15,107908.93
2004-10-18,107574.85
2004-10-19,107638.64
2004-10-20,108729.15
2004-10-21,108446.41
2004-10-22,108523.03
2004-10-25,110152.54
2004-10-26,109728.63
2004-10-27,109920.74
2004-10-28,108880.82
2004-10-29,109226.94
2004-11-01,110073.57
2004-11-02,108879.65
2004-11-03,108699.59
2004-11-04,110495.89
2004-11-05,110623.83
2004-11-08,110854.44
2004-11-09,111303.21
2004-11-10,111238.65
2004-11-11,111340.92
2004-11-12,111918.01
2004-11-15,112315.44
2004-11-16,112777.03
2004-11-17,113816.11
2004-11-18,113443.54
2004-11-19,114467.41
2004-11-22,114903.38
2004-11-23,114393.54
2004-11-24,115161.83
2004-11-26,115776.77
2004-11-29,116059.39
2004-11-30,115345.03
2004-12-01,116011.11
2004-12-02,114913.27
2004-12-03,116576.39
2004-12-06,115478.53
2004-12-07,115326.56
2004-12-08,112515.76
2004-12-09,111929.13
2004-12-10,111061.25
2004-12-13,112264.25
2004-12-14,111345.22
2004-12-15,112471.55
2004-12-16,111680.34
2004-12-17,112985.67
2004-12-20,113370.58
2004-12-21,113065.16
2004-12-22,112555.17
2004-12-23,113195.78
2004-12-27,113734.13
2004-12-28,113454.26
2004-12-29,111640.19
2004-12-30,112076.26
2004-12-31,112000.92
2005-01-03,110007.76
2005-01-04,109293.12
2005-01-05,109115.46
2005-01-06,107787.07
2005-01-07,106995.65
2005-01-10,107278.27
2005-01-11,107944.48
2005-01-12,108943.16
2005-01-13,108944.5
2005-01-14,108229.78
2005-01-18,108231.11
2005-01-19,108078.99
2005-01-20,108054.75
2005-01-21,109309.26
2005-01-24,109387.33
2005-01-25,108033.16
2005-01-26,109185.41
2005-01-27,109007.72
2005-01-28,109188.1
2005-01-31,107987.32
2005-02-01,107681.72
2005-02-02,107836.51
2005-02-03,106610.1
2005-02-04,106074.27
2005-02-07,105564
2005-02-08,105539.72
2005-02-09,105668.92
2005-02-10,106795.71
2005-02-11,107641.16
2005-02-14,108844.75
2005-02-15,108922.83
2005-02-16,108770.69
2005-02-17,109309.23
2005-02-18,109361.74
2005-02-22,111460.78
2005-02-23,111078.42
2005-02-24,110849.55
2005-02-25,111285.81
2005-02-28,111338.35
2005-03-01,110572.22
2005-03-02,110650.33
2005-03-03,109935.34
2005-03-04,110985.65
2005-03-07,111217.28
2005-03-08,112651.39
2005-03-09,112627.19
2005-03-10,113089.12
2005-03-11,113678.98
2005-03-14,112656.94
2005-03-15,112735.08
2005-03-16,113376.14
2005-03-17,112123.77
2005-03-18,112309.38
2005-03-21,110258.63
2005-03-22,109134.11
2005-03-23,108546.92
2005-03-24,108471.49
2005-03-28,108856.66
2005-03-29,108909.18
2005-03-30,109038.47
2005-03-31,109577.19
2005-04-01,109066.74
2005-04-04,108505.09
2005-04-05,108634.38
2005-04-06,109096.36
2005-04-07,108944.15
2005-04-08,109252.59
2005-04-11,109484.26
2005-04-12,109639.16
2005-04-13,109794.07
2005-04-14,108285.43
2005-04-15,108517.1
2005-04-18,109260.65
2005-04-19,110772.04
2005-04-20,111080.54
2005-04-21,110646.8
2005-04-22,111057.67
2005-04-25,111187.02
2005-04-26,111700.3
2005-04-27,110575.45
2005-04-28,110064.89
2005-04-29,110962.12
2005-05-02,109760.44
2005-05-03,109454.62
2005-05-04,109814.33
2005-05-05,109841.28
2005-05-06,108844.31
2005-05-09,108922.44
2005-05-10,109154.17
2005-05-11,109283.51
2005-05-12,107928.09
2005-05-13,107391.82
2005-05-16,107213.94
2005-05-17,107164.06
2005-05-18,107651.79
2005-05-19,107473.91
2005-05-20,106630.39
2005-05-23,106554.9
2005-05-24,106837.83
2005-05-25,107197.57
2005-05-26,106738.05
2005-05-27,107225.81
2005-05-31,106638.26
2005-06-01,106332.33
2005-06-02,107793.05
2005-06-03,107973.61
2005-06-06,108768.67
2005-06-07,108513.96
2005-06-08,108412.88
2005-06-09,108234.97
2005-06-10,109132.5
2005-06-13,109543.54
2005-06-14,109083.98
2005-06-15,109443.81
2005-06-16,111288.85
2005-06-17,111725.54
2005-06-20,111803.74
2005-06-21,112189.23
2005-06-22,111960.14
2005-06-23,112729.77
2005-06-24,112423.85
2005-06-27,112450.84
2005-06-28,111274.19
2005-06-29,111736.54
2005-06-30,111251.32
2005-07-01,109357.53
2005-07-05,108283.22
2005-07-06,108207.72
2005-07-07,108490.78
2005-07-08,108236
2005-07-11,108954.46
2005-07-12,109211.92
2005-07-13,108470.5
2005-07-14,107319.26
2005-07-15,107704.78
2005-07-18,107603.65
2005-07-19,107297.61
2005-07-20,108092.96
2005-07-21,108760.27
2005-07-22,108735.99
2005-07-25,108891.02
2005-07-26,108226.36
2005-07-27,108714.39
2005-07-28,109509.82
2005-07-29,109690.48
2005-08-01,110485.95
2005-08-02,110512.93
2005-08-03,111513.36
2005-08-04,111898.99
2005-08-05,111695.43
2005-08-08,111056.35
2005-08-09,111032.09
2005-08-10,111827.64
2005-08-11,113878.55
2005-08-12,113982.43
2005-08-15,113061.52
2005-08-16,114138.96
2005-08-17,112500.65
2005-08-18,112297.07
2005-08-19,111709.17
2005-08-22,111966.76
2005-08-23,112121.87
2005-08-24,111687.67
2005-08-25,112047.76
2005-08-26,111741.66
2005-08-29,111640.55
2005-08-30,110207.02
2005-08-31,111207.69
2005-09-01,113310.22
2005-09-02,113388.49
2005-09-06,113441.13
2005-09-07,113596.27
2005-09-08,114289.55
2005-09-09,114905.97
2005-09-12,115035.51
2005-09-13,114191.26
2005-09-14,115217.73
2005-09-15,116397.97
2005-09-16,117424.49
2005-09-19,118527.91
2005-09-20,118478.11
2005-09-21,120606.69
2005-09-22,118814.19
2005-09-23,118610.62
2005-09-26,119355.32
2005-09-27,118536.65
2005-09-28,119947.74
2005-09-29,120718.11
2005-09-30,119694.39
2005-10-03,118978.21
2005-10-04,119056.56
2005-10-05,118827.35
2005-10-06,121007.48
2005-10-07,121393.45
2005-10-10,121420.57
2005-10-11,121473.33
2005-10-12,120090.66
2005-10-13,120527.9
2005-10-14,119965.45
2005-10-17,121146.07
2005-10-18,120481.08
2005-10-19,118790.7
2005-10-20,117869.31
2005-10-21,119255.05
2005-10-24,118923.26
2005-10-25,120642.3
2005-10-26,120310.52
2005-10-27,120952.9
2005-10-28,121056.94
2005-10-31,118956.21
2005-11-01,117239.99
2005-11-02,118266.93
2005-11-03,117832.54
2005-11-04,116680.28
2005-11-07,117348.31
2005-11-08,117708.69
2005-11-09,119376.68
2005-11-10,119173.03
2005-11-11,119994.97
2005-11-14,119534.92
2005-11-15,119638.95
2005-11-16,122512.17
2005-11-17,124308.54
2005-11-18,124258.79
2005-11-21,125619.32
2005-11-22,126467.04
2005-11-23,126032.68
2005-11-25,126726.58
2005-11-28,127548.71
2005-11-29,127704.13
2005-11-30,125910.67
2005-12-01,128656.09
2005-12-02,129042.34
2005-12-05,130223.56
2005-12-06,130507.26
2005-12-07,131611.6
2005-12-08,133100.64
2005-12-09,134384.56
2005-12-12,134796.55
2005-12-13,132464.4
2005-12-14,129131.98
2005-12-15,128851.45
2005-12-16,128468.33
2005-12-19,128803.33
2005-12-20,125778.47
2005-12-21,126626.4
2005-12-22,128602.89
2005-12-23,128553.18
2005-12-27,129888.51
2005-12-28,132019.01
2005-12-29,132020.63
2005-12-30,132304.41
2006-01-03,136256.18
2006-01-04,136719.57
2006-01-05,134258.76
2006-01-06,137800.29
2006-01-09,140059.32
2006-01-10,138675.84
2006-01-11,139883.2
2006-01-12,139628.4
2006-01-13,142221.05
2006-01-17,141761.05
2006-01-18,139838.78
2006-01-19,142611.11
2006-01-20,141612.35
2006-01-23,143076.4
2006-01-24,142975.54
2006-01-25,144029.16
2006-01-26,143363.89
2006-01-27,142724.26
2006-01-30,145419.89
2006-01-31,145473
2006-02-01,145474.78
2006-02-02,146194.97
2006-02-03,144965.22
2006-02-06,145531.47
2006-02-07,140093.79
2006-02-08,140685.65
2006-02-09,144151.28
2006-02-10,140586.48
2006-02-13,137842.68
2006-02-14,139820.15
2006-02-15,137948.71
2006-02-16,139900.57
2006-02-17,141031.35
2006-02-21,141443.66
2006-02-22,142009.94
2006-02-23,140215.4
2006-02-24,142783.29
2006-02-27,141707.24
2006-02-28,143890.28
2006-03-01,143969.04
2006-03-02,145613.24
2006-03-03,144434.52
2006-03-06,141741.62
2006-03-07,141024.78
2006-03-08,138511.42
2006-03-09,139206.07
2006-03-10,138155.52
2006-03-13,139389.15
2006-03-14,140828.13
2006-03-15,141471.5
2006-03-16,142037.9
2006-03-17,141474.99
2006-03-20,141605.06
2006-03-21,140734.12
2006-03-22,140530.51
2006-03-23,140403.9
2006-03-24,142998.1
2006-03-27,144745.3
2006-03-28,143900.02
2006-03-29,146494.35
2006-03-30,150423.55
2006-03-31,149141.92
2006-04-03,150093.54
2006-04-04,149736
2006-04-05,150584.97
2006-04-06,152178.41
2006-04-07,150408.98
2006-04-10,153003.64
2006-04-11,151490.89
2006-04-12,152570.98
2006-04-13,152752.57
2006-04-17,156836.41
2006-04-18,158789.48
2006-04-19,163669.37
2006-04-20,156508.44
2006-04-21,162261.33
2006-04-24,158283.82
2006-04-25,161186.99
2006-04-26,163422.69
2006-04-27,161653.11
2006-04-28,167123.99
2006-05-01,167305.77
2006-05-02,170876.82
2006-05-03,170647.83
2006-05-04,173268.96
2006-05-05,174580.62
2006-05-08,173478.64
2006-05-09,178924.45
2006-05-10,180724.12
2006-05-11,182395.43
2006-05-12,182628.78
2006-05-15,173104.13
2006-05-16,176187.78
2006-05-17,175008.68
2006-05-18,173238.92
2006-05-19,168413.17
2006-05-22,167696.18
2006-05-23,170471.78
2006-05-24,164515.84
2006-05-25,166161.48
2006-05-26,167190.8
2006-05-30,167218.54
2006-05-31,164960.54
2006-06-01,160673.54
2006-06-02,163089.73
2006-06-05,162552.39
2006-06-06,160653.79
2006-06-07,159962.3
2006-06-08,156445.5
2006-06-09,153493.69
2006-06-12,154189.07
2006-06-13,143634.3
2006-06-14,142865.49
2006-06-15,147233.87
2006-06-16,148160.39
2006-06-19,144771.58
2006-06-20,147187.93
2006-06-21,149835.53
2006-06-22,148296.12
2006-06-23,148965.83
2006-06-26,149712.62
2006-06-27,148173.15
2006-06-28,147815.33
2006-06-29,152903.59
2006-06-30,157298.37
2006-07-03,159740.83
2006-07-05,160564.88
2006-07-06,161902.76
2006-07-07,160902.81
2006-07-10,159337.64
2006-07-11,163938.35
2006-07-12,166792.13
2006-07-13,168412.78
2006-07-14,169185.62
2006-07-17,164306.11
2006-07-18,161610.38
2006-07-19,164515.7
2006-07-20,160689.39
2006-07-21,158558.77
2006-07-24,157096.16
2006-07-25,158151.56
2006-07-26,159309.77
2006-07-27,161624.29
2006-07-28,162165.89
2006-07-31,162296.36
2006-08-01,165279.1
2006-08-02,166386.08
2006-08-03,164769.23
2006-08-04,165182.41
2006-08-07,165749.79
2006-08-08,164389.85
2006-08-09,166087.94
2006-08-10,162543.62
2006-08-11,161157.89
2006-08-14,159977.73
2006-08-15,159362.91
2006-08-16,160598.45
2006-08-17,156848.25
2006-08-18,156875.88
2006-08-21,160475.88
2006-08-22,159475.52
2006-08-23,158912.06
2006-08-24,158708.4
2006-08-25,158761.76
2006-08-28,156784.65
2006-08-29,156632.36
2006-08-30,157868.02
2006-08-31,160106.13
2006-09-01,159722.55
2006-09-05,162860.36
2006-09-06,161577.16
2006-09-07,157440.76
2006-09-08,155874.71
2006-09-11,150375.78
2006-09-12,149889.23
2006-09-13,150687.94
2006-09-14,147013.85
2006-09-15,147555.49
2006-09-18,149690.95
2006-09-19,146325.2
2006-09-20,147201.04
2006-09-21,148976.67
2006-09-22,150392.43
2006-09-25,150394.28
2006-09-26,151013.13
2006-09-27,153765.82
2006-09-28,153716.3
2006-09-29,152895.49
2006-10-02,152074.66
2006-10-03,146831.69
2006-10-04,144930.93
2006-10-05,146346.8
2006-10-06,146528.58
2006-10-09,147070.32
2006-10-10,146557.89
2006-10-11,146251.15
2006-10-12,147821.4
2006-10-13,150600.17
2006-10-16,152144.79
2006-10-17,150809.58
2006-10-18,150657.16
2006-10-19,152767.54
2006-10-20,151149.43
2006-10-23,148528.42
2006-10-24,149584.55
2006-10-25,151103.58
2006-10-26,152468.35
2006-10-27,152753.1
2006-10-30,154040.78
2006-10-31,154917.03
2006-11-01,157799.2
2006-11-02,159241.29
2006-11-03,160220.51
2006-11-06,159168.06
2006-11-07,159555.78
2006-11-08,157165.95
2006-11-09,161900.1
2006-11-10,160719.02
2006-11-13,159949.42
2006-11-14,158511.1
2006-11-15,159053.17
2006-11-16,157691.96
2006-11-17,158902.76
2006-11-20,158878.99
2006-11-21,160167
2006-11-22,160760.56
2006-11-24,163334.71
2006-11-27,163851.16
2006-11-28,163518.78
2006-11-29,162466.16
2006-11-30,165632.09
2006-12-01,164939.6
2006-12-04,164941.62
2006-12-05,164146.21
2006-12-06,161267.12
2006-12-07,161372
2006-12-08,159624.7
2006-12-11,160964.37
2006-12-12,160837.72
2006-12-13,160736.8
2006-12-14,159812.63
2006-12-15,156933.24
2006-12-18,157038.08
2006-12-19,158995.27
2006-12-20,158534.13
2006-12-21,157918.62
2006-12-22,158615.21
2006-12-26,159466.2
2006-12-27,160085.65
2006-12-28,161837.19
2006-12-29,162636.79
2007-01-03,160245.94
2007-01-04,158626.92
2007-01-05,154820.8
2007-01-08,155620.35
2007-01-09,156574.31
2007-01-10,155907.22
2007-01-11,156012.07
2007-01-12,159976.69
2007-01-16,159464.01
2007-01-17,161190.05
2007-01-18,160214.19
2007-01-19,162120.41
2007-01-22,161401.86
2007-01-23,165289.64
2007-01-24,165549.01
2007-01-25,164856.22
2007-01-26,164961.19
2007-01-29,164113.97
2007-01-30,165274.07
2007-01-31,166845.98
2007-02-01,167851.73
2007-02-02,165434.59
2007-02-05,165513.83
2007-02-06,166751.24
2007-02-07,166341.5
2007-02-08,168634.18
2007-02-09,170180.52
2007-02-12,169024.4
2007-02-13,169464.04
2007-02-14,170830.27
2007-02-15,170935.33
2007-02-16,170808.74
2007-02-20,168108.17
2007-02-21,173181.02
2007-02-22,172848.53
2007-02-23,174317.87
2007-02-26,175298.18
2007-02-27,168375.93
2007-02-28,171132.35
2007-03-01,169435.49
2007-03-02,164031.7
2007-03-05,162000.05
2007-03-06,165142.68
2007-03-07,165530.86
2007-03-08,165996.28
2007-03-09,165406.21
2007-03-12,165717.18
2007-03-13,164045.83
2007-03-14,164614.23
2007-03-15,164719.23
2007-03-16,166368.97
2007-03-19,166679.96
2007-03-20,168046.56
2007-03-21,169464.67
2007-03-22,169312.28
2007-03-23,167743.79
2007-03-26,169522.42
2007-03-27,169164.04
2007-03-28,170067.3
2007-03-29,169039.46
2007-03-30,169273.28
2007-04-02,169558.6
2007-04-03,169509.19
2007-04-04,172034.72
2007-04-05,172165.59
2007-04-09,171317.95
2007-04-10,172942.34
2007-04-11,172738.46
2007-04-12,172508.83
2007-04-13,174699.82
2007-04-16,176144.07
2007-04-17,175116.15
2007-04-18,176096.9
2007-04-19,173910.08
2007-04-20,176925.33
2007-04-23,175794.36
2007-04-24,174431.58
2007-04-25,174845.78
2007-04-26,172221
2007-04-27,174000.18
2007-04-30,172791.84
2007-05-01,171763.76
2007-05-02,171688.61
2007-05-03,173828.46
2007-05-04,175633.53
2007-05-07,175790.23
2007-05-08,174839.39
2007-05-09,173733.98
2007-05-10,170001.29
2007-05-11,171162.48
2007-05-14,170726.7
2007-05-15,171398.52
2007-05-16,168979.31
2007-05-17,167590.4
2007-05-18,168777.39
2007-05-21,169165.86
2007-05-22,168008.74
2007-05-23,168835.14
2007-05-24,166802.13
2007-05-25,167293.64
2007-05-29,167630.59
2007-05-30,166731
2007-05-31,168845.52
2007-06-01,171166.2
2007-06-04,171425.93
2007-06-05,170990.07
2007-06-06,171095.23
2007-06-07,168134.53
2007-06-08,165457.17
2007-06-11,166695.88
2007-06-12,165152.06
2007-06-13,166261.98
2007-06-14,166444.38
2007-06-15,167090.56
2007-06-18,167350.27
2007-06-19,168717.93
2007-06-20,167586.29
2007-06-21,166351.55
2007-06-22,166920.47
2007-06-25,166020.67
2007-06-26,163935.54
2007-06-27,164066.39
2007-06-28,165588.74
2007-06-29,165616.54
2007-07-02,167551.24
2007-07-03,166831.77
2007-07-05,166009.2
2007-07-06,167402.81
2007-07-09,168487.21
2007-07-10,169082.01
2007-07-11,168645.98
2007-07-12,170142.78
2007-07-13,170170.65
2007-07-16,169631.53
2007-07-17,169453.22
2007-07-18,171697.5
2007-07-19,172704.74
2007-07-20,174175.93
2007-07-23,173894.56
2007-07-24,173896.7
2007-07-25,172429.73
2007-07-26,169210.07
2007-07-27,168593.56
2007-07-30,169523.53
2007-07-31,169577.16
2007-08-01,169940.11
2007-08-02,169839.1
2007-08-03,171903.28
2007-08-06,171467.19
2007-08-07,171366.19
2007-08-08,172115.84
2007-08-09,168741.11
2007-08-10,171604.52
2007-08-13,170807.51
2007-08-14,170886.95
2007-08-15,170476.59
2007-08-16,166740.73
2007-08-17,167851.29
2007-08-20,167879.14
2007-08-21,167752.3
2007-08-22,168605.12
2007-08-23,168375.16
2007-08-24,170439.71
2007-08-27,170106.65
2007-08-28,169103.26
2007-08-29,170342.87
2007-08-30,169648.85
2007-08-31,171507.28
2007-09-04,173881.4
2007-09-05,174192.94
2007-09-06,177546.93
2007-09-07,178915.65
2007-09-10,179510.89
2007-09-11,181833.69
2007-09-12,181681.22
2007-09-13,180703.62
2007-09-14,180473.78
2007-09-17,183002.99
2007-09-18,184887.62
2007-09-19,184193.66
2007-09-20,187522.4
2007-09-21,186544.81
2007-09-24,186392.38
2007-09-25,186523.61
2007-09-26,185674.9
2007-09-27,187482.36
2007-09-28,189573.53
2007-10-01,190581.63
2007-10-02,186586.66
2007-10-03,185428.43
2007-10-04,187932.32
2007-10-05,189301.5
2007-10-08,187060.07
2007-10-09,188506.65
2007-10-10,189205.33
2007-10-11,190626.18
2007-10-12,192382.36
2007-10-15,193803.28
2007-10-16,193754.08
2007-10-17,192157.32
2007-10-18,196028.63
2007-10-19,195257.24
2007-10-22,192422.35
2007-10-23,194049.73
2007-10-24,194800.15
2007-10-25,196118.07
2007-10-26,200402.42
2007-10-29,201514.08
2007-10-30,199530.31
2007-10-31,202808.83
2007-11-01,201031.39
2007-11-02,205935.18
2007-11-05,205731.34
2007-11-06,210067.77
2007-11-07,212159.94
2007-11-08,212136.75
2007-11-09,212010.37
2007-11-12,202003.24
2007-11-13,204121.22
2007-11-14,207116.4
2007-11-15,201107.73
2007-11-16,200594.21
2007-11-19,199280.88
2007-11-20,205036.78
2007-11-21,204755.5
2007-11-23,209634.38
2007-11-26,209765.96
2007-11-27,206672.36
2007-11-28,205307.41
2007-11-29,201981.46
2007-11-30,199506.92
2007-12-03,201986.43
2007-12-04,204878.86
2007-12-05,202894.52
2007-12-06,204806.49
2007-12-07,202822.1
2007-12-10,206437.21
2007-12-11,203446.41
2007-12-12,207706.73
2007-12-13,202574.03
2007-12-14,202628.14
2007-12-17,201624.2
2007-12-18,204516.98
2007-12-19,204493.69
2007-12-20,203025.21
2007-12-21,206718.14
2007-12-24,206823.91
2007-12-26,210387.93
2007-12-27,210493.75
2007-12-28,214212.76
2007-12-31,212821.72
2008-01-02,219018.52
2008-01-03,220853.68
2008-01-04,219720.77
2008-01-07,218794.31
2008-01-08,223984.89
2008-01-09,223393.74
2008-01-10,227784.61
2008-01-11,228639.18
2008-01-14,231119.65
2008-01-15,227121.91
2008-01-16,223794.92
2008-01-17,223281.68
2008-01-18,225658.96
2008-01-22,227597.46
2008-01-23,226877.74
2008-01-24,232533.76
2008-01-25,233104.53
2008-01-28,236850.5
2008-01-29,235304.52
2008-01-30,237656.85
2008-01-31,235955.7
2008-02-01,230666.12
2008-02-04,230023.82
2008-02-05,226360.72
2008-02-06,229641.97
2008-02-07,231968.58
2008-02-08,234940.43
2008-02-11,235795.3
2008-02-12,230634.61
2008-02-13,230921.45
2008-02-14,231621.39
2008-02-15,230178.38
2008-02-19,236455.28
2008-02-20,240744.23
2008-02-21,240773.02
2008-02-22,241137.46
2008-02-25,239462.09
2008-02-26,241969.66
2008-02-27,244735.49
2008-02-28,247862.9
2008-02-29,248356.56
2008-03-03,251096.75
2008-03-04,245780.43
2008-03-05,252342.42
2008-03-06,249195.12
2008-03-07,248139.43
2008-03-10,247574.36
2008-03-11,247887.29
2008-03-12,250524.42
2008-03-13,253962.17
2008-03-14,254920.82
2008-03-17,256111.92
2008-03-18,249219.65
2008-03-19,240286.7
2008-03-20,232213.55
2008-03-24,232700.13
2008-03-25,239495.2
2008-03-26,242261.65
2008-03-27,241386.5
2008-03-28,237308.68
2008-03-31,233514.86
2008-04-01,224348.38
2008-04-02,230576.13
2008-04-03,230966.41
2008-04-04,233113.09
2008-04-07,235492.29
2008-04-08,233377.12
2008-04-09,238391.08
2008-04-10,237050.82
2008-04-11,235839.68
2008-04-14,235351.79
2008-04-15,236775.42
2008-04-16,240937.27
2008-04-17,239106.15
2008-04-18,234097.57
2008-04-21,233144.64
2008-04-22,233199.17
2008-04-23,230489.52
2008-04-24,225325.59
2008-04-25,225457.53
2008-04-28,226545.35
2008-04-29,221691.2
2008-04-30,223864.07
2008-05-01,216994.6
2008-05-02,218521.58
2008-05-05,222890.57
2008-05-06,223823.42
2008-05-07,221733.4
2008-05-08,225404.98
2008-05-09,225872.83
2008-05-12,224764.59
2008-05-13,220633.54
2008-05-14,220145.06
2008-05-15,224798.72
2008-05-16,230227.92
2008-05-19,230979.84
2008-05-20,234884.45
2008-05-21,237626.37
2008-05-22,235096.95
2008-05-23,235745.86
2008-05-27,230916.52
2008-05-28,230350.86
2008-05-29,223557.38
2008-05-30,225989.26
2008-06-02,227309.99
2008-06-03,224521.8
2008-06-04,223930.18
2008-06-05,223416.08
2008-06-06,230163.95
2008-06-09,227393.75
2008-06-10,221098.36
2008-06-11,224900.2
2008-06-12,221233.03
2008-06-13,221830.18
2008-06-16,224882.66
2008-06-17,225505.72
2008-06-18,228170.62
2008-06-19,228535.28
2008-06-20,229907.96
2008-06-23,225103.26
2008-06-24,226088.23
2008-06-25,225961.77
2008-06-26,234210.01
2008-06-27,236435.83
2008-06-30,236257.8
2008-07-01,239517.65
2008-07-02,240838.9
2008-07-03,237972.58
2008-07-07,235829.98
2008-07-08,234876.43
2008-07-09,236533.74
2008-07-10,241784.34
2008-07-11,246001.03
2008-07-14,247942.9
2008-07-15,248618.09
2008-07-16,244148.77
2008-07-17,243583.02
2008-07-18,243456.75
2008-07-21,245915.78
2008-07-22,240593.04
2008-07-23,234158.47
2008-07-24,236126.24
2008-07-25,237059.9
2008-07-28,237166.23
2008-07-29,234221.7
2008-07-30,231458.08
2008-07-31,232908.83
2008-08-01,231593.05
2008-08-04,227898.48
2008-08-05,222574.86
2008-08-06,224025.58
2008-08-07,222606.2
2008-08-08,218316.61
2008-08-11,209786.25
2008-08-12,208211.49
2008-08-13,210903.32
2008-08-14,205191.15
2008-08-15,200745.93
2008-08-18,203773.94
2008-08-19,207999.32
2008-08-20,207037.31
2008-08-21,212832.55
2008-08-22,209680.18
2008-08-25,209294.85
2008-08-26,210073.26
2008-08-27,210412.04
2008-08-28,212535.3
2008-08-29,211322.39
2008-09-02,204833.51
2008-09-03,204034.28
2008-09-04,202743.63
2008-09-05,204272.07
2008-09-08,203964.22
2008-09-09,197836.94
2008-09-10,191968.15
2008-09-11,189021.93
2008-09-12,195412.93
2008-09-15,200614.27
2008-09-16,198625.08
2008-09-17,221053.36
2008-09-18,214175.64
2008-09-19,222403.86
2008-09-22,230684.02
2008-09-23,228462.27
2008-09-24,224300.4
2008-09-25,223630.6
2008-09-26,224124.85
2008-09-29,231707.08
2008-09-30,220068.96
2008-10-01,222399.89
2008-10-02,212986.14
2008-10-03,213661.37
2008-10-06,218036.05
2008-10-07,225773.99
2008-10-08,231338.98
2008-10-09,232583.64
2008-10-10,215304.42
2008-10-13,212124.85
2008-10-14,212670.77
2008-10-15,215545.22
2008-10-16,205147.06
2008-10-17,199768
2008-10-20,203108.11
2008-10-21,196712.06
2008-10-22,185544.68
2008-10-23,182804.29
2008-10-24,186842.98
2008-10-27,186767.66
2008-10-28,190935.87
2008-10-29,191481.61
2008-10-30,188145.97
2008-10-31,184603.24
2008-11-03,183984.48
2008-11-04,195317.18
2008-11-05,188388.13
2008-11-06,186889.55
2008-11-07,187616.43
2008-11-10,190413.58
2008-11-11,186456.52
2008-11-12,181153.66
2008-11-13,186719.9
2008-11-14,189698.33
2008-11-17,188018.48
2008-11-18,187658.47
2008-11-19,187013.77
2008-11-20,190095.87
2008-11-21,204073.95
2008-11-24,209408
2008-11-25,209307.05
2008-11-26,208041.41
2008-11-28,207862.79
2008-12-01,195804.08
2008-12-02,199171.27
2008-12-03,197180.71
2008-12-04,195423.06
2008-12-05,192888.84
2008-12-08,197226.81
2008-12-09,197578.68
2008-12-10,206433.71
2008-12-11,208765.91
2008-12-12,209182.65
2008-12-15,213818.77
2008-12-16,218636.2
2008-12-17,221149.87
2008-12-18,217114.27
2008-12-19,213906.95
2008-12-22,216058.23
2008-12-23,213912.21
2008-12-24,216063.55
2008-12-26,221606.29
2008-12-29,223550.66
2008-12-30,222388.41
2008-12-31,223996.28
2009-01-02,223248.24
2009-01-05,218720.26
2009-01-06,220405.81
2009-01-07,214246.59
2009-01-08,218676.55
2009-01-09,217281.12
2009-01-12,209102.09
2009-01-13,209415.37
2009-01-14,206595.7
2009-01-15,208151.79
2009-01-16,214161.47
2009-01-20,218850.75
2009-01-21,217895.38
2009-01-22,219011.49
2009-01-23,229242.32
2009-01-26,230332.7
2009-01-27,228859.54
2009-01-28,226363.49
2009-01-29,231765.44
2009-01-30,236455.39
2009-02-02,230062.02
2009-02-03,229106.69
2009-02-04,230948.16
2009-02-05,233385.3
2009-02-06,232015.63
2009-02-09,228729.5
2009-02-10,233627
2009-02-11,239016.68
2009-02-12,241298.69
2009-02-13,239695.93
2009-02-17,247209.61
2009-02-18,250993.96
2009-02-19,248044.49
2009-02-20,253305.24
2009-02-23,253127.05
2009-02-24,245359.97
2009-02-25,241270.64
2009-02-26,241032.72
2009-02-27,239929.69
2009-03-02,235529.31
2009-03-03,233226.91
2009-03-04,230510
2009-03-05,238275.94
2009-03-06,239063.74
2009-03-09,234611.27
2009-03-10,228319.52
2009-03-11,231119.98
2009-03-12,235992.87
2009-03-13,236513.87
2009-03-16,235221.52
2009-03-17,233255.6
2009-03-18,241159.73
2009-03-19,244426.87
2009-03-20,242460.99
2009-03-23,238552.05
2009-03-24,235757.03
2009-03-25,238298.85
2009-03-26,238172.24
2009-03-27,234962.58
2009-03-30,233125.98
2009-03-31,233906.11
2009-04-01,235852.16
2009-04-02,230077.29
2009-04-03,226945.06
2009-04-06,220936.75
2009-04-07,224748.27
2009-04-08,224414.2
2009-04-09,223639.63
2009-04-13,227710.44
2009-04-14,226391.76
2009-04-15,226731.4
2009-04-16,222355.03
2009-04-17,220828.93
2009-04-20,225314.56
2009-04-21,225161.85
2009-04-22,226434.38
2009-04-23,230116.92
2009-04-24,232503.85
2009-04-27,230666.79
2009-04-28,227404.37
2009-04-29,228910.24
2009-04-30,226166.03
2009-05-01,225339.51
2009-05-04,229722.34
2009-05-05,228714.17
2009-05-06,232060.23
2009-05-07,231803.92
2009-05-08,233206.3
2009-05-11,232457.56
2009-05-12,235078.13
2009-05-13,236091.83
2009-05-14,235939.22
2009-05-15,237289.9
2009-05-18,234208.44
2009-05-19,235766.49
2009-05-20,239113.05
2009-05-21,243263.21
2009-05-22,244043.81
2009-05-26,243035.9
2009-05-27,242235.34
2009-05-28,244286.11
2009-05-29,249369.77
2009-06-01,248154.5
2009-06-02,249790.66
2009-06-03,244738.82
2009-06-04,249459.81
2009-06-05,242930.21
2009-06-08,242544.34
2009-06-09,243247.27
2009-06-10,243328.04
2009-06-11,242916.24
2009-06-12,238952.72
2009-06-15,236181.66
2009-06-16,238336.39
2009-06-17,239428.2
2009-06-18,237512.61
2009-06-19,238267.4
2009-06-22,234744.29
2009-06-23,235732.41
2009-06-24,237109.46
2009-06-25,239342.17
2009-06-26,239293.25
2009-06-29,238647.99
2009-06-30,236421.05
2009-07-01,239561.38
2009-07-02,236608.38
2009-07-06,235340.73
2009-07-07,235213.98
2009-07-08,231482.9
2009-07-09,232108.09
2009-07-10,232292.46
2009-07-13,233877.12
2009-07-14,235487.76
2009-07-15,239198.92
2009-07-16,238527.63
2009-07-17,238400.9
2009-07-20,241904.77
2009-07-21,241518.75
2009-07-22,242325.66
2009-07-23,241861.83
2009-07-24,242253.82
2009-07-27,243034.83
2009-07-28,238888.26
2009-07-29,236531.1
2009-07-30,237623.3
2009-07-31,242113.1
2009-08-03,243464.76
2009-08-04,245568.6
2009-08-05,245830.99
2009-08-06,245367.14
2009-08-07,243165.49
2009-08-10,241033.81
2009-08-11,240681.43
2009-08-12,241099.4
2009-08-13,243099.64
2009-08-14,241235.03
2009-08-17,237632.44
2009-08-18,238802.64
2009-08-19,240029.94
2009-08-20,239353.26
2009-08-21,242936
2009-08-24,239540.74
2009-08-25,240633.21
2009-08-26,240714
2009-08-27,241754.63
2009-08-28,243521.67
2009-08-31,242305.37
2009-09-01,243605.49
2009-09-02,249549.45
2009-09-03,252847.33
2009-09-04,253029.45
2009-09-08,252775.72
2009-09-09,251870.78
2009-09-10,253482.45
2009-09-11,256287.62
2009-09-14,254163.26
2009-09-15,256605.27
2009-09-16,259228.97
2009-09-17,257753.22
2009-09-18,256017.97
2009-09-21,255216.77
2009-09-22,258618.99
2009-09-23,256442.58
2009-09-24,253124.41
2009-09-25,251700.38
2009-09-28,251833.22
2009-09-29,252822.37
2009-09-30,256510.26
2009-10-01,254022.26
2009-10-02,255270.98
2009-10-05,259036.88
2009-10-06,265423.87
2009-10-07,265637.33
2009-10-08,268959.74
2009-10-09,266886.94
2009-10-12,268758.74
2009-10-13,270578.68
2009-10-14,270374.39
2009-10-15,266951.98
2009-10-16,267785.75
2009-10-19,270514.14
2009-10-20,268415.23
2009-10-21,269262.03
2009-10-22,269719.54
2009-10-23,268606.82
2009-10-26,264379.48
2009-10-27,264356.78
2009-10-28,261453.01
2009-10-29,266538.38
2009-10-30,266131.55
2009-11-02,269820.64
2009-11-03,276339.11
2009-11-04,278003.76
2009-11-05,277695.69
2009-11-06,278867.21
2009-11-09,280843.45
2009-11-10,281366.07
2009-11-11,284510.53
2009-11-12,280905.73
2009-11-13,284880.96
2009-11-16,289790.84
2009-11-17,290677.04
2009-11-18,291407.5
2009-11-19,291540.89
2009-11-20,293205.97
2009-11-23,296714.34
2009-11-24,297860.3
2009-11-25,302770.76
2009-11-27,298724.38
2009-11-30,300233.88
2009-12-01,304755.1
2009-12-02,309432.21
2009-12-03,308189.78
2009-12-04,295349.3
2009-12-07,293683.44
2009-12-08,288078.74
2009-12-09,287796.67
2009-12-10,287748.28
2009-12-11,283857.02
2009-12-14,286249.35
2009-12-15,286174.97
2009-12-16,289761.85
2009-12-17,278729.59
2009-12-18,282913.7
2009-12-21,277723.72
2009-12-22,275701.66
2009-12-23,276691.84
2009-12-24,281395.5
2009-12-28,281892.36
2009-12-29,279091.19
2009-12-30,277692.28
2009-12-31,278682.54
2010-01-04,285152.46
2010-01-05,284896.27
2010-01-06,289600.43
2010-01-07,287812.01
2010-01-08,289243.96
2010-01-11,293091.29
2010-01-12,286965.57
2010-01-13,289696.16
2010-01-14,290972.38
2010-01-15,287937.15
2010-01-19,289654.91
2010-01-20,282957.35
2010-01-21,278882.96
2010-01-22,278366.91
2010-01-25,279175.54
2010-01-26,279386.77
2010-01-27,276709.59
2010-01-28,276588.31
2010-01-29,275240.98
2010-02-01,281452.62
2010-02-02,283482.23
2010-02-03,282368.72
2010-02-04,271124.2
2010-02-05,271932.83
2010-02-08,270273.62
2010-02-09,273835.91
2010-02-10,273085.91
2010-02-11,278310.94
2010-02-12,278080.56
2010-02-16,284786.59
2010-02-17,283828.86
2010-02-18,285728.87
2010-02-19,284407.4
2010-02-22,283371.69
2010-02-23,280309.45
2010-02-24,278935.9
2010-02-25,281407.56
2010-02-26,284320.97
2010-03-01,284324.47
2010-03-02,288459.15
2010-03-03,290047.64
2010-03-04,287972.58
2010-03-05,287924.15
2010-03-08,285511.22
2010-03-09,285093.79
2010-03-10,281854.47
2010-03-11,282195.73
2010-03-12,280510.19
2010-03-15,281579.03
2010-03-16,286883.54
2010-03-17,284782.22
2010-03-18,286734.68
2010-03-19,281385
2010-03-22,280011.16
2010-03-23,281495.87
2010-03-24,276249.87
2010-03-25,277500.68
2010-03-26,282207.94
2010-03-29,282627.22
2010-03-30,280603.58
2010-03-31,283153.96
2010-04-01,286562.05
2010-04-05,288202.92
2010-04-06,288570.32
2010-04-07,292368.46
2010-04-08,292787.9
2010-04-09,295364.61
2010-04-12,293730.79
2010-04-13,292902.68
2010-04-14,293790
2010-04-15,295405.14
2010-04-16,289144.57
2010-04-19,288914.19
2010-04-20,289723.53
2010-04-21,291936.54
2010-04-22,290718.43
2010-04-23,294231.21
2010-04-26,293091.07
2010-04-27,297981.7
2010-04-28,297153.52
2010-04-29,297079.19
2010-04-30,299890.38
2010-05-03,300855.93
2010-05-04,298623.94
2010-05-05,299199.54
2010-05-06,308031.8
2010-05-07,307474.05
2010-05-10,305658
2010-05-11,313684.73
2010-05-12,315622.86
2010-05-13,313442.86
2010-05-14,312952.74
2010-05-17,310330.66
2010-05-18,310672.48
2010-05-19,303240.33
2010-05-20,301190.05
2010-05-21,299581.72
2010-05-24,303797.54
2010-05-25,305153.34
2010-05-26,308043.26
2010-05-27,308619.09
2010-05-28,309119.53
2010-06-01,311798.98
2010-06-02,311464.78
2010-06-03,306736.05
2010-06-04,309938.24
2010-06-07,315922.91
2010-06-08,314659.1
2010-06-09,313512.28
2010-06-10,309394.39
2010-06-11,312089.72
2010-06-14,311027.34
2010-06-15,314645.95
2010-06-16,312933.42
2010-06-17,317020.26
2010-06-18,319442.77
2010-06-21,313101.02
2010-06-22,315861.63
2010-06-23,314565.14
2010-06-24,315479.29
2010-06-25,319280.36
2010-06-28,314940.87
2010-06-29,315412.9
2010-06-30,316483.16
2010-07-01,304418.66
2010-07-02,308193.83
2010-07-06,303047.62
2010-07-07,306224.62
2010-07-08,304875.82
2010-07-09,307870.85
2010-07-12,305221.47
2010-07-13,307878.42
2010-07-14,307726.14
2010-07-15,307547.84
2010-07-16,303493.64
2010-07-19,301052.16
2010-07-20,303449.08
2010-07-21,301371.73
2010-07-22,304010.65
2010-07-23,302003.48
2010-07-26,300524.37
2010-07-27,295299.07
2010-07-28,296005.11
2010-07-29,297330.34
2010-07-30,300461.11
2010-08-02,300594.89
2010-08-03,301769.33
2010-08-04,303672.27
2010-08-05,304352.45
2010-08-06,306593.7
2010-08-09,305452.69
2010-08-10,306315.04
2010-08-11,305304.09
2010-08-12,309028.53
2010-08-13,308954.27
2010-08-16,311533.99
2010-08-17,311589.87
2010-08-18,312816.64
2010-08-19,313262.83
2010-08-20,312173.82
2010-08-23,311683.26
2010-08-24,313196.33
2010-08-25,315802.35
2010-08-26,314765.35
2010-08-27,314899.34
2010-08-30,314642.98
2010-08-31,317691.54
2010-09-01,316680.54
2010-09-02,318245.85
2010-09-03,317130.74
2010-09-07,319320.67
2010-09-08,319350.62
2010-09-09,316361.69
2010-09-10,316808.01
2010-09-13,316525.63
2010-09-14,322786.12
2010-09-15,322571.48
2010-09-16,324371.27
2010-09-17,324147.52
2010-09-20,325003.9
2010-09-21,327975.02
2010-09-22,328473.58
2010-09-23,328737.9
2010-09-24,329757.05
2010-09-27,329839.19
2010-09-28,332784.52
2010-09-29,333048.91
2010-09-30,332948.89
2010-10-01,335555.98
2010-10-04,334388.74
2010-10-05,340978.59
2010-10-06,343117.32
2010-10-07,339373.05
2010-10-08,342735.29
2010-10-11,344384.72
2010-10-12,343524.69
2010-10-13,349021.77
2010-10-14,350796.29
2010-10-15,348015.06
2010-10-18,349581.35
2010-10-19,338729.57
2010-10-20,341883.86
2010-10-21,337071.7
2010-10-22,337752.75
2010-10-25,340672.83
2010-10-26,340755.13
2010-10-27,337218.47
2010-10-28,341700.81
2010-10-29,345298.03
2010-11-01,343479.71
2010-11-02,344968.04
2010-11-03,342576.86
2010-11-04,354193.85
2010-11-05,355109.53
2010-11-08,358759.25
2010-11-09,353061.22
2010-11-10,357361.98
2010-11-11,358460.02
2010-11-12,348126.74
2010-11-15,344823.96
2010-11-16,341047.17
2010-11-17,339520.19
2010-11-18,343972.14
2010-11-19,344268.03
2010-11-22,347605.57
2010-11-23,350031.73
2010-11-24,349437.07
2010-11-26,346654.83
2010-11-29,347695.59
2010-11-30,352679.3
2010-12-01,352579.47
2010-12-02,352115.02
2010-12-03,359593.98
2010-12-06,362307.01
2010-12-07,355513.82
2010-12-08,351064.5
2010-12-09,352579.45
2010-12-10,352682.76
2010-12-13,354359.25
2010-12-14,354702.21
2010-12-15,350851.68
2010-12-16,348537.82
2010-12-17,349557.95
2010-12-20,351932.58
2010-12-21,352483.91
2010-12-22,351784.95
2010-12-23,350773.38
2010-12-27,351715.45
2010-12-28,357450.59
2010-12-29,358731.41
2010-12-30,356964.44
2010-12-31,361371.3
2011-01-03,359500.11
2011-01-04,351038.05
2011-01-05,350052.43
2011-01-06,348649.96
2011-01-07,348002.95
2011-01-10,349414.04
2011-01-11,351476.48
2011-01-12,352913.7
2011-01-13,349244.57
2011-01-14,345705.62
2011-01-18,347637.84
2011-01-19,348397.68
2011-01-20,341836.29
2011-01-21,341397.56
2011-01-24,339656.09
2011-01-25,338982.83
2011-01-26,341748.89
2011-01-27,333324.01
2011-01-28,339464.35
2011-01-31,338400.21
2011-02-01,340827.66
2011-02-02,339919.85
2011-02-03,344484.09
2011-02-04,343081.21
2011-02-07,343137.55
2011-02-08,346946.3
2011-02-09,346768.16
2011-02-10,346199.12
2011-02-11,344828.75
2011-02-14,346468.24
2011-02-15,349130.62
2011-02-16,349473.7
2011-02-17,351927.71
2011-02-18,352896.29
2011-02-22,355194.03
2011-02-23,358377.92
2011-02-24,355697.94
2011-02-25,358058.35
2011-02-28,358784.69
2011-03-01,364963.41
2011-03-02,364673.38
2011-03-03,359916.06
2011-03-04,363204.53
2011-03-07,364175.98
2011-03-08,363239.53
2011-03-09,363374.33
2011-03-10,359104.11
2011-03-11,360281.48
2011-03-14,361954.12
2011-03-15,355207.45
2011-03-16,355133.62
2011-03-17,357040.86
2011-03-18,360694.64
2011-03-21,362706.27
2011-03-22,362476.12
2011-03-23,365843.36
2011-03-24,362928.2
2011-03-25,363036.94
2011-03-28,361164.44
2011-03-29,360308.6
2011-03-30,361512.23
2011-03-31,364619
2011-04-01,362902.85
2011-04-04,364575.83
2011-04-05,370341.99
2011-04-06,371206.9
2011-04-07,371550.4
2011-04-08,374553.23
2011-04-11,371898.48
2011-04-12,369217.58
2011-04-13,369978.24
2011-04-14,374962.76
2011-04-15,378200.49
2011-04-18,380499.64
2011-04-19,380504.32
2011-04-20,381995.24
2011-04-21,382625.73
2011-04-25,382969.42
2011-04-26,381696.43
2011-04-27,389054.48
2011-04-28,390675.98
2011-04-29,397330.26
2011-05-02,392234.55
2011-05-03,390846.86
2011-05-04,385245.05
2011-05-05,374140.71
2011-05-06,378917.58
2011-05-09,384346.53
2011-05-10,385707.34
2011-05-11,382165.35
2011-05-12,382300.45
2011-05-13,379801.52
2011-05-16,379128.11
2011-05-17,377489.72
2011-05-18,379737.29
2011-05-19,379872.37
2011-05-20,384675.98
2011-05-23,385567.48
2011-05-24,387554.44
2011-05-25,387533.13
2011-05-26,386598.93
2011-05-27,390463.93
2011-05-31,390312.24
2011-06-01,391021.29
2011-06-02,389956.67
2011-06-03,391839.52
2011-06-06,392522.53
2011-06-07,392370.85
2011-06-08,390784.49
2011-06-09,392745.7
2011-06-10,389307.22
2011-06-13,385477.37
2011-06-14,387829.88
2011-06-15,389008.55
2011-06-16,388622.03
2011-06-17,391157.28
2011-06-20,391396.88
2011-06-21,393306.11
2011-06-22,393910.98
2011-06-23,386999.75
2011-06-24,381580.63
2011-06-27,380202.6
2011-06-28,381537.84
2011-06-29,383994.98
2011-06-30,380923.68
2011-07-01,378134.07
2011-07-05,385183.24
2011-07-06,388527.64
2011-07-07,389158.62
2011-07-08,392033.5
2011-07-11,395534.66
2011-07-12,398618.43
2011-07-13,402198.03
2011-07-14,403246.7
2011-07-15,404973.82
2011-07-18,408553.64
2011-07-19,403574.71
2011-07-20,407128.5
2011-07-21,404028.25
2011-07-22,407399.47
2011-07-25,410588.11
2011-07-26,411715.27
2011-07-27,410206.77
2011-07-28,410551.07
2011-07-29,413087.48
2011-08-01,411605.04
2011-08-02,421527.04
2011-08-03,421453.94
2011-08-04,419240.8
2011-08-05,422142.86
2011-08-08,436160.32
2011-08-09,440057.02
2011-08-10,455643.6
2011-08-11,445653.13
2011-08-12,443622.83
2011-08-15,448404.6
2011-08-16,453943.39
2011-08-17,455254.01
2011-08-18,463872.95
2011-08-19,469699.26
2011-08-22,481816.2
2011-08-23,463759.57
2011-08-24,448041.25
2011-08-25,449910.49
2011-08-26,463254.63
2011-08-29,453915.36
2011-08-30,467520.91
2011-08-31,463924.33
2011-09-01,464321.6
2011-09-02,478340.23
2011-09-06,477463.77
2011-09-07,462276.43
2011-09-08,474630.02
2011-09-09,471738.12
2011-09-12,461223.14
2011-09-13,466110.73
2011-09-14,462644.26
2011-09-15,455313.85
2011-09-16,459574.96
2011-09-19,452479.3
2011-09-20,458933.57
2011-09-21,453221.47
2011-09-22,441373.68
2011-09-23,417228.23
2011-09-26,411437.08
2011-09-27,419405.6
2011-09-28,407896.24
2011-09-29,411765.59
2011-09-30,412710.64
2011-10-03,420287.91
2011-10-04,411634.56
2011-10-05,416381.5
2011-10-06,419076.16
2011-10-07,415660.6
2011-10-10,426335.33
2011-10-11,423295.81
2011-10-12,426330.15
2011-10-13,423828.49
2011-10-14,426706.24
2011-10-17,424674.58
2011-10-18,422642.87
2011-10-19,417503.44
2011-10-20,412024.39
2011-10-21,416599.67
2011-10-24,420522.17
2011-10-25,432462.42
2011-10-26,437194.82
2011-10-27,443833.86
2011-10-28,443003.57
2011-10-31,437054.25
2011-11-01,437164.1
2011-11-02,441557.31
2011-11-03,448510.23
2011-11-04,446243.42
2011-11-07,457036.07
2011-11-08,453254.38
2011-11-09,449446.49
2011-11-10,447022.86
2011-11-11,454394.29
2011-11-14,452414.71
2011-11-15,452838.21
2011-11-16,448011.35
2011-11-17,436497.24
2011-11-18,437860.95
2011-11-21,427103.97
2011-11-22,431837.41
2011-11-23,430588.82
2011-11-25,426858.5
2011-11-28,435301.65
2011-11-29,435960.1
2011-11-30,444455.82
2011-12-01,443155.07
2011-12-02,443656.89
2011-12-05,437131.06
2011-12-06,439383.23
2011-12-07,442575.98
2011-12-08,433635.85
2011-12-09,434748.95
2011-12-12,423232.4
2011-12-13,413988.63
2011-12-14,399466.88
2011-12-15,398008.65
2011-12-16,405590.68
2011-12-19,404655.05
2011-12-20,410173.18
2011-12-21,410648.55
2011-12-22,407727.11
2011-12-23,408437.63
2011-12-27,404784.46
2011-12-28,394650.88
2011-12-29,392852.72
2011-12-30,397169.16
2012-01-03,407443.64
2012-01-04,409513.04
2012-01-05,412314.19
2012-01-06,410803.6
2012-01-09,408979.37
2012-01-10,414576.84
2012-01-11,417273.66
2012-01-12,419134.27
2012-01-13,416212.43
2012-01-17,419458.19
2012-01-18,422338.14
2012-01-19,421350.21
2012-01-20,423576.88
2012-01-23,426430.85
2012-01-24,423430.49
2012-01-25,434961.71
2012-01-26,437188.65
2012-01-27,441637.27
2012-01-30,439185.82
2012-01-31,442536.8
2012-02-01,443195.69
2012-02-02,447095.7
2012-02-03,438188.04
2012-02-06,436991.05
2012-02-07,443583.44
2012-02-08,440452.19
2012-02-09,439202.91
2012-02-10,436908
2012-02-13,437880.56
2012-02-14,436866.46
2012-02-15,439454.56
2012-02-16,439177.64
2012-02-17,437483.84
2012-02-21,447083.28
2012-02-22,452108.08
2012-02-23,452322.78
2012-02-24,450265.68
2012-02-27,448883.01
2012-02-28,453568.21
2012-02-29,429511.07
2012-03-01,435592.24
2012-03-02,434891.7
2012-03-05,433093.07
2012-03-06,425385.6
2012-03-07,427822.35
2012-03-08,432141.66
2012-03-09,435022.78
2012-03-12,431603.22
2012-03-13,424365.9
2012-03-14,417232.99
2012-03-15,421186.37
2012-03-16,421766.79
2012-03-19,422530.27
2012-03-20,418717.82
2012-03-21,418932.16
2012-03-22,417263.78
2012-03-23,422401.75
2012-03-26,429904.3
2012-03-27,426876.2
2012-03-28,422357.46
2012-03-29,421761.19
2012-03-30,423963.05
2012-04-02,426112.67
2012-04-03,418141.7
2012-04-04,411138.15
2012-04-05,414019.95
2012-04-09,416797.2
2012-04-10,421326.77
2012-04-11,421240.41
2012-04-12,425521.68
2012-04-13,420688.47
2012-04-16,419673.64
2012-04-17,419181.87
2012-04-18,416676.17
2012-04-19,416995.15
2012-04-20,417287.99
2012-04-23,416063.81
2012-04-24,416670.52
2012-04-25,417512.64
2012-04-26,421205.87
2012-04-27,422126.55
2012-04-30,423439.6
2012-05-01,421979.99
2012-05-02,420075.65
2012-05-03,415843.17
2012-05-04,417156.22
2012-05-07,416141.15
2012-05-08,408089.23
2012-05-09,404091.83
2012-05-10,404881.6
2012-05-11,401721.2
2012-05-14,395892.34
2012-05-15,391737.63
2012-05-16,391009.94
2012-05-17,399752.69
2012-05-18,404335.93
2012-05-21,404602.52
2012-05-22,397883.75
2012-05-23,396685.15
2012-05-24,396140.61
2012-05-25,399468.24
2012-05-29,395129.97
2012-05-30,397463.43
2012-05-31,396709.55
2012-06-01,412099.29
2012-06-04,411633.39
2012-06-05,411167.48
2012-06-06,411355.7
2012-06-07,404269.77
2012-06-08,404876.57
2012-06-11,406530.05
2012-06-12,409411.85
2012-06-13,411145.49
2012-06-14,412799.11
2012-06-15,413039.7
2012-06-18,413280.3
2012-06-19,411270.4
2012-06-20,408161.36
2012-06-21,397816.45
2012-06-22,399456.95
2012-06-25,402392.89
2012-06-26,399414.43
2012-06-27,399968.93
2012-06-28,395315.44
2012-06-29,406155.16
2012-07-02,405898.45
2012-07-03,412106.15
2012-07-05,407452.59
2012-07-06,402301.63
2012-07-09,403170.28
2012-07-10,398228.52
2012-07-11,400431.99
2012-07-12,399389.97
2012-07-13,403451.86
2012-07-16,403640.04
2012-07-17,401708.08
2012-07-18,400613.67
2012-07-19,401482.39
2012-07-20,402246.42
2012-07-23,400576.1
2012-07-24,401863.67
2012-07-25,407496.59
2012-07-26,410381.07
2012-07-27,412401.77
2012-07-30,412118.89
2012-07-31,409663.23
2012-08-01,406134.21
2012-08-02,403495.17
2012-08-03,407217.54
2012-08-06,409185.99
2012-08-07,409138.66
2012-08-08,409667.29
2012-08-09,411007.52
2012-08-10,411510
2012-08-13,408399.55
2012-08-14,406153
2012-08-15,407467.07
2012-08-16,409906.98
2012-08-17,410330.94
2012-08-20,411749.84
2012-08-21,415865.59
2012-08-22,420348.01
2012-08-23,423887.94
2012-08-24,424102.63
2012-08-27,422510.62
2012-08-28,423248.98
2012-08-29,420504.79
2012-08-30,420326.67
2012-08-31,430020.41
2012-09-04,430706.52
2012-09-05,430266.66
2012-09-06,431790.76
2012-09-07,441092.31
2012-09-10,438086.24
2012-09-11,439689.05
2012-09-12,439746.84
2012-09-13,448629.94
2012-09-14,449918.68
2012-09-17,446257.82
2012-09-18,449720.24
2012-09-19,449778.15
2012-09-20,449076.56
2012-09-21,450365.39
2012-09-24,447987.63
2012-09-25,447259.81
2012-09-26,444750.99
2012-09-27,451382.81
2012-09-28,450209.75
2012-10-01,451276.06
2012-10-02,450770.86
2012-10-03,451588.37
2012-10-04,454737.05
2012-10-05,452149.53
2012-10-08,450662.08
2012-10-09,447891.09
2012-10-10,447503.69
2012-10-11,448766.52
2012-10-12,445471.52
2012-10-15,440997.66
2012-10-16,443805.98
2012-10-17,444125.79
2012-10-18,442164.2
2012-10-19,437404.28
2012-10-22,439007.65
2012-10-23,433369.71
2012-10-24,431893.59
2012-10-25,434937.04
2012-10-26,434706.61
2012-10-31,437069.79
2012-11-01,435084.08
2012-11-02,425998.44
2012-11-05,427654.22
2012-11-06,435702.73
2012-11-07,436205.88
2012-11-08,440141.27
2012-11-09,439701.27
2012-11-12,438737.26
2012-11-13,437825.61
2012-11-14,437935.81
2012-11-15,435190.01
2012-11-16,434645.12
2012-11-19,439864.74
2012-11-20,438612.42
2012-11-21,439063.27
2012-11-23,444440.36
2012-11-26,443974.16
2012-11-27,442092.93
2012-11-28,436438.24
2012-11-29,438098.96
2012-11-30,435138.73
2012-12-03,435345.08
2012-12-04,430877.92
2012-12-05,430097.05
2012-12-06,431098.17
2012-12-07,432846.21
2012-12-10,434515.68
2012-12-11,434127.91
2012-12-12,434447.75
2012-12-13,430783.99
2012-12-14,430160.29
2012-12-17,430978.05
2012-12-18,424798.06
2012-12-19,423781.13
2012-12-20,418649.29
2012-12-21,420227.03
2012-12-24,420992.29
2012-12-26,421416.84
2012-12-27,422418.03
2012-12-28,420798.14
2012-12-31,424683.65
2013-01-02,427702.18
2013-01-03,422543.66
2013-01-04,420556.72
2013-01-07,417914.41
2013-01-08,420881.62
2013-01-09,420703.31
2013-01-10,424614.32
2013-01-11,422207.86
2013-01-14,423471.34
2013-01-15,426145.2
2013-01-16,426391.62
2013-01-17,428231.93
2013-01-18,427555.6
2013-01-22,429081.38
2013-01-23,427880.71
2013-01-24,423193.21
2013-01-25,421179.71
2013-01-28,420241.07
2013-01-29,422081.47
2013-01-30,425232.81
2013-01-31,422642.44
2013-02-01,423303.1
2013-02-04,424750.34
2013-02-05,424650.69
2013-02-06,425783.35
2013-02-07,424346.5
2013-02-08,423643.78
2013-02-11,418745.77
2013-02-12,419249.11
2013-02-13,417051.7
2013-02-14,415216.08
2013-02-15,408435
2013-02-19,407312.48
2013-02-20,397116.98
2013-02-21,400216.14
2013-02-22,401138.87
2013-02-25,404736.41
2013-02-26,409671.44
2013-02-27,405349.52
2013-02-28,401237.29
2013-03-01,399773.64
2013-03-04,399411.41
2013-03-05,399626.13
2013-03-06,401860.22
2013-03-07,400448.96
2013-03-08,400506.34
2013-03-11,401245.61
2013-03-12,404397.78
2013-03-13,403012.71
2013-03-14,403070.12
2013-03-15,403917
2013-03-18,407538.84
2013-03-19,409379.85
2013-03-20,407522.63
2013-03-21,409825.32
2013-03-22,408004.79
2013-03-25,407196.69
2013-03-26,405837.73
2013-03-27,407521.47
2013-03-28,405191.94
2013-04-01,405721.55
2013-04-02,399850.7
2013-04-03,395396.22
2013-04-04,394246.87
2013-04-05,400862.29
2013-04-08,399162.09
2013-04-09,402262.5
2013-04-10,395473.01
2013-04-11,396264.88
2013-04-12,377643.6
2013-04-15,344488.02
2013-04-16,348401.23
2013-04-17,348589.16
2013-04-18,352345.11
2013-04-19,355419.01
2013-04-22,361798.73
2013-04-23,359127.08
2013-04-24,363040.49
2013-04-25,371598.47
2013-04-26,369713.96
2013-04-29,373365.53
2013-04-30,374603.31
2013-05-01,370252.37
2013-05-02,372382.25
2013-05-03,372832.89
2013-05-06,372994.91
2013-05-07,368355.1
2013-05-08,373817.52
2013-05-09,369492.49
2013-05-10,366321.94
2013-05-13,363256.27
2013-05-14,361633.78
2013-05-15,353293.44
2013-05-16,351880.73
2013-05-17,343959.94
2013-05-20,354592.36
2013-05-21,348718.34
2013-05-22,346255.78
2013-05-23,353267.04
2013-05-24,351040.67
2013-05-28,350336.39
2013-05-29,353857.45
2013-05-30,358769.57
2013-05-31,351477.86
2013-06-03,358279.73
2013-06-04,354924.69
2013-06-05,355690.19
2013-06-06,358345.45
2013-06-07,349819.7
2013-06-10,351556.3
2013-06-11,349749.56
2013-06-12,352378.63
2013-06-13,351044.32
2013-06-14,352859.77
2013-06-17,351131.7
2013-06-18,346831.2
2013-06-19,342793.08
2013-06-20,324448.85
2013-06-21,328259.08
2013-06-24,325323.09
2013-06-25,324119.57
2013-06-26,310499.35
2013-06-27,304360.39
2013-06-28,312685.87
2013-07-01,317992.59
2013-07-02,315161.27
2013-07-03,316976.57
2013-07-05,310023.47
2013-07-08,313755.23
2013-07-09,316673.23
2013-07-10,317543.5
2013-07-11,326185.01
2013-07-12,325900.22
2013-07-15,326035.5
2013-07-16,327903.62
2013-07-17,323785.56
2013-07-18,325601.19
2013-07-19,328493.36
2013-07-22,338291.02
2013-07-23,340579.51
2013-07-24,334728.39
2013-07-25,337857.13
2013-07-26,338150.12
2013-07-29,337340.29
2013-07-30,336425.4
2013-07-31,336009.4
2013-08-01,332468.57
2013-08-02,331816.18
2013-08-05,330087.13
2013-08-06,325548.23
2013-08-07,326024.92
2013-08-08,333145.54
2013-08-09,333149.64
2013-08-12,339115.03
2013-08-13,335468.85
2013-08-14,338781.97
2013-08-15,345850.66
2013-08-16,348192.27
2013-08-19,346699.58
2013-08-20,347859.42
2013-08-21,346865.69
2013-08-22,348813.48
2013-08-23,354306.96
2013-08-26,355755.86
2013-08-27,359174.66
2013-08-28,359074.01
2013-08-29,356872.14
2013-08-30,353593.32
2013-09-03,358325.55
2013-09-04,353707.08
2013-09-05,347249.83
2013-09-06,352376.17
2013-09-09,351750.09
2013-09-10,346054.34
2013-09-11,345953.52
2013-09-12,335371.65
2013-09-13,335769.81
2013-09-16,332175.09
2013-09-17,332310.52
2013-09-18,346789.16
2013-09-19,346110.41
2013-09-20,336158.25
2013-09-23,335085.29
2013-09-24,335378.39
2013-09-25,338351.17
2013-09-26,335728.17
2013-09-27,338832.38
2013-09-30,336761.05
2013-10-01,327333.36
2013-10-02,333826.78
2013-10-03,334146.16
2013-10-04,332442.5
2013-10-07,335362.98
2013-10-08,334736.53
2013-10-09,331351.24
2013-10-10,326520.76
2013-10-11,322136.83
2013-10-14,322745.13
2013-10-15,325113.92
2013-10-16,324618.67
2013-10-17,334817.91
2013-10-18,333324.25
2013-10-21,333669.96
2013-10-22,339875.52
2013-10-23,338171.65
2013-10-24,341355.45
2013-10-25,342831.23
2013-10-28,343098.24
2013-10-29,341026.42
2013-10-30,340583.87
2013-10-31,335700.05
2013-11-01,333628.06
2013-11-04,333264.24
2013-11-05,332611.33
2013-11-06,334297.4
2013-11-07,331568.26
2013-11-08,326628.78
2013-11-11,325557.87
2013-11-12,321829.79
2013-11-13,322885.06
2013-11-14,326621.2
2013-11-15,326756.63
2013-11-18,323028.39
2013-11-19,323163.78
2013-11-20,315729.34
2013-11-21,315260.1
2013-11-22,315211.41
2013-11-25,316634.69
2013-11-26,314956.31
2013-11-27,314013.9
2013-11-29,317277.24
2013-12-02,309079.78
2013-12-03,310082.47
2013-12-04,315343.71
2013-12-05,310983.88
2013-12-06,311644.9
2013-12-09,314724.43
2013-12-10,320248.86
2013-12-11,317729.09
2013-12-12,310976.72
2013-12-13,313846.08
2013-12-16,314664.92
2013-12-17,311934.63
2013-12-18,309204.28
2013-12-19,301872.99
2013-12-20,304821.3
2013-12-23,303852.27
2013-12-24,305249.46
2013-12-26,306935.9
2013-12-27,307938.78
2013-12-30,303393.95
2013-12-31,305317.07
2014-01-02,310263.95
2014-01-03,313659.64
2014-01-06,314215.67
2014-01-07,312431.53
2014-01-08,310594.75
2014-01-09,311492.6
2014-01-10,316229.56
2014-01-13,318231.91
2014-01-14,315264.4
2014-01-15,314663.47
2014-01-16,315009.19
2014-01-17,318010.9
2014-01-21,314780.27
2014-01-22,313442.97
2014-01-23,320284.24
2014-01-24,321603.09
2014-01-27,318109.36
2014-01-28,318086.97
2014-01-29,322088.34
2014-01-30,314991.47
2014-01-31,315836.94
2014-02-03,319075.72
2014-02-04,318211.74
2014-02-05,319004.67
2014-02-06,318877.09
2014-02-07,321327.04
2014-02-10,323303.61
2014-02-11,327095.07
2014-02-12,327283.21
2014-02-13,330075.31
2014-02-14,334445.66
2014-02-18,335107.35
2014-02-19,332139.17
2014-02-20,335641.67
2014-02-21,335593.19
2014-02-24,339306.26
2014-02-25,339889.14
2014-02-26,336999.75
2014-02-27,337240.65
2014-02-28,335719.06
2014-03-03,342746.93
2014-03-04,338515.81
2014-03-05,339072.41
2014-03-06,342443.9
2014-03-07,339606.91
2014-03-10,339716.31
2014-03-11,341640.98
2014-03-12,346643.78
2014-03-13,347831.94
2014-03-14,350177.73
2014-03-17,346340.87
2014-03-18,343661.54
2014-03-19,337009.33
2014-03-20,336408.34
2014-03-21,338017.43
2014-03-24,331996.36
2014-03-25,332605.61
2014-03-26,329978.54
2014-03-27,327825.01
2014-03-28,327750.11
2014-03-31,325254.44
2014-04-01,324679.56
2014-04-02,327130.69
2014-04-03,326082.17
2014-04-04,330427.97
2014-04-07,328695.3
2014-04-08,331804.46
2014-04-09,332413.79
2014-04-10,334233.63
2014-04-11,334027.21
2014-04-14,336452.38
2014-04-15,330245.9
2014-04-16,330381.55
2014-04-17,328306.58
2014-04-21,326968.44
2014-04-22,325761.86
2014-04-23,325713.23
2014-04-24,327822.69
2014-04-25,330116.43
2014-04-28,328672.96
2014-04-29,328624.36
2014-04-30,326943.96
2014-05-01,325842.55
2014-05-02,329162.89
2014-05-05,332220.11
2014-05-06,331592.5
2014-05-07,326832.47
2014-05-08,326836.49
2014-05-09,326656.26
2014-05-12,328871.32
2014-05-13,327980.41
2014-05-14,331169.49
2014-05-15,328435.97
2014-05-16,327729.28
2014-05-19,327943.9
2014-05-20,328237.5
2014-05-21,327451.81
2014-05-22,328192.93
2014-05-23,327775.77
2014-05-27,320777.28
2014-05-28,319070.06
2014-05-29,318389.51
2014-05-30,317050.79
2014-06-02,315132.85
2014-06-03,315952.86
2014-06-04,315298.57
2014-06-05,317671.93
2014-06-06,317544.2
2014-06-09,317653.41
2014-06-10,319605.63
2014-06-11,319662.22
2014-06-12,322904.64
2014-06-13,323751.15
2014-06-16,322333.33
2014-06-17,321968.67
2014-06-18,322999.52
2014-06-19,334246.73
2014-06-20,333092.27
2014-06-23,334017.97
2014-06-24,334364.39
2014-06-25,334394.84
2014-06-26,333714.31
2014-06-27,333534.09
2014-06-30,337172.15
2014-07-01,336280.96
2014-07-02,336285.1
2014-07-03,334867.2
2014-07-07,334502.64
2014-07-08,334638.43
2014-07-09,336670.33
2014-07-10,338517.95
2014-07-11,339154.17
2014-07-14,331099.54
2014-07-15,327969.6
2014-07-16,329132.44
2014-07-17,334719.66
2014-07-18,332195.66
2014-07-21,332752.84
2014-07-22,331176.66
2014-07-23,330864.67
2014-07-24,327523.75
2014-07-25,331323.21
2014-07-28,330771.53
2014-07-29,329774.7
2014-07-30,328804.18
2014-07-31,325015.24
2014-08-01,327626.95
2014-08-04,326603.69
2014-08-05,326291.61
2014-08-06,331037.09
2014-08-07,332384.59
2014-08-08,332415.02
2014-08-11,331813.23
2014-08-12,331896.34
2014-08-13,332453.63
2014-08-14,332747.5
2014-08-15,330572.97
2014-08-18,329199.24
2014-08-19,328465.65
2014-08-20,327257.83
2014-08-21,323731.62
2014-08-22,324552.31
2014-08-25,323370.75
2014-08-26,324981.83
2014-08-27,324906.53
2014-08-28,326702.36
2014-08-29,326337.52
2014-09-02,320518.79
2014-09-03,321840.11
2014-09-04,320078.76
2014-09-05,321610.89
2014-09-08,318110.49
2014-09-09,318483.28
2014-09-10,316879.9
2014-09-11,314807.45
2014-09-12,311933.92
2014-09-15,312622.86
2014-09-16,313127.36
2014-09-17,309731.95
2014-09-18,310368.19
2014-09-19,308553.76
2014-09-22,307925.11
2014-09-23,309905.31
2014-09-24,308459.73
2014-09-25,309359.52
2014-09-26,308493.68
2014-09-29,308418.41
2014-09-30,306261.19
2014-10-01,307740.79
2014-10-02,307665.51
2014-10-03,302055.73
2014-10-06,305801.87
2014-10-07,306675.36
2014-10-08,309604.89
2014-10-09,310056.49
2014-10-10,309928.52
2014-10-13,312383.5
2014-10-14,312571.85
2014-10-15,313629.99
2014-10-16,314240.07
2014-10-17,313637.7
2014-10-20,315776.58
2014-10-21,316360.36
2014-10-22,314571.84
2014-10-23,312414.25
2014-10-24,311969.98
2014-10-27,311209.38
2014-10-28,311318.65
2014-10-29,306867.54
2014-10-30,303655.28
2014-10-31,296989.62
2014-11-03,295648.83
2014-11-04,295837
2014-11-05,289434.61
2014-11-06,289675.44
2014-11-07,297825.14
2014-11-10,291211.63
2014-11-11,295380.66
2014-11-12,293960.64
2014-11-13,294412.45
2014-11-14,301798.13
2014-11-17,300694.52
2014-11-18,303334.74
2014-11-19,299726.4
2014-11-20,302841.25
2014-11-21,304242.38
2014-11-24,303507.86
2014-11-25,304223.5
2014-11-26,303647.16
2014-11-28,295608.84
2014-12-01,307398.86
2014-12-02,303605.64
2014-12-03,306747.21
2014-12-04,305564.39
2014-12-05,301744.64
2014-12-08,305308.22
2014-12-09,311667.07
2014-12-10,311064.39
2014-12-11,310356.22
2014-12-12,309621.66
2014-12-15,301661.43
2014-12-16,303141.94
2014-12-17,301352.39
2014-12-18,303676.83
2014-12-19,302678.42
2014-12-22,296827.43
2014-12-23,297332.17
2014-12-24,297414.94
2014-12-26,302851.56
2014-12-29,299795.91
2014-12-30,303834.86
2014-12-31,299565.92
2015-01-02,300888.35
2015-01-05,305428.58
2015-01-06,308913.91
2015-01-07,307097.78
2015-01-08,305809.12
2015-01-09,309294.58
2015-01-12,312727.37
2015-01-13,311676.14
2015-01-14,311178.8
2015-01-15,319016.83
2015-01-16,323188.5
2015-01-20,327624.05
2015-01-21,327707.21
2015-01-22,330349.15
2015-01-23,327715.28
2015-01-26,324448.22
2015-01-27,328171.8
2015-01-28,325590.56
2015-01-29,318577.3
2015-01-30,325677.72
2015-02-02,322964.44
2015-02-03,319354.13
2015-02-04,320756.3
2015-02-05,321314.28
2015-02-06,313007.7
2015-02-09,314409.84
2015-02-10,312566.88
2015-02-11,308877.02
2015-02-12,309593.18
2015-02-13,311285.59
2015-02-17,306091.65
2015-02-18,306966.12
2015-02-19,305914.48
2015-02-20,304176.8
2015-02-23,304576.33
2015-02-24,304131.51
2015-02-25,305296.26
2015-02-26,306276.33
2015-02-27,306517.58
2015-03-02,305254.75
2015-03-03,304704.36
2015-03-04,303758.13
2015-03-05,303471.6
2015-03-06,295189.24
2015-03-09,295483.15
2015-03-10,294035.36
2015-03-11,292270.86
2015-03-12,292195.29
2015-03-13,292621.13
2015-03-16,292439.99
2015-03-17,290860.12
2015-03-18,296564.25
2015-03-19,296356.77
2015-03-20,299738.6
2015-03-23,301642.54
2015-03-24,302385.25
2015-03-25,302811.26
2015-03-26,304794.48
2015-03-27,303689.7
2015-03-30,300235.82
2015-03-31,300001.96
2015-04-01,305126.22
2015-04-02,304285.33
2015-04-06,308010.82
2015-04-07,306483.66
2015-04-08,304798.09
2015-04-09,302690.13
2015-04-10,306114.86
2015-04-13,303938.24
2015-04-14,302094.17
2015-04-15,304711.25
2015-04-16,303659.08
2015-04-17,305167.51
2015-04-20,302848.19
2015-04-21,304594.24
2015-04-22,300506.11
2015-04-23,302700.97
2015-04-24,298454.32
2015-04-27,304477.23
2015-04-28,307121.03
2015-04-29,304959.94
2015-04-30,299577.85
2015-05-01,298551.88
2015-05-04,301248.54
2015-05-05,302097.11
2015-05-06,301942.41
2015-05-07,299464.27
2015-05-08,300920.12
2015-05-11,299762.07
2015-05-12,302326.93
2015-05-13,307743.48
2015-05-14,309410.75
2015-05-15,310338.72
2015-05-18,310316.13
2015-05-19,306015.87
2015-05-20,306521.35
2015-05-21,305495.28
2015-05-22,305261.38
2015-05-26,300802.41
2015-05-27,300753.29
2015-05-28,301100.29
2015-05-29,301315.25
2015-06-01,301054.88
2015-06-02,302273.37
2015-06-03,300111.57
2015-06-04,298002.55
2015-06-05,296421.66
2015-06-08,297296.82
2015-06-09,297960.73
2015-06-10,300499.78
2015-06-11,299130.12
2015-06-12,299054.57
2015-06-15,300378.81
2015-06-16,299299.63
2015-06-17,300703.15
2015-06-18,304589.44
2015-06-19,304064.94
2015-06-22,300159.57
2015-06-23,298182.28
2015-06-24,297393.54
2015-06-25,297000.99
2015-06-26,297321.61
2015-06-29,298672.41
2015-06-30,296827.05
2015-07-01,295800.51
2015-07-02,295223.01
2015-07-06,296019.11
2015-07-07,292588.66
2015-07-08,293464
2015-07-09,294180.86
2015-07-10,294527.9
2015-07-13,293210.65
2015-07-14,292553.82
2015-07-15,291025.17
2015-07-16,289972.01
2015-07-17,287043.1
2015-07-20,279253.01
2015-07-21,278384.6
2015-07-22,276882.1
2015-07-23,275643.77
2015-07-24,278342.04
2015-07-27,277050.85
2015-07-28,277476.99
2015-07-29,277876.72
2015-07-30,275502.19
2015-07-31,277249.43
2015-08-03,275059.79
2015-08-04,275618.05
2015-08-05,274617.37
2015-08-06,275836.22
2015-08-07,276526.63
2015-08-10,279357.39
2015-08-11,280787.74
2015-08-12,284728.46
2015-08-13,282380.14
2015-08-14,282357.19
2015-08-17,283100.58
2015-08-18,283051.21
2015-08-19,286860.07
2015-08-20,291858.21
2015-08-21,293685.25
2015-08-24,292103.24
2015-08-25,288486.26
2015-08-26,284552.06
2015-08-27,284714.13
2015-08-28,287281.2
2015-08-31,287601.88
2015-09-01,288609.72
2015-09-02,287080.36
2015-09-03,285022.37
2015-09-04,284100.82
2015-09-08,284183.61
2015-09-09,280513.23
2015-09-10,281177.46
2015-09-11,280599.43
2015-09-14,280761.47
2015-09-15,279919.1
2015-09-16,283649.51
2015-09-17,286560.6
2015-09-18,288678.76
2015-09-21,286884.85
2015-09-22,284932.28
2015-09-23,286072.45
2015-09-24,292076.57
2015-09-25,290282.6
2015-09-28,286611.71
2015-09-29,285452.08
2015-09-30,282494.8
2015-10-01,282154.61
2015-10-02,288132.68
2015-10-05,287554.62
2015-10-06,290439.79
2015-10-07,290020.36
2015-10-08,288543.42
2015-10-09,293120.73
2015-10-12,294287.62
2015-10-13,295745.36
2015-10-14,300904.58
2015-10-15,299533.45
2015-10-16,297421.97
2015-10-19,296182.95
2015-10-20,298063.85
2015-10-21,295423.47
2015-10-22,295321.34
2015-10-23,294822.59
2015-10-26,294641.12
2015-10-27,295305.79
2015-10-28,292929.63
2015-10-29,290130.34
2015-10-30,289023.31
2015-11-02,287149.4
2015-11-03,282895.54
2015-11-04,280228.2
2015-11-05,279358.99
2015-11-06,275289.98
2015-11-09,276086.71
2015-11-10,275508.32
2015-11-11,274586.12
2015-11-12,274642.39
2015-11-13,273878.83
2015-11-16,274278.89
2015-11-17,270659.07
2015-11-18,270900.42
2015-11-19,273892.31
2015-11-20,272652.63
2015-11-23,270460.8
2015-11-24,272262.62
2015-11-25,270996.43
2015-11-27,267799.44
2015-11-30,269574.83
2015-12-01,270530.34
2015-12-02,266328.12
2015-12-03,269161.58
2015-12-04,275142.73
2015-12-07,271575.24
2015-12-08,272028.25
2015-12-09,271502.57
2015-12-10,271267.84
2015-12-11,272752.5
2015-12-14,269264.12
2015-12-15,268553.2
2015-12-16,271810.25
2015-12-17,265861.55
2015-12-18,269938.72
2015-12-21,272878.45
2015-12-22,271453.27
2015-12-23,270662.96
2015-12-24,272623.97
2015-12-28,270563.8
2015-12-29,270381.93
2015-12-30,268321.68
2015-12-31,268430.81
2016-01-04,272217.43
2016-01-05,272988.04
2016-01-06,276933.56
2016-01-07,280852.72
2016-01-08,279612.64
2016-01-11,277128.99
2016-01-12,275730.08
2016-01-13,277082.89
2016-01-14,272588.2
2016-01-15,275396.28
2016-01-19,275135.07
2016-01-20,278816.45
2016-01-21,279137.41
2016-01-22,277844.25
2016-01-25,280705.49
2016-01-26,283910.81
2016-01-27,284972.78
2016-01-28,281933.12
2016-01-29,283019.44
2016-02-01,285935.97
2016-02-02,286045.34
2016-02-03,289118.64
2016-02-04,292615.44
2016-02-05,297250.28
2016-02-08,301250.09
2016-02-09,300592.17
2016-02-10,302924.81
2016-02-11,315100.58
2016-02-12,313253.96
2016-02-16,303756.45
2016-02-17,305639.31
2016-02-18,313080.26
2016-02-19,311204.94
2016-02-22,305677.06
2016-02-23,310259.76
2016-02-24,311295.83
2016-02-25,312120.18
2016-02-26,309980.05
2016-02-29,314033.64
2016-03-01,311734.66
2016-03-02,314147.25
2016-03-03,319577.48
2016-03-04,319078.48
2016-03-07,320670.65
2016-03-08,319192.21
2016-03-09,316549
2016-03-10,321635.46
2016-03-11,316106.76
2016-03-14,312033.9
2016-03-15,312276
2016-03-16,319242.25
2016-03-17,318028.4
2016-03-18,317158.68
2016-03-21,314938.76
2016-03-22,315869.24
2016-03-23,308724.97
2016-03-24,307987.46
2016-03-28,308706.09
2016-03-29,314428.63
2016-03-30,310037.48
2016-03-31,311471.02
2016-04-01,309595.01
2016-04-04,307533.61
2016-04-05,311535.47
2016-04-06,309632.91
2016-04-07,314058.53
2016-04-08,313585.79
2016-04-11,317826.22
2016-04-12,317883.09
2016-04-13,314497.66
2016-04-14,310105.92
2016-04-15,312254.6
2016-04-18,311781.8
2016-04-19,316658.06
2016-04-20,315046.62
2016-04-21,316242.15
2016-04-22,312194.37
2016-04-25,313098.59
2016-04-26,314347.1
2016-04-27,315251.38
2016-04-28,321213.89
2016-04-29,327467.86
2016-05-02,326386.06
2016-05-03,325648.53
2016-05-04,323666.23
2016-05-05,323299.43
2016-05-06,326243.22
2016-05-09,319546.5
2016-05-10,320424.45
2016-05-11,323447.77
2016-05-12,320909.09
2016-05-13,322369.78
2016-05-16,322612.13
2016-05-17,323728.56
2016-05-18,318117.22
2016-05-19,317511.91
2016-05-20,317092.01
2016-05-23,316195.31
2016-05-24,310716.04
2016-05-25,309872.22
2016-05-26,308816.45
2016-05-27,306277.25
2016-05-31,307446.57
2016-06-01,307132.47
2016-06-02,306421
2016-06-03,314928.37
2016-06-06,315038.21
2016-06-07,314777.17
2016-06-08,319443.62
2016-06-09,321222.53
2016-06-10,322524.62
2016-06-13,324912.95
2016-06-14,325261.36
2016-06-15,327676.27
2016-06-16,324236.1
2016-06-17,328399.68
2016-06-20,326443.13
2016-06-21,320167.86
2016-06-22,320330.77
2016-06-23,318241.56
2016-06-24,333878.03
2016-06-27,335657.38
2016-06-28,332057.98
2016-06-29,333439.9
2016-06-30,335113.32
2016-07-01,340257.95
2016-07-05,343070.9
2016-07-06,345088.98
2016-07-07,343794.8
2016-07-08,345865.93
2016-07-11,342610.8
2016-07-12,336944.14
2016-07-13,340048.76
2016-07-14,337429.44
2016-07-15,336135.07
2016-07-18,336669.22
2016-07-19,337123.88
2016-07-20,332304.77
2016-07-21,337370.69
2016-07-22,334857.14
2016-07-25,332529.06
2016-07-26,333937.79
2016-07-27,339322.01
2016-07-28,338345.56
2016-07-29,341848.2
2016-08-01,342488.5
2016-08-02,345275.67
2016-08-03,343636.63
2016-08-04,344223.96
2016-08-05,338078.97
2016-08-08,337791.57
2016-08-09,339174.04
2016-08-10,340768.58
2016-08-11,338413.69
2016-08-12,337702.17
2016-08-15,338872.64
2016-08-16,340546.78
2016-08-17,340630.5
2016-08-18,342251.69
2016-08-19,339233.93
2016-08-22,338734.43
2016-08-23,338685.58
2016-08-24,334925.39
2016-08-25,334637.91
2016-08-26,334164.84
2016-08-29,334831.71
2016-08-30,331468.96
2016-08-31,330810.26
2016-09-01,332166.41
2016-09-02,335564.01
2016-09-06,341241.73
2016-09-07,340079.38
2016-09-08,338280.7
2016-09-09,336057.76
2016-09-12,335637.68
2016-09-13,333414.65
2016-09-14,334558.86
2016-09-15,332415.3
2016-09-16,331597.44
2016-09-19,332290.91
2016-09-20,332613.18
2016-09-21,337469.65
2016-09-22,338269.28
2016-09-23,338485.57
2016-09-26,338224.57
2016-09-27,335762.65
2016-09-28,334706.08
2016-09-29,334312.44
2016-09-30,333176.28
2016-10-03,332331.79
2016-10-04,320800.26
2016-10-05,320300.35
2016-10-06,317334.12
2016-10-07,317550.18
2016-10-10,318667.93
2016-10-11,317054.11
2016-10-12,317561.9
2016-10-13,318334.92
2016-10-14,316561.91
2016-10-17,317414.49
2016-10-18,319381.02
2016-10-19,321214.99
2016-10-20,320237.6
2016-10-21,320480.25
2016-10-24,319768.06
2016-10-25,322185.64
2016-10-26,320385.98
2016-10-27,320973.45
2016-10-28,322489.3
2016-10-31,323448.16
2016-11-01,325547.63
2016-11-02,327965.46
2016-11-03,329720.2
2016-11-04,329962.99
2016-11-07,324025.11
2016-11-08,322676.23
2016-11-09,322467.98
2016-11-10,317670.48
2016-11-11,310644.52
2016-11-14,308022.05
2016-11-15,310705.22
2016-11-16,309780.53
2016-11-17,308192.6
2016-11-18,305490.38
2016-11-21,306634.92
2016-11-22,306532.57
2016-11-23,300460.88
2016-11-25,298766.6
2016-11-28,301927.48
2016-11-29,300525.03
2016-11-30,296495.9
2016-12-01,295942.37
2016-12-02,297537.96
2016-12-05,295949.66
2016-12-06,295661.43
2016-12-07,296726.41
2016-12-08,296040.18
2016-12-09,292939.34
2016-12-12,294057.39
2016-12-13,293079.22
2016-12-14,288784.15
2016-12-15,284833.94
2016-12-16,286721.48
2016-12-19,288157.95
2016-12-20,286038.59
2016-12-21,286201.32
2016-12-22,285514.88
2016-12-23,286420.66
2016-12-27,288096.06
2016-12-28,288895.74
2016-12-29,292694.27
2016-12-30,290893.25
2017-01-03,293179.17
2017-01-04,294217.81
2017-01-05,298786.24
2017-01-06,296587.1
2017-01-09,299032.45
2017-01-10,300310.08
2017-01-11,301242.7
2017-01-12,302334.6
2017-01-13,303134.56
2017-01-17,307491.16
2017-01-18,304893.8
2017-01-19,304632.13
2017-01-20,305379.08
2017-01-23,307347.03
2017-01-24,305970.55
2017-01-25,303452.65
2017-01-26,300642.7
2017-01-27,301256.92
2017-01-30,302534.78
2017-01-31,306732.63
2017-02-01,305807.31
2017-02-02,307510.01
2017-02-03,308283.62
2017-02-06,312455.21
2017-02-07,311821.93
2017-02-08,313763.7
2017-02-09,311378.29
2017-02-10,312205.1
2017-02-13,310085.1
2017-02-14,310434.04
2017-02-15,311818.4
2017-02-16,313494.82
2017-02-17,312436.7
2017-02-21,312626.39
2017-02-22,313055.04
2017-02-23,315793.58
2017-02-24,317815.31
2017-02-27,316279.26
2017-02-28,316575.22
2017-03-01,316127.73
2017-03-02,312201.93
2017-03-03,312019.91
2017-03-06,309926.09
2017-03-07,307433.92
2017-03-08,305525.87
2017-03-09,303962.96
2017-03-10,304630.55
2017-03-13,304687.41
2017-03-14,303044.77
2017-03-15,308704.7
2017-03-16,309983.15
2017-03-17,310677.4
2017-03-20,312206.86
2017-03-21,314801.26
2017-03-22,315575.27
2017-03-23,315154.25
2017-03-24,315662.71
2017-03-27,317445.95
2017-03-28,316148.52
2017-03-29,316922.59
2017-03-30,314642.46
2017-03-31,315310.3
2017-04-03,316987.41
2017-04-04,317708.41
2017-04-05,317712.32
2017-04-06,316547.58
2017-04-07,317295.17
2017-04-10,317299.07
2017-04-11,321898.05
2017-04-12,324106.61
2017-04-13,325651.18
2017-04-17,324698.95
2017-04-18,326243.56
2017-04-19,323352.24
2017-04-20,323967.17
2017-04-21,324900.87
2017-04-24,322700.08
2017-04-25,319436.67
2017-04-26,321007.9
2017-04-27,319816.44
2017-04-28,320829.84
2017-05-01,317911.6
2017-05-02,317862.38
2017-05-03,313429.76
2017-05-04,310272.22
2017-05-05,310860.51
2017-05-08,310173.59
2017-05-09,308317.69
2017-05-10,308294.92
2017-05-11,309520.84
2017-05-12,310401.4
2017-05-15,311228.85
2017-05-16,312587.69
2017-05-17,318277.36
2017-05-18,315677.46
2017-05-19,317248.97
2017-05-22,318581.38
2017-05-23,316565.94
2017-05-24,317818.67
2017-05-25,317477.15
2017-05-26,320297.64
2017-05-30,319238.71
2017-05-31,320518.1
2017-06-01,320787.77
2017-06-02,323156.7
2017-06-05,323479.55
2017-06-06,327124.11
2017-06-07,325400.83
2017-06-08,323278.9
2017-06-09,320333.11
2017-06-12,319858.7
2017-06-13,320181.54
2017-06-14,318431.49
2017-06-15,317106.62
2017-06-16,317163.67
2017-06-19,314749.11
2017-06-20,314088.57
2017-06-21,314996.05
2017-06-22,316063.03
2017-06-23,317422.38
2017-06-26,314582.43
2017-06-27,315782.33
2017-06-28,316025.42
2017-06-29,314487.72
2017-06-30,313694.21
2017-07-03,308568.17
2017-07-05,309714.91
2017-07-06,309585.82
2017-07-07,306426.52
2017-07-10,306935.33
2017-07-11,307337.83
2017-07-12,308431.46
2017-07-13,307877.03
2017-07-14,310406.14
2017-07-17,311792.26
2017-07-18,313975.91
2017-07-19,313900.02
2017-07-20,314329.22
2017-07-21,317044.65
2017-07-24,317181.47
2017-07-25,316148.58
2017-07-26,318704.62
2017-07-27,318469.28
2017-07-28,320865.9
2017-07-31,321029.36
2017-08-01,320767.45
2017-08-02,320106.73
2017-08-03,320615.82
2017-08-04,318120.56
2017-08-07,317752.25
2017-08-08,318686.73
2017-08-09,322545.95
2017-08-10,324942.89
2017-08-11,326489.04
2017-08-14,324179.8
2017-08-15,321684.37
2017-08-16,324054.82
2017-08-17,325707.4
2017-08-18,325206.19
2017-08-21,326433.37
2017-08-22,324974.87
2017-08-23,326202.08
2017-08-24,325195.6
2017-08-25,326396.25
2017-08-28,331585.8
2017-08-29,330871.87
2017-08-30,330716.38
2017-08-31,334603.1
2017-09-01,335245.47
2017-09-05,338972.77
2017-09-06,337248.3
2017-09-07,340762.96
2017-09-08,340341.63
2017-09-11,335611.83
2017-09-12,336600
2017-09-13,334077.51
2017-09-14,335544.42
2017-09-15,333872.96
2017-09-18,330765.21
2017-09-19,331460.81
2017-09-20,328805.11
2017-09-21,326308.94
2017-09-22,327802.47
2017-09-25,331237.73
2017-09-26,327544.54
2017-09-27,324463.04
2017-09-28,325078.83
2017-09-29,323407.03
2017-10-02,321256.38
2017-10-03,321419.93
2017-10-04,322328.32
2017-10-05,320603.2
2017-10-06,322123.44
2017-10-09,324761
2017-10-10,325616.27
2017-10-11,326657.77
2017-10-12,326927.82
2017-10-13,329405.95
2017-10-16,327148.7
2017-10-17,324917.99
2017-10-18,323698.19
2017-10-19,325617.7
2017-10-20,323546.52
2017-10-23,324056
2017-10-24,322809.53
2017-10-25,322866.71
2017-10-26,320156.85
2017-10-27,321677.36
2017-10-30,322293.27
2017-10-31,321073.31
2017-11-01,322247.99
2017-11-02,322464.82
2017-11-03,320952.12
2017-11-06,323696.74
2017-11-07,322529.93
2017-11-08,323651.49
2017-11-09,324985.95
2017-11-10,322328.96
2017-11-13,322811.91
2017-11-14,323481.14
2017-11-15,323085.96
2017-11-16,323063.32
2017-11-17,326952.57
2017-11-20,322831.76
2017-11-21,323367.98
2017-11-22,326352.55
2017-11-24,325531.57
2017-11-27,326892.84
2017-11-28,326843.64
2017-11-29,324798.4
2017-11-30,322300.67
2017-12-01,323608.74
2017-12-04,322521.52
2017-12-05,320236.59
2017-12-06,319575.14
2017-12-07,315373.79
2017-12-08,315351.05
2017-12-11,314103.96
2017-12-12,314480.46
2017-12-13,317199.27
2017-12-14,316564.35
2017-12-15,317233.69
2017-12-18,318701.58
2017-12-19,318945.07
2017-12-20,319800.79
2017-12-21,320257.25
2017-12-22,321938.2
2017-12-26,324151.6
2017-12-27,325380.1
2017-12-28,327034.56
2017-12-29,329168.24
2018-01-02,333165.43
2018-01-03,332291.03
2018-01-04,333998.9
2018-01-05,333656.92
2018-01-08,333607.78
2018-01-09,332067.78
2018-01-10,332870.55
2018-01-11,333966.2
2018-01-12,338017.09
2018-01-16,338580.35
2018-01-17,335842.22
2018-01-18,335100.86
2018-01-19,336595.98
2018-01-22,337212.5
2018-01-23,338894.06
2018-01-24,343025.24
2018-01-25,340739.6
2018-01-26,341010.06
2018-01-29,339097.12
2018-01-30,337636.8
2018-01-31,339904.29
2018-02-01,341026.84
2018-02-02,336557.51
2018-02-05,337413.76
2018-02-06,333876.28
2018-02-07,332309.26
2018-02-08,332819.31
2018-02-09,332264.18
2018-02-12,333866.07
2018-02-13,335760.94
2018-02-14,341490.69
2018-02-15,341894.36
2018-02-16,340780.05
2018-02-20,336203.58
2018-02-21,334663.05
2018-02-22,336371.64
2018-02-23,335949.66
2018-02-26,336779.41
2018-02-27,333267.95
2018-02-28,332925.81
2018-03-01,332184.15
2018-03-02,333972.74
2018-03-05,333417.52
2018-03-06,337017.35
2018-03-07,334864.03
2018-03-08,334069.08
2018-03-09,334392.82
2018-03-12,334396.94
2018-03-13,335040.33
2018-03-14,334831.36
2018-03-15,332704.49
2018-03-16,331909.45
2018-03-19,332632.76
2018-03-20,331145.11
2018-03-21,336929.77
2018-03-22,335601.96
2018-03-23,339948.3
2018-03-26,341737.34
2018-03-27,339636.98
2018-03-28,334952.47
2018-03-29,335116.44
2018-04-02,339036.78
2018-04-03,336483.39
2018-04-04,336887.15
2018-04-05,335159.57
2018-04-06,336735.58
2018-04-09,337885.36
2018-04-10,338688.8
2018-04-11,341330.65
2018-04-12,337364.96
2018-04-13,339580.55
2018-04-16,340064.32
2018-04-17,340388.24
2018-04-18,340658.88
2018-04-19,339996.94
2018-04-20,337416.5
2018-04-23,334729.42
2018-04-24,336358.96
2018-04-25,334178.08
2018-04-26,333009.73
2018-04-27,334426.13
2018-04-30,332005.32
2018-05-01,329664.39
2018-05-02,329508.56
2018-05-03,331191.47
2018-05-04,331888.41
2018-05-07,331972.44
2018-05-08,332029.83
2018-05-09,331341.02
2018-05-10,333610.35
2018-05-11,333134.75
2018-05-14,331779.66
2018-05-15,326426.86
2018-05-16,325924.5
2018-05-17,326115.07
2018-05-18,326252.35
2018-05-21,326442.93
2018-05-22,326260.37
2018-05-23,326610.88
2018-05-24,329413.5
2018-05-25,328404.71
2018-05-29,328355.45
2018-05-30,328839.26
2018-05-31,328123.63
2018-06-01,326501.71
2018-06-04,326185.86
2018-06-05,327469.35
2018-06-06,327659.97
2018-06-07,327504.06
2018-06-08,327907.94
2018-06-11,328498.43
2018-06-12,327409.52
2018-06-13,328399.88
2018-06-14,328910.42
2018-06-15,323476.17
2018-06-18,322867
2018-06-19,322044.54
2018-06-20,320608.9
2018-06-21,320052.99
2018-06-22,320830.07
2018-06-25,319634.3
2018-06-26,317958.61
2018-06-27,316149.58
2018-06-28,315193.66
2018-06-29,316343.99
2018-07-02,313175.11
2018-07-03,316351.77
2018-07-05,317422.17
2018-07-06,316919.48
2018-07-09,317696.61
2018-07-10,317113.92
2018-07-11,313678.18
2018-07-12,314988.58
2018-07-13,313605.9
2018-07-16,313449.77
2018-07-17,310067.14
2018-07-18,310150.95
2018-07-19,308821.47
2018-07-20,310825.24
2018-07-23,309335.74
2018-07-24,309446.21
2018-07-25,311156.72
2018-07-26,308733.8
2018-07-27,308897.6
2018-07-30,308421.38
2018-07-31,309331.9
2018-08-01,307068.85
2018-08-02,305419.14
2018-08-03,306489.68
2018-08-06,304919.93
2018-08-07,305617.11
2018-08-08,306474.32
2018-08-09,306024.69
2018-08-10,305895.1
2018-08-13,301284.69
2018-08-14,301581.79
2018-08-15,296571.14
2018-08-16,296334.74
2018-08-17,299085.68
2018-08-20,300583.05
2018-08-21,301466.97
2018-08-22,302137.53
2018-08-23,299287.12
2018-08-24,304518.99
2018-08-27,305669.75
2018-08-28,303246.07
2018-08-29,304636.93
2018-08-30,303146.83
2018-08-31,302803.77
2018-09-04,301260.27
2018-09-05,302304.36
2018-09-06,302894.98
2018-09-07,302071.71
2018-09-10,301862
2018-09-11,302052.46
2018-09-12,304590.62
2018-09-13,303500.54
2018-09-14,301530.03
2018-09-17,303107.82
2018-09-18,302657.99
2018-09-19,303835.64
2018-09-20,304879.91
2018-09-21,302802.56
2018-09-24,302752.93
2018-09-25,303236.92
2018-09-26,301639.75
2018-09-27,298975.26
2018-09-28,300873.38
2018-10-01,300370.11
2018-10-02,303842.59
2018-10-03,302645.58
2018-10-04,302809.41
2018-10-05,303667.02
2018-10-08,300308.54
2018-10-09,300472.34
2018-10-10,301223.21
2018-10-11,308965.64
2018-10-12,307501.74
2018-10-15,309560.34
2018-10-16,309030.42
2018-10-17,309007.53
2018-10-18,309358.26
2018-10-19,309602.26
2018-10-22,308805.44
2018-10-23,310624.01
2018-10-24,311348.41
2018-10-25,310658.34
2018-10-26,311649.65
2018-10-29,310425.78
2018-10-30,309068.44
2018-10-31,307337.4
2018-11-01,311291.33
2018-11-02,311348.54
2018-11-05,310605.02
2018-11-06,309728.04
2018-11-07,309705.15
2018-11-08,309041.67
2018-11-09,305575.49
2018-11-12,303390.47
2018-11-13,303500.97
2018-11-14,306013.86
2018-11-15,306364.64
2018-11-16,308637.38
2018-11-19,308774.65
2018-11-20,308778.45
2018-11-21,309289.44
2018-11-23,309052.99
2018-11-26,308709.75
2018-11-27,306871.54
2018-11-28,308023.25
2018-11-29,308988.11
2018-11-30,308457.98
2018-12-03,310784.42
2018-12-04,312683.76
2018-12-06,312741
2018-12-07,315281.16
2018-12-10,314190.41
2018-12-11,313820.49
2018-12-12,314491.83
2018-12-13,313801.51
2018-12-14,312550.48
2018-12-17,314717.03
2018-12-18,315468.51
2018-12-19,313549.95
2018-12-20,318386.68
2018-12-21,317002.13
2018-12-24,320477.25
2018-12-26,319519.92
2018-12-27,321953.76
2018-12-28,323266.15
2018-12-31,323777.48
2019-01-02,323995.09
2019-01-03,326936.48
2019-01-04,324296.81
2019-01-07,325422.38
2019-01-08,324545.13
2019-01-09,326632.11
2019-01-10,324713.34
2019-01-11,325278.16
2019-01-14,326056.63
2019-01-15,325499.81
2019-01-16,326545.37
2019-01-17,326122.08
2019-01-18,323215
2019-01-22,324367.4
2019-01-23,323917.36
2019-01-24,323413.89
2019-01-25,328145.28
2019-01-28,329297.8
2019-01-29,331144.78
2019-01-30,333045.23
2019-01-31,333209.59
2019-02-01,332545.93
2019-02-04,331107.66
2019-02-05,331966.48
2019-02-06,329726.82
2019-02-07,330532.22
2019-02-08,331791.75
2019-02-11,330166.39
2019-02-12,330864.97
2019-02-13,329560.11
2019-02-14,331407.38
2019-02-15,333388.25
2019-02-19,338467.97
2019-02-20,337884.43
2019-02-21,334068.42
2019-02-22,335274.69
2019-02-25,334931.52
2019-02-26,335496.66
2019-02-27,333123.09
2019-02-28,331257.06
2019-03-01,325623.96
2019-03-04,324773.03
2019-03-05,325204.5
2019-03-06,324914.61
2019-03-07,324651.43
2019-03-08,328208.93
2019-03-11,326609.86
2019-03-12,328591.07
2019-03-13,330892.95
2019-03-14,327076.15
2019-03-15,328576.47
2019-03-18,328767.56
2019-03-19,329680.09
2019-03-20,331821.81
2019-03-21,330489.84
2019-03-22,331268.82
2019-03-25,333811.46
2019-03-26,332158.8
2019-03-27,330425.93
2019-03-28,325753.53
2019-03-29,326051.49
2019-04-01,324772.78
2019-04-02,325979.34
2019-04-03,325502.32
2019-04-04,326334.78
2019-04-05,325991.37
2019-04-08,327411.8
2019-04-09,329126.25
2019-04-10,330145.87
2019-04-11,325927.23
2019-04-12,325610.53
2019-04-15,324999.82
2019-04-16,322090.58
2019-04-17,321479.81
2019-04-18,321724.32
2019-04-22,321728.28
2019-04-23,321064.03
2019-04-24,322003.48
2019-04-25,322274.73
2019-04-26,324417.03
2019-04-29,322977.63
2019-04-30,323970.61
2019-05-01,321836.17
2019-05-02,320610.52
2019-05-03,322512.36
2019-05-06,322944.03
2019-05-07,324017.27
2019-05-08,323219.29
2019-05-09,323998.5
2019-05-10,324617.34
2019-05-13,327936.21
2019-05-14,327378.85
2019-05-15,327195.74
2019-05-16,324847.18
2019-05-17,322552.04
2019-05-20,322529.27
2019-05-21,321784.66
2019-05-22,321467.8
2019-05-23,323958.16
2019-05-24,324309.71
2019-05-28,323057.1
2019-05-29,323168.02
2019-05-30,325364.41
2019-05-31,329753.31
2019-06-03,334516.64
2019-06-04,334627.7
2019-06-05,335487.44
2019-06-06,336587.84
2019-06-07,338490.44
2019-06-10,335125.47
2019-06-11,334728.5
2019-06-12,336470.71
2019-06-13,338533.84
2019-06-14,338431.04
2019-06-17,338221.27
2019-06-18,339936.87
2019-06-19,342000.14
2019-06-20,350615.18
2019-06-21,352946.06
2019-06-24,358191.91
2019-06-25,358891.62
2019-06-26,355606.64
2019-06-27,355263.35
2019-06-28,356230.5
2019-07-01,349334.92
2019-07-02,356800.9
2019-07-03,357393.67
2019-07-05,353413.06
2019-07-08,351144.05
2019-07-09,352378.67
2019-07-10,357946.18
2019-07-11,354928.24
2019-07-12,357152.58
2019-07-15,357156.98
2019-07-16,354138.92
2019-07-17,359974.27
2019-07-18,365060.81
2019-07-19,359688.89
2019-07-22,359639.82
2019-07-23,357611.32
2019-07-24,359434.68
2019-07-25,356897.88
2019-07-26,357490.77
2019-07-29,359875.95
2019-07-30,361084.15
2019-07-31,356353.68
2019-08-01,364918.47
2019-08-02,363531.87
2019-08-05,368619.21
2019-08-06,371620
2019-08-07,377269.36
2019-08-08,379173.46
2019-08-09,377920.72
2019-08-12,381590.61
2019-08-13,379321.22
2019-08-14,381921.05
2019-08-15,384467.42
2019-08-16,382010.71
2019-08-19,377547.29
2019-08-20,380495.04
2019-08-21,379295.71
2019-08-22,378337.15
2019-08-23,385753.36
2019-08-26,385811.62
2019-08-27,389508.85
2019-08-28,388416.59
2019-08-29,385638.55
2019-08-30,384653.25
2019-09-03,390009.67
2019-09-04,392449.52
2019-09-05,383035.14
2019-09-06,379775.19
2019-09-09,378361.59
2019-09-10,375128.27
2019-09-11,377407.53
2019-09-12,378188.23
2019-09-13,375061.83
2019-09-16,378197.54
2019-09-17,378951.52
2019-09-18,376574.35
2019-09-19,378104.44
2019-09-20,382578.48
2019-09-23,384724.23
2019-09-24,386762.99
2019-09-25,379595.06
2019-09-26,379492.67
2019-09-27,377543.54
2019-09-30,371686.7
2019-10-01,373725.42
2019-10-02,378092.78
2019-10-03,379810.44
2019-10-04,379815.11
2019-10-07,376581.05
2019-10-08,379877.99
2019-10-09,380230.63
2019-10-10,376916.16
2019-10-11,374832.91
2019-10-14,376336.53
2019-10-15,373717.86
2019-10-16,375863.95
2019-10-17,376403.96
2019-10-18,376007.05
2019-10-21,374218.11
2019-10-22,375320.28
2019-10-23,376208.32
2019-10-24,378890.01
2019-10-25,379778.12
2019-10-28,376516.69
2019-10-29,375477.22
2019-10-30,377543.29
2019-10-31,381322.83
2019-11-01,381675.56
2019-11-04,380582.57
2019-11-05,374429.39
2019-11-06,376040.41
2019-11-07,370208.31
2019-11-08,367856.73
2019-11-11,366977.69
2019-11-12,367972.88
2019-11-13,369450.05
2019-11-14,371007.58
2019-11-15,370074.98
2019-11-18,371177.36
2019-11-19,371369.37
2019-11-20,371561.37
2019-11-21,369530.87
2019-11-22,368839.2
2019-11-25,367076.39
2019-11-26,368848.27
2019-11-27,366897.97
2019-11-29,369178.7
2019-12-02,368995.78
2019-12-03,372535.23
2019-12-04,372030.99
2019-12-05,372249.81
2019-12-06,368558.67
2019-12-09,368456.08
2019-12-10,369505.08
2019-12-11,372053.87
2019-12-12,370746.14
2019-12-13,372411.2
2019-12-16,372389
2019-12-17,372313.23
2019-12-18,372344.59
2019-12-19,373313.38
2019-12-20,373692.95
2019-12-23,374849.26
2019-12-24,378389.43
2019-12-26,381367.2
2019-12-27,381237.97
2019-12-30,382046.22
2019-12-31,382774.14
2020-01-02,385591.39
2020-01-03,390712.35
2020-01-06,394815.54
2020-01-07,396374.05
2020-01-08,393405.52
2020-01-09,391186.97
2020-01-10,393549.14
2020-01-13,390634.04
2020-01-14,390290.59
2020-01-15,392572.47
2020-01-16,391961.14
2020-01-17,392689.29
2020-01-21,393122.76
2020-01-22,393261.55
2020-01-23,394150.48
2020-01-24,396459.36
2020-01-27,399170.17
2020-01-28,395611.78
2020-01-29,397760.01
2020-01-30,397791.7
2020-01-31,400100.77
2020-02-03,397506.76
2020-02-04,392340.53
2020-02-05,392827.64
2020-02-06,394949.2
2020-02-07,395999.04
2020-02-10,397022.11
2020-02-11,395660.45
2020-02-12,395343.77
2020-02-13,397599.47
2020-02-14,399265.72
2020-02-18,404388.74
2020-02-19,406751.82
2020-02-20,408418.24
2020-02-21,414559.85
2020-02-24,418289.83
2020-02-25,410818.33
2020-02-26,412618.87
2020-02-27,412704.35
2020-02-28,397648.39
2020-03-02,399850.83
2020-03-03,412424.79
2020-03-04,413153.46
2020-03-05,422083.04
2020-03-06,422249.04
2020-03-09,422951.06
2020-03-10,414031.43
2020-03-11,412562.44
2020-03-12,396111.11
2020-03-13,384028.15
2020-03-16,379637.24
2020-03-17,384788.08
2020-03-18,377127.08
2020-03-19,370001.95
2020-03-20,375554.92
2020-03-23,392151.4
2020-03-24,411187.49
2020-03-25,405563.52
2020-03-26,410768.73
2020-03-27,408120.03
2020-03-30,409921.04
2020-03-31,396871.45
2020-04-01,400629.25
2020-04-02,407201.87
2020-04-03,409217.42
2020-04-06,420562.06
2020-04-07,418315.37
2020-04-08,414594.17
2020-04-09,425429.92
2020-04-13,432727.17
2020-04-14,436137.26
2020-04-15,433917.44
2020-04-16,433547.44
2020-04-17,425134.37
2020-04-20,428169.19
2020-04-21,425252.08
2020-04-22,433622.39
2020-04-23,437944.38
2020-04-24,436072.94
2020-04-27,433182.59
2020-04-28,431257.42
2020-04-29,433649.07
2020-04-30,425798.15
2020-05-01,428431.11
2020-05-04,429937.95
2020-05-05,431766.6
2020-05-06,426221.32
2020-05-07,432769.37
2020-05-08,430173.63
2020-05-11,427497.38
2020-05-12,429165.21
2020-05-13,433300.18
2020-05-14,437140.26
2020-05-15,439612.78
2020-05-18,436292.87
2020-05-19,440508.57
2020-05-20,441559.88
2020-05-21,435128.97
2020-05-22,437708.89
2020-05-26,431492.33
2020-05-27,432275.39
2020-05-28,433728.96
2020-05-29,436925.84
2020-06-01,438942.72
2020-06-02,436105.16
2020-06-03,428064.3
2020-06-04,432575.51
2020-06-05,423810.23
2020-06-08,428401.96
2020-06-09,432537.83
2020-06-10,438739.12
2020-06-11,435579.44
2020-06-12,436201.73
2020-06-15,435429.22
2020-06-16,435219.98
2020-06-17,436056.88
2020-06-18,435203.87
2020-06-19,440010.84
2020-06-22,442859.71
2020-06-23,446593.88
2020-06-24,445043.48
2020-06-25,444780.7
2020-06-26,446771.32
2020-06-29,447018.25
2020-06-30,449008.95
2020-07-01,447002.42
2020-07-02,447973.72
2020-07-06,450662.03
2020-07-07,453511.37
2020-07-08,456333.96
2020-07-09,455105.44
2020-07-10,453930.55
2020-07-13,454499.56
2020-07-14,456624.71
2020-07-15,457032.79
2020-07-16,452718.68
2020-07-17,456453.75
2020-07-20,458659.53
2020-07-21,464192.48
2020-07-22,471254.99
2020-07-23,475419.79
2020-07-24,479504.19
2020-07-27,488982.11
2020-07-28,493066.78
2020-07-29,496775.88
2020-07-30,493105.74
2020-07-31,497593.13
2020-08-03,498162.77
2020-08-04,508768.68
2020-08-05,513497.93
2020-08-06,520320.48
2020-08-07,512061.43
2020-08-10,510296.54
2020-08-11,482902.73
2020-08-12,480654.37
2020-08-13,492012.42
2020-08-14,489898.31
2020-08-17,500532.13
2020-08-18,505047.1
2020-08-19,489111.24
2020-08-20,492498.95
2020-08-21,488559.65
2020-08-24,485801.19
2020-08-25,486397.64
2020-08-26,492147.42
2020-08-27,486463.29
2020-08-28,494924.14
2020-08-31,496111.24
2020-09-01,496707.85
2020-09-02,490191.4
2020-09-03,486224.79
2020-09-04,487572.9
2020-09-08,486639.4
2020-09-09,491369.78
2020-09-10,489792.06
2020-09-11,489771.24
2020-09-14,493642.82
2020-09-15,492467.74
2020-09-16,493869.72
2020-09-17,491164.44
2020-09-18,491814.77
2020-09-21,481941.58
2020-09-22,479611.89
2020-09-23,469255.06
2020-09-24,471005.87
2020-09-25,469669.31
2020-09-28,474400.24
2020-09-29,478406.4
2020-09-30,475539.53
2020-10-01,479787.44
2020-10-02,479363.76
2020-10-05,481705.53
2020-10-06,476046.23
2020-10-07,475837.28
2020-10-08,477534.69
2020-10-09,486213.25
2020-10-12,484822.99
2020-10-13,477203.25
2020-10-14,478685.95
2020-10-15,480437.2
2020-10-16,478778.29
2020-10-19,479025.85
2020-10-20,481341.07
2020-10-21,484972.16
2020-10-22,480225.07
2020-10-23,479720.76
2020-10-26,479484.98
2020-10-27,480753.03
2020-10-28,472997.93
2020-10-29,471043.33
2020-10-30,473197.56
2020-11-02,477795.71
2020-11-03,480514.04
2020-11-04,480251.39
2020-11-05,491295.4
2020-11-06,491999.72
2020-11-09,470224.47
2020-11-10,471788
2020-11-11,469752.59
2020-11-12,472605.36
2020-11-13,475834.21
2020-11-16,475813.21
2020-11-17,474073.2
2020-11-18,471366.21
2020-11-19,470485.63
2020-11-20,471915.01
2020-11-23,462627.03
2020-11-24,455541.42
2020-11-25,455332.13
2020-11-27,450717.52
2020-11-30,447714.52
2020-12-01,457148.71
2020-12-02,460592.75
2020-12-03,464224.92
2020-12-04,462914.33
2020-12-07,469823.98
2020-12-08,471468.46
2020-12-09,463414.97
2020-12-10,462534.14
2020-12-11,463399.51
2020-12-14,460853.01
2020-12-15,467306.43
2020-12-16,469891.31
2020-12-17,474840.49
2020-12-18,474040.33
2020-12-21,472541.61
2020-12-22,468812.87
2020-12-23,471935.28
2020-12-24,473821.84
2020-12-28,472108.1
2020-12-29,473833.5
2020-12-30,477466.64
2020-12-31,479245.88
2021-01-04,489919
2021-01-05,491376
2021-01-06,483401.59
2021-01-07,482278.97
2021-01-08,465786.17
2021-01-11,464878.27
2021-01-12,467893.61
2021-01-13,465883.97
2021-01-14,465647.85
2021-01-15,459875.98
2021-01-19,463778.21
2021-01-20,471335.29
2021-01-21,471045.48
2021-01-22,467342.68
2021-01-25,467751.54
2021-01-26,466601.69
2021-01-27,463651.19
2021-01-28,464086.9
2021-01-29,463904.48
2021-02-01,468264.08
2021-02-02,462572.08
2021-02-03,461878.98
2021-02-04,451940.22
2021-02-05,456407.4
2021-02-08,461009.07
2021-02-09,462519.9
2021-02-10,464218.92
2021-02-11,460192.85
2021-02-12,458800.81
2021-02-16,452221.06
2021-02-17,447092.63
2021-02-18,447071.25
2021-02-19,448931.48
2021-02-22,455657.14
2021-02-23,454614.39
2021-02-24,454297.41
2021-02-25,445754.68
2021-02-26,434980.54
2021-03-01,434233.19
2021-03-02,436604.2
2021-03-03,431797.54
2021-03-04,427555.31
2021-03-05,427829.4
2021-03-08,423398.83
2021-03-09,432410.24
2021-03-10,434620.09
2021-03-11,434249.05
2021-03-12,434173.73
2021-03-15,436087.94
2021-03-16,436496.59
2021-03-17,439620.76
2021-03-18,437071.95
2021-03-19,438905.63
2021-03-22,438265.74
2021-03-23,435071.52
2021-03-24,436582.59
2021-03-25,435001.56
2021-03-26,436243.78
2021-03-29,431059.61
2021-03-30,423697.29
2021-03-31,430129.09
2021-04-01,435566.11
2021-04-05,435410.13
2021-04-06,438911.25
2021-04-07,437679.67
2021-04-08,442391
2021-04-09,439061.9
2021-04-12,436405.02
2021-04-13,439502.98
2021-04-14,437599.02
2021-04-15,444677.2
2021-04-16,447371.98
2021-04-19,446140.39
2021-04-20,447732.61
2021-04-21,452175.64
2021-04-22,449249.71
2021-04-23,447533.97
2021-04-26,448722.86
2021-04-27,447598.77
2021-04-28,448922.17
2021-04-29,447071.87
2021-04-30,445571.17
2021-05-03,451359.45
2021-05-04,448056.66
2021-05-05,449918.09
2021-05-06,457428.09
2021-05-07,461549.12
2021-05-10,462953.51
2021-05-11,463039.9
2021-05-12,458445.86
2021-05-13,460334.46
2021-05-14,464536.47
2021-05-17,469949.09
2021-05-18,470869.48
2021-05-19,471198.09
2021-05-20,473355.96
2021-05-21,473577
2021-05-24,474416.77
2021-05-25,478726.93
2021-05-26,477898.85
2021-05-27,478093.04
2021-05-28,479901.43
2021-06-01,478615.97
2021-06-02,480962.48
2021-06-03,471552
2021-06-04,476642.72
2021-06-07,478558.81
2021-06-08,477084.92
2021-06-09,476176.01
2021-06-10,478226.7
2021-06-11,472851.39
2021-06-14,470085.85
2021-06-15,468315.8
2021-06-16,460410.91
2021-06-17,446263.33
2021-06-18,443793.32
2021-06-21,449234.19
2021-06-22,447356.13
2021-06-23,447065.64
2021-06-24,446802.05
2021-06-25,448287.56
2021-06-28,448266.16
2021-06-29,443562.44
2021-06-30,445720.72
2021-07-01,447260.1
2021-07-02,450408.68534010125
2021-07-06,452674.8548225366
2021-07-07,454312.00754965516
2021-07-08,453959.09227040445
2021-07-09,455571.01774265064
2021-07-12,455066.49517872976
2021-07-13,455519.66580818896
2021-07-14,460053.70988612954
2021-07-15,460431.299358969
2021-07-16,456123.4919574845
2021-07-19,456349.4273153438
2021-07-20,455895.7589616316
2021-07-21,454610.8327393185
2021-07-22,455441.84151891165
2021-07-23,453829.4300560469
2021-07-26,452821.0483978406
2021-07-27,453551.30198996956
2021-07-28,455918.9847816015
2021-07-29,460730.0762755238
2021-07-30,456875.66949727846
2021-08-02,456698.58764211624
2021-08-03,456118.99270722066
2021-08-04,456421.00309684663
2021-08-05,454556.6950751579
2021-08-06,443447.5856311695
2021-08-09,435738.68633872364
2021-08-10,435511.7170009019
2021-08-11,441456.34143471794
2021-08-12,441708.0060540121
2021-08-13,448383.11551298684
2021-08-16,450422.80245645053
2021-08-17,449591.2615085436
2021-08-18,449893.32120255445
2021-08-19,448557.9703064042
2021-08-20,448935.6066709533
2021-08-23,454300.3062573713
2021-08-24,454174.1288776888
2021-08-25,451025.14272431185
2021-08-26,451528.65672971593
2021-08-27,458077.7813807286
2021-08-30,456061.84388547466
2021-08-31,457043.9856087187
2021-09-01,456716.3034717191
2021-09-02,455809.19046658406
2021-09-03,460695.76295777416
2021-09-07,451727.2386294751
2021-09-08,450643.8041750596
2021-09-09,452356.47619569185
2021-09-10,450265.48047811596
2021-09-13,451776.1049270128
2021-09-14,454622.30654606904
2021-09-15,451775.6097729331
2021-09-16,441926.25999541406
2021-09-17,441195.4888453242
2021-09-20,444444.20676161855
2021-09-21,447063.6761485852
2021-09-22,445350.5724248612
2021-09-23,440211.658907473
2021-09-24,439934.3414156679
2021-09-27,440689.3187259152
2021-09-28,436532.7984181237
2021-09-29,434517.4079201248
2021-09-30,442174.7692740304
2021-10-01,443232.4766146637
2021-10-04,445297.2447004609
2021-10-05,443332.25506064907
2021-10-06,444339.5598604988
2021-10-07,442072.27510829654
2021-10-08,442449.9048801465
2021-10-11,441794.2324009437
2021-10-12,443834.3506555207
2021-10-13,451315.28052247764
2021-10-14,452650.0485324342
2021-10-15,445344.9591738782
2021-10-18,444084.7405553766
2021-10-19,445847.7772716729
2021-10-20,449600.71680656663
2021-10-21,449499.67323486286
2021-10-22,451993.17099961435
2021-10-25,454914.3388115637
2021-10-26,451765.4592338975
2021-10-27,452621.6486228723
2021-10-28,452898.4716719934
2021-10-29,448867.9871897813
2021-11-01,451134.2594315279
2021-11-02,450202.0046910556
2021-11-03,446499.00114242616
2021-11-04,451889.20259204647
2021-11-05,457682.391390352
2021-11-08,459444.8516581401
2021-11-09,461333.7827705834
2021-11-10,466245.3451308011
2021-11-11,469116.6233338277
2021-11-12,470023.1456468094
2021-11-15,469140.7699448114
2021-11-16,466243.81209466315
2021-11-17,470021.8577650234
2021-11-18,468762.18316853215
2021-11-19,464983.58120444464
2021-11-22,454655.46608970064
2021-11-23,450876.9281820137
2021-11-24,450246.9746578942
2021-11-26,449364.8835216335
2021-11-29,449011.5062713183
2021-11-30,446164.93112118373
2021-12-01,447650.81117691624
2021-12-02,445333.2447910286
2021-12-03,448859.37784977537
2021-12-06,447851.1258446429
2021-12-07,449865.95549615787
2021-12-08,449865.7089658282
2021-12-09,447220.6402598397
2021-12-10,448983.625011138
2021-12-13,450116.36587808933
2021-12-14,445834.0950911534
2021-12-15,447848.91701381025
2021-12-16,452886.310415413
2021-12-17,452130.44324362086
2021-12-20,450114.63920803135
2021-12-21,450114.39254142094
2021-12-22,453892.3745825844
2021-12-23,455655.2950735569
2021-12-27,456409.9591507221
2021-12-28,454646.49659493554
2021-12-29,454646.2474448291
2021-12-30,457668.59683533286
2021-12-31,460942.7819478242
2022-01-03,453889.3897494861
2022-01-04,457138.3955155723
2022-01-05,455400.16255901864
2022-01-06,450362.2841006491
2022-01-07,452125.2400750862
2022-01-10,453635.76290905126
2022-01-11,459176.85248017166
2022-01-12,460184.1425305432
2022-01-13,458798.5453117244
2022-01-14,457412.94961140526
2022-01-18,456656.29316991486
2022-01-19,464212.43242854264
2022-01-20,462700.92017920036
2022-01-21,460937.47736589424
2022-01-24,463707.39293960016
2022-01-25,465344.35837427515
2022-01-26,457838.1387526437
2022-01-27,451994.31903610023
2022-01-28,450356.8544808094
2022-01-31,452874.89402273885
2022-02-01,453504.32847287186
2022-02-02,454788.66639869445
2022-02-03,454712.8476513041
2022-02-04,455266.7586226747
2022-02-07,458666.2947797372
2022-02-08,460177.33358991006
2022-02-09,461562.4059451603
2022-02-10,460176.8292279449
2022-02-11,468639.60548965266
2022-02-14,471510.1712122778
2022-02-15,466497.6160525276
2022-02-16,471257.77383973903
2022-02-17,477856.65851013956
2022-02-18,477554.1210479289
2022-02-22,478686.5091398093
2022-02-23,480953.11538476904
2022-02-24,477426.63510589703
2022-02-25,475915.14542932744
2022-02-28,480699.9186212299
2022-03-01,489641.18427903333
2022-03-02,484679.00729175366
2022-03-03,487499.70423219004
2022-03-04,495181.5595581503
2022-03-07,502736.8923140157
2022-03-08,516589.6091578973
2022-03-09,501225.12320127344
2022-03-10,502736.0658023246
2022-03-11,498957.7251571841
2022-03-14,491778.57847875095
2022-03-15,482333.1428098858
2022-03-16,485607.2278679173
2022-03-17,487495.9640903429
2022-03-18,483591.732085699
2022-03-21,487243.0194490995
2022-03-22,483590.6720372141
2022-03-23,490390.8603433288
2022-03-24,493841.2347610135
2022-03-25,492153.4512439003
2022-03-28,483211.24534619326
2022-03-29,483336.94202763867
2022-03-30,486862.82816655905
2022-03-31,487618.1853244092
2022-04-01,483839.84840224567
2022-04-04,486357.745939101
2022-04-05,483586.9618858156
2022-04-06,484594.1441404053
2022-04-07,486356.9463551253
2022-04-08,489379.1143877681
2022-04-11,491896.99315609655
2022-04-12,495674.72248134494
2022-04-13,497941.25854653184
2022-04-14,496429.7493394073
2022-04-18,498065.80623304396
2022-04-19,490257.69246440165
2022-04-20,492700.5283241872
2022-04-21,491264.59411686874
2022-04-22,486604.8200725945
2022-04-25,478342.855979999
2022-04-26,478418.1599676931
2022-04-27,475017.7123285863
2022-04-28,477410.1524556259
2022-04-29,477535.8021368553
2022-05-02,468593.83980728145
2022-05-03,469852.9335105531
2022-05-04,474008.4102904495
2022-05-05,472723.6288429305
2022-05-06,473529.37199488713
2022-05-09,466451.22551046545
2022-05-10,462169.29070612224
2022-05-11,466198.84527709644
2022-05-12,458894.5370578647
2022-05-13,455368.21959102113
2022-05-16,459397.26775638555
2022-05-17,457130.250539138
2022-05-18,457130.0000279135
2022-05-19,463930.0384546246
2022-05-20,464332.78222944
2022-05-23,466195.7795156481
2022-05-24,469847.5263895861
2022-05-25,467001.2143349377
2022-05-26,466320.92252144794
2022-05-27,466572.5337603602
2022-05-31,461912.1057747878
2022-06-01,465060.1067924665
2022-06-02,470726.7159067525
2022-06-03,465815.19454048557
2022-06-06,463547.68810928776
2022-06-07,466695.6778790492
2022-06-08,466065.7352806944
2022-06-09,465007.6757277471
2022-06-10,471228.3338835016
2022-06-13,458836.1457629133
2022-06-14,455058.0258593244
2022-06-15,461152.7163208184
2022-06-16,466189.6480532338
2022-06-17,462411.5303307715
2022-06-21,460647.5213953036
2022-06-22,462536.17088514933
2022-06-23,459891.42733785283
2022-06-24,459060.02286699496
2022-06-27,458882.9692093556
2022-06-28,457925.65994700347
2022-06-29,457623.20314427715
2022-06-30,454852.5173678947
2022-07-01,454348.592230907
2022-07-05,444550.3654166304
2022-07-06,437976.7012872025
2022-07-07,438228.3224000187
2022-07-08,438479.94323692244
2022-07-11,435960.66464624414
2022-07-12,434449.3111478464
2022-07-13,436086.14099467045
2022-07-14,429940.6197555055
2022-07-15,428907.8204964335
2022-07-18,429637.47460295766
2022-07-19,430921.7080513451
2022-07-20,426740.69343434385
2022-07-21,432936.0612802647
2022-07-22,433691.35316269274
2022-07-25,432683.2536272744
2022-07-26,432280.0332972638
2022-07-27,436334.6536696415
2022-07-28,441749.24639165815
2022-07-29,443008.24672867224
2022-08-01,445526.04714745627
2022-08-02,443233.96183682245
2022-08-03,444014.41443654377
2022-08-04,451443.7922467187
2022-08-05,446280.59387871076
2022-08-08,450108.00533196493
2022-08-09,451568.50757797575
2022-08-10,450434.93017535727
2022-08-11,449250.9635409505
2022-08-12,453456.6143258005
2022-08-15,447663.330808368
2022-08-16,446907.566700902
2022-08-17,444036.22709022753
2022-08-18,443003.3913089988
2022-08-19,439729.0790687496
2022-08-22,436681.02380364866
2022-08-23,439677.773062258
2022-08-24,440760.4632443177
2022-08-25,442246.12883045175
2022-08-26,437183.72700210154
2022-08-29,437183.0082614103
2022-08-30,433682.0842652551
2022-08-31,430407.8466998576
2022-09-01,426554.3451025156
2022-09-02,430382.20405051165
2022-09-06,427636.09974122694
2022-09-07,432093.5550155867
2022-09-08,429524.5002707356
2022-09-09,431664.9373368862
2022-09-12,433930.84655722405
2022-09-13,428641.8662762909
2022-09-14,426601.6477920941
2022-09-15,418466.7989863046
2022-09-16,421110.98459288414
2022-09-19,421085.0735597866
2022-09-20,418919.012589625
2022-09-21,420832.7614053081
2022-09-22,420328.8778204635
2022-09-23,413402.93063939083
2022-09-26,408743.09900647803
2022-09-27,409372.4755195507
2022-09-28,417934.94789192645
2022-09-29,418035.4971020268
2022-09-30,417808.5891479283
2022-10-03,427755.7208940843
2022-10-04,433900.4445628677
2022-10-05,431910.6356285915
2022-10-06,431280.80153542804
2022-10-07,426495.54108978744
2022-10-10,419946.935610532
2022-10-11,419191.209877251
2022-10-12,421457.56178145396
2022-10-13,418687.0552328825
2022-10-14,413524.0728659386
2022-10-17,414530.7331868949
2022-10-18,415537.89366802055
2022-10-19,410249.02780349384
2022-10-20,409493.2630760671
2022-10-21,416292.75000707095
2022-10-24,415032.8351927556
2022-10-25,416291.83748009906
2022-10-26,418809.9713568391
2022-10-27,418306.0985406227
2022-10-28,413772.74580355495
2022-10-31,410498.127055727
2022-11-01,414653.27221210446
2022-11-02,411882.7997548696
2022-11-03,410245.655517632
2022-11-04,422837.37077454577
2022-11-07,421199.7126514337
2022-11-08,430643.4161852352
2022-11-09,428628.4772187787
2022-11-10,441471.98473642924
2022-11-11,444997.45713116403
2022-11-14,445500.4119155231
2022-11-15,447514.8641233522
2022-11-16,446507.2472435119
2022-11-17,443233.14259286574
2022-11-18,439707.1508630303
2022-11-21,437565.8411596635
2022-11-22,437943.34047503385
2022-11-23,440713.3138218527
2022-11-25,441090.56927689654
2022-11-28,437941.90049718897
2022-11-29,439830.44484943803
2022-11-30,444740.98279201565
2022-12-01,453554.97631113423
2022-12-02,452295.52425269684
2022-12-05,444613.8680575223
2022-12-06,445495.04091097764
2022-12-07,449524.1408887293
2022-12-08,449775.73441895173
2022-12-09,451790.1577863418
2022-12-12,448011.9212812935
2022-12-13,455314.8199456682
2022-12-14,454559.05329379364
2022-12-15,447255.66801729565
2022-12-16,451032.9083880681
2022-12-19,449773.0231366155
2022-12-20,457327.7310377616
2022-12-21,456446.0711580464
2022-12-22,451031.4253711217
2022-12-23,452542.15698747867
2022-12-27,455940.8958402705
2022-12-28,454051.93968253565
2022-12-29,456569.9645425979
2022-12-30,458584.36100164294
2023-01-03,462612.68829708925
2023-01-04,466893.55321445933
2023-01-05,461101.1652120966
2023-01-06,469663.1400064575
2023-01-09,470669.7096965827
2023-01-10,472432.25096547295
2023-01-11,471928.32170677406
2023-01-12,477720.1249753016
2023-01-13,483008.30011855194
2023-01-17,479985.2771469115
2023-01-18,478725.8910690467
2023-01-19,486280.45889940707
2023-01-20,484769.23681289214
2023-01-23,485523.9404149726
2023-01-24,487412.3526965254
2023-01-25,489804.47743812646
2023-01-26,485523.1422017935
2023-01-27,484767.3772125984
2023-01-30,483255.6329226402
2023-01-31,485018.147007845
2023-02-01,491565.37646972574
2023-02-02,480988.3971677487
2023-02-03,468900.4854496286
2023-02-06,469906.99290483526
2023-02-07,470662.2297560705
2023-02-08,471669.2490642348
2023-02-09,468118.28143877233
2023-02-10,468898.6867226998
2023-02-13,466631.48823325784
2023-02-14,466631.23251527513
2023-02-15,462224.01770783163
2023-02-16,461846.0431019934
2023-02-17,463104.89234823204
2023-02-21,461341.118580454
2023-02-22,459074.4493312217
2023-02-23,458570.5392612446
2023-02-24,455422.49614980276
2023-02-27,457058.6099235844
2023-02-28,459072.93987331906
2023-03-01,462094.5812897029
2023-03-02,461842.499777356
2023-03-03,466626.88533101
2023-03-06,464611.54438738315
2023-03-07,456301.1714110866
2023-03-08,456049.0939016
2023-03-09,460329.8122687754
2023-03-10,470402.4069124464
2023-03-13,481229.94419547543
2023-03-14,478459.6356380072
2023-03-15,482110.7854470394
2023-03-16,482740.0631022343
2023-03-17,497093.5563428283
2023-03-20,497596.3907020524
2023-03-21,487775.15748521156
2023-03-22,496084.94023562025
2023-03-23,502506.047524419
2023-03-24,497091.6494657965
2023-03-27,492306.25651592884
2023-03-28,496335.08574742
2023-03-29,493816.6642674061
2023-03-30,498349.137088309
2023-03-31,495830.66923394153
2023-04-03,499229.404201754
2023-04-04,508672.3042278022
2023-04-05,508294.26607307943
2023-04-06,504894.4429869824
2023-04-10,501116.0888249882
2023-04-11,504137.6393051823
2023-04-12,506403.7186059815
2023-04-13,513454.27853823727
2023-04-14,504136.81049062894
2023-04-17,502373.2761799146
2023-04-18,503883.88361215714
2023-04-19,501491.37378771405
2023-04-20,503883.3313470907
2023-04-21,498846.7236644349
2023-04-24,500356.8293473881
2023-04-25,502748.7809736945
2023-04-26,499852.639566994
2023-04-27,499978.25190487056
2023-04-28,500355.73254927597
2023-05-01,498088.57797734137
2023-05-02,507657.2196477593
2023-05-03,511937.78070479084
2023-05-04,515462.87831053685
2023-05-05,507656.38504693017
2023-05-08,508159.1885165243
2023-05-09,511432.45963677013
2023-05-10,510928.5898799399
2023-05-11,506395.670776235
2023-05-12,505891.75630208536
2023-05-15,506898.1488484732
2023-05-16,500350.7969875227
2023-05-17,498587.79824331147
2023-05-18,492166.34292482084
2023-05-19,497076.3947128753
2023-05-22,495816.54002364614
2023-05-23,496697.60367334395
2023-05-24,492668.3583123527
2023-05-25,488009.5516313878
2023-05-26,489646.06776211207
2023-05-30,492918.5543946983
2023-05-31,493799.61576869054
2023-06-01,497576.4849430422
2023-06-02,490021.8888164439
2023-06-05,493294.6323972804
2023-06-06,493420.2455695603
2023-06-07,487754.3081435718
2023-06-08,494049.265678674
2023-06-09,492789.9218425356
2023-06-12,492285.48327469174
2023-06-13,489011.72668940644
2023-06-14,489137.3416568741
2023-06-15,492284.6739453715
2023-06-16,491780.8248925255
2023-06-20,486743.58093738614
2023-06-21,486113.8058054052
2023-06-22,481455.1222259316
2023-06-23,482713.8737893737
2023-06-26,483720.28125839605
2023-06-27,481453.80302008305
2023-06-28,480446.2911926453
2023-06-29,479690.59232799325
2023-06-30,482963.8337942461
2023-07-03,483214.85109664535
2023-07-05,481955.26633162337
2023-07-06,480444.1848877974
2023-07-07,483969.176110472
2023-07-10,484220.19079410256
2023-07-11,485982.54882869334
2023-07-12,492781.0101708669
2023-07-13,492906.669100021
2023-07-14,491269.6593699616
2023-07-17,491772.4704602439
2023-07-18,497060.0508542348
2023-07-19,497437.4680954978
2023-07-20,495296.8913702443
2023-07-21,493534.00621134957
2023-07-24,491392.8473681644
2023-07-25,494036.5409107519
2023-07-26,496428.3753953272
2023-07-27,488999.9355964956
2023-07-28,492776.6894183727
2023-07-31,493783.10905300686
2023-08-01,488998.59571756364
2023-08-02,486480.30410060246
2023-08-03,486480.0375053016
2023-08-04,488242.3711192446
2023-08-07,486730.77760248986
2023-08-08,484212.4955076896
2023-08-09,481694.2161728227
2023-08-10,481190.3881015246
2023-08-11,481190.12440514227
2023-08-14,479678.5002509355
2023-08-15,478167.45317206695
2023-08-16,475775.11344013957
2023-08-17,475019.43742033304
2023-08-18,475019.1771056836
2023-08-21,476403.29714695545
2023-08-22,477158.44929511205
2023-08-23,482194.12910933857
2023-08-24,481942.06073182187
2023-08-25,481438.23666404746
2023-08-28,482696.41503680847
2023-08-29,487228.51640212693
2023-08-30,488487.2178858913
2023-08-31,487983.343860501
2023-09-01,487731.32144088676
2023-09-05,484330.99094282335
2023-09-06,481812.7501797341
2023-09-07,482190.16542793025
2023-09-08,482693.5053061055
2023-09-11,483196.3150407373
2023-09-12,481181.6861972064
2023-09-13,479922.4156492201
2023-09-14,479922.1526476973
2023-09-15,483195.25585901906
2023-09-18,486090.09727043274
2023-09-19,485586.22980228846
2023-09-20,485963.6402919663
2023-09-21,482664.900937131
2023-09-22,484074.67873642535
2023-09-25,481555.93377767026
2023-09-26,477904.6480471654
2023-09-27,471609.54424310336
2023-09-28,469343.1401099196
2023-09-29,464558.84287761827
2023-10-02,460025.7976921282
2023-10-03,458263.0033392698
2023-10-04,458388.62743122096
2023-10-05,457758.9044043862
2023-10-06,459772.99110338185
2023-10-09,468333.16776497796
2023-10-10,467829.31582327903
2023-10-11,470850.581514655
2023-10-12,469843.13400610816
2023-10-13,484950.37424799456
2023-10-16,482431.6568264195
2023-10-17,483186.78248885664
2023-10-18,490488.4253064704
2023-10-19,496329.70821506163
2023-10-20,497789.8353533004
2023-10-23,496278.2418641154
2023-10-24,496026.2222108076
2023-10-25,497788.4713896995
2023-10-26,499047.12776137935
2023-10-27,504838.00210004207
2023-10-30,501563.93466781627
2023-10-31,498793.9656048735
2023-11-01,497534.7672370479
2023-11-02,498793.41891844134
2023-11-03,500807.4522219362
2023-11-06,497281.61005238147
2023-11-07,494763.4477428582
2023-11-08,489979.1934219346
2023-11-09,492119.14569792023
2023-11-10,486957.23202972556
2023-11-13,489222.5200221913
2023-11-14,493502.63374840125
2023-11-15,492746.9852705102
2023-11-16,497782.46999425505
2023-11-17,497908.06939409167
2023-11-20,497277.7948628678
2023-11-21,502565.00713133335
2023-11-22,500550.44604817295
2023-11-24,503067.7637747063
2023-11-27,506591.9630068743
2023-11-28,513138.05628535425
2023-11-29,514019.06670559477
2023-11-30,511878.58886001713
2023-12-01,520438.9922418294
2023-12-04,509611.4043222347
2023-12-05,507596.85372753366
2023-12-06,509107.2662188321
2023-12-07,510365.93543604796
2023-12-08,503567.4832022448
2023-12-11,498027.4394050557
2023-12-12,497523.5885767415
2023-12-13,508601.7836512622
2023-12-14,511622.873004583
2023-12-15,507342.2835223201
2023-12-18,509607.4945374237
2023-12-19,512880.4110712552
2023-12-20,509858.7238478704
2023-12-21,513886.9517650648
2023-12-22,516152.7102816172
2023-12-26,520180.07514422905
2023-12-27,522194.03712024435
2023-12-28,519424.14478376927
2023-12-29,518668.54833779717
2024-01-02,517408.4811251779
2024-01-03,513127.9330393961
2024-01-04,513631.22339890123
2024-01-05,513379.1562836834
2024-01-08,509601.6299164497
2024-01-09,509853.1357395303
2024-01-10,508845.7165313921
2024-01-11,509852.5769320649
2024-01-12,514887.8949849641
2024-01-16,509851.17991608084
2024-01-17,504311.79690711596
2024-01-18,508088.18220292235
2024-01-19,509850.34170832776
2024-01-22,508087.0684574384
2024-01-23,509849.22410013404
2024-01-24,505820.5124340249
2024-01-25,507582.66738715535
2024-01-26,507078.8237407679
2024-01-29,511106.4113172175
2024-01-30,511861.4778010761
2024-01-31,511105.8511361413
2024-02-01,516392.895227061
2024-02-02,511860.6362883444
2024-02-05,509090.24779956404
2024-02-06,511355.951822238
2024-02-07,511607.45268253604
2024-02-08,511103.6104179763
2024-02-09,509089.1318575203
2024-02-12,507829.44093592756
2024-02-13,501031.23969316744
2024-02-14,500527.40488019603
2024-02-15,503800.2223547648
2024-02-16,505814.1370128077
2024-02-20,508834.28373555973
2024-02-21,508582.27375607775
2024-02-22,508581.9950487115
2024-02-23,512106.5246179806
2024-02-26,510846.83839376224
2024-02-27,510343.00178916665
2024-02-28,511098.0086655405
2024-02-29,513615.4610793895
2024-03-01,523434.3261800918
2024-03-04,531993.6605417704
2024-03-05,535266.4266927795
2024-03-06,539546.2501322405
2024-03-07,542567.1834491453
2024-03-08,547350.5520933542
2024-03-11,548356.7583734161
2024-03-12,542313.9684188499
2024-03-13,546090.2190605
2024-03-14,543823.9827353738
2024-03-15,541809.5248764384
2024-03-18,543067.4639500885
2024-03-19,542311.8880739384
2024-03-20,548605.8291349234
2024-03-21,548101.9781849703
2024-03-22,543821.5985789918
2024-03-25,545331.304118578
2024-03-26,547219.2897478769
2024-03-27,551373.1462070654
2024-03-28,558170.6030857895
2024-04-01,564211.8027821342
2024-04-02,572519.8269720176
2024-04-03,577554.8844046762
2024-04-04,574533.3372442226
2024-04-05,583596.6613738816
2024-04-08,587623.9686234533
2024-04-09,590896.593490259
2024-04-10,585105.6486466726
2024-04-11,596183.0672180158
2024-04-12,588881.4931085714
2024-04-15,599706.468199144
2024-04-16,600713.2258243439
2024-04-17,595929.3355112969
2024-04-18,598194.9025391606
2024-04-19,599956.924776887
2024-04-22,585353.5716839449
2024-04-23,583590.9047148211
2024-04-24,582835.2735113944
2024-04-25,586359.690650798
2024-04-26,587869.9424262309
2024-04-29,587113.666632616
2024-04-30,575280.4601307929
2024-05-01,580567.160264891
2024-05-02,578804.5046107668
2024-05-03,578300.6489773906
2024-05-06,584342.0055667573
2024-05-07,581824.0946830274
2024-05-08,579809.6756027787
2024-05-09,589124.5483402503
2024-05-10,593907.7263196165
2024-05-13,587109.1622434347
2024-05-14,592395.8662499317
2024-05-15,599696.6089517365
2024-05-16,597682.1889071336
2024-05-17,607500.5455924175
2024-05-20,610017.1675902122
2024-05-21,609009.8143619057
2024-05-22,597931.9903009783
2024-05-23,585595.3940888946
2024-05-24,586098.605826549
2024-05-28,592643.0871077867
2024-05-29,586852.248777821
2024-05-30,588362.5201575105
2024-05-31,584837.5307282626
2024-06-03,589620.0071525275
2024-06-04,584836.2487457612
2024-06-05,591633.4302504004
2024-06-06,596164.771546793
2024-06-07,575016.71603511
2024-06-10,580050.9542344623
2024-06-11,581812.9352294735
2024-06-12,583071.3868871274
2024-06-13,578287.6556612736
2024-06-14,585840.0975100975
2024-06-17,582566.2632224055
2024-06-18,585083.5247043363
2024-06-20,592383.8547653646
2024-06-21,583320.2736024832
2024-06-24,585585.1250175837
2024-06-25,582815.4711270082
2024-06-26,577276.5368231111
2024-06-27,584325.354133933
2024-06-28,584073.3204417945
2024-07-01,585331.1176006192
2024-07-02,585582.8786822393
2024-07-03,592128.5227488123
2024-07-05,600184.6852865893
2024-07-08,592380.2838304323
2024-07-09,593639.0412200163
2024-07-10,595904.8429360806
2024-07-11,606226.8071899221
2024-07-12,605975.0461083021
2024-07-15,608240.8478243664
2024-07-16,620325.091631032
2024-07-17,617304.0546886238
2024-07-18,613527.7345013553
2024-07-19,602702.2480842738
2024-07-22,602450.4870026537
2024-07-23,604464.5276370979
2024-07-24,602198.7259210335
2024-07-25,593135.5190567761
2024-07-26,599429.402041729
2024-07-29,598674.1668153851
2024-07-30,604716.2887187179
2024-07-31,615290.0140541794
2024-08-01,613275.9734197352
2024-08-02,612520.690174875
2024-08-05,604968.0498003381
2024-08-06,599932.9242049692
2024-08-07,599177.640960109
2024-08-08,608492.6089059864
2024-08-09,610254.8884588106
2024-08-12,620576.8527126521
2024-08-13,619821.6174863082
2024-08-14,614786.4918909393
2024-08-15,616800.5325253836
2024-08-16,629891.8206585296
2024-08-19,629388.2984952895
2024-08-20,631905.861292974
2024-08-21,630647.0558848735
2024-08-22,623094.4155103365
2024-08-23,630647.0558848734
2024-08-26,632409.383456214
2024-08-27,634423.4240906582
2024-08-28,629891.8206585294
2024-08-29,633164.6186825577
2024-08-30,628381.2541688089
2024-09-03,625611.9783080209
2024-09-04,626367.2135343647
2024-09-05,631654.1002113536
2024-09-06,626618.9746159847
2024-09-09,629388.2984952892
2024-09-10,631905.8612929736
2024-09-11,631150.5780481134
2024-09-12,642479.5866284352
2024-09-13,648773.4696133881
2024-09-16,648521.708531768
2024-09-17,645248.8624892232
2024-09-18,640465.5459939908
2024-09-19,649780.465921352
2024-09-20,658591.9117039894
2024-09-23,659598.9560304696
2024-09-24,668913.8759578307
2024-09-25,668158.6407314868
2024-09-26,671179.677673895
2024-09-27,666144.5520785261
2024-09-30,660857.7134200536
2024-10-01,667906.8796498668
2024-10-02,667655.1185682467
2024-10-03,667655.1185682467
2024-10-04,665641.0779338024
2024-10-07,663627.0372993582
2024-10-08,658591.9117039893
2024-10-09,655067.352598341
2024-10-10,659850.6690935733
2024-10-11,667151.5964050066
2024-10-14,666144.5520785262
2024-10-15,668662.1148762107
2024-10-16,671934.9609187553
2024-10-17,676214.8032692638
2024-10-18,683012.1603989404
2024-10-21,683263.9214805604
2024-10-22,690061.3266287534
2024-10-23,682256.9251725965
2024-10-24,687040.2896863453
2024-10-25,688802.5692391695
2024-10-28,688550.8081575494
2024-10-29,696355.2096137063
2024-10-30,700131.5298009749
2024-10-31,689809.5655471334
2024-11-01,686788.5286047253
2024-11-04,687543.7638310691
2024-11-05,688802.5692391695
2024-11-06,668410.3537945903
2024-11-07,678984.0791300518
2024-11-08,674452.5237164395
2024-11-11,658340.1506223689
2024-11-12,653053.3119638964
2024-11-13,646507.6678973234
2024-11-14,644745.3883444992
2024-11-15,643486.5829363988
2024-11-18,655822.5878246845
2024-11-19,661361.2355832936
2024-11-20,665137.555770562
2024-11-21,670927.9165922748
2024-11-22,679739.3623749121
2024-11-25,659598.9560304695
2024-11-26,660605.9523384334
2024-11-27,662368.2318912576
2024-11-29,668410.3537945903
2024-12-02,662368.2318912575
2024-12-03,663627.0372993578
2024-12-04,665641.0779338022
2024-12-05,660605.9523384332
2024-12-06,660605.9523384332
2024-12-09,667403.3574866264
2024-12-10,675711.2811060236
2024-12-11,682508.6862542167
2024-12-12,672438.435063479
2024-12-13,664885.794688942
2024-12-16,666144.552078526
2024-12-17,663878.798380978
2024-12-18,651291.0324110723
2024-12-19,652046.2676374161
2024-12-20,658843.6727856091
2024-12-23,655570.8747615808
2024-12-24,657081.3932327849
2024-12-26,661612.9966649137
2024-12-27,656577.8710695448
2024-12-30,655067.3525983407
2024-12-31,658843.6727856091
2025-01-02,667655.1185682465
2025-01-03,662619.9929728776
2025-01-06,661864.7577465337
2025-01-07,665389.316852182
2025-01-08,668913.8759578303
2025-01-10,675459.5200244033
2025-01-13,668662.1148762103
2025-01-14,671934.9609187549
2025-01-15,677221.7995772276
2025-01-16,681501.6419277362
2025-01-17,678480.604985328
2025-01-21,688802.5692391695
2025-01-22,692327.1283448178
2025-01-23,691571.8450999575
2025-01-24,696103.4485320862
2025-01-27,688550.8081575494
2025-01-28,694341.168979262
2025-01-29,692075.3672631977
2025-01-30,702145.570435419
2025-01-31,703907.8499882431
2025-02-03,707432.4571124079
2025-02-04,714229.862260601
2025-02-05,719013.1787558334
2025-02-06,717502.6602846293
2025-02-07,719013.1787558334
2025-02-10,730593.9484177752
2025-02-11,727824.6245384706
2025-02-12,728831.6688649509
2025-02-13,735880.7870762476
2025-02-14,725055.300659166
2025-02-18,736887.831402728
2025-02-19,737391.3535659681
2025-02-20,737894.8277106918
2025-02-21,737139.592484348
2025-02-24,741167.6737532364
2025-02-25,731600.9447257388
2025-02-26,732104.4668889791
2025-02-27,721782.5026351376
2025-02-28,717250.899203009
2025-03-03,726062.3449856463
2025-03-04,732859.7501338394
2025-03-05,734118.5075234235
2025-03-06,730342.1873361551
2025-03-07,730845.7094993952
2025-03-10,725055.3006591661
2025-03-11,732733.8455837712
2025-03-12,736384.3092394879
2025-03-13,748720.3141277735
2025-03-14,749475.5973726338
2025-03-17,753503.6786415223
2025-03-18,762315.1244241596
2025-03-19,765587.922448188
2025-03-20,764329.165058604
2025-03-21,758538.7562183748
2025-03-24,754762.4360311064
2025-03-25,758035.282073651
2025-03-26,757783.520992031
2025-03-27,767350.202001012
2025-03-28,773392.3239043448
2025-03-31,784721.3324846665
2025-04-01,783210.8140134624
2025-04-02,784721.3324846665
2025-04-03,780441.4901341578
2025-04-04,762063.3633425393
2025-04-07,746454.5124117088
2025-04-08,748972.0752093933
2025-04-09,776413.4088652693
2025-04-10,796302.0541280919
2025-04-11,811407.382895682
2025-04-14,806875.7794635533
2025-04-15,811155.6698325784
2025-04-16,837841.6722250776
2025-04-17,834065.4000563256
2025-04-21,859744.4541593774
2025-04-22,847408.4012525753
2025-04-23,827267.9949081326
2025-04-24,839100.5256516946
2025-04-25,829533.796624197
2025-04-28,841366.2313307261
2025-04-29,833813.5909561891
2025-04-30,827267.9949081326
2025-05-01,810148.6255060981
2025-05-02,811910.9050589222
2025-05-05,835827.6796091498
2025-05-06,859492.6450592407
2025-05-07,846653.1660262314
2025-05-08,829785.5096873005
2025-05-09,835827.6796091498
2025-05-12,812162.618122026
2025-05-13,815687.2732647073
2025-05-14,798316.0947625362
2025-05-15,811155.6698325785
2025-05-16,801840.7018867009
2025-05-19,811910.9050589222
2025-05-20,827016.185807996
2025-05-21,833058.3557298452
2025-05-22,825505.7153553083
2025-05-23,843632.0330467903
2025-05-27,829533.7966241968
2025-05-28,827519.7079712361
2025-05-29,832303.1205035013
2025-05-30,826764.4727448922
2025-06-02,849170.6808053992
2025-06-03,841869.753493966
2025-06-04,847156.6881894714
2025-06-05,842121.5625941026
2025-06-06,831296.0761770209
2025-06-09,835072.3483457728
2025-06-10,835827.6796091495
2025-06-11,840359.2830412781
2025-06-12,850429.438194983
2025-06-13,862010.2558754412
2025-06-16,849422.4899055355
2025-06-17,849925.9160317427
2025-06-18,845394.4086366468
2025-06-20,845142.5995365103
2025-06-23,847911.9234158149
2025-06-24,834568.9222195653
2025-06-25,837086.4369987332
2025-06-26,836079.3926722528
2025-06-27,821225.8249862827
2025-06-30,830540.8409506766
2025-07-01,838093.4813252134
2025-07-02,843128.6069205822
2025-07-03,836834.7239356294
2025-07-07,837841.6722250768
2025-07-08,829030.274460956
2025-07-09,832554.8335666043
2025-07-10,834568.922219565
2025-07-11,842625.084757342
2025-07-14,839352.2387147973
2025-07-15,836079.3926722526
2025-07-16,840107.4739411412
2025-07-17,838345.1943883171
2025-07-18,840610.9961043813
2025-07-21,853198.7620742869
2025-07-22,861506.7337122005
2025-07-23,850932.9603582226
2025-07-24,845897.8347628537
2025-07-25,837841.6722250766
2025-07-28,832806.6426667406
2025-07-29,834820.6352826684
2025-07-30,820722.3028230421
2025-07-31,826009.2375185475
2025-08-01,842876.7978204454
2025-08-04,847408.401252574
2025-08-05,848415.4455790544
2025-08-06,846401.3569260938
2025-08-07,853198.7620742868
2025-08-08,853198.7620742868
2025-08-11,841366.2313307249
2025-08-12,840107.4739411409
2025-08-13,843128.606920582
2025-08-14,837589.959161973
2025-08-15,838345.1943883167
2025-08-18,837086.4369987327
2025-08-19,832303.1205035003
2025-08-20,840862.8052045176
2025-08-21,837589.9591619729
2025-08-22,846653.1660262302
2025-08-25,844890.886473406
2025-08-26,850681.2472951188
2025-08-27,852191.7177478063
2025-08-28,858989.1228959993
2025-08-29,867045.2854337764
2025-09-02,887941.0230415958
2025-09-03,894738.4281897888
2025-09-04,891213.8690841404
2025-09-05,902542.7816274293
2025-09-08,912864.7458812707
2025-09-09,911354.275428583
2025-09-10,914375.3123709911
2025-09-11,912864.7458812706
2025-09-12,914878.8345342312
2025-09-15,924193.7544615923
2025-09-16,926207.8431145529
2025-09-17,918906.9158031197
2025-09-18,915382.3566974712
2025-09-19,924697.2766248323
2025-09-22,941061.4108005229
2025-09-23,944837.6829692749
2025-09-24,936529.8073683942
2025-09-25,940306.0795371463
2025-09-26,945593.0142326516
2025-09-29,961201.8171449654
2025-09-30,969257.9796827425
2025-10-01,970516.7370723265
2025-10-02,967495.7001299183
2025-10-03,975300.1496045918
2025-10-06,993929.9894593138
2025-10-07,999216.8281177863
2025-10-08,1015329.2492303733
2025-10-09,996951.026401722
2025-10-10,1007272.9906555634
2025-10-13,1031441.5743059275
2025-10-14,1039749.4499068081
2025-10-15,1056868.8193088425
2025-10-16,1081289.1160223102
2025-10-17,1060896.900577731
2025-10-20,1099163.7206506885
2025-10-21,1031189.7652057909
2025-10-22,1029679.2947531032
2025-10-23,1032952.0447586151
2025-10-24,1029679.2947531033
2025-10-27,1000979.1076706105
2025-10-28,993678.2763962102
2025-10-29,989901.9081904254
2025-10-30,1009287.0793085241
2025-10-31,1004251.9537131554
2025-11-03,1006517.7554292196
2025-11-04,988643.1508008413
2025-11-05,999972.159381163
2025-11-06,998965.1150546826
2025-11-07,1005007.1889394989
2025-11-10,1031945.0964691675
2025-11-11,1036224.8908011595
2025-11-12,1053344.260203194
2025-11-13,1044784.5755021769
2025-11-14,1025902.9265473182
2025-11-17,1014322.2049038928
2025-11-18,1021623.1322153261
2025-11-19,1022881.8896049102
2025-11-20,1022881.8896049102
2025-11-21,1020616.0878888457
2025-11-24,1037231.93512764
2025-11-25,1037231.93512764
2025-11-26,1045288.0976654171
2025-11-28,1058127.5766984264
2025-12-01,1063162.7022937953
2025-12-02,1056617.1062457387
2025-12-03,1055861.774982362
2025-12-04,1056365.2971456023
2025-12-05,1054351.3045296744
2025-12-08,1052085.50281361
2025-12-09,1057372.3414720828
2025-12-10,1061400.4227409712
2025-12-11,1072981.1443843965
2025-12-12,1078771.5052061093
2025-12-15,1080533.7847589334
2025-12-16,1080282.0716958297
2025-12-17,1089848.8007233273
2025-12-18,1087582.999007263
2025-12-19,1089093.4694599507
2025-12-22,1114269.0013997622
2025-12-23,1128619.142959525
2025-12-24,1124339.2525905
2025-12-26,1137430.540723646
2025-12-29,1087582.9990072632
2025-12-30,1089596.9916231912
2025-12-31,1082296.160348791
2026-01-02,1087079.4768440234
2026-01-05,1115527.8548263798
2026-01-06,1127612.0986330453
2026-01-07,1117290.134379204
2026-01-08,1123332.2082640203
2026-01-09,1131388.3708017971
2026-01-12,1152787.6305728566
2026-01-13,1151025.3510200325
2026-01-14,1162857.7857265614
2026-01-15,1155556.954452161
2026-01-16,1150018.306693552
2026-01-20,1194075.4875882221
2026-01-21,1211194.8569902566
2026-01-22,1233852.7781138672
2026-01-23,1250216.9122895577
2026-01-26,1268595.0390811763
2026-01-27,1299560.9318427006
2026-01-28,1349408.4735590834
2026-01-29,1354191.8860913487
2026-01-30,1220509.7769176178
2026-02-02,1168396.4334851706
2026-02-03,1240398.4701989566
2026-02-04,1239894.9480357163
2026-02-05,1206914.9666212315
2026-02-06,1242664.2719150211
2026-02-09,1274637.2090030257
2026-02-10,1262049.44303312
2026-02-11,1276903.0107190898
2026-02-12,1232845.8298244197
2026-02-13,1263056.3913225671
2026-02-17,1223782.622960162
2026-02-18,1251223.956616038
2026-02-19,1254496.8026585828
2026-02-20,1279168.812435154
2026-02-23,1314162.7864655668
2026-02-24,1296036.3727370522
2026-02-25,1293015.335794644
2026-02-26,1304092.5352748292
2026-02-27,1320960.19161376
2026-03-02,1338331.2740788984
2026-03-03,1278665.2902719143
2026-03-04,1288231.923262379
2026-03-05,1273630.1646765454
2026-03-06,1293015.3357946442
2026-03-09,1290246.0119153396
2026-03-10,1304847.866538206
2026-03-11,1300819.6892322847
2026-03-12,1275644.1572924731
2026-03-13,1258524.8839274715
2026-03-16,1257769.5526640948
2026-03-17,1254496.802658583
2026-03-18,1214971.1291590089
2026-03-19,1164620.0652793858
2026-03-20,1129374.3781858694
2026-03-23,1103443.611019714
2026-03-24,1104198.846246058
2026-03-25,1136675.3054973027
2026-03-26,1094883.926318697
2026-03-27,1132395.4151282776
2026-03-30,1132898.9372915179
2026-03-31,1175697.360796604
2026-04-01,1195837.7671410465
2026-04-02,1172424.5147540593
2026-04-06,1167892.9113219306
2026-04-07,1179221.9199022525
2026-04-08,1187026.3693769258
2026-04-09,1196593.0023673906
2026-04-10,1193823.6784880862
2026-04-13,1189543.884156094
2026-04-14,1215726.4604223857
2026-04-15,1203138.69445248
2026-04-16,1202131.6501259997
2026-04-17,1218243.9752015537
2026-04-20,1207922.0109477122
2026-04-21,1173683.2721436433
2026-04-22,1189292.17109299
2026-04-23,1177963.1625126684
2026-04-24,1184005.2363974848
2026-04-27,1174438.6034070202
2026-04-28,1153039.3436359607
2026-04-29,1140703.3867661916
2026-04-30,1157570.9470680896
2026-05-01,1156815.7118417458
2026-05-04,1133150.650354622
2026-05-05,1142717.3793821195
2026-05-06,1177459.6403494286
2026-05-07,1179725.4420654932
2026-05-08,1185012.280723966
2026-05-11,1187781.6046032705
2026-05-12,1182998.2881080383
2026-05-13,1176200.8829598452
2026-05-14,1167389.3891586915
2026-05-15,1140451.5776660556
2026-05-18,1143472.6146084638
2026-05-19,1124590.965653605
2026-05-20,1140451.5776660556
2026-05-21,1139444.5333395752
2026-05-22,1131136.6577386945
2026-05-26,1130884.848638558
2026-05-27,1116031.3769896207
2026-05-28,1127863.8116961499
2026-05-29,1140199.864602952
2026-06-01,1123835.7304272614
2026-06-02,1125598.0099800855
2026-06-03,1114772.5235630039
2026-06-04,1123835.7304272612
2026-06-05,1083051.3955751357
2026-06-08,1085317.1972912
2026-06-09,1068197.8278891656
2026-06-10,1024140.6469944954
2026-06-11,1055358.2528191234
2026-06-12,1056365.2971456037
2026-06-15,1084310.1529647198
2026-06-16,1087079.4768440244
2026-06-17,1062407.467067453
2026-06-18,1057875.8636353244
2026-06-22,1051330.171550235
2026-06-23,1031693.2873690325
2026-06-24,1000223.8724442681
2026-06-25,1010294.1236350059
2026-06-26,1021119.6100520875
2026-06-29,1007272.9906555648
2026-06-30,1007272.9906555648
2026-07-01,1013566.8736405176
2026-07-02,1033707.3760219931
2026-07-06,1044784.5755021784
2026-07-07,1032448.5225953764
2026-07-08,1023888.8378943591
2026-07-09,1033959.089085097
2026-07-10,1030434.5299794485
2026-07-13,1004000.240650053
2026-07-14,1017091.528783199
2026-07-15,1017343.2418463026
2026-07-16,997958.0707282039
2026-07-17,1007021.2775924612
2026-07-20,1005258.998039637
2026-07-21,1024895.8822208395
2026-07-22,1036476.603864265
2026-07-23,1015832.6753565822
2026-07-24,1016839.7196830624
2026-07-27,1024392.3600575993
2026-07-28,1010294.1236350059
2026-07-29,1015077.4401302382
2026-07-30,1031441.5743059288
2026-07-31,1016336.1975198222
2026-08-03,1016588.0066199587
2026-08-04,1023385.4117681517
2026-08-05,1065428.5040098613
2026-08-06,1065680.3131099977
2026-08-07,1089848.800723329
2026-08-10,1101177.8093036509
