date,value
1987-12-31,10000
1988-01-04,9808.8
1988-01-05,9780.13
1988-01-06,9566.22
1988-01-07,9522.04
1988-01-08,9614.72
1988-01-11,9384.68
1988-01-12,9439.58
1988-01-13,9488.63
1988-01-14,9412.4
1988-01-15,9519.75
1988-01-18,9530.95
1988-01-19,9623.93
1988-01-20,9495.12
1988-01-21,9262.51
1988-01-22,9203.07
1988-01-25,9023.72
1988-01-26,9146.87
1988-01-27,9101.72
1988-01-28,9053.97
1988-01-29,9116.47
1988-02-01,8999.21
1988-02-02,8897.97
1988-02-03,8853.6
1988-02-04,8786.75
1988-02-05,8945.5
1988-02-08,8891.22
1988-02-09,8662.53
1988-02-10,8594.99
1988-02-11,8571.75
1988-02-12,8759.51
1988-02-16,8804.68
1988-02-17,8779.85
1988-02-18,8984.78
1988-02-19,9106.55
1988-02-22,9127.47
1988-02-23,9260.62
1988-02-24,9471.82
1988-02-25,9421.85
1988-02-26,9440.44
1988-02-29,9471.56
1988-03-01,9481.45
1988-03-02,9703.48
1988-03-03,9666.36
1988-03-04,9489.55
1988-03-07,9456.92
1988-03-08,9462.73
1988-03-09,9339.36
1988-03-10,9412.49
1988-03-11,9489.44
1988-03-14,9559.72
1988-03-15,9428.77
1988-03-16,9398.68
1988-03-17,9516.56
1988-03-18,9607.93
1988-03-21,9546.86
1988-03-22,9458.53
1988-03-23,9254.89
1988-03-24,9331.68
1988-03-25,9381.34
1988-03-28,9283.15
1988-03-29,9366.81
1988-03-30,9344.02
1988-03-31,9295.32
1988-04-04,9287.99
1988-04-05,9167.21
1988-04-06,9077.15
1988-04-07,9045.02
1988-04-08,9050.66
1988-04-11,8885.91
1988-04-12,8880.92
1988-04-13,8903.03
1988-04-14,8806.83
1988-04-15,8917
1988-04-18,8939.23
1988-04-19,9035.31
1988-04-20,9102.87
1988-04-21,8994.62
1988-04-22,8985.21
1988-04-25,8986.08
1988-04-26,9034.38
1988-04-27,9227.79
1988-04-28,9129.22
1988-04-29,9037.24
1988-05-02,9085.86
1988-05-03,9096.18
1988-05-04,9133.3
1988-05-05,9141.83
1988-05-06,9248.04
1988-05-09,9285.04
1988-05-10,9182.36
1988-05-11,9308.49
1988-05-12,9559.38
1988-05-13,9651.28
1988-05-16,9644.37
1988-05-17,9538.32
1988-05-18,9329.04
1988-05-19,9379.09
1988-05-20,9357.77
1988-05-23,9480.42
1988-05-24,9585.86
1988-05-25,9599.48
1988-05-26,9633.95
1988-05-27,9742.5
1988-05-31,9733.11
1988-06-01,9876.79
1988-06-02,9935.35
1988-06-03,9932.05
1988-06-06,9990.77
1988-06-07,10197.98
1988-06-08,10292.56
1988-06-09,10606.74
1988-06-10,10585.49
1988-06-13,10528.42
1988-06-14,10546.62
1988-06-15,10545.98
1988-06-16,10635.69
1988-06-17,10673.46
1988-06-20,10879.96
1988-06-21,10855.36
1988-06-22,10972.11
1988-06-23,11085.4
1988-06-24,11385.64
1988-06-27,11360.71
1988-06-28,11399.98
1988-06-29,11459.79
1988-06-30,11564.62
1988-07-01,11698.99
1988-07-05,11391.34
1988-07-06,11326.81
1988-07-07,11306.44
1988-07-08,11173.67
1988-07-11,11162.9
1988-07-12,11231.43
1988-07-13,11081.4
1988-07-14,11071.63
1988-07-15,11150.11
1988-07-18,11057.66
1988-07-19,10929.76
1988-07-20,10769.31
1988-07-21,10626.34
1988-07-22,10451.78
1988-07-25,10464.7
1988-07-26,10371.52
1988-07-27,10191.88
1988-07-28,10174.51
1988-07-29,10231.08
1988-08-01,10248.93
1988-08-02,10389.73
1988-08-03,10607.58
1988-08-04,10518.65
1988-08-05,10744.26
1988-08-08,10719.68
1988-08-09,10781.3
1988-08-10,10748.13
1988-08-11,10606.46
1988-08-12,10487.7
1988-08-15,10597.42
1988-08-16,10688.95
1988-08-17,10485.65
1988-08-18,10541.28
1988-08-19,10650.17
1988-08-22,10750.91
1988-08-23,11065.24
1988-08-24,10807.82
1988-08-25,10834.61
1988-08-26,10941.14
1988-08-29,11024.59
1988-08-30,11283.63
1988-08-31,11284.46
1988-09-01,11434.13
1988-09-02,11374.05
1988-09-06,11344.52
1988-09-07,11170.22
1988-09-08,11285.04
1988-09-09,11397.02
1988-09-12,11409.84
1988-09-13,11429.55
1988-09-14,11483.06
1988-09-15,11486.99
1988-09-16,11468.14
1988-09-19,11414.38
1988-09-20,11510.65
1988-09-21,11633.65
1988-09-22,11593.88
1988-09-23,11773.78
1988-09-26,11849.88
1988-09-27,11692.31
1988-09-28,11829.68
1988-09-29,11674.05
1988-09-30,11562.42
1988-10-03,11520.19
1988-10-04,11543.82
1988-10-05,11529.06
1988-10-06,11559.5
1988-10-07,11475.66
1988-10-10,11264.92
1988-10-11,11282.95
1988-10-12,11323.77
1988-10-13,11142.64
1988-10-14,11179.91
1988-10-17,11180.65
1988-10-18,11232.31
1988-10-19,11130.31
1988-10-20,11242.47
1988-10-21,11300.87
1988-10-24,11259.77
1988-10-25,11190.62
1988-10-26,11287.54
1988-10-27,11229.48
1988-10-28,11175.21
1988-10-31,11381.6
1988-11-01,11556.11
1988-11-02,11538.56
1988-11-03,11632.44
1988-11-04,11605.37
1988-11-07,11497.8
1988-11-08,11357.3
1988-11-09,11340.12
1988-11-10,11526.86
1988-11-11,11649.21
1988-11-14,11668.23
1988-11-15,11750.82
1988-11-16,11723.74
1988-11-17,11583.3
1988-11-18,11472.43
1988-11-21,11576.79
1988-11-22,11634.96
1988-11-23,11759.59
1988-11-25,11694.75
1988-11-28,11780.12
1988-11-29,11746.11
1988-11-30,11523.19
1988-12-01,11611.62
1988-12-02,11548.64
1988-12-05,11402.17
1988-12-06,11495.57
1988-12-07,11535.81
1988-12-08,11539.42
1988-12-09,11566.04
1988-12-12,11552.22
1988-12-13,11499.96
1988-12-14,11475.8
1988-12-15,11454.21
1988-12-16,11522.81
1988-12-19,11536.58
1988-12-20,11461.45
1988-12-21,11544.83
1988-12-22,11536.36
1988-12-23,11661.61
1988-12-27,11869.79
1988-12-28,11727.26
1988-12-29,11645.87
1988-12-30,11599.93
1989-01-03,11431.24
1989-01-04,11361.4
1989-01-05,11504.51
1989-01-06,11630.61
1989-01-09,11781.11
1989-01-10,11990.39
1989-01-11,11715.35
1989-01-12,11529.46
1989-01-13,11452.16
1989-01-16,11629.38
1989-01-17,11630.3
1989-01-18,11840.11
1989-01-19,11753.17
1989-01-20,11645.69
1989-01-23,11635.46
1989-01-24,11665.24
1989-01-25,11619.48
1989-01-26,11484.08
1989-01-27,11603.38
1989-01-30,11755.33
1989-01-31,11533.88
1989-02-01,11523.84
1989-02-02,11356.53
1989-02-03,11352.67
1989-02-06,11248.18
1989-02-07,11248
1989-02-08,11491.84
1989-02-09,11472.82
1989-02-10,11366.61
1989-02-13,11413.95
1989-02-14,11574.59
1989-02-15,11696.79
1989-02-16,11463.95
1989-02-17,11390.26
1989-02-21,11299.36
1989-02-22,11386.51
1989-02-23,11191.68
1989-02-24,11098.59
1989-02-27,11021
1989-02-28,11177.96
1989-03-01,11068.01
1989-03-02,11210.7
1989-03-03,11314.07
1989-03-06,11176.09
1989-03-07,11255.09
1989-03-08,11153.68
1989-03-09,11270.34
1989-03-10,11335.97
1989-03-13,11385.18
1989-03-14,11607.46
1989-03-15,11530.12
1989-03-16,11594.68
1989-03-17,11480.37
1989-03-20,11575.95
1989-03-21,11744.37
1989-03-22,11818.79
1989-03-23,11937.54
1989-03-27,11980.77
1989-03-28,12150.5
1989-03-29,12210.73
1989-03-30,12347.47
1989-03-31,12406.77
1989-04-03,12459.19
1989-04-04,12531.49
1989-04-05,12661.72
1989-04-06,12943.08
1989-04-07,12798.47
1989-04-10,12686.56
1989-04-11,12488.45
1989-04-12,12414.49
1989-04-13,12358.59
1989-04-14,12536.53
1989-04-17,12811.39
1989-04-18,13154.31
1989-04-19,13275.46
1989-04-20,13305.9
1989-04-21,13153.66
1989-04-24,13060.65
1989-04-25,13248.17
1989-04-26,13272.24
1989-04-27,12883
1989-04-28,12875.2
1989-05-01,12766.92
1989-05-02,12840.82
1989-05-03,12870.21
1989-05-04,12919.97
1989-05-05,13150.73
1989-05-08,13166.55
1989-05-09,13079.68
1989-05-10,12942.11
1989-05-11,13160.51
1989-05-12,13157.45
1989-05-15,13280.58
1989-05-16,13314.79
1989-05-17,13481.86
1989-05-18,13292.96
1989-05-19,13006.02
1989-05-22,12860.57
1989-05-23,12985.41
1989-05-24,13042.4
1989-05-25,13211.33
1989-05-26,13445.83
1989-05-30,13451.99
1989-05-31,13592.99
1989-06-01,13616.08
1989-06-02,13821.56
1989-06-05,13682.51
1989-06-06,13490.96
1989-06-07,13369.39
1989-06-08,13528.35
1989-06-09,13662.53
1989-06-12,13768.75
1989-06-13,13691.38
1989-06-14,13874.12
1989-06-15,13892.38
1989-06-16,13778.99
1989-06-19,13524.08
1989-06-20,13387.44
1989-06-21,13384.77
1989-06-22,13442.9
1989-06-23,13496.7
1989-06-26,13532.57
1989-06-27,13804.56
1989-06-28,13914.76
1989-06-29,14005.34
1989-06-30,13825.44
1989-07-03,13760.04
1989-07-05,13993.48
1989-07-06,13960.37
1989-07-07,13842.84
1989-07-10,13642.36
1989-07-11,13717.76
1989-07-12,13760.02
1989-07-13,14211.94
1989-07-14,14473.15
1989-07-17,14566.41
1989-07-18,14599.57
1989-07-19,14636.89
1989-07-20,14926.62
1989-07-21,14574.26
1989-07-24,14456.8
1989-07-25,14239.6
1989-07-26,14095.76
1989-07-27,14262.59
1989-07-28,14442.6
1989-07-31,14666.64
1989-08-01,14338.65
1989-08-02,14415.36
1989-08-03,14267.67
1989-08-04,14439.16
1989-08-07,14475.35
1989-08-08,14632.97
1989-08-09,14627.46
1989-08-10,14798.5
1989-08-11,14892.64
1989-08-14,14382.28
1989-08-15,14347.81
1989-08-16,14275.01
1989-08-17,14370.98
1989-08-18,14487.93
1989-08-21,14250.24
1989-08-22,14171.4
1989-08-23,14294.31
1989-08-24,14078.53
1989-08-25,14012.47
1989-08-28,14193.34
1989-08-29,14228.06
1989-08-30,14309.26
1989-08-31,14552.01
1989-09-01,14490.86
1989-09-05,14605.26
1989-09-06,14342.28
1989-09-07,14387.94
1989-09-08,14122.61
1989-09-11,14072.07
1989-09-12,14061.96
1989-09-13,14221.44
1989-09-14,14212.24
1989-09-15,14222.67
1989-09-18,14155.99
1989-09-19,14065.34
1989-09-20,14247.82
1989-09-21,14125.13
1989-09-22,14247.36
1989-09-25,14373.38
1989-09-26,14495.1
1989-09-27,14712.55
1989-09-28,14861.58
1989-09-29,15037.01
1989-10-02,14923.55
1989-10-03,14913.4
1989-10-04,15124.81
1989-10-05,15225.45
1989-10-06,15388.75
1989-10-09,15328.31
1989-10-10,15053.03
1989-10-11,15159.39
1989-10-12,15150.96
1989-10-13,15180.86
1989-10-16,15336.59
1989-10-17,15355.65
1989-10-18,15340.03
1989-10-19,15234.74
1989-10-20,15368.39
1989-10-23,15340.53
1989-10-24,15462.28
1989-10-25,15258.36
1989-10-26,15027.56
1989-10-27,14997.55
1989-10-30,14945.26
1989-10-31,15143.51
1989-11-01,15101.34
1989-11-02,14938.35
1989-11-03,15022.19
1989-11-06,15035.66
1989-11-07,15352.43
1989-11-08,15610.49
1989-11-09,15520.56
1989-11-10,15707.21
1989-11-13,15794.32
1989-11-14,15573.99
1989-11-15,15683.17
1989-11-16,15538.16
1989-11-17,15688.15
1989-11-20,15577.33
1989-11-21,15434.71
1989-11-22,15342.97
1989-11-24,15262.22
1989-11-27,14974.96
1989-11-28,14685.22
1989-11-29,14744.74
1989-11-30,14877.92
1989-12-01,15251.06
1989-12-04,15260.51
1989-12-05,15345.04
1989-12-06,15268.32
1989-12-07,15457.75
1989-12-08,15431.66
1989-12-11,15424.13
1989-12-12,15372.15
1989-12-13,15252.19
1989-12-14,15338.84
1989-12-15,15141.09
1989-12-18,15071.46
1989-12-19,14990.85
1989-12-20,15182.29
1989-12-21,15304.27
1989-12-22,15493.7
1989-12-26,15302.89
1989-12-27,15442.69
1989-12-28,15583.42
1989-12-29,15793.98
1990-01-02,15907.48
1990-01-03,16278.86
1990-01-04,16508.66
1990-01-05,16297.14
1990-01-08,16491.87
1990-01-09,16607.64
1990-01-10,16791.79
1990-01-11,16655.71
1990-01-12,16405.07
1990-01-15,16574.21
1990-01-16,16596.67
1990-01-17,16773.48
1990-01-18,16592.17
1990-01-19,16514.91
1990-01-22,16210.96
1990-01-23,16170.03
1990-01-24,16312.83
1990-01-25,16317.58
1990-01-26,16325.21
1990-01-29,16455.4
1990-01-30,16852.2
1990-01-31,16753.95
1990-02-01,16796.16
1990-02-02,16622.69
1990-02-05,16459.8
1990-02-06,16395.32
1990-02-07,16179.51
1990-02-08,16144.74
1990-02-09,16175.27
1990-02-12,16369.07
1990-02-13,16220.28
1990-02-14,16372.58
1990-02-15,16776.4
1990-02-16,16790.69
1990-02-20,16650.97
1990-02-21,16530.7
1990-02-22,16728.63
1990-02-23,16785.07
1990-02-26,16490.43
1990-02-27,16567.56
1990-02-28,16129.78
1990-03-01,15945.21
1990-03-02,15985.49
1990-03-05,15675.28
1990-03-06,15675.61
1990-03-07,15584.63
1990-03-08,15727.63
1990-03-09,15715.01
1990-03-12,15688.19
1990-03-13,15858.95
1990-03-14,15619.75
1990-03-15,15888.9
1990-03-16,16101.1
1990-03-19,16307.56
1990-03-20,16255.59
1990-03-21,16339.96
1990-03-22,16416.87
1990-03-23,16250.05
1990-03-26,16388.51
1990-03-27,16458.28
1990-03-28,16413.72
1990-03-29,16178.29
1990-03-30,16167.26
1990-04-02,16118.15
1990-04-03,15998.46
1990-04-04,15777.5
1990-04-05,15842.07
1990-04-06,16035.96
1990-04-09,16062.17
1990-04-10,15999.83
1990-04-11,15912.65
1990-04-12,16060.38
1990-04-16,15692.69
1990-04-17,15725.09
1990-04-18,15772.29
1990-04-19,15516.38
1990-04-20,15766.79
1990-04-23,15825.17
1990-04-24,16096.04
1990-04-25,16061.04
1990-04-26,15930.75
1990-04-27,15791.39
1990-04-30,15962.24
1990-05-01,15715.89
1990-05-02,15814.28
1990-05-03,16155.64
1990-05-04,16369.76
1990-05-07,16452.55
1990-05-08,16294.07
1990-05-09,16463.33
1990-05-10,16415.28
1990-05-11,16542.67
1990-05-14,16296.41
1990-05-15,16433.78
1990-05-16,16369.75
1990-05-17,15940.49
1990-05-18,15946.92
1990-05-21,16135.6
1990-05-22,16170.3
1990-05-23,16175.07
1990-05-24,16080.43
1990-05-25,15862.92
1990-05-29,15888.17
1990-05-30,15746.43
1990-05-31,15656.22
1990-06-01,15453.3
1990-06-04,15633.46
1990-06-05,15632.84
1990-06-06,15584.5
1990-06-07,15819.59
1990-06-08,15504.89
1990-06-11,15646.8
1990-06-12,15552.78
1990-06-13,15329.33
1990-06-14,15255.98
1990-06-15,15127.15
1990-06-18,15594.49
1990-06-19,15732.19
1990-06-20,15830.61
1990-06-21,16058.28
1990-06-22,16138.91
1990-06-25,16176.76
1990-06-26,16366.51
1990-06-27,16548.47
1990-06-28,16905.62
1990-06-29,16968.38
1990-07-02,16577.9
1990-07-03,16803.43
1990-07-05,17174.43
1990-07-06,16946.15
1990-07-09,16724.36
1990-07-10,16954.06
1990-07-11,17072.7
1990-07-12,17238.04
1990-07-13,17334.17
1990-07-16,17257.47
1990-07-17,17023.99
1990-07-18,16829.38
1990-07-19,16628.58
1990-07-20,16560.21
1990-07-23,16402.49
1990-07-24,16547.12
1990-07-25,16312.41
1990-07-26,16374.24
1990-07-27,16562.86
1990-07-30,16566.59
1990-07-31,16584.28
1990-08-01,16727.19
1990-08-02,16489.53
1990-08-03,16696.04
1990-08-06,16960.86
1990-08-07,17137.29
1990-08-08,17179.26
1990-08-09,17254.6
1990-08-10,17337.54
1990-08-13,17402.5
1990-08-14,17532.87
1990-08-15,17473.15
1990-08-16,17259.58
1990-08-17,17191.63
1990-08-20,16990.13
1990-08-21,17232.9
1990-08-22,17293.96
1990-08-23,17498.96
1990-08-24,17645.62
1990-08-27,18070.84
1990-08-28,18050.45
1990-08-29,18010.58
1990-08-30,18083.67
1990-08-31,18305.68
1990-09-04,18469.12
1990-09-05,18683.01
1990-09-06,18883.34
1990-09-07,19146.92
1990-09-10,19160.41
1990-09-11,18925.71
1990-09-12,19022.68
1990-09-13,19216.09
1990-09-14,19271.95
1990-09-17,19365.35
1990-09-18,19485.97
1990-09-19,19688.04
1990-09-20,19986.28
1990-09-21,19793.78
1990-09-24,20041.31
1990-09-25,20419.56
1990-09-26,20237.54
1990-09-27,20769.56
1990-09-28,20786.1
1990-10-01,20646.95
1990-10-02,20715.55
1990-10-03,20659.2
1990-10-04,20497.51
1990-10-05,20243.36
1990-10-08,20145.62
1990-10-09,20136.9
1990-10-10,20325.79
1990-10-11,20126.5
1990-10-12,20059.05
1990-10-15,19878.54
1990-10-16,19912.12
1990-10-17,19795.61
1990-10-18,19557.77
1990-10-19,19955.55
1990-10-22,19913.7
1990-10-23,19950.85
1990-10-24,19869.75
1990-10-25,19991.52
1990-10-26,20195.34
1990-10-29,20359.26
1990-10-30,20751.68
1990-10-31,20653.43
1990-11-01,20622.02
1990-11-02,20507.82
1990-11-05,20385.66
1990-11-06,20095.33
1990-11-07,20246.58
1990-11-08,20080.18
1990-11-09,19954.95
1990-11-12,20371.31
1990-11-13,20152.83
1990-11-14,20166.49
1990-11-15,20349.1
1990-11-16,20422.57
1990-11-19,20785.99
1990-11-20,20718.14
1990-11-21,20673.71
1990-11-23,20261.08
1990-11-26,20428.96
1990-11-27,20043.1
1990-11-28,20218.14
1990-11-29,20451.96
1990-11-30,20501.73
1990-12-03,20286.3
1990-12-04,20510.78
1990-12-05,20501.31
1990-12-06,20648.11
1990-12-07,20619.94
1990-12-10,20850.08
1990-12-11,20953.71
1990-12-12,20895.58
1990-12-13,20918.84
1990-12-14,20759.85
1990-12-17,21051.75
1990-12-18,21006.25
1990-12-19,20729.36
1990-12-20,20867.69
1990-12-21,21089.3
1990-12-24,21205.07
1990-12-26,21032.32
1990-12-27,20712.76
1990-12-28,20732.12
1990-12-31,21015.68
1991-01-02,20643.88
1991-01-03,20484.05
1991-01-04,20377.04
1991-01-07,20259.76
1991-01-08,20123.23
1991-01-09,20097.79
1991-01-10,19938.9
1991-01-11,20190.56
1991-01-14,20053.73
1991-01-15,19692.89
1991-01-16,19830.26
1991-01-17,19478.64
1991-01-18,19573.06
1991-01-21,19351.53
1991-01-22,19417.28
1991-01-23,19950.69
1991-01-24,19793.76
1991-01-25,19853.47
1991-01-28,19884.7
1991-01-29,19726.54
1991-01-30,19981.17
1991-01-31,20459.47
1991-02-01,20173.25
1991-02-04,20045.74
1991-02-05,20034.41
1991-02-06,20189.41
1991-02-07,19817.77
1991-02-08,20097.84
1991-02-11,19820.01
1991-02-12,19712.87
1991-02-13,19713.78
1991-02-14,19899.05
1991-02-15,19596.21
1991-02-19,19779.91
1991-02-20,19902.62
1991-02-21,20204
1991-02-22,20157.78
1991-02-25,20409
1991-02-26,20470.09
1991-02-27,20923.24
1991-02-28,20936.31
1991-03-01,21021.47
1991-03-04,20726.11
1991-03-05,20508.22
1991-03-06,20354.31
1991-03-07,20306.5
1991-03-08,19840.05
1991-03-11,19543.56
1991-03-12,19602.89
1991-03-13,19935.78
1991-03-14,19920.58
1991-03-15,19808.42
1991-03-18,19664.51
1991-03-19,19871.63
1991-03-20,19624.42
1991-03-21,20041.73
1991-03-22,19848.76
1991-03-25,19927.86
1991-03-26,20126.79
1991-03-27,20053.94
1991-03-28,19580.47
1991-04-01,19349.42
1991-04-02,19161.03
1991-04-03,19236.42
1991-04-04,19289.79
1991-04-05,19498.67
1991-04-08,19896.72
1991-04-09,20128.34
1991-04-10,19838.1
1991-04-11,19633.99
1991-04-12,20135.18
1991-04-15,19935.73
1991-04-16,20240.27
1991-04-17,20387.04
1991-04-18,20462.05
1991-04-19,20348.01
1991-04-22,20184.81
1991-04-23,20210.4
1991-04-24,19935.26
1991-04-25,19911.59
1991-04-26,19965.24
1991-04-29,19893.68
1991-04-30,19959.45
1991-05-01,19947.92
1991-05-02,19755.77
1991-05-03,20138.41
1991-05-06,20018.9
1991-05-07,20333.37
1991-05-08,20556.23
1991-05-09,20945.85
1991-05-10,20729.57
1991-05-13,20708.6
1991-05-14,20478.38
1991-05-15,20512.22
1991-05-16,20624.81
1991-05-17,20396.33
1991-05-20,20253.47
1991-05-21,20357.79
1991-05-22,20563.06
1991-05-23,20176.92
1991-05-24,20094.7
1991-05-28,19685.41
1991-05-29,19765.72
1991-05-30,19589.57
1991-05-31,19642.61
1991-06-03,19680.76
1991-06-04,19797.54
1991-06-05,19907.71
1991-06-06,19820.29
1991-06-07,19415.12
1991-06-10,19495.31
1991-06-11,19479.62
1991-06-12,19545.74
1991-06-13,19118.36
1991-06-14,19199.73
1991-06-17,19387.32
1991-06-18,19044.3
1991-06-19,19454.2
1991-06-20,19860.71
1991-06-21,20070.56
1991-06-24,20102.97
1991-06-25,20290.24
1991-06-26,20401.83
1991-06-27,20507.35
1991-06-28,20020.94
1991-07-01,20110.74
1991-07-02,20127.79
1991-07-03,20166.96
1991-07-05,20193.9
1991-07-08,19877.4
1991-07-09,19939.2
1991-07-10,19691.14
1991-07-11,19239.41
1991-07-12,18824.21
1991-07-15,18550.76
1991-07-16,18552.58
1991-07-17,18486.76
1991-07-18,18615.4
1991-07-19,18735.71
1991-07-22,18688.01
1991-07-23,18255.66
1991-07-24,18458.29
1991-07-25,18099.65
1991-07-26,17716.69
1991-07-29,17721.43
1991-07-30,17622.75
1991-07-31,17463.05
1991-08-01,17200.84
1991-08-02,17185.95
1991-08-05,16846.67
1991-08-06,16669.13
1991-08-07,16572.55
1991-08-08,16657.63
1991-08-09,16496.85
1991-08-12,16755.42
1991-08-13,16689.24
1991-08-14,16851.87
1991-08-15,17009.19
1991-08-16,16838.13
1991-08-19,17152.84
1991-08-20,16992.58
1991-08-21,16947.19
1991-08-22,16823.11
1991-08-23,17048.09
1991-08-26,17242.95
1991-08-27,17257.24
1991-08-28,17006.07
1991-08-29,16979.98
1991-08-30,17250.45
1991-09-03,17429.51
1991-09-04,17628.27
1991-09-05,17498.08
1991-09-06,17547.86
1991-09-09,17441.38
1991-09-10,17810.27
1991-09-11,17577.25
1991-09-12,17735.5
1991-09-13,17478.64
1991-09-16,17449.06
1991-09-17,17426.45
1991-09-18,17286.08
1991-09-19,17438.71
1991-09-20,17506.86
1991-09-23,17439.44
1991-09-24,17349.97
1991-09-25,17300.02
1991-09-26,17326.56
1991-09-27,17440.71
1991-09-30,17591.87
1991-10-01,17628.64
1991-10-02,17797.85
1991-10-03,17761.96
1991-10-04,17934.67
1991-10-07,17944.81
1991-10-08,18162.61
1991-10-09,18099.54
1991-10-10,18077.15
1991-10-11,17869.42
1991-10-14,17860.38
1991-10-15,18141.68
1991-10-16,17821.44
1991-10-17,17815.94
1991-10-18,17685.08
1991-10-21,18011.54
1991-10-22,18260.66
1991-10-23,18041.68
1991-10-24,18162.7
1991-10-25,18505.4
1991-10-28,18615.78
1991-10-29,18285.84
1991-10-30,18316.08
1991-10-31,18563.56
1991-11-01,18561
1991-11-04,18534.08
1991-11-05,18618.13
1991-11-06,18691.56
1991-11-07,18765.64
1991-11-08,18622.94
1991-11-11,18859.82
1991-11-12,18652.49
1991-11-13,18179.88
1991-11-14,18185.99
1991-11-15,18388.28
1991-11-18,18530.61
1991-11-19,18719.51
1991-11-20,18316.42
1991-11-21,17917.73
1991-11-22,17974.38
1991-11-25,18033.91
1991-11-26,17991.9
1991-11-27,18078.26
1991-11-29,18227.64
1991-12-02,18343.73
1991-12-03,18690.7
1991-12-04,18476.28
1991-12-05,18222.9
1991-12-06,18154.42
1991-12-09,17903.27
1991-12-10,18160.56
1991-12-11,18099.68
1991-12-12,17937.04
1991-12-13,18046.99
1991-12-16,17984.34
1991-12-17,17950.48
1991-12-18,18267.7
1991-12-19,18187.15
1991-12-20,18425.07
1991-12-23,18636.22
1991-12-24,18743.12
1991-12-26,18923.25
1991-12-27,18896.57
1991-12-30,18885.92
1991-12-31,19016.22
1992-01-02,18613.42
1992-01-03,18578.27
1992-01-06,18832.53
1992-01-07,18914.91
1992-01-08,19010.38
1992-01-09,18609.38
1992-01-10,18330.14
1992-01-13,18238.25
1992-01-14,18185.52
1992-01-15,17917.07
1992-01-16,17904.52
1992-01-17,18298.51
1992-01-20,18382.78
1992-01-21,18447.82
1992-01-22,18466.14
1992-01-23,18422.15
1992-01-24,18343.18
1992-01-27,18168.25
1992-01-28,18269.11
1992-01-29,18302
1992-01-30,18245.25
1992-01-31,18205.1
1992-02-03,18228.1
1992-02-04,18230.8
1992-02-05,18334.16
1992-02-06,18419.22
1992-02-07,18504.48
1992-02-10,18337.85
1992-02-11,18239.47
1992-02-12,18104.62
1992-02-13,17928.44
1992-02-14,17971.76
1992-02-18,17941.47
1992-02-19,17888.47
1992-02-20,17894.88
1992-02-21,17809.99
1992-02-24,17766.24
1992-02-25,17782.97
1992-02-26,17978.44
1992-02-27,17989.75
1992-02-28,17979.17
1992-03-02,17970.15
1992-03-03,17753.64
1992-03-04,17603.87
1992-03-05,17551.68
1992-03-06,17614.98
1992-03-09,17687.36
1992-03-10,17588.26
1992-03-11,17524.34
1992-03-12,17350.63
1992-03-13,17167.58
1992-03-16,17186.93
1992-03-17,17401.27
1992-03-18,17371.64
1992-03-19,17334.74
1992-03-20,17394.74
1992-03-23,17378.85
1992-03-24,17436.71
1992-03-25,17375.4
1992-03-26,17368.56
1992-03-27,17402.75
1992-03-30,17442.76
1992-03-31,17371.27
1992-04-01,17197.93
1992-04-02,17251.55
1992-04-03,17259.31
1992-04-06,17295.87
1992-04-07,17419.39
1992-04-08,17380.38
1992-04-09,17508.23
1992-04-10,17555.31
1992-04-13,17593.54
1992-04-14,17647.45
1992-04-15,17569.75
1992-04-16,17428.04
1992-04-20,17265.78
1992-04-21,17229.71
1992-04-22,17345.53
1992-04-23,17400.41
1992-04-24,17497.14
1992-04-27,17496.64
1992-04-28,17453.05
1992-04-29,17354.68
1992-04-30,17309.64
1992-05-01,17380.68
1992-05-04,17348.72
1992-05-05,17330.3
1992-05-06,17422.85
1992-05-07,17462.48
1992-05-08,17495.31
1992-05-11,17506.01
1992-05-12,17503.28
1992-05-13,17485.29
1992-05-14,17374
1992-05-15,17433.28
1992-05-18,17414.59
1992-05-19,17484.37
1992-05-20,17442.2
1992-05-21,17360.48
1992-05-22,17421.22
1992-05-26,17422.83
1992-05-27,17334.48
1992-05-28,17454.16
1992-05-29,17615.79
1992-06-01,17578.61
1992-06-02,17543.52
1992-06-03,17539.92
1992-06-04,17650.29
1992-06-05,17751.72
1992-06-08,17693.09
1992-06-09,17660.52
1992-06-10,17656.36
1992-06-11,17776.27
1992-06-12,17767.31
1992-06-15,17824.57
1992-06-16,17948.23
1992-06-17,17982.73
1992-06-18,17993.16
1992-06-19,17935.67
1992-06-22,17953.12
1992-06-23,17904.34
1992-06-24,18104.91
1992-06-25,18235.77
1992-06-26,18283.56
1992-06-29,18371.26
1992-06-30,18254.02
1992-07-01,18211.52
1992-07-02,18519.64
1992-07-06,18473.67
1992-07-07,18553.97
1992-07-08,18537.2
1992-07-09,18280.99
1992-07-10,18358.77
1992-07-13,18439.72
1992-07-14,18441.52
1992-07-15,18480
1992-07-16,18580.43
1992-07-17,18584.25
1992-07-20,18351.28
1992-07-21,18348.24
1992-07-22,18379
1992-07-23,18469.75
1992-07-24,18332.62
1992-07-27,18529.71
1992-07-28,18575.74
1992-07-29,18422.94
1992-07-30,18363.54
1992-07-31,18329.06
1992-08-03,18327.74
1992-08-04,18346.13
1992-08-05,18380.7
1992-08-06,18466.27
1992-08-07,18690.37
1992-08-10,18742.29
1992-08-11,18763.31
1992-08-12,18886.57
1992-08-13,18810.32
1992-08-14,18790.71
1992-08-17,18774.31
1992-08-18,18962.52
1992-08-19,19004.33
1992-08-20,19026.34
1992-08-21,19044.75
1992-08-24,19148.62
1992-08-25,19138.81
1992-08-26,19088.52
1992-08-27,19208.21
1992-08-28,19294.98
1992-08-31,19308.04
1992-09-01,19375.14
1992-09-02,19407.78
1992-09-03,19244.04
1992-09-04,19486.92
1992-09-08,19603.76
1992-09-09,19488.91
1992-09-10,19458.06
1992-09-11,19239.42
1992-09-14,19104.04
1992-09-15,18971.09
1992-09-16,18765.97
1992-09-17,18824.04
1992-09-18,18732.01
1992-09-21,18742.13
1992-09-22,18814.93
1992-09-23,18885.33
1992-09-24,18855.34
1992-09-25,18889.68
1992-09-28,19055.79
1992-09-29,19275.8
1992-09-30,19262.7
1992-10-01,19302.63
1992-10-02,19353.62
1992-10-05,19096.2
1992-10-06,18992.63
1992-10-07,18773.57
1992-10-08,18580.6
1992-10-09,18615.52
1992-10-12,18527.42
1992-10-13,18426.53
1992-10-14,18433.95
1992-10-15,18593.37
1992-10-16,18541.96
1992-10-19,18417.6
1992-10-20,18116.16
1992-10-21,18022.63
1992-10-22,17978.63
1992-10-23,17885.11
1992-10-26,17932.36
1992-10-27,17948.5
1992-10-28,17928.76
1992-10-29,17793.19
1992-10-30,17717.08
1992-11-02,17674.36
1992-11-03,17670.2
1992-11-04,17596.74
1992-11-05,17610.53
1992-11-06,17384.05
1992-11-09,17535.34
1992-11-10,17583.11
1992-11-11,17538.08
1992-11-12,17571.88
1992-11-13,17451.2
1992-11-16,17306.91
1992-11-17,17309.83
1992-11-18,17348.82
1992-11-19,17404.47
1992-11-20,17312.9
1992-11-23,17272.36
1992-11-24,17315.47
1992-11-25,17269.59
1992-11-27,17152.98
1992-11-30,17226.09
1992-12-01,17231.39
1992-12-02,17230.77
1992-12-03,17300.48
1992-12-04,17312.78
1992-12-07,17224.68
1992-12-08,17289.06
1992-12-09,17307.32
1992-12-10,17282.87
1992-12-11,17256.49
1992-12-14,17217.92
1992-12-15,17210.23
1992-12-16,17143.97
1992-12-17,17081.79
1992-12-18,17085.62
1992-12-21,17071.99
1992-12-22,17195.68
1992-12-23,17142.18
1992-12-24,17116.8
1992-12-28,17102.84
1992-12-29,17173.04
1992-12-30,17155.6
1992-12-31,17152.32
1993-01-04,17207.88
1993-01-05,17098.71
1993-01-06,17130.23
1993-01-07,17013.98
1993-01-08,16894.19
1993-01-11,16857.22
1993-01-12,16918.52
1993-01-13,16901.71
1993-01-14,16885.71
1993-01-15,16907.8
1993-01-18,16786.07
1993-01-19,16757.77
1993-01-20,16802.11
1993-01-21,16839.29
1993-01-22,16735.73
1993-01-25,16535.86
1993-01-26,16560.36
1993-01-27,16580.09
1993-01-28,16462.83
1993-01-29,16595.35
1993-02-01,16782.94
1993-02-02,16810.49
1993-02-03,16842.16
1993-02-04,16744.18
1993-02-05,16867.08
1993-02-08,16962.93
1993-02-09,16981.49
1993-02-10,16945.89
1993-02-11,16916
1993-02-12,17070.46
1993-02-16,16982.44
1993-02-17,16998.29
1993-02-18,17026.84
1993-02-19,16986.1
1993-02-22,17053.01
1993-02-23,17010.3
1993-02-24,17063.21
1993-02-25,17059.19
1993-02-26,17062.42
1993-03-01,17100.29
1993-03-02,17057.86
1993-03-03,17130.64
1993-03-04,17047.26
1993-03-05,17204.14
1993-03-08,17306.2
1993-03-09,17241.21
1993-03-10,17281.45
1993-03-11,17275.56
1993-03-12,17127.82
1993-03-15,17269.91
1993-03-16,17232.68
1993-03-17,17304.89
1993-03-18,17243.23
1993-03-19,17351.99
1993-03-22,17398.61
1993-03-23,17355.68
1993-03-24,17342.09
1993-03-25,17361.47
1993-03-26,17261.55
1993-03-29,17248.09
1993-03-30,17282.46
1993-03-31,17293.62
1993-04-01,17221.76
1993-04-02,17287.61
1993-04-05,17287.78
1993-04-06,17500.82
1993-04-07,17536.25
1993-04-08,17641.9
1993-04-12,17663.72
1993-04-13,17665.68
1993-04-14,17732.6
1993-04-15,17865.25
1993-04-16,18053.96
1993-04-19,18090.65
1993-04-20,18142.23
1993-04-21,18303.41
1993-04-22,18478.84
1993-04-23,18266.31
1993-04-26,18102.96
1993-04-27,18175.56
1993-04-28,18085.06
1993-04-29,18036.59
1993-04-30,18042.76
1993-05-03,18024.71
1993-05-04,18113.84
1993-05-05,18110.53
1993-05-06,18126.71
1993-05-07,18157.59
1993-05-10,18110.69
1993-05-11,18185.56
1993-05-12,18236.31
1993-05-13,18327.82
1993-05-14,18427.11
1993-05-17,18382.34
1993-05-18,18269.25
1993-05-19,18245.9
1993-05-20,18211.92
1993-05-21,18264.3
1993-05-24,18125.69
1993-05-25,18212.08
1993-05-26,18284.3
1993-05-27,18279.67
1993-05-28,18249.18
1993-06-01,18306.89
1993-06-02,18332.68
1993-06-03,18372.51
1993-06-04,18577.19
1993-06-07,18603.11
1993-06-08,18700.06
1993-06-09,18777.45
1993-06-10,18880.2
1993-06-11,18958.3
1993-06-14,19050.08
1993-06-15,19118.59
1993-06-16,19099.81
1993-06-17,19212.4
1993-06-18,19184.32
1993-06-21,19174.74
1993-06-22,19208.93
1993-06-23,19331.72
1993-06-24,19498.13
1993-06-25,19586.08
1993-06-28,19694.02
1993-06-29,19568.67
1993-06-30,19771.31
1993-07-01,19692.62
1993-07-02,19735.75
1993-07-06,19738.24
1993-07-07,19878.03
1993-07-08,19874.47
1993-07-09,20045.2
1993-07-12,20102.33
1993-07-13,20036.73
1993-07-14,20187.13
1993-07-15,20187.73
1993-07-16,20229.65
1993-07-19,20044.48
1993-07-20,20071.1
1993-07-21,19977.73
1993-07-22,20110.03
1993-07-23,20109.28
1993-07-26,20218.35
1993-07-27,20149.04
1993-07-28,20159.49
1993-07-29,20403.01
1993-07-30,20463.45
1993-08-02,20348.47
1993-08-03,20363.15
1993-08-04,20235.5
1993-08-05,20209.86
1993-08-06,20208.14
1993-08-09,20177.96
1993-08-10,20347.88
1993-08-11,20297.3
1993-08-12,20143.71
1993-08-13,20139.2
1993-08-16,20025.61
1993-08-17,20054.37
1993-08-18,19922.07
1993-08-19,19704.79
1993-08-20,19586.85
1993-08-23,19598.9
1993-08-24,19525.23
1993-08-25,19610.8
1993-08-26,19458.78
1993-08-27,19448.88
1993-08-30,19469.32
1993-08-31,19566.63
1993-09-01,19507.99
1993-09-02,19392.6
1993-09-03,19378.3
1993-09-07,19325.36
1993-09-08,19253.08
1993-09-09,19080.15
1993-09-10,18965.78
1993-09-13,18834.62
1993-09-14,18739.65
1993-09-15,18486
1993-09-16,18631.98
1993-09-17,18593.9
1993-09-20,18482.21
1993-09-21,18386.92
1993-09-22,18367.21
1993-09-23,18373.36
1993-09-24,18364.49
1993-09-27,18476.47
1993-09-28,18563.15
1993-09-29,18394.37
1993-09-30,18206.74
1993-10-01,18218.38
1993-10-04,18339.63
1993-10-05,18402.2
1993-10-06,18409.25
1993-10-07,18433.7
1993-10-08,18566
1993-10-11,18532.02
1993-10-12,18596.6
1993-10-13,18572.8
1993-10-14,18533.21
1993-10-15,18662.58
1993-10-18,18596.05
1993-10-19,18637.78
1993-10-20,18676.71
1993-10-21,18546.35
1993-10-22,18553.05
1993-10-25,18565.49
1993-10-26,18672.92
1993-10-27,18600.2
1993-10-28,18746.49
1993-10-29,18839.94
1993-11-01,18652.72
1993-11-02,18644.63
1993-11-03,18667.03
1993-11-04,18672.47
1993-11-05,18640.33
1993-11-08,18733.53
1993-11-09,18953.83
1993-11-10,19059.06
1993-11-11,18992.48
1993-11-12,19129.2
1993-11-15,19152.93
1993-11-16,19165.27
1993-11-17,19200.28
1993-11-18,19240.44
1993-11-19,19169.06
1993-11-22,19089.73
1993-11-23,19150.9
1993-11-24,19160.22
1993-11-26,19305.45
1993-11-29,19471.58
1993-11-30,19418.56
1993-12-01,19551.6
1993-12-02,19630.05
1993-12-03,19719.93
1993-12-06,19808.36
1993-12-07,19862.76
1993-12-08,19905.72
1993-12-09,20056.9
1993-12-10,19847.61
1993-12-13,19978.94
1993-12-14,20052.9
1993-12-15,20091.55
1993-12-16,20200.19
1993-12-17,20261.13
1993-12-20,20379.88
1993-12-21,20503.93
1993-12-22,20544.68
1993-12-23,20620.7
1993-12-27,20744.19
1993-12-28,20788.01
1993-12-29,20819.92
1993-12-30,20890.8
1993-12-31,20909.06
1994-01-03,20794.3
1994-01-04,20658.84
1994-01-05,20362.28
1994-01-06,20370.84
1994-01-07,20532.99
1994-01-10,20601.22
1994-01-11,20415.24
1994-01-12,20574.85
1994-01-13,20491.94
1994-01-14,20182.64
1994-01-17,20093.15
1994-01-18,20134.92
1994-01-19,20065.75
1994-01-20,20104.26
1994-01-21,20022.7
1994-01-24,19942.96
1994-01-25,19817.89
1994-01-26,19641.07
1994-01-27,19510.96
1994-01-28,19553.29
1994-01-31,19585.41
1994-02-01,19455.94
1994-02-02,19395.09
1994-02-03,19236.56
1994-02-04,19218.42
1994-02-07,19345.83
1994-02-08,19358.65
1994-02-09,19553.44
1994-02-10,19573.39
1994-02-11,19581.15
1994-02-14,19802.94
1994-02-15,19855.97
1994-02-16,20005.54
1994-02-17,19827.47
1994-02-18,19709.49
1994-02-22,19702.03
1994-02-23,19652.58
1994-02-24,19460.24
1994-02-25,19522.69
1994-02-28,19595.61
1994-03-01,19342.09
1994-03-02,19266.23
1994-03-03,19279.19
1994-03-04,19445.6
1994-03-07,19612.9
1994-03-08,19569.01
1994-03-09,19557.03
1994-03-10,19565.13
1994-03-11,19546.51
1994-03-14,19606.65
1994-03-15,19611.9
1994-03-16,19600.5
1994-03-17,19670.91
1994-03-18,19655.73
1994-03-21,19566.38
1994-03-22,19494.98
1994-03-23,19643.2
1994-03-24,19724.46
1994-03-25,19693.76
1994-03-28,20017.98
1994-03-29,19883.82
1994-03-30,19934.61
1994-03-31,19890.85
1994-04-04,19706.97
1994-04-05,19365.58
1994-04-06,19414.82
1994-04-07,19443.05
1994-04-08,19452.48
1994-04-11,19281.77
1994-04-12,19296.45
1994-04-13,19408.36
1994-04-14,19361.67
1994-04-15,19326.94
1994-04-18,19558.59
1994-04-19,19545.58
1994-04-20,19538.89
1994-04-21,19369.79
1994-04-22,19214.61
1994-04-25,19270.83
1994-04-26,19247.24
1994-04-28,19587.26
1994-04-29,19535.85
1994-05-02,19524.82
1994-05-03,19784.97
1994-05-04,19927.82
1994-05-05,19823.86
1994-05-06,19973.88
1994-05-09,20085.55
1994-05-10,19856.57
1994-05-11,19916.55
1994-05-12,19839.95
1994-05-13,19787.82
1994-05-16,19728.54
1994-05-17,19795.03
1994-05-18,19814.58
1994-05-19,19675.65
1994-05-20,19734.1
1994-05-23,19891.04
1994-05-24,20019.9
1994-05-25,20222.8
1994-05-26,20253.74
1994-05-27,20301.71
1994-05-31,20369.38
1994-06-01,20515.53
1994-06-02,20378.64
1994-06-03,20180.39
1994-06-06,20190.74
1994-06-07,20502.61
1994-06-08,20453.4
1994-06-09,20595.37
1994-06-10,20633.64
1994-06-13,21011.72
1994-06-14,21036.53
1994-06-15,21269.3
1994-06-16,21382.85
1994-06-17,21688.68
1994-06-20,21905.21
1994-06-21,22230.7
1994-06-22,21886.47
1994-06-23,21843
1994-06-24,22232.73
1994-06-27,21997.79
1994-06-28,22099.93
1994-06-29,22050.67
1994-06-30,22382.69
1994-07-01,22437.49
1994-07-05,22524.94
1994-07-06,22589.99
1994-07-07,22410.14
1994-07-08,22510.54
1994-07-11,22831.49
1994-07-12,22745.19
1994-07-13,22611.28
1994-07-14,22370.7
1994-07-15,22462.46
1994-07-18,22347.27
1994-07-19,22301.49
1994-07-20,22562.27
1994-07-21,22477.61
1994-07-22,22645.03
1994-07-25,22662.06
1994-07-26,22708.49
1994-07-27,23020.72
1994-07-28,22951.13
1994-07-29,22991.32
1994-08-01,23126.38
1994-08-02,22820.02
1994-08-03,22920.86
1994-08-04,23028.25
1994-08-05,23088.65
1994-08-08,23031.88
1994-08-09,23178.7
1994-08-10,23097.54
1994-08-11,23517.69
1994-08-12,23368.34
1994-08-15,23392.96
1994-08-16,23104.08
1994-08-17,23148.63
1994-08-18,23562.71
1994-08-19,23445.8
1994-08-22,23468.84
1994-08-23,23446.69
1994-08-24,23296.18
1994-08-25,23348.14
1994-08-26,23008.16
1994-08-29,23132.07
1994-08-30,23238.55
1994-08-31,23242.25
1994-09-01,23322.96
1994-09-02,23560.89
1994-09-06,23809.76
1994-09-07,23791.16
1994-09-08,23687.12
1994-09-09,24090.6
1994-09-12,24092.77
1994-09-13,23990.04
1994-09-14,24186.33
1994-09-15,24103.02
1994-09-16,24519.89
1994-09-19,24464.59
1994-09-20,24602.88
1994-09-21,24637.67
1994-09-22,24578.81
1994-09-23,24633.72
1994-09-26,24617.08
1994-09-27,24736.77
1994-09-28,24507.42
1994-09-29,24676.32
1994-09-30,24648.56
1994-10-03,24779.21
1994-10-04,24710.7
1994-10-05,24895.21
1994-10-06,24838.11
1994-10-07,24661.84
1994-10-10,24578.12
1994-10-11,24279.77
1994-10-12,24215.88
1994-10-13,24108.21
1994-10-14,24178.92
1994-10-17,24242.9
1994-10-18,24239.29
1994-10-19,24480.31
1994-10-20,24493.06
1994-10-21,24326.87
1994-10-24,24429.75
1994-10-25,24562.64
1994-10-26,24592.62
1994-10-27,24394.64
1994-10-28,24169.99
1994-10-31,24228.59
1994-11-01,24441.47
1994-11-02,24570.32
1994-11-03,24506.12
1994-11-04,24641.44
1994-11-07,24799.58
1994-11-08,24796.2
1994-11-09,24448.9
1994-11-10,24550.27
1994-11-11,24744.13
1994-11-14,24644.89
1994-11-15,24418.01
1994-11-16,24683.04
1994-11-17,24935.97
1994-11-18,24819.57
1994-11-21,24971.36
1994-11-22,25000.64
1994-11-23,24863.38
1994-11-25,24783.42
1994-11-28,25032.2
1994-11-29,25265.44
1994-11-30,25316.88
1994-12-01,25356.14
1994-12-02,25019.64
1994-12-05,25035.99
1994-12-06,25109.63
1994-12-07,25140.32
1994-12-08,25084.56
1994-12-09,25009.24
1994-12-12,25221.86
1994-12-13,25394.64
1994-12-14,25414.55
1994-12-15,25454.52
1994-12-16,25511.99
1994-12-19,25667.63
1994-12-20,25671.65
1994-12-21,25530.47
1994-12-22,25693.03
1994-12-23,25753.59
1994-12-27,25642.71
1994-12-28,26016.37
1994-12-29,26147.39
1994-12-30,26197.32
1995-01-03,26288.68
1995-01-04,26322.9
1995-01-05,26546.99
1995-01-06,26446.38
1995-01-09,26865.89
1995-01-10,26913.43
1995-01-11,26863.49
1995-01-12,27067.38
1995-01-13,26684.67
1995-01-16,26633.91
1995-01-17,26739.94
1995-01-18,26854.81
1995-01-19,27212.06
1995-01-20,27391.97
1995-01-23,27547.13
1995-01-24,27511.33
1995-01-25,27355.66
1995-01-26,27207.71
1995-01-27,27029.53
1995-01-30,27295.56
1995-01-31,27026.51
1995-02-01,26904.59
1995-02-02,26867.14
1995-02-03,26374.62
1995-02-06,26142.7
1995-02-07,26126.73
1995-02-08,26159.16
1995-02-09,26174.77
1995-02-10,26425.23
1995-02-13,26601.26
1995-02-14,26630.63
1995-02-15,26588.54
1995-02-16,26863.15
1995-02-17,26840.95
1995-02-21,27000.28
1995-02-22,26903.27
1995-02-23,26876.53
1995-02-24,26915.79
1995-02-27,26992.02
1995-02-28,26978.46
1995-03-01,26876.53
1995-03-02,27021.54
1995-03-03,27213.71
1995-03-06,27311.5
1995-03-07,27665.39
1995-03-08,27256.3
1995-03-09,27244.37
1995-03-10,26902.82
1995-03-13,27023.56
1995-03-14,26786.84
1995-03-15,26811.32
1995-03-16,26536.83
1995-03-17,26516.66
1995-03-20,26247.24
1995-03-21,26127.16
1995-03-22,26105.74
1995-03-23,26132.93
1995-03-24,26080.43
1995-03-27,26100.19
1995-03-28,26209.19
1995-03-29,26144.81
1995-03-30,25723.36
1995-03-31,26012.8
1995-04-03,26297.6
1995-04-04,26227.47
1995-04-05,26289.19
1995-04-06,26376.93
1995-04-07,26463.71
1995-04-10,26074.11
1995-04-11,26031.41
1995-04-12,26003.62
1995-04-13,26274.05
1995-04-17,26635.3
1995-04-18,26925.65
1995-04-19,26568.37
1995-04-20,26495.59
1995-04-21,26747.4
1995-04-24,26584.91
1995-04-25,26649.44
1995-04-26,26711.21
1995-04-27,26693.34
1995-04-28,26585.77
1995-05-01,26482.94
1995-05-02,26563.07
1995-05-03,26717.61
1995-05-04,26849.28
1995-05-05,27018.75
1995-05-08,27180.48
1995-05-09,27054.41
1995-05-10,27031.5
1995-05-11,26587.91
1995-05-12,26313.42
1995-05-15,26397.13
1995-05-16,26500.18
1995-05-17,26493.49
1995-05-18,26498.75
1995-05-19,26473.01
1995-05-22,26393.37
1995-05-23,26441.71
1995-05-24,26617.66
1995-05-25,27142.89
1995-05-26,27290.91
1995-05-30,27556.01
1995-05-31,27296.7
1995-06-01,27460.29
1995-06-02,27757.19
1995-06-05,27855.41
1995-06-06,27830.67
1995-06-07,27858.37
1995-06-08,27721.31
1995-06-09,27519.03
1995-06-12,27617.77
1995-06-13,27983.14
1995-06-14,28164.73
1995-06-15,28055.91
1995-06-16,28205.34
1995-06-19,28370.82
1995-06-20,28546.97
1995-06-21,28736.25
1995-06-22,29046.6
1995-06-23,29036.17
1995-06-26,28751.18
1995-06-27,28810.75
1995-06-28,28925.02
1995-06-29,29108.09
1995-06-30,29170.96
1995-07-03,29206.59
1995-07-05,29345.79
1995-07-06,29394.29
1995-07-07,29350.62
1995-07-10,29273.22
1995-07-11,29121.8
1995-07-12,29092.91
1995-07-13,29085.52
1995-07-14,28906.98
1995-07-17,28921.27
1995-07-18,28755.1
1995-07-19,28582.29
1995-07-20,28607.43
1995-07-21,28555.48
1995-07-24,28708.78
1995-07-25,28611.53
1995-07-26,28542.56
1995-07-27,28543.01
1995-07-28,28359.87
1995-07-31,28179.4
1995-08-01,28374
1995-08-02,28212.38
1995-08-03,28224.31
1995-08-04,28154.92
1995-08-07,27963.86
1995-08-08,28061.29
1995-08-09,27962.23
1995-08-10,27885.23
1995-08-11,27612.45
1995-08-14,27490.46
1995-08-15,27058.93
1995-08-16,27035.08
1995-08-17,27110.52
1995-08-18,27103.41
1995-08-21,27307.93
1995-08-22,27297.63
1995-08-23,27303.7
1995-08-24,27479.68
1995-08-25,27651.55
1995-08-28,27804.55
1995-08-29,27722.88
1995-08-30,27727.28
1995-08-31,27807.11
1995-09-01,28105.36
1995-09-05,28385.01
1995-09-06,28607.18
1995-09-07,28580.28
1995-09-08,28679.63
1995-09-11,28770.43
1995-09-12,29013.87
1995-09-13,29262.72
1995-09-14,29434.31
1995-09-15,29528.9
1995-09-18,29693.69
1995-09-19,29938.32
1995-09-20,29722.59
1995-09-21,29111.64
1995-09-22,29042.38
1995-09-25,29229.51
1995-09-26,29334.33
1995-09-27,29161.15
1995-09-28,29304.43
1995-09-29,29581.23
1995-10-02,29723.04
1995-10-03,29871.91
1995-10-04,29826.26
1995-10-05,29461.81
1995-10-06,29554.67
1995-10-09,29581.1
1995-10-10,29603.05
1995-10-11,29660.36
1995-10-12,29666.27
1995-10-13,29892.95
1995-10-16,30030.4
1995-10-17,29899.17
1995-10-18,29842.74
1995-10-19,30053.26
1995-10-20,29924.1
1995-10-23,29709.88
1995-10-24,29776.03
1995-10-25,29959.15
1995-10-26,30028.25
1995-10-27,29847.91
1995-10-30,30028.77
1995-10-31,30294.79
1995-11-01,30442.2
1995-11-02,30402.24
1995-11-03,30381.92
1995-11-06,30369.76
1995-11-07,30111.34
1995-11-08,30127.52
1995-11-09,29843.46
1995-11-10,29789.95
1995-11-13,29788.55
1995-11-14,29763.4
1995-11-15,29752.45
1995-11-16,29886.38
1995-11-17,30011.22
1995-11-20,29900.24
1995-11-21,29849.54
1995-11-22,29915.14
1995-11-24,30082.44
1995-11-27,30176.12
1995-11-28,29988.6
1995-11-29,30106.43
1995-11-30,30108.6
1995-12-01,30212.35
1995-12-04,30405.37
1995-12-05,30483.33
1995-12-06,30472.48
1995-12-07,30437.9
1995-12-08,30510.3
1995-12-11,30505.97
1995-12-12,30593.84
1995-12-13,30707.74
1995-12-14,30839.66
1995-12-15,30942.51
1995-12-18,30856.13
1995-12-19,30981.63
1995-12-20,31062.84
1995-12-21,30923.69
1995-12-22,31073.79
1995-12-26,31131.52
1995-12-27,31462.79
1995-12-28,31475.44
1995-12-29,31647.31
1996-01-02,31921.34
1996-01-03,32066.53
1996-01-04,31825.24
1996-01-05,31857.79
1996-01-08,31639.44
1996-01-09,31718.1
1996-01-10,31375.5
1996-01-11,30896.56
1996-01-12,30724.97
1996-01-15,30608.22
1996-01-16,30302.66
1996-01-17,30634.99
1996-01-18,30873.48
1996-01-19,30789.15
1996-01-22,30441.67
1996-01-23,30490.06
1996-01-24,30639.67
1996-01-25,30227.64
1996-01-26,30477.74
1996-01-29,30668.41
1996-01-30,31005.79
1996-01-31,31144.6
1996-02-01,30958.99
1996-02-02,30973.11
1996-02-05,30057.08
1996-02-06,30455.2
1996-02-07,30692.98
1996-02-08,30821.64
1996-02-09,30989.05
1996-02-12,31063.08
1996-02-13,31762.39
1996-02-14,31674.18
1996-02-15,31576.76
1996-02-16,31350.78
1996-02-20,30913.2
1996-02-21,31142.53
1996-02-22,31276.05
1996-02-23,31212.67
1996-02-26,31298.56
1996-02-27,31434.98
1996-02-28,31661.83
1996-02-29,31691.92
1996-03-01,32016.55
1996-03-04,31936.06
1996-03-05,31809.38
1996-03-06,31872.24
1996-03-07,31772.84
1996-03-08,31236.59
1996-03-11,31542.64
1996-03-12,31400.61
1996-03-13,31542.22
1996-03-14,31717.66
1996-03-15,31516.88
1996-03-18,31876.92
1996-03-19,31871.64
1996-03-20,32077.88
1996-03-21,32268.4
1996-03-22,32433.24
1996-03-25,32687.94
1996-03-26,32651.87
1996-03-27,32792.02
1996-03-28,32426.27
1996-03-29,32671.35
1996-04-01,33159.95
1996-04-02,33338.25
1996-04-03,33309.3
1996-04-04,33481.44
1996-04-08,33755.46
1996-04-09,33931.69
1996-04-10,34423.07
1996-04-11,34633.5
1996-04-12,34619.73
1996-04-15,34843.46
1996-04-16,34245.9
1996-04-17,34157.76
1996-04-18,34062.29
1996-04-19,34323.98
1996-04-22,34745.64
1996-04-23,35169.44
1996-04-24,35225.56
1996-04-25,35527.66
1996-04-26,35205.29
1996-04-29,35144.89
1996-04-30,34667.78
1996-05-01,34910.65
1996-05-02,34462.2
1996-05-03,34344
1996-05-06,34236.95
1996-05-07,34475.55
1996-05-08,34691.41
1996-05-09,34654.98
1996-05-10,34871.76
1996-05-13,35084.81
1996-05-14,35038.9
1996-05-15,35049.33
1996-05-16,35009.94
1996-05-17,34902.64
1996-05-20,35155.83
1996-05-21,34996.26
1996-05-22,34943.73
1996-05-23,34895.44
1996-05-24,34950.1
1996-05-28,34810.33
1996-05-29,34424.11
1996-05-30,34163.95
1996-05-31,34062.73
1996-06-03,34158.35
1996-06-04,34176.92
1996-06-05,33935.9
1996-06-06,34180.93
1996-06-07,34456.2
1996-06-10,34673.85
1996-06-11,34741.81
1996-06-12,34699.38
1996-06-13,34640.95
1996-06-14,34774.62
1996-06-17,35030.95
1996-06-18,35007.88
1996-06-19,34863.32
1996-06-20,35140.54
1996-06-21,35540.99
1996-06-24,35529.56
1996-06-25,35624.5
1996-06-26,35704.15
1996-06-27,35651.84
1996-06-28,35961.41
1996-07-01,36247.44
1996-07-02,35974.94
1996-07-03,36106.18
1996-07-05,36129.98
1996-07-08,36147.19
1996-07-09,36231.73
1996-07-10,36400.33
1996-07-11,36739.32
1996-07-12,36868.39
1996-07-15,36839.34
1996-07-16,36069.12
1996-07-17,35623.48
1996-07-18,35291.83
1996-07-19,34878.19
1996-07-22,34525.87
1996-07-23,34679.61
1996-07-24,34520.28
1996-07-25,34352.63
1996-07-26,34128.39
1996-07-29,34044.78
1996-07-30,33934.26
1996-07-31,33818.74
1996-08-01,34387.62
1996-08-02,34479.1
1996-08-05,34351.88
1996-08-06,34173.98
1996-08-07,34318.03
1996-08-08,34430.39
1996-08-09,34451.09
1996-08-12,34659.17
1996-08-13,34860.85
1996-08-14,34857.42
1996-08-15,34731.01
1996-08-16,35128.92
1996-08-19,35215.47
1996-08-20,35046.87
1996-08-21,34823.17
1996-08-22,35014.5
1996-08-23,34791.79
1996-08-26,34633.62
1996-08-27,34542.98
1996-08-28,34673.29
1996-08-29,34878.24
1996-08-30,34826.8
1996-09-03,35160.66
1996-09-04,35043.32
1996-09-05,35430.14
1996-09-06,35742.79
1996-09-09,35781.79
1996-09-10,36074.16
1996-09-11,36358.92
1996-09-12,36533.7
1996-09-13,36458.57
1996-09-16,36121.19
1996-09-17,36194.2
1996-09-18,36163.98
1996-09-19,36124.78
1996-09-20,36238.84
1996-09-23,36146.14
1996-09-24,36215.14
1996-09-25,36710.44
1996-09-26,36692.04
1996-09-27,36688.74
1996-09-30,36674.17
1996-10-01,36695.57
1996-10-02,36863.52
1996-10-03,36891.33
1996-10-04,36973.01
1996-10-07,37059.55
1996-10-08,36999.99
1996-10-09,36940.54
1996-10-10,36364.62
1996-10-11,36495.79
1996-10-14,36577.47
1996-10-15,36822.4
1996-10-16,36505.62
1996-10-17,36532.33
1996-10-18,36663.11
1996-10-21,36660.84
1996-10-22,36822.33
1996-10-23,36360.03
1996-10-24,36097.27
1996-10-25,36314.63
1996-10-28,36265.34
1996-10-29,36197.03
1996-10-30,36315.99
1996-10-31,36149.12
1996-11-01,35902.79
1996-11-04,35677.16
1996-11-05,36213.36
1996-11-06,36080.54
1996-11-07,35551.32
1996-11-08,35612.88
1996-11-11,35393.69
1996-11-12,35341.61
1996-11-13,35431.76
1996-11-14,35943.33
1996-11-15,35776.06
1996-11-18,35599.71
1996-11-19,35532.09
1996-11-20,35437.42
1996-11-21,35666.2
1996-11-22,35780.15
1996-11-25,35844.37
1996-11-26,35948.65
1996-11-27,36047.47
1996-11-29,36563.14
1996-12-02,37025.72
1996-12-03,36960.57
1996-12-04,36868.26
1996-12-05,36657.1
1996-12-06,36570.77
1996-12-09,37117.23
1996-12-10,37035.59
1996-12-11,36311.83
1996-12-12,36380.36
1996-12-13,37031.97
1996-12-16,37418.78
1996-12-17,37376.02
1996-12-18,37520.59
1996-12-19,38138.59
1996-12-20,38347.7
1996-12-23,38388.78
1996-12-24,38727.37
1996-12-26,38519.55
1996-12-27,38595.75
1996-12-30,38543.6
1996-12-31,38758.77
1997-01-02,38335.02
1997-01-03,38808.63
1997-01-06,39271.65
1997-01-07,38922.43
1997-01-08,39260.54
1997-01-09,39348.89
1997-01-10,38761
1997-01-13,38618.16
1997-01-14,38921.91
1997-01-15,39180.02
1997-01-16,38903.58
1997-01-17,39021.21
1997-01-20,38900.11
1997-01-21,38874.24
1997-01-22,39087.85
1997-01-23,38789.05
1997-01-24,38427.83
1997-01-27,38562.65
1997-01-28,38605.86
1997-01-29,38425.09
1997-01-30,38668.6
1997-01-31,38661.9
1997-02-03,38673.11
1997-02-04,39045.02
1997-02-05,39148.79
1997-02-06,38803.74
1997-02-07,38593.87
1997-02-10,38566.34
1997-02-11,38729
1997-02-12,38594.08
1997-02-13,38610.65
1997-02-14,38738.06
1997-02-18,38468.41
1997-02-19,38619.99
1997-02-20,37946.19
1997-02-21,37820.21
1997-02-24,37533.12
1997-02-25,37568.65
1997-02-26,37627.93
1997-02-27,37359.1
1997-02-28,37073.23
1997-03-03,37154.19
1997-03-04,37468.51
1997-03-05,37394.29
1997-03-06,37489.14
1997-03-07,37729.05
1997-03-10,37522.68
1997-03-11,37620.16
1997-03-12,37593.15
1997-03-13,37710.77
1997-03-14,37896.68
1997-03-17,37742.4
1997-03-18,37730.75
1997-03-19,37767.97
1997-03-20,37871.9
1997-03-21,38093.37
1997-03-24,38264.73
1997-03-25,38399.27
1997-03-26,38298.7
1997-03-27,38046.57
1997-03-31,38222.87
1997-04-01,38164.26
1997-04-02,38358.1
1997-04-03,38204.72
1997-04-04,38311.79
1997-04-07,38711.32
1997-04-08,38923.25
1997-04-09,39202.29
1997-04-10,39083.44
1997-04-11,38955.3
1997-04-14,38924.5
1997-04-15,39280.95
1997-04-16,39301.04
1997-04-17,39294.66
1997-04-18,39193.55
1997-04-21,39039.49
1997-04-22,39391.18
1997-04-23,39678.75
1997-04-24,39672.06
1997-04-25,39745.5
1997-04-28,40054.07
1997-04-29,39926.27
1997-04-30,40134.36
1997-05-01,40033.12
1997-05-02,40489.13
1997-05-05,40745.51
1997-05-06,40823.36
1997-05-07,40709.27
1997-05-08,40531.33
1997-05-09,40354.1
1997-05-12,40400.41
1997-05-13,40534.69
1997-05-14,40547.95
1997-05-15,40606.32
1997-05-16,40294.37
1997-05-19,40562.99
1997-05-20,40416.25
1997-05-21,40426.37
1997-05-22,40593.17
1997-05-23,40817.05
1997-05-27,41042.86
1997-05-28,41076.53
1997-05-29,41416.81
1997-05-30,41721.33
1997-06-02,42074.04
1997-06-03,41925.87
1997-06-04,41885.7
1997-06-05,41607.37
1997-06-06,41592.29
1997-06-09,41035.85
1997-06-10,41099.98
1997-06-11,41033.84
1997-06-12,41643.81
1997-06-13,41682.1
1997-06-16,41646.68
1997-06-17,41485.43
1997-06-18,41374.61
1997-06-19,41164.73
1997-06-20,41080.29
1997-06-23,41002.74
1997-06-24,40841.3
1997-06-25,40451.08
1997-06-26,40386.16
1997-06-27,40636.66
1997-06-30,40142.53
1997-07-01,40228.23
1997-07-02,40444.2
1997-07-03,41005.68
1997-07-07,41271.48
1997-07-08,41009.63
1997-07-09,40957.37
1997-07-10,40994.3
1997-07-11,41182.19
1997-07-14,41246.69
1997-07-15,40843.82
1997-07-16,41180.33
1997-07-17,41182.79
1997-07-18,41191.46
1997-07-21,41425.49
1997-07-22,41611.72
1997-07-23,41660.65
1997-07-24,41819.47
1997-07-25,41879.82
1997-07-28,41597.23
1997-07-29,41527.46
1997-07-30,41240.24
1997-07-31,41290.99
1997-08-01,40939
1997-08-04,40589.95
1997-08-05,40833.51
1997-08-06,40907.25
1997-08-07,41122.31
1997-08-08,40334.69
1997-08-11,40606.05
1997-08-12,40558.16
1997-08-13,40328.71
1997-08-14,40867.12
1997-08-15,40829.76
1997-08-18,40988.59
1997-08-19,41089.13
1997-08-20,41165.58
1997-08-21,40795.9
1997-08-22,40704.53
1997-08-25,40864.8
1997-08-26,40862.22
1997-08-27,40727.13
1997-08-28,41076.72
1997-08-29,41324
1997-09-02,41902.29
1997-09-03,41705.86
1997-09-04,41457.24
1997-09-05,41064.65
1997-09-08,41278.34
1997-09-09,41040.35
1997-09-10,40892.23
1997-09-11,40890.24
1997-09-12,40907.6
1997-09-15,40694.98
1997-09-16,41088.7
1997-09-17,41013.5
1997-09-18,41059.02
1997-09-19,40897.72
1997-09-22,41029.44
1997-09-23,40866.47
1997-09-24,40509.66
1997-09-25,40242.5
1997-09-26,40499.25
1997-09-29,39986.85
1997-09-30,39858.47
1997-10-01,40327.03
1997-10-02,40429.04
1997-10-03,40333.96
1997-10-06,40336.71
1997-10-07,40190.68
1997-10-08,39817.88
1997-10-09,39554.04
1997-10-10,39633.08
1997-10-13,39753.57
1997-10-14,39927.91
1997-10-15,39788.96
1997-10-16,39769.56
1997-10-17,39945.7
1997-10-20,40010.61
1997-10-21,40156.24
1997-10-22,40370.23
1997-10-23,40405.77
1997-10-24,40974.13
1997-10-27,41104.37
1997-10-28,40248.29
1997-10-29,40375.81
1997-10-30,40362
1997-10-31,40495.64
1997-11-03,40370.55
1997-11-04,40235.57
1997-11-05,40290.77
1997-11-06,40351.15
1997-11-07,40372.22
1997-11-10,40260.62
1997-11-11,40264.42
1997-11-12,40281.49
1997-11-13,40290.32
1997-11-14,40046.36
1997-11-17,40006.93
1997-11-18,39923.28
1997-11-19,40195.77
1997-11-20,40034.29
1997-11-21,39982.04
1997-11-24,39954.31
1997-11-25,40100.62
1997-11-26,40168.87
1997-11-28,40133.4
1997-12-01,40632.85
1997-12-02,40652.02
1997-12-03,40672.42
1997-12-04,40708.57
1997-12-05,40617.19
1997-12-08,40697.88
1997-12-09,40848.2
1997-12-10,40948.69
1997-12-11,41175.18
1997-12-12,41472.8
1997-12-15,41517.3
1997-12-16,41700.44
1997-12-17,41317.17
1997-12-18,41769.67
1997-12-19,42069.32
1997-12-22,42176.83
1997-12-23,42180.69
1997-12-24,42323.91
1997-12-26,42500.38
1997-12-29,42801.93
1997-12-30,42616.88
1997-12-31,42862.81
1998-01-02,43224.35
1998-01-05,44153.08
1998-01-06,44409.38
1998-01-07,44036.08
1998-01-08,44545.15
1998-01-09,44706.87
1998-01-12,44992.1
1998-01-13,44545.49
1998-01-14,44367.66
1998-01-15,44101.08
1998-01-16,43616.4
1998-01-20,43724.98
1998-01-21,43601.19
1998-01-22,43709.08
1998-01-23,43126.96
1998-01-26,43024.51
1998-01-27,42681.54
1998-01-28,42524.93
1998-01-29,42784.76
1998-01-30,42947.5
1998-02-02,42801.02
1998-02-03,43348.95
1998-02-04,43232.1
1998-02-05,43073.65
1998-02-06,43535.43
1998-02-09,43740.92
1998-02-10,43715.4
1998-02-11,44310.1
1998-02-12,44546.43
1998-02-13,44889.55
1998-02-17,45643.91
1998-02-18,45394.02
1998-02-19,45342.44
1998-02-20,45791.87
1998-02-23,46313.3
1998-02-24,46431.51
1998-02-25,46590.23
1998-02-26,46483
1998-02-27,46153.29
1998-03-02,46022.77
1998-03-03,46108.05
1998-03-04,46272.68
1998-03-05,46603.22
1998-03-06,46827.63
1998-03-09,47287.32
1998-03-10,47286.47
1998-03-11,47537.43
1998-03-12,47677.69
1998-03-13,47562.73
1998-03-16,48406.09
1998-03-17,48332.69
1998-03-18,48016.93
1998-03-19,48045.56
1998-03-20,48209.89
1998-03-23,46997.89
1998-03-24,47315.62
1998-03-25,47018.85
1998-03-26,46786.91
1998-03-27,46886.16
1998-03-30,47338.19
1998-03-31,47808.91
1998-04-01,48392.96
1998-04-02,48322.73
1998-04-03,48580.18
1998-04-06,49000.08
1998-04-07,49089.25
1998-04-08,48655.03
1998-04-09,48682.27
1998-04-13,48832.35
1998-04-14,48968.03
1998-04-15,48650.55
1998-04-16,48731.33
1998-04-17,48926.56
1998-04-20,48974.98
1998-04-21,48494.63
1998-04-22,48582.27
1998-04-23,48695.11
1998-04-24,48874.91
1998-04-27,48542.59
1998-04-28,48621.64
1998-04-29,49076.44
1998-04-30,49329.68
1998-05-01,48866.49
1998-05-04,48777.52
1998-05-05,48504.61
1998-05-06,48444.29
1998-05-07,48457.33
1998-05-08,48544.05
1998-05-11,48575.57
1998-05-12,48626.19
1998-05-13,48827.12
1998-05-14,48628.42
1998-05-15,49015.07
1998-05-18,49595.44
1998-05-19,49584.69
1998-05-20,49669.92
1998-05-21,49320.94
1998-05-22,49307.07
1998-05-26,50234.15
1998-05-27,50429.2
1998-05-28,50446.6
1998-05-29,50247.8
1998-06-01,50602.58
1998-06-02,50428.74
1998-06-03,50589.09
1998-06-04,50469.75
1998-06-05,50969.23
1998-06-08,51471.75
1998-06-09,51877.55
1998-06-10,52460.55
1998-06-11,53053.53
1998-06-12,53075.44
1998-06-15,53772.4
1998-06-16,53059.39
1998-06-17,51148.16
1998-06-18,51707.78
1998-06-19,50751.38
1998-06-22,50979.84
1998-06-23,50543.17
1998-06-24,50818.82
1998-06-25,51272.4
1998-06-26,51295.96
1998-06-29,51612.16
1998-06-30,51081.47
1998-07-01,51192.62
1998-07-02,51665.41
1998-07-06,51934.72
1998-07-07,51646.78
1998-07-08,51507.86
1998-07-09,52036.35
1998-07-10,52116.35
1998-07-13,51705.53
1998-07-14,51195.36
1998-07-15,51082.3
1998-07-16,50990.02
1998-07-17,50812.21
1998-07-20,51326.73
1998-07-21,51870.2
1998-07-22,51978.16
1998-07-23,52227.9
1998-07-24,51976.93
1998-07-27,52220.07
1998-07-28,51970.71
1998-07-29,52280.51
1998-07-30,52228.07
1998-07-31,52586.34
1998-08-03,53590.18
1998-08-04,53543.81
1998-08-05,53601.53
1998-08-06,53865.15
1998-08-07,54068
1998-08-10,54709.82
1998-08-11,55675.89
1998-08-12,55852.8
1998-08-13,55400.59
1998-08-14,55785.46
1998-08-17,55586.16
1998-08-18,56043.44
1998-08-19,56369.69
1998-08-20,56403.6
1998-08-21,57778.17
1998-08-24,57903.55
1998-08-25,58517.71
1998-08-26,59418.37
1998-08-27,60226.64
1998-08-28,60033.87
1998-08-31,60501.66
1998-09-01,58677.85
1998-09-02,58594.63
1998-09-03,57242.78
1998-09-04,56802.49
1998-09-08,56167.94
1998-09-09,57134.9
1998-09-10,56338.1
1998-09-11,55931.23
1998-09-14,55839.78
1998-09-15,55241.43
1998-09-16,55492.28
1998-09-17,55781.65
1998-09-18,55383.2
1998-09-21,55554.51
1998-09-22,55053.67
1998-09-23,54963.96
1998-09-24,54473.29
1998-09-25,54641.58
1998-09-28,54694.82
1998-09-29,54121.82
1998-09-30,54777.28
1998-10-01,56151
1998-10-02,56205
1998-10-05,56647.53
1998-10-06,56186.74
1998-10-07,54627.7
1998-10-08,54474.3
1998-10-09,52927.54
1998-10-12,53094.89
1998-10-13,53469.79
1998-10-14,53736.3
1998-10-15,53790.97
1998-10-16,53876.91
1998-10-19,54552.32
1998-10-20,54482.75
1998-10-21,54193.17
1998-10-22,54212.55
1998-10-23,54042.26
1998-10-26,53410.31
1998-10-27,54527.49
1998-10-28,54388.72
1998-10-29,54749.57
1998-10-30,54490.64
1998-11-02,54374.77
1998-11-03,54363.92
1998-11-04,53956.95
1998-11-05,53752.43
1998-11-06,53314.41
1998-11-09,53846.24
1998-11-10,53976.12
1998-11-11,53856.71
1998-11-12,53681.85
1998-11-13,54138.05
1998-11-16,55352.37
1998-11-17,55579.58
1998-11-18,55732.99
1998-11-19,55849.26
1998-11-20,55622.44
1998-11-23,56343.82
1998-11-24,56699.19
1998-11-25,56691.27
1998-11-27,56541.13
1998-11-30,57710.47
1998-12-01,58295.76
1998-12-02,59117.69
1998-12-03,59496.26
1998-12-04,59377.16
1998-12-07,58852.21
1998-12-08,59885.83
1998-12-09,60425.47
1998-12-10,61197.63
1998-12-11,61588.73
1998-12-14,61138.22
1998-12-15,60656.04
1998-12-16,59591.55
1998-12-17,61176.94
1998-12-18,61551.4
1998-12-21,61666.02
1998-12-22,61185.59
1998-12-23,61118.4
1998-12-24,60560.91
1998-12-28,60940.55
1998-12-29,60758.52
1998-12-30,60777.65
1998-12-31,60645.84
1999-01-04,60247.81
1999-01-05,60201.54
1999-01-06,58744.07
1999-01-07,59241.71
1999-01-08,58826.11
1999-01-11,58360.29
1999-01-12,59113.63
1999-01-13,60775.81
1999-01-14,61555.31
1999-01-15,61112.85
1999-01-19,62005.98
1999-01-20,62133.34
1999-01-21,62038.02
1999-01-22,62349.88
1999-01-25,63039.5
1999-01-26,63503.99
1999-01-27,62911.33
1999-01-28,62603.9
1999-01-29,62483.69
1999-02-01,62922.16
1999-02-02,63368.61
1999-02-03,63587.12
1999-02-04,63612.69
1999-02-05,63961.18
1999-02-08,63876.7
1999-02-09,64379.32
1999-02-10,64778.46
1999-02-11,65138.11
1999-02-12,65143.32
1999-02-16,65642.1
1999-02-17,65913.63
1999-02-18,65485.09
1999-02-19,65811.32
1999-02-22,66514.74
1999-02-23,66532.21
1999-02-24,66768.44
1999-02-25,66587.94
1999-02-26,67573.86
1999-03-01,67547.13
1999-03-02,66558.04
1999-03-03,65432.86
1999-03-04,64630.43
1999-03-05,64283.77
1999-03-08,63251.62
1999-03-09,62546.82
1999-03-10,60996.08
1999-03-11,61459.27
1999-03-12,61449.72
1999-03-15,61612.52
1999-03-16,61033.62
1999-03-17,59863.33
1999-03-18,59974.3
1999-03-19,59427.86
1999-03-22,57875.25
1999-03-23,57746.79
1999-03-24,57891.39
1999-03-25,56902.99
1999-03-26,55591.29
1999-03-29,55269.77
1999-03-30,54366.89
1999-03-31,54561.94
1999-04-01,54790.74
1999-04-05,54604.13
1999-04-06,54878.56
1999-04-07,55353.23
1999-04-08,55643.65
1999-04-09,55301.47
1999-04-12,55723.63
1999-04-13,55585.24
1999-04-14,55909.37
1999-04-15,55707.68
1999-04-16,55649.79
1999-04-19,55734.79
1999-04-20,55672.66
1999-04-21,55656.19
1999-04-22,55815.47
1999-04-23,55947.45
1999-04-26,56052.59
1999-04-27,56120.17
1999-04-28,56180.1
1999-04-29,56203.65
1999-04-30,56358.83
1999-05-03,56081.46
1999-05-04,55416.99
1999-05-05,55077.44
1999-05-06,55129.84
1999-05-07,55573.68
1999-05-10,55157.85
1999-05-11,55384.33
1999-05-12,55484.75
1999-05-13,55285.32
1999-05-14,55209.86
1999-05-17,55254.65
1999-05-18,55301.71
1999-05-19,55221.81
1999-05-20,55413.15
1999-05-21,55596.97
1999-05-24,55951.74
1999-05-25,55648.79
1999-05-26,55820.88
1999-05-27,55837.77
1999-05-28,55430.67
1999-06-01,54958.24
1999-06-02,54791.2
1999-06-03,54814.49
1999-06-04,54782.91
1999-06-07,54702.26
1999-06-08,54638.88
1999-06-09,54620.49
1999-06-10,54808.38
1999-06-11,54226.12
1999-06-14,54403.34
1999-06-15,54654.21
1999-06-16,54843.65
1999-06-17,54179.74
1999-06-18,53505.88
1999-06-21,53704.41
1999-06-22,54015.05
1999-06-23,54163.96
1999-06-24,54260.49
1999-06-25,53908.19
1999-06-28,53869.75
1999-06-29,53927.19
1999-06-30,53498.16
1999-07-01,54374.17
1999-07-02,54975.41
1999-07-06,56093.7
1999-07-07,56633.25
1999-07-08,56724.13
1999-07-09,57242.78
1999-07-12,57016.19
1999-07-13,57145.64
1999-07-14,56996.15
1999-07-15,57367.99
1999-07-16,57764.59
1999-07-19,56920.51
1999-07-20,56250.34
1999-07-21,55563.8
1999-07-22,55647.41
1999-07-23,55876.84
1999-07-26,56139.92
1999-07-27,56466.22
1999-07-28,56560.08
1999-07-29,56909.34
1999-07-30,57015.2
1999-08-02,56502.45
1999-08-03,56562.6
1999-08-04,56212.76
1999-08-05,56433.99
1999-08-06,57107.22
1999-08-09,57179.98
1999-08-10,56785.01
1999-08-11,57097
1999-08-12,57444.46
1999-08-13,57352.19
1999-08-16,57031.91
1999-08-17,56961.28
1999-08-18,56729.77
1999-08-19,56387.02
1999-08-20,56398.45
1999-08-23,56857.65
1999-08-24,56812.68
1999-08-25,55824.16
1999-08-26,56044.26
1999-08-27,56292.6
1999-08-30,56636.38
1999-08-31,56300.98
1999-09-01,56392.26
1999-09-02,55985.19
1999-09-03,55733.46
1999-09-07,56112.9
1999-09-08,56324.49
1999-09-09,57457.72
1999-09-10,57681.47
1999-09-13,58210.88
1999-09-14,58046.24
1999-09-15,58561.52
1999-09-16,58047.31
1999-09-17,58122.46
1999-09-20,57890.17
1999-09-21,57839.32
1999-09-22,58123.86
1999-09-23,58394.01
1999-09-24,57967.66
1999-09-27,57665.43
1999-09-28,57232.55
1999-09-29,57449.99
1999-09-30,57385.3
1999-10-01,57960.12
1999-10-04,57044.85
1999-10-05,56663.79
1999-10-06,56375.58
1999-10-07,56148.04
1999-10-08,55552.83
1999-10-11,55759.21
1999-10-12,56463.07
1999-10-13,56585.58
1999-10-14,56256.94
1999-10-15,56244.46
1999-10-18,55964.3
1999-10-19,56100.67
1999-10-20,56301.09
1999-10-21,56354.72
1999-10-22,56783.44
1999-10-25,56740.92
1999-10-26,56536.98
1999-10-27,56167.8
1999-10-28,54923.64
1999-10-29,54366.73
1999-11-01,54689.44
1999-11-02,54185.92
1999-11-03,54247.83
1999-11-04,53937.26
1999-11-05,53551.92
1999-11-08,53231.8
1999-11-09,53710.57
1999-11-10,54363.74
1999-11-11,53869.32
1999-11-12,53917.33
1999-11-15,53681.64
1999-11-16,53470.02
1999-11-17,53859.57
1999-11-18,53751.9
1999-11-19,53777.22
1999-11-22,54074.75
1999-11-23,53886.6
1999-11-24,54283.78
1999-11-26,54737.51
1999-11-29,54240.79
1999-11-30,53368.99
1999-12-01,53348.9
1999-12-02,53891.78
1999-12-03,53859.38
1999-12-06,53467.02
1999-12-07,53100.81
1999-12-08,53460.76
1999-12-09,53341.82
1999-12-10,52660.88
1999-12-13,53035.5
1999-12-14,53400.16
1999-12-15,53822.58
1999-12-16,54179.42
1999-12-17,54253.77
1999-12-20,54195.87
1999-12-21,54296.94
1999-12-22,54329.67
1999-12-23,54322.07
1999-12-27,54664.25
1999-12-28,55044.07
1999-12-29,54617.13
1999-12-30,54270.81
1999-12-31,54365.15
2000-01-03,54418.05
2000-01-04,54571.8
2000-01-05,54465.21
2000-01-06,54211.07
2000-01-07,53579.03
2000-01-10,53564.25
2000-01-11,54054
2000-01-12,54315.01
2000-01-13,53873.82
2000-01-14,54760.06
2000-01-18,55401.53
2000-01-19,55109.36
2000-01-20,54922.34
2000-01-21,55190.09
2000-01-24,54483.69
2000-01-25,54358.07
2000-01-26,54265.44
2000-01-27,54343.25
2000-01-28,53833.69
2000-01-31,53954.81
2000-02-01,53797.53
2000-02-02,53323.35
2000-02-03,53128.38
2000-02-04,53747.16
2000-02-07,53756.96
2000-02-08,53211.45
2000-02-09,53666.98
2000-02-10,54276.37
2000-02-11,54143.95
2000-02-14,54493.27
2000-02-15,54580.72
2000-02-16,54917.82
2000-02-17,54594.12
2000-02-18,54595.03
2000-02-22,53526.27
2000-02-23,54109.75
2000-02-24,54158.1
2000-02-25,54969
2000-02-28,55384.9
2000-02-29,55585.75
2000-03-01,55946.51
2000-03-02,56084.23
2000-03-03,55785.23
2000-03-06,56115.23
2000-03-07,56499.73
2000-03-08,55386.45
2000-03-09,54917.9
2000-03-10,54800.02
2000-03-13,54463.04
2000-03-14,54033.74
2000-03-15,53803.41
2000-03-16,53368.42
2000-03-17,52976.05
2000-03-20,52602.99
2000-03-21,52892.33
2000-03-22,52935.59
2000-03-23,52337.41
2000-03-24,52650.17
2000-03-27,52790.6
2000-03-28,52790.41
2000-03-29,52640.06
2000-03-30,51965.15
2000-03-31,52120.01
2000-04-03,51500.63
2000-04-04,50695.95
2000-04-05,50894.3
2000-04-06,51075.58
2000-04-07,50917.47
2000-04-10,50311.07
2000-04-11,50286.52
2000-04-12,51002.67
2000-04-13,50867.24
2000-04-14,50603.02
2000-04-17,51077.35
2000-04-18,51256.2
2000-04-19,51727.95
2000-04-20,51765.51
2000-04-24,51810.4
2000-04-25,51813.66
2000-04-26,51615.2
2000-04-27,51969.98
2000-04-28,52048.86
2000-05-01,51908.16
2000-05-02,52394.09
2000-05-03,52140.16
2000-05-04,52631.93
2000-05-05,52372.27
2000-05-08,53251.44
2000-05-09,53424.81
2000-05-10,53585.67
2000-05-11,54489.14
2000-05-12,54118.44
2000-05-15,54703.43
2000-05-16,55031.56
2000-05-17,55883.83
2000-05-18,56634.34
2000-05-19,56281.11
2000-05-22,55648.33
2000-05-23,55911.52
2000-05-24,56920.32
2000-05-25,57114.34
2000-05-26,56255.26
2000-05-30,56488.74
2000-05-31,56054.71
2000-06-01,56302.72
2000-06-02,55729.46
2000-06-05,55529.57
2000-06-06,55108
2000-06-07,54916.2
2000-06-08,55324.86
2000-06-09,55799.36
2000-06-12,56152.79
2000-06-13,56295.77
2000-06-14,56441.21
2000-06-15,56377.68
2000-06-16,55565.14
2000-06-19,55521.45
2000-06-20,55755.2
2000-06-21,56311.85
2000-06-22,56840.63
2000-06-23,57116.89
2000-06-26,57208.49
2000-06-27,57175.63
2000-06-28,57066.19
2000-06-29,57672.28
2000-06-30,57816.45
2000-07-03,58019.45
2000-07-05,57565.09
2000-07-06,57338.99
2000-07-07,57556.2
2000-07-10,57109.45
2000-07-11,57465.61
2000-07-12,57762.28
2000-07-13,58467.13
2000-07-14,58114.74
2000-07-17,57959.38
2000-07-18,58552.18
2000-07-19,58373.26
2000-07-20,58012.2
2000-07-21,57383
2000-07-24,57048.82
2000-07-25,57062.32
2000-07-26,57223.97
2000-07-27,57676.01
2000-07-28,57868.32
2000-07-31,57553.65
2000-08-01,58347.94
2000-08-02,59021.47
2000-08-03,59549.8
2000-08-04,60131.56
2000-08-07,59695.84
2000-08-08,60183.05
2000-08-09,60827.2
2000-08-10,61300.61
2000-08-11,61320.75
2000-08-14,61524.04
2000-08-15,60986.04
2000-08-16,60900.59
2000-08-17,61155.22
2000-08-18,61905.02
2000-08-21,62568.02
2000-08-22,62443.99
2000-08-23,63074.58
2000-08-24,62809.9
2000-08-25,63233.91
2000-08-28,63464.81
2000-08-29,63341.25
2000-08-30,64060.37
2000-08-31,63997.3
2000-09-01,64076.17
2000-09-05,64465.83
2000-09-06,65587.39
2000-09-07,65818.17
2000-09-08,65341.35
2000-09-11,65901.19
2000-09-12,65818.69
2000-09-13,65897.69
2000-09-14,66188.55
2000-09-15,66502.63
2000-09-18,66530.58
2000-09-19,66640.5
2000-09-20,66392.65
2000-09-21,65653.09
2000-09-22,64609.25
2000-09-25,64375.33
2000-09-26,63930.97
2000-09-27,63712.68
2000-09-28,63093.62
2000-09-29,63334.22
2000-10-02,63914.77
2000-10-03,64177.64
2000-10-04,64153.75
2000-10-05,64263.89
2000-10-06,64612.32
2000-10-09,65449.12
2000-10-10,65857.4
2000-10-11,66574.92
2000-10-12,67773.48
2000-10-13,67921.58
2000-10-16,67643.58
2000-10-17,67529.45
2000-10-18,68021.31
2000-10-19,67480.3
2000-10-20,67861.62
2000-10-23,68719.58
2000-10-24,68297.73
2000-10-25,68275.55
2000-10-26,68207.32
2000-10-27,67398.24
2000-10-30,67670.7
2000-10-31,67439.02
2000-11-01,67493.59
2000-11-02,67156.67
2000-11-03,66760.85
2000-11-06,67054.5
2000-11-07,67489.64
2000-11-08,67956.73
2000-11-09,68470.89
2000-11-10,69282.97
2000-11-13,69795.08
2000-11-14,70742.83
2000-11-15,71943.21
2000-11-16,72092.3
2000-11-17,72581.84
2000-11-20,73260.1
2000-11-21,73816.73
2000-11-22,74211.28
2000-11-24,74533.21
2000-11-27,73724.83
2000-11-28,73131.14
2000-11-29,73865.6
2000-11-30,73636.62
2000-12-01,72757.2
2000-12-04,72714.5
2000-12-05,72861.76
2000-12-06,73252.57
2000-12-07,73492.84
2000-12-08,73170.62
2000-12-11,74617.13
2000-12-12,74151.9
2000-12-13,73969.52
2000-12-14,72934.89
2000-12-15,73909.39
2000-12-18,74485.44
2000-12-19,74369.78
2000-12-20,73896.45
2000-12-21,73850.5
2000-12-22,73508.4
2000-12-26,73807.9
2000-12-27,74244.34
2000-12-28,74009.91
2000-12-29,74716.85
2001-01-02,74577.25
2001-01-03,74438.1
2001-01-04,74563.98
2001-01-05,74612.92
2001-01-08,74604.35
2001-01-09,74579.47
2001-01-10,74776.78
2001-01-11,74438.7
2001-01-12,74313.18
2001-01-16,74226.46
2001-01-17,73276.2
2001-01-18,73389.8
2001-01-19,73878
2001-01-22,73367.51
2001-01-23,72969.83
2001-01-24,72671.15
2001-01-25,72901.68
2001-01-26,73314.99
2001-01-29,72273.11
2001-01-30,71764.77
2001-01-31,71522.81
2001-02-01,72546.95
2001-02-02,73316.38
2001-02-05,72754.87
2001-02-06,72750.9
2001-02-07,74170.18
2001-02-08,74639.77
2001-02-09,74829.26
2001-02-12,74440.5
2001-02-13,74278.58
2001-02-14,73319.13
2001-02-15,72833.33
2001-02-16,73258.69
2001-02-20,72986.99
2001-02-21,73029.3
2001-02-22,73036
2001-02-23,73423.64
2001-02-26,73492.96
2001-02-27,73780.35
2001-02-28,73725.9
2001-03-01,74083.28
2001-03-02,74187.75
2001-03-05,74894.01
2001-03-06,75010.08
2001-03-07,76213.62
2001-03-08,75993.97
2001-03-09,75556.79
2001-03-12,75863.21
2001-03-13,75992.55
2001-03-14,76700.2
2001-03-15,77845.44
2001-03-16,78784.3
2001-03-19,78397.67
2001-03-20,78256.42
2001-03-21,79387.66
2001-03-22,80491.88
2001-03-23,80094.62
2001-03-26,79680.65
2001-03-27,79752.23
2001-03-28,79639.78
2001-03-29,79940.13
2001-03-30,80925.46
2001-04-02,80633.22
2001-04-03,80394.16
2001-04-04,80254.57
2001-04-05,80426.29
2001-04-06,80534.01
2001-04-09,80796.58
2001-04-10,80746.47
2001-04-11,79883.21
2001-04-12,78856.39
2001-04-16,78978.76
2001-04-17,79347.22
2001-04-18,78868.47
2001-04-19,77250.41
2001-04-20,77060.35
2001-04-23,78417.26
2001-04-24,78218.9
2001-04-25,77824.57
2001-04-26,77791.59
2001-04-27,77931.71
2001-04-30,77320.49
2001-05-01,76733.74
2001-05-02,75985.73
2001-05-03,76766.92
2001-05-04,76696.39
2001-05-07,76680.71
2001-05-08,77212.13
2001-05-09,77491.14
2001-05-10,77752.5
2001-05-11,77350.31
2001-05-14,77118.28
2001-05-15,76940.72
2001-05-16,76538.37
2001-05-17,76603.88
2001-05-18,77064.78
2001-05-21,77902.4
2001-05-22,78583.33
2001-05-23,79122.09
2001-05-24,78492.51
2001-05-25,78513.09
2001-05-29,78824.72
2001-05-30,78825.59
2001-05-31,79073.01
2001-06-01,78367.31
2001-06-04,78638.71
2001-06-05,78843.49
2001-06-06,78630.3
2001-06-07,78500.86
2001-06-08,78504.41
2001-06-11,78753.47
2001-06-12,78779.14
2001-06-13,78659.69
2001-06-14,78647.07
2001-06-15,79145.1
2001-06-18,78742.62
2001-06-19,79008.81
2001-06-20,79064.24
2001-06-21,78829.43
2001-06-22,79122.73
2001-06-25,79564.8
2001-06-26,79079.53
2001-06-27,79076.76
2001-06-28,80208.24
2001-06-29,79669.1
2001-07-02,79333.46
2001-07-03,78766.18
2001-07-05,79289.78
2001-07-06,78796.23
2001-07-09,78524.92
2001-07-10,77541.31
2001-07-11,77010.91
2001-07-12,76553.86
2001-07-13,77172.9
2001-07-16,77702.39
2001-07-17,76824.55
2001-07-18,76404.63
2001-07-19,76490.76
2001-07-20,76245.5
2001-07-23,76540.21
2001-07-24,75951.74
2001-07-25,74869.59
2001-07-26,75103.95
2001-07-27,74955.3
2001-07-30,74993.77
2001-07-31,75096.63
2001-08-01,74889.7
2001-08-02,74398.82
2001-08-03,74699.46
2001-08-06,74686.94
2001-08-07,74794.22
2001-08-08,74661.28
2001-08-09,74145.08
2001-08-10,74202.13
2001-08-13,74059.87
2001-08-14,73349.63
2001-08-15,72314.29
2001-08-16,72529.17
2001-08-17,72707.5
2001-08-20,72789.12
2001-08-21,72636.69
2001-08-22,73032.67
2001-08-23,72597.28
2001-08-24,72834.68
2001-08-27,72851.46
2001-08-28,73381.04
2001-08-29,73616.87
2001-08-30,73875.07
2001-08-31,73492.6
2001-09-04,72774.17
2001-09-05,72807.95
2001-09-06,73339.11
2001-09-07,73662.57
2001-09-10,73528.13
2001-09-17,74992.59
2001-09-18,75271.86
2001-09-19,75807.61
2001-09-20,75138.02
2001-09-21,74909.41
2001-09-24,74972.33
2001-09-25,74968.73
2001-09-26,75025.95
2001-09-27,75339.1
2001-09-28,75087.79
2001-10-01,75546.32
2001-10-02,75843.64
2001-10-03,75661.3
2001-10-04,75373.63
2001-10-05,75597.05
2001-10-08,75800.56
2001-10-09,75348.79
2001-10-10,74864.76
2001-10-11,74042.32
2001-10-12,75105.46
2001-10-15,75367.02
2001-10-16,75103.25
2001-10-17,75355.14
2001-10-18,76009.43
2001-10-19,74698.72
2001-10-22,74531.69
2001-10-23,74964.35
2001-10-24,74459.75
2001-10-25,75226.45
2001-10-26,75233.48
2001-10-29,75499.67
2001-10-30,76298.05
2001-10-31,77096.47
2001-11-01,77928.24
2001-11-02,77739.69
2001-11-05,78355.4
2001-11-06,78244.72
2001-11-07,78293.37
2001-11-08,76701.63
2001-11-09,75869.55
2001-11-12,76887.9
2001-11-13,75330.25
2001-11-14,75891.58
2001-11-15,76520.51
2001-11-16,75167.18
2001-11-19,74913.06
2001-11-20,74343.16
2001-11-21,73882.67
2001-11-23,73687.77
2001-11-26,74438.67
2001-11-27,73328.34
2001-11-28,74118.85
2001-11-29,74760.71
2001-11-30,73793.24
2001-12-03,73771.63
2001-12-04,74498.9
2001-12-05,73791.05
2001-12-06,74245.58
2001-12-07,73438
2001-12-10,74154.75
2001-12-11,74699.28
2001-12-12,75307.4
2001-12-13,75069.15
2001-12-14,73977.82
2001-12-17,74043.39
2001-12-18,74732.84
2001-12-19,75041.18
2001-12-20,75576.78
2001-12-21,75033.94
2001-12-24,74816.25
2001-12-26,73765.31
2001-12-27,74547.59
2001-12-28,74517.08
2001-12-31,75851.51
2002-01-02,75007.36
2002-01-03,75663.9
2002-01-04,74505.13
2002-01-07,74609.74
2002-01-08,74842.86
2002-01-09,75559.43
2002-01-10,75993.84
2002-01-11,76454.16
2002-01-14,77121.33
2002-01-15,76696.49
2002-01-16,76423.65
2002-01-17,77404.67
2002-01-18,77941.25
2002-01-22,78050.79
2002-01-23,77504.5
2002-01-24,77325.59
2002-01-25,76779.6
2002-01-28,77265.71
2002-01-29,77913.26
2002-01-30,78275.83
2002-01-31,77610.96
2002-02-01,77097.77
2002-02-04,77870.66
2002-02-05,78271.55
2002-02-06,78492.93
2002-02-07,78224.16
2002-02-08,78018.06
2002-02-11,76680.6
2002-02-12,76516.25
2002-02-13,76072.07
2002-02-14,76382.91
2002-02-15,76658.95
2002-02-19,76509.39
2002-02-20,76827.3
2002-02-21,76474.5
2002-02-22,76449.85
2002-02-25,77526.64
2002-02-26,77151.52
2002-02-27,77199.32
2002-02-28,76481.93
2002-03-01,74803.48
2002-03-04,73846.51
2002-03-05,72721.11
2002-03-06,71800.93
2002-03-07,69616.32
2002-03-08,69104.43
2002-03-11,67925.44
2002-03-12,67819.36
2002-03-13,67992.49
2002-03-14,67004.56
2002-03-15,66507.71
2002-03-18,65906.47
2002-03-19,65832.01
2002-03-20,66095.18
2002-03-21,65159.47
2002-03-22,65314.5
2002-03-25,64946
2002-03-26,64395.05
2002-03-27,64133.37
2002-03-28,64421.67
2002-04-01,63776.91
2002-04-02,63473.54
2002-04-03,63380.03
2002-04-04,63512.01
2002-04-05,63427.18
2002-04-08,63661.13
2002-04-09,63805.27
2002-04-10,64056.56
2002-04-11,64162.12
2002-04-12,63767.58
2002-04-15,63518.39
2002-04-16,63771.26
2002-04-17,63833.17
2002-04-18,64098.53
2002-04-19,63968.4
2002-04-22,63822.07
2002-04-23,63920.52
2002-04-24,64224.83
2002-04-25,64559
2002-04-26,64680.21
2002-04-29,64584.09
2002-04-30,64050.08
2002-05-01,64050.92
2002-05-02,63837.54
2002-05-03,64016.81
2002-05-06,63770.84
2002-05-07,63723.93
2002-05-08,63169.91
2002-05-09,63341.67
2002-05-10,63414.7
2002-05-13,62542.27
2002-05-14,62164.79
2002-05-15,62213.03
2002-05-16,62261.63
2002-05-17,62597.06
2002-05-20,62603.71
2002-05-21,62584.51
2002-05-22,62799.45
2002-05-23,62370.77
2002-05-24,62330.24
2002-05-28,62395.77
2002-05-29,62435.44
2002-05-30,62296.86
2002-05-31,62192.03
2002-06-03,62298.19
2002-06-04,62470.37
2002-06-05,62255.77
2002-06-06,62609.5
2002-06-07,62566.7
2002-06-10,62162.04
2002-06-11,62304.42
2002-06-12,62273
2002-06-13,61672.2
2002-06-14,61615.63
2002-06-17,61531.13
2002-06-18,61731.57
2002-06-19,61942.59
2002-06-20,62297.79
2002-06-21,62805.14
2002-06-24,62088.35
2002-06-25,62130.91
2002-06-26,62714.11
2002-06-27,62299.69
2002-06-28,62683.81
2002-07-01,62107.3
2002-07-02,61920.94
2002-07-03,61651.62
2002-07-05,61079.18
2002-07-08,62099.92
2002-07-09,62461.31
2002-07-10,62706.73
2002-07-11,62872.31
2002-07-12,63077.59
2002-07-15,63651.84
2002-07-16,63532.3
2002-07-17,63533.72
2002-07-18,63233.84
2002-07-19,63753.26
2002-07-22,63034.42
2002-07-23,61663.09
2002-07-24,62473.15
2002-07-25,62574.06
2002-07-26,61547.76
2002-07-29,60704.86
2002-07-30,61378.67
2002-07-31,61454.66
2002-08-01,61717.97
2002-08-02,62317.51
2002-08-05,62112.1
2002-08-06,61376.36
2002-08-07,62025.49
2002-08-08,61148.4
2002-08-09,61606.51
2002-08-12,62443.83
2002-08-13,62858.04
2002-08-14,63389.28
2002-08-15,63235.98
2002-08-16,62643.37
2002-08-19,61800.6
2002-08-20,62189.45
2002-08-21,62086.49
2002-08-22,60833.69
2002-08-23,61157.46
2002-08-26,61495.9
2002-08-27,62175.63
2002-08-28,62008.21
2002-08-29,62551.63
2002-08-30,62628.69
2002-09-03,63776.46
2002-09-04,64061.95
2002-09-05,64783.22
2002-09-06,65025.32
2002-09-09,65541.62
2002-09-10,65324.59
2002-09-11,65059.87
2002-09-12,65107.52
2002-09-13,65077.33
2002-09-16,65289.59
2002-09-17,65149.57
2002-09-18,65707.81
2002-09-19,66225.06
2002-09-20,65478.82
2002-09-23,65823.52
2002-09-24,66307.22
2002-09-25,65641.87
2002-09-26,65820.87
2002-09-27,66305.44
2002-09-30,66694.43
2002-10-01,66311.33
2002-10-02,66000.53
2002-10-03,65442.03
2002-10-04,65194.11
2002-10-07,65566.49
2002-10-08,65472.75
2002-10-09,65837.47
2002-10-10,64801.89
2002-10-11,64590.57
2002-10-14,65136.43
2002-10-15,64451.11
2002-10-16,64465.82
2002-10-17,64089.37
2002-10-18,64050.03
2002-10-21,63027.08
2002-10-22,62765.4
2002-10-23,62962.77
2002-10-24,63003.2
2002-10-25,62594.41
2002-10-28,63129.94
2002-10-29,63473.84
2002-10-30,63133.83
2002-10-31,63802.04
2002-11-01,63836.1
2002-11-04,63386.73
2002-11-05,62934.99
2002-11-06,62834.11
2002-11-07,63332.55
2002-11-08,63503.26
2002-11-11,63480.29
2002-11-12,63256.4
2002-11-13,62697.94
2002-11-14,62582.56
2002-11-15,62887.55
2002-11-18,63352.86
2002-11-19,63592.97
2002-11-20,63490.25
2002-11-21,63475.39
2002-11-22,63629.63
2002-11-25,63170.74
2002-11-26,63559.03
2002-11-27,63040.1
2002-11-29,63420.74
2002-12-02,63629.05
2002-12-03,63487.57
2002-12-04,63502.63
2002-12-05,63848.4
2002-12-06,64120.03
2002-12-09,64315.28
2002-12-10,64617.54
2002-12-11,64833.55
2002-12-12,65829.02
2002-12-13,66255.17
2002-12-16,66751.57
2002-12-17,66900.24
2002-12-18,67205.19
2002-12-19,67624.44
2002-12-20,67446.56
2002-12-23,67962.26
2002-12-24,68425.22
2002-12-26,68378.21
2002-12-27,68862.06
2002-12-30,68100.71
2002-12-31,68241.26
2003-01-02,68155.19
2003-01-03,69015.78
2003-01-06,68788.69
2003-01-07,68223.9
2003-01-08,68969.34
2003-01-09,69334.51
2003-01-10,69377.33
2003-01-13,69661.57
2003-01-14,69750.29
2003-01-15,70344.69
2003-01-16,71208.72
2003-01-17,71906.41
2003-01-21,71988.19
2003-01-22,72256.34
2003-01-23,72395.28
2003-01-24,73711.19
2003-01-27,73326.09
2003-01-28,73464.69
2003-01-29,74555.26
2003-01-30,74529.86
2003-01-31,74275.2
2003-02-03,73933.79
2003-02-04,75223.04
2003-02-05,74886.51
2003-02-06,75462.7
2003-02-07,76220.48
2003-02-10,74946.3
2003-02-11,75510.46
2003-02-12,74946.65
2003-02-13,75766.11
2003-02-14,75257.27
2003-02-18,74742.89
2003-02-19,76151.66
2003-02-20,76200.29
2003-02-21,76959.24
2003-02-24,78771.67
2003-02-25,77484.9
2003-02-26,78474.44
2003-02-27,77852.96
2003-02-28,78473.42
2003-03-03,78503.28
2003-03-04,78440.58
2003-03-05,78973.26
2003-03-06,79026.95
2003-03-07,80191.55
2003-03-10,80020.9
2003-03-11,79228.87
2003-03-12,78790.76
2003-03-13,75866.53
2003-03-14,75358.82
2003-03-17,73783.07
2003-03-18,72418.13
2003-03-19,71093.26
2003-03-20,70670.72
2003-03-21,69106.72
2003-03-24,71001.23
2003-03-25,70539.01
2003-03-26,70694.71
2003-03-27,71447.25
2003-03-28,71890.09
2003-03-31,72622.74
2003-04-01,72017.94
2003-04-02,70384.15
2003-04-03,70233.08
2003-04-04,69822.39
2003-04-07,68942.78
2003-04-08,69526.74
2003-04-09,70525.26
2003-04-10,70413.78
2003-04-11,70247.78
2003-04-14,70258.03
2003-04-15,70805.8
2003-04-16,71564.6
2003-04-17,71843.57
2003-04-21,71823.2
2003-04-22,72095.07
2003-04-23,71038.88
2003-04-24,71599.7
2003-04-25,71552.93
2003-04-28,70834.7
2003-04-29,70859.92
2003-04-30,71741.17
2003-05-01,72128.1
2003-05-02,71298.44
2003-05-05,71720.57
2003-05-06,71871.93
2003-05-07,71632.88
2003-05-08,72122.7
2003-05-09,71886.65
2003-05-12,71837.48
2003-05-13,72125.61
2003-05-14,72568.73
2003-05-15,71469.73
2003-05-16,72260.69
2003-05-19,72368.33
2003-05-20,72870.46
2003-05-21,72718.83
2003-05-22,72398.21
2003-05-23,72698.75
2003-05-27,72217.33
2003-05-28,70854.63
2003-05-29,71716.79
2003-05-30,71383.33
2003-06-02,71340.68
2003-06-03,71506.33
2003-06-04,71386.5
2003-06-05,72417.87
2003-06-06,71954.33
2003-06-09,72052.08
2003-06-10,72397.39
2003-06-11,72711.55
2003-06-12,71722.33
2003-06-13,72329.35
2003-06-16,71980.54
2003-06-17,71631.22
2003-06-18,70596.85
2003-06-19,70489.69
2003-06-20,70124.97
2003-06-23,70460.79
2003-06-24,70069.07
2003-06-25,70921.56
2003-06-26,68741.15
2003-06-27,68570.54
2003-06-30,69375.29
2003-07-01,69609.39
2003-07-02,69421.74
2003-07-03,68641.69
2003-07-07,67919.51
2003-07-08,67239.24
2003-07-09,67709.13
2003-07-10,67755.98
2003-07-11,67474.63
2003-07-14,67186.4
2003-07-15,65598
2003-07-16,65204.13
2003-07-17,64972.79
2003-07-18,64923.36
2003-07-21,64630.18
2003-07-22,63458.91
2003-07-23,64506.29
2003-07-24,64546.27
2003-07-25,64827.77
2003-07-28,64177.73
2003-07-29,63854.95
2003-07-30,63595.92
2003-07-31,62574.29
2003-08-01,63605.12
2003-08-04,63508.05
2003-08-05,63543.1
2003-08-06,63624.6
2003-08-07,64299.74
2003-08-08,64121.46
2003-08-11,64395.4
2003-08-12,64056.39
2003-08-13,63547.91
2003-08-14,63422.27
2003-08-15,63707.89
2003-08-18,63203.65
2003-08-19,63252.46
2003-08-20,63573.3
2003-08-21,63757.77
2003-08-22,63692.88
2003-08-25,63526.84
2003-08-26,63671.85
2003-08-27,63383.52
2003-08-28,63490.01
2003-08-29,64208.37
2003-09-02,62940.56
2003-09-03,62937.13
2003-09-04,62558.3
2003-09-05,62443.48
2003-09-08,62259.52
2003-09-09,62524.67
2003-09-10,62020.55
2003-09-11,61684.09
2003-09-12,61243.17
2003-09-15,61093.93
2003-09-16,60219.23
2003-09-17,60023.23
2003-09-18,59624.44
2003-09-19,59803.68
2003-09-22,60102.75
2003-09-23,59752.6
2003-09-24,60121.96
2003-09-25,60023.21
2003-09-26,59466.76
2003-09-29,59523.48
2003-09-30,59726.79
2003-10-01,60607.36
2003-10-02,61004.48
2003-10-03,60345.79
2003-10-06,61205.99
2003-10-07,61747.19
2003-10-08,61908.02
2003-10-09,62235.82
2003-10-10,63367.77
2003-10-13,63882.78
2003-10-14,64008.15
2003-10-15,63664.34
2003-10-16,63573.37
2003-10-17,64068.65
2003-10-20,64384.01
2003-10-21,64647.7
2003-10-22,65549
2003-10-23,65408.6
2003-10-24,65929.52
2003-10-27,66091.34
2003-10-28,66088.03
2003-10-29,66240.74
2003-10-30,65926.64
2003-10-31,66455.91
2003-11-03,65724.78
2003-11-04,65945.64
2003-11-05,66573.03
2003-11-06,66229.77
2003-11-07,66975.62
2003-11-10,67081.57
2003-11-11,67176.62
2003-11-12,67719.14
2003-11-13,68236.8
2003-11-14,68366.46
2003-11-17,67752.29
2003-11-18,69195.06
2003-11-19,68083.05
2003-11-20,68402.99
2003-11-21,68641.23
2003-11-24,67345.42
2003-11-25,67590.34
2003-11-26,68533.16
2003-11-28,68919.46
2003-12-01,68811.86
2003-12-02,69700.89
2003-12-03,69878.92
2003-12-04,69106.37
2003-12-05,69238.31
2003-12-08,69812.84
2003-12-09,69803.68
2003-12-10,69543.9
2003-12-11,69555.9
2003-12-12,70198.14
2003-12-15,70778.43
2003-12-16,70708.04
2003-12-17,71235.96
2003-12-18,71849.08
2003-12-19,71773.51
2003-12-22,71116.05
2003-12-23,71134.41
2003-12-24,72176
2003-12-26,72447.87
2003-12-29,72466.02
2003-12-30,73194.96
2003-12-31,73173.92
2004-01-02,73969.66
2004-01-05,76018.97
2004-01-06,76066.8
2004-01-07,75512.83
2004-01-08,76863.49
2004-01-09,77592.85
2004-01-12,77618.39
2004-01-13,77112.47
2004-01-14,77031.08
2004-01-15,75291.78
2004-01-16,75496.87
2004-01-20,77101.65
2004-01-21,77516.33
2004-01-22,78025.31
2004-01-23,76999.07
2004-01-26,75880.46
2004-01-27,76447.73
2004-01-28,75087.01
2004-01-29,73960.66
2004-01-30,74727.11
2004-02-02,74897.38
2004-02-03,75602.16
2004-02-04,75158.11
2004-02-05,75663.71
2004-02-06,76764.25
2004-02-09,77728.3
2004-02-10,78246.75
2004-02-11,79824.8
2004-02-12,79916.62
2004-02-13,80369.66
2004-02-17,81820.97
2004-02-18,80959.81
2004-02-19,81829.16
2004-02-20,79852.59
2004-02-23,81020.12
2004-02-24,82552.91
2004-02-25,82105.93
2004-02-26,82103.67
2004-02-27,83176.82
2004-03-01,83912.17
2004-03-02,82258.33
2004-03-03,81624.99
2004-03-04,81966.96
2004-03-05,83671.1
2004-03-08,83225.21
2004-03-09,83443.9
2004-03-10,82967.79
2004-03-11,83355.06
2004-03-12,82747.78
2004-03-15,84144.43
2004-03-16,84943.12
2004-03-17,86014.46
2004-03-18,87288.8
2004-03-19,87135.34
2004-03-22,88126.92
2004-03-23,88172.54
2004-03-24,87170.04
2004-03-25,86966.67
2004-03-26,87313.92
2004-03-29,87263.3
2004-03-30,88244.1
2004-03-31,89204.99
2004-04-01,89128.7
2004-04-02,86954.71
2004-04-05,85646.54
2004-04-06,86575.93
2004-04-07,87505.62
2004-04-08,86958.63
2004-04-12,87143.74
2004-04-13,84960.43
2004-04-14,84090.93
2004-04-15,83838.47
2004-04-16,84418.09
2004-04-19,84400.03
2004-04-20,83169.41
2004-04-21,81228.94
2004-04-22,82004.52
2004-04-23,81522.82
2004-04-26,82236.45
2004-04-27,82860.46
2004-04-28,81955.14
2004-04-29,82232.23
2004-04-30,82629.5
2004-05-03,83215.25
2004-05-04,84293.08
2004-05-05,84624.4
2004-05-06,83196.15
2004-05-07,81885.82
2004-05-10,80239.29
2004-05-11,80488.21
2004-05-12,80254.18
2004-05-13,79672.16
2004-05-14,79089.36
2004-05-17,78511.84
2004-05-18,77482.03
2004-05-19,79076
2004-05-20,77800.3
2004-05-21,77583.41
2004-05-24,78377.11
2004-05-25,78106.95
2004-05-26,77368.36
2004-05-27,76981.13
2004-05-28,76899.15
2004-06-01,78373.94
2004-06-02,77318.71
2004-06-03,76423.22
2004-06-04,76243.7
2004-06-07,76443.23
2004-06-08,75588.22
2004-06-09,75412.72
2004-06-10,75854.4
2004-06-14,75562.2
2004-06-15,75276.76
2004-06-16,75214.15
2004-06-17,76007.6
2004-06-18,76039.88
2004-06-21,75347.49
2004-06-22,75442.5
2004-06-23,75714.81
2004-06-24,76209.02
2004-06-25,75768.73
2004-06-28,74861.41
2004-06-29,74042.49
2004-06-30,74210.69
2004-07-01,75129.46
2004-07-02,74731.11
2004-07-06,75315.69
2004-07-07,75480.61
2004-07-08,75609.01
2004-07-09,75606.82
2004-07-12,74872.17
2004-07-13,74511.12
2004-07-14,75312.31
2004-07-15,74783.32
2004-07-16,75344.45
2004-07-19,75261.65
2004-07-20,74123.06
2004-07-21,73453.82
2004-07-22,74140.48
2004-07-23,73598.04
2004-07-26,73298.54
2004-07-27,72535.66
2004-07-28,73360.65
2004-07-29,73155.18
2004-07-30,73576.85
2004-08-02,73279.91
2004-08-03,73216.45
2004-08-04,71932.56
2004-08-05,71900.95
2004-08-06,72468.13
2004-08-09,72063.35
2004-08-10,71362.31
2004-08-11,71391.9
2004-08-12,71538.98
2004-08-13,72499.86
2004-08-16,71500.85
2004-08-17,70922.41
2004-08-18,70494.77
2004-08-19,70759.08
2004-08-20,69600.88
2004-08-23,68103.56
2004-08-24,67346.63
2004-08-25,66868.97
2004-08-26,66499.87
2004-08-27,66451.31
2004-08-30,65788.97
2004-08-31,66041.02
2004-09-01,66890.23
2004-09-02,67303.96
2004-09-03,67314.42
2004-09-07,67593.97
2004-09-08,68337.17
2004-09-09,69276.74
2004-09-10,69453.54
2004-09-13,70130.03
2004-09-14,71048.36
2004-09-15,70822.46
2004-09-16,71957.31
2004-09-17,72727.64
2004-09-20,73489.83
2004-09-21,74384.33
2004-09-22,75756.14
2004-09-23,76218.99
2004-09-24,76970.35
2004-09-27,78169.23
2004-09-28,78523.83
2004-09-29,78165.95
2004-09-30,79044.14
2004-10-01,78935.78
2004-10-04,78548.5
2004-10-05,79068.67
2004-10-06,79225.35
2004-10-07,79299.72
2004-10-08,80605.79
2004-10-11,80814.85
2004-10-12,80826.58
2004-10-13,80523.49
2004-10-14,81408.42
2004-10-15,81441.46
2004-10-18,80970.51
2004-10-19,80788.16
2004-10-20,82315.81
2004-10-21,82890.19
2004-10-22,83472.44
2004-10-25,83442.08
2004-10-26,83708.23
2004-10-27,81956.03
2004-10-28,81108.51
2004-10-29,82386.26
2004-11-01,81638.68
2004-11-02,80980.82
2004-11-03,82394.45
2004-11-04,81766.35
2004-11-05,81589.87
2004-11-08,81074.73
2004-11-09,80557.09
2004-11-10,80875.6
2004-11-11,80414.68
2004-11-12,81126.64
2004-11-15,80496.63
2004-11-16,80144.38
2004-11-17,81126.47
2004-11-18,80370.59
2004-11-19,81851.16
2004-11-22,81766.32
2004-11-23,82014.41
2004-11-24,82811.45
2004-11-26,83453.44
2004-11-29,82826.19
2004-11-30,82392.52
2004-12-01,81679.86
2004-12-02,79718.42
2004-12-03,80398.22
2004-12-06,79892.95
2004-12-07,79542.07
2004-12-08,78566.29
2004-12-09,78380.87
2004-12-10,77329.43
2004-12-13,77623.43
2004-12-14,77116.87
2004-12-15,78835.33
2004-12-16,77630.03
2004-12-17,78083.04
2004-12-20,78261.92
2004-12-21,78058.34
2004-12-22,77103.97
2004-12-23,77204.46
2004-12-27,76988.6
2004-12-28,76806.23
2004-12-29,76253.24
2004-12-30,76680.21
2004-12-31,76479.76
2005-01-03,76477.03
2005-01-04,75473.69
2005-01-05,75321.72
2005-01-06,74936.55
2005-01-07,74360.42
2005-01-10,74550.09
2005-01-11,75389.82
2005-01-12,76839.26
2005-01-13,76795.74
2005-01-14,76950.4
2005-01-18,77100.81
2005-01-19,76637.02
2005-01-20,76286.76
2005-01-21,77574.85
2005-01-24,77470.33
2005-01-25,76980.39
2005-01-26,77826.09
2005-01-27,77879.52
2005-01-28,77579.38
2005-01-31,77642.03
2005-02-01,77201.38
2005-02-02,76916.6
2005-02-03,76302.97
2005-02-04,76525.15
2005-02-07,75612.38
2005-02-08,75611.45
2005-02-09,75913.67
2005-02-10,76822.87
2005-02-11,76646.78
2005-02-14,76782.49
2005-02-15,76976.81
2005-02-16,77166.51
2005-02-17,76978.33
2005-02-18,76692.21
2005-02-22,77530.04
2005-02-23,77157.02
2005-02-24,76763.81
2005-02-25,76056.91
2005-02-28,76053.07
2005-03-01,75867.8
2005-03-02,75796.6
2005-03-03,75779.02
2005-03-04,76771.19
2005-03-07,77015.43
2005-03-08,77706.87
2005-03-09,77652.47
2005-03-10,77153.79
2005-03-11,76999.48
2005-03-14,76439.24
2005-03-15,76218.94
2005-03-16,77447.21
2005-03-17,77284.79
2005-03-18,77278.72
2005-03-21,76669.69
2005-03-22,76125.94
2005-03-23,75036.11
2005-03-24,75419.38
2005-03-28,74848.04
2005-03-29,75133.23
2005-03-30,75561.84
2005-03-31,76365.91
2005-04-01,76603.88
2005-04-04,76518.78
2005-04-05,76462.91
2005-04-06,76208.73
2005-04-07,75731.99
2005-04-08,75969.17
2005-04-11,76255.22
2005-04-12,75969.78
2005-04-13,75763.57
2005-04-14,75382.68
2005-04-15,75691.04
2005-04-18,76033.5
2005-04-19,76920.4
2005-04-20,77374.82
2005-04-21,77184.78
2005-04-22,77633.64
2005-04-25,77098
2005-04-26,76778.44
2005-04-27,76228.31
2005-04-28,76588.79
2005-04-29,75941.26
2005-05-02,76147.38
2005-05-03,75935.79
2005-05-04,76341.54
2005-05-05,76737.84
2005-05-06,75817.22
2005-05-09,76071.91
2005-05-10,76535.67
2005-05-11,76122.74
2005-05-12,75440.95
2005-05-13,74986.64
2005-05-16,74598.22
2005-05-17,74793.42
2005-05-18,74953.77
2005-05-19,74717.97
2005-05-20,74167.72
2005-05-23,73840.73
2005-05-24,74668.96
2005-05-25,75127.52
2005-05-26,75068.19
2005-05-27,75318.47
2005-05-31,75800.18
2005-06-01,76672.85
2005-06-02,76921.08
2005-06-03,77152.24
2005-06-06,77116.59
2005-06-07,77381.53
2005-06-08,77379.16
2005-06-09,77788.82
2005-06-10,77763.31
2005-06-13,77709.45
2005-06-14,77477.77
2005-06-15,76948.38
2005-06-16,76924.82
2005-06-17,77035.77
2005-06-20,77165.86
2005-06-21,77391.72
2005-06-22,77942.13
2005-06-23,78555.47
2005-06-24,78573.82
2005-06-27,78933.34
2005-06-28,78172.53
2005-06-29,78092.15
2005-06-30,78213.06
2005-07-01,78790.39
2005-07-05,78282.04
2005-07-06,78799.46
2005-07-07,79126.21
2005-07-08,78942.55
2005-07-11,78360.32
2005-07-12,78114.21
2005-07-13,78085.93
2005-07-14,77386.58
2005-07-15,77406.14
2005-07-18,77202.44
2005-07-19,77513.44
2005-07-20,77270.01
2005-07-21,76697.93
2005-07-22,77947.2
2005-07-25,78250.34
2005-07-26,78123.1
2005-07-27,77837.27
2005-07-28,78093.92
2005-07-29,77918.09
2005-08-01,77919.52
2005-08-02,77876.55
2005-08-03,77294.27
2005-08-04,77484.04
2005-08-05,77430.06
2005-08-08,77753.95
2005-08-09,77151.47
2005-08-10,77672.86
2005-08-11,78099.76
2005-08-12,78986.79
2005-08-15,78627.46
2005-08-16,79067.45
2005-08-17,77977.7
2005-08-18,77856.16
2005-08-19,78210.05
2005-08-22,78246.51
2005-08-23,78649.64
2005-08-24,79570.63
2005-08-25,79532.16
2005-08-26,79382.53
2005-08-29,80733.1
2005-08-30,82374.6
2005-08-31,82115.11
2005-09-01,82671.1
2005-09-02,82134.24
2005-09-06,81606.86
2005-09-07,81160.98
2005-09-08,81633.89
2005-09-09,81624.31
2005-09-12,81369.66
2005-09-13,81444.25
2005-09-14,82136.91
2005-09-15,82375.62
2005-09-16,81763.81
2005-09-19,84517.25
2005-09-20,84201.29
2005-09-21,84241.68
2005-09-22,84549.45
2005-09-23,83823.68
2005-09-26,84550.15
2005-09-27,85068.66
2005-09-28,86064.11
2005-09-29,85868.61
2005-09-30,85461.88
2005-10-03,85349.63
2005-10-04,85411.85
2005-10-05,84783.87
2005-10-06,83296.88
2005-10-07,84148.37
2005-10-10,84299.51
2005-10-11,85121.09
2005-10-12,84267.12
2005-10-13,83452.64
2005-10-14,82667.75
2005-10-17,83880.26
2005-10-18,83961.56
2005-10-19,83374.25
2005-10-20,82398.6
2005-10-21,83091.01
2005-10-24,82628.93
2005-10-25,83474.07
2005-10-26,83182.3
2005-10-27,82708.44
2005-10-28,83069.5
2005-10-31,82292.09
2005-11-01,82113.27
2005-11-02,81698.71
2005-11-03,82568.05
2005-11-04,82985.12
2005-11-07,82889.99
2005-11-08,82789.58
2005-11-09,82520.87
2005-11-10,82714.17
2005-11-11,82517.78
2005-11-14,82773.65
2005-11-15,82790.72
2005-11-16,84269.03
2005-11-17,83706.95
2005-11-18,83645.21
2005-11-21,83854.78
2005-11-22,83963.54
2005-11-23,84309.74
2005-11-25,84805.11
2005-11-28,84066.17
2005-11-29,84535.89
2005-11-30,84832.72
2005-12-01,85954.61
2005-12-02,86143.44
2005-12-05,86020.74
2005-12-06,86003.64
2005-12-07,86881.22
2005-12-08,87023.73
2005-12-09,86608.77
2005-12-12,86126.37
2005-12-13,86375.83
2005-12-14,85062.01
2005-12-15,85137.78
2005-12-16,85228.6
2005-12-19,85284.62
2005-12-20,85776.74
2005-12-21,85934.49
2005-12-22,85434
2005-12-23,85272
2005-12-27,84786.86
2005-12-28,85503.7
2005-12-29,85517.3
2005-12-30,85379.25
2006-01-03,83610.63
2006-01-04,83614.3
2006-01-05,83133.33
2006-01-06,83172.24
2006-01-09,83505.32
2006-01-10,83478.43
2006-01-11,83213.8
2006-01-12,83605.31
2006-01-13,83595.55
2006-01-17,84728.68
2006-01-18,84765.52
2006-01-19,85095.29
2006-01-20,85162.78
2006-01-23,84493.22
2006-01-24,84524.52
2006-01-25,84348.5
2006-01-26,84660.91
2006-01-27,85232.07
2006-01-30,85253.45
2006-01-31,84883.99
2006-02-01,85367.59
2006-02-02,85090.57
2006-02-03,85190.95
2006-02-06,85779.52
2006-02-07,85084.54
2006-02-08,85280.77
2006-02-09,85233.79
2006-02-10,85007.17
2006-02-13,84767.32
2006-02-14,85044.74
2006-02-15,84575.47
2006-02-16,84440.08
2006-02-17,84172.93
2006-02-21,84352.5
2006-02-22,85111.46
2006-02-23,84326.28
2006-02-24,84630.38
2006-02-27,84609.22
2006-02-28,84319.57
2006-03-01,84628.64
2006-03-02,84039.51
2006-03-03,84084.86
2006-03-06,85107.91
2006-03-07,85587.86
2006-03-08,85404.62
2006-03-09,85081.8
2006-03-10,85683.24
2006-03-13,85164.76
2006-03-14,83516.01
2006-03-15,84077.35
2006-03-16,83250.34
2006-03-17,84039.87
2006-03-20,84975.38
2006-03-21,85222.03
2006-03-22,85390.4
2006-03-23,85480.13
2006-03-24,85234.23
2006-03-27,85564.65
2006-03-28,85754.58
2006-03-29,85827.19
2006-03-30,85364.6
2006-03-31,85592.38
2006-04-03,86378.11
2006-04-04,86142.87
2006-04-05,85516.25
2006-04-06,85904.87
2006-04-07,86516.21
2006-04-10,86461.98
2006-04-11,85836.52
2006-04-12,86197.77
2006-04-13,86369.06
2006-04-17,85611.46
2006-04-18,85046.4
2006-04-19,84674.5
2006-04-20,85295.76
2006-04-21,85742.45
2006-04-24,85452.3
2006-04-25,86619.53
2006-04-26,86991.5
2006-04-27,86691.76
2006-04-28,86513.1
2006-05-01,86880.66
2006-05-02,87202.49
2006-05-03,86971.43
2006-05-04,86583.43
2006-05-05,86683.55
2006-05-08,86514.98
2006-05-09,87371.2
2006-05-10,87758.5
2006-05-11,88875.95
2006-05-12,88146.38
2006-05-15,86316.71
2006-05-16,86219.08
2006-05-17,85495.47
2006-05-18,85389.89
2006-05-19,84715.97
2006-05-22,84570.65
2006-05-23,86108.22
2006-05-24,84466.76
2006-05-25,85421.8
2006-05-26,85063.56
2006-05-30,85981.45
2006-05-31,85056.97
2006-06-01,84227.16
2006-06-02,84573.19
2006-06-05,84818.95
2006-06-06,84049.5
2006-06-07,84075.39
2006-06-08,82398.13
2006-06-09,82861.49
2006-06-12,82389.53
2006-06-13,80267.67
2006-06-14,80300.3
2006-06-15,80446.27
2006-06-16,80579.72
2006-06-19,80373.3
2006-06-20,81494.27
2006-06-21,82333.22
2006-06-22,82422.7
2006-06-23,82678.27
2006-06-26,83692.14
2006-06-27,83074.89
2006-06-28,83372.34
2006-06-29,83950.21
2006-06-30,84188.25
2006-07-03,84387.03
2006-07-05,85572.14
2006-07-06,85662.1
2006-07-07,85149.49
2006-07-10,84243.36
2006-07-11,84180.02
2006-07-12,84216.21
2006-07-13,84550.31
2006-07-14,84083.59
2006-07-17,83821.02
2006-07-18,83940.85
2006-07-19,83644.25
2006-07-20,83088.91
2006-07-21,83031.86
2006-07-24,82454.73
2006-07-25,82393.44
2006-07-26,82394.96
2006-07-27,82354.99
2006-07-28,82074.74
2006-07-31,81430.87
2006-08-01,82573.54
2006-08-02,82548.58
2006-08-03,82761.39
2006-08-04,82877.02
2006-08-07,83555.23
2006-08-08,83172.27
2006-08-09,83041.07
2006-08-10,82077.46
2006-08-11,82486.09
2006-08-14,82678.43
2006-08-15,82561.3
2006-08-16,82462.45
2006-08-17,81685.48
2006-08-18,81566.63
2006-08-21,82145.15
2006-08-22,81453.43
2006-08-23,81269.01
2006-08-24,80879.91
2006-08-25,80873.83
2006-08-28,81063.13
2006-08-29,81394.17
2006-08-30,81476.4
2006-08-31,81323.23
2006-09-01,81651.08
2006-09-05,82078.27
2006-09-06,82456.41
2006-09-07,81816.23
2006-09-08,81239.49
2006-09-11,81676.68
2006-09-12,82307.62
2006-09-13,81853.84
2006-09-14,82434.91
2006-09-15,82088.6
2006-09-18,82539.81
2006-09-19,82487.84
2006-09-20,82922.04
2006-09-21,83260.41
2006-09-22,83938.76
2006-09-25,84293.77
2006-09-26,84132.55
2006-09-27,83953.19
2006-09-28,83531.43
2006-09-29,83097.89
2006-10-02,83754.52
2006-10-03,84159.84
2006-10-04,83213.91
2006-10-05,82873.68
2006-10-06,83021.78
2006-10-09,82483.1
2006-10-10,82806.93
2006-10-11,83458.93
2006-10-12,83386.1
2006-10-13,83076.65
2006-10-16,82538.59
2006-10-17,82116.96
2006-10-18,82591.17
2006-10-19,82209.58
2006-10-20,82355.88
2006-10-23,82630.99
2006-10-24,82498.71
2006-10-25,81693.83
2006-10-26,82326.63
2006-10-27,82535.75
2006-10-30,83468.11
2006-10-31,82990.07
2006-11-01,83028.9
2006-11-02,83467.6
2006-11-03,82982.37
2006-11-06,82939.04
2006-11-07,83308.31
2006-11-08,82831.7
2006-11-09,82019.74
2006-11-10,82228.3
2006-11-13,82389.46
2006-11-14,82664.23
2006-11-15,82088.2
2006-11-16,82504.89
2006-11-17,82492.64
2006-11-20,82758.28
2006-11-21,82527.12
2006-11-22,83400.39
2006-11-24,83899.23
2006-11-27,83715.62
2006-11-28,83392.29
2006-11-29,82491.69
2006-11-30,83104.7
2006-12-01,83431.36
2006-12-04,83966
2006-12-05,84061.2
2006-12-06,83386.4
2006-12-07,83642.4
2006-12-08,83241.88
2006-12-11,84054.27
2006-12-12,84242.5
2006-12-13,83755.82
2006-12-14,83485.99
2006-12-15,82786.9
2006-12-18,82828.55
2006-12-19,83241.36
2006-12-20,83133.23
2006-12-21,83721.78
2006-12-22,83984.03
2006-12-26,85052
2006-12-27,84896.16
2006-12-28,84838.05
2006-12-29,84735.22
2007-01-03,84976.19
2007-01-04,85195.08
2007-01-05,84661.67
2007-01-08,84440.95
2007-01-09,84173.09
2007-01-10,84262.12
2007-01-11,85763.67
2007-01-12,86323.28
2007-01-16,86881.73
2007-01-17,87519.17
2007-01-18,88106.59
2007-01-19,87011.47
2007-01-22,86844.63
2007-01-23,86328.87
2007-01-24,85605.52
2007-01-25,86255.88
2007-01-26,85589.55
2007-01-29,86413.55
2007-01-30,84959.38
2007-01-31,84813.98
2007-02-01,85193.95
2007-02-02,85383.71
2007-02-05,85260.23
2007-02-06,85073.67
2007-02-07,85576.19
2007-02-08,85052.59
2007-02-09,84852.73
2007-02-12,86053.08
2007-02-13,85280.49
2007-02-14,85678.71
2007-02-15,84850.61
2007-02-16,84736.78
2007-02-20,85370.33
2007-02-21,85369.28
2007-02-22,84809.96
2007-02-23,84357.68
2007-02-26,84270.58
2007-02-27,83618.8
2007-02-28,83949.66
2007-03-01,82973.98
2007-03-02,82613.79
2007-03-05,82947.95
2007-03-06,82599.76
2007-03-07,82753.52
2007-03-08,82926.99
2007-03-09,83461.36
2007-03-12,83742.25
2007-03-13,83494.57
2007-03-14,83187.89
2007-03-15,83350.74
2007-03-16,83420.01
2007-03-19,83592.38
2007-03-20,83884.06
2007-03-21,84036.29
2007-03-22,83379.52
2007-03-23,82972.53
2007-03-26,82575.11
2007-03-27,82263.31
2007-03-28,81797.87
2007-03-29,81805.64
2007-03-30,81332
2007-04-02,81751.97
2007-04-03,81609.14
2007-04-04,81493.12
2007-04-05,81342.29
2007-04-09,81047.94
2007-04-10,80987.54
2007-04-11,80620.37
2007-04-12,80263.77
2007-04-13,80584.94
2007-04-16,81016.32
2007-04-17,81319.32
2007-04-18,81383.52
2007-04-19,81387.78
2007-04-20,81238.4
2007-04-23,80820.76
2007-04-24,81113.32
2007-04-25,81143.57
2007-04-26,80877.56
2007-04-27,80973.2
2007-04-30,81191.75
2007-05-01,81671.67
2007-05-02,81761.12
2007-05-03,81757.96
2007-05-04,81934.92
2007-05-07,81942.21
2007-05-08,81568.79
2007-05-09,81548.21
2007-05-10,81099.81
2007-05-11,81566.67
2007-05-14,81491.48
2007-05-15,82231.44
2007-05-16,82001.89
2007-05-17,81394.45
2007-05-18,81490.04
2007-05-21,81697.86
2007-05-22,81266.83
2007-05-23,81446.29
2007-05-24,81332.51
2007-05-25,81517.81
2007-05-29,81381.95
2007-05-30,81628.94
2007-05-31,82225.37
2007-06-01,82710.6
2007-06-04,82617.87
2007-06-05,82912.33
2007-06-06,82475.24
2007-06-07,83008.6
2007-06-08,83050.28
2007-06-11,83567.92
2007-06-12,83782.43
2007-06-13,84213.33
2007-06-14,84376.46
2007-06-15,84698.04
2007-06-18,84652.46
2007-06-19,84120.07
2007-06-20,84710.8
2007-06-21,84375.03
2007-06-22,84129.86
2007-06-25,84065.61
2007-06-26,84001.17
2007-06-27,83207.17
2007-06-28,84210.97
2007-06-29,84019.58
2007-07-02,84334.07
2007-07-03,84161.67
2007-07-05,85263.51
2007-07-06,85993.33
2007-07-09,86017.31
2007-07-10,85366.25
2007-07-11,85377.42
2007-07-12,86025.01
2007-07-13,85900.06
2007-07-16,85133.09
2007-07-17,85113.22
2007-07-18,85183.77
2007-07-19,85245.15
2007-07-20,84762.55
2007-07-23,84747.33
2007-07-24,84929.52
2007-07-25,84408.94
2007-07-26,83182.67
2007-07-27,82574.27
2007-07-30,82106.49
2007-07-31,82840.04
2007-08-01,82085.27
2007-08-02,82815.52
2007-08-03,82511.21
2007-08-06,81767.57
2007-08-07,81869.24
2007-08-08,82812.19
2007-08-09,81541
2007-08-10,81182.81
2007-08-13,81229.12
2007-08-14,80492.27
2007-08-15,79942.91
2007-08-16,77540.33
2007-08-17,78348.3
2007-08-20,79143.46
2007-08-21,78667.45
2007-08-22,79598.24
2007-08-23,80225.41
2007-08-24,81334.7
2007-08-27,81604.19
2007-08-28,81171.16
2007-08-29,82067.77
2007-08-30,82248.75
2007-08-31,82534.88
2007-09-04,83060.11
2007-09-05,83355.18
2007-09-06,83664.41
2007-09-07,83931.11
2007-09-10,84257.6
2007-09-11,85083.52
2007-09-12,85037.33
2007-09-13,85347.38
2007-09-14,84976.98
2007-09-17,85048.87
2007-09-18,86031.23
2007-09-19,86078.73
2007-09-20,86902
2007-09-21,86843.42
2007-09-24,86912.65
2007-09-25,86817.91
2007-09-26,87086.55
2007-09-27,87991.6
2007-09-28,88422.44
2007-10-01,88246.95
2007-10-02,87199.36
2007-10-03,87417.23
2007-10-04,87807.43
2007-10-05,88158.87
2007-10-08,87379.17
2007-10-09,87286.02
2007-10-10,87912.61
2007-10-11,88978.07
2007-10-12,88841.87
2007-10-15,88875.1
2007-10-16,88608.35
2007-10-17,88410.01
2007-10-18,89051.55
2007-10-19,89155.93
2007-10-22,88128.05
2007-10-23,88785.01
2007-10-24,88805.46
2007-10-25,89675.05
2007-10-26,90380.26
2007-10-29,91176.03
2007-10-30,90487.92
2007-10-31,91680.34
2007-11-01,90698.07
2007-11-02,91911.71
2007-11-05,91813.45
2007-11-06,93032.23
2007-11-07,93735.7
2007-11-08,93063.49
2007-11-09,93131
2007-11-12,91410.38
2007-11-13,90917.5
2007-11-14,91806.1
2007-11-15,91402.76
2007-11-16,91865.21
2007-11-19,92245.51
2007-11-20,93760.22
2007-11-21,94032.07
2007-11-23,94598.59
2007-11-26,94991.9
2007-11-27,94030.94
2007-11-28,93429.92
2007-11-29,93493.42
2007-11-30,92222.24
2007-12-03,93146.32
2007-12-04,93532.73
2007-12-05,92397.52
2007-12-06,92433.88
2007-12-07,91739.75
2007-12-10,91747.35
2007-12-11,92159.95
2007-12-12,92686.1
2007-12-13,92048.12
2007-12-14,90924.3
2007-12-17,91187.7
2007-12-18,90946.6
2007-12-19,91298.08
2007-12-20,91143.75
2007-12-21,91042.67
2007-12-24,91186.45
2007-12-26,92228.14
2007-12-27,92801.22
2007-12-28,93058.52
2007-12-31,93014.85
2008-01-02,95280.25
2008-01-03,95527.31
2008-01-04,95396.57
2008-01-07,94052.29
2008-01-08,94623.42
2008-01-09,94215.81
2008-01-10,94111.16
2008-01-11,94799.06
2008-01-14,95898.94
2008-01-15,95997.27
2008-01-16,95106.46
2008-01-17,95462.83
2008-01-18,95394.98
2008-01-22,94928.47
2008-01-23,94499.85
2008-01-24,94742.05
2008-01-25,95275.3
2008-01-28,96570.65
2008-01-29,95887.35
2008-01-30,96396.02
2008-01-31,96565.33
2008-02-01,96852.07
2008-02-04,97118.16
2008-02-05,96554.86
2008-02-06,96557.42
2008-02-07,96001.43
2008-02-08,96005.52
2008-02-11,97773.04
2008-02-12,96358.43
2008-02-13,96421.22
2008-02-14,97446.12
2008-02-15,98016.75
2008-02-19,98860.76
2008-02-20,98528.86
2008-02-21,99121.6
2008-02-22,99262.76
2008-02-25,99629.92
2008-02-26,101579.4
2008-02-27,102391.61
2008-02-28,103958.18
2008-02-29,104483.3
2008-03-03,105802.38
2008-03-04,104080.52
2008-03-05,105391.75
2008-03-06,105513.56
2008-03-07,105068.03
2008-03-10,106124.28
2008-03-11,105947.8
2008-03-12,107397.32
2008-03-13,108387.25
2008-03-14,108744.71
2008-03-17,106790.59
2008-03-18,107366.51
2008-03-19,104026.57
2008-03-20,101893.68
2008-03-24,101826.02
2008-03-25,103248.62
2008-03-26,105071.24
2008-03-27,105239.3
2008-03-28,104451.2
2008-03-31,103264.26
2008-04-01,100656.55
2008-04-02,102646.97
2008-04-03,102655.33
2008-04-04,103988.51
2008-04-07,103780.64
2008-04-08,103463.95
2008-04-09,106031.2
2008-04-10,105600.13
2008-04-11,105663.38
2008-04-14,106015
2008-04-15,106361.2
2008-04-16,107132.26
2008-04-17,105713.37
2008-04-18,104648.43
2008-04-21,104560.79
2008-04-22,105639.7
2008-04-23,104749.55
2008-04-24,102164.62
2008-04-25,101644.69
2008-04-28,102317.62
2008-04-29,101031.24
2008-04-30,101418.09
2008-05-01,99508.58
2008-05-02,99935.5
2008-05-05,101446.01
2008-05-06,102160.51
2008-05-07,102291.15
2008-05-08,102939.94
2008-05-09,104920.08
2008-05-12,104116.59
2008-05-13,103633.88
2008-05-14,102503.51
2008-05-15,102775.42
2008-05-16,103995.94
2008-05-19,103576.6
2008-05-20,105364.91
2008-05-21,106876.86
2008-05-22,105501.97
2008-05-23,106647.84
2008-05-27,104980.41
2008-05-28,104938.53
2008-05-29,102743.9
2008-05-30,103334.88
2008-06-02,104303.15
2008-06-03,104417.16
2008-06-04,104007.32
2008-06-05,105123.89
2008-06-06,107762.43
2008-06-09,106593.85
2008-06-10,104765.75
2008-06-11,106069.6
2008-06-12,105523.9
2008-06-13,105280.35
2008-06-16,105426.56
2008-06-17,105340.14
2008-06-18,105901.06
2008-06-19,105040.23
2008-06-20,105618.81
2008-06-23,105291.06
2008-06-24,105559.62
2008-06-25,105225.62
2008-06-26,106879.09
2008-06-27,107521.21
2008-06-30,107686.2
2008-07-01,108066.72
2008-07-02,109317.6
2008-07-03,108491.27
2008-07-07,106778.65
2008-07-08,104458.58
2008-07-09,104670.24
2008-07-10,105980.71
2008-07-11,106472.03
2008-07-14,106668.64
2008-07-15,105279.04
2008-07-16,104165.61
2008-07-17,102150.54
2008-07-18,101872.45
2008-07-21,102219.28
2008-07-22,100579.85
2008-07-23,98820.33
2008-07-24,98610.41
2008-07-25,98053.69
2008-07-28,98923.23
2008-07-29,97607.17
2008-07-30,97958.92
2008-07-31,97763.56
2008-08-01,97127.18
2008-08-04,95569.43
2008-08-05,94100.65
2008-08-06,93351.15
2008-08-07,93240.09
2008-08-08,91419.5
2008-08-11,90437.41
2008-08-12,90110.68
2008-08-13,90435.96
2008-08-14,90124.37
2008-08-15,89800.17
2008-08-18,89900.73
2008-08-19,90406.7
2008-08-20,90410.92
2008-08-21,90961.92
2008-08-22,90448.46
2008-08-25,90876.36
2008-08-26,91184.5
2008-08-27,91474.06
2008-08-28,91377.02
2008-08-29,91317.7
2008-09-02,91892.9
2008-09-03,91636.04
2008-09-04,91685.38
2008-09-05,92195.04
2008-09-08,92195.73
2008-09-09,92025.69
2008-09-10,92481.48
2008-09-11,92656.69
2008-09-12,90792.28
2008-09-15,90993.43
2008-09-16,91653.31
2008-09-17,89831.17
2008-09-18,89712.46
2008-09-19,87277.74
2008-09-22,84670.53
2008-09-23,85146.46
2008-09-24,86097.19
2008-09-25,85653.13
2008-09-26,86468.54
2008-09-29,90529.23
2008-09-30,91146.7
2008-10-01,91537.29
2008-10-02,95626.12
2008-10-03,96013.94
2008-10-06,103462.78
2008-10-07,101783.21
2008-10-08,102455.38
2008-10-09,101620.71
2008-10-10,106660.9
2008-10-13,102956.72
2008-10-14,102485.2
2008-10-15,105896.27
2008-10-16,107243.93
2008-10-17,105435.47
2008-10-20,105495.92
2008-10-21,107713.9
2008-10-22,112617.75
2008-10-23,113952.69
2008-10-24,117107.98
2008-10-27,117174.5
2008-10-28,115552.88
2008-10-29,110098.01
2008-10-30,110827.04
2008-10-31,110740.62
2008-11-03,111523.24
2008-11-04,105658
2008-11-05,109655.66
2008-11-06,115167.21
2008-11-07,115197.92
2008-11-10,114058.98
2008-11-11,118134.85
2008-11-12,122125.55
2008-11-13,120998.39
2008-11-14,119650.78
2008-11-17,121442.51
2008-11-18,123584.73
2008-11-19,124617.37
2008-11-20,130539.26
2008-11-21,130212.1
2008-11-24,122825.28
2008-11-25,124774.34
2008-11-26,124271.79
2008-11-28,125247.4
2008-12-01,131531.95
2008-12-02,134263.87
2008-12-03,136233.63
2008-12-04,139725.86
2008-12-05,143462.43
2008-12-08,136795.06
2008-12-09,138780.46
2008-12-10,135887.8
2008-12-11,131855.06
2008-12-12,132995.72
2008-12-15,132792.5
2008-12-16,130310.37
2008-12-17,130330.46
2008-12-18,132455.99
2008-12-19,135593.22
2008-12-22,136079.07
2008-12-23,135720.25
2008-12-24,136292.43
2008-12-26,133135.51
2008-12-29,133811.09
2008-12-30,133916.73
2008-12-31,129417.32
2009-01-02,126874.87
2009-01-05,124041.77
2009-01-06,119986.67
2009-01-07,124938.88
2009-01-08,126466.69
2009-01-09,127477.36
2009-01-12,133979.55
2009-01-13,135074.24
2009-01-14,137364.69
2009-01-15,137042.83
2009-01-16,134263.68
2009-01-20,138479.41
2009-01-21,136758.51
2009-01-22,137371.86
2009-01-23,133918.89
2009-01-26,131609.68
2009-01-27,134462.73
2009-01-28,132409.24
2009-01-29,132973.59
2009-01-30,133275.58
2009-02-02,136651.53
2009-02-03,134179.99
2009-02-04,134050.42
2009-02-05,131783.56
2009-02-06,129029.01
2009-02-09,128193.6
2009-02-10,133637.31
2009-02-11,135514.53
2009-02-12,138903.89
2009-02-13,136506.24
2009-02-17,144719.56
2009-02-18,145774.17
2009-02-19,142427.28
2009-02-20,143880.96
2009-02-23,144324.71
2009-02-24,141301.71
2009-02-25,140244.05
2009-02-26,136635.93
2009-02-27,138350.37
2009-03-02,144863.71
2009-03-03,142337.16
2009-03-04,137018.19
2009-03-05,142760.3
2009-03-06,142424.04
2009-03-09,143144.07
2009-03-10,141821.23
2009-03-11,144133.54
2009-03-12,141070.69
2009-03-13,141189.54
2009-03-16,138040.11
2009-03-17,136026.98
2009-03-18,136481.58
2009-03-19,131690.67
2009-03-20,131511.16
2009-03-23,127621.09
2009-03-24,126340.52
2009-03-25,128354.22
2009-03-26,128049.47
2009-03-27,131709.83
2009-03-30,137204.63
2009-03-31,133014.64
2009-04-01,134464.21
2009-04-02,127118.53
2009-04-03,124252.63
2009-04-06,125532.4
2009-04-07,127581.83
2009-04-08,128203.38
2009-04-09,126463.48
2009-04-13,125066.05
2009-04-14,125530.36
2009-04-15,126073.53
2009-04-16,125763.05
2009-04-17,125198.67
2009-04-20,132294.06
2009-04-21,130805.63
2009-04-22,129872.59
2009-04-23,128866.85
2009-04-24,126679.35
2009-04-27,130703.15
2009-04-28,130249.84
2009-04-29,126430.6
2009-04-30,125072.61
2009-05-01,121442.61
2009-05-04,119698.07
2009-05-05,120567.43
2009-05-06,117290.51
2009-05-07,115673.57
2009-05-08,111589.89
2009-05-11,113360.98
2009-05-12,112501.82
2009-05-13,114853.3
2009-05-14,114052.52
2009-05-15,117067.8
2009-05-18,114016.67
2009-05-19,112854.15
2009-05-20,110767.41
2009-05-21,111866.13
2009-05-22,109769.62
2009-05-26,108848.49
2009-05-27,107334.88
2009-05-28,105260.12
2009-05-29,104990.31
2009-06-01,101019.51
2009-06-02,101020.67
2009-06-03,103694.17
2009-06-04,101809.05
2009-06-05,101117.64
2009-06-08,101755.33
2009-06-09,101114.99
2009-06-10,100450.47
2009-06-11,99895.88
2009-06-12,100226.09
2009-06-15,100004.39
2009-06-16,100604.77
2009-06-17,101118.67
2009-06-18,100807.72
2009-06-19,102099.34
2009-06-22,102936.25
2009-06-23,103614.56
2009-06-24,103534.9
2009-06-25,103660.07
2009-06-26,104380.79
2009-06-29,103937.63
2009-06-30,104758.35
2009-07-01,105616.07
2009-07-02,106498.23
2009-07-06,107526.34
2009-07-07,107331.11
2009-07-08,108385.2
2009-07-09,108629.21
2009-07-10,108821.15
2009-07-13,109010.49
2009-07-14,108292.19
2009-07-15,108330.93
2009-07-16,107824.89
2009-07-17,106592.41
2009-07-20,107085.31
2009-07-21,107449.56
2009-07-22,107600.35
2009-07-23,105959.51
2009-07-24,106074.24
2009-07-27,105947.11
2009-07-28,106687.72
2009-07-29,106851.49
2009-07-30,106102.91
2009-07-31,107438.84
2009-08-03,106471.94
2009-08-04,106795
2009-08-05,107146.25
2009-08-06,107988.51
2009-08-07,107838.65
2009-08-10,107571.5
2009-08-11,108107.78
2009-08-12,109391.2
2009-08-13,110044.79
2009-08-14,109993.14
2009-08-17,109778.25
2009-08-18,109998.4
2009-08-19,110670.84
2009-08-20,110799.42
2009-08-21,111917.93
2009-08-24,111601.97
2009-08-25,112104.35
2009-08-26,111617.64
2009-08-27,112617.16
2009-08-28,113401.61
2009-08-31,113581.48
2009-09-01,113257.92
2009-09-02,114140.33
2009-09-03,114484.52
2009-09-04,114776.38
2009-09-08,115398.51
2009-09-09,114979.84
2009-09-10,115316.03
2009-09-11,116046.94
2009-09-14,115565.01
2009-09-15,114884.27
2009-09-16,115248.14
2009-09-17,115699.24
2009-09-18,114386.22
2009-09-21,114048.19
2009-09-22,114915.48
2009-09-23,114361.03
2009-09-24,112726.03
2009-09-25,113741.1
2009-09-28,113879.78
2009-09-29,114191.02
2009-09-30,115257.19
2009-10-01,115234.21
2009-10-02,115169.27
2009-10-05,115928.91
2009-10-06,116342.08
2009-10-07,115977.39
2009-10-08,116733.2
2009-10-09,114900.41
2009-10-12,115036.36
2009-10-13,115770.32
2009-10-14,116081.06
2009-10-15,116555.87
2009-10-16,116259.08
2009-10-19,116649.95
2009-10-20,115989.7
2009-10-21,116649.99
2009-10-22,115596.36
2009-10-23,115069.95
2009-10-26,114503.17
2009-10-27,115650.07
2009-10-28,114457.62
2009-10-29,116167.42
2009-10-30,115293.73
2009-11-02,115642.62
2009-11-03,116066.34
2009-11-04,117046.53
2009-11-05,115927.03
2009-11-06,115887.5
2009-11-09,117397.99
2009-11-10,117583.05
2009-11-11,117928.46
2009-11-12,116948.05
2009-11-13,117121.69
2009-11-16,118949.87
2009-11-17,118620.96
2009-11-18,119374.45
2009-11-19,118335.36
2009-11-20,117703.97
2009-11-23,118679.66
2009-11-24,118944.98
2009-11-25,120408.36
2009-11-27,118909.18
2009-11-30,120092.66
2009-12-01,121933.31
2009-12-02,121371.17
2009-12-03,121625.5
2009-12-04,118304.27
2009-12-07,118055.62
2009-12-08,116767.05
2009-12-09,116633.95
2009-12-10,115777.23
2009-12-11,114918.7
2009-12-14,115553.61
2009-12-15,114060.69
2009-12-16,115416.11
2009-12-17,114138.29
2009-12-18,114082.04
2009-12-21,112585.77
2009-12-22,111948.7
2009-12-23,112901.78
2009-12-24,114020.66
2009-12-28,113921.76
2009-12-29,114054.92
2009-12-30,114342.48
2009-12-31,114779.03
2010-01-04,115895.16
2010-01-05,116506.36
2010-01-06,116840.28
2010-01-07,116086.39
2010-01-08,116537.23
2010-01-11,117233.83
2010-01-12,116470.85
2010-01-13,116645.86
2010-01-14,117157.65
2010-01-15,115681.29
2010-01-19,116806.83
2010-01-20,114979.33
2010-01-21,113893.77
2010-01-22,112972.12
2010-01-25,113941.85
2010-01-26,113634.95
2010-01-27,112629.66
2010-01-28,112484.31
2010-01-29,111643.26
2010-02-01,111842.03
2010-02-02,112754.85
2010-02-03,112018.76
2010-02-04,109586.9
2010-02-05,108003.71
2010-02-08,108552.68
2010-02-09,109973.92
2010-02-10,109414.44
2010-02-11,110756.55
2010-02-12,110209.56
2010-02-16,111887.69
2010-02-17,111443.31
2010-02-18,112572.31
2010-02-19,112865.41
2010-02-22,112204.81
2010-02-23,111997.14
2010-02-24,112123.08
2010-02-25,111996.39
2010-02-26,112696.25
2010-03-01,113157.44
2010-03-02,113945.61
2010-03-03,113693.28
2010-03-04,113833.92
2010-03-05,114280.73
2010-03-08,114208.43
2010-03-09,114246.74
2010-03-10,113888.52
2010-03-11,113853.62
2010-03-12,113302.44
2010-03-15,113166.81
2010-03-16,113606
2010-03-17,113969.18
2010-03-18,114374.74
2010-03-19,113839.17
2010-03-22,114067.92
2010-03-23,114444.37
2010-03-24,113362.68
2010-03-25,113680.4
2010-03-26,113351.27
2010-03-29,114455.93
2010-03-30,114389.09
2010-03-31,115713.09
2010-04-01,115809.63
2010-04-05,116026.56
2010-04-06,116442.39
2010-04-07,116134.98
2010-04-08,116752.47
2010-04-09,115922.86
2010-04-12,115429.91
2010-04-13,114857.39
2010-04-14,114747.04
2010-04-15,115335.03
2010-04-16,114852.27
2010-04-19,114980.34
2010-04-20,115411.89
2010-04-21,115529.54
2010-04-22,115345.65
2010-04-23,115819.27
2010-04-26,116045.18
2010-04-27,116013.02
2010-04-28,116856.67
2010-04-29,117172.79
2010-04-30,117452.34
2010-05-03,118053.92
2010-05-04,117134.04
2010-05-05,116856.82
2010-05-06,115911.71
2010-05-07,116031.99
2010-05-10,116536.37
2010-05-11,116997.76
2010-05-12,116650.01
2010-05-13,117119.72
2010-05-14,117288.45
2010-05-17,116117.73
2010-05-18,116361.89
2010-05-19,115654.91
2010-05-20,114634.91
2010-05-21,114456.53
2010-05-24,115715.15
2010-05-25,116046.41
2010-05-26,115886.3
2010-05-27,115129.8
2010-05-28,116392.07
2010-06-01,116676.35
2010-06-02,116935.84
2010-06-03,115699.15
2010-06-04,117285.85
2010-06-07,117474.73
2010-06-08,117729.32
2010-06-09,116548.39
2010-06-10,114949.13
2010-06-11,115283.33
2010-06-14,112859
2010-06-15,111756.45
2010-06-16,111603.65
2010-06-17,111709.89
2010-06-18,111762.64
2010-06-21,111404.47
2010-06-22,112558.97
2010-06-23,112897.18
2010-06-24,113083.76
2010-06-25,112096.38
2010-06-28,113215.76
2010-06-29,115255.54
2010-06-30,113915.15
2010-07-01,112748.94
2010-07-02,112219.67
2010-07-06,112295.72
2010-07-07,110537.39
2010-07-08,109538.93
2010-07-09,110099.04
2010-07-12,110639.76
2010-07-13,109467.62
2010-07-14,109179.22
2010-07-15,107723.11
2010-07-16,108657.55
2010-07-19,108543.12
2010-07-20,108696.03
2010-07-21,109045.89
2010-07-22,107273
2010-07-23,106741.49
2010-07-26,106479.56
2010-07-27,106039.75
2010-07-28,105744.95
2010-07-29,105268.75
2010-07-30,105808.24
2010-08-02,105288.13
2010-08-03,105812.52
2010-08-04,105706.56
2010-08-05,107112.49
2010-08-06,107418.75
2010-08-09,107586.47
2010-08-10,107410.05
2010-08-11,108552.38
2010-08-12,108994.31
2010-08-13,108930.21
2010-08-16,109871.33
2010-08-17,109369.53
2010-08-18,109666.6
2010-08-19,110226.85
2010-08-20,110146.68
2010-08-23,110651.24
2010-08-24,111258.6
2010-08-25,110848.99
2010-08-26,111489.3
2010-08-27,110870.18
2010-08-30,111665.09
2010-08-31,112128.46
2010-09-01,111452.14
2010-09-02,111319.17
2010-09-03,111290.94
2010-09-07,112405.42
2010-09-08,111498.45
2010-09-09,111335.02
2010-09-10,110302.81
2010-09-13,110752.27
2010-09-14,111619.86
2010-09-15,110598.07
2010-09-16,110114.41
2010-09-17,111624.89
2010-09-20,111604.67
2010-09-21,111968.43
2010-09-22,113286.86
2010-09-23,113255.49
2010-09-24,113692.2
2010-09-27,114599.22
2010-09-28,114763.28
2010-09-29,114115.15
2010-09-30,112712.19
2010-10-01,111199
2010-10-04,111446.98
2010-10-05,112363.66
2010-10-06,112684.91
2010-10-07,113652.08
2010-10-08,116534.5
2010-10-11,117115.66
2010-10-12,118344.43
2010-10-13,118078.73
2010-10-14,118377.13
2010-10-15,117705.56
2010-10-18,117894.81
2010-10-19,116100.38
2010-10-20,117946.18
2010-10-21,117081.08
2010-10-22,116696.62
2010-10-25,118148.95
2010-10-26,116443.72
2010-10-27,115341.35
2010-10-28,116658.95
2010-10-29,117157.38
2010-11-01,117558.07
2010-11-02,118484.8
2010-11-03,118824.12
2010-11-04,122171.88
2010-11-05,121610.36
2010-11-08,120934.77
2010-11-09,120419.54
2010-11-10,119836.99
2010-11-11,118474.38
2010-11-12,115292.75
2010-11-15,114704.29
2010-11-16,111304.64
2010-11-17,110954.12
2010-11-18,112312.37
2010-11-19,110848.97
2010-11-22,110932.45
2010-11-23,110879.13
2010-11-24,111171.7
2010-11-26,110093.27
2010-11-29,110588.8
2010-11-30,110808.42
2010-12-01,112142.95
2010-12-02,112408.79
2010-12-03,114682.68
2010-12-06,114896.84
2010-12-07,112930.87
2010-12-08,112025.74
2010-12-09,112605.12
2010-12-10,112386.37
2010-12-13,114228.66
2010-12-14,113627.5
2010-12-15,112628.47
2010-12-16,112830.62
2010-12-17,114295.42
2010-12-20,115042.67
2010-12-21,115892.3
2010-12-22,116473.18
2010-12-23,117205.16
2010-12-27,117219.97
2010-12-28,118108.67
2010-12-29,118520.01
2010-12-30,117184.37
2010-12-31,119472.37
2011-01-03,118629.85
2011-01-04,115951.02
2011-01-05,116256.74
2011-01-06,115048.82
2011-01-07,115213.39
2011-01-10,116066.08
2011-01-11,116186.74
2011-01-12,117336.91
2011-01-13,117823.8
2011-01-14,117199.26
2011-01-18,117815.54
2011-01-19,117566.68
2011-01-20,115699.13
2011-01-21,116656.02
2011-01-24,117044.21
2011-01-25,116211.3
2011-01-26,117574.59
2011-01-27,117881.34
2011-01-28,118644.95
2011-01-31,119697.25
2011-02-01,120888.79
2011-02-02,120908.51
2011-02-03,119787.28
2011-02-04,118934.57
2011-02-07,119077.59
2011-02-08,118694.31
2011-02-09,119827.77
2011-02-10,118658.66
2011-02-11,118283.98
2011-02-14,118630.28
2011-02-15,117595.66
2011-02-16,118570.75
2011-02-17,119581.78
2011-02-18,119592.38
2011-02-22,117660.14
2011-02-23,118747.51
2011-02-24,119290.92
2011-02-25,120690.89
2011-02-28,121300.88
2011-03-01,122026.64
2011-03-02,123276.29
2011-03-03,123949.24
2011-03-04,123747.88
2011-03-07,122505.74
2011-03-08,121933.34
2011-03-09,121617.54
2011-03-10,119468.77
2011-03-11,119190.62
2011-03-14,118893.17
2011-03-15,114970.96
2011-03-16,114691.65
2011-03-17,117667
2011-03-18,118646.12
2011-03-21,119599.1
2011-03-22,119983.06
2011-03-23,119269.11
2011-03-24,120301.65
2011-03-25,119316.61
2011-03-28,118538.28
2011-03-29,118896.17
2011-03-30,118976.64
2011-03-31,120484.54
2011-04-01,120919.45
2011-04-04,121620.99
2011-04-05,121822.8
2011-04-06,122292.23
2011-04-07,122454.67
2011-04-08,124115.1
2011-04-11,123446.58
2011-04-12,122025.13
2011-04-13,121957.92
2011-04-14,122235.23
2011-04-15,122300.82
2011-04-18,121549.34
2011-04-19,121825.59
2011-04-20,123647.85
2011-04-21,124601.51
2011-04-25,124683.84
2011-04-26,124799.32
2011-04-27,124897.41
2011-04-28,124025.61
2011-04-29,125321.79
2011-05-02,124369.86
2011-05-03,123317.78
2011-05-04,122357.48
2011-05-05,118176.94
2011-05-06,117172.16
2011-05-09,119632.33
2011-05-10,120343.49
2011-05-11,117056.66
2011-05-12,117092.02
2011-05-13,116385.27
2011-05-16,116245.62
2011-05-17,116831.15
2011-05-18,118134.33
2011-05-19,118053.43
2011-05-20,118688.29
2011-05-23,116577.59
2011-05-24,117274.2
2011-05-25,118346.86
2011-05-26,119487.65
2011-05-27,120629.8
2011-05-31,120618.74
2011-06-01,120757.3
2011-06-02,121060.94
2011-06-03,122152.12
2011-06-06,121071.26
2011-06-07,121750.32
2011-06-08,122025.51
2011-06-09,122445.68
2011-06-10,121851.08
2011-06-13,122013.6
2011-06-14,121760.41
2011-06-15,119454.58
2011-06-16,119942.62
2011-06-17,120315.48
2011-06-20,120174.11
2011-06-21,120498.91
2011-06-22,120756.26
2011-06-23,119514.19
2011-06-24,119290.55
2011-06-27,118965.55
2011-06-28,119676.7
2011-06-29,120445.47
2011-06-30,120305.46
2011-07-01,120077.49
2011-07-05,120608.69
2011-07-06,121282.73
2011-07-07,122736.13
2011-07-08,124064.93
2011-07-11,124376.76
2011-07-12,125346.96
2011-07-13,126216.61
2011-07-14,125775.51
2011-07-15,126416.64
2011-07-18,126108.13
2011-07-19,126471.83
2011-07-20,126367.75
2011-07-21,126697.61
2011-07-22,127820.9
2011-07-25,128113.75
2011-07-26,129598.24
2011-07-27,129398.77
2011-07-28,129378.95
2011-07-29,131074.24
2011-08-01,130910.89
2011-08-02,131684.59
2011-08-03,131452.85
2011-08-04,129664.22
2011-08-05,129465.33
2011-08-08,129403.97
2011-08-09,130438.01
2011-08-10,132139.04
2011-08-11,130999.63
2011-08-12,130809.09
2011-08-15,131679
2011-08-16,131969.92
2011-08-17,133989.59
2011-08-18,134101.74
2011-08-19,134905.14
2011-08-22,135017.46
2011-08-23,134762.74
2011-08-24,133091.2
2011-08-25,132958.69
2011-08-26,134087.08
2011-08-29,133838.76
2011-08-30,134734.94
2011-08-31,133752.33
2011-09-01,134370.95
2011-09-02,135673.22
2011-09-06,133383.48
2011-09-07,133378.75
2011-09-08,132726.65
2011-09-09,133094.07
2011-09-12,132482.36
2011-09-13,132448.87
2011-09-14,132078.47
2011-09-15,131752.34
2011-09-16,131642.98
2011-09-19,131914.71
2011-09-20,132076.43
2011-09-21,131309.9
2011-09-22,130660.56
2011-09-23,129208.75
2011-09-26,128031.48
2011-09-27,127445.34
2011-09-28,127419.92
2011-09-29,127436.07
2011-09-30,128221.81
2011-10-03,129029.59
2011-10-04,129560.71
2011-10-05,128421.41
2011-10-06,127274.69
2011-10-07,126633.49
2011-10-10,125301.05
2011-10-11,124663.68
2011-10-12,123634.21
2011-10-13,125180.35
2011-10-14,123442.04
2011-10-17,125083.43
2011-10-18,125551.4
2011-10-19,125542.94
2011-10-20,125349.18
2011-10-21,123897.28
2011-10-24,122396.95
2011-10-25,123297.73
2011-10-26,123720.19
2011-10-27,119726.68
2011-10-28,119426.62
2011-10-31,120758.19
2011-11-01,124097.88
2011-11-02,123920.08
2011-11-03,123023.88
2011-11-04,123745.85
2011-11-07,124586.23
2011-11-08,124031.45
2011-11-09,125293.36
2011-11-10,125383.08
2011-11-11,124656.65
2011-11-14,125259.86
2011-11-15,125357.63
2011-11-16,125466.44
2011-11-17,125266
2011-11-18,124699.62
2011-11-21,125250.82
2011-11-22,125401.14
2011-11-23,125576.25
2011-11-25,124341.48
2011-11-28,124165.97
2011-11-29,123417.8
2011-11-30,122989.51
2011-12-01,122930.92
2011-12-02,123407.04
2011-12-05,123611.9
2011-12-06,123647.31
2011-12-07,124671.56
2011-12-08,125391.75
2011-12-09,125177.15
2011-12-12,126491.34
2011-12-13,127103.13
2011-12-14,128877.04
2011-12-15,128375.49
2011-12-16,128539.53
2011-12-19,127950.52
2011-12-20,126167.54
2011-12-21,125873.2
2011-12-22,125296.96
2011-12-23,124746.21
2011-12-27,124127.56
2011-12-28,125318.8
2011-12-29,125942.62
2011-12-30,125743.29
2012-01-03,123614.6
2012-01-04,123886.44
2012-01-05,126299.52
2012-01-06,126692.81
2012-01-09,126170.58
2012-01-10,125561.4
2012-01-11,127196.19
2012-01-12,127715.96
2012-01-13,129038.69
2012-01-17,128897.65
2012-01-18,128482.85
2012-01-19,126878.67
2012-01-20,126131.54
2012-01-23,124199.04
2012-01-24,123418.03
2012-01-25,123364.72
2012-01-26,123932.23
2012-01-27,124260.61
2012-01-30,125748.25
2012-01-31,126358.26
2012-02-01,125607.71
2012-02-02,125158.23
2012-02-03,124135.57
2012-02-06,124070.99
2012-02-07,123777.32
2012-02-08,123818.75
2012-02-09,123284.1
2012-02-10,124619.13
2012-02-13,124543.33
2012-02-14,124938.13
2012-02-15,125948.21
2012-02-16,124820.33
2012-02-17,123555.31
2012-02-21,123568.46
2012-02-22,123857.49
2012-02-23,124175.21
2012-02-24,123866.01
2012-02-27,124400.52
2012-02-28,123621.85
2012-02-29,123106.91
2012-03-01,123632.18
2012-03-02,123819.1
2012-03-05,123811.04
2012-03-06,124578.41
2012-03-07,125297.33
2012-03-08,125100.52
2012-03-09,125199.83
2012-03-12,125075.52
2012-03-13,124696.16
2012-03-14,123186.45
2012-03-15,121972.97
2012-03-16,121425.13
2012-03-19,121475.09
2012-03-20,121413.6
2012-03-21,122074.58
2012-03-22,122362.86
2012-03-23,122633.63
2012-03-26,122305.91
2012-03-27,123030.32
2012-03-28,123237.66
2012-03-29,123995.91
2012-03-30,123134.53
2012-04-02,123240.07
2012-04-03,122945.95
2012-04-04,123186.44
2012-04-05,124555.79
2012-04-09,124663.99
2012-04-10,125798.38
2012-04-11,125830.08
2012-04-12,125714.53
2012-04-13,126828.04
2012-04-16,125886.75
2012-04-17,125970.37
2012-04-18,125902.6
2012-04-19,125537.95
2012-04-20,125507.78
2012-04-23,125680.97
2012-04-24,125660.47
2012-04-25,125303.66
2012-04-26,125685.88
2012-04-27,124905.93
2012-04-30,124297.5
2012-05-01,124163.39
2012-05-02,125648.8
2012-05-03,124656.32
2012-05-04,124527.22
2012-05-07,124136.32
2012-05-08,124563.3
2012-05-09,124917.23
2012-05-10,124908.57
2012-05-11,125041.76
2012-05-14,125852.38
2012-05-15,125657.08
2012-05-16,124334.15
2012-05-17,123599.73
2012-05-18,122076.41
2012-05-21,122513.66
2012-05-22,122975.1
2012-05-23,124222.66
2012-05-24,124895.43
2012-05-25,125180.14
2012-05-29,126122.82
2012-05-30,127943.92
2012-05-31,128306.32
2012-06-01,129785.15
2012-06-04,128439.33
2012-06-05,128577.32
2012-06-06,125908.57
2012-06-07,125973.94
2012-06-08,127167.99
2012-06-11,127645.22
2012-06-12,127000.32
2012-06-13,126853.5
2012-06-14,125157.52
2012-06-15,124833.04
2012-06-18,124334.94
2012-06-19,122811.25
2012-06-20,123404.79
2012-06-21,126609.49
2012-06-22,125849.61
2012-06-25,125598.36
2012-06-26,123817.53
2012-06-27,123326.28
2012-06-28,125187.62
2012-06-29,119577.11
2012-07-02,120142.04
2012-07-03,118012.26
2012-07-05,119578.68
2012-07-06,122016.05
2012-07-09,121132.93
2012-07-10,122435.42
2012-07-11,121754.41
2012-07-12,122172.65
2012-07-13,121118.36
2012-07-16,121382.05
2012-07-17,121346.48
2012-07-18,120938.98
2012-07-19,119574.64
2012-07-20,120940.96
2012-07-23,121535.23
2012-07-24,120990.48
2012-07-25,121327.79
2012-07-26,119433.27
2012-07-27,118887.28
2012-07-30,119315.33
2012-07-31,119774.08
2012-08-01,119408.19
2012-08-02,121172.94
2012-08-03,119114.49
2012-08-06,118783.16
2012-08-07,117121.02
2012-08-08,117729.61
2012-08-09,118115.05
2012-08-10,118831.84
2012-08-13,118026.29
2012-08-14,117015.58
2012-08-15,117001.15
2012-08-16,116554.3
2012-08-17,116812.29
2012-08-20,117049.12
2012-08-21,116871.04
2012-08-22,117174.33
2012-08-23,116921.71
2012-08-24,117561.08
2012-08-27,117641.44
2012-08-28,117580.17
2012-08-29,118083.15
2012-08-30,118419.87
2012-08-31,117970.45
2012-09-04,117837.4
2012-09-05,117153.92
2012-09-06,117134.24
2012-09-07,116809.56
2012-09-10,115937.77
2012-09-11,115292.41
2012-09-12,114423.17
2012-09-13,114952.18
2012-09-14,113943.73
2012-09-17,112768.37
2012-09-18,112885.38
2012-09-19,113478.62
2012-09-20,113680.6
2012-09-21,113643.87
2012-09-24,113708.92
2012-09-25,113547.52
2012-09-26,113896.08
2012-09-27,113777.37
2012-09-28,114576.75
2012-10-01,113436.59
2012-10-02,112590.57
2012-10-03,112509.31
2012-10-04,112982.09
2012-10-05,111947.55
2012-10-08,112179.68
2012-10-09,112210.66
2012-10-10,112107.34
2012-10-11,113164.9
2012-10-12,112624.82
2012-10-15,112146.69
2012-10-16,111298.04
2012-10-17,110860.63
2012-10-18,110929.79
2012-10-19,110527.68
2012-10-22,110191.33
2012-10-23,110396.42
2012-10-24,110852.64
2012-10-25,110604.36
2012-10-26,111039.68
2012-10-31,111399.97
2012-11-01,111424.31
2012-11-02,110412.09
2012-11-05,110739.45
2012-11-06,111225.98
2012-11-07,111993.53
2012-11-08,112109.63
2012-11-09,111708.68
2012-11-12,111086.05
2012-11-13,111338.02
2012-11-14,111420.3
2012-11-15,111436.76
2012-11-16,111649.7
2012-11-19,111137.32
2012-11-20,111171.49
2012-11-21,111412.48
2012-11-23,111634.6
2012-11-26,111578.43
2012-11-27,112081.94
2012-11-28,112464.71
2012-11-29,111827.86
2012-11-30,111296.41
2012-12-03,110944.52
2012-12-04,111019.14
2012-12-05,111815.87
2012-12-06,112268.7
2012-12-07,111879.87
2012-12-10,111828.37
2012-12-11,111268.52
2012-12-12,111401.68
2012-12-13,110788.24
2012-12-14,110894.2
2012-12-17,110452.63
2012-12-18,110001.48
2012-12-19,109425.12
2012-12-20,109247.31
2012-12-21,109388.51
2012-12-24,109576.58
2012-12-26,109294.32
2012-12-27,109654.55
2012-12-28,109781.82
2012-12-31,109828.07
2013-01-02,108718.86
2013-01-03,107862.5
2013-01-04,107449.02
2013-01-07,107953.29
2013-01-08,108085.99
2013-01-09,108226.93
2013-01-10,108593.3
2013-01-11,108730.8
2013-01-14,109063.76
2013-01-15,108945.34
2013-01-16,109047.33
2013-01-17,109058.43
2013-01-18,108836.06
2013-01-22,108931.24
2013-01-23,108846.6
2013-01-24,108989.84
2013-01-25,108768.39
2013-01-28,108338.96
2013-01-29,108800.21
2013-01-30,109028.1
2013-01-31,109469.89
2013-02-01,109947.65
2013-02-04,109839.57
2013-02-05,110131.12
2013-02-06,110006.09
2013-02-07,109705.62
2013-02-08,109745.09
2013-02-11,109532.26
2013-02-12,109886.96
2013-02-13,109876.1
2013-02-14,110012.35
2013-02-15,109923.83
2013-02-19,110067.38
2013-02-20,109715.12
2013-02-21,109252.07
2013-02-22,109503.31
2013-02-25,109289.92
2013-02-26,108588.37
2013-02-27,108510.95
2013-02-28,108198.32
2013-03-01,108294.47
2013-03-04,108266.89
2013-03-05,108496.64
2013-03-06,108685.29
2013-03-07,108688.94
2013-03-08,108922.69
2013-03-11,109074.22
2013-03-12,109004.08
2013-03-13,108793.42
2013-03-14,108602.32
2013-03-15,108822.13
2013-03-18,109180.7
2013-03-19,109301.32
2013-03-20,109199.01
2013-03-21,109294.2
2013-03-22,109063.03
2013-03-25,109060.46
2013-03-26,109497.4
2013-03-27,109723.68
2013-03-28,109454.15
2013-04-01,108910.84
2013-04-02,108789.58
2013-04-03,108705.78
2013-04-04,109508.62
2013-04-05,109825.5
2013-04-08,109805.62
2013-04-09,109478.79
2013-04-10,109600.27
2013-04-11,109680.29
2013-04-12,110150.97
2013-04-15,111052.44
2013-04-16,110559.42
2013-04-17,111452.51
2013-04-18,111902.86
2013-04-19,112051.09
2013-04-22,111828.78
2013-04-23,111890.61
2013-04-24,111684.55
2013-04-25,110493.24
2013-04-26,110886.35
2013-04-29,110303.91
2013-04-30,110170.47
2013-05-01,110998.38
2013-05-02,109782.35
2013-05-03,108848.13
2013-05-06,108868.73
2013-05-07,108220.78
2013-05-08,108427.28
2013-05-09,107956.71
2013-05-10,107571.8
2013-05-13,107232.98
2013-05-14,107484.53
2013-05-15,107860.11
2013-05-16,108097.32
2013-05-17,108304.02
2013-05-20,107676.25
2013-05-21,108039.05
2013-05-22,108124.91
2013-05-23,107807.11
2013-05-24,107709.35
2013-05-28,107302.81
2013-05-29,106559.36
2013-05-30,106384.73
2013-05-31,106255.83
2013-06-03,105618.17
2013-06-04,105823.27
2013-06-05,105903.65
2013-06-06,104617.85
2013-06-07,105258.11
2013-06-10,105543.46
2013-06-11,104912.22
2013-06-12,104957.36
2013-06-13,104720.39
2013-06-14,104091.51
2013-06-17,104402.53
2013-06-18,104751.81
2013-06-19,105452.76
2013-06-20,107084.05
2013-06-21,107203.84
2013-06-24,107822.38
2013-06-25,107739.74
2013-06-26,107788.28
2013-06-27,107671.74
2013-06-28,108643.23
2013-07-01,108541.49
2013-07-02,108849.92
2013-07-03,108832.58
2013-07-05,110660.59
2013-07-08,109901.51
2013-07-09,109118.47
2013-07-10,109370.73
2013-07-11,107875.2
2013-07-12,108230.24
2013-07-15,108368.89
2013-07-16,107566.23
2013-07-17,107942.07
2013-07-18,107754.89
2013-07-19,107498.61
2013-07-22,106907.9
2013-07-23,106846.7
2013-07-24,108204.99
2013-07-25,107690.26
2013-07-26,107363.6
2013-07-29,107338.25
2013-07-30,107859.45
2013-07-31,107701.52
2013-08-01,109656.69
2013-08-02,109098.02
2013-08-05,109308.8
2013-08-06,109000.38
2013-08-07,108526.15
2013-08-08,107407.34
2013-08-09,107522.78
2013-08-12,107219.55
2013-08-13,108898.18
2013-08-14,108430.6
2013-08-15,107999.04
2013-08-16,108455.86
2013-08-19,108419.55
2013-08-20,108335.83
2013-08-21,108786.72
2013-08-22,109633.04
2013-08-23,109230.04
2013-08-26,108108.06
2013-08-27,107844.31
2013-08-28,108682.67
2013-08-29,108354.43
2013-08-30,108402.27
2013-09-03,108703.84
2013-09-04,108826.32
2013-09-05,110146.66
2013-09-06,109075.51
2013-09-09,108746.65
2013-09-10,108883.43
2013-09-11,108490.15
2013-09-12,108882.57
2013-09-13,108936.92
2013-09-16,107975.18
2013-09-17,107792.15
2013-09-18,107491.97
2013-09-19,106556.48
2013-09-20,107049.68
2013-09-23,106289.77
2013-09-24,106099.06
2013-09-25,105494.07
2013-09-26,105418.09
2013-09-27,105134.77
2013-09-30,105083.65
2013-10-01,105139.69
2013-10-02,105001.13
2013-10-03,105089.26
2013-10-04,105012.84
2013-10-07,104290.62
2013-10-08,104368.97
2013-10-09,104259.55
2013-10-10,104785.27
2013-10-11,104491.45
2013-10-14,104465.93
2013-10-15,104644.33
2013-10-16,104588.61
2013-10-17,104181.18
2013-10-18,103618.52
2013-10-21,104100.77
2013-10-22,103731.01
2013-10-23,103850.82
2013-10-24,104059.07
2013-10-25,103866.9
2013-10-28,104201.14
2013-10-29,104144.62
2013-10-30,103825.27
2013-10-31,104005.06
2013-11-01,104302.32
2013-11-04,104533.6
2013-11-05,104959.37
2013-11-06,104883.24
2013-11-07,104727.92
2013-11-08,105456.82
2013-11-11,105468.34
2013-11-12,105840.32
2013-11-13,105939.15
2013-11-14,105544.5
2013-11-15,105311.22
2013-11-18,105524.82
2013-11-19,105649.96
2013-11-20,105386.79
2013-11-21,105753.15
2013-11-22,105956.07
2013-11-25,105832.78
2013-11-26,105965.87
2013-11-27,106519.76
2013-11-29,106672.92
2013-12-02,107101.22
2013-12-03,106617.72
2013-12-04,106759.7
2013-12-05,106712.19
2013-12-06,106970.8
2013-12-09,107000.64
2013-12-10,106370.55
2013-12-11,106530.43
2013-12-12,107228.2
2013-12-13,107099
2013-12-16,107329.75
2013-12-17,107532.35
2013-12-18,108121.28
2013-12-19,108311.33
2013-12-20,107967.57
2013-12-23,108136.15
2013-12-24,108310.3
2013-12-26,108438.6
2013-12-27,109194.66
2013-12-30,109028.02
2013-12-31,108724.43
2014-01-02,107738.18
2014-01-03,107049.61
2014-01-06,106741.66
2014-01-07,106919.38
2014-01-08,107543.09
2014-01-09,107481.16
2014-01-10,106306.47
2014-01-13,105855.29
2014-01-14,106961.4
2014-01-15,107484.4
2014-01-16,107059.4
2014-01-17,107113.24
2014-01-21,107108.27
2014-01-22,107955.1
2014-01-23,107616.04
2014-01-24,107805.34
2014-01-27,107760.02
2014-01-28,107967.08
2014-01-29,108465.22
2014-01-30,107346.78
2014-01-31,106650.27
2014-02-03,105876.28
2014-02-04,105767.82
2014-02-05,105247.07
2014-02-06,105501.34
2014-02-07,105210.07
2014-02-10,104973.2
2014-02-11,105170.04
2014-02-12,104966.44
2014-02-13,105971.37
2014-02-14,105667.79
2014-02-18,105751.5
2014-02-19,106587.62
2014-02-20,106728.29
2014-02-21,106879.66
2014-02-24,105733.83
2014-02-25,106005.69
2014-02-26,106433.76
2014-02-27,106615.27
2014-02-28,107143.48
2014-03-03,106288.96
2014-03-04,105937.61
2014-03-05,105213.52
2014-03-06,105173.69
2014-03-07,106048.02
2014-03-10,106179.65
2014-03-11,105988.79
2014-03-12,105251.12
2014-03-13,105086.36
2014-03-14,105283.95
2014-03-17,105075.18
2014-03-18,105155.02
2014-03-19,104681.74
2014-03-20,104726.15
2014-03-21,104461.05
2014-03-24,104383.78
2014-03-25,104454.48
2014-03-26,104526.07
2014-03-27,104649.59
2014-03-28,104568.88
2014-03-31,104336.04
2014-04-01,103898.28
2014-04-02,103538.77
2014-04-03,103964.81
2014-04-04,103722.78
2014-04-07,103978.34
2014-04-08,104337.51
2014-04-09,104690.2
2014-04-10,104956.28
2014-04-11,105069.56
2014-04-14,105209.43
2014-04-15,105963.95
2014-04-16,105836.53
2014-04-17,105971.18
2014-04-21,105630.87
2014-04-22,105489.25
2014-04-23,105348.15
2014-04-24,105472.84
2014-04-25,105682.79
2014-04-28,105853.54
2014-04-29,106107.02
2014-04-30,106202.57
2014-05-01,105709.17
2014-05-02,105692.33
2014-05-05,105623.08
2014-05-06,106212.26
2014-05-07,106327.41
2014-05-08,105971.26
2014-05-09,105314.48
2014-05-12,104543.6
2014-05-13,104740.88
2014-05-14,104874.01
2014-05-15,105070.68
2014-05-16,104897.81
2014-05-19,104892.87
2014-05-20,104815.51
2014-05-21,104921.15
2014-05-22,104517.62
2014-05-23,104568.02
2014-05-27,104646.58
2014-05-28,105244.04
2014-05-29,105272.85
2014-05-30,105203.61
2014-06-02,104784.05
2014-06-03,104476.09
2014-06-04,104422.96
2014-06-05,105089.78
2014-06-06,105251.16
2014-06-09,105191.62
2014-06-10,104689.52
2014-06-11,104756.31
2014-06-12,106019.47
2014-06-13,105886
2014-06-16,106081.01
2014-06-17,105638.25
2014-06-18,105754.01
2014-06-19,105699.59
2014-06-20,105087.68
2014-06-23,105184.81
2014-06-24,105635.44
2014-06-25,106161.78
2014-06-26,106146.88
2014-06-27,105890.61
2014-06-30,106064.75
2014-07-01,106282.33
2014-07-02,105265.85
2014-07-03,104993.02
2014-07-07,105361.97
2014-07-08,105497.11
2014-07-09,105648.84
2014-07-10,105760.09
2014-07-11,106077.09
2014-07-14,105722.27
2014-07-15,105364.64
2014-07-16,105355.12
2014-07-17,105718.65
2014-07-18,106013.98
2014-07-21,106177.1
2014-07-22,106124.12
2014-07-23,106299.63
2014-07-24,105897.99
2014-07-25,105963.7
2014-07-28,105777.73
2014-07-29,106407.15
2014-07-30,105671.11
2014-07-31,105317.11
2014-08-01,105662.12
2014-08-04,105485.1
2014-08-05,105330.65
2014-08-06,105159.28
2014-08-07,105433.27
2014-08-08,105856.48
2014-08-11,105757.81
2014-08-12,105961.68
2014-08-13,106001.84
2014-08-14,106139.67
2014-08-15,106088.82
2014-08-18,106235.72
2014-08-19,106456.92
2014-08-20,106543.78
2014-08-21,106373.9
2014-08-22,106527.17
2014-08-25,107388.77
2014-08-26,107476.03
2014-08-27,107715.53
2014-08-28,107810.88
2014-08-29,108167.8
2014-09-02,107829.54
2014-09-03,107882.4
2014-09-04,108897.81
2014-09-05,108908.61
2014-09-08,109445.03
2014-09-09,109774.44
2014-09-10,110075.45
2014-09-11,110224.2
2014-09-12,110303.87
2014-09-15,110336.29
2014-09-16,110087.77
2014-09-17,110289.29
2014-09-18,110365.76
2014-09-19,111449.86
2014-09-22,111950.45
2014-09-23,112182.56
2014-09-24,111934.89
2014-09-25,112583.92
2014-09-26,113031.25
2014-09-29,112775.3
2014-09-30,114141.35
2014-10-01,114863.15
2014-10-02,114592.5
2014-10-03,115937.4
2014-10-06,114135.31
2014-10-07,114100.41
2014-10-08,114414.67
2014-10-09,115015.61
2014-10-10,115997.85
2014-10-13,115338.78
2014-10-14,116114.31
2014-10-15,117167.84
2014-10-16,115799.71
2014-10-17,115596.16
2014-10-20,115966.27
2014-10-21,115353.18
2014-10-22,116140.84
2014-10-23,115471.21
2014-10-24,115736.28
2014-10-27,115252.36
2014-10-28,114394.46
2014-10-29,113573.98
2014-10-30,114655.27
2014-10-31,115629.33
2014-11-03,116468.35
2014-11-04,117399.79
2014-11-05,117800.78
2014-11-06,117659.76
2014-11-07,117044.51
2014-11-10,117956.75
2014-11-11,116652.45
2014-11-12,116795.86
2014-11-13,118049.88
2014-11-14,117542.07
2014-11-17,118027.37
2014-11-18,118319.09
2014-11-19,118814.97
2014-11-20,118189.12
2014-11-21,118466.2
2014-11-24,119123.47
2014-11-25,119473
2014-11-26,119300.03
2014-11-28,123395.22
2014-12-01,121136.4
2014-12-02,122913.64
2014-12-03,123313.03
2014-12-04,123050.29
2014-12-05,123610.07
2014-12-08,124386.98
2014-12-09,123818.76
2014-12-10,124908.99
2014-12-11,125323.31
2014-12-12,126064.99
2014-12-15,126649.31
2014-12-16,127355.96
2014-12-17,127375.64
2014-12-18,127211.36
2014-12-19,127508.78
2014-12-22,128870.29
2014-12-23,128087.72
2014-12-24,129118.18
2014-12-26,129136.54
2014-12-29,130589.06
2014-12-30,130376.98
2014-12-31,132028.59
2015-01-02,134243
2015-01-05,135730.94
2015-01-06,136471.33
2015-01-07,137431.72
2015-01-08,137088.14
2015-01-09,136647.8
2015-01-12,138961.65
2015-01-13,139536.62
2015-01-14,138430.43
2015-01-15,135760.32
2015-01-16,134005.85
2015-01-20,136763.72
2015-01-21,135880.45
2015-01-22,137582.3
2015-01-23,139251.95
2015-01-26,139859.45
2015-01-27,139255.27
2015-01-28,141265.64
2015-01-29,143085.08
2015-01-30,142305.88
2015-02-02,141524.99
2015-02-03,136452.2
2015-02-04,139119.97
2015-02-05,137282.75
2015-02-06,137057.46
2015-02-09,135847.54
2015-02-10,137249.4
2015-02-11,137501.46
2015-02-12,135200.93
2015-02-13,133573.1
2015-02-17,132353.85
2015-02-18,133005.46
2015-02-19,132996.25
2015-02-20,132675.27
2015-02-23,134247.92
2015-02-24,134168.12
2015-02-25,133410.48
2015-02-26,135108.39
2015-02-27,133536.28
2015-03-02,135241.71
2015-03-03,133816.32
2015-03-04,134263.36
2015-03-05,135490.58
2015-03-06,136734.77
2015-03-09,137325.91
2015-03-10,140078.06
2015-03-11,140879.57
2015-03-12,140860.7
2015-03-13,143222.17
2015-03-16,142906.28
2015-03-17,143709
2015-03-18,142325.78
2015-03-19,144053.39
2015-03-20,141022.14
2015-03-23,139690.03
2015-03-24,139921.27
2015-03-25,139611.81
2015-03-26,138787.19
2015-03-27,140827.88
2015-03-30,141386.11
2015-03-31,142976.66
2015-04-01,141205.37
2015-04-02,140760.49
2015-04-06,138946.42
2015-04-07,139051.75
2015-04-08,141003.64
2015-04-09,142550.07
2015-04-10,141555.84
2015-04-13,142444.57
2015-04-14,141519.49
2015-04-15,138662.53
2015-04-16,136166.75
2015-04-17,136714.27
2015-04-20,137778.66
2015-04-21,138615.03
2015-04-22,137433.68
2015-04-23,135708.37
2015-04-24,136140.55
2015-04-27,135748.29
2015-04-28,134300.72
2015-04-29,131237.57
2015-04-30,130062.69
2015-05-01,130938.51
2015-05-04,130730.69
2015-05-05,128728.97
2015-05-06,127061.39
2015-05-07,129130.26
2015-05-08,128684.88
2015-05-11,128298.24
2015-05-12,126085.11
2015-05-13,125131.75
2015-05-14,124512.22
2015-05-15,125547.69
2015-05-18,126331.97
2015-05-19,128643.16
2015-05-20,128630.29
2015-05-21,127782.46
2015-05-22,129837.97
2015-05-26,133550.94
2015-05-27,134891.88
2015-05-28,135226.45
2015-05-29,135044.42
2015-06-01,134985.84
2015-06-02,130961.62
2015-06-03,130935.03
2015-06-04,132084.21
2015-06-05,132043.44
2015-06-08,130692.91
2015-06-09,128510.36
2015-06-10,126816.36
2015-06-11,129157.26
2015-06-12,130226.38
2015-06-15,130495.39
2015-06-16,130510.7
2015-06-17,129586.95
2015-06-18,129158.84
2015-06-19,130773.99
2015-06-22,129911.87
2015-06-23,129266.82
2015-06-24,129650.11
2015-06-25,128227.27
2015-06-26,127452.08
2015-06-29,128178.83
2015-06-30,125933.69
2015-07-01,127589.35
2015-07-02,127293.37
2015-07-06,130502.65
2015-07-07,132446.33
2015-07-08,131885.2
2015-07-09,130875.26
2015-07-10,129676.78
2015-07-13,130031.69
2015-07-14,129947.43
2015-07-15,131607.56
2015-07-16,132114.17
2015-07-17,132446.6
2015-07-20,133198.68
2015-07-21,132487.05
2015-07-22,133514.02
2015-07-23,134048.91
2015-07-24,134882.59
2015-07-27,134469.83
2015-07-28,134091.78
2015-07-29,133510.71
2015-07-30,134740.51
2015-07-31,135463.54
2015-08-03,136922.26
2015-08-04,136409.63
2015-08-05,136687.79
2015-08-06,136854.94
2015-08-07,137324.84
2015-08-10,135259.06
2015-08-11,137679.33
2015-08-12,135911.88
2015-08-13,136803.96
2015-08-14,136610.65
2015-08-17,137886.83
2015-08-18,138015.19
2015-08-19,138945.91
2015-08-20,138625.15
2015-08-21,139423.46
2015-08-24,140436.37
2015-08-25,139841.82
2015-08-26,141420.33
2015-08-27,138530.13
2015-08-28,137335.5
2015-08-31,135399.09
2015-09-01,137780.61
2015-09-02,138030.33
2015-09-03,137767.2
2015-09-04,139305.48
2015-09-08,138066.75
2015-09-09,138903.14
2015-09-10,137511.03
2015-09-11,137730.37
2015-09-14,137685.37
2015-09-15,137023.19
2015-09-16,135664.37
2015-09-17,135631.97
2015-09-18,138775.2
2015-09-21,138005.28
2015-09-22,140071.6
2015-09-23,140756.19
2015-09-24,140593.06
2015-09-25,138909.5
2015-09-28,140532.87
2015-09-29,140671.69
2015-09-30,140141.51
2015-10-01,140534.47
2015-10-02,139976.92
2015-10-05,138244.7
2015-10-06,135497.25
2015-10-07,135364.31
2015-10-08,134251.22
2015-10-09,132944.93
2015-10-12,134497.8
2015-10-13,135446.67
2015-10-14,135043.79
2015-10-15,135021.35
2015-10-16,135150.44
2015-10-19,136878.27
2015-10-20,135857.78
2015-10-21,137187.52
2015-10-22,137903.47
2015-10-23,139014
2015-10-26,139480.74
2015-10-27,140900.94
2015-10-28,139929.08
2015-10-29,138889.72
2015-10-30,137632.53
2015-11-02,137853.51
2015-11-03,136162.79
2015-11-04,137896.58
2015-11-05,138801.09
2015-11-06,139454.72
2015-11-09,140525.51
2015-11-10,141817.61
2015-11-11,142159.61
2015-11-12,142740.01
2015-11-13,143895.8
2015-11-16,144583.16
2015-11-17,145004.05
2015-11-18,145073.86
2015-11-19,144570.48
2015-11-20,145647.25
2015-11-23,145298.22
2015-11-24,144034.94
2015-11-25,144320.73
2015-11-27,146376.16
2015-11-30,146374.37
2015-12-01,145656.64
2015-12-02,147833.1
2015-12-03,143676.04
2015-12-04,144072.66
2015-12-07,147854.08
2015-12-08,148183.17
2015-12-09,146876.24
2015-12-10,146447.95
2015-12-11,147663.43
2015-12-14,147990.77
2015-12-15,148549.91
2015-12-16,149011.18
2015-12-17,152135.7
2015-12-18,150989.66
2015-12-21,150565.73
2015-12-22,150778.65
2015-12-23,149042.92
2015-12-24,148136.68
2015-12-28,148981.95
2015-12-29,146913.05
2015-12-30,148679.85
2015-12-31,148556.98
2016-01-04,150059.51
2016-01-05,150698.79
2016-01-06,153184.4
2016-01-07,152987.14
2016-01-08,153267.74
2016-01-11,155272.83
2016-01-12,156662.36
2016-01-13,157692.68
2016-01-14,158301.02
2016-01-15,161314.37
2016-01-19,160908.02
2016-01-20,162151.13
2016-01-21,160045.48
2016-01-22,157329.36
2016-01-25,157324.17
2016-01-26,157079.1
2016-01-27,155909.38
2016-01-28,155045.3
2016-01-29,154301.01
2016-02-01,154938.86
2016-02-02,158493.98
2016-02-03,155100.12
2016-02-04,154492.66
2016-02-05,156802.65
2016-02-08,159121.8
2016-02-09,161118.57
2016-02-10,160997.76
2016-02-11,162769.99
2016-02-12,158250.35
2016-02-16,159829.56
2016-02-17,156847.26
2016-02-18,158833.38
2016-02-19,160445.24
2016-02-22,159265.59
2016-02-23,160449.65
2016-02-24,160358.73
2016-02-25,159488.95
2016-02-26,159607.29
2016-02-29,159480.41
2016-03-01,157722.79
2016-03-02,156379.55
2016-03-03,155733.47
2016-03-04,152962.12
2016-03-07,151050.62
2016-03-08,153417.46
2016-03-09,150035.92
2016-03-10,149240.92
2016-03-11,147272.09
2016-03-14,148421.72
2016-03-15,149171.83
2016-03-16,147777.18
2016-03-17,146645.31
2016-03-18,147656.59
2016-03-21,147608.47
2016-03-22,147678.15
2016-03-23,150566.99
2016-03-24,149563.69
2016-03-28,148879.1
2016-03-29,149549.22
2016-03-30,149944.24
2016-03-31,150175.33
2016-04-01,151535.8
2016-04-04,151995.17
2016-04-05,153324.56
2016-04-06,152571.39
2016-04-07,153389.37
2016-04-08,151182.57
2016-04-11,151021.45
2016-04-12,148292.04
2016-04-13,147503.49
2016-04-14,147952.47
2016-04-15,150079.06
2016-04-18,149764.42
2016-04-19,147509.32
2016-04-20,145740.62
2016-04-21,145612.74
2016-04-22,144547.23
2016-04-25,145241
2016-04-26,143798.24
2016-04-27,143308.42
2016-04-28,144525.15
2016-04-29,144826.11
2016-05-02,146547.15
2016-05-03,147890.66
2016-05-04,147895.76
2016-05-05,147808.69
2016-05-06,147603.9
2016-05-09,148338.04
2016-05-10,147675.8
2016-05-11,147378.83
2016-05-12,146598.62
2016-05-13,146648.19
2016-05-16,146030.21
2016-05-17,145476.46
2016-05-18,143852.45
2016-05-19,143881.78
2016-05-20,144112.43
2016-05-23,144476.54
2016-05-24,143272.3
2016-05-25,143252.44
2016-05-26,144082.68
2016-05-27,143594.79
2016-05-31,143621.53
2016-06-01,144164.99
2016-06-02,144738.12
2016-06-03,146805.19
2016-06-06,146210.89
2016-06-07,146233.94
2016-06-08,146291.44
2016-06-09,146585.06
2016-06-10,148726.63
2016-06-13,149344.31
2016-06-14,150127.59
2016-06-15,150473.49
2016-06-16,151845.21
2016-06-17,150689.49
2016-06-20,147733.58
2016-06-21,146087.37
2016-06-22,146358.2
2016-06-23,144474.7
2016-06-24,150536.09
2016-06-27,152647.47
2016-06-28,151291.46
2016-06-29,151360.45
2016-06-30,151805.92
2016-07-01,152402.35
2016-07-05,155244.88
2016-07-06,155564.82
2016-07-07,155803.68
2016-07-08,156240.82
2016-07-11,155879.64
2016-07-12,153208.03
2016-07-13,154732.33
2016-07-14,152991.08
2016-07-15,152177.86
2016-07-18,152485.78
2016-07-19,153103.59
2016-07-20,152637
2016-07-21,153311.06
2016-07-22,152755.62
2016-07-25,152770.18
2016-07-26,153487.19
2016-07-27,154328.95
2016-07-28,153929.91
2016-07-29,154873.29
2016-08-01,154778.79
2016-08-02,154335.32
2016-08-03,153068.17
2016-08-04,154793.06
2016-08-05,154456.26
2016-08-08,154426.25
2016-08-09,156071.93
2016-08-10,157018.39
2016-08-11,155582.92
2016-08-12,155141.14
2016-08-15,154367.55
2016-08-16,153497.88
2016-08-17,152560.31
2016-08-18,152019.93
2016-08-19,151046.02
2016-08-22,152521.62
2016-08-23,152654.3
2016-08-24,152111.74
2016-08-25,151872.27
2016-08-26,151641.76
2016-08-29,153030.76
2016-08-30,152673.79
2016-08-31,152755.34
2016-09-01,153204.56
2016-09-02,152598.42
2016-09-06,154642.97
2016-09-07,154351.83
2016-09-08,151702.9
2016-09-09,150552.19
2016-09-12,149988.36
2016-09-13,149769.76
2016-09-14,149951.48
2016-09-15,150184.81
2016-09-16,150795.43
2016-09-19,151605.76
2016-09-20,152165.77
2016-09-21,151991.29
2016-09-22,152807.06
2016-09-23,153283.49
2016-09-26,154061.66
2016-09-27,155215.53
2016-09-28,154449.11
2016-09-29,153847.43
2016-09-30,152869.85
2016-10-03,152738.67
2016-10-04,151320.58
2016-10-05,150481.47
2016-10-06,149788.1
2016-10-07,150456.31
2016-10-10,150208.43
2016-10-11,150279.96
2016-10-12,150067.24
2016-10-13,150409.49
2016-10-14,149452.12
2016-10-17,149611.64
2016-10-18,150024.13
2016-10-19,150476.42
2016-10-20,149703.51
2016-10-21,149656.01
2016-10-24,149567.67
2016-10-25,149035.66
2016-10-26,147240.63
2016-10-27,146183.9
2016-10-28,145715.4
2016-10-31,144200.53
2016-11-01,143866.28
2016-11-02,143727.23
2016-11-03,142999.26
2016-11-04,142859.31
2016-11-07,143103.65
2016-11-08,141962.02
2016-11-09,141494.13
2016-11-10,139545.66
2016-11-11,138287.38
2016-11-14,137901.96
2016-11-15,138193.09
2016-11-16,137320.91
2016-11-17,137237.15
2016-11-18,136371.29
2016-11-21,136473.6
2016-11-22,136823.62
2016-11-23,136765.38
2016-11-25,137124.42
2016-11-28,137600.03
2016-11-29,137026.37
2016-11-30,137128.34
2016-12-01,136888.32
2016-12-02,136435.9
2016-12-05,135732.56
2016-12-06,136028.35
2016-12-07,135862.96
2016-12-08,136083.06
2016-12-09,136620.92
2016-12-12,136032.03
2016-12-13,135715.42
2016-12-14,135828.03
2016-12-15,138123.19
2016-12-16,137765.44
2016-12-19,137240.77
2016-12-20,137504.3
2016-12-21,137667.88
2016-12-22,137871.21
2016-12-23,138112.08
2016-12-27,138717.68
2016-12-28,139162.72
2016-12-29,138088.9
2016-12-30,137287.55
2017-01-03,136262.2
2017-01-04,136056.24
2017-01-05,134163.24
2017-01-06,135405.78
2017-01-09,133356.62
2017-01-10,133798.17
2017-01-11,133992.65
2017-01-12,134494.1
2017-01-13,134331.06
2017-01-17,132519.54
2017-01-18,132577.6
2017-01-19,133293.52
2017-01-20,132527.05
2017-01-23,131514.42
2017-01-24,132823.96
2017-01-25,132089.11
2017-01-26,132586.48
2017-01-27,132506.07
2017-01-30,131494.39
2017-01-31,130522.49
2017-02-01,131025.7
2017-02-02,130741.05
2017-02-03,131006.51
2017-02-06,130135.97
2017-02-07,129493.73
2017-02-08,129591.7
2017-02-09,130183.46
2017-02-10,130793.19
2017-02-13,129908.09
2017-02-14,130660.16
2017-02-15,130731.49
2017-02-16,129457.83
2017-02-17,129626
2017-02-21,130211.99
2017-02-22,129846.82
2017-02-23,129209.27
2017-02-24,128481.55
2017-02-27,128913.98
2017-02-28,128738.56
2017-03-01,129281.41
2017-03-02,128799.7
2017-03-03,128638.45
2017-03-06,128390.72
2017-03-07,128600.36
2017-03-08,127824.88
2017-03-09,127256.78
2017-03-10,126691.69
2017-03-13,127070.9
2017-03-14,127404.98
2017-03-15,126654.69
2017-03-16,126332.08
2017-03-17,126187.56
2017-03-20,126106.44
2017-03-21,125062.28
2017-03-22,125346.6
2017-03-23,124978.43
2017-03-24,124665.9
2017-03-27,124212.72
2017-03-28,124804.89
2017-03-29,124860.15
2017-03-30,125545.91
2017-03-31,125025.52
2017-04-03,125105.52
2017-04-04,124465.61
2017-04-05,124668.78
2017-04-06,124233.7
2017-04-07,124603.51
2017-04-10,123843.7
2017-04-11,123294.48
2017-04-12,122915.36
2017-04-13,122529.15
2017-04-17,123135.13
2017-04-18,121901.56
2017-04-19,122443.88
2017-04-20,123259.63
2017-04-21,123559.7
2017-04-24,123300.67
2017-04-25,123307.49
2017-04-26,123790.93
2017-04-27,124026.86
2017-04-28,123730.64
2017-05-01,123627.55
2017-05-02,123866.39
2017-05-03,123834.79
2017-05-04,124353.53
2017-05-05,123567.73
2017-05-08,124362.47
2017-05-09,124579.52
2017-05-10,123806.04
2017-05-11,123613.3
2017-05-12,123499.58
2017-05-15,123118.5
2017-05-16,122420.82
2017-05-17,121337.04
2017-05-18,122058.13
2017-05-19,120228.25
2017-05-22,119697.95
2017-05-23,120822.09
2017-05-24,120657.74
2017-05-25,122084.41
2017-05-26,121617.44
2017-05-30,122397.18
2017-05-31,123050.22
2017-06-01,124131.92
2017-06-02,124192.9
2017-06-05,124211.09
2017-06-06,123156.08
2017-06-07,123767.57
2017-06-08,123550.8
2017-06-09,123573.95
2017-06-12,123723.76
2017-06-13,123018.39
2017-06-14,123986.23
2017-06-15,123251.26
2017-06-16,122892.54
2017-06-19,123397.7
2017-06-20,123637.08
2017-06-21,124858.94
2017-06-22,124813.32
2017-06-23,124940.79
2017-06-26,125073.36
2017-06-27,124034.44
2017-06-28,123233.75
2017-06-29,122161.74
2017-06-30,120672.14
2017-07-03,119667.48
2017-07-05,120288.16
2017-07-06,119793.04
2017-07-07,120231.32
2017-07-10,120200.8
2017-07-11,119969.68
2017-07-12,120109.99
2017-07-13,119601.79
2017-07-14,119315.6
2017-07-17,119620.75
2017-07-18,119592.35
2017-07-19,118938.85
2017-07-20,119273.36
2017-07-21,119978.36
2017-07-24,119958.29
2017-07-25,119803.06
2017-07-26,119452.28
2017-07-27,118530.51
2017-07-28,118457.57
2017-07-31,118327.65
2017-08-01,117881.04
2017-08-02,117946.24
2017-08-03,118120.53
2017-08-04,117767.51
2017-08-07,117903.03
2017-08-08,117824.07
2017-08-09,117306.63
2017-08-10,117102.11
2017-08-11,117298.5
2017-08-14,117091.62
2017-08-15,117317.79
2017-08-16,118207.08
2017-08-17,117588.66
2017-08-18,117436.04
2017-08-21,117791.52
2017-08-22,117759.29
2017-08-23,117785.52
2017-08-24,117583.79
2017-08-25,118257.82
2017-08-28,119002.24
2017-08-29,119382.21
2017-08-30,118825.47
2017-08-31,118192.78
2017-09-01,118655.03
2017-09-05,118903.52
2017-09-06,119000.52
2017-09-07,120492.52
2017-09-08,121091
2017-09-11,120283.92
2017-09-12,119687.27
2017-09-13,118571.94
2017-09-14,118373.5
2017-09-15,118479.18
2017-09-18,117989.11
2017-09-19,118734.4
2017-09-20,118230.57
2017-09-21,118182.46
2017-09-22,118321.33
2017-09-25,118521
2017-09-26,118325.19
2017-09-27,117213.16
2017-09-28,117605.37
2017-09-29,117253.04
2017-10-02,116688.51
2017-10-03,116974.06
2017-10-04,117224.57
2017-10-05,116746.11
2017-10-06,116715.13
2017-10-09,117087.92
2017-10-10,117661.58
2017-10-11,118007.49
2017-10-12,117581.96
2017-10-13,117602.75
2017-10-16,118039.75
2017-10-17,117660.15
2017-10-18,118116.49
2017-10-19,117729
2017-10-20,117777.97
2017-10-23,117345.19
2017-10-24,117494.61
2017-10-25,117447.02
2017-10-26,117484.44
2017-10-27,117439.94
2017-10-30,117866.86
2017-10-31,118515.57
2017-11-01,118773.77
2017-11-02,118469.2
2017-11-03,118663.94
2017-11-06,118933.73
2017-11-07,118133.23
2017-11-08,118070.08
2017-11-09,118277.04
2017-11-10,117704.31
2017-11-13,117721.08
2017-11-14,117657.71
2017-11-15,117338.29
2017-11-16,117378.68
2017-11-17,117226.52
2017-11-20,117439.15
2017-11-21,117947.72
2017-11-22,118039.65
2017-11-24,119090.19
2017-11-27,118743.58
2017-11-28,118543.53
2017-11-29,117552
2017-11-30,117959.98
2017-12-01,118504.44
2017-12-04,118246.85
2017-12-05,118125.91
2017-12-06,117610.42
2017-12-07,118747.82
2017-12-08,119040.05
2017-12-11,119530.51
2017-12-12,119684.96
2017-12-13,118935.92
2017-12-14,119553.13
2017-12-15,119775.24
2017-12-18,119710.13
2017-12-19,119820.65
2017-12-20,120205.25
2017-12-21,120525.63
2017-12-22,120691.8
2017-12-26,121385.52
2017-12-27,121060.37
2017-12-28,120873.47
2017-12-29,121000.78
2018-01-02,120301.12
2018-01-03,120773.84
2018-01-04,121572.46
2018-01-05,121970.24
2018-01-08,122128.96
2018-01-09,122019.68
2018-01-10,121594.5
2018-01-11,121774.63
2018-01-12,122444.76
2018-01-16,122861.3
2018-01-17,123127.48
2018-01-18,123348.77
2018-01-19,123102.43
2018-01-22,123632.24
2018-01-23,123420.07
2018-01-24,124248.49
2018-01-25,123627.67
2018-01-26,123876.1
2018-01-29,123048.51
2018-01-30,122234
2018-01-31,123456.26
2018-02-01,124898.49
2018-02-02,124018.8
2018-02-05,123184.61
2018-02-06,121926.87
2018-02-07,120420.26
2018-02-08,120941
2018-02-09,119919.41
2018-02-12,119845.9
2018-02-13,120537.25
2018-02-14,122574.94
2018-02-15,123301.74
2018-02-16,122855.77
2018-02-20,122041.83
2018-02-21,121470.42
2018-02-22,121667.66
2018-02-23,121514.65
2018-02-26,121228.48
2018-02-27,120903.43
2018-02-28,118651.48
2018-03-01,117213.57
2018-03-02,118113.06
2018-03-05,118155.06
2018-03-06,119005.83
2018-03-07,118762.1
2018-03-08,117237.13
2018-03-09,118531.19
2018-03-12,118232.71
2018-03-13,118347.5
2018-03-14,118238.45
2018-03-15,117769.09
2018-03-16,117933.66
2018-03-19,117950.64
2018-03-20,118187.67
2018-03-21,119869.32
2018-03-22,118735.88
2018-03-23,119836.17
2018-03-26,120015.64
2018-03-27,118965.56
2018-03-28,118007.08
2018-03-29,117937.81
2018-04-02,117690.03
2018-04-03,117644.02
2018-04-04,117302.57
2018-04-05,117229.76
2018-04-06,117092.32
2018-04-09,117650.07
2018-04-10,118869.29
2018-04-11,119354.97
2018-04-12,119371.83
2018-04-13,119375.84
2018-04-16,119419.4
2018-04-17,119350.73
2018-04-18,119775.6
2018-04-19,120134.9
2018-04-20,119959.79
2018-04-23,119891.73
2018-04-24,119641.35
2018-04-25,119525.44
2018-04-26,119362.11
2018-04-27,118885.85
2018-04-30,118470.71
2018-05-01,117508.17
2018-05-02,117883.3
2018-05-03,117846.02
2018-05-04,118350.28
2018-05-07,118615.26
2018-05-08,118085.51
2018-05-09,119129.73
2018-05-10,118955.81
2018-05-11,118817.96
2018-05-14,119227.74
2018-05-15,119404.43
2018-05-16,119509.31
2018-05-17,119501.13
2018-05-18,119214.87
2018-05-21,118824.48
2018-05-22,118810.25
2018-05-23,118256.89
2018-05-24,117718.1
2018-05-25,116950.89
2018-05-29,115852.8
2018-05-30,115628.43
2018-05-31,115091.1
2018-06-01,115321.24
2018-06-04,115013.36
2018-06-05,115184.71
2018-06-06,114933.04
2018-06-07,115471.98
2018-06-08,115336.54
2018-06-11,115099.42
2018-06-12,115654.29
2018-06-13,115711.48
2018-06-14,116261.71
2018-06-15,115395.19
2018-06-18,115747.78
2018-06-19,115676.42
2018-06-20,115772.58
2018-06-21,115263.85
2018-06-22,115572.73
2018-06-25,115498.53
2018-06-26,116225.87
2018-06-27,117498.44
2018-06-28,117816.01
2018-06-29,117279.17
2018-07-02,118264.76
2018-07-03,117938.67
2018-07-05,117929.64
2018-07-06,116886.13
2018-07-09,117633.91
2018-07-10,118201.47
2018-07-11,118316.68
2018-07-12,118622.91
2018-07-13,119255.61
2018-07-16,117597.26
2018-07-17,118458.41
2018-07-18,118642.81
2018-07-19,118985.73
2018-07-20,117416.84
2018-07-23,117710.92
2018-07-24,117457.55
2018-07-25,116766.07
2018-07-26,117549.37
2018-07-27,117150.69
2018-07-30,116609.76
2018-07-31,116126.38
2018-08-01,116106.85
2018-08-02,116948.81
2018-08-03,116284.72
2018-08-06,116905
2018-08-07,116875.89
2018-08-08,115772.04
2018-08-09,116161.57
2018-08-10,118139.47
2018-08-13,118347.99
2018-08-14,118480.15
2018-08-15,118571.05
2018-08-16,118297.47
2018-08-17,118037.69
2018-08-20,117642.31
2018-08-21,116674.91
2018-08-22,117486.57
2018-08-23,118656.43
2018-08-24,118141.77
2018-08-27,117625.63
2018-08-28,117927.54
2018-08-29,118157.29
2018-08-30,118375.1
2018-08-31,118545.35
2018-09-04,119397.47
2018-09-05,118600.72
2018-09-06,117953.1
2018-09-07,118429.04
2018-09-10,118249.02
2018-09-11,118847.15
2018-09-12,117949.1
2018-09-13,117250.16
2018-09-14,118297.69
2018-09-17,118292.93
2018-09-18,118505.51
2018-09-19,118170.4
2018-09-20,116924.11
2018-09-21,116995.5
2018-09-24,117732.85
2018-09-25,117703.7
2018-09-26,117855.16
2018-09-27,118878.07
2018-09-28,119373.63
2018-10-01,119465.36
2018-10-02,119116.91
2018-10-03,119856.51
2018-10-04,119513.55
2018-10-05,119056.43
2018-10-08,118927.13
2018-10-09,118726.77
2018-10-10,118390.89
2018-10-11,116372.59
2018-10-12,116307.4
2018-10-15,115792.29
2018-10-16,116236.61
2018-10-17,116008.45
2018-10-18,116080.69
2018-10-19,116423.42
2018-10-22,116556.33
2018-10-23,115601.45
2018-10-24,115775.13
2018-10-25,116338.81
2018-10-26,115924.1
2018-10-29,116292.09
2018-10-30,116904.72
2018-10-31,117413.87
2018-11-01,115051.98
2018-11-02,115025.91
2018-11-05,115582.6
2018-11-06,115715.45
2018-11-07,115367.21
2018-11-08,115981.82
2018-11-09,116904.01
2018-11-12,117458.16
2018-11-13,117811.69
2018-11-14,118890.95
2018-11-15,117193.2
2018-11-16,116710.67
2018-11-19,117991.02
2018-11-20,118594.86
2018-11-21,117920.2
2018-11-23,118655.62
2018-11-26,118562.04
2018-11-27,119010.02
2018-11-28,118293.1
2018-11-29,118237.53
2018-11-30,118114.86
2018-12-03,116310.65
2018-12-04,116607.57
2018-12-06,117663.14
2018-12-07,116522.06
2018-12-10,118673.33
2018-12-11,118270.98
2018-12-12,117376.37
2018-12-13,116801.26
2018-12-14,117681.39
2018-12-17,117051.31
2018-12-18,119402.9
2018-12-19,118837.35
2018-12-20,119281.52
2018-12-21,120511.96
2018-12-24,120811.84
2018-12-26,120106.73
2018-12-27,120942.28
2018-12-28,120046.22
2018-12-31,119490.6
2019-01-02,119926.42
2019-01-03,119489.56
2019-01-04,117567.57
2019-01-07,116369.71
2019-01-08,115845.56
2019-01-09,113815.97
2019-01-10,114513.74
2019-01-11,114880.61
2019-01-14,115817.7
2019-01-15,115708.63
2019-01-16,115012.21
2019-01-17,114620.96
2019-01-18,113805.39
2019-01-22,115027.74
2019-01-23,114731.98
2019-01-24,115649.45
2019-01-25,114260.36
2019-01-28,115342.44
2019-01-29,115228.85
2019-01-30,114017.24
2019-01-31,114790.79
2019-02-01,113674.17
2019-02-04,113772.43
2019-02-05,114351.26
2019-02-06,114533.99
2019-02-07,116081.75
2019-02-08,116221.7
2019-02-11,116801.49
2019-02-12,115864.02
2019-02-13,115656.33
2019-02-14,116049.72
2019-02-15,114637.71
2019-02-19,114450.81
2019-02-20,114015.64
2019-02-21,113732.97
2019-02-22,113576.61
2019-02-25,114567.62
2019-02-26,114226.47
2019-02-27,113405.64
2019-02-28,113566.31
2019-03-01,114306.34
2019-03-04,114217.35
2019-03-05,114152.29
2019-03-06,115385.67
2019-03-07,116749.93
2019-03-08,116722.86
2019-03-11,116893.6
2019-03-12,116202.85
2019-03-13,115341.97
2019-03-14,115194.87
2019-03-15,115268.33
2019-03-18,115144.72
2019-03-19,114908.17
2019-03-20,114400.58
2019-03-21,115499.43
2019-03-22,116346.47
2019-03-25,116323.21
2019-03-26,116009.78
2019-03-27,116941.93
2019-03-28,117408.09
2019-03-29,117695.91
2019-04-01,116208.22
2019-04-02,116431.19
2019-04-03,115599.99
2019-04-04,115928.7
2019-04-05,115611.02
2019-04-08,115096.79
2019-04-09,115344.7
2019-04-10,114923.86
2019-04-11,115348.6
2019-04-12,114461.36
2019-04-15,114909.69
2019-04-16,115093.64
2019-04-17,115360.83
2019-04-18,116314.14
2019-04-22,115937.91
2019-04-23,116550.9
2019-04-24,117948.77
2019-04-25,117283.2
2019-04-26,117293.2
2019-04-29,116999.9
2019-04-30,116823.07
2019-05-01,116466.05
2019-05-02,116177.3
2019-05-03,115984.56
2019-05-06,116498.07
2019-05-07,116735.56
2019-05-08,116631.29
2019-05-09,117170.03
2019-05-10,117184.2
2019-05-13,117099.23
2019-05-14,116394.71
2019-05-15,117079.84
2019-05-16,116789.86
2019-05-17,117234.27
2019-05-20,116073.24
2019-05-21,116078.75
2019-05-22,116821.63
2019-05-23,117467.08
2019-05-24,116269.18
2019-05-28,116162.81
2019-05-29,116624.73
2019-05-30,116189.55
2019-05-31,117149.89
2019-06-03,116816.33
2019-06-04,116234.5
2019-06-05,117815.69
2019-06-06,117196.9
2019-06-07,117075.24
2019-06-10,116623.57
2019-06-11,116117.91
2019-06-12,116834.98
2019-06-13,116905.21
2019-06-14,117380.19
2019-06-17,117372.94
2019-06-18,117500.7
2019-06-19,117211.96
2019-06-20,116800.14
2019-06-21,116095.96
2019-06-24,115807.02
2019-06-25,115967.2
2019-06-26,114657.13
2019-06-27,114489.12
2019-06-28,114367.19
2019-07-01,114676.31
2019-07-02,116194.98
2019-07-03,116047.03
2019-07-05,115112.24
2019-07-08,115407.15
2019-07-09,114994.92
2019-07-10,113676.69
2019-07-11,113519.08
2019-07-12,113352.29
2019-07-15,113821.35
2019-07-16,114766.56
2019-07-17,115544.09
2019-07-18,115772.63
2019-07-19,115766.47
2019-07-22,115632.75
2019-07-23,115673.56
2019-07-24,116180.25
2019-07-25,116013.71
2019-07-26,116622.93
2019-07-29,116826.62
2019-07-30,116878.24
2019-07-31,116815.94
2019-08-01,118765.58
2019-08-02,119584.21
2019-08-05,120696.34
2019-08-06,121144.96
2019-08-07,122560.91
2019-08-08,121418.87
2019-08-09,121015.01
2019-08-12,121916.38
2019-08-13,120590.27
2019-08-14,122030.47
2019-08-15,122459.7
2019-08-16,122072.98
2019-08-19,121665.32
2019-08-20,121830.52
2019-08-21,121749.75
2019-08-22,121228.74
2019-08-23,122523.37
2019-08-26,122252.72
2019-08-27,122954.61
2019-08-28,122887.41
2019-08-29,122329.62
2019-08-30,123353.41
2019-09-03,124572.52
2019-09-04,122012.98
2019-09-05,120317.67
2019-09-06,120407.46
2019-09-09,118779.17
2019-09-10,117514.53
2019-09-11,118311.55
2019-09-12,117361.09
2019-09-13,115711.68
2019-09-16,113015.19
2019-09-17,114742.32
2019-09-18,115672.22
2019-09-19,115692.22
2019-09-20,116607.76
2019-09-23,116788.92
2019-09-24,117293.46
2019-09-25,117341.09
2019-09-26,117874.42
2019-09-27,117916.61
2019-09-30,117797.86
2019-10-01,117717.06
2019-10-02,118768.97
2019-10-03,119240.3
2019-10-04,119114.44
2019-10-07,119012.53
2019-10-08,119081.89
2019-10-09,118843.42
2019-10-10,117589.47
2019-10-11,114466.87
2019-10-14,115004.52
2019-10-15,114270.26
2019-10-16,114233.87
2019-10-17,113299.41
2019-10-18,112859.42
2019-10-21,112897.62
2019-10-22,113467.46
2019-10-23,113243.6
2019-10-24,113389.67
2019-10-25,113068.12
2019-10-28,112160.01
2019-10-29,111996.97
2019-10-30,112111.38
2019-10-31,113196.3
2019-11-01,112222.28
2019-11-04,111649.37
2019-11-05,110701.89
2019-11-06,111297.73
2019-11-07,110749.66
2019-11-08,110689.62
2019-11-11,110973.71
2019-11-12,111093.17
2019-11-13,111428.22
2019-11-14,111888.97
2019-11-15,111670.52
2019-11-18,112244.13
2019-11-19,112422.9
2019-11-20,112857.13
2019-11-21,112757.7
2019-11-22,112487.38
2019-11-25,113094.24
2019-11-26,113618.3
2019-11-27,113715.14
2019-11-29,113809.16
2019-12-02,112623.54
2019-12-03,113033.94
2019-12-04,112764.97
2019-12-05,112388.75
2019-12-06,112495.88
2019-12-09,112463.52
2019-12-10,112118.32
2019-12-11,112118.71
2019-12-12,111291.03
2019-12-13,112477.15
2019-12-16,111947.04
2019-12-17,112130.61
2019-12-18,111879.14
2019-12-19,111665.64
2019-12-20,111715.78
2019-12-23,111698.18
2019-12-24,112216.64
2019-12-26,112384.29
2019-12-27,112457.29
2019-12-30,111690.16
2019-12-31,111630.71
2020-01-02,112141.58
2020-01-03,112827.68
2020-01-06,113197.84
2020-01-07,112930.57
2020-01-08,111997.3
2020-01-09,111940.87
2020-01-10,112117.41
2020-01-13,111797.04
2020-01-14,112311.1
2020-01-15,112642.69
2020-01-16,113011.23
2020-01-17,113046.09
2020-01-21,113410.73
2020-01-22,112679.93
2020-01-23,112306.76
2020-01-24,111933.11
2020-01-27,111604.73
2020-01-28,111318.95
2020-01-29,111511.24
2020-01-30,111813.47
2020-01-31,111868.23
2020-02-03,111720.14
2020-02-04,110965.81
2020-02-05,110752.39
2020-02-06,110764.75
2020-02-07,111192.41
2020-02-10,111893.55
2020-02-11,111489.34
2020-02-12,110896.28
2020-02-13,110810.24
2020-02-14,110905.06
2020-02-18,110946.12
2020-02-19,110997.89
2020-02-20,111556.86
2020-02-21,111977.01
2020-02-24,113295.17
2020-02-25,113785.79
2020-02-26,114450.97
2020-02-27,114923.53
2020-02-28,115572.43
2020-03-02,114287.46
2020-03-03,114329.43
2020-03-04,114052.47
2020-03-05,115480.55
2020-03-06,118070.29
2020-03-09,122626.32
2020-03-10,120583.37
2020-03-11,120671.51
2020-03-12,122239.26
2020-03-13,121762.37
2020-03-16,123716.01
2020-03-17,124565.64
2020-03-18,126405.92
2020-03-19,124409.49
2020-03-20,126894.28
2020-03-23,128527.04
2020-03-24,126682.09
2020-03-25,125258.17
2020-03-26,126021.08
2020-03-27,126337.72
2020-03-30,127661.06
2020-03-31,126896.05
2020-04-01,129763.55
2020-04-02,126594.05
2020-04-03,125146.92
2020-04-06,124500.22
2020-04-07,123140.39
2020-04-08,122451.78
2020-04-09,123790.47
2020-04-13,122863.18
2020-04-14,123673.82
2020-04-15,126607.94
2020-04-16,126405.43
2020-04-17,125126.67
2020-04-20,128271.19
2020-04-21,136554.52
2020-04-22,133852.33
2020-04-23,133946.43
2020-04-24,134136.53
2020-04-27,134303.26
2020-04-28,134035.57
2020-04-29,132543.15
2020-04-30,130642.47
2020-05-01,131542.49
2020-05-04,131440.03
2020-05-05,128476.79
2020-05-06,130176.6
2020-05-07,129601.27
2020-05-08,127523.89
2020-05-11,129246.54
2020-05-12,129244.29
2020-05-13,131551.6
2020-05-14,130112.1
2020-05-15,129101.12
2020-05-18,124335.34
2020-05-19,123654.45
2020-05-20,122760.07
2020-05-21,123711.64
2020-05-22,125119.58
2020-05-26,121621.7
2020-05-27,123692.64
2020-05-28,122543.14
2020-05-29,121574.63
2020-06-01,120677
2020-06-02,119043.81
2020-06-03,117284.3
2020-06-04,116039.41
2020-06-05,113641.48
2020-06-08,114265.83
2020-06-09,114043.59
2020-06-10,113759.05
2020-06-11,117453.21
2020-06-12,117888.6
2020-06-15,117019.72
2020-06-16,116328.22
2020-06-17,116434.27
2020-06-18,116231.35
2020-06-19,115798.86
2020-06-22,115595.4
2020-06-23,115887.73
2020-06-24,117932.34
2020-06-25,118517.31
2020-06-26,119756.79
2020-06-29,118034.64
2020-06-30,117069.2
2020-07-01,115977.53
2020-07-02,115184.37
2020-07-06,115026.17
2020-07-07,114706.76
2020-07-08,114725.87
2020-07-09,115609.54
2020-07-10,115143.27
2020-07-13,116329.59
2020-07-14,117193.85
2020-07-15,115340.8
2020-07-16,116021.48
2020-07-17,116277.18
2020-07-20,116670.13
2020-07-21,116553.91
2020-07-22,116688.74
2020-07-23,116786.31
2020-07-24,116320.66
2020-07-27,116894.98
2020-07-28,117352.86
2020-07-29,117285.17
2020-07-30,118811.23
2020-07-31,118064.24
2020-08-03,115855.17
2020-08-04,116020.09
2020-08-05,115991.43
2020-08-06,116485.45
2020-08-07,115657.15
2020-08-10,115669.32
2020-08-11,114670.4
2020-08-12,113906.25
2020-08-13,113183.34
2020-08-14,112878.11
2020-08-17,113205.96
2020-08-18,113656.16
2020-08-19,112769.75
2020-08-20,113406.68
2020-08-21,112928.03
2020-08-24,111828.12
2020-08-25,110890.83
2020-08-26,111529.29
2020-08-27,111310.73
2020-08-28,112525.52
2020-08-31,113209.71
2020-09-01,112657.64
2020-09-02,113021.74
2020-09-03,113062.21
2020-09-04,113317.26
2020-09-08,113922.99
2020-09-09,113589.37
2020-09-10,113528.58
2020-09-11,113879.15
2020-09-14,114061.82
2020-09-15,113784.55
2020-09-16,113042.44
2020-09-17,112953.14
2020-09-18,113168.83
2020-09-21,112963.62
2020-09-22,112648.52
2020-09-23,111258.89
2020-09-24,111074.64
2020-09-25,110724.86
2020-09-28,110841.35
2020-09-29,111809.41
2020-09-30,111781.79
2020-10-01,112131.37
2020-10-02,112962.84
2020-10-05,111985.88
2020-10-06,111154.64
2020-10-07,111738.09
2020-10-08,111322.28
2020-10-09,112575.21
2020-10-12,113005.18
2020-10-13,112407.25
2020-10-14,112595.69
2020-10-15,112861.92
2020-10-16,113241.71
2020-10-19,114015.24
2020-10-20,113868.52
2020-10-21,115511.3
2020-10-22,114371.3
2020-10-23,114949.08
2020-10-26,115235.74
2020-10-27,115078.96
2020-10-28,114984.3
2020-10-29,114338.5
2020-10-30,114250.89
2020-11-02,114247.99
2020-11-03,114110.64
2020-11-04,114079.36
2020-11-05,115238.14
2020-11-06,116022.3
2020-11-09,111903.65
2020-11-10,111904.01
2020-11-11,111530.77
2020-11-12,111968.18
2020-11-13,113386.94
2020-11-16,113237.41
2020-11-17,113506.59
2020-11-18,113546.74
2020-11-19,113308.84
2020-11-20,113474.43
2020-11-23,112527.14
2020-11-24,111685.67
2020-11-25,110810.39
2020-11-27,111797.26
2020-11-30,111107.87
2020-12-01,111392.6
2020-12-02,111637.65
2020-12-03,113128.20937140202
2020-12-04,112327.31442456155
2020-12-07,113150.4699643888
2020-12-08,112260.55334350264
2020-12-09,113150.4699643888
2020-12-10,112460.79519087651
2020-12-11,112705.51682842107
2020-12-14,112968.03866119449
2020-12-15,113461.92163614012
2020-12-16,113226.1104451607
2020-12-17,114351.82790807556
2020-12-18,113644.36328828514
2020-12-21,114196.09689772454
2020-12-22,112923.53817312236
2020-12-23,114992.55214470849
2020-12-24,114374.0678031609
2020-12-28,113261.71083561839
2020-12-29,116309.60100843207
2020-12-30,117800.18107773554
2020-12-31,117671.1503602278
2021-01-04,117324.08794906804
2021-01-05,119668.97389984922
2021-01-06,118948.14878468646
2021-01-07,117777.93083369947
2021-01-08,117488.7190570335
2021-01-11,115530.94595667697
2021-01-12,118454.25546079013
2021-01-13,117786.8309313139
2021-01-14,119904.79543977938
2021-01-15,117644.46041633523
2021-01-19,118761.27778163565
2021-01-20,118859.15815749292
2021-01-21,119415.34181573952
2021-01-22,117599.95992826308
2021-01-25,117947.0119904721
2021-01-26,119268.52125195361
2021-01-27,117911.4219489651
2021-01-28,117822.42097282084
2021-01-29,118351.9146871749
2021-02-01,117488.71905703345
2021-02-02,117488.71905703345
2021-02-03,118343.02493851117
2021-02-04,117444.22891791203
2021-02-05,118756.82773282839
2021-02-08,120024.92605967262
2021-02-09,120892.582087572
2021-02-10,120291.89794125325
2021-02-11,120291.89794125325
2021-02-12,120781.33086739168
2021-02-16,122249.67104160979
2021-02-17,121404.2756066972
2021-02-18,122561.13306231186
2021-02-19,123499.97952217591
2021-02-22,125635.73387691952
2021-02-23,126276.45811355246
2021-02-24,127985.05952755723
2021-02-25,127851.57876124227
2021-02-26,125230.82083126601
2021-03-01,123544.48001024804
2021-03-02,123762.50135494932
2021-03-03,124229.69438600239
2021-03-04,124696.88741705545
2021-03-05,125675.7843161844
2021-03-08,125008.3597867082
2021-03-09,124007.21264354316
2021-03-10,124118.45351477276
2021-03-11,125408.80208565306
2021-03-12,126409.93887986738
2021-03-15,126142.96699828675
2021-03-16,125720.27445530581
2021-03-17,125520.04295688267
2021-03-18,123544.480010248
2021-03-19,123927.12211396403
2021-03-22,123651.26048371968
2021-03-23,121471.00564090394
2021-03-24,121915.95877687164
2021-03-25,120403.12846353212
2021-03-26,121786.91771041318
2021-03-29,123250.80783582407
2021-03-30,122004.94940406519
2021-03-31,122810.30474866359
2021-04-01,122316.42177371796
2021-04-05,122583.37295739715
2021-04-06,122672.3635845907
2021-04-07,122543.33286708295
2021-04-08,122049.44989213732
2021-04-09,122917.08522213527
2021-04-12,122182.93065845229
2021-04-13,122004.9494040652
2021-04-14,124541.15640670442
2021-04-15,124429.92588442552
2021-04-16,124585.65689477655
2021-04-19,124407.66529143875
2021-04-20,125119.5903089871
2021-04-21,124963.85929863609
2021-04-22,126276.45811355246
2021-04-23,126543.4299951331
2021-04-26,128122.99034267939
2021-04-27,129279.86849619547
2021-04-28,128447.8128587538
2021-04-29,129858.29204952743
2021-04-30,130258.74469742301
2021-05-03,129480.0896456679
2021-05-04,130325.49542953122
2021-05-05,130957.31956854975
2021-05-06,131126.3903763717
2021-05-07,131749.3247667265
2021-05-10,131126.39037637168
2021-05-11,132665.9209825545
2021-05-12,135348.969246881
2021-05-13,130725.93772847608
2021-05-14,130814.92835566963
2021-05-17,131882.80553304145
2021-05-18,131744.87471791927
2021-05-19,130605.81745753349
2021-05-20,128679.17400092602
2021-05-21,129644.72075363336
2021-05-24,130232.05475353045
2021-05-25,128634.6838618046
2021-05-26,129996.2228646496
2021-05-27,130614.69685724645
2021-05-28,130272.10519279535
2021-06-01,132728.200967954
2021-06-02,132016.28629935638
2021-06-03,132194.26755374347
2021-06-04,132683.71082883258
2021-06-07,131504.6031291819
2021-06-08,132372.24880813056
2021-06-09,131104.1504812863
2021-06-10,131259.88149163732
2021-06-11,131126.39037637165
2021-06-14,131282.1317356734
2021-06-15,131028.51000051442
2021-06-16,130352.18537342378
2021-06-17,126845.99191822074
2021-06-18,125702.47426007703
2021-06-21,126031.7364760079
2021-06-22,125257.51077515857
2021-06-23,126832.63142284838
2021-06-24,128033.99971548586
2021-06-25,128011.7598204005
2021-06-28,128033.99971548584
2021-06-29,128145.23023776473
2021-06-30,129996.22286464956
2021-07-01,129760.40132471942
2021-07-02,129569.08027286142
2021-07-06,127032.8629212715
2021-07-07,125600.14383541251
2021-07-08,125964.97539494895
2021-07-09,126983.93308229357
2021-07-12,126298.70835758849
2021-07-13,127210.84417565857
2021-07-14,125631.27347916157
2021-07-15,125898.25570969291
2021-07-16,126053.98672004392
2021-07-19,123023.87604455766
2021-07-20,124207.44414196629
2021-07-21,124336.49555737547
2021-07-22,126454.43936793953
2021-07-23,126521.16940214629
2021-07-26,127611.30717250486
2021-07-27,126231.9576254803
2021-07-28,127055.11316530753
2021-07-29,127500.06630127526
2021-07-30,126320.94825267384
2021-08-02,127477.81605723921
2021-08-03,126165.21724232283
2021-08-04,125564.5434449548
2021-08-05,126507.82960467537
2021-08-06,126356.54864313155
2021-08-09,125008.3597867082
2021-08-10,127166.35403653716
2021-08-11,128300.97159706644
2021-08-12,128478.95285145353
2021-08-13,128211.99131882361
2021-08-16,127700.29779969841
2021-08-17,126543.42999513306
2021-08-18,126009.47588302108
2021-08-19,125008.35978670817
2021-08-20,123406.54919512582
2021-08-23,124536.71670684789
2021-08-24,125653.53407214832
2021-08-25,126765.90138864153
2021-08-26,126983.93308229353
2021-08-27,127798.18852450633
2021-08-30,127108.51375099404
2021-08-31,125867.09501909163
2021-09-01,124963.85929863599
2021-09-02,125853.7552216207
2021-09-03,125586.78334004007
2021-09-07,124852.61842740637
2021-09-08,125159.63039930118
2021-09-09,124852.61842740634
2021-09-10,125382.11214176037
2021-09-13,125876.00546565672
2021-09-14,126165.2172423227
2021-09-15,127678.04755566221
2021-09-16,127077.36340934347
2021-09-17,126521.16940214614
2021-09-20,126454.43936793938
2021-09-21,125119.59030898694
2021-09-22,126298.70835758834
2021-09-23,127322.08504688802
2021-09-24,127744.77758986896
2021-09-27,128696.97419615465
2021-09-28,128323.22184110235
2021-09-29,128701.42424496188
2021-09-30,128990.63602162786
2021-10-01,128879.39515039824
2021-10-04,130636.95745023305
2021-10-05,131571.34351233917
2021-10-06,130926.16922689902
2021-10-07,131037.42044707935
2021-10-08,131571.34351233917
2021-10-11,133689.2976718539
2021-10-12,132127.52717058576
2021-10-13,131193.14110847964
2021-10-14,131660.3341395327
2021-10-15,133173.1644528722
2021-10-18,132950.6723614623
2021-10-19,132861.7024321702
2021-10-20,132972.9433033998
2021-10-21,133119.7742161364
2021-10-22,132861.7024321702
2021-10-25,133306.6452191872
2021-10-26,133262.14473111506
2021-10-27,132372.24880813033
2021-10-28,131446.7524946879
2021-10-29,133902.8793166987
2021-11-01,133075.27372806426
2021-11-02,133039.68368655725
2021-11-03,130970.65936602041
2021-11-04,131282.13173567315
2021-11-05,130014.0230598782
2021-11-08,131170.89086444353
2021-11-09,130410.03600791727
2021-11-10,132754.91160974774
2021-11-11,132848.3522857485
2021-11-12,131593.59375637516
2021-11-15,132674.82108016862
2021-11-16,134694.89486382614
2021-11-17,132616.97044567484
2021-11-18,132438.99954023847
2021-11-19,132390.04900335913
2021-11-22,133493.53692013936
2021-11-23,134984.09629154138
2021-11-24,135211.0280828078
2021-11-26,129760.40132471918
2021-11-29,129413.34926251014
2021-11-30,126730.31134713434
2021-12-01,125693.57416246232
2021-12-02,126498.9295070607
2021-12-03,125969.44614165738
2021-12-06,126810.40187671345
2021-12-07,127789.28842689171
2021-12-08,128305.42164587342
2021-12-09,127633.53671863927
2021-12-10,127775.92793151936
2021-12-13,127807.07827316984
2021-12-14,127700.29779969816
2021-12-15,126801.49143014831
2021-12-16,126632.42062232636
2021-12-17,126623.52052471193
2021-12-20,126325.40865043152
2021-12-21,127210.84417565829
2021-12-22,127433.31556916679
2021-12-23,127655.797311626
2021-12-27,128056.2603084723
2021-12-28,128056.2603084723
2021-12-29,127761.56358792765
2021-12-30,126977.30975383603
2021-12-31,125955.41296448851
2022-01-03,126858.49345068344
2022-01-04,127419.34448570227
2022-01-05,127352.80073260836
2022-01-06,127809.09631855911
2022-01-07,127452.62671119993
2022-01-10,127048.61402425858
2022-01-11,127428.85517140884
2022-01-12,126996.32077629847
2022-01-13,126212.07729115756
2022-01-14,127676.00881237132
2022-01-18,129125.67947950056
2022-01-19,129230.25562647007
2022-01-20,129567.72456031753
2022-01-21,128926.05856916957
2022-01-24,129249.2666489325
2022-01-25,129947.9657074678
2022-01-26,131744.60564520035
2022-01-27,132932.87216623334
2022-01-28,132894.83977235775
2022-01-31,132300.70651184127
2022-02-01,132880.589267224
2022-02-02,133370.14638077098
2022-02-03,133978.54049537197
2022-02-04,135817.96299535804
2022-02-07,134677.22920495653
2022-02-08,135066.97068886267
2022-02-09,134748.52312642836
2022-02-10,135846.47435457635
2022-02-11,135846.47435457635
2022-02-14,137861.75657405306
2022-02-15,136459.60828860456
2022-02-16,136412.09625587452
2022-02-17,135485.2338809378
2022-02-18,135984.3223780928
2022-02-22,137557.55951675255
2022-02-23,138493.92222844512
2022-02-24,140404.63864990303
2022-02-25,136402.58557016792
2022-02-28,137529.0481575342
2022-03-01,140399.8781325744
2022-03-02,144054.97229065694
2022-03-03,146764.203400291
2022-03-04,148522.81094414796
2022-03-07,151198.7805261858
2022-03-08,153931.78317561094
2022-03-09,145965.67836316416
2022-03-10,146284.13627454915
2022-03-11,148461.0277083827
2022-03-14,148038.00399897888
2022-03-15,145875.38376818056
2022-03-16,144397.18104393157
2022-03-17,147691.04507732627
2022-03-18,147914.42717849763
2022-03-21,152149.39374301216
2022-03-22,152572.40710346523
2022-03-23,153537.27082542542
2022-03-24,154468.87301978935
2022-03-25,156322.55637385993
2022-03-28,152477.351991153
2022-03-29,150233.90645527485
2022-03-30,151764.3920785332
2022-03-31,150091.31861233115
2022-04-01,150100.83964698843
2022-04-04,151521.9782569979
2022-04-05,153670.35833161316
2022-04-06,153855.71838785967
2022-04-07,154373.79720957568
2022-04-08,156346.3175647003
2022-04-11,157406.2363989727
2022-04-12,159630.650214487
2022-04-13,161265.71198471484
2022-04-14,164977.82886123398
2022-04-18,168190.87793849956
2022-04-19,165167.94943480912
2022-04-20,162986.30783259764
2022-04-21,165229.74301952508
2022-04-22,162972.0366295624
2022-04-25,160481.4478016725
2022-04-26,163266.72300115632
2022-04-27,165205.971479734
2022-04-28,166641.38129277874
2022-04-29,164730.66487132083
2022-05-02,168010.268050631
2022-05-03,168114.8234996991
2022-05-04,169032.1544910278
2022-05-05,172340.26902955628
2022-05-06,173105.50149223476
2022-05-09,167972.24600570614
2022-05-10,166874.29477755816
2022-05-11,169160.49182883772
2022-05-12,170206.17050692704
2022-05-13,170305.97578761718
2022-05-16,172345.01919793428
2022-05-17,173205.32747082636
2022-05-18,170467.5953509247
2022-05-19,167021.62243992905
2022-05-20,169089.2082563166
2022-05-23,169521.73230247627
2022-05-24,167972.24600570617
2022-05-25,168989.40297562644
2022-05-26,168590.1301081123
2022-05-27,168347.73698447848
2022-05-31,167877.18054444322
2022-06-01,171793.66849967127
2022-06-02,169540.73297598798
2022-06-03,172249.97443457277
2022-06-06,177240.68347396058
2022-06-07,177003.00947185257
2022-06-08,177079.0328638009
2022-06-09,179094.34613012976
2022-06-10,181185.66209050553
2022-06-13,184607.8531127594
2022-06-14,183752.30535719593
2022-06-15,177478.31608026577
2022-06-16,179046.80305054758
2022-06-17,177050.5318535333
2022-06-21,178523.99475835505
2022-06-22,173675.88391086162
2022-06-23,170396.27038260075
2022-06-24,171299.37156669708
2022-06-27,172249.97443457274
2022-06-28,174388.82312557998
2022-06-29,172297.4968162535
2022-06-30,165453.1354696472
2022-07-01,166593.858911098
2022-07-05,161603.17056961163
2022-07-06,160367.38166689788
2022-07-07,165405.59239006502
2022-07-08,168114.8234996991
2022-07-11,169968.48615586828
2022-07-12,164692.64282639598
2022-07-13,165928.421380159
2022-07-14,168209.88896096204
2022-07-15,167782.1047342296
2022-07-18,168732.7283000067
2022-07-19,168447.54226516865
2022-07-20,167639.54793813807
2022-07-21,166974.10005824832
2022-07-22,163299.98452875266
2022-07-25,165928.421380159
2022-07-26,166688.92437236098
2022-07-27,164550.04463450162
2022-07-28,162221.06502096856
2022-07-29,161317.9741858229
2022-08-01,157800.7487491583
2022-08-02,161222.90872456
2022-08-03,161365.52761435581
2022-08-04,157040.25610590703
2022-08-05,159987.14051974769
2022-08-08,159511.8442602852
2022-08-09,161650.6826023417
2022-08-10,157848.2607818883
2022-08-11,162553.78378643806
2022-08-12,161427.32119907174
2022-08-15,161365.52761435576
2022-08-16,162743.90436001317
2022-08-17,166356.21595584217
2022-08-18,169350.63310031427
2022-08-19,170681.45641743878
2022-08-22,172297.4968162535
2022-08-23,172962.9239982418
2022-08-24,173390.69787602354
2022-08-25,172154.9193222605
2022-08-26,173105.50149223476
2022-08-29,175006.71757693682
2022-08-30,174864.15043189458
2022-08-31,175339.43634240635
2022-09-01,176099.91863670686
2022-09-02,176099.91863670686
2022-09-06,177668.4263048901
2022-09-07,172107.37624267832
2022-09-08,174056.1043601104
2022-09-09,173176.81611160797
2022-09-12,173248.0996841291
2022-09-13,177525.83846194643
2022-09-14,176456.4192909182
2022-09-15,176337.57194091345
2022-09-16,174436.3662051621
2022-09-19,176717.81308806373
2022-09-20,177335.72823732204
2022-09-21,177003.0094718525
2022-09-22,178286.32075624698
2022-09-23,181328.27063135058
2022-09-26,185653.53179084865
2022-09-27,186271.42624220552
2022-09-28,180330.11433494202
2022-09-29,182564.05953406432
2022-09-30,182326.40622985773
2022-10-03,178523.99475835505
2022-10-04,175054.260656519
2022-10-05,179550.63136712977
2022-10-06,183894.89320013954
2022-10-07,185748.5972521116
2022-10-10,187174.49637944973
2022-10-11,188101.32770753434
2022-10-12,187412.14968365635
2022-10-13,186556.6019280929
2022-10-14,189836.20510740305
2022-10-17,185605.9887112665
2022-10-18,183514.6520529893
2022-10-19,185605.9887112665
2022-10-20,185843.6420154731
2022-10-21,183799.82773887666
2022-10-24,183229.47636710198
2022-10-25,180330.11433494207
2022-10-26,176765.35616764598
2022-10-27,175291.91396072565
2022-10-28,177478.31608026577
2022-10-31,179759.76296316736
2022-11-01,178999.2599709654
2022-11-02,180900.5071025196
2022-11-03,183847.35012055738
2022-11-04,181090.5966292426
2022-11-07,181043.09494546326
2022-11-08,178714.10498297948
2022-11-09,177953.6019907775
2022-11-10,168732.72830000668
2022-11-11,166926.55697866614
2022-11-14,167972.24600570617
2022-11-15,165880.9196963797
2022-11-16,163884.61745251325
2022-11-17,166071.01957205337
2022-11-18,166593.858911098
2022-11-21,167116.67755224125
2022-11-22,165453.1354696472
2022-11-23,160890.21065699184
2022-11-25,161470.09341237455
2022-11-28,163361.79881137004
2022-11-29,164122.27075671987
2022-11-30,161698.23603087457
2022-12-01,157800.74874915826
2022-12-02,157468.04033263947
2022-12-05,159939.6077891162
2022-12-06,159369.2357194401
2022-12-07,157853.02129921695
2022-12-08,158038.40205336487
2022-12-09,159844.552676804
2022-12-12,160129.72836269136
2022-12-13,158085.9140860949
2022-12-14,157895.8142104212
2022-12-15,160937.76408552477
2022-12-16,162173.53229033708
2022-12-19,162553.78378643806
2022-12-20,162957.7861244287
2022-12-21,163266.72300115644
2022-12-22,164597.59806303453
2022-12-23,164502.5326017716
2022-12-27,163504.38665431377
2022-12-28,158079.6840177648
2022-12-29,156850.2907665926
2022-12-30,156491.70997328768
2023-01-03,157464.9873921787
2023-01-04,155774.56908457924
2023-01-05,157772.3305304964
2023-01-06,153930.46885887024
2023-01-09,153008.42909496644
2023-01-10,154493.9381784198
2023-01-11,151574.13696859885
2023-01-12,149320.2389924991
2023-01-13,150037.40057910894
2023-01-17,149432.93906577944
2023-01-18,148654.32540982717
2023-01-19,148910.44124210835
2023-01-20,149576.36517373097
2023-01-23,148910.44124210835
2023-01-24,148807.9866300353
2023-01-25,148987.28220116315
2023-01-26,150242.2787564029
2023-01-27,150600.85954970782
2023-01-30,152035.1620250261
2023-01-31,151983.92437003888
2023-02-01,151522.90966256234
2023-02-02,150293.51641139013
2023-02-03,150703.31416178087
2023-02-06,151727.8188867084
2023-02-07,151010.65730009857
2023-02-08,151932.70741295305
2023-02-09,152035.1620250261
2023-02-10,151215.56652424464
2023-02-13,152393.7324693803
2023-02-14,152829.13352383857
2023-02-15,153162.10066412526
2023-02-16,154032.92347094326
2023-02-17,154289.06000112585
2023-02-21,157157.6339049103
2023-02-22,155979.4679597746
2023-02-23,154647.62009652937
2023-02-24,155057.41784692009
2023-02-27,155518.4429033473
2023-02-28,154647.6200965293
2023-03-01,155569.67020938382
2023-03-02,155928.24065373803
2023-03-03,154135.37808301626
2023-03-06,155928.24065373803
2023-03-07,156850.29076659254
2023-03-08,157055.17929283722
2023-03-09,157823.55783653288
2023-03-10,154237.8223461386
2023-03-13,149627.58213081674
2023-03-14,151779.02549484346
2023-03-15,150754.5311188666
2023-03-16,151522.90966256225
2023-03-17,149781.26404892627
2023-03-20,149832.4913549628
2023-03-21,151369.2277444527
2023-03-22,151369.2277444527
2023-03-23,150395.9710234631
2023-03-24,149422.69360457206
2023-03-27,150600.85954970776
2023-03-28,150805.75842490312
2023-03-29,151881.48010691648
2023-03-30,152854.7575258075
2023-03-31,151010.6573000985
2023-04-03,149832.4913549628
2023-04-04,150242.27875640284
2023-04-05,149934.93561808515
2023-04-06,151471.68235652577
2023-04-10,151061.88460613502
2023-04-11,151958.32106597128
2023-04-12,152649.84830166143
2023-04-13,153213.32797016174
2023-04-14,152649.84830166143
2023-04-17,152086.3893310626
2023-04-18,152362.99608575838
2023-04-19,154135.37808301626
2023-04-20,155108.64515295657
2023-04-21,155159.87245899308
2023-04-24,155877.01334770152
2023-04-25,155672.11447250616
2023-04-26,157772.33053049634
2023-04-27,158540.70907419198
2023-04-28,157874.77479361865
2023-05-01,157874.77479361865
2023-05-02,158899.27951854622
2023-05-03,159923.76354557232
2023-05-04,159616.42040725463
2023-05-05,159411.52153205927
2023-05-08,158694.38064335083
2023-05-09,158387.02715608242
2023-05-10,158438.25446211893
2023-05-11,157977.22940569167
2023-05-12,158745.59760043662
2023-05-15,157311.30547406906
2023-05-16,157618.65896133747
2023-05-17,157618.65896133747
2023-05-18,157311.30547406906
2023-05-19,158643.15333731432
2023-05-22,158950.5068245827
2023-05-23,158335.8101989966
2023-05-24,157977.22940569167
2023-05-25,159616.4204072546
2023-05-26,159462.74883809575
2023-05-30,161101.9398396587
2023-05-31,160128.6727697184
2023-06-01,159923.76354557232
2023-06-02,158233.34523797286
2023-06-05,158489.48176815544
2023-06-06,158028.4670606789
2023-06-07,157977.22940569167
2023-06-08,158438.25446211893
2023-06-09,158745.59760043662
2023-06-12,159718.87501932768
2023-06-13,159667.64771329117
2023-06-14,159923.76354557235
2023-06-15,156645.3918913972
2023-06-16,155518.4429033473
2023-06-20,155415.98829127426
2023-06-21,153725.5803326255
2023-06-22,155620.88716646962
2023-06-23,153828.02459574782
2023-06-26,153008.42909496636
2023-06-27,154954.97358379772
2023-06-28,154954.97358379772
2023-06-29,156030.68491686037
2023-06-30,156071.6667616896
2023-07-03,157311.3054740691
2023-07-05,157567.43165530098
2023-07-06,159488.36249111407
2023-07-07,160231.12738179148
2023-07-10,159821.32963140073
2023-07-11,159565.20345016886
2023-07-12,159052.9510877051
2023-07-13,158591.91568232712
2023-07-14,159462.74883809584
2023-07-17,159565.2034501689
2023-07-18,158438.25446211902
2023-07-19,156645.39189139724
2023-07-20,156594.16458536073
2023-07-21,157464.98739217874
2023-07-24,155364.76098523784
2023-07-25,155359.6486035849
2023-07-26,157106.40659887384
2023-07-27,156389.2657101654
2023-07-28,156286.81109809235
2023-07-31,157157.63390491036
2023-08-01,158643.15333731443
2023-08-02,157516.21469821525
2023-08-03,158796.82490647325
2023-08-04,157260.08851698335
2023-08-07,156952.73502971494
2023-08-08,155467.22594626155
2023-08-09,155313.54402815198
2023-08-10,156799.06346055606
2023-08-11,158540.70907419204
2023-08-14,158643.15333731435
2023-08-15,159693.26136630945
2023-08-16,159770.10232536422
2023-08-17,160589.687477195
2023-08-18,159821.32963140076
2023-08-21,160999.49557653643
2023-08-22,160538.47052010917
2023-08-23,158540.709074192
2023-08-24,158643.15333731432
2023-08-25,160897.04096446338
2023-08-28,160845.81365842687
2023-08-29,160589.68747719497
2023-08-30,160231.12738179145
2023-08-31,159462.74883809578
2023-09-01,160948.26827049986
2023-09-05,163663.18095407615
2023-09-06,163714.39791116197
2023-09-07,163765.6252171985
2023-09-08,164636.44802401648
2023-09-11,165097.47308044374
2023-09-12,165199.91734356608
2023-09-13,164738.90263608954
2023-09-14,165251.14464960262
2023-09-15,164943.81186023564
2023-09-18,165763.3970120664
2023-09-19,166121.9674564206
2023-09-20,164943.81186023564
2023-09-21,166275.63902557947
2023-09-22,165404.82656771218
2023-09-25,165999.03227088368
2023-09-26,166070.74015038408
2023-09-27,167351.35035864208
2023-09-28,167146.47218134816
2023-09-29,166839.12904303047
2023-10-02,167863.6130700566
2023-10-03,168222.1835144108
2023-10-04,165660.95274894408
2023-10-05,162894.80241038054
2023-10-06,163048.4843284901
2023-10-09,162689.9138841359
2023-10-10,162075.2172585498
2023-10-11,160538.47052010917
2023-10-12,163304.61050972197
2023-10-13,163304.61050972197
2023-10-16,164431.54914882113
2023-10-17,166275.63902557944
2023-10-18,167607.4868888247
2023-10-19,168529.54735062993
2023-10-20,168170.97690627573
2023-10-23,165865.84127518875
2023-10-24,165353.57856377427
2023-10-25,167761.15845798358
2023-10-26,165507.27083083452
2023-10-27,166019.52319329832
2023-10-30,165558.49813687106
2023-10-31,165712.1697060299
2023-11-01,164790.1195931754
2023-11-02,163407.05477284433
2023-11-03,159565.20345016886
2023-11-06,161665.40915920836
2023-11-07,160384.79895095035
2023-11-08,159104.16804479092
2023-11-09,161358.06602089066
2023-11-10,162023.9796035626
2023-11-13,162485.00465998982
2023-11-14,157721.10322445986
2023-11-15,159104.16804479092
2023-11-16,157260.08851698332
2023-11-17,157311.30547406912
2023-11-20,158130.9113238013
2023-11-21,158387.02715608248
2023-11-22,158489.48176815553
2023-11-24,158489.48176815553
2023-11-27,158079.68401776478
2023-11-28,157085.91567645915
2023-11-29,156030.6849168604
2023-11-30,155928.24065373806
2023-12-01,152240.05055127072
2023-12-04,153315.77223328408
2023-12-05,151215.56652424458
2023-12-06,150498.4049376347
2023-12-07,149115.35046625437
2023-12-08,150856.99607989035
2023-12-11,152547.40403853907
2023-12-12,151113.1015632208
2023-12-13,148910.44124210827
2023-12-14,147885.94686613145
2023-12-15,147117.5786713865
2023-12-18,147732.2752969726
2023-12-19,148193.30035339986
2023-12-20,148346.9719225587
2023-12-21,147322.47754658185
2023-12-22,147271.25024054534
2023-12-26,147117.5786713865
2023-12-27,147783.5026030091
2023-12-28,147066.34101639924
2023-12-29,147629.82068489952
2024-01-02,146810.23553306877
2024-01-03,147322.47754658185
2024-01-04,146963.90710222765
2024-01-05,147271.25024054534
2024-01-08,147681.05833988677
2024-01-09,146758.99787808154
2024-01-10,147424.9321586549
2024-01-11,147322.47754658185
2024-01-12,147988.4014782045
2024-01-16,146963.90710222765
2024-01-17,146093.08429540964
2024-01-18,145478.38766982354
2024-01-19,146707.77057204503
2024-01-22,147168.805977423
2024-01-23,145836.94776522703
2024-01-24,143992.86823741943
2024-01-25,145017.35226444557
2024-01-26,145888.17507126357
2024-01-29,147783.5026030091
2024-01-30,146349.20012769083
2024-01-31,146144.31160144618
2024-02-01,147220.02293450883
2024-02-02,147066.34101639927
2024-02-05,147373.69450366768
2024-02-06,147066.34101639927
2024-02-07,148039.6184352903
2024-02-08,148910.4412421083
2024-02-09,149576.3651737309
2024-02-12,149934.93561808515
2024-02-13,150370.34702149412
2024-02-14,150421.57432753066
2024-02-15,151369.2277444527
2024-02-16,151522.90966256225
2024-02-20,149832.49135496278
2024-02-21,149166.57777229085
2024-02-22,150037.40057910886
2024-02-23,150498.40493763468
2024-02-26,150600.85954970773
2024-02-27,150088.60718724396
2024-02-28,149115.35046625437
2024-02-29,149627.5821308167
2024-03-01,150754.53111886658
2024-03-04,150293.51641139004
2024-03-05,149576.3651737309
2024-03-06,149166.57777229088
2024-03-07,149115.35046625437
2024-03-08,148603.0981037906
2024-03-11,148807.98663003527
2024-03-12,149371.46629853558
2024-03-13,150344.7437174266
2024-03-14,151318.01078736695
2024-03-15,151876.35737631287
2024-03-18,152905.98483184408
2024-03-19,153162.10066412526
2024-03-20,152649.8483016615
2024-03-21,152240.05055127075
2024-03-22,152603.7540751793
2024-03-25,153264.55527619828
2024-03-26,152598.64169352638
2024-03-27,153520.67110847947
2024-03-28,153110.87335808875
2024-04-01,154647.62009652937
2024-04-02,155518.44290334737
2024-04-03,155415.98829127432
2024-04-04,155467.22594626158
2024-04-05,155518.4429033474
2024-04-08,155569.67020938394
2024-04-09,155928.24065373815
2024-04-10,157208.86121094687
2024-04-11,158028.46706067905
2024-04-12,158182.12828088718
2024-04-15,160538.47052010926
2024-04-16,160231.12738179156
2024-04-17,159104.16804479097
2024-04-18,159821.32963140082
2024-04-19,159319.31238119362
2024-04-22,158079.6840177648
2024-04-23,157157.6339049103
2024-04-24,157823.5578365329
2024-04-25,158725.10667802213
2024-04-26,159360.30457497356
2024-04-29,157772.33053049643
2024-04-30,159513.9761441324
2024-05-01,158540.7090741921
2024-05-02,154780.80074327366
2024-05-03,151983.92437003893
2024-05-06,151369.22774445283
2024-05-07,151113.10156322093
2024-05-08,152803.51987082037
2024-05-09,151958.32106597134
2024-05-10,152444.94942646613
2024-05-13,152291.2778573073
2024-05-14,151881.48010691657
2024-05-15,150395.97102346318
2024-05-16,150447.187980549
2024-05-17,151215.56652424467
2024-05-20,150395.9710234632
2024-05-21,150447.18798054903
2024-05-22,149115.35046625452
2024-05-23,149269.01168646265
2024-05-24,149781.26404892644
2024-05-28,150805.75842490327
2024-05-29,153315.7722332842
2024-05-30,152035.1620250262
2024-05-31,151625.35392568476
2024-06-03,149525.1482166453
2024-06-04,148090.845741327
2024-06-05,147629.82068489975
2024-06-06,147373.69450366785
2024-06-07,147271.25024054552
2024-06-10,148346.97192255888
2024-06-11,147527.3660728267
2024-06-12,146810.23553306898
2024-06-13,145939.40237730026
2024-06-14,145939.40237730026
2024-06-17,146861.45249015477
2024-06-18,146246.75586456867
2024-06-20,147885.94686613162
2024-06-21,147783.50260300928
2024-06-24,146554.10935183708
2024-06-25,147629.82068489972
2024-06-26,148398.18887964467
2024-06-27,148265.00823290044
2024-06-28,149371.46629853573
2024-07-01,150191.06179931722
2024-07-02,149883.71866099953
2024-07-03,149832.49135496301
2024-07-05,150959.42999406217
2024-07-08,151574.136968599
2024-07-09,151625.3539256848
2024-07-10,152649.8483016616
2024-07-11,152137.60628814856
2024-07-12,152419.3461223987
2024-07-15,153623.12572055263
2024-07-16,153623.12572055263
2024-07-17,153469.44380244307
2024-07-18,153213.3279701619
2024-07-19,152342.5051633439
2024-07-22,151369.2277444529
2024-07-23,151369.2277444529
2024-07-24,151266.78348133055
2024-07-25,151061.8846061352
2024-07-26,152240.0505512709
2024-07-29,152188.82324523438
2024-07-30,151881.4801069167
2024-07-31,152240.05055127092
2024-08-01,152496.17673250282
2024-08-02,150805.75842490335
2024-08-05,149012.89585418158
2024-08-06,148346.97192255897
2024-08-07,147629.8206848998
2024-08-08,147732.27529697286
2024-08-09,148295.75496547317
2024-08-12,148654.32540982738
2024-08-13,149781.26404892653
2024-08-14,149730.03674289002
2024-08-15,150037.40057910915
2024-08-16,150447.18798054918
2024-08-19,150805.75842490338
2024-08-20,151574.13696859905
2024-08-21,152188.82324523444
2024-08-22,152086.38933106282
2024-08-23,151830.2528008802
2024-08-26,150908.2130369764
2024-08-27,150395.97102346335
2024-08-28,150447.18798054918
2024-08-29,149422.69360457236
2024-08-30,149166.57777229117
2024-09-03,149934.9356180854
2024-09-04,151164.33921820833
2024-09-05,151830.25280088023
2024-09-06,152444.94942646634
2024-09-09,152393.73246938054
2024-09-10,154442.7212213342
2024-09-11,153879.25190178465
2024-09-12,153059.64605205247
2024-09-13,153315.77223328437
2024-09-16,154237.82234613888
2024-09-17,153008.42909496668
2024-09-18,151676.58123172144
2024-09-19,151446.06870350783
2024-09-20,150293.5164113904
2024-09-23,149934.93561808547
2024-09-24,149986.1732730727
2024-09-25,148603.09810379092
2024-09-26,150652.0868557446
2024-09-27,150703.31416178113
2024-09-30,149730.0367428901
2024-10-01,149371.46629853587
2024-10-02,147629.8206848999
2024-10-03,144710.00912612822
2024-10-04,143019.59081852876
2024-10-07,141585.2986921612
2024-10-08,143019.59081852876
2024-10-09,142302.44992982034
2024-10-10,141790.19756735658
2024-10-11,142558.57611105224
2024-10-14,143480.61587495604
2024-10-15,145068.57957048248
2024-10-16,145478.38766982392
2024-10-17,144863.6910442378
2024-10-18,146502.88204580074
2024-10-21,144556.33755696937
2024-10-22,143787.96936222442
2024-10-23,143173.27273663832
2024-10-24,142917.14655540645
2024-10-25,142968.36351249227
2024-10-28,145375.93305775087
2024-10-29,144710.00912612825
2024-10-30,144197.75676366448
2024-10-31,144274.60807166997
2024-11-01,144453.89329384707
2024-11-04,143378.1716118337
2024-11-05,143685.5147501514
2024-11-06,143019.59081852878
2024-11-07,143326.93395684648
2024-11-08,143711.12840316969
2024-11-11,143531.84318099258
2024-11-12,143736.74205618797
2024-11-13,143941.65128033404
2024-11-14,145836.94776522744
2024-11-15,145222.26148859205
2024-11-18,143275.71699976068
2024-11-19,143275.71699976068
2024-11-20,142968.36351249227
2024-11-21,141892.65217942963
2024-11-22,142609.79306813807
2024-11-25,141687.75330423427
2024-11-26,142251.23297273455
2024-11-27,142046.32374858847
2024-11-29,140919.3747605386
2024-12-02,141892.65217942963
2024-12-03,142456.1111500285
2024-12-04,142912.02382480283
2024-12-05,141815.81122037486
2024-12-06,143326.9339568465
2024-12-09,142507.34880501576
2024-12-10,142917.1465554065
2024-12-11,143096.4317775836
2024-12-12,143173.27273663838
2024-12-13,143839.1863193103
2024-12-16,144248.99441865174
2024-12-17,145075.337435299
2024-12-18,146934.61957170613
2024-12-19,147657.6697112725
2024-12-20,145643.45343371938
2024-12-23,146831.32669462523
2024-12-24,146573.07897849687
2024-12-26,146728.0234685936
2024-12-27,146779.6750816094
2024-12-30,144662.16592697537
2024-12-31,145126.98904831483
2025-01-02,146108.27655505887
2025-01-03,147037.90209983636
2025-01-06,145488.5089436227
2025-01-07,146211.5590831891
2025-01-08,147451.07360816002
2025-01-10,146934.61957170616
2025-01-13,145850.03918788125
2025-01-14,145591.8018207036
2025-01-15,143267.70691190774
2025-01-16,143061.12115774592
2025-01-17,144042.39831553923
2025-01-21,141976.540773921
2025-01-22,142338.0606692288
2025-01-23,142493.00515932552
2025-01-24,141769.95501975913
2025-01-27,141460.0660395657
2025-01-28,142183.12652808276
2025-01-29,142028.18203798603
2025-01-30,141408.42477550055
2025-01-31,141976.54077392092
2025-02-03,142389.71228224455
2025-02-04,139910.67288335197
2025-02-05,139239.2640078507
2025-02-06,138826.09249952703
2025-02-07,139187.62274378559
2025-02-10,139962.32449636777
2025-02-11,140272.2031276105
2025-02-12,141356.78351143544
2025-02-13,139549.15298804414
2025-02-14,138516.2138682843
2025-02-18,140272.20312761053
2025-02-19,141873.24789684
2025-02-20,139910.67288335197
2025-02-21,139342.5568849316
2025-02-24,140246.38249557797
2025-02-25,138929.38537660794
2025-02-26,138877.74411254283
2025-02-27,140633.72302291833
2025-02-28,140117.2586375138
2025-03-03,140427.14761770723
2025-03-04,141150.19775727362
2025-03-05,142157.3058960502
2025-03-06,140478.78888177237
2025-03-07,141305.13189841967
2025-03-10,141150.19775727368
2025-03-11,141563.36926559734
2025-03-12,140737.01589999933
2025-03-13,141305.13189841973
2025-03-14,141150.19775727374
2025-03-17,140633.72302291845
2025-03-18,140633.72302291845
2025-03-19,141356.78351143553
2025-03-20,141201.8390213388
2025-03-21,141253.49063435462
2025-03-24,141201.83902133882
2025-03-25,141511.71765258154
2025-03-26,141439.4095339397
2025-03-27,141511.71765258157
2025-03-28,141718.3137556941
2025-03-31,140891.9603900961
2025-04-01,140323.84439167572
2025-04-02,140427.14761770735
2025-04-03,138877.74411254298
2025-04-04,138774.45123546207
2025-04-07,138361.27972713843
2025-04-08,137948.09786986408
2025-04-09,139445.86011096337
2025-04-10,137018.4723250866
2025-04-11,136915.16909905497
2025-04-14,136915.16909905497
2025-04-15,136450.35632666622
2025-04-16,135778.94745116495
2025-04-17,135469.06881992222
2025-04-21,135572.36169700316
2025-04-22,135469.06881992225
2025-04-23,135572.3616970032
2025-04-24,134849.3115574368
2025-04-25,134591.07419025915
2025-04-28,135933.881592311
2025-04-29,136501.99759073136
2025-04-30,135933.881592311
2025-05-01,135314.13467877623
2025-05-02,136398.70471365043
2025-05-05,136656.93173187735
2025-05-06,136656.93173187735
2025-05-07,136605.30081676296
2025-05-08,135830.58871523006
2025-05-09,135882.24032824585
2025-05-12,134642.7154543242
2025-05-13,134539.4225772433
2025-05-14,134591.0741902591
2025-05-15,134539.42257724327
2025-05-16,134281.19555901634
2025-05-19,135055.8869626478
2025-05-20,135778.94745116492
2025-05-21,136553.6492037471
2025-05-22,136656.9317318773
2025-05-23,137328.34060737857
2025-05-27,136398.70471365037
2025-05-28,136347.05310063457
2025-05-29,136501.99759073128
2025-05-30,136656.93173187727
2025-06-02,137999.74948287982
2025-06-03,137225.04773029764
2025-06-04,137018.47232508654
2025-06-05,137638.2192386213
2025-06-06,136863.52783498983
2025-06-09,136760.2246089582
2025-06-10,136243.76022355363
2025-06-11,135365.76559389054
2025-06-12,136037.18481834253
2025-06-13,134694.36706733998
2025-06-16,134332.84717203214
2025-06-17,132473.565035625
2025-06-18,131234.04016170336
2025-06-20,130975.81314347645
2025-06-23,133351.54931633742
2025-06-24,134074.5994559038
2025-06-25,134642.71545432418
2025-06-26,135675.65457408398
2025-06-27,135262.48306576035
2025-06-30,136212.7754651146
2025-07-01,136398.7047136504
2025-07-02,137225.0477302977
2025-07-03,136037.18481834256
2025-07-07,135933.88159231094
2025-07-08,137844.81534173386
2025-07-09,137638.21923862133
2025-07-10,137896.45660579897
2025-07-11,138929.3853766081
2025-07-14,137767.3327477348
2025-07-15,138412.92099120351
2025-07-16,137534.92636154042
2025-07-17,138361.27972713843
2025-07-18,137999.74948287988
2025-07-21,138722.80997139696
2025-07-22,138929.3853766081
2025-07-23,140840.31912603104
2025-07-24,139910.67288335212
2025-07-25,139704.0871291903
2025-07-28,138567.86548130028
2025-07-29,138103.04235996082
2025-07-30,135778.94745116495
2025-07-31,135055.88696264784
2025-08-01,134560.08943182003
2025-08-04,135262.48306576037
2025-08-05,135339.94496185804
2025-08-06,135262.48306576037
2025-08-07,135933.88159231094
2025-08-08,136347.0531006346
2025-08-11,135262.48306576037
2025-08-12,137018.4723250866
2025-08-13,136088.82608240767
2025-08-14,137157.90373806236
2025-08-15,137793.16372871806
2025-08-18,138154.69397297662
2025-08-19,138516.21386828445
2025-08-20,138103.0423599608
2025-08-21,138257.9868500575
2025-08-22,138722.80997139696
2025-08-25,138412.92099120351
2025-08-26,138361.27972713843
2025-08-27,138567.86548130025
2025-08-28,137586.57797455622
2025-08-29,138051.39074694496
2025-09-02,139135.9814797206
2025-09-03,139187.62274378567
2025-09-04,138588.52198692624
2025-09-05,138671.1583583811
2025-09-08,138929.38537660803
2025-09-09,138826.09249952712
2025-09-10,138567.8654813002
2025-09-11,138490.39323625184
2025-09-12,139187.62274378567
2025-09-15,139342.5568849317
2025-09-16,139595.6301257028
2025-09-17,139549.1529880442
2025-09-18,139704.0871291902
2025-09-19,139600.79425210928
2025-09-22,140633.7230229184
2025-09-23,140788.6675130151
2025-09-24,139084.3298667047
2025-09-25,138722.80997139687
2025-09-26,139394.20849794743
2025-09-29,139187.6227437856
2025-09-30,139084.3298667047
2025-10-01,138516.21386828434
2025-10-02,137638.2192386212
2025-10-03,137999.74948287976
2025-10-06,138722.80997139684
2025-10-07,138722.80997139684
2025-10-08,138774.45123546195
2025-10-09,138929.38537660797
2025-10-10,139445.86011096323
2025-10-13,140323.8443916756
2025-10-14,140065.61737344868
2025-10-15,140272.2031276105
2025-10-16,140607.90239088578
2025-10-17,140349.66502370813
2025-10-20,139859.03161928683
2025-10-21,139032.67825368882
2025-10-22,138722.8099713968
2025-10-23,138671.15835838098
2025-10-24,139187.62274378556
2025-10-27,139549.15298804408
2025-10-28,138981.0369896237
2025-10-29,138567.86548130008
2025-10-30,138206.33523704152
2025-10-31,137948.09786986388
2025-11-03,136605.30081676276
2025-11-04,136011.3538373591
2025-11-05,135975.19460356285
2025-11-06,136842.87132936367
2025-11-07,137121.7548532166
2025-11-10,137596.9062273691
2025-11-11,138412.92099120337
2025-11-12,137999.74948287974
2025-11-13,137586.57797455607
2025-11-14,137328.34060737843
2025-11-17,137070.1135891515
2025-11-18,137534.92636154025
2025-11-19,136682.7627128604
2025-11-20,136589.7980885925
2025-11-21,136341.8993231786
2025-11-24,136347.0531006344
2025-11-25,137070.11358915147
2025-11-26,137715.7018326202
2025-11-28,137948.09786986385
2025-12-01,137483.2850974751
2025-12-02,137173.40646623238
2025-12-03,137818.9843607504
2025-12-04,137379.9922203942
2025-12-05,136863.52783498965
2025-12-08,137638.21923862112
2025-12-09,138051.39074694476
2025-12-10,138257.9868500573
2025-12-11,139497.50137502822
2025-12-12,139058.49888572132
2025-12-15,139290.91562086638
2025-12-16,139368.38786591473
2025-12-17,139445.86011096308
2025-12-18,140375.4960046913
2025-12-19,139807.38000627092
2025-12-22,141017.33792800136
2025-12-23,140827.43468239123
2025-12-24,140566.99298871143
2025-12-26,140691.79098537695
2025-12-29,139877.91845434057
2025-12-30,140908.81883080964
2025-12-31,140800.31008256864
2026-01-02,141614.18261360502
2026-01-05,142807.8616358617
2026-01-06,143513.2254186571
2026-01-07,141614.18261360505
2026-01-08,142211.016950258
2026-01-09,142954.3613821754
2026-01-12,143838.77236128147
2026-01-13,143838.77236128147
2026-01-14,144706.9044409137
2026-01-15,144218.57885250173
2026-01-16,143241.92767567778
2026-01-20,143296.18722427363
2026-01-21,142211.01695025797
2026-01-22,143024.89983024506
2026-01-23,142807.86163586166
2026-01-26,143024.89983024506
2026-01-27,144272.83840109754
2026-01-28,144815.42353810536
2026-01-29,144218.57885250167
2026-01-30,140854.55928221374
2026-02-02,143350.44677286944
2026-02-03,144706.90444091364
2026-02-04,144435.61704688508
2026-02-05,142156.76775061278
2026-02-06,144468.164496882
2026-02-09,145900.58346317027
2026-02-10,145629.2960691417
2026-02-11,145412.2578747583
2026-02-12,143458.96587006113
2026-02-13,143947.2914584731
2026-02-17,143947.2914584731
2026-02-18,144761.16398950948
2026-02-19,144761.16398950948
2026-02-20,144652.64489231777
2026-02-23,145249.48957792143
2026-02-24,145683.55561773753
2026-02-25,145737.81516633337
2026-02-26,146334.64950298634
2026-02-27,146822.97509139832
2026-03-02,147853.8858168181
2026-03-03,146633.0718457882
2026-03-04,148450.7305024218
2026-03-05,148016.6644626057
2026-03-06,149101.8243876706
2026-03-09,148722.01789645036
2026-03-10,149915.696918707
2026-03-11,151000.86719272262
2026-03-12,152194.54621497926
2026-03-13,151272.15458675116
2026-03-16,151543.4523297304
2026-03-17,153171.19739180317
2026-03-18,152845.65044917876
2026-03-19,151055.12674131844
2026-03-20,151760.48017516313
2026-03-23,148396.4709538259
2026-03-24,149264.60303345812
2026-03-25,149101.82438767055
2026-03-26,150512.54160431062
2026-03-27,152303.06531217095
2026-03-30,153442.49513478242
2026-03-31,153008.4290949663
2026-04-01,151868.9992723548
2026-04-02,153768.0420774068
2026-04-06,154581.91460844318
2026-04-07,154798.9528028266
2026-04-08,151163.6458385101
2026-04-09,152357.32486076673
2026-04-10,152574.36305515014
2026-04-13,154147.84856862703
2026-04-14,153008.42909496624
2026-04-15,153551.00388302337
2026-04-16,154690.43370563484
2026-04-17,151272.15458675104
2026-04-20,152465.8439579584
2026-04-21,155070.24019685507
2026-04-22,155368.6625396569
2026-04-23,157077.80209909883
2026-04-24,156589.47651068686
2026-04-27,158488.50896678815
2026-04-28,159899.2261834282
2026-04-29,162449.37322267974
2026-04-30,160821.61781165627
2026-05-01,159139.61320098766
2026-05-04,159844.96663483235
2026-05-05,160116.2643778116
2026-05-06,157566.12768751074
2026-05-07,158325.74066995128
2026-05-08,158325.74066995128
2026-05-11,160224.7834750033
2026-05-12,163697.31179353222
2026-05-13,162123.81593110462
2026-05-14,160767.35826306042
2026-05-15,161906.78808567193
2026-05-18,162286.5945768922
2026-05-19,162449.37322267977
2026-05-20,159627.93878939966
2026-05-21,158380.00021854715
2026-05-22,158515.64391556144
2026-05-26,156752.24480752368
2026-05-27,155178.75929404676
2026-05-28,154853.21235142235
2026-05-29,153388.23558618643
2026-06-01,154907.4615510675
2026-06-02,155721.3444310546
2026-06-03,155992.63182508317
2026-06-04,154527.65505984725
2026-06-05,153985.06992283944
2026-06-08,154636.17415703897
2026-06-09,153768.04207740675
2026-06-10,154744.6932542307
2026-06-11,153333.97603759065
2026-06-12,152520.10350655427
2026-06-15,151923.2588209506
2026-06-16,150539.67655308385
2026-06-17,150675.32025009813
2026-06-18,150946.60764412666
2026-06-22,151814.73972375892
2026-06-23,150621.06070150228
2026-06-24,148667.7583478544
2026-06-25,149698.6690732742
2026-06-26,147962.40491400976
2026-06-29,148396.47095382586
2026-06-30,149318.86258205393
2026-07-01,149427.38167924565
2026-07-02,148830.536993642
2026-07-06,149481.6308788908
2026-07-07,150621.0607015023
2026-07-08,152818.5258493562
2026-07-09,152465.8439579585
2026-07-10,152465.8439579585
2026-07-13,155667.08488245888
2026-07-14,156318.1787677077
2026-07-15,156426.69786489938
2026-07-16,157132.05129874405
2026-07-17,157267.70534470901
2026-07-20,158705.54716117165
2026-07-21,159736.45788659144
2026-07-22,159844.96663483244
2026-07-23,162015.30718286376
2026-07-24,160713.1090634154
2026-07-27,159193.87274958365
2026-07-28,158597.02806398
2026-07-29,160333.29222324447
2026-07-30,158651.28761257586
2026-07-31,159031.09410379612
2026-08-03,155775.5936306999
2026-08-04,153822.30162600274
2026-08-05,153985.06992283958
2026-08-06,155233.0188426428
2026-08-07,153062.6782946115
2026-08-10,156263.9192191119
