date,value
1986-01-02,10000
1986-01-03,9889.43
1986-01-06,9855.4
1986-01-07,10220.73
1986-01-08,9966.05
1986-01-09,9603.68
1986-01-10,9713.45
1986-01-13,9639.28
1986-01-14,9649.12
1986-01-15,9996.53
1986-01-16,10225.37
1986-01-17,10177.03
1986-01-20,9993.92
1986-01-21,9912.71
1986-01-22,9686.66
1986-01-23,9630.74
1986-01-24,9765.77
1986-01-27,9850.62
1986-01-28,10027.73
1986-01-29,10186.62
1986-01-30,10049.57
1986-01-31,10158.26
1986-02-03,10354.64
1986-02-04,10406.37
1986-02-05,10575.77
1986-02-06,10715.28
1986-02-07,10833.67
1986-02-10,10941.57
1986-02-11,10958.12
1986-02-12,11017.38
1986-02-13,11092.74
1986-02-14,11248.1
1986-02-18,11336.91
1986-02-19,11155.47
1986-02-20,11199.28
1986-02-21,11388.86
1986-02-24,11231.32
1986-02-25,11098.97
1986-02-26,11012.01
1986-02-27,11269.57
1986-02-28,11249.31
1986-03-03,11134.55
1986-03-04,11257.96
1986-03-05,11207.37
1986-03-06,11291.2
1986-03-07,11243.93
1986-03-10,11545.6
1986-03-11,12011.6
1986-03-12,12218.71
1986-03-13,12279.33
1986-03-14,12273.34
1986-03-17,12163.72
1986-03-18,12368.79
1986-03-19,12337.63
1986-03-20,12388.58
1986-03-21,12417.87
1986-03-24,12260.87
1986-03-25,12323.27
1986-03-26,12278.82
1986-03-27,12462.94
1986-03-31,12538.85
1986-04-01,12465.32
1986-04-02,12539.84
1986-04-03,12500.04
1986-04-04,12213.43
1986-04-07,12048.14
1986-04-08,12517.6
1986-04-09,12535.29
1986-04-10,12985.14
1986-04-11,13134.87
1986-04-14,13349.01
1986-04-15,13516.2
1986-04-16,14206.14
1986-04-17,14230.1
1986-04-18,13975
1986-04-21,14124.55
1986-04-22,14000.34
1986-04-23,13924.48
1986-04-24,14342.51
1986-04-25,14447.3
1986-04-28,14341.67
1986-04-29,14040.95
1986-04-30,13443.52
1986-05-01,13317.44
1986-05-02,13451.22
1986-05-05,13816.44
1986-05-06,13810.2
1986-05-07,13651.03
1986-05-08,13805.55
1986-05-09,13932.81
1986-05-12,13899.94
1986-05-13,13772.01
1986-05-14,13758.72
1986-05-15,13536.77
1986-05-16,13400.24
1986-05-19,13449.4
1986-05-20,13739.4
1986-05-21,13810.07
1986-05-22,14189.71
1986-05-23,14279.29
1986-05-27,14456.39
1986-05-28,14474.88
1986-05-29,14525.75
1986-05-30,14797.79
1986-06-02,14587.83
1986-06-03,14597.28
1986-06-04,14540.06
1986-06-05,14632.23
1986-06-06,14540.89
1986-06-09,13948.56
1986-06-10,13854.25
1986-06-11,14187.94
1986-06-12,14243.53
1986-06-13,14590.56
1986-06-16,14307.09
1986-06-17,13905.57
1986-06-18,13885.19
1986-06-19,14020.78
1986-06-20,14070.75
1986-06-23,14060.8
1986-06-24,14274.69
1986-06-25,14483.05
1986-06-26,14428.22
1986-06-27,14405.64
1986-06-30,14578.64
1986-07-01,14699.28
1986-07-02,14809.48
1986-07-03,14903.95
1986-07-07,13652.39
1986-07-08,12890.9
1986-07-09,13248.36
1986-07-10,13053.08
1986-07-11,12805.33
1986-07-14,12203.14
1986-07-15,11703.97
1986-07-16,11884.33
1986-07-17,12053.12
1986-07-18,11934.11
1986-07-21,11818.9
1986-07-22,11869.88
1986-07-23,11829.14
1986-07-24,11841.58
1986-07-25,11995.53
1986-07-28,11545.18
1986-07-29,11336.91
1986-07-30,11382.19
1986-07-31,11378.68
1986-08-01,11323.19
1986-08-04,11058.96
1986-08-05,10951.57
1986-08-06,10744.41
1986-08-07,10764.04
1986-08-08,11005.54
1986-08-11,11489.4
1986-08-12,11741.84
1986-08-13,12022.58
1986-08-14,12206.3
1986-08-15,12132.48
1986-08-18,12047.59
1986-08-19,11966.3
1986-08-20,12149.5
1986-08-21,12188.14
1986-08-22,12335.74
1986-08-25,12163.81
1986-08-26,12363.16
1986-08-27,12500.27
1986-08-28,12499.95
1986-08-29,12440.48
1986-09-02,12049.77
1986-09-03,12123.72
1986-09-04,12375.95
1986-09-05,12089.6
1986-09-08,11582.08
1986-09-09,11453.88
1986-09-10,11290.2
1986-09-11,10307.21
1986-09-12,9793.57
1986-09-15,9777.64
1986-09-16,9813.94
1986-09-17,9982.42
1986-09-18,10234.25
1986-09-19,10280.22
1986-09-22,10523.74
1986-09-23,10436.63
1986-09-24,10385.8
1986-09-25,10141.11
1986-09-26,10133.75
1986-09-29,9827.31
1986-09-30,10109.74
1986-10-01,10218.53
1986-10-02,10209.63
1986-10-03,10256.94
1986-10-06,10336.92
1986-10-07,10204.78
1986-10-08,10351.06
1986-10-09,10333.22
1986-10-10,10435.71
1986-10-13,10553.6
1986-10-14,10594.03
1986-10-15,10760.78
1986-10-16,10724.34
1986-10-17,10616.94
1986-10-20,10449.93
1986-10-21,10421.55
1986-10-22,10473.52
1986-10-23,10746.67
1986-10-24,10716.37
1986-10-27,10681.56
1986-10-28,10789.99
1986-10-29,10882.3
1986-10-30,11130.05
1986-10-31,11080.68
1986-11-03,11128.04
1986-11-04,11303.07
1986-11-05,11332.01
1986-11-06,11209.26
1986-11-07,11128.9
1986-11-10,11030.4
1986-11-11,11189.22
1986-11-12,11221.34
1986-11-13,10883.54
1986-11-14,10894.04
1986-11-17,10540.04
1986-11-18,10457.8
1986-11-19,10287.69
1986-11-20,10545.59
1986-11-21,10779.81
1986-11-24,11018.04
1986-11-25,11208.48
1986-11-26,11374.35
1986-11-28,11536.72
1986-12-01,11363.14
1986-12-02,11669.06
1986-12-03,11858.13
1986-12-04,11838.77
1986-12-05,11686.91
1986-12-08,11495.27
1986-12-09,11341.06
1986-12-10,11351.69
1986-12-11,11212.47
1986-12-12,11040.33
1986-12-15,10898.25
1986-12-16,10958.37
1986-12-17,10734.54
1986-12-18,10702.67
1986-12-19,10837.28
1986-12-22,10882.12
1986-12-23,10685.4
1986-12-24,10679.16
1986-12-26,10698.27
1986-12-29,10694.08
1986-12-30,10475.48
1986-12-31,10451.03
1987-01-02,10662.09
1987-01-05,11337.73
1987-01-06,11587.95
1987-01-07,12192.37
1987-01-08,12622.38
1987-01-09,12829.49
1987-01-12,13204.79
1987-01-13,13252.19
1987-01-14,13753.13
1987-01-15,14001.04
1987-01-16,13717.17
1987-01-19,14379.97
1987-01-20,14386.03
1987-01-21,13991.26
1987-01-22,14614
1987-01-23,14404.32
1987-01-26,13947.38
1987-01-27,14371.45
1987-01-28,14534.21
1987-01-29,14202.06
1987-01-30,14358.81
1987-02-02,14979.82
1987-02-03,15195.18
1987-02-04,15534.38
1987-02-05,15732.19
1987-02-06,15727.51
1987-02-09,15542.57
1987-02-10,15303.25
1987-02-11,15948.71
1987-02-12,15994.62
1987-02-13,16498.02
1987-02-17,17338.58
1987-02-18,16872.57
1987-02-19,16618.06
1987-02-20,16395.19
1987-02-23,16210.49
1987-02-24,16430.15
1987-02-25,16798.17
1987-02-26,17019.73
1987-02-27,17119.34
1987-03-02,16797.54
1987-03-03,16699.67
1987-03-04,17197.89
1987-03-05,17453.69
1987-03-06,17374.83
1987-03-09,17028.25
1987-03-10,17396.32
1987-03-11,17549.4
1987-03-12,17441.86
1987-03-13,17132.73
1987-03-16,17047.06
1987-03-17,17633.47
1987-03-18,17654.86
1987-03-19,18014.03
1987-03-20,18365.18
1987-03-23,18278.35
1987-03-24,18423.41
1987-03-25,18419.72
1987-03-26,18514.86
1987-03-27,18186.97
1987-03-30,17178.95
1987-03-31,17584.89
1987-04-01,17585.22
1987-04-02,17880.48
1987-04-03,18580.31
1987-04-06,18487.3
1987-04-07,17809.67
1987-04-08,18153.76
1987-04-09,18042.71
1987-04-10,17951.1
1987-04-13,17117.83
1987-04-14,16326.96
1987-04-15,16819.69
1987-04-16,17052.39
1987-04-20,16746.54
1987-04-21,17201.06
1987-04-22,17070.61
1987-04-23,17030.02
1987-04-24,16396.5
1987-04-27,16240.4
1987-04-28,16544.46
1987-04-29,16714.24
1987-04-30,17187.01
1987-05-01,17366.75
1987-05-04,17476.8
1987-05-05,18087.81
1987-05-06,17996.24
1987-05-07,18127.22
1987-05-08,18188.13
1987-05-11,17968.13
1987-05-12,17911.01
1987-05-13,18155.47
1987-05-14,18235.43
1987-05-15,17688.32
1987-05-18,17221.23
1987-05-19,16474.68
1987-05-20,16511.19
1987-05-21,16680.28
1987-05-22,16488.58
1987-05-26,17123.95
1987-05-27,17264.34
1987-05-28,17657.9
1987-05-29,17776.15
1987-06-01,17222.32
1987-06-02,16964.81
1987-06-03,17191.12
1987-06-04,17276.23
1987-06-05,17166.76
1987-06-08,17501.39
1987-06-09,17857.85
1987-06-10,17955.81
1987-06-11,17881.95
1987-06-12,18008.16
1987-06-15,17858.43
1987-06-16,17775.4
1987-06-17,18115.34
1987-06-18,18363.54
1987-06-19,18296.47
1987-06-22,18359.05
1987-06-23,18244.24
1987-06-24,18251.62
1987-06-25,18137.22
1987-06-26,18078.26
1987-06-29,18004.31
1987-06-30,17722.91
1987-07-01,17760.72
1987-07-02,17925.6
1987-07-06,17665.56
1987-07-07,17420.6
1987-07-08,17346.38
1987-07-09,17450.07
1987-07-10,17587.51
1987-07-13,17894.98
1987-07-14,18748.37
1987-07-15,18719.48
1987-07-16,18938.32
1987-07-17,18899.46
1987-07-20,18505.5
1987-07-21,18371.69
1987-07-22,18449.58
1987-07-23,18037.79
1987-07-24,18320.24
1987-07-27,18344.74
1987-07-28,18445.25
1987-07-29,18623.98
1987-07-30,18969.92
1987-07-31,18923.22
1987-08-03,18703.06
1987-08-04,18819.59
1987-08-05,19268.92
1987-08-06,19966.45
1987-08-07,20328.04
1987-08-10,20780.56
1987-08-11,21250.11
1987-08-12,20972.04
1987-08-13,20845.77
1987-08-14,20838.99
1987-08-17,20904.74
1987-08-18,20305.71
1987-08-19,20595.95
1987-08-20,21299.31
1987-08-21,21626.88
1987-08-24,21395.93
1987-08-25,21642.18
1987-08-26,21725.09
1987-08-27,21608.83
1987-08-28,21234.45
1987-08-31,21375.82
1987-09-01,20822.07
1987-09-02,20581.79
1987-09-03,20430.96
1987-09-04,20234.88
1987-09-08,19402.94
1987-09-09,19726.27
1987-09-10,20416.18
1987-09-11,20650.04
1987-09-14,20400.75
1987-09-15,19814.83
1987-09-16,19621.82
1987-09-17,19763.33
1987-09-18,19682.32
1987-09-21,18812.75
1987-09-22,19601.41
1987-09-23,20108.04
1987-09-24,20213.33
1987-09-25,20301.15
1987-09-28,20196.94
1987-09-29,20094.67
1987-09-30,20352.55
1987-10-01,21179.04
1987-10-02,21999.7
1987-10-05,21650.31
1987-10-06,20810.01
1987-10-07,20566.74
1987-10-08,19911.23
1987-10-09,19677.22
1987-10-12,19118.14
1987-10-13,19417.67
1987-10-14,18690.83
1987-10-15,17843.6
1987-10-16,16029.37
1987-10-19,11190.64
1987-10-20,9505.92
1987-10-21,11460.12
1987-10-22,10187.35
1987-10-23,9563.14
1987-10-26,7325.24
1987-10-27,7487.01
1987-10-28,7639.08
1987-10-29,9125.87
1987-10-30,9892.31
1987-11-02,10168.63
1987-11-03,9489.44
1987-11-04,9591.25
1987-11-05,10248.2
1987-11-06,9930.13
1987-11-09,9374.61
1987-11-10,8981.24
1987-11-11,9233.83
1987-11-12,9784.31
1987-11-13,9534.28
1987-11-16,9467.88
1987-11-17,8965.29
1987-11-18,9121.09
1987-11-19,8642.02
1987-11-20,8612.25
1987-11-23,8731.7
1987-11-24,9076.06
1987-11-25,9115.77
1987-11-27,8905.34
1987-11-30,8129.48
1987-12-01,8130.29
1987-12-02,8222.41
1987-12-03,7622.46
1987-12-04,7332.14
1987-12-07,7634.37
1987-12-08,8037.82
1987-12-09,8396.26
1987-12-10,8303.39
1987-12-11,8397.44
1987-12-14,9146.63
1987-12-15,9245.18
1987-12-16,9767.56
1987-12-17,9615.7
1987-12-18,10233.47
1987-12-21,10398.07
1987-12-22,10333.37
1987-12-23,10662.15
1987-12-24,10676.24
1987-12-28,9942.46
1987-12-29,10142.07
1987-12-30,10525.16
1987-12-31,10383.82
1988-01-04,11119.2
1988-01-05,11454.78
1988-01-06,11715.93
1988-01-07,12067.37
1988-01-08,10559.83
1988-01-11,10648.45
1988-01-12,10221.41
1988-01-13,10194.47
1988-01-14,10255.34
1988-01-15,10750.15
1988-01-18,10640.32
1988-01-19,10500.27
1988-01-20,9760.51
1988-01-21,9818.82
1988-01-22,9995.45
1988-01-25,10343.15
1988-01-26,10098.74
1988-01-27,10121.55
1988-01-28,10408.7
1988-01-29,10599.4
1988-02-01,10527.92
1988-02-02,10570.94
1988-02-03,10249.74
1988-02-04,10351.22
1988-02-05,10430.8
1988-02-08,10410.31
1988-02-09,10545.7
1988-02-10,10981.99
1988-02-11,11076
1988-02-12,11205.69
1988-02-16,11420.7
1988-02-17,11454.22
1988-02-18,11442.26
1988-02-19,11620.82
1988-02-22,12052.46
1988-02-23,12201.56
1988-02-24,12367.29
1988-02-25,12120.98
1988-02-26,12098.68
1988-02-29,12376.96
1988-03-01,12371.54
1988-03-02,12724.48
1988-03-03,12920.97
1988-03-04,13047.21
1988-03-07,13201.96
1988-03-08,13369.5
1988-03-09,13604.89
1988-03-10,13180.13
1988-03-11,13094.68
1988-03-14,13284.78
1988-03-15,13147.11
1988-03-16,13454.12
1988-03-17,13572.2
1988-03-18,13536.5
1988-03-21,13213.72
1988-03-22,13373.56
1988-03-23,13256.24
1988-03-24,12587.87
1988-03-25,12313.02
1988-03-28,12303.37
1988-03-29,12416.21
1988-03-30,12193.43
1988-03-31,12349.52
1988-04-04,12081.8
1988-04-05,12287.87
1988-04-06,12809.51
1988-04-07,12911.15
1988-04-08,13139.89
1988-04-11,13283.92
1988-04-12,13303.22
1988-04-13,13340.3
1988-04-14,12284.31
1988-04-15,12260.4
1988-04-18,12315.85
1988-04-19,12425.34
1988-04-20,12219.95
1988-04-21,12092.92
1988-04-22,12264.66
1988-04-25,12413.44
1988-04-26,12743.91
1988-04-27,12806.06
1988-04-28,12732.33
1988-04-29,12611.36
1988-05-02,12726.21
1988-05-03,13046.15
1988-05-04,12988.25
1988-05-05,12845.81
1988-05-06,12769.27
1988-05-09,12440.61
1988-05-10,12349.51
1988-05-11,11846.52
1988-05-12,11968.73
1988-05-13,12261.59
1988-05-16,12419.55
1988-05-17,12284.8
1988-05-18,11746.01
1988-05-19,11750.32
1988-05-20,11682.85
1988-05-23,11372.11
1988-05-24,11579.9
1988-05-25,11548.55
1988-05-26,11659.23
1988-05-27,11619.43
1988-05-31,12129.16
1988-06-01,12592.39
1988-06-02,12555.19
1988-06-03,12771.38
1988-06-06,13017.98
1988-06-07,13014.86
1988-06-08,13480.9
1988-06-09,13442.32
1988-06-10,13725.91
1988-06-13,13721.01
1988-06-14,13870.68
1988-06-15,13913.38
1988-06-16,13669.18
1988-06-17,13581.31
1988-06-20,13465.65
1988-06-21,13696.04
1988-06-22,14015.82
1988-06-23,14040.78
1988-06-24,14061.25
1988-06-27,13721.45
1988-06-28,14171.57
1988-06-29,14104.56
1988-06-30,14286.87
1988-07-01,14422.21
1988-07-05,14713.03
1988-07-06,14480.75
1988-07-07,14315.81
1988-07-08,14124.73
1988-07-11,14050.58
1988-07-12,13978.2
1988-07-13,14104.45
1988-07-14,14183.23
1988-07-15,14152.41
1988-07-18,14189.18
1988-07-19,13731.51
1988-07-20,13648.14
1988-07-21,13224.61
1988-07-22,13139.95
1988-07-25,13096.05
1988-07-26,12820.04
1988-07-27,12481.66
1988-07-28,12596.65
1988-07-29,13007.59
1988-08-01,13042.95
1988-08-02,12907.31
1988-08-03,12979.81
1988-08-04,12990.82
1988-08-05,12802.51
1988-08-08,12785
1988-08-09,12419.12
1988-08-10,11771.42
1988-08-11,12032.77
1988-08-12,11906.9
1988-08-15,11400.58
1988-08-16,11739.36
1988-08-17,11770.25
1988-08-18,11852.88
1988-08-19,11747.29
1988-08-22,11347.21
1988-08-23,11302.91
1988-08-24,11613.3
1988-08-25,11415.68
1988-08-26,11471.55
1988-08-29,11706.01
1988-08-30,11648.71
1988-08-31,11459.09
1988-09-01,11082.06
1988-09-02,11505.97
1988-09-06,11564.72
1988-09-07,11580.67
1988-09-08,11694.68
1988-09-09,12029.62
1988-09-12,12040.09
1988-09-13,12073.9
1988-09-14,12221.72
1988-09-15,12000.15
1988-09-16,12165.26
1988-09-19,12086.27
1988-09-20,12177.77
1988-09-21,12310.62
1988-09-22,12370.92
1988-09-23,12253.74
1988-09-26,12028.04
1988-09-27,12013.81
1988-09-28,12181.37
1988-09-29,12418.76
1988-09-30,12490.2
1988-10-03,12126.09
1988-10-04,12052.89
1988-10-05,11989.36
1988-10-06,12036.5
1988-10-07,11999.05
1988-10-10,11849.87
1988-10-11,11938.74
1988-10-12,11616
1988-10-13,11819.36
1988-10-14,11886.5
1988-10-17,11937.42
1988-10-18,12097.1
1988-10-19,12092.23
1988-10-20,12549.34
1988-10-21,12456.8
1988-10-24,12267.6
1988-10-25,12123.95
1988-10-26,11975.75
1988-10-27,11689.96
1988-10-28,11765.9
1988-10-31,11747.83
1988-11-01,11717.69
1988-11-02,11635.12
1988-11-03,11662.66
1988-11-04,11565.77
1988-11-07,11265.38
1988-11-08,11577.89
1988-11-09,11540.07
1988-11-10,11506.33
1988-11-11,10965.33
1988-11-14,10924.49
1988-11-15,10808.97
1988-11-16,10474.67
1988-11-17,10556.65
1988-11-18,10593.19
1988-11-21,10243
1988-11-22,10306.5
1988-11-23,10658.67
1988-11-25,10467.04
1988-11-28,10498.23
1988-11-29,10642.1
1988-11-30,10895.06
1988-12-01,11166.33
1988-12-02,11199.63
1988-12-05,11355.65
1988-12-06,11503.52
1988-12-07,11344.26
1988-12-08,11213.73
1988-12-09,11197.53
1988-12-12,11104.4
1988-12-13,10988.41
1988-12-14,11064.08
1988-12-15,11156.67
1988-12-16,11462.79
1988-12-19,11639.84
1988-12-20,11592.57
1988-12-21,11533.53
1988-12-22,11541.99
1988-12-23,11649.57
1988-12-27,11593.04
1988-12-28,11576.1
1988-12-29,11775.87
1988-12-30,11868.24
1989-01-03,11491.14
1989-01-04,11871.78
1989-01-05,11857.46
1989-01-06,11856.5
1989-01-09,11868.82
1989-01-10,11784.95
1989-01-11,11850.53
1989-01-12,12033.68
1989-01-13,12042.05
1989-01-16,12050.42
1989-01-17,11761.48
1989-01-18,11963.75
1989-01-19,12215.92
1989-01-20,12177
1989-01-23,11886.89
1989-01-24,12144.68
1989-01-25,12325.48
1989-01-26,12651.49
1989-01-27,12582.86
1989-01-30,12747.53
1989-01-31,12975.31
1989-02-01,13234.3
1989-02-02,13439.53
1989-02-03,13448.02
1989-02-06,13371.57
1989-02-07,13731.56
1989-02-08,13438.19
1989-02-09,13240.08
1989-02-10,12816.24
1989-02-13,12838.34
1989-02-14,12794.15
1989-02-15,13033.96
1989-02-16,13085.36
1989-02-17,13175.87
1989-02-21,13122.66
1989-02-22,12780.6
1989-02-23,12872.64
1989-02-24,12607.28
1989-02-27,12494.99
1989-02-28,12486.61
1989-03-01,12480.97
1989-03-02,12702.15
1989-03-03,12744.42
1989-03-06,12970.52
1989-03-07,12854.1
1989-03-08,12785.98
1989-03-09,12656.6
1989-03-10,12603.09
1989-03-13,12717.3
1989-03-14,12639.06
1989-03-15,12636.07
1989-03-16,12870.33
1989-03-17,12160.24
1989-03-20,11870.12
1989-03-21,12149.84
1989-03-22,11950.63
1989-03-23,12004.74
1989-03-27,12013.87
1989-03-28,12122.49
1989-03-29,12294.17
1989-03-30,12426.72
1989-03-31,12623.33
1989-04-03,12612.15
1989-04-04,12565.89
1989-04-05,12636.35
1989-04-06,12645.57
1989-04-07,12938.68
1989-04-10,13053.69
1989-04-11,13272.64
1989-04-12,13491.92
1989-04-13,13386.31
1989-04-14,13772.46
1989-04-17,13760.54
1989-04-18,14071.2
1989-04-19,14241.62
1989-04-20,14174.76
1989-04-21,14341.88
1989-04-24,14256.04
1989-04-25,14095.75
1989-04-26,14090.81
1989-04-27,14415.9
1989-04-28,14539.41
1989-05-01,14573.45
1989-05-02,14566.86
1989-05-03,14681.99
1989-05-04,14748.14
1989-05-05,14938.47
1989-05-08,14872.98
1989-05-09,14815
1989-05-10,14855.12
1989-05-11,14921.64
1989-05-12,15450.24
1989-05-15,15702.83
1989-05-16,15598.06
1989-05-17,15962.46
1989-05-18,16005.26
1989-05-19,16233.18
1989-05-22,16189.28
1989-05-23,15916.75
1989-05-24,16115.15
1989-05-25,16237.15
1989-05-26,16474.01
1989-05-30,16336.01
1989-05-31,16473.51
1989-06-01,16627.31
1989-06-02,16959.21
1989-06-05,16267.99
1989-06-06,16413.27
1989-06-07,17245.12
1989-06-08,17160.73
1989-06-09,17059.44
1989-06-12,17022.44
1989-06-13,16694.29
1989-06-14,16705.67
1989-06-15,16147.84
1989-06-16,16098.33
1989-06-19,16011.13
1989-06-20,15817.12
1989-06-21,15790.67
1989-06-22,15979.8
1989-06-23,16279.97
1989-06-26,16175.57
1989-06-27,16216.91
1989-06-28,15774.61
1989-06-29,15124.84
1989-06-30,14799.2
1989-07-03,14920.03
1989-07-05,15044.21
1989-07-06,15227.18
1989-07-07,15500.77
1989-07-10,15457.18
1989-07-11,15540.65
1989-07-12,15671.5
1989-07-13,15755.42
1989-07-14,15955.81
1989-07-17,16079.38
1989-07-18,15717.42
1989-07-19,16042.35
1989-07-20,15657.02
1989-07-21,15617.71
1989-07-24,15203.73
1989-07-25,15181.22
1989-07-26,15450.84
1989-07-27,15863.97
1989-07-28,15917.03
1989-07-31,16079.19
1989-08-01,16072.51
1989-08-02,15849.81
1989-08-03,16099.39
1989-08-04,16179.75
1989-08-07,16717.52
1989-08-08,16858.82
1989-08-09,16563.13
1989-08-10,16490.81
1989-08-11,16315.54
1989-08-14,16082.42
1989-08-15,16234.29
1989-08-16,16077.08
1989-08-17,16261.95
1989-08-18,16340.97
1989-08-21,15952.65
1989-08-22,16123.3
1989-08-23,16432.18
1989-08-24,16865.01
1989-08-25,16922.25
1989-08-28,17013.31
1989-08-29,16828.03
1989-08-30,16989.13
1989-08-31,17074.17
1989-09-01,17299.35
1989-09-05,17303.01
1989-09-06,17000.05
1989-09-07,16920.86
1989-09-08,17137.18
1989-09-11,17176.23
1989-09-12,17378.65
1989-09-13,17417.95
1989-09-14,17068
1989-09-15,16991.79
1989-09-18,16952.57
1989-09-19,16974.58
1989-09-20,17023.75
1989-09-21,17529.72
1989-09-22,17247.41
1989-09-25,17240.15
1989-09-26,17229.83
1989-09-27,17213.37
1989-09-28,17581.37
1989-09-29,17598.71
1989-10-02,17855.53
1989-10-03,17946.64
1989-10-04,18277.99
1989-10-05,18403.32
1989-10-06,18819.77
1989-10-09,19192.52
1989-10-10,19072.72
1989-10-11,18903.27
1989-10-12,18807.07
1989-10-13,17214.86
1989-10-16,17250.84
1989-10-17,17138.02
1989-10-18,17479.53
1989-10-19,18244.05
1989-10-20,18161
1989-10-23,17793.62
1989-10-24,17385.03
1989-10-25,17368.74
1989-10-26,16737.95
1989-10-27,16245.72
1989-10-30,16273.25
1989-10-31,16793.93
1989-11-01,16891.04
1989-11-02,16300.2
1989-11-03,16235.63
1989-11-06,15655.37
1989-11-07,16007
1989-11-08,16400.74
1989-11-09,16435.96
1989-11-10,16709.58
1989-11-13,16736.02
1989-11-14,16522.05
1989-11-15,16660.12
1989-11-16,16557.58
1989-11-17,16689.95
1989-11-20,16800.29
1989-11-21,16695.86
1989-11-22,16819.72
1989-11-24,16995.19
1989-11-27,16808.5
1989-11-28,16792.65
1989-11-29,16772.12
1989-11-30,16906.47
1989-12-01,17030.82
1989-12-04,17237.2
1989-12-05,17320.06
1989-12-06,16833.17
1989-12-07,16916.61
1989-12-08,16800.03
1989-12-11,16227.97
1989-12-12,15860.55
1989-12-13,15868.77
1989-12-14,15635.25
1989-12-15,15309.58
1989-12-18,14833.03
1989-12-19,14874.98
1989-12-20,15157.9
1989-12-21,15577.1
1989-12-22,15772.82
1989-12-26,15765.16
1989-12-27,16330.76
1989-12-28,16325.11
1989-12-29,16651.99
1990-01-02,17222.64
1990-01-03,16970.85
1990-01-04,16757.09
1990-01-05,16515
1990-01-08,16567.81
1990-01-09,16211.57
1990-01-10,15528.13
1990-01-11,15083.33
1990-01-12,14412.04
1990-01-15,14245
1990-01-16,14828.13
1990-01-17,14639.06
1990-01-18,14629.24
1990-01-19,15087.7
1990-01-22,14256.67
1990-01-23,14171.7
1990-01-24,14066.41
1990-01-25,13928.98
1990-01-26,13581.09
1990-01-29,13416.81
1990-01-30,12827.31
1990-01-31,13377.85
1990-02-01,13518.42
1990-02-02,13856.75
1990-02-05,13968.67
1990-02-06,13771.18
1990-02-07,13999.56
1990-02-08,14053.74
1990-02-09,14217.85
1990-02-12,13991.43
1990-02-13,14029.33
1990-02-14,14140.38
1990-02-15,14389.05
1990-02-16,14166.93
1990-02-20,13714.04
1990-02-21,13667.18
1990-02-22,13587.11
1990-02-23,13262.46
1990-02-26,13630.62
1990-02-27,13778.54
1990-02-28,14058.43
1990-03-01,14213.89
1990-03-02,14540.11
1990-03-05,14376.4
1990-03-06,14448.76
1990-03-07,14333.49
1990-03-08,14730.32
1990-03-09,14822.74
1990-03-12,14776.78
1990-03-13,14491.5
1990-03-14,14595.54
1990-03-15,14750.74
1990-03-16,15364.15
1990-03-19,15627.49
1990-03-20,15203.51
1990-03-21,15046.11
1990-03-22,14578.81
1990-03-23,14840.68
1990-03-26,15104.79
1990-03-27,15242.7
1990-03-28,14782.58
1990-03-29,14622.22
1990-03-30,14622.02
1990-04-02,14550.45
1990-04-03,15111.29
1990-04-04,14919.97
1990-04-05,14717.52
1990-04-06,14493.18
1990-04-09,14439.83
1990-04-10,14584.03
1990-04-11,14757.62
1990-04-12,14959.69
1990-04-16,15077.12
1990-04-17,15011.42
1990-04-18,14540.93
1990-04-19,14224.19
1990-04-20,13915.15
1990-04-23,13510.89
1990-04-24,13391.36
1990-04-25,13493.46
1990-04-26,13514.51
1990-04-27,13232.18
1990-04-30,13505.13
1990-05-01,13661.41
1990-05-02,13849.09
1990-05-03,14054.99
1990-05-04,14400.13
1990-05-07,14708.69
1990-05-08,14722.18
1990-05-09,14752.11
1990-05-10,14935.41
1990-05-11,15491.76
1990-05-14,15902.34
1990-05-15,15985.64
1990-05-16,16071.08
1990-05-17,16280.48
1990-05-18,16542.86
1990-05-21,17073.63
1990-05-22,17158.21
1990-05-23,17626.15
1990-05-24,17764.16
1990-05-25,17033.31
1990-05-29,17560.74
1990-05-30,17630.3
1990-05-31,17593.66
1990-06-01,17844.61
1990-06-04,18172.25
1990-06-05,17821.6
1990-06-06,17847.7
1990-06-07,17738.83
1990-06-08,17335.91
1990-06-11,17657.11
1990-06-12,18121.25
1990-06-13,18408.3
1990-06-14,18165.4
1990-06-15,18199.13
1990-06-18,17576.81
1990-06-19,17580.4
1990-06-20,17652.31
1990-06-21,17770.45
1990-06-22,17403.92
1990-06-25,16979.29
1990-06-26,16977.04
1990-06-27,17263.36
1990-06-28,17618.11
1990-06-29,17767.08
1990-07-02,17754.17
1990-07-03,17713
1990-07-05,17573.72
1990-07-06,17740.17
1990-07-09,17901.37
1990-07-10,17753.92
1990-07-11,18062.64
1990-07-12,18453.21
1990-07-13,18644.73
1990-07-16,18857.06
1990-07-17,18137.55
1990-07-18,17633.58
1990-07-19,17357.47
1990-07-20,16769.42
1990-07-23,16032.98
1990-07-24,15901.42
1990-07-25,16213.99
1990-07-26,15986.71
1990-07-27,15759.74
1990-07-30,15514.91
1990-07-31,15434.2
1990-08-01,15392.42
1990-08-02,14813.97
1990-08-03,13946.47
1990-08-06,12479.64
1990-08-07,12623.59
1990-08-08,12982.5
1990-08-09,13425.93
1990-08-10,13048.49
1990-08-13,13194.04
1990-08-14,13299.68
1990-08-15,13317.5
1990-08-16,12509.89
1990-08-17,11843.04
1990-08-20,11388.5
1990-08-21,10812.13
1990-08-22,10435.46
1990-08-23,9673.39
1990-08-24,10394.59
1990-08-27,11402.17
1990-08-28,11508.35
1990-08-29,11267.82
1990-08-30,11007.71
1990-08-31,11338.3
1990-09-04,11466.29
1990-09-05,11350.67
1990-09-06,10978.51
1990-09-07,11104.44
1990-09-10,11198.62
1990-09-11,10999.05
1990-09-12,11153.86
1990-09-13,10844.63
1990-09-14,10817.72
1990-09-17,10822.76
1990-09-18,10799.33
1990-09-19,10720.47
1990-09-20,10171.19
1990-09-21,10081.03
1990-09-24,9460.79
1990-09-25,9788.43
1990-09-26,9649.21
1990-09-27,9078.78
1990-09-28,9374.51
1990-10-01,10184.13
1990-10-02,10200
1990-10-03,9708.26
1990-10-04,9596.91
1990-10-05,9472.39
1990-10-08,9595.14
1990-10-09,8957.68
1990-10-10,8525.03
1990-10-11,8091.21
1990-10-12,8238.05
1990-10-15,8494.84
1990-10-16,8104.39
1990-10-17,8275.78
1990-10-18,8778.29
1990-10-19,9003.12
1990-10-22,9406.01
1990-10-23,9385.64
1990-10-24,9389.49
1990-10-25,9267.05
1990-10-26,8936.45
1990-10-29,8680.75
1990-10-30,8803.9
1990-10-31,8755.25
1990-11-01,8784.4
1990-11-02,9186.56
1990-11-05,9556.05
1990-11-06,9531.31
1990-11-07,9191.51
1990-11-08,9253.54
1990-11-09,9721.92
1990-11-12,10404.41
1990-11-13,10533.94
1990-11-14,10814.73
1990-11-15,10484.67
1990-11-16,9973.01
1990-11-19,10193.67
1990-11-20,9783.41
1990-11-21,9847.14
1990-11-23,9880.01
1990-11-26,9966.5
1990-11-27,10400.07
1990-11-28,10452.49
1990-11-29,10605.19
1990-11-30,10773.4
1990-12-03,10978.63
1990-12-04,11095.46
1990-12-05,11480.66
1990-12-06,11529.67
1990-12-07,11508.34
1990-12-10,11515.94
1990-12-11,11179.47
1990-12-12,11342.77
1990-12-13,11338.84
1990-12-14,11117.32
1990-12-17,10992.09
1990-12-18,11461.59
1990-12-19,11589.98
1990-12-20,11713.23
1990-12-21,11853.43
1990-12-24,11670.82
1990-12-26,11590.61
1990-12-27,11422.97
1990-12-28,11448.71
1990-12-31,11573.01
1991-01-02,11479.85
1991-01-03,11089.73
1991-01-04,11133.66
1991-01-07,10624.54
1991-01-08,10592.72
1991-01-09,10545.54
1991-01-10,11025.1
1991-01-11,11033.92
1991-01-14,10758.09
1991-01-15,10928.86
1991-01-16,11777.92
1991-01-17,12505.35
1991-01-18,12769.45
1991-01-21,13112.3
1991-01-22,12813.99
1991-01-23,13274.6
1991-01-24,13755.66
1991-01-25,13904.68
1991-01-28,14054.43
1991-01-29,14331.67
1991-01-30,14941.09
1991-01-31,15345.9
1991-02-01,15607.93
1991-02-04,15925.48
1991-02-05,16551.77
1991-02-06,17300.91
1991-02-07,16787.15
1991-02-08,16925.46
1991-02-11,17590.4
1991-02-12,17428.4
1991-02-13,17723.63
1991-02-14,17045.56
1991-02-15,17422.27
1991-02-19,17763.53
1991-02-20,17325.46
1991-02-21,17192.71
1991-02-22,17435.4
1991-02-25,17627.72
1991-02-26,17308.01
1991-02-27,17569.53
1991-02-28,17619.93
1991-03-01,17934.32
1991-03-04,18069.47
1991-03-05,19319.04
1991-03-06,19455.86
1991-03-07,19658.26
1991-03-08,19399.68
1991-03-11,18260.28
1991-03-12,17609.43
1991-03-13,18503.45
1991-03-14,18313.79
1991-03-15,18142.33
1991-03-18,18279.46
1991-03-19,18019.39
1991-03-20,18331.6
1991-03-21,17879.36
1991-03-22,17775.11
1991-03-25,18264.46
1991-03-26,19528.57
1991-03-27,19801.64
1991-03-28,19549.06
1991-04-01,19498.64
1991-04-02,20855.82
1991-04-03,21047.38
1991-04-04,21368.39
1991-04-05,21077.04
1991-04-08,21103.07
1991-04-09,20682.21
1991-04-10,20391.42
1991-04-11,21497.54
1991-04-12,21607.58
1991-04-15,21460.33
1991-04-16,22030.79
1991-04-17,22235.26
1991-04-18,21349.91
1991-04-19,20762.67
1991-04-22,20350.44
1991-04-23,20467.52
1991-04-24,20822.6
1991-04-25,20425.15
1991-04-26,20320.09
1991-04-29,19541.21
1991-04-30,19169.82
1991-05-01,19247.14
1991-05-02,19575.22
1991-05-03,19657.79
1991-05-06,19684.53
1991-05-07,19519.85
1991-05-08,19649.2
1991-05-09,20242.28
1991-05-10,19858.95
1991-05-13,19894.66
1991-05-14,19459.95
1991-05-15,18287.01
1991-05-16,18647.3
1991-05-17,18609.06
1991-05-20,18340.8
1991-05-21,18708.61
1991-05-22,19339.24
1991-05-23,19550.7
1991-05-24,19884.75
1991-05-28,20451.47
1991-05-29,20592.25
1991-05-30,21018.65
1991-05-31,21279.39
1991-06-03,21569.09
1991-06-04,21591.95
1991-06-05,21008.14
1991-06-06,20523.43
1991-06-07,19972.75
1991-06-10,19643.69
1991-06-11,19765.44
1991-06-12,19178.49
1991-06-13,19100.71
1991-06-14,19529.57
1991-06-17,19490.32
1991-06-18,19180.25
1991-06-19,18421.94
1991-06-20,18457.73
1991-06-21,18412.82
1991-06-24,17077.57
1991-06-25,17088.95
1991-06-26,17281.55
1991-06-27,17659.88
1991-06-28,17507.47
1991-07-01,18181.15
1991-07-02,17750.53
1991-07-03,17238.1
1991-07-05,17170.37
1991-07-08,18113.95
1991-07-09,18353.6
1991-07-10,18720.15
1991-07-11,18788.69
1991-07-12,19296.04
1991-07-15,19501.07
1991-07-16,18854.31
1991-07-17,18692.07
1991-07-18,19092.64
1991-07-19,19186.18
1991-07-22,18808.36
1991-07-23,18088.65
1991-07-24,17879.92
1991-07-25,18337.98
1991-07-26,18756.81
1991-07-29,18809.65
1991-07-30,19469.61
1991-07-31,19874.63
1991-08-01,20174.15
1991-08-02,20349.41
1991-08-05,19854.57
1991-08-06,20225.4
1991-08-07,20484.22
1991-08-08,20807.32
1991-08-09,20710.48
1991-08-12,21017.4
1991-08-13,21344.5
1991-08-14,21680.13
1991-08-15,21229.28
1991-08-16,20876.9
1991-08-19,19743.31
1991-08-20,20063.08
1991-08-21,21792.56
1991-08-22,21557.88
1991-08-23,21886.78
1991-08-26,21869.99
1991-08-27,21874.59
1991-08-28,22343.04
1991-08-29,22138.08
1991-08-30,21949.44
1991-09-03,21474.22
1991-09-04,21087.36
1991-09-05,20921.3
1991-09-06,20799.3
1991-09-09,20998.57
1991-09-10,20252.39
1991-09-11,20726.07
1991-09-12,21594.92
1991-09-13,20674.1
1991-09-16,20530.81
1991-09-17,20454.34
1991-09-18,20882.76
1991-09-19,21244.22
1991-09-20,21706.21
1991-09-23,21433.87
1991-09-24,21801.35
1991-09-25,22044.4
1991-09-26,21875.21
1991-09-27,21568.58
1991-09-30,21803.97
1991-10-01,21923.96
1991-10-02,21414.93
1991-10-03,20710.56
1991-10-04,20719.95
1991-10-07,20475.19
1991-10-08,20635.77
1991-10-09,20113.09
1991-10-10,20487.55
1991-10-11,20831.72
1991-10-14,21665.61
1991-10-15,22586.07
1991-10-16,23247.72
1991-10-17,22430.79
1991-10-18,22524.63
1991-10-21,22172.87
1991-10-22,22156.35
1991-10-23,21931.11
1991-10-24,21364.48
1991-10-25,20953.51
1991-10-28,21457.48
1991-10-29,22006.4
1991-10-30,22705.34
1991-10-31,22357.32
1991-11-01,21969.45
1991-11-04,21500.18
1991-11-05,21810.88
1991-11-06,21862.82
1991-11-07,22378.67
1991-11-08,22781.29
1991-11-11,23130.37
1991-11-12,23762.96
1991-11-13,23894.24
1991-11-14,23607.43
1991-11-15,21009.01
1991-11-18,21604.85
1991-11-19,20970.72
1991-11-20,21085.09
1991-11-21,21584.18
1991-11-22,21236.41
1991-11-25,20740.13
1991-11-26,20899.44
1991-11-27,21056.5
1991-11-29,20986.32
1991-12-02,22328.07
1991-12-03,22324.06
1991-12-04,22496.39
1991-12-05,22372.03
1991-12-06,22641.97
1991-12-09,22580.1
1991-12-10,22658.92
1991-12-11,22427.21
1991-12-12,22899.62
1991-12-13,23409.26
1991-12-16,23666.25
1991-12-17,23014.06
1991-12-18,23121.16
1991-12-19,22331.62
1991-12-20,22522.4
1991-12-23,23656.37
1991-12-24,24240.82
1991-12-26,25277.1
1991-12-27,25769.59
1991-12-30,27386.13
1991-12-31,28070.87
1992-01-02,28490.11
1992-01-03,28731.84
1992-01-06,29080.96
1992-01-07,29549.95
1992-01-08,30351.81
1992-01-09,31408.28
1992-01-10,30826.07
1992-01-13,31023.82
1992-01-14,31788.75
1992-01-15,32324.7
1992-01-16,31650.71
1992-01-17,31248.85
1992-01-20,29827.46
1992-01-21,28094.93
1992-01-22,30525.76
1992-01-23,30475.02
1992-01-24,30359.41
1992-01-27,29479.31
1992-01-28,29537.12
1992-01-29,28913.94
1992-01-30,29576.43
1992-01-31,29070.36
1992-02-03,29591.79
1992-02-04,30546.16
1992-02-05,31233.3
1992-02-06,30907.86
1992-02-07,30501.22
1992-02-10,30218.66
1992-02-11,30065.31
1992-02-12,32080.87
1992-02-13,30961.98
1992-02-14,30403.1
1992-02-18,28967.96
1992-02-19,28877.28
1992-02-20,30113.05
1992-02-21,29594.05
1992-02-24,28994.78
1992-02-25,28880.89
1992-02-26,30493.32
1992-02-27,30413.26
1992-02-28,30142.25
1992-03-02,30266.18
1992-03-03,30097.32
1992-03-04,29378.95
1992-03-05,28669.12
1992-03-06,27895.24
1992-03-09,27941.26
1992-03-10,29110.77
1992-03-11,28203.21
1992-03-12,28160.26
1992-03-13,28430.32
1992-03-16,28728.14
1992-03-17,29511.7
1992-03-18,29455.04
1992-03-19,29434.92
1992-03-20,29140.08
1992-03-23,28821.04
1992-03-24,28815.09
1992-03-25,28572.76
1992-03-26,27830.4
1992-03-27,26308.32
1992-03-30,25999.32
1992-03-31,26106.65
1992-04-01,26240.67
1992-04-02,25222.32
1992-04-03,25012.16
1992-04-06,26298.66
1992-04-07,24413.24
1992-04-08,24080.55
1992-04-09,25422.05
1992-04-10,24375.03
1992-04-13,25018.06
1992-04-14,25549.49
1992-04-15,26424
1992-04-16,25311.65
1992-04-20,23505.14
1992-04-21,23156.76
1992-04-22,23744.61
1992-04-23,23429.98
1992-04-24,22860.04
1992-04-27,22229.3
1992-04-28,21480.23
1992-04-29,22693.54
1992-04-30,23419.9
1992-05-01,23357.36
1992-05-04,23843.32
1992-05-05,24461.6
1992-05-06,24509.54
1992-05-07,24134.37
1992-05-08,23902.65
1992-05-11,23995.99
1992-05-12,23704.95
1992-05-13,23502.3
1992-05-14,22857.96
1992-05-15,22621.98
1992-05-18,22850.22
1992-05-19,23121.65
1992-05-20,23590.87
1992-05-21,23340.62
1992-05-22,23402.62
1992-05-26,23019.7
1992-05-27,23343.14
1992-05-28,23930.85
1992-05-29,24435.3
1992-06-01,25000.54
1992-06-02,24722.6
1992-06-03,24733.13
1992-06-04,24509.87
1992-06-05,24087.7
1992-06-08,23618.41
1992-06-09,22796.16
1992-06-10,22453.38
1992-06-11,22444.35
1992-06-12,22668.38
1992-06-15,22627.9
1992-06-16,21927.83
1992-06-17,21073.29
1992-06-18,20859.34
1992-06-19,21559.71
1992-06-22,21319.97
1992-06-23,21631.99
1992-06-24,21314.84
1992-06-25,20727.2
1992-06-26,20549.43
1992-06-29,22071.41
1992-06-30,22129.35
1992-07-01,22830
1992-07-02,22057.28
1992-07-06,22276.23
1992-07-07,21367.5
1992-07-08,21550.32
1992-07-09,22216.87
1992-07-10,22306.99
1992-07-13,22619.66
1992-07-14,23248.95
1992-07-15,23265.66
1992-07-16,23545.63
1992-07-17,22673.12
1992-07-20,21912.04
1992-07-21,22587.89
1992-07-22,22001.74
1992-07-23,22192.04
1992-07-24,22324.63
1992-07-27,22086.58
1992-07-28,22801.11
1992-07-29,23296.58
1992-07-30,23417.13
1992-07-31,23405.24
1992-08-03,23680.94
1992-08-04,23422.2
1992-08-05,22741.71
1992-08-06,22437.82
1992-08-07,22249.61
1992-08-10,22380.49
1992-08-11,22123.39
1992-08-12,21891.23
1992-08-13,21933.77
1992-08-14,22069.6
1992-08-17,21795.15
1992-08-18,21799.9
1992-08-19,21486.56
1992-08-20,21643.9
1992-08-21,21099.34
1992-08-24,20384.72
1992-08-25,20573.12
1992-08-26,21149.73
1992-08-27,21611.35
1992-08-28,21559.78
1992-08-31,21574.38
1992-09-01,21961.08
1992-09-02,22624.76
1992-09-03,22858.23
1992-09-04,22590.24
1992-09-08,22494.83
1992-09-09,23111.82
1992-09-10,23826.53
1992-09-11,23879.97
1992-09-14,25306.09
1992-09-15,24560.99
1992-09-16,24334.16
1992-09-17,24452.05
1992-09-18,24550.48
1992-09-21,24444.88
1992-09-22,23678.02
1992-09-23,23905.97
1992-09-24,24163.65
1992-09-25,23046.8
1992-09-28,22691.78
1992-09-29,23097.46
1992-09-30,23469.82
1992-10-01,22843.26
1992-10-02,22151.79
1992-10-05,22045.91
1992-10-06,22662
1992-10-07,22278.36
1992-10-08,22707.85
1992-10-09,22303.38
1992-10-12,22661.54
1992-10-13,22954.32
1992-10-14,22868.07
1992-10-15,23240.51
1992-10-16,23869.43
1992-10-19,24832.51
1992-10-20,24919.07
1992-10-21,25329.43
1992-10-22,25329.8
1992-10-23,25223.04
1992-10-26,25486.77
1992-10-27,24977.71
1992-10-28,25397.47
1992-10-29,26078.74
1992-10-30,25768.63
1992-11-02,25948.76
1992-11-03,25257.66
1992-11-04,25532.31
1992-11-05,26888.15
1992-11-06,27147.4
1992-11-09,27534.57
1992-11-10,28145.99
1992-11-11,28708.44
1992-11-12,28528.52
1992-11-13,28801.86
1992-11-16,28158.57
1992-11-17,27107.83
1992-11-18,28077.9
1992-11-19,28471.12
1992-11-20,28804.65
1992-11-23,27912.95
1992-11-24,28971.73
1992-11-25,28911.89
1992-11-27,28848.91
1992-11-30,29115.98
1992-12-01,29394.52
1992-12-02,29206.14
1992-12-03,29736.14
1992-12-04,30336.35
1992-12-07,30911.92
1992-12-08,30691.64
1992-12-09,30216.15
1992-12-10,29661.97
1992-12-11,29043.13
1992-12-14,28791.52
1992-12-15,28380.98
1992-12-16,28704.95
1992-12-17,29999.8
1992-12-18,30169.86
1992-12-21,30407.41
1992-12-22,29777.73
1992-12-23,29916.19
1992-12-24,30089.16
1992-12-28,30336.13
1992-12-29,30457.99
1992-12-30,30475.29
1992-12-31,30512.84
1993-01-04,29859.66
1993-01-05,30502.67
1993-01-06,31636.38
1993-01-07,31122
1993-01-08,31376.67
1993-01-11,32275.94
1993-01-12,31765.7
1993-01-13,33131.53
1993-01-14,34093.8
1993-01-15,33712.52
1993-01-18,33621.47
1993-01-19,33128.79
1993-01-20,33071.26
1993-01-21,33701.03
1993-01-22,33425.39
1993-01-25,33992.87
1993-01-26,33687.37
1993-01-27,32479.4
1993-01-28,32135.67
1993-01-29,32111.08
1993-02-01,32957.94
1993-02-02,33296.14
1993-02-03,33130.89
1993-02-04,32722.13
1993-02-05,31798.65
1993-02-08,31229.71
1993-02-09,30749.73
1993-02-10,31481.7
1993-02-11,31310.07
1993-02-12,30426.15
1993-02-16,28010.98
1993-02-17,27847.82
1993-02-18,28224.68
1993-02-19,28161.66
1993-02-22,26931.42
1993-02-23,27067.76
1993-02-24,28473.57
1993-02-25,28719.14
1993-02-26,28627.45
1993-03-01,28289.15
1993-03-02,29436.41
1993-03-03,30050.8
1993-03-04,29305.87
1993-03-05,29307.43
1993-03-08,29940.3
1993-03-09,29928.54
1993-03-10,30233.25
1993-03-11,30308.42
1993-03-12,30455.81
1993-03-15,30730.9
1993-03-16,30606.22
1993-03-17,29261.9
1993-03-18,29230.53
1993-03-19,28577.75
1993-03-22,28224.96
1993-03-23,28013.42
1993-03-24,28068.27
1993-03-25,29008.93
1993-03-26,28720.69
1993-03-29,28513.39
1993-03-30,29532.61
1993-03-31,29807.25
1993-04-01,28959.18
1993-04-02,26803.02
1993-04-05,27352.9
1993-04-06,26689.64
1993-04-07,27410.86
1993-04-08,26829.74
1993-04-12,27995.43
1993-04-13,27486.92
1993-04-14,27580.73
1993-04-15,27163.51
1993-04-16,26645.63
1993-04-19,26142.1
1993-04-20,26385.69
1993-04-21,26558.66
1993-04-22,26285.6
1993-04-23,25532.64
1993-04-26,24551.85
1993-04-27,25646.2
1993-04-28,26417.61
1993-04-29,26307.38
1993-04-30,26453.43
1993-05-03,27230.14
1993-05-04,28537.44
1993-05-05,28867.1
1993-05-06,28272.54
1993-05-07,28510.66
1993-05-10,28767.3
1993-05-11,28464.07
1993-05-12,28128.67
1993-05-13,27602.93
1993-05-14,27930.11
1993-05-17,28383.25
1993-05-18,28914.44
1993-05-19,30319.55
1993-05-20,31275.5
1993-05-21,30630.27
1993-05-24,30695.01
1993-05-25,30544
1993-05-26,31894.59
1993-05-27,31612.94
1993-05-28,30823.82
1993-06-01,31558.35
1993-06-02,31579.91
1993-06-03,31467.7
1993-06-04,30882.15
1993-06-07,30161.24
1993-06-08,29557.11
1993-06-09,29471.86
1993-06-10,29352.27
1993-06-11,29923.69
1993-06-14,30589.36
1993-06-15,30555.63
1993-06-16,30223.96
1993-06-17,30051.51
1993-06-18,29047.54
1993-06-21,29027.93
1993-06-22,28752.07
1993-06-23,28543.46
1993-06-24,29003.37
1993-06-25,29711.72
1993-06-28,30726.93
1993-06-29,30306.36
1993-06-30,30328.19
1993-07-01,29925.06
1993-07-02,30000.62
1993-07-06,29431.84
1993-07-07,28948.31
1993-07-08,29401.1
1993-07-09,29683.03
1993-07-12,29744.96
1993-07-13,29593.98
1993-07-14,29876.73
1993-07-15,29334.28
1993-07-16,27799.4
1993-07-19,27476.17
1993-07-20,28526.16
1993-07-21,28020.51
1993-07-22,27333.82
1993-07-23,28091.85
1993-07-26,28595.93
1993-07-27,27886.57
1993-07-28,28640.74
1993-07-29,28719.28
1993-07-30,27997.36
1993-08-02,28369.94
1993-08-03,28521.54
1993-08-04,29139.41
1993-08-05,29504.96
1993-08-06,29620.45
1993-08-09,29476.67
1993-08-10,28877.75
1993-08-11,29048.44
1993-08-12,28990.21
1993-08-13,29154.64
1993-08-16,30789.52
1993-08-17,31375.66
1993-08-18,31648.67
1993-08-19,30708.48
1993-08-20,30802.81
1993-08-23,30734.4
1993-08-24,30813.82
1993-08-25,30303.53
1993-08-26,29756.38
1993-08-27,30049.95
1993-08-30,30505.47
1993-08-31,31051.78
1993-09-01,31297.8
1993-09-02,31361
1993-09-03,31211.71
1993-09-07,30031.96
1993-09-08,29727.03
1993-09-09,30284.15
1993-09-10,30663.87
1993-09-13,30153.89
1993-09-14,29592.56
1993-09-15,30094.06
1993-09-16,29829.89
1993-09-17,29898.21
1993-09-20,30100.01
1993-09-21,29798.05
1993-09-22,31153.72
1993-09-23,31659.77
1993-09-24,31817.25
1993-09-27,32564.02
1993-09-28,33155.98
1993-09-29,33299.62
1993-09-30,32574.74
1993-10-01,32584.24
1993-10-04,32832.17
1993-10-05,32310.48
1993-10-06,32159.22
1993-10-07,31744.63
1993-10-08,32297
1993-10-11,32179.85
1993-10-12,32497.19
1993-10-13,33125.51
1993-10-14,34095.7
1993-10-15,34169.93
1993-10-18,33711.29
1993-10-19,32474.24
1993-10-20,32672.44
1993-10-21,33250.72
1993-10-22,33387.6
1993-10-25,33247.48
1993-10-26,32759.44
1993-10-27,33716.59
1993-10-28,33537.97
1993-10-29,33832.03
1993-11-01,34525.19
1993-11-02,34569.95
1993-11-03,33271.58
1993-11-04,31471.66
1993-11-05,32495.19
1993-11-08,32694.56
1993-11-09,32870.84
1993-11-10,34069.71
1993-11-11,34353.57
1993-11-12,34438.18
1993-11-15,33724.34
1993-11-16,34108.28
1993-11-17,32788
1993-11-18,32092.31
1993-11-19,31890.18
1993-11-22,30678
1993-11-23,31962.82
1993-11-24,32597.88
1993-11-26,32808.91
1993-11-29,32271.5
1993-11-30,32867.08
1993-12-01,33913.42
1993-12-02,34463.37
1993-12-03,35433.57
1993-12-06,34938.98
1993-12-07,34579.71
1993-12-08,34194.21
1993-12-09,32878.91
1993-12-10,32824.18
1993-12-13,32957.73
1993-12-14,32110.75
1993-12-15,32460.82
1993-12-16,32662.66
1993-12-17,33140.95
1993-12-20,33251.09
1993-12-21,33038.97
1993-12-22,33016.2
1993-12-23,33335.2
1993-12-27,33588.98
1993-12-28,34080.44
1993-12-29,34185.33
1993-12-30,34586.11
1993-12-31,34676.06
1994-01-03,34191.06
1994-01-04,34645.05
1994-01-05,35139.63
1994-01-06,35683.72
1994-01-07,35778.31
1994-01-10,36502.26
1994-01-11,36306.82
1994-01-12,36411.09
1994-01-13,36321.16
1994-01-14,36982.69
1994-01-17,36803.99
1994-01-18,36824.9
1994-01-19,35999.27
1994-01-20,36905.58
1994-01-21,36910.17
1994-01-24,36480.52
1994-01-25,35983.92
1994-01-26,36103.42
1994-01-27,36583.12
1994-01-28,37039.17
1994-01-31,37295.78
1994-02-01,36609.74
1994-02-02,36881.46
1994-02-03,36565.07
1994-02-04,34316.74
1994-02-07,34679.95
1994-02-08,34993.03
1994-02-09,35413.94
1994-02-10,34951.72
1994-02-11,35036.12
1994-02-14,35601.6
1994-02-15,36025.61
1994-02-16,35807.06
1994-02-17,34946.04
1994-02-18,35154.65
1994-02-22,35363.71
1994-02-23,35147.4
1994-02-24,34507.03
1994-02-25,34503.87
1994-02-28,35341.91
1994-03-01,34486.93
1994-03-02,34063.19
1994-03-03,34269.01
1994-03-04,34894.63
1994-03-07,35314.31
1994-03-08,34885.59
1994-03-09,35093.83
1994-03-10,34454.48
1994-03-11,34871.6
1994-03-14,35079.64
1994-03-15,35076.39
1994-03-16,35709.25
1994-03-17,35919.81
1994-03-18,35702.07
1994-03-21,35271.06
1994-03-22,35267.52
1994-03-23,35476.38
1994-03-24,34194.35
1994-03-25,33772.5
1994-03-28,33145.49
1994-03-29,31495.16
1994-03-30,30890.29
1994-03-31,31084.91
1994-04-04,29487.47
1994-04-05,31618.29
1994-04-06,31213.57
1994-04-07,32008.2
1994-04-08,30995.36
1994-04-11,31191
1994-04-12,29992.3
1994-04-13,29012.35
1994-04-14,28817.26
1994-04-15,29005.75
1994-04-18,28426.27
1994-04-19,27852.67
1994-04-20,27284.99
1994-04-21,28585.69
1994-04-22,28582.51
1994-04-25,29532
1994-04-26,29722.7
1994-04-28,29136.67
1994-04-29,29710.35
1994-05-02,29706.86
1994-05-03,29897.6
1994-05-04,30088.95
1994-05-05,30085.52
1994-05-06,29496.02
1994-05-09,28912.41
1994-05-10,29100.82
1994-05-11,28137.51
1994-05-12,28511.97
1994-05-13,28318.57
1994-05-16,27746.47
1994-05-17,28117.7
1994-05-18,29246.18
1994-05-19,29627.11
1994-05-20,29235.92
1994-05-23,29231.98
1994-05-24,30189.72
1994-05-25,29990.3
1994-05-26,29791.59
1994-05-27,29787.68
1994-05-31,30171.37
1994-06-01,30167.24
1994-06-02,30358.48
1994-06-03,30746.26
1994-06-06,30348.07
1994-06-07,29952.7
1994-06-08,28976.54
1994-06-09,29164.01
1994-06-10,29927.67
1994-06-13,29340.69
1994-06-14,30106.37
1994-06-15,29712.58
1994-06-16,29902.15
1994-06-17,28733.25
1994-06-20,28221.36
1994-06-21,27463.47
1994-06-22,27770.47
1994-06-23,27766.84
1994-06-24,26205.66
1994-06-27,26202.11
1994-06-28,27407.7
1994-06-29,27281.64
1994-06-30,26781.69
1994-07-01,26778.59
1994-07-05,26285.16
1994-07-06,25735.74
1994-07-07,26571.66
1994-07-08,26628.32
1994-07-11,26381.56
1994-07-12,26863.85
1994-07-13,26860.3
1994-07-14,27651.51
1994-07-15,27400.2
1994-07-18,27828.42
1994-07-19,27824.77
1994-07-20,27820.45
1994-07-21,26696.38
1994-07-22,27118.87
1994-07-25,27238.62
1994-07-26,26926.57
1994-07-27,26922.94
1994-07-28,26675.15
1994-07-29,27890.18
1994-08-01,28321.53
1994-08-02,28129.6
1994-08-03,27876.42
1994-08-04,27312.66
1994-08-05,27308.98
1994-08-08,27611.92
1994-08-09,27732.7
1994-08-10,28287.44
1994-08-11,28221.66
1994-08-12,28781.11
1994-08-15,28649.97
1994-08-16,29213.34
1994-08-17,30226.58
1994-08-18,29899.64
1994-08-19,29636.41
1994-08-22,29439.68
1994-08-23,30138.37
1994-08-24,30457.55
1994-08-25,30842.5
1994-08-26,32143.36
1994-08-29,31938.32
1994-08-30,32599.51
1994-08-31,32594.56
1994-09-01,30843.33
1994-09-02,30642.77
1994-09-06,31159.11
1994-09-07,31744.7
1994-09-08,32268.14
1994-09-09,31196.1
1994-09-12,30862.63
1994-09-13,31772.16
1994-09-14,31900.27
1994-09-15,33288.01
1994-09-16,33282.98
1994-09-19,32668.47
1994-09-20,31456.04
1994-09-21,30989.07
1994-09-22,30919.6
1994-09-23,30327.82
1994-09-26,30129.3
1994-09-27,30254.64
1994-09-28,30571.4
1994-09-29,30438.28
1994-09-30,30820.89
1994-10-03,30685.21
1994-10-04,28862.71
1994-10-05,29738.26
1994-10-06,29287.09
1994-10-07,30043.5
1994-10-10,30745.89
1994-10-11,31974.27
1994-10-12,31771
1994-10-13,31766.16
1994-10-14,31628.72
1994-10-17,31228.84
1994-10-18,31355.53
1994-10-19,32398.58
1994-10-20,32193.87
1994-10-21,32057.57
1994-10-24,31720.84
1994-10-25,31781.27
1994-10-26,32765.26
1994-10-27,33029.26
1994-10-28,33963.62
1994-10-31,34162.58
1994-11-01,34157.3
1994-11-02,33332.34
1994-11-03,33193.68
1994-11-04,31976.76
1994-11-07,31773.72
1994-11-08,33084.85
1994-11-09,33214.04
1994-11-10,32871.4
1994-11-11,32598.9
1994-11-14,33992.84
1994-11-15,33782.28
1994-11-16,34046.65
1994-11-17,33701.24
1994-11-18,33829.22
1994-11-21,33145.03
1994-11-22,31325.6
1994-11-23,31383.78
1994-11-25,32096.39
1994-11-28,32353.75
1994-11-29,33210.93
1994-11-30,32398.66
1994-12-01,31264.54
1994-12-02,31975.98
1994-12-05,32100.6
1994-12-06,32095.23
1994-12-07,30770.39
1994-12-08,29472.5
1994-12-09,29973.14
1994-12-12,29839.54
1994-12-13,29515.71
1994-12-14,30206.17
1994-12-15,30328.94
1994-12-16,30131.37
1994-12-19,29869.45
1994-12-20,29801.11
1994-12-21,29794.3
1994-12-22,31439.01
1994-12-23,30743.98
1994-12-27,31127.34
1994-12-28,30338.53
1994-12-29,31428.59
1994-12-30,31030.24
1995-01-03,30047.08
1995-01-04,30295.8
1995-01-05,30033.27
1995-01-06,30538.7
1995-01-09,30856.51
1995-01-10,31565.33
1995-01-11,31427.68
1995-01-12,31421.87
1995-01-13,31940.45
1995-01-16,32395.86
1995-01-17,32854.12
1995-01-18,33117.63
1995-01-19,32976.56
1995-01-20,31563.12
1995-01-23,32082.39
1995-01-24,32207.34
1995-01-25,31804.23
1995-01-26,31008.96
1995-01-27,31133.53
1995-01-30,30151.47
1995-01-31,30850.26
1995-02-01,30973.07
1995-02-02,31616.68
1995-02-03,32396.57
1995-02-06,33118.1
1995-02-07,33045
1995-02-08,33976.43
1995-02-09,34036.7
1995-02-10,34777.81
1995-02-13,34426.64
1995-02-14,34557.12
1995-02-15,35028.42
1995-02-16,34676.17
1995-02-17,33778.91
1995-02-21,33705.04
1995-02-22,34439.9
1995-02-23,34707.38
1995-02-24,34219.39
1995-02-27,33532.74
1995-02-28,34939.74
1995-03-01,34246.77
1995-03-02,34578.55
1995-03-03,35528.94
1995-03-06,35521.71
1995-03-07,34615.06
1995-03-08,35495.81
1995-03-09,35557.13
1995-03-10,35549.96
1995-03-13,36097.29
1995-03-14,36857.93
1995-03-15,36497.22
1995-03-16,36700.11
1995-03-17,36623.03
1995-03-20,37036.85
1995-03-21,37099.19
1995-03-22,37091.62
1995-03-23,37437.95
1995-03-24,36435.91
1995-03-27,38807.57
1995-03-28,39449.25
1995-03-29,37840.47
1995-03-30,37261.64
1995-03-31,37041.4
1995-04-03,37244.83
1995-04-04,37237.05
1995-04-05,36523.55
1995-04-06,35607.24
1995-04-07,36358.41
1995-04-10,37259.56
1995-04-11,37887.73
1995-04-12,38520.64
1995-04-13,38870.03
1995-04-17,38574.05
1995-04-18,37919.68
1995-04-19,36843.84
1995-04-20,37116.35
1995-04-21,37461.67
1995-04-24,38303.02
1995-04-25,38868.12
1995-04-26,39579.49
1995-04-27,40007.43
1995-04-28,40656.76
1995-05-01,39912.45
1995-05-02,39829.8
1995-05-03,41570.78
1995-05-04,41414.85
1995-05-05,40737.8
1995-05-08,42055.35
1995-05-09,41822.29
1995-05-10,41215.99
1995-05-11,42467.32
1995-05-12,43135.09
1995-05-15,43580.37
1995-05-16,44407.22
1995-05-17,45167.95
1995-05-18,43840.89
1995-05-19,44136.47
1995-05-22,45275.8
1995-05-23,46817.9
1995-05-24,46335.06
1995-05-25,46483.06
1995-05-26,45295.78
1995-05-30,42496.54
1995-05-31,43687.01
1995-06-01,44287.08
1995-06-02,44659.19
1995-06-05,46188.13
1995-06-06,45006.43
1995-06-07,45459.68
1995-06-08,46147.79
1995-06-09,45981.32
1995-06-12,46205.64
1995-06-13,46899.24
1995-06-14,47125.71
1995-06-15,48220.82
1995-06-16,49328.45
1995-06-19,51980.22
1995-06-20,53871.56
1995-06-21,51063.61
1995-06-22,53244.1
1995-06-23,52975.01
1995-06-26,51418.68
1995-06-27,49632.26
1995-06-28,50287.62
1995-06-29,51448.64
1995-06-30,51775.18
1995-07-03,52019.2
1995-07-05,52854.61
1995-07-06,54986.97
1995-07-07,57769.61
1995-07-10,59012.13
1995-07-11,56919.59
1995-07-12,60283.71
1995-07-13,61003.58
1995-07-14,62551.83
1995-07-17,64213.85
1995-07-18,60057.52
1995-07-19,60045.62
1995-07-20,53841.71
1995-07-21,53229.5
1995-07-24,56212.62
1995-07-25,58401
1995-07-26,59373.05
1995-07-27,60808.07
1995-07-28,58510.02
1995-07-31,57422.84
1995-08-01,55282.04
1995-08-02,53703.11
1995-08-03,54037.44
1995-08-04,55575.76
1995-08-07,56174.74
1995-08-08,56603.27
1995-08-09,58615.33
1995-08-10,57440.72
1995-08-11,58759.3
1995-08-14,60541.56
1995-08-15,60436.54
1995-08-16,63061.01
1995-08-17,62956.77
1995-08-18,62666.49
1995-08-21,59047.05
1995-08-22,61458.55
1995-08-23,61811.88
1995-08-24,59963.5
1995-08-25,59230.68
1995-08-28,56255.42
1995-08-29,56507.54
1995-08-30,56496.16
1995-08-31,58499.09
1995-09-01,57596.89
1995-09-05,62275.4
1995-09-06,61987.5
1995-09-07,63075.79
1995-09-08,64173.52
1995-09-11,64161.04
1995-09-12,64613.19
1995-09-13,64976.18
1995-09-14,64023.02
1995-09-15,60565.67
1995-09-18,61186.64
1995-09-19,63268.28
1995-09-20,63625.1
1995-09-21,61665.05
1995-09-22,61288.98
1995-09-25,60367.93
1995-09-26,58820.14
1995-09-27,57916.65
1995-09-28,61883.6
1995-09-29,58780.86
1995-10-02,56517.7
1995-10-03,56594.13
1995-10-04,53754.82
1995-10-05,56414.56
1995-10-06,55346.02
1995-10-09,51145.25
1995-10-10,51972.88
1995-10-11,54581.12
1995-10-12,56216.86
1995-10-13,55502.43
1995-10-16,55143.42
1995-10-17,59393.84
1995-10-18,61095.29
1995-10-19,61999.93
1995-10-20,59959.4
1995-10-23,60311.83
1995-10-24,60480.01
1995-10-25,58467.41
1995-10-26,58276.26
1995-10-27,60674.67
1995-10-30,63576.79
1995-10-31,61607.59
1995-11-01,62054.83
1995-11-02,64893.91
1995-11-03,66385.32
1995-11-06,64945.84
1995-11-07,60607.74
1995-11-08,61322.75
1995-11-09,65146.34
1995-11-10,64473.39
1995-11-13,64460.83
1995-11-14,59396.24
1995-11-15,59833.69
1995-11-16,59281.52
1995-11-17,58552.23
1995-11-20,54979.63
1995-11-21,55745.21
1995-11-22,54691.08
1995-11-24,56658.6
1995-11-27,55684.07
1995-11-28,60531.39
1995-11-29,60698.53
1995-11-30,59328.86
1995-12-01,57887.93
1995-12-04,60261.06
1995-12-05,58898.23
1995-12-06,58798.01
1995-12-07,58340.72
1995-12-08,60987.24
1995-12-11,60342.44
1995-12-12,58077.43
1995-12-13,58421.32
1995-12-14,54157.73
1995-12-15,53293.2
1995-12-18,50326.05
1995-12-19,55488.59
1995-12-20,53409.22
1995-12-21,56438.7
1995-12-22,57469.53
1995-12-26,57458.9
1995-12-27,56398.28
1995-12-28,54567.06
1995-12-29,55239.09
1996-01-02,57286.21
1996-01-03,54390.46
1996-01-04,52935.77
1996-01-05,52926.07
1996-01-08,52915.17
1996-01-09,47119.66
1996-01-10,47348.19
1996-01-11,51059.13
1996-01-12,50475.41
1996-01-15,47035.72
1996-01-16,49311.98
1996-01-17,48898.01
1996-01-18,50495.6
1996-01-19,52525.03
1996-01-22,53680.68
1996-01-23,52997.46
1996-01-24,55744.04
1996-01-25,53763.28
1996-01-26,54762.16
1996-01-29,54583.99
1996-01-30,56098.62
1996-01-31,57632.95
1996-02-01,59621.92
1996-02-02,59523.96
1996-02-05,62342.69
1996-02-06,63053.53
1996-02-07,62044.54
1996-02-08,63927.66
1996-02-09,63642.12
1996-02-12,64086.08
1996-02-13,62701.43
1996-02-14,62511.95
1996-02-15,63043.54
1996-02-16,62667.64
1996-02-20,62295.5
1996-02-21,64451.78
1996-02-22,67746.04
1996-02-23,67641.34
1996-02-26,66594.63
1996-02-27,65091.75
1996-02-28,65169.17
1996-02-29,63495.31
1996-03-01,59569.23
1996-03-04,58765.55
1996-03-05,61643.55
1996-03-06,59840.34
1996-03-07,60182.16
1996-03-08,56632.58
1996-03-11,59369.37
1996-03-12,58041.64
1996-03-13,61156.56
1996-03-14,60164.3
1996-03-15,62361.15
1996-03-18,64600.07
1996-03-19,63946.6
1996-03-20,60931.61
1996-03-21,60121.68
1996-03-22,60376.03
1996-03-25,57360.73
1996-03-26,58211.14
1996-03-27,59502.21
1996-03-28,59491.67
1996-03-29,59744.31
1996-04-01,60349.95
1996-04-02,60869.07
1996-04-03,61390.46
1996-04-04,61112.63
1996-04-08,59591.31
1996-04-09,59494.49
1996-04-10,59131.38
1996-04-11,59120.85
1996-04-12,58413.7
1996-04-15,59616.71
1996-04-16,62675.91
1996-04-17,61586.84
1996-04-18,64159.94
1996-04-19,64056.46
1996-04-22,66496.84
1996-04-23,68612.94
1996-04-24,70665.49
1996-04-25,71036
1996-04-26,71118.3
1996-04-29,71105.88
1996-04-30,71092.72
1996-05-01,72418.57
1996-05-02,68645.11
1996-05-03,69663.79
1996-05-06,70125.16
1996-05-07,69637.85
1996-05-08,70192.47
1996-05-09,69895.52
1996-05-10,72061.3
1996-05-13,75602.73
1996-05-14,77065.23
1996-05-15,75662.72
1996-05-16,76632.42
1996-05-17,75529.24
1996-05-20,76105.9
1996-05-21,74908.9
1996-05-22,75092.01
1996-05-23,75960.75
1996-05-24,75158.65
1996-05-28,74363.3
1996-05-29,72596.09
1996-05-30,74122.63
1996-05-31,76055.92
1996-06-03,75252.97
1996-06-04,76024.7
1996-06-05,77585.8
1996-06-06,74886.48
1996-06-07,75949.16
1996-06-10,75345.6
1996-06-11,75820.37
1996-06-12,77281.26
1996-06-13,76178.44
1996-06-14,73700.86
1996-06-17,73010.34
1996-06-18,70299.78
1996-06-19,70755.47
1996-06-20,70079.77
1996-06-21,71956.35
1996-06-24,73091.46
1996-06-25,71055.4
1996-06-26,69236.37
1996-06-27,71851.22
1996-06-28,72985.2
1996-07-01,75080.73
1996-07-02,73507.33
1996-07-03,72141.72
1996-07-05,63618.32
1996-07-08,67999.53
1996-07-09,69004.49
1996-07-10,68528.3
1996-07-11,63869.56
1996-07-12,63678.4
1996-07-15,57939.79
1996-07-16,59464.61
1996-07-17,62648.98
1996-07-18,65120.9
1996-07-19,63120.77
1996-07-22,61242.78
1996-07-23,56068.21
1996-07-24,57396.41
1996-07-25,60263.38
1996-07-26,62768.27
1996-07-29,60280.79
1996-07-30,62261.78
1996-07-31,63393.68
1996-08-01,66399.82
1996-08-02,69750.24
1996-08-05,68341.47
1996-08-06,70727.23
1996-08-07,72965.17
1996-08-08,71904.64
1996-08-09,72176
1996-08-12,72353.89
1996-08-13,69974.13
1996-08-14,71731.38
1996-08-15,71624.79
1996-08-16,70574.95
1996-08-19,70189.65
1996-08-20,68591.26
1996-08-21,69500.72
1996-08-22,72550.97
1996-08-23,71591.58
1996-08-26,70542.5
1996-08-27,71839.55
1996-08-28,71827.03
1996-08-29,69928.34
1996-08-30,68337.08
1996-09-03,69607.95
1996-09-04,69503.69
1996-09-05,65969.25
1996-09-06,68305.35
1996-09-09,69946.12
1996-09-10,69934.33
1996-09-11,70666.01
1996-09-12,72893.85
1996-09-13,77809.07
1996-09-16,77891.97
1996-09-17,80816.57
1996-09-18,82200.4
1996-09-19,84297.46
1996-09-20,85809.7
1996-09-23,83431.29
1996-09-24,84127.32
1996-09-25,86246.52
1996-09-26,85922.62
1996-09-27,85803.01
1996-09-30,84143.85
1996-10-01,83518.44
1996-10-02,86540.94
1996-10-03,85496.91
1996-10-04,89168.78
1996-10-07,89153.54
1996-10-08,87674.23
1996-10-09,87760.84
1996-10-10,87229.04
1996-10-11,90624.71
1996-10-14,92081.54
1996-10-15,92915.09
1996-10-16,91085.56
1996-10-17,88327.74
1996-10-18,88518.55
1996-10-21,85903.8
1996-10-22,83737.58
1996-10-23,86855.95
1996-10-24,86531.72
1996-10-25,85489.87
1996-10-28,85168.35
1996-10-29,82808.07
1996-10-30,83999.32
1996-10-31,87626.68
1996-11-01,88337.05
1996-11-04,88632.94
1996-11-05,91734.33
1996-11-06,95731.41
1996-11-07,97767.34
1996-11-08,98512.9
1996-11-11,100029.52
1996-11-12,97252.54
1996-11-13,98432.73
1996-11-14,101040.04
1996-11-15,98471.91
1996-11-18,96926.36
1996-11-19,100053.04
1996-11-20,100695.53
1996-11-21,98688.22
1996-11-22,103157.98
1996-11-25,103699.67
1996-11-26,104801.35
1996-11-27,106472.7
1996-11-29,106906.34
1996-12-02,109504.2
1996-12-03,107527.11
1996-12-04,107721.53
1996-12-05,106447.3
1996-12-06,104384.01
1996-12-09,112012.58
1996-12-10,109897.49
1996-12-11,112071.97
1996-12-12,108789.79
1996-12-13,104641.54
1996-12-16,98549.17
1996-12-17,101368.48
1996-12-18,106548.85
1996-12-19,108454.73
1996-12-20,105808.58
1996-12-23,103303.49
1996-12-24,106077.19
1996-12-26,108093.05
1996-12-27,106022.9
1996-12-30,103403.68
1996-12-31,102153.19
1997-01-02,100802.85
1997-01-03,109155.91
1997-01-06,110393.75
1997-01-07,113254.9
1997-01-08,110203.14
1997-01-09,110873.74
1997-01-10,113276.36
1997-01-13,113022.36
1997-01-14,117542.7
1997-01-15,112776.63
1997-01-16,115430.79
1997-01-17,118112.31
1997-01-20,122728.78
1997-01-21,126341.55
1997-01-22,129637.99
1997-01-23,125881.2
1997-01-24,121813.11
1997-01-27,119501.04
1997-01-28,119720.12
1997-01-29,120295.45
1997-01-30,125665.95
1997-01-31,128460.36
1997-02-03,127572.28
1997-02-04,126932.56
1997-02-05,118793
1997-02-06,118415.65
1997-02-07,118395.8
1997-02-10,114102.57
1997-02-11,114317.65
1997-02-12,121876.61
1997-02-13,123541.24
1997-02-14,121340.02
1997-02-18,120715.97
1997-02-19,120817.3
1997-02-20,116004.74
1997-02-21,111882.33
1997-02-24,116008.84
1997-02-25,116220.55
1997-02-26,115968.18
1997-02-27,107273.85
1997-02-28,107929.71
1997-03-03,109265.69
1997-03-04,110723.23
1997-03-05,113679.48
1997-03-06,107982.71
1997-03-07,105254.66
1997-03-10,109024.07
1997-03-11,107192.12
1997-03-12,104698.97
1997-03-13,105237.43
1997-03-14,104775.16
1997-03-17,103089.63
1997-03-18,101966.74
1997-03-19,98003.43
1997-03-20,100351.06
1997-03-21,97940.6
1997-03-24,95456.14
1997-03-25,96601.44
1997-03-26,103405.53
1997-03-27,99528.18
1997-03-31,94209.21
1997-04-01,94189.15
1997-04-02,91019.84
1997-04-03,96163.63
1997-04-04,100283.78
1997-04-07,102757.5
1997-04-08,104932.38
1997-04-09,101810.72
1997-04-10,98192.73
1997-04-11,92286.58
1997-04-14,96213.14
1997-04-15,94075.77
1997-04-16,94161.79
1997-04-17,96658.21
1997-04-18,98869.08
1997-04-21,95848.36
1997-04-22,99632.91
1997-04-23,104673.36
1997-04-24,104541.03
1997-04-25,99892.33
1997-04-28,102457.79
1997-04-29,109201.33
1997-04-30,113794.21
1997-05-01,115721.83
1997-05-02,123112.83
1997-05-05,129177.13
1997-05-06,124020.36
1997-05-07,122437.72
1997-05-08,125268.59
1997-05-09,125245.63
1997-05-12,126546.54
1997-05-13,123017.25
1997-05-14,122876.82
1997-05-15,128807.6
1997-05-16,124031.49
1997-05-19,123886.31
1997-05-20,131629.9
1997-05-21,134068.01
1997-05-22,132798.83
1997-05-23,136482.85
1997-05-27,143849.36
1997-05-28,143309.7
1997-05-29,139818.77
1997-05-30,136116.83
1997-06-02,135967.16
1997-06-03,127447.25
1997-06-04,125248.66
1997-06-05,127622.62
1997-06-06,131828.9
1997-06-09,134509.8
1997-06-10,130512.48
1997-06-11,132808.97
1997-06-12,132909.7
1997-06-13,137075.51
1997-06-16,140174.43
1997-06-17,144200.18
1997-06-18,138656.25
1997-06-19,141397.38
1997-06-20,141246.11
1997-06-23,137792.36
1997-06-24,143033.41
1997-06-25,140834.81
1997-06-26,137387.73
1997-06-27,135984.54
1997-06-30,134211.66
1997-07-01,132943.86
1997-07-02,139441.39
1997-07-03,142438.93
1997-07-07,143813.37
1997-07-08,148007.37
1997-07-09,149276.29
1997-07-10,149248.99
1997-07-11,150914.15
1997-07-14,159006.13
1997-07-15,164349.72
1997-07-16,178931.72
1997-07-17,176195.51
1997-07-18,168113.28
1997-07-21,164217.94
1997-07-22,174548.04
1997-07-23,174654.92
1997-07-24,173357.98
1997-07-25,172486.39
1997-07-28,169104.6
1997-07-29,173217.85
1997-07-30,177377.94
1997-07-31,179463.55
1997-08-01,179856.08
1997-08-04,184808.18
1997-08-05,188956.62
1997-08-06,190528.58
1997-08-07,188590.54
1997-08-08,181705.4
1997-08-11,177093.31
1997-08-12,173532.73
1997-08-13,176295.99
1997-08-14,177808.48
1997-08-15,168726.94
1997-08-18,173239.21
1997-08-19,183530.62
1997-08-20,191385.21
1997-08-21,181974.95
1997-08-22,179512.71
1997-08-25,178342.57
1997-08-26,173365.45
1997-08-27,172773.19
1997-08-28,165790.44
1997-08-29,166985.15
1997-09-02,176103.27
1997-09-03,175228.87
1997-09-04,176736.86
1997-09-05,178247.62
1997-09-08,180474.11
1997-09-09,183421.41
1997-09-10,175085.47
1997-09-11,175752.78
1997-09-12,176001.86
1997-09-15,167420.02
1997-09-16,178999.12
1997-09-17,176140.57
1997-09-18,175969.22
1997-09-19,179152.13
1997-09-22,180533.01
1997-09-23,184464.68
1997-09-24,177987.85
1997-09-25,174719.17
1997-09-26,174829.41
1997-09-29,178557.04
1997-09-30,171342.91
1997-10-01,172964.35
1997-10-02,176392.79
1997-10-03,180136.18
1997-10-06,180526.79
1997-10-07,185300.93
1997-10-08,186843.83
1997-10-09,187815
1997-10-10,184320.64
1997-10-13,185144.43
1997-10-14,182249.55
1997-10-15,178095.57
1997-10-16,171608.25
1997-10-17,163726.38
1997-10-20,167592.66
1997-10-21,174499.15
1997-10-22,170580.99
1997-10-23,163141.34
1997-10-24,157881.16
1997-10-27,134375.02
1997-10-28,153873.32
1997-10-29,148539.67
1997-10-30,139988.8
1997-10-31,145763.27
1997-11-03,154673.38
1997-11-04,153478.16
1997-11-05,153188.72
1997-11-06,149163.73
1997-11-07,147609.8
1997-11-10,142518.44
1997-11-11,142368.97
1997-11-12,133397.8
1997-11-13,140583.78
1997-11-14,146847.38
1997-11-17,153244.95
1997-11-18,149229.49
1997-11-19,150088.65
1997-11-20,156934.77
1997-11-21,155215.96
1997-11-24,147291.24
1997-11-25,149660.1
1997-11-26,151407.35
1997-11-28,153168.63
1997-12-01,161873.07
1997-12-02,153528.17
1997-12-03,156324.95
1997-12-04,153702.19
1997-12-05,158574.97
1997-12-08,162339.42
1997-12-09,152514.85
1997-12-10,147484.46
1997-12-11,138377.24
1997-12-12,131759.14
1997-12-15,133396.92
1997-12-16,136965.91
1997-12-17,132932.77
1997-12-18,128367.18
1997-12-19,129048.36
1997-12-22,130553.69
1997-12-23,123186.84
1997-12-24,120406.98
1997-12-26,124252.47
1997-12-29,130808.21
1997-12-30,135987.19
1997-12-31,133788.17
1998-01-02,138549.46
1998-01-05,141321.66
1998-01-06,138223.96
1998-01-07,133943.47
1998-01-08,135117.98
1998-01-09,124639.41
1998-01-12,128649.63
1998-01-13,134950.46
1998-01-14,135167.27
1998-01-15,134900.55
1998-01-16,137752.01
1998-01-20,143419.3
1998-01-21,143271.12
1998-01-22,141763.34
1998-01-23,142963.75
1998-01-26,140595.17
1998-01-27,146191.66
1998-01-28,154015.79
1998-01-29,155647.49
1998-01-30,156390
1998-02-02,164993.45
1998-02-03,168137.34
1998-02-04,171975.6
1998-02-05,168842.05
1998-02-06,174829.61
1998-02-09,170985.22
1998-02-10,176200.72
1998-02-11,176033.09
1998-02-12,177912.19
1998-02-13,174999.05
1998-02-17,172783.93
1998-02-18,176539.19
1998-02-19,181284.91
1998-02-20,182360.06
1998-02-23,190652.92
1998-02-24,186362.11
1998-02-25,195581.14
1998-02-26,197840.3
1998-02-27,193470.91
1998-03-02,188150.92
1998-03-03,187553.87
1998-03-04,188641.02
1998-03-05,171131.73
1998-03-06,182229.33
1998-03-09,170855.38
1998-03-10,177246.39
1998-03-11,178578.57
1998-03-12,181552.2
1998-03-13,183309.96
1998-03-16,186740.32
1998-03-17,182651.08
1998-03-18,185521.05
1998-03-19,188274.43
1998-03-20,182908.35
1998-03-23,186056.4
1998-03-24,192154.36
1998-03-25,197501.17
1998-03-26,198898.65
1998-03-27,196990.58
1998-03-30,195232.66
1998-03-31,199761.71
1998-04-01,202173.93
1998-04-02,202720.52
1998-04-03,203991.66
1998-04-06,194330.67
1998-04-07,186613.32
1998-04-08,189642.42
1998-04-09,191432.18
1998-04-13,193234.08
1998-04-14,196456.39
1998-04-15,202422.7
1998-04-16,201227.79
1998-04-17,202202.5
1998-04-20,209415.2
1998-04-21,215128.97
1998-04-22,222560.37
1998-04-23,211121.79
1998-04-24,208127.41
1998-04-27,198245.49
1998-04-28,198786.62
1998-04-29,204346.92
1998-04-30,206926.27
1998-05-01,207911.23
1998-05-04,209195.19
1998-05-05,206365.31
1998-05-06,204577.88
1998-05-07,197995.95
1998-05-08,208260.12
1998-05-11,202941.44
1998-05-12,209126.34
1998-05-13,211290.63
1998-05-14,212432.83
1998-05-15,206618.22
1998-05-18,204390.34
1998-05-19,208708.76
1998-05-20,202655.15
1998-05-21,197849.36
1998-05-22,194816.03
1998-05-26,190389.82
1998-05-27,193571.43
1998-05-28,194948.8
1998-05-29,187263.88
1998-06-01,187227.01
1998-06-02,185943.67
1998-06-03,178302.25
1998-06-04,188284.92
1998-06-05,191866.6
1998-06-08,191688.53
1998-06-09,196984.01
1998-06-10,189131.92
1998-06-11,184639.57
1998-06-12,185430.38
1998-06-15,181395.91
1998-06-16,193218.86
1998-06-17,197543.39
1998-06-18,198499.9
1998-06-19,202596.71
1998-06-22,210761.65
1998-06-23,223633.57
1998-06-24,233411.87
1998-06-25,226115.05
1998-06-26,229716.81
1998-06-29,236249.66
1998-06-30,235260.06
1998-07-01,241708.98
1998-07-02,233193.05
1998-07-06,236693.66
1998-07-07,238046.65
1998-07-08,249359.54
1998-07-09,251065.86
1998-07-10,253895.08
1998-07-13,264928.97
1998-07-14,264226.04
1998-07-15,275965.68
1998-07-16,276917.75
1998-07-17,281391.87
1998-07-20,282179.24
1998-07-21,268767.92
1998-07-22,268223.54
1998-07-23,259273.74
1998-07-24,260357.92
1998-07-27,266964.49
1998-07-28,254259.53
1998-07-29,249403.07
1998-07-30,265072.55
1998-07-31,247846.73
1998-08-03,244953.77
1998-08-04,226369.19
1998-08-05,231157.79
1998-08-06,243922.8
1998-08-07,242779.2
1998-08-10,242265.2
1998-08-11,230679.93
1998-08-12,239154.54
1998-08-13,233533.17
1998-08-14,230275.71
1998-08-17,243755.01
1998-08-18,255428.47
1998-08-19,254580.5
1998-08-20,254696.09
1998-08-21,246029.2
1998-08-24,244571.84
1998-08-25,244526.61
1998-08-26,246043.45
1998-08-27,223886.43
1998-08-28,208009.25
1998-08-31,166666.58
1998-09-01,189034.1
1998-09-02,190905.01
1998-09-03,187043.11
1998-09-04,185653.64
1998-09-08,210553
1998-09-09,202779.93
1998-09-10,194027.95
1998-09-11,211306.61
1998-09-14,216999.33
1998-09-15,221599.26
1998-09-16,224198.18
1998-09-17,210736.03
1998-09-18,213412.16
1998-09-21,222722.05
1998-09-22,225470.91
1998-09-23,245376.11
1998-09-24,231629.8
1998-09-25,243398.72
1998-09-28,241206.49
1998-09-29,241619.99
1998-09-30,227987.49
1998-10-01,203492.25
1998-10-02,204013.18
1998-10-05,181588.94
1998-10-06,174841.08
1998-10-07,164860.19
1998-10-08,158809.83
1998-10-09,178605.22
1998-10-12,191735.56
1998-10-13,180233.07
1998-10-14,188830.25
1998-10-15,208461.03
1998-10-16,206462.42
1998-10-19,211601.56
1998-10-20,202516.28
1998-10-21,218389.85
1998-10-22,225814.3
1998-10-23,220671.51
1998-10-26,230150.89
1998-10-27,224667.98
1998-10-28,233647.69
1998-10-29,239091.06
1998-10-30,240249.36
1998-11-02,246067.89
1998-11-03,239940.82
1998-11-04,251164.31
1998-11-05,254655.95
1998-11-06,259128.03
1998-11-09,262534.26
1998-11-10,265016.34
1998-11-11,267195.67
1998-11-12,261739.74
1998-11-13,260907.67
1998-11-16,264634.28
1998-11-17,272990.25
1998-11-18,278904.38
1998-11-19,287315.79
1998-11-20,289917.84
1998-11-23,306937.19
1998-11-24,303481.97
1998-11-25,310039.25
1998-11-27,321802.81
1998-11-30,293500.14
1998-12-01,322396.66
1998-12-02,316780.61
1998-12-03,298782.46
1998-12-04,320348.22
1998-12-07,338849.33
1998-12-08,335056.2
1998-12-09,342090.74
1998-12-10,328969.06
1998-12-11,337866.39
1998-12-14,313269.97
1998-12-15,332547.01
1998-12-16,329502.03
1998-12-17,342776.16
1998-12-18,360785.89
1998-12-21,382917.09
1998-12-22,374550.07
1998-12-23,397459.88
1998-12-24,390872.14
1998-12-28,397860.73
1998-12-29,397225.21
1998-12-30,389865.93
1998-12-31,397239.16
1999-01-04,406197.59
1999-01-05,427894.37
1999-01-06,455728.68
1999-01-07,457309.63
1999-01-08,460740.79
1999-01-11,474087.52
1999-01-12,444468.36
1999-01-13,448459.76
1999-01-14,428636.33
1999-01-15,463204.62
1999-01-19,486910.34
1999-01-20,487687.45
1999-01-21,452850.08
1999-01-22,454007.5
1999-01-25,469669.41
1999-01-26,501192.8
1999-01-27,485667.44
1999-01-28,521498.68
1999-01-29,533444.08
1999-02-01,535568.93
1999-02-02,509126.19
1999-02-03,528265.89
1999-02-04,481779.27
1999-02-05,463453.16
1999-02-08,485182.48
1999-02-09,437768.13
1999-02-10,441893.23
1999-02-11,487538.67
1999-02-12,446034.51
1999-02-16,443747.06
1999-02-17,414618.98
1999-02-18,420747.53
1999-02-19,431799.13
1999-02-22,460176.37
1999-02-23,475598.42
1999-02-24,456668.55
1999-02-25,450106.36
1999-02-26,427676.17
1999-03-01,432703.03
1999-03-02,410725.12
1999-03-03,415852.52
1999-03-04,430102.67
1999-03-05,446360.65
1999-03-08,475733.6
1999-03-09,472560.75
1999-03-10,477219.41
1999-03-11,481776.5
1999-03-12,458181.24
1999-03-15,484612.96
1999-03-16,492963.77
1999-03-17,485253.02
1999-03-18,503962.2
1999-03-19,477946.34
1999-03-22,466627.15
1999-03-23,433590.88
1999-03-24,462527.52
1999-03-25,496332.69
1999-03-26,485772.34
1999-03-29,521322.74
1999-03-30,513421.95
1999-03-31,497865.56
1999-04-01,518613.9
1999-04-05,556257.86
1999-04-06,558128.37
1999-04-07,546953.15
1999-04-08,554769.37
1999-04-09,561640.24
1999-04-12,554459.48
1999-04-13,539327.9
1999-04-14,501730.48
1999-04-15,515861.85
1999-04-16,484912.78
1999-04-19,439620.3
1999-04-20,459400.05
1999-04-21,504642.08
1999-04-22,532056.08
1999-04-23,545570.13
1999-04-26,571080.6
1999-04-27,552778.38
1999-04-28,514930.24
1999-04-29,507144.77
1999-04-30,512713.95
1999-05-03,507810.01
1999-05-04,491536.33
1999-05-05,521323.27
1999-05-06,482722.11
1999-05-07,496477.72
1999-05-10,506672.29
1999-05-11,522650.28
1999-05-12,543679.96
1999-05-13,523937.43
1999-05-14,503601.87
1999-05-17,521392.53
1999-05-18,517430.89
1999-05-19,531644.16
1999-05-20,501494.99
1999-05-21,492914.69
1999-05-24,467637.1
1999-05-25,436588.6
1999-05-26,461094.01
1999-05-27,460079.99
1999-05-28,475246.93
1999-06-01,454130.52
1999-06-02,469193.19
1999-06-03,455478.98
1999-06-04,483055.4
1999-06-07,503161.47
1999-06-08,477718.45
1999-06-09,494044.51
1999-06-10,482779.78
1999-06-11,463388.18
1999-06-14,449792.12
1999-06-15,462965.56
1999-06-16,510452.61
1999-06-17,521630.52
1999-06-18,526264.45
1999-06-21,557683.97
1999-06-22,524108.46
1999-06-23,540181.68
1999-06-24,518769.33
1999-06-25,517692.33
1999-06-28,542167.3
1999-06-29,556554.33
1999-06-30,574063.44
1999-07-01,580870.52
1999-07-02,595750.21
1999-07-06,588500.28
1999-07-07,589360.87
1999-07-08,605346.11
1999-07-09,617453.46
1999-07-12,611106.8
1999-07-13,604797.29
1999-07-14,625059.45
1999-07-15,636309.41
1999-07-16,648709.08
1999-07-19,634810.69
1999-07-20,585539.07
1999-07-21,591407.54
1999-07-22,561031.03
1999-07-23,562850.58
1999-07-26,535201.89
1999-07-27,556131.72
1999-07-28,577456.05
1999-07-29,553453.34
1999-07-30,547475.5
1999-08-02,544430.97
1999-08-03,536577.94
1999-08-04,517296.96
1999-08-05,534080.28
1999-08-06,522491.74
1999-08-09,508199.95
1999-08-10,499695.98
1999-08-11,531866.37
1999-08-12,519360.49
1999-08-13,564349.64
1999-08-16,573011.45
1999-08-17,578785.23
1999-08-18,565757.34
1999-08-19,554838.41
1999-08-20,564398.99
1999-08-23,605337.42
1999-08-24,619353.88
1999-08-25,639666.43
1999-08-26,618694.37
1999-08-27,606259.93
1999-08-30,588891.12
1999-08-31,601692.74
1999-09-01,609593.09
1999-09-02,605374.98
1999-09-03,660804.76
1999-09-07,655354.64
1999-09-08,637329.86
1999-09-09,654765.09
1999-09-10,670334.22
1999-09-13,653173.07
1999-09-14,660333.79
1999-09-15,634879.48
1999-09-16,633680.34
1999-09-17,671671.86
1999-09-20,674679.49
1999-09-21,642605.54
1999-09-22,655922.1
1999-09-23,601262.6
1999-09-24,603108.84
1999-09-27,610975.47
1999-09-28,616871.95
1999-09-29,591344.31
1999-09-30,604091.42
1999-10-01,603931.96
1999-10-04,630859.93
1999-10-05,639920.59
1999-10-06,665556.24
1999-10-07,662223.21
1999-10-08,675696.03
1999-10-11,694600.59
1999-10-12,663258.45
1999-10-13,623205.54
1999-10-14,631175.25
1999-10-15,594181.04
1999-10-18,578154.38
1999-10-19,584854.13
1999-10-20,620123.81
1999-10-21,640210.59
1999-10-22,633874.84
1999-10-25,634731.5
1999-10-26,624327.39
1999-10-27,622131.48
1999-10-28,665535.45
1999-10-29,711439.05
1999-11-01,703673.49
1999-11-02,704566.01
1999-11-03,732370.34
1999-11-04,748634.48
1999-11-05,763967.79
1999-11-08,794012.12
1999-11-09,783529.05
1999-11-10,803732.21
1999-11-11,832224.44
1999-11-12,854190.91
1999-11-15,850402.82
1999-11-16,893844.37
1999-11-17,869412.26
1999-11-18,921649.36
1999-11-19,938580.84
1999-11-22,909843.3
1999-11-23,916903.66
1999-11-24,977811.97
1999-11-26,983853.13
1999-11-29,950657.54
1999-11-30,890664.96
1999-12-01,916892.6
1999-12-02,975241.5
1999-12-03,1016504.06
1999-12-06,1034206.4
1999-12-07,1033926.6
1999-12-08,1009044.99
1999-12-09,1017720.49
1999-12-10,1034139.62
1999-12-13,1062332.57
1999-12-14,1024015.83
1999-12-15,1062350.71
1999-12-16,1114487.46
1999-12-17,1133779.28
1999-12-20,1163780.46
1999-12-21,1288200.53
1999-12-22,1279209.62
1999-12-23,1308997.39
1999-12-27,1294135.92
1999-12-28,1277945.48
1999-12-29,1373685.3
1999-12-30,1343642.84
1999-12-31,1340421.39
2000-01-03,1438316.65
2000-01-04,1240588.29
2000-01-05,1241658.92
2000-01-06,1010702.98
2000-01-07,1260258.34
2000-01-10,1329915.15
2000-01-11,1211648.68
2000-01-12,1146892.17
2000-01-13,1285187.68
2000-01-14,1345394.85
2000-01-18,1359412.84
2000-01-19,1419846.66
2000-01-20,1391360.23
2000-01-21,1426118.89
2000-01-24,1289411.87
2000-01-25,1327046.85
2000-01-26,1219662.46
2000-01-27,1254853.74
2000-01-28,1128397
2000-01-31,1225165.46
2000-02-01,1290376.05
2000-02-02,1312432.23
2000-02-03,1413778.54
2000-02-04,1432425.49
2000-02-07,1471828
2000-02-08,1595436.73
2000-02-09,1481522.6
2000-02-10,1578370.93
2000-02-11,1505374.05
2000-02-14,1500423.24
2000-02-15,1521049.35
2000-02-16,1506994.08
2000-02-17,1571372.25
2000-02-18,1457094.91
2000-02-22,1465557.55
2000-02-23,1628391.94
2000-02-24,1698218.92
2000-02-25,1619603.81
2000-02-28,1617583.1
2000-02-29,1702662.13
2000-03-01,1730886.28
2000-03-02,1649999.64
2000-03-03,1834696.89
2000-03-06,1863915.58
2000-03-07,1806782.96
2000-03-08,1839044.25
2000-03-09,1962499.24
2000-03-10,1944876.45
2000-03-13,1842404.16
2000-03-14,1706381.73
2000-03-15,1562893.52
2000-03-16,1740153.29
2000-03-17,1805263.95
2000-03-20,1703729.28
2000-03-21,1832958.57
2000-03-22,1904555.36
2000-03-23,1970818.04
2000-03-24,2023247.68
2000-03-27,2030907.19
2000-03-28,1926865.85
2000-03-29,1765168.54
2000-03-30,1677987.18
2000-03-31,1746289.88
2000-04-03,1535253.36
2000-04-04,1504962.94
2000-04-05,1451346.48
2000-04-06,1520511.27
2000-04-07,1641707.67
2000-04-10,1422531.97
2000-04-11,1372076.13
2000-04-12,1210255.43
2000-04-13,1104661.03
2000-04-14,913024.99
2000-04-17,1122888.32
2000-04-18,1181943.89
2000-04-19,1106057.71
2000-04-20,1060772.16
2000-04-24,999675
2000-04-25,1134322.5
2000-04-26,1056503.07
2000-04-27,1149775.63
2000-04-28,1237636.27
2000-05-01,1260252.61
2000-05-02,1114916.36
2000-05-03,1089845.66
2000-05-04,1093924.51
2000-05-05,1145784.3
2000-05-08,1056229.72
2000-05-09,1010730.81
2000-05-10,863526.79
2000-05-11,968951.32
2000-05-12,968661.68
2000-05-15,1052604.38
2000-05-16,1111886
2000-05-17,1065754.34
2000-05-18,988968.56
2000-05-19,895007.41
2000-05-22,893410.06
2000-05-23,743845.04
2000-05-24,836877.88
2000-05-25,799768.56
2000-05-26,799519.96
2000-05-30,959885.07
2000-05-31,913348.06
2000-06-01,997935.98
2000-06-02,1140382.21
2000-06-05,1145625.23
2000-06-06,1081552.17
2000-06-07,1139052.36
2000-06-08,1127992.99
2000-06-09,1139735.56
2000-06-12,1066431.66
2000-06-13,1148356.73
2000-06-14,1096332.35
2000-06-15,1134533.53
2000-06-16,1146279.77
2000-06-19,1237134.18
2000-06-20,1227403.43
2000-06-21,1258448.35
2000-06-22,1165652.76
2000-06-23,1073501.48
2000-06-26,1131818.93
2000-06-27,1104488.67
2000-06-28,1130777.92
2000-06-29,1073630.21
2000-06-30,1115452.84
2000-07-03,1158291.47
2000-07-05,1068180.93
2000-07-06,1124776.39
2000-07-07,1170852.78
2000-07-10,1134847.83
2000-07-11,1146987.52
2000-07-12,1200962.93
2000-07-13,1231457.77
2000-07-14,1283578.28
2000-07-17,1313791.94
2000-07-18,1254013.94
2000-07-19,1196907.37
2000-07-20,1274066.87
2000-07-21,1187373.7
2000-07-24,1138034.9
2000-07-25,1155647.32
2000-07-26,1152387.17
2000-07-27,1061644.7
2000-07-28,945766.08
2000-07-31,1001198.52
2000-08-01,974240.87
2000-08-02,939493.83
2000-08-03,1020480.33
2000-08-04,1013165.68
2000-08-07,1060510.77
2000-08-08,1103404.53
2000-08-09,1044447.25
2000-08-10,1002626.8
2000-08-11,1030220.69
2000-08-14,1073789.78
2000-08-15,1073445.86
2000-08-16,1094808.43
2000-08-17,1136653.67
2000-08-18,1124427.43
2000-08-21,1129976.73
2000-08-22,1129624.56
2000-08-23,1166173.8
2000-08-24,1201848.57
2000-08-25,1188542.35
2000-08-28,1199561.42
2000-08-29,1211361.41
2000-08-30,1208042.77
2000-08-31,1283890.56
2000-09-01,1298589.74
2000-09-05,1219702.59
2000-09-06,1133507.22
2000-09-07,1183448.21
2000-09-08,1110715.46
2000-09-11,1056190.1
2000-09-12,1023311.57
2000-09-13,1070471.85
2000-09-14,1058685.81
2000-09-15,1018507.19
2000-09-18,987605.8
2000-09-19,1060039.7
2000-09-20,1092465.95
2000-09-21,933266.77
2000-09-22,1043370.29
2000-09-25,987582.15
2000-09-26,964783.89
2000-09-27,967068.9
2000-09-28,1009952.75
2000-09-29,947639.09
2000-10-02,904623.13
2000-10-03,846986.08
2000-10-04,879590.1
2000-10-05,884447.63
2000-10-06,824851.42
2000-10-09,817239.91
2000-10-10,731527.52
2000-10-11,707944.75
2000-10-12,672261.11
2000-10-13,781573.66
2000-10-16,795753.67
2000-10-17,722722.34
2000-10-18,717875.79
2000-10-19,847602.44
2000-10-20,872247.39
2000-10-23,869546.17
2000-10-24,794817.96
2000-10-25,705547.04
2000-10-26,741561.61
2000-10-27,738357.05
2000-10-30,683476.69
2000-10-31,771041.63
2000-11-01,757582.84
2000-11-02,776048.74
2000-11-03,795868.67
2000-11-06,783736.84
2000-11-07,777596.46
2000-11-08,655594.38
2000-11-09,655214.16
2000-11-10,586794.74
2000-11-13,588407.95
2000-11-14,653400.65
2000-11-15,679727.7
2000-11-16,600453.69
2000-11-17,599441.18
2000-11-20,550361.59
2000-11-21,548455.08
2000-11-22,499214.45
2000-11-24,556149.05
2000-11-27,542078.06
2000-11-28,477850.12
2000-11-29,441048.63
2000-11-30,441468.14
2000-12-01,455626.98
2000-12-04,469720.52
2000-12-05,551809.61
2000-12-06,509639.73
2000-12-07,486995.32
2000-12-08,508812.26
2000-12-11,604129.34
2000-12-12,559756.04
2000-12-13,513806.36
2000-12-14,463556.56
2000-12-15,442138.48
2000-12-18,443660.36
2000-12-19,376001.62
2000-12-20,332643.16
2000-12-21,336478.09
2000-12-22,389671.66
2000-12-26,394442.7
2000-12-27,403129.45
2000-12-28,401430.33
2000-12-29,361335.67
2001-01-02,300068.32
2001-01-03,401046.59
2001-01-04,386414.06
2001-01-05,327310.41
2001-01-08,334381.29
2001-01-09,334283.53
2001-01-10,368517.7
2001-01-11,389837.46
2001-01-12,399667.21
2001-01-16,389989.42
2001-01-17,413785.86
2001-01-18,448384.9
2001-01-19,444886.1
2001-01-22,445694.41
2001-01-23,464229.47
2001-01-24,455323.76
2001-01-25,419510.76
2001-01-26,433046.43
2001-01-29,452077.73
2001-01-30,448572.79
2001-01-31,415516.59
2001-02-01,426387.27
2001-02-02,379148.66
2001-02-05,378428.52
2001-02-06,379555.87
2001-02-07,367128.69
2001-02-08,345097.37
2001-02-09,316945.11
2001-02-12,324501.23
2001-02-13,303605.71
2001-02-14,327701.13
2001-02-15,338448.26
2001-02-16,300454.57
2001-02-20,277045.73
2001-02-21,261389.64
2001-02-22,256242.32
2001-02-23,257981.34
2001-02-26,267689.06
2001-02-27,235277.59
2001-02-28,220327.38
2001-03-01,232803.31
2001-03-02,212703.01
2001-03-05,220387.53
2001-03-06,237477.15
2001-03-07,237605.97
2001-03-08,228694.78
2001-03-09,196568.48
2001-03-12,172107.04
2001-03-13,189555.43
2001-03-14,183533.42
2001-03-15,170058.86
2001-03-16,162347.23
2001-03-19,178538.29
2001-03-20,154472.33
2001-03-21,154432.89
2001-03-22,173147.45
2001-03-23,173104.02
2001-03-26,165051.88
2001-03-27,176379.08
2001-03-28,147379.33
2001-03-29,141772.36
2001-03-30,143190.71
2001-04-02,130351.46
2001-04-03,111218.28
2001-04-04,107275.29
2001-04-05,127789.34
2001-04-06,120838.65
2001-04-09,125801.48
2001-04-10,144444.81
2001-04-11,153118.76
2001-04-12,166524.42
2001-04-16,146638.22
2001-04-17,153887.51
2001-04-18,185933.83
2001-04-19,208341.64
2001-04-20,209156.88
2001-04-23,181019.81
2001-04-24,174162.55
2001-04-25,180412.02
2001-04-26,171168.91
2001-04-27,180476.11
2001-04-30,188427.36
2001-05-01,203897.8
2001-05-02,211744.42
2001-05-03,192846.69
2001-05-04,204340.36
2001-05-07,195814.2
2001-05-08,204066.57
2001-05-09,190048.3
2001-05-10,183635.03
2001-05-11,181827.18
2001-05-14,175957.34
2001-05-15,178509.49
2001-05-16,194286.12
2001-05-17,200425.47
2001-05-18,201554.95
2001-05-21,226769.32
2001-05-22,225388.67
2001-05-23,205414.82
2001-05-24,215927.15
2001-05-25,208006.37
2001-05-29,183590.03
2001-05-30,170095.93
2001-05-31,172355.2
2001-06-01,182490.18
2001-06-04,180707.57
2001-06-05,196599.46
2001-06-06,193518.07
2001-06-07,203422.55
2001-06-08,192101.18
2001-06-11,181511.86
2001-06-12,179502.68
2001-06-13,169666.12
2001-06-14,152111.08
2001-06-15,154599.36
2001-06-18,150429.97
2001-06-19,148895.38
2001-06-20,155628.65
2001-06-21,159816.43
2001-06-22,159045.33
2001-06-25,159820.79
2001-06-26,160894.3
2001-06-27,162933.09
2001-06-28,167066.73
2001-06-29,177202.54
2001-07-02,175225.39
2001-07-03,176655.47
2001-07-05,159666.67
2001-07-06,146406.42
2001-07-09,148908.26
2001-07-10,138173.78
2001-07-11,141557.41
2001-07-12,159482.28
2001-07-13,156158.02
2001-07-16,150335.71
2001-07-17,157050.3
2001-07-18,145049.53
2001-07-19,151915.64
2001-07-20,144830.41
2001-07-23,137567.93
2001-07-24,134423.22
2001-07-25,136738.93
2001-07-26,140762.17
2001-07-27,146556.03
2001-07-30,144779.41
2001-07-31,145166.39
2001-08-01,154453.08
2001-08-02,160227.77
2001-08-03,154868.27
2001-08-06,149959.39
2001-08-07,148376.96
2001-08-08,135853.58
2001-08-09,136966.54
2001-08-10,134312.32
2001-08-13,139753.51
2001-08-14,136324.91
2001-08-15,126223.67
2001-08-16,129168.16
2001-08-17,117388.12
2001-08-20,120598.1
2001-08-21,110556.51
2001-08-22,116561.8
2001-08-23,114250.66
2001-08-24,126351.79
2001-08-27,126648.87
2001-08-28,118707.04
2001-08-29,115196.57
2001-08-30,106647.86
2001-08-31,106626.72
2001-09-04,102478.44
2001-09-05,101649.88
2001-09-06,93401.66
2001-09-07,92281.91
2001-09-10,94454.89
2001-09-17,78376.47
2001-09-18,74851.81
2001-09-19,72243.17
2001-09-20,67412.09
2001-09-21,63770.2
2001-09-24,70183
2001-09-25,70597.32
2001-09-26,65688.71
2001-09-27,64806.6
2001-09-28,67071.7
2001-10-01,65902.96
2001-10-02,66306.35
2001-10-03,76328.07
2001-10-04,77794.06
2001-10-05,80069.21
2001-10-08,80561.63
2001-10-09,76655.44
2001-10-10,83597.15
2001-10-11,94902.61
2001-10-12,94068.27
2001-10-15,93237.27
2001-10-16,96258.99
2001-10-17,82422.37
2001-10-18,86880.33
2001-10-19,88014.3
2001-10-22,92723.06
2001-10-23,93678.13
2001-10-24,97721.59
2001-10-25,105550.96
2001-10-26,101003.23
2001-10-29,89936.65
2001-10-30,86435.37
2001-10-31,89114.81
2001-11-01,96671.81
2001-11-02,98079.98
2001-11-05,104457.15
2001-11-06,112569.99
2001-11-07,112260.42
2001-11-08,109949.86
2001-11-09,109819.16
2001-11-12,111376.73
2001-11-13,119334.03
2001-11-14,121015.58
2001-11-15,120021.84
2001-11-16,119337.53
2001-11-19,126111.81
2001-11-20,114446.82
2001-11-21,114550.82
2001-11-23,118331.14
2001-11-26,124159.83
2001-11-27,123835.17
2001-11-28,114885.49
2001-11-29,121985.63
2001-11-30,120137.4
2001-12-03,116000.81
2001-12-04,127059.28
2001-12-05,139615.46
2001-12-06,139989.05
2001-12-07,132272.09
2001-12-10,127627.66
2001-12-11,129044.05
2001-12-12,131093.99
2001-12-13,119722.12
2001-12-14,121814.94
2001-12-17,125990.55
2001-12-18,128816.64
2001-12-19,124118.33
2001-12-20,113563.48
2001-12-21,117589.91
2001-12-24,116623.06
2001-12-26,118803.27
2001-12-27,120704.27
2001-12-28,122621.65
2001-12-31,113973.24
2002-01-02,120988.76
2002-01-03,129360.09
2002-01-04,130405.17
2002-01-07,127511.2
2002-01-08,129229.42
2002-01-09,126846.82
2002-01-10,128497.53
2002-01-11,125190.74
2002-01-14,119720.53
2002-01-15,121983.17
2002-01-16,112534.38
2002-01-17,117570.49
2002-01-18,111270.37
2002-01-22,104394.15
2002-01-23,110131.45
2002-01-24,113041.13
2002-01-25,112388.81
2002-01-28,113648.71
2002-01-29,107406.84
2002-01-30,109034.09
2002-01-31,110388.15
2002-02-01,108253.65
2002-02-04,101315.23
2002-02-05,97955.66
2002-02-06,96595.42
2002-02-07,91922.89
2002-02-08,97032.01
2002-02-11,99488.41
2002-02-12,97847
2002-02-13,101174.97
2002-02-14,100779.27
2002-02-15,94755.51
2002-02-19,88917.87
2002-02-20,91317.31
2002-02-21,82629.22
2002-02-22,83458.59
2002-02-25,90194.56
2002-02-26,89513.87
2002-02-27,87039.44
2002-02-28,83891.27
2002-03-01,93616.29
2002-03-04,100991.98
2002-03-05,102448.37
2002-03-06,103421.89
2002-03-07,103849.52
2002-03-08,109294.41
2002-03-11,108489.96
2002-03-12,105492.62
2002-03-13,100372.01
2002-03-14,99168.8
2002-03-15,101147.64
2002-03-18,102276.77
2002-03-19,101937.06
2002-03-20,94725.32
2002-03-21,99757.64
2002-03-22,97913.6
2002-03-25,91922.42
2002-03-26,93617.67
2002-03-27,92145.96
2002-03-28,94463.73
2002-04-01,98067.01
2002-04-02,89195.93
2002-04-03,88880
2002-04-04,87499.29
2002-04-05,85525.55
2002-04-08,87655.42
2002-04-09,81549.61
2002-04-10,82753.81
2002-04-11,78635.29
2002-04-12,81103.96
2002-04-15,82400.52
2002-04-16,89267.76
2002-04-17,88344.19
2002-04-18,84953.37
2002-04-19,85487.58
2002-04-22,81160.87
2002-04-23,78348.48
2002-04-24,75918.12
2002-04-25,75535.07
2002-04-26,69095.4
2002-04-29,69443.13
2002-04-30,72157
2002-05-01,71374.79
2002-05-02,66616.86
2002-05-03,63246.44
2002-05-06,59963.83
2002-05-07,58839.01
2002-05-08,71419.92
2002-05-09,67724.63
2002-05-10,61633.38
2002-05-13,66630.06
2002-05-14,74463.63
2002-05-15,75551.85
2002-05-16,75773.05
2002-05-17,76086.97
2002-05-20,72750.74
2002-05-21,68767.04
2002-05-22,69066.16
2002-05-23,71829.31
2002-05-24,68277.46
2002-05-28,67656.97
2002-05-29,64081
2002-05-30,65173.66
2002-05-31,63031.71
2002-06-03,58575.65
2002-06-04,60104.84
2002-06-05,61326.07
2002-06-06,58093.22
2002-06-07,55752.93
2002-06-10,55549.23
2002-06-11,52435.82
2002-06-12,53957.18
2002-06-13,53253.48
2002-06-14,53016.24
2002-06-17,56618.37
2002-06-18,58435.53
2002-06-19,51662.89
2002-06-20,48330.93
2002-06-21,45987.16
2002-06-24,47798.31
2002-06-25,44633.87
2002-06-26,45294.65
2002-06-27,47266.9
2002-06-28,46864.54
2002-07-01,42369.83
2002-07-02,39295.77
2002-07-03,41916.32
2002-07-05,47296.97
2002-07-08,43843.7
2002-07-09,41350.92
2002-07-10,38797.19
2002-07-11,41714.49
2002-07-12,41709.57
2002-07-15,44294.47
2002-07-16,42972.69
2002-07-17,44537.08
2002-07-18,41336.91
2002-07-19,38858.15
2002-07-22,36942.15
2002-07-23,33780.31
2002-07-24,37456.02
2002-07-25,33106.51
2002-07-26,34352.49
2002-07-29,37863.94
2002-07-30,39384.84
2002-07-31,37889.61
2002-08-01,34326.41
2002-08-02,32872.57
2002-08-05,30475.19
2002-08-06,33484.96
2002-08-07,34373.94
2002-08-08,36691.63
2002-08-09,35940.12
2002-08-12,36151.48
2002-08-13,33675.27
2002-08-14,37962.56
2002-08-15,39505.39
2002-08-16,40048.31
2002-08-19,41989.24
2002-08-20,41619.18
2002-08-21,43464.72
2002-08-22,44843.67
2002-08-23,41375.66
2002-08-26,41699.64
2002-08-27,38787.99
2002-08-28,35950.17
2002-08-29,36895.05
2002-08-30,35960.02
2002-09-03,33353.07
2002-09-04,33614.27
2002-09-05,31953.93
2002-09-06,33910.35
2002-09-09,34588.94
2002-09-10,36293.28
2002-09-11,35675.14
2002-09-12,33723.59
2002-09-13,34251.84
2002-09-16,33264.32
2002-09-17,31851.12
2002-09-18,31129.39
2002-09-19,30132.1
2002-09-20,30379.89
2002-09-23,28553.75
2002-09-24,28577.5
2002-09-25,30856.97
2002-09-26,30091.32
2002-09-27,29279.67
2002-09-30,27654.74
2002-10-01,31014.73
2002-10-02,28950.9
2002-10-03,27557.78
2002-10-04,26518.11
2002-10-07,26019.77
2002-10-08,26119.94
2002-10-09,25754.78
2002-10-10,28370.82
2002-10-11,31436.02
2002-10-14,32167.96
2002-10-15,35254.81
2002-10-16,32916.26
2002-10-17,35137.58
2002-10-18,35909.3
2002-10-21,37352.86
2002-10-22,36887.12
2002-10-23,38288.49
2002-10-24,36353.84
2002-10-25,38532.44
2002-10-28,37872.56
2002-10-29,36105.07
2002-10-30,38032.84
2002-10-31,37997.21
2002-11-01,40159.52
2002-11-04,42222.4
2002-11-05,42869.62
2002-11-06,44080.43
2002-11-07,40978.57
2002-11-08,39466.41
2002-11-11,37069.76
2002-11-12,38956.87
2002-11-13,39890.72
2002-11-14,42637.79
2002-11-15,43744.26
2002-11-18,42449.51
2002-11-19,41141.75
2002-11-20,44634.36
2002-11-21,47934.91
2002-11-22,47895.59
2002-11-25,48823.73
2002-11-26,45539.54
2002-11-27,48430.66
2002-11-29,47766.51
2002-12-02,48726.71
2002-12-03,45833.11
2002-12-04,43804.32
2002-12-05,42580
2002-12-06,43453.46
2002-12-09,39345.17
2002-12-10,40526.98
2002-12-11,40902.84
2002-12-12,41344.01
2002-12-13,38717.94
2002-12-16,41218.84
2002-12-17,41469.86
2002-12-18,39706.52
2002-12-19,38701.27
2002-12-20,39500.48
2002-12-23,40588.55
2002-12-24,39572.75
2002-12-26,39350.23
2002-12-27,37914.36
2002-12-30,37330.15
2002-12-31,36538.46
2003-01-02,39623.37
2003-01-03,40493.24
2003-01-06,42507.63
2003-01-07,43569.42
2003-01-08,41112.72
2003-01-09,43648.36
2003-01-10,44951.85
2003-01-13,44416.58
2003-01-14,44873.84
2003-01-15,43742.48
2003-01-16,42756.66
2003-01-17,39097.81
2003-01-21,38228.78
2003-01-22,37919.51
2003-01-23,39680.13
2003-01-24,37529.71
2003-01-27,36648.9
2003-01-28,37392.32
2003-01-29,38505.24
2003-01-30,36511.03
2003-01-31,36328.46
2003-02-03,36473.43
2003-02-04,35576.29
2003-02-05,35249.26
2003-02-06,35626.4
2003-02-07,34445.68
2003-02-10,35049.87
2003-02-11,35425.83
2003-02-12,34454.19
2003-02-13,34797.88
2003-02-14,36393.26
2003-02-18,38648.29
2003-02-19,38124.07
2003-02-20,37816.27
2003-02-21,38387.85
2003-02-24,37072.42
2003-02-25,37158.61
2003-02-26,35504.72
2003-02-27,37113.63
2003-02-28,38278.53
2003-03-03,36722.78
2003-03-04,36272.28
2003-03-05,36416.78
2003-03-06,36235.2
2003-03-07,36379.64
2003-03-10,34804.65
2003-03-11,34192.43
2003-03-12,35424.6
2003-03-13,39485.4
2003-03-14,39789.64
2003-03-17,42508.38
2003-03-18,43558.97
2003-03-19,42810.7
2003-03-20,43127.17
2003-03-21,44313.81
2003-03-24,40623.43
2003-03-25,41773.85
2003-03-26,42244.21
2003-03-27,41635.56
2003-03-28,40715.66
2003-03-31,38119.84
2003-04-01,38719.88
2003-04-02,40846.11
2003-04-03,41872.99
2003-04-04,40508.97
2003-04-07,40629.36
2003-04-08,40531.94
2003-04-09,38661.55
2003-04-10,39599.16
2003-04-11,38796.2
2003-04-14,40373.9
2003-04-15,41145.28
2003-04-16,40953.31
2003-04-17,42823.49
2003-04-21,43138.51
2003-04-22,44768.74
2003-04-23,45417.17
2003-04-24,44919.55
2003-04-25,43182.34
2003-04-28,44876.44
2003-04-29,45688.49
2003-04-30,44761.18
2003-05-01,45539.36
2003-05-02,47475.51
2003-05-05,47370.04
2003-05-06,48572.59
2003-05-07,47481.16
2003-05-08,45730.91
2003-05-09,47834.26
2003-05-12,49277.52
2003-05-13,48657.56
2003-05-14,48448.9
2003-05-15,49528.05
2003-05-16,48769.59
2003-05-19,45332.17
2003-05-20,45589.65
2003-05-21,45322.5
2003-05-22,46627.44
2003-05-23,46656.09
2003-05-27,49972.05
2003-05-28,50276.12
2003-05-29,50684.43
2003-05-30,52339.42
2003-06-02,51596.27
2003-06-03,52568.05
2003-06-04,54534.65
2003-06-05,55318.02
2003-06-06,53471.03
2003-06-09,52045.99
2003-06-10,53616.46
2003-06-11,54819.2
2003-06-12,55280.77
2003-06-13,52786.33
2003-06-16,56022.81
2003-06-17,55581.87
2003-06-18,56154.65
2003-06-19,54333.03
2003-06-20,54184.8
2003-06-23,52502.96
2003-06-24,51690.51
2003-06-25,51128.22
2003-06-26,53548.25
2003-06-27,52161.2
2003-06-30,52575.27
2003-07-01,53974.71
2003-07-02,56175.12
2003-07-03,54755.41
2003-07-07,59441.82
2003-07-08,60890.6
2003-07-09,60583.48
2003-07-10,58320.33
2003-07-11,59201.08
2003-07-14,60608.74
2003-07-15,60753.52
2003-07-16,60371.45
2003-07-17,56686.68
2003-07-18,57045.28
2003-07-21,55581.2
2003-07-22,57232.18
2003-07-23,58176.59
2003-07-24,56624.86
2003-07-25,58871.68
2003-07-28,59199.56
2003-07-29,58303.15
2003-07-30,57450.52
2003-07-31,58834.96
2003-08-01,57571.63
2003-08-04,57529.91
2003-08-05,52988.59
2003-08-06,52913.99
2003-08-07,53330.04
2003-08-08,52480.84
2003-08-11,53628.02
2003-08-12,55246.24
2003-08-13,55277.11
2003-08-14,55379.14
2003-08-15,56341.12
2003-08-18,59228.12
2003-08-19,60705.12
2003-08-20,60399.94
2003-08-21,61703.93
2003-08-22,60942.3
2003-08-25,61199.79
2003-08-26,61307.31
2003-08-27,62281.62
2003-08-28,63377.31
2003-08-29,64520.83
2003-09-02,66369.99
2003-09-03,66285.82
2003-09-04,67494.08
2003-09-05,66618.84
2003-09-08,68811.33
2003-09-09,67169.84
2003-09-10,63932.61
2003-09-11,65348.93
2003-09-12,66042.41
2003-09-15,64747.42
2003-09-16,68260.42
2003-09-17,67698.83
2003-09-18,69747.89
2003-09-19,68939.56
2003-09-22,66301.8
2003-09-23,68641.46
2003-09-24,63465.3
2003-09-25,61816.46
2003-09-26,61019.1
2003-09-29,63111.22
2003-09-30,60362.87
2003-10-01,63075.61
2003-10-02,63488.55
2003-10-03,67033.41
2003-10-06,68007.79
2003-10-07,68831.17
2003-10-08,67951.04
2003-10-09,68971.22
2003-10-10,70237.55
2003-10-13,71154.17
2003-10-14,71511.05
2003-10-15,70897.21
2003-10-16,72019.35
2003-10-17,68560.3
2003-10-20,70257.76
2003-10-21,71093.68
2003-10-22,68344.49
2003-10-23,66756.77
2003-10-24,66868.03
2003-10-27,66901.12
2003-10-28,71393.11
2003-10-29,71225.33
2003-10-30,71501.27
2003-10-31,70646.27
2003-11-03,72969.37
2003-11-04,71983.5
2003-11-05,73274.16
2003-11-06,73676.55
2003-11-07,72399.07
2003-11-10,70604.54
2003-11-11,70076.63
2003-11-12,73068.55
2003-11-13,72898.85
2003-11-14,69916.98
2003-11-17,68474
2003-11-18,65308.85
2003-11-19,66575.35
2003-11-20,65285.02
2003-11-21,66628.14
2003-11-24,70320.6
2003-11-25,70314.29
2003-11-26,70947.6
2003-11-28,71101.88
2003-12-01,73185.52
2003-12-02,72363.67
2003-12-03,70533.01
2003-12-04,72047.48
2003-12-05,69655.06
2003-12-08,70444.05
2003-12-09,67199.53
2003-12-10,67701.05
2003-12-11,70594.3
2003-12-12,70348.08
2003-12-15,68505.16
2003-12-16,68774.85
2003-12-17,69005.59
2003-12-18,71569.1
2003-12-19,71160.28
2003-12-22,71595.39
2003-12-23,72675.94
2003-12-24,72967.98
2003-12-26,72758.34
2003-12-29,75146.77
2003-12-30,75635.24
2003-12-31,75214.94
2004-01-02,74795.64
2004-01-05,77792.44
2004-01-06,78834.48
2004-01-07,80263.33
2004-01-08,81534.31
2004-01-09,80453.71
2004-01-12,83005.39
2004-01-13,81352.24
2004-01-14,81902.33
2004-01-15,82325.08
2004-01-16,83999.7
2004-01-20,83861.5
2004-01-21,83157.74
2004-01-22,82153.6
2004-01-23,81543.34
2004-01-26,84024.39
2004-01-27,80315.34
2004-01-28,77584.25
2004-01-29,78162.89
2004-01-30,77442.23
2004-02-02,77017.5
2004-02-03,76844.1
2004-02-04,74340.3
2004-02-05,74906.62
2004-02-06,77611.18
2004-02-09,77562.44
2004-02-10,77806.29
2004-02-11,79473.54
2004-02-12,78070.65
2004-02-13,76764.26
2004-02-17,78835.45
2004-02-18,79291.69
2004-02-19,76877.39
2004-02-20,76371.66
2004-02-23,74665.88
2004-02-24,74290.56
2004-02-25,75182.91
2004-02-26,75546.09
2004-02-27,75127.22
2004-03-01,77092.59
2004-03-02,75296.28
2004-03-03,74467.13
2004-03-04,75850.92
2004-03-05,75307.7
2004-03-08,71764.86
2004-03-09,71317.13
2004-03-10,69430.87
2004-03-11,68161.93
2004-03-12,70657.98
2004-03-15,68184.2
2004-03-16,68412.68
2004-03-17,70559.79
2004-03-18,69917.49
2004-03-19,67576.77
2004-03-22,65859.44
2004-03-23,64778.68
2004-03-24,66257.74
2004-03-25,69793.75
2004-03-26,69313.57
2004-03-29,71550.96
2004-03-30,72024.46
2004-03-31,71737.12
2004-04-01,73011.68
2004-04-02,76801.15
2004-04-05,78243.38
2004-04-06,76272.51
2004-04-07,76100.73
2004-04-08,76093.91
2004-04-12,77034.71
2004-04-13,74789.57
2004-04-14,75517.93
2004-04-15,72803.07
2004-04-16,72554.96
2004-04-19,74317.66
2004-04-20,70852.56
2004-04-21,72077.48
2004-04-22,75796.11
2004-04-23,76980.14
2004-04-26,75856.12
2004-04-27,75561.92
2004-04-28,72808.96
2004-04-29,70549.75
2004-04-30,67099.05
2004-05-03,68366.67
2004-05-04,68944.93
2004-05-05,70034.13
2004-05-06,68963.5
2004-05-07,67823
2004-05-10,66653.3
2004-05-11,68646.89
2004-05-12,68913.96
2004-05-13,67930.61
2004-05-14,66915.55
2004-05-17,65638.56
2004-05-18,66815.06
2004-05-19,66655.21
2004-05-20,67264.16
2004-05-21,67914.45
2004-05-24,68839.28
2004-05-25,71566.43
2004-05-26,72475.58
2004-05-27,73390.36
2004-05-28,73907.7
2004-06-01,73698.87
2004-06-02,73369.32
2004-06-03,71590.04
2004-06-04,72419.39
2004-06-07,75854.86
2004-06-08,76052.95
2004-06-09,73914.28
2004-06-10,74958.44
2004-06-14,72835.63
2004-06-15,74714.13
2004-06-16,74463.79
2004-06-17,73078.57
2004-06-18,73272.89
2004-06-21,72100.13
2004-06-22,74207.86
2004-06-23,75981.55
2004-06-24,75688.14
2004-06-25,76825.27
2004-06-28,75542.19
2004-06-29,76963.48
2004-06-30,78479.47
2004-07-01,75559.94
2004-07-02,74654.87
2004-07-06,71443.77
2004-07-07,71714.27
2004-07-08,70117.89
2004-07-09,70307.38
2004-07-12,69710.39
2004-07-13,69507.7
2004-07-14,68093.08
2004-07-15,67621.79
2004-07-16,66072.56
2004-07-19,65799.21
2004-07-20,68949.53
2004-07-21,64933.77
2004-07-22,66701.66
2004-07-23,64170.07
2004-07-26,63600.92
2004-07-27,65349.85
2004-07-28,64775.5
2004-07-29,66276.23
2004-07-30,66688.78
2004-08-02,66949.68
2004-08-03,64147.12
2004-08-04,64178.32
2004-08-05,61772.64
2004-08-06,58530.63
2004-08-09,58810.8
2004-08-10,60274.81
2004-08-11,59215.54
2004-08-12,57590.14
2004-08-13,57761.25
2004-08-16,59069.47
2004-08-17,60392.76
2004-08-18,62529.04
2004-08-19,61857.19
2004-08-20,63099.7
2004-08-23,63389.62
2004-08-24,63345.47
2004-08-25,65085.62
2004-08-26,64513.22
2004-08-27,65106.23
2004-08-30,62913.72
2004-08-31,63054.83
2004-09-01,63974.59
2004-09-02,65871.68
2004-09-03,63440.27
2004-09-07,64511
2004-09-08,64016.76
2004-09-09,65092.28
2004-09-10,67079.95
2004-09-13,68829.8
2004-09-14,69016.01
2004-09-15,67536.13
2004-09-16,67796.66
2004-09-17,68211.31
2004-09-20,68203.46
2004-09-21,68734.44
2004-09-22,66329.99
2004-09-23,66208.04
2004-09-24,65745.06
2004-09-27,64603.63
2004-09-28,64858.13
2004-09-29,66764.01
2004-09-30,66983.88
2004-10-01,70635.47
2004-10-04,71448.75
2004-10-05,71637.04
2004-10-06,72771.22
2004-10-07,71134.31
2004-10-08,68534.93
2004-10-11,69181.76
2004-10-12,68941.17
2004-10-13,68623.91
2004-10-14,67998.97
2004-10-15,68681.26
2004-10-18,70639.28
2004-10-19,69614.52
2004-10-20,70265.89
2004-10-21,72401.48
2004-10-22,69227.82
2004-10-25,68562.03
2004-10-26,69285.14
2004-10-27,72797.14
2004-10-28,73700.01
2004-10-29,73451.78
2004-11-01,74000.11
2004-11-02,74470.76
2004-11-03,75463.94
2004-11-04,76302.08
2004-11-05,77672.11
2004-11-08,77826.35
2004-11-09,77489.22
2004-11-10,76948.1
2004-11-11,78974.55
2004-11-12,80490.5
2004-11-15,81187.73
2004-11-16,80173.64
2004-11-17,82323.93
2004-11-18,83071.04
2004-11-19,80480.83
2004-11-22,82010.04
2004-11-23,81747.37
2004-11-24,83162.39
2004-11-26,82644.07
2004-11-29,82591.07
2004-11-30,82243.17
2004-12-01,85596.07
2004-12-02,86228.21
2004-12-03,86475.31
2004-12-06,87067.29
2004-12-07,84072.33
2004-12-08,85038.47
2004-12-09,86052.57
2004-12-10,85525.4
2004-12-13,87012.97
2004-12-14,87851.93
2004-12-15,87201.29
2004-12-16,85545.76
2004-12-17,85120.9
2004-12-20,83922.95
2004-12-21,85966.47
2004-12-22,86171.07
2004-12-23,86280.12
2004-12-27,85538.9
2004-12-28,87169.01
2004-12-29,87374.94
2004-12-30,87231.73
2004-12-31,86893.3
2005-01-03,85069.67
2005-01-04,81960.7
2005-01-05,80934.73
2005-01-06,80112.78
2005-01-07,80949.77
2005-01-10,80854.39
2005-01-11,79705.71
2005-01-12,81032.03
2005-01-13,78878.16
2005-01-14,80358.76
2005-01-18,81560.09
2005-01-19,78852.66
2005-01-20,75818.36
2005-01-21,74589.73
2005-01-24,72485.5
2005-01-25,73189.55
2005-01-26,74933.52
2005-01-27,74720.88
2005-01-28,73984.64
2005-01-31,75897.27
2005-02-01,76373.2
2005-02-02,76606.63
2005-02-03,74858.33
2005-02-04,77248.69
2005-02-07,76926.02
2005-02-08,77184.04
2005-02-09,74595.53
2005-02-10,74745.08
2005-02-11,76947.01
2005-02-14,77625.27
2005-02-15,78642.51
2005-02-16,78053.09
2005-02-17,75945.13
2005-02-18,75447.23
2005-02-22,73577.25
2005-02-23,73765.54
2005-02-24,75631.37
2005-02-25,76468.97
2005-02-28,74831.27
2005-03-01,76468.96
2005-03-02,76376.23
2005-03-03,75105.65
2005-03-04,75980.31
2005-03-07,78155.91
2005-03-08,76583.52
2005-03-09,76124.85
2005-03-10,75910.71
2005-03-11,74483.01
2005-03-14,75152.83
2005-03-15,73933.59
2005-03-16,72225.61
2005-03-17,72588.99
2005-03-18,71786.52
2005-03-21,72050.37
2005-03-22,70266.17
2005-03-23,70760.59
2005-03-24,70788.24
2005-03-28,71049.98
2005-03-29,69904.66
2005-03-30,72530.63
2005-03-31,71886.44
2005-04-01,70420.01
2005-04-04,71420.16
2005-04-05,71800.54
2005-04-06,71553.38
2005-04-07,73266.97
2005-04-08,72065.15
2005-04-11,71424.08
2005-04-12,72117.38
2005-04-13,69745.12
2005-04-14,67760.97
2005-04-15,64662.04
2005-04-18,64688.87
2005-04-19,65572.04
2005-04-20,64489.58
2005-04-21,68054.54
2005-04-22,65845.48
2005-04-25,66904.3
2005-04-26,65664.12
2005-04-27,65841.23
2005-04-28,64517.19
2005-04-29,65360.28
2005-05-02,65872.33
2005-05-03,66536.43
2005-05-04,68138.54
2005-05-05,68248.97
2005-05-06,68607.6
2005-05-09,69257.92
2005-05-10,68231.16
2005-05-11,68921.56
2005-05-12,68526.31
2005-05-13,70005.51
2005-05-16,70936.04
2005-05-17,71763.87
2005-05-18,73707.02
2005-05-19,74930.72
2005-05-20,75509.14
2005-05-23,76258.1
2005-05-24,76728.63
2005-05-25,76068.82
2005-05-26,77584.8
2005-05-27,77652.76
2005-05-31,77110.8
2005-06-01,78353.03
2005-06-02,79441.75
2005-06-03,77126.73
2005-06-06,77154.02
2005-06-07,75845.26
2005-06-08,75511.29
2005-06-09,76459.5
2005-06-10,74822.51
2005-06-13,75538.94
2005-06-14,74925.36
2005-06-15,75390.89
2005-06-16,76177.9
2005-06-17,76184.04
2005-06-20,76170.97
2005-06-21,76077.61
2005-06-22,75904.02
2005-06-23,74204.57
2005-06-24,72524.59
2005-06-27,71844.69
2005-06-28,73198.51
2005-06-29,72862.25
2005-06-30,71716.53
2005-07-01,71488.72
2005-07-05,72974.57
2005-07-06,72254.2
2005-07-07,72750
2005-07-08,75524.41
2005-07-11,76910.49
2005-07-12,77622.93
2005-07-13,77973.6
2005-07-14,79502.87
2005-07-15,79980.37
2005-07-18,79320.3
2005-07-19,81137.11
2005-07-20,82282.09
2005-07-21,82308.8
2005-07-22,82085.34
2005-07-25,81445.66
2005-07-26,82053.09
2005-07-27,83287.05
2005-07-28,84068.68
2005-07-29,82641.9
2005-08-01,82939.98
2005-08-02,84724.06
2005-08-03,84623.79
2005-08-04,82972.77
2005-08-05,82149.62
2005-08-08,80927.02
2005-08-09,81985.41
2005-08-10,80556.58
2005-08-11,81867.59
2005-08-12,80929.91
2005-08-15,81888.25
2005-08-16,79232.08
2005-08-17,80155.78
2005-08-18,79331.47
2005-08-19,79222.19
2005-08-22,79288.6
2005-08-23,78824.33
2005-08-24,77873.02
2005-08-25,78213.93
2005-08-26,77679.53
2005-08-29,78876.77
2005-08-30,78291.79
2005-08-31,79735.98
2005-09-01,79475
2005-09-02,78847.21
2005-09-06,81150.31
2005-09-07,81419.49
2005-09-08,81366.73
2005-09-09,82255.71
2005-09-12,82700.86
2005-09-13,82268.87
2005-09-14,80384.64
2005-09-15,80286.61
2005-09-16,81254.93
2005-09-19,79960.33
2005-09-20,79289.87
2005-09-21,77522.38
2005-09-22,78070.46
2005-09-23,78499.17
2005-09-26,78523.58
2005-09-27,78143.13
2005-09-28,78167.73
2005-09-29,80253.45
2005-09-30,81301.24
2005-10-03,81696.49
2005-10-04,80606.13
2005-10-05,78374.73
2005-10-06,76296.38
2005-10-07,76640.08
2005-10-10,75785.11
2005-10-11,75014.63
2005-10-12,73209.35
2005-10-13,74338.99
2005-10-14,75425.82
2005-10-17,75886
2005-10-18,74797.51
2005-10-19,77781.53
2005-10-20,76301.45
2005-10-21,77258.06
2005-10-24,79687.43
2005-10-25,79060.9
2005-10-26,78234.27
2005-10-27,75073.46
2005-10-28,76210.69
2005-10-31,78374.06
2005-11-01,78236.49
2005-11-02,80262.45
2005-11-03,82664.66
2005-11-04,83226.65
2005-11-07,83416.67
2005-11-08,83440.72
2005-11-09,83501.94
2005-11-10,85318.22
2005-11-11,85762.5
2005-11-14,85761.06
2005-11-15,84925.67
2005-11-16,85947.36
2005-11-17,88201.84
2005-11-18,88793.81
2005-11-21,89199.02
2005-11-22,89828.48
2005-11-23,90240.21
2005-11-25,90609.55
2005-11-28,89076.16
2005-11-29,88212.43
2005-11-30,87754.06
2005-12-01,90999.52
2005-12-02,91413.47
2005-12-05,90061.02
2005-12-06,90628.06
2005-12-07,90280.42
2005-12-08,88971.21
2005-12-09,89611.1
2005-12-12,90244.24
2005-12-13,90991.6
2005-12-14,90339.39
2005-12-15,90625.32
2005-12-16,89357.52
2005-12-19,86500.9
2005-12-20,86608.31
2005-12-21,87351.04
2005-12-22,88465.71
2005-12-23,88471.82
2005-12-27,86892.21
2005-12-28,86669.82
2005-12-29,85509.01
2005-12-30,84197
2006-01-03,87919.86
2006-01-04,89730.74
2006-01-05,90484.73
2006-01-06,93745.65
2006-01-09,94471.16
2006-01-10,94582.91
2006-01-11,96017.71
2006-01-12,95062.94
2006-01-13,94953.17
2006-01-17,93694.6
2006-01-18,91523.43
2006-01-19,92847.48
2006-01-20,87280.47
2006-01-23,87303.34
2006-01-24,88045.55
2006-01-25,87260.69
2006-01-26,88467.49
2006-01-27,90831.87
2006-01-30,91155.93
2006-01-31,90313.8
2006-02-01,90937.99
2006-02-02,87810.12
2006-02-03,85627.78
2006-02-06,85147.45
2006-02-07,84376.63
2006-02-08,86309.16
2006-02-09,84651.02
2006-02-10,85670.97
2006-02-13,83685.16
2006-02-14,85360.64
2006-02-15,86426.05
2006-02-16,88001.82
2006-02-17,86583.21
2006-02-21,84629.98
2006-02-22,86728.66
2006-02-23,86246.15
2006-02-24,86687.24
2006-02-27,88599.92
2006-02-28,85945.86
2006-03-01,88267.87
2006-03-02,88374.45
2006-03-03,87336.34
2006-03-06,85798.92
2006-03-07,84776.64
2006-03-08,84839.89
2006-03-09,83367.02
2006-03-10,83512.18
2006-03-13,83986.83
2006-03-14,86816.36
2006-03-15,88265.23
2006-03-16,86763.55
2006-03-17,87200.62
2006-03-20,87600.9
2006-03-21,85725.04
2006-03-22,86121.86
2006-03-23,85599.77
2006-03-24,86454.13
2006-03-27,86474.92
2006-03-28,85742.35
2006-03-29,88973.02
2006-03-30,89503.2
2006-03-31,88969.69
2006-04-03,89159.82
2006-04-04,90115.09
2006-04-05,91801.1
2006-04-06,92295.82
2006-04-07,90502.17
2006-04-10,90223.45
2006-04-11,88749.78
2006-04-12,88770.45
2006-04-13,89468.44
2006-04-17,87576.47
2006-04-18,90918.77
2006-04-19,91710.55
2006-04-20,91043.24
2006-04-21,88878.96
2006-04-24,88688
2006-04-25,88286.03
2006-04-26,88222.48
2006-04-27,89886.94
2006-04-28,88120.56
2006-05-01,86372.2
2006-05-02,86809.61
2006-05-03,86537.59
2006-05-04,87934.58
2006-05-05,89300.37
2006-05-08,89447.64
2006-05-09,88747.52
2006-05-10,87163.32
2006-05-11,83250.62
2006-05-12,80981.69
2006-05-15,80840.25
2006-05-16,79612.07
2006-05-17,77434.96
2006-05-18,76351.89
2006-05-19,77505.7
2006-05-22,75989.13
2006-05-23,74488.12
2006-05-24,75473.29
2006-05-25,77435.68
2006-05-26,77927.61
2006-05-30,74553.12
2006-05-31,75228.67
2006-06-01,78775.26
2006-06-02,78366.89
2006-06-05,74938.89
2006-06-06,74803.99
2006-06-07,73665.43
2006-06-08,73416.87
2006-06-09,73015.89
2006-06-12,69565.81
2006-06-13,68990.18
2006-06-14,70380.29
2006-06-15,74177.87
2006-06-16,73067.99
2006-06-19,71868.05
2006-06-20,72039.06
2006-06-21,74291.22
2006-06-22,72543.19325554355
2006-06-23,72327.31182868878
2006-06-26,72594.63350536561
2006-06-27,69880.0158087301
2006-06-28,70733.49769021601
2006-06-29,75011.0140072769
2006-06-30,74291.22
2006-07-03,75154.95298242716
2006-07-05,72193.5924126307
2006-07-06,71772.02208214272
2006-07-07,70198.80477109957
2006-07-10,69036.87965373255
2006-07-11,70167.93881881498
2006-07-12,67391.69285511429
2006-07-13,65242.584464117026
2006-07-14,63905.90398507794
2006-07-17,64214.329197045285
2006-07-18,64574.239718619036
2006-07-19,65972.67012614106
2006-07-20,64173.203131862574
2006-07-21,62723.38654625973
2006-07-24,65036.9451262466
2006-07-25,65674.4779912012
2006-07-26,65808.15234747493
2006-07-27,65139.79859002008
2006-07-28,67741.23962628591
2006-07-31,67607.61483577499
2006-08-01,65294.05174980969
2006-08-02,66497.09842638097
2006-08-03,67607.61483577498
2006-08-04,66990.64275042251
2006-08-07,66178.31847596835
2006-08-08,65345.44243386892
2006-08-09,65314.58549354119
2006-08-10,66147.45252368374
2006-08-11,65499.700099636946
2006-08-14,66096.05733364605
2006-08-15,69540.69760860752
2006-08-16,72851.66352729526
2006-08-17,73314.45004253466
2006-08-18,73211.56503691214
2006-08-21,71874.88455787305
2006-08-22,72059.91355037854
2006-08-23,70846.62478482288
2006-08-24,71391.56880488056
2006-08-25,71669.23170206734
2006-08-28,72697.48246316063
2006-08-29,73160.17885883132
2006-08-30,73807.9808486409
2006-08-31,73725.74223621079
2006-09-01,74394.0644518166
2006-09-05,75730.77196672629
2006-09-06,72779.72107559073
2006-09-07,72131.91908578115
2006-09-08,72851.66352729524
2006-09-11,73828.49206248023
2006-09-12,76697.37643684064
2006-09-13,77581.61162115027
2006-09-14,77499.35949078485
2006-09-15,78250.01945034634
2006-09-18,78188.32359360463
2006-09-19,77242.3204568983
2006-09-20,79535.33177521834
2006-09-21,78507.05848423287
2006-09-22,77149.77667178573
2006-09-25,79998.03267686747
2006-09-26,80656.10379153202
2006-09-27,80244.81610383432
2006-09-28,80717.83569610122
2006-09-29,80100.89515259779
2006-10-02,78147.1749985297
2006-10-03,78702.47375703264
2006-10-04,82311.58224489745
2006-10-05,83391.27776179122
2006-10-06,82928.52278840086
2006-10-09,83339.85553588292
2006-10-10,83802.58347340266
2006-10-11,83494.0951777372
2006-10-12,86270.39971915755
2006-10-13,86928.47984577899
2006-10-16,87093.00213042356
2006-10-17,85396.33002219888
2006-10-18,84213.92523284158
2006-10-19,84933.62010859288
2006-10-20,85139.29098831235
2006-10-23,86661.1131093178
2006-10-24,85838.52872196553
2006-10-25,86887.33125070408
2006-10-26,88275.45197956522
2006-10-27,85776.84187718068
2006-10-30,86784.50482280122
2006-10-31,87298.64597427238
2006-11-01,84933.62010859285
2006-11-02,85015.890262872
2006-11-03,84522.32340893827
2006-11-06,86424.61232514119
2006-11-07,88172.65258753295
2006-11-08,89365.41211533551
2006-11-09,88121.275421409
2006-11-10,89098.04537887432
2006-11-13,90537.57932168686
2006-11-14,92851.22802124245
2006-11-15,93437.31162441814
2006-11-16,94393.57036804412
2006-11-17,94187.90850028154
2006-11-20,94547.81902185529
2006-11-21,94804.8670676987
2006-11-22,95997.63560745813
2006-11-24,95390.96869478813
2006-11-27,91092.89610410355
2006-11-28,91360.18173295289
2006-11-29,92851.22802124245
2006-11-30,92563.31402311445
2006-12-01,91329.39688828013
2006-12-04,93622.3361109452
2006-12-05,94074.7723937178
2006-12-06,93385.88939850985
2006-12-07,91103.13368710948
2006-12-08,92028.6075860627
2006-12-11,92748.3655455121
2006-12-12,91535.04974408585
2006-12-13,91771.4964565212
2006-12-14,93725.21661058928
2006-12-15,94342.18418996333
2006-12-18,92182.81118008953
2006-12-19,91822.96374221388
2006-12-20,91189.11676761968
2006-12-21,89930.18244051031
2006-12-22,88233.36614097569
2006-12-26,88671.24811340093
2006-12-27,89536.09857848015
2006-12-28,88780.74338938865
2006-12-29,88715.03721183915
2007-01-03,88999.70690549345
2007-01-04,92196.26603169856
2007-01-05,90860.65797552717
2007-01-08,91429.91625522391
2007-01-09,92546.54277137676
2007-01-10,94965.83864133595
2007-01-11,96553.12361705539
2007-01-12,97538.41888572108
2007-01-16,97538.41888572108
2007-01-17,95764.95589299506
2007-01-18,91845.944232236
2007-01-19,92119.61032655029
2007-01-22,90313.34381081231
2007-01-23,89886.39334207209
2007-01-24,92612.19487718501
2007-01-25,90094.42535449186
2007-01-26,89470.38338897376
2007-01-29,89995.83454631855
2007-01-30,90236.69711762089
2007-01-31,91353.24252616189
2007-02-01,91462.80989780457
2007-02-02,92250.98663382177
2007-02-05,91933.53144106925
2007-02-06,91517.49445210032
2007-02-07,93695.99984641213
2007-02-08,93728.83941725157
2007-02-09,90805.97342123138
2007-02-12,90083.4037312381
2007-02-13,91068.71702381753
2007-02-14,93794.4734991461
2007-02-15,94790.70928345369
2007-02-16,94473.25409070117
2007-02-20,95567.93649187211
2007-02-21,96191.92438564898
2007-02-22,97209.96910558539
2007-02-23,96334.2051607349
2007-02-26,95458.45022784128
2007-02-27,86262.93781886797
2007-02-28,88112.93936130292
2007-03-01,87193.3953299711
2007-03-02,84139.18907450688
2007-03-05,82978.79148382957
2007-03-06,86011.11670800998
2007-03-07,85222.90392416531
2007-03-08,86810.27901945346
2007-03-09,86503.75533038597
2007-03-12,87302.89060595882
2007-03-13,83996.836203766
2007-03-14,86328.60794859
2007-03-15,86087.74537728765
2007-03-16,85770.28117257827
2007-03-19,87499.92803099545
2007-03-20,88671.24811340091
2007-03-21,91955.38543648245
2007-03-22,91408.04423589699
2007-03-23,90608.87291249666
2007-03-26,91309.48947555119
2007-03-27,90337.31561609029
2007-03-28,88465.08157605355
2007-03-29,88355.6313598502
2007-03-30,88662.20912065892
2007-04-02,88333.70526878205
2007-04-03,90884.70187646012
2007-04-04,91421.23774075675
2007-04-05,92406.60510507743
2007-04-09,91957.7105213553
2007-04-10,92669.35771962043
2007-04-11,90775.26067221364
2007-04-12,92351.89351491105
2007-04-13,92680.3072472192
2007-04-16,94300.68412857047
2007-04-17,94683.89055865684
2007-04-18,94322.61923159551
2007-04-19,94399.25691283004
2007-04-20,95822.56032131717
2007-04-23,95866.35843171226
2007-04-24,96632.80733971248
2007-04-25,99413.73501500789
2007-04-26,100453.87705319302
2007-04-27,100563.30924548263
2007-04-30,97935.65693265629
2007-05-01,98537.82687884747
2007-05-02,99796.94144509427
2007-05-03,100563.30924548265
2007-05-04,100804.21687656935
2007-05-07,100574.31284482265
2007-05-08,100519.52014704444
2007-05-09,101264.02494006277
2007-05-10,98723.94181215597
2007-05-11,101045.05241200108
2007-05-14,99588.90943267451
2007-05-15,98154.62946071799
2007-05-16,99983.06539035965
2007-05-17,98910.10180524884
2007-05-18,100530.51473442759
2007-05-21,101931.93711163092
2007-05-22,102052.33685543304
2007-05-23,101154.56571190254
2007-05-24,98296.98233145887
2007-05-25,99348.08290919964
2007-05-29,100618.11095521774
2007-05-30,102402.6856907662
2007-05-31,103694.66686372305
2007-06-01,103607.07064293289
2007-06-04,103902.69887614282
2007-06-05,104045.00668709935
2007-06-06,101669.16647317412
2007-06-07,98275.0562403907
2007-06-08,100913.66709277268
2007-06-11,100508.60666727314
2007-06-12,99150.96437655114
2007-06-13,101110.79463737806
2007-06-14,102895.42344466774
2007-06-15,104833.30959051276
2007-06-18,104723.78727865443
2007-06-19,104592.41097138292
2007-06-20,102720.21297917368
2007-06-21,104647.20366916113
2007-06-22,102599.79521145781
2007-06-25,102096.15298974184
2007-06-26,100946.53369948274
2007-06-27,103245.79030391468
2007-06-28,103508.5429184577
2007-06-29,104154.47492721646
2007-07-02,105479.34073079712
2007-07-03,106694.5490431664
2007-07-05,107909.9015468456
2007-07-06,109212.79619957374
2007-07-09,109311.26084035085
2007-07-10,107526.64104501803
2007-07-11,109344.1634948884
2007-07-12,112168.86224470826
2007-07-13,113822.15079255395
2007-07-16,113701.6969770106
2007-07-17,114840.33069184344
2007-07-18,114960.81154325741
2007-07-19,115464.46277693026
2007-07-20,114489.99988042402
2007-07-23,114303.88494711553
2007-07-24,111194.46243190013
2007-07-25,111347.80087806727
2007-07-26,108884.25629986942
2007-07-27,104548.6128609879
2007-07-30,107493.85554591981
2007-07-31,102917.27744008097
2007-08-01,104165.47852655649
2007-08-02,106223.82749990173
2007-08-03,102008.53874503798
2007-08-06,104012.17612821684
2007-08-07,105293.11765400622
2007-08-08,108380.68617380843
2007-08-09,102972.03409003171
2007-08-10,101034.11189635922
2007-08-13,102347.98311255674
2007-08-14,99085.28523487231
2007-08-15,95417.48187190396
2007-08-16,93227.77461520096
2007-08-17,96545.19309500864
2007-08-20,97169.25308444048
2007-08-21,99906.41869716828
2007-08-22,102238.50586048278
2007-08-23,101822.39677585887
2007-08-24,104833.30959051281
2007-08-27,102775.00567695194
2007-08-28,98373.59297682282
2007-08-29,103782.24506059953
2007-08-30,105380.72288675325
2007-08-31,107220.10834399368
2007-09-04,110964.5313642828
2007-09-05,108676.32341897523
2007-09-06,108391.58162966596
2007-09-07,104811.39251140153
2007-09-10,104647.20366916119
2007-09-11,107296.76404914194
2007-09-12,107767.54867610474
2007-09-13,108238.37836285187
2007-09-14,108227.34772764126
2007-09-17,106409.93342125334
2007-09-18,111960.91133990031
2007-09-19,112628.77845168409
2007-09-20,111906.11864212209
2007-09-21,113263.74290893033
2007-09-24,114489.99988042396
2007-09-25,116482.69674796093
2007-09-26,117522.82977418917
2007-09-27,119066.55095039216
2007-09-28,118354.93078799764
2007-10-01,120380.42216658969
2007-10-02,120654.08826090398
2007-10-03,118792.83979629351
2007-10-04,119340.25309253395
2007-10-05,124858.39144034151
2007-10-08,125800.00575405144
2007-10-09,127223.26410275423
2007-10-10,127934.92932493311
2007-10-11,124212.39634788466
2007-10-12,127803.57104157534
2007-10-15,125668.6114228662
2007-10-16,125088.28646013135
2007-10-17,127759.75490726653
2007-10-18,128624.73153974194
2007-10-19,122471.59268686066
2007-10-22,125055.49194907628
2007-10-23,129391.1353879578
2007-10-24,128591.8288852044
2007-10-25,127135.70392979156
2007-10-26,128734.22681572965
2007-10-29,129993.26928632149
2007-10-30,130015.2043893465
2007-10-31,134088.1222495556
2007-11-01,130069.94301538345
2007-11-02,131449.5204091305
2007-11-05,129850.97949927866
2007-11-06,131985.98417777216
2007-11-07,125810.95528165021
2007-11-08,116822.1050676522
2007-11-09,110176.26450869686
2007-11-12,104395.36453438943
2007-11-13,112847.75097974578
2007-11-14,111314.91624744344
2007-11-15,109212.79619957374
2007-11-16,111358.72336979539
2007-11-19,108522.98497280804
2007-11-20,109333.2410031602
2007-11-21,105982.91085685811
2007-11-23,108566.80110711686
2007-11-26,105654.50613650684
2007-11-27,108917.15895440691
2007-11-28,115453.49522541769
2007-11-29,116329.37632570752
2007-11-30,115464.4627769302
2007-12-03,113351.30308189303
2007-12-04,112267.4620648384
2007-12-05,116241.78911687422
2007-12-06,118836.66494255922
2007-12-07,119635.88132574392
2007-12-10,120336.61504423777
2007-12-11,115146.89944069526
2007-12-12,116690.7377723376
2007-12-13,114971.74304694241
2007-12-14,113209.00428289338
2007-12-17,108019.38781087645
2007-12-18,108216.41622395623
2007-12-19,109212.79619957376
2007-12-20,113733.04056300936
2007-12-21,117678.70058023722
2007-12-24,119063.15344265167
2007-12-26,120274.5587092212
2007-12-27,116928.78861309604
2007-12-28,116605.78205491074
2007-12-31,114471.40821339824
2008-01-02,110814.1037801851
2008-01-03,111448.65368741528
2008-01-04,101803.60684578196
2008-01-07,100488.42889583808
2008-01-08,95861.96960871595
2008-01-09,98930.90140170806
2008-01-10,98988.57792568512
2008-01-11,96254.26910328557
2008-01-14,98769.32602696044
2008-01-15,94258.42706280049
2008-01-16,91489.46726623033
2008-01-17,88974.32923494362
2008-01-18,88489.8103857088
2008-01-22,83678.76819794632
2008-01-23,84417.16288420581
2008-01-24,86874.60636760171
2008-01-25,83067.33396009133
2008-01-28,84336.42476259479
2008-01-29,84728.68820933693
2008-01-30,84624.8434303076
2008-01-31,86586.11560423394
2008-02-01,89412.78797260864
2008-02-04,86286.20669151007
2008-02-05,82178.9712995346
2008-02-06,78683.21520519847
2008-02-07,80298.41922330555
2008-02-08,81336.78590598701
2008-02-11,83159.62541041152
2008-02-12,82548.1731486428
2008-02-13,85490.1444932304
2008-02-14,82790.41454934647
2008-02-15,82490.50563662262
2008-02-19,81705.99676705209
2008-02-20,82455.88169832264
2008-02-21,81198.36224844208
2008-02-22,81913.58719358516
2008-02-25,82248.18312830711
2008-02-26,83009.63941220056
2008-02-27,83540.33552844453
2008-02-28,81740.52157382648
2008-02-29,79306.25684350387
2008-03-03,77587.18101049685
2008-03-04,78221.73091772702
2008-03-05,79721.59991179372
2008-03-06,75660.5327748705
2008-03-07,75256.71149344077
2008-03-10,72257.05010694079
2008-03-11,78810.1215818618
2008-03-12,77275.70975710696
2008-03-13,78521.74797393334
2008-03-14,75360.52923659948
2008-03-17,73422.28711845806
2008-03-18,79779.25841185704
2008-03-19,75799.00149219982
2008-03-20,77944.86557872339
2008-03-24,84336.42476259486
2008-03-25,84970.9205980838
2008-03-26,83298.07610382714
2008-03-27,81590.56261148615
2008-03-28,80356.06871141207
2008-03-31,80702.24501071378
2008-04-01,87486.07665328427
2008-04-02,88085.97558634385
2008-04-03,88235.92553672734
2008-04-04,88674.41131026298
2008-04-07,88178.26703666402
2008-04-08,87393.75816709349
2008-04-09,85490.14449323047
2008-04-10,87520.67355571364
2008-04-11,82825.074535474
2008-04-14,81625.21358565676
2008-04-15,81740.52157382653
2008-04-16,87785.98556600812
2008-04-17,87970.5864905622
2008-04-18,91477.85085382313
2008-04-21,92700.86352084304
2008-04-22,90912.59388297728
2008-04-23,91881.69466514503
2008-04-24,93127.72387001454
2008-04-25,93219.9882844641
2008-04-28,93543.04891439063
2008-04-29,94696.75963306933
2008-04-30,93277.6828323549
2008-05-01,99115.4933143053
2008-05-02,100199.94714442719
2008-05-05,98907.78573233291
2008-05-06,101076.76548823164
2008-05-07,97142.63176384232
2008-05-08,97269.56517637623
2008-05-09,97211.89766435603
2008-05-12,100846.0233444959
2008-05-13,101434.44104450129
2008-05-14,100592.21960312621
2008-05-15,104526.37135142928
2008-05-16,104526.37135142928
2008-05-19,103511.10231420926
2008-05-20,101630.5502379802
2008-05-21,97454.14807701661
2008-05-22,97258.0118476671
2008-05-23,96934.96022969745
2008-05-27,100211.54553292073
2008-05-28,101376.76452052426
2008-05-29,103222.68364649647
2008-05-30,104411.02731543205
2008-06-02,102069.00897564524
2008-06-03,100822.99779468948
2008-06-04,102541.98350812779
2008-06-05,106418.45873245377
2008-06-06,99369.26100784756
2008-06-09,99173.16983828241
2008-06-10,97880.97237836063
2008-06-11,93393.06291617967
2008-06-12,93566.11952398147
2008-06-13,97073.42894702677
2008-06-16,98469.3990903229
2008-06-17,97984.81715738997
2008-06-18,95815.83740149123
2008-06-19,98527.06660234308
2008-06-20,93681.49960780621
2008-06-23,91593.26698547536
2008-06-24,91019.67395452346
2008-06-25,92981.79325239571
2008-06-26,86402.90252103811
2008-06-27,86645.27008913798
2008-06-30,84660.07116971804
2008-07-01,86876.12938831306
2008-07-02,82617.17770240728
2008-07-03,82178.5477375617
2008-07-07,83425.03655223164
2008-07-08,86379.78685166292
2008-07-09,83090.37753381161
2008-07-10,84521.53936869062
2008-07-11,81913.02845225917
2008-07-14,80724.306281135
2008-07-15,80378.01282639396
2008-07-16,84221.4321929156
2008-07-17,83863.70256490473
2008-07-18,82801.83269870261
2008-07-21,82871.06255138884
2008-07-22,82801.83269870262
2008-07-23,84694.72214388865
2008-07-24,81797.66639234818
2008-07-25,83990.62696548176
2008-07-28,81439.83763281173
2008-07-29,83875.21083382954
2008-07-30,85317.96204524518
2008-07-31,85029.39017426556
2008-08-01,82974.90733041817
2008-08-04,81312.90422027782
2008-08-05,86310.5930468042
2008-08-06,88895.97026994673
2008-08-07,87972.61418085829
2008-08-08,91423.59887345722
2008-08-11,93143.4046749708
2008-08-12,93512.73269147519
2008-08-13,93062.61248161856
2008-08-14,95290.16094522463
2008-08-15,95347.88252898605
2008-08-18,93281.92746404135
2008-08-19,90950.41706596661
2008-08-20,90431.02194363941
2008-08-21,89357.6438085125
2008-08-22,91873.77315505507
2008-08-25,88457.34030510114
2008-08-26,88099.52956947843
2008-08-27,88976.70839155774
2008-08-28,89461.52463536932
2008-08-29,86656.80539393339
2008-09-02,84475.40716146585
2008-09-03,82928.75709927962
2008-09-04,77584.88296149466
2008-09-05,77319.41774793334
2008-09-08,76442.24793781091
2008-09-09,73568.3033496672
2008-09-10,74237.68897618382
2008-09-11,77238.60753066736
2008-09-12,77538.71470644239
2008-09-15,72471.7960272298
2008-09-16,72944.98684667725
2008-09-17,65673.62636127688
2008-09-18,70417.29065349021
2008-09-19,73106.62079914454
2008-09-22,67578.01506343084
2008-09-23,66250.6799836674
2008-09-24,67624.19233043997
2008-09-25,68316.70263828865
2008-09-26,67866.54638060454
2008-09-29,54766.42792393109
2008-09-30,60456.663106133645
2008-10-01,58875.353057819964
2008-10-02,54131.69327158506
2008-10-03,51650.151815515
2008-10-06,46814.06089362841
2008-10-07,42128.0686194137
2008-10-08,41054.62740058869
2008-10-09,37880.643226346474
2008-10-10,38446.18407383377
2008-10-13,47899.04192322727
2008-10-14,43455.34512145746
2008-10-15,35514.502131004105
2008-10-16,39554.21768910971
2008-10-17,39473.39395390842
2008-10-20,42128.0686194137
2008-10-21,37892.178531141886
2008-10-22,35329.82911079504
2008-10-23,35006.6535784184
2008-10-24,32986.86902151518
2008-10-27,31059.3466260723
2008-10-28,37557.47445293749
2008-10-29,37961.39035991437
2008-10-30,39935.067492474205
2008-10-31,40142.86068803688
2008-11-03,40327.52920226751
2008-11-04,42624.321036495116
2008-11-05,37972.98424242944
2008-11-06,34383.42268901873
2008-11-07,35883.84591843301
2008-11-10,35283.65860275356
2008-11-11,33887.104935250005
2008-11-12,30459.16832234971
2008-11-13,34025.60519442836
2008-11-14,30678.490063740148
2008-11-17,29489.64848418743
2008-11-18,29224.16074073394
2008-11-19,26200.223395411587
2008-11-20,23811.016196456832
2008-11-21,25680.774201343153
2008-11-24,28739.44362844794
2008-11-25,28543.16771376693
2008-11-26,30897.72168556187
2008-11-28,30516.86287024051
2008-12-01,25980.89714804271
2008-12-02,27642.93630601054
2008-12-03,29027.970439643203
2008-12-04,27469.79183162923
2008-12-05,29674.326010374923
2008-12-08,32028.875476191428
2008-12-09,31774.911772587264
2008-12-10,31740.348664996163
2008-12-11,29985.963984966933
2008-12-12,31151.687642155248
2008-12-15,30066.706612556387
2008-12-16,32894.530258421415
2008-12-17,32121.205227328308
2008-12-18,31082.39470577093
2008-12-19,31428.69041350119
2008-12-22,30205.20687173475
2008-12-23,29824.350309402605
2008-12-24,29905.153767700944
2008-12-26,29928.206353378024
2008-12-29,29166.472951810778
2008-12-30,30493.814790541852
2008-12-31,31036.22870370788
2009-01-02,33771.72259843603
2009-01-05,33771.72259843603
2009-01-06,34464.24191824158
2009-01-07,32536.721775787923
2009-01-08,33240.75161750749
2009-01-09,31763.392238716384
2009-01-12,30586.14904765718
2009-01-13,30551.504832454237
2009-01-14,28716.323453094323
2009-01-15,29558.862565949126
2009-01-16,30297.547887817724
2009-01-20,27412.10404270608
2009-01-21,29512.69205790764
2009-01-22,28889.46342149719
2009-01-23,29004.85477026802
2009-01-26,29443.48022913516
2009-01-27,29928.206353378027
2009-01-28,31925.014926237574
2009-01-29,30389.882144933035
2009-01-30,29235.693792540133
2009-02-02,29997.499289762352
2009-02-03,30955.490582096867
2009-02-04,30978.54316777395
2009-02-05,32386.690717792582
2009-02-06,34037.131487266895
2009-02-09,34418.06690422166
2009-02-10,31832.676163143828
2009-02-11,31601.837140871714
2009-02-12,32317.39778140826
2009-02-13,31971.18543427906
2009-02-17,29547.3385260998
2009-02-18,29466.528308833807
2009-02-19,28623.991448968223
2009-02-20,28704.799413244993
2009-02-23,26731.10650976063
2009-02-24,28393.152426696113
2009-02-25,28069.970135351818
2009-02-26,26546.437995530006
2009-02-27,25992.42569387047
2009-03-02,24353.50896424548
2009-03-03,24307.347468160868
2009-03-04,25542.269436186354
2009-03-05,24064.910057395242
2009-03-06,23695.564016977118
2009-03-09,22622.185881850204
2009-03-10,25380.721097309346
2009-03-11,26142.454498876592
2009-03-12,27908.4330614209
2009-03-13,28116.14514937174
2009-03-16,27088.921751361784
2009-03-17,29131.828736607844
2009-03-18,29870.509552498006
2009-03-19,29858.992271616335
2009-03-20,28993.323971451046
2009-03-23,32409.741050480447
2009-03-24,31267.069978969215
2009-03-25,31474.86092154268
2009-03-26,33448.54030709174
2009-03-27,32109.68344046821
2009-03-30,30482.21865503757
2009-03-31,31174.733468864684
2009-04-01,32040.399516040758
2009-04-02,34094.89813081268
2009-04-03,35341.427499288555
2009-04-06,35133.63430372587
2009-04-07,33206.11190828299
2009-04-08,34464.24191824159
2009-04-09,36530.187971229425
2009-04-13,36437.85146112489
2009-04-14,35502.98259713321
2009-04-15,35456.80758311329
2009-04-16,37211.18775716408
2009-04-17,37234.30117355005
2009-04-20,34833.58795865971
2009-04-21,35837.6731574023
2009-04-22,36160.85319575738
2009-04-23,36911.12338818419
2009-04-24,38134.54609924175
2009-04-27,38169.1790494986
2009-04-28,37638.21032155927
2009-04-29,38642.37888090292
2009-04-30,39381.05293782543
2009-05-01,39588.864157301854
2009-05-04,41262.41158419448
2009-05-05,41135.42409991935
2009-05-06,41123.91583099455
2009-05-07,39161.75597931638
2009-05-08,39300.242720559436
2009-05-11,39542.68238431428
2009-05-12,38561.56866363692
2009-05-13,36426.33192725398
2009-05-14,37211.18775716406
2009-05-15,37130.368527941195
2009-05-18,39104.05692544713
2009-05-19,39554.217689109675
2009-05-20,39231.03089178694
2009-05-21,37799.833009080445
2009-05-22,37511.29943891753
2009-05-26,40373.71097525505
2009-05-27,39704.23522916972
2009-05-28,40777.62688223194
2009-05-29,41666.40409280476
2009-06-01,44182.51090945515
2009-06-02,44182.51090945515
2009-06-03,44067.12181367353
2009-06-04,44955.84044652669
2009-06-05,45071.21151839456
2009-06-08,44724.99015930849
2009-06-09,45475.208532983284
2009-06-10,45117.379773446824
2009-06-11,45071.21151839456
2009-06-12,44748.03823900713
2009-06-15,42820.60145715453
2009-06-16,42070.31098782476
2009-06-17,42774.410672210084
2009-06-18,42555.100195765735
2009-06-19,43513.10275304633
2009-06-22,41054.62740058865
2009-06-23,40823.78612532732
2009-06-24,42151.14373498292
2009-06-25,43870.854910949376
2009-06-26,44032.484357438225
2009-06-29,44159.462829756485
2009-06-30,43974.785303568984
2009-07-01,44043.99713234146
2009-07-02,42151.143734982914
2009-07-06,41758.74060290927
2009-07-07,39669.58876097754
2009-07-08,40027.40850855712
2009-07-09,40108.24125571529
2009-07-10,40512.20672845496
2009-07-13,42012.63446384768
2009-07-14,42312.75065157958
2009-07-15,45128.978161940315
2009-07-16,46213.88258990576
2009-07-17,46710.22062057746
2009-07-20,47622.032392913614
2009-07-21,48360.715461793
2009-07-22,49053.22126366324
2009-07-23,51269.29750617199
2009-07-24,51223.115733184415
2009-07-27,51303.87187870917
2009-07-28,51638.63904061168
2009-07-29,51223.115733184415
2009-07-30,51811.704660370364
2009-07-31,51453.96602040262
2009-08-03,53012.06126781553
2009-08-04,52977.504919192084
2009-08-05,52250.3301192375
2009-08-06,51338.513840922904
2009-08-07,52515.817862690994
2009-08-10,51950.20041357029
2009-08-11,51015.33605555705
2009-08-12,52585.03870342034
2009-08-13,53115.99166043513
2009-08-14,51904.04117047489
2009-08-17,48880.09256020645
2009-08-18,50253.60040100058
2009-08-19,50957.62798973093
2009-08-20,52192.65359526044
2009-08-21,53485.33319487483
2009-08-24,53404.52748358728
2009-08-25,53762.36074910217
2009-08-26,53623.85598394537
2009-08-27,53843.08985875631
2009-08-28,53970.045801182394
2009-08-31,52827.38824760647
2009-09-01,50865.29598560483
2009-09-02,50761.44219461863
2009-09-03,51453.966020402615
2009-09-04,53623.85598394536
2009-09-08,54697.216095158525
2009-09-09,55609.041385429984
2009-09-10,56647.79107627848
2009-09-11,56740.11857442614
2009-09-14,57190.28835004556
2009-09-15,57571.14265938849
2009-09-16,59256.3110046668
2009-09-17,59210.151761571404
2009-09-18,59498.669560809794
2009-09-21,59752.55440979133
2009-09-22,60006.511354427836
2009-09-23,59383.22188730851
2009-09-24,58367.5247821371
2009-09-25,57351.823170987256
2009-09-28,59290.85383535494
2009-09-29,58794.62845414414
2009-09-30,58829.19832070289
2009-10-01,55401.26170780261
2009-10-02,55020.39838650281
2009-10-05,55932.23268873116
2009-10-06,57871.27687103414
2009-10-07,58205.9629253248
2009-10-08,58736.86181059838
2009-10-09,59337.03560834253
2009-10-12,59625.639021171206
2009-10-13,59614.040632677694
2009-10-14,61253.036216925306
2009-10-15,61033.72574048096
2009-10-16,60248.865404592434
2009-10-19,61356.91253780368
2009-10-20,61426.16942636051
2009-10-21,61183.75229249785
2009-10-22,61726.24055430806
2009-10-23,61229.907029614806
2009-10-26,60791.36267835951
2009-10-27,58990.80974327801
2009-10-28,56301.56521121397
2009-10-29,58159.80818820784
2009-10-30,55055.049360673416
2009-11-02,55493.59821790714
2009-11-03,55874.46153920694
2009-11-04,56059.13005343756
2009-11-05,58771.49476085521
2009-11-06,59498.669560809794
2009-11-09,62049.4183396739
2009-11-10,62245.608640764636
2009-11-11,63099.752901080596
2009-11-12,62441.875543488764
2009-11-13,63492.13350326206
2009-11-16,64784.840138747066
2009-11-17,65131.1200755528
2009-11-18,64461.64883544589
2009-11-19,62384.122417878294
2009-11-20,61841.70625172305
2009-11-23,63711.452991663275
2009-11-24,63307.474000988295
2009-11-25,63838.435969959966
2009-11-27,61934.0202319354
2009-11-30,62003.25008462162
2009-12-01,63319.06788350337
2009-12-02,63538.292746357445
2009-12-03,63018.93817783616
2009-12-04,63642.24566886923
2009-12-07,63018.93817783616
2009-12-08,62245.608640764614
2009-12-09,63492.13350326204
2009-12-10,64138.47105008002
2009-12-11,63676.79751151424
2009-12-14,64842.58875837908
2009-12-15,64161.609249347384
2009-12-16,64334.76048269635
2009-12-17,62788.092396596396
2009-12-18,64750.265766209865
2009-12-21,66250.67998366727
2009-12-22,67035.52229564205
2009-12-23,67982.01658399784
2009-12-24,69228.52792855997
2009-12-28,69921.04274238707
2009-12-29,69378.54997459843
2009-12-30,69782.54248320872
2009-12-31,68651.40221051447
2010-01-04,70486.58809585281
2010-01-05,70532.74283296977
2010-01-06,69759.41329589822
2010-01-07,69770.93958873676
2010-01-08,70902.10239132319
2010-01-11,70382.71628095285
2010-01-12,68628.3406128805
2010-01-13,70267.26860745158
2010-01-14,70359.60962353455
2010-01-15,68789.90246969282
2010-01-19,70948.2616344186
2010-01-20,68963.04018510648
2010-01-21,67612.66603760129
2010-01-22,63722.97928450181
2010-01-25,64092.31631296307
2010-01-26,64230.82107811987
2010-01-27,65188.82814137891
2010-01-28,61934.0202319354
2010-01-29,59717.98454323256
2010-02-01,60964.509405729994
2010-02-02,62084.06480786604
2010-02-03,62799.61418345649
2010-02-04,59233.17280539941
2010-02-05,60075.73219515717
2010-02-08,59314.00555255758
2010-02-09,60537.40573372296
2010-02-10,60283.50286082768
2010-02-11,62049.41833967387
2010-02-12,62349.543539362654
2010-02-16,63919.23717526907
2010-02-17,64600.158106581104
2010-02-18,65431.173179586585
2010-02-19,65350.43956395401
2010-02-22,65073.44355157573
2010-02-23,63422.921674489575
2010-02-24,64669.45554894387
2010-02-25,64807.95580812223
2010-02-26,65188.828141378886
2010-03-01,67024.00050878193
2010-03-02,67427.99301739222
2010-03-03,67589.5368502908
2010-03-04,68016.57743859974
2010-03-05,70024.90554533017
2010-03-08,70348.07431873916
2010-03-09,71306.0813819982
2010-03-10,72275.60122016048
2010-03-11,72794.9602946602
2010-03-12,72898.81859162483
2010-03-15,72598.77900552633
2010-03-16,73487.48412044418
2010-03-17,73752.97636987611
2010-03-18,74272.33995035426
2010-03-19,73418.20470199517
2010-03-22,74734.00898294161
2010-03-23,75807.37360013321
2010-03-24,75080.24836594143
2010-03-25,74757.05706264026
2010-03-26,75022.52678218001
2010-03-29,75692.01154022223
2010-03-30,76176.73766446511
2010-03-31,75530.37308177652
2010-04-01,75461.1567470256
2010-04-05,76800.01361364912
2010-04-06,77227.07222587179
2010-04-07,76938.52739076279
2010-04-08,77157.76126557373
2010-04-09,78115.77734078965
2010-04-12,78231.2475441831
2010-04-13,79039.14244183496
2010-04-14,80943.53114398892
2010-04-15,81647.63533435267
2010-04-16,79720.11293890979
2010-04-19,79581.61718570987
2010-04-20,80412.60972882315
2010-04-21,81312.90422027765
2010-04-22,82167.01243276613
2010-04-23,82871.06255138866
2010-04-26,82467.0745487568
2010-04-27,79073.78440404868
2010-04-28,79142.97820890741
2010-04-29,81809.18367322968
2010-04-30,78715.9646564691
2010-05-03,80828.16007212104
2010-05-04,75945.89638920377
2010-05-05,75207.2133203244
2010-05-06,70232.6266452379
2010-05-07,66850.84476945458
2010-05-10,73522.12608265792
2010-05-11,73441.31135941349
2010-05-12,76176.7376644651
2010-05-13,73799.14462492838
2010-05-14,71029.07635766304
2010-05-17,71467.62521489678
2010-05-18,69493.9435763585
2010-05-19,68270.52987725782
2010-05-20,63342.1114572236
2010-05-21,64646.33537359027
2010-05-24,64057.75095238277
2010-05-25,64207.777504399666
2010-05-26,62649.5876314396
2010-05-27,67566.48877059216
2010-05-28,66700.83173537295
2010-06-01,65419.65589870493
2010-06-02,68628.34061288052
2010-06-03,69840.25054903484
2010-06-04,65246.50466535596
2010-06-07,62811.221583906874
2010-06-08,62545.73834643182
2010-06-09,61437.70923713432
2010-06-10,64934.93428044049
2010-06-11,66146.81267474576
2010-06-14,66158.34347356274
2010-06-15,69678.61209058911
2010-06-16,70348.07431873915
2010-06-17,70752.07133332787
2010-06-18,70948.2616344186
2010-06-21,69921.04274238707
2010-06-22,68547.52588963608
2010-06-23,68062.74118767354
2010-06-24,65939.02398516149
2010-06-25,65673.62636127672
2010-06-28,65269.63385266643
2010-06-29,60237.33911175383
2010-06-30,58402.16223837235
2010-07-01,58055.94087928628
2010-07-02,57721.16470542691
2010-07-06,58021.303423050995
2010-07-07,61703.19247460936
2010-07-08,62349.54353936265
2010-07-09,63596.063895881634
2010-07-12,63942.303278881445
2010-07-13,65511.987902830995
2010-07-14,66273.80015902087
2010-07-15,66435.34849789788
2010-07-16,62776.5751157147
2010-07-19,63792.26320892923
2010-07-20,65258.098547871006
2010-07-21,63561.430945624765
2010-07-22,66746.99548444674
2010-07-23,67601.06314312931
2010-07-26,68651.40221051444
2010-07-27,68605.2384614406
2010-07-28,67554.88587612016
2010-07-29,66539.1842649703
2010-07-30,66873.97846274343
2010-08-02,69320.85092072916
2010-08-03,68778.37167087583
2010-08-04,70174.93660332548
2010-08-05,69840.25054903483
2010-08-06,69609.39124985976
2010-08-09,70498.10537673449
2010-08-10,69401.60706625396
2010-08-11,65558.16066386171
2010-08-12,64450.14056652107
2010-08-13,63549.89113485094
2010-08-16,63792.263208929246
2010-08-17,65408.14312380167
2010-08-18,65892.85573010924
2010-08-19,63919.23717526907
2010-08-20,64080.79903208138
2010-08-23,62822.7478767454
2010-08-24,60548.99060428115
2010-08-25,61622.368739408055
2010-08-26,60202.7106674754
2010-08-27,61714.70524951258
2010-08-30,60375.85739484593
2010-08-31,60041.15782261996
2010-09-01,63480.62072835879
2010-09-02,64957.96433622537
2010-09-03,67174.03156677725
2010-09-07,66181.45914293789
2010-09-08,67751.16179080118
2010-09-09,68259.00809039766
2010-09-10,68755.25600150065
2010-09-13,70728.9466519958
2010-09-14,71294.49651143997
2010-09-15,72206.317295733
2010-09-16,72760.30481451114
2010-09-17,73233.51816385076
2010-09-20,75784.35706228358
2010-09-21,75611.19231099932
2010-09-22,75357.2353663628
2010-09-23,75299.53631249355
2010-09-24,78335.119359083
2010-09-27,77527.12532990555
2010-09-28,77642.59553329901
2010-09-29,77192.42125170115
2010-09-30,76511.4237187557
2010-10-01,76349.89340379243
2010-10-04,74676.32344700763
2010-10-05,78265.80839878491
2010-10-06,77019.28353628748
2010-10-07,77446.40523220826
2010-10-08,78392.79588306004
2010-10-11,78623.6281463645
2010-10-12,79777.81649875738
2010-10-13,81012.81506841627
2010-10-14,80701.17258784582
2010-10-15,84106.04309713372
2010-10-18,83863.70256490447
2010-10-19,81866.86920916353
2010-10-20,83067.25285247932
2010-10-21,83402.03803829556
2010-10-22,84556.19935481784
2010-10-25,85248.71416864496
2010-10-26,85756.55596226301
2010-10-27,86368.269570781
2010-10-28,86702.98266094227
2010-10-29,86414.45584974701
2010-11-01,86437.5084354241
2010-11-02,88249.64173508536
2010-11-03,89115.2131567143
2010-11-04,91215.86425561394
2010-11-05,91238.94387716163
2010-11-08,91469.76712850921
2010-11-09,90315.56976415945
2010-11-10,90027.0339410073
2010-11-11,90246.34892343008
2010-11-12,87210.81544260345
2010-11-15,86668.34971068542
2010-11-16,83759.75865434956
2010-11-17,84221.43219291534
2010-11-18,86922.27961945132
2010-11-19,87049.28512764019
2010-11-22,88572.80149653748
2010-11-23,85802.75125318588
2010-11-24,89184.49708114172
2010-11-26,87984.15849761029
2010-11-29,87949.48949952595
2010-11-30,85687.3170976199
2010-12-01,89323.01085825538
2010-12-02,91204.364998646
2010-12-03,91619.85225824577
2010-12-06,91539.06006489352
2010-12-07,91723.74209705945
2010-12-08,92439.2914726499
2010-12-09,92520.10168991589
2010-12-10,93755.10927153165
2010-12-13,93131.79727452014
2010-12-14,93328.06868322271
2010-12-15,92600.902895225
2010-12-16,93916.64859845176
2010-12-17,94205.25651725888
2010-12-20,94401.43780639274
2010-12-21,95394.03276012428
2010-12-22,95486.35124631507
2010-12-23,94978.50044074014
2010-12-27,94990.13487706114
2010-12-28,94713.10732283379
2010-12-29,95093.97064413359
2010-12-30,94609.18143619262
2010-12-31,93985.95955874983
2011-01-03,96871.3808739693
2011-01-04,96698.3242661675
2011-01-05,98383.39798589867
2011-01-06,98983.58530157813
2011-01-07,98856.597817303
2011-01-10,99514.53375261449
2011-01-11,99779.98094226206
2011-01-12,101188.1442632052
2011-01-13,101418.9675145528
2011-01-14,102873.19094706576
2011-01-18,103427.21000769295
2011-01-19,101107.31602202548
2011-01-20,99526.08708132365
2011-01-21,98037.18563876947
2011-01-24,100795.65551754128
2011-01-25,101014.95247605031
2011-01-26,102192.29254564588
2011-01-27,103415.68371485439
2011-01-28,98164.07399151899
2011-01-31,99145.20573611007
2011-02-01,102792.47084936844
2011-02-02,102469.27504008883
2011-02-03,102769.34616803638
2011-02-04,104015.88905444756
2011-02-07,105020.03733688824
2011-02-08,106508.92075552867
2011-02-09,106035.7389480381
2011-02-10,106416.58424542415
2011-02-11,107859.32644488291
2011-02-14,108378.73959112387
2011-02-15,108113.24734169195
2011-02-16,109544.48127222592
2011-02-17,109452.13575016453
2011-02-18,109001.98850443728
2011-02-22,102550.02217365672
2011-02-23,100887.95597981827
2011-02-24,101869.09673636625
2011-02-25,104766.08039225174
2011-02-28,105297.0288432881
2011-03-01,101938.34461296623
2011-03-02,102930.94857865464
2011-03-03,106970.59429409448
2011-03-04,105793.37137993824
2011-03-07,103057.88199118854
2011-03-08,103831.21603423852
2011-03-09,102376.9475419412
2011-03-10,99283.71050126689
2011-03-11,100414.80120819835
2011-03-14,99687.61739628689
2011-03-15,96975.33379648109
2011-03-16,92300.76868357936
2011-03-17,93905.13131757012
2011-03-18,93524.25898431346
2011-03-21,96952.21812710592
2011-03-22,96836.8290313243
2011-03-23,97806.33535155127
2011-03-24,101511.2860007436
2011-03-25,101765.1888736389
2011-03-28,100553.30597335518
2011-03-29,102526.96958797971
2011-03-30,103531.14490629101
2011-03-31,103842.70627924963
2011-04-01,103923.51649651563
2011-04-04,103300.3036310297
2011-04-05,102665.47435313652
2011-04-06,103161.7988658729
2011-04-07,103115.65764669124
2011-04-08,102111.48232837993
2011-04-11,101430.47578347761
2011-04-12,100080.09712999397
2011-04-13,101730.59197120952
2011-04-14,101291.97101832082
2011-04-15,100968.78422099809
2011-04-18,99514.53375261452
2011-04-19,100772.58490795048
2011-04-20,105262.40490498817
2011-04-21,106935.93430796705
2011-04-25,107547.74704801063
2011-04-26,108678.79269515774
2011-04-27,110202.33609992564
2011-04-28,109925.32656961205
2011-04-29,109832.97203559378
2011-05-02,109359.7902281032
2011-05-03,108228.6454494305
2011-05-04,107997.82219808293
2011-05-05,106693.60278769468
2011-05-06,107524.6494025492
2011-05-09,108297.96542168543
2011-05-10,110075.34861565051
2011-05-11,108459.51376056243
2011-05-12,109682.96801346904
2011-05-13,107143.74102146504
2011-05-16,103415.68371485441
2011-05-17,103946.64117784765
2011-05-18,105781.76397948789
2011-05-19,106358.89870949027
2011-05-20,104743.02780657471
2011-05-23,101753.6445568866
2011-05-24,100449.44317041211
2011-05-25,101199.61648430256
2011-05-26,102492.327625766
2011-05-27,103496.48492016355
2011-05-31,106705.12006857636
2011-06-01,102111.48232837995
2011-06-02,102596.19944066595
2011-06-03,99549.13966700077
2011-06-06,97817.86164438985
2011-06-07,97540.87013799
2011-06-08,96063.49498827437
2011-06-09,96340.51353054483
2011-06-10,93501.15232689519
2011-06-13,93362.63854978152
2011-06-14,95705.70227656541
2011-06-15,92346.9639745023
2011-06-16,91562.09462665691
2011-06-17,90938.87274921412
2011-06-20,91827.57786413196
2011-06-21,95740.30819095166
2011-06-22,94459.15037819737
2011-06-23,96213.52604626973
2011-06-24,92854.80576812036
2011-06-27,95867.31369914055
2011-06-28,98637.35493053526
2011-06-29,99502.94437607792
2011-06-30,102065.31407332773
2011-07-01,105193.16604034515
2011-07-05,106185.75198211981
2011-07-06,106797.45657868094
2011-07-07,109879.16732651672
2011-07-08,109198.17880552815
2011-07-11,105366.25869597445
2011-07-12,103611.86500398835
2011-07-13,104512.1685073997
2011-07-14,102111.48232837999
2011-07-15,104800.75840229308
2011-07-18,103715.84496237076
2011-07-19,108459.5137605625
2011-07-20,107443.79412549893
2011-07-21,109013.49677336222
2011-07-22,111183.41377277557
2011-07-25,110802.52341560516
2011-07-26,111195.00314931221
2011-07-27,105574.08343338617
2011-07-28,105908.7784996337
2011-07-29,105158.52407813142
2011-08-01,104396.73435183373
2011-08-02,99006.70998291025
2011-08-03,100761.06762706886
2011-08-04,91527.53377205505
2011-08-05,90292.5532263099
2011-08-08,79720.11293890976
2011-08-09,87095.43535877878
2011-08-10,79962.49853092337
2011-08-11,86991.50046018073
2011-08-12,88445.79598834866
2011-08-15,91042.72654020034
2011-08-16,89507.69289042139
2011-08-17,88526.651265399
2011-08-18,79904.7949710757
2011-08-19,76984.71366972878
2011-08-22,77480.93905093957
2011-08-23,83782.8743237248
2011-08-24,85075.57645323136
2011-08-25,82397.84469607056
2011-08-26,86414.45584974707
2011-08-29,91412.06356866159
2011-08-30,92508.60243294804
2011-08-31,92935.62499734324
2011-09-01,91112.01947658467
2011-09-02,86853.0047069808
2011-09-06,86887.63765723766
2011-09-07,91250.52424174146
2011-09-08,90407.89726230716
2011-09-09,86391.33116841501
2011-09-12,88688.1725684054
2011-09-13,90961.9343468481
2011-09-14,93570.43625132267
2011-09-15,96340.51353054486
2011-09-16,97979.42800718063
2011-09-19,98198.7429896034
2011-09-20,97356.21514169469
2011-09-21,93928.27402281597
2011-09-22,87857.1710133352
2011-09-23,89669.22320538462
2011-09-26,91723.7420970595
2011-09-27,93639.65709205199
2011-09-28,90869.57981282979
2011-09-29,88769.00982154197
2011-09-30,84198.38861919515
2011-10-03,79800.92315617572
2011-10-04,83067.25285247933
2011-10-05,87337.79391492174
2011-10-06,90223.2512779687
2011-10-07,89092.15155908036
2011-10-10,95186.31616619507
2011-10-11,96386.66376168338
2011-10-12,97494.68385902401
2011-10-13,99318.28937978258
2011-10-14,102896.32464035474
2011-10-17,99895.44213369869
2011-10-18,102226.85340024783
2011-10-19,98291.07949970792
2011-10-20,97413.88265371487
2011-10-21,99768.45464942355
2011-10-24,103888.90157017251
2011-10-25,99872.29041649602
2011-10-26,99583.76360530076
2011-10-27,105135.42643266996
2011-10-28,105354.71437922215
2011-10-31,101880.61401724804
2011-11-01,96513.66025791538
2011-11-02,98071.7825411989
2011-11-03,102192.29254564598
2011-11-04,101176.59093449613
2011-11-07,102573.13784303203
2011-11-08,104927.71885069758
2011-11-09,97679.36589118997
2011-11-10,97413.88265371491
2011-11-11,101049.60345022101
2011-11-14,99895.44213369873
2011-11-15,102065.31407332774
2011-11-16,98602.71296832155
2011-11-17,94239.84440773148
2011-11-18,92635.5809052663
2011-11-21,89126.82956912159
2011-11-22,89576.90471919386
2011-11-23,85525.73271091547
2011-11-25,84290.72512929971
2011-11-28,90084.76453672565
2011-11-29,89011.35035377125
2011-11-30,95578.70578033343
2011-12-01,96917.60320076287
2011-12-02,96213.52604626973
2011-12-05,98429.59327682162
2011-12-06,97956.37542150354
2011-12-07,98048.71193160808
2011-12-08,94689.99165345871
2011-12-09,97679.36589118995
2011-12-12,95544.13591377468
2011-12-13,93339.6039880182
2011-12-14,90534.90277049602
2011-12-15,89957.8491481055
2011-12-16,90777.2703385959
2011-12-19,89161.39042372347
2011-12-20,94355.28757525432
2011-12-21,91596.76362474127
2011-12-22,93166.44824869082
2011-12-23,94805.45284489532
2011-12-27,95359.46289356565
2011-12-28,93328.06868322282
2011-12-29,94470.67667103595
2011-12-30,94020.61053292055
2012-01-03,97448.5065920149
2012-01-04,98291.07949970798
2012-01-05,99964.6269266006
2012-01-06,100599.46521645064
2012-01-09,100022.3845581895
2012-01-10,101465.12675764828
2012-01-11,101926.80930817094
2012-01-12,102757.80185128424
2012-01-13,102030.67211111402
2012-01-17,103704.21052604978
2012-01-18,106474.2787933151
2012-01-19,107882.4331023014
2012-01-20,107593.89727914927
2012-01-23,107616.94085286949
2012-01-24,107236.08654352657
2012-01-25,109890.68460739845
2012-01-26,109094.27995475764
2012-01-27,109867.64103367824
2012-01-30,109994.61049403962
2012-01-31,110260.05768368719
2012-02-01,111991.33570629811
2012-02-02,112764.68777326183
2012-02-03,115834.8001326041
2012-02-06,115730.95535357477
2012-02-07,116181.09358734515
2012-02-08,117254.47172247207
2012-02-09,119055.01564559668
2012-02-10,117381.45920674718
2012-02-13,119447.40525973502
2012-02-14,120105.36823091713
2012-02-15,118374.01811265123
2012-02-16,121709.64975729604
2012-02-17,120959.4133597075
2012-02-21,121559.60067538694
2012-02-22,120520.85549051689
2012-02-23,122136.72639343243
2012-02-24,122944.63030304115
2012-02-27,123244.73747881617
2012-02-28,125737.8322635954
2012-02-29,124710.51424003829
2012-03-01,126545.7091373335
2012-03-02,126407.19536021983
2012-03-05,123867.96836821584
2012-03-06,121386.45394801638
2012-03-07,123175.4535543887
2012-03-08,125887.82727376322
2012-03-09,126949.69713996534
2012-03-12,127053.56895486527
2012-03-13,131716.499631446
2012-03-14,132743.7275354344
2012-03-15,133367.02150853217
2012-03-16,133147.67949023878
2012-03-19,135236.77726042928
2012-03-20,135629.22094630884
2012-03-21,135698.45079899507
2012-03-22,135063.69361675688
2012-03-23,135029.05165454315
2012-03-26,139657.3223449964
2012-03-27,140003.65184756496
2012-03-28,138895.6497741381
2012-03-29,137995.3192348561
2012-03-30,137291.2691162336
2012-04-02,140095.98835766953
2012-04-03,140119.00489551912
2012-04-04,136321.74477209288
2012-04-05,137891.45643191304
2012-04-09,135894.70418378394
2012-04-10,131404.8391269619
2012-04-11,132789.85073070237
2012-04-12,135710.03116357487
2012-04-13,131681.87569314608
2012-04-16,128877.21052345137
2012-04-17,133932.53982612732
2012-04-18,133182.34848832313
2012-04-19,130435.31478282114
2012-04-20,129546.60966790328
2012-04-23,127330.55144930826
2012-04-24,125807.01705649722
2012-04-25,132489.82466253912
2012-04-26,134071.04459128407
2012-04-27,135663.88994439316
2012-04-30,133759.40211071362
2012-05-01,134151.85480855007
2012-05-02,134775.07668599286
2012-05-03,131970.47459999626
2012-05-04,125426.17175911118
2012-05-07,125599.30046256796
2012-05-08,124652.83771606121
2012-05-09,124237.31440863395
2012-05-10,123313.97634345925
2012-05-11,123383.26927984356
2012-05-14,121121.05181815315
2012-05-15,120243.87299607386
2012-05-16,118604.88642378311
2012-05-17,113595.67130441821
2012-05-18,110733.29356291897
2012-05-21,116688.93538096316
2012-05-22,116481.16471529265
2012-05-23,117127.49325015376
2012-05-24,115603.94984538585
2012-05-25,115142.28531877694
2012-05-29,118027.82378943572
2012-05-30,116111.80065096077
2012-05-31,115119.2147091861
2012-06-01,108932.74963979433
2012-06-04,110548.62054270989
2012-06-05,111518.1448868506
2012-06-06,116711.97895468333
2012-06-07,115673.26981764076
2012-06-08,118027.8237894357
2012-06-11,114265.079460827
2012-06-12,116688.93538096313
2012-06-13,115119.2147091861
2012-06-14,115996.42957909287
2012-06-15,118835.68263926008
2012-06-18,121074.88356310088
2012-06-19,123544.82663067743
2012-06-20,123891.12008541847
2012-06-21,117589.17580067637
2012-06-22,120013.02270885561
2012-06-25,115350.06499640427
2012-06-26,116919.81270405193
2012-06-27,118281.68160254663
2012-06-28,115742.48164641323
2012-06-29,122898.49809581632
2012-07-02,123683.3404077911
2012-07-03,125714.68054639269
2012-07-05,125853.21234742009
2012-07-06,122690.72743014581
2012-07-09,122344.44298736163
2012-07-10,119897.55250546217
2012-07-11,118512.54991367855
2012-07-12,116411.92585064951
2012-07-13,119782.19044555117
2012-07-16,119181.99411791484
2012-07-17,120313.05778897568
2012-07-18,123637.16314078194
2012-07-19,126314.876874029
2012-07-20,123106.27777344368
2012-07-23,120197.67770515094
2012-07-24,118143.20387326043
2012-07-25,116504.31643249527
2012-07-26,119505.18091523756
2012-07-27,125506.990988334
2012-07-30,125114.51125462695
2012-07-31,124906.80367265455
2012-08-01,124260.44810192284
2012-08-02,123406.30384160687
2012-08-03,127953.8724582766
2012-08-06,130008.29221842588
2012-08-07,132201.2978513438
2012-08-08,131947.33189475042
2012-08-09,132755.32592392786
2012-08-10,133032.3174303277
2012-08-13,133609.38907663195
2012-08-14,133771.0185231208
2012-08-15,134440.39964365898
2012-08-16,137579.80493938556
2012-08-17,138780.17957074448
2012-08-20,139241.84409735337
2012-08-21,138179.97423115125
2012-08-22,139218.7824997194
2012-08-23,137025.79489071525
2012-08-24,138595.49753857855
2012-08-27,139080.3047704333
2012-08-28,139080.3047704333
2012-08-29,139057.1530532306
2012-08-30,136287.10280987903
2012-08-31,138203.0899005265
2012-09-04,137856.83249361295
2012-09-05,137510.58409865625
2012-09-06,143535.44675742977
2012-09-07,143143.0391193777
2012-09-10,139588.14656405133
2012-09-11,139126.4550015718
2012-09-12,140003.65184756485
2012-09-13,143581.615012482
2012-09-14,146282.45342706112
2012-09-17,146374.78993716565
2012-09-18,146651.817491393
2012-09-19,147113.48201800193
2012-09-20,146882.62271882687
2012-09-21,146998.0028026516
2012-09-24,145058.96312632706
2012-09-25,141065.4856659395
2012-09-26,138872.48003302157
2012-09-27,142612.0816563845
2012-09-28,140419.1571310784
2012-10-01,139772.80156034668
2012-10-02,140742.33491644426
2012-10-03,142335.0450902003
2012-10-04,143396.90594444555
2012-10-05,141804.2047826464
2012-10-08,139403.46453188546
2012-10-09,134994.40969232938
2012-10-10,133609.38907663204
2012-10-11,132570.64389176198
2012-10-12,132501.35996733455
2012-10-15,134371.17880292973
2012-10-16,138272.29271734218
2012-10-17,138179.9742311514
2012-10-18,135017.55239757523
2012-10-19,128507.89151890385
2012-10-22,129892.90312264435
2012-10-23,127307.51688754495
2012-10-24,126199.50580216118
2012-10-25,126361.02710516757
2012-10-26,127099.72819796068
2012-10-31,125506.99098833404
2012-11-01,129108.0698226264
2012-11-02,126014.80574608147
2012-11-05,127953.87245827664
2012-11-06,128507.89151890382
2012-11-07,122344.44298736166
2012-11-08,118743.34612915556
2012-11-09,119643.68568039441
2012-11-12,119435.89699081016
2012-11-13,117935.46925541745
2012-11-14,115026.92325886594
2012-11-15,114172.74295072249
2012-11-16,115142.28531877694
2012-11-19,120682.40382939386
2012-11-20,120751.71478969192
2012-11-21,121328.78643599618
2012-11-23,124929.83823441793
2012-11-26,126176.39013278598
2012-11-27,125183.80419101132
2012-11-28,127330.55144930829
2012-11-29,128831.03325644223
2012-11-30,128530.90805675345
2012-12-03,128092.35919951972
2012-12-04,127561.39272456961
2012-12-05,124883.66997936569
2012-12-06,126476.52434443166
2012-12-07,124952.94489183628
2012-12-10,125737.83226359541
2012-12-11,129038.79491015586
2012-12-12,128346.25306045813
2012-12-13,126384.15178649963
2012-12-14,124029.59781470468
2012-12-17,127422.90598332655
2012-12-18,131185.6052521509
2012-12-19,130031.41689975801
2012-12-20,129939.07137769661
2012-12-21,127376.75575218804
2012-12-24,126684.22291444718
2012-12-26,124677.60257354387
2012-12-27,124215.24412625586
2012-12-28,121787.77441141428
2012-12-31,126712.0248013955
2013-01-02,134895.96307546608
2013-01-03,133647.58174985313
2013-01-04,132676.58845674238
2013-01-07,132930.8337839988
2013-01-08,132560.95603812527
2013-01-09,133162.01751362125
2013-01-10,134803.4643501379
2013-01-11,135242.68009218012
2013-01-14,133971.21914501948
2013-01-15,132699.677090247
2013-01-16,133716.88369819435
2013-01-17,134942.19441421644
2013-01-18,134456.65721385516
2013-01-22,134942.19441421644
2013-01-23,136283.05644124385
2013-01-24,132722.801771579
2013-01-25,134063.66379860643
2013-01-28,134618.5119592658
2013-01-29,134109.93118518428
2013-01-30,134225.49150814646
2013-01-31,133439.48665373528
2013-02-01,136560.48052157357
2013-02-04,131774.90612392972
2013-02-05,135866.9383446631
2013-02-06,134849.71371280198
2013-02-07,135127.12878117478
2013-02-08,137878.16379552765
2013-02-11,137901.37859642843
2013-02-12,136768.50352203642
2013-02-13,137739.4878031903
2013-02-14,137577.67811756404
2013-02-15,136907.20655024442
2013-02-19,138826.05944317702
2013-02-20,134549.12890331278
2013-02-21,131659.3908607519
2013-02-22,134271.71383493996
2013-02-25,130919.59932117735
2013-02-26,131867.39583730107
2013-02-27,134526.06730567882
2013-02-28,134086.77045602477
2013-03-01,135173.36913188203
2013-03-04,136421.78650532247
2013-03-05,140536.82625194857
2013-03-06,139750.8123855805
2013-03-07,140536.82625194854
2013-03-08,140698.6089017042
2013-03-11,141669.6112067718
2013-03-12,140675.56532798396
2013-03-13,140190.0551634933
2013-03-14,141184.16412597924
2013-03-15,140398.1412476543
2013-03-18,139658.34069612288
2013-03-19,139265.28419717605
2013-03-20,141005.2857940385
2013-03-21,138016.56041720198
2013-03-22,140588.27551372742
2013-03-25,139499.37878886794
2013-03-26,141121.15252353429
2013-03-27,141468.66259245298
2013-03-28,142233.27306125144
2013-04-01,140194.43497453284
2013-04-02,142418.63099018272
2013-04-03,139823.73714058398
2013-04-04,139939.52276246794
2013-04-05,137553.17460683064
2013-04-08,139036.0019904535
2013-04-09,140796.8212076889
2013-04-10,146357.31575279206
2013-04-11,146079.29688330888
2013-04-12,145963.43015381307
2013-04-15,140240.76544480876
2013-04-16,143994.1012904437
2013-04-17,138364.07048612068
2013-04-18,134471.68014595978
2013-04-19,138201.92735809018
2013-04-22,140866.2853712538
2013-04-23,143600.18865559413
2013-04-24,143484.3669858827
2013-04-25,145013.5518756521
2013-04-26,144202.59291266397
2013-04-29,146820.7285990341
2013-04-30,148859.55767379585
2013-05-01,147608.43671329398
2013-05-02,151269.06655859266
2013-05-03,154860.2592761971
2013-05-06,155995.54955503062
2013-05-07,155810.24569784055
2013-05-08,157362.5011972008
2013-05-09,157061.32159855805
2013-05-10,158729.4708632847
2013-05-13,159262.31182526404
2013-05-14,160860.97890251206
2013-05-15,161486.51685287082
2013-05-16,161208.4979833876
2013-05-17,164150.95597364628
2013-05-20,163687.59719914553
2013-05-21,163988.72272604704
2013-05-22,161370.69518315938
2013-05-23,160351.316693606
2013-05-24,160328.01177313653
2013-05-28,162366.930967467
2013-05-29,160791.42461937852
2013-05-30,162459.6279558464
2013-05-31,159447.6337063679
2013-06-03,160119.54718678695
2013-06-04,158451.4339698878
2013-06-05,154420.0972786834
2013-06-06,155555.26139012072
2013-06-07,159957.3499870152
2013-06-10,160189.01135035182
2013-06-11,156968.66065800618
2013-06-12,153307.94970509564
2013-06-13,157061.32159855808
2013-06-14,155138.2781456803
2013-06-17,157988.07519538703
2013-06-18,160606.08471436094
2013-06-19,157014.928044584
2013-06-20,149346.00508180112
2013-06-21,148048.61673472144
2013-06-24,145059.8372861437
2013-06-25,147075.5056317459
2013-06-26,149577.73854079275
2013-06-27,151060.54790050184
2013-06-28,151199.5663472003
2013-07-01,153377.37782083303
2013-07-02,153423.75335089336
2013-07-03,154721.15070992993
2013-07-05,156968.66065800618
2013-07-08,157246.66150357563
2013-07-09,159169.56076514348
2013-07-10,161092.73038541747
2013-07-11,167742.0765955958
2013-07-12,168970.06386280872
2013-07-15,169757.81703685294
2013-07-16,169317.58294368425
2013-07-17,170082.15736465523
2013-07-18,169224.92200313238
2013-07-19,165795.94450921344
2013-07-22,166606.876436331
2013-07-23,164313.13514950438
2013-07-24,165309.38895772572
2013-07-25,167278.68177326763
2013-07-26,169085.90355643397
2013-07-29,168483.49028740727
2013-07-30,170197.9970582805
2013-07-31,170939.3927261782
2013-08-01,174321.99469003684
2013-08-02,176360.9138843673
2013-08-05,176615.7900486047
2013-08-06,174507.3345950544
2013-08-07,173858.65393944984
2013-08-08,175434.08819188338
2013-08-09,174159.8695859201
2013-08-12,174808.58628935213
2013-08-13,176754.8084953032
2013-08-14,175526.82122809027
2013-08-15,169688.24472980577
2013-08-16,169363.88637808975
2013-08-19,168831.02739219664
2013-08-20,170313.83675190576
2013-08-21,169132.2069908394
2013-08-22,172329.46904968048
2013-08-23,174785.4255601926
2013-08-26,174831.72899459794
2013-08-27,167603.07617281124
2013-08-28,169109.0102138524
2013-08-29,171402.75150067903
2013-08-30,169155.4578395677
2013-09-03,170916.23199701877
2013-09-04,174762.24680711937
2013-09-05,175364.60600440484
2013-09-06,175758.48259142693
2013-09-09,179789.85533045884
2013-09-10,181620.20179495725
2013-09-11,180948.2883145382
2013-09-12,180600.7872575764
2013-09-13,180925.16363320616
2013-09-16,179882.55231883825
2013-09-17,182338.38266195418
2013-09-18,186671.061167025
2013-09-19,187528.2604807204
2013-09-20,186184.43351988227
2013-09-23,185396.68034583805
2013-09-24,185466.2526528854
2013-09-25,184354.14112712513
2013-09-26,187088.11650712046
2013-09-27,186671.06116702507
2013-09-30,185327.23420618696
2013-10-01,189474.44663884403
2013-10-02,189265.94600466694
2013-10-03,184910.1968900053
2013-10-04,187991.60123130746
2013-10-07,184886.98208910454
2013-10-08,177982.68761903382
2013-10-09,176685.2722360835
2013-10-10,184006.5859984221
2013-10-11,187041.72295314638
2013-10-14,189613.42903771496
2013-10-15,188200.19198505318
2013-10-16,192440.01128652095
2013-10-17,194641.03756105446
2013-10-18,200919.7580329389
2013-10-21,201753.86871312972
2013-10-22,202101.45988966027
2013-10-23,199993.07653176493
2013-10-24,201661.20777257785
2013-10-25,204464.64731613806
2013-10-28,204673.1659742289
2013-10-29,205252.38246626858
2013-10-30,204904.84536147927
2013-10-31,203978.10978856403
2013-11-01,204047.59197604266
2013-11-04,204534.11147970296
2013-11-05,205113.38204348384
2013-11-06,204997.50630203116
2013-11-07,197328.6374109895
2013-11-08,202657.5517003679
2013-11-11,202031.88758261295
2013-11-12,202564.78261633357
2013-11-13,207523.01709567689
2013-11-14,208658.1631832005
2013-11-15,209469.095110318
2013-11-18,205623.09832413113
2013-11-19,204209.69905624568
2013-11-20,203422.0179778564
2013-11-21,207268.06883578448
2013-11-22,209631.2382383485
2013-11-25,210558.02788300495
2013-11-26,212759.0721814522
2013-11-27,215678.4054903788
2013-11-29,218064.73562210237
2013-12-02,216952.60607242837
2013-12-03,216605.10501546654
2013-12-04,217022.1423316482
2013-12-05,216628.28376853984
2013-12-06,219663.4026993504
2013-12-09,221377.89144630986
2013-12-10,221122.979234245
2013-12-11,215469.79671271928
2013-12-12,214427.27551792012
2013-12-13,213732.12921268656
2013-12-16,216072.209981746
2013-12-17,215307.63556077506
2013-12-18,220312.08335495502
2013-12-19,218875.64952530622
2013-12-20,223277.73812220068
2013-12-23,228004.16704689746
2013-12-24,228305.32862162645
2013-12-26,229718.60172211574
2013-12-27,228536.98998496312
2013-12-30,227841.93379929825
2013-12-31,230761.21303648362
2014-01-02,227216.37782502576
2014-01-03,223995.9009652839
2014-01-06,222165.60857252672
2014-01-07,226220.06994506315
2014-01-08,227378.5570008837
2014-01-09,225756.74721838988
2014-01-10,227216.3778250257
2014-01-13,220335.2260602008
2014-01-14,228930.9206437264
2014-01-15,232568.32667616743
2014-01-16,232823.22086431857
2014-01-17,230089.3536278057
2014-01-21,233564.6525800437
2014-01-22,234931.60422221388
2014-01-23,233240.2942283277
2014-01-24,223741.09689670138
2014-01-27,219732.84883900153
2014-01-28,219408.47246337179
2014-01-29,214751.61584572235
2014-01-30,222304.66306705258
2014-01-31,221354.69466932284
2014-02-03,211415.31731626904
2014-02-04,214265.02424640706
2014-02-05,213152.93074456052
2014-02-06,218389.09397381832
2014-02-07,226196.94526373094
2014-02-10,228861.36636059266
2014-02-11,234051.19010761764
2014-02-12,234977.94370444663
2014-02-13,238406.9752701068
2014-02-14,239472.6571940655
2014-02-18,241812.77401095245
2014-02-19,238522.76089199074
2014-02-20,240468.96507402803
2014-02-21,239796.99752186777
2014-02-24,242669.99134856154
2014-02-25,241928.57765675013
2014-02-26,241534.68304581428
2014-02-27,244732.0352242241
2014-02-28,244060.0676720638
2014-03-03,240492.08975536012
2014-03-04,246631.86387620107
2014-03-05,247998.8155183712
2014-03-06,247419.59902633153
2014-03-07,245010.07211762096
2014-03-10,245380.71587982855
2014-03-11,243388.24431121338
2014-03-12,245079.55430509956
2014-03-13,238291.06348082656
2014-03-14,234862.10401082135
2014-03-17,239148.2988423494
2014-03-18,244871.03564700874
2014-03-19,242322.50831551343
2014-03-20,243504.06598092482
2014-03-21,237572.84656600218
2014-03-24,233587.83133311686
2014-03-25,234954.8009992008
2014-03-26,228907.72386673922
2014-03-27,226359.08839176144
2014-03-28,227309.07481340494
2014-03-31,230413.67593169413
2014-04-01,238453.2426566846
2014-04-02,239727.56940613038
2014-04-03,235974.21553658167
2014-04-04,223231.38061605397
2014-04-07,219246.32933534114
2014-04-08,223092.3621693555
2014-04-09,230807.5344948025
2014-04-10,216558.76553323364
2014-04-11,211531.10293815294
2014-04-14,214751.61584572226
2014-04-15,216118.4773683237
2014-04-16,221748.57125634488
2014-04-17,221887.67982261203
2014-04-21,225247.0129138287
2014-04-22,228884.58116149344
2014-04-23,224760.5294579959
2014-04-24,229139.40325398959
2014-04-25,221748.57125634485
2014-04-28,223347.1662379379
2014-04-29,226706.6975922057
2014-04-30,227911.48808243158
2014-05-01,229371.06461732616
2014-05-02,228490.66852664374
2014-05-05,230807.5344948024
2014-05-06,224783.69018715536
2014-05-07,223416.75656889894
2014-05-08,223069.12934454094
2014-05-09,224783.69018715536
2014-05-12,231989.25437543748
2014-05-13,232290.34385451148
2014-05-14,229857.6381927276
2014-05-15,226382.28516874835
2014-05-16,229301.61847767493
2014-05-19,232614.73825405492
2014-05-20,230877.1248257634
2014-05-21,235232.83789259757
2014-05-22,237155.84529764787
2014-05-23,240723.76914261028
2014-05-27,246794.02502814514
2014-05-28,245149.10858823304
2014-05-29,248230.4228099665
2014-05-30,248392.6740814795
2014-06-02,247767.10008329325
2014-06-03,247651.3144614093
2014-06-04,249319.4096543947
2014-06-05,253605.67658157775
2014-06-06,256478.5442408753
2014-06-09,256084.75777342188
2014-06-10,256872.49292355235
2014-06-11,256733.42040511264
2014-06-12,252354.5285852052
2014-06-13,253721.53429911658
2014-06-16,254115.30274265623
2014-06-17,254370.28705037606
2014-06-18,257474.88816866526
2014-06-19,256918.83240578513
2014-06-20,257405.3158616179
2014-06-23,257544.33430831638
2014-06-24,257080.9214620744
2014-06-25,260399.48446040472
2014-06-26,260608.36359677042
2014-06-27,262789.7438053242
2014-06-30,263857.2281206572
2014-07-01,269682.14249232464
2014-07-02,270494.3000455767
2014-07-03,273673.5562145887
2014-07-07,272095.58059031743
2014-07-08,265667.36977784993
2014-07-09,269566.0504639071
2014-07-10,267895.1615642915
2014-07-11,271074.453781131
2014-07-14,274625.03862107283
2014-07-15,272722.03776027705
2014-07-16,274787.5242034644
2014-07-17,267547.1738616586
2014-07-18,275738.91649037984
2014-07-21,275112.38722476526
2014-07-22,278848.6724479995
2014-07-23,282259.9684825367
2014-07-24,281703.0115239694
2014-07-25,279219.8929754469
2014-07-28,279544.7559967477
2014-07-29,278709.3295708537
2014-07-30,280844.33424934716
2014-07-31,269380.38612844213
2014-08-01,267454.27861022804
2014-08-04,270958.3797766271
2014-08-05,266943.6971817211
2014-08-06,266409.9189762271
2014-08-07,264831.9613758696
2014-08-08,268521.76292556105
2014-08-11,271770.71756901656
2014-08-12,271376.13804935844
2014-08-13,277293.80348114646
2014-08-14,280148.1425571164
2014-08-15,282747.31708622904
2014-08-18,287226.1695317543
2014-08-19,290382.2649716067
2014-08-20,290544.6424105159
2014-08-21,291542.55441880156
2014-08-22,292354.72999596735
2014-08-25,294489.75269837456
2014-08-26,295185.9443906052
2014-08-27,295209.159191506
2014-08-28,294350.49994079745
2014-08-29,296717.58053264365
2014-09-02,298411.7022570737
2014-09-03,294907.4568993647
2014-09-04,294118.406003531
2014-09-05,297413.73617704684
2014-09-08,298365.2366074447
2014-09-09,293491.8767379164
2014-09-10,298040.4096339714
2014-09-11,297808.31569670496
2014-09-12,294652.2202568525
2014-09-15,288850.5927817408
2014-09-16,293932.75969197985
2014-09-17,295000.2620312266
2014-09-18,299270.28941212734
2014-09-19,298736.6013262021
2014-09-22,293399.0716060546
2014-09-23,291774.63033215434
2014-09-24,297993.98003216996
2014-09-25,285508.86905425106
2014-09-26,291728.2187542666
2014-09-29,290869.5775274718
2014-09-30,291751.4155312537
2014-10-01,282306.36203651084
2014-10-02,282120.75177278713
2014-10-03,287783.1264903217
2014-10-06,286529.9417916963
2014-10-07,278430.8781274407
2014-10-08,289500.42696782504
2014-10-09,279776.8679579279
2014-10-10,265760.17490971176
2014-10-13,257568.3421614218
2014-10-14,257452.26815691797
2014-10-15,254342.56627103957
2014-10-16,250977.64576656267
2014-10-17,257684.28999852948
2014-10-20,265296.0411069201
2014-10-21,279173.49942147284
2014-10-22,276203.05029317155
2014-10-23,284673.4246044432
2014-10-24,289012.97022065
2014-10-27,289778.9144590654
2014-10-28,298341.96773480275
2014-10-29,296044.58561740007
2014-10-30,297483.3805797492
2014-10-31,305536.0146422032
2014-11-03,307299.6546019394
2014-11-04,305396.7258367986
2014-11-05,305211.1155730749
2014-11-06,307253.2610479653
2014-11-07,306557.0693557347
2014-11-10,308901.0793379901
2014-11-11,310664.6832498988
2014-11-12,311824.9907210074
2014-11-13,314424.1111783788
2014-11-14,316303.7169991364
2014-11-17,314354.39468002156
2014-11-18,319251.0955178469
2014-11-19,316303.71699913644
2014-11-20,319158.20026641636
2014-11-21,320341.68649059825
2014-11-24,325447.17634522053
2014-11-25,326421.8014569505
2014-11-26,330668.5599652092
2014-11-28,333615.7942926097
2014-12-01,326004.0071363916
2014-12-02,328603.271785073
2014-12-03,329926.010766832
2014-12-04,329415.42933832505
2014-12-05,329577.9689924579
2014-12-08,324681.3402502876
2014-12-09,327071.5274995521
2014-12-10,316628.7242117473
2014-12-11,319668.7816949234
2014-12-12,312706.8287247894
2014-12-15,306325.1376336921
2014-12-16,296230.2679767789
2014-12-17,306766.03861166927
2014-12-18,321919.75223443826
2014-12-19,324078.00776166
2014-12-22,326307.09726989106
2014-12-23,324170.8309174356
2014-12-24,324542.33982750284
2014-12-26,329139.95184067957
2014-12-29,329000.6269874475
2014-12-30,324333.334523741
2014-12-31,317506.77719364315
2015-01-02,316183.28120750695
2015-01-05,306547.0480596939
2015-01-06,298466.6030983346
2015-01-07,305920.14029189065
2015-01-08,317622.88724597445
2015-01-09,313536.25318740704
2015-01-12,307081.1326717215
2015-01-13,306616.6924623962
2015-01-14,303574.9767791558
2015-01-15,295564.14017267135
2015-01-16,302530.0584038288
2015-01-20,307197.1345805704
2015-01-21,310308.67490565055
2015-01-22,321779.12965941674
2015-01-23,323172.3421439102
2015-01-26,322522.21957520617
2015-01-27,305989.8567902479
2015-01-28,302646.09636050503
2015-01-29,308195.62335409573
2015-01-30,303691.0507836595
2015-02-02,308845.85406628216
2015-02-03,314766.8539221126
2015-02-04,314047.01485505135
2015-02-05,319550.04015118553
2015-02-06,315672.4474442075
2015-02-09,313629.14843883755
2015-02-10,323427.813097301
2015-02-11,325842.80125187564
2015-02-12,333273.0155010485
2015-02-13,338961.7952522163
2015-02-17,339635.2407653035
2015-02-18,340633.6574431739
2015-02-19,343954.130976361
2015-02-20,348528.3479494995
2015-02-23,349340.97412450885
2015-02-24,349782.2355807609
2015-02-25,347971.08458439866
2015-02-26,351500.3831822102
2015-02-27,348435.4887458965
2015-03-02,354704.81875872094
2015-03-03,351221.733475746
2015-03-04,348690.85155580495
2015-03-05,349759.0207798602
2015-03-06,341678.503722846
2015-03-09,343582.5139228113
2015-03-10,331252.8952487518
2015-03-11,327235.9055928867
2015-03-12,331670.7977127931
2015-03-13,328605.83118082443
2015-03-16,337266.7903560128
2015-03-17,338102.66737975046
2015-03-18,344859.54425931856
2015-03-19,345788.4246779692
2015-03-20,350548.3961061413
2015-03-23,348806.96160813636
2015-03-24,346322.47324216936
2015-03-25,330429.41867766937
2015-03-26,328222.426487687
2015-03-27,330894.14726961456
2015-03-30,338955.55897806137
2015-03-31,331172.9411673887
2015-04-01,327757.7339435693
2015-04-02,328082.9934909725
2015-04-06,333472.86465662916
2015-04-07,332311.2955115586
2015-04-08,337584.80429009156
2015-04-09,341813.1784063326
2015-04-10,344554.57963879
2015-04-13,342788.92100071465
2015-04-14,340883.8654137522
2015-04-15,344879.7670905382
2015-04-16,344043.49354069825
2015-04-17,333449.5777600735
2015-04-20,343369.65150150866
2015-04-21,346204.0200810515
2015-04-22,349944.4147566191
2015-04-23,352755.38829612377
2015-04-24,362094.69548893743
2015-04-27,360445.2910945033
2015-04-28,358749.3129069577
2015-04-29,354451.3664836693
2015-04-30,343044.5000975879
2015-05-01,352383.77124257403
2015-05-04,353336.26298822777
2015-05-05,342115.15105717996
2015-05-06,337538.4828317724
2015-05-07,341209.12496115523
2015-05-08,349595.9764561426
2015-05-11,346761.53578094475
2015-05-12,343857.5948943545
2015-05-13,345181.7397413855
2015-05-14,355171.4939333505
2015-05-15,355334.2498744483
2015-05-18,358377.5156142706
2015-05-19,357425.0959642718
2015-05-20,357820.0720100323
2015-05-21,361676.5406901038
2015-05-22,361211.8481459861
2015-05-26,352569.5617454353
2015-05-27,363906.9279201244
2015-05-28,362327.02373708267
2015-05-29,358238.2628566936
2015-06-01,360236.24974291405
2015-06-02,358052.3281625225
2015-06-03,360143.2103001736
2015-06-04,354939.201733033
2015-06-05,353080.71993918205
2015-06-08,345971.655785079
2015-06-09,344856.51624180994
2015-06-10,353777.7046836174
2015-06-11,355032.1330322911
2015-06-12,349224.2152112831
2015-06-15,345925.2261832775
2015-06-16,349410.00571414427
2015-06-17,351361.45485508075
2015-06-18,361351.20904704573
2015-06-19,357913.07540494547
2015-06-22,363209.90712786163
2015-06-23,363860.354127013
2015-06-24,360282.57120123325
2015-06-25,358563.5584519243
2015-06-26,354195.8594824511
2015-06-29,337608.19933012984
2015-06-30,339884.871970642
2015-07-01,345042.34279249865
2015-07-02,345321.1727381002
2015-07-06,343694.9831445669
2015-07-07,345042.3427924986
2015-07-08,333194.03471102763
2015-07-09,332729.30611908244
2015-07-10,343137.35930119106
2015-07-13,354799.87687980087
2015-07-14,359539.12080716883
2015-07-15,360375.46645266376
2015-07-16,370411.72234208527
2015-07-17,381191.42862557113
2015-07-20,384118.69245654455
2015-07-21,383375.31415813515
2015-07-22,375058.2873049875
2015-07-23,371898.5870823865
2015-07-24,364836.13276922243
2015-07-27,358563.5584519243
2015-07-28,364743.1654221369
2015-07-29,367763.36055236834
2015-07-30,371062.31353254645
2015-07-31,370179.5022374225
2015-08-03,368135.049701573
2015-08-04,366415.9288087816
2015-08-05,371991.59047729935
2015-08-06,360375.4664526636
2015-08-07,359167.3956101365
2015-08-10,367298.66800825053
2015-08-11,358098.7938121514
2015-08-12,360236.24974291393
2015-08-13,358935.2115533013
2015-08-14,360096.8167461994
2015-08-17,366090.5971657234
2015-08-18,362559.31593740016
2015-08-19,357680.6750611452
2015-08-20,338072.85582641995
2015-08-21,309079.263749252
2015-08-24,285800.65819383395
2015-08-25,282455.22154011304
2015-08-26,310751.9189924144
2015-08-27,326363.8365503537
2015-08-28,326735.4896517309
2015-08-31,318325.53149932524
2015-09-01,299089.3833898909
2015-09-02,315305.37241692125
2015-09-03,311866.98644002853
2015-09-04,304572.23992654687
2015-09-08,321671.0943204424
2015-09-09,314608.35162465845
2015-09-10,321159.8640310407
2015-09-11,324784.00446296704
2015-09-14,322786.1617680565
2015-09-15,330266.84297570924
2015-09-16,334123.3116557807
2015-09-17,334448.6072510113
2015-09-18,325155.8738513091
2015-09-21,327060.8212947891
2015-09-22,317349.75285711576
2015-09-23,317535.6515034593
2015-09-24,315584.13026686787
2015-09-25,310008.5046461776
2015-09-28,292352.0624567338
2015-09-29,289471.3183471306
2015-09-30,302248.92139726825
2015-10-01,305036.7522315272
2015-10-02,315723.527215755
2015-10-05,325062.7623129137
2015-10-06,321996.1736287082
2015-10-07,325620.38615628943
2015-10-08,328222.42648768716
2015-10-09,330963.89981579944
2015-10-12,332868.81121145195
2015-10-13,328268.82004166115
2015-10-14,327525.40569542424
2015-10-15,338258.68237710855
2015-10-16,341232.339762056
2015-10-19,345088.84448995494
2015-10-20,341511.0976120027
2015-10-21,337189.97243564104
2015-10-22,350989.80175370345
2015-10-23,370597.7291319112
2015-10-26,371155.17273614946
2015-10-27,372409.7813239606
2015-10-28,378682.42773691367
2015-10-29,377520.7864961881
2015-10-30,374221.83351600997
2015-11-02,382771.1886173028
2015-11-03,385326.8353947265
2015-11-04,385419.69459832954
2015-11-05,382817.7984582417
2015-11-06,383746.96725951217
2015-11-09,375615.7669570531
2015-11-10,373339.0943165409
2015-11-11,372595.64392247656
2015-11-12,365254.25152022846
2015-11-13,351036.30345115985
2015-11-16,361026.0215952974
2015-11-17,361490.6780915876
2015-11-18,375151.1104607629
2015-11-19,375801.59350774175
2015-11-20,380773.34592239215
2015-11-23,378729.0015300251
2015-11-24,378264.23689025245
2015-11-25,378635.8899916297
2015-11-27,379843.9968819843
2015-11-30,377799.65248961723
2015-12-01,385373.2289487006
2015-12-02,380819.70342853887
2015-12-03,367716.8949027393
2015-12-04,384676.2442042653
2015-12-07,381377.32727191463
2015-12-08,381516.6881729742
2015-12-09,369854.24269001937
2015-12-10,373060.26437093946
2015-12-11,356054.341276302
2015-12-14,361583.5372951908
2015-12-15,365765.3736661478
2015-12-16,376034.0298993694
2015-12-17,365626.01276508824
2015-12-18,352058.4756473435
2015-12-21,359306.9007025061
2015-12-22,363983.9621274612
2015-12-23,369470.04494467715
2015-12-24,369190.9987121106
2015-12-28,368493.6895372279
2015-12-29,380070.12490380195
2015-12-30,373514.75537987874
2015-12-31,364309.3298183469
2016-01-04,349106.5190545424
2016-01-05,347246.9918736944
2016-01-06,340970.56043885526
2016-01-07,319723.79067966674
2016-01-08,314144.74051536527
2016-01-11,316376.4615150028
2016-01-12,323722.07151306677
2016-01-13,301173.57865554333
2016-01-14,313819.33677665214
2016-01-15,294385.80878782005
2016-01-19,295641.0662365259
2016-01-20,293967.3656063664
2016-01-21,294664.7468769041
2016-01-22,311448.29092378245
2016-01-25,302382.4605741888
2016-01-26,307728.9842272939
2016-01-27,292293.6469522932
2016-01-28,300383.15794226504
2016-01-29,312982.5225093998
2016-02-01,314237.77995810565
2016-02-02,300941.1602878294
2016-02-03,298198.0828313939
2016-02-04,298105.1335082222
2016-02-05,277183.8395834017
2016-02-08,268768.78066340677
2016-02-09,266955.629012619
2016-02-10,269233.76159014436
2016-02-11,268722.35106160527
2016-02-12,276439.9746393213
2016-02-16,288481.30081306427
2016-02-17,301917.46162353747
2016-02-18,295222.6591028997
2016-02-19,296942.8434066019
2016-02-22,306473.61863510567
2016-02-23,296384.94920452
2016-02-24,302056.9306680794
2016-02-25,307821.91552655195
2016-02-26,307124.4621603593
2016-02-29,301638.5595822808
2016-03-01,320839.61513165786
2016-03-02,321165.018870371
2016-03-03,320049.30256186216
2016-03-04,320328.1325074638
2016-03-07,316469.3928142608
2016-03-08,310936.88039524335
2016-03-09,315028.1646235564
2016-03-10,314237.7799581057
2016-03-11,324977.29291394504
2016-03-14,325953.6843692218
2016-03-15,325814.21532467974
2016-03-16,331579.23623097973
2016-03-17,331207.2586991552
2016-03-18,332462.444052206
2016-03-21,334880.1357938421
2016-03-22,336739.73507034505
2016-03-23,330881.854960442
2016-03-24,331067.78965461307
2016-03-28,330230.86724387837
2016-03-29,340366.146515403
2016-03-30,344178.4566068045
2016-03-31,343109.27804357966
2016-04-01,350175.94995255955
2016-04-04,347386.42487040884
2016-04-05,341109.9934355697
2016-04-06,352082.123022174
2016-04-07,341481.8988717392
2016-04-08,341481.8988717392
2016-04-11,338831.84283413057
2016-04-12,344643.2572944046
2016-04-13,353383.88216833636
2016-04-14,353337.3444230524
2016-04-15,351477.74514654937
2016-04-18,355197.0518430378
2016-04-19,350826.82952564064
2016-04-20,351245.23665926675
2016-04-21,351431.1353056103
2016-04-22,340970.560438855
2016-04-25,340923.9145500886
2016-04-26,337809.0938727072
2016-04-27,331997.64336460567
2016-04-28,324279.98373906215
2016-04-29,320607.07059654774
2016-05-02,326558.09829267376
2016-05-03,320653.7164853142
2016-05-04,316469.3928142606
2016-05-05,316422.8550689766
2016-05-06,319677.32503003743
2016-05-09,321351.06170802435
2016-05-10,330184.36554642173
2016-05-11,324326.4493886912
2016-05-12,321351.0617080244
2016-05-13,319119.4128040418
2016-05-16,326837.0363817578
2016-05-17,318747.61551135464
2016-05-18,320979.0481283723
2016-05-19,317724.6502629664
2016-05-20,324419.3806879492
2016-05-23,323536.1007710679
2016-05-24,336739.7350703448
2016-05-25,341575.01041013456
2016-05-26,343481.0753362666
2016-05-27,347014.4833864115
2016-05-31,348409.2819753143
2016-06-01,348223.2030898333
2016-06-02,349896.9037199927
2016-06-03,346456.57116041577
2016-06-06,348827.6170132854
2016-06-07,347432.99866352
2016-06-08,348362.70818220277
2016-06-09,347153.95243095345
2016-06-10,339389.8271557809
2016-06-13,333485.44534842134
2016-06-14,333810.81303930696
2016-06-15,331765.13487732294
2016-06-16,333764.31134185044
2016-06-17,326046.6517163069
2016-06-20,329812.5682537344
2016-06-21,331951.1416671489
2016-06-22,330323.04153875884
2016-06-23,339626.6253345342
2016-06-24,312041.5660685412
2016-06-27,299993.3727836623
2016-06-28,312599.69458150177
2016-06-29,323531.45060132217
2016-06-30,331020.74723974394
2016-07-01,334323.5573374631
2016-07-05,330136.89055762294
2016-07-06,335486.4962999781
2016-07-07,337626.25929169974
2016-07-08,348046.2803525336
2016-07-11,352139.83559397823
2016-07-12,355489.1473891539
2016-07-13,353954.05065567687
2016-07-14,358419.727620256
2016-07-15,357396.4379414204
2016-07-18,362141.1971863936
2016-07-19,359443.197538229
2016-07-20,367909.3903015124
2016-07-21,366281.25412529486
2016-07-22,369165.3687067679
2016-07-25,369351.4115444214
2016-07-26,370281.8420196539
2016-07-27,375026.7815037645
2016-07-28,377910.67979827273
2016-07-29,379352.8091846642
2016-08-01,383306.78723808436
2016-08-02,377492.1284733366
2016-08-03,380143.6624718722
2016-08-04,382236.8156226548
2016-08-05,389493.63982162153
2016-08-08,388749.360327525
2016-08-09,390517.0376439396
2016-08-10,388516.8518402425
2016-08-11,391773.0160491952
2016-08-12,392284.64286469924
2016-08-15,395633.9907077023
2016-08-16,391307.78278766514
2016-08-17,392470.82989366265
2016-08-18,392842.9516167972
2016-08-19,392517.2955432917
2016-08-22,392982.49275699427
2016-08-23,394331.4024615079
2016-08-24,389168.01979594363
2016-08-25,387865.61178888654
2016-08-26,389075.0524488581
2016-08-29,390191.41761826165
2016-08-30,387632.92306246655
2016-08-31,386609.5973358035
2016-09-01,388609.7831395006
2016-09-02,391075.31034821016
2016-09-06,396006.18452649185
2016-09-07,396657.4606256754
2016-09-08,391866.05549193575
2016-09-09,372003.01763861196
2016-09-12,385167.50399723946
2016-09-13,378561.9558974562
2016-09-14,382376.42885850684
2016-09-15,394191.93341696577
2016-09-16,393680.23450580676
2016-09-19,390144.84382515016
2016-09-20,391587.00925936917
2016-09-21,399169.309292704
2016-09-22,405681.8900454017
2016-09-23,400378.74995267554
2016-09-26,393773.30999637477
2016-09-27,401402.29196630354
2016-09-28,402937.3166041256
2016-09-29,396843.5034633289
2016-09-30,402565.15883316356
2016-10-03,401588.2987561295
2016-10-04,400518.399236355
2016-10-05,403169.9332348905
2016-10-06,402890.70676318655
2016-10-07,401076.491701488
2016-10-10,405867.9328830551
2016-10-11,394191.9334169657
2016-10-12,393912.85113657167
2016-10-13,391075.31034821004
2016-10-14,391679.9766064546
2016-10-17,389679.682659275
2016-10-18,396564.34908727976
2016-10-19,396331.76850434224
2016-10-20,395587.5611059007
2016-10-21,398564.7151301143
2016-10-24,408100.84346099966
2016-10-25,405263.1224335006
2016-10-26,400006.5921817134
2016-10-27,396471.4177880217
2016-10-28,390982.2709054695
2016-10-31,390237.9553635455
2016-11-01,384655.8411339078
2016-11-02,378282.76547357964
2016-11-03,371026.1936094053
2016-11-04,368188.47258190624
2016-11-07,386004.71479059395
2016-11-08,390982.2709054696
2016-11-09,394285.08100318874
2016-11-10,381492.6082242133
2016-11-11,381911.30374045926
2016-11-14,374282.28572270303
2016-11-15,384702.30678353686
2016-11-16,389121.518098487
2016-11-17,394703.63232812466
2016-11-18,391866.0554919356
2016-11-21,399774.1197422584
2016-11-22,402379.0799476825
2016-11-23,399122.9517865573
2016-11-25,401588.2987561294
2016-11-28,399867.08708934387
2016-11-29,402518.58504005196
2016-11-30,392470.82989366254
2016-12-01,379306.23539155256
2016-12-02,380469.24644972256
2016-12-05,386330.4429597543
2016-12-06,388330.7008591064
2016-12-07,398052.8359798178
2016-12-08,399401.9619712963
2016-12-09,405635.31625229004
2016-12-12,401913.8466861524
2016-12-13,412101.3592597037
2016-12-14,410240.5704048937
2016-12-15,411543.0505076058
2016-12-16,408798.6212576396
2016-12-19,412054.7854665923
2016-12-20,415264.44797808846
2016-12-21,414375.47250446444
2016-12-22,412001.4346819135
2016-12-23,412467.1005173733
2016-12-27,417028.7728465468
2016-12-28,410418.93505529274
2016-12-29,409022.4061706706
2016-12-30,400876.4623067699
2017-01-03,407812.0643150119
2017-01-04,412094.69041161885
2017-01-05,416702.97258173133
2017-01-06,424011.05679138267
2017-01-09,426850.5081146011
2017-01-10,428712.45049989066
2017-01-11,430714.1142645147
2017-01-12,429410.696918288
2017-01-13,432482.8730157538
2017-01-17,429783.0349283874
2017-01-18,431738.0888520724
2017-01-19,431039.9145293301
2017-01-20,432948.39465990366
2017-01-23,433600.10333301703
2017-01-24,439511.6947058738
2017-01-25,448262.88159325876
2017-01-26,448961.0919638286
2017-01-27,450683.3129697837
2017-01-30,443933.86194267776
2017-01-31,442071.9556052157
2017-02-01,448076.6585164679
2017-02-02,447285.26451184764
2017-02-03,449612.6564456321
2017-02-06,450823.07039694575
2017-02-07,454081.4695712025
2017-02-08,455803.72662498517
2017-02-09,458969.12240432895
2017-02-10,461901.61317028786
2017-02-13,467161.5679656862
2017-02-14,470140.668572584
2017-02-15,475540.45289079926
2017-02-16,475400.62336798233
2017-02-17,479543.4920374274
2017-02-21,484105.27251008333
2017-02-22,484524.25640894927
2017-02-23,481033.06036479
2017-02-24,482522.7007878077
2017-02-27,483872.5116880084
2017-02-28,480800.3355905426
2017-03-01,491227.16969077126
2017-03-02,486386.16274641134
2017-03-03,488061.88205491
2017-03-06,485967.3230388554
2017-03-07,484012.1970195153
2017-03-08,485780.9557707545
2017-03-09,486432.7004916953
2017-03-10,490622.0708585969
2017-03-13,492111.63918595953
2017-03-14,489551.4503822726
2017-03-15,495649.37297540274
2017-03-16,495276.8547261659
2017-03-17,494345.95562917605
2017-03-20,495416.61215332785
2017-03-21,480707.18800431973
2017-03-22,486987.7649393197
2017-03-23,484706.6223681993
2017-03-24,486103.22334847646
2017-03-27,488058.6377504364
2017-03-28,493878.3432110321
2017-03-29,498487.41843334923
2017-03-30,499884.1996527638
2017-03-31,499372.10421550245
2017-04-03,498627.1037648562
2017-04-04,500023.8849842707
2017-04-05,496206.1677187464
2017-04-06,496671.72541072377
2017-04-07,496159.55787780747
2017-04-10,496625.11556978483
2017-04-11,492388.3783575671
2017-04-12,488291.39857251133
2017-04-13,484147.8089465166
2017-04-17,492062.6141405792
2017-04-18,490805.5182526716
2017-04-19,492202.2634242587
2017-04-20,500023.8849842708
2017-04-21,500023.8849842708
2017-04-24,512082.0635173632
2017-04-25,519531.202875966
2017-04-26,518041.4182616384
2017-04-27,524093.8845443091
2017-04-28,525956.0792643911
2017-05-01,534848.57363552
2017-05-02,537036.8570030372
2017-05-03,533544.9400023284
2017-05-04,533917.4222037377
2017-05-05,537735.1034214345
2017-05-08,540063.0721204588
2017-05-09,543880.6451946732
2017-05-10,544346.166838823
2017-05-11,543461.6973436348
2017-05-12,545929.1350872011
2017-05-15,549281.2946607481
2017-05-16,554030.0912623997
2017-05-17,525630.2789995756
2017-05-18,534569.2029725059
2017-05-19,539364.6815107515
2017-05-22,548443.2908151888
2017-05-23,549327.8684538595
2017-05-24,554542.258795316
2017-05-25,563714.0156859763
2017-05-26,565669.3579922812
2017-05-30,566740.2308033978
2017-05-31,566041.8762415181
2017-06-01,570977.004063443
2017-06-02,583361.0549570059
2017-06-05,583268.0515620928
2017-06-06,578984.7405567636
2017-06-07,583128.3662305858
2017-06-08,584478.5015612339
2017-06-09,555100.8919778612
2017-06-12,548955.4223002775
2017-06-13,557847.7364322689
2017-06-14,552866.2150563698
2017-06-15,547698.2903645424
2017-06-16,543740.9959109935
2017-06-19,561199.896005816
2017-06-20,552586.844393356
2017-06-21,563374.8777249911
2017-06-22,562955.8577782977
2017-06-23,567099.6636912575
2017-06-26,562024.6342508607
2017-06-27,541631.3328552227
2017-06-28,556716.6997970789
2017-06-29,537580.602432831
2017-06-30,536928.7856162352
2017-07-03,526639.077451762
2017-07-05,536882.2118231237
2017-07-06,527058.1334462829
2017-07-07,538046.196172636
2017-07-10,545495.804152996
2017-07-11,548475.6617642711
2017-07-12,561745.2996356742
2017-07-13,564073.304382526
2017-07-14,572640.2147758043
2017-07-17,573245.5659427712
2017-07-18,581067.5479810581
2017-07-19,587772.2276064269
2017-07-20,589262.1564120644
2017-07-21,588424.0444230227
2017-07-24,593638.795242754
2017-07-25,591124.4953234564
2017-07-26,594756.2418469822
2017-07-27,587772.2276064269
2017-07-28,586189.1512145664
2017-07-31,580974.4724904901
2017-08-01,583488.7724097876
2017-08-02,586654.8170500261
2017-08-03,582743.8080069689
2017-08-04,584233.628669124
2017-08-07,591310.7544480747
2017-08-08,589634.6025656463
2017-08-09,587958.4867310453
2017-08-10,562443.5821018991
2017-08-11,570917.5251480918
2017-08-14,585723.593522589
2017-08-15,586468.5218775802
2017-08-16,588703.5232295189
2017-08-17,564678.5113581828
2017-08-18,563188.6186003727
2017-08-21,562536.7657359494
2017-08-22,579298.2845602339
2017-08-23,574921.7178251994
2017-08-24,571941.8602139243
2017-08-25,569334.5208518861
2017-08-28,572221.1227334557
2017-08-29,576970.3158612098
2017-08-30,590752.0131220468
2017-08-31,601740.2200397097
2017-09-01,601647.0364056593
2017-09-05,590565.7539974283
2017-09-06,594011.2413963357
2017-09-07,596897.9514213877
2017-09-08,586747.8204449391
2017-09-11,599412.1792450305
2017-09-12,602764.4830098874
2017-09-13,604440.8151314533
2017-09-14,597177.2860365743
2017-09-15,600995.255636891
2017-09-18,599691.513860217
2017-09-19,601740.2200397098
2017-09-20,598201.6571502344
2017-09-21,590379.6751119475
2017-09-22,589448.3434410278
2017-09-25,577156.5389380007
2017-09-26,579950.1374246572
2017-09-27,590286.4554300694
2017-09-28,589727.750151869
2017-09-29,598015.3980256158
2017-10-02,598853.5100146576
2017-10-03,601833.3676259326
2017-10-04,602671.4075193193
2017-10-05,614590.874012247
2017-10-06,615894.3634541286
2017-10-09,614777.0970890379
2017-10-10,615615.0648867697
2017-10-11,619339.8869008635
2017-10-12,617011.8461061843
2017-10-13,621481.6325230967
2017-10-16,625765.0516719085
2017-10-17,627161.904986978
2017-10-18,625765.0516719086
2017-10-19,621109.11427386
2017-10-20,624275.267057581
2017-10-23,616173.6620214877
2017-10-24,618501.7028161669
2017-10-25,613473.1750732266
2017-10-26,609934.7924228886
2017-10-27,644389.0896467224
2017-10-30,647927.4722970604
2017-10-31,652583.4817907639
2017-11-01,652304.25531906
2017-11-02,649324.4698034399
2017-11-03,661616.2743064669
2017-11-06,666272.2117045154
2017-11-07,667017.2482029892
2017-11-08,672511.3696857344
2017-11-09,665061.4372749269
2017-11-10,665248.0208299927
2017-11-13,666644.7299537524
2017-11-14,662081.7959506168
2017-11-15,655191.181631077
2017-11-16,672232.0711183754
2017-11-17,667110.3957892121
2017-11-20,665992.9852328114
2017-11-21,680147.092599403
2017-11-22,682009.3954629675
2017-11-24,687038.0673972178
2017-11-27,686292.7425161242
2017-11-28,689738.482249824
2017-11-29,666085.8444364147
2017-11-30,676794.7888345461
2017-12-01,671021.368784442
2017-12-04,655563.411497694
2017-12-05,655749.7787657948
2017-12-06,661709.27770138
2017-12-07,666365.2871950835
2017-12-08,672232.0711183755
2017-12-11,682661.2122795633
2017-12-12,680705.9060210859
2017-12-13,683126.8781150231
2017-12-14,682102.6872405005
2017-12-15,697001.9032012207
2017-12-18,709014.120754269
2017-12-19,701005.8795913635
2017-12-20,699236.724314022
2017-12-21,699329.7998045901
2017-12-22,697653.5758265066
2017-12-26,690111.000499061
2017-12-27,690204.220180939
2017-12-28,691600.7851133886
2017-12-29,682847.5795476644
2018-01-02,706500.0010741088
2018-01-03,720281.5901914634
2018-01-04,722889.0737448115
2018-01-05,737229.476283849
2018-01-08,742723.6698622492
2018-01-09,743375.5587744999
2018-01-10,739278.1464155143
2018-01-11,749521.208691221
2018-01-12,760137.0055031296
2018-01-16,755853.4421630079
2018-01-17,772149.2951518326
2018-01-18,772428.8821018114
2018-01-19,777364.1901628737
2018-01-22,793846.4104197994
2018-01-23,806789.9596437672
2018-01-24,796919.2714259874
2018-01-25,795894.9363601547
2018-01-26,819174.9117330171
2018-01-29,811818.4873867074
2018-01-30,798781.5742895517
2018-01-31,804648.2861171887
2018-02-01,791332.146548329
2018-02-02,759298.8214184324
2018-02-05,700540.2858515583
2018-02-06,736205.1412180158
2018-02-07,717394.8801664108
2018-02-08,657612.1537250141
2018-02-09,679215.977215448
2018-02-12,703985.6651069832
2018-02-13,710318.04277008
2018-02-14,737508.9911381723
2018-02-15,763954.9030077908
2018-02-16,758274.7026395645
2018-02-20,760137.005503129
2018-02-21,755667.2911818714
2018-02-22,756505.4031709131
2018-02-23,786396.7663916115
2018-02-26,807069.2582111259
2018-02-27,786955.4356219843
2018-02-28,777084.8915955145
2018-03-01,752501.2104938055
2018-03-02,765631.1269858743
2018-03-05,782206.4948290229
2018-03-06,788724.6629949809
2018-03-07,792263.2619322838
2018-03-08,801109.542988576
2018-03-09,831560.080109232
2018-03-12,839195.8030229006
2018-03-13,818523.0949164212
2018-03-14,817871.2780998254
2018-03-15,815636.456987024
2018-03-16,811725.2677048293
2018-03-19,777270.8262896854
2018-03-20,781647.8255986499
2018-03-21,774384.4046472533
2018-03-22,735832.7671600888
2018-03-23,696722.3162512415
2018-03-26,749148.9067289486
2018-03-27,699702.1738625165
2018-03-28,684430.5117482145
2018-03-29,709572.9341759514
2018-04-02,668786.4755759856
2018-04-03,683126.878115023
2018-04-04,700819.7286102274
2018-04-05,712180.3456336447
2018-04-06,677819.1239003788
2018-04-09,685734.2174770613
2018-04-10,715904.9513607736
2018-04-11,708455.595715206
2018-04-12,724658.2290221528
2018-04-13,717860.618097526
2018-04-16,728010.6048826647
2018-04-17,759019.6670423837
2018-04-18,762558.1217883767
2018-04-19,749614.4283730988
2018-04-20,725216.9703481807
2018-04-23,721305.925257296
2018-04-24,690669.5976337788
2018-04-25,692811.559542977
2018-04-26,720747.2560269231
2018-04-27,721957.8862652016
2018-04-30,711435.309135171
2018-05-01,727079.4894987099
2018-05-02,719257.4714125954
2018-05-03,718791.8776727905
2018-05-04,745889.6063590049
2018-05-07,757622.813727314
2018-05-08,755946.6618448856
2018-05-09,773453.072976334
2018-05-10,789097.181244218
2018-05-11,787607.3245342355
2018-05-14,789935.3653289148
2018-05-15,772521.9575923794
2018-05-16,782858.1674543091
2018-05-17,776246.7075108181
2018-05-18,768238.3942522577
2018-05-21,777177.8949904278
2018-05-22,774943.0738776264
2018-05-23,787886.7672929042
2018-05-24,787141.6586987756
2018-05-25,788817.738485549
2018-05-29,781740.7568979082
2018-05-30,792635.9964684856
2018-05-31,791611.517211343
2018-06-01,816474.496880411
2018-06-04,830442.5253615216
2018-06-05,835843.210875424
2018-06-06,845807.1187750817
2018-06-07,832584.1988880999
2018-06-08,831746.0868990582
2018-06-11,836215.9454116257
2018-06-12,845062.2985635728
2018-06-13,844317.406256409
2018-06-14,861916.8928784254
2018-06-15,855864.1742609623
2018-06-18,854839.7670994747
2018-06-19,849625.0162797433
2018-06-20,861730.5977059794
2018-06-21,846459.1518786422
2018-06-22,841058.1779821198
2018-06-25,804461.9909447427
2018-06-26,811259.6739650245
2018-06-27,788259.2134464858
2018-06-28,802599.6880811782
2018-06-29,805113.7356656835
2018-07-02,817219.3891875746
2018-07-03,798129.8295686108
2018-07-05,817964.3535903933
2018-07-06,842641.1101826704
2018-07-09,858285.1463548993
2018-07-10,859588.8520837458
2018-07-11,851021.9416904674
2018-07-12,878957.7823657234
2018-07-13,880727.1539300298
2018-07-16,876909.256425368
2018-07-17,887897.4272952034
2018-07-18,883986.3101086637
2018-07-19,875326.1079378525
2018-07-20,874208.7694771069
2018-07-23,879702.7467685421
2018-07-24,887338.5417778656
2018-07-25,911642.9243122158
2018-07-26,885196.9403469423
2018-07-27,860799.5544176792
2018-07-30,836122.7257297472
2018-07-31,845714.187475823
2018-08-01,854653.6882139931
2018-08-02,877933.6635868555
2018-08-03,882962.1192341408
2018-08-06,893950.2180083212
2018-08-07,899258.0443186206
2018-08-08,900840.976519171
2018-08-09,900096.0121163523
2018-08-10,886686.5807699597
2018-08-13,885103.7206650642
2018-08-14,895812.3045849208
2018-08-15,874301.7728720197
2018-08-16,879144.2217294789
2018-08-17,879609.8154692837
2018-08-20,878305.9655491272
2018-08-21,884358.8283579001
2018-08-22,890877.0686195131
2018-08-23,888269.9455444398
2018-08-24,904565.7264376096
2018-08-27,922817.1740675318
2018-08-28,925703.8119969289
2018-08-29,947121.4124105719
2018-08-30,943117.2918291193
2018-08-31,945352.3292288855
2018-09-04,937716.3900282519
2018-09-05,913412.1516852118
2018-09-06,896930.003523941
2018-09-07,891342.8065506278
2018-09-10,895440.2189096134
2018-09-11,909035.5849501771
2018-09-12,904193.4244753376
2018-09-13,921886.130779232
2018-09-14,917043.8261130826
2018-09-17,891156.511378182
2018-09-18,905403.7663309964
2018-09-19,904286.2115832858
2018-09-20,923096.6168262006
2018-09-21,913691.5223482256
2018-09-24,918161.1645738282
2018-09-25,921048.1629815003
2018-09-26,921699.7635111313
2018-09-27,937343.9438746702
2018-09-28,937530.311142771
2018-10-01,940603.1721489591
2018-10-02,936226.6054139244
2018-10-03,938927.0202665307
2018-10-04,902517.2004972545
2018-10-05,880913.3770068204
2018-10-08,869552.6157920931
2018-10-09,874394.9925538974
2018-10-10,798223.049250488
2018-10-11,778202.0858649496
2018-10-12,821409.9491327826
2018-10-15,800551.0179495125
2018-10-16,847110.8245039274
2018-10-17,848135.30376107
2018-10-18,810235.3388991914
2018-10-19,807162.5499886583
2018-10-22,815636.4569870236
2018-10-23,810328.5585810693
2018-10-24,735087.8027572697
2018-10-25,784720.5424135277
2018-10-26,747100.1645016279
2018-10-29,718326.2118373301
2018-10-30,737229.476283848
2018-10-31,771125.320564274
2018-11-01,793380.744584339
2018-11-02,769448.9523948807
2018-11-05,764141.1981802364
2018-11-06,775781.1858666677
2018-11-07,823737.7015448422
2018-11-08,813680.8623459263
2018-11-09,786024.4644293392
2018-11-12,739557.3728872173
2018-11-13,739836.8877415411
2018-11-14,727451.9356522912
2018-11-15,753339.2503871918
2018-11-16,748310.7226442514
2018-11-19,699050.2849502654
2018-11-20,674559.8956260893
2018-11-21,684151.3573721652
2018-11-23,674187.2331855425
2018-11-26,705289.4429314843
2018-11-27,710318.0427700796
2018-11-28,755015.1859826553
2018-11-29,750545.6879483626
2018-11-30,762092.5280485708
2018-12-03,787421.3177444085
2018-12-04,727079.4894987091
2018-12-06,737508.9911381716
2018-12-07,688155.4058579627
2018-12-10,702868.3266462369
2018-12-11,707244.6770943067
2018-12-12,719816.0685473125
2018-12-13,720468.0295552182
2018-12-14,683219.9536055903
2018-12-17,654539.1485275155
2018-12-18,661709.2777013791
2018-12-19,630420.9890699564
2018-12-20,611517.5804321285
2018-12-21,572128.0832907147
2018-12-24,544937.0988747949
2018-12-26,612029.1711998051
2018-12-27,617154.307120407
2018-12-28,616408.9822393133
2018-12-31,626099.9359892495
2019-01-02,630759.1176917717
2019-01-03,588453.8559763524
2019-01-04,641195.6847054216
2019-01-07,654148.101694951
2019-01-08,667193.8825576681
2019-01-09,677164.3511619284
2019-01-10,680612.3258609322
2019-01-11,676512.3901540226
2019-01-14,664212.0783637089
2019-01-15,690396.4992927464
2019-01-16,690210.3483116104
2019-01-17,699994.3775521147
2019-01-18,713599.1881234796
2019-01-22,686389.8553633697
2019-01-23,687228.3278306862
2019-01-24,695521.6352133482
2019-01-25,713040.1584148317
2019-01-28,694776.0219496347
2019-01-29,681171.5718565446
2019-01-30,717140.2383130512
2019-01-31,737733.713294717
2019-02-01,730931.344056862
2019-02-04,748915.7493807705
2019-02-05,762427.4123659125
2019-02-06,757395.3519358785
2019-02-07,736988.3884136236
2019-02-08,739317.9432170573
2019-02-11,738385.9626852429
2019-02-12,760470.5200030258
2019-02-13,760936.4742211055
2019-02-14,762240.9730021567
2019-02-15,769416.2930631784
2019-02-19,771932.143039058
2019-02-20,771838.995452835
2019-02-21,765502.5804330597
2019-02-22,777150.3544502279
2019-02-25,782741.5166845645
2019-02-26,784139.0909561837
2019-02-27,782834.6642707875
2019-02-28,779200.5385906476
2019-03-01,790568.7977534919
2019-03-04,790196.1353129451
2019-03-05,791314.3389215504
2019-03-06,781995.975516506
2019-03-07,762986.5141702153
2019-03-08,760284.22483058
2019-03-11,792059.880089609
2019-03-12,801005.3647671416
2019-03-13,812653.2829756198
2019-03-14,809578.1149084726
2019-03-15,823462.8008124364
2019-03-18,827748.959596137
2019-03-19,833712.8563666755
2019-03-20,840548.0291275424
2019-03-21,866378.1720080507
2019-03-22,827586.4559898317
2019-03-25,825441.6102544346
2019-03-26,832901.4918656282
2019-03-27,823017.1054734038
2019-03-28,825628.1938095004
2019-03-29,838589.6948515561
2019-04-01,861062.7035583245
2019-04-02,866378.1720080507
2019-04-03,876355.5617951882
2019-04-04,875609.7322445099
2019-04-05,884188.6105165135
2019-04-08,888757.7447459765
2019-04-09,882510.007381816
2019-04-10,892021.6592378386
2019-04-11,887638.8201808215
2019-04-12,894912.406619569
2019-04-15,895005.482110137
2019-04-16,901066.7801105416
2019-04-17,907127.8618239813
2019-04-18,909086.1240043124
2019-04-22,914494.5958489517
2019-04-23,937527.2831252626
2019-04-24,931559.2769023908
2019-04-25,937900.0176614643
2019-04-26,940697.6895526267
2019-04-29,943495.0009655143
2019-04-30,929507.7229445265
2019-05-01,922327.5724746217
2019-05-02,915333.7171771629
2019-05-03,944054.6074394018
2019-05-06,933051.1522907125
2019-05-07,895564.9443927142
2019-05-08,890156.5446437299
2019-05-09,881950.6171948932
2019-05-10,883722.3679158136
2019-05-13,821711.5973531828
2019-05-14,839801.983289899
2019-05-15,862741.306693022
2019-05-16,880272.2303471607
2019-05-17,862274.9919966675
2019-05-20,833833.8328757173
2019-05-21,850525.7072972996
2019-05-22,842972.4618129183
2019-05-23,816769.5123005533
2019-05-24,815650.4435440883
2019-05-28,809495.9979574607
2019-05-29,796534.352724095
2019-05-30,803341.4802751781
2019-05-31,776485.7046070476
2019-06-03,743848.5783667661
2019-06-04,784505.1926921286
2019-06-05,796068.1101233956
2019-06-06,808283.7816147729
2019-06-07,839242.4489116669
2019-06-10,858451.6873178831
2019-06-11,861435.7985728014
2019-06-12,851924.3630037437
2019-06-13,861808.7493959682
2019-06-14,853229.7990283096
2019-06-17,864046.8148132431
2019-06-18,889224.0594423312
2019-06-19,895751.5279477806
2019-06-20,912070.1631635764
2019-06-21,909832.1698419563
2019-06-24,909552.3666050127
2019-06-25,878030.2717645178
2019-06-26,885866.4205990067
2019-06-27,892956.3794045424
2019-06-28,895661.7688573416
2019-07-01,918890.4121238644
2019-07-02,926353.6822308415
2019-07-03,939507.1019064309
2019-07-05,936428.8337261201
2019-07-08,922622.0832251804
2019-07-09,931950.9005001957
2019-07-10,950142.1482582168
2019-07-11,948649.5519133452
2019-07-12,959564.4015020748
2019-07-15,964881.6723431753
2019-07-16,955272.8355442514
2019-07-17,946130.6018243019
2019-07-18,949115.9387053547
2019-07-19,932976.9658617475
2019-07-22,949022.6469278217
2019-07-23,960963.6339737583
2019-07-24,974303.7813957233
2019-07-25,955459.6353862819
2019-07-26,974677.0206015098
2019-07-29,968706.4910307141
2019-07-30,959750.8408658304
2019-07-31,934283.122842863
2019-08-01,923741.5124599199
2019-08-02,896874.5619652688
2019-08-05,831852.4279901405
2019-08-06,856294.080651556
2019-08-07,863663.8426940354
2019-08-08,902658.2195983789
2019-08-09,885493.3255845297
2019-08-12,865343.1667852825
2019-08-13,904150.8880389052
2019-08-14,847898.0369605598
2019-08-15,846778.679821475
2019-08-16,873552.410634248
2019-08-19,900232.8496694883
2019-08-20,888105.2790684858
2019-08-21,903497.9176918297
2019-08-22,897620.9682811868
2019-08-23,841088.0976789327
2019-08-26,865622.8979265711
2019-08-27,862637.6331411733
2019-08-28,867675.24493664
2019-08-29,894262.2480030375
2019-08-30,890250.9899517427
2019-09-03,872619.4207632641
2019-09-04,897807.3355492878
2019-09-05,930831.3270741455
2019-09-06,928685.8324778537
2019-09-09,924301.2631251173
2019-09-10,919916.7658680358
2019-09-11,936428.8337261197
2019-09-12,943425.3565628126
2019-09-13,937268.4597239159
2019-09-16,927846.2064800578
2019-09-17,936708.6369630635
2019-09-18,936615.3451855306
2019-09-19,939320.6625426747
2019-09-20,919450.1627890614
2019-09-23,920010.1297412239
2019-09-24,895008.726414611
2019-09-25,915252.393278356
2019-09-26,908535.5294872969
2019-09-27,886799.4825656455
2019-09-30,902378.5605527454
2019-10-01,887545.6725945988
2019-10-02,857040.2706805096
2019-10-03,876164.4362138597
2019-10-04,902005.3213469587
2019-10-07,895941.4999986301
2019-10-08,868141.63172865
2019-10-09,886705.9024054927
2019-10-10,899020.2007528708
2019-10-11,921782.601418694
2019-10-14,922622.0832251802
2019-10-15,945384.4838910035
2019-10-16,940626.6753324805
2019-10-17,945850.7264917032
2019-10-18,927566.4032431141
2019-10-21,943891.7433548223
2019-10-22,928779.1963510419
2019-10-23,932230.7037371394
2019-10-24,949862.2729256179
2019-10-25,964508.5773286987
2019-10-28,984005.9099721803
2019-10-29,969266.3858872215
2019-10-30,977009.3150398325
2019-10-31,978501.839289049
2019-11-01,996786.2346332931
2019-11-04,1008260.762791565
2019-11-05,1008633.9299016967
2019-11-06,1004995.6947692235
2019-11-07,1011712.4143689725
2019-11-08,1019735.4351411472
2019-11-11,1016843.3900376273
2019-11-12,1022160.8050700378
2019-11-13,1020761.3563113892
2019-11-14,1021321.0348809317
2019-11-15,1034008.3561471314
2019-11-18,1038113.1222629242
2019-11-19,1040445.2725099368
2019-11-20,1027851.3151169249
2019-11-21,1023186.7983359349
2019-11-22,1024679.3946808064
2019-11-25,1048747.8081364355
2019-11-26,1052666.0627928174
2019-11-27,1067219.14751402
2019-11-29,1057143.9239230866
2019-12-02,1033821.8446877208
2019-12-03,1018802.5173658184
2019-12-04,1029157.4720980406
2019-12-05,1033075.4383718027
2019-12-06,1054625.1180253532
2019-12-09,1045762.6875423474
2019-12-10,1043990.2879605322
2019-12-11,1055184.8686905506
2019-12-12,1070950.6744240262
2019-12-13,1077387.4465955214
2019-12-16,1098004.208473743
2019-12-17,1099217.0736773256
2019-12-18,1100802.9617997298
2019-12-19,1115355.9023296228
2019-12-20,1124591.2836357953
2019-12-23,1129722.187208795
2019-12-24,1130282.2262566125
2019-12-26,1150907.4954221207
2019-12-27,1148107.660661309
2019-12-30,1132615.3858427948
2019-12-31,1137561.7245390678
2020-01-02,1174892.4221092928
2020-01-03,1154080.5693887188
2020-01-06,1167799.6515732133
2020-01-07,1167239.684621051
2020-01-08,1184878.3191837168
2020-01-09,1205876.9717463215
2020-01-10,1199530.6796218152
2020-01-13,1226408.9491342967
2020-01-14,1217356.3303134765
2020-01-15,1217542.7696772323
2020-01-16,1240501.3426202326
2020-01-17,1253100.2025177826
2020-01-21,1251980.1244221479
2020-01-22,1258326.993311894
2020-01-23,1265792.786766795
2020-01-24,1244141.163857115
2020-01-27,1192904.5842603648
2020-01-28,1228928.9806581642
2020-01-29,1232755.3854501126
2020-01-30,1241714.56830209
2020-01-31,1201490.3837152456
2020-02-03,1237234.9768761015
2020-02-04,1294164.4456763528
2020-02-05,1304056.8346862788
2020-02-06,1325708.7459785787
2020-02-07,1313763.216906379
2020-02-10,1346334.015144087
2020-02-11,1346334.015144087
2020-02-12,1372745.5373862842
2020-02-13,1368172.5099914528
2020-02-14,1375452.0082739082
2020-02-18,1377785.1678600903
2020-02-19,1403636.5068631603
2020-02-20,1376385.214431857
2020-02-21,1325148.8511220715
2020-02-24,1222209.2330409065
2020-02-25,1156227.07332418
2020-02-26,1166213.0424942588
2020-02-27,1049461.0504510663
2020-02-28,1060007.2028602725
2020-03-02,1159773.5306878744
2020-03-03,1085765.1779901546
2020-03-04,1174892.4221092924
2020-03-05,1104150.5793470135
2020-03-06,1066913.1735543213
2020-03-09,920016.6904458262
2020-03-10,1018663.1564647583
2020-03-11,929815.9318695294
2020-03-12,757721.2963920046
2020-03-13,902097.9642635968
2020-03-16,683059.6128689346
2020-03-17,775173.3473996047
2020-03-18,726643.3828817882
2020-03-19,736629.3520518672
2020-03-20,677740.10706253
2020-03-23,681193.1284573819
2020-03-24,784879.1528544651
2020-03-25,770869.4530847812
2020-03-26,853845.9284956949
2020-03-27,791216.72140472
2020-03-30,851792.5000508014
2020-03-31,836111.767190192
2020-04-01,766295.921020365
2020-04-02,796723.892201015
2020-04-03,775069.673847756
2020-04-06,885300.5418031366
2020-04-07,881846.9436430449
2020-04-08,920208.3206967402
2020-04-09,922541.8407611973
2020-04-13,943729.4560354818
2020-04-14,1025305.7617311971
2020-04-15,1001878.2065526084
2020-04-16,1039866.3444005171
2020-04-17,1057040.3945625476
2020-04-20,1032586.053065857
2020-04-21,955769.7908939688
2020-04-22,1014852.108047319
2020-04-23,1009998.4843633391
2020-04-24,1043226.4344961108
2020-04-27,1055920.316466913
2020-04-28,1018305.417824791
2020-04-29,1087748.2410757965
2020-04-30,1091854.9537742734
2020-05-01,1025865.8728746696
2020-05-04,1051533.4400532176
2020-05-05,1074961.1394231163
2020-05-06,1088028.116408395
2020-05-07,1116869.478510091
2020-05-08,1146177.1553081416
2020-05-11,1165217.76197738
2020-05-12,1118736.1071129537
2020-05-13,1090828.3116474815
2020-05-14,1114629.250223167
2020-05-15,1129003.1772417661
2020-05-18,1172217.9616924762
2020-05-19,1164657.8671208725
2020-05-20,1212073.0165258674
2020-05-21,1185378.7351248725
2020-05-22,1192752.2461414104
2020-05-26,1187991.9863306184
2020-05-27,1199285.7706818772
2020-05-28,1194618.874744273
2020-05-29,1227100.2022741614
2020-06-01,1240167.251355095
2020-06-02,1255567.892596141
2020-06-03,1266581.8016148012
2020-06-04,1248474.2569122016
2020-06-05,1297382.7957142727
2020-06-08,1318756.9945436232
2020-06-09,1336771.1032773796
2020-06-10,1369999.125505806
2020-06-11,1234567.0050682318
2020-06-12,1251834.4911991053
2020-06-15,1283102.0883775514
2020-06-16,1329210.576131846
2020-06-17,1335651.169373055
2020-06-18,1343958.0307388518
2020-06-19,1342278.0577867099
2020-06-22,1375599.2276013594
2020-06-23,1397533.4654785271
2020-06-24,1341531.146801207
2020-06-25,1367292.222044253
2020-06-26,1300463.0104772684
2020-06-29,1327904.347055076
2020-06-30,1378492.858809289
2020-07-01,1413587.1491623034
2020-07-02,1432721.3359916944
2020-07-06,1503563.8242883133
2020-07-07,1482283.4940017355
2020-07-08,1520738.1628329635
2020-07-09,1546032.2024231052
2020-07-10,1569086.6625872173
2020-07-13,1503750.8404173087
2020-07-14,1525684.7899118564
2020-07-15,1529044.8800074502
2020-07-16,1507670.9695607198
2020-07-17,1512524.5932446998
2020-07-20,1599421.1977990244
2020-07-21,1565726.4283003137
2020-07-22,1576740.337318974
2020-07-23,1493577.1341616847
2020-07-24,1464829.5685071065
2020-07-27,1517657.948069969
2020-07-28,1479949.757650314
2020-07-29,1514204.5661968424
2020-07-30,1529418.6238828225
2020-07-31,1583740.537034071
2020-08-03,1625649.1645036656
2020-08-04,1638249.177931695
2020-08-05,1646836.3472040202
2020-08-06,1688744.397908375
2020-08-07,1650756.0437735012
2020-08-10,1636009.3101230455
2020-08-11,1574966.9283979896
2020-08-12,1654209.7140292479
2020-08-13,1660743.3106653697
2020-08-14,1657663.6726676144
2020-08-17,1694438.0801640807
2020-08-18,1727479.2304548218
2020-08-19,1704891.8059436139
2020-08-20,1752120.2276022332
2020-08-21,1775454.563098944
2020-08-24,1798414.7221463537
2020-08-25,1826416.3861545988
2020-08-26,1903886.0512474924
2020-08-27,1891192.1692766903
2020-08-28,1910979.5427401217
2020-08-31,1944394.7252888537
2020-09-01,2008609.892597888
2020-09-02,2046131.3552711671
2020-09-03,1836310.2170776245
2020-09-04,1787588.2618306193
2020-09-08,1617154.8544349438
2020-09-09,1711425.2583884262
2020-09-10,1641235.8125345376
2020-09-11,1620515.2329131574
2020-09-14,1676890.5745092991
2020-09-15,1724679.1794070455
2020-09-16,1667743.7987630863
2020-09-17,1618088.637358132
2020-09-18,1575340.0955081214
2020-09-21,1588967.6162108022
2020-09-22,1645902.7084721415
2020-09-23,1544725.9733463353
2020-09-24,1560219.4737909841
2020-09-25,1634142.465233218
2020-09-28,1699665.0151495023
2020-09-29,1684357.6656859894
2020-09-30,1710865.3635319185
2020-10-01,1762760.3927455219
2020-10-02,1663450.0699356135
2020-10-05,1735506.0722967098
2020-10-06,1671103.88885868
2020-10-07,1732332.7099474918
2020-10-08,1748013.514903756
2020-10-09,1801029.198978234
2020-10-12,1911726.5979169344
2020-10-13,1910419.6478836143
2020-10-14,1879991.6767029641
2020-10-15,1853484.411430965
2020-10-16,1834070.0608863553
2020-10-19,1772281.2007497263
2020-10-20,1783294.6771944566
2020-10-21,1778814.5090032283
2020-10-22,1779374.8364336654
2020-10-23,1787401.3898929334
2020-10-26,1730839.4647417257
2020-10-27,1757533.8903340304
2020-10-28,1621448.5832624158
2020-10-29,1675397.3293035326
2020-10-30,1596060.9635121215
2020-11-02,1600541.2758946598
2020-11-03,1654116.5664430251
2020-11-04,1802148.988691249
2020-11-05,1896979.143309929
2020-11-06,1900152.6498504572
2020-11-09,1819696.0617721016
2020-11-10,1757347.306778965
2020-11-11,1835190.2831733
2020-11-12,1817829.216882274
2020-11-13,1851243.9668570762
2020-11-16,1875884.8198131772
2020-11-17,1863751.1210815022
2020-11-18,1837430.295173259
2020-11-19,1865244.6546698886
2020-11-20,1841350.2801253602
2020-11-23,1841163.8407616045
2020-11-24,1893805.6367694011
2020-11-25,1917512.9951849335
2020-11-27,1951487.928398863
2020-11-30,1956527.9914465987
2020-12-01,2012343.582377543
2020-12-02,2013837.115965929
2020-12-03,2018503.7235209134
2020-12-04,2037544.3301901517
2020-12-07,2059011.9649883446
2020-12-08,2071705.8469591467
2020-12-09,1980795.821483878
2020-12-10,1993675.854435816
2020-12-11,1986395.923579431
2020-12-14,2012343.5823775425
2020-12-15,2057145.2642898269
2020-12-16,2079919.2723561006
2020-12-17,2106987.2976324665
2020-12-18,2092426.4265805266
2020-12-21,2087013.1964226593
2020-12-22,2097093.1783268207
2020-12-23,2076185.7267677549
2020-12-24,2094293.559852974
2020-12-28,2136854.797191369
2020-12-29,2140774.9263347797
2020-12-30,2138908.5140188816
2020-12-31,2148802.2007505973
2021-01-04,2088320.0022646687
2021-01-05,2122294.502904668
2021-01-06,2065358.833878089
2021-01-07,2166162.690276383
2021-01-08,2220671.6195566272
2021-01-11,2154589.3189751455
2021-01-12,2149362.0956071042
2021-01-13,2177176.166721114
2021-01-14,2153282.3689418253
2021-01-15,2119867.474775713
2021-01-19,2182589.8294529105
2021-01-20,2282460.3355019456
2021-01-21,2320915.2927157935
2021-01-22,2306354.710046474
2021-01-25,2347236.118624037
2021-01-26,2350596.0645283214
2021-01-27,2224031.565460911
2021-01-28,2246245.9670532974
2021-01-29,2153655.6802432667
2021-02-01,2259499.743880607
2021-02-02,2333609.030495287
2021-02-03,2313448.489921724
2021-02-04,2368703.897613541
2021-02-05,2385317.764536444
2021-02-08,2415185.696669277
2021-02-09,2414438.6414924636
2021-02-10,2402678.68663616
2021-02-11,2429372.968037155
2021-02-12,2456254.2655671453
2021-02-16,2443560.239405033
2021-02-17,2419852.5926068807
2021-02-18,2397825.20714349
2021-02-19,2377663.9456133773
2021-02-22,2254459.3924502507
2021-02-23,2240458.8488287483
2021-02-24,2277046.9611527687
2021-02-25,2115760.7620772356
2021-02-26,2138161.7472246876
2021-03-01,2264539.8069283417
2021-03-02,2191176.998725235
2021-03-03,2064985.6667679562
2021-03-04,1995729.282880707
2021-03-05,2056958.6807347587
2021-03-08,1939913.980332383
2021-03-09,2093359.7769297836
2021-03-10,2080852.6227053574
2021-03-11,2177363.182850109
2021-03-12,2140961.9424637742
2021-03-15,2187257.0137731344
2021-03-16,2211150.955743733
2021-03-17,2228698.317207205
2021-03-18,2091306.4926762003
2021-03-19,2110160.371599063
2021-03-22,2185950.207931124
2021-03-23,2163362.4950372963
2021-03-24,2091680.0923602616
2021-03-25,2085706.1021980273
2021-03-26,2147868.8504013377
2021-03-29,2146002.00551151
2021-03-30,2125094.4097611345
2021-03-31,2187630.0366919567
2021-04-01,2264353.079181967
2021-04-05,2355076.5211021695
2021-04-06,2350036.3138631238
2021-04-07,2361610.1177382916
2021-04-08,2411265.4233345552
2021-04-09,2440759.755783327
2021-04-12,2433666.1200993876
2021-04-13,2490415.205570901
2021-04-14,2430492.4693675498
2021-04-15,2503482.1104605244
2021-04-16,2510202.867416952
2021-04-19,2463907.651916282
2021-04-20,2426385.6124777626
2021-04-21,2469320.882074149
2021-04-22,2409958.329109925
2021-04-23,2470440.6717871637
2021-04-26,2502362.3207475096
2021-04-27,2479401.58493486
2021-04-28,2459800.795026494
2021-04-29,2480334.5027101887
2021-04-30,2446734.17851949
2021-05-03,2421718.716540158
2021-05-04,2334169.0695431028
2021-05-05,2317368.6190651334
2021-05-06,2353583.1317050923
2021-05-07,2390544.411139244
2021-05-10,2269019.97511957
2021-05-11,2264726.534674717
2021-05-12,2147495.3949085856
2021-05-13,2180723.272945702
2021-05-14,2275926.8830571333
2021-05-17,2248485.979053255
2021-05-18,2217498.113016098
2021-05-19,2222724.7596188993
2021-05-20,2308781.4497928084
2021-05-21,2282647.063248321
2021-05-24,2360116.7283412144
2021-05-25,2366277.0136758946
2021-05-26,2381957.674440849
2021-05-27,2364783.9126614383
2021-05-28,2377850.9617423723
2021-06-01,2363289.946499123
2021-06-02,2372250.5712641994
2021-06-03,2321101.876270859
2021-06-04,2402865.2701912248
2021-06-07,2415185.6966692754
2021-06-08,2417052.397367793
2021-06-09,2419292.5535590625
2021-06-10,2470068.0814422714
2021-06-11,2482014.9082362605
2021-06-14,2529430.201832565
2021-06-15,2495828.1473461473
2021-06-16,2477908.0513464734
2021-06-17,2540630.694406291
2021-06-18,2501055.3707141886
2021-06-21,2531296.6141484627
2021-06-22,2578711.9077447676
2021-06-23,2580578.3200606653
2021-06-24,2612686.840958697
2021-06-25,2607086.450480524
2021-06-28,2669808.516775102
2021-06-29,2688848.6908704103
2021-06-30,2681009.009348828
2021-07-01,2682875.998429965
2021-07-02,2743358.196915894
2021-07-06,2766505.516283609
2021-07-07,2776213.0520341885
2021-07-08,2746344.975710046
2021-07-09,2779572.7095558527
2021-07-12,2800853.61660767
2021-07-13,2799733.2501294157
2021-07-14,2809440.497497375
2021-07-15,2769866.327335752
2021-07-16,2725437.2357683596
2021-07-19,2680636.419003935
2021-07-20,2742985.3181883814
2021-07-21,2783306.687718127
2021-07-22,2822134.523659487
2021-07-23,2886350.123542451
2021-07-26,2892696.848240887
2021-07-27,2829228.1593434257
2021-07-28,2849388.4115343685
2021-07-29,2860589.769255954
2021-07-30,2829974.7819463084
2021-08-02,2829601.3264535572
2021-08-03,2863949.138394999
2021-08-04,2873283.507035447
2021-08-05,2909497.731292786
2021-08-06,2882990.466020787
2021-08-09,2893444.0476090102
2021-08-10,2864323.1706529907
2021-08-11,2854988.8020125427
2021-08-12,2875150.207733965
2021-08-13,2893817.214719142
2021-08-16,2896056.794145171
2021-08-17,2845281.8430272024
2021-08-18,2790026.2911440753
2021-08-19,2817654.211276949
2021-08-20,2876269.70906436
2021-08-23,2961393.0488890097
2021-08-24,2979686.8887640554
2021-08-25,2983047.4114335794
2021-08-26,2948326.1439993866
2021-08-27,3006194.730801294
2021-08-30,3073770.5649711615
2021-08-31,3067424.128655345
2021-09-01,3078250.5889710803
2021-09-02,3074516.8991914247
2021-09-03,3093931.1055447245
2021-09-07,3101398.485104035
2021-09-08,3081237.079382613
2021-09-09,3056969.6819192627
2021-09-10,3011421.6657867157
2021-09-13,3007314.520514309
2021-09-14,2989767.8800073867
2021-09-15,3033822.9393167878
2021-09-16,3039422.176264481
2021-09-17,2967366.8948599347
2021-09-20,2843788.886204057
2021-09-21,2849388.4115343704
2021-09-22,2903897.3408146147
2021-09-23,2956913.0248890924
2021-09-24,2961766.7927643824
2021-09-27,2915844.167608604
2021-09-28,2749331.754504199
2021-09-29,2742611.285930392
2021-09-30,2716850.6432612757
2021-10-01,2753438.611393986
2021-10-04,2639194.3946133163
2021-10-05,2709756.7191947163
2021-10-06,2743731.3640260263
2021-10-07,2794133.724799103
2021-10-08,2765759.1820633467
2021-10-11,2723570.2466872237
2021-10-12,2705276.4068121784
2021-10-13,2747838.509298433
2021-10-14,2848642.3656967273
2021-10-15,2884483.422843935
2021-10-18,2942725.7535212147
2021-10-19,2985660.7347349813
2021-10-20,2978566.8106684224
2021-10-21,3015155.0671837525
2021-10-22,2963632.916697661
2021-10-25,3024115.6919488297
2021-10-26,3040916.2866181084
2021-10-27,3056597.0915743723
2021-10-28,3125666.170950006
2021-10-29,3156280.293111792
2021-11-01,3177561.2001636093
2021-11-02,3204442.20931098
2021-11-03,3272018.6202460877
2021-11-04,3354901.5154968486
2021-11-05,3361621.6956880363
2021-11-08,3352661.6476881993
2021-11-09,3305246.3540918943
2021-11-10,3208922.521693519
2021-11-11,3226843.1944584325
2021-11-12,3294419.31701092
2021-11-15,3293298.9505326655
2021-11-16,3339593.300885476
2021-11-17,3342580.944827488
2021-11-18,3411276.85709299
2021-11-19,3448985.191703955
2021-11-22,3370208.8649603613
2021-11-23,3338473.7995550814
2021-11-24,3361995.4395634076
2021-11-26,3227590.1054439354
2021-11-29,3370955.199180625
2021-11-30,3270898.542150453
2021-12-01,3160014.2712740675
2021-12-02,3206682.3655022494
2021-12-03,3095051.4720229805
2021-12-06,3145826.999906189
2021-12-07,3335113.5652681766
2021-12-08,3363115.2292764215
2021-12-09,3263804.6180838933
2021-12-10,3334367.5194305335
2021-12-13,3237670.231539406
2021-12-14,3172708.0090535586
2021-12-15,3314580.145967101
2021-12-16,3145080.088920685
2021-12-17,3112972.721553133
2021-12-20,3050249.790110695
2021-12-21,3186895.568804057
2021-12-22,3265297.8632896594
2021-12-23,3315327.3453352246
2021-12-27,3421730.7270638323
2021-12-28,3393729.9282034473
2021-12-29,3390742.5726440554
2021-12-30,3367222.0861662086
2021-12-31,3323539.9055843195
2022-01-03,3392610.138490433
2022-01-04,3303752.8205035077
2022-01-05,3098411.706309884
2022-01-06,3096171.8385012345
2022-01-07,3027849.0933458637
2022-01-10,3034942.4406471835
2022-01-11,3124172.63736162
2022-01-12,3148813.7787003415
2022-01-13,2989394.1361320163
2022-01-14,3027101.8939777412
2022-01-18,2878510.15363825
2022-01-19,2812054.3975640167
2022-01-20,2737757.518055102
2022-01-21,2583565.387237438
2022-01-24,2614926.1320021073
2022-01-25,2484254.7760449103
2022-01-26,2488361.921317317
2022-01-27,2430492.4693675498
2022-01-28,2586178.4221562194
2022-01-31,2751944.789422981
2022-02-01,2784799.356158656
2022-02-02,2831468.0271520778
2022-02-03,2599246.768958943
2022-02-04,2665701.9482679362
2022-02-07,2623887.0451498046
2022-02-08,2682875.9984299666
2022-02-09,2796746.4713352644
2022-02-10,2669435.349664971
2022-02-11,2501055.370714189
2022-02-14,2507775.8392879968
2022-02-15,2630607.2253409913
2022-02-16,2627993.6136569707
2022-02-17,2471934.2053755494
2022-02-18,2414812.2411765247
2022-02-22,2365903.7023744537
2022-02-23,2245685.7838141695
2022-02-24,2396144.9458087278
2022-02-25,2470068.0814422714
2022-02-28,2489108.25553758
2022-03-01,2407345.4383824538
2022-03-02,2486495.2206187993
2022-03-03,2415558.5753967883
2022-03-04,2347609.429925479
2022-03-07,2173256.1817690125
2022-03-08,2151975.418908505
2022-03-09,2309528.216587002
2022-03-10,2257632.610608159
2022-03-11,2162055.977577906
2022-03-14,2080292.7278488502
2022-03-15,2208724.2159973984
2022-03-16,2374117.416154028
2022-03-17,2429372.968037155
2022-03-18,2530549.9915455813
2022-03-21,2516363.0085603227
2022-03-22,2614179.7977818446
2022-03-23,2539136.872435286
2022-03-24,2652261.587885561
2022-03-25,2648528.4748711456
2022-03-28,2730290.715261032
2022-03-29,2822134.523659489
2022-03-30,2762025.7806663117
2022-03-31,2685115.577855996
2022-04-01,2683249.453922718
2022-04-04,2791146.9460049514
2022-04-05,2669061.8941722196
2022-04-06,2549963.90951626
2022-04-07,2563777.725391387
2022-04-08,2490975.5330013377
2022-04-11,2373743.816469966
2022-04-12,2355076.521102169
2022-04-13,2448413.142132463
2022-04-14,2336036.058624241
2022-04-18,2343502.861418312
2022-04-19,2442813.6168021504
2022-04-20,2371503.8044700073
2022-04-21,2276673.5056600175
2022-04-22,2154962.053511347
2022-04-25,2211711.4273654805
2022-04-26,2041091.2922234293
2022-04-27,2038851.2802234702
2022-04-28,2182216.5181514695
2022-04-29,1986209.195833054
2022-05-02,2053038.5515913484
2022-05-03,2059385.1320984745
2022-05-04,2197524.011806292
2022-05-05,1979115.5601491143
2022-05-06,1929460.5429354701
2022-05-09,1776387.7692568912
2022-05-10,1820069.6614561605
2022-05-11,1710678.7799768508
2022-05-12,1703211.6888001603
2022-05-13,1827536.3200589216
2022-05-16,1786467.8953523627
2022-05-17,1878685.0150522618
2022-05-18,1692011.1962264345
2022-05-19,1675210.4573658456
2022-05-20,1663636.797681988
2022-05-23,1719265.5166752466
2022-05-24,1645716.4132996942
2022-05-25,1692758.1072119377
2022-05-26,1785721.70532341
2022-05-27,1904072.7789938666
2022-05-31,1891752.208324506
2022-06-01,1864124.2881916326
2022-06-02,1966795.2778623744
2022-06-03,1861510.9648902318
2022-06-06,1875698.2362581103
2022-06-07,1908926.1142952268
2022-06-08,1880178.4044493386
2022-06-09,1777507.7031612166
2022-06-10,1650943.2040938062
2022-06-13,1498990.7968934816
2022-06-14,1506083.855812181
2022-06-15,1579633.5359529732
2022-06-16,1453068.7485029427
2022-06-17,1486670.0820328107
2022-06-21,1561713.0073793689
2022-06-22,1556486.3607765674
2022-06-23,1602781.4320859276
2022-06-24,1715532.115278211
2022-06-27,1686411.0941308811
2022-06-28,1582993.7702398761
2022-06-29,1587474.0826224147
2022-06-30,1546032.2024231046
2022-07-01,1566193.1755705972
2022-07-05,1619955.049674028
2022-07-06,1639742.4231374592
2022-07-07,1709558.557689906
2022-07-08,1715158.8039767689
2022-07-11,1639742.423137459
2022-07-12,1608754.9896742315
2022-07-13,1602781.4320859269
2022-07-14,1613608.1807842813
2022-07-15,1671103.8888586774
2022-07-18,1643102.5132330526
2022-07-19,1743159.6028371537
2022-07-20,1798414.722146351
2022-07-21,1849937.3052063724
2022-07-22,1784975.0827205253
2022-07-25,1765934.0434773571
2022-07-26,1694624.6637191442
2022-07-27,1837990.1900297634
2022-07-28,1872711.4574639562
2022-07-29,1942154.5690975816
2022-08-01,1939913.9803323825
2022-08-02,1926847.0754427586
2022-08-03,2031757.35615691
2022-08-04,2049305.0060030022
2022-08-05,2016823.7505687687
2022-08-08,2003756.4131052152
2022-08-09,1957834.9414799162
2022-08-10,2066852.0790838543
2022-08-11,2043331.5926060074
2022-08-12,2123974.331665499
2022-08-15,2156082.131606981
2022-08-16,2146002.0055115097
2022-08-17,2096346.8441065555
2022-08-18,2107173.59280491
2022-08-19,2024290.8417454592
2022-08-22,1917139.8280747992
2022-08-23,1913779.5937878953
2022-08-24,1924606.6308688698
2022-08-25,1991436.1308184746
2022-08-26,1827909.7755516723
2022-08-29,1792068.430021845
2022-08-30,1751746.7721094794
2022-08-31,1731212.6318518552
2022-09-01,1732332.70994749
2022-09-02,1682677.6927338457
2022-09-06,1658409.8626965662
2022-09-07,1724865.9071534192
2022-09-08,1742413.2686168915
2022-09-09,1817829.2168822717
2022-09-12,1860764.3422873481
2022-09-13,1655796.3952038556
2022-09-14,1683051.0040352873
2022-09-15,1624808.8175493178
2022-09-16,1605021.5882771965
2022-09-19,1630782.2309463124
2022-09-20,1603527.6221148805
2022-09-21,1545659.1795042825
2022-09-22,1508324.156194759
2022-09-23,1459042.3060912467
2022-09-26,1444481.579230617
2022-09-27,1448215.5573928922
2022-09-28,1504590.898989034
2022-09-29,1419840.8704658255
2022-09-30,1368692.4638551052
2022-10-03,1433281.375039511
2022-10-04,1523258.1943568306
2022-10-05,1520644.4384815
2022-10-06,1496377.04101815
2022-10-07,1381759.224553419
2022-10-10,1352264.8921046478
2022-10-11,1318663.7027660897
2022-10-12,1316423.5465748205
2022-10-13,1376159.266649176
2022-10-14,1292529.3162216023
2022-10-17,1380265.9793476528
2022-10-18,1401920.4860835315
2022-10-19,1389973.0825243026
2022-10-20,1374292.4217593484
2022-10-21,1440001.8436133184
2022-10-24,1471362.8767606076
2022-10-25,1531472.0523277146
2022-10-26,1462775.9958709022
2022-10-27,1408640.5220834098
2022-10-28,1495630.2742239577
2022-10-31,1459042.3060912474
2022-11-01,1429548.1178337862
2022-11-02,1331730.751847024
2022-11-03,1279835.4342508009
2022-11-04,1320530.547655918
2022-11-07,1349278.401693116
2022-11-08,1367945.5528696028
2022-11-09,1303729.520412709
2022-11-10,1496377.041018151
2022-11-11,1551632.737092588
2022-11-14,1523631.361466963
2022-11-15,1566566.4868720395
2022-11-16,1522884.8830553899
2022-11-17,1515044.4805772577
2022-11-18,1515417.9360700094
2022-11-21,1483683.4474299687
2022-11-22,1526244.9731509837
2022-11-23,1556486.3607765678
2022-11-25,1535205.1653421305
2022-11-28,1489656.8608269633
2022-11-29,1467629.6195548829
2022-11-30,1601661.353990294
2022-12-01,1604647.7002105166
2022-12-02,1591954.2508136444
2022-12-05,1536698.4105478975
2022-12-06,1473229.5774591265
2022-12-07,1460535.6954883244
2022-12-08,1496003.72971671
2022-12-09,1476589.6675547203
2022-12-12,1512431.0130845476
2022-12-13,1545285.579820223
2022-12-14,1521391.2052756948
2022-12-15,1419094.2478629441
2022-12-16,1391092.8722373191
2022-12-19,1353384.970200284
2022-12-20,1349651.4246119387
2022-12-21,1389226.3157301114
2022-12-22,1320291.045890104
2022-12-23,1326656.8038414526
2022-12-27,1286591.0855042352
2022-12-28,1252516.6602864454
2022-12-29,1313176.7908488433
2022-12-30,1312053.10797046
2023-01-03,1293705.6289281163
2023-01-04,1306062.2474249625
2023-01-05,1263375.5636469172
2023-01-06,1333022.1292188717
2023-01-09,1350621.2553626134
2023-01-10,1373462.3123880103
2023-01-11,1419893.3561026466
2023-01-12,1433373.513286566
2023-01-13,1453218.9958479044
2023-01-17,1458086.6060889487
2023-01-18,1420642.2857664886
2023-01-19,1392184.688836205
2023-01-20,1470068.9039451836
2023-01-23,1534473.3944441725
2023-01-24,1527358.9952116015
2023-01-25,1519121.0572919573
2023-01-26,1577908.71950344
2023-01-27,1608988.002831101
2023-01-30,1542711.3323638164
2023-01-31,1590265.7705742158
2023-02-01,1659163.550673638
2023-02-02,1775989.9454327608
2023-02-03,1711959.919765693
2023-02-06,1683501.8902614794
2023-02-07,1753523.4974305949
2023-02-08,1689493.3275722172
2023-02-09,1658414.332627176
2023-02-10,1637445.5997613845
2023-02-13,1690242.4014273693
2023-02-14,1713083.3142614565
2023-02-15,1740792.4141018277
2023-02-16,1672643.5636662478
2023-02-17,1648678.8237624676
2023-02-21,1570419.999630258
2023-02-22,1572667.0770044045
2023-02-23,1600001.135247615
2023-02-24,1544958.1213553434
2023-02-27,1567799.0341894305
2023-02-28,1562556.6707338453
2023-03-01,1537468.9689082317
2023-03-02,1563680.0652296087
2023-03-03,1627335.7702560653
2023-03-06,1629582.4150562817
2023-03-07,1589516.985101684
2023-03-08,1605991.9957931128
2023-03-09,1547204.6219642502
2023-03-10,1504143.040780354
2023-03-13,1526984.530379681
2023-03-14,1597380.0256154775
2023-03-15,1613106.8275996137
2023-03-16,1697356.9448512509
2023-03-17,1680506.6041800417
2023-03-20,1692863.366868198
2023-03-21,1740043.4844379863
2023-03-22,1692488.9020362766
2023-03-23,1733677.8706779475
2023-03-24,1745285.5595109519
2023-03-27,1720197.8576853382
2023-03-28,1702973.1963735179
2023-03-29,1765505.6510955214
2023-03-30,1796584.5018492525
2023-03-31,1856121.2379158873
2023-04-03,1846760.0496917898
2023-04-04,1834403.2870036336
2023-04-05,1796210.0370173315
2023-04-06,1822046.812698097
2023-04-10,1817927.8437382749
2023-04-11,1794712.1776896466
2023-04-12,1762135.611799541
2023-04-13,1831033.3918989631
2023-04-14,1823169.9188112402
2023-04-17,1825042.2429708457
2023-04-18,1826165.493275299
2023-04-19,1823918.9926663924
2023-04-20,1795835.71637672
2023-04-21,1798082.2169856266
2023-04-24,1790219.1764718334
2023-04-25,1723193.287958087
2023-04-26,1742664.7382614338
2023-04-27,1837399.0056590016
2023-04-28,1862486.851675925
2023-05-01,1857619.097243571
2023-05-02,1824293.601689623
2023-05-03,1801826.8653048372
2023-05-04,1787972.2432889966
2023-05-05,1862861.1723165365
2023-05-08,1871473.1424941716
2023-05-09,1847883.5883788622
2023-05-10,1887948.72995084
2023-05-11,1899182.3865258526
2023-05-12,1885327.764510012
2023-05-15,1905547.7119032715
2023-05-16,1908917.7511992515
2023-05-17,1955723.2597458088
2023-05-18,2026119.0433642254
2023-05-19,2017132.175780739
2023-05-22,2029114.6178282842
2023-05-23,1978190.1403219048
2023-05-24,1957221.2632648032
2023-05-25,2051206.745189839
2023-05-26,2156425.595307268
2023-05-30,2174773.651114852
2023-05-31,2146315.6216106387
2023-06-01,2199486.599725925
2023-06-02,2231688.989166729
2023-06-05,2234310.098798867
2023-06-06,2233561.169135025
2023-06-07,2156799.9159478797
2023-06-08,2208848.076332642
2023-06-09,2224949.0547660794
2023-06-12,2300961.089906763
2023-06-13,2334661.0502926316
2023-06-14,2368735.7638930418
2023-06-15,2423405.1781012523
2023-06-16,2391951.1415590504
2023-06-20,2386334.4574628538
2023-06-21,2321181.1814913326
2023-06-22,2374726.48024723
2023-06-23,2326797.577204909
2023-06-26,2264265.4108655257
2023-06-27,2341401.2730759024
2023-06-28,2349264.6019723155
2023-06-29,2338780.019252455
2023-06-30,2410673.373815936
2023-07-03,2422281.35103156
2023-07-05,2420408.8826806443
2023-07-06,2382964.4181668744
2023-07-07,2365740.045237674
2023-07-10,2368735.7638930427
2023-07-11,2390453.4264226765
2023-07-12,2451113.8453676943
2023-07-13,2531619.3143001203
2023-07-14,2530495.1988478075
2023-07-17,2576552.498687072
2023-07-18,2619613.503105729
2023-07-19,2612872.847748529
2023-07-20,2494548.8820443414
2023-07-21,2479196.544892126
2023-07-24,2487060.162171159
2023-07-25,2521508.6196469404
2023-07-26,2503910.0702684387
2023-07-27,2490056.169209148
2023-07-28,2580296.8586236625
2023-07-31,2584789.8598414757
2023-08-01,2570186.7407357227
2023-08-02,2456355.7762493487
2023-08-03,2447368.6202832423
2023-08-04,2423778.9219766227
2023-08-07,2464967.7464269837
2023-08-08,2421906.7420083275
2023-08-09,2367986.6900378894
2023-08-10,2375850.163125613
2023-08-11,2344771.168180572
2023-08-14,2397942.146295858
2023-08-15,2345894.562676335
2023-08-16,2294970.229361266
2023-08-17,2243671.1428316557
2023-08-18,2237680.138094848
2023-08-21,2310322.2781308615
2023-08-22,2303207.878898291
2023-08-23,2375101.233461772
2023-08-24,2270631.3130081855
2023-08-25,2307701.312690034
2023-08-28,2342524.8117629765
2023-08-29,2442875.619065431
2023-08-30,2469835.3566680304
2023-08-31,2481817.9429068854
2023-09-01,2478447.9036109056
2023-09-05,2482941.193211339
2023-09-06,2439131.2591288406
2023-09-07,2402435.724278913
2023-09-08,2408052.2641837997
2023-09-11,2464967.746426987
2023-09-12,2410298.4764100867
2023-09-13,2427897.6025538286
2023-09-14,2466465.6057546716
2023-09-15,2379969.1320854374
2023-09-18,2385959.8484396255
2023-09-19,2375475.5541023845
2023-09-20,2312994.8640606506
2023-09-21,2225506.498370321
2023-09-22,2227383.725034464
2023-09-25,2247284.721250131
2023-09-26,2178946.115050666
2023-09-27,2190586.102737097
2023-09-28,2225131.02419923
2023-09-29,2228510.4359303564
2023-10-02,2264181.491523142
2023-10-03,2184202.609254626
2023-10-04,2243154.3611768233
2023-10-05,2228510.4359303564
2023-10-06,2302105.536333781
2023-10-09,2326136.748431445
2023-10-10,2350167.960529109
2023-10-11,2384337.4078201517
2023-10-12,2365187.3599466668
2023-10-13,2306611.51476949
2023-10-16,2359555.103188996
2023-10-17,2343409.281258167
2023-10-18,2277323.5200852463
2023-10-19,2236395.6819058815
2023-10-20,2169934.7349444903
2023-10-23,2181574.4342483017
2023-10-24,2225131.024199231
2023-10-25,2114738.0131158195
2023-10-26,2033257.8109281808
2023-10-27,2052782.9003988267
2023-10-30,2097090.0061180077
2023-10-31,2118492.8990180367
2023-11-01,2192088.143612771
2023-11-02,2269813.892472123
2023-11-03,2322382.150911849
2023-11-06,2340405.487889442
2023-11-07,2383961.9336490617
2023-11-08,2387716.5311686588
2023-11-09,2349792.6305493293
2023-11-10,2452675.437254377
2023-11-13,2438031.6561992206
2023-11-14,2542041.1738001606
2023-11-15,2545421.0181052163
2023-11-16,2549926.7081583044
2023-11-17,2549551.233987214
2023-11-20,2611881.9650666076
2023-11-21,2578463.6103090565
2023-11-22,2600617.1631686473
2023-11-24,2591605.494679851
2023-11-27,2587099.804626763
2023-11-28,2599866.214826466
2023-11-29,2593858.628089015
2023-11-30,2579965.2186107994
2023-12-01,2594984.762219667
2023-12-04,2545044.9671688857
2023-12-05,2557436.4799627378
2023-12-06,2527773.1552987136
2023-12-07,2598740.080695813
2023-12-08,2619015.9743173304
2023-12-11,2664074.028378693
2023-12-12,2706504.0516250404
2023-12-13,2774091.9978649435
2023-12-14,2768084.4111274923
2023-12-15,2788360.304749009
2023-12-18,2828912.957139903
2023-12-19,2856698.910948474
2023-12-20,2770549.217379652
2023-12-21,2834823.3589344528
2023-12-22,2842716.3912407137
2023-12-26,2875792.7242110805
2023-12-27,2886693.2988601257
2023-12-28,2881431.181195078
2023-12-29,2856623.0663194433
2024-01-02,2760400.744603267
2024-01-03,2701388.7207135134
2024-01-04,2671694.8274917817
2024-01-05,2678460.283754291
2024-01-08,2788214.9599085865
2024-01-09,2799115.246175012
2024-01-10,2835574.8840418737
2024-01-11,2844595.7807745063
2024-01-12,2848354.848224711
2024-01-16,2847226.69541572
2024-01-17,2813774.3115090225
2024-01-18,2894210.856995296
2024-01-19,3006596.4477908053
2024-01-22,3014113.7175433557
2024-01-23,3038169.730546329
2024-01-24,3070494.8267918946
2024-01-25,3076507.8927991237
2024-01-26,3038920.9672711305
2024-01-29,3102067.24439956
2024-01-30,3058842.7270354284
2024-01-31,2939315.0522758393
2024-02-01,3009227.3624320184
2024-02-02,3109960.8534710607
2024-02-05,3098684.804650925
2024-02-06,3087408.755830789
2024-02-07,3149427.7452980867
2024-02-08,3159576.506457091
2024-02-09,3220467.6314980173
2024-02-12,3194156.75479016
2024-02-13,3093799.026304828
2024-02-14,3161831.370161975
2024-02-15,3177617.7231571176
2024-02-16,3120109.6146300663
2024-02-20,3072373.351177829
2024-02-21,3046814.8647252526
2024-02-22,3224602.173119314
2024-02-23,3203928.8882475947
2024-02-26,3200169.8207973894
2024-02-27,3215580.988004061
2024-02-28,3179121.638519819
2024-02-29,3233998.544023037
2024-03-01,3330598.3585886434
2024-03-04,3303534.8032428855
2024-03-05,3185887.671547569
2024-03-06,3224977.9356730245
2024-03-07,3321952.359261862
2024-03-08,3223474.5970755625
2024-03-11,3199042.533136258
2024-03-12,3291882.4151037997
2024-03-13,3238509.713345904
2024-03-14,3221594.63077653
2024-03-15,3143789.5766967097
2024-03-18,3203177.3631401733
2024-03-19,3218212.1910278946
2024-03-20,3294750.668641179
2024-03-21,3323335.730689452
2024-03-22,3328977.6482648887
2024-03-25,3305658.164473102
2024-03-26,3284220.088893447
2024-03-27,3306034.215409432
2024-03-28,3290238.0574052134
2024-04-01,3305658.164473101
2024-04-02,3246984.701779093
2024-04-03,3259772.4522926677
2024-04-04,3158222.26167411
2024-04-05,3233444.272627617
2024-04-08,3235325.104074509
2024-04-09,3257892.197611015
2024-04-10,3198466.633044346
2024-04-11,3301897.3667271757
2024-04-12,3195080.732704272
2024-04-15,3088641.0147655583
2024-04-16,3088641.0147655583
2024-04-17,3013042.3761104806
2024-04-18,2976183.328315078
2024-04-19,2853946.0104590463
2024-04-22,2909987.693363981
2024-04-23,2997245.641341022
2024-04-24,3016803.173856405
2024-04-25,2984833.9417637778
2024-04-26,3077734.0956988754
2024-04-29,3101428.4768965133
2024-04-30,2983329.4496358363
2024-05-01,2939324.2805196755
2024-05-02,3013418.1386641916
2024-05-03,3133774.3366907113
2024-05-06,3203731.634535592
2024-05-07,3202227.43079027
2024-05-08,3198842.107215436
2024-05-09,3210502.281685259
2024-05-10,3225922.3887531473
2024-05-13,3240214.631394664
2024-05-14,3280459.0027649007
2024-05-15,3381257.0915107974
2024-05-16,3367340.6114229914
2024-05-17,3363956.441378637
2024-05-20,3409841.865176451
2024-05-21,3421501.4628810347
2024-05-22,3420373.310072043
2024-05-23,3387274.771639945
2024-05-24,3451214.6777382987
2024-05-28,3475661.737573837
2024-05-29,3426766.4643722805
2024-05-30,3351920.2159724836
2024-05-31,3351920.2159724836
2024-06-03,3373358.8683173787
2024-06-04,3390283.755895829
2024-06-05,3527189.0789470877
2024-06-06,3524179.8063085843
2024-06-07,3515905.243796215
2024-06-10,3543737.627206587
2024-06-11,3590752.0689612515
2024-06-12,3685156.426641671
2024-06-13,3723144.2040113052
2024-06-14,3760002.9634240884
2024-06-17,3851398.625231244
2024-06-18,3852526.7780402354
2024-06-20,3791220.382026674
2024-06-21,3768653.288490168
2024-06-24,3684028.5622153
2024-06-25,3767901.4750001277
2024-06-26,3783187.7725323895
2024-06-27,3800507.167534842
2024-06-28,3757961.5028579207
2024-07-01,3803895.9517011144
2024-07-02,3882587.205571842
2024-07-03,3945464.133333299
2024-07-05,4025661.032862448
2024-07-08,4045616.5333932727
2024-07-09,4049757.996197446
2024-07-10,4135225.6648702393
2024-07-11,3951111.5301785134
2024-07-12,3995916.6726822364
2024-07-15,4018130.7858920028
2024-07-16,4020390.2637188043
2024-07-17,3783564.1118513397
2024-07-18,3746290.081465922
2024-07-19,3678140.9426477216
2024-07-22,3785823.3012955207
2024-07-23,3759844.641365771
2024-07-24,3488002.4950265912
2024-07-25,3411570.718982665
2024-07-26,3480472.824821386
2024-07-29,3491014.6514912937
2024-07-30,3394627.663299163
2024-07-31,3596061.7697585807
2024-08-01,3422113.4108004323
2024-08-02,3256825.1819174406
2024-08-05,3068192.091572112
2024-08-06,3121280.4480668013
2024-08-07,3052002.2912917505
2024-08-08,3239505.2101497483
2024-08-09,3272261.7267946624
2024-08-12,3284310.064270851
2024-08-13,3446209.7973701903
2024-08-14,3448845.326133322
2024-08-15,3621287.4626678093
2024-08-16,3627688.6916814037
2024-08-19,3722946.085151444
2024-08-20,3706379.0804042723
2024-08-21,3742147.4651312684
2024-08-22,3620535.3607951486
2024-08-23,3698472.7824974963
2024-08-26,3625429.5022372226
2024-08-27,3646890.9368090886
2024-08-28,3562552.5744757666
2024-08-29,3551633.2549564284
2024-08-30,3635218.9386518504
2024-09-03,3411947.923449476
2024-09-04,3393874.9846612625
2024-09-05,3400652.2646111874
2024-09-06,3216914.469238412
2024-09-09,3297487.7080865116
2024-09-10,3357353.056148506
2024-09-11,3500427.460204351
2024-09-12,3571965.094806204
2024-09-13,3600579.5718817054
2024-09-16,3567823.632002031
2024-09-17,3571588.178722014
2024-09-18,3538078.6950565795
2024-09-19,3718804.3339646524
2024-09-20,3701860.98989853
2024-09-23,3721439.5743451645
2024-09-24,3756832.19651845
2024-09-25,3765910.1930098203
2024-09-26,3819402.2851723493
2024-09-27,3774574.3604416554
2024-09-30,3793409.7828768454
2024-10-01,3686049.259232838
2024-10-02,3698480.568828235
2024-10-03,3692452.7953073923
2024-10-04,3780224.929495689
2024-10-07,3695089.4776010034
2024-10-08,3805464.464770672
2024-10-09,3864606.5492219934
2024-10-10,3856319.297874349
2024-10-11,3864230.2099030437
2024-10-14,3929023.4401736385
2024-10-15,3823546.3434201023
2024-10-16,3824676.226524813
2024-10-17,3830704.0000456567
2024-10-18,3877414.7749015815
2024-10-21,3892106.427471639
2024-10-22,3899640.711798763
2024-10-23,3779095.3347735987
2024-10-24,3839744.7951790607
2024-10-25,3883818.3109761346
2024-10-28,3885325.398547656
2024-10-29,3958782.7962500853
2024-10-30,3898886.879630383
2024-10-31,3702247.422609178
2024-11-01,3753856.087881235
2024-11-04,3730500.267879342
2024-11-05,3825806.398012143
2024-11-06,4033746.7047587945
2024-11-07,4160696.194623752
2024-11-08,4166347.0520604053
2024-11-11,4161073.1107079424
2024-11-12,4146381.1697552647
2024-11-13,4134703.9807108683
2024-11-14,4075184.6917927363
2024-11-15,3878168.318687341
2024-11-18,3933543.837740341
2024-11-19,3985905.4700329197
2024-11-20,3981008.444764647
2024-11-21,4010014.545437953
2024-11-22,4020185.5120586883
2024-11-25,4032617.1100367047
2024-11-26,4074807.4873259277
2024-11-27,4010014.545437953
2024-11-29,4076314.574897448
2024-12-02,4165216.592190455
2024-12-03,4191585.7221875293
2024-12-04,4293672.881244314
2024-12-05,4269940.721923471
2024-12-06,4344528.291113231
2024-12-09,4274837.747191744
2024-12-10,4243571.303543777
2024-12-11,4396513.007321619
2024-12-12,4338877.722059199
2024-12-13,4402917.120161412
2024-12-16,4529866.32164375
2024-12-17,4489558.7944797585
2024-12-18,4165593.5082746455
2024-12-19,4125285.981110654
2024-12-20,4198366.462728892
2024-12-23,4277178.837299972
2024-12-24,4392513.4287664285
2024-12-26,4384598.190998436
2024-12-27,4265118.099371128
2024-12-30,4150913.679392002
2024-12-31,4079677.11624531
2025-01-02,4061585.720969424
2025-01-03,4194258.7406912455
2025-01-06,4289616.779695626
2025-01-07,4135083.780621257
2025-01-08,4135837.6127896374
2025-01-10,4003919.0020014355
2025-01-13,3979042.5404448877
2025-01-14,3969620.215105375
2025-01-15,4149029.0989710516
2025-01-16,4093623.588125584
2025-01-17,4228557.527587307
2025-01-21,4274163.797009071
2025-01-22,4385728.9392510075
2025-01-23,4404951.371162084
2025-01-24,4352937.816691708
2025-01-27,4095508.456929156
2025-01-28,4218757.421015746
2025-01-29,4201796.77399243
2025-01-30,4236849.393056871
2025-01-31,4221772.749689267
2025-02-03,4154682.8402339057
2025-02-04,4256071.824967948
2025-02-05,4293385.94053753
2025-02-06,4336730.425071534
2025-02-07,4227050.151633169
2025-02-10,4326554.55594626
2025-02-11,4306200.510634754
2025-02-12,4311100.9964944655
2025-02-13,4433973.044496864
2025-02-14,4467895.780456594
2025-02-18,4487494.55168662
2025-02-19,4489756.336574381
2025-02-20,4449803.808415469
2025-02-21,4264363.40205489
2025-02-24,4161467.0413667075
2025-02-25,4055932.2680891943
2025-02-26,4074401.1562145106
2025-02-27,3849762.3422460197
2025-02-28,3968489.1784701874
2025-03-03,3798879.536028214
2025-03-04,3770988.322563385
2025-03-05,3869738.317942857
2025-03-06,3656784.1909668795
2025-03-07,3707290.3694831156
2025-03-10,3426492.5008833967
2025-03-11,3401615.462561609
2025-03-12,3480013.719690534
2025-03-13,3352617.525147374
2025-03-14,3512427.9261656445
2025-03-17,3557656.9911205987
2025-03-18,3437422.4905596706
2025-03-19,3524865.5801786785
2025-03-20,3501497.071341511
2025-03-21,3526373.244515439
2025-03-24,3674875.8746253867
2025-03-25,3718597.5636262004
2025-03-26,3581969.3762726514
2025-03-27,3539366.9002196123
2025-03-28,3353124.5017931326
2025-03-31,3350861.8517575124
2025-04-01,3403266.7414430734
2025-04-02,3453031.776626204
2025-04-03,3083939.5129135754
2025-04-04,2707306.3320735656
2025-04-07,2715223.8769025174
2025-04-08,2614184.988669016
2025-04-09,3228334.1326032565
2025-04-10,2964427.41081546
2025-04-11,3069236.036656102
2025-04-14,3111837.9359439015
2025-04-15,3119001.3602218525
2025-04-16,2931627.6367775626
2025-04-17,2927103.201854182
2025-04-21,2783839.330417072
2025-04-22,2925972.165218992
2025-04-23,3056040.8015006296
2025-04-24,3229841.7969400166
2025-04-25,3301096.816574381
2025-04-28,3299588.8638550006
2025-04-29,3340305.894339229
2025-04-30,3339552.0621708487
2025-05-01,3421363.327606116
2025-05-02,3526548.5811483283
2025-05-05,3485077.718495719
2025-05-06,3420985.834756686
2025-05-07,3446622.7612818717
2025-05-08,3515238.7915616664
2025-05-09,3509206.6923015253
2025-05-12,3794979.737859506
2025-05-13,3909213.57286586
2025-05-14,3955962.70261023
2025-05-15,3964634.079607562
2025-05-16,3998564.890280649
2025-05-19,4004220.36183922
2025-05-20,3975567.2414926537
2025-05-21,3865103.4324760605
2025-05-22,3879429.7042667237
2025-05-23,3805535.983660408
2025-05-27,3982353.4613037957
2025-05-28,3948422.9390133284
2025-05-29,3962748.634038752
2025-05-30,3948422.9390133284
2025-06-02,4009121.1360815517
2025-06-03,4072835.8153537754
2025-06-04,4093948.30695558
2025-06-05,4029856.7115991665
2025-06-06,4107520.458195243
2025-06-09,4118831.112929765
2025-06-10,4173874.703587277
2025-06-11,4144844.955539141
2025-06-12,4163695.6622531842
2025-06-13,4057001.5908437315
2025-06-16,4168596.148112896
2025-06-17,4085654.422807678
2025-06-18,4083768.977238868
2025-06-20,4047198.8888285905
2025-06-23,4131649.143618428
2025-06-24,4256816.717275115
2025-06-25,4277348.40628047
2025-06-26,4358117.168544852
2025-06-27,4386801.722596985
2025-06-30,4442660.282538293
2025-07-01,4365288.66753616
2025-07-02,4426808.178305817
2025-07-03,4509841.897666778
2025-07-07,4442282.501306243
2025-07-08,4445679.936951112
2025-07-09,4508331.926269058
2025-07-10,4493989.793434301
2025-07-11,4472477.026756097
2025-07-14,4503048.179907519
2025-07-15,4510218.813750968
2025-07-16,4520032.1859230455
2025-07-17,4592497.835795688
2025-07-18,4580797.864524321
2025-07-21,4627976.10760708
2025-07-22,4579287.8931266
2025-07-23,4620427.115766341
2025-07-24,4640807.692278876
2025-07-25,4659301.669692121
2025-07-28,4688740.921060495
2025-07-29,4674776.281075168
2025-07-30,4685721.266647676
2025-07-31,4633636.770052807
2025-08-01,4448699.302981309
2025-08-04,4612123.4266093625
2025-08-05,4548338.958743127
2025-08-06,4662698.528571752
2025-08-07,4694024.955804655
2025-08-08,4778945.2742649065
2025-08-11,4747996.628264054
2025-08-12,4868772.423002507
2025-08-13,4872546.197966326
2025-08-14,4863864.727577299
2025-08-15,4818197.609422739
2025-08-18,4815178.243392539
2025-08-19,4683079.681849529
2025-08-20,4626088.643359932
2025-08-21,4583816.653789282
2025-08-22,4723086.7143236
2025-08-25,4694779.653120896
2025-08-26,4732522.016881008
2025-08-27,4745731.959550095
2025-08-28,4803477.695355931
2025-08-29,4688363.428211067
2025-09-02,4610614.320359504
2025-09-03,4680815.013135568
2025-09-04,4766112.824445249
2025-09-05,4776680.893933566
2025-09-08,4823481.644166895
2025-09-09,4849524.036655639
2025-09-10,4852542.825920599
2025-09-11,4907647.553693526
2025-09-12,4949918.101351078
2025-09-15,5034084.2992603285
2025-09-16,5022761.820838391
2025-09-17,5001247.900629706
2025-09-18,5093717.210930695
2025-09-19,5160143.84036032
2025-09-22,5220154.533262736
2025-09-23,5149576.347637242
2025-09-24,5113747.11417745
2025-09-25,5067687.795659846
2025-09-26,5108461.637520191
2025-09-29,5154144.328336226
2025-09-30,5179816.725923657
2025-10-01,5229651.549700799
2025-10-02,5271935.939724105
2025-10-03,5224366.649808781
2025-10-06,5303271.595200844
2025-10-07,5246263.542136674
2025-10-08,5365565.124922273
2025-10-09,5351596.447580268
2025-10-10,4976324.144323497
2025-10-13,5188499.926608404
2025-10-14,5119410.372066758
2025-10-15,5188877.707840453
2025-10-16,5150368.823076686
2025-10-17,5216060.653590843
2025-10-20,5346310.970923008
2025-10-21,5343291.028127569
2025-10-22,5237202.560219876
2025-10-23,5327056.816923745
2025-10-24,5435787.446394827
2025-10-27,5630596.250545001
2025-10-28,5715542.235058421
2025-10-29,5767643.169462623
2025-10-30,5589445.204217845
2025-10-31,5643432.737721336
2025-11-03,5694023.123962578
2025-11-04,5460704.858283399
2025-11-05,5532436.574388434
2025-11-06,5325545.691995545
2025-11-07,5289680.122325648
2025-11-10,5521488.416607107
2025-11-11,5492040.513760137
2025-11-12,5482602.3273765305
2025-11-13,5257211.699917998
2025-11-14,5262497.176575256
2025-11-17,5172265.715404577
2025-11-18,5046545.88903081
2025-11-19,5103931.72332703
2025-11-20,4863440.805126063
2025-11-21,4935172.521231098
2025-11-24,5189632.693539311
2025-11-25,5248529.075998491
2025-11-26,5341403.275497799
2025-11-28,5422195.396754391
2025-12-01,5387462.017250163
2025-12-02,5472031.374062013
2025-12-03,5496193.223486485
2025-12-04,5483356.73631015
2025-12-05,5528661.069128894
2025-12-08,5503743.657240323
2025-12-09,5519600.087212097
2025-12-10,5561885.054000641
2025-12-11,5525641.126333454
2025-12-12,5311199.233421488
2025-12-15,5257589.481150046
2025-12-16,5277976.402080219
2025-12-17,5080147.078369367
2025-12-18,5228141.001537836
2025-12-19,5364810.715988649
2025-12-22,5411624.443439873
2025-12-23,5463725.377844075
2025-12-24,5493409.177674111
2025-12-26,5489632.518884093
2025-12-29,5435249.901191358
2025-12-30,5408813.289661231
2025-12-31,5318176.362526994
2026-01-02,5294760.847322785
2026-01-05,5377845.033642227
2026-01-06,5473015.335561062
2026-01-07,5482834.763768157
2026-01-08,5419387.703567187
2026-01-09,5524376.856927878
2026-01-12,5534195.708369734
2026-01-13,5514558.005486023
2026-01-14,5399750.000683477
2026-01-15,5433739.353028401
2026-01-16,5419387.703567188
2026-01-20,5191283.395655535
2026-01-21,5327994.637203611
2026-01-22,5408813.289661234
2026-01-23,5442047.656307299
2026-01-26,5488121.970721137
2026-01-27,5586312.792200651
2026-01-28,5616525.485755556
2026-01-29,5553078.425554587
2026-01-30,5416367.18400651
2026-02-02,5493409.177674114
2026-02-03,5321952.444551774
2026-02-04,5134634.667335742
2026-02-05,4988103.420815331
2026-02-06,5195815.040144414
2026-02-09,5274368.158740216
2026-02-10,5225271.594469979
2026-02-11,5250952.643536007
2026-02-12,5037198.831555087
2026-02-13,5054571.000576979
2026-02-17,5043241.024206924
2026-02-18,5117261.92154861
2026-02-19,5078740.924714808
2026-02-20,5166357.909053607
2026-02-23,5041729.899278726
2026-02-24,5145964.066940557
2026-02-25,5293250.875925068
2026-02-26,5169378.428614286
2026-02-27,5135389.653034601
2026-03-02,5145964.066940556
2026-03-03,5036443.269090988
2026-03-04,5185240.626238458
2026-03-05,5155782.918382412
2026-03-06,4999433.397185385
2026-03-09,5131612.994244583
2026-03-10,5129347.460382764
2026-03-11,5128591.897918665
2026-03-12,4953358.506006308
2026-03-13,4891423.147498777
2026-03-16,4999433.397185386
2026-03-17,5049283.793624003
2026-03-18,4905773.066664271
2026-03-19,4874050.401711646
2026-03-20,4692774.8171474505
2026-03-23,4802295.614997019
2026-03-24,4731295.525598632
2026-03-25,4791960.270282948
2026-03-26,4565318.639019353
2026-03-27,4385516.112877533
2026-03-30,4318279.12828603
2026-03-31,4608380.508585869
2026-04-01,4720946.050136186
2026-04-02,4729255.795328182
2026-04-06,4785916.347335391
2026-04-07,4788938.30880917
2026-04-08,5067707.982443235
2026-04-09,5137966.640125897
2026-04-10,5151565.03418397
2026-04-13,5257331.090322631
2026-04-14,5446954.774967266
2026-04-15,5598804.373763603
2026-04-16,5650932.416134074
2026-04-17,5796738.668748094
2026-04-20,5761986.255990953
2026-04-21,5716658.275797378
2026-04-22,5906281.960442014
2026-04-23,5839800.538314611
2026-04-24,6061908.794793608
2026-04-27,6065686.607114105
2026-04-28,5943299.907060972
2026-04-29,6016580.814600033
2026-04-30,6123102.433202794
2026-05-01,6240200.196007229
2026-05-04,6216025.080982243
2026-05-05,6375429.727654334
2026-05-06,6636823.19490983
2026-05-07,6622469.8151528975
2026-05-08,6929191.262601968
2026-05-11,6969987.021541426
2026-05-12,6851377.5570435515
2026-05-13,6991895.4491741145
2026-05-14,7093884.269757518
2026-05-15,6877063.220231498
2026-05-18,6814359.033659352
2026-05-19,6733523.655009776
2026-05-20,6954121.940091054
2026-05-21,6979052.0408149
2026-05-22,7033446.19381243
2026-05-26,7282752.391938052
2026-05-27,7266887.310487681
2026-05-28,7387762.885612614
2026-05-29,7438379.226289648
2026-06-01,7526769.652814979
2026-06-02,7594762.199870582
2026-06-03,7554722.003395224
2026-06-04,7480685.533392065
2026-06-05,6764498.255446421
2026-06-08,6969230.882312087
2026-06-09,6808315.687477036
2026-06-10,6535590.513555767
2026-06-11,6963943.09859387
2026-06-12,7054599.058981021
2026-06-15,7492773.379287179
2026-06-16,7211737.5950260535
2026-06-17,7068198.029804333
2026-06-18,7396828.481651331
2026-06-22,7379452.852038001
2026-06-23,6891417.75351891
2026-06-24,6831770.999482789
2026-06-25,6937607.420980703
2026-06-26,6737273.782598767
2026-06-29,7081999.445226806
2026-06-30,7314840.726052697
2026-07-01,7098631.047680833
2026-07-02,6849914.303630257
2026-07-06,7041176.57832108
2026-07-07,6780364.490427273
2026-07-08,6814383.257799426
2026-07-09,7041176.578321081
2026-07-10,7083511.146920246
2026-07-13,6813627.118570087
2026-07-14,6964822.665584523
2026-07-15,6925512.077137475
2026-07-16,6695694.776463703
2026-07-17,6494604.998852428
2026-07-20,6503676.36254354
2026-07-21,6745589.583825781
2026-07-22,6673771.35293478
2026-07-23,6425810.748113543
2026-07-24,6274615.201099106
2026-07-27,6235304.612652058
2026-07-28,6113592.151164217
2026-07-29,5864875.407113641
2026-07-30,6250423.936647406
2026-07-31,6325265.570925284
2026-08-03,6548279.348830722
2026-08-04,6989770.06926556
2026-08-05,6864278.065161503
2026-08-06,6813627.118570085
2026-08-07,6970870.6258887565
2026-08-10,6927023.778830912
