date,value
1986-01-02,10000
1986-01-03,9946.67
1986-01-06,9931.43
1986-01-07,10117.33
1986-01-08,9993.14
1986-01-09,9813.33
1986-01-10,9871.24
1986-01-13,9835.43
1986-01-14,9842.29
1986-01-15,10021.33
1986-01-16,10137.9
1986-01-17,10115.81
1986-01-20,10026.67
1986-01-21,9987.81
1986-01-22,9875.81
1986-01-23,9849.14
1986-01-24,9920
1986-01-27,9964.95
1986-01-28,10056.38
1986-01-29,10137.9
1986-01-30,10071.62
1986-01-31,10128
1986-02-03,10227.81
1986-02-04,10255.24
1986-02-05,10340.57
1986-02-06,10410.67
1986-02-07,10470.1
1986-02-10,10524.19
1986-02-11,10534.1
1986-02-12,10564.57
1986-02-13,10602.67
1986-02-14,10678.86
1986-02-18,10723.05
1986-02-19,10639.24
1986-02-20,10662.1
1986-02-21,10754.29
1986-02-24,10681.9
1986-02-25,10620.95
1986-02-26,10581.33
1986-02-27,10707.05
1986-02-28,10699.43
1986-03-03,10646.86
1986-03-04,10707.81
1986-03-05,10685.71
1986-03-06,10727.62
1986-03-07,10707.05
1986-03-10,10852.57
1986-03-11,11073.52
1986-03-12,11171.05
1986-03-13,11200.76
1986-03-14,11200
1986-03-17,11152
1986-03-18,11248
1986-03-19,11235.81
1986-03-20,11260.95
1986-03-21,11276.19
1986-03-24,11206.86
1986-03-25,11237.33
1986-03-26,11219.05
1986-03-27,11305.14
1986-03-31,11341.71
1986-04-01,11310.48
1986-04-02,11346.29
1986-04-03,11330.29
1986-04-04,11202.29
1986-04-07,11128.38
1986-04-08,11347.05
1986-04-09,11356.95
1986-04-10,11562.67
1986-04-11,11631.24
1986-04-14,11728
1986-04-15,11803.43
1986-04-16,12106.67
1986-04-17,12118.86
1986-04-18,12012.19
1986-04-21,12078.48
1986-04-22,12027.43
1986-04-23,11996.95
1986-04-24,12179.05
1986-04-25,12225.52
1986-04-28,12182.86
1986-04-29,12057.14
1986-04-30,11802.67
1986-05-01,11749.33
1986-05-02,11810.29
1986-05-05,11972.57
1986-05-06,11971.81
1986-05-07,11904.76
1986-05-08,11974.1
1986-05-09,12031.24
1986-05-12,12019.05
1986-05-13,11965.71
1986-05-14,11961.9
1986-05-15,11867.43
1986-05-16,11809.52
1986-05-19,11833.14
1986-05-20,11962.67
1986-05-21,11995.43
1986-05-22,12162.29
1986-05-23,12202.67
1986-05-27,12280.38
1986-05-28,12290.29
1986-05-29,12313.9
1986-05-30,12431.24
1986-06-02,12345.14
1986-06-03,12351.24
1986-06-04,12329.14
1986-06-05,12370.29
1986-06-06,12333.71
1986-06-09,12084.57
1986-06-10,12045.71
1986-06-11,12192.76
1986-06-12,12218.67
1986-06-13,12369.52
1986-06-16,12251.43
1986-06-17,12081.52
1986-06-18,12074.67
1986-06-19,12135.62
1986-06-20,12159.24
1986-06-23,12156.95
1986-06-24,12251.43
1986-06-25,12342.86
1986-06-26,12321.52
1986-06-27,12313.9
1986-06-30,12390.1
1986-07-01,12443.43
1986-07-02,12492.19
1986-07-03,12534.1
1986-07-07,12009.9
1986-07-08,11676.95
1986-07-09,11840.76
1986-07-10,11755.43
1986-07-11,11645.71
1986-07-14,11373.71
1986-07-15,11142.86
1986-07-16,11230.48
1986-07-17,11312
1986-07-18,11257.9
1986-07-21,11205.33
1986-07-22,11231.24
1986-07-23,11213.71
1986-07-24,11221.33
1986-07-25,11296
1986-07-28,11085.71
1986-07-29,10987.43
1986-07-30,11011.05
1986-07-31,11011.05
1986-08-01,10985.9
1986-08-04,10859.43
1986-08-05,10808.38
1986-08-06,10707.81
1986-08-07,10719.24
1986-08-08,10841.14
1986-08-11,11081.14
1986-08-12,11204.57
1986-08-13,11340.19
1986-08-14,11428.57
1986-08-15,11395.81
1986-08-18,11357.71
1986-08-19,11321.14
1986-08-20,11409.52
1986-08-21,11429.33
1986-08-22,11500.19
1986-08-25,11421.71
1986-08-26,11516.95
1986-08-27,11582.48
1986-08-28,11584
1986-08-29,11558.1
1986-09-02,11378.29
1986-09-03,11414.86
1986-09-04,11535.24
1986-09-05,11403.43
1986-09-08,11165.71
1986-09-09,11105.52
1986-09-10,11027.81
1986-09-11,10549.33
1986-09-12,10288
1986-09-15,10281.14
1986-09-16,10301.71
1986-09-17,10391.62
1986-09-18,10524.19
1986-09-19,10549.33
1986-09-22,10675.81
1986-09-23,10633.14
1986-09-24,10608.76
1986-09-25,10485.33
1986-09-26,10483.05
1986-09-29,10326.1
1986-09-30,10476.19
1986-10-01,10534.1
1986-10-02,10531.05
1986-10-03,10556.95
1986-10-06,10599.62
1986-10-07,10533.33
1986-10-08,10610.29
1986-10-09,10602.67
1986-10-10,10656.76
1986-10-13,10718.48
1986-10-14,10740.57
1986-10-15,10826.67
1986-10-16,10809.9
1986-10-17,10757.33
1986-10-20,10674.29
1986-10-21,10661.33
1986-10-22,10689.52
1986-10-23,10830.48
1986-10-24,10816.76
1986-10-27,10800.76
1986-10-28,10857.14
1986-10-29,10905.14
1986-10-30,11030.86
1986-10-31,11008
1986-11-03,11033.14
1986-11-04,11121.52
1986-11-05,11137.52
1986-11-06,11078.86
1986-11-07,11040.76
1986-11-10,10993.52
1986-11-11,11074.29
1986-11-12,11091.81
1986-11-13,10926.48
1986-11-14,10933.33
1986-11-17,10757.33
1986-11-18,10716.95
1986-11-19,10631.62
1986-11-20,10766.48
1986-11-21,10887.62
1986-11-24,11009.52
1986-11-25,11106.29
1986-11-26,11190.1
1986-11-28,11271.62
1986-12-01,11188.57
1986-12-02,11340.95
1986-12-03,11434.67
1986-12-04,11427.05
1986-12-05,11355.43
1986-12-08,11264
1986-12-09,11190.1
1986-12-10,11196.95
1986-12-11,11129.9
1986-12-12,11046.1
1986-12-15,10976.76
1986-12-16,11008.76
1986-12-17,10898.29
1986-12-18,10883.81
1986-12-19,10953.9
1986-12-22,10978.29
1986-12-23,10880.76
1986-12-24,10879.24
1986-12-26,10890.67
1986-12-29,10890.67
1986-12-30,10783.24
1986-12-31,10774.1
1987-01-02,10884.57
1987-01-05,11231.24
1987-01-06,11356.95
1987-01-07,11654.86
1987-01-08,11862.1
1987-01-09,11961.14
1987-01-12,12137.9
1987-01-13,12161.52
1987-01-14,12393.14
1987-01-15,12506.67
1987-01-16,12381.71
1987-01-19,12682.67
1987-01-20,12687.24
1987-01-21,12515.05
1987-01-22,12795.43
1987-01-23,12705.52
1987-01-26,12505.9
1987-01-27,12697.9
1987-01-28,12771.81
1987-01-29,12627.81
1987-01-30,12699.43
1987-02-02,12976
1987-02-03,13071.24
1987-02-04,13219.05
1987-02-05,13305.14
1987-02-06,13305.14
1987-02-09,13228.95
1987-02-10,13129.14
1987-02-11,13408
1987-02-12,13429.33
1987-02-13,13642.67
1987-02-17,13992.38
1987-02-18,13806.48
1987-02-19,13704.38
1987-02-20,13614.48
1987-02-23,13539.81
1987-02-24,13633.52
1987-02-25,13788.19
1987-02-26,13881.14
1987-02-27,13923.81
1987-03-02,13795.05
1987-03-03,13756.95
1987-03-04,13964.19
1987-03-05,14070.1
1987-03-06,14040.38
1987-03-09,13902.48
1987-03-10,14054.86
1987-03-11,14118.86
1987-03-12,14077.71
1987-03-13,13955.05
1987-03-16,13922.29
1987-03-17,14163.81
1987-03-18,14174.48
1987-03-19,14320.76
1987-03-20,14462.48
1987-03-23,14430.48
1987-03-24,14489.9
1987-03-25,14490.67
1987-03-26,14530.29
1987-03-27,14403.81
1987-03-30,14006.86
1987-03-31,14174.48
1987-04-01,14176.76
1987-04-02,14297.9
1987-04-03,14579.81
1987-04-06,14545.52
1987-04-07,14281.14
1987-04-08,14421.33
1987-04-09,14379.43
1987-04-10,14345.14
1987-04-13,14014.48
1987-04-14,13692.95
1987-04-15,13901.71
1987-04-16,14000
1987-04-20,13876.57
1987-04-21,14067.05
1987-04-22,14016
1987-04-23,14001.52
1987-04-24,13743.24
1987-04-27,13680
1987-04-28,13810.29
1987-04-29,13883.43
1987-04-30,14082.29
1987-05-01,14158.48
1987-05-04,14205.71
1987-05-05,14456.38
1987-05-06,14422.1
1987-05-07,14476.95
1987-05-08,14503.62
1987-05-11,14418.29
1987-05-12,14397.71
1987-05-13,14498.29
1987-05-14,14532.57
1987-05-15,14316.95
1987-05-18,14130.29
1987-05-19,13826.29
1987-05-20,13843.81
1987-05-21,13916.95
1987-05-22,13839.24
1987-05-26,14108.19
1987-05-27,14168.38
1987-05-28,14332.19
1987-05-29,14382.48
1987-06-01,14160.76
1987-06-02,14057.14
1987-06-03,14153.14
1987-06-04,14190.48
1987-06-05,14147.81
1987-06-08,14288
1987-06-09,14435.81
1987-06-10,14477.71
1987-06-11,14450.29
1987-06-12,14503.62
1987-06-15,14445.71
1987-06-16,14414.48
1987-06-17,14554.67
1987-06-18,14656.76
1987-06-19,14632.38
1987-06-22,14659.81
1987-06-23,14616.38
1987-06-24,14621.71
1987-06-25,14578.29
1987-06-26,14556.95
1987-06-29,14529.52
1987-06-30,14418.29
1987-07-01,14435.81
1987-07-02,14505.14
1987-07-06,14402.29
1987-07-07,14304.76
1987-07-08,14276.57
1987-07-09,14321.52
1987-07-10,14380.19
1987-07-13,14508.19
1987-07-14,14856.38
1987-07-15,14847.24
1987-07-16,14936.38
1987-07-17,14923.43
1987-07-20,14770.29
1987-07-21,14719.24
1987-07-22,14752.76
1987-07-23,14590.48
1987-07-24,14707.05
1987-07-27,14719.24
1987-07-28,14761.9
1987-07-29,14835.81
1987-07-30,14976
1987-07-31,14960
1987-08-03,14875.43
1987-08-04,14924.19
1987-08-05,15104.76
1987-08-06,15380.57
1987-08-07,15522.29
1987-08-10,15697.52
1987-08-11,15877.33
1987-08-12,15776
1987-08-13,15731.05
1987-08-14,15731.05
1987-08-17,15758.48
1987-08-18,15535.24
1987-08-19,15648.76
1987-08-20,15918.48
1987-08-21,16043.43
1987-08-24,15960.38
1987-08-25,16054.86
1987-08-26,16088.38
1987-08-27,16048
1987-08-28,15911.62
1987-08-31,15967.24
1987-09-01,15763.05
1987-09-02,15674.67
1987-09-03,15619.81
1987-09-04,15547.43
1987-09-08,15230.48
1987-09-09,15360
1987-09-10,15631.24
1987-09-11,15723.43
1987-09-14,15631.24
1987-09-15,15409.52
1987-09-16,15337.14
1987-09-17,15395.05
1987-09-18,15366.1
1987-09-21,15029.33
1987-09-22,15347.05
1987-09-23,15548.19
1987-09-24,15591.62
1987-09-25,15628.19
1987-09-28,15590.86
1987-09-29,15554.29
1987-09-30,15657.14
1987-10-01,15977.9
1987-10-02,16290.29
1987-10-05,16163.81
1987-10-06,15852.95
1987-10-07,15763.05
1987-10-08,15514.67
1987-10-09,15426.29
1987-10-12,15209.9
1987-10-13,15331.81
1987-10-14,15047.62
1987-10-15,14709.33
1987-10-16,13964.19
1987-10-19,11859.05
1987-10-20,10968.38
1987-10-21,12097.52
1987-10-22,11427.81
1987-10-23,11079.62
1987-10-26,9785.14
1987-10-27,9894.86
1987-10-28,9996.95
1987-10-29,10971.43
1987-10-30,11433.9
1987-11-02,11595.43
1987-11-03,11209.9
1987-11-04,11271.62
1987-11-05,11659.43
1987-11-06,11480.38
1987-11-09,11161.14
1987-11-10,10928.76
1987-11-11,11084.19
1987-11-12,11416.38
1987-11-13,11272.38
1987-11-16,11235.05
1987-11-17,10938.67
1987-11-18,11035.43
1987-11-19,10747.43
1987-11-20,10730.67
1987-11-23,10806.86
1987-11-24,11021.71
1987-11-25,11047.62
1987-11-27,10921.9
1987-11-30,10448
1987-12-01,10450.29
1987-12-02,10511.24
1987-12-03,10129.52
1987-12-04,9938.29
1987-12-07,10144.76
1987-12-08,10414.48
1987-12-09,10648.38
1987-12-10,10591.24
1987-12-11,10652.95
1987-12-14,11129.9
1987-12-15,11191.62
1987-12-16,11509.33
1987-12-17,11421.71
1987-12-18,11790.48
1987-12-21,11887.24
1987-12-22,11852.19
1987-12-23,12042.67
1987-12-24,12052.57
1987-12-28,11640.38
1987-12-29,11759.24
1987-12-30,11983.24
1987-12-31,11904.76
1988-01-04,12328.38
1988-01-05,12516.57
1988-01-06,12661.33
1988-01-07,12853.33
1988-01-08,12052.57
1988-01-11,12105.14
1988-01-12,11864.38
1988-01-13,11850.67
1988-01-14,11888
1988-01-15,12176.76
1988-01-18,12116.57
1988-01-19,12038.86
1988-01-20,11616.76
1988-01-21,11653.33
1988-01-22,11760
1988-01-25,11966.48
1988-01-26,11827.05
1988-01-27,11842.29
1988-01-28,12012.19
1988-01-29,12124.19
1988-02-01,12085.33
1988-02-02,12112
1988-02-03,11929.9
1988-02-04,11990.86
1988-02-05,12038.86
1988-02-08,12028.95
1988-02-09,12108.95
1988-02-10,12361.14
1988-02-11,12416
1988-02-12,12490.67
1988-02-16,12612.57
1988-02-17,12633.14
1988-02-18,12628.57
1988-02-19,12729.14
1988-02-22,12967.62
1988-02-23,13049.9
1988-02-24,13140.57
1988-02-25,13011.81
1988-02-26,13001.9
1988-02-29,13153.52
1988-03-01,13152.76
1988-03-02,13342.48
1988-03-03,13447.62
1988-03-04,13515.43
1988-03-07,13597.71
1988-03-08,13686.1
1988-03-09,13808.76
1988-03-10,13595.43
1988-03-11,13553.52
1988-03-14,13654.1
1988-03-15,13585.52
1988-03-16,13746.29
1988-03-17,13808.76
1988-03-18,13792.76
1988-03-21,13630.48
1988-03-22,13715.05
1988-03-23,13657.14
1988-03-24,13315.05
1988-03-25,13171.81
1988-03-28,13168.76
1988-03-29,13231.24
1988-03-30,13114.67
1988-03-31,13200.76
1988-04-04,13059.81
1988-04-05,13173.33
1988-04-06,13455.24
1988-04-07,13510.86
1988-04-08,13632.76
1988-04-11,13709.71
1988-04-12,13721.9
1988-04-13,13743.24
1988-04-14,13201.52
1988-04-15,13190.86
1988-04-18,13222.86
1988-04-19,13283.81
1988-04-20,13176.38
1988-04-21,13110.1
1988-04-22,13205.33
1988-04-25,13287.62
1988-04-26,13466.67
1988-04-27,13501.71
1988-04-28,13465.14
1988-04-29,13403.43
1988-05-02,13466.67
1988-05-03,13638.1
1988-05-04,13609.9
1988-05-05,13537.52
1988-05-06,13499.43
1988-05-09,13328
1988-05-10,13281.52
1988-05-11,13013.33
1988-05-12,13082.67
1988-05-13,13244.95
1988-05-16,13332.57
1988-05-17,13262.48
1988-05-18,12973.71
1988-05-19,12978.29
1988-05-20,12943.24
1988-05-23,12773.33
1988-05-24,12892.19
1988-05-25,12876.95
1988-05-26,12940.95
1988-05-27,12921.14
1988-05-31,13206.86
1988-06-01,13461.33
1988-06-02,13443.81
1988-06-03,13561.9
1988-06-06,13695.24
1988-06-07,13696
1988-06-08,13943.62
1988-06-09,13926.1
1988-06-10,14075.43
1988-06-13,14075.43
1988-06-14,14154.67
1988-06-15,14179.05
1988-06-16,14057.14
1988-06-17,14014.48
1988-06-20,13957.33
1988-06-21,14079.24
1988-06-22,14246.1
1988-06-23,14261.33
1988-06-24,14274.29
1988-06-27,14104.38
1988-06-28,14338.29
1988-06-29,14307.05
1988-06-30,14402.29
1988-07-01,14473.14
1988-07-05,14621.71
1988-07-06,14508.95
1988-07-07,14428.95
1988-07-08,14335.24
1988-07-11,14300.19
1988-07-12,14265.9
1988-07-13,14332.95
1988-07-14,14375.62
1988-07-15,14362.67
1988-07-18,14384
1988-07-19,14154.67
1988-07-20,14114.29
1988-07-21,13897.9
1988-07-22,13856
1988-07-25,13835.43
1988-07-26,13692.19
1988-07-27,13513.9
1988-07-28,13578.67
1988-07-29,13802.67
1988-08-01,13824
1988-08-02,13754.67
1988-08-03,13795.81
1988-08-04,13804.19
1988-08-05,13706.67
1988-08-08,13699.81
1988-08-09,13506.29
1988-08-10,13156.57
1988-08-11,13305.14
1988-08-12,13238.1
1988-08-15,12959.24
1988-08-16,13154.29
1988-08-17,13174.1
1988-08-18,13222.86
1988-08-19,13166.48
1988-08-22,12944.76
1988-08-23,12921.9
1988-08-24,13101.71
1988-08-25,12992.76
1988-08-26,13027.05
1988-08-29,13162.67
1988-08-30,13132.95
1988-08-31,13028.57
1988-09-01,12816.76
1988-09-02,13064.38
1988-09-06,13100.19
1988-09-07,13111.62
1988-09-08,13178.67
1988-09-09,13369.9
1988-09-12,13378.29
1988-09-13,13399.62
1988-09-14,13484.19
1988-09-15,13364.57
1988-09-16,13459.05
1988-09-19,13417.9
1988-09-20,13471.24
1988-09-21,13547.43
1988-09-22,13583.24
1988-09-23,13521.52
1988-09-26,13399.62
1988-09-27,13394.29
1988-09-28,13490.29
1988-09-29,13624.38
1988-09-30,13666.29
1988-10-03,13469.71
1988-10-04,13431.62
1988-10-05,13398.86
1988-10-06,13427.81
1988-10-07,13409.52
1988-10-10,13328.76
1988-10-11,13381.33
1988-10-12,13203.05
1988-10-13,13321.14
1988-10-14,13361.52
1988-10-17,13392.76
1988-10-18,13484.95
1988-10-19,13484.95
1988-10-20,13742.48
1988-10-21,13694.48
1988-10-24,13593.14
1988-10-25,13516.19
1988-10-26,13436.19
1988-10-27,13278.48
1988-10-28,13324.19
1988-10-31,13316.57
1988-11-01,13302.1
1988-11-02,13257.9
1988-11-03,13276.19
1988-11-04,13223.62
1988-11-07,13054.48
1988-11-08,13238.1
1988-11-09,13219.05
1988-11-10,13202.29
1988-11-11,12894.48
1988-11-14,12873.14
1988-11-15,12807.62
1988-11-16,12611.81
1988-11-17,12663.62
1988-11-18,12688
1988-11-21,12480.76
1988-11-22,12521.9
1988-11-23,12738.29
1988-11-25,12626.29
1988-11-28,12647.62
1988-11-29,12736.76
1988-11-30,12890.67
1988-12-01,13053.71
1988-12-02,13075.81
1988-12-05,13169.52
1988-12-06,13257.9
1988-12-07,13168.76
1988-12-08,13095.62
1988-12-09,13088.76
1988-12-12,13036.95
1988-12-13,12971.43
1988-12-14,13018.67
1988-12-15,13075.81
1988-12-16,13257.9
1988-12-19,13363.05
1988-12-20,13338.67
1988-12-21,13307.43
1988-12-22,13315.05
1988-12-23,13379.81
1988-12-27,13350.1
1988-12-28,13343.24
1988-12-29,13461.33
1988-12-30,13516.95
1989-01-03,13305.14
1989-01-04,13528.38
1989-01-05,13523.05
1989-01-06,13525.33
1989-01-09,13535.24
1989-01-10,13490.29
1989-01-11,13530.67
1989-01-12,13638.1
1989-01-13,13645.71
1989-01-16,13653.33
1989-01-17,13492.57
1989-01-18,13611.43
1989-01-19,13757.71
1989-01-20,13738.67
1989-01-23,13577.9
1989-01-24,13728
1989-01-25,13833.14
1989-01-26,14019.05
1989-01-27,13984
1989-01-30,14078.48
1989-01-31,14207.24
1989-02-01,14352
1989-02-02,14466.29
1989-02-03,14473.9
1989-02-06,14435.81
1989-02-07,14633.14
1989-02-08,14480
1989-02-09,14376.38
1989-02-10,14149.33
1989-02-13,14164.57
1989-02-14,14143.24
1989-02-15,14278.86
1989-02-16,14310.1
1989-02-17,14362.67
1989-02-21,14336.76
1989-02-22,14153.14
1989-02-23,14207.24
1989-02-24,14064
1989-02-27,14004.57
1989-02-28,14003.05
1989-03-01,14003.05
1989-03-02,14130.29
1989-03-03,14156.95
1989-03-06,14285.71
1989-03-07,14224.76
1989-03-08,14190.48
1989-03-09,14121.9
1989-03-10,14095.24
1989-03-13,14162.29
1989-03-14,14121.9
1989-03-15,14123.43
1989-03-16,14257.52
1989-03-17,13867.43
1989-03-20,13705.14
1989-03-21,13869.71
1989-03-22,13759.24
1989-03-23,13793.52
1989-03-27,13801.9
1989-03-28,13867.43
1989-03-29,13968.76
1989-03-30,14047.24
1989-03-31,14161.52
1989-04-03,14158.48
1989-04-04,14135.62
1989-04-05,14178.29
1989-04-06,14186.67
1989-04-07,14354.29
1989-04-10,14421.33
1989-04-11,14545.52
1989-04-12,14668.95
1989-04-13,14614.86
1989-04-14,14828.95
1989-04-17,14825.9
1989-04-18,14996.57
1989-04-19,15091.05
1989-04-20,15059.05
1989-04-21,15151.24
1989-04-24,15109.33
1989-04-25,15027.81
1989-04-26,15028.57
1989-04-27,15205.33
1989-04-28,15273.9
1989-05-01,15295.24
1989-05-02,15295.24
1989-05-03,15359.24
1989-05-04,15397.33
1989-05-05,15500.19
1989-05-08,15469.71
1989-05-09,15443.05
1989-05-10,15467.43
1989-05-11,15505.52
1989-05-12,15783.62
1989-05-15,15916.19
1989-05-16,15866.67
1989-05-17,16055.62
1989-05-18,16080.76
1989-05-19,16198.86
1989-05-22,16180.57
1989-05-23,16048
1989-05-24,16151.62
1989-05-25,16216.38
1989-05-26,16338.29
1989-05-30,16273.52
1989-05-31,16345.9
1989-06-01,16425.9
1989-06-02,16593.52
1989-06-05,16259.05
1989-06-06,16335.24
1989-06-07,16752.76
1989-06-08,16715.43
1989-06-09,16669.71
1989-06-12,16655.24
1989-06-13,16498.29
1989-06-14,16507.43
1989-06-15,16235.43
1989-06-16,16214.1
1989-06-19,16173.71
1989-06-20,16079.24
1989-06-21,16069.33
1989-06-22,16169.14
1989-06-23,16324.57
1989-06-26,16275.81
1989-06-27,16300.19
1989-06-28,16081.52
1989-06-29,15753.9
1989-06-30,15587.81
1989-07-03,15654.86
1989-07-05,15723.43
1989-07-06,15822.48
1989-07-07,15968
1989-07-10,15948.95
1989-07-11,15995.43
1989-07-12,16066.29
1989-07-13,16112.76
1989-07-14,16218.67
1989-07-17,16284.95
1989-07-18,16105.14
1989-07-19,16275.05
1989-07-20,16083.05
1989-07-21,16066.29
1989-07-24,15856.76
1989-07-25,15848.38
1989-07-26,15992.38
1989-07-27,16209.52
1989-07-28,16240
1989-07-31,16326.1
1989-08-01,16326.1
1989-08-02,16216.38
1989-08-03,16347.43
1989-08-04,16391.62
1989-08-07,16667.43
1989-08-08,16741.33
1989-08-09,16598.1
1989-08-10,16565.33
1989-08-11,16480.76
1989-08-14,16366.48
1989-08-15,16447.24
1989-08-16,16371.05
1989-08-17,16468.57
1989-08-18,16512
1989-08-21,16319.24
1989-08-22,16409.9
1989-08-23,16570.67
1989-08-24,16792.38
1989-08-25,16824.38
1989-08-28,16873.14
1989-08-29,16784.76
1989-08-30,16868.57
1989-08-31,16914.29
1989-09-01,17029.33
1989-09-05,17034.67
1989-09-06,16889.14
1989-09-07,16853.33
1989-09-08,16964.57
1989-09-11,16987.43
1989-09-12,17091.05
1989-09-13,17113.9
1989-09-14,16945.52
1989-09-15,16911.24
1989-09-18,16895.24
1989-09-19,16909.71
1989-09-20,16937.9
1989-09-21,17193.14
1989-09-22,17058.29
1989-09-25,17058.29
1989-09-26,17056.76
1989-09-27,17052.19
1989-09-28,17238.1
1989-09-29,17250.29
1989-10-02,17379.81
1989-10-03,17427.81
1989-10-04,17592.38
1989-10-05,17656.38
1989-10-06,17859.81
1989-10-09,18040.38
1989-10-10,17987.81
1989-10-11,17911.62
1989-10-12,17869.71
1989-10-13,17116.95
1989-10-16,17138.29
1989-10-17,17085.71
1989-10-18,17259.43
1989-10-19,17640.38
1989-10-20,17603.81
1989-10-23,17429.33
1989-10-24,17232.76
1989-10-25,17228.19
1989-10-26,16918.86
1989-10-27,16673.52
1989-10-30,16691.05
1989-10-31,16961.52
1989-11-01,17014.1
1989-11-02,16720
1989-11-03,16690.29
1989-11-06,16395.43
1989-11-07,16582.86
1989-11-08,16790.1
1989-11-09,16811.43
1989-11-10,16954.67
1989-11-13,16971.43
1989-11-14,16866.29
1989-11-15,16940.19
1989-11-16,16891.43
1989-11-17,16962.29
1989-11-20,17021.71
1989-11-21,16972.19
1989-11-22,17038.48
1989-11-24,17130.67
1989-11-27,17040
1989-11-28,17035.43
1989-11-29,17028.57
1989-11-30,17100.19
1989-12-01,17166.48
1989-12-04,17273.9
1989-12-05,17318.86
1989-12-06,17078.86
1989-12-07,17124.57
1989-12-08,17068.95
1989-12-11,16781.71
1989-12-12,16595.05
1989-12-13,16602.67
1989-12-14,16483.81
1989-12-15,16315.43
1989-12-18,16064.76
1989-12-19,16090.67
1989-12-20,16246.86
1989-12-21,16474.67
1989-12-22,16581.33
1989-12-26,16580.57
1989-12-27,16881.52
1989-12-28,16882.29
1989-12-29,17054.48
1990-01-02,17350.1
1990-01-03,17226.67
1990-01-04,17121.52
1990-01-05,17001.14
1990-01-08,17031.62
1990-01-09,16851.81
1990-01-10,16499.81
1990-01-11,16266.67
1990-01-12,15907.81
1990-01-15,15818.67
1990-01-16,16145.52
1990-01-17,16045.71
1990-01-18,16043.43
1990-01-19,16297.9
1990-01-22,15852.19
1990-01-23,15808
1990-01-24,15752.38
1990-01-25,15678.48
1990-01-26,15485.71
1990-01-29,15395.05
1990-01-30,15059.81
1990-01-31,15385.9
1990-02-01,15469.71
1990-02-02,15666.29
1990-02-05,15732.57
1990-02-06,15624.38
1990-02-07,15756.95
1990-02-08,15790.48
1990-02-09,15885.71
1990-02-12,15762.29
1990-02-13,15786.67
1990-02-14,15852.19
1990-02-15,15994.67
1990-02-16,15874.29
1990-02-20,15623.62
1990-02-21,15600
1990-02-22,15557.33
1990-02-23,15374.48
1990-02-26,15590.86
1990-02-27,15678.48
1990-02-28,15840.76
1990-03-01,15931.43
1990-03-02,16117.33
1990-03-05,16029.71
1990-03-06,16073.14
1990-03-07,16012.19
1990-03-08,16236.95
1990-03-09,16291.05
1990-03-12,16268.95
1990-03-13,16115.05
1990-03-14,16176
1990-03-15,16265.14
1990-03-16,16606.48
1990-03-19,16752
1990-03-20,16528
1990-03-21,16445.71
1990-03-22,16193.52
1990-03-23,16342.1
1990-03-26,16490.67
1990-03-27,16569.14
1990-03-28,16322.29
1990-03-29,16236.95
1990-03-30,16240
1990-04-02,16203.43
1990-04-03,16518.86
1990-04-04,16417.52
1990-04-05,16309.33
1990-04-06,16188.19
1990-04-09,16161.52
1990-04-10,16245.33
1990-04-11,16345.14
1990-04-12,16460.19
1990-04-16,16528
1990-04-17,16495.24
1990-04-18,16240
1990-04-19,16066.29
1990-04-20,15894.86
1990-04-23,15667.05
1990-04-24,15600.76
1990-04-25,15663.24
1990-04-26,15678.48
1990-04-27,15517.71
1990-04-30,15680.76
1990-05-01,15774.48
1990-05-02,15885.71
1990-05-03,16006.86
1990-05-04,16206.48
1990-05-07,16383.24
1990-05-08,16393.9
1990-05-09,16413.71
1990-05-10,16518.86
1990-05-11,16829.71
1990-05-14,17056
1990-05-15,17104
1990-05-16,17152.76
1990-05-17,17267.81
1990-05-18,17410.29
1990-05-21,17692.95
1990-05-22,17740.19
1990-05-23,17985.52
1990-05-24,18059.43
1990-05-25,17691.43
1990-05-29,17968.76
1990-05-30,18007.62
1990-05-31,17992.38
1990-06-01,18124.19
1990-06-04,18294.1
1990-06-05,18121.14
1990-06-06,18137.9
1990-06-07,18086.1
1990-06-08,17884.19
1990-06-11,18053.33
1990-06-12,18294.1
1990-06-13,18442.67
1990-06-14,18324.57
1990-06-15,18345.14
1990-06-18,18035.05
1990-06-19,18040.38
1990-06-20,18080.76
1990-06-21,18144.76
1990-06-22,17961.14
1990-06-25,17745.52
1990-06-26,17747.81
1990-06-27,17900.95
1990-06-28,18088.38
1990-06-29,18168.38
1990-07-02,18165.33
1990-07-03,18147.81
1990-07-05,18080
1990-07-06,18169.14
1990-07-09,18255.24
1990-07-10,18183.62
1990-07-11,18345.14
1990-07-12,18547.05
1990-07-13,18646.86
1990-07-16,18756.57
1990-07-17,18402.29
1990-07-18,18150.1
1990-07-19,18011.43
1990-07-20,17709.71
1990-07-23,17324.19
1990-07-24,17256.38
1990-07-25,17429.33
1990-07-26,17310.48
1990-07-27,17190.86
1990-07-30,17060.57
1990-07-31,17019.43
1990-08-01,16999.62
1990-08-02,16683.43
1990-08-03,16198.1
1990-08-06,15349.33
1990-08-07,15440.76
1990-08-08,15663.24
1990-08-09,15933.71
1990-08-10,15712.76
1990-08-13,15803.43
1990-08-14,15869.71
1990-08-15,15883.43
1990-08-16,15404.95
1990-08-17,14997.33
1990-08-20,14712.38
1990-08-21,14342.86
1990-08-22,14096
1990-08-23,13584
1990-08-24,14092.95
1990-08-27,14778.67
1990-08-28,14850.29
1990-08-29,14697.9
1990-08-30,14531.05
1990-08-31,14752
1990-09-04,14838.1
1990-09-05,14766.48
1990-09-06,14527.24
1990-09-07,14613.33
1990-09-10,14678.1
1990-09-11,14550.1
1990-09-12,14655.24
1990-09-13,14454.86
1990-09-14,14439.62
1990-09-17,14445.71
1990-09-18,14432.76
1990-09-19,14383.24
1990-09-20,14017.52
1990-09-21,13958.1
1990-09-24,13531.43
1990-09-25,13768.38
1990-09-26,13673.14
1990-09-27,13271.62
1990-09-28,13490.29
1990-10-01,14075.43
1990-10-02,14089.14
1990-10-03,13752.38
1990-10-04,13676.19
1990-10-05,13590.1
1990-10-08,13680.76
1990-10-09,13228.95
1990-10-10,12912
1990-10-11,12585.9
1990-10-12,12702.48
1990-10-15,12902.86
1990-10-16,12608.76
1990-10-17,12744.38
1990-10-18,13133.71
1990-10-19,13304.38
1990-10-22,13604.57
1990-10-23,13592.38
1990-10-24,13597.71
1990-10-25,13511.62
1990-10-26,13273.14
1990-10-29,13085.71
1990-10-30,13180.95
1990-10-31,13147.43
1990-11-01,13171.81
1990-11-02,13475.81
1990-11-05,13749.33
1990-11-06,13734.1
1990-11-07,13491.81
1990-11-08,13539.81
1990-11-09,13884.95
1990-11-12,14374.86
1990-11-13,14467.05
1990-11-14,14662.86
1990-11-15,14441.9
1990-11-16,14092.19
1990-11-19,14250.67
1990-11-20,13966.48
1990-11-21,14014.48
1990-11-23,14040.38
1990-11-26,14104.38
1990-11-27,14413.71
1990-11-28,14452.57
1990-11-29,14560.76
1990-11-30,14678.86
1990-12-03,14821.33
1990-12-04,14902.86
1990-12-05,15164.19
1990-12-06,15199.24
1990-12-07,15187.81
1990-12-10,15195.43
1990-12-11,14976
1990-12-12,15088
1990-12-13,15088
1990-12-14,14943.24
1990-12-17,14861.71
1990-12-18,15181.71
1990-12-19,15269.33
1990-12-20,15353.14
1990-12-21,15447.62
1990-12-24,15331.05
1990-12-26,15281.52
1990-12-27,15174.1
1990-12-28,15193.9
1990-12-31,15278.48
1991-01-02,15219.81
1991-01-03,14963.81
1991-01-04,14995.81
1991-01-07,14655.24
1991-01-08,14635.43
1991-01-09,14604.95
1991-01-10,14939.43
1991-01-11,14947.81
1991-01-14,14763.43
1991-01-15,14883.05
1991-01-16,15463.62
1991-01-17,15943.62
1991-01-18,16114.29
1991-01-21,16332.95
1991-01-22,16150.1
1991-01-23,16444.19
1991-01-24,16745.14
1991-01-25,16838.86
1991-01-28,16932.57
1991-01-29,17102.48
1991-01-30,17468.95
1991-01-31,17708.95
1991-02-01,17862.86
1991-02-04,18047.24
1991-02-05,18404.57
1991-02-06,18823.62
1991-02-07,18547.05
1991-02-08,18626.29
1991-02-11,18995.05
1991-02-12,18910.48
1991-02-13,19073.52
1991-02-14,18711.62
1991-02-15,18921.14
1991-02-19,19109.33
1991-02-20,18876.95
1991-02-21,18807.62
1991-02-22,18943.24
1991-02-25,19050.67
1991-02-26,18880.76
1991-02-27,19026.29
1991-02-28,19056.76
1991-03-01,19229.71
1991-03-04,19305.14
1991-03-05,19975.62
1991-03-06,20049.52
1991-03-07,20156.95
1991-03-08,20027.43
1991-03-11,19442.29
1991-03-12,19098.67
1991-03-13,19586.29
1991-03-14,19488.76
1991-03-15,19400.38
1991-03-18,19476.57
1991-03-19,19340.95
1991-03-20,19511.62
1991-03-21,19273.9
1991-03-22,19220.57
1991-03-25,19488
1991-03-26,20165.33
1991-03-27,20309.33
1991-03-28,20182.86
1991-04-01,20160
1991-04-02,20864.76
1991-04-03,20963.81
1991-04-04,21126.86
1991-04-05,20985.9
1991-04-08,21001.9
1991-04-09,20795.43
1991-04-10,20652.19
1991-04-11,21215.24
1991-04-12,21272.38
1991-04-15,21203.05
1991-04-16,21488
1991-04-17,21590.86
1991-04-18,21164.19
1991-04-19,20876.19
1991-04-22,20672
1991-04-23,20734.48
1991-04-24,20917.33
1991-04-25,20720.76
1991-04-26,20670.48
1991-04-29,20277.33
1991-04-30,20087.62
1991-05-01,20131.05
1991-05-02,20305.52
1991-05-03,20351.24
1991-05-06,20368
1991-05-07,20285.71
1991-05-08,20355.81
1991-05-09,20665.9
1991-05-10,20473.14
1991-05-13,20494.48
1991-05-14,20273.52
1991-05-15,19665.52
1991-05-16,19862.1
1991-05-17,19844.57
1991-05-20,19704.38
1991-05-21,19904.76
1991-05-22,20243.05
1991-05-23,20356.57
1991-05-24,20533.33
1991-05-28,20828.95
1991-05-29,20903.62
1991-05-30,21123.05
1991-05-31,21257.14
1991-06-03,21404.95
1991-06-04,21419.43
1991-06-05,21132.95
1991-06-06,20892.19
1991-06-07,20614.86
1991-06-10,20448
1991-06-11,20514.29
1991-06-12,20212.57
1991-06-13,20174.48
1991-06-14,20403.81
1991-06-17,20386.29
1991-06-18,20227.05
1991-06-19,19830.1
1991-06-20,19852.19
1991-06-21,19830.86
1991-06-24,19114.67
1991-06-25,19123.81
1991-06-26,19234.29
1991-06-27,19447.62
1991-06-28,19366.86
1991-07-01,19742.48
1991-07-02,19511.62
1991-07-03,19232.76
1991-07-05,19197.71
1991-07-08,19728
1991-07-09,19861.33
1991-07-10,20062.48
1991-07-11,20102.1
1991-07-12,20376.38
1991-07-15,20487.62
1991-07-16,20150.86
1991-07-17,20067.05
1991-07-18,20284.95
1991-07-19,20337.52
1991-07-22,20140.19
1991-07-23,19757.71
1991-07-24,19646.48
1991-07-25,19900.95
1991-07-26,20131.05
1991-07-29,20162.29
1991-07-30,20518.86
1991-07-31,20735.24
1991-08-01,20894.48
1991-08-02,20988.19
1991-08-05,20736
1991-08-06,20932.57
1991-08-07,21069.71
1991-08-08,21238.86
1991-08-09,21192.38
1991-08-12,21352.38
1991-08-13,21521.52
1991-08-14,21693.71
1991-08-15,21471.24
1991-08-16,21296
1991-08-19,20720.76
1991-08-20,20891.43
1991-08-21,21795.05
1991-08-22,21680.76
1991-08-23,21849.14
1991-08-26,21843.81
1991-08-27,21849.14
1991-08-28,22086.1
1991-08-29,21987.81
1991-08-30,21897.14
1991-09-03,21663.24
1991-09-04,21471.24
1991-09-05,21389.71
1991-09-06,21330.29
1991-09-09,21435.43
1991-09-10,21057.52
1991-09-11,21306.67
1991-09-12,21756.19
1991-09-13,21295.24
1991-09-16,21224.38
1991-09-17,21187.81
1991-09-18,21412.57
1991-09-19,21600.76
1991-09-20,21838.48
1991-09-23,21704.38
1991-09-24,21893.33
1991-09-25,22018.29
1991-09-26,21936.76
1991-09-27,21785.9
1991-09-30,21907.81
1991-10-01,21971.05
1991-10-02,21718.86
1991-10-03,21364.57
1991-10-04,21372.19
1991-10-07,21248.76
1991-10-08,21334.86
1991-10-09,21067.43
1991-10-10,21266.29
1991-10-11,21447.62
1991-10-14,21879.62
1991-10-15,22347.43
1991-10-16,22678.1
1991-10-17,22282.67
1991-10-18,22332.19
1991-10-21,22160.76
1991-10-22,22155.43
1991-10-23,22045.71
1991-10-24,21763.81
1991-10-25,21557.33
1991-10-28,21819.43
1991-10-29,22101.33
1991-10-30,22454.86
1991-10-31,22285.71
1991-11-01,22095.24
1991-11-04,21862.1
1991-11-05,22022.86
1991-11-06,22051.81
1991-11-07,22314.67
1991-11-08,22518.1
1991-11-11,22693.33
1991-11-12,23006.48
1991-11-13,23072.76
1991-11-14,22937.14
1991-11-15,21677.71
1991-11-18,21987.81
1991-11-19,21667.81
1991-11-20,21729.52
1991-11-21,21989.33
1991-11-22,21814.86
1991-11-25,21562.67
1991-11-26,21648
1991-11-27,21731.81
1991-11-29,21698.29
1991-12-02,22394.67
1991-12-03,22395.43
1991-12-04,22484.57
1991-12-05,22425.14
1991-12-06,22563.05
1991-12-09,22534.86
1991-12-10,22576.76
1991-12-11,22464
1991-12-12,22703.24
1991-12-13,22958.48
1991-12-16,23087.24
1991-12-17,22771.81
1991-12-18,22827.43
1991-12-19,22440.38
1991-12-20,22538.67
1991-12-23,23108.57
1991-12-24,23396.57
1991-12-26,23899.43
1991-12-27,24134.86
1991-12-30,24894.48
1991-12-31,25208.38
1992-01-02,25399.62
1992-01-03,25510.1
1992-01-06,25667.81
1992-01-07,25877.33
1992-01-08,26231.62
1992-01-09,26691.05
1992-01-10,26446.48
1992-01-13,26534.1
1992-01-14,26864
1992-01-15,27093.33
1992-01-16,26813.71
1992-01-17,26646.1
1992-01-20,26042.67
1992-01-21,25289.14
1992-01-22,26386.29
1992-01-23,26367.24
1992-01-24,26320
1992-01-27,25941.33
1992-01-28,25969.52
1992-01-29,25698.29
1992-01-30,25995.43
1992-01-31,25776
1992-02-03,26009.9
1992-02-04,26432
1992-02-05,26732.19
1992-02-06,26595.81
1992-02-07,26423.62
1992-02-10,26304
1992-02-11,26240
1992-02-12,27122.29
1992-02-13,26652.19
1992-02-14,26414.48
1992-02-18,25794.29
1992-02-19,25756.95
1992-02-20,26310.86
1992-02-21,26086.86
1992-02-24,25825.52
1992-02-25,25777.52
1992-02-26,26499.81
1992-02-27,26467.81
1992-02-28,26352.76
1992-03-02,26409.9
1992-03-03,26339.05
1992-03-04,26027.43
1992-03-05,25715.81
1992-03-06,25371.43
1992-03-09,25395.05
1992-03-10,25929.14
1992-03-11,25527.62
1992-03-12,25510.86
1992-03-13,25635.81
1992-03-16,25772.95
1992-03-17,26127.24
1992-03-18,26105.14
1992-03-19,26099.05
1992-03-20,25971.05
1992-03-23,25831.62
1992-03-24,25831.62
1992-03-25,25725.71
1992-03-26,25394.29
1992-03-27,24702.48
1992-03-30,24560
1992-03-31,24613.33
1992-04-01,24679.62
1992-04-02,24203.43
1992-04-03,24105.14
1992-04-06,24727.62
1992-04-07,23843.81
1992-04-08,23683.81
1992-04-09,24345.9
1992-04-10,23846.86
1992-04-13,24163.81
1992-04-14,24422.86
1992-04-15,24843.43
1992-04-16,24323.05
1992-04-20,23457.52
1992-04-21,23286.1
1992-04-22,23584
1992-04-23,23430.1
1992-04-24,23147.43
1992-04-27,22830.48
1992-04-28,22448
1992-04-29,23084.19
1992-04-30,23456
1992-05-01,23427.05
1992-05-04,23673.14
1992-05-05,23982.48
1992-05-06,24008.38
1992-05-07,23827.05
1992-05-08,23715.05
1992-05-11,23763.81
1992-05-12,23622.1
1992-05-13,23523.81
1992-05-14,23203.81
1992-05-15,23086.48
1992-05-18,23205.33
1992-05-19,23345.52
1992-05-20,23584.76
1992-05-21,23462.1
1992-05-22,23495.62
1992-05-26,23305.9
1992-05-27,23472
1992-05-28,23769.9
1992-05-29,24022.86
1992-06-01,24303.24
1992-06-02,24170.67
1992-06-03,24178.29
1992-06-04,24071.62
1992-06-05,23866.67
1992-06-08,23636.57
1992-06-09,23227.43
1992-06-10,23055.24
1992-06-11,23052.95
1992-06-12,23170.29
1992-06-15,23152
1992-06-16,22796.19
1992-06-17,22354.29
1992-06-18,22243.05
1992-06-19,22618.67
1992-06-22,22495.24
1992-06-23,22662.1
1992-06-24,22498.29
1992-06-25,22190.48
1992-06-26,22097.52
1992-06-29,22918.1
1992-06-30,22950.86
1992-07-01,23316.57
1992-07-02,22924.19
1992-07-06,23040
1992-07-07,22572.19
1992-07-08,22671.24
1992-07-09,23024
1992-07-10,23072.76
1992-07-13,23236.57
1992-07-14,23561.9
1992-07-15,23572.57
1992-07-16,23716.57
1992-07-17,23279.24
1992-07-20,22890.67
1992-07-21,23245.71
1992-07-22,22946.29
1992-07-23,23047.62
1992-07-24,23118.48
1992-07-27,22997.33
1992-07-28,23371.43
1992-07-29,23627.43
1992-07-30,23690.67
1992-07-31,23686.86
1992-08-03,23828.57
1992-08-04,23700.57
1992-08-05,23358.48
1992-08-06,23204.57
1992-08-07,23109.33
1992-08-10,23179.43
1992-08-11,23048.38
1992-08-12,22929.52
1992-08-13,22953.9
1992-08-14,23027.05
1992-08-17,22886.1
1992-08-18,22890.67
1992-08-19,22728.38
1992-08-20,22813.71
1992-08-21,22528.76
1992-08-24,22149.33
1992-08-25,22253.71
1992-08-26,22567.62
1992-08-27,22816
1992-08-28,22790.86
1992-08-31,22800.76
1992-09-01,23007.24
1992-09-02,23356.95
1992-09-03,23479.62
1992-09-04,23344
1992-09-08,23296.76
1992-09-09,23618.29
1992-09-10,23985.52
1992-09-11,24014.48
1992-09-14,24733.71
1992-09-15,24371.81
1992-09-16,24262.1
1992-09-17,24323.05
1992-09-18,24374.1
1992-09-21,24323.81
1992-09-22,23944.38
1992-09-23,24061.71
1992-09-24,24193.52
1992-09-25,23636.57
1992-09-28,23456.76
1992-09-29,23668.57
1992-09-30,23862.1
1992-10-01,23545.9
1992-10-02,23191.62
1992-10-05,23138.29
1992-10-06,23463.62
1992-10-07,23267.05
1992-10-08,23493.33
1992-10-09,23286.1
1992-10-12,23475.05
1992-10-13,23628.95
1992-10-14,23587.05
1992-10-15,23781.33
1992-10-16,24105.14
1992-10-19,24593.52
1992-10-20,24638.48
1992-10-21,24843.43
1992-10-22,24845.71
1992-10-23,24795.43
1992-10-26,24927.24
1992-10-27,24680.38
1992-10-28,24889.9
1992-10-29,25225.9
1992-10-30,25078.1
1992-11-02,25168
1992-11-03,24835.05
1992-11-04,24972.19
1992-11-05,25637.33
1992-11-06,25763.05
1992-11-09,25948.95
1992-11-10,26239.24
1992-11-11,26503.62
1992-11-12,26422.86
1992-11-13,26551.62
1992-11-16,26257.52
1992-11-17,25769.9
1992-11-18,26233.14
1992-11-19,26419.05
1992-11-20,26576
1992-11-23,26166.86
1992-11-24,26665.14
1992-11-25,26640.76
1992-11-27,26614.1
1992-11-30,26739.81
1992-12-01,26870.1
1992-12-02,26786.29
1992-12-03,27031.62
1992-12-04,27306.67
1992-12-07,27568
1992-12-08,27472
1992-12-09,27261.71
1992-12-10,27014.1
1992-12-11,26734.48
1992-12-14,26620.95
1992-12-15,26433.52
1992-12-16,26586.67
1992-12-17,27188.57
1992-12-18,27267.81
1992-12-21,27377.52
1992-12-22,27096.38
1992-12-23,27161.9
1992-12-24,27242.67
1992-12-28,27356.95
1992-12-29,27414.1
1992-12-30,27424
1992-12-31,27443.05
1993-01-04,27152
1993-01-05,27446.86
1993-01-06,27959.62
1993-01-07,27734.86
1993-01-08,27850.67
1993-01-11,28252.19
1993-01-12,28031.24
1993-01-13,28636.19
1993-01-14,29054.48
1993-01-15,28894.48
1993-01-18,28857.9
1993-01-19,28649.14
1993-01-20,28627.05
1993-01-21,28902.1
1993-01-22,28786.29
1993-01-25,29033.14
1993-01-26,28905.14
1993-01-27,28389.33
1993-01-28,28241.52
1993-01-29,28233.14
1993-02-01,28608
1993-02-02,28757.33
1993-02-03,28688.76
1993-02-04,28514.29
1993-02-05,28114.29
1993-02-08,27865.14
1993-02-09,27653.33
1993-02-10,27984.76
1993-02-11,27910.86
1993-02-12,27519.24
1993-02-16,26429.71
1993-02-17,26355.05
1993-02-18,26535.62
1993-02-19,26508.19
1993-02-22,25931.43
1993-02-23,25999.24
1993-02-24,26676.57
1993-02-25,26793.9
1993-02-26,26753.52
1993-03-01,26598.1
1993-03-02,27139.81
1993-03-03,27425.52
1993-03-04,27088
1993-03-05,27091.05
1993-03-08,27385.9
1993-03-09,27382.86
1993-03-10,27524.57
1993-03-11,27561.14
1993-03-12,27630.48
1993-03-15,27757.71
1993-03-16,27703.62
1993-03-17,27097.9
1993-03-18,27085.71
1993-03-19,26785.52
1993-03-22,26622.48
1993-03-23,26524.95
1993-03-24,26553.14
1993-03-25,27000.38
1993-03-26,26868.57
1993-03-29,26774.1
1993-03-30,27254.86
1993-03-31,27384.38
1993-04-01,26997.33
1993-04-02,25994.67
1993-04-05,26263.62
1993-04-06,25947.43
1993-04-07,26300.19
1993-04-08,26023.62
1993-04-12,26591.24
1993-04-13,26352
1993-04-14,26399.24
1993-04-15,26201.9
1993-04-16,25954.29
1993-04-19,25711.24
1993-04-20,25833.14
1993-04-21,25920
1993-04-22,25788.95
1993-04-23,25421.71
1993-04-26,24935.62
1993-04-27,25493.33
1993-04-28,25878.86
1993-04-29,25827.05
1993-04-30,25900.95
1993-05-03,26283.43
1993-05-04,26916.57
1993-05-05,27074.29
1993-05-06,26797.71
1993-05-07,26912.76
1993-05-10,27036.19
1993-05-11,26896
1993-05-12,26739.81
1993-05-13,26492.19
1993-05-14,26651.43
1993-05-17,26870.1
1993-05-18,27123.81
1993-05-19,27785.14
1993-05-20,28225.52
1993-05-21,27936.76
1993-05-24,27968.76
1993-05-25,27902.48
1993-05-26,28521.9
1993-05-27,28398.48
1993-05-28,28046.48
1993-06-01,28383.24
1993-06-02,28395.43
1993-06-03,28347.43
1993-06-04,28086.1
1993-06-07,27760.76
1993-06-08,27484.95
1993-06-09,27447.62
1993-06-10,27394.29
1993-06-11,27663.24
1993-06-14,27973.33
1993-06-15,27960.38
1993-06-16,27811.05
1993-06-17,27734.1
1993-06-18,27273.14
1993-06-21,27266.29
1993-06-22,27139.05
1993-06-23,27043.05
1993-06-24,27263.24
1993-06-25,27598.48
1993-06-28,28072.38
1993-06-29,27882.67
1993-06-30,27895.62
1993-07-01,27712.76
1993-07-02,27750.1
1993-07-06,27489.52
1993-07-07,27266.29
1993-07-08,27481.9
1993-07-09,27616
1993-07-12,27647.24
1993-07-13,27579.43
1993-07-14,27713.52
1993-07-15,27464.38
1993-07-16,26748.19
1993-07-19,26595.05
1993-07-20,27105.52
1993-07-21,26867.81
1993-07-22,26540.95
1993-07-23,26911.24
1993-07-26,27155.05
1993-07-27,26820.57
1993-07-28,27185.52
1993-07-29,27225.14
1993-07-30,26885.33
1993-08-02,27066.67
1993-08-03,27141.33
1993-08-04,27437.71
1993-08-05,27612.19
1993-08-06,27668.57
1993-08-09,27603.81
1993-08-10,27325.71
1993-08-11,27408.76
1993-08-12,27383.62
1993-08-13,27463.62
1993-08-16,28236.19
1993-08-17,28507.43
1993-08-18,28633.9
1993-08-19,28211.05
1993-08-20,28256.76
1993-08-23,28227.81
1993-08-24,28266.67
1993-08-25,28035.05
1993-08-26,27784.38
1993-08-27,27923.81
1993-08-30,28137.9
1993-08-31,28392.38
1993-09-01,28507.43
1993-09-02,28538.67
1993-09-03,28473.14
1993-09-07,27937.52
1993-09-08,27798.1
1993-09-09,28060.95
1993-09-10,28239.24
1993-09-13,28006.86
1993-09-14,27748.57
1993-09-15,27986.29
1993-09-16,27865.9
1993-09-17,27900.19
1993-09-20,27996.95
1993-09-21,27859.05
1993-09-22,28495.24
1993-09-23,28729.14
1993-09-24,28803.05
1993-09-27,29143.62
1993-09-28,29411.05
1993-09-29,29477.33
1993-09-30,29159.62
1993-10-01,29166.48
1993-10-04,29280
1993-10-05,29049.9
1993-10-06,28984.38
1993-10-07,28800
1993-10-08,29052.95
1993-10-11,29002.67
1993-10-12,29148.19
1993-10-13,29432.38
1993-10-14,29865.9
1993-10-15,29900.95
1993-10-18,29702.86
1993-10-19,29160.38
1993-10-20,29251.81
1993-10-21,29513.14
1993-10-22,29576.38
1993-10-25,29516.95
1993-10-26,29302.86
1993-10-27,29733.33
1993-10-28,29657.14
1993-10-29,29789.71
1993-11-01,30097.52
1993-11-02,30119.62
1993-11-03,29556.57
1993-11-04,28759.62
1993-11-05,29229.71
1993-11-08,29321.9
1993-11-09,29403.43
1993-11-10,29942.1
1993-11-11,30069.33
1993-11-12,30108.95
1993-11-15,29799.62
1993-11-16,29971.81
1993-11-17,29394.29
1993-11-18,29084.95
1993-11-19,28995.81
1993-11-22,28447.24
1993-11-23,29045.33
1993-11-24,29336.38
1993-11-26,29433.9
1993-11-29,29195.43
1993-11-30,29467.43
1993-12-01,29939.05
1993-12-02,30184.38
1993-12-03,30611.81
1993-12-06,30400.76
1993-12-07,30246.86
1993-12-08,30080.76
1993-12-09,29504.76
1993-12-10,29482.67
1993-12-13,29545.14
1993-12-14,29168
1993-12-15,29329.52
1993-12-16,29423.24
1993-12-17,29641.14
1993-12-20,29692.95
1993-12-21,29600.76
1993-12-22,29593.14
1993-12-23,29738.67
1993-12-27,29854.48
1993-12-28,30075.43
1993-12-29,30124.19
1993-12-30,30303.24
1993-12-31,30345.14
1994-01-03,30135.62
1994-01-04,30338.29
1994-01-05,30557.71
1994-01-06,30796.95
1994-01-07,30840.38
1994-01-10,31155.05
1994-01-11,31074.29
1994-01-12,31121.52
1994-01-13,31085.71
1994-01-14,31371.43
1994-01-17,31298.29
1994-01-18,31310.48
1994-01-19,30962.29
1994-01-20,31354.67
1994-01-21,31359.24
1994-01-24,31179.43
1994-01-25,30969.9
1994-01-26,31024
1994-01-27,31232.76
1994-01-28,31430.1
1994-01-31,31542.1
1994-02-01,31254.86
1994-02-02,31373.71
1994-02-03,31241.9
1994-02-04,30284.19
1994-02-07,30447.24
1994-02-08,30587.43
1994-02-09,30774.1
1994-02-10,30576
1994-02-11,30615.62
1994-02-14,30865.52
1994-02-15,31052.28
1994-02-16,30960.96
1994-02-17,30591.56
1994-02-18,30685.61
1994-02-22,30779.69
1994-02-23,30688.34
1994-02-24,30411.56
1994-02-25,30412.91
1994-02-28,30785.16
1994-03-01,30415.62
1994-03-02,30231.51
1994-03-03,30325.59
1994-03-04,30605.15
1994-03-07,30792
1994-03-08,30607.88
1994-03-09,30701.98
1994-03-10,30425.08
1994-03-11,30611.96
1994-03-14,30706.08
1994-03-15,30707.44
1994-03-16,30987.12
1994-03-17,31081.28
1994-03-18,30989.87
1994-03-21,30805.69
1994-03-22,30807.06
1994-03-23,30901.21
1994-03-24,30345.82
1994-03-25,30161.56
1994-03-28,29884.48
1994-03-29,29143.33
1994-03-30,28866.19
1994-03-31,28960.29
1994-04-04,28219.01
1994-04-05,29241.35
1994-04-06,29056.99
1994-04-07,29429.62
1994-04-08,28966.73
1994-04-11,29060.87
1994-04-12,28505.08
1994-04-13,28042.09
1994-04-14,27950.49
1994-04-15,28044.58
1994-04-18,27767.25
1994-04-19,27489.88
1994-04-20,27212.49
1994-04-21,27863.82
1994-04-22,27865.06
1994-04-25,28330.72
1994-04-26,28424.86
1994-04-28,28147.45
1994-04-29,28427.38
1994-05-02,28428.65
1994-05-03,28522.82
1994-05-04,28616.99
1994-05-05,28618.26
1994-05-06,28340.79
1994-05-09,28063.29
1994-05-10,28157.46
1994-05-11,27694.07
1994-05-12,27881.17
1994-05-13,27789.47
1994-05-16,27511.88
1994-05-17,27699
1994-05-18,28257.92
1994-05-19,28445.08
1994-05-20,28260.43
1994-05-23,28261.69
1994-05-24,28727.77
1994-05-25,28636.08
1994-05-26,28544.38
1994-05-27,28545.65
1994-05-31,28732.88
1994-06-01,28734.15
1994-06-02,28828.42
1994-06-03,29015.69
1994-06-06,28830.99
1994-06-07,28646.26
1994-06-08,28182.5
1994-06-09,28276.76
1994-06-10,28650.08
1994-06-13,28372.3
1994-06-14,28745.65
1994-06-15,28560.88
1994-06-16,28655.17
1994-06-17,28098.23
1994-06-20,27851.06
1994-06-21,27480.13
1994-06-22,27636.74
1994-06-23,27637.97
1994-06-24,26864.02
1994-06-27,26865.22
1994-06-28,27486.23
1994-06-29,27426.02
1994-06-30,27178.74
1994-07-01,27179.95
1994-07-05,26932.63
1994-07-06,26654.57
1994-07-07,27090.48
1994-07-08,27122.41
1994-07-11,26999.8
1994-07-12,27249.58
1994-07-13,27250.79
1994-07-14,27655.17
1994-07-15,27532.56
1994-07-18,27750.75
1994-07-19,27751.98
1994-07-20,27753.22
1994-07-21,27195.66
1994-07-22,27413.88
1994-07-25,27477.5
1994-07-26,27323.16
1994-07-27,27324.38
1994-07-28,27201.7
1994-07-29,27824.26
1994-08-01,28042.57
1994-08-02,27950.65
1994-08-03,27827.97
1994-08-04,27549.69
1994-08-05,27550.92
1994-08-08,27706.82
1994-08-09,27770.49
1994-08-10,28051.29
1994-08-11,28021.78
1994-08-12,28302.62
1994-08-15,28241.44
1994-08-16,28522.3
1994-08-17,29020.39
1994-08-18,28866.94
1994-08-19,28743.31
1994-08-22,28651.36
1994-08-23,28994.77
1994-08-24,29151.77
1994-08-25,29339.53
1994-08-26,29961.81
1994-08-29,29869.9
1994-08-30,30182.67
1994-08-31,30184.01
1994-09-01,29376.83
1994-09-02,29284.86
1994-09-06,29535.19
1994-09-07,29816.31
1994-09-08,30065.73
1994-09-09,29569.91
1994-09-12,29415.44
1994-09-13,29852.39
1994-09-14,29916.22
1994-09-15,30570.6
1994-09-16,30571.96
1994-09-19,30293.42
1994-09-20,29734.93
1994-09-21,29517.9
1994-09-22,29488.42
1994-09-23,29209.79
1994-09-26,29117.75
1994-09-27,29181.58
1994-09-28,29337.81
1994-09-29,29277.51
1994-09-30,29465.49
1994-10-03,29404.26
1994-10-04,28534.64
1994-10-05,28970.92
1994-10-06,28754.69
1994-10-07,29129.4
1994-10-10,29473.35
1994-10-11,30065.67
1994-10-12,29973.64
1994-10-13,29974.97
1994-10-14,29913.74
1994-10-17,29728.3
1994-10-18,29792.19
1994-10-19,30291.29
1994-10-20,30199.25
1994-10-21,30138.95
1994-10-24,29984.3
1994-10-25,30016.45
1994-10-26,30484.85
1994-10-27,30611.39
1994-10-28,31048.09
1994-10-31,31142.9
1994-11-01,31144.28
1994-11-02,30771.92
1994-11-03,30711.63
1994-11-04,30152.34
1994-11-07,30060.24
1994-11-08,30683.96
1994-11-09,30747.93
1994-11-10,30593.22
1994-11-11,30470.28
1994-11-14,31125.9
1994-11-15,31033.82
1994-11-16,31159.51
1994-11-17,31005.73
1994-11-18,31068.8
1994-11-21,30758.86
1994-11-22,29918.81
1994-11-23,29951
1994-11-25,30295.46
1994-11-28,30421.18
1994-11-29,30828.35
1994-11-30,30455.68
1994-12-01,29926.79
1994-12-02,30271.34
1994-12-05,30334.41
1994-12-06,30335.76
1994-12-07,29714.17
1994-12-08,29091.59
1994-12-09,29342.64
1994-12-12,29281.28
1994-12-13,29126.35
1994-12-14,29470.99
1994-12-15,29534.98
1994-12-16,29442.73
1994-12-19,29318.66
1994-12-20,29289.09
1994-12-21,29290.39
1994-12-22,30103.03
1994-12-23,29774.29
1994-12-27,29964.05
1994-12-28,29588.48
1994-12-29,30124.08
1994-12-30,29936.95
1995-01-03,29467.08
1995-01-04,29593.74
1995-01-05,29469.7
1995-01-06,29721.72
1995-01-09,29880.46
1995-01-10,30227.71
1995-01-11,30165.9
1995-01-12,30167.24
1995-01-13,30420.29
1995-01-16,30641.31
1995-01-17,30862.34
1995-01-18,30990.06
1995-01-19,30928.26
1995-01-20,30269.59
1995-01-23,30522.71
1995-01-24,30586.29
1995-01-25,30399.05
1995-01-26,30023.16
1995-01-27,30087.68
1995-01-30,29617.43
1995-01-31,29964.91
1995-02-01,30028.5
1995-02-02,30344.9
1995-02-03,30723.59
1995-02-06,31070.24
1995-02-07,31040.48
1995-02-08,31482.47
1995-02-09,31515
1995-02-10,31862.7
1995-02-13,31706.52
1995-02-14,31771.15
1995-02-15,31992.45
1995-02-16,31836.27
1995-02-17,31429.02
1995-02-21,31399.28
1995-02-22,31746.13
1995-02-23,31874.03
1995-02-24,31654.55
1995-02-27,31341.62
1995-02-28,32003.83
1995-03-01,31690.88
1995-03-02,31849.01
1995-03-03,32291.34
1995-03-06,32292.77
1995-03-07,31885.36
1995-03-08,32295.64
1995-03-09,32328.24
1995-03-10,32329.67
1995-03-13,32583.28
1995-03-14,32931.33
1995-03-15,32775.07
1995-03-16,32870.98
1995-03-17,32841.26
1995-03-20,33031.64
1995-03-21,33064.28
1995-03-22,33065.75
1995-03-23,33225
1995-03-24,32785.27
1995-03-27,33857.2
1995-03-28,34142.17
1995-03-29,33451.07
1995-03-30,33200.26
1995-03-31,33107.23
1995-04-03,33203.21
1995-04-04,33204.68
1995-04-05,32891.44
1995-04-06,32483.65
1995-04-07,32831.03
1995-04-10,33242.72
1995-04-11,33527.78
1995-04-12,33812.87
1995-04-13,33971.31
1995-04-17,33847.07
1995-04-18,33564.95
1995-04-19,33093.69
1995-04-20,33220.92
1995-04-21,33380.3
1995-04-24,33760.04
1995-04-25,34014.03
1995-04-26,34330.46
1995-04-27,34521.14
1995-04-28,34806.4
1995-05-01,34492.99
1995-05-02,34462.37
1995-05-03,35220.62
1995-05-04,35159.76
1995-05-05,34877.52
1995-05-08,35446.69
1995-05-09,35353.66
1995-05-10,35102.62
1995-05-11,35640.65
1995-05-12,35926.1
1995-05-15,36116.95
1995-05-16,36464.89
1995-05-17,36782.57
1995-05-18,36247.63
1995-05-19,36375.11
1995-05-22,36849.96
1995-05-23,37482.91
1995-05-24,37295.27
1995-05-25,37360.35
1995-05-26,36888.69
1995-05-30,35754.33
1995-05-31,36260.52
1995-06-01,36514.91
1995-06-02,36673.71
1995-06-05,37306.87
1995-06-06,36835.1
1995-06-07,37026.11
1995-06-08,37311.85
1995-06-09,37250.06
1995-06-12,37346.42
1995-06-13,37632.2
1995-06-14,37728.59
1995-06-15,38172.59
1995-06-16,38616.64
1995-06-19,39660.33
1995-06-20,40387.71
1995-06-21,39340.9
1995-06-22,40186.63
1995-06-23,40090.95
1995-06-26,39507.94
1995-06-27,38827.4
1995-06-28,39089.4
1995-06-29,39546.36
1995-06-30,39677.76
1995-07-03,39777.02
1995-07-05,40103.43
1995-07-06,40918.34
1995-07-07,41959.52
1995-07-10,42416.74
1995-07-11,41670.73
1995-07-12,42908.07
1995-07-13,43170.36
1995-07-14,43724.26
1995-07-17,44311.36
1995-07-18,42883.52
1995-07-19,42885.43
1995-07-20,40676.11
1995-07-21,40450.62
1995-07-24,41589.85
1995-07-25,42405.29
1995-07-26,42764.23
1995-07-27,43287.13
1995-07-28,42475.34
1995-07-31,42086.95
1995-08-01,41308.23
1995-08-02,40724.58
1995-08-03,40857.16
1995-08-04,41444.49
1995-08-07,41673.73
1995-08-08,41838.56
1995-08-09,42588.05
1995-08-10,42167.32
1995-08-11,42657.23
1995-08-14,43310.22
1995-08-15,43278.94
1995-08-16,44224.89
1995-08-17,44194.63
1995-08-18,44098.96
1995-08-21,42831.67
1995-08-22,43712.32
1995-08-23,43844.12
1995-08-24,43194.77
1995-08-25,42936.93
1995-08-28,41864.61
1995-08-29,41964.13
1995-08-30,41966
1995-08-31,42716.01
1995-09-01,42392.66
1995-09-05,44120.53
1995-09-06,44024.81
1995-09-07,44417.52
1995-09-08,44810.26
1995-09-11,44812.25
1995-09-12,44976.42
1995-09-13,45109.34
1995-09-14,44785.01
1995-09-15,43582.18
1995-09-18,43811.8
1995-09-19,44563.28
1995-09-20,44695.24
1995-09-21,44013.11
1995-09-22,43885.07
1995-09-25,43561.55
1995-09-26,43009.28
1995-09-27,42685.69
1995-09-28,44153.88
1995-09-29,43053.66
1995-10-02,42231.12
1995-10-03,42265.67
1995-10-04,41211.39
1995-10-05,42236.75
1995-10-06,41842.66
1995-10-09,40260.59
1995-10-10,40592.05
1995-10-11,41616.58
1995-10-12,42246.14
1995-10-13,41983.65
1995-10-16,41853.82
1995-10-17,43472.72
1995-10-18,44101.49
1995-10-19,44434.22
1995-10-20,43709.28
1995-10-23,43843.94
1995-10-24,43911.25
1995-10-25,43187.17
1995-10-26,43122.72
1995-10-27,44016.16
1995-10-30,45075.11
1995-10-31,44383.65
1995-11-01,44551.06
1995-11-02,45576.49
1995-11-03,46106.61
1995-11-06,45613.24
1995-11-07,44096.24
1995-11-08,44362.78
1995-11-09,45752.12
1995-11-10,45522.25
1995-11-13,45524.27
1995-11-14,43742.32
1995-11-15,43909.78
1995-11-16,43713.49
1995-11-17,43450.77
1995-11-20,42131.34
1995-11-21,42430.6
1995-11-22,42035.94
1995-11-24,42798.22
1995-11-27,42436.26
1995-11-28,44289.28
1995-11-29,44356.69
1995-11-30,43862.86
1995-12-01,43336.27
1995-12-04,44230.71
1995-12-05,43736.82
1995-12-06,43706.03
1995-12-07,43542.35
1995-12-08,44536.12
1995-12-11,44307
1995-12-12,43481.69
1995-12-13,43616.55
1995-12-14,42031.24
1995-12-15,41701.76
1995-12-18,40546.8
1995-12-19,42632.14
1995-12-20,41840.27
1995-12-21,43032.84
1995-12-22,43431.67
1995-12-26,43433.6
1995-12-27,43038.58
1995-12-28,42345.78
1995-12-29,42611.67
1996-01-02,43407.57
1996-01-03,42317.69
1996-01-04,41757.75
1996-01-05,41759.61
1996-01-08,41761.46
1996-01-09,39480.04
1996-01-10,39581.06
1996-01-11,41137.59
1996-01-12,40908.08
1996-01-15,39519.82
1996-01-16,40481.77
1996-01-17,40317.74
1996-01-18,40981.89
1996-01-19,41810.95
1996-01-22,42276.61
1996-01-23,42013.31
1996-01-24,43107.72
1996-01-25,42347.8
1996-01-26,42747
1996-01-29,42683.34
1996-01-30,43281.27
1996-01-31,43879.27
1996-02-01,44642.23
1996-02-02,44611.42
1996-02-05,45673.56
1996-02-06,45939.88
1996-02-07,45578.25
1996-02-08,46275.87
1996-02-09,46178.54
1996-02-12,46345.57
1996-02-13,45850.7
1996-02-14,45787.15
1996-02-15,45987.97
1996-02-16,45856.82
1996-02-20,45726.66
1996-02-21,46523.93
1996-02-22,47718.93
1996-02-23,47688.23
1996-02-26,47325.49
1996-02-27,46797.66
1996-02-28,46832.56
1996-02-29,46238.05
1996-03-01,44815.17
1996-03-04,44518.84
1996-03-05,45614.73
1996-03-06,44953.42
1996-03-07,45087.7
1996-03-08,43763.91
1996-03-11,44827.12
1996-03-12,44331.78
1996-03-13,45527.42
1996-03-14,45164.37
1996-03-15,45995.05
1996-03-18,46826.79
1996-03-19,46596.07
1996-03-20,45503.71
1996-03-21,45207.24
1996-03-22,45308.75
1996-03-25,44183.35
1996-03-26,44516.68
1996-03-27,45016.25
1996-03-28,45018.26
1996-03-29,45119.77
1996-04-01,45354.67
1996-04-02,45555.75
1996-04-03,45756.87
1996-04-04,45659.36
1996-04-08,45096.96
1996-04-09,45066.1
1996-04-10,44934.7
1996-04-11,44936.7
1996-04-12,44673.85
1996-04-15,45139.83
1996-04-16,46303.87
1996-04-17,45907.6
1996-04-18,46872.61
1996-04-19,46840.84
1996-04-22,47739.25
1996-04-23,48505.26
1996-04-24,49237.48
1996-04-25,49373.15
1996-04-26,49408.21
1996-04-29,49410.41
1996-04-30,49412.6
1996-05-01,49880.03
1996-05-02,48587.11
1996-05-03,48953.91
1996-05-06,49122.48
1996-05-07,48958.26
1996-05-08,49159.74
1996-05-09,49062.26
1996-05-10,49828.79
1996-05-13,51059.77
1996-05-14,51560.36
1996-05-15,51098.22
1996-05-16,51432.38
1996-05-17,51068.85
1996-05-20,51270.49
1996-05-21,50874.03
1996-05-22,50943.08
1996-05-23,51244.43
1996-05-24,50980.51
1996-05-28,50717.56
1996-05-29,50121.6
1996-05-30,50655.27
1996-05-31,51322.61
1996-06-03,51058.66
1996-06-04,51327.17
1996-06-05,51861.01
1996-06-06,50965.73
1996-06-07,51334.02
1996-06-10,51136.84
1996-06-11,51304.68
1996-06-12,51805.71
1996-06-13,51442.92
1996-06-14,50613.2
1996-06-17,50383
1996-06-18,49454.41
1996-06-19,49622.22
1996-06-20,49391.94
1996-06-21,50059.69
1996-06-24,50461.06
1996-06-25,49764.78
1996-06-26,49134.27
1996-06-27,50068.6
1996-06-28,50470.04
1996-07-01,51203.87
1996-07-02,50674.15
1996-07-03,50210.25
1996-07-05,47250.78
1996-07-08,48884.04
1996-07-09,49251.59
1996-07-10,49088.05
1996-07-11,47425.91
1996-07-12,47361.12
1996-07-15,45233.47
1996-07-16,45834.59
1996-07-17,47067.87
1996-07-18,48002.67
1996-07-19,47271.79
1996-07-22,46574.8
1996-07-23,44613.32
1996-07-24,45147.66
1996-07-25,46281.36
1996-07-26,47249.33
1996-07-29,46319.44
1996-07-30,47086.71
1996-07-31,47522.38
1996-08-01,48656.41
1996-08-02,49890.47
1996-08-05,49393.12
1996-08-06,50261.62
1996-08-07,51063.24
1996-08-08,50698.77
1996-08-09,50800.96
1996-08-12,50870.17
1996-08-13,50039.93
1996-08-14,50674.82
1996-08-15,50644.08
1996-08-16,50279.49
1996-08-19,50148.79
1996-08-20,49584.22
1996-08-21,49919.31
1996-08-22,51021.24
1996-08-23,50690.58
1996-08-26,50325.89
1996-08-27,50795.06
1996-08-28,50797.32
1996-08-29,50132.61
1996-08-30,49568.85
1996-09-03,50037.08
1996-09-04,50006.3
1996-09-05,48741.36
1996-09-06,49610.67
1996-09-09,50213.01
1996-09-10,50215.24
1996-09-11,50484.55
1996-09-12,51287.08
1996-09-13,53023.03
1996-09-16,53058.4
1996-09-17,54061.23
1996-09-18,54530.88
1996-09-19,55233.69
1996-09-20,55736.46
1996-09-23,54971.45
1996-09-24,55208.03
1996-09-25,55911.01
1996-09-26,55813.43
1996-09-27,55781.89
1996-09-30,55250.88
1996-10-01,55053.15
1996-10-02,56056.57
1996-10-03,55725.73
1996-10-04,56929.47
1996-10-07,56932
1996-10-08,56467.01
1996-10-09,56502.55
1996-10-10,56338.85
1996-10-11,57442.76
1996-10-14,57911.93
1996-10-15,58181.87
1996-10-16,57616.67
1996-10-17,56751.95
1996-10-18,56820.58
1996-10-21,55988.81
1996-10-22,55290.18
1996-10-23,56327.34
1996-10-24,56229.68
1996-10-25,55898.61
1996-10-28,55800.9
1996-10-29,55035.01
1996-10-30,55438.19
1996-10-31,56642.93
1996-11-01,56879.92
1996-11-04,56982.63
1996-11-05,57987.2
1996-11-06,59258.41
1996-11-07,59896.38
1996-11-08,60132.56
1996-11-11,60603.26
1996-11-12,59770.08
1996-11-13,60140.58
1996-11-14,60945.12
1996-11-15,60178.98
1996-11-18,59714.52
1996-11-19,60685.59
1996-11-20,60888.78
1996-11-21,60289.95
1996-11-22,61663.2
1996-11-25,61833.39
1996-11-26,62170.03
1996-11-27,62674.17
1996-11-29,62810.31
1996-12-02,63582.28
1996-12-03,63016.47
1996-12-04,63082.87
1996-12-05,62718.22
1996-12-06,62118.59
1996-12-09,64396.57
1996-12-10,63796.97
1996-12-11,64436.45
1996-12-12,63501.39
1996-12-13,62299.11
1996-12-16,60494.15
1996-12-17,61367.6
1996-12-18,62944.2
1996-12-19,63515.5
1996-12-20,62748.89
1996-12-23,62014.37
1996-12-24,62854.94
1996-12-26,63460.47
1996-12-27,62860.53
1996-12-30,62092.71
1996-12-31,61726.73
1997-01-02,61327.57
1997-01-03,63876.52
1997-01-06,64247.13
1997-01-07,65088.1
1997-01-08,64219.68
1997-01-09,64423.54
1997-01-10,65129.95
1997-01-13,65065.5
1997-01-14,66375.07
1997-01-15,65038.1
1997-01-16,65812.01
1997-01-17,66584.96
1997-01-20,67894.84
1997-01-21,68903.21
1997-01-22,69811.12
1997-01-23,68808.78
1997-01-24,67705.83
1997-01-27,67072.32
1997-01-28,67142.67
1997-01-29,67312.57
1997-01-30,68824.07
1997-01-31,69598.52
1997-02-03,69367.28
1997-02-04,69202.4
1997-02-05,66992.6
1997-02-06,66894.98
1997-02-07,66897.96
1997-02-10,65693.76
1997-02-11,65764.09
1997-02-12,67946.16
1997-02-13,68419.04
1997-02-14,67818.39
1997-02-18,67653.35
1997-02-19,67690.57
1997-02-20,66351.18
1997-02-21,65180.75
1997-02-24,66391.31
1997-02-25,66460.68
1997-02-26,66397.21
1997-02-27,63917.06
1997-02-28,64121.21
1997-03-03,64526.71
1997-03-04,64965.47
1997-03-05,65841.16
1997-03-06,64200.06
1997-03-07,63397.5
1997-03-10,64541.05
1997-03-11,64007.26
1997-03-12,63271.01
1997-03-13,63442
1997-03-14,63310.89
1997-03-17,62810.17
1997-03-18,62476.59
1997-03-19,61270.77
1997-03-20,62012.79
1997-03-21,61276.22
1997-03-24,60507.38
1997-03-25,60878.74
1997-03-26,63031.2
1997-03-27,61858.34
1997-03-31,60215.89
1997-04-01,60218.57
1997-04-02,59213.68
1997-04-03,60894.98
1997-04-04,62207.62
1997-04-07,62983.29
1997-04-08,63658.23
1997-04-09,62719.81
1997-04-10,61613.99
1997-04-11,59769.31
1997-04-14,61048.99
1997-04-15,60379.39
1997-04-16,60415.33
1997-04-17,61224.46
1997-04-18,61932.85
1997-04-21,60995.02
1997-04-22,62207.56
1997-04-23,63790.19
1997-04-24,63758.76
1997-04-25,62349.93
1997-04-28,63159.39
1997-04-29,65246.58
1997-04-30,66628.04
1997-05-01,67201.81
1997-05-02,69357.01
1997-05-05,71074.69
1997-05-06,69665.76
1997-05-07,69231.08
1997-05-08,70041.13
1997-05-09,70044.24
1997-05-12,70417.59
1997-05-13,69445.17
1997-05-14,69414.97
1997-05-15,71099.96
1997-05-16,69791.44
1997-05-19,69760.22
1997-05-20,71949.99
1997-05-21,72626.27
1997-05-22,72292.42
1997-05-23,73304.86
1997-05-27,75293.3
1997-05-28,75162.41
1997-05-29,74257.34
1997-05-30,73284.59
1997-06-02,73254.53
1997-06-03,70969.31
1997-06-04,70366.74
1997-06-05,71043.26
1997-06-06,72223.61
1997-06-09,72967.89
1997-06-10,71893.8
1997-06-11,72536.17
1997-06-12,72573.72
1997-06-13,73721.09
1997-06-16,74565.6
1997-06-17,75646.49
1997-06-18,74202.59
1997-06-19,74946.21
1997-06-20,74916.21
1997-06-23,74010.47
1997-06-24,75427.96
1997-06-25,74858.52
1997-06-26,73952.65
1997-06-27,73585.15
1997-06-30,73117.62
1997-07-01,72783.4
1997-07-02,74572.04
1997-07-03,75383.72
1997-07-07,75757.93
1997-07-08,76872.89
1997-07-09,77212.85
1997-07-10,77216.28
1997-07-11,77657.33
1997-07-14,79749.95
1997-07-15,81100.87
1997-07-16,84710.06
1997-07-17,84073.95
1997-07-18,82156.97
1997-07-21,81216.39
1997-07-22,83781.86
1997-07-23,83818.95
1997-07-24,83519.33
1997-07-25,83320.83
1997-07-28,82515.6
1997-07-29,83530.47
1997-07-30,84545.44
1997-07-31,85054.86
1997-08-01,85159.79
1997-08-04,86343.88
1997-08-05,87324.76
1997-08-06,87699.86
1997-08-07,87265.79
1997-08-08,85684.49
1997-08-11,84608.89
1997-08-12,83769.95
1997-08-13,84448.48
1997-08-14,84822.53
1997-08-15,82668.15
1997-08-18,83784.85
1997-08-19,86284.92
1997-08-20,88143.64
1997-08-21,85988.99
1997-08-22,85419
1997-08-25,85152.56
1997-08-26,83976.23
1997-08-27,83844.32
1997-08-28,82161.72
1997-08-29,82469.04
1997-09-02,84733.15
1997-09-03,84534.47
1997-09-04,84909.75
1997-09-05,85284.09
1997-09-08,85828.55
1997-09-09,86541.13
1997-09-10,84586.66
1997-09-11,84759.52
1997-09-12,84831.17
1997-09-15,82775.07
1997-09-16,85648.89
1997-09-17,84977.15
1997-09-18,84947.5
1997-09-19,85727.15
1997-09-22,86069.29
1997-09-23,87018.2
1997-09-24,85502.57
1997-09-25,84729.32
1997-09-26,84767.55
1997-09-29,85683.15
1997-09-30,83964.53
1997-10-01,84373.57
1997-10-02,85221.37
1997-10-03,86137.18
1997-10-06,86242.32
1997-10-07,87394.36
1997-10-08,87770.2
1997-10-09,88010.23
1997-10-10,87203.32
1997-10-13,87409.89
1997-10-14,86738.7
1997-10-15,85762.31
1997-10-16,84212.07
1997-10-17,82289.64
1997-10-20,83272.63
1997-10-21,84999.91
1997-10-22,84057.72
1997-10-23,82236.32
1997-10-24,80921.75
1997-10-27,74908.95
1997-10-28,80353.97
1997-10-29,78972.22
1997-10-30,76710.03
1997-10-31,78302.75
1997-11-03,80707.04
1997-11-04,80406.33
1997-11-05,80341.94
1997-11-06,79297.62
1997-11-07,78895.35
1997-11-10,77545.52
1997-11-11,77515.48
1997-11-12,75083.88
1997-11-13,77116.5
1997-11-14,78844.89
1997-11-17,80573.46
1997-11-18,79528.78
1997-11-19,79768.75
1997-11-20,81599.07
1997-11-21,81163.24
1997-11-24,79102.43
1997-11-25,79749.44
1997-11-26,80226
1997-11-28,80703.61
1997-12-01,83008.51
1997-12-02,80880.33
1997-12-03,81628.09
1997-12-04,80954.52
1997-12-05,82248.66
1997-12-08,83236.03
1997-12-09,80728.4
1997-12-10,79408.01
1997-12-11,76967.18
1997-12-12,75137.26
1997-12-15,75615.26
1997-12-16,76637.23
1997-12-17,75520.09
1997-12-18,74233.76
1997-12-19,74440.83
1997-12-22,74885.26
1997-12-23,72782.64
1997-12-24,71970.76
1997-12-26,73129.44
1997-12-29,75068.76
1997-12-30,76565.99
1997-12-31,75957.94
1998-01-02,77320.82
1998-01-05,78104.97
1998-01-06,77259.41
1998-01-07,76073.38
1998-01-08,76417.2
1998-01-09,73464.51
1998-01-12,74656.38
1998-01-13,76494.69
1998-01-14,76566.39
1998-01-15,76501.49
1998-01-16,77320.55
1998-01-20,78921.7
1998-01-21,78891.57
1998-01-22,78487.2
1998-01-23,78830.27
1998-01-26,78188.24
1998-01-27,79755.14
1998-01-28,81900.43
1998-01-29,82345.7
1998-01-30,82553.36
1998-02-02,84835.76
1998-02-03,85655.58
1998-02-04,86644.83
1998-02-05,85867.23
1998-02-06,87401.35
1998-02-09,86452.31
1998-02-10,87782.55
1998-02-11,87752.78
1998-02-12,88233.19
1998-02-13,87522.82
1998-02-17,86981.77
1998-02-18,87938.8
1998-02-19,89132.7
1998-02-20,89409.14
1998-02-23,91454.42
1998-02-24,90437.8
1998-02-25,92687.44
1998-02-26,93235.65
1998-02-27,92218.98
1998-03-02,90964.31
1998-03-03,90832.57
1998-03-04,91108.19
1998-03-05,86892.38
1998-03-06,89721.53
1998-03-09,86933.8
1998-03-10,88571.52
1998-03-11,88916.53
1998-03-12,89669.05
1998-03-13,90115.28
1998-03-16,90971.06
1998-03-17,89987.41
1998-03-18,90706.44
1998-03-19,91391.75
1998-03-20,90101.57
1998-03-23,90889.11
1998-03-24,92390.83
1998-03-25,93689.37
1998-03-26,94033.75
1998-03-27,93595.53
1998-03-30,93190.96
1998-03-31,94285.38
1998-04-01,94867.98
1998-04-02,95009.12
1998-04-03,95319.94
1998-04-06,93075.75
1998-04-07,91240.17
1998-04-08,91993.43
1998-04-09,92440.12
1998-04-13,92887.87
1998-04-14,93675.01
1998-04-15,95110.39
1998-04-16,94842.69
1998-04-17,95085.11
1998-04-20,96793.73
1998-04-21,98127.2
1998-04-22,99835.07
1998-04-23,97283.12
1998-04-24,96606.41
1998-04-27,94326.09
1998-04-28,94467.32
1998-04-29,95801.1
1998-04-30,96419.02
1998-05-01,96661.61
1998-05-04,96972.76
1998-05-05,96329.58
1998-05-06,95924.68
1998-05-07,94394.4
1998-05-08,96853.98
1998-05-11,95630.54
1998-05-12,97100.95
1998-05-13,97616.86
1998-05-14,97894.4
1998-05-15,96568.48
1998-05-18,96061.12
1998-05-19,97088.78
1998-05-20,95694.07
1998-05-21,94572.51
1998-05-22,93860.25
1998-05-26,92807.09
1998-05-27,93595.3
1998-05-28,93941.36
1998-05-29,92102.88
1998-06-01,92106.97
1998-06-02,91803.91
1998-06-03,89930.31
1998-06-04,92460.2
1998-06-05,93352.05
1998-06-08,93321.39
1998-06-09,94622.96
1998-06-10,92750.07
1998-06-11,91661.47
1998-06-12,91870.37
1998-06-15,90884.05
1998-06-16,93858.39
1998-06-17,94921.69
1998-06-18,95164.57
1998-06-19,96159.37
1998-06-22,98110.06
1998-06-23,101119.16
1998-06-24,103343.79
1998-06-25,101742.89
1998-06-26,102567.09
1998-06-29,104039.97
1998-06-30,103839.65
1998-07-01,105278.9
1998-07-02,103438.97
1998-07-06,104229.62
1998-07-07,104541.7
1998-07-08,107040
1998-07-09,107420.9
1998-07-10,108040.71
1998-07-13,110403.14
1998-07-14,110271.68
1998-07-15,112736.93
1998-07-16,112947
1998-07-17,113874.71
1998-07-20,114049.97
1998-07-21,111355.35
1998-07-22,111257.78
1998-07-23,109416.96
1998-07-24,109660.77
1998-07-27,111067.51
1998-07-28,108439.84
1998-07-29,107419.05
1998-07-30,110808.46
1998-07-31,107223.46
1998-08-03,106612.79
1998-08-04,102583.13
1998-08-05,103682.26
1998-08-06,106559.31
1998-08-07,106323.97
1998-08-10,106226.11
1998-08-11,103700.69
1998-08-12,105619.92
1998-08-13,104393.29
1998-08-14,103679.64
1998-08-17,106728.94
1998-08-18,109299.27
1998-08-19,109132.77
1998-08-20,109172.51
1998-08-21,107329.89
1998-08-24,107026.72
1998-08-25,107031.48
1998-08-26,107378.07
1998-08-27,102558.01
1998-08-28,98935.56
1998-08-31,89117.98
1998-09-01,95110.69
1998-09-02,95594.44
1998-09-03,94640.65
1998-09-04,94301.91
1998-09-08,100638.89
1998-09-09,98794.91
1998-09-10,96676.54
1998-09-11,100994.34
1998-09-14,102368.9
1998-09-15,103468.36
1998-09-16,104089.24
1998-09-17,100978.37
1998-09-18,101633.11
1998-09-21,103863.78
1998-09-22,104518.7
1998-09-23,109146.57
1998-09-24,106104.06
1998-09-25,108814.14
1998-09-28,108339.12
1998-09-29,108446.68
1998-09-30,105403.61
1998-10-01,99756.2
1998-10-02,99897.32
1998-10-05,94420.75
1998-10-06,92677.69
1998-10-07,90043.33
1998-10-08,88402.72
1998-10-09,93923.58
1998-10-12,97387.95
1998-10-13,94479.87
1998-10-14,96745.83
1998-10-15,101787.9
1998-10-16,101312.29
1998-10-19,102585.58
1998-10-20,100395.86
1998-10-21,104342.82
1998-10-22,106129.58
1998-10-23,104934.2
1998-10-26,107201.38
1998-10-27,105938.02
1998-10-28,108068.67
1998-10-29,109341.75
1998-10-30,109621.24
1998-11-02,110963.36
1998-11-03,109596.01
1998-11-04,112172.79
1998-11-05,112966.81
1998-11-06,113972.2
1998-11-09,114735.6
1998-11-10,115292.12
1998-11-11,115780.39
1998-11-12,114613.29
1998-11-13,114445.58
1998-11-16,115278.46
1998-11-17,117112.12
1998-11-18,118393.29
1998-11-19,120192.07
1998-11-20,120750.06
1998-11-23,124308.57
1998-11-24,123623.72
1998-11-25,124974.88
1998-11-27,127361.2
1998-11-30,121776.89
1998-12-01,127786.62
1998-12-02,126688.7
1998-12-03,123104.9
1998-12-04,127562.44
1998-12-07,131261.4
1998-12-08,130542.42
1998-12-09,131928.53
1998-12-10,129414.94
1998-12-11,131181.17
1998-12-14,126423.08
1998-12-15,130329.07
1998-12-16,129748.65
1998-12-17,132378.04
1998-12-18,135871.53
1998-12-21,140055.25
1998-12-22,138541.76
1998-12-23,142795.38
1998-12-24,141627.93
1998-12-28,142911.63
1998-12-29,142814.42
1998-12-30,141508.98
1998-12-31,142862.32
1999-01-04,144491.42
1999-01-05,148367.31
1999-01-06,153209.36
1999-01-07,153492.9
1999-01-08,154087.34
1999-01-11,156339.2
1999-01-12,151474.55
1999-01-13,152172.69
1999-01-14,148828.12
1999-01-15,154847.27
1999-01-19,158827.81
1999-01-20,158972.74
1999-01-21,153312.77
1999-01-22,153526.91
1999-01-25,156194.37
1999-01-26,161455.38
1999-01-27,158973.85
1999-01-28,164857.66
1999-01-29,166765.93
1999-02-01,167118.71
1999-02-02,163012.77
1999-02-03,166096.33
1999-02-04,158808.84
1999-02-05,155807.75
1999-02-08,159479.58
1999-02-09,151706.33
1999-02-10,152439.25
1999-02-11,160330.83
1999-02-12,153525.6
1999-02-16,153151.65
1999-02-17,148143.67
1999-02-18,149256.42
1999-02-19,151234.69
1999-02-22,156222.62
1999-02-23,158859.31
1999-02-24,155717.56
1999-02-25,154618.12
1999-02-26,150784.65
1999-03-01,151690.21
1999-03-02,147856.24
1999-03-03,148797.08
1999-03-04,151364.75
1999-03-05,154244.1
1999-03-08,159338.15
1999-03-09,158826.13
1999-03-10,159628.54
1999-03-11,160410.13579983186
1999-03-12,156502.65222641718
1999-03-15,160996.70872021565
1999-03-16,162364.4861867022
1999-03-17,161192.23122650498
1999-03-18,164318.47778528553
1999-03-19,160117.7711855616
1999-03-22,158164.18867304808
1999-03-23,152595.8458469068
1999-03-24,157773.65484886395
1999-03-25,163537.5945886724
1999-03-26,161779.18080036965
1999-03-29,167641.07845716632
1999-03-30,166468.81803063062
1999-03-31,164026.56498093682
1999-04-01,167445.96444565267
1999-04-05,173503.3336953821
1999-04-06,173845.32680103424
1999-04-07,172038.13728878772
1999-04-08,173405.90976529065
1999-04-09,174480.56926838707
1999-04-12,173308.5664406505
1999-04-13,170963.9811759533
1999-04-14,165102.46288536835
1999-04-15,167349.49821013305
1999-04-16,162464.8442373304
1999-04-19,154845.04172102953
1999-04-20,158362.12531162752
1999-04-21,166177.73913567045
1999-04-22,170671.80781916677
1999-04-23,172918.84190827503
1999-04-26,176900.14815469008
1999-04-27,174189.27397748386
1999-04-28,168229.9452638938
1999-04-29,166862.34370585065
1999-04-30,167937.0827628534
1999-05-03,167058.1032292813
1999-05-04,164420.4397922751
1999-05-05,169402.98102012216
1999-05-06,163248.27231023152
1999-05-07,165593.01647491817
1999-05-10,167254.12473115762
1999-05-11,169892.05247008314
1999-05-12,173409.1443056819
1999-05-13,170185.2597515344
1999-05-14,166961.3716600069
1999-05-17,169965.78216172426
1999-05-18,169208.7659345075
1999-05-19,171553.59956947682
1999-05-20,166839.82402719333
1999-05-21,165301.16710138787
1999-05-24,161100.57522425463
1999-05-25,155825.0926528942
1999-05-26,160172.6289315351
1999-05-27,160026.12032538452
1999-05-28,162664.06870059745
1999-06-01,159049.64774955646
1999-06-02,161736.35997222996
1999-06-03,159440.5873069055
1999-06-04,164325.5094153575
1999-06-07,167745.14426705783
1999-06-08,163544.32363503636
1999-06-09,166279.91920013903
1999-06-10,164374.87844917254
1999-06-11,161883.74208170574
1999-06-14,158831.01257797013
1999-06-15,161200.19030989386
1999-06-16,169480.16929272577
1999-06-17,171360.91663940545
1999-06-18,172142.60378212223
1999-06-21,177296.36607382106
1999-06-22,171947.49791007035
1999-06-23,174658.73316447635
1999-06-24,171190.56173421
1999-06-25,170970.8282006773
1999-06-28,175025.56836401662
1999-06-29,177419.25826051633
1999-06-30,180154.93541286007
1999-07-01,181376.23269031936
1999-07-02,183672.24427171325
1999-07-06,182500.28851622067
1999-07-07,182793.51742440875
1999-07-08,185236.0098178331
1999-07-09,187092.37405522494
1999-07-12,186115.74846700905
1999-07-13,185236.51793250354
1999-07-14,188387.42289012525
1999-07-15,190121.62323240653
1999-07-16,191880.33909650703
1999-07-19,189926.73791280805
1999-07-20,182599.3769321006
1999-07-21,183478.79945430986
1999-07-22,178813.69677981536
1999-07-23,179082.4974458074
1999-07-26,174686.30993154363
1999-07-27,178203.6642676325
1999-07-28,181696.40960837906
1999-07-29,177813.05444096006
1999-07-30,176933.76869002855
1999-08-02,176445.62289458662
1999-08-03,175297.72935011028
1999-08-04,172122.62769995342
1999-08-05,174858.2852072973
1999-08-06,172977.6185667321
1999-08-09,170755.2445351397
1999-08-10,169216.5638382153
1999-08-11,174785.5453357098
1999-08-12,172733.9681140161
1999-08-13,180256.97220601307
1999-08-16,181698.3035558383
1999-08-17,182602.18189018095
1999-08-18,180550.5455888768
1999-08-19,178401.21872534795
1999-08-20,181234.70378246895
1999-08-23,186999.2761343669
1999-08-24,188269.58501782813
1999-08-25,192275.33269881137
1999-08-26,189075.87186693333
1999-08-27,187195.1488971261
1999-08-30,184557.51698530733
1999-08-31,186609.3410406021
1999-09-01,187952.84419530575
1999-09-02,187293.41168392816
1999-09-03,195891.31715874292
1999-09-07,195012.37322366118
1999-09-08,192374.55548770312
1999-09-09,195110.29078654805
1999-09-10,197357.59579026708
1999-09-13,194988.58565246503
1999-09-14,196063.4209133325
1999-09-15,192277.54788933502
1999-09-16,192179.99187123822
1999-09-17,197944.52120099578
1999-09-20,198408.8675326157
1999-09-21,193646.02592111766
1999-09-22,195697.89387973896
1999-09-23,187588.73911586968
1999-09-24,187833.1100922155
1999-09-27,189152.36703697263
1999-09-28,190031.76982522832
1999-09-29,186221.5479410353
1999-09-30,188175.673653696
1999-10-01,188248.98115813843
1999-10-04,192474.99029999305
1999-10-05,193842.9373616181
1999-10-06,197726.74464076528
1999-10-07,197262.785779661
1999-10-08,199339.04694116212
1999-10-11,202148.39901774042
1999-10-12,197556.41465400584
1999-10-13,191694.3398100075
1999-10-14,192891.32632352304
1999-10-15,187200.18114730832
1999-10-18,184831.1371051414
1999-10-19,185832.73997595804
1999-10-20,191499.62193452963
1999-10-21,194626.28561644946
1999-10-22,193747.0393341213
1999-10-25,193845.06426654538
1999-10-26,192281.8728586735
1999-10-27,191988.916473951
1999-10-28,198632.86054066906
1999-10-29,205570.05809605878
1999-11-01,204495.62568778166
1999-11-02,204617.91698387905
1999-11-03,208697.16044711127
1999-11-04,211042.14822451712
1999-11-05,213191.69697510614
1999-11-08,217491.303034747
1999-11-09,216025.720372656
1999-11-10,218859.2261489071
1999-11-11,222767.53998246283
1999-11-12,225698.84451278936
1999-11-15,225259.46996483605
1999-11-16,230975.40311411105
1999-11-17,227849.00982066797
1999-11-18,234834.90549075726
1999-11-19,236935.87780617503
1999-11-22,233321.08815937352
1999-11-23,234395.88664280367
1999-11-24,242114.80746436893
1999-11-26,242896.848524557
1999-11-29,238891.29384879483
1999-11-30,229804.6388529462
1999-12-01,234787.97401342366
1999-12-02,242238.05120251555
1999-12-03,247392.29944297005
1999-12-06,249639.78536278635
1999-12-07,249639.9223183364
1999-12-08,246611.33904899552
1999-12-09,247783.8910340566
1999-12-10,249835.6936109601
1999-12-13,253231.54875378445
1999-12-14,248663.9068837443
1999-12-15,253451.70323066533
1999-12-16,259705.09501799432
1999-12-17,261952.49966267985
1999-12-20,265372.7619721027
1999-12-21,279638.18304238433
1999-12-22,278758.8831973261
1999-12-23,282080.86646901147
1999-12-27,280420.7223677254
1999-12-28,278662.1903783659
1999-12-29,289214.5489632217
1999-12-30,286088.2554105419
1999-12-31,285697.432225715
2000-01-03,296250.4768028181
2000-01-04,275927.3560814765
2000-01-05,268892.6200193555
2000-01-06,250425.76739130562
2000-01-07,281399.31669919693
2000-01-10,289216.45297017007
2000-01-11,275146.79044604616
2000-01-12,269088.9599897209
2000-01-13,285308.65674868703
2000-01-14,291952.9787838637
2000-01-18,293517.07418717985
2000-01-19,300161.2774028672
2000-01-20,297230.2054173459
2000-01-21,300943.29293282056
2000-01-24,286482.9097245508
2000-01-25,290782.20879783144
2000-01-26,279057.52464731055
2000-01-27,283161.402174469
2000-01-28,268896.01295151166
2000-01-31,280426.10690062115
2000-02-01,287949.8799792935
2000-02-02,290392.8658277342
2000-02-03,301727.2725664052
2000-02-04,303779.2243899646
2000-02-07,307981.3126383677
2000-02-08,320879.06299609446
2000-02-09,309544.8976803291
2000-02-10,319707.0427893167
2000-02-11,312281.2271095758
2000-02-14,311890.8079052937
2000-02-15,314138.3434635532
2000-02-16,312672.9606954159
2000-02-17,319317.336746392
2000-02-18,307787.7183720926
2000-02-22,308765.63192371774
2000-02-23,325962.81239345693
2000-02-24,332998.0999443492
2000-02-25,325376.8658418083
2000-02-28,325182.00404958916
2000-02-29,333780.7162905915
2000-03-01,336516.7478530284
2000-03-02,328724.4398125344
2000-03-03,347265.43655408756
2000-03-06,350001.83573742595
2000-03-07,344725.51284470607
2000-03-08,347852.6122613419
2000-03-09,359578.234785715
2000-03-10,358014.8761050483
2000-03-13,348635.3032400558
2000-03-14,335737.58052460145
2000-03-15,321667.1097796379
2000-03-16,340037.2110980117
2000-03-17,346486.36525127967
2000-03-20,336715.7967141933
2000-03-21,349418.43204290856
2000-03-22,356454.0631552558
2000-03-23,362707.6494857502
2000-03-24,367593.4427471464
2000-03-27,368180.41854586225
2000-03-28,358800.23968958517
2000-03-29,343948.0148002125
2000-03-30,335349.66968698555
2000-03-31,342385.1862649793
2000-04-03,321865.86380067695
2000-04-04,318739.2819423254
2000-04-05,313072.28188340977
2000-04-06,320498.44230015104
2000-04-07,333396.90011090186
2000-04-10,313073.1406614598
2000-04-11,305647.0768987511
2000-04-12,287667.7950575521
2000-04-13,275160.82905884157
2000-04-14,251318.90561857203
2000-04-17,280242.5506740595
2000-04-18,287668.74196803966
2000-04-19,278874.897167269
2000-04-20,272816.7397223332
2000-04-24,265000.2149856152
2000-04-25,282882.0948544833
2000-04-26,273208.4731143936
2000-04-27,285325.09223177226
2000-04-28,296269.33050242503
2000-05-01,299005.6448729292
2000-05-02,281808.2317754115
2000-05-03,278681.60650580784
2000-05-04,279267.8876161202
2000-05-05,285912.52966404974
2000-05-08,274773.70843945723
2000-05-09,268911.06038397364
2000-05-10,249368.1287283571
2000-05-11,264611.8762271668
2000-05-12,264612.02139659564
2000-05-15,276142.71584886254
2000-05-16,283960.05680204334
2000-05-17,278097.30312059604
2000-05-18,268130.5381026864
2000-05-19,255427.59694697324
2000-05-22,255232.6959593832
2000-05-23,233930.8463732716
2000-05-24,248588.36128594825
2000-05-25,243116.3757404139
2000-05-26,243116.50911713878
2000-05-30,267546.11009980127
2000-05-31,259924.24050142308
2000-06-01,273213.86904890946
2000-06-02,292757.25978382106
2000-06-05,293490.4784565583
2000-06-06,285331.35361722286
2000-06-07,292953.24437219766
2000-06-08,291585.66137573647
2000-06-09,293149.22885904484
2000-06-12,283768.9110599313
2000-06-13,294713.3397314282
2000-06-14,288068.69689384237
2000-06-15,293150.1938126615
2000-06-16,294713.824782114
2000-06-19,306440.31274132844
2000-06-20,305267.88275549124
2000-06-21,309176.63721787446
2000-06-22,297841.71715381986
2000-06-23,286115.88022572047
2000-06-26,293933.63148278726
2000-06-27,290416.12648104894
2000-06-28,293933.95399430656
2000-06-29,286556.53787047596
2000-06-30,292175.41217054153
2000-07-03,297843.5145558984
2000-07-05,286313.1182403943
2000-07-06,293935.2440439225
2000-07-07,299993.8334298562
2000-07-10,295450.6826260053
2000-07-11,297063.0335021485
2000-07-12,304099.0115700374
2000-07-13,308007.84087839996
2000-07-14,314652.89542768046
2000-07-17,318171.203087302
2000-07-18,311135.7941969707
2000-07-19,304100.1793999618
2000-07-20,313872.1673547907
2000-07-21,303318.6922029222
2000-07-24,297065.15215220774
2000-07-25,299410.64130087127
2000-07-26,299019.7524944767
2000-07-27,287293.895675604
2000-07-28,271658.85003565956
2000-07-31,279672.39623621077
2000-08-01,275959.14712537185
2000-08-02,271073.2964876567
2000-08-03,282799.8791630651
2000-08-04,281822.76488149597
2000-08-07,288468.0319039688
2000-08-08,294331.4798504837
2000-08-09,286514.0307009411
2000-08-10,280846.5331571541
2000-08-11,284755.4118953013
2000-08-14,290814.4349892146
2000-08-15,290814.5945336993
2000-08-16,293746.4684154153
2000-08-17,299414.41931453586
2000-08-18,297851.03108211386
2000-08-21,298633.15726628056
2000-08-22,298633.32110021537
2000-08-23,303519.62819690706
2000-08-24,308210.3543846306
2000-08-25,306549.28503658803
2000-08-28,308015.6139165807
2000-08-29,309579.2032630386
2000-08-30,309188.5107181121
2000-08-31,317788.252083857
2000-09-01,320915.3289294406
2000-09-05,311144.1582660517
2000-09-06,300199.3190997689
2000-09-07,306844.6548086106
2000-09-08,297463.4567226929
2000-09-11,290232.6473020151
2000-09-12,285737.5597639159
2000-09-13,292382.85278599296
2000-09-14,290819.3809089404
2000-09-15,285542.63960447663
2000-09-18,281047.9612549347
2000-09-19,291406.52112492285
2000-09-20,295901.890860016
2000-09-21,274403.31501376355
2000-09-22,290625.32272810204
2000-09-25,282905.84032798646
2000-09-26,279681.1419843524
2000-09-27,280072.13549557666
2000-09-28,286326.4699234852
2000-09-29,277531.6963898267
2000-10-02,271278.0152882378
2000-10-03,262678.4933111573
2000-10-04,267760.2008022334
2000-10-05,268542.0312788072
2000-10-06,259551.73658370296
2000-10-09,258379.4376250324
2000-10-10,244893.8018094016
2000-10-11,240985.13731749353
2000-10-12,234926.37741646278
2000-10-13,254080.1031644368
2000-10-16,256425.95431079878
2000-10-17,244699.3484061893
2000-10-18,243917.62361327728
2000-10-19,266003.2063025696
2000-10-20,269912.36857610766
2000-10-23,269521.9388448895
2000-10-24,257990.57645294166
2000-10-25,243527.77087845694
2000-10-26,249782.32289975576
2000-10-27,249293.81685742884
2000-10-30,240059.1466204893
2000-10-31,255499.73121991873
2000-11-01,253301.05645850493
2000-11-02,256428.34585627713
2000-11-03,259751.11931764762
2000-11-06,257797.1336837473
2000-11-07,256819.92643633974
2000-11-08,236737.7183369603
2000-11-09,236688.9778953246
2000-11-10,224375.87586695733
2000-11-13,224718.1965655116
2000-11-14,237178.3175217883
2000-11-15,241966.8910764527
2000-11-16,227894.63968841452
2000-11-17,227748.23805698473
2000-11-20,218464.5836632904
2000-11-21,218122.80723171568
2000-11-22,208350.26574768237
2000-11-24,220272.96829579692
2000-11-27,217537.2454906749
2000-11-28,204686.30483416092
2000-11-29,196819.49775600943
2000-11-30,196966.19006508775
2000-12-01,200142.41169006887
2000-12-04,203269.91811073505
2000-12-05,221056.10643023642
2000-12-06,212651.82406596874
2000-12-07,207961.12500950697
2000-12-08,212652.05739300424
2000-12-11,232588.5630551981
2000-12-12,224086.60188989507
2000-12-13,214949.31955647937
2000-12-14,204443.7594082547
2000-12-15,199753.0918907072
2000-12-18,200144.278309542
2000-12-19,184898.9915434118
2000-12-20,174295.7790656602
2000-12-21,175321.97682789987
2000-12-22,189199.27750650267
2000-12-26,190372.4123885889
2000-12-27,192522.51355144143
2000-12-28,192131.68858259433
2000-12-29,182554.56267848398
2001-01-02,167114.01918717864
2001-01-03,195259.62029356032
2001-01-04,191741.56512222617
2001-01-05,177082.52293930773
2001-01-08,179037.29508176504
2001-01-09,179037.39330389415
2001-01-10,188223.9940851362
2001-01-11,193696.8136914998
2001-01-12,196189.05395220386
2001-01-16,193843.97559871193
2001-01-17,199756.7082960181
2001-01-18,208161.32068506876
2001-01-19,207379.70584656298
2001-01-22,207575.5222144487
2001-01-23,211924.45229989028
2001-01-24,209921.1983584488
2001-01-25,201712.08393172317
2001-01-26,204986.09392902566
2001-01-29,209530.8508917423
2001-01-30,208749.1471405959
2001-01-31,201087.3010930423
2001-02-01,203745.55827524746
2001-02-02,192487.33195711256
2001-02-05,192331.24769482654
2001-02-06,192644.11303927
2001-02-07,189516.87356003062
2001-02-08,183856.50119494402
2001-02-09,176382.27968709412
2001-02-12,178509.10597059646
2001-02-13,172786.19098067863
2001-02-14,179666.46589780302
2001-02-15,182637.57806496896
2001-02-16,172411.19265232177
2001-02-20,165718.97459901986
2001-02-21,161059.34319147075
2001-02-22,159495.70362598353
2001-02-23,160058.72442799862
2001-02-26,163092.48426095495
2001-02-27,153241.42464626912
2001-02-28,148394.03388328667
2001-03-01,152616.09355155722
2001-03-02,146048.700708263
2001-03-05,148707.19124185253
2001-03-06,154492.95840834372
2001-03-07,154555.5649785077
2001-03-08,151678.48381863956
2001-03-09,141045.31652539287
2001-03-12,132288.90295073314
2001-03-13,139012.9242001582
2001-03-14,136823.8366342732
2001-03-15,131820.06343785673
2001-03-16,128849.10320382816
2001-03-19,135291.7378498891
2001-03-20,126191.05728830051
2001-03-21,126191.12651831382
2001-03-22,133853.35233546916
2001-03-23,133853.42576911463
2001-03-26,130757.50981395038
2001-03-27,135261.12701613514
2001-03-28,124158.85008488692
2001-03-29,121813.3308274749
2001-03-30,122438.87852617326
2001-04-02,116966.00723091803
2001-04-03,108396.93069179663
2001-04-04,106489.23853983403
2001-04-05,116684.78338964595
2001-04-06,112431.49602416821
2001-04-09,115871.86596581785
2001-04-10,124472.43543198716
2001-04-11,128225.42780624074
2001-04-12,133854.89445048457
2001-04-16,125880.19731838054
2001-04-17,129007.67329633275
2001-04-18,142455.80791055
2001-04-19,151056.4485845721
2001-04-20,151369.33212773968
2001-04-23,141205.26293957056
2001-04-24,138547.01732714777
2001-04-25,141048.95339594776
2001-04-26,137452.55452835382
2001-04-27,141205.5728078128
2001-04-30,144333.31938318335
2001-05-01,150275.6277859834
2001-05-02,153184.28149705037
2001-05-03,146366.42891700272
2001-05-04,150744.95937974294
2001-05-07,147617.70961433116
2001-05-08,150745.29018239593
2001-05-09,145585.02122529605
2001-05-10,143145.58871151492
2001-05-11,142457.60544181528
2001-05-14,140174.8165928159
2001-05-15,141206.96722331794
2001-05-16,147462.15626149214
2001-05-17,149807.80263716495
2001-05-18,150245.7105492391
2001-05-21,159659.78568767395
2001-05-22,159190.78438253186
2001-05-23,152153.95390521787
2001-05-24,156063.4178563123
2001-05-25,153217.4483463017
2001-05-29,144241.71545053486
2001-05-30,138956.33408413178
2001-05-31,139894.6352187006
2001-06-01,144023.07370169216
2001-06-04,143335.29651456818
2001-06-05,149652.96698411866
2001-06-06,148495.8139195255
2001-06-07,152311.4759603152
2001-06-08,148089.4369023371
2001-06-11,144023.86383247795
2001-06-12,143242.09541306694
2001-06-13,139332.66567236854
2001-06-14,132139.38386888936
2001-06-15,133234.1153635425
2001-06-18,131451.58353812378
2001-06-19,130794.85598026923
2001-06-20,133766.13092591017
2001-06-21,135580.16444241768
2001-06-22,135267.58308769582
2001-06-25,135611.79555427245
2001-06-26,136080.99617417718
2001-06-27,136956.79813266845
2001-06-28,138708.286358547
2001-06-29,142930.6753054796
2001-07-02,142149.02621709125
2001-07-03,142743.2981057816
2001-07-05,135894.0194941231
2001-07-06,130264.43523266354
2001-07-09,131390.64271069842
2001-07-10,126667.96942859169
2001-07-11,128231.82945890412
2001-07-12,136363.6009116918
2001-07-13,134956.340568025
2001-07-16,132454.40600501752
2001-07-17,135425.75419058438
2001-07-18,130265.29281189208
2001-07-19,133361.6250808854
2001-07-20,130265.4357423124
2001-07-23,127012.8113087376
2001-07-24,125574.28821064114
2001-07-25,126669.01180739507
2001-07-26,128545.60291120237
2001-07-27,131204.1902409902
2001-07-30,130422.48152366979
2001-07-31,130610.21849423466
2001-08-01,134801.41601295435
2001-08-02,137334.8767907108
2001-08-03,135051.72825449277
2001-08-06,132925.11125425415
2001-08-07,132237.08915848893
2001-08-08,126669.98470201751
2001-08-09,127201.76134848678
2001-08-10,125982.0416941452
2001-08-13,128546.87230856574
2001-08-14,126983.1372822276
2001-08-15,122291.78772667109
2001-08-16,123730.57902305646
2001-08-17,118100.80881253007
2001-08-20,119727.32015227452
2001-08-21,114754.4144033121
2001-08-22,117882.13758171484
2001-08-23,116725.03792035607
2001-08-24,122917.8520636697
2001-08-27,123074.44453245531
2001-08-28,119227.48177579716
2001-08-29,117476.03204418864
2001-08-30,113128.57724242542
2001-08-31,114567.46738740019
2001-09-04,110939.50766732941
2001-09-05,110501.73054153571
2001-09-06,106029.10700020073
2001-09-07,105403.67860777264
2001-09-10,106654.94054260482
2001-09-17,97584.95583917336
2001-09-18,95395.58434639446
2001-09-19,93737.92248517554
2001-09-20,90610.27808713146
2001-09-21,88170.71394597887
2001-09-24,92612.20976214968
2001-09-25,92893.73902831593
2001-09-26,89672.21990872448
2001-09-27,89078.01884576785
2001-09-28,90641.95434973988
2001-10-01,89860.14476788772
2001-10-02,90141.68068501794
2001-10-03,96960.23906281873
2001-10-04,97898.60325448989
2001-10-05,99337.43479377829
2001-10-08,99650.37874603264
2001-10-09,97242.08132390285
2001-10-10,101652.24557079178
2001-10-11,108533.39779995113
2001-10-12,108064.30332457
2001-10-15,107595.31931080419
2001-10-16,109346.93252435833
2001-10-17,101496.27680326471
2001-10-18,104248.7858880945
2001-10-19,104936.9585784507
2001-10-22,107752.11331931652
2001-10-23,108315.16631670424
2001-10-24,110661.04667328167
2001-10-25,115102.56193899647
2001-10-26,112631.65700766994
2001-10-29,106470.12591540958
2001-10-30,104405.86785357038
2001-10-31,106032.30633774328
2001-11-01,110536.45817142744
2001-11-02,111349.67136859828
2001-11-05,114978.17501723746
2001-11-06,119450.97282281132
2001-11-07,119294.68449154645
2001-11-08,118074.8153109556
2001-11-09,118012.37104209789
2001-11-12,118857.15740203475
2001-11-13,123110.97643096214
2001-11-14,123986.81021746078
2001-11-15,123486.4643829051
2001-11-16,123142.44431491882
2001-11-19,126645.8773418857
2001-11-20,120796.83762380463
2001-11-21,120171.32787623882
2001-11-23,122861.48628940775
2001-11-26,125895.66758631961
2001-11-27,125739.35275497717
2001-11-28,121204.00296770151
2001-11-29,124957.52788469178
2001-11-30,124019.23485746727
2001-12-03,121892.48916476936
2001-12-04,127710.33130592041
2001-12-05,134028.6841373457
2001-12-06,134216.46458539387
2001-12-07,130525.67952930093
2001-12-10,128242.5230420612
2001-12-11,128962.01583615731
2001-12-12,129994.29395229286
2001-12-13,124364.15563145968
2001-12-14,125459.04880576224
2001-12-17,127617.51555110954
2001-12-18,129056.30852436167
2001-12-19,126710.47924253474
2001-12-20,121330.64251256948
2001-12-21,123488.90327093747
2001-12-24,122988.63947071381
2001-12-26,124146.08182843735
2001-12-27,125147.08567006212
2001-12-28,126148.13309093217
2001-12-31,121706.72289705869
2002-01-02,125460.35655227881
2002-01-03,129808.19560417405
2002-01-04,130339.9463439713
2002-01-07,128901.37963455835
2002-01-08,129777.22886283832
2002-01-09,128588.74589147049
2002-01-10,129433.38634431842
2002-01-11,127775.58283524185
2002-01-14,124991.96181024166
2002-01-15,126180.6592658493
2002-01-16,121301.15927074096
2002-01-17,124022.50074872455
2002-01-18,120706.948624658
2002-01-22,116984.93862263103
2002-01-23,120206.8186123412
2002-01-24,121802.1530446379
2002-01-25,121458.06219625685
2002-01-28,122146.46528621548
2002-01-29,118799.62559154192
2002-01-30,119706.77471885747
2002-01-31,120457.56368662843
2002-02-01,119300.31302829919
2002-02-04,115484.34431366966
2002-02-05,113576.46215724277
2002-02-06,112794.47538829569
2002-02-07,110073.16018334214
2002-02-08,113138.63201740776
2002-02-11,114577.77576729254
2002-02-12,113639.33982512762
2002-02-13,115578.82109481562
2002-02-14,115359.94605117454
2002-02-15,111919.2143036412
2002-02-19,108478.64315818742
2002-02-20,109948.86342386888
2002-02-21,104725.14494523827
2002-02-22,105256.99534224013
2002-02-25,109511.18634968603
2002-02-26,109104.63365563522
2002-02-27,107603.28840475225
2002-02-28,105663.9479536664
2002-03-01,111794.9490109228
2002-03-04,116205.66554326258
2002-03-05,117050.2888213164
2002-03-06,117613.31750506419
2002-03-07,117863.58308992184
2002-03-08,120960.41595336865
2002-03-11,120522.67548223221
2002-03-12,118864.98244260738
2002-03-13,115987.22681241766
2002-03-14,115299.08442556736
2002-03-15,116456.4981703225
2002-03-18,117113.58044902136
2002-03-19,116926.00505894443
2002-03-20,112797.07439763096
2002-03-21,115800.09602394146
2002-03-22,114736.59273082101
2002-03-25,111233.33028613274
2002-03-26,112265.63632957972
2002-03-27,111389.85360964063
2002-03-28,112797.56945381794
2002-04-01,114956.10244403002
2002-04-02,109763.6458989853
2002-04-03,109575.99412719079
2002-04-04,108731.51621830504
2002-04-05,107511.63423345539
2002-04-08,108856.84693020997
2002-04-09,105071.91781074737
2002-04-10,105854.03032139648
2002-04-11,103226.51967971153
2002-04-12,104853.14544403985
2002-04-15,105697.93902204071
2002-04-16,110108.58402823457
2002-04-17,109545.54662492874
2002-04-18,107449.80150472188
2002-04-19,107793.98441980898
2002-04-22,105072.66718242875
2002-04-23,103258.47431222987
2002-04-24,101663.17662668238
2002-04-25,101412.98921060131
2002-04-26,97096.23770537828
2002-04-29,97346.68373287989
2002-04-30,99254.91927122638
2002-05-01,98723.1538603796
2002-05-02,95438.70928792667
2002-05-03,93030.12320060741
2002-05-06,90621.6126607884
2002-05-07,89777.06657946816
2002-05-08,99380.45613737115
2002-05-09,96815.4380770121
2002-05-10,92467.38970954649
2002-05-13,96221.2976172255
2002-05-14,101883.28373269713
2002-05-15,102634.11283723728
2002-05-16,102790.53222510556
2002-05-17,103009.53811955887
2002-05-20,100757.48097817256
2002-05-21,98004.77233807
2002-05-22,98223.79744975547
2002-05-23,100194.56620007167
2002-05-24,97723.38255824448
2002-05-28,97285.65995669346
2002-05-29,94720.6480060782
2002-05-30,95533.97409094119
2002-05-31,93969.98629727188
2002-06-03,90654.28756191891
2002-06-04,91843.00791107462
2002-06-05,92781.51614978186
2002-06-06,90341.60786745985
2002-06-07,88527.32672171386
2002-06-10,88371.07179337558
2002-06-11,85899.83601896421
2002-06-12,87151.16744686986
2002-06-13,86588.13524401601
2002-06-14,86400.50582792494
2002-06-17,89341.10870775123
2002-06-18,90780.1730394905
2002-06-19,85524.84399543566
2002-06-20,82772.08169211983
2002-06-21,80770.0906566263
2002-06-24,82365.61007309497
2002-06-25,79644.0792160818
2002-06-26,80238.47601201183
2002-06-27,81990.2899856503
2002-06-28,81646.289835456
2002-07-01,77736.15098728426
2002-07-02,74920.79253554108
2002-07-03,77423.38150808739
2002-07-05,82397.37635505325
2002-07-08,79394.40096842371
2002-07-09,77142.11358041517
2002-07-10,74764.71107105006
2002-07-11,77580.15292597833
2002-07-12,77580.19548743343
2002-07-15,79989.07932574491
2002-07-16,78800.34731406649
2002-07-17,80239.40043382511
2002-07-18,77361.47974503199
2002-07-19,75046.62579170117
2002-07-22,73201.08304599304
2002-07-23,70072.8385451451
2002-07-24,73889.35549382486
2002-07-25,69603.69487611993
2002-07-26,70917.64338831612
2002-07-29,74546.50380035739
2002-07-30,76048.1254013208
2002-07-31,74609.15326192496
2002-08-01,71105.5232832282
2002-08-02,69604.00036045955
2002-08-05,67070.23073986876
2002-08-06,70386.19486979522
2002-08-07,71324.75917822482
2002-08-08,73733.53661009853
2002-08-09,72982.8250765833
2002-08-12,73201.92639049905
2002-08-13,70699.3128219125
2002-08-14,75204.12370934422
2002-08-15,76736.99337540792
2002-08-16,77268.85823298314
2002-08-19,79145.97833906424
2002-08-20,78801.86040860067
2002-08-21,80553.79726301305
2002-08-22,81836.43746630797
2002-08-23,78676.88859574699
2002-08-26,78989.84672153453
2002-08-27,76237.00646017656
2002-08-28,73452.82221530747
2002-08-29,74422.66262172567
2002-08-30,73484.22256368419
2002-09-03,70825.236687807
2002-09-04,71106.84961453611
2002-09-05,69355.02307202689
2002-09-06,71482.35542077906
2002-09-09,72201.98870764644
2002-09-10,73985.13364590234
2002-09-11,73359.52563287708
2002-09-12,71357.43118789088
2002-09-13,71920.57877126081
2002-09-16,70888.36066134757
2002-09-17,69386.76431937657
2002-09-18,68604.7067644
2002-09-19,67509.85808319153
2002-09-20,67791.44333790333
2002-09-23,65758.10921552948
2002-09-24,65789.4442312566
2002-09-25,68417.28978311118
2002-09-26,67572.65155869516
2002-09-27,66665.49231790181
2002-09-30,64819.86489794332
2002-10-01,68761.6134597335
2002-10-02,66477.94445274588
2002-10-03,64882.534363853076
2002-10-04,63662.45693998884
2002-10-07,63068.18919236384
2002-10-08,63193.35678256816
2002-10-09,62755.42220465044
2002-10-10,65946.3903311939
2002-10-11,69512.81111628444
2002-10-14,70326.31742128784
2002-10-15,73705.0234448934
2002-10-16,71264.92091510854
2002-10-17,73673.83330619523
2002-10-18,74487.26032635556
2002-10-21,75988.99659342236
2002-10-22,75519.76649097685
2002-10-23,76958.90934265559
2002-10-24,75019.31299882694
2002-10-25,77271.82563639003
2002-10-28,76615.00271760252
2002-10-29,74831.83483737522
2002-10-30,76834.04914303398
2002-10-31,76802.82004524652
2002-11-01,78992.75020777609
2002-11-04,81026.3869306622
2002-11-05,81652.11302612582
2002-11-06,82809.67232930278
2002-11-07,79900.26235147682
2002-11-08,78429.96323412572
2002-11-11,76052.46450431569
2002-11-12,77992.12960332622
2002-11-13,78930.70605633111
2002-11-14,81652.51618546677
2002-11-15,82716.24543811525
2002-11-18,81496.25259734086
2002-11-19,80244.90316499215
2002-11-20,83654.981278329
2002-11-21,86752.2124840856
2002-11-22,86720.97428722368
2002-11-25,87565.77809073246
2002-11-26,84625.06161747115
2002-11-27,87315.57299888338
2002-11-29,86721.3073213507
2002-12-02,87597.3861680663
2002-12-03,85000.81835100216
2002-12-04,83123.78310838391
2002-12-05,81966.28870593585
2002-12-06,82811.0352532166
2002-12-09,78900.53168106197
2002-12-10,80089.43965402269
2002-12-11,80464.86741758922
2002-12-12,80902.93867521614
2002-12-13,78337.58243860933
2002-12-16,80871.80876612189
2002-12-17,81122.10748032866
2002-12-18,79401.50103818566
2002-12-19,78400.4269712918
2002-12-20,79213.8776162078
2002-12-23,80308.98678087979
2002-12-24,79307.88922102698
2002-12-26,79089.02827563982
2002-12-27,77649.93308844802
2002-12-30,77055.61848107693
2002-12-31,76242.27653895655
2003-01-02,79464.72035704063
2003-01-03,80340.74377392765
2003-01-06,82343.13102919981
2003-01-07,83375.59792797564
2003-01-08,81029.27636806722
2003-01-09,83532.16497004939
2003-01-10,84783.5769045251
2003-01-13,84283.16492876507
2003-01-14,84721.21788479341
2003-01-15,83657.55139134805
2003-01-16,82719.0589943878
2003-01-17,79183.83601706929
2003-01-21,78307.97882031344
2003-01-22,77995.16757208157
2003-01-23,79809.77001780606
2003-01-24,77651.12588992919
2003-01-27,76743.94000427666
2003-01-28,77526.13436736408
2003-01-29,78683.75183217168
2003-01-30,76650.22663391217
2003-01-31,76462.56089834122
2003-02-03,76619.12195942966
2003-02-04,75680.55218253986
2003-02-05,75336.47125761025
2003-02-06,75743.2306557793
2003-02-07,74491.83730707777
2003-02-10,75148.94784865913
2003-02-11,75555.70117785306
2003-02-12,74523.30759555074
2003-02-13,74898.76673115465
2003-02-14,76619.58433713276
2003-02-18,78997.47401792111
2003-02-19,78465.68252616342
2003-02-20,78152.85222339982
2003-02-21,78747.31229948738
2003-02-24,77402.16144725331
2003-02-25,77496.05909173275
2003-02-26,75775.33500840659
2003-02-27,77496.14412239639
2003-02-28,78716.32015826131
2003-03-03,77120.87806188816
2003-03-04,76651.61433852323
2003-03-05,76808.08709945306
2003-03-06,76620.42503101446
2003-03-07,76776.89086462792
2003-03-10,75118.7862604385
2003-03-11,74461.85032451744
2003-03-12,75807.20468710727
2003-03-13,80156.10138966
2003-03-14,80468.97291747721
2003-03-17,83222.32945277526
2003-03-18,84254.85064639193
2003-03-19,83535.32707853147
2003-03-20,83848.21565375467
2003-03-21,85005.85481165527
2003-03-24,81470.57002308984
2003-03-25,82628.2812360193
2003-03-26,83097.60285451394
2003-03-27,82503.20599095976
2003-03-28,81595.93602776309
2003-03-31,78999.25093705018
2003-04-01,79625.04762701066
2003-04-02,81815.13363047838
2003-04-03,82847.69144279427
2003-04-04,81502.37807900501
2003-04-07,81627.67179910016
2003-04-08,81533.8379918836
2003-04-09,79656.66400715921
2003-04-10,80626.59867446186
2003-04-11,79813.18529274326
2003-04-14,81440.25580499432
2003-04-15,82222.46453983396
2003-04-16,82034.81538369335
2003-04-17,83912.06609718388
2003-04-21,84225.09847710175
2003-04-22,85820.82384116082
2003-04-23,86446.61766202717
2003-04-24,85977.35300590376
2003-04-25,84319.20526204004
2003-04-28,85977.54167912099
2003-04-29,86759.78015681979
2003-04-30,85883.77045773105
2003-05-01,86634.75661597113
2003-05-02,88480.71550108591
2003-05-05,88387.02363875626
2003-05-06,89513.38463168616
2003-05-07,88512.26101326797
2003-05-08,86885.33483387803
2003-05-09,88887.75847884978
2003-05-12,90233.31996463085
2003-05-13,89670.20043058493
2003-05-14,89482.48873815924
2003-05-15,90483.76452483247
2003-05-16,89795.48902517733
2003-05-19,86635.61214061867
2003-05-20,86885.906832354
2003-05-21,86635.70719943436
2003-05-22,87887.21145982947
2003-05-23,87918.534425767
2003-05-27,91047.51941145716
2003-05-28,91329.1774435877
2003-05-29,91704.6745076066
2003-05-30,93206.53472706678
2003-06-02,92549.63857384052
2003-06-03,93425.78423200698
2003-06-04,95177.94831227147
2003-06-05,95866.32613861759
2003-06-06,94270.67434547732
2003-06-09,93019.33916401479
2003-06-10,94427.327333838
2003-06-11,95491.20622701784
2003-06-12,95897.99771553827
2003-06-13,93739.14703226625
2003-06-16,96617.81308522106
2003-06-17,96242.41521775955
2003-06-18,96743.11194996825
2003-06-19,95178.73155270959
2003-06-20,95053.633271918
2003-06-23,93583.25656035039
2003-06-24,92863.64315879761
2003-06-25,92363.08366131212
2003-06-26,94553.32127526302
2003-06-27,93333.13163991034
2003-06-30,93708.73171984863
2003-07-01,94960.31689956122
2003-07-02,96900.24634125874
2003-07-03,95680.04689450988
2003-07-07,99779.06416393447
2003-07-08,100999.39610564912
2003-07-09,100749.14791203737
2003-07-10,98871.8613897166
2003-07-11,99622.84143014252
2003-07-14,100811.98972255776
2003-07-15,100937.1547487307
2003-07-16,100624.36837158127
2003-07-17,97558.12369690741
2003-07-18,97871.06889087446
2003-07-21,96619.66830400967
2003-07-22,98058.99499958445
2003-07-23,98872.56654266849
2003-07-24,97558.49834888548
2003-07-25,99498.47494084353
2003-07-28,99780.21371148323
2003-07-29,99029.37065067924
2003-07-30,98309.75310578672
2003-07-31,99498.80245803883
2003-08-01,98435.02851936879
2003-08-04,98403.85786570738
2003-08-05,94524.12020387912
2003-08-06,94461.59874019201
2003-08-07,94837.09777633757
2003-08-08,94086.2549665905
2003-08-11,95118.91847896352
2003-08-12,96558.26801543757
2003-08-13,96589.63255770654
2003-08-14,96683.54948240568
2003-08-15,97528.39256224564
2003-08-18,100031.70069821418
2003-08-19,101283.30174352866
2003-08-20,101033.07626813868
2003-08-21,102128.22694044582
2003-08-22,101502.53010352996
2003-08-25,101721.71668982797
2003-08-26,101815.65121302182
2003-08-27,102629.21210784606
2003-08-28,103536.68104576171
2003-08-29,104475.44157579601
2003-09-02,105977.50944717156
2003-09-03,105914.99330575335
2003-09-04,106885.04184737446
2003-09-05,106196.74013305626
2003-09-08,107949.0987743974
2003-09-09,106666.30662572765
2003-09-10,104100.56892137729
2003-09-11,105258.42177093241
2003-09-12,105821.64375332269
2003-09-15,104789.2894313088
2003-09-16,107636.70599434154
2003-09-17,107198.62838519839
2003-09-18,108825.80189917173
2003-09-19,108200.08495905886
2003-09-22,106135.12730756911
2003-09-23,108012.62582367286
2003-09-24,103944.97700643692
2003-09-25,102599.52553682485
2003-09-26,101942.54003115211
2003-09-29,103694.90477490591
2003-09-30,101442.09124140783
2003-10-01,103726.33096252375
2003-10-02,104070.58376671262
2003-10-03,106980.65138175563
2003-10-06,107763.00951680896
2003-10-07,108420.24188330311
2003-10-08,107731.89313547642
2003-10-09,108545.44813637338
2003-10-10,109546.7590172753
2003-10-13,110266.74703994111
2003-10-14,110548.35918168585
2003-10-15,110079.04169795696
2003-10-16,110955.20519962943
2003-10-17,108295.62136248108
2003-10-20,109641.24155624321
2003-10-21,110298.42333879795
2003-10-22,108170.77357895726
2003-10-23,106919.19254628701
2003-10-24,107013.14712509619
2003-10-27,107044.63610904891
2003-10-28,110643.0548082727
2003-10-29,110517.9701822601
2003-10-30,110737.03702550002
2003-10-31,110080.00795405054
2003-11-03,111894.96069801145
2003-11-04,111144.12640784941
2003-11-05,112145.5096586111
2003-11-06,112458.46774424463
2003-11-07,111488.49078134984
2003-11-10,110111.87538680548
2003-11-11,109705.26193509683
2003-11-12,112052.07884421105
2003-11-13,111926.93021597344
2003-11-14,109642.74533050957
2003-11-17,108516.49986622666
2003-11-18,106013.27835403343
2003-11-19,107045.98681621214
2003-11-20,106013.39467452149
2003-11-21,107108.59626967045
2003-11-24,110081.45735409403
2003-11-25,110081.51774617666
2003-11-26,110582.25212708773
2003-11-28,110707.49959803498
2003-12-01,112334.80590291842
2003-12-02,111709.07964830384
2003-12-03,110301.02534663054
2003-12-04,111490.14222110074
2003-12-05,109644.0085168322
2003-12-08,110270.13474020471
2003-12-09,107735.55758787115
2003-12-10,108142.37493575866
2003-12-11,110457.99260571909
2003-12-12,110270.37672277757
2003-12-15,108831.05590739916
2003-12-16,109050.19830176585
2003-12-17,109237.98470516046
2003-12-18,111271.96518486677
2003-12-19,110959.1010385873
2003-12-22,111303.47360467205
2003-12-23,112148.46287018311
2003-12-24,112380.11658847421
2003-12-26,112223.78378120068
2003-12-29,114070.8888780296
2003-12-30,114446.59144872225
2003-12-31,114133.59948985309
2004-01-02,113820.6696309544
2004-01-05,116106.06796137008
2004-01-06,116888.7356839683
2004-01-07,117953.1248696986
2004-01-08,118892.28002592437
2004-01-09,118109.8107687782
2004-01-12,119988.17600526658
2004-01-13,118798.67064586385
2004-01-14,119205.72853150024
2004-01-15,119518.82291892887
2004-01-16,120739.81129714474
2004-01-20,120646.15455087855
2004-01-21,120145.26221063029
2004-01-22,119425.38843174106
2004-01-23,118987.12361071129
2004-01-26,120803.00337086126
2004-01-27,118142.2490512716
2004-01-28,116138.7978805913
2004-01-29,116577.16504548359
2004-01-30,116045.05267360988
2004-02-02,115732.15491915248
2004-02-03,115607.09475780374
2004-02-04,113728.92113662358
2004-02-05,114167.13283340873
2004-02-06,116233.30806510261
2004-02-09,116202.11387342286
2004-02-10,116390.12944309531
2004-02-11,117642.33488513922
2004-02-12,116609.36805834138
2004-02-13,115638.97997601662
2004-02-17,117204.3999413222
2004-02-18,117548.87055128039
2004-02-19,115764.5278735975
2004-02-20,115388.97609319886
2004-02-23,114105.61627213372
2004-02-24,113823.9791816405
2004-02-25,114512.67272859845
2004-02-26,114794.54179949875
2004-02-27,114481.61798566414
2004-03-01,115984.36788999604
2004-03-02,114638.41607370164
2004-03-03,114012.25575173706
2004-03-04,115076.76164140058
2004-03-05,114669.92692417941
2004-03-08,111977.7996499452
2004-03-09,111633.53599261539
2004-03-10,110162.23017550945
2004-03-11,109160.53023715733
2004-03-12,111164.15447238102
2004-03-15,109223.38614345845
2004-03-16,109411.27399404948
2004-03-17,111133.1016061882
2004-03-18,110632.31588086538
2004-03-19,108785.33868946851
2004-03-22,107408.1650506897
2004-03-23,106531.61235687637
2004-03-24,107752.60374164708
2004-03-25,110632.74074159877
2004-03-26,110257.12226668368
2004-03-29,112041.71366125067
2004-03-30,112417.39845574932
2004-03-31,112198.36470041858
2004-04-01,113200.19816982161
2004-04-02,116142.9394423648
2004-04-05,117238.83741276637
2004-04-06,115767.51287595773
2004-04-07,115642.40584036066
2004-04-08,115642.4692832501
2004-04-12,116362.66640674269
2004-04-13,114672.38041538575
2004-04-14,115235.83691103227
2004-04-15,113169.78723767126
2004-04-16,112981.97569984202
2004-04-19,114359.62049099745
2004-04-20,111698.70459667097
2004-04-21,112669.24705227713
2004-04-22,115580.69732258313
2004-04-23,116488.62527428694
2004-04-26,115643.6112612118
2004-04-27,115424.49811231729
2004-04-28,113327.06112063299
2004-04-29,111574.04155309183
2004-04-30,108850.49159313935
2004-05-03,109883.7125994139
2004-05-04,110353.38012153098
2004-05-05,111229.99504343301
2004-05-06,110384.78902610742
2004-05-07,109477.0276535156
2004-05-10,108537.96901588711
2004-05-11,110165.97729473676
2004-05-12,110385.15237757112
2004-05-13,109602.60353735641
2004-05-14,108788.68087675926
2004-05-17,107755.79596803317
2004-05-18,108726.32230171678
2004-05-19,108601.158934197
2004-05-20,109102.16043848223
2004-05-21,109634.37973634958
2004-05-24,110385.87908408661
2004-05-25,112577.46297653462
2004-05-26,113297.54922063602
2004-05-27,114017.57250256081
2004-05-28,114424.65082573162
2004-06-01,114268.45350005217
2004-06-02,114017.94781198725
2004-06-03,112640.62377027457
2004-06-04,113298.10863010607
2004-06-07,115990.60384434622
2004-06-08,116147.20859138467
2004-06-09,114519.26934265539
2004-06-10,115333.39785295865
2004-06-14,113705.72143251522
2004-06-15,115177.15833852523
2004-06-16,114989.3203636211
2004-06-17,113924.977960122
2004-06-18,114081.65326941517
2004-06-21,113173.94710041095
2004-06-22,114833.2486441593
2004-06-23,116210.72043333942
2004-06-24,115991.68562565379
2004-06-25,116868.34941755363
2004-06-28,115898.1023034148
2004-06-29,116993.8671309926
2004-06-30,118152.29569760956
2004-07-01,115960.80686609112
2004-07-02,115272.12726945161
2004-07-06,112799.1782414516
2004-07-07,113018.31191451232
2004-07-08,111766.1448250077
2004-07-09,111922.72158177277
2004-07-12,111453.26660552988
2004-07-13,111296.79779876754
2004-07-14,110169.84542246803
2004-07-15,109794.24631818676
2004-07-16,108541.95862357452
2004-07-19,108323.00736361663
2004-07-20,110921.57171978582
2004-07-21,107697.01783225944
2004-07-22,109168.49547665741
2004-07-23,107102.32317177957
2004-07-26,106632.84248719367
2004-07-27,108104.373170705
2004-07-28,107634.79625652572
2004-07-29,108887.12007744586
2004-07-30,109231.59567245848
2004-08-02,109450.93537102896
2004-08-03,107165.51278839076
2004-08-04,107196.90345074696
2004-08-05,105193.27992829963
2004-08-06,102438.31896574389
2004-08-09,102688.93069416872
2004-08-10,103972.59201898135
2004-08-11,103064.73681197464
2004-08-12,101655.97226988811
2004-08-13,101812.50398212297
2004-08-16,102971.06579996944
2004-08-17,104129.52426147625
2004-08-18,105976.73079976751
2004-08-19,105413.24275734778
2004-08-20,106477.79303708547
2004-08-23,106728.46292485786
2004-08-24,106697.1609279523
2004-08-25,108168.7292255736
2004-08-26,107699.14487484035
2004-08-27,108200.08808520986
2004-08-30,106384.44399400793
2004-08-31,106509.75377077704
2004-09-01,107292.4834294297
2004-09-02,108889.21088683762
2004-09-03,106885.62017014889
2004-09-07,107793.77333785561
2004-09-08,107386.85037516446
2004-09-09,108294.81472945299
2004-09-10,109954.18642040907
2004-09-13,111394.5528464871
2004-09-14,111551.17765659999
2004-09-15,110361.49294673423
2004-09-16,110580.75424408502
2004-09-17,110925.16210272847
2004-09-20,110925.34466767787
2004-09-21,111363.70196801332
2004-09-22,109422.67922352327
2004-09-23,109328.79773816206
2004-09-24,108953.16937159064
2004-09-27,108014.10857066233
2004-09-28,108233.3700232884
2004-09-29,109830.11456370028
2004-09-30,110018.00189890417
2004-10-01,113023.64432077215
2004-10-04,113681.33282695668
2004-10-05,113837.96777947665
2004-10-06,114745.97745779417
2004-10-07,113462.36623977905
2004-10-08,111396.08066813166
2004-10-11,111928.49353802753
2004-10-12,111740.7053735155
2004-10-13,111490.32878176044
2004-10-14,110989.40053771647
2004-10-15,111553.07482229624
2004-10-18,113149.96022625697
2004-10-19,112336.07521424996
2004-10-20,112868.3690010314
2004-10-21,114590.43277785508
2004-10-22,112085.71470830927
2004-10-25,111553.68681811329
2004-10-26,112148.62726852988
2004-10-27,114997.71091902313
2004-10-28,115717.944730914
2004-10-29,115530.19939847944
2004-11-01,115968.6320888606
2004-11-02,116344.52669453117
2004-11-03,117127.3171370922
2004-11-04,117784.81713803975
2004-11-05,118849.37666818858
2004-11-08,118974.81426097656
2004-11-09,118724.35291756931
2004-11-10,118317.47147455289
2004-11-11,119882.91147378767
2004-11-12,121041.49117828158
2004-11-15,121573.93014264009
2004-11-16,120822.55579494624
2004-11-17,122450.75468211879
2004-11-18,123014.31825090206
2004-11-19,121104.56675775125
2004-11-22,122263.18718745069
2004-11-23,122075.44995422644
2004-11-24,123140.0300185238
2004-11-26,122764.40004156093
2004-11-29,122733.30363233229
2004-11-30,122482.89813905189
2004-12-01,124987.70914073574
2004-12-02,125457.38289581084
2004-12-03,125645.4412543353
2004-12-06,126083.85650174977
2004-12-07,123923.67071945574
2004-12-08,124643.80519352497
2004-12-09,125395.35243857354
2004-12-10,125019.58241310994
2004-12-13,126115.72441331911
2004-12-14,126741.96630854976
2004-12-15,126272.42730634628
2004-12-16,125082.71895943923
2004-12-17,124763.56564409508
2004-12-20,123910.2299117996
2004-12-21,125427.60431926376
2004-12-22,125585.69763256305
2004-12-23,125680.59828631647
2004-12-27,125143.50712618677
2004-12-28,126344.73881071406
2004-12-29,126502.88990939873
2004-12-30,126408.15552815946
2004-12-31,126186.94980914473
2005-01-03,124859.51906753641
2005-01-04,122583.65294986161
2005-01-05,121825.04657441317
2005-01-06,121224.5926892594
2005-01-07,121856.8194272185
2005-01-10,121793.74151328969
2005-01-11,120940.37030755109
2005-01-12,121951.91564017383
2005-01-13,120339.93747345266
2005-01-14,121477.98412959429
2005-01-18,122394.9140803967
2005-01-19,120371.9304785976
2005-01-20,118064.46627286174
2005-01-21,117116.20548292671
2005-01-24,115472.63311440204
2005-01-25,116041.6689623534
2005-01-26,117432.69516584522
2005-01-27,117274.62569974615
2005-01-28,116705.68826530066
2005-01-31,118223.2704939854
2005-02-01,118602.59277030415
2005-02-02,118792.29019226832
2005-02-03,117433.21056735367
2005-02-04,119329.81316114613
2005-02-07,119077.14683292135
2005-02-08,119298.52030103537
2005-02-09,117307.1018570439
2005-02-10,117433.6615455292
2005-02-11,119172.2566684274
2005-02-14,119709.84838190756
2005-02-15,120500.14542344603
2005-02-16,120057.69249155483
2005-02-17,118445.62565482994
2005-02-18,118066.34466550102
2005-02-22,116612.43983257853
2005-02-23,116770.6258719079
2005-02-24,118256.36086140444
2005-02-25,118920.25008334545
2005-02-28,117656.0751035214
2005-03-01,118952.12281274374
2005-03-02,118889.03535424924
2005-03-03,117909.15605574628
2005-03-04,118604.60986035384
2005-03-07,120311.86722365102
2005-03-08,119110.7099006719
2005-03-09,118762.99471716813
2005-03-10,118605.00026884196
2005-03-11,117498.69001579109
2005-03-14,118036.27306050163
2005-03-15,117088.00593489586
2005-03-16,115760.47140434118
2005-03-17,116044.91576532685
2005-03-18,115412.76658027482
2005-03-21,115634.22714150354
2005-03-22,114211.87231132382
2005-03-23,114622.83619069205
2005-03-24,114654.51832242539
2005-03-28,114876.0768103071
2005-03-29,113959.35623919866
2005-03-30,116109.01752472341
2005-03-31,115603.29175092919
2005-04-01,114433.69290678207
2005-04-04,115255.82371011484
2005-04-05,115571.98231727927
2005-04-06,115382.41389695893
2005-04-07,116773.38056298991
2005-04-08,115825.10025806121
2005-04-11,115319.44168395502
2005-04-12,115888.60067113194
2005-04-13,113991.97030977345
2005-04-14,112379.76559812557
2005-04-15,109819.2961253343
2005-04-18,109851.05404297495
2005-04-19,110609.80996838176
2005-04-20,109693.13267043696
2005-04-21,112601.47154316532
2005-04-22,110926.08325385621
2005-04-25,111843.04882414146
2005-04-26,110799.87573283994
2005-04-27,110958.0073694521
2005-04-28,109851.65670126725
2005-04-29,110578.8535957703
2005-05-02,111021.5232444608
2005-05-03,111590.57307173716
2005-05-04,112950.06582946643
2005-05-05,113044.89562169525
2005-05-06,113361.11507114567
2005-05-09,113898.67947645181
2005-05-10,113076.9320488667
2005-05-11,113645.96424619174
2005-05-12,113329.90354624303
2005-05-13,114562.810149115
2005-05-16,115321.65600435909
2005-05-17,116017.29249010523
2005-05-18,117597.87738984668
2005-05-19,118577.92073992924
2005-05-20,119052.28226287023
2005-05-23,119653.05823042187
2005-05-24,120032.48253005766
2005-05-25,119526.77907192662
2005-05-26,120728.03501607905
2005-05-27,120791.35613581465
2005-05-31,120380.64775063226
2005-06-01,121360.77046677738
2005-06-02,122214.28487792377
2005-06-03,120444.04432728716
2005-06-06,120475.9410260951
2005-06-07,119464.37626697507
2005-06-08,119211.51978436571
2005-06-09,119970.33749832305
2005-06-10,118705.86975221387
2005-06-13,119275.05975582585
2005-06-14,118800.89306758248
2005-06-15,119180.363988845
2005-06-16,119812.68760798401
2005-06-17,119828.5955829626
2005-06-20,119828.79280152937
2005-06-21,119765.57444635995
2005-06-22,119639.0860625111
2005-06-23,118310.1346540747
2005-06-24,116981.21012788152
2005-06-27,116443.50733933828
2005-06-28,117551.11089923281
2005-06-29,117297.93870740767
2005-06-30,116380.45000502907
2005-07-01,116222.27440739861
2005-07-05,117424.92940216133
2005-07-06,116855.42519792578
2005-07-07,117266.83953299202
2005-07-08,119513.52435418955
2005-07-11,120621.17652338663
2005-07-12,121190.80611239119
2005-07-13,121475.75365535571
2005-07-14,122678.2049303135
2005-07-15,123057.92511967376
2005-07-18,122551.80488462903
2005-07-19,123975.84280473148
2005-07-20,124861.90224194477
2005-07-21,124893.68416307514
2005-07-22,124735.48307197363
2005-07-25,124261.00629109125
2005-07-26,124735.7567980663
2005-07-27,125685.07705833524
2005-07-28,126286.42796709294
2005-07-29,125242.27374664079
2005-08-01,125463.95084804702
2005-08-02,126824.70157926802
2005-08-03,126761.41471658122
2005-08-04,125527.51381658435
2005-08-05,124926.28391671977
2005-08-08,124008.8034751211
2005-08-09,124831.60102637639
2005-08-10,123755.83872967477
2005-08-11,124768.42378819664
2005-08-12,124072.40401849903
2005-08-15,124832.01193213023
2005-08-16,122806.92716770002
2005-08-17,123534.82690113506
2005-08-18,122902.0761011895
2005-08-19,122838.84321298619
2005-08-22,122902.34580395764
2005-08-23,122554.2253129064
2005-08-24,121826.58492885891
2005-08-25,122111.41200482888
2005-08-26,121700.14582766696
2005-08-29,122649.60097003673
2005-08-30,122206.6342399699
2005-08-31,123345.84519011801
2005-09-01,123156.15227087714
2005-09-02,122681.5701164443
2005-09-06,124485.4413733593
2005-09-07,124707.01347766219
2005-09-08,124675.50932877012
2005-09-09,125371.7474934579
2005-09-12,125720.00386401034
2005-09-13,125403.60943799731
2005-09-14,123979.71970324346
2005-09-15,123916.57149379051
2005-09-16,124676.05651833679
2005-09-19,123695.26730008886
2005-09-20,123189.0229562062
2005-09-21,121828.45633975607
2005-09-22,122271.50610018556
2005-09-23,122619.63948005754
2005-09-26,122651.48502350439
2005-09-27,122366.75857397974
2005-09-28,122398.52615578806
2005-09-29,124044.02752654764
2005-09-30,124866.8343971863
2005-10-03,125183.49260681344
2005-10-04,124360.8064890775
2005-10-05,122652.09061826537
2005-10-06,121038.31875821712
2005-10-07,121323.20880354589
2005-10-10,120658.84250822706
2005-10-11,120057.70120351191
2005-10-12,118633.75123442964
2005-10-13,119551.50016941257
2005-10-14,120437.66983748619
2005-10-17,120817.56886630344
2005-10-18,119963.25826315704
2005-10-19,122368.23548548801
2005-10-20,121229.09912208076
2005-10-21,121988.65393886242
2005-10-24,123919.22282728877
2005-10-25,123444.58477662386
2005-10-26,122811.71077355316
2005-10-27,120343.58181801766
2005-10-28,121261.2754724648
2005-10-31,123001.9562011881
2005-11-01,122907.13312658113
2005-11-02,124521.03526628735
2005-11-03,126388.09430448167
2005-11-04,126831.24204414574
2005-11-07,126989.7014325234
2005-11-08,127021.3447220282
2005-11-09,127084.67505521778
2005-11-10,128477.0466397383
2005-11-11,128825.32032266556
2005-11-14,128825.5323483921
2005-11-15,128224.34146585088
2005-11-16,129015.48471359209
2005-11-17,130724.45075789063
2005-11-18,131167.53342283485
2005-11-21,131484.18216662708
2005-11-22,131958.8967699582
2005-11-23,132275.4307174416
2005-11-25,132560.378809513
2005-11-28,131453.11313689832
2005-11-29,130820.21754969837
2005-11-30,130503.84072231699
2005-12-01,132940.56785213953
2005-12-02,133257.1180721878
2005-12-05,132276.30153580144
2005-12-06,132719.4886273903
2005-12-07,132466.38741766074
2005-12-08,131517.05344670458
2005-12-09,132023.44585380048
2005-12-12,132498.26830584774
2005-12-13,133036.37830552002
2005-12-14,132593.4765386816
2005-12-15,132815.00843565102
2005-12-16,131898.29346556662
2005-12-19,129804.91129065581
2005-12-20,129900.11652658133
2005-12-21,130471.23316193436
2005-12-22,131327.72446370806
2005-12-23,131327.79651176208
2005-12-27,130186.16026395261
2005-12-28,130027.6223215278
2005-12-29,129171.22812878095
2005-12-30,128187.92552538756
2006-01-03,131043.12809410773
2006-01-04,132407.2429221406
2006-01-05,132978.3372887235
2006-01-06,135389.2504697086
2006-01-09,135928.75152147491
2006-01-10,136023.9895565973
2006-01-11,137070.89119068498
2006-01-12,136404.75055944812
2006-01-13,136341.40659947845
2006-01-17,135453.5856461087
2006-01-18,133899.25044010222
2006-01-19,134882.67981348527
2006-01-20,130854.00812034085
2006-01-23,130885.96848528307
2006-01-24,131457.08214131324
2006-01-25,130886.11209672467
2006-01-26,131806.15269158897
2006-01-27,133582.68762163245
2006-01-30,133836.62753227667
2006-01-31,133233.99680542425
2006-02-01,133709.92130050683
2006-02-02,131426.0143833551
2006-02-03,129808.187111585
2006-02-06,129459.44399310522
2006-02-07,128888.55381187165
2006-02-08,130379.54721761897
2006-02-09,129142.44502271448
2006-02-10,129935.56766444213
2006-02-13,128444.82638782696
2006-02-14,129745.55056560677
2006-02-15,130570.37859832363
2006-02-16,131775.96831884512
2006-02-17,130729.1356655255
2006-02-21,129270.20637648828
2006-02-22,130888.12267345225
2006-02-23,130539.29115242309
2006-02-24,130888.26628725744
2006-02-27,132347.7593680391
2006-02-28,130380.9777825142
2006-03-01,132157.51574811226
2006-03-02,132252.71186041363
2006-03-03,131491.51168276538
2006-03-06,130349.70373985833
2006-03-07,129588.37329773366
2006-03-08,129651.89340815105
2006-03-09,128541.6699122934
2006-03-10,128668.6386043053
2006-03-13,129049.55968824509
2006-03-14,131238.4799556323
2006-03-15,132348.92109534875
2006-03-16,131238.6239538585
2006-03-17,131584.78320689214
2006-03-20,131902.4311857969
2006-03-21,130505.69402800714
2006-03-22,130823.19738492553
2006-03-23,130442.3593388046
2006-03-24,131109.08367971276
2006-03-27,131140.98887221672
2006-03-28,130601.37686372602
2006-03-29,133077.61849287554
2006-03-30,133490.40562046756
2006-03-31,133109.58153822809
2006-04-03,133268.43250544812
2006-04-04,133998.76827300296
2006-04-05,135268.6919575394
2006-04-06,135649.73560043183
2006-04-07,134348.1838211582
2006-04-10,134157.85602609973
2006-04-11,133078.5676008846
2006-04-12,133110.45784811303
2006-04-13,133650.14870306946
2006-04-17,132253.64012544623
2006-04-18,134793.346101594
2006-04-19,135396.68855025215
2006-04-20,134920.4800624098
2006-04-21,133333.34081490219
2006-04-24,133206.4888838441
2006-04-25,132920.8992295054
2006-04-26,132889.26804936575
2006-04-27,134159.10724349236
2006-04-28,132857.6246861803
2006-05-01,131556.31339285415
2006-05-02,131905.5428454987
2006-05-03,131715.19144951832
2006-05-04,132794.59683764653
2006-05-05,133842.17159730292
2006-05-08,133969.43588682072
2006-05-09,133461.55984109957
2006-05-10,132287.02744249147
2006-05-11,129334.72509462206
2006-05-12,127588.75913945884
2006-05-15,127493.71410443529
2006-05-16,126541.38917111703
2006-05-17,124827.17805253544
2006-05-18,123970.1057936736
2006-05-19,124922.5560779419
2006-05-22,123716.3587389102
2006-05-23,122510.06552641213
2006-05-24,123335.52919136138
2006-05-25,124954.71440820015
2006-05-26,125367.46746711903
2006-05-30,122669.272062178
2006-05-31,123240.74697447896
2006-06-01,126161.60383110218
2006-06-02,125844.10119030863
2006-06-05,123114.16662979219
2006-06-06,123018.9779965296
2006-06-07,122098.32977316878
2006-06-08,121907.95506297832
2006-06-09,121114.36563001925
2006-06-12,118733.60627940408
2006-06-13,118257.33910743268
2006-06-14,119463.77254351186
2006-06-15,122702.03963220316
2006-06-16,121799.9249660672
2006-06-19,120815.3557858053
2006-06-20,120974.24499455228
2006-06-21,122880.37179252073
2006-06-22,121323.81406685892
2006-06-23,121196.81924058418
2006-06-26,121514.67978551124
2006-06-27,119227.39553967524
2006-06-28,120117.02064928993
2006-06-29,123770.48546446465
2006-06-30,123166.97757549124
2006-07-03,123897.77663666836
2006-07-05,121197.61712432402
2006-07-06,121070.62132261574
2006-07-07,119736.42664417488
2006-07-10,118688.22639763274
2006-07-11,119577.77960324136
2006-07-12,117322.32973178684
2006-07-13,115352.66588530631
2006-07-14,114177.31631149066
2006-07-17,114463.39965512665
2006-07-18,114844.68727057341
2006-07-19,116337.88104697489
2006-07-20,114622.44901849354
2006-07-21,113415.29680581874
2006-07-24,115671.07048452689
2006-07-25,116338.26399411581
2006-07-26,116243.0832038406
2006-07-27,115480.60144636685
2006-07-28,117895.12552460062
2006-07-31,117863.59252894293
2006-08-01,115893.93679427021
2006-08-02,117196.55343955175
2006-08-03,117927.26902869073
2006-08-04,117387.28558801007
2006-08-07,116624.99952389074
2006-08-08,115894.38186118031
2006-08-09,116053.27272689075
2006-08-10,116879.37762766257
2006-08-11,116053.40006351811
2006-08-14,116816.03074118895
2006-08-15,119770.6662248219
2006-08-16,122598.26814694308
2006-08-17,123043.07076273365
2006-08-18,123233.72911358166
2006-08-21,122058.50874779608
2006-08-22,122090.36690643682
2006-08-23,121169.08399087405
2006-08-24,121518.61305319592
2006-08-25,121741.04837421225
2006-08-28,122662.6720313895
2006-08-29,123043.88080103396
2006-08-30,123615.82382728327
2006-08-31,123488.85379569927
2006-09-01,124156.05841541565
2006-09-05,125363.51265055787
2006-09-06,122853.7713004803
2006-09-07,122282.11657693086
2006-09-08,123012.76434472938
2006-09-11,123775.51031729662
2006-09-12,126063.02575942074
2006-09-13,126920.85809719733
2006-09-14,127048.05159427518
2006-09-15,127502.65775529161
2006-09-18,127534.67344456202
2006-09-19,126676.41046087645
2006-09-20,128520.22856450683
2006-09-21,127725.54861778775
2006-09-22,126740.25911781668
2006-09-25,128965.56693072338
2006-09-26,129601.4596338497
2006-09-27,129442.57161645357
2006-09-28,129792.26783980221
2006-09-29,129220.22732946921
2006-10-02,127599.20846209419
2006-10-03,128139.71289853529
2006-10-04,131286.8456564194
2006-10-05,131922.6860769839
2006-10-06,131636.70149489449
2006-10-09,132081.87904438266
2006-10-10,132304.46751131347
2006-10-11,132050.26024795676
2006-10-12,134148.38353972769
2006-10-13,134879.59045480832
2006-10-16,135006.96689121713
2006-10-17,133512.99311116245
2006-10-18,132877.2367330169
2006-10-19,133195.28840094825
2006-10-20,133513.21285204333
2006-10-23,134880.3304231624
2006-10-24,133958.56961684933
2006-10-25,134880.47841732038
2006-10-26,136120.2831760933
2006-10-27,134181.29399747218
2006-10-30,135039.7962256286
2006-10-31,135357.72360679955
2006-11-01,133514.09181918335
2006-11-02,133641.26400263305
2006-11-03,133291.60598664332
2006-11-06,135231.0557722403
2006-11-07,136153.02854178988
2006-11-08,136788.81262038037
2006-11-09,136153.17793238483
2006-11-10,136788.9627085739
2006-11-13,138187.97910738568
2006-11-14,139650.31888107373
2006-11-15,140222.6211822313
2006-11-16,140826.71680705284
2006-11-17,140826.79406637445
2006-11-20,141113.1040374926
2006-11-21,141303.95232597887
2006-11-22,142194.12903906027
2006-11-24,141939.89985299172
2006-11-27,138729.44869287853
2006-11-28,139142.76169606327
2006-11-29,140096.55483531594
2006-11-30,140001.22452562896
2006-12-01,138793.32486854412
2006-12-04,140700.99213975787
2006-12-05,141209.61602132308
2006-12-06,140701.14652049512
2006-12-07,138920.92563130878
2006-12-08,139556.80673736593
2006-12-11,140065.69818561248
2006-12-12,139239.1814956159
2006-12-13,139493.6315663481
2006-12-14,141051.33315222754
2006-12-15,141414.31795343294
2006-12-18,140014.14503681677
2006-12-19,139568.6199460354
2006-12-20,139059.33769540297
2006-12-21,138072.75840765313
2006-12-22,136640.50452733482
2006-12-26,137213.79418519873
2006-12-27,137914.14662311308
2006-12-28,137245.78069155465
2006-12-29,137373.14316556317
2007-01-03,137628.19426789947
2007-01-04,140238.20416952288
2007-01-05,139569.92162668172
2007-01-08,139665.56054606673
2007-01-09,140365.91932341966
2007-01-10,142021.05239517434
2007-01-11,143485.32602547368
2007-01-12,144217.4533916582
2007-01-16,144122.2326695621
2007-01-17,142944.69461067807
2007-01-18,140302.9255716837
2007-01-19,140589.43034583709
2007-01-22,139061.8552780978
2007-01-23,138711.88702536336
2007-01-24,141003.60444832404
2007-01-25,139189.47243930763
2007-01-26,138680.22216547167
2007-01-29,138807.8248033625
2007-01-30,138871.58818632562
2007-01-31,140272.11801435106
2007-02-01,140049.4240759668
2007-02-02,140558.75862580977
2007-02-05,140431.6292559616
2007-02-06,140240.74309486104
2007-02-07,141513.96072999944
2007-02-08,141482.25838027705
2007-02-09,139668.012480407
2007-02-12,139127.1450853555
2007-02-13,139604.67377946817
2007-02-14,141960.134199157
2007-02-15,142787.8131563525
2007-02-16,142310.48086324878
2007-02-20,143392.96408883712
2007-02-21,143838.68865612076
2007-02-22,144570.81850745642
2007-02-23,144061.5775369462
2007-02-26,143361.58491787614
2007-02-27,137473.13364447444
2007-02-28,137918.91337544864
2007-03-01,137282.31887024472
2007-03-02,135213.45243116413
2007-03-05,134163.27674264912
2007-03-06,136391.4539880622
2007-03-07,135850.42472038357
2007-03-08,136773.5646836588
2007-03-09,136646.27677653226
2007-03-12,137537.80276501726
2007-03-13,134864.17193221019
2007-03-14,136837.64693178618
2007-03-15,136519.47661122773
2007-03-16,136414.428835163
2007-03-19,137816.12118824507
2007-03-20,138803.46755545936
2007-03-21,141479.0336218101
2007-03-22,140969.4573819467
2007-03-23,140523.62633172606
2007-03-26,141097.18756418896
2007-03-27,140109.91954492382
2007-03-28,138613.02325811065
2007-03-29,138772.3578854213
2007-03-30,138644.94203048002
2007-04-02,138836.38016279278
2007-04-03,140651.93827399347
2007-04-04,141225.3056956731
2007-04-05,141926.05275111677
2007-04-09,141576.0215559273
2007-04-10,142308.5801260067
2007-04-11,140811.75859966635
2007-04-12,141926.59778903253
2007-04-13,142213.30093319906
2007-04-16,143519.46826553062
2007-04-17,143838.053311787
2007-04-18,143360.37958426247
2007-04-19,143806.37322651903
2007-04-20,144602.69794210128
2007-04-23,144825.92935912023
2007-04-24,145558.56621514124
2007-04-25,147501.54450402936
2007-04-26,148266.07836378957
2007-04-27,148329.83580004505
2007-04-30,146387.1336375463
2007-05-01,146259.81895027697
2007-05-02,147852.4580193314
2007-05-03,148394.02871067042
2007-05-04,148521.47697729556
2007-05-07,148521.72141972336
2007-05-08,148840.31287976788
2007-05-09,149158.90468933433
2007-05-10,147120.5714485748
2007-05-11,148999.8343619589
2007-05-14,147980.75641485915
2007-05-15,146834.28799437138
2007-05-16,148267.70518526118
2007-05-17,147567.0015753312
2007-05-18,148777.4809606051
2007-05-21,149733.22004974732
2007-05-22,149860.72701138168
2007-05-23,149160.0503199364
2007-05-24,147026.07246008478
2007-05-25,147949.91013536963
2007-05-29,149096.83574229977
2007-05-30,150307.19635405508
2007-05-31,151008.09749982966
2007-06-01,151103.7388493704
2007-06-04,151549.94213953157
2007-06-05,151550.0252817505
2007-06-06,149925.7369717779
2007-06-07,147600.5687998047
2007-06-08,149416.2258076268
2007-06-11,149129.78046037685
2007-06-12,148238.02004387282
2007-06-13,149862.53576267115
2007-06-14,150850.0487264432
2007-06-15,152243.10478465952
2007-06-18,152275.2935393148
2007-06-19,152243.4388749214
2007-06-20,150809.16592897888
2007-06-21,152179.84284811784
2007-06-22,150745.55411759324
2007-06-25,150108.1842750521
2007-06-26,149247.64707708269
2007-06-27,151542.81018600703
2007-06-28,151479.1725350141
2007-06-29,151734.22399104197
2007-07-02,153105.23211118745
2007-07-03,153997.8207069056
2007-07-05,155113.72442753348
2007-07-06,155751.3037343011
2007-07-09,155847.23398069493
2007-07-10,154540.34716316967
2007-07-11,155592.42077306416
2007-07-12,157983.23778373766
2007-07-13,159067.16800552895
2007-07-16,158908.01993760068
2007-07-17,160119.43848041512
2007-07-18,159928.2909781681
2007-07-19,160406.50987191056
2007-07-20,159545.95281604107
2007-07-23,159609.9795945986
2007-07-24,157251.1168254093
2007-07-25,157474.36383476554
2007-07-26,156135.58428922994
2007-07-27,152979.7749963843
2007-07-30,154765.16165088708
2007-07-31,151513.7405020875
2007-08-01,152693.33940815646
2007-08-02,154095.95956531237
2007-08-03,151163.2988751974
2007-08-06,152916.93464090236
2007-08-07,154000.77771494852
2007-08-08,155690.48634952182
2007-08-09,152088.35750551062
2007-08-10,150717.65322415016
2007-08-13,151737.969985577
2007-08-14,149155.99759016544
2007-08-15,146319.00490577958
2007-08-16,144884.57044481856
2007-08-17,147626.10830987283
2007-08-20,148327.64057390945
2007-08-21,149889.74267622986
2007-08-22,151930.04327153583
2007-08-23,151515.65232786458
2007-08-24,153651.5331384667
2007-08-27,152631.76619052156
2007-08-28,148997.71539459645
2007-08-29,153269.47511033423
2007-08-30,154066.5147963528
2007-08-31,155787.97162424738
2007-09-04,158370.4839407484
2007-09-05,156776.62602434627
2007-09-06,156649.20885529133
2007-09-07,153748.41868229138
2007-09-10,153652.96616278868
2007-09-11,155980.2237653497
2007-09-12,156012.1781494182
2007-09-13,156777.31410281907
2007-09-14,156904.90385113933
2007-09-17,155598.22535797107
2007-09-18,159519.32154413286
2007-09-19,159933.8186094749
2007-09-20,159487.58509187444
2007-09-21,160623.13218779434
2007-09-24,161357.00780481202
2007-09-25,162888.10025379132
2007-09-26,163685.49726076543
2007-09-27,164514.87762928443
2007-09-28,163972.8247431776
2007-10-01,165854.83428092135
2007-10-02,165886.8227853469
2007-10-03,164738.71605941525
2007-10-04,165121.5628527973
2007-10-05,168470.58607352411
2007-10-08,169523.4139041851
2007-10-09,170257.1667313253
2007-10-10,170671.80205258584
2007-10-11,167960.83458214838
2007-10-12,170735.85558053
2007-10-15,169428.38587532143
2007-10-16,168631.1624330761
2007-10-17,170800.07694365218
2007-10-18,171533.80574005455
2007-10-19,167259.89077038018
2007-10-22,169269.58973904164
2007-10-23,172810.0923048353
2007-10-24,171502.48665204164
2007-10-25,169206.1008495255
2007-10-26,172012.9708942587
2007-10-29,172715.00971056073
2007-10-30,173065.9399813571
2007-10-31,175521.95577939998
2007-11-01,172236.79502762723
2007-11-02,173576.5228449949
2007-11-05,172460.45975851346
2007-11-06,174406.21251757743
2007-11-07,170164.19524799087
2007-11-08,164997.09827647702
2007-11-09,159479.22907839916
2007-11-12,155428.67129719167
2007-11-13,161839.87937543317
2007-11-14,159766.72258808723
2007-11-15,158905.61326892726
2007-11-16,160372.93726920636
2007-11-19,158523.25261286827
2007-11-20,159161.23613231172
2007-11-21,157279.4318954833
2007-11-23,158970.12171709462
2007-11-26,156227.29865023398
2007-11-27,159353.1674389232
2007-11-28,164201.54511967342
2007-11-29,164903.31778548894
2007-11-30,163659.4074581209
2007-12-03,162288.2213464885
2007-12-04,161618.45360336077
2007-12-05,164521.1053367808
2007-12-06,166881.52570525047
2007-12-07,166913.55845947078
2007-12-10,167583.66379934
2007-12-11,163692.3221964822
2007-12-12,165159.69810596714
2007-12-13,164266.63721034332
2007-12-14,162576.19060218782
2007-12-17,158621.35590963252
2007-12-18,159131.79636624514
2007-12-19,159099.97061134366
2007-12-20,162353.5185369031
2007-12-21,165556.13101040912
2007-12-24,166801.6399134448
2007-12-26,167632.01926578433
2007-12-27,165620.53071636084
2007-12-28,165461.01297486768
2007-12-31,163545.42599103024
2008-01-02,160959.29532234065
2008-01-03,161630.00283000583
2008-01-04,154541.51702219088
2008-01-07,153807.45151593722
2008-01-08,149816.21925621733
2008-01-09,153009.37352432474
2008-01-10,153232.894092144
2008-01-11,150231.58181735684
2008-01-14,152850.09808270313
2008-01-15,148635.31348966627
2008-01-16,147038.9237506856
2008-01-17,144995.47298649172
2008-01-18,144804.04268664098
2008-01-22,141068.47832422497
2008-01-23,140525.6972526142
2008-01-24,143399.5089902417
2008-01-25,140461.98149946955
2008-01-28,141547.93258259122
2008-01-29,141803.4480315988
2008-01-30,141675.7288828553
2008-01-31,144102.60300105214
2008-02-01,145571.48369017272
2008-02-04,143528.11495517025
2008-02-05,139441.08823100568
2008-02-06,136695.0794270059
2008-02-07,137653.13948726875
2008-02-08,139217.79248272802
2008-02-11,140718.78783860948
2008-02-12,139920.57504051528
2008-02-13,142985.95891101143
2008-02-14,140399.69458279043
2008-02-15,139920.8053272439
2008-02-19,139665.6574621444
2008-02-20,140304.32918820085
2008-02-21,138963.33018743352
2008-02-22,139474.24620574762
2008-02-25,140177.01453013782
2008-02-26,140719.94584471273
2008-02-27,141422.47752160396
2008-02-28,140879.7142782774
2008-02-29,137143.93079976548
2008-03-03,136250.05793861795
2008-03-04,137016.4607836404
2008-03-05,137687.12125526235
2008-03-06,134653.7245756025
2008-03-07,134334.42720427565
2008-03-10,131748.25587431292
2008-03-11,136761.52910953588
2008-03-12,136378.3887859489
2008-03-13,137432.2248797643
2008-03-14,134909.68876914537
2008-03-17,132451.2803366885
2008-03-18,138358.5231876957
2008-03-19,134941.95930726975
2008-03-20,137700.02204919676
2008-03-24,142461.73083100186
2008-03-25,143260.75539124676
2008-03-26,142845.3748224847
2008-03-27,139681.77734968156
2008-03-28,138978.82082107404
2008-03-31,139714.05544701708
2008-04-01,145690.0546705927
2008-04-02,145370.48941458462
2008-04-03,145690.21452545738
2008-04-04,146553.08927817797
2008-04-07,146233.71277700082
2008-04-08,145115.2934737566
2008-04-09,143485.63717990182
2008-04-10,145530.95781478807
2008-04-11,141504.46675129872
2008-04-14,140865.5752076116
2008-04-15,141057.32754054575
2008-04-16,144988.1422073243
2008-04-17,144668.64482687245
2008-04-18,149270.52098091485
2008-04-21,150325.31610263753
2008-04-22,148088.38233368073
2008-04-23,149718.35378274292
2008-04-24,151060.59325901783
2008-04-25,150677.21049887018
2008-04-28,150965.05109890847
2008-04-29,152115.53334645083
2008-04-30,150869.35715934777
2008-05-01,155631.00251051632
2008-05-02,155854.8502918332
2008-05-05,155407.73722878948
2008-05-06,156366.49235750642
2008-05-07,153522.39739175266
2008-05-08,154672.9434359191
2008-05-09,154065.82480958282
2008-05-12,156878.33715550776
2008-05-13,157293.82243290005
2008-05-14,156942.41143933273
2008-05-15,159690.75950988382
2008-05-16,159818.7508133387
2008-05-19,158668.58762205555
2008-05-20,157454.24619878762
2008-05-21,153970.9925740112
2008-05-22,154514.32570959855
2008-05-23,154035.0781618347
2008-05-27,156751.76621074966
2008-05-28,157391.0346075772
2008-05-29,158797.23510061522
2008-05-30,159819.97831800624
2008-06-02,157870.82964473966
2008-06-03,157008.05049284894
2008-06-04,159021.48172588242
2008-06-05,161546.19527571287
2008-06-06,156688.69485650625
2008-06-09,155858.09947476198
2008-06-10,155123.13628253582
2008-06-11,151384.17199497344
2008-06-12,151544.04841678552
2008-06-13,154580.12218965948
2008-06-16,155954.56006988522
2008-06-17,155123.73200114592
2008-06-18,153462.01729490753
2008-06-19,155858.95453415933
2008-06-20,151650.4299984257
2008-06-23,150467.32243118787
2008-06-24,149699.9947466149
2008-06-25,152130.4847336612
2008-06-26,145990.38633364448
2008-06-27,145990.46642582063
2008-06-30,144455.62596657168
2008-07-01,146502.37195026036
2008-07-02,142984.7193477839
2008-07-03,142728.9553068609
2008-07-07,143592.7600658921
2008-07-08,147014.7627229912
2008-07-09,143113.11922015014
2008-07-10,144808.2953996932
2008-07-11,142505.71148579274
2008-07-14,141450.51142739417
2008-07-15,141482.6191761635
2008-07-16,145000.5276837385
2008-07-17,145960.05227512174
2008-07-18,142602.17920245227
2008-07-21,143210.03871340546
2008-07-22,143210.11728024768
2008-07-23,145097.09031815
2008-07-24,142922.48375084266
2008-07-25,144777.44255732978
2008-07-28,142059.35260812688
2008-07-29,145001.5618257956
2008-07-30,145737.20650233922
2008-07-31,145385.5472626734
2008-08-01,143530.7253233004
2008-08-04,142091.84358225856
2008-08-05,146889.04078196848
2008-08-06,149127.77068142296
2008-08-07,147976.59592580178
2008-08-08,151334.72565895086
2008-08-11,152710.09370077355
2008-08-12,152870.0612723749
2008-08-13,152550.3490193203
2008-08-14,154309.4541239974
2008-08-15,154021.68792681143
2008-08-18,152230.97047832393
2008-08-19,150344.08903571047
2008-08-20,150600.0632753829
2008-08-21,149896.57433071377
2008-08-22,151879.5611036802
2008-08-25,148681.68703228646
2008-08-26,148489.81015707078
2008-08-27,149449.3440646276
2008-08-28,150664.71519005977
2008-08-29,147498.6977257957
2008-09-02,145676.04725259525
2008-09-03,144300.94831371566
2008-09-04,139631.62732900344
2008-09-05,138960.086741506
2008-09-08,138704.44937975524
2008-09-09,135762.22714471587
2008-09-10,136881.67613427405
2008-09-11,139440.31686164715
2008-09-12,138896.6714561535
2008-09-15,134579.3757718428
2008-09-16,135634.82200609875
2008-09-17,128598.93474774585
2008-09-18,132948.48290352928
2008-09-19,137294.68948887807
2008-09-22,130830.1816686659
2008-09-23,129838.14569392064
2008-09-24,130734.24521373748
2008-09-25,132814.6288503508
2008-09-26,131470.5585496621
2008-09-29,121037.60061420548
2008-09-30,124526.0377777571
2008-10-01,123213.97658113854
2008-10-02,117613.3819587911
2008-10-03,115789.25733677179
2008-10-06,111564.9768114634
2008-10-07,104492.22446159412
2008-10-08,103660.1539229022
2008-10-09,100875.8953924441
2008-10-10,100235.8631273762
2008-10-13,112429.52459086376
2008-10-14,107564.95799437734
2008-10-15,97931.8787657394
2008-10-16,103244.5502094913
2008-10-17,103372.59934041172
2008-10-20,106253.16178361278
2008-10-21,100748.51000678797
2008-10-22,97964.24420093594
2008-10-23,97580.24122421762
2008-10-24,94443.8959864848
2008-10-27,91819.74787720313
2008-10-28,101965.06332079975
2008-10-29,101709.09005638819
2008-10-30,105101.6055646017
2008-10-31,105261.68874245939
2008-11-03,105037.83581845656
2008-11-04,108014.26400381736
2008-11-05,102381.60242943872
2008-11-06,97805.03141577907
2008-11-07,99821.33918727776
2008-11-10,98477.34130843976
2008-11-11,96333.07874100383
2008-11-12,91884.5120192705
2008-11-13,97485.37496755563
2008-11-14,92748.74734455477
2008-11-17,90796.62860643046
2008-11-18,90700.68768357634
2008-11-19,85964.04334537938
2008-11-20,81803.53028080618
2008-11-21,85356.0748156436
2008-11-24,90572.96272342773
2008-11-25,90156.937524155
2008-11-26,93933.53956105468
2008-11-28,93197.54655175196
2008-12-01,86188.67433773084
2008-12-02,89069.13225073385
2008-12-03,91597.5605893432
2008-12-04,89005.21432457087
2008-12-05,92621.79869589962
2008-12-08,96270.51825347693
2008-12-09,96046.51920627078
2008-12-10,95726.51383960144
2008-12-11,93102.15547900468
2008-12-12,94990.53132400522
2008-12-15,93326.44783744114
2008-12-16,97807.17772193071
2008-12-17,96623.05030042777
2008-12-18,94926.82076565246
2008-12-19,95705.71630162632
2008-12-22,93622.51199694687
2008-12-23,93141.82055969878
2008-12-24,93398.24905212055
2008-12-26,93366.31141179767
2008-12-29,92597.24570578392
2008-12-30,94520.38853125997
2008-12-31,95321.76462042902
2009-01-02,99456.50685332074
2009-01-05,99424.6302476571
2009-01-06,100418.28190138136
2009-01-07,97565.74080401071
2009-01-08,98591.4612364764
2009-01-09,96379.93601859243
2009-01-12,94617.2122644795
2009-01-13,94649.29751819649
2009-01-14,91764.68057732991
2009-01-15,93271.19317297208
2009-01-16,94296.92284112633
2009-01-20,89617.49946278644
2009-01-21,93431.76688516224
2009-01-22,92181.75993873573
2009-01-23,92630.58468696005
2009-01-26,93303.86051794936
2009-01-27,93976.95745851583
2009-01-28,97278.3425731082
2009-01-29,94810.424091986
2009-01-30,93143.76233316782
2009-02-02,94265.71896860057
2009-02-03,95740.23619540072
2009-02-04,95868.44491901899
2009-02-05,97983.95869851505
2009-02-06,100548.20988065362
2009-02-09,100965.08445708458
2009-02-10,97247.01670405363
2009-02-11,96798.34792316008
2009-02-12,97984.33498582519
2009-02-13,97535.65193652203
2009-02-17,93657.53038720753
2009-02-18,93721.66390588021
2009-02-19,92279.37012873904
2009-02-20,92535.85593810536
2009-02-23,89298.68863105022
2009-02-24,92247.56081225348
2009-02-25,91638.60189088428
2009-02-26,89074.44787391007
2009-02-27,88241.12705335286
2009-03-02,85388.57740559573
2009-03-03,85324.52038580032
2009-03-04,87600.30883136301
2009-03-05,84972.02463552357
2009-03-06,84298.97601623608
2009-03-09,82504.13681570484
2009-03-10,87600.59718359628
2009-03-11,88946.88194941192
2009-03-12,91895.79400267688
2009-03-13,92120.2269024181
2009-03-16,90581.80387971598
2009-03-17,94011.53950622983
2009-03-18,95197.5613420614
2009-03-19,95133.50205049208
2009-03-20,93685.54212817029
2009-03-23,99207.97766545252
2009-03-24,97377.99845861898
2009-03-25,97827.52175813708
2009-03-26,100845.5931288328
2009-03-27,98951.3369287132
2009-03-30,96511.44691004368
2009-03-31,97346.2526346081
2009-04-01,98791.07316359346
2009-04-02,101969.66357438928
2009-04-03,103863.96032105475
2009-04-06,103607.32104469213
2009-04-07,100878.32730707455
2009-04-08,102580.01545706144
2009-04-09,105758.54924808476
2009-04-13,105598.33016425764
2009-04-14,104314.11155674765
2009-04-15,104025.20888642364
2009-04-16,106722.23121400362
2009-04-17,106947.0381730617
2009-04-20,103511.7847636836
2009-04-21,104956.63161813351
2009-04-22,105277.77037865683
2009-04-23,106305.19913408096
2009-04-24,108167.49914326987
2009-04-27,108296.10148516488
2009-04-28,107493.48012256589
2009-04-29,108970.44161660895
2009-04-30,110062.13115023804
2009-05-01,110351.16814769049
2009-05-04,112534.59987994042
2009-05-05,112438.37841138631
2009-05-06,112470.54633393392
2009-05-07,109837.8313078111
2009-05-08,109902.11120215734
2009-05-11,110287.53962682461
2009-05-12,108939.11244940446
2009-05-13,106017.43666372877
2009-05-14,107205.44500606623
2009-05-15,107141.26266588428
2009-05-18,109934.80640805826
2009-05-19,110448.59145419102
2009-05-20,110063.33878613246
2009-05-21,108040.63993049835
2009-05-22,107687.51330987022
2009-05-26,111701.15842661833
2009-05-27,110930.66113156336
2009-05-28,112215.00825902766
2009-05-29,113595.66963263752
2009-06-01,116838.77464147797
2009-06-02,116999.33685221773
2009-06-03,116646.23409341734
2009-06-04,117962.67476465166
2009-06-05,118091.18072530009
2009-06-08,117738.1929880251
2009-06-09,118637.23481578942
2009-06-10,118219.93207292775
2009-06-11,118219.99692988076
2009-06-12,117674.23758059993
2009-06-15,115266.29006124412
2009-06-16,114142.63098387484
2009-06-17,115234.41591860683
2009-06-18,115009.73017382862
2009-06-19,116244.18310069318
2009-06-22,112772.47890002302
2009-06-23,112515.3508382054
2009-06-24,114412.12109272428
2009-06-25,116662.52553873029
2009-06-26,116919.77280399376
2009-06-29,117177.14892111246
2009-06-30,116952.17203915842
2009-07-01,117016.55701051367
2009-07-02,114444.74466028463
2009-07-06,113834.22652161572
2009-07-07,111005.2560101367
2009-07-08,111583.95824174589
2009-07-09,111776.94018965408
2009-07-10,112259.22915137692
2009-07-13,114413.31368946582
2009-07-14,114831.29806885257
2009-07-15,118689.1289469801
2009-07-16,120103.5757092133
2009-07-17,120746.65680000273
2009-07-20,121904.07490489153
2009-07-21,122740.0591234401
2009-07-22,123768.9025485609
2009-07-23,126501.47850198756
2009-07-24,125537.21285208254
2009-07-27,126501.75610347331
2009-07-28,125633.85398131286
2009-07-29,126469.77300556225
2009-07-30,127209.2562881428
2009-07-31,126823.53668422918
2009-08-03,128720.55938380965
2009-08-04,128720.63000153987
2009-08-05,127724.10956109875
2009-08-06,126598.87295710454
2009-08-07,128206.3642040202
2009-08-10,127306.41865991341
2009-08-11,126213.5135972775
2009-08-12,128174.65046484018
2009-08-13,128881.94728881087
2009-08-14,127403.16384417986
2009-08-17,123706.3526141388
2009-08-18,125474.59086933333
2009-08-19,126342.61334090102
2009-08-20,127821.52749085105
2009-08-21,129525.49794133702
2009-08-24,129397.0940526581
2009-08-25,129782.95972532617
2009-08-26,129557.97563069091
2009-08-27,129879.56863088912
2009-08-28,130008.21468723389
2009-08-31,128690.31493969703
2009-09-01,126279.24105459156
2009-09-02,126182.90023958034
2009-09-03,127018.77934475282
2009-09-04,129751.49245336176
2009-09-08,130973.48628129349
2009-09-09,132098.70143206487
2009-09-10,133352.57863030295
2009-09-11,133481.24176171343
2009-09-14,133995.86473353184
2009-09-15,134413.86011862947
2009-09-16,136374.99659398154
2009-09-17,136342.97699550042
2009-09-18,136571.4853056289
2009-09-21,136990.0587974473
2009-09-22,137247.54236544727
2009-09-23,136604.05372748215
2009-09-24,135381.24590340853
2009-09-25,134190.63057012568
2009-09-28,136475.6245347581
2009-09-29,135864.32725807765
2009-09-30,135960.99773982583
2009-10-01,131938.46098777305
2009-10-02,131552.46117941916
2009-10-05,132614.59779443048
2009-10-06,134963.7708262779
2009-10-07,135350.07412598332
2009-10-08,135929.4145806559
2009-10-09,136701.79250800321
2009-10-12,136991.63705023628
2009-10-13,137023.8779911384
2009-10-14,138890.44906187954
2009-10-15,138568.65431355982
2009-10-16,137667.66138220564
2009-10-19,139051.70205224273
2009-10-20,139083.90169934995
2009-10-21,138826.53712866933
2009-10-22,139373.71799531512
2009-10-23,138794.58022077836
2009-10-26,138344.30007176104
2009-10-27,136252.6052535412
2009-10-28,133195.54370345204
2009-10-29,135448.26267422462
2009-10-30,131811.95250226138
2009-11-02,132359.17817158968
2009-11-03,132777.566823943
2009-11-04,133002.98725787346
2009-11-05,136285.44419559903
2009-11-06,137090.0571214294
2009-11-09,140018.70321450866
2009-11-10,140372.77929877216
2009-11-11,141273.92393113338
2009-11-12,140469.48899496451
2009-11-13,141628.0787913603
2009-11-16,143076.42327699234
2009-11-17,143527.04415594126
2009-11-18,142722.57944221428
2009-11-19,140502.16651226263
2009-11-20,139794.3404520813
2009-11-23,142047.11968013571
2009-11-24,141564.55788050225
2009-11-25,142176.1119086934
2009-11-27,140020.08590958847
2009-11-30,140181.24880282395
2009-12-01,141629.47737914333
2009-12-02,141822.66854890453
2009-12-03,141243.46235804723
2009-12-04,141983.71440771138
2009-12-07,141308.14837099338
2009-12-08,140439.3116989376
2009-12-09,141855.3941641062
2009-12-10,142563.4396281426
2009-12-11,142016.412310878
2009-12-14,143368.27904149625
2009-12-15,142563.8306891205
2009-12-16,142756.96712293563
2009-12-17,141019.26520145597
2009-12-18,143317.7193836508
2009-12-21,144929.69515368392
2009-12-22,145800.1280152033
2009-12-23,146863.94700357548
2009-12-24,148217.9514485865
2009-12-28,148991.8762472016
2009-12-29,148379.51995211912
2009-12-30,148830.8777046406
2009-12-31,147477.0728312702
2010-01-04,149637.21173408005
2010-01-05,149637.29382695083
2010-01-06,148734.76302209927
2010-01-07,148831.53090994057
2010-01-08,150056.60881345122
2010-01-11,149444.32828177142
2010-01-12,147574.84374820202
2010-01-13,149412.31066368273
2010-01-14,149541.33182027674
2010-01-15,147800.65587217506
2010-01-19,150186.42554284626
2010-01-20,148026.71625677982
2010-01-21,146640.6852442781
2010-01-22,142353.44444369516
2010-01-25,142837.15750854585
2010-01-26,142966.16172352002
2010-01-27,144094.49091091193
2010-01-28,140387.44412451587
2010-01-29,137937.58551107606
2010-02-01,139452.97286435912
2010-02-02,140710.1734527584
2010-02-03,141483.93680932175
2010-02-04,137390.03815313528
2010-02-05,138550.62276717232
2010-02-08,137551.50520597582
2010-02-09,138970.01705798914
2010-02-10,138679.90136762825
2010-02-11,140775.3884384843
2010-02-12,141065.55863536525
2010-02-16,142871.12041474754
2010-02-17,143677.15820998876
2010-02-18,144579.72938965002
2010-02-19,144515.4442169447
2010-02-22,144225.53077498963
2010-02-23,142355.94356586604
2010-02-24,143806.56695912263
2010-02-25,143774.4351348144
2010-02-26,144290.29711024204
2010-03-01,146385.89535283946
2010-03-02,146837.30991220078
2010-03-03,146998.60061017858
2010-03-04,147482.1701088052
2010-03-05,149706.5591056106
2010-03-08,149996.9732017095
2010-03-09,150835.2772307563
2010-03-10,152060.25539321173
2010-03-11,152640.56170813122
2010-03-12,152672.99826828318
2010-03-15,152286.40506550318
2010-03-16,153253.54360260867
2010-03-17,153672.66947003195
2010-03-18,154188.58508606566
2010-03-19,153256.03685260186
2010-03-22,154643.92204001866
2010-03-23,155708.96146697883
2010-03-24,154966.82775773914
2010-03-25,154741.05132176587
2010-03-26,154902.49022722512
2010-03-29,155644.93797338946
2010-03-30,156161.4112336854
2010-03-31,155419.21818728445
2010-04-01,155419.30345223725
2010-04-05,156871.8244086303
2010-04-06,157323.73563648676
2010-04-07,156936.63217552015
2010-04-08,157291.6826116897
2010-04-09,158227.6463852483
2010-04-12,158356.96568546604
2010-04-13,159163.87314338924
2010-04-14,161067.97467800105
2010-04-15,161777.99444575718
2010-04-16,159841.8269250332
2010-04-19,159745.2280914037
2010-04-20,160552.1535932901
2010-04-21,161455.78597115795
2010-04-22,162359.51862798503
2010-04-23,163037.30212655754
2010-04-26,162682.5600637647
2010-04-27,159229.60431477116
2010-04-28,159326.440584114
2010-04-29,162101.9935951456
2010-04-30,158907.19471139993
2010-05-03,161134.16250991568
2010-05-04,156293.48441088275
2010-05-05,155486.75402025663
2010-05-06,150291.01261588236
2010-05-07,146547.5418210306
2010-05-10,154164.03361592596
2010-05-11,154002.70337138494
2010-05-12,156907.27752710265
2010-05-13,154422.38113274385
2010-05-14,151453.4495137447
2010-05-17,151937.81718122348
2010-05-18,149840.20901298255
2010-05-19,148646.21345622098
2010-05-20,143127.73899769306
2010-05-21,144709.15244441407
2010-05-24,144128.4775071818
2010-05-25,144257.63268965643
2010-05-26,142644.13189123312
2010-05-27,148033.71109482853
2010-05-28,147162.37109329714
2010-06-01,145807.361287361
2010-06-02,149260.49773932132
2010-06-03,150680.60826077758
2010-06-04,145517.09331243238
2010-06-07,142870.9557771949
2010-06-08,142612.837398825
2010-06-09,141418.88085736957
2010-06-10,145453.00531720644
2010-06-11,146840.82228466394
2010-06-14,146808.7945789977
2010-06-15,150746.1106779849
2010-06-16,151359.46833802835
2010-06-17,151843.59290251078
2010-06-18,151969.7327452667
2010-06-21,150676.67780284377
2010-06-22,149512.717188147
2010-06-23,148898.47225212574
2010-06-24,146635.1316074917
2010-06-25,146664.41779339113
2010-06-28,146146.34509388238
2010-06-29,140509.13770219628
2010-06-30,138370.93456794944
2010-07-01,137982.27072994548
2010-07-02,137593.59228096425
2010-07-06,138015.03247207648
2010-07-07,142421.2464813301
2010-07-08,143198.8496548777
2010-07-09,144559.69352672691
2010-07-12,144981.08526802118
2010-07-13,146860.20890089183
2010-07-14,147605.47623307543
2010-07-15,147735.1475796366
2010-07-16,143653.03049509574
2010-07-19,144884.43486401744
2010-07-20,146633.94656689916
2010-07-21,144625.44061440608
2010-07-22,148286.44773737525
2010-07-23,149226.1343063142
2010-07-26,150457.45328302117
2010-07-27,150392.79695386637
2010-07-28,149194.11745099275
2010-07-29,148092.58760151453
2010-07-30,148416.7467267821
2010-08-02,151203.2114297162
2010-08-03,150555.37834023105
2010-08-04,152078.12191782382
2010-08-05,151721.8277311577
2010-08-06,151495.12508593424
2010-08-09,152532.1257729744
2010-08-10,151203.87504697495
2010-08-11,147089.3319344507
2010-08-12,145923.10976813996
2010-08-13,144886.42201302852
2010-08-16,145145.84575950727
2010-08-17,146992.635754527
2010-08-18,147575.9406710371
2010-08-19,145340.47393119714
2010-08-20,145534.92887360978
2010-08-23,144109.6580339226
2010-08-24,141420.62120253974
2010-08-25,142781.4566316164
2010-08-26,141064.40883333175
2010-08-27,142781.61329509268
2010-08-30,141291.4930753159
2010-08-31,140805.57999280814
2010-09-01,145017.52604543115
2010-09-02,146637.4861992736
2010-09-03,149067.4952598777
2010-09-07,148063.5098282468
2010-09-08,149845.4698335398
2010-09-09,150428.7975394252
2010-09-10,150979.64216993644
2010-09-13,153085.86020228418
2010-09-14,153733.931898125
2010-09-15,154705.99124571274
2010-09-16,155321.70838474686
2010-09-17,155847.86158512047
2010-09-20,158576.09844641894
2010-09-21,158543.5596807325
2010-09-22,158121.49743105425
2010-09-23,158056.61628442278
2010-09-24,161271.84952055162
2010-09-27,160395.15993444427
2010-09-28,160330.37915314198
2010-09-29,160070.70816206132
2010-09-30,159356.33080684216
2010-10-01,159161.5278792554
2010-10-04,157440.61254772486
2010-10-05,161272.82275680712
2010-10-06,159876.375252797
2010-10-07,160461.03664835077
2010-10-08,161565.2900774438
2010-10-11,161630.496152999
2010-10-12,162734.78101726598
2010-10-13,164066.4146615565
2010-10-14,163741.66145757373
2010-10-15,167216.72445514906
2010-10-18,166599.92387593593
2010-10-19,165041.2175063656
2010-10-20,166242.8772606292
2010-10-21,166567.74199723144
2010-10-22,167704.46335034815
2010-10-25,168516.6253319384
2010-10-26,168971.37360586124
2010-10-27,169491.13404081264
2010-10-28,169848.4154504544
2010-10-29,169458.76449517225
2010-11-01,169588.96777986875
2010-11-02,171407.73365316467
2010-11-03,172187.2471731147
2010-11-04,174298.27942901172
2010-11-05,174298.3750512568
2010-11-08,174526.01272962158
2010-11-09,173584.2341334833
2010-11-10,174461.2488046052
2010-11-11,173357.17270763678
2010-11-12,170531.78198828446
2010-11-15,169882.59179327378
2010-11-16,167089.7204333759
2010-11-17,167576.9583391908
2010-11-18,170272.5914341939
2010-11-19,170402.55377148115
2010-11-22,171831.72100597894
2010-11-23,169103.86680030735
2010-11-24,172513.96796504108
2010-11-26,171377.5054547091
2010-11-29,171247.9178784134
2010-11-30,169169.48652685122
2010-12-01,172741.96996397452
2010-12-02,174495.75455358028
2010-12-03,174950.5297718456
2010-12-06,174885.93229480556
2010-12-07,174983.4415332677
2010-12-08,175633.05914655232
2010-12-09,175795.55372610735
2010-12-10,176964.7392912047
2010-12-13,176348.03509769478
2010-12-14,176672.88662816214
2010-12-15,175893.53192449914
2010-12-16,177257.71917062523
2010-12-17,177414.00197769003
2010-12-20,177544.42044950588
2010-12-21,178618.31367473377
2010-12-22,178585.95448768153
2010-12-23,178130.460092006
2010-12-27,178228.421398071
2010-12-28,177903.09516221774
2010-12-29,178293.71597930187
2010-12-30,177870.79048260496
2010-12-31,177220.08152283632
2011-01-03,179986.40130903866
2011-01-04,179856.3299462802
2011-01-05,181385.88563958407
2011-01-06,181971.70871016284
2011-01-07,181809.0530845116
2011-01-10,182492.76180270873
2011-01-11,182753.20313149248
2011-01-12,184054.9817890702
2011-01-13,184120.19651011724
2011-01-14,185486.97763968044
2011-01-18,186008.05491745973
2011-01-19,183892.9746435306
2011-01-20,182591.39141974362
2011-01-21,181192.17827806735
2011-01-24,183698.12247078854
2011-01-25,183958.6232048053
2011-01-26,184934.98332968494
2011-01-27,186074.04502479537
2011-01-28,181355.5888838667
2011-01-31,182234.49184915496
2011-02-01,185651.53865493857
2011-02-02,185358.73892228308
2011-02-03,185684.27123239994
2011-02-04,186725.72328399585
2011-02-07,187604.62427556483
2011-02-08,188841.33857346905
2011-02-09,188516.01048304347
2011-02-10,188809.00258805783
2011-02-11,190175.93495994323
2011-02-14,190631.83939005
2011-02-15,190371.56939066123
2011-02-16,191608.30482018838
2011-02-17,191543.29494249178
2011-02-18,191120.32255188384
2011-02-22,185588.6049170811
2011-02-23,184059.22278238327
2011-02-24,185035.5417493165
2011-02-25,187606.47688514463
2011-02-28,187997.307755239
2011-03-01,184970.99063444094
2011-03-02,185947.32750135424
2011-03-03,189624.80944986193
2011-03-04,188648.56352867765
2011-03-07,186110.59829302962
2011-03-08,186859.1334404236
2011-03-09,185590.13216685684
2011-03-10,182693.87422487
2011-03-11,183833.0324914788
2011-03-14,183182.47407167687
2011-03-15,180579.15759512456
2011-03-16,176218.54431854544
2011-03-17,177845.80321395447
2011-03-18,177445.03286783973
2011-03-21,180867.10002303985
2011-03-22,180541.32045534404
2011-03-23,181551.71383126546
2011-03-24,184778.0893815143
2011-03-25,185234.41614052665
2011-03-28,184224.43809314666
2011-03-29,186016.95743554985
2011-03-30,186896.98290718222
2011-03-31,187157.750040925
2011-04-01,187255.62682311324
2011-04-04,186636.80203304326
2011-04-05,186148.01863954237
2011-04-06,186604.37752691135
2011-04-07,186474.14710007867
2011-04-08,185594.33582380612
2011-04-11,184975.47754849296
2011-04-12,183704.59311202078
2011-04-13,185268.87707428887
2011-04-14,184943.10999618008
2011-04-15,184617.37093401037
2011-04-18,183314.14030123784
2011-04-19,184454.79870139493
2011-04-20,188626.33115023357
2011-04-21,190125.54999095786
2011-04-25,190614.81580108334
2011-04-26,191690.3935345244
2011-04-27,192993.99705733298
2011-04-28,192700.86139709284
2011-04-29,192537.9888544443
2011-05-02,192179.8182366267
2011-05-03,191267.4959317576
2011-05-04,190974.21649042724
2011-05-05,189931.45841246322
2011-05-06,190550.81995833098
2011-05-09,191268.12552325497
2011-05-10,192897.65403883578
2011-05-11,191496.41849586743
2011-05-12,192637.16671131348
2011-05-13,190355.92807905294
2011-05-16,187064.81022321386
2011-05-17,187586.29805215384
2011-05-18,189150.68511370066
2011-05-19,189704.77634365432
2011-05-20,188270.93042739012
2011-05-23,185501.09829688317
2011-05-24,184360.59195883726
2011-05-25,185077.63459588715
2011-05-26,186218.37386369988
2011-05-27,187163.60272630508
2011-05-31,190194.8976713493
2011-06-01,186056.1474945287
2011-06-02,186447.25998092175
2011-06-03,183644.62997830007
2011-06-06,182145.79322455733
2011-06-07,181819.98640479677
2011-06-08,180516.48682363008
2011-06-09,180842.4787749615
2011-06-10,178072.38026364072
2011-06-13,178072.67334209537
2011-06-14,180354.11283964082
2011-06-15,176932.30360384422
2011-06-16,176248.02433449813
2011-06-17,175696.0684004825
2011-06-20,176610.93741736258
2011-06-21,180399.96343384215
2011-06-22,179093.54467564574
2011-06-23,180759.45359091312
2011-06-24,177623.88407074698
2011-06-27,180465.90389004647
2011-06-28,183144.39362601415
2011-06-29,183895.7400690335
2011-06-30,186345.6487047732
2011-07-01,189154.83963574807
2011-07-05,190102.43044068076
2011-07-06,190723.17479050087
2011-07-07,193336.35057006843
2011-07-08,192813.85063326717
2011-07-11,189319.13171421204
2011-07-12,187882.06591346642
2011-07-13,188666.0092065732
2011-07-14,186477.7744452704
2011-07-15,188960.22223710365
2011-07-18,187947.97500142004
2011-07-19,192227.0292596585
2011-07-20,191410.56100832915
2011-07-21,192684.57334668253
2011-07-22,194677.19713814463
2011-07-25,194285.53101221964
2011-07-26,194775.63167571064
2011-07-27,189745.4543467114
2011-07-28,190072.1694982877
2011-07-29,189451.71101093857
2011-08-01,188570.05327802873
2011-08-02,183801.2193224086
2011-08-03,185565.19023547843
2011-08-04,176941.89568643871
2011-08-05,175831.4450359373
2011-08-08,165248.48493134824
2011-08-09,173218.6556847683
2011-08-10,166130.5975779967
2011-08-11,173447.49368301657
2011-08-12,174982.819561318
2011-08-15,177563.56041393426
2011-08-16,176061.12632594223
2011-08-17,175015.95959588807
2011-08-18,166425.33821564756
2011-08-19,163420.2906311341
2011-08-22,164008.55552043606
2011-08-23,170770.09159605813
2011-08-24,172109.46508946602
2011-08-25,169300.41442515203
2011-08-26,173546.930015424
2011-08-29,178381.5867773643
2011-08-30,179557.63908938816
2011-08-31,179851.63769698003
2011-09-01,178218.5504198854
2011-09-02,174037.60077797226
2011-09-06,174070.65728649576
2011-09-07,178480.43461710965
2011-09-08,177663.95061264266
2011-09-09,173711.52268318136
2011-09-12,175933.0780257385
2011-09-13,178285.08732029426
2011-09-14,180832.97734876355
2011-09-15,183511.71106229885
2011-09-16,185193.83174391423
2011-09-19,185259.57131938738
2011-09-20,184441.53917194117
2011-09-21,181234.53827882643
2011-09-22,175344.00841466733
2011-09-23,177209.5247812444
2011-09-26,179271.4880110515
2011-09-27,181136.96806186478
2011-09-28,178453.54733841578
2011-09-29,176326.43582427947
2011-09-30,171777.6956870885
2011-10-03,167359.96204027045
2011-10-04,170796.30172712242
2011-10-05,175181.656401427
2011-10-06,178127.04011771272
2011-10-07,176949.05903937863
2011-10-10,183069.07627469578
2011-10-11,184312.8071659443
2011-10-12,185229.19115475315
2011-10-13,186931.04500099775
2011-10-14,190400.1463015262
2011-10-17,187455.06915705345
2011-10-18,189778.76779128032
2011-10-19,186113.5277068435
2011-10-20,185197.28616441114
2011-10-21,187520.97319606564
2011-10-24,191415.69057004852
2011-10-25,187652.28521559198
2011-10-26,187423.30504532496
2011-10-27,192594.11152501014
2011-10-28,192888.72254268904
2011-10-31,189649.2061584121
2011-11-01,184707.60529328915
2011-11-02,186278.5480608071
2011-11-03,190140.4472994051
2011-11-04,189158.72143290375
2011-11-07,190500.7654977276
2011-11-08,192693.56267713502
2011-11-09,185919.3337096826
2011-11-10,185821.26655454625
2011-11-11,189323.0395554426
2011-11-14,188145.2336012194
2011-11-15,190239.84011004932
2011-11-16,187098.2232904516
2011-11-17,182712.89056861534
2011-11-18,181305.75628633806
2011-11-21,177837.0545608416
2011-11-22,178426.25604986734
2011-11-23,174400.95012277563
2011-11-25,173059.3103594583
2011-11-28,179081.4007142833
2011-11-29,177968.75228728808
2011-11-30,184546.96475695164
2011-12-01,185823.40738822977
2011-12-02,185299.81123179224
2011-12-05,187329.17655938093
2011-12-06,186805.6793996222
2011-12-07,186805.7818835854
2011-12-08,183664.08269517793
2011-12-09,186609.61704514187
2011-12-12,184515.4040479964
2011-12-13,182486.39345037285
2011-12-14,179639.2370682777
2011-12-15,179148.43786555968
2011-12-16,180070.92442740055
2011-12-19,178298.71817272424
2011-12-20,183583.45165944757
2011-12-21,180957.65646885967
2011-12-22,182500.47575687012
2011-12-23,184076.10096306313
2011-12-27,184763.13914992302
2011-12-28,182627.82430565447
2011-12-29,183941.98493399206
2011-12-30,183416.42165551943
2012-01-03,186932.0905438118
2012-01-04,187720.67735831634
2012-01-05,189264.84595094918
2012-01-06,189921.9616027063
2012-01-09,189298.12257027184
2012-01-10,190678.08906233576
2012-01-11,191072.37346563317
2012-01-12,191828.104671443
2012-01-13,191138.32002142599
2012-01-17,192879.9128778728
2012-01-18,195442.55901691946
2012-01-19,196658.2709252223
2012-01-20,196362.66801686876
2012-01-23,196428.7284651168
2012-01-24,196067.44423463143
2012-01-25,198531.5314270665
2012-01-26,197841.71715646086
2012-01-27,198433.19280550932
2012-01-30,198597.77096468784
2012-01-31,198860.71662784615
2012-02-01,200470.63760626086
2012-02-02,201094.94998545
2012-02-03,203854.73679279885
2012-02-06,203690.834293008
2012-02-07,204118.05023968415
2012-02-08,205202.26199041557
2012-02-09,206680.84545463038
2012-02-10,205235.37738523397
2012-02-13,207141.2381505532
2012-02-14,207667.0576263427
2012-02-15,206221.60032176803
2012-02-16,209047.04843236832
2012-02-17,208390.03683690066
2012-02-21,208981.95449522894
2012-02-22,208029.28166689034
2012-02-23,209409.23498729846
2012-02-24,210132.13196272324
2012-02-27,210428.15220118963
2012-02-28,212563.799055242
2012-02-29,211611.16710058812
2012-03-01,213286.78837729458
2012-03-02,213122.63674623973
2012-03-05,210921.73866863304
2012-03-06,208852.11034612812
2012-03-07,210462.03933842308
2012-03-08,212729.0468315499
2012-03-09,213616.30558906848
2012-03-12,213715.20186639158
2012-03-13,217690.62439613862
2012-03-14,218446.38171803617
2012-03-15,219070.73253113753
2012-03-16,218916.18898977753
2012-03-19,220463.28842497314
2012-03-20,220858.34193739604
2012-03-21,220891.36825585444
2012-03-22,220430.83123748566
2012-03-23,220299.34560251108
2012-03-26,224150.10405468484
2012-03-27,224479.30801597165
2012-03-28,223590.77579003456
2012-03-29,222735.33234894116
2012-03-30,222307.64287788342
2012-04-02,224611.72516560447
2012-04-03,224546.05180501204
2012-04-04,221485.39051320314
2012-04-05,222867.86617051275
2012-04-09,221189.919548033
2012-04-10,217635.6494430773
2012-04-11,218688.94451411345
2012-04-12,221190.28359101206
2012-04-13,217833.61131876244
2012-04-16,215398.5139231641
2012-04-17,219775.72076936028
2012-04-18,219216.36001352477
2012-04-19,216748.2140062865
2012-04-20,216155.93109169716
2012-04-23,214181.65814695554
2012-04-24,213029.93192401726
2012-04-25,218690.62417747444
2012-04-26,219974.2123540966
2012-04-27,221290.79289770668
2012-04-30,219711.41969874635
2012-05-01,220073.66114394128
2012-05-02,220699.05094642646
2012-05-03,218362.46794181768
2012-05-04,212932.31184630137
2012-05-07,213130.1408752187
2012-05-08,212340.39982021754
2012-05-09,211682.29623774788
2012-05-10,211254.61945945158
2012-05-11,211221.82928296615
2012-05-14,209247.53965772194
2012-05-15,208556.49768656248
2012-05-16,207141.39164721174
2012-05-17,202764.37295103085
2012-05-18,200131.5908898072
2012-05-21,205726.76389135933
2012-05-22,205496.53285147954
2012-05-23,205891.54945016478
2012-05-24,204542.3051132594
2012-05-25,204279.16671827604
2012-05-29,206879.5610303692
2012-05-30,205135.39322669958
2012-05-31,204246.8759458372
2012-06-01,198816.69964006208
2012-06-04,200330.92482855695
2012-06-05,201153.82556148982
2012-06-06,205761.5046505111
2012-06-07,204938.8541822021
2012-06-08,206913.63095956115
2012-06-11,203425.38593872625
2012-06-12,205893.8085562069
2012-06-13,204478.8070267193
2012-06-14,205235.81558309533
2012-06-15,207785.85018257456
2012-06-18,209732.48721430948
2012-06-19,211909.74248875957
2012-06-20,212074.77585510176
2012-06-21,206796.9174238304
2012-06-22,208974.18886110734
2012-06-25,204950.11573601974
2012-06-26,206236.69087323325
2012-06-27,207490.3888803829
2012-06-28,205181.36923650003
2012-06-29,211646.9824539564
2012-07-02,212274.02561046105
2012-07-03,214055.5348467114
2012-07-05,214187.6817833085
2012-07-06,211515.8547186604
2012-07-09,211120.2954804051
2012-07-10,209042.25128303858
2012-07-11,207887.7484233101
2012-07-12,205941.5843677697
2012-07-13,209075.5734949935
2012-07-16,208482.12523159795
2012-07-17,209570.84772106196
2012-07-18,212407.9012599146
2012-07-19,214750.04261687305
2012-07-20,211913.34646589882
2012-07-23,209340.58982796065
2012-07-24,207691.360909708
2012-07-25,206305.9714056778
2012-07-26,209044.08622224227
2012-07-27,213992.33967817618
2012-07-30,213827.771146063
2012-07-31,213761.91728880323
2012-08-01,213135.24428473177
2012-08-02,212376.65649728355
2012-08-03,216401.26198922747
2012-08-06,218051.07301222257
2012-08-07,219865.52728558786
2012-08-08,219766.62686638624
2012-08-09,220426.6326349665
2012-08-10,220558.65404800363
2012-08-13,221086.7901431457
2012-08-14,221186.00375286367
2012-08-15,221746.89171816513
2012-08-16,224385.92574166053
2012-08-17,225375.767465371
2012-08-20,225706.08298961635
2012-08-21,224815.46519494077
2012-08-22,225739.2385730455
2012-08-23,223892.08970117438
2012-08-24,225277.6536371629
2012-08-27,225640.8357183797
2012-08-28,225640.95950780183
2012-08-29,225641.0832972919
2012-08-30,223365.07216504856
2012-08-31,224849.70599401326
2012-09-04,224619.2746157708
2012-09-05,224388.38777374462
2012-09-06,229369.8962027839
2012-09-07,229040.14514122886
2012-09-10,226104.4908508068
2012-09-11,225741.7154540984
2012-09-12,226401.65166512268
2012-09-13,229469.71490231325
2012-09-14,231515.2102852948
2012-09-17,231614.47262751788
2012-09-18,231812.56108453468
2012-09-19,232241.60484097965
2012-09-20,232010.79123360856
2012-09-21,232077.00509202862
2012-09-24,230721.07034451215
2012-09-25,227479.01680988286
2012-09-26,225626.44191497588
2012-09-27,228736.4196818879
2012-09-28,226850.77874361488
2012-10-01,226520.33426504632
2012-10-02,227182.1371494433
2012-10-03,228637.94985413132
2012-10-04,229431.97129038212
2012-10-05,228208.1167205895
2012-10-08,226124.26948852726
2012-10-09,222518.27595800158
2012-10-10,221393.5096552672
2012-10-11,220698.91268076585
2012-10-12,220599.79632312237
2012-10-15,222221.21047356018
2012-10-16,225364.28381536
2012-10-17,225232.11889096998
2012-10-18,222618.61241005105
2012-10-19,217292.23376450938
2012-10-22,218417.48717716473
2012-10-23,216333.40959953069
2012-10-24,215572.5184486015
2012-10-25,215572.6367144172
2012-10-26,216201.33452344118
2012-10-31,214878.69120979792
2012-11-01,217922.46444025252
2012-11-02,215606.63398740682
2012-11-05,217029.60949322296
2012-11-06,217426.81146665988
2012-11-07,212298.93730082407
2012-11-08,208957.5139164413
2012-11-09,209850.9352987143
2012-11-12,209818.1442068469
2012-11-13,208362.5668851597
2012-11-14,205914.49630278253
2012-11-15,205219.87749657704
2012-11-16,206113.2576851767
2012-11-19,211010.03689596377
2012-11-20,211076.3407473931
2012-11-21,211506.4664896076
2012-11-23,214715.84694341896
2012-11-26,215642.63794393154
2012-11-27,214914.86896431225
2012-11-28,216767.73640598278
2012-11-29,218058.1462626535
2012-11-30,217694.3145554973
2012-12-03,217264.5465403204
2012-12-04,217132.33111451782
2012-12-05,214717.26049770223
2012-12-06,216106.985571801
2012-12-07,214816.77914991122
2012-12-10,215445.75614801393
2012-12-11,218258.0632255198
2012-12-12,217794.98847507712
2012-12-13,216074.66425867323
2012-12-14,214023.60622582395
2012-12-17,216869.20857235751
2012-12-18,220177.78941440565
2012-12-19,219218.46567360358
2012-12-20,219218.58593963212
2012-12-21,216913.1388928215
2012-12-24,216481.00884154762
2012-12-26,214584.90030993294
2012-12-27,214252.42465209853
2012-12-28,212189.82631286196
2012-12-31,216681.43071932238
2013-01-02,223568.45746156015
2013-01-03,222404.22916658423
2013-01-04,221672.26219349095
2013-01-07,221739.2142280137
2013-01-08,221306.81687925878
2013-01-09,222138.6831255769
2013-01-10,223469.57191411
2013-01-11,223769.13887602038
2013-01-14,222771.40494794937
2013-01-15,221673.59993149695
2013-01-16,222572.08548307364
2013-01-17,223636.81386034138
2013-01-18,223137.87015544245
2013-01-22,223504.3795455287
2013-01-23,224868.48731478615
2013-01-24,221774.56198670028
2013-01-25,222905.82568699637
2013-01-28,223405.2758787265
2013-01-29,223438.55052421207
2013-01-30,222972.99678671808
2013-01-31,222474.1059256319
2013-02-01,225102.58503768896
2013-02-04,221177.04630486664
2013-02-05,224437.56543245295
2013-02-06,223705.77081527823
2013-02-07,223905.47403900643
2013-02-08,226201.22088314337
2013-02-11,226268.13907443278
2013-02-12,225336.7052412242
2013-02-13,226135.36635424016
2013-02-14,226068.97278881015
2013-02-15,225403.65053958888
2013-02-19,227034.3920715837
2013-02-20,223541.1731101365
2013-02-21,221145.80049015593
2013-02-22,223375.11649399906
2013-02-25,220613.94287513717
2013-02-26,221445.9157964995
2013-02-27,223708.34811365872
2013-02-28,223242.70196302186
2013-03-01,224174.3201314219
2013-03-04,225172.93167027828
2013-03-05,228499.9788171554
2013-03-06,227934.64847671744
2013-03-07,228533.51001760052
2013-03-08,228799.87941530702
2013-03-11,229465.61167342105
2013-03-12,228633.9928194261
2013-03-13,228334.69225038067
2013-03-14,229100.0019476068
2013-03-15,228463.25416250457
2013-03-18,227963.29871451113
2013-03-19,227529.97986942518
2013-03-20,229130.70162511323
2013-03-21,226529.77783400376
2013-03-22,228730.80336167745
2013-03-25,227897.54157350364
2013-03-26,229131.45585018856
2013-03-27,229431.73366019063
2013-03-28,229998.7838561409
2013-04-01,228432.0046281244
2013-04-02,230232.86401034848
2013-04-03,228132.11620363907
2013-04-04,228198.90269734125
2013-04-05,226298.1781689418
2013-04-08,227499.13856096266
2013-04-09,229033.2447263114
2013-04-10,233502.0222416694
2013-04-11,233402.02312596227
2013-04-12,233235.41903989876
2013-04-15,228633.73015112267
2013-04-16,231668.69078666007
2013-04-17,227133.41608220385
2013-04-18,223998.77324804352
2013-04-19,227067.0885673447
2013-04-22,229401.71076395686
2013-04-23,231602.84746804295
2013-04-24,231502.8891737522
2013-04-25,232736.91088962505
2013-04-26,232003.34342658488
2013-04-29,234137.92499363766
2013-04-30,235838.9849492086
2013-05-01,234738.49763375198
2013-05-02,237706.6839707995
2013-05-03,240508.1395102651
2013-05-06,241442.29300485936
2013-05-07,241308.98683373976
2013-05-08,242476.26080041
2013-05-09,242142.98139010716
2013-05-10,243610.31709774316
2013-05-13,243910.92046400273
2013-05-14,245178.2861526996
2013-05-15,245678.79642817075
2013-05-16,245411.99586351909
2013-05-17,247780.03340010438
2013-05-20,247413.47526175118
2013-05-21,247680.40514841184
2013-05-22,245512.8905734002
2013-05-23,244946.1402914175
2013-05-24,244812.80641262032
2013-05-28,246414.0295486039
2013-05-29,245247.09486290882
2013-05-30,246547.79700460267
2013-05-31,244280.3256468926
2013-06-03,244714.1187102808
2013-06-04,243447.00648778406
2013-06-05,240278.96534719944
2013-06-06,241446.3992460083
2013-06-07,244747.95208080535
2013-06-10,244848.47121746023
2013-06-11,242414.16246417383
2013-06-12,239612.908850733
2013-06-13,242647.9011138057
2013-06-14,241047.2482416333
2013-06-17,243382.20644119615
2013-06-18,245383.22749433442
2013-06-19,242648.6998331837
2013-06-20,236879.3392871763
2013-06-21,235621.6350527301
2013-06-24,233280.17142311583
2013-06-25,234986.50617498538
2013-06-26,237094.23414098588
2013-06-27,238098.04891748304
2013-06-28,238432.651403601
2013-07-01,239905.0290114892
2013-07-02,240005.50524397966
2013-07-03,240975.90035228434
2013-07-05,242816.2070498164
2013-07-08,243050.73543579812
2013-07-09,244522.94558149032
2013-07-10,245928.19440279095
2013-07-11,250812.70930787953
2013-07-12,251917.01277594344
2013-07-15,252486.23072508705
2013-07-16,252151.63860055184
2013-07-17,252787.43054432663
2013-07-18,252151.91526779693
2013-07-19,249542.61503213077
2013-07-22,250278.97003878953
2013-07-23,248439.1036545716
2013-07-24,249242.14851259984
2013-07-25,250814.6357011832
2013-07-26,252153.02193981287
2013-07-29,251684.97534391953
2013-07-30,253023.56370201695
2013-07-31,253491.937535254
2013-08-01,256068.15126283435
2013-08-02,257506.97700654375
2013-08-05,257674.6544325349
2013-08-06,256135.8176063336
2013-08-07,255667.52260008798
2013-08-08,256939.04220022864
2013-08-09,255902.02114484154
2013-08-12,256504.66549952907
2013-08-13,257943.32984472316
2013-08-14,256973.18556065834
2013-08-15,252624.16944919384
2013-08-16,252524.0177206315
2013-08-19,252089.40596263213
2013-08-20,253193.67698238336
2013-08-21,252323.93051013772
2013-08-22,254799.93939785106
2013-08-23,256506.21344258855
2013-08-26,256640.47978246235
2013-08-27,251387.96490977827
2013-08-28,252358.42445874627
2013-08-29,254131.6391696783
2013-08-30,252492.60259245883
2013-09-03,253931.554937037
2013-09-04,256641.74695122085
2013-09-05,257076.83401612844
2013-09-06,257378.04819160857
2013-09-09,260389.54879356633
2013-09-10,261661.00884043978
2013-09-11,261159.29621144355
2013-09-12,260992.26755039455
2013-09-13,261159.58276212157
2013-09-16,260457.4006552092
2013-09-17,262197.36845829256
2013-09-18,265342.3648686038
2013-09-19,265978.2147551927
2013-09-20,265065.5678052194
2013-09-23,264529.0294584403
2013-09-24,264529.1745824184
2013-09-25,263623.3089112749
2013-09-26,265670.4383821052
2013-09-27,265335.0452380047
2013-09-30,264697.9569883754
2013-10-01,267382.5327995726
2013-10-02,267282.1310944689
2013-10-03,264161.30154073506
2013-10-04,266443.40358121664
2013-10-07,264229.1029273445
2013-10-08,259128.7136523437
2013-10-09,258323.2165149803
2013-10-10,263793.22058200755
2013-10-11,265874.03468870017
2013-10-14,267753.59276997484
2013-10-15,266713.6723696533
2013-10-16,269733.84215697745
2013-10-17,271277.5995363408
2013-10-18,275673.75594651
2013-10-21,276278.2443986564
2013-10-22,276681.1333273136
2013-10-23,275003.33961373847
2013-10-24,276211.59033524676
2013-10-25,278191.5085306495
2013-10-28,278259.16047283163
2013-10-29,278729.21776762384
2013-10-30,278460.8779310126
2013-10-31,277823.4097435888
2013-11-01,277890.67122846463
2013-11-04,278293.84043499985
2013-11-05,278595.87102470646
2013-11-06,278529.0565544565
2013-11-07,273294.2874366528
2013-11-08,276985.76252109313
2013-11-11,276549.95028745715
2013-11-12,276986.37035319215
2013-11-13,280342.2816544076
2013-11-14,281214.8311642966
2013-11-15,281751.8621052807
2013-11-18,279000.7432326735
2013-11-19,278195.3240404496
2013-11-20,277524.4641570439
2013-11-21,280343.5120513994
2013-11-22,281853.63726470195
2013-11-25,282525.3709906444
2013-11-26,284002.05927385174
2013-11-27,285982.1595273233
2013-11-29,287693.951151455
2013-12-02,286855.43348614185
2013-12-03,286620.73338755785
2013-12-04,286889.3601493694
2013-12-05,286520.3540078913
2013-12-06,288601.0173991072
2013-12-09,289776.2378271804
2013-12-10,289574.9801265665
2013-12-11,285850.13496302883
2013-12-12,285111.93349483906
2013-12-13,284743.00992377027
2013-12-16,286320.72252703866
2013-12-17,285750.32458287483
2013-12-18,289072.89167251927
2013-12-19,288267.49313616165
2013-12-20,291203.4112464362
2013-12-23,294267.37625756575
2013-12-24,294402.18556522497
2013-12-26,295378.7705858753
2013-12-27,294638.38233130606
2013-12-30,294201.1395918035
2013-12-31,296120.1611465232
2014-01-02,293797.6498095711
2014-01-03,291676.90379670914
2014-01-06,290600.1080498017
2014-01-07,293293.5294269284
2014-01-08,293933.32265245554
2014-01-09,292957.18602569244
2014-01-10,293899.97578522214
2014-01-13,289557.5283694145
2014-01-14,295078.9096198329
2014-01-15,297502.98950840137
2014-01-16,297536.73704421235
2014-01-17,295853.65200396563
2014-01-21,298109.93609443697
2014-01-22,298884.35849694145
2014-01-23,297874.63263694686
2014-01-24,292016.9037773834
2014-01-27,289189.35734034877
2014-01-28,289021.28099599184
2014-01-29,285924.1367368895
2014-01-30,291209.96139146725
2014-01-31,290435.7733063619
2014-02-03,283770.3647383064
2014-02-04,285857.82339563454
2014-02-05,285117.47044541885
2014-02-06,288753.2638602674
2014-02-07,293904.49046169996
2014-02-10,295588.3013958004
2014-02-11,298955.0630565404
2014-02-12,299527.4465254776
2014-02-13,301749.6609383461
2014-02-14,302355.8017619066
2014-02-18,303837.6657186145
2014-02-19,301750.6542018378
2014-02-20,303164.76672001934
2014-02-21,302761.00474807125
2014-02-24,304377.3608196535
2014-02-25,304040.9106930332
2014-02-26,303771.65874156234
2014-02-27,305742.8986091189
2014-02-28,305404.91562930995
2014-03-03,303140.3640420447
2014-03-04,306994.4803397338
2014-03-05,307839.8433312155
2014-03-06,307569.5418559762
2014-03-07,306048.40979831317
2014-03-10,306319.2992884931
2014-03-11,305001.03782547277
2014-03-12,306150.6582845771
2014-03-13,301823.539372349
2014-03-14,299761.59717582376
2014-03-17,302398.9866322145
2014-03-18,306050.2567257791
2014-03-19,304394.0054301515
2014-03-20,305239.2036097016
2014-03-21,301566.37208957283
2014-03-24,298923.9150921423
2014-03-25,299906.6913676804
2014-03-26,296044.2003862588
2014-03-27,294383.9617027085
2014-03-28,294960.3311076051
2014-03-31,297061.4407791812
2014-04-01,302279.76600092737
2014-04-02,303059.30228868505
2014-04-03,300653.6450111704
2014-04-04,292657.1911891471
2014-04-07,289879.2203567722
2014-04-08,292556.195811026
2014-04-09,297571.12419877603
2014-04-10,288354.9046487167
2014-04-11,285000.50548172044
2014-04-14,287237.2646306667
2014-04-15,288186.2611201195
2014-04-16,292015.24935283983
2014-04-17,292083.3480976479
2014-04-21,294252.51938564883
2014-04-22,296590.67587748944
2014-04-23,293981.74017073726
2014-04-24,296794.3350708358
2014-04-25,292050.70319124655
2014-04-28,292999.85919000243
2014-04-29,295338.13753608166
2014-04-30,296117.65359695896
2014-05-01,296998.78100520914
2014-05-02,296456.8790665372
2014-05-05,298015.9089868416
2014-05-06,294153.3584748143
2014-05-07,293306.2519273518
2014-05-08,293035.33692245535
2014-05-09,294119.9439002817
2014-05-12,298965.96319996443
2014-05-13,299169.2927568013
2014-05-14,297610.7652347337
2014-05-15,295272.9039453784
2014-05-16,297204.4761216716
2014-05-19,299271.9741952025
2014-05-20,298187.77079344145
2014-05-21,301034.3085873575
2014-05-22,302355.99317657866
2014-05-23,304558.7115852808
2014-05-27,308354.53909571137
2014-05-28,307405.9321452852
2014-05-29,309371.36704586167
2014-05-30,309405.4642562396
2014-06-02,309101.05148603505
2014-06-03,308965.652779997
2014-06-04,310117.9119925159
2014-06-05,312727.24209752947
2014-06-06,314523.3627691487
2014-06-09,314286.6422459611
2014-06-10,314828.9479243919
2014-06-11,314761.3504003421
2014-06-12,311915.19969784183
2014-06-13,312830.2275184029
2014-06-16,313101.85249442933
2014-06-17,313271.43623602955
2014-06-18,315033.81153960904
2014-06-19,314830.5024001606
2014-06-20,315201.04260555765
2014-06-23,315269.5591976591
2014-06-24,314963.8127708355
2014-06-25,316968.7736526176
2014-06-26,317138.78622646036
2014-06-27,318531.93911041593
2014-06-30,319076.07893549604
2014-07-01,322575.9852199059
2014-07-02,323119.835141895
2014-07-03,325158.5670647987
2014-07-07,324173.9434339644
2014-07-08,320266.7270172158
2014-07-09,322645.28582834767
2014-07-10,321626.19578960113
2014-07-11,323698.86410718993
2014-07-14,325636.0936763538
2014-07-15,324515.0187144543
2014-07-16,325806.3766927064
2014-07-17,321491.4902784422
2014-07-18,326588.16621012246
2014-07-21,326181.0512268336
2014-07-22,328253.8765103896
2014-07-23,330360.60416660603
2014-07-24,329987.0607499431
2014-07-25,328696.05546459346
2014-07-28,328798.49576437316
2014-07-29,328221.0949314531
2014-07-30,329512.4364677973
2014-07-31,322853.03576901124
2014-08-01,321664.0347226691
2014-08-04,323873.0536725937
2014-08-05,321392.8564638237
2014-08-06,321155.2476041657
2014-08-07,320136.08430617873
2014-08-08,322446.68265229976
2014-08-11,324350.0110665902
2014-08-12,324214.2748117678
2014-08-13,327646.09639714874
2014-08-14,329345.27645988326
2014-08-15,330942.4444920197
2014-08-18,333491.3248757567
2014-08-19,335360.21455572924
2014-08-20,335360.39853859314
2014-08-21,336040.1284712085
2014-08-22,336550.07194270863
2014-08-25,337739.7912826257
2014-08-26,338079.6936926571
2014-08-27,338147.9361994262
2014-08-28,337774.2763084606
2014-08-29,339031.7151572423
2014-09-02,340017.6567788925
2014-09-03,338013.40412758396
2014-09-04,337707.6580942364
2014-09-05,339406.7506121273
2014-09-08,340052.87573034246
2014-09-09,337232.8916470809
2014-09-10,340019.14908572397
2014-09-11,339747.5311487704
2014-09-12,338015.0730771824
2014-09-15,334753.45745688665
2014-09-16,337675.8950493536
2014-09-17,338185.67633198696
2014-09-18,340734.41126817965
2014-09-19,340523.3830767166
2014-09-22,337356.4780795679
2014-09-23,336437.04202293686
2014-09-24,340047.3711456647
2014-09-25,332895.1523971243
2014-09-26,336437.5957441159
2014-09-29,335995.35904962063
2014-09-30,336472.26381524565
2014-10-01,331091.06959909905
2014-10-02,331091.2512398559
2014-10-03,334361.2180082762
2014-10-06,333646.45816201344
2014-10-07,328912.496662416
2014-10-08,335315.8073824157
2014-10-09,329900.54539807164
2014-10-10,321658.2160895329
2014-10-13,316617.9942977017
2014-10-14,316652.2967870994
2014-10-15,314608.8307004463
2014-10-16,312633.50645049097
2014-10-17,316754.9205467281
2014-10-20,321489.7905410129
2014-10-21,329936.7326021091
2014-10-22,328233.9022911284
2014-10-23,333172.6730906501
2014-10-24,335897.7791892342
2014-10-27,336136.752557851
2014-10-28,341211.8019014127
2014-10-29,339951.7405467001
2014-10-30,340667.2750114241
2014-10-31,345367.65324890096
2014-11-03,346389.9954353287
2014-11-04,345232.20674430026
2014-11-05,345266.46855638106
2014-11-06,346356.5214991498
2014-11-07,346050.20142695366
2014-11-10,347276.9269138257
2014-11-11,348366.98394912534
2014-11-12,348980.22531855636
2014-11-13,350479.1836322304
2014-11-14,351569.35779334523
2014-11-17,350513.9969859147
2014-11-18,353136.960396519
2014-11-19,351536.2211025205
2014-11-20,353103.21838592004
2014-11-21,353784.6108054582
2014-11-24,356544.06514154194
2014-11-25,357089.1697949505
2014-11-26,359405.46467711433
2014-11-28,361074.88885849
2014-12-01,356988.15491453017
2014-12-02,358418.9874081013
2014-12-03,359066.257503582
2014-12-04,358896.20329137344
2014-12-05,358930.41637218697
2014-12-08,356376.5236472986
2014-12-09,357500.73225376906
2014-12-10,351880.85983099765
2014-12-11,353550.06621904124
2014-12-12,349701.2202748533
2014-12-15,346091.4036842931
2014-12-16,340539.8232280879
2014-12-17,346739.11740584316
2014-12-18,355084.09404973354
2014-12-19,356646.68868657295
2014-12-22,357536.24785467674
2014-12-23,356271.5291374882
2014-12-24,356579.34996693843
2014-12-26,359109.57511084963
2014-12-29,359041.7921457553
2014-12-30,356648.84096230404
2014-12-31,352990.9383408853
2015-01-02,351931.4979063725
2015-01-05,346769.79178816837
2015-01-06,342120.3591471326
2015-01-07,346530.6633230317
2015-01-08,353163.4235280799
2015-01-09,350838.8304047658
2015-01-12,347181.3138575913
2015-01-13,347078.85729498876
2015-01-14,345164.55885681725
2015-01-15,340686.0673705304
2015-01-16,344686.2296581616
2015-01-20,347422.17789391876
2015-01-21,349200.14336250833
2015-01-22,355661.84835016815
2015-01-23,356448.46885336266
2015-01-26,356038.6348288626
2015-01-27,346808.0511077684
2015-01-28,345030.45967550087
2015-01-29,348346.98641473777
2015-01-30,345646.1582794484
2015-02-02,348655.3829707866
2015-02-03,352006.023286404
2015-02-04,351698.5839386941
2015-02-05,354741.5969686023
2015-02-06,352587.76568515867
2015-02-09,351460.2625466339
2015-02-10,356930.4761346579
2015-02-11,358229.9797125086
2015-02-12,362401.0365183474
2015-02-13,365512.529687257
2015-02-17,365855.23956833075
2015-02-18,366368.28803664126
2015-02-19,368180.53695026797
2015-02-20,370642.30296382325
2015-02-23,371018.9815437262
2015-02-24,371292.83162552316
2015-02-25,370369.81495116727
2015-02-26,372250.3640473528
2015-02-27,370609.5950043774
2015-03-02,373960.73203145195
2015-03-03,372217.3389312168
2015-03-04,370781.4959196799
2015-03-05,371431.3326612234
2015-03-06,367226.26718561084
2015-03-09,368286.6525146806
2015-03-10,361449.04609008937
2015-03-11,359363.8117523493
2015-03-12,361723.00643239164
2015-03-13,360150.425413746
2015-03-16,364800.7602666198
2015-03-17,365382.2778677834
2015-03-18,368972.2121937563
2015-03-19,369519.6010115263
2015-03-20,371911.7507222655
2015-03-23,371192.64218556514
2015-03-24,369856.36707674747
2015-03-25,361392.3040436932
2015-03-26,360158.90034418035
2015-03-27,361598.3152106565
2015-03-30,365745.45537204057
2015-03-31,361873.30003461265
2015-04-01,359988.6878112281
2015-04-02,360228.8597602203
2015-04-06,363176.7338564974
2015-04-07,362560.0854631788
2015-04-08,365438.7662715965
2015-04-09,367734.87600840005
2015-04-10,369242.9962702215
2015-04-13,368318.3152859254
2015-04-14,367256.33020700363
2015-04-15,369552.3349136025
2015-04-16,369038.6799946909
2015-04-17,363281.7482410311
2015-04-20,368730.9360313444
2015-04-21,370307.4157837244
2015-04-22,372329.7190947668
2015-04-23,373734.8876102494
2015-04-24,378806.79005470185
2015-04-27,377847.87167857465
2015-04-28,377094.098068204
2015-04-29,374729.82158391504
2015-04-30,368835.7823758886
2015-05-01,373702.19660899125
2015-05-04,374319.6968329183
2015-05-05,368219.96540117956
2015-05-06,365684.24521947984
2015-05-07,367877.73690842994
2015-05-08,372470.00067033933
2015-05-11,371031.30409283715
2015-05-12,369352.24592835543
2015-05-13,370106.4072702343
2015-05-14,375521.1107877958
2015-05-15,375521.3168034363
2015-05-18,377166.8136920229
2015-05-19,376755.9213607106
2015-05-20,376996.02363765327
2015-05-21,378949.4722822315
2015-05-22,378572.7415572351
2015-05-26,374221.33300736576
2015-05-27,380253.02714652807
2015-05-28,379396.3890349952
2015-05-29,377134.9283655811
2015-06-01,378403.44306032313
2015-06-02,377204.1641832384
2015-06-03,378335.25122514163
2015-06-04,375457.0004549874
2015-06-05,374566.0523994596
2015-06-08,370762.8587052866
2015-06-09,370146.16475654993
2015-06-10,375218.30959474767
2015-06-11,375766.7493506809
2015-06-12,372682.66243443976
2015-06-15,370832.7480391817
2015-06-16,372854.80028490094
2015-06-17,373883.2662640718
2015-06-18,379332.3796177245
2015-06-19,377457.094755085
2015-06-22,380239.87928777124
2015-06-23,380549.27726700925
2015-06-24,378591.6074288027
2015-06-25,377836.1347945366
2015-06-26,375328.91662553593
2015-06-29,366467.54363265703
2015-06-30,367773.00138611184
2015-07-01,370692.82353230345
2015-07-02,370796.0526697003
2015-07-06,369938.24066494737
2015-07-07,370865.791686672
2015-07-08,364408.3481229955
2015-07-09,364202.49570950307
2015-07-10,369767.21904958895
2015-07-13,376259.7966333291
2015-07-14,378733.20577892923
2015-07-15,379145.4911807403
2015-07-16,384504.2731044017
2015-07-17,390172.0555701499
2015-07-20,391512.38674672187
2015-07-21,391272.1298376292
2015-07-22,386841.3074203829
2015-07-23,385398.8014677299
2015-07-24,381620.69310506136
2015-07-27,378461.0446861871
2015-07-28,381724.44420249976
2015-07-29,383167.31975338864
2015-07-30,384988.2288956182
2015-07-31,384541.65668786457
2015-08-03,383340.149700731
2015-08-04,382619.0529635019
2015-08-05,385573.2724140161
2015-08-06,379390.5127062005
2015-08-07,378909.88655549387
2015-08-10,383238.59386503726
2015-08-11,378326.8262814097
2015-08-12,379632.2361387089
2015-08-13,379014.24714450055
2015-08-14,379598.3762094147
2015-08-17,382759.14349287935
2015-08-18,380801.4725859885
2015-08-19,378294.2669544854
2015-08-20,367817.62491932634
2015-08-21,351742.09983033914
2015-08-24,338208.8506721242
2015-08-25,336938.158081546
2015-08-26,353907.12552032917
2015-08-27,362872.62618872453
2015-08-28,362804.10140594334
2015-08-31,358304.78344191285
2015-09-01,347107.02732810035
2015-09-02,356896.9299685684
2015-09-03,355145.28635040607
2015-09-04,350920.3959277137
2015-09-08,360814.02525312506
2015-09-09,356760.8803330774
2015-09-10,360642.6670709093
2015-09-11,362635.1621885349
2015-09-14,361536.5646033072
2015-09-15,365796.26437165175
2015-09-16,367857.37876292906
2015-09-17,367995.02980087383
2015-09-18,362761.19634079863
2015-09-21,363898.194281195
2015-09-22,358457.8318979249
2015-09-23,358733.52428333653
2015-09-24,357425.22214455303
2015-09-25,354395.21745607187
2015-09-28,344306.5122282868
2015-09-29,342516.1575659722
2015-09-30,350401.8979294598
2015-10-01,351985.9774786986
2015-10-02,358149.88196958095
2015-10-05,363281.2120604483
2015-10-06,361559.6998569918
2015-10-07,363729.1775175725
2015-10-08,365175.5640603031
2015-10-09,366828.7532952014
2015-10-12,367724.66359691514
2015-10-13,365348.86252834083
2015-10-14,364763.64553989866
2015-10-15,370755.4176401613
2015-10-16,372305.21533448185
2015-10-19,374440.67356718145
2015-10-20,372512.55070270476
2015-10-21,370240.1714652512
2015-10-22,377781.5973725244
2015-10-23,388353.1368827387
2015-10-26,388594.74333087803
2015-10-27,389387.03926885035
2015-10-28,392624.19819183944
2015-10-29,392004.4578554756
2015-10-30,390248.51882469654
2015-11-02,394656.848744449
2015-11-03,396034.43290017673
2015-11-04,396069.09857930045
2015-11-05,395001.75537627557
2015-11-06,395277.4744604051
2015-11-09,391077.1114877409
2015-11-10,390078.7732614426
2015-11-11,389596.9348725664
2015-11-12,385809.170096465
2015-11-13,378233.67616756196
2015-11-16,383675.053265537
2015-11-17,383916.29074343253
2015-11-18,391285.70608634496
2015-11-19,391561.3398979361
2015-11-20,394213.1399509201
2015-11-23,393077.3201910703
2015-11-24,392733.21836029633
2015-11-25,393077.7514855877
2015-11-27,393629.1654912793
2015-11-30,392631.3064083991
2015-12-01,396557.0798911754
2015-12-02,394112.35998650413
2015-12-03,387432.2047914518
2015-12-04,396488.91980653186
2015-12-07,394698.8758296189
2015-12-08,394733.48461884895
2015-12-09,388741.9199978878
2015-12-10,390498.29845793266
2015-12-11,381510.9304633511
2015-12-14,384404.123878451
2015-12-15,386745.9989121496
2015-12-16,392496.98444925545
2015-12-17,386780.78728199773
2015-12-18,379361.63260732364
2015-12-21,383576.260947531
2015-12-22,386097.9455291935
2015-12-23,388964.94983753806
2015-12-24,388896.23611937347
2015-12-28,388689.85334908625
2015-12-29,394803.7219903666
2015-12-30,391246.214510915
2015-12-31,386376.21459871583
2016-01-04,378225.38151470217
2016-01-05,377569.22934794007
2016-01-06,373942.6007478844
2016-01-07,362233.4286253008
2016-01-08,359263.0063768298
2016-01-11,360368.9415405785
2016-01-12,364548.6023609621
2016-01-13,351975.8711921057
2016-01-14,359471.5122746303
2016-01-15,348314.8687703795
2016-01-19,349075.4325775177
2016-01-20,348004.86661994795
2016-01-21,348350.4651954153
2016-01-22,358436.75282511563
2016-01-25,353118.1327070843
2016-01-26,356295.9606175257
2016-01-27,347419.0478748798
2016-01-28,352324.0630589483
2016-01-29,359681.7670695709
2016-02-01,360649.3756765482
2016-02-02,352843.2580045435
2016-02-03,351150.8511131256
2016-02-04,351116.50840823655
2016-02-05,338923.4150866891
2016-02-08,333742.80690233834
2016-02-09,332706.6710272622
2016-02-10,333984.86454238486
2016-02-11,333501.6646077664
2016-02-12,338579.30482809583
2016-02-16,346213.85902394366
2016-02-17,354055.1063319025
2016-02-18,350013.95188102475
2016-02-19,351050.2697520069
2016-02-22,356750.28749986086
2016-02-23,350878.33316066023
2016-02-24,354229.20145830105
2016-02-25,357718.1028223604
2016-02-26,357269.33409325394
2016-02-29,354057.43720835727
2016-03-01,365421.9687830389
2016-03-02,365560.36950959236
2016-03-03,364869.71043049125
2016-03-04,365008.1394069393
2016-03-07,362763.44852667575
2016-03-08,359758.47801212966
2016-03-09,362072.98465579376
2016-03-10,361520.57867099735
2016-03-11,367841.978656506
2016-03-14,368464.3472838473
2016-03-15,368326.34819098515
2016-03-16,371608.1640072814
2016-03-17,371401.1225960361
2016-03-18,371983.32890198345
2016-03-21,373439.0919052852
2016-03-22,374582.4577228478
2016-03-23,371499.3363538893
2016-03-24,371603.4614173975
2016-03-28,371084.5558655405
2016-03-29,377043.76081625465
2016-03-30,378880.16201677587
2016-03-31,378326.0831884831
2016-04-01,382345.0134349074
2016-04-04,380890.62276669807
2016-04-05,377218.4309407193
2016-04-06,383420.1879350733
2016-04-07,377911.7626572033
2016-04-08,377634.7970228739
2016-04-11,376249.57986227795
2016-04-12,379402.3906676445
2016-04-13,384253.09634159354
2016-04-14,384287.95743218076
2016-04-15,383318.07336758624
2016-04-18,385362.87670376385
2016-04-19,383007.17473304213
2016-04-20,383319.12483450514
2016-04-21,383353.985545771
2016-04-22,377568.33980942995
2016-04-25,377568.9612260999
2016-04-26,375732.94681678136
2016-04-27,372719.03953522973
2016-04-28,368215.2404769384
2016-04-29,366275.35141140333
2016-05-02,369740.4204606989
2016-05-03,366310.7490265793
2016-05-04,363954.96041191707
2016-05-05,363851.3216400035
2016-05-06,365791.6481792698
2016-05-09,366831.63099343434
2016-05-10,371855.51350183506
2016-05-11,368495.0729655492
2016-05-12,366866.9423605695
2016-05-13,365515.98825273523
2016-05-16,370089.88282804383
2016-05-17,365447.40332946833
2016-05-18,366764.11196974217
2016-05-19,364858.851770628
2016-05-20,368877.99627130263
2016-05-23,368393.6310355651
2016-05-24,375773.39799886587
2016-05-25,378476.10310967604
2016-05-26,379584.86137336004
2016-05-27,381560.0404134563
2016-05-31,382288.38204975077
2016-06-01,382323.21457232215
2016-06-02,383120.3170786386
2016-06-03,381318.91866920865
2016-06-06,382705.4275221788
2016-06-07,381735.5143820493
2016-06-08,382393.9854662876
2016-06-09,381770.5561783229
2016-06-10,377439.96947926667
2016-06-13,374287.65183768654
2016-06-14,374287.8571766359
2016-06-15,373214.1511885214
2016-06-16,374323.0329483821
2016-06-17,369935.64819534175
2016-06-20,372263.84765435255
2016-06-21,373445.2162167212
2016-06-22,372542.17895472166
2016-06-23,377857.3730430982
2016-06-24,362294.56573111605
2016-06-27,355104.02718752436
2016-06-28,362885.9168011521
2016-06-29,369312.76192204916
2016-06-30,373585.92273237364
2016-07-01,375462.0380303095
2016-07-05,373170.0176610268
2016-07-06,376227.3971398031
2016-07-07,377339.2188534425
2016-07-08,383175.68637962017
2016-07-11,385364.8153578126
2016-07-12,387310.47961725906
2016-07-13,386372.7875603568
2016-07-14,389013.17058920074
2016-07-15,388388.0284172162
2016-07-18,390959.5119107124
2016-07-19,389535.3258746412
2016-07-20,394086.3297588006
2016-07-21,393183.3462570938
2016-07-22,394816.4174919054
2016-07-25,394851.8047300187
2016-07-26,395303.6934494159
2016-07-27,398048.28422004555
2016-07-28,399438.08744722244
2016-07-29,400306.91475804895
2016-08-01,402426.5936068722
2016-08-02,399369.6511525465
2016-08-03,400689.956064304
2016-08-04,401836.631109548
2016-08-05,405692.9856253758
2016-08-08,405241.9212033095
2016-08-09,406180.31759061356
2016-08-10,405138.35145470157
2016-08-11,406875.4900156065
2016-08-12,407153.64385176287
2016-08-15,408891.31928089634
2016-08-16,406633.441130027
2016-08-17,407363.27314594557
2016-08-18,407467.59668905474
2016-08-19,407363.7201153768
2016-08-22,407677.00387401617
2016-08-23,408406.6684406033
2016-08-24,405766.6336475771
2016-08-25,405106.7201717874
2016-08-26,405697.65958560054
2016-08-29,406254.2221250347
2016-08-30,404934.19761466363
2016-08-31,404517.64731061546
2016-09-01,405560.04238040146
2016-09-02,406880.4008190027
2016-09-06,409417.35661902133
2016-09-07,409660.6639250768
2016-09-08,407263.8897497378
2016-09-09,397015.6298712311
2016-09-12,404138.1883559319
2016-09-13,400525.3338049452
2016-09-14,402436.30787994724
2016-09-15,408689.89960911695
2016-09-16,408495.07157746196
2016-09-19,406719.39362243813
2016-09-20,407485.9377152376
2016-09-21,411491.46087234176
2016-09-22,414765.43358474365
2016-09-23,412118.6553878302
2016-09-26,408671.34666466183
2016-09-27,412711.67911876185
2016-09-28,413408.41166334494
2016-09-29,410413.5837886136
2016-09-30,413478.59832771943
2016-10-03,412887.327969021
2016-10-04,412260.580448951
2016-10-05,413723.5290701199
2016-10-06,413514.72659688443
2016-10-07,412609.47113890934
2016-10-10,415222.2429233394
2016-10-11,409301.6009408024
2016-10-12,408953.58395353757
2016-10-13,407491.07944111
2016-10-14,407978.89848970267
2016-10-17,406864.9667492949
2016-10-18,410487.39673068846
2016-10-19,410452.85445161455
2016-10-20,409965.42572278646
2016-10-21,411498.23340913095
2016-10-24,416444.3990985176
2016-10-25,415121.24348333495
2016-10-26,412300.267049314
2016-10-27,410419.8882619228
2016-10-28,407842.5921528374
2016-10-31,407460.19371424994
2016-11-01,404395.48885135894
2016-11-02,401156.6862570054
2016-11-03,397221.3034168696
2016-11-04,395828.4239993836
2016-11-07,405232.7252188482
2016-11-08,407880.02007828973
2016-11-09,409760.9474548213
2016-11-10,403143.73928100243
2016-11-11,403318.226109993
2016-11-14,399243.736858987
2016-11-15,404781.7529031333
2016-11-16,407185.0865407808
2016-11-17,410145.9327341644
2016-11-18,408613.6082394282
2016-11-21,412863.46041666594
2016-11-22,414117.5834824812
2016-11-23,412445.95713896235
2016-11-25,413769.90149020735
2016-11-28,412830.1924772618
2016-11-29,414258.38888218434
2016-11-30,409243.32034189877
2016-12-01,402173.1387979905
2016-12-02,402974.39418790024
2016-12-05,406109.6933600984
2016-12-06,407085.1923112849
2016-12-07,412240.20203838
2016-12-08,412971.8435084775
2016-12-09,416211.21708063636
2016-12-12,414331.050817333
2016-12-13,419555.7037579671
2016-12-14,418685.2147854007
2016-12-15,419347.1550362432
2016-12-16,417792.854436885
2016-12-19,419505.30111432145
2016-12-20,421112.38875511463
2016-12-21,420798.28137948783
2016-12-22,419610.80895209714
2016-12-23,419890.41034583474
2016-12-27,422057.3083234686
2016-12-28,418773.76184322574
2016-12-29,418180.1376659229
2016-12-30,413883.6302047954
2017-01-03,417587.4576169079
2017-01-04,419858.3488821977
2017-01-05,422234.00403168966
2017-01-06,425937.0473090371
2017-01-09,427335.1570256914
2017-01-10,428278.50224217726
2017-01-11,429431.5424052421
2017-01-12,428767.98363004456
2017-01-13,430235.36769612733
2017-01-17,428943.8295207809
2017-01-18,429817.52770729683
2017-01-19,429608.1254911382
2017-01-20,430551.47712864133
2017-01-23,430901.4695877326
2017-01-24,433801.422480581
2017-01-25,438168.19617657055
2017-01-26,438622.5119827146
2017-01-27,439461.2231558382
2017-01-30,436038.46306378895
2017-01-31,435165.4036265306
2017-02-01,438169.87887171895
2017-02-02,437785.80834269954
2017-02-03,439043.57451433415
2017-02-06,439568.45414660213
2017-02-07,441175.5107708455
2017-02-08,441909.49392432475
2017-02-09,443516.5820024945
2017-02-10,444984.0251036913
2017-02-13,447500.05052023433
2017-02-14,449002.3539748874
2017-02-15,451657.5432308653
2017-02-16,451518.1154093955
2017-02-17,453474.6180693095
2017-02-21,455711.36645515414
2017-02-22,455886.460106246
2017-02-23,454174.7755452923
2017-02-24,455048.3064565563
2017-02-27,455608.15888630145
2017-02-28,454210.93340664846
2017-03-01,459171.8751138207
2017-03-02,456866.53858869546
2017-03-03,457705.1906500007
2017-03-06,456692.8952161598
2017-03-07,455924.56683305063
2017-03-08,456728.36530831084
2017-03-09,457077.87993206613
2017-03-10,458999.43914465053
2017-03-13,459768.83285845246
2017-03-14,458651.0393468908
2017-03-15,461481.0635217877
2017-03-16,461166.7363774697
2017-03-17,461006.23346462654
2017-03-20,461427.04904067557
2017-03-21,454425.8397811399
2017-03-22,457506.7933198504
2017-03-23,456351.6943703295
2017-03-24,457297.13859756873
2017-03-27,458033.15685943747
2017-03-28,460833.9697702553
2017-03-29,462969.5433445374
2017-03-30,463740.00518179015
2017-03-31,463425.3357998987
2017-04-03,463145.9448535744
2017-04-04,463881.3257557397
2017-04-05,461991.18006795604
2017-04-06,462236.3908402089
2017-04-07,461991.686976528
2017-04-10,462167.38071334816
2017-04-11,460172.3189148695
2017-04-12,458317.1051935087
2017-04-13,456497.1147919644
2017-04-17,460278.913393923
2017-04-18,459579.0316393057
2017-04-19,460314.41663413885
2017-04-20,464165.38346798084
2017-04-21,464060.64336862974
2017-04-24,469662.7838075092
2017-04-25,473058.70287688746
2017-04-26,472393.6529589043
2017-04-27,475229.6602439526
2017-04-28,476070.19464312244
2017-05-01,480307.0110504211
2017-05-02,481112.23913278704
2017-05-03,479572.1154668107
2017-05-04,479747.48468961345
2017-05-05,481498.128291137
2017-05-08,482549.2189106313
2017-05-09,484229.92751745245
2017-05-10,484510.12526498584
2017-05-11,484125.5765604751
2017-05-12,485210.857185897
2017-05-15,486752.1103320916
2017-05-16,488782.87180221995
2017-05-17,476355.1186282823
2017-05-18,480521.312767495
2017-05-19,482552.1309774073
2017-05-22,486613.81377885834
2017-05-23,487104.29209162644
2017-05-24,489345.05596107827
2017-05-25,493511.3868579438
2017-05-26,494386.6874412467
2017-05-30,494807.7035041663
2017-05-31,494633.2071442102
2017-06-01,496558.9368366959
2017-06-02,502230.5334332337
2017-06-05,502126.3058685931
2017-06-06,500131.0626485343
2017-06-07,502091.9144800366
2017-06-08,502617.34794087085
2017-06-09,490049.335145618
2017-06-12,487424.5163423628
2017-06-13,491381.0076467638
2017-06-14,489245.6958140091
2017-06-15,487075.2686992519
2017-06-16,484962.33809237916
2017-06-19,493072.3111719485
2017-06-20,489210.94324069825
2017-06-21,494055.73362381087
2017-06-22,493915.3819221111
2017-06-23,495811.41901090986
2017-06-26,493495.3352555264
2017-06-27,484543.7930457095
2017-06-28,491530.21993652044
2017-06-29,483000.02532995876
2017-06-30,483175.68599677464
2017-07-03,478086.30479013384
2017-07-05,482790.8216311579
2017-07-06,478438.3387133006
2017-07-07,483598.95870450744
2017-07-10,486758.9397567376
2017-07-11,488128.4604970176
2017-07-12,493920.80131511943
2017-07-13,495009.4196603416
2017-07-14,498906.2667368739
2017-07-17,499152.8827438214
2017-07-18,502488.1507225377
2017-07-19,505437.11600965186
2017-07-20,506104.5519489354
2017-07-21,505894.20462792815
2017-07-24,508211.74534686113
2017-07-25,506913.21463557443
2017-07-26,508563.38343893836
2017-07-27,505369.22046827944
2017-07-28,504948.1325129701
2017-07-31,502807.6452507171
2017-08-01,503966.56432314665
2017-08-02,505335.7133001748
2017-08-03,503370.1244610596
2017-08-04,504282.964341116
2017-08-07,507478.7101119441
2017-08-08,506601.1390418113
2017-08-09,505934.47827433946
2017-08-10,495087.19484961854
2017-08-11,498843.8161337833
2017-08-14,505268.7551046912
2017-08-15,505620.23026072286
2017-08-16,506498.1337066326
2017-08-17,496142.4638880442
2017-08-18,495791.53754088347
2017-08-21,495160.69513494446
2017-08-22,502708.3143461102
2017-08-23,500918.27383615787
2017-08-24,499444.1463101081
2017-08-25,498391.21838863066
2017-08-28,499936.84341895976
2017-08-29,501902.8413463339
2017-08-30,507800.91591255943
2017-08-31,513242.39582200075
2017-09-01,512540.559021464
2017-09-05,507942.98868563387
2017-09-06,509487.9660964886
2017-09-07,510681.79963138676
2017-09-08,506258.5522913391
2017-09-11,512087.16474581783
2017-09-12,513316.0039944329
2017-09-13,514018.52223994175
2017-09-14,510999.73620782176
2017-09-15,512755.3543699974
2017-09-18,512084.2447903608
2017-09-19,512964.21367451624
2017-09-20,511381.26046991965
2017-09-21,508250.1848632646
2017-09-22,507757.833088345
2017-09-25,502410.86210715893
2017-09-26,503713.0036238012
2017-09-27,508251.85786051565
2017-09-28,508076.22096371074
2017-09-29,511735.5034403602
2017-10-02,512193.75030501164
2017-10-03,513284.70045603474
2017-10-04,513777.5590805961
2017-10-05,518808.9024174768
2017-10-06,519512.85305179073
2017-10-09,518915.5000809934
2017-10-10,519302.904196209
2017-10-11,520851.0994609459
2017-10-12,519901.45569544984
2017-10-13,521907.34448170284
2017-10-16,523702.3229768406
2017-10-17,524371.2220354392
2017-10-18,523738.0697643548
2017-10-19,521803.4890514113
2017-10-20,523211.00450490543
2017-10-23,519799.13320184586
2017-10-24,520679.00956764934
2017-10-25,518708.9643986943
2017-10-26,517055.6952531447
2017-10-27,532114.4572649668
2017-10-30,533311.5923700497
2017-10-31,535317.4514974025
2017-11-01,535141.5420608384
2017-11-02,534121.7775621926
2017-11-03,539258.7863551388
2017-11-06,541089.1002554807
2017-11-07,541406.0069097134
2017-11-08,543587.6853239589
2017-11-09,540738.3785201967
2017-11-10,540703.2752777555
2017-11-13,541372.6163757488
2017-11-14,539402.7882276524
2017-11-15,536869.7968343669
2017-11-16,543730.9892786172
2017-11-17,541655.3568320955
2017-11-20,541234.0610096431
2017-11-21,547110.1514871544
2017-11-22,547778.9629487492
2017-11-24,549784.9864722897
2017-11-27,549539.4534628695
2017-11-28,550947.4119975008
2017-11-29,541342.2523012855
2017-11-30,545881.3433618933
2017-12-01,543559.5418545395
2017-12-04,537297.5835424907
2017-12-05,537649.6660742861
2017-12-06,540077.8150202846
2017-12-07,541907.6256168657
2017-12-08,544300.4359431219
2017-12-11,548523.4807036172
2017-12-12,547784.9733497017
2017-12-13,548840.6417939696
2017-12-14,548453.8664811791
2017-12-15,554681.7711556216
2017-12-18,559333.1798696162
2017-12-19,556019.4057516229
2017-12-20,555420.5131663674
2017-12-21,555491.1646828046
2017-12-22,554856.7567902895
2017-12-26,551861.2377122007
2017-12-27,551931.8306844017
2017-12-28,552602.192219896
2017-12-29,549182.420970455
2018-01-02,558809.0985871223
2018-01-03,564239.1603751724
2018-01-04,565226.8898202325
2018-01-05,570903.6315202445
2018-01-08,573125.8588073365
2018-01-09,573161.4606480094
2018-01-10,571821.8185272595
2018-01-11,575735.7440034404
2018-01-12,579967.3746929351
2018-01-16,578311.4394025257
2018-01-17,584552.4858512145
2018-01-18,584658.4988450509
2018-01-19,586492.4115518016
2018-01-22,592769.4676144545
2018-01-23,597670.576416542
2018-01-24,593792.6659818385
2018-01-25,593581.3222101929
2018-01-26,602678.2718142623
2018-01-29,599752.8194534591
2018-01-30,594816.8877680742
2018-01-31,597285.4878654536
2018-02-01,592208.5684357265
2018-02-02,580397.0564360238
2018-02-05,557514.8911391717
2018-02-06,572288.8617113443
2018-02-07,564884.6668663264
2018-02-08,541049.7813602807
2018-02-09,550393.7881293625
2018-02-12,560161.4784346129
2018-02-13,563052.9660066803
2018-02-14,573595.7266678236
2018-02-15,584244.4769445368
2018-02-16,581635.690368516
2018-02-20,582800.2849972718
2018-02-21,581143.8185963853
2018-02-22,581073.3904077732
2018-02-23,592956.1450937552
2018-02-26,600819.8872415574
2018-02-27,593380.5657395365
2018-02-28,589572.8143012996
2018-03-01,579947.3590036394
2018-03-02,585271.7967187976
2018-03-05,591760.5557983755
2018-03-06,594264.3182845644
2018-03-07,595639.7600811818
2018-03-08,598919.0229292297
2018-03-09,610555.1997107165
2018-03-12,613800.2001901962
2018-03-13,605443.8355563991
2018-03-14,605338.4153949191
2018-03-15,604809.8151462631
2018-03-16,603012.0714861362
2018-03-19,590146.9894060594
2018-03-20,592089.72990762
2018-03-21,589511.9272591423
2018-03-22,574961.6114832826
2018-03-23,559810.9150290434
2018-03-26,580613.754995475
2018-03-27,561825.2591727709
2018-03-28,555362.4658390434
2018-03-29,565534.1130743689
2018-04-02,549218.8689417824
2018-04-03,555399.4693053287
2018-04-04,564158.6783377029
2018-04-05,567372.7946112014
2018-04-06,553175.351610064
2018-04-09,557061.2518047608
2018-04-10,569352.1360749878
2018-04-11,566067.9390329577
2018-04-12,572884.4669788657
2018-04-13,569918.0418775782
2018-04-16,574263.4272941079
2018-04-17,586624.7763489537
2018-04-18,587825.6742525611
2018-04-19,582422.3501519421
2018-04-20,573204.8697975513
2018-04-23,571757.7532093385
2018-04-24,559644.2956855767
2018-04-25,560315.5004065235
2018-04-26,572111.9868991118
2018-04-27,572465.4799756192
2018-04-30,568404.6556832822
2018-05-01,574903.8201787203
2018-05-02,571513.3217397596
2018-05-03,571442.885550794
2018-05-04,582286.0412899812
2018-05-07,587125.4961012871
2018-05-08,586525.3246869537
2018-05-09,592918.2606363496
2018-05-10,599064.0048044714
2018-05-11,598499.0150752134
2018-05-14,599524.3146066801
2018-05-15,592884.8088230323
2018-05-16,596805.6062354733
2018-05-17,594510.2151920451
2018-05-18,591437.8752467729
2018-05-21,594758.6064485419
2018-05-22,593982.0983079429
2018-05-23,598997.6973003427
2018-05-24,598821.2348008906
2018-05-25,599422.0056133303
2018-05-29,596774.4588632864
2018-05-30,601048.3604680807
2018-05-31,600660.1574207268
2018-06-01,610090.5813037673
2018-06-04,615601.1254460701
2018-06-05,617508.5580489466
2018-06-06,621111.4606324018
2018-06-07,616061.2535109258
2018-06-08,616097.0522951281
2018-06-11,617757.8506535174
2018-06-12,621007.8612522917
2018-06-13,620972.6842142432
2018-06-14,627259.7235222522
2018-06-15,625070.4681720971
2018-06-18,624710.2380026146
2018-06-19,622940.9963090963
2018-06-20,627365.5004331996
2018-06-21,621915.0708183034
2018-06-22,620535.1577594861
2018-06-25,606555.3989111026
2018-06-26,609033.2389338438
2018-06-27,600751.3428989116
2018-06-28,605919.0049679768
2018-06-29,607547.7117711029
2018-07-02,611619.0860779646
2018-07-03,604540.5749522009
2018-07-05,612044.8898922573
2018-07-06,621566.3139742877
2018-07-09,627159.6124235278
2018-07-10,627620.2162720127
2018-07-11,624435.1110745368
2018-07-12,635195.3377973416
2018-07-13,635726.5856375097
2018-07-16,634205.570169807
2018-07-17,638064.0680616006
2018-07-18,636861.0542849655
2018-07-19,633675.8833469882
2018-07-20,633534.782307155
2018-07-23,635553.1058972231
2018-07-24,638172.9035161653
2018-07-25,647092.842197797
2018-07-26,637288.5378331306
2018-07-27,628687.876627752
2018-07-30,619804.7032948089
2018-07-31,624548.0071002073
2018-08-01,626919.8613374742
2018-08-02,635450.320665002
2018-08-03,637397.6068590665
2018-08-06,641150.6328353874
2018-08-07,643486.9851847751
2018-08-08,644266.2517695847
2018-08-09,643877.0913985611
2018-08-10,638957.4856713649
2018-08-13,638250.5457745477
2018-08-14,642250.6126043268
2018-08-15,634393.1483987628
2018-08-16,636481.785015339
2018-08-17,636623.8123741812
2018-08-20,636058.4306666865
2018-08-21,638395.1391474485
2018-08-22,640873.0741130019
2018-08-23,639952.9407524839
2018-08-24,645899.9336371063
2018-08-27,652484.6068410777
2018-08-28,653440.6873370263
2018-08-29,660980.2157699302
2018-08-30,659812.591766418
2018-08-31,660662.6315223968
2018-09-04,657832.3083867666
2018-09-05,649337.5731600408
2018-09-06,643532.8680855407
2018-09-07,641055.6146540989
2018-09-10,643215.8553872943
2018-09-11,648171.602594628
2018-09-12,646260.6110532432
2018-09-13,653163.119414349
2018-09-14,651252.1853454632
2018-09-17,641873.2408411907
2018-09-18,647182.8385984066
2018-09-19,646687.8509531263
2018-09-20,653838.3985285334
2018-09-21,650263.715705581
2018-09-24,652073.1668304685
2018-09-25,652959.9272154038
2018-09-26,653421.3605570254
2018-09-27,658953.3732052172
2018-09-28,658812.0532739732
2018-10-01,660160.5058602723
2018-10-02,658671.4762624212
2018-10-03,659381.2129098688
2018-10-04,646722.2137878491
2018-10-05,638814.8042435187
2018-10-08,634915.3037982435
2018-10-09,636972.4607810953
2018-10-10,608959.0279480922
2018-10-11,601406.5450197749
2018-10-12,618143.9407318344
2018-10-15,610662.823812749
2018-10-16,628428.86852406
2018-10-17,628677.3999323213
2018-10-18,614103.5487407299
2018-10-19,613536.641859608
2018-10-22,616693.4441273859
2018-10-23,614424.2908372572
2018-10-24,586304.5241638973
2018-10-25,606588.2682376239
2018-10-26,590986.0691227656
2018-10-29,578823.8270190206
2018-10-30,588363.2296150131
2018-10-31,602193.2299494494
2018-11-01,610136.6212813455
2018-11-02,600633.6599261852
2018-11-05,599145.2857534362
2018-11-06,603684.4620474414
2018-11-07,622620.7941804633
2018-11-08,618649.5331927602
2018-11-09,608224.4811793913
2018-11-12,589821.2735604937
2018-11-13,590318.1482843801
2018-11-14,585814.8980235347
2018-11-15,596063.2118819783
2018-11-16,593971.5644121729
2018-11-19,574681.6059285994
2018-11-20,564398.3229403199
2018-11-21,568689.2692796892
2018-11-23,564576.572217319
2018-11-26,577627.0516656463
2018-11-27,579577.8968904795
2018-11-28,598230.7205911874
2018-11-29,596280.6888175758
2018-11-30,600607.2517103266
2018-12-03,611104.8679320927
2018-12-04,587665.4687254856
2018-12-06,591814.8713988167
2018-12-07,572275.932756935
2018-12-10,578269.9043040938
2018-12-11,580185.0731029265
2018-12-12,585291.8165656507
2018-12-13,585469.4031439691
2018-12-14,571214.366500679
2018-12-17,558271.8291575486
2018-12-18,561782.6153702518
2018-12-19,547988.4524938639
2018-12-20,540045.308134993
2018-12-21,523307.7253710993
2018-12-24,510331.64083683153
2018-12-26,542196.9636780589
2018-12-27,544295.3639600995
2018-12-28,544011.1488468616
2018-12-31,548599.5655320524
2019-01-02,550805.2401044634
2019-01-03,532810.30281257
2019-01-04,555606.9040564592
2019-01-07,562222.5430329109
2019-01-08,567308.6075475805
2019-01-09,571932.0414196737
2019-01-10,573568.2354973153
2019-01-11,571470.3164024919
2019-01-14,566421.3470685324
2019-01-15,577481.9395404038
2019-01-16,577375.5768057522
2019-01-17,581927.9356981773
2019-01-18,587689.4684111432
2019-01-22,575919.253480738
2019-01-23,576666.442815749
2019-01-24,580401.1281230367
2019-01-25,587336.1629513839
2019-01-28,580082.0768555766
2019-01-29,574605.7224194793
2019-01-30,589222.6689505827
2019-01-31,598042.741047811
2019-02-01,595518.2029377636
2019-02-04,602916.4098374005
2019-02-05,608251.4017525032
2019-02-06,606437.9917201936
2019-02-07,598294.0922762807
2019-02-08,599468.0808568493
2019-02-11,598899.9691595843
2019-02-12,607755.7407871481
2019-02-13,608183.0263028645
2019-02-14,608930.1855165751
2019-02-15,611491.1550681174
2019-02-19,612701.6301738387
2019-02-20,612595.2847127353
2019-02-21,610354.8513345092
2019-02-22,614872.0228884025
2019-02-25,617113.6387325891
2019-02-26,617754.1258142329
2019-02-27,617363.1458003272
2019-02-28,615940.9811756231
2019-03-01,620209.0018932329
2019-03-04,620316.9891396592
2019-03-05,620779.3544330895
2019-03-06,617258.8910772518
2019-03-07,609684.0351191402
2019-03-08,608759.579241925
2019-03-11,621421.550931232
2019-03-12,624836.138269765
2019-03-13,629531.036941092
2019-03-14,628464.6671378076
2019-03-15,634297.5622352372
2019-03-18,635809.2777967178
2019-03-19,637947.3824230576
2019-03-20,640477.32435909
2019-03-21,650489.5931384328
2019-03-22,636202.4516066478
2019-03-25,634992.2399435672
2019-03-26,637949.832329223
2019-03-27,633852.6095670452
2019-03-28,635313.7908492149
2019-03-29,640124.2868705684
2019-04-01,648605.0936216225
2019-04-02,651063.955727058
2019-04-03,654805.4732059439
2019-04-04,654556.4860331416
2019-04-05,657941.6377910067
2019-04-08,659617.3295747373
2019-04-09,657301.7815826389
2019-04-10,660829.4932191251
2019-04-11,659262.2127969433
2019-04-12,662112.8204692268
2019-04-15,662220.9359852199
2019-04-16,664501.6374970037
2019-04-17,666817.9220818683
2019-04-18,667673.3588352642
2019-04-22,669563.3845081655
2019-04-23,678079.1880834587
2019-04-24,675941.9894045434
2019-04-25,678685.6570216069
2019-04-26,679291.811459993
2019-04-29,680611.1244031396
2019-04-30,675338.2036039417
2019-05-01,673165.1301762229
2019-05-02,670243.8331356464
2019-05-03,680933.3006281091
2019-05-06,676765.6536200532
2019-05-07,663582.8808935286
2019-05-08,661908.6084641637
2019-05-09,658345.9266045139
2019-05-10,659165.8448492773
2019-05-13,636291.9340274724
2019-05-14,643275.8977268718
2019-05-15,652361.8832802146
2019-05-16,658918.435104343
2019-05-17,652184.5227694813
2019-05-20,641175.8247115139
2019-05-21,647874.5996429224
2019-05-22,644989.0084414427
2019-05-23,635119.7081311778
2019-05-24,634799.1996977716
2019-05-28,632413.4010292018
2019-05-29,627211.5895112429
2019-05-30,629848.6525179554
2019-05-31,619801.0523997864
2019-06-03,606155.3781066233
2019-06-04,623223.0117885941
2019-06-05,627855.5456311896
2019-06-06,632844.1273831313
2019-06-07,645065.9468629084
2019-06-10,652585.1898944302
2019-06-11,653476.282655623
2019-06-12,649699.6418465609
2019-06-13,653548.3335527926
2019-06-14,650769.3404781091
2019-06-17,654689.9187805298
2019-06-18,664203.7435220502
2019-06-19,666698.4148716939
2019-06-20,672898.5433296483
2019-06-21,671901.1999799692
2019-06-24,671923.9050564567
2019-06-25,660389.8209622586
2019-06-26,663461.3136950651
2019-06-27,665997.0341993793
2019-06-28,666854.493216981
2019-07-01,675854.4919939702
2019-07-02,678533.2365536339
2019-07-03,683640.2616549388
2019-07-05,682248.2505588753
2019-07-08,677464.3671291554
2019-07-09,680857.097141335
2019-07-10,687642.3616054083
2019-07-11,687142.7687337921
2019-07-12,691107.2129398878
2019-07-15,693322.2975198085
2019-07-16,689751.5422608475
2019-07-17,686359.4337502681
2019-07-18,687145.4075647554
2019-07-19,682110.5358435254
2019-07-22,687539.6865487094
2019-07-23,692039.6539304818
2019-07-24,696896.7015905807
2019-07-25,690290.8454369853
2019-07-26,697397.6110020839
2019-07-29,695006.0859891734
2019-07-30,692006.5016010975
2019-07-31,682436.5205227316
2019-08-01,679044.3232402336
2019-08-02,669045.7410787641
2019-08-05,645405.9912611785
2019-08-06,654441.1207319895
2019-08-07,657977.1325773639
2019-08-08,672297.4011803356
2019-08-09,665977.1626839861
2019-08-12,658336.016515412
2019-08-13,672763.5847933936
2019-08-14,652658.5957405725
2019-08-15,651909.154740741
2019-08-16,662372.9409408108
2019-08-19,672908.586016488
2019-08-20,667695.0777720225
2019-08-21,673623.7702109268
2019-08-22,671445.6726934706
2019-08-23,650197.6622763373
2019-08-26,660019.3915261322
2019-08-27,658627.008762372
2019-08-28,660984.3285969282
2019-08-29,671091.1688495729
2019-08-30,669484.4948403818
2019-09-03,662986.5009197091
2019-09-04,672557.5796578787
2019-09-05,684878.4185180665
2019-09-06,684200.1528302563
2019-09-09,682772.8270353663
2019-09-10,680809.0649925863
2019-09-11,687201.9523998412
2019-09-12,690059.2378658107
2019-09-13,687595.5457546241
2019-09-16,684525.2951444526
2019-09-17,687811.2381083948
2019-09-18,687525.9805069019
2019-09-19,688669.0117786123
2019-09-20,681384.2978916905
2019-09-23,681685.8342294531
2019-09-24,672632.9433510388
2019-09-25,680183.823983786
2019-09-26,677679.1250605824
2019-09-27,669270.3625885154
2019-09-30,675641.0231647412
2019-10-01,670130.6180372835
2019-10-02,658608.2982957631
2019-10-03,665837.1305604192
2019-10-04,675642.5058268737
2019-10-07,673603.8504323912
2019-10-08,663513.1525022855
2019-10-09,669990.2000504312
2019-10-10,675179.4092553799
2019-10-11,683875.412866555
2019-10-14,683805.1997153704
2019-10-15,692501.0566100671
2019-10-16,690783.9057007823
2019-10-17,692609.080462599
2019-10-18,685953.7440775735
2019-10-21,692038.126411049
2019-10-22,686527.7236338266
2019-10-23,687852.2212930064
2019-10-24,694544.1485804991
2019-10-25,700091.2464871046
2019-10-28,706998.9474238877
2019-10-29,701524.1729128141
2019-10-30,704924.1751007163
2019-10-31,705246.5269027911
2019-11-01,711652.5101982815
2019-11-04,716055.3015394629
2019-11-05,716449.1704251852
2019-11-06,714839.1643775274
2019-11-07,717237.0231811409
2019-11-08,720100.4968113487
2019-11-11,719135.4967143234
2019-11-12,721211.3404155248
2019-11-13,721390.796322938
2019-11-14,720818.4263773889
2019-11-15,726115.031677415
2019-11-18,726688.7663336784
2019-11-19,727762.6773205647
2019-11-20,723397.343743255
2019-11-21,721787.3850998925
2019-11-22,722253.0557847898
2019-11-25,730806.9000812772
2019-11-26,732202.957649065
2019-11-27,737320.4855997282
2019-11-29,733957.7179189855
2019-12-02,726443.7744816652
2019-12-03,720754.3719294142
2019-12-04,724404.7961009005
2019-12-05,725836.6695280839
2019-12-06,733602.5252213551
2019-12-09,730275.722650044
2019-12-10,729667.7642115675
2019-12-11,733532.9123448469
2019-12-12,739008.609316227
2019-12-13,741442.341367819
2019-12-16,748887.2022490408
2019-12-17,749317.0246207432
2019-12-18,749889.8710253646
2019-12-19,754578.1721381295
2019-12-20,757620.5687189847
2019-12-23,759622.9003874713
2019-12-24,760017.9406684975
2019-12-26,766725.1651705885
2019-12-27,766079.9301488542
2019-12-30,761060.4397356131
2019-12-31,762495.4233761381
2020-01-02,775227.7355758224
2020-01-03,768127.1151436899
2020-01-06,773077.5236771759
2020-01-07,772970.3947179975
2020-01-08,778780.7915600188
2020-01-09,785380.1077117649
2020-01-10,783372.0440504226
2020-01-13,792411.2325402492
2020-01-14,789291.4222136547
2020-01-15,789614.5727294567
2020-01-16,797182.357431733
2020-01-17,801127.7746874682
2020-01-21,800770.9439108247
2020-01-22,802887.3880950818
2020-01-23,805469.9778316474
2020-01-24,798692.2955079293
2020-01-27,782196.1964352386
2020-01-28,794210.9318084195
2020-01-29,795502.4179801308
2020-01-30,798336.2202698886
2020-01-31,785676.6641686962
2020-02-03,797548.8210375842
2020-02-04,815804.2298221244
2020-02-05,818494.6272399176
2020-02-06,825560.2133570777
2020-02-07,822010.1036517282
2020-02-10,831945.9764372724
2020-02-11,832089.7449671642
2020-02-12,840195.6116239749
2020-02-13,839120.1788564798
2020-02-14,841523.4660212906
2020-02-18,841848.0362247385
2020-02-19,849918.1253884397
2020-02-20,842028.3709748775
2020-02-21,825854.0308086154
2020-02-24,794007.4138088914
2020-02-25,772417.3526622931
2020-02-26,776398.8275579195
2020-02-27,737521.877362314
2020-02-28,738096.2747998377
2020-03-02,776185.6740783285
2020-03-03,751296.0064655036
2020-03-04,782642.1862081896
2020-03-05,758864.2720487559
2020-03-06,746060.9098072718
2020-03-09,694237.5267727613
2020-03-10,732039.4601216995
2020-03-11,700155.7915625792
2020-03-12,635957.9432484227
2020-03-13,689827.565721635
2020-03-16,607195.4755413524
2020-03-17,653246.6667667857
2020-03-18,633377.6388969538
2020-03-19,637179.7854512207
2020-03-20,612218.0097696082
2020-03-23,612661.01529852
2020-03-24,660104.4389659654
2020-03-25,655216.7819990308
2020-03-26,689721.0621113029
2020-03-27,665999.9429553518
2020-03-30,690225.6309235056
2020-03-31,684331.6927889202
2020-04-01,655255.113023809
2020-04-02,668553.8557713979
2020-04-03,659065.5075027001
2020-04-06,706186.6607775856
2020-04-07,705899.5624309583
2020-04-08,720887.7616095151
2020-04-09,721930.4291725605
2020-04-13,729731.3910099871
2020-04-14,761468.5343888506
2020-04-15,752735.0199502879
2020-04-16,766465.2343738198
2020-04-17,773797.9750188736
2020-04-20,764633.9754139866
2020-04-21,736419.8119933162
2020-04-22,758273.0095104271
2020-04-23,756656.2256918544
2020-04-24,768589.3728227257
2020-04-27,774772.7013816419
2020-04-28,760180.6536353086
2020-04-29,787137.7490673397
2020-04-30,786814.6487359618
2020-05-01,764638.589793429
2020-05-04,773553.5172313602
2020-05-05,782324.1262006549
2020-05-06,787140.7719085298
2020-05-07,797276.8783478616
2020-05-08,808203.9505332495
2020-05-11,815429.6821461234
2020-05-12,798357.2855807808
2020-05-13,788365.7897512197
2020-05-14,797315.9831711295
2020-05-15,802492.181925801
2020-05-18,817445.714092223
2020-05-19,815397.3315505291
2020-05-20,831679.7947579789
2020-05-21,822622.8378501683
2020-05-22,825462.7431231433
2020-05-26,823235.9540852822
2020-05-27,827729.3113196051
2020-05-28,826651.6494097614
2020-05-29,838764.8259704388
2020-06-01,841282.0244449864
2020-06-02,846925.7827323269
2020-06-03,850736.2209295874
2020-06-04,844770.0168881147
2020-06-05,861519.8967977642
2020-06-08,868206.8227276762
2020-06-09,874497.3548818962
2020-06-10,884993.2244769954
2020-06-11,841143.0339532151
2020-06-12,847828.9043906402
2020-06-15,858146.0116778428
2020-06-16,872883.1812263245
2020-06-17,875651.4082482609
2020-06-18,878024.123673677
2020-06-19,877880.8283015406
2020-06-22,888410.3079596784
2020-06-23,895971.9848096825
2020-06-24,877501.5353676376
2020-06-25,885855.3838650875
2020-06-26,864936.3683563113
2020-06-29,874371.3589219543
2020-06-30,891510.8620507994
2020-07-01,901917.149873501
2020-07-02,908038.532210893
2020-07-06,930364.3825981292
2020-07-07,923955.9200421778
2020-07-08,936126.4951474109
2020-07-09,944012.5482116255
2020-07-10,950458.0369425939
2020-07-13,930907.9935677964
2020-07-14,937497.6094046677
2020-07-15,939406.5939597597
2020-07-16,932998.1615722097
2020-07-17,934078.6382844482
2020-07-20,960580.8603788986
2020-07-21,950571.6216315468
2020-07-22,953920.7483388217
2020-07-23,929004.9631659804
2020-07-24,920183.6792677135
2020-07-27,936604.3199745341
2020-07-28,924686.7163473886
2020-07-29,935345.0392298844
2020-07-30,940242.6105116998
2020-07-31,957022.22280255
2020-08-03,969950.0676455777
2020-08-04,973551.0867081902
2020-08-05,975964.1132541845
2020-08-06,988891.2808107164
2020-08-07,977477.8118201939
2020-08-10,973302.3189505268
2020-08-11,954867.5840345194
2020-08-12,978884.64937738
2020-08-13,981117.9200407861
2020-08-14,979965.8185881727
2020-08-17,991345.8017775122
2020-08-18,1000888.021997627
2020-08-19,994155.4402466479
2020-08-20,1007946.5458800931
2020-08-21,1014932.4384016407
2020-08-24,1021271.4446983212
2020-08-25,1029301.530155939
2020-08-26,1051266.2967438095
2020-08-27,1047990.6334976807
2020-08-28,1053320.5450595415
2020-08-31,1061783.9178349515
2020-09-01,1079932.074685772
2020-09-02,1090158.5993374283
2020-09-03,1034888.3970455469
2020-09-04,1021097.6088406539
2020-09-08,972021.8767961813
2020-09-09,1000576.14869148
2020-09-10,980628.9242244861
2020-09-11,973823.8144400117
2020-09-14,990784.7573060239
2020-09-15,1004828.489985327
2020-09-16,988805.6151712808
2020-09-17,973358.9965253329
2020-09-18,960936.4352727114
2020-09-21,963242.5483313103
2020-09-22,981139.4504201227
2020-09-23,951181.1030121848
2020-09-24,955610.9787672608
2020-09-25,977828.1588701827
2020-09-28,998138.3098475646
2020-09-29,993637.7977981413
2020-09-30,1000444.0616303383
2020-10-01,1016323.9851696468
2020-10-02,987733.8294309394
2020-10-05,1008800.2424755362
2020-10-06,990796.7156305503
2020-10-07,1007937.1566679253
2020-10-08,1013302.8709534586
2020-10-09,1028787.0478125836
2020-10-12,1060547.7957625636
2020-10-13,1060512.4452519112
2020-10-14,1051654.790561854
2020-10-15,1044597.9524269804
2020-10-16,1038873.3343827272
2020-10-19,1021915.3784451748
2020-10-20,1024112.0275596887
2020-10-21,1023320.482491404
2020-10-22,1023285.225090459
2020-10-23,1025302.1021716137
2020-10-26,1009928.0495102274
2020-10-27,1017814.6758043042
2020-10-28,978133.7777739239
2020-10-29,995238.5997899862
2020-10-30,969996.8959302919
2020-11-02,972158.7775065135
2020-11-03,988975.7262811058
2020-11-04,1033122.6385688727
2020-11-05,1060057.9046739263
2020-11-06,1060850.4863858006
2020-11-09,1039174.9308363145
2020-11-10,1020559.1923686757
2020-11-11,1043389.3187238837
2020-11-12,1038492.7783246307
2020-11-13,1047603.3747228533
2020-11-16,1055779.062895507
2020-11-17,1052430.478978025
2020-11-18,1044653.3703626109
2020-11-19,1052828.1483364545
2020-11-20,1045626.7568269082
2020-11-23,1045664.6383339701
2020-11-24,1060357.1020151936
2020-11-25,1066875.008908546
2020-11-27,1076706.7601076814
2020-11-30,1078904.8974956514
2020-12-01,1092732.989642718
2020-12-02,1094138.172820199
2020-12-03,1095687.2046362248
2020-12-04,1100152.6401456678
2020-12-07,1106384.0103548456
2020-12-08,1110129.6555051322
2020-12-09,1084995.8297017529
2020-12-10,1089353.3598770767
2020-12-11,1086941.6367904989
2020-12-14,1094829.7056259394
2020-12-15,1106532.9416462963
2020-12-16,1112619.5183029128
2020-12-17,1119893.5031587118
2020-12-18,1116509.532384151
2020-12-21,1114422.6667610067
2020-12-22,1117453.4232467257
2020-12-23,1111826.5396567085
2020-12-24,1116733.3587139202
2020-12-28,1127990.9471983593
2020-12-29,1129001.921513125
2020-12-30,1129038.7022057525
2020-12-31,1131816.920951841
2021-01-04,1115837.9959077514
2021-01-05,1125037.8248996665
2021-01-06,1109454.10943454
2021-01-07,1136294.4863640238
2021-01-08,1150905.828559899
2021-01-11,1134276.8231051066
2021-01-12,1132473.6882887934
2021-01-13,1140122.1437867691
2021-01-14,1134026.240998384
2021-01-15,1125043.9970149933
2021-01-19,1141460.5820107507
2021-01-20,1168012.7838534056
2021-01-21,1177357.028047045
2021-01-22,1173966.7694150035
2021-01-25,1183672.8065587664
2021-01-26,1185405.244348016
2021-01-27,1152360.5471358239
2021-01-28,1159179.400065445
2021-01-29,1134792.9262151201
2021-02-01,1163150.5486433632
2021-02-02,1182126.675291172
2021-02-03,1177437.7489479552
2021-02-04,1191363.3888903498
2021-02-05,1195404.6389425625
2021-02-08,1203415.3746765752
2021-02-09,1203163.696058257
2021-02-10,1200422.6290166453
2021-02-11,1207025.156303634
2021-02-12,1213771.8846876093
2021-02-16,1210491.742826677
2021-02-17,1204684.0397043857
2021-02-18,1199417.6275272192
2021-02-19,1194186.917018949
2021-02-22,1163236.0465406338
2021-02-23,1159773.3958337512
2021-02-24,1169333.9882783457
2021-02-25,1128568.6444351012
2021-02-26,1133295.2875242617
2021-03-01,1167389.0823281393
2021-03-02,1148666.170772081
2021-03-03,1115332.2007307634
2021-03-04,1097078.3301107069
2021-03-05,1113601.9411436454
2021-03-08,1082073.2349788286
2021-03-09,1124752.0417345508
2021-03-10,1121542.0254141258
2021-03-11,1147373.2824062358
2021-03-12,1138065.8737367084
2021-03-15,1150225.8379605217
2021-03-16,1156539.7233043588
2021-03-17,1161302.8212761087
2021-03-18,1125731.8316452405
2021-03-19,1129700.81304425
2021-03-22,1150888.1249061578
2021-03-23,1145868.1327813084
2021-03-24,1126542.9495150188
2021-03-25,1124592.8128269364
2021-03-26,1141463.0209525286
2021-03-29,1141139.6593956645
2021-03-30,1135396.7219357027
2021-03-31,1152772.4698045396
2021-04-01,1172423.5573866027
2021-04-05,1195833.508635515
2021-04-06,1195003.433830771
2021-04-07,1197893.5105229844
2021-04-08,1210392.672111175
2021-04-09,1217726.5239050195
2021-04-12,1216138.932727069
2021-04-13,1230335.7700691172
2021-04-14,1215562.4488998277
2021-04-15,1233985.3031032188
2021-04-16,1235431.1526515018
2021-04-19,1224126.8640970935
2021-04-20,1215205.1562081876
2021-04-21,1225608.7512503031
2021-04-22,1210835.5900896832
2021-04-23,1226080.2224235486
2021-04-26,1234065.1908835876
2021-04-27,1228719.6751466102
2021-04-28,1224566.1899453385
2021-04-29,1228973.7142601698
2021-04-30,1220919.0930262164
2021-05-03,1214419.0162004232
2021-05-04,1192565.609818969
2021-05-05,1188555.8342790306
2021-05-06,1197515.5628338107
2021-05-07,1207233.1498930596
2021-05-10,1176747.2575206633
2021-05-11,1175122.4596916449
2021-05-12,1144707.4058128055
2021-05-13,1153558.1979256377
2021-05-14,1179025.5553309799
2021-05-17,1171875.2028567323
2021-05-18,1163964.6721193776
2021-05-19,1165301.6759906837
2021-05-20,1187843.5840239513
2021-05-21,1181269.8706930196
2021-05-24,1201139.5990631913
2021-05-25,1202801.8781198729
2021-05-26,1206992.9253220905
2021-05-27,1202477.8333921803
2021-05-28,1206271.6467317045
2021-06-01,1202264.4869820047
2021-06-02,1204613.2145015127
2021-06-03,1192079.050036222
2021-06-04,1212309.138416934
2021-06-07,1215923.1446513901
2021-06-08,1216501.988537837
2021-06-09,1216791.8582174915
2021-06-10,1229471.943596218
2021-06-11,1232687.623111582
2021-06-14,1244502.1706698483
2021-06-15,1236375.0254254756
2021-06-16,1231860.2412425585
2021-06-17,1247501.9053737521
2021-06-18,1237713.447599735
2021-06-21,1245407.9978366238
2021-06-22,1257017.5690229307
2021-06-23,1257633.287346357
2021-06-24,1265409.8641208513
2021-06-25,1263855.1299264987
2021-06-28,1279227.6247728919
2021-06-29,1283857.8885267389
2021-06-30,1281833.1299701345
2021-07-01,1282340.4835177162
2021-07-02,1297060.6662498782
2021-07-06,1302669.2071585497
2021-07-07,1305418.6936459655
2021-07-08,1297535.0817652598
2021-07-09,1305637.1165681924
2021-07-12,1310738.8937187325
2021-07-13,1310739.6128067013
2021-07-14,1313090.955935921
2021-07-15,1303869.2049841892
2021-07-16,1293309.216450479
2021-07-19,1282714.3447720525
2021-07-20,1297616.0682796712
2021-07-21,1307634.5780502944
2021-07-22,1316279.497682397
2021-07-23,1331650.7316383393
2021-07-26,1332701.720921968
2021-07-27,1318019.1638614973
2021-07-28,1323082.9396035587
2021-07-29,1325434.6500321964
2021-07-30,1318527.5365750466
2021-08-02,1318637.862194545
2021-08-03,1326631.2954513775
2021-08-04,1328549.0282083496
2021-08-05,1336976.9181811207
2021-08-06,1331118.247272916
2021-08-09,1333579.9339721976
2021-08-10,1326745.0010320668
2021-08-11,1324467.1727981502
2021-08-12,1329242.1224835159
2021-08-13,1333908.3525749065
2021-08-16,1334489.4290502158
2021-08-17,1322735.7981704117
2021-08-18,1310005.5616114007
2021-08-19,1316335.5421282146
2021-08-20,1329971.2750181477
2021-08-23,1349865.4408495377
2021-08-24,1353989.3339913008
2021-08-25,1355545.3298157924
2021-08-26,1346938.0987642491
2021-08-27,1360031.409764154
2021-08-30,1375296.0957648605
2021-08-31,1374175.9271171626
2021-09-01,1376455.1496315245
2021-09-02,1375804.799649532
2021-09-03,1380037.2282671034
2021-09-07,1381993.0087671974
2021-09-08,1377183.9892369395
2021-09-09,1372446.3872397048
2021-09-10,1362031.2321856301
2021-09-13,1361092.9198329693
2021-09-14,1357223.7451716764
2021-09-15,1367315.0420421497
2021-09-16,1368256.3477531886
2021-09-17,1352054.2851626708
2021-09-20,1324118.1951282711
2021-09-21,1325748.3504348232
2021-09-22,1338132.0388931416
2021-09-23,1350479.9155280013
2021-09-24,1351747.625608167
2021-09-27,1340959.7816262092
2021-09-28,1303015.1617171722
2021-09-29,1300879.5377399614
2021-09-30,1296100.5546113432
2021-10-01,1304139.8407339638
2021-10-04,1276768.3648413331
2021-10-05,1294004.0446166634
2021-10-06,1302296.4059487751
2021-10-07,1314245.7259187333
2021-10-08,1307692.9586561157
2021-10-11,1297665.4890944366
2021-10-12,1293140.0965415621
2021-10-13,1303496.5104743538
2021-10-14,1327503.3706524626
2021-10-15,1335868.011653448
2021-10-18,1349303.558774507
2021-10-19,1359514.914190512
2021-10-20,1357741.4229384416
2021-10-21,1366033.5462718955
2021-10-22,1354556.5613339166
2021-10-25,1368426.6526160988
2021-10-26,1372736.084090532
2021-10-27,1375923.5384853086
2021-10-28,1391204.0675471823
2021-10-29,1398047.9605790905
2021-11-01,1402829.8147918533
2021-11-02,1408696.7545149706
2021-11-03,1423651.7313508797
2021-11-04,1441901.6009890884
2021-11-05,1443278.1202611458
2021-11-08,1441325.5162161875
2021-11-09,1431405.0281749198
2021-11-10,1410368.4645564693
2021-11-11,1414279.7723067787
2021-11-12,1429162.3771133123
2021-11-15,1428838.7654344887
2021-11-16,1439014.2673907517
2021-11-17,1439776.0570311074
2021-11-18,1454694.3238529514
2021-11-19,1462805.9073453057
2021-11-22,1445826.397477762
2021-11-23,1439237.2554641352
2021-11-24,1443872.8735314761
2021-11-26,1416500.1532848321
2021-11-29,1447244.0916240173
2021-11-30,1425990.298140418
2021-12-01,1401730.4449873695
2021-12-02,1411833.912867215
2021-12-03,1387284.68121708
2021-12-06,1398403.528924035
2021-12-07,1440515.330303109
2021-12-08,1446961.6650503292
2021-12-09,1425671.257124962
2021-12-10,1441169.524064218
2021-12-13,1420351.857916757
2021-12-14,1405651.501860802
2021-12-15,1437697.45804788
2021-12-16,1400728.244895412
2021-12-17,1393740.79895301
2021-12-20,1380223.2948921542
2021-12-21,1411113.888266311
2021-12-22,1428300.1074878296
2021-12-23,1439068.7273986384
2021-12-27,1462855.6248004546
2021-12-28,1456076.5377831894
2021-12-29,1455859.984213785
2021-12-30,1451510.206838342
2021-12-31,1442446.7956776137
2022-01-03,1456335.193552186
2022-01-04,1437446.51756006
2022-01-05,1393287.7501577977
2022-01-06,1392309.230229725
2022-01-07,1377227.6426654658
2022-01-10,1378136.0621090073
2022-01-11,1398839.24085239
2022-01-12,1404387.4844447677
2022-01-13,1369255.812220423
2022-01-14,1377776.6017205555
2022-01-18,1343481.246214778
2022-01-19,1328725.7355216995
2022-01-20,1311468.2943207887
2022-01-21,1275103.7141832556
2022-01-24,1280942.9053352019
2022-01-25,1251249.6014193306
2022-01-26,1249292.7214272765
2022-01-27,1236712.2451428766
2022-01-28,1275507.153770108
2022-01-31,1316298.3117036754
2022-02-01,1325254.3241366502
2022-02-02,1336023.5846789207
2022-02-03,1281856.6661462786
2022-02-04,1298027.646411754
2022-02-07,1287587.7672982565
2022-02-08,1302055.1873721036
2022-02-09,1329647.552560036
2022-02-10,1299554.6728787646
2022-02-11,1258331.3657483296
2022-02-14,1259892.4770782017
2022-02-15,1291219.124651119
2022-02-16,1290893.3975866982
2022-02-17,1252498.3383808415
2022-02-18,1238213.4213950902
2022-02-22,1225780.1584057424
2022-02-23,1194382.397735509
2022-02-24,1234519.3199870596
2022-02-25,1253663.8813116024
2022-02-28,1257400.4134485149
2022-03-01,1238148.5541907714
2022-03-02,1258924.6773247183
2022-03-03,1240941.584308121
2022-03-04,1222958.6990427813
2022-03-07,1177856.7588157014
2022-03-08,1172382.5562062943
2022-03-09,1214586.5563972653
2022-03-10,1201099.4753560259
2022-03-11,1176191.2032788496
2022-03-14,1153604.962836878
2022-03-15,1189790.4200915892
2022-03-16,1233916.6096274327
2022-03-17,1248855.4148619454
2022-03-18,1274417.8945631
2022-03-21,1270876.5678385904
2022-03-22,1295853.3408394062
2022-03-23,1277231.1776943782
2022-03-24,1305620.1524155699
2022-03-25,1304532.1218337396
2022-03-28,1324718.2039085494
2022-03-29,1347517.2626320836
2022-03-30,1332633.6813400688
2022-03-31,1316116.7305623947
2022-04-01,1313612.5972452615
2022-04-04,1340660.4624899072
2022-04-05,1310892.8001209483
2022-04-06,1282432.246889144
2022-04-07,1285482.4188490093
2022-04-08,1267513.0894438087
2022-04-11,1237528.97380028
2022-04-12,1232302.0920120617
2022-04-13,1257351.600271133
2022-04-14,1228600.503989353
2022-04-18,1229547.2784414568
2022-04-19,1257029.4062682355
2022-04-20,1238696.8704934218
2022-04-21,1213067.4869293026
2022-04-22,1181302.6899703436
2022-04-25,1196479.6713315875
2022-04-26,1151319.2887334882
2022-04-27,1149940.3079757157
2022-04-28,1190782.1059274208
2022-04-29,1137199.1650081137
2022-05-02,1156187.50798752
2022-05-03,1157422.8476825163
2022-05-04,1196558.2622760043
2022-05-05,1136295.333439154
2022-05-06,1122681.757648974
2022-05-09,1078756.7262810536
2022-05-10,1091862.8761498213
2022-05-11,1059480.8380317923
2022-05-12,1056976.6213242034
2022-05-13,1096148.5727411003
2022-05-16,1083444.2520324434
2022-05-17,1111507.2824027475
2022-05-18,1056943.4742607162
2022-05-19,1051280.852652731
2022-05-20,1048014.2922413513
2022-05-23,1065441.4218522457
2022-05-24,1042788.5696533521
2022-05-25,1057383.2967972117
2022-05-26,1086680.9449112178
2022-05-27,1122150.5272337347
2022-05-31,1119176.115369294
2022-06-01,1110899.4648375872
2022-06-02,1141322.6694909951
2022-06-03,1111626.6186920765
2022-06-06,1115331.3823091374
2022-06-07,1124952.757679582
2022-06-08,1116857.5058906937
2022-06-09,1086943.4034702338
2022-06-10,1048606.9345315981
2022-06-13,999852.454292185
2022-06-14,1001668.0786396469
2022-06-15,1026681.8130299207
2022-06-16,985259.7686865777
2022-06-17,997240.4890518589
2022-06-21,1022402.6800476531
2022-06-22,1020911.8852156212
2022-06-23,1036116.7519936917
2022-06-24,1071618.4735243835
2022-06-27,1063763.6112590448
2022-06-28,1031354.5427429685
2022-06-29,1032301.2716754233
2022-06-30,1019497.9166923187
2022-07-01,1026227.5254129883
2022-07-05,1043798.6897969233
2022-07-06,1050492.04427798
2022-07-07,1072971.8851071917
2022-07-08,1074318.4708028056
2022-07-11,1051368.0679379492
2022-07-12,1041183.7255818435
2022-07-13,1039037.8390855879
2022-07-14,1042748.9278578504
2022-07-15,1061664.510903687
2022-07-18,1052681.5961669344
2022-07-19,1085055.6853924
2022-07-20,1102261.3370381962
2022-07-21,1118085.055835443
2022-07-22,1098479.6662440184
2022-07-25,1092224.8557081718
2022-07-26,1070764.4785714122
2022-07-27,1116015.289923029
2022-07-28,1126928.005093081
2022-07-29,1147480.539058444
2022-08-01,1146791.5044688245
2022-08-02,1143372.8924882535
2022-08-03,1174510.7101440837
2022-08-04,1180003.7135102132
2022-08-05,1170365.0857894688
2022-08-08,1166583.9827660585
2022-08-09,1153380.4704430162
2022-08-10,1185573.0032578346
2022-08-11,1178844.111653377
2022-08-12,1201797.67359975
2022-08-15,1211511.7806885852
2022-08-16,1208675.2462588048
2022-08-17,1194889.6304501325
2022-08-18,1197763.8888128288
2022-08-19,1174411.7040852425
2022-08-22,1143494.4125786498
2022-08-23,1142549.4170077548
2022-08-24,1145860.3514510717
2022-08-25,1166121.8802600552
2022-08-26,1118325.3155691023
2022-08-29,1107305.3178425992
2022-08-30,1094974.7869161498
2022-08-31,1088609.2119773729
2022-09-01,1089083.1348778096
2022-09-02,1073696.8287423
2022-09-06,1065987.1744578884
2022-09-07,1087522.4989816612
2022-09-08,1093161.2780681662
2022-09-09,1117061.0048262104
2022-09-12,1130339.7029644968
2022-09-13,1068355.9783102158
2022-09-14,1076832.1234145195
2022-09-15,1058899.664615896
2022-09-16,1052425.2653697343
2022-09-19,1060622.5174100758
2022-09-20,1052168.898153257
2022-09-21,1033329.2914877341
2022-09-22,1020611.6864261553
2022-09-23,1003995.0271144317
2022-09-26,999842.3678831524
2022-09-27,1000243.9009817401
2022-09-28,1020141.2582487613
2022-09-29,990733.6339817349
2022-09-30,973934.8869821586
2022-10-03,996785.1779626013
2022-10-04,1028125.3205343129
2022-10-05,1027579.6331250921
2022-10-06,1019489.8239367835
2022-10-07,980643.5810319538
2022-10-10,970842.5595535086
2022-10-11,957505.6172034686
2022-10-12,957177.8443474055
2022-10-13,979626.5360331964
2022-10-14,950182.1888791841
2022-10-17,981560.1444317452
2022-10-18,989322.9236408996
2022-10-19,985715.2442223005
2022-10-20,980687.090622036
2022-10-21,1003682.2637309711
2022-10-24,1014726.1136481417
2022-10-25,1035717.0847692422
2022-10-26,1012832.388368485
2022-10-27,994393.1516834706
2022-10-28,1024822.4028779403
2022-10-31,1012907.9708656658
2022-11-01,1002558.71694667
2022-11-02,968194.6085526549
2022-11-03,949281.3088668883
2022-11-04,964551.2423530081
2022-11-07,975157.9443446386
2022-11-08,982264.5447035319
2022-11-09,959597.9432187366
2022-11-10,1030405.6365089094
2022-11-11,1049392.6359400211
2022-11-14,1040211.0626439154
2022-11-15,1054606.1719926558
2022-11-16,1040212.2039901727
2022-11-17,1037916.8035812854
2022-11-18,1037954.0029858944
2022-11-21,1027277.9377880078
2022-11-22,1042074.433486449
2022-11-23,1052533.8061622747
2022-11-25,1045610.8424531919
2022-11-28,1030270.2011428477
2022-11-29,1022472.0578557452
2022-11-30,1069082.6544166836
2022-12-01,1070395.3319888338
2022-12-02,1066131.9053338151
2022-12-05,1048240.4254229238
2022-12-06,1026521.1356534882
2022-12-07,1022330.8202173688
2022-12-08,1034430.3313732415
2022-12-09,1027834.5806833021
2022-12-12,1040736.9104817943
2022-12-13,1051925.821774649
2022-12-14,1044127.5124314367
2022-12-15,1009069.821298046
2022-12-16,999449.5080338066
2022-12-19,985405.2466930035
2022-12-20,984638.8191927962
2022-12-21,998922.5839922988
2022-12-22,974484.2159602706
2022-12-23,976676.4491581764
2022-12-27,962870.2694988926
2022-12-28,950158.4332949201
2022-12-29,973319.1850206455
2022-12-30,972735.1045313131
2023-01-03,966161.8762014433
2023-01-04,970765.2766014856
2023-01-05,955568.8546029585
2023-01-06,981944.5909246651
2023-01-09,988302.6017572768
2023-01-10,996668.4483827046
2023-01-11,1013911.6519354348
2023-01-12,1019391.9698036633
2023-01-13,1026406.4776162282
2023-01-17,1028490.9063563079
2023-01-18,1015121.190465217
2023-01-19,1005148.8364239304
2023-01-20,1032657.1861434969
2023-01-23,1055600.3285109547
2023-01-24,1053445.4606172207
2023-01-25,1051108.116146522
2023-01-26,1071602.469280167
2023-01-27,1082270.415768657
2023-01-30,1060390.0205719061
2023-01-31,1076281.6102437729
2023-02-01,1099296.9059921065
2023-02-02,1138751.1324468763
2023-02-03,1118513.4014159862
2023-02-06,1109053.8238578083
2023-02-07,1132032.4679615805
2023-02-08,1111904.2313555737
2023-02-09,1102078.000857846
2023-02-10,1094845.6692010262
2023-02-13,1112382.5838799765
2023-02-14,1120602.4734593194
2023-02-15,1129188.1210295046
2023-02-16,1108000.3164334903
2023-02-17,1100183.1025418942
2023-02-21,1074138.8711792994
2023-02-22,1074943.0874206875
2023-02-23,1084332.261252772
2023-02-24,1066176.6007141587
2023-02-27,1073813.4013054213
2023-02-28,1072425.7271040902
2023-03-01,1063804.5846585159
2023-03-02,1072609.7229059585
2023-03-03,1094784.9048755364
2023-03-06,1096028.9010089613
2023-03-07,1082585.6057189046
2023-03-08,1087993.089737075
2023-03-09,1069142.9959878682
2023-03-10,1054128.9142791354
2023-03-13,1061948.5738957406
2023-03-14,1086352.7671956352
2023-03-15,1092052.3088917714
2023-03-16,1120840.1422520839
2023-03-17,1115543.396214345
2023-03-20,1119504.2663288722
2023-03-21,1135494.153872537
2023-03-22,1120054.2993184947
2023-03-23,1133336.9262660833
2023-03-24,1137508.5361351753
2023-03-27,1129716.9969639352
2023-03-28,1123717.0371257826
2023-03-29,1144207.3490120799
2023-03-30,1155038.4972840783
2023-03-31,1174248.0708188238
2023-04-03,1171396.1777689294
2023-04-04,1167445.0347643518
2023-04-05,1155920.2341985242
2023-04-06,1163714.3224338267
2023-04-10,1163058.1671959613
2023-04-11,1155594.6844611603
2023-04-12,1145386.9111854795
2023-04-13,1167817.0145302494
2023-04-14,1165622.067645789
2023-04-17,1166611.8257627261
2023-04-18,1166685.8455976536
2023-04-19,1166137.4450506899
2023-04-20,1157247.1716572838
2023-04-21,1158454.991837866
2023-04-24,1156042.1825916853
2023-04-25,1134235.2753872885
2023-04-26,1141114.7452735333
2023-04-27,1172143.3552663093
2023-04-28,1180230.270968685
2023-05-01,1178878.6021381288
2023-05-02,1168597.3492459885
2023-05-03,1160950.7265979317
2023-05-04,1156853.3207411002
2023-05-05,1181442.5668142608
2023-05-08,1184371.4310664046
2023-05-09,1176871.0981505818
2023-05-10,1189678.3260367154
2023-05-11,1193557.463830656
2023-05-12,1189277.0041089712
2023-05-15,1195718.7330661109
2023-05-16,1197073.4665668264
2023-05-17,1211563.5115229688
2023-05-18,1234067.121572901
2023-05-19,1231286.9406617293
2023-05-22,1235423.4565689163
2023-05-23,1219763.6705747223
2023-05-24,1213507.3637909263
2023-05-25,1243036.098393376
2023-05-26,1274796.909799037
2023-05-30,1280581.2599297676
2023-05-31,1273300.3512872623
2023-06-01,1288010.1332139906
2023-06-02,1297670.5926206396
2023-06-05,1298587.6679550114
2023-06-06,1298368.9176294059
2023-06-07,1276342.11118625
2023-06-08,1292186.696651471
2023-06-09,1297126.9751726303
2023-06-12,1319046.6730411332
2023-06-13,1329182.9966408343
2023-06-14,1338843.4284584678
2023-06-15,1354797.670317161
2023-06-16,1346272.881875081
2023-06-20,1344348.6677112274
2023-06-21,1326028.9503142613
2023-06-22,1341675.3815012502
2023-06-23,1328375.458836609
2023-06-26,1310570.1354847543
2023-06-27,1333105.0119846014
2023-06-28,1335707.2445075668
2023-06-29,1333033.2057578017
2023-06-30,1353589.4140137301
2023-07-03,1356779.1891694888
2023-07-05,1356744.384585999
2023-07-06,1346412.1202645118
2023-07-07,1341942.8648742556
2023-07-10,1342384.6898118798
2023-07-11,1349017.4470532665
2023-07-12,1366055.9548375404
2023-07-13,1389251.0540004864
2023-07-14,1388958.737974194
2023-07-17,1401931.9167796404
2023-07-18,1413401.3292660315
2023-07-19,1413072.3908110834
2023-07-20,1380499.2842004201
2023-07-21,1376359.3860860816
2023-07-24,1378560.091133283
2023-07-25,1387904.477615321
2023-07-26,1383288.2032428721
2023-07-27,1379991.2401461687
2023-07-28,1405128.3095011443
2023-07-31,1405863.5519643277
2023-08-01,1402602.886020891
2023-08-02,1371825.0052784567
2023-08-03,1369627.0784890675
2023-08-04,1363215.6467158701
2023-08-07,1374759.8162929302
2023-08-08,1363071.8695762001
2023-08-09,1348086.3920777095
2023-08-10,1350578.6744682845
2023-08-11,1341968.6323547729
2023-08-14,1357030.491991571
2023-08-15,1342631.242287895
2023-08-16,1328414.812643786
2023-08-17,1313905.2837468311
2023-08-18,1312257.180565229
2023-08-21,1333401.572272089
2023-08-22,1331497.02726759
2023-08-23,1352493.6981253412
2023-08-24,1323583.8338762713
2023-08-25,1333844.2395439108
2023-08-28,1343886.203412958
2023-08-29,1373237.5959352446
2023-08-30,1380896.5796812414
2023-08-31,1385037.9720940439
2023-09-01,1383572.9602881644
2023-09-05,1385335.199381654
2023-09-06,1373133.601599143
2023-09-07,1363314.2327585674
2023-09-08,1365220.2749850124
2023-09-11,1381308.5524119418
2023-09-12,1365993.081566606
2023-09-13,1371196.711763781
2023-09-14,1382410.2477375136
2023-09-15,1358740.0286135501
2023-09-18,1360158.5573386324
2023-09-19,1357260.2714353823
2023-09-20,1337702.32341922
2023-09-21,1313190.3941583794
2023-09-22,1313374.636823575
2023-09-25,1319614.7441602836
2023-09-26,1299800.0297311484
2023-09-27,1302846.560322646
2023-09-28,1313745.891928796
2023-09-29,1314700.863672833
2023-10-02,1325674.940985754
2023-10-03,1302410.6431725973
2023-10-04,1320135.3074686606
2023-10-05,1316246.424905163
2023-10-06,1338301.500497632
2023-10-09,1345129.0189028736
2023-10-10,1352579.035374715
2023-10-11,1362230.5533168782
2023-10-12,1357497.7859576624
2023-10-13,1340434.5211426124
2023-10-16,1355592.5864450969
2023-10-17,1351153.123479029
2023-10-18,1333429.3237167024
2023-10-19,1320953.5444037288
2023-10-20,1301248.2524751977
2023-10-23,1305177.0174768744
2023-10-24,1317874.66842217
2023-10-25,1285619.381365589
2023-10-26,1261106.9528484785
2023-10-27,1267162.2879761064
2023-10-30,1281439.469522444
2023-10-31,1287568.444357867
2023-11-01,1309917.1422341021
2023-11-02,1333697.2109508016
2023-11-03,1349367.5524822697
2023-11-06,1354874.2108589758
2023-11-07,1367681.8979034857
2023-11-08,1368563.4183685998
2023-11-09,1358032.4691161998
2023-11-10,1388564.8298648042
2023-11-13,1384236.6406824447
2023-11-14,1414035.0863132048
2023-11-15,1415100.277040254
2023-11-16,1416312.0180786382
2023-11-17,1416643.099740286
2023-11-20,1433892.869654114
2023-11-21,1425563.5435042577
2023-11-22,1431399.1169995891
2023-11-24,1429382.442142289
2023-11-27,1428137.071383309
2023-11-28,1431881.1405888153
2023-11-29,1430487.0823814794
2023-11-30,1426891.6965210978
2023-12-01,1430965.8508334316
2023-12-04,1417683.75907289
2023-12-05,1421244.3072359322
2023-12-06,1413024.818659811
2023-12-07,1432768.7671246408
2023-12-08,1439154.7581812593
2023-12-11,1451450.6977022814
2023-12-12,1463011.1776479727
2023-12-13,1481617.5115470344
2023-12-14,1480333.9516035554
2023-12-15,1487490.6401218958
2023-12-18,1496862.2714697046
2023-12-19,1504511.5489869441
2023-12-20,1482155.703555677
2023-12-21,1499401.8589279475
2023-12-22,1501645.9062215232
2023-12-26,1510841.9485520723
2023-12-27,1513918.3305531945
2023-12-28,1513183.2125846841
2023-12-29,1506635.4854389925
2024-01-02,1481143.2484032693
2024-01-03,1465471.4234964713
2024-01-04,1457929.9777576935
2024-01-05,1459659.9456229901
2024-01-08,1489830.6165665796
2024-01-09,1492774.6784609947
2024-01-10,1502893.041240876
2024-01-11,1506020.8745070898
2024-01-12,1506794.407524204
2024-01-16,1506650.3635761621
2024-01-17,1498152.6437103301
2024-01-18,1519418.617768492
2024-01-19,1549550.8082676812
2024-01-22,1551577.1309912414
2024-01-23,1558016.258223223
2024-01-24,1566662.7018703413
2024-01-25,1568577.0796721368
2024-01-26,1559232.9065234673
2024-01-29,1575202.5818407189
2024-01-30,1564718.151610836
2024-01-31,1534072.1218673883
2024-02-01,1552137.2737964697
2024-02-02,1578370.292829448
2024-02-05,1576312.5774879754
2024-02-06,1573149.1810477423
2024-02-07,1589338.317372024
2024-02-08,1592282.3685134144
2024-02-09,1607956.1976772782
2024-02-12,1601667.6226019885
2024-02-13,1576687.2519597348
2024-02-14,1593869.5766757873
2024-02-15,1598616.581901023
2024-02-16,1584121.9020248412
2024-02-20,1572168.0224464957
2024-02-21,1565877.4048096563
2024-02-22,1611720.5722084497
2024-02-23,1606975.190993685
2024-02-26,1606131.6036990774
2024-02-27,1609995.6611728845
2024-02-28,1601424.0682802738
2024-02-29,1615148.335125991
2024-03-01,1639468.4631577833
2024-03-04,1633621.247993985
2024-03-05,1604299.054280498
2024-03-06,1614381.0357788673
2024-03-07,1638885.351424861
2024-03-08,1615228.9305554314
2024-03-11,1609234.5256241637
2024-03-12,1632303.8152637098
2024-03-13,1619758.8140989623
2024-03-14,1615675.9716861243
2024-03-15,1596471.2843022216
2024-03-18,1611700.234662685
2024-03-19,1615716.8157944926
2024-03-20,1634874.6272967907
2024-03-21,1642612.1015162268
2024-03-22,1644492.1029627763
2024-03-25,1638526.3748363138
2024-03-26,1633222.3369228558
2024-03-27,1638786.1314947044
2024-03-28,1635766.0545464181
2024-04-01,1639232.6968357589
2024-04-02,1625086.6643033996
2024-04-03,1628734.723035825
2024-04-04,1603831.1586742422
2024-04-05,1622731.6268701842
2024-04-08,1623213.0095448738
2024-04-09,1629219.1378610125
2024-04-10,1614999.4159361238
2024-04-11,1640789.000426182
2024-04-12,1614632.6233457092
2024-04-15,1588072.8687352445
2024-04-16,1588221.0978654167
2024-04-17,1568843.4283733687
2024-04-18,1559892.0880897478
2024-04-19,1527620.032855856
2024-04-22,1542985.25541158
2024-04-23,1566012.027508536
2024-04-24,1571318.0216637123
2024-04-25,1563729.6302586528
2024-04-26,1587861.4712101652
2024-04-29,1594311.2375179173
2024-04-30,1564249.5055744324
2024-05-01,1552940.2394381491
2024-05-02,1572761.7554508084
2024-05-03,1604372.6035741202
2024-05-06,1621948.6906812568
2024-05-07,1622207.545130454
2024-05-08,1621250.4265404085
2024-05-09,1624788.1776253253
2024-05-10,1628620.424675709
2024-05-13,1632380.9577487195
2024-05-14,1642881.634293667
2024-05-15,1668561.3371781732
2024-05-16,1665172.8514534046
2024-05-17,1664363.4534793273
2024-05-20,1675971.1562339969
2024-05-21,1679250.994014961
2024-05-22,1678920.2112250251
2024-05-23,1671368.7447326828
2024-05-24,1687174.8363981023
2024-05-28,1693552.0567995743
2024-05-29,1681616.3735937935
2024-05-30,1663601.533844625
2024-05-31,1660507.6267764685
2024-06-03,1669426.0314989502
2024-06-04,1673995.2786527674
2024-06-05,1707743.7871396162
2024-06-06,1707155.3897574067
2024-06-07,1705645.72258746
2024-06-10,1712538.0321166774
2024-06-11,1724291.6651911917
2024-06-12,1746876.7394949757
2024-06-13,1756346.3411761017
2024-06-14,1765447.2621054642
2024-06-17,1787076.7836306563
2024-06-18,1787630.3467942814
2024-06-20,1773853.3418063372
2024-06-21,1769101.3672061774
2024-06-24,1748963.7320016257
2024-06-25,1768965.1686946806
2024-06-26,1772619.3917427934
2024-06-27,1777195.922199314
2024-06-28,1767971.5822485844
2024-07-01,1778343.9133159148
2024-07-02,1797016.8899769387
2024-07-03,1811999.9786159527
2024-07-05,1830895.329587312
2024-07-08,1835252.597140881
2024-07-09,1836840.249382646
2024-07-10,1855993.2143818662
2024-07-11,1815291.9483762165
2024-07-12,1825957.6131508886
2024-07-15,1830868.3905992387
2024-07-16,1831570.603277136
2024-07-17,1777806.0214251212
2024-07-18,1769393.399001373
2024-07-19,1753711.0398311347
2024-07-22,1779840.4485570234
2024-07-23,1773568.0792807688
2024-07-24,1709950.7963119124
2024-07-25,1691094.6928653338
2024-07-26,1708439.524652085
2024-07-29,1711874.2074406408
2024-07-30,1688368.5586248357
2024-07-31,1738334.681533221
2024-08-01,1696230.6808528102
2024-08-02,1655971.6185944688
2024-08-05,1606599.6157874449
2024-08-06,1621951.695081075
2024-08-07,1604387.2316567416
2024-08-08,1653467.8457661623
2024-08-09,1662103.787456867
2024-08-12,1665686.015370579
2024-08-13,1707017.0872678412
2024-08-14,1707571.875560814
2024-08-15,1750711.2569934716
2024-08-16,1752963.1319122398
2024-08-19,1775992.9780731169
2024-08-20,1772267.0762569373
2024-08-21,1780533.8660849682
2024-08-22,1752304.891536309
2024-08-23,1771310.4489580633
2024-08-26,1754116.8752081057
2024-08-27,1759357.9024257448
2024-08-28,1739394.5588204868
2024-08-29,1736849.3897564856
2024-08-30,1757552.428158902
2024-09-03,1704195.4297712634
2024-09-04,1699768.0028242464
2024-09-05,1701355.8588220424
2024-09-06,1655782.0772583247
2024-09-09,1677077.3907071636
2024-09-10,1692577.6284075072
2024-09-11,1729333.5100621157
2024-09-12,1746309.6550142919
2024-09-13,1754134.197242357
2024-09-16,1746387.3430383634
2024-09-17,1747310.9874183892
2024-09-18,1739746.89296437
2024-09-19,1783735.9517269393
2024-09-20,1780341.9444427968
2024-09-23,1785063.9275109787
2024-09-24,1793675.3509302046
2024-09-25,1795339.294253985
2024-09-26,1808828.8859137488
2024-09-27,1798778.1414915433
2024-09-30,1803659.152050936
2024-10-01,1778530.6306940499
2024-10-02,1781044.6613042334
2024-10-03,1779715.3106566402
2024-10-04,1800891.4975925153
2024-10-07,1781603.8702408373
2024-10-08,1808212.38606661
2024-10-09,1822441.2176177145
2024-10-10,1820372.633737102
2024-10-11,1823219.2262076023
2024-10-14,1838521.657402568
2024-10-15,1813947.629411328
2024-10-16,1814170.1957041065
2024-10-17,1815427.671863297
2024-10-18,1827328.3141980185
2024-10-21,1830842.1015325899
2024-10-22,1832838.7321847384
2024-10-23,1804753.5819160496
2024-10-24,1819388.8010906137
2024-10-25,1830476.4907694655
2024-10-28,1830775.1611721017
2024-10-29,1848367.1275210176
2024-10-30,1834398.924249859
2024-10-31,1788094.7095449106
2024-11-01,1801325.549592933
2024-11-04,1796080.967675842
2024-11-05,1818994.3898896554
2024-11-06,1868405.0690383224
2024-11-07,1897822.720476512
2024-11-08,1900041.5494348377
2024-11-11,1898935.8946806777
2024-11-12,1895499.6309720334
2024-11-13,1893061.9852714622
2024-11-14,1879906.5872092117
2024-11-15,1835117.305710916
2024-11-18,1847870.0582870254
2024-11-19,1860583.597594828
2024-11-20,1859513.0446842627
2024-11-21,1866203.0961661108
2024-11-22,1869197.610242054
2024-11-25,1872157.0817812048
2024-11-26,1882210.0627110656
2024-11-27,1867391.8895076164
2024-11-29,1883802.3202893834
2024-12-02,1904316.244732526
2024-12-03,1910156.2467062187
2024-12-04,1933772.6103694225
2024-12-05,1928414.84848356
2024-12-06,1945674.5846086885
2024-12-09,1930525.6048331088
2024-12-10,1923948.2948996439
2024-12-11,1958392.6007005342
2024-12-12,1945754.734698678
2024-12-13,1960649.680278452
2024-12-16,1988887.5002764454
2024-12-17,1980129.4623442902
2024-12-18,1908693.8633880739
2024-12-19,1900194.7927113122
2024-12-20,1916789.5673772222
2024-12-23,1935467.0746586232
2024-12-24,1961713.0761715374
2024-12-26,1960382.1082169905
2024-12-27,1934324.1594967018
2024-12-30,1908600.8170745492
2024-12-31,1892388.7130556195
2025-01-02,1888689.2436409502
2025-01-03,1919599.1430217691
2025-01-06,1941663.905125235
2025-01-07,1907017.2686301714
2025-01-08,1907351.6542233492
2025-01-10,1877444.3291059479
2025-01-13,1871413.720766382
2025-01-14,1869637.879963582
2025-01-15,1912652.2557020036
2025-01-16,1899253.4356122925
2025-01-17,1931310.9814706047
2025-01-21,1942642.2385420355
2025-01-22,1967481.5465775195
2025-01-23,1971665.5062526488
2025-01-24,1960524.601461183
2025-01-27,1903447.9004199721
2025-01-28,1931581.6630065916
2025-01-29,1927955.2109913416
2025-01-30,1936174.1111004488
2025-01-31,1933361.612326854
2025-02-03,1917891.6629583254
2025-02-04,1941435.5416271244
2025-02-05,1950246.7345561497
2025-02-06,1960427.2793247285
2025-02-07,1935701.199172462
2025-02-10,1959136.211807554
2025-02-11,1954473.4072803396
2025-02-12,1955621.6715614258
2025-02-13,1983756.2787596856
2025-02-14,1992085.8993186106
2025-02-18,1996606.4438791818
2025-02-19,1997162.700376054
2025-02-20,1988686.601526764
2025-02-21,1947413.6135166176
2025-02-24,1924428.8964935283
2025-02-25,1900183.5115469196
2025-02-26,1904774.4954810843
2025-02-27,1851877.6025575954
2025-02-28,1881122.5982966938
2025-03-03,1839962.0120991895
2025-03-04,1834410.232499086
2025-03-05,1858324.777817608
2025-03-06,1807204.3458474928
2025-03-07,1820494.7231645219
2025-03-10,1749941.89923708
2025-03-11,1745759.8711314914
2025-03-12,1765454.366992612
2025-03-13,1733693.8855869235
2025-03-14,1775599.2191541665
2025-03-17,1787114.4447287011
2025-03-18,1756649.8523021075
2025-03-19,1780157.209352836
2025-03-20,1774124.2691844453
2025-03-21,1779973.9920191402
2025-03-24,1819037.2774334007
2025-03-25,1829418.7758191722
2025-03-26,1795757.2257194207
2025-03-27,1785525.9953438526
2025-03-28,1738518.0533318268
2025-03-31,1738446.5956333529
2025-04-01,1752461.4153503838
2025-04-02,1765252.5460480922
2025-04-03,1670753.4824677818
2025-04-04,1566985.5864362381
2025-04-07,1570769.5726306008
2025-04-08,1542483.3306561268
2025-04-09,1727629.8152000478
2025-04-10,1654150.7017754775
2025-04-11,1684626.23299642
2025-04-14,1696047.7041529913
2025-04-15,1697939.4034249326
2025-04-16,1646741.4790849749
2025-04-17,1646445.9003481718
2025-04-21,1605705.2635535863
2025-04-22,1647859.1944872537
2025-04-23,1685230.6312287613
2025-04-24,1732649.193870217
2025-04-25,1751965.5013131967
2025-04-28,1751412.178601158
2025-04-29,1762980.3447243914
2025-04-30,1762758.8064449085
2025-05-01,1785782.672121565
2025-05-02,1812291.537512225
2025-05-05,1801543.2084145849
2025-05-06,1784786.691067005
2025-05-07,1791794.5139758945
2025-05-08,1810295.6278366887
2025-05-09,1809110.3365916873
2025-05-12,1882816.830812827
2025-05-13,1911513.4212673446
2025-05-14,1922970.5737295435
2025-05-15,1925084.4806594655
2025-05-16,1933464.7908588913
2025-05-19,1935321.5596818095
2025-05-20,1928871.826762147
2025-05-21,1902067.8938330926
2025-05-22,1905628.2711613798
2025-05-23,1887981.5076912437
2025-05-27,1932401.1325825953
2025-05-28,1923837.5921937488
2025-05-29,1927620.5041469415
2025-05-30,1924581.3243172609
2025-06-02,1939785.475989211
2025-06-03,1954949.745840186
2025-06-04,1960401.2258610665
2025-06-05,1945646.3119573197
2025-06-06,1964666.4633929515
2025-06-09,1967561.7624609822
2025-06-10,1980576.3472631203
2025-06-11,1973903.4816319996
2025-06-12,1978539.1612643194
2025-06-13,1953700.069390226
2025-06-16,1980879.2447907345
2025-06-17,1961564.299189543
2025-06-18,1961231.4374221985
2025-06-20,1953225.6721588948
2025-06-23,1973312.791666886
2025-06-24,2003490.1689185174
2025-06-25,2008613.0347579874
2025-06-26,2027395.0964134298
2025-06-27,2034337.234514926
2025-06-30,2047517.2173125322
2025-07-01,2030258.6129184465
2025-07-02,2044401.320359815
2025-07-03,2064520.1469316015
2025-07-07,2048972.6149986128
2025-07-08,2050124.2099137595
2025-07-09,2064638.0289544866
2025-07-10,2061670.105961152
2025-07-11,2057031.33093003
2025-07-14,2064495.501065792
2025-07-15,2066389.4317803418
2025-07-16,2068506.220899763
2025-07-17,2085247.312395921
2025-07-18,2083244.113063182
2025-07-21,2094048.705063033
2025-07-22,2083211.5797395092
2025-07-23,2092714.770157721
2025-07-24,2097169.8774302118
2025-07-25,2102219.1243058685
2025-07-28,2108792.677853108
2025-07-29,2105527.224848738
2025-07-30,2108349.2755963295
2025-07-31,2097177.93118128
2025-08-01,2055867.4387643677
2025-08-04,2093804.8248046401
2025-08-05,2079589.9057157724
2025-08-06,2105759.3247127775
2025-08-07,2112886.7328021573
2025-08-08,2132597.3812465854
2025-08-11,2126290.7118801964
2025-08-12,2153017.0502466536
2025-08-13,2154094.7419006443
2025-08-14,2152425.498997932
2025-08-15,2142961.8454383947
2025-08-18,2142111.491695201
2025-08-19,2113049.2922579576
2025-08-20,2100504.6969045675
2025-08-21,2090781.0174619015
2025-08-22,2123037.3458828693
2025-08-25,2116916.595579808
2025-08-26,2125417.447162478
2025-08-27,2128685.275079589
2025-08-28,2142011.6990059335
2025-08-29,2117218.0864724754
2025-09-02,2099480.261144885
2025-09-03,2115998.948141261
2025-09-04,2135153.075605736
2025-09-05,2138235.1682502646
2025-09-08,2148668.854663656
2025-09-09,2154757.4500711216
2025-09-10,2155463.872355298
2025-09-11,2168011.1885345154
2025-09-12,2177589.1309075104
2025-09-15,2196226.0850787912
2025-09-16,2194370.8495395356
2025-09-17,2189992.3995952024
2025-09-18,2209740.639758145
2025-09-19,2224700.620535037
2025-09-22,2237874.466878011
2025-09-23,2223011.1384533467
2025-09-24,2215208.217046015
2025-09-25,2205659.017946992
2025-09-26,2214727.583475246
2025-09-29,2224987.8220007597
2025-09-30,2231083.8140885383
2025-10-01,2241787.374267402
2025-10-02,2251004.6425878117
2025-10-03,2241529.861637735
2025-10-06,2258367.8143143873
2025-10-07,2246477.225968974
2025-10-08,2272231.729567957
2025-10-09,2269482.996595996
2025-10-10,2190700.9267746527
2025-10-13,2237194.0857555196
2025-10-14,2222293.4790902017
2025-10-15,2237976.9180216743
2025-10-16,2229691.06882612
2025-10-17,2244334.176234246
2025-10-20,2272618.2111722506
2025-10-21,2272025.066910782
2025-10-22,2250137.6404235032
2025-10-23,2269054.4630856365
2025-10-24,2293285.321471998
2025-10-27,2334130.7930869088
2025-10-28,2352081.568446272
2025-10-29,2362674.2662995756
2025-10-30,2326553.436514587
2025-10-31,2337778.088553613
2025-11-03,2348967.5403216407
2025-11-04,2301289.240267589
2025-11-05,2316267.413736333
2025-11-06,2273122.709317461
2025-11-07,2265951.586012437
2025-11-10,2316087.7762913103
2025-11-11,2309919.920691703
2025-11-12,2308100.2031161604
2025-11-13,2260979.391850124
2025-11-14,2262689.842038481
2025-11-17,2243369.082747632
2025-11-18,2216055.223521239
2025-11-19,2229286.6881347527
2025-11-20,2176516.454417651
2025-11-21,2192869.48545709
2025-11-24,2248952.0107377176
2025-11-25,2262815.274532552
2025-11-26,2282809.940090477
2025-11-28,2301319.5408533798
2025-12-01,2293593.3391672634
2025-12-02,2311544.436946692
2025-12-03,2317194.488321207
2025-12-04,2315040.556234773
2025-12-05,2324481.062023942
2025-12-08,2320025.3577303663
2025-12-09,2322888.0253650844
2025-12-10,2332403.2322105626
2025-12-11,2324860.4743848
2025-12-12,2280414.3277699016
2025-12-15,2268971.780964712
2025-12-16,2273469.683235256
2025-12-17,2231327.7198389326
2025-12-18,2263661.112355989
2025-12-19,2293170.2377694566
2025-12-22,2304166.1810869705
2025-12-23,2314957.329477089
2025-12-24,2321730.1120050107
2025-12-26,2321580.9969611187
2025-12-29,2310343.186408991
2025-12-30,2304984.6064042104
2025-12-31,2285932.484582472
2026-01-02,2281504.5645768223
2026-01-05,2299626.2540559852
2026-01-06,2319832.139301304
2026-01-07,2322064.99479824
2026-01-08,2308854.7678487366
2026-01-09,2331851.49480867
2026-01-12,2333786.347874378
2026-01-13,2330325.7405733042
2026-01-14,2305431.2685662196
2026-01-15,2313729.5776729514
2026-01-16,2311794.496950688
2026-01-20,2262675.546179533
2026-01-21,2293263.2533280724
2026-01-22,2309933.8599220933
2026-01-23,2317227.2929925816
2026-01-26,2327423.347146465
2026-01-27,2348522.101402691
2026-01-28,2356299.304653745
2026-01-29,2342196.2086933344
2026-01-30,2314064.460466181
2026-02-02,2329953.749761519
2026-02-03,2294156.349995536
2026-02-04,2254079.689954684
2026-02-05,2221631.5734341056
2026-02-06,2268592.112401993
2026-02-09,2285969.8202575846
2026-02-10,2275364.4396168035
2026-02-11,2281467.228901711
2026-02-12,2235064.6761515024
2026-02-13,2239827.7066069366
2026-02-17,2237520.407416332
2026-02-18,2254228.3496854645
2026-02-19,2245595.385442059
2026-02-20,2265466.387894148
2026-02-23,2237929.7339032292
2026-02-24,2261968.4449179624
2026-02-25,2294751.6718883254
2026-02-26,2267066.358166626
2026-02-27,2259810.0331146945
2026-03-02,2262787.0978917577
2026-03-03,2238562.6191276875
2026-03-04,2272685.377270968
2026-03-05,2265838.1510493783
2026-03-06,2231752.728581209
2026-03-09,2261559.118431065
2026-03-10,2261596.454106177
2026-03-11,2261298.6793315043
2026-03-12,2222487.334426457
2026-03-13,2209314.2154955105
2026-03-16,2234097.1357903704
2026-03-17,2245000.063549269
2026-03-18,2213705.482795715
2026-03-19,2206709.596843344
2026-03-20,2165925.835540922
2026-03-23,2190788.435630228
2026-03-24,2175810.4555267985
2026-03-25,2190117.759417547
2026-03-26,2137844.1717559914
2026-03-27,2096077.8447597704
2026-03-30,2080056.7423187634
2026-03-31,2150474.785115038
2026-04-01,2177040.0285833804
2026-04-02,2179536.2827151003
2026-04-06,2192651.349224379
2026-04-07,2192986.687330719
2026-04-08,2258188.6631259937
2026-04-09,2273464.6456606514
2026-04-10,2276743.355373832
2026-04-13,2300290.55588511
2026-04-14,2342056.8828813313
2026-04-15,2374844.4353262503
2026-04-16,2386282.583647271
2026-04-17,2417504.9972727126
2026-04-20,2409829.7841585497
2026-04-21,2400664.331231688
2026-04-22,2440828.866702986
2026-04-23,2427080.4596561384
2026-04-24,2473504.4121225695
2026-04-27,2474808.4288728195
2026-04-28,2449919.8759361794
2026-04-29,2464897.628383053
2026-04-30,2487885.93205043
2026-05-01,2511768.6983246044
2026-05-04,2507036.856817282
2026-05-05,2539563.287192973
2026-05-06,2592321.100348205
2026-05-07,2589228.6136974725
2026-05-08,2649922.3067229846
2026-05-11,2657597.5198371476
2026-05-12,2635056.3336448907
2026-05-13,2662888.4858449264
2026-05-14,2681815.3965611067
2026-05-15,2641353.0863151355
2026-05-18,2629989.1540312273
2026-05-19,2613782.056184327
2026-05-20,2657076.1863249135
2026-05-21,2662143.138282021
2026-05-22,2673432.399215705
2026-05-26,2720899.7016762695
2026-05-27,2717807.215025537
2026-05-28,2740720.8473426905
2026-05-29,2750817.870894905
2026-06-01,2767323.426486145
2026-06-02,2780065.5915574157
2026-06-03,2772800.3878998165
2026-06-04,2759387.3189593093
2026-06-05,2626934.0030556056
2026-06-08,2667955.437802033
2026-06-09,2637254.5853453805
2026-06-10,2584571.443540372
2026-06-11,2671867.488052783
2026-06-12,2687590.5880625616
2026-06-15,2772017.9323183564
2026-06-16,2719334.562856792
2026-06-17,2691949.7557884324
2026-06-18,2759424.6546344217
2026-06-22,2752498.2039314965
2026-06-23,2661861.071809681
2026-06-24,2650559.289765441
2026-06-25,2672043.6942267865
2026-06-26,2635266.6883022273
2026-06-29,2700764.1623066193
2026-06-30,2746716.8657030407
2026-07-01,2704829.653075817
2026-07-02,2657944.4684278206
2026-07-06,2696064.4203736307
2026-07-07,2646120.66990168
2026-07-08,2653617.8555893954
2026-07-09,2697780.267832889
2026-07-10,2706097.9277468435
2026-07-13,2654736.7875599745
2026-07-14,2684389.7368913824
2026-07-15,2677116.3375977837
2026-07-16,2633103.2680547372
2026-07-17,2593528.8183754515
2026-07-20,2596251.5907799536
2026-07-21,2644404.822442421
2026-07-22,2630902.5121321343
2026-07-23,2580958.9893167396
2026-07-24,2552126.5142115713
2026-07-27,2544256.4270858485
2026-07-28,2519527.0060815453
2026-07-29,2468203.2015697877
2026-07-30,2549590.1925260727
2026-07-31,2566151.0686603137
2026-08-03,2611208.6264802716
2026-08-04,2699906.1247487124
2026-08-05,2675475.1614887486
2026-08-06,2665590.996815983
2026-08-07,2696847.786581314
2026-08-10,2688791.021080032
