date,value
1885-03-20,10000
1885-03-23,9921.63
1885-03-24,9814.36
1885-03-25,9899.04
1885-03-26,9981.66
1885-03-27,9987.91
1885-03-30,9860.01
1885-03-31,9897.22
1885-04-01,9909.66
1885-04-02,9930.36
1885-04-06,9913.91
1885-04-07,9788.08
1885-04-08,9825.29
1885-04-09,10070.94
1885-04-10,9967.81
1885-04-13,10130.91
1885-04-14,10176.37
1885-04-15,10360.1
1885-04-16,10267.28
1885-04-17,10201.3
1885-04-20,10203.43
1885-04-21,10180.78
1885-04-22,10211.8
1885-04-23,10228.36
1885-04-24,10183.02
1885-04-27,10195.46
1885-04-28,10220.28
1885-04-29,10236.85
1885-04-30,10269.92
1885-05-01,10203.95
1885-05-04,9929.55
1885-05-05,9882.15
1885-05-06,9987.45
1885-05-07,9886.4
1885-05-08,10022.65
1885-05-11,9983.5
1885-05-12,9940.23
1885-05-13,9942.35
1885-05-14,9944.47
1885-05-15,10016.75
1885-05-18,10091.09
1885-05-19,10095.28
1885-05-20,10045.82
1885-05-21,10105.71
1885-05-22,10184.18
1885-05-25,10091.39
1885-05-26,10134.77
1885-05-27,10083.25
1885-05-28,10050.3
1885-05-29,9978.14
1885-06-01,9932.81
1885-06-02,9992.7
1885-06-03,10056.72
1885-06-04,9994.89
1885-06-05,9918.61
1885-06-08,9904.22
1885-06-09,9937.29
1885-06-10,9964.17
1885-06-11,10055.01
1885-06-12,10106.65
1885-06-15,10197.48
1885-06-16,10164.53
1885-06-17,10166.65
1885-06-18,10228.6
1885-06-19,10303.66
1885-06-22,10255.57
1885-06-23,10236.77
1885-06-24,10349.75
1885-06-25,10289.11
1885-06-26,10220.11
1885-06-29,10054.9
1885-06-30,10034.01
1885-07-01,9971.29
1885-07-02,9898.11
1885-07-03,10008.99
1885-07-06,10011.11
1885-07-07,9977.67
1885-07-08,10147.11
1885-07-09,10170.14
1885-07-10,10172.26
1885-07-13,10515.28
1885-07-14,10561.31
1885-07-15,10714.01
1885-07-16,10659.65
1885-07-17,10801.89
1885-07-20,10774.72
1885-07-21,10781.02
1885-07-22,10950.44
1885-07-23,11113.58
1885-07-24,10971.39
1885-07-27,10854.29
1885-07-28,10879.41
1885-07-29,10992.36
1885-07-30,10979.83
1885-07-31,11013.31
1885-08-03,10929.68
1885-08-04,10963.16
1885-08-05,10940.17
1885-08-06,10994.56
1885-08-07,11090.77
1885-08-10,11136.8
1885-08-11,11117.99
1885-08-12,11256.03
1885-08-13,11182.85
1885-08-14,11316.7
1885-08-17,11670.11
1885-08-18,11417.1
1885-08-19,11584.4
1885-08-20,11490.32
1885-08-21,11507.06
1885-08-24,11438.08
1885-08-25,11333.54
1885-08-26,11379.56
1885-08-27,11523.85
1885-08-28,11448.59
1885-08-31,11283.43
1885-09-01,11210.26
1885-09-02,11293.91
1885-09-03,11247.93
1885-09-04,11214.49
1885-09-07,10871.62
1885-09-08,10959.45
1885-09-09,11007.56
1885-09-10,10907.22
1885-09-11,10942.78
1885-09-14,11116.33
1885-09-15,11070.35
1885-09-16,11179.09
1885-09-17,11143.56
1885-09-18,11236.35
1885-09-21,11191.97
1885-09-22,11211.12
1885-09-23,11221.8
1885-09-24,11164.71
1885-09-25,11113.98
1885-09-28,11291.95
1885-09-29,11272.98
1885-09-30,11353.54
1885-10-01,11332.45
1885-10-02,11233.02
1885-10-05,11563.44
1885-10-06,11582.58
1885-10-07,11805.01
1885-10-08,11813.56
1885-10-09,11856
1885-10-12,12000.07
1885-10-13,12076.38
1885-10-14,12127.28
1885-10-15,12010.91
1885-10-16,12190.97
1885-10-19,12483.24
1885-10-20,12625.19
1885-10-21,12629.5
1885-10-22,12398.79
1885-10-23,12470.86
1885-10-26,12326.97
1885-10-27,12485.85
1885-10-28,12570.62
1885-10-29,12498.71
1885-10-30,12657.58
1885-11-02,12795.28
1885-11-04,12700.08
1885-11-05,12875.89
1885-11-06,12763.75
1885-11-09,12829.46
1885-11-10,12937.51
1885-11-11,13134.48
1885-11-12,13123.97
1885-11-13,13229.9
1885-11-16,13200.34
1885-11-17,13367.66
1885-11-18,13410.07
1885-11-19,13556.22
1885-11-20,13446.21
1885-11-23,13071.58
1885-11-24,13442.12
1885-11-25,13378.68
1885-11-27,13179.77
1885-11-30,13171.38
1885-12-01,13057.14
1885-12-02,13099.55
1885-12-03,13118.68
1885-12-04,13173.79
1885-12-07,13131.53
1885-12-08,13169.71
1885-12-09,13138.03
1885-12-10,12945.48
1885-12-11,12964.61
1885-12-14,12647.17
1885-12-15,12882.21
1885-12-16,13100.31
1885-12-17,13000.9
1885-12-18,13079.44
1885-12-21,12897.43
1885-12-22,12670.48
1885-12-23,12702.51
1885-12-24,12852.25
1885-12-28,12993.43
1885-12-29,13205.23
1885-12-30,13215.85
1885-12-31,13192.23
1886-01-04,13204.99
1886-01-05,13087.2
1886-01-06,13121.36
1886-01-07,13095.6
1886-01-08,13016.33
1886-01-11,12962.75
1886-01-12,12934.85
1886-01-13,12759.28
1886-01-14,12851.23
1886-01-15,12602.9
1886-01-18,12390.97
1886-01-19,12512.87
1886-01-20,12480.7
1886-01-21,12596.18
1886-01-22,12510.5
1886-01-25,12311.41
1886-01-26,12431.17
1886-01-27,12435.38
1886-01-28,12512.34
1886-01-29,12510.12
1886-02-01,12833.17
1886-02-02,12860.91
1886-02-03,12937.86
1886-02-04,12950.62
1886-02-05,13070.37
1886-02-08,13183.7
1886-02-09,13314.14
1886-02-10,13149.3
1886-02-11,13196.29
1886-02-12,13219.75
1886-02-15,13253.9
1886-02-16,13288.05
1886-02-17,13219.5
1886-02-18,13043.97
1886-02-19,12998.96
1886-02-23,12960.36
1886-02-24,12962.42
1886-02-25,12925.97
1886-02-26,12917.33
1886-03-01,12848.79
1886-03-02,13069.08
1886-03-03,13073.28
1886-03-04,12953.39
1886-03-05,12972.57
1886-03-08,12940.39
1886-03-09,12912.5
1886-03-10,12912.42
1886-03-11,12952.99
1886-03-12,12730.41
1886-03-15,12777.4
1886-03-16,12779.46
1886-03-17,12586.84
1886-03-18,12610.3
1886-03-19,12693.77
1886-03-22,12646.09
1886-03-23,12367.07
1886-03-24,12310.74
1886-03-25,12423.06
1886-03-26,12390.52
1886-03-29,12381.76
1886-03-30,12498.4
1886-03-31,12573.96
1886-04-01,12632.22
1886-04-02,12428.88
1886-04-05,12456.88
1886-04-06,12454.61
1886-04-07,12573.4
1886-04-08,12560.32
1886-04-09,12573.18
1886-04-12,12795.74
1886-04-13,12696.18
1886-04-14,12691.74
1886-04-15,12527.33
1886-04-16,12445.07
1886-04-19,12444.96
1886-04-20,12516.19
1886-04-21,12589.58
1886-04-22,12576.49
1886-04-26,12563.41
1886-04-27,12528.71
1886-04-28,12392.41
1886-04-29,12340.42
1886-04-30,12238.72
1886-05-03,11985.69
1886-05-04,12110.96
1886-05-05,12266.49
1886-05-06,12125.88
1886-05-07,12266.27
1886-05-10,12343.98
1886-05-11,12330.9
1886-05-12,12482.1
1886-05-13,12438.75
1886-05-14,12293.82
1886-05-17,12378.01
1886-05-18,12278.47
1886-05-19,12256.75
1886-05-20,12371.2
1886-05-21,12448.9
1886-05-24,12517.95
1886-05-25,12532.97
1886-05-26,12673.35
1886-05-27,12787.79
1886-05-28,12666.64
1886-06-01,12880.5
1886-06-02,12804.74
1886-06-03,12728.98
1886-06-04,12845.58
1886-06-07,12813.04
1886-06-08,12782.67
1886-06-09,12942.49
1886-06-10,12823.51
1886-06-11,12907.68
1886-06-14,12959.44
1886-06-15,12972.29
1886-06-16,13097.52
1886-06-17,13155.75
1886-06-18,13215.98
1886-06-21,13218.01
1886-06-22,13189.48
1886-06-23,13298.49
1886-06-24,13097.47
1886-06-25,13219.59
1886-06-28,13182.32
1886-06-29,13081.74
1886-06-30,13079.41
1886-07-01,13136.02
1886-07-02,13151.15
1886-07-06,13129.17
1886-07-07,13198.88
1886-07-08,13117.96
1886-07-09,13104.71
1886-07-12,12969.2
1886-07-13,13028
1886-07-14,13045.31
1886-07-15,13176.15
1886-07-16,13176
1886-07-19,13114.72
1886-07-20,13210.63
1886-07-21,13251.95
1886-07-22,13245.25
1886-07-23,13221.09
1886-07-26,13301.71
1886-07-27,13323.39
1886-07-28,13417.1
1886-07-29,13347.09
1886-07-30,13399.33
1886-08-02,13586.91
1886-08-03,13516.9
1886-08-04,13534.21
1886-08-05,13597.36
1886-08-06,13638.68
1886-08-09,13479.18
1886-08-10,13559.79
1886-08-11,13481.06
1886-08-12,13461.26
1886-08-13,13426.18
1886-08-16,13358.37
1886-08-17,13177.05
1886-08-18,13098.32
1886-08-19,13220.4
1886-08-20,13381.77
1886-08-23,13337.96
1886-08-24,13385.83
1886-08-25,13276.55
1886-08-26,13293.86
1886-08-27,13370.1
1886-08-30,13365.58
1886-08-31,13280.31
1886-09-01,13328.17
1886-09-02,13395.68
1886-09-03,13530.84
1886-09-06,13596.16
1886-09-07,13556.72
1886-09-08,13652.6
1886-09-09,13589.15
1886-09-10,13654.47
1886-09-13,13780.9
1886-09-14,13765.47
1886-09-15,13780.59
1886-09-16,13854.63
1886-09-17,13899.93
1886-09-20,14133.43
1886-09-21,14179.58
1886-09-22,14175.05
1886-09-23,14152.89
1886-09-24,14194.64
1886-09-27,14068.9
1886-09-28,14236.26
1886-09-29,14278.01
1886-09-30,14143.46
1886-10-01,14050.78
1886-10-04,14165.25
1886-10-05,14292.94
1886-10-06,14277.39
1886-10-07,14213.36
1886-10-08,14226.46
1886-10-11,14109.54
1886-10-12,14023.48
1886-10-13,14267.95
1886-10-14,14353.77
1886-10-15,14358.05
1886-10-18,14300.63
1886-10-19,14355.6
1886-10-20,14273.94
1886-10-21,14364.16
1886-10-22,14302.34
1886-10-25,14240.51
1886-10-26,14346.15
1886-10-27,14330.61
1886-10-28,14405.4
1886-10-29,14414.08
1886-11-01,14552.77
1886-11-03,14596.71
1886-11-04,14493.03
1886-11-05,14477.48
1886-11-08,14486.17
1886-11-09,14497.06
1886-11-10,14582.86
1886-11-11,14490.19
1886-11-12,14540.74
1886-11-15,14589.09
1886-11-16,14650.65
1886-11-17,14626.29
1886-11-18,14679.04
1886-11-19,14694.33
1886-11-22,14641.33
1886-11-23,14592.73
1886-11-24,14605.82
1886-11-26,14656.37
1886-11-29,14781.81
1886-11-30,14651.7
1886-12-01,14785.96
1886-12-02,14829.89
1886-12-03,14933.31
1886-12-06,14845.06
1886-12-07,14635.64
1886-12-08,14734.65
1886-12-09,14794
1886-12-10,14602.22
1886-12-13,14364.17
1886-12-14,14167.99
1886-12-15,13859.46
1886-12-16,14044.38
1886-12-17,14010.01
1886-12-20,13727.64
1886-12-21,13890.17
1886-12-22,13934.8
1886-12-23,13961.63
1886-12-24,13941.75
1886-12-27,13806.2
1886-12-28,13957.6
1886-12-29,14129.01
1886-12-30,14267.06
1886-12-31,14325.03
1887-01-03,14289.58
1887-01-04,14038.37
1887-01-05,14080.77
1887-01-06,14167.65
1887-01-07,14018.76
1887-01-10,14083.41
1887-01-11,14070.2
1887-01-12,14157.08
1887-01-13,14048.23
1887-01-14,14141.79
1887-01-17,14155.27
1887-01-18,14197.67
1887-01-19,14271.2
1887-01-20,14209.06
1887-01-21,14115.78
1887-01-24,13802.32
1887-01-25,14033.77
1887-01-26,13909.36
1887-01-27,13865.02
1887-01-28,13967.46
1887-01-31,13825.26
1887-02-01,13745.34
1887-02-02,13861.13
1887-02-03,13787.88
1887-02-04,13888.09
1887-02-07,14050.58
1887-02-08,14130.78
1887-02-09,14266.57
1887-02-10,14311.19
1887-02-11,14229.04
1887-02-14,14186.92
1887-02-15,13849.04
1887-02-16,14196.09
1887-02-17,14105.05
1887-02-18,14165.23
1887-02-21,14183.16
1887-02-23,14307.83
1887-02-24,14390.24
1887-02-25,14408.17
1887-02-28,14230.4
1887-03-01,14161.61
1887-03-02,14299.61
1887-03-03,14353.12
1887-03-04,14244.29
1887-03-07,14375.62
1887-03-08,14389.1
1887-03-09,14311.41
1887-03-10,14269.3
1887-03-11,14282.78
1887-03-14,14165.06
1887-03-15,14285.27
1887-03-16,14305.42
1887-03-17,14256.64
1887-03-18,14287.49
1887-03-21,14285.42
1887-03-22,14296.84
1887-03-23,14299.27
1887-03-24,14416.35
1887-03-25,14371.57
1887-03-28,14538.11
1887-03-29,14554.02
1887-03-30,14518.23
1887-03-31,14590.35
1887-04-01,14545.56
1887-04-04,14640.16
1887-04-05,14683.05
1887-04-06,14662.99
1887-04-07,14735.1
1887-04-11,14706.06
1887-04-12,14730.96
1887-04-13,14650.21
1887-04-14,14679.61
1887-04-15,14641.57
1887-04-18,14713.68
1887-04-19,14677.89
1887-04-20,14758.99
1887-04-21,14684.98
1887-04-22,14705.39
1887-04-25,14746.03
1887-04-26,14622.57
1887-04-27,14681.19
1887-04-28,14656.64
1887-04-29,14760.21
1887-05-02,14677.22
1887-05-03,14672.9
1887-05-04,14704.55
1887-05-05,14774.4
1887-05-06,14738.61
1887-05-09,14669.11
1887-05-10,14709.75
1887-05-11,14806.57
1887-05-12,14889.91
1887-05-13,14908.06
1887-05-16,14926.22
1887-05-17,14944.37
1887-05-18,15065.91
1887-05-19,14998.66
1887-05-20,15003.33
1887-05-23,14900.12
1887-05-24,14893.55
1887-05-25,14927.43
1887-05-26,14961.32
1887-05-27,14869.35
1887-05-31,14952.68
1887-06-01,14964.09
1887-06-02,14829.42
1887-06-03,14881.29
1887-06-06,14910.68
1887-06-07,14879.39
1887-06-08,14807.65
1887-06-09,14810.07
1887-06-10,14848.45
1887-06-13,14698.06
1887-06-14,14612.84
1887-06-15,14655.71
1887-06-16,14739.04
1887-06-17,14672.49
1887-06-20,14720.37
1887-06-21,14720.55
1887-06-22,14607.15
1887-06-23,14448.32
1887-06-24,14282.67
1887-06-27,14069.33
1887-06-28,14196.72
1887-06-29,14487.66
1887-06-30,14360.63
1887-07-01,14372.17
1887-07-05,14251.97
1887-07-06,14186.28
1887-07-07,14211.44
1887-07-08,14084.43
1887-07-11,14136.85
1887-07-12,14125.68
1887-07-13,13876.01
1887-07-14,14010.21
1887-07-15,14042.19
1887-07-18,14144.58
1887-07-19,14010.76
1887-07-20,14092.71
1887-07-21,14186.01
1887-07-22,14154.4
1887-07-25,14068.28
1887-07-26,13966.26
1887-07-27,13805.19
1887-07-28,13918.93
1887-07-29,13662.47
1887-08-01,13608.15
1887-08-02,13413.02
1887-08-03,13667.58
1887-08-04,13804.03
1887-08-05,13956.38
1887-08-08,13777.15
1887-08-09,13802.31
1887-08-10,13804.77
1887-08-11,13798.14
1887-08-12,13866.46
1887-08-15,13973.38
1887-08-16,13982.65
1887-08-17,13957.85
1887-08-18,13876.28
1887-08-19,13846.95
1887-08-22,13701.79
1887-08-23,13731.5
1887-08-24,13561.37
1887-08-25,13454.83
1887-08-26,13464.1
1887-08-29,13550.58
1887-08-30,13291.9
1887-08-31,13580.48
1887-09-01,13810.01
1887-09-02,13871.5
1887-09-06,14082.87
1887-09-07,13899.12
1887-09-08,13851.62
1887-09-09,13988.05
1887-09-12,13804.31
1887-09-13,13856.72
1887-09-14,13688.88
1887-09-15,13611.87
1887-09-16,13627.45
1887-09-19,13315.15
1887-09-20,13333.73
1887-09-21,13416.63
1887-09-22,13515.62
1887-09-23,13483.65
1887-09-26,13428.7
1887-09-27,13548.36
1887-09-28,13647.35
1887-09-29,13647.54
1887-09-30,13679.89
1887-10-03,13477.9
1887-10-04,13524.04
1887-10-05,13464.5
1887-10-06,13540.51
1887-10-07,13400.55
1887-10-10,13171.01
1887-10-11,13205.66
1887-10-12,12904.9
1887-10-13,13033.75
1887-10-14,12765.15
1887-10-17,12825.08
1887-10-18,12937.84
1887-10-19,12898.98
1887-10-20,13200.12
1887-10-21,13200.32
1887-10-24,12883.49
1887-10-25,13039.9
1887-10-26,13129.68
1887-10-27,13159.74
1887-10-28,13056.56
1887-10-31,12997.03
1887-11-01,13245.32
1887-11-02,13245.51
1887-11-03,13225.03
1887-11-04,13438.85
1887-11-07,13360.94
1887-11-09,13436.94
1887-11-10,13303.9
1887-11-11,13460.29
1887-11-14,13648.84
1887-11-15,13708.75
1887-11-16,13878.91
1887-11-17,13920.44
1887-11-18,13925.23
1887-11-21,13799.08
1887-11-22,13840.62
1887-11-23,13960.24
1887-11-25,13939.76
1887-11-28,13703.37
1887-11-29,13719.64
1887-11-30,13655.52
1887-12-01,13602.88
1887-12-02,13708.73
1887-12-05,13851.31
1887-12-06,13722.88
1887-12-07,13670.25
1887-12-08,13537.23
1887-12-09,13622.4
1887-12-12,13381.44
1887-12-13,13328.81
1887-12-14,13501.25
1887-12-15,13466.99
1887-12-16,13496.74
1887-12-19,13452.68
1887-12-20,13427.22
1887-12-21,13464.52
1887-12-22,13515.77
1887-12-23,13620.48
1887-12-27,13701.95
1887-12-28,13636.97
1887-12-29,13734.7
1887-12-30,13709.24
1888-01-03,13669.83
1888-01-04,13614.15
1888-01-05,13677.02
1888-01-06,13749.18
1888-01-09,13865.51
1888-01-10,13860.96
1888-01-11,13777.39
1888-01-12,13805.39
1888-01-13,13745.06
1888-01-16,13789.33
1888-01-17,13770.84
1888-01-18,13773.27
1888-01-19,13617.65
1888-01-20,13610.78
1888-01-23,13580.68
1888-01-24,13562.19
1888-01-25,13641.32
1888-01-26,13732.07
1888-01-27,13780.98
1888-01-30,13881.02
1888-01-31,13785.84
1888-02-01,13788.27
1888-02-02,13714
1888-02-03,13679.25
1888-02-06,13642.17
1888-02-07,13632.98
1888-02-08,13554.07
1888-02-09,13614.6
1888-02-10,13654.22
1888-02-13,13598.55
1888-02-14,13589.36
1888-02-15,13661.51
1888-02-16,13691.82
1888-02-17,13810.45
1888-02-20,13722.25
1888-02-21,13724.68
1888-02-23,13775.91
1888-02-24,13771.37
1888-02-27,13585.57
1888-02-28,13636.8
1888-02-29,13555.57
1888-03-01,13639.33
1888-03-02,13560.43
1888-03-05,13421.12
1888-03-06,13483.96
1888-03-07,13381.83
1888-03-08,13381.94
1888-03-09,13409.93
1888-03-14,13433.27
1888-03-15,13449.65
1888-03-16,13329.04
1888-03-19,13427.73
1888-03-20,13274.97
1888-03-21,13047.01
1888-03-22,13162.15
1888-03-23,13089.29
1888-03-26,13063.43
1888-03-27,13018.77
1888-03-28,12955.32
1888-03-29,12938.86
1888-04-02,12647.47
1888-04-03,12811.95
1888-04-04,13025.77
1888-04-05,13035.16
1888-04-06,13234.88
1888-04-09,13084.48
1888-04-10,12966.99
1888-04-11,12985.77
1888-04-12,13046.86
1888-04-13,13126.73
1888-04-16,13152.57
1888-04-17,13241.84
1888-04-18,13201.89
1888-04-19,13307.61
1888-04-20,13375.73
1888-04-23,13490.85
1888-04-24,13627.1
1888-04-25,13676.43
1888-04-26,13746.9
1888-04-27,13737.48
1888-04-30,14005.31
1888-05-01,14082.82
1888-05-02,13887.8
1888-05-03,13887.78
1888-05-04,13821.98
1888-05-07,13713.9
1888-05-08,13605.81
1888-05-09,13688.02
1888-05-10,13547.05
1888-05-11,13624.56
1888-05-14,13608.1
1888-05-15,13575.2
1888-05-16,13636.26
1888-05-17,13556.37
1888-05-18,13617.44
1888-05-21,13631.52
1888-05-22,13553.98
1888-05-23,13495.24
1888-05-24,13401.26
1888-05-25,13528.1
1888-05-28,13281.42
1888-05-29,13365.98
1888-05-31,13297.84
1888-06-01,13321.32
1888-06-04,13365.94
1888-06-05,13297.81
1888-06-06,13321.28
1888-06-07,13419.93
1888-06-08,13389.38
1888-06-11,13114.54
1888-06-12,13149.76
1888-06-13,13076.93
1888-06-14,13159.13
1888-06-15,13215.47
1888-06-18,13372.12
1888-06-19,13305.38
1888-06-20,13312.32
1888-06-21,13385.79
1888-06-22,13440.25
1888-06-25,13285.59
1888-06-26,13297.28
1888-06-27,13318.47
1888-06-28,13358.67
1888-06-29,13406
1888-07-02,13313.13
1888-07-03,13329.57
1888-07-05,13386.4
1888-07-06,13571.55
1888-07-09,13521.45
1888-07-10,13704.22
1888-07-11,13801.45
1888-07-12,13741.84
1888-07-13,13910.35
1888-07-16,13952.92
1888-07-17,14085.78
1888-07-18,14111.72
1888-07-19,14006.97
1888-07-20,14006.77
1888-07-23,14151.51
1888-07-24,14270.11
1888-07-25,14003.79
1888-07-26,14255.44
1888-07-27,14281.38
1888-07-30,14264.54
1888-07-31,14376.01
1888-08-01,14394.81
1888-08-02,14385.1
1888-08-03,14363.52
1888-08-06,14558.13
1888-08-07,14607.82
1888-08-08,14657.51
1888-08-09,14590.78
1888-08-10,14654.72
1888-08-13,14654.52
1888-08-14,14461.88
1888-08-15,14570.96
1888-08-16,14489.98
1888-08-17,14309.22
1888-08-20,14461.06
1888-08-21,14563.01
1888-08-22,14574.68
1888-08-23,14576.85
1888-08-24,14560.02
1888-08-27,14709.48
1888-08-28,14782.91
1888-08-29,14754.2
1888-08-30,14753.99
1888-08-31,14734.78
1888-09-04,14912.74
1888-09-05,14960.04
1888-09-06,14881.44
1888-09-07,14966.75
1888-09-10,14897.66
1888-09-11,14966.34
1888-09-12,14930.5
1888-09-13,14704.63
1888-09-14,14609.41
1888-09-17,14528.44
1888-09-18,14677.88
1888-09-19,14846.32
1888-09-20,14846.12
1888-09-21,14713.2
1888-09-24,14590.81
1888-09-25,14626.83
1888-09-26,14744.46
1888-09-27,14917.29
1888-09-28,15018.11
1888-10-01,15104.53
1888-10-02,14986.95
1888-10-03,14960.56
1888-10-04,14998.98
1888-10-05,14912.6
1888-10-08,14775.81
1888-10-09,14915.03
1888-10-10,14833.45
1888-10-11,14883.87
1888-10-12,14922.29
1888-10-15,14761.51
1888-10-16,14819.13
1888-10-17,14809.55
1888-10-18,14903.16
1888-10-19,14814.38
1888-10-22,14764.01
1888-10-23,14790.42
1888-10-24,14749.65
1888-10-25,14776.06
1888-10-26,14838.48
1888-10-29,14663.31
1888-10-30,14728.13
1888-10-31,14766.54
1888-11-01,14852.95
1888-11-02,14807.37
1888-11-05,14896.18
1888-11-07,14956.19
1888-11-08,14865.02
1888-11-09,14884.24
1888-11-12,14728.28
1888-11-13,14615.52
1888-11-14,14677.93
1888-11-15,14625.16
1888-11-16,14675.57
1888-11-19,14591.61
1888-11-20,14680.41
1888-11-21,14481.27
1888-11-22,14474.1
1888-11-23,14543.7
1888-11-26,14433.35
1888-11-27,14591.73
1888-11-28,14570.16
1888-12-03,14272.66
1888-12-04,14212.7
1888-12-05,14145.54
1888-12-06,14327.91
1888-12-07,14361.52
1888-12-10,14229.58
1888-12-11,14330.37
1888-12-12,14474.35
1888-12-13,14400
1888-12-14,14325.64
1888-12-17,14551.19
1888-12-18,14467.24
1888-12-19,14587.22
1888-12-20,14592.04
1888-12-21,14717.27
1888-12-24,15003.55
1888-12-26,14993.97
1888-12-27,14897.1
1888-12-28,14904.5
1888-12-31,14979.8
1889-01-02,14904.75
1889-01-03,14822.44
1889-01-04,14832.26
1889-01-07,14871.19
1889-01-08,14800.99
1889-01-09,14873.86
1889-01-10,14873.99
1889-01-11,14956.56
1889-01-14,15114.3
1889-01-15,15010.16
1889-01-16,14932.69
1889-01-17,15022.53
1889-01-18,14932.95
1889-01-21,14998.54
1889-01-22,14947.75
1889-01-23,14896.95
1889-01-24,14918.9
1889-01-25,14945.7
1889-01-28,14972.5
1889-01-29,15025.96
1889-01-30,15028.51
1889-01-31,15120.77
1889-02-01,15261.52
1889-02-04,15169.51
1889-02-05,15140.54
1889-02-06,15206.12
1889-02-07,15262.01
1889-02-08,15148.19
1889-02-11,15235.59
1889-02-12,15196.93
1889-02-13,15199.47
1889-02-14,15250.51
1889-02-15,15287
1889-02-18,15289.55
1889-02-19,15197.55
1889-02-20,15197.67
1889-02-21,15110.52
1889-02-25,15100.95
1889-02-26,15161.68
1889-02-27,15101.2
1889-02-28,15120.72
1889-03-01,15205.69
1889-03-04,15271.27
1889-03-05,15193.82
1889-03-06,15138.19
1889-03-07,15155.28
1889-03-08,15119.05
1889-03-11,15029.48
1889-03-12,15027.18
1889-03-13,14983.68
1889-03-14,14903.81
1889-03-15,14765.65
1889-03-18,14608.72
1889-03-19,14777.48
1889-03-20,14818.9
1889-03-21,14872.56
1889-03-22,14833.18
1889-03-25,14781.55
1889-03-26,14761.75
1889-03-27,14844.8
1889-03-28,14785.83
1889-03-29,14670.54
1889-04-01,14734
1889-04-02,14829.28
1889-04-03,14777.66
1889-04-04,14882.73
1889-04-05,14978.02
1889-04-08,14899.46
1889-04-09,14967.81
1889-04-10,15055.74
1889-04-11,15124.09
1889-04-12,15145.91
1889-04-15,15074.7
1889-04-16,15057.36
1889-04-17,15062.05
1889-04-18,15069.18
1889-04-22,15120.39
1889-04-23,15049.18
1889-04-24,15107.73
1889-04-25,15237.27
1889-04-26,15200.34
1889-05-02,15298.06
1889-05-03,15356.6
1889-05-06,15366.19
1889-05-07,15317.01
1889-05-08,15368.21
1889-05-09,15309.25
1889-05-10,15250.28
1889-05-13,15357.79
1889-05-14,15342.89
1889-05-15,15394.09
1889-05-16,15423.25
1889-05-17,15430.39
1889-05-20,15552.57
1889-05-21,15569.5
1889-05-22,15608.45
1889-05-23,15752.66
1889-05-24,15727.97
1889-05-27,15830.57
1889-05-28,15911.13
1889-05-29,15830.14
1889-05-31,15893.57
1889-06-03,15876.22
1889-06-04,15861.32
1889-06-05,15951.67
1889-06-06,15973.48
1889-06-07,15975.72
1889-06-10,16007.32
1889-06-11,16068.3
1889-06-12,16097.46
1889-06-13,16094.79
1889-06-14,16004.01
1889-06-17,15994.01
1889-06-18,16089.25
1889-06-19,15986.23
1889-06-20,16003.15
1889-06-21,15960
1889-06-24,15895.61
1889-06-25,15902.88
1889-06-26,15907.69
1889-06-27,15848.25
1889-06-28,15776.45
1889-07-01,15825.73
1889-07-02,15721.82
1889-07-03,15566.02
1889-07-05,15546.11
1889-07-08,15385.37
1889-07-09,15407.48
1889-07-10,15501.23
1889-07-11,15641.93
1889-07-12,15439.19
1889-07-15,15542.82
1889-07-16,15547.63
1889-07-17,15503.02
1889-07-18,15428.77
1889-07-19,15356.98
1889-07-22,15260.49
1889-07-23,15408.59
1889-07-24,15376.34
1889-07-25,15465.15
1889-07-26,15430.42
1889-07-29,15435.23
1889-07-30,15509.21
1889-07-31,15538.72
1889-08-01,15548.46
1889-08-02,15590.32
1889-08-05,15733.47
1889-08-06,15792.62
1889-08-07,15787.55
1889-08-08,15851.64
1889-08-09,15915.73
1889-08-12,15984.76
1889-08-13,15945.09
1889-08-14,15944.95
1889-08-15,15962.11
1889-08-16,15991.61
1889-08-19,15924.77
1889-08-20,15946.87
1889-08-21,15971.43
1889-08-22,15768.73
1889-08-23,15766.13
1889-08-26,15978.42
1889-08-27,16067.21
1889-08-28,16133.76
1889-08-29,16133.62
1889-08-30,16187.82
1889-09-03,16377.87
1889-09-04,16348.09
1889-09-05,16520.85
1889-09-06,16570.11
1889-09-09,16597.13
1889-09-10,16513.01
1889-09-11,16648.71
1889-09-12,16609.05
1889-09-13,16608.91
1889-09-16,16448.22
1889-09-17,16514.76
1889-09-18,16482.51
1889-09-19,16514.47
1889-09-20,16455.94
1889-09-23,16508.15
1889-09-24,16433.22
1889-09-25,16510.36
1889-09-26,16580.02
1889-09-27,16584.86
1889-09-30,16599.67
1889-10-01,16554.65
1889-10-02,16586.92
1889-10-03,16422.25
1889-10-04,16432.07
1889-10-07,16269.9
1889-10-08,16309.64
1889-10-09,16429.15
1889-10-10,16426.52
1889-10-11,16336.64
1889-10-14,16463.62
1889-10-15,16358.79
1889-10-16,16371.11
1889-10-17,16211.44
1889-10-18,16288.57
1889-10-21,16059.11
1889-10-22,16191.08
1889-10-23,16300.61
1889-10-24,16255.6
1889-10-25,16412.48
1889-10-28,16315.14
1889-10-29,16319.98
1889-10-30,16332.3
1889-10-31,16352.1
1889-11-01,16254.75
1889-11-04,16277.04
1889-11-06,16394.04
1889-11-07,16426.3
1889-11-08,16276.61
1889-11-11,16221.64
1889-11-12,16356.08
1889-11-13,16226.34
1889-11-14,16467.95
1889-11-15,16500.2
1889-11-18,16577.32
1889-11-19,16579.67
1889-11-20,16574.54
1889-11-21,16504.61
1889-11-22,16521.92
1889-11-25,16551.68
1889-11-26,16554.03
1889-11-27,16459.18
1889-11-29,16289.58
1889-12-02,16152.38
1889-12-03,16189.62
1889-12-04,16149.6
1889-12-05,16141.98
1889-12-06,16435.9
1889-12-09,16445.72
1889-12-10,16485.45
1889-12-11,16462.88
1889-12-12,16385.49
1889-12-13,16397.8
1889-12-16,16494.84
1889-12-17,16527.09
1889-12-18,16477.11
1889-12-19,16534.28
1889-12-20,16565.79
1889-12-23,16545.53
1889-12-24,16550.41
1889-12-26,16540.21
1889-12-27,16487.24
1889-12-30,16278.33
1889-12-31,16499.53
1890-01-02,16476.75
1890-01-03,16619.97
1890-01-06,16672.64
1890-01-07,16566.86
1890-01-08,16586.84
1890-01-09,16652.09
1890-01-10,16682.12
1890-01-13,16526.04
1890-01-14,16480.63
1890-01-15,16503.12
1890-01-16,16455.19
1890-01-17,16510.38
1890-01-20,16520.29
1890-01-21,16572.96
1890-01-22,16625.63
1890-01-23,16635.55
1890-01-24,16705.82
1890-01-27,16768.55
1890-01-28,16813.67
1890-01-29,16773.28
1890-01-30,16753.02
1890-01-31,16755.39
1890-02-03,16664.71
1890-02-04,16677.14
1890-02-05,16656.88
1890-02-06,16702
1890-02-07,16752.14
1890-02-10,16651.41
1890-02-11,16563.25
1890-02-12,16585.74
1890-02-13,16598.17
1890-02-14,16587.97
1890-02-17,16431.92
1890-02-18,16492.13
1890-02-19,16479.41
1890-02-20,16471.72
1890-02-21,16378.54
1890-02-24,16393.48
1890-02-25,16393.34
1890-02-26,16322.79
1890-02-27,16297.51
1890-02-28,16277.25
1890-03-03,16319.85
1890-03-04,16324.74
1890-03-05,16259.22
1890-03-06,16299.31
1890-03-07,16417.34
1890-03-10,16354.34
1890-03-11,16442.2
1890-03-12,16555.2
1890-03-13,16519.85
1890-03-14,16499.6
1890-03-17,16539.68
1890-03-18,16431.43
1890-03-19,16408.66
1890-03-20,16400.97
1890-03-21,16475.94
1890-03-24,16534.18
1890-03-25,16490.89
1890-03-26,16533.89
1890-03-27,16503.29
1890-03-28,16454.92
1890-03-31,16434.47
1890-04-01,16490.17
1890-04-02,16500.17
1890-04-03,16578.71
1890-04-07,16517.65
1890-04-08,16535.27
1890-04-09,16489.44
1890-04-10,16456.31
1890-04-11,16387.64
1890-04-14,16511.86
1890-04-15,16562.47
1890-04-16,16575.02
1890-04-17,16645.93
1890-04-18,16658.48
1890-04-21,16841.06
1890-04-22,16840.92
1890-04-23,16894.07
1890-04-24,17051.27
1890-04-25,17172.93
1890-04-28,17342.82
1890-04-29,17421.34
1890-04-30,17390.73
1890-05-01,17553
1890-05-02,17542.7
1890-05-05,17702.42
1890-05-06,17704.81
1890-05-07,17613.3
1890-05-08,17658.82
1890-05-09,17826.16
1890-05-12,17765.1
1890-05-13,17866.45
1890-05-14,18000.79
1890-05-15,17914.36
1890-05-16,17987.79
1890-05-19,18081.52
1890-05-20,18066.14
1890-05-21,17926.42
1890-05-22,18055.68
1890-05-23,18045.38
1890-05-26,18093.43
1890-05-27,17979.09
1890-05-28,18060.13
1890-05-29,17920.42
1890-06-02,17760.41
1890-06-03,17960.71
1890-06-04,18188.91
1890-06-05,18061.89
1890-06-06,18036.36
1890-06-09,18059.04
1890-06-10,18018.29
1890-06-11,17873.51
1890-06-12,17962.16
1890-06-13,17880.82
1890-06-16,17812.16
1890-06-17,17746.04
1890-06-18,17568.29
1890-06-19,17557.99
1890-06-20,17605.35
1890-06-23,17566.8
1890-06-24,17571.77
1890-06-25,17630.49
1890-06-26,17489.54
1890-06-27,17433.07
1890-06-30,17614.68
1890-07-01,17596.61
1890-07-02,17583.66
1890-07-03,17601.42
1890-07-07,17506.55
1890-07-08,17603.68
1890-07-09,17449.94
1890-07-10,17483.06
1890-07-11,17616.02
1890-07-14,17646.58
1890-07-15,17692.51
1890-07-16,17689.79
1890-07-17,17623.09
1890-07-18,17610.14
1890-07-21,17576.71
1890-07-22,17607.27
1890-07-23,17650.63
1890-07-24,17686.32
1890-07-25,17619.61
1890-07-28,17463.33
1890-07-29,17516.93
1890-07-30,17573.09
1890-07-31,17419.36
1890-08-01,17408.97
1890-08-04,17344.84
1890-08-05,17293.5
1890-08-06,17201.21
1890-08-07,17229.21
1890-08-08,17218.82
1890-08-11,16870.6
1890-08-12,17159.66
1890-08-13,17169.75
1890-08-14,17277.09
1890-08-15,17346.04
1890-08-18,17253.76
1890-08-19,17138.44
1890-08-20,17199.71
1890-08-21,16792.64
1890-08-22,17007.47
1890-08-25,17045.71
1890-08-26,17324.51
1890-08-27,17170.81
1890-08-28,17290.94
1890-08-29,17295.91
1890-09-02,17326.47
1890-09-03,17293.05
1890-09-04,17106.09
1890-09-05,17157.13
1890-09-08,17075.09
1890-09-09,17179.86
1890-09-10,17143.88
1890-09-11,16918.55
1890-09-12,16890.25
1890-09-15,16644.45
1890-09-16,16774.81
1890-09-17,16790.01
1890-09-18,16879.43
1890-09-19,17043.54
1890-09-22,16710.16
1890-09-23,16748.76
1890-09-24,16823.53
1890-09-25,16701.98
1890-09-26,16632.09
1890-09-29,16603.53
1890-09-30,16665.38
1890-10-01,16641.98
1890-10-02,16548.85
1890-10-03,16360.15
1890-10-06,16184.37
1890-10-07,16235.88
1890-10-08,15889.63
1890-10-09,15992.81
1890-10-10,16142.47
1890-10-13,16126.83
1890-10-14,15852.91
1890-10-15,15943.17
1890-10-16,15932.7
1890-10-17,16201.17
1890-10-20,16108.05
1890-10-21,16187.97
1890-10-22,16296.3
1890-10-23,16141.2
1890-10-24,16086.82
1890-10-27,16014.36
1890-10-28,15936.74
1890-10-29,15830.72
1890-10-30,15809.92
1890-10-31,15895
1890-11-03,15974.92
1890-11-05,15825
1890-11-06,15543.36
1890-11-07,15290.14
1890-11-10,14538.51
1890-11-11,14411.84
1890-11-12,14938.52
1890-11-13,14765.37
1890-11-14,14470.84
1890-11-17,14326.1
1890-11-18,14000.6
1890-11-19,14186.4
1890-11-20,14214.68
1890-11-21,14723.26
1890-11-24,15131.13
1890-11-25,14898.6
1890-11-26,15068.89
1890-11-28,15151.39
1890-12-01,14487.63
1890-12-02,14717.31
1890-12-03,14637.13
1890-12-04,14487.24
1890-12-05,14350.26
1890-12-08,13761.41
1890-12-09,14246.72
1890-12-10,14032.28
1890-12-11,14166.42
1890-12-12,14501.95
1890-12-15,14504.41
1890-12-16,14315.79
1890-12-17,14511.9
1890-12-18,14540.17
1890-12-19,14455.68
1890-12-22,14419.04
1890-12-23,14390.24
1890-12-24,14353.6
1890-12-26,14280.42
1890-12-29,14653.65
1890-12-30,14572.64
1890-12-31,14708.3
1891-01-02,14898.79
1891-01-05,15042.28
1891-01-06,15039.58
1891-01-07,15138.69
1891-01-08,15222.13
1891-01-09,15402.17
1891-01-12,15459.5
1891-01-13,15746.56
1891-01-14,15715.14
1891-01-15,15500.99
1891-01-16,15438.25
1891-01-19,15506.02
1891-01-20,15503.32
1891-01-21,15448.4
1891-01-22,15414.38
1891-01-23,15275.94
1891-01-26,15022.64
1891-01-27,15283.58
1891-01-28,15288.71
1891-01-29,15314.72
1891-01-30,15340.73
1891-02-02,15525.96
1891-02-03,15494.54
1891-02-04,15711.09
1891-02-05,15700.55
1891-02-06,15755.27
1891-02-09,15846.53
1891-02-10,15820.33
1891-02-11,15736.71
1891-02-12,15600.89
1891-02-13,15566.86
1891-02-16,15741.64
1891-02-17,15637.14
1891-02-18,15584.85
1891-02-19,15613.46
1891-02-20,15634.25
1891-02-24,15610.66
1891-02-25,15587.08
1891-02-26,15704.43
1891-02-27,15678.23
1891-03-02,15568.52
1891-03-03,15667.6
1891-03-04,15461.33
1891-03-05,15469.07
1891-03-06,15265.41
1891-03-09,15278.37
1891-03-10,15239.13
1891-03-11,15348.65
1891-03-12,15340.72
1891-03-13,15345.85
1891-03-16,15580.62
1891-03-17,15502.24
1891-03-18,15449.95
1891-03-19,15363.75
1891-03-20,15309.96
1891-03-23,15452.2
1891-03-24,15407.18
1891-03-25,15467.67
1891-03-26,15459.57
1891-03-30,15646.64
1891-03-31,15620.09
1891-04-01,15580.35
1891-04-02,15530.06
1891-04-03,15603.73
1891-04-06,15814.53
1891-04-07,15774.79
1891-04-08,15893.28
1891-04-09,16030.23
1891-04-10,16019.49
1891-04-13,15950.75
1891-04-14,15892.55
1891-04-15,15895.01
1891-04-16,15966.02
1891-04-17,15997.49
1891-04-20,16263.64
1891-04-21,16202.81
1891-04-22,16553.34
1891-04-23,16394.93
1891-04-24,16481.77
1891-04-27,16415.66
1891-04-28,16531.5
1891-04-29,16454.84
1891-04-30,16607.59
1891-05-01,16520.39
1891-05-04,16433.19
1891-05-05,16311.71
1891-05-06,16417
1891-05-07,16234.88
1891-05-08,16089.67
1891-05-11,16026.21
1891-05-12,15788.72
1891-05-13,15941.47
1891-05-14,15933.38
1891-05-15,15838.28
1891-05-18,15577.07
1891-05-19,15542.62
1891-05-20,15798.18
1891-05-21,15660.9
1891-05-22,16024.56
1891-05-25,16027.02
1891-05-26,16000.47
1891-05-27,15984.47
1891-05-28,16021.19
1891-05-29,15894.46
1891-06-01,15688.64
1891-06-02,15767.55
1891-06-03,15690.92
1891-06-04,15645.92
1891-06-05,15709.01
1891-06-08,15664.02
1891-06-09,15558.38
1891-06-10,15608.29
1891-06-11,15645.02
1891-06-12,15716.02
1891-06-15,15860.83
1891-06-16,15829.02
1891-06-17,15760.3
1891-06-18,15799.66
1891-06-19,15729.32
1891-06-22,15603.94
1891-06-23,15590.44
1891-06-24,15534.32
1891-06-25,15499.52
1891-06-26,15344.84
1891-06-29,15174.19
1891-06-30,15411.08
1891-07-01,15445.53
1891-07-02,15402.73
1891-07-03,15551.71
1891-07-06,15650.08
1891-07-07,15724.48
1891-07-08,15769.58
1891-07-09,15668.18
1891-07-10,15766.55
1891-07-13,15763.71
1891-07-14,15699.6
1891-07-15,15707.41
1891-07-16,15709.89
1891-07-17,15603.18
1891-07-20,15464.51
1891-07-21,15427.04
1891-07-22,15482.79
1891-07-23,15429.35
1891-07-24,15391.88
1891-07-27,15160
1891-07-28,15226.4
1891-07-29,15148.99
1891-07-30,14949.08
1891-07-31,15036.79
1891-08-03,15270.97
1891-08-04,15116.33
1891-08-05,15177.41
1891-08-06,15198.53
1891-08-07,15270.26
1891-08-10,15219.48
1891-08-11,15179.36
1891-08-12,15309.67
1891-08-13,15394.71
1891-08-14,15493.06
1891-08-17,15969.54
1891-08-18,16030.61
1891-08-19,16038.41
1891-08-20,16006.28
1891-08-21,16032.72
1891-08-24,16184.32
1891-08-25,16399.82
1891-08-26,16460.88
1891-08-27,16410.1
1891-08-28,16697.49
1891-08-31,17032.81
1891-09-01,17003.33
1891-09-02,16925.92
1891-09-03,16755.32
1891-09-04,17119.91
1891-09-08,17228.89
1891-09-09,17255.32
1891-09-10,17196.55
1891-09-11,17175.06
1891-09-14,17209.48
1891-09-15,17363.71
1891-09-16,17355.53
1891-09-17,17491.13
1891-09-18,17624.26
1891-09-21,17874.08
1891-09-22,17709.97
1891-09-23,17728.63
1891-09-24,17293.05
1891-09-25,17577.8
1891-09-28,17529.27
1891-09-29,17297.97
1891-09-30,17270.95
1891-10-01,16964.4
1891-10-02,17265.27
1891-10-05,17504.32
1891-10-06,17482.66
1891-10-07,17358.88
1891-10-08,17374.85
1891-10-09,17420.39
1891-10-12,17202.55
1891-10-13,17234.65
1891-10-14,17102.81
1891-10-15,17194.03
1891-10-16,17371.26
1891-10-19,17274.36
1891-10-20,17333.33
1891-10-21,17489.05
1891-10-22,17416.34
1891-10-23,17408.12
1891-10-26,17429.47
1891-10-27,17362.13
1891-10-28,17171.18
1891-10-29,17361.83
1891-10-30,17264.93
1891-11-02,17224.47
1891-11-04,17135.64
1891-11-05,17001.13
1891-11-06,16834.38
1891-11-09,16570.89
1891-11-10,16957.69
1891-11-11,16976.36
1891-11-12,16879.47
1891-11-13,17045.92
1891-11-16,17000.09
1891-11-17,16981.13
1891-11-18,16999.8
1891-11-19,17023.83
1891-11-20,17235.95
1891-11-23,17230.43
1891-11-24,17302.83
1891-11-25,17316.11
1891-11-27,17302.52
1891-11-30,17331.93
1891-12-01,17184
1891-12-02,17256.39
1891-12-03,17285.8
1891-12-04,17186.24
1891-12-07,17212.95
1891-12-08,17293.41
1891-12-09,17346.99
1891-12-10,17422.07
1891-12-11,17386.99
1891-12-14,17338.47
1891-12-15,17359.82
1891-12-16,17429.52
1891-12-17,17563.7
1891-12-18,17578.71
1891-12-21,17627.67
1891-12-22,17755.29
1891-12-23,17853.07
1891-12-24,17975.26
1891-12-28,18056.76
1891-12-29,17959.26
1891-12-30,17902.44
1891-12-31,17975.81
1892-01-04,18133.25
1892-01-05,18065.58
1892-01-06,18119.96
1892-01-07,18003.47
1892-01-08,18071.41
1892-01-11,17973.91
1892-01-12,18115.07
1892-01-13,18052.83
1892-01-14,17963.47
1892-01-15,17947.33
1892-01-18,17735.94
1892-01-19,17492
1892-01-20,17844.69
1892-01-21,17896.36
1892-01-22,17931.75
1892-01-25,17693.24
1892-01-26,17972.7
1892-01-27,17951.14
1892-01-28,18130.25
1892-01-29,18062.59
1892-02-01,17867.48
1892-02-02,17927.28
1892-02-03,17827.08
1892-02-04,17865.18
1892-02-05,17979.21
1892-02-08,18323.73
1892-02-09,18172.01
1892-02-10,18174.86
1892-02-11,18408.19
1892-02-12,18378.5
1892-02-15,18668.77
1892-02-16,18546.88
1892-02-17,18435.84
1892-02-18,18492.91
1892-02-19,18330.36
1892-02-23,18379.3
1892-02-24,18197.76
1892-02-25,18230.44
1892-02-26,18271.24
1892-02-29,18604.88
1892-03-01,18602.3
1892-03-02,18610.56
1892-03-03,18529.35
1892-03-04,18789.77
1892-03-07,18540.46
1892-03-08,18434.86
1892-03-09,18608.51
1892-03-10,18603.22
1892-03-11,18736.2
1892-03-14,18638.73
1892-03-15,18646.99
1892-03-16,18625.43
1892-03-17,18628.27
1892-03-18,18487.56
1892-03-21,18405.51
1892-03-22,18545.24
1892-03-23,18375.56
1892-03-24,18392.08
1892-03-25,18342.88
1892-03-28,18233.45
1892-03-29,18378.65
1892-03-30,18165.18
1892-03-31,18124.2
1892-04-01,17984.65
1892-04-04,18083.31
1892-04-05,18088.87
1892-04-06,18376.44
1892-04-07,18360.1
1892-04-08,18308.17
1892-04-11,18412.29
1892-04-12,18363.1
1892-04-13,18459
1892-04-14,18557.65
1892-04-18,18669.98
1892-04-19,18535.92
1892-04-20,18566.12
1892-04-21,18464.91
1892-04-22,18432.15
1892-04-25,18276.19
1892-04-26,18268.07
1892-04-27,18191.5
1892-04-28,18284.67
1892-04-29,18355.93
1892-05-02,18317.69
1892-05-03,18252.08
1892-05-04,18378.09
1892-05-05,18309.75
1892-05-06,18350.89
1892-05-09,18460.48
1892-05-10,18364.75
1892-05-11,18400.43
1892-05-12,18255.44
1892-05-13,18154.24
1892-05-16,18198.13
1892-05-17,18075.04
1892-05-18,18097.03
1892-05-19,17957.52
1892-05-20,17848.12
1892-05-23,18037.08
1892-05-24,17919.47
1892-05-25,18086.53
1892-05-26,18089.35
1892-05-27,18053.86
1892-05-31,18010.16
1892-06-01,17873.39
1892-06-02,17955.6
1892-06-03,17958.42
1892-06-06,17747.76
1892-06-07,17632.9
1892-06-08,17715.1
1892-06-09,17802.78
1892-06-10,17748.13
1892-06-13,18076.65
1892-06-14,18167.06
1892-06-15,18112.41
1892-06-16,17953.76
1892-06-17,18005.32
1892-06-20,17969.46
1892-06-21,18165.89
1892-06-22,18135.57
1892-06-23,18113.54
1892-06-24,18080.45
1892-06-27,18122.02
1892-06-28,18108.28
1892-06-29,18127.73
1892-06-30,18047.63
1892-07-01,18050.49
1892-07-05,17680.04
1892-07-06,17630.37
1892-07-07,17765.95
1892-07-08,17860.06
1892-07-11,17760.61
1892-07-12,17807.71
1892-07-13,17904.58
1892-07-14,17807.9
1892-07-15,17805.23
1892-07-18,17827.44
1892-07-19,17869.01
1892-07-20,17963.11
1892-07-21,18035.09
1892-07-22,18051.77
1892-07-25,18015.92
1892-07-26,18043.66
1892-07-27,18165.41
1892-07-28,18312.03
1892-07-29,18414.42
1892-08-01,18439.39
1892-08-02,18403.54
1892-08-03,18381.51
1892-08-04,18290.37
1892-08-05,18450.81
1892-08-08,18260.13
1892-08-09,18287.87
1892-08-10,18326.67
1892-08-11,18210.64
1892-08-12,18230.09
1892-08-15,18197
1892-08-16,18313.2
1892-08-17,18152.95
1892-08-18,18191.75
1892-08-19,18114.43
1892-08-22,18385.44
1892-08-23,18357.88
1892-08-24,18399.44
1892-08-25,18344.24
1892-08-26,18239.28
1892-08-29,18109.45
1892-08-30,18159.3
1892-08-31,17924.42
1892-09-01,17612.15
1892-09-02,17615.01
1892-09-06,17670.39
1892-09-07,17800.41
1892-09-08,17817.08
1892-09-09,17836.53
1892-09-12,17515.98
1892-09-13,17521.6
1892-09-14,17400.07
1892-09-15,17248.15
1892-09-16,17378.6
1892-09-19,17588.38
1892-09-20,17504.75
1892-09-21,17527.3
1892-09-22,17616.92
1892-09-23,17740.07
1892-09-26,17801.75
1892-09-27,17782.38
1892-09-28,17749.05
1892-09-29,17704.54
1892-09-30,17676.79
1892-10-03,17858.62
1892-10-04,17948.23
1892-10-05,17995.92
1892-10-06,17987.74
1892-10-07,17932.05
1892-10-10,17940.63
1892-10-11,18030.24
1892-10-13,18161.75
1892-10-14,18175.92
1892-10-17,18078.32
1892-10-18,18028.22
1892-10-19,18022.83
1892-10-20,18064.93
1892-10-24,18174.09
1892-10-25,18171.49
1892-10-26,18087.87
1892-10-27,18051.75
1892-10-28,18063.12
1892-10-31,18169.48
1892-11-01,18298.19
1892-11-02,18069.29
1892-11-03,18105.8
1892-11-04,18108.79
1892-11-07,18156.48
1892-11-09,18067.27
1892-11-10,18179.22
1892-11-11,18087.22
1892-11-14,17903.03
1892-11-15,18003.8
1892-11-16,17928.57
1892-11-17,17839.37
1892-11-18,17901.03
1892-11-21,17728.02
1892-11-22,17772.92
1892-11-23,17666.96
1892-11-25,17479.99
1892-11-28,17474.61
1892-11-29,17374.24
1892-11-30,17296.23
1892-12-01,17285.25
1892-12-02,17399.99
1892-12-05,17548.23
1892-12-06,17442.29
1892-12-07,17495.56
1892-12-08,17453.86
1892-12-09,17593.72
1892-12-12,17602.3
1892-12-13,17633.23
1892-12-14,17661.36
1892-12-15,17438.1
1892-12-16,17346.84
1892-12-19,17155.1
1892-12-20,17369.99
1892-12-21,17305.33
1892-12-22,17257.6
1892-12-23,17161.88
1892-12-27,17275.11
1892-12-28,17300.81
1892-12-29,17490.27
1892-12-30,17400.2
1893-01-03,17380.71
1893-01-04,17327.35
1893-01-05,17254.21
1893-01-06,17308.15
1893-01-09,17446.78
1893-01-10,17472.48
1893-01-11,17444.52
1893-01-12,17636.8
1893-01-13,17834.72
1893-01-16,18010.05
1893-01-17,17905.86
1893-01-18,18055.78
1893-01-19,18022.18
1893-01-20,18177.74
1893-01-23,18144.14
1893-01-24,18152.88
1893-01-25,18074.1
1893-01-26,18130.85
1893-01-27,18125.47
1893-01-30,17868.83
1893-01-31,17953.81
1893-02-01,18069.84
1893-02-02,17988.24
1893-02-03,18011.1
1893-02-06,17892.81
1893-02-07,17935.43
1893-02-08,17839.72
1893-02-09,17712.96
1893-02-10,17676.54
1893-02-13,17764.33
1893-02-14,17617.82
1893-02-15,17632.21
1893-02-16,17578.85
1893-02-17,17531.14
1893-02-20,17141.86
1893-02-21,17150.61
1893-02-23,16761.34
1893-02-24,16911.23
1893-02-27,16626.41
1893-02-28,16866.64
1893-03-01,16934.67
1893-03-02,16980.12
1893-03-03,16813.86
1893-03-06,16551.63
1893-03-07,16729.75
1893-03-08,16682.05
1893-03-09,16625.88
1893-03-10,16575.36
1893-03-13,16586.94
1893-03-14,16530.77
1893-03-15,16291.14
1893-03-16,16302.72
1893-03-17,16433.63
1893-03-20,16436.78
1893-03-21,16434.22
1893-03-22,16514.52
1893-03-23,16597.68
1893-03-24,16772.27
1893-03-27,16838.28
1893-03-28,16784.28
1893-03-29,16776
1893-03-30,16973.45
1893-04-03,17088.03
1893-04-04,16934.03
1893-04-05,17245.76
1893-04-06,17183.19
1893-04-07,17237.76
1893-04-10,17086.62
1893-04-11,16992.62
1893-04-12,17047.2
1893-04-13,16738.91
1893-04-14,16787.77
1893-04-17,16562.35
1893-04-18,16691.21
1893-04-19,16451.51
1893-04-20,16331.81
1893-04-21,16452.1
1893-04-24,16495.24
1893-04-25,16621.25
1893-04-26,16667.25
1893-04-28,16613.26
1893-05-01,16142.16
1893-05-02,16111.03
1893-05-03,15725.64
1893-05-04,15428.83
1893-05-05,15771.95
1893-05-08,15880.81
1893-05-09,15535.43
1893-05-10,15072.93
1893-05-11,15221.79
1893-05-12,15193.52
1893-05-15,14831.02
1893-05-16,15057.01
1893-05-17,15340.12
1893-05-18,15306.14
1893-05-19,15663.52
1893-05-22,15495.28
1893-05-23,15301.34
1893-05-24,15218.8
1893-05-25,15396.21
1893-05-26,15319.38
1893-05-29,15036.89
1893-05-31,15085.75
1893-06-01,14894.67
1893-06-02,14717.88
1893-06-05,14821.02
1893-06-06,14801.33
1893-06-07,14747.36
1893-06-08,14879.06
1893-06-09,15167.85
1893-06-12,15119.6
1893-06-13,15062.77
1893-06-14,15011.67
1893-06-15,14980.55
1893-06-16,15055.55
1893-06-19,15050.02
1893-06-20,14905.51
1893-06-21,15093.96
1893-06-22,15039.2
1893-06-23,14891.8
1893-06-26,14611.23
1893-06-27,14845.99
1893-06-28,14429.35
1893-06-29,14444.08
1893-06-30,14623.84
1893-07-03,14687.79
1893-07-05,14421.71
1893-07-06,14511.71
1893-07-07,14610.4
1893-07-10,14332.74
1893-07-11,13843.75
1893-07-12,13762.96
1893-07-13,13873.23
1893-07-14,13986.4
1893-07-17,13624.8
1893-07-18,12938.98
1893-07-19,13017.42
1893-07-20,13284.01
1893-07-21,13145.33
1893-07-24,12821.38
1893-07-25,12425.07
1893-07-26,11516.41
1893-07-27,12275.1
1893-07-28,12194.33
1893-07-31,12000.66
1893-08-01,12165.93
1893-08-02,12959.34
1893-08-03,12641.2
1893-08-04,13124.87
1893-08-07,12798.06
1893-08-08,12584.13
1893-08-09,12668.35
1893-08-10,12879.92
1893-08-11,12943.87
1893-08-14,12573.65
1893-08-15,12527.61
1893-08-16,12551.04
1893-08-17,12418.18
1893-08-18,12380.83
1893-08-21,12722.63
1893-08-22,12621.6
1893-08-23,12633.46
1893-08-24,12723.45
1893-08-25,12853.97
1893-08-28,13082.88
1893-08-29,13343.63
1893-08-30,13468.35
1893-08-31,13315.23
1893-09-01,13590.44
1893-09-05,14157.95
1893-09-06,14045.34
1893-09-07,13889.33
1893-09-08,14187.68
1893-09-11,14404.99
1893-09-12,14173.73
1893-09-13,14321.59
1893-09-14,14237.93
1893-09-15,14132.13
1893-09-18,14050.19
1893-09-19,14132.67
1893-09-20,14124.13
1893-09-21,14106.78
1893-09-22,14095.3
1893-09-25,13702.13
1893-09-26,13537.98
1893-09-27,13429.61
1893-09-28,13843.87
1893-09-29,14029.11
1893-10-02,13891.39
1893-10-03,13903.4
1893-10-04,13909.54
1893-10-05,13859.9
1893-10-06,14068.62
1893-10-09,14112.93
1893-10-10,13951.72
1893-10-11,13978.42
1893-10-12,14031.53
1893-10-13,13626.65
1893-10-16,13697.38
1893-10-17,13603.71
1893-10-18,13891.69
1893-10-19,13965.35
1893-10-20,14124.15
1893-10-23,14708.62
1893-10-24,14876.21
1893-10-25,15123.07
1893-10-26,15047.01
1893-10-27,15223.4
1893-10-30,15191.37
1893-10-31,15015.5
1893-11-01,15274.09
1893-11-02,15021.89
1893-11-03,15007.48
1893-11-06,14925.54
1893-11-08,15078.45
1893-11-09,14893.78
1893-11-10,14870.56
1893-11-13,14768.08
1893-11-14,14727.25
1893-11-15,14706.97
1893-11-16,14780.61
1893-11-17,14669.33
1893-11-20,14737.11
1893-11-21,15007.42
1893-11-22,15031.16
1893-11-23,14949.23
1893-11-24,15240.08
1893-11-27,15114.13
1893-11-28,15284.62
1893-11-29,15337.72
1893-12-01,15461.25
1893-12-04,15355.84
1893-12-05,15138.91
1893-12-06,15130.36
1893-12-07,15183.45
1893-12-08,15136.75
1893-12-11,14902.22
1893-12-12,14940.63
1893-12-13,15008.4
1893-12-14,14944.09
1893-12-15,14860.56
1893-12-18,14613.31
1893-12-19,14535.7
1893-12-20,14502.74
1893-12-21,14255.5
1893-12-22,14151.11
1893-12-26,14005.06
1893-12-27,14040.56
1893-12-28,13846.89
1893-12-29,13849.65
1894-01-02,13739.32
1894-01-03,13932.55
1894-01-04,14101.97
1894-01-05,14045.21
1894-01-08,14122.37
1894-01-09,14160.84
1894-01-10,14071.34
1894-01-11,13907.45
1894-01-12,14011.39
1894-01-15,14436.72
1894-01-16,14335.32
1894-01-17,14308.32
1894-01-18,14284.29
1894-01-19,14513.21
1894-01-22,14605.24
1894-01-23,14524.67
1894-01-24,14563.14
1894-01-25,14515.3
1894-01-26,14583.52
1894-01-29,14627.94
1894-01-30,14743.76
1894-01-31,14764.37
1894-02-01,14782
1894-02-02,14701.44
1894-02-05,14722.05
1894-02-06,14689.09
1894-02-07,14611.51
1894-02-08,14617.24
1894-02-09,14634.87
1894-02-12,14459.1
1894-02-13,14423.17
1894-02-14,14497.34
1894-02-15,14494.14
1894-02-16,14627.81
1894-02-19,14535.35
1894-02-20,14535.13
1894-02-21,14600.37
1894-02-23,14558.49
1894-02-26,14582.07
1894-02-27,14683.01
1894-02-28,14804.77
1894-03-01,14950.33
1894-03-02,14795.4
1894-03-05,15003.44
1894-03-06,14908.01
1894-03-07,15038.69
1894-03-08,14958.14
1894-03-09,14990.64
1894-03-12,15121.32
1894-03-13,15272.82
1894-03-14,15216.07
1894-03-15,15108.74
1894-03-16,15276.25
1894-03-19,15272.97
1894-03-20,15359.99
1894-03-21,15323.59
1894-03-22,15278.16
1894-03-26,15389.26
1894-03-27,15331.8
1894-03-28,15469.98
1894-03-29,15346.3
1894-03-30,15511.57
1894-04-02,15445.08
1894-04-03,15459.85
1894-04-04,15387.34
1894-04-05,15555.61
1894-04-06,15693.79
1894-04-09,15597.2
1894-04-10,15554.78
1894-04-11,15566.55
1894-04-12,15478.99
1894-04-13,15529.88
1894-04-16,15427.27
1894-04-17,15387.87
1894-04-18,15354.49
1894-04-19,15339.17
1894-04-20,15441.22
1894-04-23,15215.22
1894-04-24,15236.02
1894-04-25,15286.91
1894-04-26,15220.42
1894-04-27,15184.03
1894-04-30,15310.16
1894-05-01,15442.3
1894-05-02,15399.89
1894-05-03,15191.97
1894-05-04,15257.9
1894-05-07,15188.41
1894-05-08,15173.09
1894-05-09,15106.61
1894-05-10,15205.65
1894-05-11,15169.26
1894-05-14,15159.96
1894-05-15,14979.14
1894-05-16,14861.51
1894-05-17,14843.18
1894-05-18,14656.34
1894-05-21,14460.48
1894-05-22,14535.44
1894-05-23,14775.89
1894-05-24,14670.31
1894-05-25,14877.66
1894-05-28,14687.82
1894-05-29,14777.82
1894-05-31,14699.32
1894-06-01,14687.01
1894-06-04,14858.25
1894-06-05,14824.88
1894-06-06,15038.24
1894-06-07,15068.06
1894-06-08,15070.79
1894-06-11,14917.07
1894-06-12,14934.85
1894-06-13,14979.71
1894-06-14,14780.86
1894-06-15,14728.1
1894-06-18,14733.7
1894-06-19,14657.08
1894-06-20,14635.27
1894-06-21,14613.47
1894-06-22,14469.84
1894-06-25,14390.18
1894-06-26,14523.69
1894-06-27,14708.97
1894-06-28,14565.35
1894-06-29,14522.23
1894-07-02,14463.89
1894-07-03,14524.31
1894-07-05,14539.05
1894-07-06,14474.61
1894-07-09,14373.63
1894-07-10,14327.47
1894-07-11,14485.34
1894-07-12,14475.72
1894-07-13,14554.4
1894-07-16,14703.13
1894-07-17,14690.46
1894-07-18,14705.2
1894-07-19,14622.5
1894-07-20,14600.69
1894-07-23,14502.77
1894-07-24,14532.73
1894-07-25,14450.04
1894-07-26,14492.18
1894-07-27,14470.38
1894-07-30,14351.15
1894-07-31,14378.06
1894-08-01,14310.6
1894-08-02,14331.42
1894-08-03,14525.8
1894-08-06,14543.59
1894-08-07,14683.16
1894-08-08,14770.97
1894-08-09,14867.91
1894-08-10,14882.64
1894-08-13,15150.08
1894-08-14,15277.46
1894-08-15,15185.64
1894-08-16,15361.73
1894-08-17,15483.02
1894-08-20,15735.22
1894-08-21,15536.83
1894-08-22,15652.03
1894-08-23,15928.58
1894-08-24,15998.11
1894-08-27,16058.5
1894-08-28,15829.67
1894-08-29,15713.49
1894-08-30,15783.01
1894-08-31,15691.19
1894-09-04,15940.33
1894-09-05,15845.46
1894-09-06,15765.81
1894-09-07,15701.39
1894-09-10,15819.62
1894-09-11,15855.66
1894-09-12,15830.81
1894-09-13,15735.94
1894-09-14,15677.61
1894-09-17,15336.18
1894-09-18,15350.91
1894-09-19,15481.31
1894-09-20,15520.39
1894-09-21,15362.23
1894-09-24,15266.47
1894-09-25,15260.04
1894-09-26,15148.89
1894-09-27,15142.45
1894-09-28,15071.34
1894-10-01,14815.44
1894-10-02,14842.89
1894-10-03,14817.97
1894-10-04,14894.69
1894-10-05,15020.68
1894-10-08,14955.73
1894-10-09,14853.83
1894-10-10,14825.84
1894-10-11,14865.6
1894-10-12,14917.68
1894-10-15,14769.59
1894-10-16,14797.03
1894-10-17,14864.5
1894-10-18,14879.62
1894-10-19,15024.08
1894-10-22,14934.5
1894-10-23,14897.27
1894-10-24,14924.71
1894-10-25,14847.45
1894-10-26,14797.91
1894-10-29,14403.49
1894-10-30,14477.12
1894-10-31,14412.18
1894-11-01,14522.76
1894-11-02,14627.18
1894-11-05,14802.42
1894-11-07,15017.68
1894-11-08,14968.14
1894-11-09,15254.22
1894-11-12,15217
1894-11-13,15253.67
1894-11-14,15074.81
1894-11-15,15025.27
1894-11-16,14972.65
1894-11-19,14836.9
1894-11-20,14811.99
1894-11-21,14648.54
1894-11-22,14675.97
1894-11-23,14632.6
1894-11-26,14635.4
1894-11-27,14690.55
1894-11-28,14496.31
1894-11-30,14397.52
1894-12-03,14634.31
1894-12-04,14621.72
1894-12-05,14618.37
1894-12-06,14621.18
1894-12-07,14867.2
1894-12-10,14626.79
1894-12-11,14706.56
1894-12-12,14826.35
1894-12-13,15044.65
1894-12-14,14890.45
1894-12-17,14853.23
1894-12-18,14763.68
1894-12-19,14649.5
1894-12-20,14716.95
1894-12-21,14747.17
1894-12-24,14656.5
1894-12-26,14509.73
1894-12-27,14493.88
1894-12-28,14446.85
1894-12-31,14468.4
1895-01-02,14318.51
1895-01-03,14377.47
1895-01-04,14289.93
1895-01-07,14383.17
1895-01-08,14445.24
1895-01-09,14547.83
1895-01-10,14478.99
1895-01-11,14597.16
1895-01-14,14646.76
1895-01-15,14593.5
1895-01-16,14671.15
1895-01-17,14739.45
1895-01-18,14757.88
1895-01-21,14533.21
1895-01-22,14476.84
1895-01-23,14342.55
1895-01-24,14382.8
1895-01-25,14382.53
1895-01-28,14210.85
1895-01-29,14142.02
1895-01-30,14179.15
1895-01-31,14334.71
1895-02-01,14549.48
1895-02-04,14580.37
1895-02-05,14489.73
1895-02-06,14576.72
1895-02-07,14576.45
1895-02-08,14376.73
1895-02-11,14173.9
1895-02-12,14201.68
1895-02-13,14235.69
1895-02-14,14198.03
1895-02-15,14126.09
1895-02-18,14181.92
1895-02-19,14178.53
1895-02-20,14243.71
1895-02-21,14224.74
1895-02-25,14099.83
1895-02-26,13996.73
1895-02-27,14058.79
1895-02-28,13937
1895-03-01,14027.1
1895-03-04,14001.9
1895-03-05,14110.7
1895-03-06,13976.45
1895-03-07,14029.15
1895-03-08,13950.99
1895-03-11,14103.4
1895-03-12,14143.64
1895-03-13,14158.96
1895-03-14,14168.04
1895-03-15,14128.92
1895-03-18,14342.57
1895-03-19,14594.05
1895-03-20,14536.54
1895-03-21,14652.44
1895-03-22,14585.46
1895-03-25,14937.83
1895-03-26,14914.99
1895-03-27,14702.98
1895-03-28,14806.27
1895-03-29,14874.87
1895-04-01,14981.3
1895-04-02,15018.37
1895-04-03,14872.57
1895-04-04,14837.13
1895-04-05,14861.58
1895-04-08,14867.12
1895-04-09,14834.83
1895-04-10,14912.88
1895-04-11,14959.41
1895-04-15,15179.33
1895-04-16,15200.63
1895-04-17,15284.98
1895-04-18,15504.89
1895-04-19,15491.51
1895-04-22,15560.1
1895-04-23,15764.24
1895-04-24,15643.68
1895-04-25,15746.94
1895-04-26,15783.99
1895-04-29,15776.92
1895-04-30,15687.88
1895-05-01,15800.59
1895-05-02,15916.46
1895-05-03,15817.96
1895-05-06,16047.31
1895-05-07,16311.32
1895-05-08,16253.81
1895-05-09,16530.42
1895-05-10,16699.86
1895-05-13,16702.24
1895-05-14,16660.48
1895-05-15,16391.77
1895-05-16,16844.9
1895-05-17,16881.94
1895-05-20,16537.59
1895-05-21,16719.63
1895-05-22,16558.1
1895-05-23,16655.03
1895-05-24,16764.57
1895-05-27,16845.74
1895-05-28,16589.66
1895-05-29,16633.01
1895-05-31,16657.45
1895-06-03,16757.53
1895-06-04,16655.89
1895-06-05,16475.46
1895-06-06,16493.6
1895-06-07,16495.97
1895-06-10,16618.11
1895-06-11,16844.25
1895-06-12,16906.51
1895-06-13,16959.31
1895-06-14,16914.4
1895-06-17,17027.08
1895-06-18,17038.91
1895-06-19,17066.49
1895-06-20,17053.1
1895-06-21,16914.6
1895-06-24,16993.59
1895-06-25,17034.39
1895-06-26,16903.3
1895-06-27,16772.22
1895-06-28,16714.34
1895-07-01,16806.06
1895-07-02,16751.37
1895-07-03,16795.35
1895-07-05,16887.07
1895-07-08,16985.16
1895-07-09,16876.36
1895-07-10,17034.91
1895-07-11,16837
1895-07-12,16855.51
1895-07-15,16819.92
1895-07-16,16749.32
1895-07-17,16885.59
1895-07-18,16881.83
1895-07-19,16900.34
1895-07-22,17179.83
1895-07-23,17249.26
1895-07-24,17229.58
1895-07-25,17260.82
1895-07-26,17387.53
1895-07-29,17596.99
1895-07-30,17596.4
1895-07-31,17681.74
1895-08-01,17652.51
1895-08-02,17476.89
1895-08-05,17473.12
1895-08-06,17437.53
1895-08-07,17443.31
1895-08-08,17436.35
1895-08-09,17563.06
1895-08-12,17565.65
1895-08-13,17590.52
1895-08-14,17510.38
1895-08-15,17544.8
1895-08-16,17556.94
1895-08-19,17607.26
1895-08-20,17679.86
1895-08-21,17644.27
1895-08-22,17688.23
1895-08-23,17678.1
1895-08-26,17852.52
1895-08-27,18112.85
1895-08-28,18201.35
1895-08-29,18197.57
1895-08-30,18168.35
1895-09-03,18463.67
1895-09-04,18564.89
1895-09-05,18309.75
1895-09-06,18353.7
1895-09-09,18518.56
1895-09-10,18199.79
1895-09-11,18056.02
1895-09-12,17982.25
1895-09-13,17634.86
1895-09-16,17554.73
1895-09-17,17738.68
1895-09-18,17766.72
1895-09-19,17969.75
1895-09-20,17996.93
1895-09-23,18234.03
1895-09-24,18031.08
1895-09-25,18094.72
1895-09-26,18049.16
1895-09-27,18099.95
1895-09-30,17954.82
1895-10-01,18040.95
1895-10-02,18175.25
1895-10-03,18152.17
1895-10-04,17955.65
1895-10-07,17887.61
1895-10-08,17771.4
1895-10-09,17915.33
1895-10-10,17831.23
1895-10-11,17846.7
1895-10-14,17894.28
1895-10-15,18092.8
1895-10-16,17950.9
1895-10-17,17873.23
1895-10-18,17827.67
1895-10-21,17804.6
1895-10-22,17775.1
1895-10-23,17655.68
1895-10-24,17565.17
1895-10-25,17670.55
1895-10-28,17531.87
1895-10-29,17361.07
1895-10-30,17225.61
1895-10-31,17176.85
1895-11-01,17185.89
1895-11-04,16732.51
1895-11-06,16683.76
1895-11-07,16882.27
1895-11-08,16650.47
1895-11-11,16800.82
1895-11-12,17102.08
1895-11-13,17098.28
1895-11-14,17129.8
1895-11-15,17016.83
1895-11-18,16942.39
1895-11-19,16826.2
1895-11-20,16857.72
1895-11-21,16805.76
1895-11-22,16731.32
1895-11-25,16904.13
1895-11-26,16877.85
1895-11-27,17012.13
1895-11-29,16940.9
1895-12-02,16885.73
1895-12-03,17013.57
1895-12-04,16833.18
1895-12-05,16771.59
1895-12-06,16857.7
1895-12-09,16764
1895-12-10,16779.47
1895-12-11,16724.3
1895-12-12,16723.71
1895-12-13,16793.76
1895-12-16,17001.87
1895-12-17,16754.06
1895-12-18,16560.84
1895-12-19,16268.1
1895-12-20,14884.23
1895-12-23,15065.27
1895-12-24,15512.37
1895-12-26,15553.87
1895-12-27,15186.52
1895-12-30,15130.68
1895-12-31,15405.8
1896-01-02,15291.56
1896-01-03,15274.65
1896-01-06,14563.38
1896-01-07,14494.57
1896-01-08,14704.79
1896-01-09,14827.41
1896-01-10,15001.94
1896-01-13,15377.63
1896-01-14,15350.99
1896-01-15,15395.73
1896-01-16,15385.31
1896-01-17,15209.42
1896-01-20,15027.05
1896-01-21,15133.44
1896-01-22,15340.4
1896-01-23,15190.47
1896-01-24,15478.54
1896-01-27,15669.27
1896-01-28,15765.91
1896-01-29,15820.38
1896-01-30,15881.33
1896-01-31,16016.9
1896-02-03,15892.94
1896-02-04,16106.36
1896-02-05,16329.52
1896-02-06,16309.37
1896-02-07,16367.07
1896-02-10,16606.44
1896-02-11,16333.25
1896-02-13,16566.13
1896-02-14,16409.72
1896-02-17,16425.25
1896-02-18,16388.88
1896-02-19,16482.26
1896-02-20,16653.5
1896-02-21,16701.46
1896-02-24,16843.5
1896-02-25,16742.25
1896-02-26,16653.97
1896-02-27,16650.03
1896-02-28,16370.38
1896-03-02,16295.08
1896-03-03,16323.58
1896-03-04,16527.24
1896-03-05,16406.54
1896-03-06,16328
1896-03-09,16340.28
1896-03-10,16333.11
1896-03-11,16312.95
1896-03-12,16354.43
1896-03-13,16324.55
1896-03-16,16210.34
1896-03-17,16281
1896-03-18,16088.95
1896-03-19,16013.66
1896-03-20,16297.08
1896-03-23,15765.4
1896-03-24,15767.9
1896-03-25,15839.22
1896-03-26,15822.06
1896-03-27,15804.89
1896-03-30,15961.41
1896-03-31,16091.71
1896-04-01,16045.05
1896-04-02,16077.04
1896-04-06,16063.15
1896-04-07,16114.8
1896-04-08,16051.77
1896-04-09,16005.11
1896-04-10,16060.04
1896-04-13,16213.26
1896-04-14,16238.7
1896-04-15,16316.56
1896-04-16,16309.22
1896-04-17,16249.46
1896-04-20,16569.79
1896-04-21,16627.99
1896-04-22,16774.65
1896-04-23,16727.99
1896-04-24,16707.55
1896-04-27,16742.8
1896-04-28,16663.38
1896-04-29,16636.39
1896-04-30,16570.07
1896-05-01,16546.36
1896-05-04,16630.76
1896-05-05,16525.13
1896-05-06,16465.37
1896-05-07,16248.35
1896-05-08,16309.82
1896-05-11,16125.57
1896-05-12,16118.24
1896-05-13,16245.23
1896-05-14,16277.21
1896-05-15,16122.45
1896-05-18,16180.64
1896-05-19,16127.44
1896-05-20,16215.12
1896-05-21,16263.47
1896-05-22,16305.28
1896-05-25,16271.74
1896-05-26,16251.3
1896-05-27,16162.07
1896-05-28,16007.32
1896-05-29,16173.61
1896-06-01,16179.39
1896-06-02,15978.78
1896-06-03,15951.79
1896-06-04,16013.25
1896-06-05,16127.13
1896-06-08,15949.45
1896-06-09,15853.68
1896-06-10,15492.57
1896-06-11,15858.67
1896-06-12,15893.93
1896-06-15,16260.02
1896-06-16,16403.37
1896-06-17,16455
1896-06-18,16182.34
1896-06-19,16233.58
1896-06-22,15795.92
1896-06-23,15699.16
1896-06-24,15810.9
1896-06-25,15760.48
1896-06-26,15766.31
1896-06-29,14964.63
1896-06-30,15172.35
1896-07-01,14691.7
1896-07-02,14869.64
1896-07-03,14812.6
1896-07-06,14848.22
1896-07-07,14920.25
1896-07-08,14889.69
1896-07-09,14700.28
1896-07-10,14808.71
1896-07-13,14751.68
1896-07-14,14393.51
1896-07-15,13949.31
1896-07-16,13806.24
1896-07-17,13775.69
1896-07-20,13278.56
1896-07-21,13347.28
1896-07-22,13813.09
1896-07-23,13822.25
1896-07-24,13603.09
1896-07-27,13632.1
1896-07-28,13360
1896-07-29,13415.48
1896-07-30,13543.77
1896-07-31,13731.6
1896-08-03,13555.47
1896-08-04,13342.93
1896-08-05,13295.85
1896-08-06,12964.2
1896-08-07,12523.38
1896-08-10,12843.56
1896-08-11,13028.09
1896-08-12,12772.56
1896-08-13,13158.91
1896-08-14,13283.87
1896-08-17,13415.45
1896-08-18,13394.83
1896-08-19,13490.01
1896-08-20,13284.12
1896-08-21,13111.31
1896-08-24,13094
1896-08-25,13033.69
1896-08-26,12970.06
1896-08-27,13022.24
1896-08-28,13329.15
1896-08-31,13626.14
1896-09-01,13615.44
1896-09-02,14094.38
1896-09-03,14090.3
1896-09-04,14423.66
1896-09-08,14591.61
1896-09-09,14580.91
1896-09-10,14308.86
1896-09-11,14516.5
1896-09-14,14337.09
1896-09-15,14157.68
1896-09-16,13948.5
1896-09-17,14301.69
1896-09-18,14373.86
1896-09-21,14640.92
1896-09-22,14606.71
1896-09-23,14682.96
1896-09-24,14842.89
1896-09-25,15029.6
1896-09-28,14998.73
1896-09-29,15085.01
1896-09-30,15050.8
1896-10-01,15040.01
1896-10-02,14992.41
1896-10-05,15018.44
1896-10-06,14940.72
1896-10-07,14725.76
1896-10-08,14714.98
1896-10-09,14563.62
1896-10-12,14341.97
1896-10-13,14742.88
1896-10-14,14805.73
1896-10-15,14724.66
1896-10-16,14744
1896-10-19,14917.3
1896-10-20,15211.09
1896-10-21,15273.93
1896-10-22,15390.33
1896-10-23,15563.62
1896-10-26,15746.95
1896-10-27,15665.87
1896-10-28,15521.22
1896-10-29,15189.14
1896-10-30,15780.77
1896-11-02,16332.22
1896-11-04,16873.63
1896-11-05,16578.37
1896-11-06,17049.48
1896-11-09,17493.82
1896-11-10,17546.6
1896-11-11,17398.59
1896-11-12,17531.69
1896-11-13,17333.49
1896-11-16,17101.82
1896-11-17,17084.33
1896-11-18,17100.31
1896-11-19,17079.47
1896-11-20,16968.28
1896-11-23,16850.4
1896-11-24,16852.99
1896-11-25,16758.54
1896-11-27,16630.63
1896-11-30,16311.98
1896-12-01,16622.42
1896-12-02,16661.82
1896-12-03,16781.53
1896-12-04,16790.81
1896-12-07,16595.98
1896-12-08,16608.61
1896-12-09,16607.86
1896-12-10,16503.37
1896-12-11,16502.62
1896-12-14,16157.23
1896-12-15,15982.49
1896-12-16,16122.27
1896-12-17,16318.93
1896-12-18,15455.01
1896-12-21,15947.99
1896-12-22,15747.84
1896-12-23,15794.51
1896-12-24,15902.04
1896-12-28,15881.09
1896-12-29,16059.62
1896-12-30,16055.57
1896-12-31,15997.43
1897-01-04,15969.72
1897-01-05,16148.24
1897-01-06,16178
1897-01-07,16238.19
1897-01-08,16207.09
1897-01-11,16125.29
1897-01-12,16307.18
1897-01-13,16303.13
1897-01-14,16417.41
1897-01-15,16606.06
1897-01-18,16794.7
1897-01-19,16929.26
1897-01-20,16779.84
1897-01-21,16654.09
1897-01-22,16599.33
1897-01-25,16412.73
1897-01-26,16581.09
1897-01-27,16553.37
1897-01-28,16505.38
1897-01-29,16558.8
1897-02-01,16750.81
1897-02-02,16628.44
1897-02-03,16648.06
1897-02-04,16505.41
1897-02-05,16477.7
1897-02-08,16406.05
1897-02-09,16358.06
1897-02-10,16370.91
1897-02-11,16278.98
1897-02-15,16116.06
1897-02-16,16335.11
1897-02-17,16287.12
1897-02-18,16225.61
1897-02-19,16238.46
1897-02-23,16345.96
1897-02-24,16314.87
1897-02-25,16202.66
1897-02-26,16523.09
1897-03-01,16644.1
1897-03-02,16724.55
1897-03-03,16899.64
1897-03-04,16645.47
1897-03-05,16675.22
1897-03-08,16728.63
1897-03-09,16636.7
1897-03-10,16669.83
1897-03-11,16773.93
1897-03-12,16857.75
1897-03-15,16901.02
1897-03-16,16930.76
1897-03-17,16832.08
1897-03-18,16838.17
1897-03-19,16669.07
1897-03-22,16647.86
1897-03-23,16387.65
1897-03-24,16277.67
1897-03-25,16174.52
1897-03-26,16071.37
1897-03-29,15643.87
1897-03-30,15916.29
1897-03-31,15697.07
1897-04-01,15832.92
1897-04-02,15917.56
1897-04-05,15759.79
1897-04-06,15789.8
1897-04-07,15816.4
1897-04-08,16027.35
1897-04-09,15931.04
1897-04-12,15780.11
1897-04-13,16004.72
1897-04-14,15846.96
1897-04-15,15685.79
1897-04-19,15251.5
1897-04-20,15500.01
1897-04-21,15669.98
1897-04-22,15583.92
1897-04-23,15586.62
1897-04-26,15780.49
1897-04-28,15691.02
1897-04-29,15656.17
1897-04-30,15566.7
1897-05-03,15593.29
1897-05-04,15793.98
1897-05-05,15632.83
1897-05-06,15775.48
1897-05-07,15774.77
1897-05-10,15893.53
1897-05-11,15906.46
1897-05-12,15892.09
1897-05-13,15748.01
1897-05-14,15648.3
1897-05-17,15623.7
1897-05-18,15790.24
1897-05-19,15707.6
1897-05-20,15597.66
1897-05-21,15665.21
1897-05-24,15848.81
1897-05-25,15827.62
1897-05-26,15960.02
1897-05-27,15914.93
1897-05-28,16033.67
1897-06-01,16186.55
1897-06-02,16284.81
1897-06-03,16253.37
1897-06-04,16396
1897-06-07,16627.37
1897-06-08,16619.82
1897-06-09,16731.73
1897-06-10,16829.98
1897-06-11,16924.82
1897-06-14,17104.98
1897-06-15,17056.48
1897-06-16,16936.3
1897-06-17,17055.02
1897-06-18,17118.72
1897-06-21,17059.33
1897-06-22,17220.61
1897-06-23,17350.85
1897-06-24,17432.81
1897-06-25,17376.87
1897-06-28,17762.24
1897-06-29,17599.41
1897-06-30,17491.75
1897-07-01,17601.3
1897-07-02,17593.62
1897-07-06,17368.74
1897-07-07,17512.76
1897-07-08,17422.35
1897-07-09,17493.97
1897-07-12,17600.06
1897-07-13,17754.41
1897-07-14,17846.71
1897-07-15,17756.3
1897-07-16,17858.94
1897-07-19,18140.84
1897-07-20,18153.85
1897-07-21,18211.67
1897-07-22,18469.43
1897-07-23,18568.61
1897-07-26,18543.69
1897-07-27,18477.41
1897-07-28,18697.24
1897-07-29,18717.13
1897-07-30,18757.71
1897-08-02,18987.88
1897-08-03,19318.01
1897-08-04,19458.54
1897-08-05,19585.29
1897-08-06,19780.97
1897-08-09,19828.43
1897-08-10,19986.19
1897-08-11,20143.96
1897-08-12,20198.31
1897-08-13,20056.18
1897-08-16,20258.75
1897-08-17,20033.9
1897-08-18,20098.59
1897-08-19,20070.22
1897-08-20,19969.46
1897-08-23,20351.25
1897-08-24,20350.45
1897-08-25,20294.5
1897-08-26,20431.57
1897-08-27,20599.65
1897-08-30,20629.87
1897-08-31,20973.72
1897-09-01,21076.31
1897-09-02,21213.37
1897-09-03,21305.61
1897-09-07,21425.43
1897-09-08,21414.28
1897-09-09,21503.08
1897-09-10,21629.79
1897-09-13,21411.85
1897-09-14,21600.59
1897-09-15,21754.87
1897-09-16,21671.34
1897-09-17,21825.46
1897-09-20,21477.22
1897-09-21,20778.07
1897-09-22,21197.65
1897-09-23,21255.89
1897-09-24,20813.86
1897-09-27,20941.59
1897-09-28,20704.54
1897-09-29,20547.4
1897-09-30,20195.71
1897-10-01,20358.18
1897-10-04,20774.26
1897-10-05,20651.86
1897-10-06,20463.45
1897-10-07,20389.69
1897-10-08,20475.73
1897-10-11,20117.12
1897-10-12,19491.02
1897-10-13,19775.07
1897-10-14,19517.2
1897-10-15,19457.35
1897-10-18,19800.45
1897-10-19,20018.49
1897-10-20,20170.53
1897-10-21,20016.88
1897-10-22,20005.66
1897-10-25,19473.39
1897-10-26,19656.69
1897-10-27,19464.84
1897-10-28,19443.2
1897-10-29,19623.02
1897-11-01,19712.53
1897-11-03,19246.29
1897-11-04,19106.55
1897-11-05,18622.95
1897-11-08,18517.95
1897-11-09,18847.13
1897-11-10,19158.93
1897-11-11,18838.59
1897-11-12,19021.88
1897-11-15,19003.71
1897-11-16,19173.11
1897-11-17,19036.85
1897-11-18,19102.05
1897-11-19,19174.19
1897-11-22,19048.36
1897-11-23,19075.35
1897-11-24,18973.83
1897-11-26,19115.43
1897-11-29,19173.67
1897-11-30,19395.15
1897-12-01,19713.86
1897-12-02,19629.71
1897-12-03,19656.69
1897-12-06,19739.24
1897-12-07,19974.59
1897-12-08,20039.77
1897-12-09,20139.68
1897-12-10,19954.82
1897-12-13,20221.42
1897-12-14,20171.99
1897-12-15,20070.48
1897-12-16,19951.6
1897-12-17,19830.38
1897-12-20,20019.04
1897-12-21,19906.38
1897-12-22,19972.4
1897-12-23,20094.48
1897-12-24,20244.59
1897-12-27,20209.01
1897-12-28,20187.44
1897-12-29,20123.83
1897-12-30,20119.79
1897-12-31,20161.28
1898-01-03,20055.63
1898-01-04,19872.92
1898-01-05,20156.14
1898-01-06,20435.86
1898-01-07,20613.98
1898-01-10,20592.41
1898-01-11,20637.4
1898-01-12,20661.37
1898-01-13,20678.34
1898-01-14,20537.67
1898-01-17,20512.6
1898-01-18,20287.85
1898-01-19,20465.96
1898-01-20,20374.34
1898-01-21,20293.22
1898-01-24,20043.96
1898-01-25,20383.2
1898-01-26,20746.96
1898-01-27,20886.52
1898-01-28,20840.43
1898-01-31,21151.64
1898-02-01,21084.53
1898-02-02,21006.92
1898-02-03,20995.86
1898-02-04,21135.42
1898-02-07,21159.38
1898-02-08,21004.71
1898-02-09,21035.68
1898-02-10,21227.78
1898-02-11,21146.66
1898-02-14,20869.41
1898-02-15,21121.04
1898-02-16,20724.71
1898-02-17,20850.25
1898-02-18,20692.09
1898-02-21,20120.64
1898-02-23,19787.37
1898-02-24,19250.96
1898-02-25,19495.59
1898-02-28,19775.24
1898-03-01,20184.46
1898-03-02,19861.71
1898-03-03,19903.2
1898-03-04,19692.52
1898-03-07,19100.11
1898-03-08,19250.16
1898-03-09,19305.66
1898-03-10,19133.52
1898-03-11,18814.29
1898-03-14,18866.29
1898-03-15,18820.23
1898-03-16,19250.44
1898-03-17,18892.7
1898-03-18,19000.8
1898-03-21,18915.37
1898-03-22,18479.59
1898-03-23,18411.86
1898-03-24,18237.97
1898-03-25,17993.31
1898-03-28,19305.74
1898-03-29,18908.9
1898-03-30,19556.01
1898-03-31,19254.72
1898-04-01,18695.11
1898-04-04,19168.81
1898-04-05,18991.38
1898-04-06,19305.83
1898-04-07,19238.11
1898-04-08,19110.23
1898-04-11,19332.67
1898-04-12,19321.56
1898-04-13,18868.14
1898-04-14,19069.34
1898-04-15,18994.54
1898-04-18,18856.05
1898-04-19,18660.95
1898-04-20,18692.31
1898-04-21,18178.76
1898-04-22,18425.96
1898-04-25,18386.55
1898-04-26,18541.75
1898-04-27,18562.5
1898-04-28,18735.38
1898-04-29,19049.8
1898-05-02,19951.54
1898-05-03,19897.97
1898-05-05,20435.27
1898-05-06,20318.02
1898-05-09,20961.45
1898-05-10,20769.89
1898-05-11,21208.1
1898-05-12,20991.78
1898-05-13,20980.66
1898-05-16,20693.58
1898-05-17,20976.11
1898-05-18,20827.01
1898-05-19,21006.94
1898-05-20,20956.91
1898-05-23,21267.73
1898-05-24,21613.93
1898-05-25,21500.21
1898-05-26,21517.39
1898-05-27,21562.87
1898-05-31,21820.61
1898-06-01,21887.32
1898-06-02,21961.1
1898-06-03,21755.4
1898-06-06,22112.19
1898-06-07,22044.46
1898-06-08,21937.82
1898-06-09,21909.01
1898-06-10,22099.52
1898-06-13,21780.64
1898-06-14,21652.78
1898-06-15,21340.98
1898-06-16,21680.06
1898-06-17,21674.6
1898-06-20,21649.09
1898-06-21,21587.89
1898-06-22,21515.97
1898-06-23,21686.83
1898-06-24,21747
1898-06-27,21792.9
1898-06-28,21681.72
1898-06-29,21641.93
1898-06-30,21609.29
1898-07-01,21733.73
1898-07-05,21754.63
1898-07-06,21675.58
1898-07-07,21810.73
1898-07-08,21885.18
1898-07-11,22016.75
1898-07-12,21926.99
1898-07-13,21676.59
1898-07-14,21890.26
1898-07-15,21579.18
1898-07-18,21475.15
1898-07-19,21417.52
1898-07-20,21559.8
1898-07-21,21648.52
1898-07-22,21626.59
1898-07-25,21793.85
1898-07-26,22036.06
1898-07-27,21946.31
1898-07-28,21920.81
1898-07-29,21988.11
1898-08-01,22130.37
1898-08-02,22283.34
1898-08-03,22382.77
1898-08-04,22414.37
1898-08-05,22610.16
1898-08-08,22863.06
1898-08-09,22819.71
1898-08-10,22997.65
1898-08-11,22957.87
1898-08-12,22793.16
1898-08-15,23174.54
1898-08-16,23370.32
1898-08-17,23523.26
1898-08-18,23251.49
1898-08-19,23579.32
1898-08-22,23671.58
1898-08-23,23653.21
1898-08-24,23592.01
1898-08-25,23787.77
1898-08-26,23965.69
1898-08-29,23558.31
1898-08-30,23639.86
1898-08-31,23542.98
1898-09-01,23567.43
1898-09-02,23566.91
1898-09-06,23569.95
1898-09-07,23276.79
1898-09-08,23179.91
1898-09-09,22990.24
1898-09-12,22914.78
1898-09-13,22725.12
1898-09-14,22856.64
1898-09-15,23141.6
1898-09-16,23045.98
1898-09-19,22941.06
1898-09-20,22814.54
1898-09-21,23105.6
1898-09-22,22885.49
1898-09-23,22920.96
1898-09-26,22729.65
1898-09-27,22441.16
1898-09-28,22293.05
1898-09-29,22422.12
1898-09-30,22140.83
1898-10-03,22187.1
1898-10-04,22330.56
1898-10-05,22394.83
1898-10-06,22300.73
1898-10-07,22188.62
1898-10-10,22015.33
1898-10-11,21896.03
1898-10-12,21960.31
1898-10-13,22215.34
1898-10-14,22056.45
1898-10-17,21991.15
1898-10-18,21929.44
1898-10-19,21846.14
1898-10-20,21917.61
1898-10-21,22053.86
1898-10-24,21988.55
1898-10-25,22239.97
1898-10-26,22401.41
1898-10-27,22487.27
1898-10-28,22630.71
1898-10-31,22594.19
1898-11-01,22492.9
1898-11-02,22366.41
1898-11-03,22531.44
1898-11-04,22548.92
1898-11-07,22829.11
1898-11-09,22839.38
1898-11-10,23173.54
1898-11-11,23227
1898-11-14,23489.18
1898-11-15,23351.9
1898-11-16,23491.72
1898-11-17,23537.97
1898-11-18,23433.08
1898-11-21,23569.3
1898-11-22,23730.71
1898-11-23,23758.97
1898-11-25,23679.27
1898-11-28,23923.43
1898-11-29,23850.93
1898-11-30,23897.18
1898-12-01,24116.15
1898-12-02,24079.63
1898-12-05,24057.51
1898-12-06,24193.71
1898-12-07,24265.15
1898-12-08,24354.57
1898-12-09,24598.72
1898-12-12,24932.81
1898-12-13,24802.74
1898-12-14,24841.78
1898-12-15,24834.04
1898-12-16,24730.31
1898-12-19,24642.98
1898-12-20,24766.06
1898-12-21,24805.7
1898-12-22,24867.11
1898-12-23,24972.04
1898-12-27,25164.04
1898-12-28,24859.06
1898-12-29,25163.51
1898-12-30,25264.81
1899-01-03,25275.43
1899-01-04,25289.67
1899-01-05,25372.84
1899-01-06,25260.12
1899-01-09,25629.84
1899-01-10,25665.85
1899-01-11,25752.63
1899-01-12,25763.24
1899-01-13,26013.25
1899-01-16,25962.2
1899-01-17,25943.79
1899-01-18,26175.66
1899-01-19,26461.93
1899-01-20,26635.76
1899-01-23,27001.82
1899-01-24,26540.9
1899-01-25,27247.9
1899-01-26,27389.07
1899-01-27,27530.24
1899-01-30,27537.21
1899-01-31,27362.83
1899-02-01,27464.1
1899-02-02,27318.74
1899-02-03,27354.73
1899-02-06,27300.05
1899-02-07,26904.44
1899-02-08,27023.84
1899-02-09,27056.2
1899-02-10,27153.85
1899-02-14,27349.41
1899-02-15,27334.62
1899-02-16,27584.57
1899-02-17,27801.89
1899-02-20,28479.78
1899-02-21,28475.86
1899-02-23,28413.92
1899-02-24,28362.85
1899-02-27,28286.41
1899-02-28,28043.14
1899-03-01,27999.34
1899-03-02,27632.78
1899-03-03,27980.63
1899-03-06,27635.84
1899-03-07,27780.61
1899-03-08,28095.81
1899-03-09,28157.17
1899-03-10,28265.67
1899-03-13,28341.53
1899-03-14,28261.46
1899-03-15,28232.16
1899-03-16,28652.51
1899-03-17,28631.98
1899-03-20,28737.58
1899-03-21,28748.18
1899-03-22,28915.89
1899-03-23,28908.23
1899-03-24,29090.54
1899-03-27,29667.41
1899-03-28,29988.53
1899-03-29,29896.84
1899-03-30,29911.09
1899-04-03,30323.54
1899-04-04,30209.93
1899-04-05,30220.52
1899-04-06,29642.97
1899-04-07,29368.63
1899-04-10,29320.78
1899-04-11,29897.6
1899-04-12,29984.91
1899-04-13,30017.43
1899-04-14,30141.27
1899-04-17,30086.11
1899-04-18,30253.78
1899-04-19,30224.2
1899-04-20,30165.39
1899-04-21,30278.26
1899-04-24,30128.13
1899-04-25,30317.71
1899-04-26,30331.95
1899-04-27,30254.89
1899-04-28,30221.65
1899-05-01,29311.78
1899-05-02,29768
1899-05-03,29701.89
1899-05-04,29529.86
1899-05-05,29102.16
1899-05-08,28360.34
1899-05-09,27717.16
1899-05-10,28520.35
1899-05-11,28326.42
1899-05-12,28406.43
1899-05-15,27745
1899-05-16,28044.14
1899-05-17,28555.12
1899-05-18,28357.55
1899-05-19,28298.76
1899-05-22,28075.63
1899-05-23,27914.58
1899-05-24,27713.37
1899-05-25,27943.11
1899-05-26,27866.07
1899-05-31,27113.39
1899-06-01,27208
1899-06-02,27817.55
1899-06-05,27641.91
1899-06-06,27860.68
1899-06-07,28130.58
1899-06-08,28192.31
1899-06-09,28619.24
1899-06-12,28757.66
1899-06-13,28421.34
1899-06-14,28377.17
1899-06-15,28281.87
1899-06-16,28286.99
1899-06-19,28006.97
1899-06-20,28105.98
1899-06-21,27947.4
1899-06-22,27877.13
1899-06-23,28141.73
1899-06-26,28641.82
1899-06-27,28700.34
1899-06-28,28832.45
1899-06-29,28747.47
1899-06-30,28897.98
1899-07-05,29210.39
1899-07-06,29147.48
1899-07-07,29331.1
1899-07-10,28727.3
1899-07-11,29065.46
1899-07-12,29219.64
1899-07-13,29211.92
1899-07-14,28961.37
1899-07-17,28902.14
1899-07-18,29008.49
1899-07-19,28879.36
1899-07-20,29092.4
1899-07-21,29264.97
1899-07-24,29231.5
1899-07-25,29275.29
1899-07-26,29201.35
1899-07-27,29351.84
1899-07-28,29564.87
1899-07-31,29781.57
1899-08-01,29733.38
1899-08-02,29755.1
1899-08-03,29762.09
1899-08-04,29710.22
1899-08-07,29500.16
1899-08-08,29658
1899-08-09,29727.54
1899-08-10,29885.37
1899-08-11,29811.43
1899-08-14,30017.08
1899-08-15,29781.27
1899-08-16,29747.8
1899-08-17,29975.52
1899-08-18,30045.05
1899-08-21,30081.48
1899-08-22,29904.54
1899-08-23,30139.6
1899-08-24,30128.2
1899-08-25,30094.73
1899-08-28,30164.26
1899-08-29,29979.97
1899-08-30,30204
1899-08-31,30144.78
1899-09-01,30092.92
1899-09-05,30563.38
1899-09-06,30437.95
1899-09-07,30191.14
1899-09-08,30124.57
1899-09-11,29730.63
1899-09-12,29505.89
1899-09-13,29954.28
1899-09-14,29707.48
1899-09-15,29345.73
1899-09-18,28619.14
1899-09-19,28844.8
1899-09-20,28729.59
1899-09-21,29021.94
1899-09-22,29358.76
1899-09-25,28847.09
1899-09-26,28720.76
1899-09-27,28901.95
1899-09-28,28897.89
1899-10-02,28297.32
1899-10-03,28282.15
1899-10-04,28563.37
1899-10-05,28614.89
1899-10-06,28777.55
1899-10-09,28788.31
1899-10-10,29032.48
1899-10-11,28924.68
1899-10-12,28694.62
1899-10-13,28494.21
1899-10-16,28734.67
1899-10-17,28804.71
1899-10-18,29089.61
1899-10-19,28981.82
1899-10-20,29159.29
1899-10-23,29610.89
1899-10-24,29488.28
1899-10-25,29684.26
1899-10-26,29676.49
1899-10-27,29683.54
1899-10-30,29768.37
1899-10-31,29830.99
1899-11-01,29930.65
1899-11-02,30197
1899-11-03,30015.12
1899-11-06,29914.74
1899-11-08,29840.29
1899-11-09,29521.36
1899-11-10,29295.04
1899-11-13,29498.41
1899-11-14,29368.41
1899-11-15,29538.44
1899-11-16,29901.08
1899-11-17,29834.05
1899-11-20,29774.42
1899-11-21,29699.97
1899-11-22,29781.1
1899-11-23,29836.3
1899-11-24,29917.42
1899-11-27,29887.43
1899-11-28,29905.58
1899-11-29,29971.89
1899-12-01,29864.11
1899-12-04,29519.29
1899-12-05,29296.7
1899-12-06,29355.61
1899-12-07,29295.99
1899-12-08,28640.07
1899-12-11,28065.65
1899-12-12,28017.15
1899-12-13,27090.9
1899-12-14,27446.1
1899-12-15,27757.51
1899-12-18,25335.84
1899-12-19,26050.2
1899-12-20,25980.56
1899-12-21,25515.19
1899-12-22,25154.36
1899-12-26,26130.02
1899-12-27,26889.15
1899-12-28,26935.23
1899-12-29,27298.63
1900-01-02,27990.53
1900-01-03,27446.78
1900-01-04,27649.64
1900-01-05,27591.19
1900-01-08,27349.82
1900-01-09,26947.94
1900-01-10,26893.23
1900-01-11,26666.81
1900-01-12,27172.03
1900-01-15,26938.15
1900-01-16,27029.02
1900-01-17,27123.62
1900-01-18,27095.04
1900-01-19,27432.27
1900-01-22,27470.88
1900-01-23,27113.82
1900-01-24,27253.21
1900-01-25,27407.52
1900-01-26,27128.86
1900-01-29,27126.41
1900-01-30,27568.13
1900-01-31,27632.86
1900-02-01,27828.23
1900-02-02,28060.91
1900-02-05,28368.25
1900-02-06,28485.23
1900-02-07,28385.72
1900-02-08,28204.11
1900-02-09,28048.63
1900-02-13,28202.93
1900-02-14,28148.22
1900-02-15,28164.42
1900-02-16,27979.08
1900-02-19,27987.82
1900-02-20,27966.7
1900-02-21,27863.48
1900-02-23,27603.51
1900-02-26,27388.33
1900-02-27,27329.89
1900-02-28,27581.22
1900-03-01,27489.2
1900-03-02,27094.89
1900-03-05,27182
1900-03-06,27131.04
1900-03-07,27121.12
1900-03-08,26999.25
1900-03-09,26966.95
1900-03-12,27595.17
1900-03-13,27559.13
1900-03-14,27340.24
1900-03-15,27300.47
1900-03-16,27285.06
1900-03-19,27508.94
1900-03-20,27770.57
1900-03-21,27971.78
1900-03-22,28135.24
1900-03-23,27955.15
1900-03-26,28330.03
1900-03-27,28463.28
1900-03-28,28656.94
1900-03-29,28461.74
1900-03-30,28674.27
1900-04-02,28728.24
1900-04-03,28718.03
1900-04-04,28783.32
1900-04-05,28742.91
1900-04-06,28857.28
1900-04-09,28835.74
1900-04-10,28542.41
1900-04-11,28600.16
1900-04-12,28669.22
1900-04-16,28032.38
1900-04-17,27961.78
1900-04-18,27966.68
1900-04-19,28054.62
1900-04-20,28172.76
1900-04-23,27683.16
1900-04-24,27714.48
1900-04-25,27776
1900-04-26,28147.04
1900-04-27,27921.68
1900-04-30,27590.64
1900-05-01,27655.93
1900-05-02,27483.42
1900-05-03,27563.81
1900-05-04,27629.11
1900-05-07,27445.28
1900-05-08,26902.89
1900-05-09,26968.18
1900-05-10,27120.29
1900-05-11,26649.62
1900-05-14,26492.23
1900-05-15,26459.39
1900-05-16,26728.5
1900-05-17,26631.5
1900-05-18,26945.89
1900-05-21,26788.51
1900-05-22,26899.09
1900-05-23,26968.15
1900-05-24,26757.93
1900-05-25,26698.68
1900-05-28,26745.09
1900-05-29,26938.7
1900-05-31,27298.36
1900-06-01,27541.02
1900-06-04,27055.3
1900-06-05,26965.86
1900-06-06,26744.33
1900-06-07,26839.8
1900-06-08,26550.35
1900-06-11,26355.25
1900-06-12,26428.08
1900-06-13,26693.38
1900-06-14,26468.08
1900-06-15,26349.53
1900-06-18,25788.77
1900-06-19,25774.26
1900-06-20,25557.3
1900-06-21,25661.2
1900-06-22,25417.5
1900-06-25,25212.01
1900-06-26,25407.59
1900-06-27,25347.24
1900-06-28,25695.6
1900-06-29,25654.36
1900-07-02,25972.15
1900-07-03,25992.02
1900-07-05,26244.87
1900-07-06,26043.2
1900-07-09,25952.31
1900-07-10,26350.3
1900-07-11,26473.28
1900-07-12,26435.85
1900-07-13,26123.43
1900-07-16,26192.94
1900-07-17,26426.68
1900-07-18,26343.42
1900-07-19,26454.95
1900-07-20,26734.51
1900-07-23,27082.82
1900-07-24,26800.96
1900-07-25,26748.25
1900-07-26,26630.62
1900-07-27,26745.96
1900-07-30,26406.82
1900-07-31,26411.41
1900-08-01,26542.01
1900-08-02,26600.06
1900-08-03,26688.66
1900-08-06,26708.52
1900-08-07,26697.82
1900-08-08,26702.4
1900-08-09,26722.26
1900-08-10,26814.67
1900-08-13,27048.38
1900-08-14,27182.79
1900-08-15,27267.56
1900-08-16,27165.22
1900-08-17,27188.89
1900-08-20,27086.54
1900-08-21,27064.39
1900-08-22,27114.79
1900-08-23,27062.09
1900-08-24,27009.39
1900-08-27,26903.23
1900-08-28,26800.89
1900-08-29,27034.58
1900-08-30,27031.52
1900-08-31,26944.45
1900-09-04,27029.22
1900-09-05,27110.16
1900-09-06,27130.01
1900-09-07,27084.95
1900-09-10,27062.8
1900-09-11,27071.19
1900-09-12,27121.59
1900-09-13,27023.07
1900-09-14,26775.65
1900-09-17,26470.97
1900-09-18,26529
1900-09-19,26178.51
1900-09-20,25816.57
1900-09-21,25874.58
1900-09-24,25512.3
1900-09-25,25679.73
1900-09-26,25719.56
1900-09-27,26219.5
1900-09-28,25957.75
1900-10-01,26364.89
1900-10-02,26269.39
1900-10-03,26545.07
1900-10-04,26619.69
1900-10-05,26732.98
1900-10-08,26478.97
1900-10-09,26553.59
1900-10-10,26431.04
1900-10-11,26470.87
1900-10-12,26738.79
1900-10-15,27385.59
1900-10-16,27409.94
1900-10-17,27407.24
1900-10-18,27566.9
1900-10-19,27784.55
1900-10-22,28280.54
1900-10-23,28281.69
1900-10-24,28360.16
1900-10-25,28299.46
1900-10-26,28350.86
1900-10-29,27930.64
1900-10-30,28063.23
1900-10-31,27925.22
1900-11-01,27992.09
1900-11-02,28024.18
1900-11-05,28593.57
1900-11-07,29298.26
1900-11-08,29624.11
1900-11-09,29980.88
1900-11-12,30391.77
1900-11-13,30033.41
1900-11-14,30254.88
1900-11-15,30545.92
1900-11-16,31076.62
1900-11-19,31155.05
1900-11-20,31438.36
1900-11-21,31532.25
1900-11-22,31502.45
1900-11-23,30908.33
1900-11-26,31299.85
1900-11-27,31277.79
1900-11-28,31197.75
1900-11-30,31372.81
1900-12-03,31285.04
1900-12-04,30899.66
1900-12-05,31066.99
1900-12-06,30936.71
1900-12-07,30655.7
1900-12-10,30819.16
1900-12-11,31172
1900-12-12,31192.46
1900-12-13,31035.13
1900-12-14,31395.69
1900-12-17,31760.11
1900-12-18,31807.61
1900-12-19,32059.94
1900-12-20,32192.47
1900-12-21,32589.9
1900-12-26,33248.16
1900-12-27,33324.66
1900-12-28,33178.61
1900-12-31,33555.74
1901-01-02,33476.06
1901-01-03,32599.92
1901-01-04,33547.06
1901-01-07,33420.53
1901-01-08,33497.03
1901-01-09,33581.33
1901-01-10,33493.84
1901-01-11,33722.59
1901-01-14,33564.84
1901-01-15,33360.24
1901-01-16,33147.84
1901-01-17,32970.57
1901-01-18,32750.36
1901-01-21,32596.53
1901-01-22,32872.12
1901-01-23,33022.78
1901-01-24,32658.14
1901-01-25,32964.95
1901-01-28,33213.2
1901-01-29,33258.46
1901-01-30,33370.08
1901-01-31,33653.46
1901-02-01,33901.7
1901-02-04,34333.4
1901-02-05,34597.24
1901-02-06,34767.4
1901-02-07,34527.69
1901-02-08,34647.09
1901-02-11,34696.24
1901-02-13,34288.68
1901-02-14,34540.81
1901-02-15,34824.15
1901-02-18,34221.44
1901-02-19,34071.52
1901-02-20,33890.37
1901-02-21,34052.71
1901-02-25,34008.18
1901-02-26,33967.55
1901-02-27,34094.76
1901-02-28,33835.56
1901-03-01,34068.15
1901-03-04,34238.29
1901-03-05,34314.76
1901-03-06,34414.64
1901-03-07,34452.07
1901-03-08,34442.66
1901-03-11,34487.9
1901-03-12,34521.43
1901-03-13,34590.08
1901-03-14,34686.05
1901-03-15,34748.52
1901-03-18,35388.33
1901-03-19,35523.44
1901-03-20,35489.02
1901-03-21,35580.76
1901-03-22,35597.58
1901-03-25,35448.82
1901-03-26,35512.95
1901-03-27,35774.22
1901-03-28,35858.07
1901-03-29,36075.97
1901-04-01,36534.36
1901-04-02,36732.54
1901-04-03,37151.49
1901-04-04,37270.81
1901-04-08,36676.54
1901-04-09,37201.93
1901-04-10,37605.1
1901-04-11,37361.71
1901-04-12,37591.41
1901-04-15,38104.95
1901-04-16,38236.08
1901-04-17,38130.67
1901-04-18,38411.6
1901-04-19,38897.53
1901-04-22,38677.8
1901-04-23,38406.82
1901-04-24,38534
1901-04-25,38846.46
1901-04-26,39154.97
1901-04-29,39774.89
1901-04-30,40032.14
1901-05-01,40431.3
1901-05-02,40294.35
1901-05-03,39814.46
1901-05-06,40343.69
1901-05-07,40116.09
1901-05-08,38295.99
1901-05-09,35624.5
1901-05-10,37911.77
1901-05-13,37849.74
1901-05-14,36254.4
1901-05-15,36874.29
1901-05-16,37265.55
1901-05-17,38196.81
1901-05-20,37791.87
1901-05-21,38080.64
1901-05-22,38054.09
1901-05-23,37783.16
1901-05-24,38004.92
1901-05-27,37887.71
1901-05-28,38133.12
1901-05-29,38421.87
1901-05-31,39104.76
1901-06-03,40272.41
1901-06-04,40178.84
1901-06-05,40014.33
1901-06-06,39983.82
1901-06-07,39969.08
1901-06-10,39773.04
1901-06-11,39742.54
1901-06-12,39936.67
1901-06-13,40453.97
1901-06-14,40474.7
1901-06-17,40881.64
1901-06-18,40594.97
1901-06-19,40493.52
1901-06-20,40411.78
1901-06-21,40740.63
1901-06-24,40686.61
1901-06-25,40354.29
1901-06-26,40248.59
1901-06-27,40166.75
1901-06-28,40351.29
1901-07-01,40189.94
1901-07-02,40147.86
1901-07-03,39982.53
1901-07-08,38576.81
1901-07-09,39170.84
1901-07-10,38158.73
1901-07-11,37731.04
1901-07-12,37072.78
1901-07-15,36863.75
1901-07-16,37088.05
1901-07-17,38123.33
1901-07-18,38522.54
1901-07-19,38086.91
1901-07-22,36899.96
1901-07-23,37505.88
1901-07-24,37201.45
1901-07-25,37437.66
1901-07-26,37642.07
1901-07-29,37929.96
1901-07-30,37748.77
1901-07-31,37511.93
1901-08-01,37616.95
1901-08-02,37396.02
1901-08-05,36539.08
1901-08-06,36644.11
1901-08-07,36832.61
1901-08-08,37188.06
1901-08-09,37006.89
1901-08-12,37060.23
1901-08-13,37455.41
1901-08-14,37616.08
1901-08-15,38023.18
1901-08-16,37873.81
1901-08-19,37744.31
1901-08-20,37940.74
1901-08-21,38009.97
1901-08-22,38285.89
1901-08-23,38593.6
1901-08-26,39008.62
1901-08-27,38608.85
1901-08-28,38602.56
1901-08-29,38703.59
1901-08-30,38939.74
1901-09-03,38472.42
1901-09-04,38768.19
1901-09-05,38654.59
1901-09-06,38537.03
1901-09-09,37763.7
1901-09-10,38186.64
1901-09-11,37862.41
1901-09-12,37776.65
1901-09-13,36514.52
1901-09-16,37855.49
1901-09-17,37817.42
1901-09-18,38172.78
1901-09-20,38256.1
1901-09-23,37728.04
1901-09-24,37701.45
1901-09-25,37049.04
1901-09-26,37283.21
1901-09-27,37613.67
1901-09-30,37193.94
1901-10-01,37103.17
1901-10-02,36964.27
1901-10-03,36624.79
1901-10-04,36646.35
1901-10-07,36274.78
1901-10-08,36440.76
1901-10-09,36538.54
1901-10-10,37085.59
1901-10-11,37448.11
1901-10-14,37297.17
1901-10-15,37154.27
1901-10-16,37091.59
1901-10-17,37217.43
1901-10-18,37303.16
1901-10-21,37284.6
1901-10-22,37578.91
1901-10-23,37792.99
1901-10-24,37734.32
1901-10-25,37707.74
1901-10-28,37251.98
1901-10-29,37578.36
1901-10-30,37752.33
1901-10-31,37633.49
1901-11-01,37887.67
1901-11-04,37796.91
1901-11-06,38235.59
1901-11-07,38345.37
1901-11-08,38499.27
1901-11-11,38925.89
1901-11-12,38738.87
1901-11-13,38704.26
1901-11-14,38212.44
1901-11-15,38610.98
1901-11-18,38464.08
1901-11-19,38397.39
1901-11-20,38366.79
1901-11-21,38761.31
1901-11-22,39039.51
1901-11-25,38808.39
1901-11-26,38849.98
1901-11-27,38983.81
1901-11-29,38873.01
1901-12-02,38252.9
1901-12-03,38434.85
1901-12-04,38753.15
1901-12-05,38766.66
1901-12-06,38202.71
1901-12-09,38015.73
1901-12-10,37880.87
1901-12-11,37581.61
1901-12-12,37182.1
1901-12-13,37348.01
1901-12-16,37465.79
1901-12-17,37735.96
1901-12-18,37909.88
1901-12-19,37871.27
1901-12-20,38137.61
1901-12-23,37888.39
1901-12-24,37760.62
1901-12-26,38187.51
1901-12-27,38472.69
1901-12-30,38543.3
1901-12-31,38897.3
1902-01-02,39121.75
1902-01-03,38921.11
1902-01-06,39105.07
1902-01-07,38742.5
1902-01-08,38906.21
1902-01-09,38661.05
1902-01-10,38521.15
1902-01-13,38267.9
1902-01-14,37860.83
1902-01-15,38125.74
1902-01-16,38196.35
1902-01-17,38546.27
1902-01-20,38256.6
1902-01-21,38262.43
1902-01-22,38288.51
1902-01-23,38484.6
1902-01-24,38445.9
1902-01-27,38374.83
1902-01-28,38842.12
1902-01-29,38673.89
1902-01-30,38849.73
1902-01-31,38920.33
1902-02-03,38772.35
1902-02-04,38838.89
1902-02-05,39087.58
1902-02-06,39328.18
1902-02-07,39390.67
1902-02-10,39360.07
1902-02-11,39398.27
1902-02-13,39145.06
1902-02-14,39211.6
1902-02-17,39375.28
1902-02-18,39235.39
1902-02-19,39407.16
1902-02-20,38809.93
1902-02-21,38945.28
1902-02-24,39007.77
1902-02-25,39167.4
1902-02-26,38999.19
1902-02-27,39037.4
1902-02-28,38873.24
1902-03-03,39101.67
1902-03-04,38888.95
1902-03-05,39060.71
1902-03-06,39434.82
1902-03-07,39242.34
1902-03-10,38968.92
1902-03-11,39003.08
1902-03-12,39033.19
1902-03-13,39128.05
1902-03-14,39267.42
1902-03-17,39507.97
1902-03-18,39610.91
1902-03-19,39713.86
1902-03-20,39845.13
1902-03-21,40069.01
1902-03-24,40058.44
1902-03-25,39892.64
1902-03-26,39906.59
1902-03-27,39851.09
1902-03-31,39963.08
1902-04-01,39891.25
1902-04-02,39909.28
1902-04-03,40221.44
1902-04-04,40304.84
1902-04-07,40028.74
1902-04-08,40185.67
1902-04-09,40338.51
1902-04-10,40041.99
1902-04-11,40100.87
1902-04-14,40364
1902-04-15,40606.7
1902-04-16,40706.42
1902-04-17,41010.39
1902-04-18,41175.46
1902-04-21,40952.49
1902-04-22,40639.65
1902-04-23,40714.87
1902-04-24,41206.72
1902-04-25,41179.81
1902-04-28,41299.95
1902-04-29,41526.28
1902-04-30,41385
1902-05-01,41558.24
1902-05-02,40836.96
1902-05-05,40810.06
1902-05-06,41412.15
1902-05-07,41160.61
1902-05-08,41264.4
1902-05-09,41102.71
1902-05-12,40446.83
1902-05-13,40746.67
1902-05-14,40838.21
1902-05-15,40966.51
1902-05-16,40437.25
1902-05-19,40140.8
1902-05-20,40493.73
1902-05-21,40715.95
1902-05-22,40791.16
1902-05-23,40964.37
1902-05-26,40794.53
1902-05-27,40775.8
1902-05-28,40777.49
1902-05-29,40918.03
1902-06-02,40866.63
1902-06-03,40811.14
1902-06-04,40780.16
1902-06-05,40524.57
1902-06-06,40563.01
1902-06-09,40638.21
1902-06-10,40909.42
1902-06-11,40992.77
1902-06-12,40933.21
1902-06-13,41130.9
1902-06-16,41230.59
1902-06-17,41273.11
1902-06-18,41385.05
1902-06-19,41088.64
1902-06-20,41104.21
1902-06-23,40920.45
1902-06-24,40670.74
1902-06-25,40721.91
1902-06-26,40859.62
1902-06-27,40848.96
1902-06-30,40982.56
1902-07-01,41054.32
1902-07-02,41200.27
1902-07-03,41420.4
1902-07-07,41599.32
1902-07-08,41596.9
1902-07-09,41532.66
1902-07-10,41629.15
1902-07-11,41729.75
1902-07-14,42015.81
1902-07-15,42062.84
1902-07-16,42373.61
1902-07-17,42494.82
1902-07-18,42669.59
1902-07-21,42535.29
1902-07-22,42726.55
1902-07-23,42905.44
1902-07-24,42935.97
1902-07-25,43168.43
1902-07-28,43116.54
1902-07-29,42776.2
1902-07-30,42909.76
1902-07-31,42754.86
1902-08-01,42756.55
1902-08-04,42679.95
1902-08-05,42788.78
1902-08-06,42926.45
1902-08-07,43084.72
1902-08-08,43069.93
1902-08-11,42729.61
1902-08-12,42727.18
1902-08-13,42877.21
1902-08-14,43072.56
1902-08-15,42913.55
1902-08-18,42771.03
1902-08-19,42949.89
1902-08-20,43071.07
1902-08-21,42685.46
1902-08-22,42938.48
1902-08-25,43183.26
1902-08-26,43143.74
1902-08-27,43194.87
1902-08-28,43159.48
1902-08-29,43301.25
1902-09-02,43537.78
1902-09-03,43708.39
1902-09-04,43532.91
1902-09-05,43678.79
1902-09-08,43837.03
1902-09-09,44003.51
1902-09-10,43910.44
1902-09-11,43817.36
1902-09-12,43390.58
1902-09-15,43400.51
1902-09-16,43525.78
1902-09-17,43704.62
1902-09-18,43932.88
1902-09-19,43985.77
1902-09-22,43596.82
1902-09-23,42738.26
1902-09-24,42602.83
1902-09-25,42749.99
1902-09-26,43038.44
1902-09-29,41294.74
1902-09-30,42759.27
1902-10-01,42769.28
1902-10-02,42662.94
1902-10-03,42623.09
1902-10-06,41498.64
1902-10-07,41184.54
1902-10-08,41414.81
1902-10-09,41877.79
1902-10-10,41605.24
1902-10-13,40996.12
1902-10-14,41546.34
1902-10-15,41710.12
1902-10-16,42285.27
1902-10-17,42681.73
1902-10-20,42546.31
1902-10-21,42128.34
1902-10-22,42179.92
1902-10-23,42065.28
1902-10-24,42245.67
1902-10-27,41902.51
1902-10-28,41895.91
1902-10-29,41511.21
1902-10-30,41712.36
1902-10-31,42075.56
1902-11-03,41761.5
1902-11-05,41189.83
1902-11-06,41237.26
1902-11-07,41218.2
1902-11-10,40260.16
1902-11-11,39646.98
1902-11-12,39914.62
1902-11-13,39924.66
1902-11-14,39211.78
1902-11-17,39973.81
1902-11-18,39663.94
1902-11-19,39989.73
1902-11-20,40224.11
1902-11-21,40819.94
1902-11-24,40829.97
1902-11-25,40424.56
1902-11-26,40093.92
1902-11-28,40560.94
1902-12-01,40816.08
1902-12-02,40527
1902-12-03,40483.02
1902-12-04,40281.19
1902-12-05,40220.6
1902-12-08,40376.03
1902-12-09,40298.83
1902-12-10,39556.96
1902-12-11,39051.89
1902-12-12,39336.1
1902-12-15,39038.74
1902-12-16,39165.09
1902-12-17,39345.45
1902-12-18,40061.66
1902-12-19,40035.74
1902-12-22,40621.11
1902-12-23,40296.29
1902-12-24,40588.04
1902-12-26,40879.79
1902-12-29,40693.39
1902-12-30,41144.52
1902-12-31,41348.18
1903-01-02,41455.37
1903-01-05,41684.19
1903-01-06,42152.07
1903-01-07,41919.53
1903-01-08,42232.22
1903-01-09,42293.26
1903-01-12,41989.43
1903-01-13,41891.1
1903-01-14,41855.69
1903-01-15,41686.07
1903-01-16,41847.77
1903-01-19,41632.02
1903-01-20,41454.02
1903-01-21,41846.38
1903-01-22,41739.67
1903-01-23,41414.89
1903-01-26,41765.31
1903-01-27,41750.87
1903-01-28,41723.84
1903-01-29,41822.63
1903-01-30,41560.76
1903-02-02,41781.16
1903-02-03,41850.59
1903-02-04,42066.79
1903-02-05,42136.21
1903-02-06,41995.97
1903-02-09,42283.45
1903-02-10,42260.62
1903-02-11,42233.6
1903-02-13,42206.57
1903-02-16,42301.15
1903-02-17,42190.26
1903-02-18,41735.53
1903-02-19,41440.15
1903-02-20,41736
1903-02-24,41625.12
1903-02-25,41463.92
1903-02-26,41130.81
1903-02-27,40902.54
1903-03-02,40728.77
1903-03-03,40504.69
1903-03-04,40645.4
1903-03-05,39922.37
1903-03-06,40205.64
1903-03-09,39788.7
1903-03-10,39367.58
1903-03-11,39776.62
1903-03-12,39653.19
1903-03-13,39705.85
1903-03-16,39548.88
1903-03-17,39693.77
1903-03-18,39964.45
1903-03-19,40264.46
1903-03-20,40526.83
1903-03-23,40198.56
1903-03-24,39696.62
1903-03-25,39431.9
1903-03-26,39497.59
1903-03-27,38999.9
1903-03-30,38819.91
1903-03-31,39271.07
1903-04-01,39260.52
1903-04-02,38906.86
1903-04-03,39019.15
1903-04-06,38953.54
1903-04-07,38837.09
1903-04-08,38923.96
1903-04-09,38824.46
1903-04-13,37750.77
1903-04-14,38396.75
1903-04-15,38360.79
1903-04-16,38790.74
1903-04-17,39085.15
1903-04-20,39443.09
1903-04-21,39623.13
1903-04-23,39460.11
1903-04-24,39462.26
1903-04-27,39036.64
1903-04-28,39055.74
1903-04-29,39345.9
1903-04-30,39127.82
1903-05-01,39329.03
1903-05-04,39703.88
1903-05-05,39646.74
1903-05-06,39665.83
1903-05-07,39430.82
1903-05-08,39432.97
1903-05-11,39367.37
1903-05-12,39293.29
1903-05-13,39261.57
1903-05-14,39005.39
1903-05-15,38842.38
1903-05-18,38361.76
1903-05-19,38490.97
1903-05-20,37972.24
1903-05-21,38330.13
1903-05-22,38522.86
1903-05-25,37394.34
1903-05-26,37887.74
1903-05-27,37800.97
1903-05-28,37502.48
1903-05-29,37356.43
1903-06-01,37142.64
1903-06-02,37420.05
1903-06-03,37439.16
1903-06-04,36869.67
1903-06-05,36761.75
1903-06-08,36404
1903-06-09,36063.18
1903-06-10,35696.97
1903-06-11,36677.28
1903-06-12,37306.13
1903-06-15,36537.67
1903-06-16,36704.98
1903-06-17,36605.53
1903-06-18,36391.76
1903-06-19,36661.89
1903-06-22,36334.16
1903-06-23,36623.24
1903-06-24,36531.11
1903-06-25,36438.97
1903-06-26,36385.38
1903-06-29,37222.71
1903-06-30,37289.05
1903-07-01,37342.54
1903-07-02,36937.73
1903-07-03,37004.07
1903-07-06,36989.03
1903-07-07,36961.14
1903-07-08,37018.91
1903-07-09,36502.76
1903-07-10,36102.25
1903-07-13,35774.56
1903-07-14,35138.51
1903-07-15,34845.09
1903-07-16,34984.25
1903-07-17,35474.6
1903-07-20,34654.41
1903-07-21,34369.58
1903-07-22,34688.61
1903-07-23,34266.73
1903-07-24,33973.34
1903-07-27,34185.3
1903-07-28,34440.09
1903-07-29,34343.7
1903-07-30,34225.9
1903-07-31,34176.62
1903-08-03,33994.59
1903-08-04,33234.43
1903-08-05,32529.96
1903-08-06,33131.61
1903-08-07,32906.77
1903-08-10,32523.48
1903-08-11,32829.65
1903-08-12,33666.81
1903-08-13,34234.18
1903-08-14,35041.34
1903-08-17,35313.22
1903-08-18,35341.02
1903-08-19,34473.86
1903-08-20,34531.63
1903-08-21,34482.36
1903-08-24,34385.98
1903-08-25,34773.47
1903-08-26,34754.17
1903-08-27,34674.92
1903-08-28,34912.53
1903-08-31,35120.17
1903-09-01,34895.34
1903-09-02,34935.98
1903-09-03,34638.37
1903-09-04,34901.66
1903-09-08,34655.43
1903-09-09,34696.07
1903-09-10,34544.04
1903-09-11,34627.5
1903-09-14,33927.44
1903-09-15,34036.59
1903-09-16,33854.6
1903-09-17,33728.27
1903-09-18,33486.21
1903-09-21,33362.72
1903-09-22,33308.61
1903-09-23,32933.65
1903-09-24,32337.57
1903-09-25,32534.95
1903-09-28,31435.93
1903-09-29,32370.38
1903-09-30,31822.01
1903-10-01,32491.97
1903-10-02,32949.47
1903-10-05,32435.8
1903-10-06,32420.72
1903-10-07,32466.34
1903-10-08,31918
1903-10-09,31915.93
1903-10-12,31497.66
1903-10-13,31430.56
1903-10-14,31233.41
1903-10-15,31318.05
1903-10-16,32243.74
1903-10-19,31500.35
1903-10-20,32204.92
1903-10-21,32406.61
1903-10-22,32374.19
1903-10-23,32216.05
1903-10-26,32699.52
1903-10-27,32831.83
1903-10-28,32808.08
1903-10-29,32645.61
1903-10-30,32595.85
1903-11-02,32862.55
1903-11-04,32626.39
1903-11-05,32078.12
1903-11-06,32232.11
1903-11-09,32056.65
1903-11-10,32149.94
1903-11-11,31861.78
1903-11-12,31647.31
1903-11-13,31992.02
1903-11-16,32046.3
1903-11-17,32126.59
1903-11-18,32540.64
1903-11-19,32841.99
1903-11-20,32679.53
1903-11-23,32777.15
1903-11-24,32497.68
1903-11-25,32629.97
1903-11-27,32731.92
1903-11-30,32950.9
1903-12-01,33126.53
1903-12-02,33306.49
1903-12-03,33768.18
1903-12-04,33870.12
1903-12-07,34154.09
1903-12-08,34104.33
1903-12-09,34232.27
1903-12-10,33818.45
1903-12-11,33755.69
1903-12-14,34061.33
1903-12-15,34137.26
1903-12-16,34143.84
1903-12-17,33990.07
1903-12-18,34249.82
1903-12-21,34229.57
1903-12-22,34187.37
1903-12-23,34614.82
1903-12-24,34708.69
1903-12-28,35162.46
1903-12-29,35300.21
1903-12-30,35100
1903-12-31,35106.08
1904-01-04,34405.51
1904-01-05,34609.1
1904-01-06,34044.62
1904-01-07,34138.48
1904-01-08,34482.51
1904-01-11,34655.36
1904-01-12,34376.17
1904-01-13,34478.8
1904-01-14,34550.72
1904-01-15,34565.57
1904-01-18,34962.25
1904-01-19,35073.66
1904-01-20,35132.4
1904-01-21,35537.84
1904-01-22,35728.23
1904-01-25,35396.38
1904-01-26,35643.83
1904-01-27,35768.39
1904-01-28,35239.07
1904-01-29,35152.98
1904-02-01,35049.35
1904-02-02,34958.88
1904-02-03,34754.32
1904-02-04,34655.08
1904-02-05,34279.38
1904-02-08,33886.13
1904-02-09,33940.49
1904-02-10,33880.75
1904-02-11,33957.04
1904-02-15,34208.86
1904-02-16,34157.9
1904-02-17,34019.17
1904-02-18,33854.13
1904-02-19,33728.57
1904-02-23,33260.76
1904-02-24,33148.38
1904-02-25,33505.5
1904-02-26,33327.29
1904-02-29,33425.52
1904-03-01,33576.41
1904-03-02,33635.15
1904-03-03,33689.5
1904-03-04,33730.68
1904-03-07,33530.55
1904-03-08,33514.7
1904-03-09,33402.32
1904-03-10,33382.08
1904-03-11,33133.69
1904-03-14,33052.03
1904-03-15,33751.34
1904-03-16,33827.62
1904-03-17,34197.86
1904-03-18,33988.94
1904-03-21,34247.81
1904-03-22,34666.41
1904-03-23,34698.97
1904-03-24,34354.38
1904-03-25,34289.33
1904-03-28,34738.98
1904-03-29,34891.35
1904-03-30,34883.97
1904-03-31,34987.53
1904-04-04,34793.81
1904-04-05,34892.92
1904-04-06,35156.2
1904-04-07,35335.17
1904-04-08,35181.39
1904-04-11,35466.84
1904-04-12,35175.51
1904-04-13,35310.11
1904-04-14,35107.53
1904-04-15,35104.6
1904-04-18,35012.93
1904-04-19,34876.9
1904-04-20,34834.04
1904-04-21,35110.6
1904-04-22,35169.78
1904-04-25,34971.64
1904-04-26,35026.38
1904-04-27,35116.61
1904-04-28,35078.18
1904-04-29,34973.22
1904-05-02,34642
1904-05-03,34674.56
1904-05-04,34791.41
1904-05-05,34668.7
1904-05-06,34754.49
1904-05-09,34724.95
1904-05-10,34580.06
1904-05-11,34581.57
1904-05-12,34396.76
1904-05-13,34269.63
1904-05-16,34093.7
1904-05-17,34214.98
1904-05-18,34176.56
1904-05-19,34151.46
1904-05-20,34268.3
1904-05-23,34744.43
1904-05-24,34581.81
1904-05-25,34467.99
1904-05-26,34500.55
1904-05-27,34502.05
1904-05-31,34481.38
1904-06-01,34491.76
1904-06-02,34422.29
1904-06-03,34512.51
1904-06-06,34540.63
1904-06-07,34648.59
1904-06-08,34800.89
1904-06-09,34899.98
1904-06-10,35065.58
1904-06-13,35013.86
1904-06-14,35272.61
1904-06-15,35127.75
1904-06-16,35186.9
1904-06-17,35065.36
1904-06-20,35277.66
1904-06-21,35404.75
1904-06-22,35572.2
1904-06-23,35596.14
1904-06-24,35584.2
1904-06-27,35527.42
1904-06-28,35493.06
1904-06-29,35575.3
1904-06-30,35612.69
1904-07-01,35690.44
1904-07-05,36055.18
1904-07-06,36397.5
1904-07-07,36152.38
1904-07-08,36445.36
1904-07-11,36433.42
1904-07-12,36874.38
1904-07-13,37050.77
1904-07-14,36998.46
1904-07-15,37147.94
1904-07-18,37431.94
1904-07-19,37689.03
1904-07-20,37659.14
1904-07-21,37508.19
1904-07-22,37590.41
1904-07-25,37538.1
1904-07-26,37198.84
1904-07-27,36940.28
1904-07-28,37345.32
1904-07-29,37194.38
1904-08-01,37411.1
1904-08-02,37313.96
1904-08-03,37454.46
1904-08-04,37455.96
1904-08-05,37542.65
1904-08-08,37526.21
1904-08-09,37716.02
1904-08-10,37816.16
1904-08-11,38055.28
1904-08-12,38119.54
1904-08-15,38475.22
1904-08-16,38351.18
1904-08-17,38536.49
1904-08-18,38663.52
1904-08-19,38449.82
1904-08-22,38496.15
1904-08-23,38605.24
1904-08-24,38732.26
1904-08-25,38953.42
1904-08-26,38968.36
1904-08-29,39220.9
1904-08-30,39123.77
1904-08-31,38981.8
1904-09-01,39072.95
1904-09-02,39397.21
1904-09-06,39667.67
1904-09-07,39637.77
1904-09-08,39818.57
1904-09-09,40080.05
1904-09-12,39812.58
1904-09-13,39769.24
1904-09-14,40201.05
1904-09-15,40077.02
1904-09-16,40234.47
1904-09-19,39851.19
1904-09-20,39535.82
1904-09-21,39813.46
1904-09-22,39593.15
1904-09-23,39852.68
1904-09-26,40121.26
1904-09-27,40290.24
1904-09-28,40445.64
1904-09-29,40306.82
1904-09-30,40611.6
1904-10-03,40916.37
1904-10-04,40963.12
1904-10-05,41077.78
1904-10-06,40766.95
1904-10-07,40963.08
1904-10-10,41281.42
1904-10-11,41486.59
1904-10-12,41546.92
1904-10-13,41715.88
1904-10-14,42323.88
1904-10-17,42696.51
1904-10-18,42820.19
1904-10-19,42699.47
1904-10-20,42854.84
1904-10-21,43159.56
1904-10-24,43337.55
1904-10-25,43234.93
1904-10-26,43064.42
1904-10-27,42667.62
1904-10-28,43311.77
1904-10-31,42960.24
1904-11-01,43065.81
1904-11-02,43461.03
1904-11-03,43457.98
1904-11-04,43486.61
1904-11-07,43813.92
1904-11-09,44222.7
1904-11-10,44328.26
1904-11-11,44804.91
1904-11-14,44824.47
1904-11-15,45151.78
1904-11-16,45035.57
1904-11-17,45385.49
1904-11-18,45151.63
1904-11-21,45438.19
1904-11-22,45059.53
1904-11-23,45119.82
1904-11-25,45415.42
1904-11-28,46023.26
1904-11-29,46042.82
1904-11-30,46180.03
1904-12-01,46118.13
1904-12-02,46377.52
1904-12-05,46523.77
1904-12-06,46222.04
1904-12-07,45096.78
1904-12-08,44776.97
1904-12-09,45185.67
1904-12-12,43639.63
1904-12-13,43889.97
1904-12-14,43791.9
1904-12-15,44105.58
1904-12-16,44889.53
1904-12-19,44877.96
1904-12-20,45204.23
1904-12-21,44813.71
1904-12-22,44546.46
1904-12-23,44836.2
1904-12-27,45221.82
1904-12-28,45648.53
1904-12-29,46047.83
1904-12-30,45698.41
1905-01-03,45933.35
1905-01-04,45812.2
1905-01-05,45809.74
1905-01-06,45474.03
1905-01-09,45480.7
1905-01-10,45647.16
1905-01-11,45694.93
1905-01-12,45477.91
1905-01-13,45817.84
1905-01-16,46034.51
1905-01-17,45949.88
1905-01-18,46143.72
1905-01-19,46091.05
1905-01-20,46316.84
1905-01-23,45775.72
1905-01-24,45604.37
1905-01-25,45405.63
1905-01-26,46124.41
1905-01-27,46240.64
1905-01-30,46717.47
1905-01-31,46956.94
1905-02-01,46790.15
1905-02-02,47015.92
1905-02-03,47278.2
1905-02-06,47134.23
1905-02-07,47469.54
1905-02-08,47576.62
1905-02-09,47487.43
1905-02-10,47726.88
1905-02-14,47774.62
1905-02-15,47890.82
1905-02-16,47797.07
1905-02-17,47812.85
1905-02-20,48175.52
1905-02-21,48460.59
1905-02-23,48280.12
1905-02-24,48902.93
1905-02-27,48973.47
1905-02-28,48505.46
1905-03-01,49005.03
1905-03-02,49207.93
1905-03-03,48867.72
1905-03-06,49157.34
1905-03-07,48935.79
1905-03-08,49143.25
1905-03-09,49537.82
1905-03-10,49790.91
1905-03-13,50057.69
1905-03-14,49945.68
1905-03-15,49897.55
1905-03-16,49803.79
1905-03-17,49342.15
1905-03-20,49721.46
1905-03-21,49391.94
1905-03-22,48859.9
1905-03-23,49248.4
1905-03-24,49747.37
1905-03-27,49413.25
1905-03-28,49046.92
1905-03-29,49504.45
1905-03-30,49533.94
1905-03-31,49802.76
1905-04-03,50159.02
1905-04-04,50082.65
1905-04-05,50351.46
1905-04-06,50684.7
1905-04-07,50658.95
1905-04-10,50430.71
1905-04-11,50331.33
1905-04-12,50600.13
1905-04-13,50804.49
1905-04-14,51123.9
1905-04-17,50891.06
1905-04-18,50271.64
1905-04-19,50701.5
1905-04-20,49626.49
1905-04-24,49227.99
1905-04-25,49736.08
1905-04-26,49885.21
1905-04-27,48511.12
1905-04-28,48287.51
1905-05-01,47935.06
1905-05-02,48328.1
1905-05-03,47773.17
1905-05-04,46863.92
1905-05-05,47703.32
1905-05-08,46922.93
1905-05-09,47394.19
1905-05-10,47428.29
1905-05-11,47899.53
1905-05-12,48251.13
1905-05-15,48105.78
1905-05-16,47868.39
1905-05-17,47805.85
1905-05-18,46947.29
1905-05-19,46668.5
1905-05-22,45556.88
1905-05-23,45664.61
1905-05-24,46798.42
1905-05-25,46404.61
1905-05-26,46493.93
1905-05-29,47227.4
1905-05-31,47477.75
1905-06-01,46623.85
1905-06-02,46713.16
1905-06-05,46862.29
1905-06-06,46417.89
1905-06-07,46695.84
1905-06-08,46757.55
1905-06-09,46842.25
1905-06-12,47534.27
1905-06-13,47200.3
1905-06-14,47400.03
1905-06-15,47240.89
1905-06-16,47341.92
1905-06-19,47325.26
1905-06-20,47703.23
1905-06-21,48127.62
1905-06-22,48394.16
1905-06-23,48484.27
1905-06-26,48945.79
1905-06-27,48933.76
1905-06-28,49390.62
1905-06-29,49030.41
1905-06-30,49013.73
1905-07-03,49944.11
1905-07-05,49769.59
1905-07-06,50045.38
1905-07-07,50191.18
1905-07-10,50081.66
1905-07-11,49428.99
1905-07-12,50201.49
1905-07-13,50078.04
1905-07-14,50052.08
1905-07-17,50244.3
1905-07-18,50181.19
1905-07-19,50326.99
1905-07-20,50291.74
1905-07-21,49991.9
1905-07-24,49766.34
1905-07-25,49731.1
1905-07-26,49839.76
1905-07-27,50231.56
1905-07-28,50767.25
1905-07-31,51061.56
1905-08-01,50817.43
1905-08-02,50805.39
1905-08-03,51090.41
1905-08-04,51287.24
1905-08-07,51618.68
1905-08-08,51601.99
1905-08-09,51580.66
1905-08-10,51517.56
1905-08-11,52317.76
1905-08-14,52519.21
1905-08-15,52432.89
1905-08-16,52671.47
1905-08-17,52775.45
1905-08-18,52364.25
1905-08-21,52783.83
1905-08-22,52776.42
1905-08-23,53075.32
1905-08-24,53016.86
1905-08-25,52888.77
1905-08-28,52742.13
1905-08-29,53106
1905-08-30,52722.66
1905-08-31,51981.98
1905-09-01,51338.77
1905-09-05,52227.06
1905-09-06,51300.77
1905-09-07,51014.92
1905-09-08,51675.79
1905-09-11,51510.61
1905-09-12,52013.68
1905-09-13,51788.16
1905-09-14,52216.98
1905-09-15,52149.96
1905-09-18,52722.72
1905-09-19,52364.31
1905-09-20,52796.69
1905-09-21,52952.98
1905-09-22,53104.6
1905-09-25,52563.72
1905-09-26,52701.29
1905-09-27,52712.54
1905-09-28,52550.67
1905-09-29,52767.78
1905-10-02,53092.51
1905-10-03,53300.27
1905-10-04,52988.68
1905-10-05,53046.71
1905-10-06,53048.59
1905-10-09,52554.53
1905-10-10,52888.6
1905-10-11,52333.74
1905-10-12,52377.73
1905-10-13,52753.91
1905-10-16,52690.3
1905-10-17,52593.94
1905-10-18,52413.36
1905-10-19,52611.75
1905-10-20,53151.65
1905-10-23,53504.42
1905-10-24,53496.94
1905-10-25,53433.33
1905-10-26,53182.59
1905-10-27,52997.34
1905-10-30,53036.65
1905-10-31,53609.27
1905-11-01,53690.68
1905-11-02,53617.71
1905-11-03,53671.05
1905-11-06,53457.74
1905-11-08,52828.09
1905-11-09,52287.34
1905-11-10,52714.92
1905-11-13,51856.08
1905-11-14,52424
1905-11-15,52842.21
1905-11-16,52586.82
1905-11-17,53281.01
1905-11-20,53844.21
1905-11-21,54005.13
1905-11-22,54016.36
1905-11-23,53994.85
1905-11-24,53767.53
1905-11-27,54700.24
1905-11-28,54580.49
1905-11-29,54526.24
1905-12-01,54093.12
1905-12-04,53987.41
1905-12-05,54550.56
1905-12-06,54524.38
1905-12-07,54886.4
1905-12-08,55056.65
1905-12-11,55399.95
1905-12-12,55696.48
1905-12-13,56030.43
1905-12-14,55831.17
1905-12-15,55890.71
1905-12-18,55602.11
1905-12-19,55723.61
1905-12-20,55618.85
1905-12-21,55650.78
1905-12-22,55932.54
1905-12-26,56223.72
1905-12-27,55298.8
1905-12-28,55901.07
1905-12-29,56484.48
1906-01-02,56096.92
1906-01-03,56246.68
1906-01-04,55788.43
1906-01-05,56494.36
1906-01-08,57148.44
1906-01-09,57114.37
1906-01-10,57141.58
1906-01-11,57597.69
1906-01-12,58129.2
1906-01-15,58297.8
1906-01-16,58381.55
1906-01-17,58526.58
1906-01-18,58643.32
1906-01-19,59141.81
1906-01-22,59055.89
1906-01-23,59017.11
1906-01-24,58761.53
1906-01-25,58864.13
1906-01-26,59018.57
1906-01-29,57269.06
1906-01-30,56975.8
1906-01-31,57931.4
1906-02-01,58264.93
1906-02-02,58230.86
1906-02-05,57367.38
1906-02-06,57663.2
1906-02-07,57303.98
1906-02-08,57326.47
1906-02-09,57853.19
1906-02-13,57856.82
1906-02-14,57554.16
1906-02-15,56987.6
1906-02-16,56524.73
1906-02-19,56627.34
1906-02-20,56536.74
1906-02-21,56121
1906-02-23,56393.24
1906-02-26,56665.48
1906-02-27,56113.1
1906-02-28,55183.77
1906-03-01,55295.8
1906-03-02,55356
1906-03-05,54728.26
1906-03-06,55207.82
1906-03-07,55154.93
1906-03-08,55634.49
1906-03-09,56227.12
1906-03-12,55971.62
1906-03-13,56352.2
1906-03-14,56092
1906-03-15,55850.64
1906-03-16,55831.51
1906-03-19,54945.24
1906-03-20,55543.13
1906-03-21,55398.93
1906-03-22,55768.47
1906-03-23,55904.93
1906-03-26,56469.49
1906-03-27,56192.11
1906-03-28,56704.33
1906-03-29,56569.65
1906-03-30,56763.18
1906-04-02,57123.18
1906-04-03,57036.06
1906-04-04,56939.44
1906-04-05,56676.34
1906-04-06,56784.24
1906-04-09,56026.48
1906-04-10,55763.39
1906-04-11,56546.69
1906-04-12,56359.7
1906-04-13,56657.85
1906-04-16,56913.19
1906-04-17,56892.67
1906-04-18,56239.59
1906-04-19,55163.22
1906-04-20,55556.49
1906-04-23,54508.68
1906-04-24,54602.33
1906-04-25,54334.52
1906-04-26,54104.76
1906-04-27,52833.47
1906-04-30,53283.81
1906-05-01,51846.09
1906-05-02,51673.43
1906-05-03,51462.72
1906-05-04,52826.14
1906-05-07,53423.89
1906-05-08,54211.84
1906-05-09,54372.06
1906-05-10,54670.18
1906-05-11,55087.18
1906-05-14,54710.02
1906-05-15,54708.54
1906-05-16,55077.98
1906-05-17,54848.24
1906-05-18,54632.77
1906-05-21,54555.21
1906-05-22,54501.42
1906-05-23,54371.55
1906-05-24,54931.18
1906-05-25,55215.01
1906-05-28,55075.63
1906-05-29,55307.15
1906-05-31,55386.5
1906-06-01,55503.89
1906-06-04,56063.49
1906-06-05,55886.07
1906-06-06,56070.02
1906-06-07,56244.46
1906-06-08,56147.87
1906-06-11,56279.52
1906-06-12,56168.67
1906-06-13,55839.1
1906-06-14,55504.78
1906-06-15,55135.08
1906-06-18,54369.71
1906-06-19,55030.26
1906-06-20,55455.54
1906-06-21,54810.21
1906-06-22,55048.25
1906-06-25,54095.68
1906-06-26,54285.72
1906-06-27,53328.37
1906-06-28,53825.66
1906-06-29,52973.94
1906-07-02,52127.04
1906-07-03,52422.7
1906-07-05,52559.94
1906-07-06,53340.44
1906-07-09,53386.46
1906-07-10,53110.84
1906-07-11,52748.82
1906-07-12,52305.2
1906-07-13,52221.62
1906-07-16,52934.89
1906-07-17,53115.31
1906-07-18,52820.51
1906-07-19,53226.55
1906-07-20,53694.98
1906-07-23,53952.2
1906-07-24,53652.6
1906-07-25,54394.62
1906-07-26,54743.03
1906-07-27,55110.64
1906-07-30,55243.03
1906-07-31,55615.43
1906-08-01,56261.41
1906-08-02,56403.39
1906-08-03,56031.8
1906-08-06,56288.98
1906-08-07,56382.96
1906-08-08,56193.76
1906-08-09,55860.57
1906-08-10,56040.95
1906-08-13,56485.31
1906-08-14,56588.88
1906-08-15,56687.66
1906-08-16,56421.68
1906-08-17,57245.18
1906-08-20,58721.39
1906-08-21,58249.02
1906-08-22,57935.03
1906-08-23,58086.59
1906-08-24,58761.27
1906-08-27,58336.91
1906-08-28,57830.96
1906-08-29,58275.26
1906-08-30,57990.09
1906-08-31,57901.68
1906-09-04,58053.23
1906-09-05,58238.37
1906-09-06,58625.06
1906-09-07,58397.48
1906-09-10,58606.61
1906-09-11,58033.51
1906-09-12,58957.67
1906-09-13,58614.92
1906-09-14,59054.39
1906-09-17,59061.96
1906-09-18,59079.12
1906-09-19,58808.36
1906-09-20,59161.44
1906-09-21,59112.68
1906-09-24,58975.68
1906-09-25,58286.6
1906-09-26,58314.27
1906-09-27,58182.13
1906-09-28,58422.88
1906-10-01,58867.02
1906-10-02,58725.19
1906-10-03,58597.89
1906-10-04,58427.01
1906-10-05,58851.77
1906-10-08,58990.81
1906-10-09,59071.74
1906-10-10,59297.94
1906-10-11,59340.13
1906-10-12,59314.52
1906-10-15,58945.11
1906-10-16,58996.98
1906-10-17,58705.05
1906-10-18,58650.39
1906-10-19,57971.09
1906-10-22,57872.86
1906-10-23,57726.22
1906-10-24,57574.73
1906-10-25,57079.45
1906-10-26,57131.34
1906-10-29,57425.32
1906-10-30,57375.52
1906-10-31,56870.58
1906-11-01,57513.18
1906-11-02,57778.1
1906-11-05,57970.39
1906-11-07,57746.28
1906-11-08,57488.28
1906-11-09,57394.9
1906-11-12,56856.1
1906-11-13,57237.21
1906-11-14,57962.07
1906-11-15,58096.25
1906-11-16,58520.92
1906-11-19,58868.12
1906-11-20,58784.43
1906-11-21,59073.52
1906-11-22,59023.71
1906-11-23,58935.18
1906-11-26,58415.76
1906-11-27,58796.84
1906-11-28,58824.49
1906-11-30,58842.47
1906-12-03,59146.07
1906-12-04,59057.54
1906-12-05,58925.44
1906-12-06,58623.9
1906-12-07,59106.61
1906-12-10,59153.63
1906-12-11,59505.63
1906-12-12,59136.32
1906-12-13,58403.95
1906-12-14,59085.12
1906-12-17,58623.85
1906-12-18,57785.01
1906-12-19,57018.78
1906-12-20,57273.97
1906-12-21,57444.92
1906-12-24,56253.15
1906-12-26,56341.86
1906-12-27,57134.32
1906-12-28,57037.3
1906-12-31,56994.67
1907-01-02,57017.4
1907-01-03,56988.19
1907-01-04,57874.73
1907-01-07,57965.87
1907-01-08,57462.6
1907-01-09,57354.59
1907-01-10,57304.61
1907-01-11,56983.4
1907-01-14,56926.71
1907-01-15,56896.89
1907-01-16,56320.97
1907-01-17,56202.58
1907-01-18,55210.68
1907-01-21,55546.78
1907-01-22,55636.09
1907-01-23,55843.29
1907-01-24,55856.24
1907-01-25,55189.34
1907-01-28,54465.02
1907-01-29,54402.85
1907-01-30,54030.39
1907-01-31,54434.28
1907-02-01,53639.75
1907-02-04,53420
1907-02-05,53992.47
1907-02-06,53948.02
1907-02-07,54529.63
1907-02-08,54435.09
1907-02-11,54567.16
1907-02-13,54999.11
1907-02-14,54610.79
1907-02-15,54753.84
1907-02-18,54719.77
1907-02-19,54361.39
1907-02-20,54197.23
1907-02-21,54017.2
1907-02-25,52954.64
1907-02-26,53184.43
1907-02-27,52698.43
1907-02-28,53320.92
1907-03-01,53040.74
1907-03-04,51682.63
1907-03-05,50732.51
1907-03-06,51431.34
1907-03-07,50752.99
1907-03-08,50019.7
1907-03-11,50416.22
1907-03-12,50792.57
1907-03-13,48648.6
1907-03-14,45012.14
1907-03-15,47898.67
1907-03-18,48291.08
1907-03-19,47820.54
1907-03-20,47783.94
1907-03-21,48132.4
1907-03-22,46902.31
1907-03-25,44470.07
1907-03-26,46058.45
1907-03-27,46186.53
1907-03-28,46554.8
1907-03-29,47734.58
1907-04-01,48715.02
1907-04-02,48471.06
1907-04-03,48411.56
1907-04-04,49312.75
1907-04-05,49918.04
1907-04-08,49781.17
1907-04-09,49707.43
1907-04-10,49737.06
1907-04-11,49441.11
1907-04-12,49284.43
1907-04-15,47971.53
1907-04-16,48782.92
1907-04-17,48577.97
1907-04-18,48802.58
1907-04-19,48830.97
1907-04-22,49911.56
1907-04-23,49904.06
1907-04-24,49459.59
1907-04-25,49512.73
1907-04-26,49335.03
1907-04-29,49899.4
1907-04-30,49969.25
1907-05-01,49684.47
1907-05-02,50172.71
1907-05-03,50249.37
1907-05-06,49665.04
1907-05-07,49304.77
1907-05-08,49330.07
1907-05-09,49100.39
1907-05-10,48814.39
1907-05-13,49311.89
1907-05-14,49050.03
1907-05-15,48910.71
1907-05-16,48698.99
1907-05-17,48542.97
1907-05-20,47457.44
1907-05-21,46744.47
1907-05-22,47144.8
1907-05-23,46889.15
1907-05-24,47190.46
1907-05-27,45741.74
1907-05-28,45744.78
1907-05-29,46356.74
1907-05-31,46206.93
1907-06-03,45646.24
1907-06-04,46368.33
1907-06-05,46183.87
1907-06-06,46410.92
1907-06-07,46834.73
1907-06-10,47186.75
1907-06-11,46721.99
1907-06-12,46774.53
1907-06-13,46606.78
1907-06-14,46217.52
1907-06-17,46258.31
1907-06-18,46259.49
1907-06-19,46329.35
1907-06-20,46255.05
1907-06-21,46059.75
1907-06-24,46395.45
1907-06-25,47311.2
1907-06-26,47225.49
1907-06-27,47660.87
1907-06-28,47635.35
1907-07-01,48495.26
1907-07-02,48140.53
1907-07-03,48528.86
1907-07-05,48827.53
1907-07-08,49119.92
1907-07-09,48524.4
1907-07-10,47863.67
1907-07-11,47895.84
1907-07-12,48077.87
1907-07-15,48555.85
1907-07-16,48843.21
1907-07-17,48399.46
1907-07-18,48604.05
1907-07-19,48981.7
1907-07-22,48972.47
1907-07-23,48885.49
1907-07-24,49272.53
1907-07-25,49145.43
1907-07-26,49178.22
1907-07-29,48617.24
1907-07-30,48638.11
1907-07-31,48100.97
1907-08-01,47920.59
1907-08-02,48154.64
1907-08-05,47369.24
1907-08-06,46787.62
1907-08-07,46037.35
1907-08-08,46259.49
1907-08-09,45851.54
1907-08-12,43787.87
1907-08-13,44582.41
1907-08-14,43321.24
1907-08-15,43745.89
1907-08-16,43295.35
1907-08-19,43410.3
1907-08-20,43819.89
1907-08-21,43495.37
1907-08-22,43950.72
1907-08-23,43286.43
1907-08-26,43906.02
1907-08-27,43891.82
1907-08-28,44346.52
1907-08-29,44301.6
1907-08-30,44743.76
1907-09-03,45489.32
1907-09-04,45115.91
1907-09-05,45733.58
1907-09-06,45906.17
1907-09-09,45809.2
1907-09-10,45027.11
1907-09-11,44935.8
1907-09-12,44512.9
1907-09-13,44741.27
1907-09-16,44390.46
1907-09-17,44916.58
1907-09-18,44862.88
1907-09-19,45195.3
1907-09-20,45260.82
1907-09-23,45107.86
1907-09-24,45233.28
1907-09-25,45051.08
1907-09-26,44748.76
1907-09-27,44191.58
1907-09-30,44226.76
1907-10-01,44401.13
1907-10-02,44141.4
1907-10-03,44126.37
1907-10-04,44101.81
1907-10-07,44168.76
1907-10-08,43827.06
1907-10-09,42987.1
1907-10-10,43061.69
1907-10-11,42288.48
1907-10-14,41506.39
1907-10-15,41617.85
1907-10-16,40951.43
1907-10-17,41117.55
1907-10-18,40352.01
1907-10-21,41111.05
1907-10-22,39684.6
1907-10-23,38874.61
1907-10-24,38284.51
1907-10-25,38660.34
1907-10-28,38710.81
1907-10-29,37710.21
1907-10-30,38378.99
1907-10-31,37987.81
1907-11-01,38078.95
1907-11-04,38483.37
1907-11-06,38566.87
1907-11-07,37856.71
1907-11-08,38182.33
1907-11-11,38490.78
1907-11-12,38149.19
1907-11-13,37869.87
1907-11-14,37480.63
1907-11-15,36706.96
1907-11-18,37774.73
1907-11-19,36948.98
1907-11-20,36732.58
1907-11-21,36451.38
1907-11-22,36450.39
1907-11-25,36638.11
1907-11-26,37487.26
1907-11-27,37776.63
1907-11-29,38703.27
1907-12-02,40002.23
1907-12-03,39579.33
1907-12-04,40279.75
1907-12-05,40867.7
1907-12-06,41076.35
1907-12-09,40260.18
1907-12-10,39623.19
1907-12-11,39568.17
1907-12-12,39568.43
1907-12-13,39121.42
1907-12-16,39014.95
1907-12-17,38952.31
1907-12-18,39322.96
1907-12-19,39454.09
1907-12-20,40087.12
1907-12-23,39730.83
1907-12-24,39537.9
1907-12-26,39275.89
1907-12-27,39940.43
1907-12-30,40460.32
1907-12-31,40094.36
1908-01-02,40605.85
1908-01-03,40994.66
1908-01-06,41461.59
1908-01-07,41416.51
1908-01-08,41383.06
1908-01-09,42389.73
1908-01-10,42036.04
1908-01-13,43149.86
1908-01-14,43580.6
1908-01-15,43525.18
1908-01-16,43156.63
1908-01-17,43422.08
1908-01-20,42978.01
1908-01-21,42481
1908-01-22,42168.65
1908-01-23,41953.14
1908-01-24,41678.88
1908-01-27,42178.67
1908-01-28,42495.12
1908-01-29,42094.33
1908-01-30,42162.87
1908-01-31,42164.92
1908-02-03,41587.26
1908-02-04,41848.83
1908-02-05,41327.99
1908-02-06,41339.73
1908-02-07,41000.94
1908-02-10,39534.42
1908-02-11,39684.31
1908-02-13,39508.22
1908-02-14,40168.07
1908-02-17,39531.72
1908-02-18,39713.88
1908-02-19,39882.49
1908-02-20,40162.77
1908-02-21,40330.73
1908-02-24,40197.89
1908-02-25,40030.19
1908-02-26,40009.02
1908-02-27,40088.54
1908-02-28,40464.33
1908-03-02,40319.23
1908-03-03,40282.56
1908-03-04,40447.28
1908-03-05,40511.31
1908-03-06,40767.03
1908-03-09,42101.93
1908-03-10,41860.65
1908-03-11,42286.75
1908-03-12,42372.05
1908-03-13,42804.6
1908-03-16,42845.37
1908-03-17,43177.22
1908-03-18,42568.06
1908-03-19,42838.59
1908-03-20,43128.94
1908-03-23,43879.27
1908-03-24,44276.24
1908-03-25,44525.34
1908-03-26,44143.67
1908-03-27,44627.01
1908-03-30,44022.88
1908-03-31,43414.18
1908-04-01,43612.24
1908-04-02,43640.18
1908-04-03,43312.18
1908-04-06,43433.04
1908-04-07,43518.55
1908-04-08,44020.84
1908-04-09,44451.15
1908-04-10,44444.4
1908-04-13,44124.92
1908-04-14,44336.7
1908-04-15,44163.78
1908-04-16,44378.17
1908-04-20,44109.08
1908-04-21,44330.01
1908-04-22,44334.39
1908-04-23,44837.94
1908-04-24,45499.8
1908-04-27,45644.17
1908-04-28,45976.3
1908-04-29,46055.9
1908-04-30,45621.95
1908-05-01,46161.45
1908-05-04,46064.41
1908-05-05,46414.84
1908-05-06,46767.88
1908-05-07,46610.66
1908-05-08,46976.12
1908-05-11,47703.33
1908-05-12,47410.69
1908-05-13,47898.47
1908-05-14,48305.12
1908-05-15,48503.1
1908-05-18,49275.4
1908-05-19,48599.44
1908-05-20,48471
1908-05-21,48786.71
1908-05-22,48400.55
1908-05-25,47888.14
1908-05-26,47225.3
1908-05-27,47117.8
1908-05-28,46827.81
1908-05-29,47155.95
1908-06-01,48434.47
1908-06-02,48472.83
1908-06-03,48307.12
1908-06-04,47551.43
1908-06-05,47772.93
1908-06-08,48008.17
1908-06-09,47758.09
1908-06-10,47971.09
1908-06-11,47957.78
1908-06-12,47423.85
1908-06-15,47536.12
1908-06-16,47934.2
1908-06-17,47767.85
1908-06-18,47929.83
1908-06-19,47238.16
1908-06-22,46689.63
1908-06-23,46700.01
1908-06-24,46821.64
1908-06-25,47147.88
1908-06-26,47350.95
1908-06-29,47668.57
1908-06-30,47554.45
1908-07-01,47610.51
1908-07-02,47581.82
1908-07-03,47713.36
1908-07-06,48420.31
1908-07-07,48609.46
1908-07-08,49195.88
1908-07-09,49385.02
1908-07-10,48902.75
1908-07-13,49146.17
1908-07-14,49577.64
1908-07-15,49583.36
1908-07-16,49573.85
1908-07-17,49639.83
1908-07-20,50682.4
1908-07-21,50327.93
1908-07-22,50918.27
1908-07-23,51363.61
1908-07-24,50625.8
1908-07-27,50797.02
1908-07-28,51039.75
1908-07-29,51012.36
1908-07-30,51097.52
1908-07-31,51579.25
1908-08-03,51617.39
1908-08-04,52028.93
1908-08-05,51956.51
1908-08-06,52530.9
1908-08-07,52714.03
1908-08-10,53419.49
1908-08-11,52855.17
1908-08-12,53160.76
1908-08-13,52650.75
1908-08-14,51779.94
1908-08-17,52129.22
1908-08-18,52218.99
1908-08-19,51905.61
1908-08-20,52032.45
1908-08-21,51888.54
1908-08-24,51853.2
1908-08-25,51843.02
1908-08-26,52382.27
1908-08-27,53130.69
1908-08-28,53138.37
1908-08-31,53400.9
1908-09-01,53397.99
1908-09-02,53269.97
1908-09-03,52658.73
1908-09-04,53226.41
1908-09-08,53381.69
1908-09-09,53653.48
1908-09-10,53468.53
1908-09-11,52957.93
1908-09-14,53393.2
1908-09-15,52771.4
1908-09-16,52103.28
1908-09-17,51359.06
1908-09-18,52008.57
1908-09-21,50366.38
1908-09-22,50135.91
1908-09-23,50757.96
1908-09-24,51511.26
1908-09-25,51778.36
1908-09-28,51353.69
1908-09-29,51285.96
1908-09-30,51609.98
1908-10-01,51519.48
1908-10-02,52187.69
1908-10-05,52266.61
1908-10-06,52430.57
1908-10-07,52590.5
1908-10-08,52007.15
1908-10-09,51951.46
1908-10-12,52613.62
1908-10-13,52636.95
1908-10-14,52699.11
1908-10-15,52897.88
1908-10-16,52848.89
1908-10-19,52657.28
1908-10-20,53229.01
1908-10-21,53595.16
1908-10-22,53623.17
1908-10-23,53380
1908-10-26,53552.63
1908-10-27,53919.44
1908-10-28,53547.72
1908-10-29,53790.65
1908-10-30,53824.01
1908-11-02,53929.68
1908-11-04,55010.87
1908-11-05,55024.81
1908-11-06,55898.42
1908-11-09,56220.34
1908-11-10,56585.09
1908-11-11,56373.39
1908-11-12,56616.29
1908-11-13,57203.31
1908-11-16,57142.24
1908-11-17,57344.29
1908-11-18,56951.16
1908-11-19,56584.81
1908-11-20,56648.95
1908-11-23,56215.66
1908-11-24,57063.07
1908-11-25,56789.12
1908-11-27,57299.11
1908-11-30,57202.57
1908-12-01,57288.12
1908-12-02,56997.43
1908-12-03,56834.62
1908-12-04,57264.92
1908-12-07,56876.51
1908-12-08,57298.78
1908-12-09,57525.57
1908-12-10,57604.42
1908-12-11,57384.71
1908-12-14,57196.46
1908-12-15,56959.35
1908-12-16,57322.69
1908-12-17,56433.6
1908-12-18,56474.17
1908-12-21,55926.62
1908-12-22,56835.87
1908-12-23,57352.66
1908-12-24,57407.31
1908-12-28,58238.03
1908-12-29,57920.54
1908-12-30,57919.02
1908-12-31,58188.15
1909-01-04,57920.05
1909-01-05,57509.2
1909-01-06,57548.28
1909-01-07,58359.35
1909-01-08,58100.05
1909-01-11,57436.17
1909-01-12,57220.86
1909-01-13,57153.72
1909-01-14,57398.47
1909-01-15,57357.04
1909-01-18,57691.1
1909-01-19,57993.36
1909-01-20,57807.82
1909-01-21,58223.05
1909-01-22,58013.83
1909-01-25,58029.23
1909-01-26,57971.56
1909-01-27,58049.2
1909-01-28,57595.78
1909-01-29,57333.13
1909-02-01,57033.29
1909-02-02,57457.96
1909-02-03,57409.1
1909-02-04,57433.97
1909-02-05,57479.13
1909-02-08,57672.44
1909-02-09,57630.34
1909-02-10,57747.88
1909-02-11,58024.39
1909-02-15,58572.82
1909-02-16,58482.01
1909-02-17,58241.03
1909-02-18,57591.49
1909-02-19,57481.07
1909-02-23,55214.89
1909-02-24,56097.47
1909-02-25,55715.15
1909-02-26,56318.36
1909-03-01,56842.42
1909-03-02,57061.42
1909-03-03,56703.45
1909-03-04,56367.81
1909-03-05,56542.84
1909-03-08,56634.67
1909-03-09,56379.52
1909-03-10,56486.24
1909-03-11,56409.66
1909-03-12,56612.41
1909-03-15,56457.37
1909-03-16,56871.14
1909-03-17,57211.87
1909-03-18,57144.75
1909-03-19,56951.74
1909-03-22,57539.8
1909-03-23,57312.74
1909-03-24,57654.42
1909-03-25,57695.65
1909-03-26,57787.51
1909-03-29,58888.14
1909-03-30,58836.28
1909-03-31,59390.08
1909-04-01,59444.98
1909-04-02,59075.59
1909-04-05,59982.5
1909-04-06,59676.06
1909-04-07,59824.71
1909-04-08,60149.23
1909-04-12,60323.2
1909-04-13,59950.39
1909-04-14,60101.77
1909-04-15,59988.32
1909-04-16,59447.87
1909-04-19,60327.34
1909-04-20,60433.56
1909-04-21,60229.78
1909-04-22,60582.33
1909-04-23,60286.86
1909-04-26,60133.73
1909-04-27,60084.61
1909-04-28,60551.42
1909-04-29,60500.24
1909-04-30,60673.49
1909-05-03,61030.13
1909-05-04,61223.9
1909-05-05,61070.09
1909-05-06,61239.91
1909-05-07,61777.85
1909-05-10,61587.77
1909-05-11,62021.01
1909-05-12,62092.3
1909-05-13,62197.11
1909-05-14,62116.51
1909-05-17,61903.17
1909-05-18,62167.4
1909-05-19,62235.95
1909-05-20,61911.78
1909-05-21,62025.48
1909-05-24,62352.64
1909-05-25,62202.94
1909-05-26,61960.2
1909-05-27,62217.57
1909-05-28,62384.64
1909-06-01,62641.32
1909-06-02,62653.76
1909-06-03,63359.23
1909-06-04,63762.98
1909-06-07,63583.86
1909-06-08,63739.96
1909-06-09,63620.36
1909-06-10,63713.52
1909-06-11,63795.05
1909-06-14,63790.38
1909-06-15,63088.62
1909-06-16,63143.47
1909-06-17,62539.55
1909-06-18,62694.49
1909-06-21,61810.07
1909-06-22,61935.39
1909-06-23,62646.48
1909-06-24,63034.59
1909-06-25,62930.98
1909-06-28,63034.15
1909-06-29,63455.44
1909-06-30,63198.31
1909-07-01,63489.58
1909-07-02,63667.43
1909-07-06,63727.72
1909-07-07,63785.94
1909-07-08,63588.29
1909-07-09,63521.34
1909-07-12,63849.93
1909-07-13,63612.18
1909-07-14,63748.54
1909-07-15,63867.6
1909-07-16,64055.81
1909-07-19,64365.03
1909-07-20,64596.8
1909-07-21,64206.23
1909-07-22,64270.66
1909-07-23,64184.34
1909-07-26,64301.32
1909-07-27,64610.52
1909-07-28,64788.35
1909-07-29,65143.18
1909-07-30,65539.5
1909-08-02,66037.45
1909-08-03,66186.91
1909-08-04,66154.52
1909-08-05,65813.06
1909-08-06,66517.73
1909-08-09,66632.61
1909-08-10,66639.63
1909-08-11,67134.09
1909-08-12,67325.71
1909-08-13,67171.62
1909-08-16,67116.41
1909-08-17,67395.14
1909-08-18,66803.41
1909-08-19,66164.69
1909-08-20,66114.32
1909-08-23,66883.23
1909-08-24,66922.05
1909-08-25,66327.59
1909-08-26,64991.31
1909-08-27,65512.7
1909-08-30,66150.22
1909-08-31,66042.48
1909-09-01,65783.34
1909-09-02,66192.02
1909-09-03,66330.39
1909-09-07,65516.13
1909-09-08,65327.51
1909-09-09,64569.26
1909-09-10,65836.53
1909-09-13,65214.48
1909-09-14,65728.21
1909-09-15,66418.23
1909-09-16,66833.79
1909-09-17,67130.22
1909-09-20,67312.81
1909-09-21,67258.62
1909-09-22,66607.96
1909-09-23,66541.9
1909-09-24,66501.68
1909-09-27,66655.63
1909-09-28,67319.42
1909-09-29,67365.8
1909-09-30,67162.15
1909-10-01,67426.43
1909-10-04,67433
1909-10-05,66828.47
1909-10-06,66733.08
1909-10-07,66859.08
1909-10-08,66319.53
1909-10-11,65606.79
1909-10-13,65737.68
1909-10-14,66307.84
1909-10-15,66624.49
1909-10-18,66602.44
1909-10-19,66331.07
1909-10-20,66150.5
1909-10-21,66274.4
1909-10-22,65494.65
1909-10-25,65339.92
1909-10-26,64951.96
1909-10-27,65450.86
1909-10-28,65763.3
1909-10-29,66393.47
1909-11-01,66527.14
1909-11-03,66720.86
1909-11-04,66716.26
1909-11-05,66512.65
1909-11-08,66137.96
1909-11-09,65780.74
1909-11-10,65912.31
1909-11-11,65746.42
1909-11-12,65875.9
1909-11-15,65940.43
1909-11-16,65835.99
1909-11-17,66032.5
1909-11-18,66411.94
1909-11-19,66553.27
1909-11-22,65778.53
1909-11-23,65604.97
1909-11-24,65510.31
1909-11-26,66027.29
1909-11-29,64717.06
1909-11-30,64667.79
1909-12-01,65019.29
1909-12-02,64778.01
1909-12-03,65350.83
1909-12-06,65506.82
1909-12-07,65910.67
1909-12-08,65883.04
1909-12-09,66290.36
1909-12-10,66067.95
1909-12-13,66464.09
1909-12-14,66264.72
1909-12-15,66399.05
1909-12-16,66467.06
1909-12-17,66678.41
1909-12-20,66639.59
1909-12-21,66572.56
1909-12-22,66565.49
1909-12-23,66473.05
1909-12-24,66576.04
1909-12-27,66394.01
1909-12-28,66521.69
1909-12-29,66956.23
1909-12-30,66963.97
1909-12-31,67078.23
1910-01-03,66611.21
1910-01-04,66762.16
1910-01-05,66027.78
1910-01-06,66270.44
1910-01-07,66362.83
1910-01-10,65696.2
1910-01-11,65391.45
1910-01-12,64928.7
1910-01-13,65213.68
1910-01-14,63760.56
1910-01-17,63654.05
1910-01-18,63637.83
1910-01-19,63020.63
1910-01-20,63654.07
1910-01-21,64166.88
1910-01-24,63304.22
1910-01-25,62143.92
1910-01-26,63216.07
1910-01-27,62701.18
1910-01-28,62960.75
1910-01-31,63095.49
1910-02-01,62765.4
1910-02-02,62315.42
1910-02-03,61162.94
1910-02-04,61418.29
1910-02-07,60469.67
1910-02-08,60374.48
1910-02-09,61628.53
1910-02-10,61755.51
1910-02-11,62285.9
1910-02-14,62670.29
1910-02-15,62416.41
1910-02-16,62934.1
1910-02-17,63169.67
1910-02-18,63513.14
1910-02-21,63220.47
1910-02-23,63193.67
1910-02-24,63733.9
1910-02-25,63549.13
1910-02-28,63478.62
1910-03-01,63605.56
1910-03-02,64071.72
1910-03-03,64017.42
1910-03-04,64029.41
1910-03-07,64827.71
1910-03-08,64964.52
1910-03-09,64903.16
1910-03-10,64777.63
1910-03-11,64181.04
1910-03-14,64401.06
1910-03-15,63721.98
1910-03-16,63408.18
1910-03-17,63776.99
1910-03-18,64142.82
1910-03-21,63894.71
1910-03-22,63991.24
1910-03-23,63579.72
1910-03-24,63597.05
1910-03-28,62783.12
1910-03-29,63067.32
1910-03-30,62628
1910-03-31,62762.35
1910-04-01,62738.3
1910-04-04,62744.22
1910-04-05,63435.8
1910-04-06,63597.25
1910-04-07,63386.98
1910-04-08,62650.88
1910-04-11,63640.67
1910-04-12,63435.4
1910-04-13,64152.63
1910-04-14,64348.32
1910-04-15,64212.96
1910-04-18,63956.32
1910-04-19,64062.83
1910-04-20,63337.47
1910-04-21,63409.73
1910-04-22,63086.04
1910-04-25,62272.24
1910-04-26,62337.37
1910-04-27,61881.72
1910-04-28,60953.8
1910-04-29,61670.99
1910-05-02,60564.03
1910-05-03,60328.12
1910-05-04,61389.86
1910-05-05,61988.6
1910-05-06,61441.67
1910-05-09,62324.32
1910-05-10,62771.1
1910-05-11,62789.85
1910-05-12,62742.27
1910-05-13,62875.17
1910-05-16,62931.73
1910-05-17,62794.98
1910-05-18,62668.93
1910-05-19,63019.38
1910-05-20,63554.57
1910-05-23,63205.26
1910-05-24,63407.33
1910-05-25,62875.41
1910-05-26,63058.94
1910-05-27,62889.38
1910-05-31,61736.93
1910-06-01,61150.11
1910-06-02,60957.04
1910-06-03,59577.8
1910-06-06,59075.9
1910-06-07,60606.79
1910-06-08,60529.27
1910-06-09,60838.33
1910-06-10,60230.16
1910-06-13,60413.69
1910-06-14,60639.3
1910-06-15,60506.87
1910-06-16,60635.48
1910-06-17,60750.7
1910-06-20,61341.01
1910-06-21,61253.85
1910-06-22,61848.48
1910-06-23,61595.93
1910-06-24,60976.48
1910-06-27,59791.55
1910-06-28,59687.79
1910-06-29,58567.88
1910-06-30,58008.41
1910-07-01,58285.99
1910-07-05,57465.11
1910-07-06,57698.64
1910-07-07,57986.32
1910-07-08,57959.13
1910-07-11,58427.35
1910-07-12,57887.42
1910-07-13,58404.75
1910-07-14,58893.9
1910-07-15,58652.22
1910-07-18,58382.39
1910-07-19,58523.46
1910-07-20,58490.49
1910-07-21,57783.06
1910-07-22,57044.58
1910-07-25,55823.01
1910-07-26,54390.6
1910-07-27,55754.23
1910-07-28,57227.59
1910-07-29,56939.01
1910-08-01,55991.17
1910-08-02,57078.9
1910-08-03,56830.77
1910-08-04,56792.04
1910-08-05,57054.41
1910-08-08,57405.6
1910-08-09,58234.06
1910-08-10,58047.3
1910-08-11,58011.45
1910-08-12,58662.99
1910-08-15,58661.08
1910-08-16,59511.16
1910-08-17,59834.15
1910-08-18,59179.51
1910-08-19,58994.92
1910-08-22,58268.82
1910-08-23,58419.97
1910-08-24,57925.66
1910-08-25,57637.11
1910-08-26,58141.32
1910-08-29,58400.05
1910-08-30,58387.3
1910-08-31,58360.84
1910-09-01,57766.19
1910-09-02,57774.39
1910-09-06,57555.89
1910-09-07,57779.95
1910-09-08,57714.51
1910-09-09,57863.49
1910-09-12,58183.56
1910-09-13,58743.31
1910-09-14,58597.73
1910-09-15,57948.25
1910-09-16,58083.13
1910-09-19,58193.34
1910-09-20,58225.26
1910-09-21,58914.17
1910-09-22,58738.31
1910-09-23,58513.45
1910-09-26,59006.27
1910-09-27,58986.25
1910-09-28,58976.47
1910-09-29,59148.11
1910-09-30,59485.82
1910-10-03,59986.67
1910-10-04,60132.7
1910-10-05,59706.65
1910-10-06,60121.16
1910-10-07,60155.99
1910-10-10,60460.03
1910-10-11,60652.14
1910-10-13,61351.19
1910-10-14,61737.14
1910-10-17,62202.82
1910-10-18,62461.48
1910-10-19,61992.29
1910-10-20,62477.71
1910-10-21,62127.76
1910-10-24,61787.32
1910-10-25,61612.94
1910-10-26,61510.97
1910-10-27,62024.9
1910-10-28,61954.38
1910-10-31,61681.98
1910-11-01,61876.26
1910-11-02,62020.06
1910-11-03,62295.52
1910-11-04,62056.77
1910-11-07,62191.79
1910-11-09,61283.8
1910-11-10,60914.14
1910-11-11,60896.3
1910-11-14,61366.31
1910-11-15,61681.25
1910-11-16,61838.94
1910-11-17,61407.13
1910-11-18,61803.25
1910-11-21,61642.78
1910-11-22,61641.76
1910-11-23,61762.14
1910-11-25,61906.66
1910-11-28,60655.73
1910-11-29,60899.72
1910-11-30,60125.66
1910-12-01,59679.27
1910-12-02,59297.23
1910-12-05,59620.2
1910-12-06,58871.04
1910-12-07,59281.04
1910-12-08,59429.95
1910-12-09,59796.8
1910-12-12,59683.17
1910-12-13,59646.33
1910-12-14,59972.94
1910-12-15,59983.63
1910-12-16,60042.19
1910-12-19,60675.59
1910-12-20,60474.74
1910-12-21,60448
1910-12-22,60178.26
1910-12-23,60126.33
1910-12-27,59809.91
1910-12-28,59903.94
1910-12-29,60518.78
1910-12-30,60479.45
1911-01-03,61025.39
1911-01-04,60982.35
1911-01-05,61075.62
1911-01-06,61228.9
1911-01-09,61334.76
1911-01-10,61155.4
1911-01-11,60946.42
1911-01-12,61136.74
1911-01-13,61840.42
1911-01-16,61664.03
1911-01-17,62421.78
1911-01-18,62313.54
1911-01-19,62433.46
1911-01-20,62415.6
1911-01-23,62128.84
1911-01-24,62325.06
1911-01-25,62095.34
1911-01-26,62314.52
1911-01-27,62682.59
1911-01-30,63086.2
1911-01-31,63269.07
1911-02-01,63585.27
1911-02-02,63832.58
1911-02-03,63573.97
1911-02-06,63776.84
1911-02-07,63966.37
1911-02-08,63777.39
1911-02-09,63846.93
1911-02-10,63752.02
1911-02-14,63797.86
1911-02-15,63789.61
1911-02-16,63065.14
1911-02-17,63402.8
1911-02-20,63811.55
1911-02-21,63740.35
1911-02-23,63827.65
1911-02-24,62735.84
1911-02-27,62677.25
1911-02-28,62966.01
1911-03-01,62795.58
1911-03-02,61877.86
1911-03-03,61825.94
1911-03-06,62053.23
1911-03-07,62274.59
1911-03-08,62001.97
1911-03-09,62027.81
1911-03-10,62144.74
1911-03-13,62359.43
1911-03-14,63004.39
1911-03-15,63056.14
1911-03-16,62844.25
1911-03-17,62516.94
1911-03-20,63135.91
1911-03-21,63091.9
1911-03-22,62981.9
1911-03-23,62991.9
1911-03-24,62885.64
1911-03-27,63173.11
1911-03-28,63506.32
1911-03-29,63274.09
1911-03-30,63424.31
1911-03-31,62996.35
1911-04-03,63070.84
1911-04-04,63215.81
1911-04-05,63134.32
1911-04-06,63118.81
1911-04-07,62975.83
1911-04-10,62974.57
1911-04-11,62853.33
1911-04-12,62933.81
1911-04-13,62946.81
1911-04-17,62797.83
1911-04-18,62123.95
1911-04-19,62432.39
1911-04-20,62414.64
1911-04-21,62347.4
1911-04-24,62460.12
1911-04-25,62584.09
1911-04-26,62765.8
1911-04-27,62822.28
1911-04-28,63219.17
1911-05-01,64006.7
1911-05-02,63831.48
1911-05-03,64056.66
1911-05-04,63474.31
1911-05-05,63476.8
1911-05-08,63413.3
1911-05-09,63415.04
1911-05-10,63307.32
1911-05-11,63602.22
1911-05-12,63467.5
1911-05-15,63432.5
1911-05-16,64525.11
1911-05-17,64990.18
1911-05-18,65252.06
1911-05-19,65101.59
1911-05-22,65377.71
1911-05-23,65366.7
1911-05-24,65033.3
1911-05-25,64923.32
1911-05-26,65026.26
1911-05-29,65314.37
1911-05-31,65075.44
1911-06-01,65553.97
1911-06-02,65887.79
1911-06-05,65996.71
1911-06-06,65948.96
1911-06-07,66272.28
1911-06-08,66223.02
1911-06-09,66222.49
1911-06-12,66428.86
1911-06-13,66453.81
1911-06-14,66476.52
1911-06-15,66217.36
1911-06-16,66134.66
1911-06-19,66359.48
1911-06-20,66138.91
1911-06-21,66076.92
1911-06-22,65792.62
1911-06-23,66091.03
1911-06-26,66433.44
1911-06-27,66524.71
1911-06-28,66241.18
1911-06-29,66445.5
1911-06-30,66270.47
1911-07-03,65913.35
1911-07-05,65498.58
1911-07-06,65966.92
1911-07-07,66105.23
1911-07-10,66199.53
1911-07-11,66450.87
1911-07-12,66373.71
1911-07-13,66473.32
1911-07-14,66396.92
1911-07-17,66152.87
1911-07-18,66775.93
1911-07-19,66895.26
1911-07-20,66715.69
1911-07-21,66968.53
1911-07-24,66757.1
1911-07-25,66660.22
1911-07-26,66688.51
1911-07-27,66339.02
1911-07-28,66266.43
1911-07-31,66614.08
1911-08-01,66091.65
1911-08-02,65492.6
1911-08-03,65258.44
1911-08-04,64375.71
1911-08-07,64532.21
1911-08-08,64160.76
1911-08-09,63445.7
1911-08-10,63169.09
1911-08-11,62554.93
1911-08-14,63045.19
1911-08-15,62918.01
1911-08-16,62061.9
1911-08-17,62185.03
1911-08-18,62745.82
1911-08-21,62420.68
1911-08-22,62439.89
1911-08-23,62397.67
1911-08-24,61855.62
1911-08-25,61507.74
1911-08-28,61576.26
1911-08-29,61384.63
1911-08-30,61344.69
1911-08-31,61531.53
1911-09-01,61597.78
1911-09-05,62004.56
1911-09-06,62258.14
1911-09-07,61637.24
1911-09-08,61170.31
1911-09-11,60845.22
1911-09-12,60959.25
1911-09-13,60389.2
1911-09-14,60508.54
1911-09-15,60480.43
1911-09-18,61107.38
1911-09-19,60518.32
1911-09-20,60333.56
1911-09-21,59920.53
1911-09-22,59788.06
1911-09-25,59295.1
1911-09-26,59543.86
1911-09-27,59252.29
1911-09-28,60042.92
1911-09-29,59928.89
1911-10-02,60591.15
1911-10-03,60593.18
1911-10-04,60543.72
1911-10-05,60813.98
1911-10-06,60703.8
1911-10-09,60813.42
1911-10-10,61013.74
1911-10-11,61253.25
1911-10-13,61732.54
1911-10-16,62037.36
1911-10-17,62016.32
1911-10-18,61800.85
1911-10-19,61929.68
1911-10-20,62181.47
1911-10-23,61985.21
1911-10-24,62050.24
1911-10-25,62091.45
1911-10-26,61909.04
1911-10-27,61041.13
1911-10-30,61447.38
1911-10-31,61862.84
1911-11-01,62832.36
1911-11-02,62898.16
1911-11-03,63030.81
1911-11-06,63672.17
1911-11-08,63244.62
1911-11-09,64286.33
1911-11-10,64719.42
1911-11-13,64075.94
1911-11-14,63955.77
1911-11-15,63774.12
1911-11-16,64036.62
1911-11-17,64564.98
1911-11-20,64142.05
1911-11-21,64631.98
1911-11-22,64735.41
1911-11-23,65291.41
1911-11-24,64914.59
1911-11-27,64746.01
1911-11-28,64804.87
1911-11-29,64380.43
1911-12-01,63972.13
1911-12-04,64310.67
1911-12-05,64093.69
1911-12-06,63736.11
1911-12-07,63469.2
1911-12-08,63366.71
1911-12-11,64149.34
1911-12-12,64212.03
1911-12-13,64685.01
1911-12-14,64655.5
1911-12-15,64792.2
1911-12-18,64713.04
1911-12-19,64951.36
1911-12-20,64843.41
1911-12-21,64760.35
1911-12-22,64802.57
1911-12-26,64805.12
1911-12-27,64638.03
1911-12-28,64276.43
1911-12-29,64518.62
1912-01-02,64900.87
1912-01-03,64737.68
1912-01-04,64720.77
1912-01-05,64643.17
1912-01-08,64688.51
1912-01-09,64004.03
1912-01-10,64402.61
1912-01-11,64254.99
1912-01-12,64441.93
1912-01-15,64225.08
1912-01-16,64495.27
1912-01-17,64481.48
1912-01-18,64364.99
1912-01-19,64857.67
1912-01-22,64914.67
1912-01-23,64861.98
1912-01-24,64712.03
1912-01-25,64832.83
1912-01-26,64813.59
1912-01-29,64298.78
1912-01-30,64533.94
1912-01-31,63902.45
1912-02-01,63992.13
1912-02-02,64004.02
1912-02-05,63920.99
1912-02-06,64077.57
1912-02-07,64252.82
1912-02-08,64339.38
1912-02-09,64353.59
1912-02-13,64328.91
1912-02-14,64355.57
1912-02-15,64527.7
1912-02-16,64317.1
1912-02-19,64509.45
1912-02-20,64569.55
1912-02-21,64306.07
1912-02-23,64573.86
1912-02-26,64340.72
1912-02-27,64368.16
1912-02-28,64765.85
1912-02-29,64700.72
1912-03-01,64967.73
1912-03-04,65209.84
1912-03-05,65304.16
1912-03-06,65201.69
1912-03-07,65646.03
1912-03-08,65710.79
1912-03-11,65451.2
1912-03-12,65586.74
1912-03-13,65741.72
1912-03-14,66259.15
1912-03-15,66323.81
1912-03-18,66257.15
1912-03-19,66376.42
1912-03-20,67054.26
1912-03-21,67038.81
1912-03-22,67254.97
1912-03-25,67701.96
1912-03-26,67811.76
1912-03-27,67684.43
1912-03-28,67702.85
1912-03-29,67909.55
1912-04-01,68225.74
1912-04-02,68116.53
1912-04-03,68182.22
1912-04-04,68640.99
1912-04-08,68973.7
1912-04-09,69377.32
1912-04-10,69039.66
1912-04-11,69035.22
1912-04-12,68550.27
1912-04-15,69081.48
1912-04-16,68682.4
1912-04-17,68853.62
1912-04-18,68781.44
1912-04-19,68728.17
1912-04-22,68490.57
1912-04-23,69150.94
1912-04-24,68995.27
1912-04-25,69691.08
1912-04-26,69947.35
1912-04-29,69836.57
1912-04-30,69610.01
1912-05-01,69558.31
1912-05-02,69720.85
1912-05-03,68675.94
1912-05-06,68135.91
1912-05-07,68401.64
1912-05-08,68405.08
1912-05-09,68539.27
1912-05-10,68931.78
1912-05-13,69332.17
1912-05-14,69612.06
1912-05-15,69612.34
1912-05-16,69222.77
1912-05-17,69373.48
1912-05-20,69591.93
1912-05-21,69617.42
1912-05-22,69272.74
1912-05-23,69237.59
1912-05-24,69433.97
1912-05-27,69338.18
1912-05-28,69316.41
1912-05-29,69099.33
1912-05-31,68071.11
1912-06-03,68369.88
1912-06-04,68803.31
1912-06-05,69507.63
1912-06-06,69649.66
1912-06-07,69405.82
1912-06-10,69299.01
1912-06-11,68811.05
1912-06-12,68915.29
1912-06-13,69004.57
1912-06-14,68630.81
1912-06-17,68849.22
1912-06-18,68808.57
1912-06-19,68982.88
1912-06-20,69463.51
1912-06-21,69435.27
1912-06-24,69085.8
1912-06-25,69083.14
1912-06-26,69771.69
1912-06-27,69634.3
1912-06-28,69652.36
1912-07-01,69735.8
1912-07-02,69914.1
1912-07-03,69948.11
1912-07-05,69285.36
1912-07-08,68961.43
1912-07-09,68826.44
1912-07-10,68359.82
1912-07-11,68750.97
1912-07-12,68136.89
1912-07-15,68493.76
1912-07-16,68762.94
1912-07-17,69195.53
1912-07-18,69269.4
1912-07-19,69502.69
1912-07-22,69467.35
1912-07-23,69200.84
1912-07-24,69171.08
1912-07-25,69582.92
1912-07-26,69568.3
1912-07-29,69271.51
1912-07-30,69406.75
1912-07-31,69917.42
1912-08-01,70526.92
1912-08-02,70410.27
1912-08-05,70523.97
1912-08-06,70392.18
1912-08-07,70715.51
1912-08-08,70620.39
1912-08-09,70898.28
1912-08-12,71420.86
1912-08-13,71611.87
1912-08-14,71935.98
1912-08-15,71639.2
1912-08-16,71680.36
1912-08-19,71473.64
1912-08-20,71635.15
1912-08-21,71537.63
1912-08-22,71050.38
1912-08-23,71106.68
1912-08-26,71115.96
1912-08-27,71612.2
1912-08-28,71390.36
1912-08-29,71368.55
1912-08-30,71279.8
1912-09-03,70583.77
1912-09-04,70626.53
1912-09-05,71110.8
1912-09-06,70892.95
1912-09-09,70797.84
1912-09-10,70708.3
1912-09-11,70370.92
1912-09-12,70443.96
1912-09-13,70562.42
1912-09-16,70683.28
1912-09-17,71377.1
1912-09-18,71318.64
1912-09-19,71314.37
1912-09-20,71976.14
1912-09-23,72282.39
1912-09-24,72529.75
1912-09-25,72474.61
1912-09-26,72421.08
1912-09-27,72787.01
1912-09-30,72858.51
1912-10-01,72843.7
1912-10-02,72558.67
1912-10-03,72952.01
1912-10-04,72771.04
1912-10-07,72884.48
1912-10-08,72931.77
1912-10-09,72645.14
1912-10-10,72773.9
1912-10-11,71786.35
1912-10-14,71653.78
1912-10-15,71972.91
1912-10-16,72495.28
1912-10-17,72319.97
1912-10-18,72395.49
1912-10-21,71570.1
1912-10-22,71635.95
1912-10-23,71094.48
1912-10-24,71090.97
1912-10-25,70849.54
1912-10-28,71265.43
1912-10-29,70454.59
1912-10-30,70659.98
1912-10-31,70895.2
1912-11-01,70888.48
1912-11-04,70973.69
1912-11-06,72204.92
1912-11-07,71947.36
1912-11-08,71631.75
1912-11-11,70480.64
1912-11-12,71031.18
1912-11-13,70938.16
1912-11-14,71235.46
1912-11-15,71036.8
1912-11-18,71029.26
1912-11-19,70916.89
1912-11-20,71091.61
1912-11-21,71652.59
1912-11-22,71431.36
1912-11-25,70717.4
1912-11-26,71025.98
1912-11-27,71002.32
1912-11-29,71307.66
1912-12-02,71080.79
1912-12-03,70838.6
1912-12-04,70305.31
1912-12-05,69822.02
1912-12-06,69775.79
1912-12-09,68595.02
1912-12-10,68666.52
1912-12-11,68022
1912-12-12,68438.61
1912-12-13,68487.54
1912-12-16,68696.12
1912-12-17,68517.66
1912-12-18,68281.15
1912-12-19,68855.79
1912-12-20,69524.69
1912-12-23,69033.26
1912-12-24,69138.82
1912-12-26,69153.73
1912-12-27,68997.14
1912-12-30,68846.27
1912-12-31,69324.23
1913-01-02,69787.48
1913-01-03,69347.51
1913-01-06,69169.7
1913-01-07,69646.01
1913-01-08,69763.81
1913-01-09,70094.75
1913-01-10,69948.77
1913-01-13,68728.15
1913-01-14,67990.97
1913-01-15,67950.36
1913-01-16,68163.71
1913-01-17,68025.11
1913-01-20,66881.3
1913-01-21,67557.65
1913-01-22,68054.34
1913-01-23,67766.31
1913-01-24,67269.25
1913-01-27,67400.12
1913-01-28,67789.84
1913-01-29,67781.08
1913-01-30,68100.56
1913-01-31,68066.48
1913-02-03,67820.93
1913-02-04,67782.77
1913-02-05,67544.57
1913-02-06,67511.32
1913-02-07,67722.19
1913-02-10,67247.22
1913-02-11,66801.65
1913-02-13,66204.21
1913-02-14,66418.36
1913-02-17,65582.53
1913-02-18,65147.59
1913-02-19,65660.56
1913-02-20,65522
1913-02-21,65323.03
1913-02-24,64989.35
1913-02-25,64601.79
1913-02-26,65431.51
1913-02-27,65856.28
1913-02-28,65644.25
1913-03-03,66269.03
1913-03-04,65865.97
1913-03-05,66287.46
1913-03-06,66058.28
1913-03-07,65640.53
1913-03-10,64696.23
1913-03-11,65146.28
1913-03-12,65081.22
1913-03-13,65394.12
1913-03-14,65289.04
1913-03-17,64890.91
1913-03-18,64595.64
1913-03-19,64586.91
1913-03-20,64544.02
1913-03-24,64986.38
1913-03-25,65734.17
1913-03-26,65833.03
1913-03-27,65495.71
1913-03-28,66034.06
1913-03-31,66397.77
1913-04-01,67139.72
1913-04-02,66997.72
1913-04-03,67354.8
1913-04-04,67826.91
1913-04-07,67127.07
1913-04-08,67551.18
1913-04-09,67275.93
1913-04-10,67157.11
1913-04-11,66756.91
1913-04-14,66804.44
1913-04-15,66424.1
1913-04-16,66555.22
1913-04-17,66701.24
1913-04-18,66483.95
1913-04-21,66893.96
1913-04-22,66737.08
1913-04-23,66615.79
1913-04-24,66073.27
1913-04-25,65580.42
1913-04-28,65217.5
1913-04-29,64586.46
1913-04-30,64475.95
1913-05-01,65204.55
1913-05-02,65020.39
1913-05-05,65549.54
1913-05-06,64973.97
1913-05-07,65213.49
1913-05-08,65143.52
1913-05-09,65085.97
1913-05-12,64702.39
1913-05-13,65003.97
1913-05-14,64731.28
1913-05-15,64597.6
1913-05-16,64868.55
1913-05-19,64820.11
1913-05-20,65068.72
1913-05-21,65049.23
1913-05-22,65407.89
1913-05-23,65413.22
1913-05-26,65543.49
1913-05-27,65300.6
1913-05-28,64766.47
1913-05-29,64581.51
1913-06-02,63550.12
1913-06-03,63173.22
1913-06-04,62522.45
1913-06-05,62221.68
1913-06-06,62629.97
1913-06-09,61718.6
1913-06-10,60600.41
1913-06-11,60275.67
1913-06-12,61936.56
1913-06-13,62074.3
1913-06-16,62315.44
1913-06-17,62576.44
1913-06-18,63154.3
1913-06-19,62893.26
1913-06-20,62569.96
1913-06-23,62123.24
1913-06-24,62812.12
1913-06-25,62814.43
1913-06-26,62622.86
1913-06-27,62377.58
1913-06-30,62422.69
1913-07-01,62904.24
1913-07-02,62891.45
1913-07-03,62907.18
1913-07-07,62662.75
1913-07-08,62571.9
1913-07-09,62382.86
1913-07-10,62551.34
1913-07-11,62474.77
1913-07-14,62550.94
1913-07-15,62841.1
1913-07-16,63509.75
1913-07-17,63335.82
1913-07-18,63850.05
1913-07-21,64374.34
1913-07-22,64433.7
1913-07-23,64250.54
1913-07-24,64699.28
1913-07-25,64741.02
1913-07-28,65157.86
1913-07-29,65084.63
1913-07-30,64698.4
1913-07-31,64542.1
1913-08-01,64286.77
1913-08-04,64743.05
1913-08-05,65156.53
1913-08-06,64945.68
1913-08-07,65270.2
1913-08-08,65228.02
1913-08-11,65513.09
1913-08-12,66022.2
1913-08-13,66120.15
1913-08-14,65814.49
1913-08-15,65167.32
1913-08-18,65584.12
1913-08-19,65499.98
1913-08-20,65743.09
1913-08-21,65514.63
1913-08-22,65573.97
1913-08-25,65713.03
1913-08-26,65703.57
1913-08-27,65535.53
1913-08-28,66224.15
1913-08-29,66249.93
1913-09-02,65747.12
1913-09-03,65306.42
1913-09-04,65258.37
1913-09-05,65719.59
1913-09-08,65681.61
1913-09-09,65832.4
1913-09-10,66434.55
1913-09-11,66398.25
1913-09-12,67137.14
1913-09-15,67241.77
1913-09-16,67494.05
1913-09-17,67065.11
1913-09-18,67364.37
1913-09-19,67257.17
1913-09-22,67449.37
1913-09-23,67326.06
1913-09-24,66964.62
1913-09-25,66832.82
1913-09-26,66928.92
1913-09-29,66506.27
1913-09-30,66109.99
1913-10-01,66405.94
1913-10-02,66758.02
1913-10-03,66396.61
1913-10-06,65878.73
1913-10-07,65962.09
1913-10-08,65444.22
1913-10-09,65505.47
1913-10-10,65252.08
1913-10-14,64344.77
1913-10-15,64327.79
1913-10-16,63684.95
1913-10-17,63792.13
1913-10-20,64199.46
1913-10-21,65440.11
1913-10-22,64949.5
1913-10-23,64593.24
1913-10-24,64929.13
1913-10-27,65373.86
1913-10-28,65008.26
1913-10-29,65185.99
1913-10-30,64886.71
1913-10-31,64641.85
1913-11-03,64323.03
1913-11-05,64528.82
1913-11-06,64042.5
1913-11-07,64080.78
1913-11-10,63185.51
1913-11-11,63485.68
1913-11-12,64001.8
1913-11-13,63948.26
1913-11-14,64219.51
1913-11-17,64069.05
1913-11-18,64201.71
1913-11-19,64056.36
1913-11-20,63834.49
1913-11-21,63802.21
1913-11-24,63824.35
1913-11-25,64387.2
1913-11-26,64164.49
1913-11-28,63999.58
1913-12-01,63757.32
1913-12-02,63978.38
1913-12-03,64592.22
1913-12-04,64690.86
1913-12-05,64640.72
1913-12-08,64841.37
1913-12-09,64231.02
1913-12-10,64326.26
1913-12-11,64316.94
1913-12-12,63786.5
1913-12-15,63464.35
1913-12-16,63624.19
1913-12-17,63682.88
1913-12-18,63654.86
1913-12-19,64516.65
1913-12-22,65262.89
1913-12-23,65008.5
1913-12-24,65344.12
1913-12-26,65411.48
1913-12-29,65005.28
1913-12-30,64931.18
1913-12-31,65212.45
1914-01-02,65176.3
1914-01-05,65450.67
1914-01-06,65595.66
1914-01-07,65594.01
1914-01-08,65470.74
1914-01-09,65531.19
1914-01-12,65763.28
1914-01-13,65913.44
1914-01-14,66759.63
1914-01-15,67167.65
1914-01-16,67088.36
1914-01-19,67519.67
1914-01-20,67480.92
1914-01-21,68108.86
1914-01-22,68580.69
1914-01-23,68845.51
1914-01-26,68715.32
1914-01-27,68646.38
1914-01-28,68311.8
1914-01-29,67971.19
1914-01-30,68927.68
1914-02-02,68574.14
1914-02-03,68959.69
1914-02-04,68738.1
1914-02-05,68604.48
1914-02-06,68187.99
1914-02-09,67856.03
1914-02-10,67865.57
1914-02-11,67936.34
1914-02-13,68179.58
1914-02-16,67742.42
1914-02-17,67582.08
1914-02-18,67916.73
1914-02-19,67936.62
1914-02-20,68013.43
1914-02-24,67628.02
1914-02-25,66917.52
1914-02-26,67027.96
1914-02-27,67393.65
1914-03-02,66913.4
1914-03-03,66972.1
1914-03-04,67412.8
1914-03-05,67148.13
1914-03-06,66381.62
1914-03-09,66327.37
1914-03-10,66727.53
1914-03-11,66485.3
1914-03-12,66225.82
1914-03-13,66559.58
1914-03-16,66656.22
1914-03-17,67020.14
1914-03-18,66899.49
1914-03-19,67051.3
1914-03-20,67656.14
1914-03-23,67954.95
1914-03-24,67874.06
1914-03-25,67446.63
1914-03-26,67321.23
1914-03-27,66880.73
1914-03-30,66852.22
1914-03-31,67379.71
1914-04-01,67506.56
1914-04-02,67526.05
1914-04-03,67204.27
1914-04-06,67270.02
1914-04-07,67343.63
1914-04-08,67074.22
1914-04-09,66826.64
1914-04-13,66421.95
1914-04-14,66168.27
1914-04-15,65888.41
1914-04-16,65844.2
1914-04-17,65495.39
1914-04-20,64825.41
1914-04-21,65318.82
1914-04-22,65292.94
1914-04-23,64780.08
1914-04-24,64017.62
1914-04-27,64182.88
1914-04-28,65021
1914-04-29,64733.31
1914-04-30,65250.26
1914-05-01,66054.32
1914-05-04,66100.87
1914-05-05,66013.03
1914-05-06,65944.39
1914-05-07,65853.05
1914-05-08,65392.58
1914-05-11,65916.48
1914-05-12,66021.5
1914-05-13,65924.94
1914-05-14,66609.39
1914-05-15,66707.42
1914-05-18,66938.09
1914-05-19,67064.04
1914-05-20,66971.83
1914-05-21,66534.08
1914-05-22,66536.12
1914-05-25,66822.62
1914-05-26,66809.83
1914-05-27,67178.35
1914-05-28,67118.43
1914-05-29,66974.75
1914-06-01,66579.77
1914-06-02,66148.15
1914-06-03,66384.04
1914-06-04,66597.24
1914-06-05,66606.25
1914-06-08,67024.49
1914-06-09,67242.91
1914-06-10,67228.37
1914-06-11,67058.52
1914-06-12,67223.72
1914-06-15,67096.62
1914-06-16,66939.86
1914-06-17,66773.51
1914-06-18,66922.12
1914-06-19,67023.78
1914-06-22,67379.71
1914-06-23,67022.72
1914-06-24,66271.73
1914-06-25,65564.04
1914-06-26,66090.46
1914-06-29,66085.96
1914-06-30,66784.62
1914-07-01,66562.81
1914-07-02,66753.52
1914-07-03,67139.45
1914-07-06,67207.38
1914-07-07,67439.6
1914-07-08,67386.51
1914-07-09,67359.03
1914-07-10,66904.02
1914-07-13,66463.16
1914-07-14,66677.72
1914-07-15,66215.66
1914-07-16,66233.23
1914-07-17,65978.76
1914-07-20,65248.2
1914-07-21,65573.17
1914-07-22,65492.71
1914-07-23,65196.74
1914-07-24,64609.3
1914-07-27,64256.8
1914-07-28,62023.01
1914-07-29,62597.06
1914-07-30,59137.39
1914-12-14,62191.16
1914-12-15,60966.9
1914-12-16,61082.26
1914-12-17,61106.94
1914-12-18,60963.42
1914-12-21,60442.36
1914-12-22,60272.37
1914-12-23,59124.45
1914-12-24,58804.02
1914-12-28,59979.74
1914-12-29,59880.81
1914-12-30,59752.62
1914-12-31,59921.15
1915-01-04,60754.14
1915-01-05,60926.84
1915-01-06,60681.64
1915-01-07,61192.83
1915-01-08,61365.52
1915-01-11,62131.62
1915-01-12,62153.87
1915-01-13,62046.56
1915-01-14,62265.21
1915-01-15,62571.61
1915-01-18,63003.37
1915-01-19,63393.33
1915-01-20,63649.57
1915-01-21,64064.6
1915-01-22,63727.47
1915-01-25,63561.66
1915-01-26,63847.14
1915-01-27,62749.53
1915-01-28,62968.15
1915-01-29,61966.66
1915-02-01,62047.41
1915-02-02,62596.13
1915-02-03,62330.06
1915-02-04,62180.99
1915-02-05,61580.66
1915-02-08,61778.39
1915-02-09,61779.74
1915-02-10,62048.5
1915-02-11,62680.75
1915-02-15,61934.21
1915-02-16,61680.7
1915-02-17,61088.77
1915-02-18,61081.77
1915-02-19,60907.65
1915-02-23,60069.24
1915-02-24,59987.05
1915-02-25,60188.95
1915-02-26,60445.17
1915-03-01,60513.38
1915-03-02,60782.12
1915-03-03,61222.15
1915-03-04,61210.97
1915-03-05,61930.9
1915-03-08,62345.84
1915-03-09,62129.95
1915-03-10,62031.03
1915-03-11,62216.2
1915-03-12,61908.41
1915-03-15,62081.03
1915-03-16,61898.57
1915-03-17,61933.34
1915-03-18,61859.5
1915-03-19,62206.09
1915-03-22,62804.44
1915-03-23,63754.46
1915-03-24,64136.7
1915-03-25,64379.1
1915-03-26,64638.45
1915-03-29,65122.36
1915-03-30,65466.44
1915-03-31,65213.1
1915-04-01,65328.38
1915-04-05,66320.7
1915-04-06,66601.2
1915-04-07,66466.5
1915-04-08,66611.42
1915-04-09,68323.95
1915-04-12,68138.39
1915-04-13,68618
1915-04-14,69000.15
1915-04-15,69598.37
1915-04-16,70522.81
1915-04-19,70430.44
1915-04-20,71210.81
1915-04-21,71008.29
1915-04-22,70695.63
1915-04-23,70760.02
1915-04-26,70955.73
1915-04-27,70787.11
1915-04-28,71529.32
1915-04-29,71949.55
1915-04-30,72056.29
1915-05-03,70536.29
1915-05-04,70647.28
1915-05-05,69216.28
1915-05-06,69750.89
1915-05-07,67688.74
1915-05-10,65647.81
1915-05-11,67537.97
1915-05-12,67331.28
1915-05-13,66429.87
1915-05-14,64566.91
1915-05-17,66728.13
1915-05-18,66174.1
1915-05-19,66348.64
1915-05-20,66747.68
1915-05-21,67388.17
1915-05-24,67744.84
1915-05-25,67296.71
1915-05-26,67047.66
1915-05-27,67366.21
1915-05-28,67252.71
1915-06-01,67007.91
1915-06-02,67716.12
1915-06-03,69178.25
1915-06-04,69183.34
1915-06-07,69489.15
1915-06-08,69299.4
1915-06-09,68474.34
1915-06-10,69584.87
1915-06-11,70551.39
1915-06-14,70662.35
1915-06-15,70434.48
1915-06-16,70736.03
1915-06-17,70550.51
1915-06-18,70359.47
1915-06-21,70879.29
1915-06-22,71184.66
1915-06-23,70842.41
1915-06-24,69904.02
1915-06-25,70187.94
1915-06-28,70510.46
1915-06-29,69846.57
1915-06-30,70027.56
1915-07-01,69775.4
1915-07-02,69621.87
1915-07-06,69494.08
1915-07-07,68512.87
1915-07-08,67999.12
1915-07-09,67330.99
1915-07-12,69124.45
1915-07-13,69168.2
1915-07-14,69383.49
1915-07-15,69881.81
1915-07-16,69852.65
1915-07-19,69549.05
1915-07-20,69738.6
1915-07-21,70176.87
1915-07-22,70700.89
1915-07-23,70778.94
1915-07-26,70938.45
1915-07-27,72122.83
1915-07-28,72329.5
1915-07-29,72420.39
1915-07-30,72271.16
1915-08-02,72923.78
1915-08-03,73160.45
1915-08-04,73452.87
1915-08-05,73509.45
1915-08-06,73750.4
1915-08-09,73918.46
1915-08-10,74931.21
1915-08-11,74764.81
1915-08-12,74748.49
1915-08-13,74466.33
1915-08-16,75809.19
1915-08-17,76054.41
1915-08-18,76042.36
1915-08-19,75125.64
1915-08-20,74504.78
1915-08-23,73167.91
1915-08-24,74326.36
1915-08-25,75386.19
1915-08-26,75605.67
1915-08-27,76009.5
1915-08-30,76053.18
1915-08-31,75873.94
1915-09-01,76067.68
1915-09-02,75575.47
1915-09-03,75709.19
1915-09-07,76250.2
1915-09-08,76272.45
1915-09-09,76783.43
1915-09-10,76261.21
1915-09-13,76467.8
1915-09-14,76468.61
1915-09-15,76632.33
1915-09-16,76465.96
1915-09-17,76931.28
1915-09-20,78181.56
1915-09-21,78325.75
1915-09-22,78908.03
1915-09-23,78922.09
1915-09-24,80050.88
1915-09-27,81700.14
1915-09-28,81662.13
1915-09-29,81680.51
1915-09-30,81894.06
1915-10-01,81929.79
1915-10-04,82060.94
1915-10-05,81220.54
1915-10-06,81338.67
1915-10-07,82497.72
1915-10-08,83622.06
1915-10-11,85197.44
1915-10-13,85332.89
1915-10-14,84470.81
1915-10-15,84250.64
1915-10-18,85769.58
1915-10-19,85107.02
1915-10-20,85498.34
1915-10-21,85724.86
1915-10-22,86545.52
1915-10-25,86641.91
1915-10-26,86794.69
1915-10-27,86292.62
1915-10-28,86423.71
1915-10-29,87851.47
1915-11-01,88494.28
1915-11-03,88339.14
1915-11-04,89081.67
1915-11-05,88020.19
1915-11-08,86668.18
1915-11-09,85654.43
1915-11-10,86808.92
1915-11-11,87343.29
1915-11-12,87947.03
1915-11-15,87991.37
1915-11-16,88842.27
1915-11-17,88665.46
1915-11-18,88662.09
1915-11-19,88363.87
1915-11-22,88234.76
1915-11-23,88521.92
1915-11-24,89273.05
1915-11-26,89178.63
1915-11-29,89140.58
1915-11-30,88768.65
1915-12-01,88218.96
1915-12-02,87465.47
1915-12-03,88216.57
1915-12-06,89687.42
1915-12-07,89358.86
1915-12-08,89624.32
1915-12-09,88875.19
1915-12-10,88130.41
1915-12-13,87966.63
1915-12-14,89398.39
1915-12-15,89277.96
1915-12-16,88234.04
1915-12-17,88715.7
1915-12-20,89027.48
1915-12-21,89006.35
1915-12-22,89134.16
1915-12-23,89778.83
1915-12-24,89797.12
1915-12-27,90590.7
1915-12-28,90271.71
1915-12-29,89720.58
1915-12-30,89997.29
1916-01-03,89742.45
1916-01-04,89175.48
1916-01-05,88981.35
1916-01-06,88332.02
1916-01-07,88905.21
1916-01-10,87952.45
1916-01-11,87112.4
1916-01-12,87889.34
1916-01-13,87556.5
1916-01-14,88472.15
1916-01-17,88460.1
1916-01-18,88127.27
1916-01-19,87612.37
1916-01-20,86533.96
1916-01-21,87293.52
1916-01-24,86275.81
1916-01-25,86415.49
1916-01-26,85571.19
1916-01-27,85234.06
1916-01-28,85343.41
1916-01-31,83502.17
1916-02-01,84669.17
1916-02-02,85671.43
1916-02-03,86136.19
1916-02-04,85109.9
1916-02-07,86146.81
1916-02-08,86100.1
1916-02-09,86729.56
1916-02-10,87016.59
1916-02-11,87195.26
1916-02-14,86442.06
1916-02-15,86421.36
1916-02-16,85724.52
1916-02-17,85595.47
1916-02-18,85873.83
1916-02-21,85779.45
1916-02-23,85737.08
1916-02-24,85144.29
1916-02-25,85656.68
1916-02-28,84093.08
1916-02-29,84228.42
1916-03-01,83891.36
1916-03-02,83853.34
1916-03-03,84582.43
1916-03-06,85220.48
1916-03-07,85069.78
1916-03-08,85131.44
1916-03-09,85691.47
1916-03-10,85532.09
1916-03-13,86469.14
1916-03-14,87276.16
1916-03-15,87606.48
1916-03-16,87637.78
1916-03-17,87701.63
1916-03-20,86362.69
1916-03-21,86390.04
1916-03-22,86601.9
1916-03-23,86602.9
1916-03-24,86520.41
1916-03-27,86385.21
1916-03-28,86465.28
1916-03-29,86062.12
1916-03-30,85593.07
1916-03-31,85800.53
1916-04-03,86350.64
1916-04-04,86360.42
1916-04-05,86721.63
1916-04-06,86955.43
1916-04-07,86205.26
1916-04-10,86557.67
1916-04-11,86255.56
1916-04-12,86032.53
1916-04-13,84807.99
1916-04-14,84997.87
1916-04-17,84810
1916-04-18,84727.54
1916-04-19,83248.28
1916-04-20,83161.44
1916-04-24,82521.17
1916-04-25,83137.13
1916-04-26,82747.22
1916-04-27,84311.91
1916-04-28,84637.94
1916-05-01,85240.69
1916-05-02,84345.68
1916-05-03,83999.71
1916-05-04,83377.03
1916-05-05,84063.21
1916-05-08,85460.91
1916-05-09,85365.28
1916-05-10,85194.99
1916-05-11,85419.98
1916-05-12,86233.49
1916-05-15,87336.86
1916-05-16,87061.16
1916-05-17,86794.24
1916-05-18,87871.23
1916-05-19,88122.54
1916-05-22,89058.96
1916-05-23,88928.18
1916-05-24,88538.29
1916-05-25,88482.17
1916-05-26,88276.74
1916-05-29,88282.11
1916-05-31,88142.56
1916-06-01,88358.72
1916-06-02,87902.98
1916-06-05,88470.46
1916-06-06,88453.87
1916-06-07,88933.51
1916-06-08,89114.54
1916-06-09,89633.68
1916-06-12,90139.65
1916-06-13,89776.14
1916-06-14,89803.45
1916-06-15,89712.2
1916-06-16,89002.24
1916-06-19,87080.41
1916-06-20,87668.94
1916-06-21,87242.66
1916-06-22,86981.06
1916-06-23,86523.63
1916-06-26,85447.53
1916-06-27,86018.26
1916-06-28,85983.67
1916-06-29,86977.2
1916-06-30,87218.55
1916-07-03,87442.09
1916-07-05,88106.24
1916-07-06,88156.19
1916-07-07,87640.93
1916-07-10,86934.29
1916-07-11,86223.22
1916-07-12,86259.84
1916-07-13,85535.43
1916-07-14,85839.07
1916-07-17,85995.85
1916-07-18,86014.67
1916-07-19,86531.92
1916-07-20,86764.34
1916-07-21,86694.15
1916-07-24,86610.61
1916-07-25,86384.67
1916-07-26,85940.67
1916-07-27,85719.17
1916-07-28,85956.05
1916-07-31,86424.31
1916-08-01,86460.93
1916-08-02,85959.09
1916-08-03,86129.21
1916-08-04,85987.83
1916-08-07,86157.94
1916-08-08,86021.01
1916-08-09,87833.09
1916-08-10,87420.26
1916-08-11,87741.65
1916-08-14,88005.19
1916-08-15,88562.4
1916-08-16,88990.56
1916-08-17,88884.76
1916-08-18,88743.37
1916-08-21,89367.3
1916-08-22,90316.04
1916-08-23,90170.19
1916-08-24,90073.29
1916-08-25,89451.35
1916-08-28,89238.77
1916-08-29,88536.78
1916-08-30,88110.64
1916-08-31,88814.63
1916-09-01,87899.08
1916-09-05,89212.59
1916-09-06,89778.63
1916-09-07,90091.06
1916-09-08,90256.66
1916-09-11,90764.84
1916-09-12,91152.88
1916-09-13,91910.19
1916-09-14,92640.79
1916-09-15,92863.61
1916-09-18,93464.53
1916-09-19,93344.11
1916-09-20,92957.7
1916-09-21,93707.39
1916-09-22,94411.98
1916-09-25,94530.49
1916-09-26,95135.88
1916-09-27,95781.84
1916-09-28,96143.77
1916-09-29,96564.31
1916-10-02,96227.49
1916-10-03,96837.35
1916-10-04,97492.29
1916-10-05,96312.48
1916-10-06,96701.44
1916-10-09,94818.43
1916-10-10,95824.98
1916-10-11,94681.28
1916-10-13,94065.01
1916-10-16,95810.8
1916-10-17,96186.23
1916-10-18,96331.76
1916-10-19,96373.61
1916-10-20,97033.01
1916-10-23,97953.83
1916-10-24,97680.14
1916-10-25,97266.72
1916-10-26,97222.92
1916-10-27,97697.48
1916-10-30,97171.39
1916-10-31,97330.42
1916-11-01,97985.26
1916-11-02,98072.16
1916-11-03,98267.25
1916-11-06,99034.75
1916-11-08,98603.32
1916-11-09,98852.48
1916-11-10,98682.48
1916-11-13,97142.31
1916-11-14,97612.33
1916-11-15,97699.23
1916-11-16,98475.71
1916-11-17,99053.86
1916-11-20,99722.14
1916-11-21,99407.92
1916-11-22,98575.41
1916-11-23,97869.1
1916-11-24,98798.78
1916-11-27,98344.86
1916-11-28,97769.26
1916-11-29,97382.96
1916-12-01,97870.95
1916-12-04,97885.74
1916-12-05,98130.37
1916-12-06,98230.77
1916-12-07,98006.71
1916-12-08,97958.41
1916-12-11,96508.61
1916-12-12,93760.97
1916-12-13,95537.78
1916-12-14,93119.16
1916-12-15,93235.4
1916-12-18,93867.55
1916-12-19,93705.03
1916-12-20,92231.8
1916-12-21,88557.35
1916-12-22,91920.49
1916-12-26,92525.23
1916-12-27,92380.99
1916-12-28,91277.74
1916-12-29,91631.28
1917-01-02,92299.93
1917-01-03,93868.2
1917-01-04,92627.96
1917-01-05,92077.3
1917-01-08,92271
1917-01-09,92715.85
1917-01-10,91293.01
1917-01-11,91363.41
1917-01-12,91401.86
1917-01-15,91463.13
1917-01-16,93003.9
1917-01-17,92298.02
1917-01-18,93071.62
1917-01-19,92909.13
1917-01-22,92458.98
1917-01-23,92086.45
1917-01-24,92681.96
1917-01-25,92866.5
1917-01-26,92836.44
1917-01-29,91810.97
1917-01-30,91849.4
1917-01-31,91257.72
1917-02-01,86574.98
1917-02-02,85083.87
1917-02-05,87898.39
1917-02-06,87977.94
1917-02-07,87281.31
1917-02-08,86634.91
1917-02-09,86349.21
1917-02-13,87944.58
1917-02-14,87311.89
1917-02-15,87126.65
1917-02-16,87329.47
1917-02-19,88609.77
1917-02-20,89501.97
1917-02-21,89266.48
1917-02-23,88442.06
1917-02-26,88873.14
1917-02-27,88308.96
1917-02-28,87498.26
1917-03-01,86929.53
1917-03-02,87954.09
1917-03-05,89339.3
1917-03-06,89300.14
1917-03-07,89187.93
1917-03-08,89098.56
1917-03-09,89922.21
1917-03-12,89453.92
1917-03-13,89273.24
1917-03-14,89197.55
1917-03-15,89582.93
1917-03-16,89804.25
1917-03-19,91315.53
1917-03-20,92204.32
1917-03-21,91629.83
1917-03-22,91269.02
1917-03-23,92682.7
1917-03-26,91597.25
1917-03-27,91603.42
1917-03-28,92306.36
1917-03-29,91959.5
1917-03-30,92077.15
1917-04-02,92148.36
1917-04-03,91155.85
1917-04-04,90943.72
1917-04-05,89895.5
1917-04-09,87964.77
1917-04-10,87381.07
1917-04-11,88543.83
1917-04-12,88735.82
1917-04-13,89201.84
1917-04-16,88255.86
1917-04-17,88243.47
1917-04-18,88184.65
1917-04-19,88246.58
1917-04-20,87899.79
1917-04-23,87738.78
1917-04-24,87480.25
1917-04-25,89107.37
1917-04-26,89401.51
1917-04-27,89310.16
1917-04-30,89019.11
1917-05-01,88839.53
1917-05-02,88046.91
1917-05-03,86464.77
1917-05-04,85658.25
1917-05-07,86161.4
1917-05-08,85443.12
1917-05-09,84399.77
1917-05-10,85622.74
1917-05-11,84950.93
1917-05-14,85598.02
1917-05-15,85060.89
1917-05-16,86664.63
1917-05-17,87302.41
1917-05-18,86899.95
1917-05-21,87834.93
1917-05-22,88598.07
1917-05-23,88669.28
1917-05-24,89218.78
1917-05-25,89772.93
1917-05-28,90591.75
1917-05-29,90737.24
1917-05-31,90748.05
1917-06-01,90842.46
1917-06-04,89859.57
1917-06-06,90845.52
1917-06-07,90916.71
1917-06-08,91364
1917-06-11,90929.05
1917-06-12,91018.81
1917-06-13,91619.33
1917-06-14,91379.41
1917-06-15,90947.67
1917-06-18,89581.45
1917-06-19,89835.85
1917-06-20,89494.93
1917-06-21,90179.27
1917-06-22,90778.57
1917-06-25,91727.47
1917-06-26,91509.38
1917-06-27,90894.44
1917-06-28,90454.32
1917-06-29,90222.07
1917-07-02,88926.83
1917-07-03,89214.29
1917-07-05,88051.36
1917-07-06,88371.89
1917-07-09,88432.59
1917-07-10,88554.69
1917-07-11,89253.15
1917-07-12,89124.86
1917-07-13,88481.64
1917-07-16,88499.81
1917-07-17,88834.49
1917-07-18,87959.81
1917-07-19,87557.55
1917-07-20,88118.98
1917-07-23,88108.81
1917-07-24,87843.54
1917-07-25,87871.17
1917-07-26,87946.03
1917-07-27,88186.21
1917-07-30,88383.89
1917-07-31,88269.79
1917-08-01,88561.94
1917-08-02,88972.17
1917-08-03,89089.53
1917-08-06,89513.91
1917-08-07,89395.09
1917-08-08,88137.9
1917-08-09,88812.63
1917-08-10,88349
1917-08-13,88863.13
1917-08-14,88418.39
1917-08-15,88630.22
1917-08-16,88109.92
1917-08-17,87788.01
1917-08-20,87343.3
1917-08-21,86908.05
1917-08-22,85821
1917-08-23,85418.83
1917-08-24,86291.9
1917-08-27,85970.02
1917-08-28,84505.18
1917-08-29,84575.33
1917-08-30,83606.42
1917-08-31,82906.74
1917-09-04,80761.87
1917-09-05,82357.52
1917-09-06,82243.49
1917-09-07,82313.65
1917-09-10,82506.6
1917-09-11,82222.55
1917-09-12,80890.08
1917-09-13,81418.35
1917-09-14,81918.27
1917-09-17,80609.45
1917-09-18,80495.44
1917-09-19,82317.65
1917-09-20,82581.43
1917-09-21,82968.55
1917-09-24,83697.46
1917-09-25,84383.03
1917-09-26,83320.33
1917-09-27,83288.29
1917-09-28,81888.48
1917-10-01,81663.81
1917-10-02,81424.7
1917-10-03,80867.74
1917-10-04,79737.69
1917-10-05,80957.8
1917-10-08,80015.59
1917-10-09,79275.66
1917-10-10,77794.11
1917-10-11,78002.9
1917-10-15,75823.1
1917-10-16,77544.01
1917-10-17,76833.02
1917-10-18,78250.52
1917-10-19,78526.71
1917-10-22,78841.43
1917-10-23,78404.93
1917-10-24,78084
1917-10-25,77368.22
1917-10-26,77345.86
1917-10-29,76432.66
1917-10-30,75818.02
1917-10-31,74919.3
1917-11-01,72301.56
1917-11-02,73242.27
1917-11-05,70744.96
1917-11-07,72191.26
1917-11-08,69756.58
1917-11-09,70803.21
1917-11-12,71854.65
1917-11-13,71620.48
1917-11-14,70644.81
1917-11-15,70694.72
1917-11-16,70701.31
1917-11-19,72556.78
1917-11-20,73458.89
1917-11-21,74211.73
1917-11-22,73910.15
1917-11-23,74648.53
1917-11-26,74419.16
1917-11-27,73852.78
1917-11-28,73271.96
1917-11-30,72710.4
1917-12-03,72567.72
1917-12-04,71399.56
1917-12-05,73009.34
1917-12-06,72313
1917-12-07,71732.22
1917-12-10,71878.41
1917-12-11,69887.05
1917-12-12,68593.79
1917-12-13,68581.13
1917-12-14,70166.77
1917-12-17,68931.31
1917-12-18,69082.32
1917-12-19,67389.55
1917-12-20,68344.52
1917-12-21,69197.64
1917-12-24,70116.15
1917-12-26,69081.25
1917-12-27,73334.27
1917-12-28,75076.49
1917-12-31,76147.83
1918-01-02,77174.76
1918-01-03,77229.96
1918-01-04,77077.99
1918-01-07,76186.14
1918-01-08,76201.89
1918-01-09,76922.97
1918-01-10,77190.26
1918-01-11,76278.71
1918-01-14,74834.48
1918-01-15,74667.73
1918-01-16,75536.77
1918-01-17,75601.84
1918-01-18,75666.9
1918-01-21,76575.37
1918-01-22,76305.05
1918-01-23,76039.66
1918-01-24,76346.39
1918-01-25,77136.45
1918-01-29,77941.3
1918-01-30,77759.74
1918-01-31,79999.76
1918-02-01,79714.63
1918-02-05,79577.45
1918-02-06,79129.58
1918-02-07,78267.44
1918-02-08,78623.45
1918-02-13,78653.96
1918-02-14,79069.15
1918-02-15,80199.42
1918-02-18,81270.48
1918-02-19,81517.97
1918-02-20,80986.27
1918-02-21,80405.27
1918-02-25,79627.01
1918-02-26,80737.49
1918-02-27,80777.85
1918-02-28,80749.17
1918-03-01,80483.79
1918-03-04,79626.67
1918-03-05,79928.39
1918-03-06,80003.28
1918-03-07,80196.51
1918-03-08,81089.95
1918-03-11,81332.48
1918-03-12,80490.19
1918-03-13,80446.72
1918-03-14,81157.69
1918-03-15,80824.53
1918-03-18,79866.38
1918-03-19,79971.72
1918-03-20,80016.87
1918-03-21,80473.35
1918-03-22,79565.4
1918-03-25,78180.92
1918-03-26,78351.48
1918-03-27,78687.57
1918-03-28,78501.99
1918-04-01,79139.04
1918-04-02,78587.28
1918-04-03,78838.1
1918-04-04,79134.04
1918-04-05,78808.01
1918-04-08,79169.16
1918-04-09,78883.26
1918-04-10,78471.97
1918-04-11,77403.62
1918-04-12,77985.46
1918-04-15,78988.61
1918-04-16,78772.94
1918-04-17,78441.92
1918-04-18,79414.95
1918-04-19,79730.93
1918-04-22,80247.54
1918-04-23,79655.71
1918-04-24,79435.03
1918-04-25,79254.47
1918-04-26,79480.16
1918-04-29,79174.23
1918-04-30,78973.62
1918-05-01,79600.53
1918-05-02,80247.5
1918-05-03,80001.75
1918-05-06,80698.86
1918-05-07,81556.43
1918-05-08,82072.97
1918-05-09,82905.44
1918-05-10,82875.33
1918-05-13,83527.25
1918-05-14,84239.34
1918-05-15,85332.55
1918-05-16,85312.44
1918-05-17,85006.5
1918-05-20,84204.1
1918-05-21,84630.32
1918-05-22,83868.05
1918-05-23,83592.21
1918-05-24,83241.15
1918-05-27,81726.72
1918-05-28,81982.45
1918-05-29,82278.29
1918-05-31,81806.91
1918-06-03,81751.74
1918-06-04,82884.97
1918-06-05,82699.42
1918-06-06,82348.39
1918-06-07,81922.16
1918-06-10,82177.86
1918-06-11,82258.07
1918-06-12,82844.7
1918-06-13,83391.22
1918-06-14,83471.42
1918-06-17,83481.41
1918-06-18,83717.04
1918-06-19,83686.93
1918-06-20,84278.54
1918-06-21,84077.05
1918-06-24,84624.68
1918-06-25,84565.53
1918-06-26,85072.36
1918-06-27,84809.26
1918-06-28,84643.04
1918-07-01,84002.62
1918-07-02,84060.75
1918-07-03,84435.01
1918-07-05,84906.12
1918-07-08,84576.75
1918-07-09,84925.5
1918-07-10,84606.33
1918-07-11,83838.49
1918-07-12,83927.21
1918-07-15,83332.73
1918-07-16,84068.95
1918-07-17,83877.25
1918-07-18,85000.93
1918-07-19,84620.59
1918-07-22,84082.22
1918-07-23,83518.37
1918-07-24,83867.09
1918-07-25,84180.11
1918-07-26,84330
1918-07-29,84301.45
1918-07-30,84048.59
1918-07-31,84274.94
1918-08-01,83828.36
1918-08-02,83901.78
1918-08-05,84428.9
1918-08-06,84160.76
1918-08-07,84203.59
1918-08-08,84348.36
1918-08-09,84758.22
1918-08-12,85275.12
1918-08-13,85797.11
1918-08-14,85610.53
1918-08-15,85500.41
1918-08-16,85731.83
1918-08-19,85596.23
1918-08-20,85944.89
1918-08-21,85952.02
1918-08-22,85688.98
1918-08-23,86445.42
1918-08-26,87171.25
1918-08-27,87254.82
1918-08-28,87282.32
1918-08-29,87060.07
1918-08-30,86934.66
1918-09-03,88195.67
1918-09-04,87866.37
1918-09-05,87934.65
1918-09-06,86907.07
1918-09-09,86317.85
1918-09-10,85789.79
1918-09-11,84950.83
1918-09-13,84703.11
1918-09-16,85469.67
1918-09-17,85767.31
1918-09-18,86013.98
1918-09-19,85705.11
1918-09-20,86122.25
1918-09-23,86476.78
1918-09-24,86717.27
1918-09-25,86548.29
1918-09-26,86633.29
1918-09-27,87490.54
1918-09-30,88342.6
1918-10-01,87816
1918-10-02,88139.39
1918-10-03,88348.76
1918-10-04,88433.73
1918-10-07,88228.48
1918-10-08,88043.96
1918-10-09,87641.78
1918-10-10,88162.1
1918-10-11,88972.63
1918-10-14,90664.18
1918-10-15,90267.17
1918-10-16,90549.05
1918-10-17,91888.15
1918-10-18,92983.66
1918-10-21,92990.87
1918-10-22,93583.67
1918-10-23,92450.77
1918-10-24,92121.13
1918-10-25,91428.75
1918-10-28,92068.19
1918-10-29,91443.18
1918-10-30,89548.58
1918-10-31,90649.22
1918-11-01,90951.8
1918-11-04,91643.04
1918-11-06,92567.45
1918-11-07,94222.48
1918-11-08,94126.03
1918-11-12,93418.15
1918-11-13,92751.72
1918-11-14,92220.03
1918-11-15,92621.04
1918-11-18,91550.47
1918-11-19,91220.88
1918-11-20,91005.29
1918-11-21,90686.07
1918-11-22,89636.27
1918-11-25,86508.73
1918-11-26,87837.23
1918-11-27,86942.92
1918-11-29,88193.67
1918-12-02,88625.77
1918-12-03,89394.65
1918-12-04,89293.07
1918-12-05,89616.35
1918-12-06,89323.07
1918-12-09,89905.4
1918-12-10,90767.49
1918-12-11,90489.75
1918-12-12,89699.1
1918-12-13,88970.64
1918-12-16,89314.62
1918-12-17,89451.37
1918-12-18,88904.25
1918-12-19,88046.3
1918-12-20,87426.97
1918-12-23,87074.47
1918-12-24,86548.15
1918-12-26,86185.13
1918-12-27,86617.5
1918-12-30,86433.58
1918-12-31,87845.69
1919-01-02,88072.62
1919-01-03,88768.34
1919-01-06,87836.45
1919-01-07,87931.69
1919-01-08,88221.82
1919-01-09,88274.92
1919-01-10,87885.58
1919-01-13,87580.52
1919-01-14,87749.5
1919-01-15,87918.48
1919-01-16,87550.22
1919-01-17,86955.48
1919-01-20,85654.98
1919-01-21,85102.41
1919-01-22,85471.53
1919-01-23,85956.53
1919-01-24,87110.4
1919-01-27,86894.9
1919-01-28,87063.87
1919-01-29,86247.97
1919-01-30,86480.15
1919-01-31,86243.6
1919-02-03,86270.38
1919-02-04,86834.34
1919-02-05,86739.98
1919-02-06,85950.45
1919-02-07,85624.38
1919-02-10,85698.56
1919-02-11,86162.44
1919-02-13,86568.39
1919-02-14,86805.8
1919-02-17,87917.4
1919-02-18,87712.45
1919-02-19,88165.77
1919-02-20,88387.36
1919-02-21,89319.88
1919-02-24,89841.63
1919-02-25,89599.81
1919-02-26,90495.43
1919-02-27,90685.41
1919-02-28,90048.65
1919-03-03,90823.13
1919-03-04,89944.16
1919-03-05,89054.66
1919-03-06,90102.95
1919-03-07,90856.34
1919-03-10,91946.73
1919-03-11,92768.55
1919-03-12,92716.29
1919-03-13,92563.98
1919-03-14,92285.31
1919-03-17,92448.93
1919-03-18,92122.88
1919-03-19,92349.68
1919-03-20,91828.82
1919-03-21,92634.34
1919-03-24,91902.85
1919-03-26,90818.61
1919-03-27,91332.53
1919-03-28,92231.27
1919-03-31,92280.15
1919-04-01,92371.8
1919-04-02,92677.24
1919-04-03,92442.85
1919-04-04,93405.68
1919-04-07,93737.84
1919-04-08,93829.47
1919-04-09,94102.81
1919-04-10,93483.62
1919-04-11,93243.89
1919-04-14,93527.93
1919-04-15,94031.08
1919-04-16,93748.6
1919-04-17,93530.26
1919-04-21,94354.07
1919-04-22,94915.98
1919-04-23,94975.53
1919-04-24,94500.67
1919-04-25,94939.66
1919-04-28,96068.03
1919-04-29,96170.32
1919-04-30,95668.75
1919-05-01,96214.59
1919-05-02,96979.53
1919-05-05,98027.68
1919-05-07,98819.32
1919-05-08,99637.66
1919-05-09,99921.61
1919-05-12,99762.02
1919-05-13,100436.06
1919-05-14,101740.63
1919-05-15,101217.67
1919-05-16,102180.23
1919-05-19,101999.27
1919-05-20,102539.67
1919-05-21,102000.7
1919-05-22,102081.57
1919-05-23,102664.71
1919-05-26,105139.38
1919-05-27,105043.89
1919-05-28,105124.73
1919-05-29,106087.2
1919-06-02,106707.69
1919-06-03,104346.71
1919-06-04,105464.11
1919-06-05,106976.88
1919-06-06,106694.38
1919-06-09,106582.86
1919-06-10,104921.89
1919-06-11,104623.38
1919-06-12,104522.56
1919-06-13,102669.3
1919-06-16,100361.93
1919-06-17,103028.68
1919-06-18,104146.01
1919-06-19,103719.29
1919-06-20,105009.69
1919-06-23,104934.21
1919-06-24,104300.98
1919-06-25,104144.28
1919-06-26,104307.07
1919-06-27,104859.74
1919-06-30,104935.88
1919-07-01,105428.97
1919-07-02,105835.41
1919-07-03,106761.66
1919-07-07,106935.25
1919-07-08,107314.6
1919-07-09,108051.31
1919-07-10,107434.35
1919-07-11,107537.54
1919-07-14,108826.52
1919-07-15,108853.9
1919-07-16,109601.39
1919-07-17,108767.87
1919-07-18,108768.17
1919-07-21,106342.86
1919-07-22,107718.41
1919-07-23,108411.74
1919-07-24,107778.59
1919-07-25,107898.01
1919-07-28,108385.59
1919-07-29,107557.54
1919-07-30,106821.54
1919-07-31,105484.6
1919-08-01,106026.32
1919-08-04,101403.16
1919-08-05,100499.39
1919-08-06,102611.16
1919-08-07,98989.68
1919-08-08,99217.43
1919-08-11,101069.3
1919-08-12,101816.75
1919-08-13,101151.22
1919-08-14,99944.35
1919-08-15,99728.17
1919-08-18,97590.21
1919-08-19,98207.74
1919-08-20,96806.04
1919-08-21,97374.84
1919-08-22,98696.09
1919-08-25,100044.38
1919-08-26,100894.63
1919-08-27,99422.59
1919-08-28,100337.8
1919-08-29,101778.06
1919-09-02,102666.17
1919-09-03,104025.2
1919-09-04,103825.25
1919-09-05,102732.17
1919-09-08,102331.96
1919-09-09,103409.49
1919-09-11,102944.33
1919-09-12,102511.65
1919-09-15,103876.02
1919-09-16,103881.78
1919-09-17,103053.97
1919-09-18,102231.6
1919-09-19,101679.45
1919-09-22,101937.77
1919-09-23,102355.23
1919-09-24,102383.04
1919-09-25,102471.22
1919-09-26,103481.38
1919-09-29,104705.56
1919-09-30,105551.05
1919-10-01,106149.57
1919-10-02,105957.83
1919-10-03,104416.1
1919-10-06,107001.2
1919-10-07,107166.16
1919-10-08,107632.94
1919-10-09,107386.33
1919-10-10,108303.09
1919-10-14,106838.23
1919-10-15,107058.07
1919-10-16,106756.59
1919-10-17,107080.68
1919-10-20,108326.65
1919-10-21,108294.05
1919-10-22,109430.26
1919-10-23,108064.24
1919-10-24,109046.77
1919-10-27,108097.81
1919-10-28,108641.37
1919-10-29,109300.14
1919-10-30,109059.02
1919-10-31,109970.18
1919-11-03,110168.03
1919-11-05,109745.85
1919-11-06,109619.96
1919-11-07,109598.33
1919-11-10,106630.26
1919-11-11,105357.66
1919-11-12,102729.85
1919-11-13,105105.96
1919-11-14,106296.91
1919-11-17,105666.28
1919-11-18,103954.81
1919-11-19,102726.19
1919-11-20,104026.85
1919-11-21,103659.62
1919-11-24,104301.88
1919-11-25,104121.17
1919-11-26,102815.78
1919-11-28,99315.89
1919-12-01,99288.86
1919-12-02,99706.19
1919-12-03,100672.15
1919-12-04,102087.94
1919-12-05,102159.63
1919-12-08,102538.54
1919-12-09,101803.78
1919-12-10,101677.98
1919-12-11,99654.04
1919-12-12,98612.11
1919-12-15,99545.1
1919-12-16,100851.11
1919-12-17,101301.31
1919-12-18,99222.6
1919-12-19,100288.77
1919-12-22,99592.95
1919-12-23,99475.97
1919-12-24,99626.13
1919-12-26,100889.42
1919-12-29,99965.42
1919-12-30,99931.92
1919-12-31,101746.16
1920-01-02,102797.9
1920-01-05,103309.78
1920-01-06,102213.28
1920-01-07,102346.72
1920-01-08,102023.81
1920-01-09,101667.51
1920-01-12,100008.97
1920-01-13,100287.12
1920-01-14,98567.39
1920-01-15,99613.53
1920-01-16,98661.81
1920-01-19,99173.69
1920-01-20,99602.09
1920-01-21,99023.24
1920-01-22,98800.54
1920-01-23,98533.33
1920-01-26,99618.37
1920-01-27,99902.06
1920-01-28,99762.83
1920-01-29,99389.89
1920-01-30,99907.3
1920-02-02,99539.93
1920-02-03,97241.69
1920-02-04,94860.01
1920-02-05,93663.58
1920-02-06,93446.51
1920-02-09,93602.26
1920-02-10,90452.81
1920-02-11,89011.63
1920-02-13,91009.16
1920-02-16,91081.45
1920-02-17,93390.52
1920-02-18,94091.54
1920-02-19,95310
1920-02-20,95855.2
1920-02-24,94586.54
1920-02-25,91765.56
1920-02-26,93228.82
1920-02-27,93328.91
1920-03-01,94235.75
1920-03-02,93740.51
1920-03-03,93590.22
1920-03-04,95097.92
1920-03-05,95242.51
1920-03-08,97762.75
1920-03-09,98013.01
1920-03-10,100271.71
1920-03-11,100432.94
1920-03-12,99203.31
1920-03-15,100822.15
1920-03-16,100471.55
1920-03-17,101311.49
1920-03-18,102896.9
1920-03-19,102672.48
1920-03-22,102615.21
1920-03-23,102084.24
1920-03-24,99929.13
1920-03-25,100413.27
1920-03-26,102143.68
1920-03-29,100986.77
1920-03-30,101047.95
1920-03-31,101075.29
1920-04-01,100939.1
1920-04-05,101028.46
1920-04-06,102087.75
1920-04-07,102887.63
1920-04-08,102920.59
1920-04-09,102536.28
1920-04-12,101103.13
1920-04-13,101559.02
1920-04-14,102206.63
1920-04-15,101489.64
1920-04-16,101860.94
1920-04-19,99931.65
1920-04-20,97872.7
1920-04-21,94979.26
1920-04-22,96111.81
1920-04-23,94763.38
1920-04-26,97643.83
1920-04-27,96504.04
1920-04-28,95403.74
1920-04-29,94151.21
1920-04-30,94105.3
1920-05-03,94172.16
1920-05-04,94825.39
1920-05-05,95292.55
1920-05-06,95297.38
1920-05-07,94670.74
1920-05-10,94861.63
1920-05-11,94015.12
1920-05-12,93095.33
1920-05-13,92485.64
1920-05-14,93133.2
1920-05-17,93104.22
1920-05-18,92765.15
1920-05-19,89652.32
1920-05-20,90260.43
1920-05-21,90564.09
1920-05-24,89813.51
1920-05-25,92090.32
1920-05-26,92033.15
1920-05-27,92815.97
1920-05-28,93948.3
1920-06-01,92718.55
1920-06-02,92915.06
1920-06-03,92987.55
1920-06-04,93589.95
1920-06-07,92991.61
1920-06-08,93210.66
1920-06-09,93333.88
1920-06-10,93051.22
1920-06-11,93867.8
1920-06-14,92609.94
1920-06-15,92580.96
1920-06-16,92986.03
1920-06-17,92669.57
1920-06-18,93320.09
1920-06-21,92861.36
1920-06-22,91898.93
1920-06-23,92333.16
1920-06-24,92458.3
1920-06-25,92732.26
1920-06-28,92388.04
1920-06-29,92433.04
1920-06-30,92718.43
1920-07-01,93061.06
1920-07-02,93827.24
1920-07-06,94559.07
1920-07-07,95548.45
1920-07-08,96205.85
1920-07-09,96754.49
1920-07-12,95568.9
1920-07-13,95024.36
1920-07-14,94846.12
1920-07-15,93963.91
1920-07-16,93493.8
1920-07-19,93641.8
1920-07-20,94087.41
1920-07-21,94092.34
1920-07-22,94492.16
1920-07-23,93638.6
1920-07-26,92001
1920-07-27,91965.88
1920-07-28,91472.91
1920-07-29,92645.33
1920-07-30,91894.84
1920-08-02,91115.74
1920-08-03,92213.74
1920-08-04,92573.48
1920-08-05,91222.13
1920-08-06,91455.97
1920-08-09,90179.04
1920-08-10,90264.11
1920-08-11,91562.35
1920-08-12,91367
1920-08-13,92413.43
1920-08-16,91874.73
1920-08-17,91032.76
1920-08-18,91106.37
1920-08-19,92084.1
1920-08-20,93061.82
1920-08-23,93387.18
1920-08-24,94376.31
1920-08-25,94106.57
1920-08-26,94803.86
1920-08-27,94534.11
1920-08-30,94722.13
1920-08-31,94807.15
1920-09-01,95344.2
1920-09-02,96167.33
1920-09-03,96744.42
1920-09-07,96806.53
1920-09-08,95787.24
1920-09-09,96507.36
1920-09-10,96231.89
1920-09-13,95384.27
1920-09-14,96338.97
1920-09-15,96441.13
1920-09-16,97327.14
1920-09-17,98462.47
1920-09-20,98200.7
1920-09-21,97642.78
1920-09-22,97392.63
1920-09-23,96840.53
1920-09-24,96433.61
1920-09-27,95091.82
1920-09-28,95834.64
1920-09-29,95677.42
1920-09-30,95601.5
1920-10-01,97064.32
1920-10-04,98707.11
1920-10-05,98625.36
1920-10-06,98932.64
1920-10-07,98943.8
1920-10-08,98037.55
1920-10-11,97520.34
1920-10-13,98234.05
1920-10-14,98779.37
1920-10-15,99179.53
1920-10-18,97866.89
1920-10-19,98296.09
1920-10-20,98731.08
1920-10-21,98033.91
1920-10-22,98387.61
1920-10-25,98677.45
1920-10-26,98711.83
1920-10-27,98026.28
1920-10-28,97445.25
1920-10-29,98013.75
1920-11-01,98698.36
1920-11-03,99632.61
1920-11-04,99179.31
1920-11-05,98575.06
1920-11-08,96426.57
1920-11-09,94498.7
1920-11-10,95311.04
1920-11-11,94881
1920-11-12,91635.39
1920-11-15,91234.41
1920-11-16,91669.4
1920-11-17,89741.67
1920-11-18,88969.19
1920-11-19,87558.16
1920-11-22,92103.15
1920-11-23,91487.41
1920-11-24,91103.87
1920-11-26,90708.73
1920-11-29,90928.92
1920-11-30,90307.39
1920-12-01,90539.19
1920-12-02,91037.99
1920-12-03,90979.54
1920-12-06,90061.99
1920-12-07,90317
1920-12-08,89660.68
1920-12-09,88383.29
1920-12-10,87256.84
1920-12-13,83889.88
1920-12-14,86083.6
1920-12-15,85212.58
1920-12-16,84718.85
1920-12-17,84329.89
1920-12-20,82631.53
1920-12-21,80685.15
1920-12-22,81420.02
1920-12-23,84097.87
1920-12-24,83515.73
1920-12-27,83199.36
1920-12-28,83420.41
1920-12-29,85619.81
1920-12-30,86165.64
1920-12-31,87555.95
1921-01-03,88013.16
1921-01-04,88222.35
1921-01-05,88283.91
1921-01-06,89343.45
1921-01-07,90214.02
1921-01-10,90877.88
1921-01-11,90779.97
1921-01-12,90829.69
1921-01-13,89609.81
1921-01-14,89954.8
1921-01-17,90146.24
1921-01-18,90095.58
1921-01-19,90948.37
1921-01-20,90431.22
1921-01-21,89164.16
1921-01-24,89379.23
1921-01-25,89535.24
1921-01-26,89856.58
1921-01-27,90296.01
1921-01-28,90906.67
1921-01-31,90572.59
1921-02-01,89742.54
1921-02-02,89367.14
1921-02-03,88537.11
1921-02-04,88882.06
1921-02-07,88949.5
1921-02-08,89607.37
1921-02-09,89438.64
1921-02-10,89382.08
1921-02-11,88918.15
1921-02-14,89770.83
1921-02-15,89767.41
1921-02-16,90177.27
1921-02-17,89683.82
1921-02-18,89751.25
1921-02-21,88909.49
1921-02-23,89402
1921-02-24,88619.28
1921-02-25,89170.83
1921-02-28,88594.76
1921-03-01,87918.34
1921-03-02,88469.88
1921-03-03,88590.45
1921-03-04,88699.2
1921-03-07,88595.43
1921-03-08,88214.2
1921-03-09,87502.39
1921-03-10,86099.9
1921-03-11,84673.82
1921-03-14,85178.11
1921-03-15,86296.34
1921-03-16,87963.55
1921-03-17,87617.76
1921-03-18,88146.97
1921-03-21,87598.38
1921-03-22,88104.79
1921-03-23,89270.57
1921-03-24,88973.74
1921-03-28,87843.72
1921-03-29,89345.14
1921-03-30,88478.88
1921-03-31,88008.24
1921-04-01,87783.35
1921-04-04,87252.78
1921-04-05,88118.8
1921-04-06,88451.35
1921-04-07,87872.84
1921-04-08,87330.3
1921-04-11,87536.98
1921-04-12,87893.5
1921-04-13,87159.17
1921-04-14,86047.26
1921-04-15,88189.86
1921-04-18,87953.01
1921-04-19,87614.28
1921-04-20,87587.21
1921-04-21,88045.6
1921-04-22,89055.37
1921-04-25,90364.78
1921-04-26,90643.35
1921-04-27,89669.33
1921-04-28,90517.25
1921-04-29,90424.23
1921-05-02,91308.08
1921-05-03,91107.18
1921-05-04,91853.17
1921-05-05,93012.66
1921-05-06,92895.66
1921-05-09,93156.2
1921-05-10,92637.67
1921-05-11,91813.52
1921-05-12,91007.37
1921-05-13,91130.09
1921-05-16,91103
1921-05-17,91315.61
1921-05-18,91791.88
1921-05-19,91105.61
1921-05-20,89688.28
1921-05-23,89469.43
1921-05-24,88291.81
1921-05-25,88324.66
1921-05-26,89232.38
1921-05-27,88713.95
1921-05-31,88123.6
1921-06-01,88222.37
1921-06-02,87889.69
1921-06-03,87569.01
1921-06-06,86541.29
1921-06-07,86082.81
1921-06-08,86049.76
1921-06-09,84974.14
1921-06-10,84605.56
1921-06-13,84518.6
1921-06-14,85018.82
1921-06-15,84380.62
1921-06-16,83700.5
1921-06-17,83100.64
1921-06-20,79449.52
1921-06-21,81066.41
1921-06-22,81203.39
1921-06-23,80359.87
1921-06-24,81306.83
1921-06-27,82363.39
1921-06-28,83176.33
1921-06-29,84214.6
1921-06-30,85143.22
1921-07-01,84823.44
1921-07-05,84302.69
1921-07-06,86808.53
1921-07-07,86884.57
1921-07-08,85377.3
1921-07-11,85788.27
1921-07-12,85846.04
1921-07-13,85471.45
1921-07-14,84920.28
1921-07-15,84186.44
1921-07-18,84816.61
1921-07-19,85519.85
1921-07-20,85608.07
1921-07-21,85757.17
1921-07-22,86229
1921-07-25,87553.29
1921-07-26,87111.74
1921-07-27,87212.12
1921-07-28,86928.89
1921-07-29,86913.57
1921-08-01,88158.65
1921-08-02,89062.75
1921-08-03,88456.81
1921-08-04,88076.16
1921-08-05,86873.55
1921-08-08,86779.09
1921-08-09,86398.46
1921-08-10,85275.04
1921-08-11,84681.33
1921-08-12,85366.21
1921-08-15,84888.19
1921-08-16,84233.61
1921-08-17,84839.33
1921-08-18,85104.09
1921-08-19,84760.03
1921-08-22,83581.89
1921-08-23,83262.2
1921-08-24,82467.64
1921-08-25,82701.97
1921-08-26,84324.37
1921-08-29,84869.17
1921-08-30,86503.7
1921-08-31,85916.13
1921-09-01,85255.52
1921-09-02,86311.68
1921-09-06,87227.79
1921-09-07,87918.65
1921-09-08,87550.25
1921-09-09,88673.32
1921-09-12,88925.85
1921-09-13,90201.07
1921-09-14,89966.59
1921-09-15,88989.45
1921-09-16,89245.04
1921-09-19,88339.88
1921-09-20,87824.26
1921-09-21,87939.3
1921-09-22,89123.97
1921-09-23,90129.32
1921-09-26,89755.9
1921-09-27,89135.18
1921-09-28,88959.61
1921-09-29,90032.94
1921-09-30,90030.49
1921-10-03,90510.27
1921-10-04,89926.66
1921-10-05,89460.52
1921-10-06,89328.23
1921-10-07,89573.08
1921-10-10,89650.99
1921-10-11,89512.53
1921-10-13,89040.23
1921-10-14,88215.55
1921-10-17,86673.77
1921-10-18,87283.36
1921-10-19,87886.77
1921-10-20,88619.98
1921-10-21,88660.8
1921-10-24,89721.64
1921-10-25,89675.91
1921-10-26,89469.45
1921-10-27,90264.45
1921-10-28,91374.69
1921-10-31,90797.34
1921-11-01,90943.24
1921-11-02,91045.86
1921-11-03,91426.65
1921-11-04,91294.38
1921-11-07,91607.17
1921-11-09,93131.5
1921-11-10,93023.93
1921-11-14,92613.49
1921-11-15,93025.16
1921-11-16,94382.54
1921-11-17,94441.86
1921-11-18,94556.81
1921-11-21,94350.35
1921-11-22,93977
1921-11-23,94017.79
1921-11-25,95300.93
1921-11-28,96305.91
1921-11-29,96544.46
1921-11-30,96078.4
1921-12-01,96539.45
1921-12-02,96493.69
1921-12-05,96336.66
1921-12-06,96766.8
1921-12-07,96288.4
1921-12-08,95834.73
1921-12-09,96431.73
1921-12-12,97109.07
1921-12-13,97063.3
1921-12-14,97221.49
1921-12-15,97602.15
1921-12-16,97389.4
1921-12-19,97370.59
1921-12-20,97151.14
1921-12-21,95984.96
1921-12-22,95546.08
1921-12-23,95809.41
1921-12-27,96956.76
1921-12-28,97157.39
1921-12-29,96787.48
1921-12-30,97195
1922-01-03,95796.92
1922-01-04,96530.44
1922-01-05,95753.04
1922-01-06,96010.09
1922-01-09,95840.83
1922-01-10,95753.07
1922-01-11,96981.82
1922-01-12,97364.23
1922-01-13,98135.32
1922-01-16,98987.89
1922-01-17,99852.98
1922-01-18,100160.13
1922-01-19,99671.13
1922-01-20,100141.26
1922-01-23,99533.16
1922-01-24,99696.13
1922-01-25,99633.42
1922-01-26,98718.18
1922-01-27,98624.13
1922-01-30,98730.68
1922-01-31,98580.22
1922-02-01,98812.14
1922-02-02,99896.56
1922-02-03,100398
1922-02-06,101419.7
1922-02-07,101043.57
1922-02-08,100805.35
1922-02-09,101501.08
1922-02-10,101156.29
1922-02-14,102090.19
1922-02-15,102309.53
1922-02-16,102271.88
1922-02-17,102096.33
1922-02-20,102936.19
1922-02-21,103857.51
1922-02-23,103788.52
1922-02-24,103920.08
1922-02-27,103437.42
1922-02-28,104101.73
1922-03-01,103625.33
1922-03-02,104289.64
1922-03-03,104452.54
1922-03-06,103819.46
1922-03-07,104634.17
1922-03-08,104627.84
1922-03-09,105129.16
1922-03-10,105392.33
1922-03-13,105674.28
1922-03-14,106457.61
1922-03-15,105906.03
1922-03-16,106407.32
1922-03-17,106696.86
1922-03-20,107014
1922-03-21,107025.81
1922-03-22,106217.08
1922-03-23,105707.31
1922-03-24,106018.08
1922-03-27,105349.31
1922-03-28,105984.47
1922-03-29,107096.66
1922-03-30,108183.38
1922-03-31,108195.18
1922-04-03,109237.36
1922-04-04,108530.43
1922-04-05,109865.17
1922-04-06,110754.67
1922-04-07,111046.29
1922-04-10,111783.12
1922-04-11,112062.01
1922-04-12,111660.38
1922-04-13,112378.11
1922-04-17,113407.47
1922-04-18,111829.26
1922-04-19,113023.96
1922-04-20,113258.32
1922-04-21,113817.01
1922-04-24,113733.38
1922-04-25,113738.77
1922-04-26,112815.67
1922-04-27,111809.91
1922-04-28,112743.81
1922-05-01,113830.32
1922-05-02,113969.27
1922-05-03,114165.44
1922-05-04,113763.83
1922-05-05,113966.37
1922-05-08,113532.97
1922-05-09,113182.26
1922-05-10,112036.65
1922-05-11,112003.91
1922-05-12,112867.79
1922-05-15,112714.22
1922-05-16,112935.83
1922-05-17,114066.75
1922-05-18,114479.12
1922-05-19,115622.73
1922-05-22,116251.28
1922-05-23,116116.76
1922-05-24,116052.2
1922-05-25,115682.42
1922-05-26,116571.64
1922-05-29,117778.77
1922-05-31,116480.66
1922-06-01,116568.69
1922-06-02,116745.75
1922-06-05,116401.42
1922-06-06,116076.17
1922-06-07,115630.11
1922-06-08,115597.34
1922-06-09,113987.76
1922-06-12,111195.58
1922-06-13,112656.98
1922-06-14,113552.5
1922-06-15,111898.48
1922-06-16,111591.37
1922-06-19,112138.64
1922-06-20,113795.23
1922-06-21,113355.69
1922-06-22,114096.42
1922-06-23,114153.5
1922-06-26,115087.69
1922-06-27,113751.7
1922-06-28,113537.9
1922-06-29,113601.43
1922-06-30,114651.69
1922-07-03,114715.21
1922-07-05,114862.57
1922-07-06,117415.42
1922-07-07,117595
1922-07-10,116491.25
1922-07-11,116890.09
1922-07-12,117695.2
1922-07-13,117262.15
1922-07-14,117338.54
1922-07-17,117756.72
1922-07-18,118568.25
1922-07-19,118902.58
1922-07-20,118830.64
1922-07-21,118378.24
1922-07-24,116887.65
1922-07-25,117918.41
1922-07-26,117040.44
1922-07-27,119360.84
1922-07-28,119643.55
1922-07-31,120725.84
1922-08-01,119828.53
1922-08-02,120091.89
1922-08-03,120432.63
1922-08-04,120586.37
1922-08-07,121578.35
1922-08-08,121177.55
1922-08-09,121112.05
1922-08-10,120975.62
1922-08-11,121187.38
1922-08-14,119838.77
1922-08-15,120920.98
1922-08-16,121809.74
1922-08-17,122472.81
1922-08-18,123084.3
1922-08-21,125436.6
1922-08-22,125803.05
1922-08-23,125221.72
1922-08-24,125040.15
1922-08-25,124774.76
1922-08-28,123651.89
1922-08-29,125494.74
1922-08-30,126041.7
1922-08-31,125956.83
1922-09-01,126258.79
1922-09-05,126373.77
1922-09-06,125089.77
1922-09-07,126042.86
1922-09-08,127028.17
1922-09-11,127897.43
1922-09-12,127445.09
1922-09-13,126406.1
1922-09-14,126953.01
1922-09-15,127122.72
1922-09-18,124640.87
1922-09-19,125828.61
1922-09-20,125991.22
1922-09-21,123986.07
1922-09-22,124129.1
1922-09-25,124683.46
1922-09-26,124147.45
1922-09-27,122155.43
1922-09-28,122011.19
1922-09-29,122487.2
1922-10-02,123315.79
1922-10-03,124927.83
1922-10-04,125749.84
1922-10-05,126010.37
1922-10-06,126231.71
1922-10-09,127282.21
1922-10-10,126687.45
1922-10-11,127274.4
1922-10-13,128063.72
1922-10-16,128787.75
1922-10-17,128610.83
1922-10-18,127787.59
1922-10-19,127127.57
1922-10-20,128125.76
1922-10-23,126440.82
1922-10-24,126564.22
1922-10-25,126452.6
1922-10-26,124402.13
1922-10-27,125230.58
1922-10-30,122697.07
1922-10-31,121821.7
1922-11-01,121945.13
1922-11-02,124483.89
1922-11-03,125188.28
1922-11-06,124045.29
1922-11-08,124984.67
1922-11-09,124618.49
1922-11-10,123070.82
1922-11-13,120419.98
1922-11-14,118200.01
1922-11-15,119348.28
1922-11-16,118805.92
1922-11-17,119438.5
1922-11-20,119914.42
1922-11-21,119607.05
1922-11-22,117804.93
1922-11-23,117282.19
1922-11-24,117164.13
1922-11-27,114996.55
1922-11-28,117078.15
1922-11-29,118317.71
1922-12-01,119700.86
1922-12-04,119054.11
1922-12-05,118479.17
1922-12-06,119757.86
1922-12-07,119809.49
1922-12-08,120579.06
1922-12-11,120447.92
1922-12-12,120532.19
1922-12-13,121092.88
1922-12-14,121092.29
1922-12-15,120809.09
1922-12-18,120029.37
1922-12-19,120599.24
1922-12-20,120375.24
1922-12-21,121256.03
1922-12-22,122189.73
1922-12-26,122567.73
1922-12-27,122429.72
1922-12-28,121286.18
1922-12-29,121948.63
1923-01-02,122577.99
1923-01-03,123015.5
1923-01-04,122222.59
1923-01-05,122640.26
1923-01-08,121761.37
1923-01-09,120942.04
1923-01-10,120936.35
1923-01-11,121340.79
1923-01-12,122036.27
1923-01-15,121845.36
1923-01-16,120662.24
1923-01-17,120702.86
1923-01-18,121662.92
1923-01-19,121815.97
1923-01-22,121294.34
1923-01-23,121883.96
1923-01-24,121957.64
1923-01-25,122633.22
1923-01-26,122878.86
1923-01-29,123488.29
1923-01-30,122768.23
1923-01-31,122372.3
1923-02-01,122465.81
1923-02-02,123511.75
1923-02-05,125377.8
1923-02-06,126615.52
1923-02-07,126583.34
1923-02-08,126683.43
1923-02-09,126730.6
1923-02-13,127855.83
1923-02-14,127387.13
1923-02-15,127950.17
1923-02-16,128480.13
1923-02-19,128699.25
1923-02-20,129368.09
1923-02-21,129587.19
1923-02-23,129197.86
1923-02-26,128411.72
1923-02-27,128544.85
1923-02-28,129326.09
1923-03-01,129445.99
1923-03-02,129942.85
1923-03-05,130611.63
1923-03-06,130480.22
1923-03-07,130467.85
1923-03-08,129886.76
1923-03-09,129656.16
1923-03-12,129425.56
1923-03-13,130226.58
1923-03-14,130624.2
1923-03-15,130029.9
1923-03-16,129066.57
1923-03-19,130514.01
1923-03-20,130715
1923-03-21,130688.15
1923-03-22,130440.16
1923-03-23,129321.04
1923-03-26,127518.43
1923-03-27,128007.57
1923-03-28,128463.21
1923-03-29,127585.36
1923-04-02,125816.32
1923-04-03,126124.55
1923-04-04,126104.43
1923-04-05,126627.07
1923-04-06,127196.61
1923-04-09,126848.16
1923-04-10,126640.43
1923-04-11,126010.56
1923-04-12,126466.18
1923-04-13,126593.47
1923-04-16,127089.26
1923-04-17,127585.06
1923-04-18,128449.36
1923-04-19,128328.73
1923-04-20,127115.98
1923-04-23,126117.65
1923-04-24,126512.94
1923-04-25,126787.62
1923-04-26,126841.19
1923-04-27,126546.38
1923-04-30,123598.44
1923-05-01,123002.16
1923-05-02,123719.04
1923-05-03,121856.53
1923-05-04,121849.85
1923-05-07,118734.57
1923-05-08,120308.99
1923-05-09,121950.39
1923-05-10,121481.45
1923-05-11,120764.64
1923-05-14,121441.3
1923-05-15,120262.24
1923-05-16,119893.81
1923-05-17,119759.86
1923-05-18,119391.44
1923-05-21,117073.59
1923-05-22,117998.1
1923-05-23,118406.79
1923-05-24,121059.59
1923-05-25,121267.29
1923-05-28,122238.64
1923-05-29,122493.2
1923-05-31,122399.43
1923-06-01,119887.44
1923-06-04,120925.76
1923-06-05,121227.21
1923-06-06,122091.35
1923-06-07,122272.21
1923-06-08,122158.36
1923-06-11,123364.08
1923-06-12,122017.72
1923-06-13,121950.75
1923-06-14,121548.87
1923-06-15,121307.94
1923-06-18,118799.1
1923-06-19,118634.76
1923-06-20,116560.9
1923-06-21,118007.1
1923-06-22,119697.91
1923-06-25,117678.44
1923-06-26,115937.62
1923-06-27,113789.1
1923-06-28,114616.91
1923-06-29,113317.82
1923-07-02,114009.72
1923-07-03,112452.45
1923-07-05,112831.77
1923-07-06,113605.19
1923-07-09,114541.67
1923-07-10,113779.44
1923-07-11,112928.88
1923-07-12,113104.35
1923-07-13,114761.04
1923-07-16,114943.28
1923-07-17,115274.99
1923-07-18,115593.11
1923-07-19,117073.08
1923-07-20,117662.97
1923-07-23,117233.68
1923-07-24,115934.73
1923-07-25,116572.17
1923-07-26,116971.79
1923-07-27,113892.81
1923-07-30,113748.92
1923-07-31,112287
1923-08-01,113549.49
1923-08-02,113310.5
1923-08-06,114049.84
1923-08-07,115013.35
1923-08-08,114074.6
1923-08-09,114154.91
1923-08-13,114506.98
1923-08-14,115117.2
1923-08-15,115863.28
1923-08-16,116432.71
1923-08-17,117165.18
1923-08-20,117483.24
1923-08-21,117679.01
1923-08-22,117297.35
1923-08-23,117323.29
1923-08-24,117315.26
1923-08-27,117782.76
1923-08-28,118678.21
1923-08-29,119315.51
1923-08-30,119164.82
1923-08-31,119428.49
1923-09-04,117722.23
1923-09-05,118719.54
1923-09-06,118684.34
1923-09-07,118859.7
1923-09-10,119463.01
1923-09-11,119842.15
1923-09-12,117972.92
1923-09-13,116035.79
1923-09-14,115783.25
1923-09-17,115639.38
1923-09-18,114823.06
1923-09-19,115589.39
1923-09-20,114847.81
1923-09-21,114819.04
1923-09-24,115971.66
1923-09-25,114778.78
1923-09-26,115558.87
1923-09-27,115718.09
1923-09-28,114966.74
1923-10-01,115298.42
1923-10-02,115436.94
1923-10-03,117900.15
1923-10-04,117479.91
1923-10-05,117121.75
1923-10-08,117087.81
1923-10-09,116502.03
1923-10-10,115778.3
1923-10-11,115178.75
1923-10-15,116124.31
1923-10-16,114407.32
1923-10-17,114973.49
1923-10-18,114939.57
1923-10-19,115174.64
1923-10-22,114982.08
1923-10-23,114899.87
1923-10-24,114817.66
1923-10-25,113928.47
1923-10-26,113577.27
1923-10-29,113881.32
1923-10-30,113578.41
1923-10-31,116206.8
1923-11-01,116972.94
1923-11-02,117304.55
1923-11-05,117698.22
1923-11-07,117602.21
1923-11-08,118637.29
1923-11-09,119182.67
1923-11-12,119321.14
1923-11-13,119604.44
1923-11-14,119280.82
1923-11-15,119398.6
1923-11-16,118764.64
1923-11-19,119689.32
1923-11-20,119800.19
1923-11-21,120924.84
1923-11-22,120815.02
1923-11-23,120815.54
1923-11-26,121547.06
1923-11-27,121361.37
1923-11-28,121341.2
1923-11-30,120962.43
1923-12-03,121107.76
1923-12-04,121384.12
1923-12-05,121860.46
1923-12-06,122391.95
1923-12-07,123033.78
1923-12-10,122558.48
1923-12-11,121869.41
1923-12-12,122462.96
1923-12-13,122884.1
1923-12-14,122553.61
1923-12-17,122657.54
1923-12-18,121058.28
1923-12-19,121010.54
1923-12-20,121610.96
1923-12-21,121251.63
1923-12-24,121988.64
1923-12-26,123047.59
1923-12-27,122419.86
1923-12-28,122750.94
1923-12-31,123592.9
1924-01-02,123665.03
1924-01-03,123135.3
1924-01-04,123704.31
1924-01-07,125071.11
1924-01-08,125367.16
1924-01-09,126377.02
1924-01-10,126358.14
1924-01-11,126402.25
1924-01-14,124598.89
1924-01-15,123677.3
1924-01-16,124680.13
1924-01-17,124514.32
1924-01-18,124474.47
1924-01-21,125239.35
1924-01-22,125171.5
1924-01-23,125488.53
1924-01-24,126211.4
1924-01-25,127627.01
1924-01-28,127755.07
1924-01-29,127491.29
1924-01-30,127605.36
1924-01-31,128713.04
1924-02-01,128813.1
1924-02-04,129430.95
1924-02-05,129384.07
1924-02-06,129561.09
1924-02-07,128863.49
1924-02-08,128088.92
1924-02-11,129182.53
1924-02-13,128030.15
1924-02-14,128249.16
1924-02-15,125004.77
1924-02-18,124713.04
1924-02-19,125505.79
1924-02-20,125228.04
1924-02-21,126146.71
1924-02-25,125924.94
1924-02-26,125332.37
1924-02-27,125502.41
1924-02-28,126819.85
1924-02-29,126115.34
1924-03-03,125718.68
1924-03-04,126196.54
1924-03-05,125736.91
1924-03-06,127243.2
1924-03-07,127308.27
1924-03-10,126016.13
1924-03-11,126689.86
1924-03-12,126629.02
1924-03-13,127323.72
1924-03-14,127892.5
1924-03-17,126047.73
1924-03-18,126105.83
1924-03-19,126625.62
1924-03-20,125914.19
1924-03-21,125941.65
1924-03-24,126155.86
1924-03-25,124701.08
1924-03-26,124425.27
1924-03-27,123829.87
1924-03-28,123433.33
1924-03-31,123945.83
1924-04-01,124479.62
1924-04-02,125617.06
1924-04-03,126086.93
1924-04-04,126798.24
1924-04-07,125201.53
1924-04-08,124655.87
1924-04-09,123961.09
1924-04-10,122470.95
1924-04-11,123466.32
1924-04-14,121535.94
1924-04-15,122133.63
1924-04-16,122603.48
1924-04-17,123414.19
1924-04-21,121547.77
1924-04-22,121655.47
1924-04-23,122693.41
1924-04-24,122531.26
1924-04-25,123441.36
1924-04-28,122853.16
1924-04-29,122605.81
1924-04-30,122734.8
1924-05-01,124227.12
1924-05-02,123837.75
1924-05-05,124328.85
1924-05-06,124457.83
1924-05-07,124771.41
1924-05-08,124538.25
1924-05-09,124035.29
1924-05-12,122524.1
1924-05-13,122738.27
1924-05-14,122086.24
1924-05-15,122534.73
1924-05-16,123203.32
1924-05-19,123119.29
1924-05-20,121735.96
1924-05-21,123206.83
1924-05-22,123910.88
1924-05-23,124110.85
1924-05-26,124864.59
1924-05-27,124347.47
1924-05-28,123951.05
1924-05-29,123710.83
1924-06-02,123818.49
1924-06-03,124920.08
1924-06-04,124729.55
1924-06-05,124851.4
1924-06-06,123553.38
1924-06-09,124683.33
1924-06-10,125181.44
1924-06-11,126865.1
1924-06-12,127242.5
1924-06-13,127996.15
1924-06-16,128735.59
1924-06-17,128367.57
1924-06-18,128411.3
1924-06-19,128902.26
1924-06-20,128843.38
1924-06-23,127799.67
1924-06-24,128377.32
1924-06-25,129596.28
1924-06-26,130635.08
1924-06-27,130974.89
1924-06-30,131451.61
1924-07-01,131560.83
1924-07-02,131504.33
1924-07-03,131764.87
1924-07-07,132580.23
1924-07-08,133518.08
1924-07-09,133468.77
1924-07-10,132605.25
1924-07-11,133348.53
1924-07-14,133767.57
1924-07-15,133847.95
1924-07-16,133769.81
1924-07-17,133742.11
1924-07-18,134600.64
1924-07-21,136194.05
1924-07-22,136627.45
1924-07-23,136851.9
1924-07-24,137213.24
1924-07-25,137632.22
1924-07-28,138706.81
1924-07-29,138347.66
1924-07-30,138413.59
1924-07-31,139351.26
1924-08-01,139215.47
1924-08-04,140023.44
1924-08-05,139498.6
1924-08-06,139528.49
1924-08-07,139688.06
1924-08-08,139364.95
1924-08-11,141131.05
1924-08-12,140159.57
1924-08-13,140059.78
1924-08-14,141105.44
1924-08-15,142345.58
1924-08-18,143614.53
1924-08-19,143529.13
1924-08-20,143220.41
1924-08-21,142349.8
1924-08-22,141104.62
1924-08-25,140716.7
1924-08-26,140732.18
1924-08-27,140538.75
1924-08-28,139898.71
1924-08-29,141239.62
1924-09-02,142393.23
1924-09-03,141429.05
1924-09-04,140068.69
1924-09-05,138477.86
1924-09-08,138767.08
1924-09-09,139906.26
1924-09-10,138625.19
1924-09-11,139231.32
1924-09-12,139628.57
1924-09-15,139197.48
1924-09-16,139537.09
1924-09-17,141230.83
1924-09-18,141008.61
1924-09-19,141122.01
1924-09-22,140802.26
1924-09-23,141884.76
1924-09-24,142791.96
1924-09-25,142275.03
1924-09-26,142079.45
1924-09-29,141102.45
1924-09-30,141432.7
1924-10-01,142193.81
1924-10-02,141771.84
1924-10-03,140247.16
1924-10-06,139839.83
1924-10-07,139636.97
1924-10-08,139397.61
1924-10-09,139983.44
1924-10-10,138524.55
1924-10-14,135824.25
1924-10-15,136928.57
1924-10-16,136806.07
1924-10-17,137932.27
1924-10-20,138532.69
1924-10-21,139388.68
1924-10-22,139937.96
1924-10-23,140268.18
1924-10-24,140861.26
1924-10-27,139855.19
1924-10-28,140645.42
1924-10-29,140522.9
1924-10-30,141013.74
1924-10-31,142096.02
1924-11-03,142185.24
1924-11-05,144034.16
1924-11-06,143612.25
1924-11-07,145811.62
1924-11-10,146718.58
1924-11-11,148530.9
1924-11-12,148466.74
1924-11-13,148387.99
1924-11-14,149346.02
1924-11-17,150384.33
1924-11-18,151919.12
1924-11-19,151343.86
1924-11-20,152243.44
1924-11-21,151332.34
1924-11-24,151516.39
1924-11-25,152277.22
1924-11-26,152322.55
1924-11-28,152878.94
1924-12-01,152449.73
1924-12-02,152911.19
1924-12-03,153474.87
1924-12-04,154637.18
1924-12-05,153988.94
1924-12-08,153749.53
1924-12-09,154196.38
1924-12-10,152759.72
1924-12-11,152607.93
1924-12-12,154310.41
1924-12-15,156122.37
1924-12-16,156488.88
1924-12-17,157884.69
1924-12-18,158652.67
1924-12-19,159237.66
1924-12-22,159360.96
1924-12-23,157998.54
1924-12-24,159016.21
1924-12-26,160891.27
1924-12-29,160637.59
1924-12-30,159637.39
1924-12-31,162000.24
1925-01-02,163239.59
1925-01-05,161892
1925-01-06,163996.09
1925-01-07,164126.73
1925-01-08,164360.84
1925-01-09,165356.21
1925-01-12,165819.44
1925-01-13,166157.01
1925-01-14,165060.76
1925-01-15,163011.13
1925-01-16,163326.53
1925-01-19,164307.09
1925-01-20,163454.77
1925-01-21,163784.94
1925-01-22,165127.61
1925-01-23,164903.48
1925-01-26,163629.95
1925-01-27,163464.96
1925-01-28,164371.56
1925-01-29,164302.65
1925-01-30,165393.99
1925-02-02,163684.49
1925-02-03,163275.63
1925-02-04,164440.85
1925-02-05,164697.09
1925-02-06,165189.81
1925-02-09,165616.01
1925-02-10,165214.56
1925-02-11,164539.68
1925-02-13,164758.96
1925-02-16,160817.91
1925-02-17,161606.21
1925-02-18,163717.23
1925-02-19,163212.35
1925-02-20,165256.8
1925-02-24,165306.11
1925-02-25,165946.58
1925-02-26,166919.53
1925-02-27,165653.56
1925-03-02,167705.3
1925-03-03,168862.96
1925-03-04,166806.39
1925-03-05,168311.31
1925-03-06,169106.88
1925-03-09,167242.48
1925-03-10,165333.76
1925-03-11,166055.43
1925-03-12,167656.36
1925-03-13,166183.6
1925-03-16,163395.72
1925-03-17,161287.62
1925-03-18,160745.88
1925-03-19,161777.88
1925-03-20,163797.99
1925-03-23,159158.21
1925-03-24,158158.09
1925-03-25,160378.17
1925-03-26,158367.07
1925-03-27,159066.9
1925-03-30,155955.01
1925-03-31,158017.78
1925-04-01,159301.71
1925-04-02,158795.87
1925-04-03,158529.67
1925-04-06,161558.36
1925-04-07,161000.1
1925-04-08,160531.71
1925-04-09,160617.44
1925-04-13,161616.74
1925-04-14,163042.83
1925-04-15,163091.12
1925-04-16,162959.7
1925-04-17,163891.56
1925-04-20,163580.42
1925-04-21,161427.28
1925-04-22,162591.25
1925-04-23,162781.79
1925-04-24,161811.75
1925-04-27,161949.9
1925-04-28,162761.92
1925-04-29,162944.98
1925-04-30,162813.56
1925-05-01,163969.97
1925-05-04,166212.02
1925-05-05,166754.44
1925-05-06,167296.85
1925-05-07,167981.49
1925-05-08,167460.71
1925-05-11,166348.46
1925-05-12,167122.95
1925-05-13,166991.5
1925-05-14,166777.71
1925-05-15,168450.6
1925-05-18,169524.53
1925-05-19,170845.49
1925-05-20,171178.2
1925-05-21,171406.08
1925-05-22,172210.42
1925-05-25,171442.6
1925-05-26,171722.89
1925-05-27,172804.2
1925-05-28,172987.16
1925-05-29,173821.4
1925-06-01,173001.2
1925-06-02,173363.82
1925-06-03,173382.07
1925-06-04,171985.46
1925-06-05,172086.07
1925-06-08,169836.11
1925-06-09,169884.33
1925-06-10,169445.97
1925-06-11,170602.08
1925-06-12,171249.14
1925-06-15,171417.1
1925-06-16,172588.14
1925-06-17,172763.58
1925-06-18,171688.96
1925-06-19,172527.27
1925-06-22,171415.97
1925-06-23,170426.01
1925-06-24,171362.02
1925-06-25,171744.5
1925-06-26,172733.55
1925-06-29,172350.18
1925-06-30,174196.01
1925-07-01,175131.95
1925-07-02,175165.6
1925-07-03,175093.1
1925-07-06,175778.8
1925-07-07,176381.09
1925-07-08,176323.74
1925-07-09,175197.35
1925-07-10,174760.92
1925-07-13,175257.07
1925-07-14,176564.44
1925-07-15,176946.83
1925-07-16,177253.41
1925-07-17,177522.06
1925-07-20,178351.75
1925-07-21,178051.78
1925-07-22,177054.35
1925-07-23,178634.56
1925-07-24,178637.85
1925-07-27,179611.55
1925-07-28,179379.82
1925-07-29,178215.63
1925-07-30,177832.3
1925-07-31,177342.84
1925-08-03,179332.34
1925-08-04,179980
1925-08-05,179869.57
1925-08-06,179706.08
1925-08-07,181665.17
1925-08-10,181668.45
1925-08-11,181997.68
1925-08-12,181978.22
1925-08-13,183164.03
1925-08-14,184380.15
1925-08-17,187028.93
1925-08-18,187866
1925-08-19,187050.56
1925-08-20,186940.09
1925-08-21,187761.97
1925-08-24,188295.8
1925-08-25,188534.01
1925-08-26,187354.76
1925-08-27,186979
1925-08-28,186641.14
1925-08-31,186068.31
1925-09-01,184244.84
1925-09-02,181602.78
1925-09-03,184236.17
1925-09-04,185527.95
1925-09-08,185713.1
1925-09-09,187800.68
1925-09-10,188652.8
1925-09-11,189724.71
1925-09-14,191130.09
1925-09-15,188776.15
1925-09-16,190742.37
1925-09-17,191101.78
1925-09-18,192337.93
1925-09-21,191199.76
1925-09-22,191127.49
1925-09-23,191661.01
1925-09-24,189963.09
1925-09-25,191278.77
1925-09-28,189642.21
1925-09-29,190497.79
1925-09-30,188861.26
1925-10-01,190008.2
1925-10-02,191078.45
1925-10-05,191435.58
1925-10-06,189500.05
1925-10-07,189834.18
1925-10-08,190965.74
1925-10-09,191414.88
1925-10-13,191603.32
1925-10-14,193148.88
1925-10-15,193191.61
1925-10-16,193771.05
1925-10-19,194243.15
1925-10-20,196233.35
1925-10-21,197357.12
1925-10-22,197813.84
1925-10-23,198531.23
1925-10-26,199256.28
1925-10-27,198355.93
1925-10-28,200139.01
1925-10-29,199606.67
1925-10-30,200730.37
1925-11-02,202781.71
1925-11-04,202901.02
1925-11-05,202062.03
1925-11-06,203055.35
1925-11-09,201702.7
1925-11-10,196639.53
1925-11-11,200086.09
1925-11-12,201386.04
1925-11-13,204978.16
1925-11-16,200536.08
1925-11-17,200862.41
1925-11-18,197784.99
1925-11-19,200587.44
1925-11-20,200561.11
1925-11-23,196609.85
1925-11-24,196399.56
1925-11-25,199278.61
1925-11-27,200954.09
1925-11-30,199984.89
1925-12-01,200694.46
1925-12-02,201266.05
1925-12-03,202006.27
1925-12-04,203053.09
1925-12-07,203900.6
1925-12-08,203414.34
1925-12-09,201939.26
1925-12-10,203262.01
1925-12-11,204446.77
1925-12-14,205232.93
1925-12-15,205727.79
1925-12-16,205509.81
1925-12-17,204816.6
1925-12-18,204274.06
1925-12-21,203439.94
1925-12-22,204876.54
1925-12-23,207119.12
1925-12-24,208323.19
1925-12-28,208775.52
1925-12-29,208065.39
1925-12-30,208323.98
1925-12-31,209264.51
1926-01-04,210515
1926-01-05,209634.39
1926-01-06,210055.69
1926-01-07,211337.16
1926-01-08,210727.78
1926-01-11,209878.18
1926-01-12,209338.56
1926-01-13,210480.5
1926-01-14,208530.56
1926-01-15,206045.97
1926-01-18,207187.94
1926-01-19,204455.43
1926-01-20,205674.86
1926-01-21,203546.82
1926-01-22,205215.66
1926-01-25,206458.3
1926-01-26,205763.78
1926-01-27,207417.07
1926-01-28,208365.23
1926-01-29,209383.12
1926-02-01,208324.42
1926-02-02,209876.91
1926-02-03,210871.52
1926-02-04,211711.13
1926-02-05,211497.01
1926-02-08,210399.6
1926-02-09,211626.61
1926-02-10,212830.36
1926-02-11,213607.95
1926-02-15,209186.74
1926-02-16,210181.29
1926-02-17,211539.96
1926-02-18,212263.3
1926-02-19,212638
1926-02-23,210053.12
1926-02-24,209885.5
1926-02-25,207843.01
1926-02-26,205242.75
1926-03-01,201945.26
1926-03-02,197671.66
1926-03-03,193963.68
1926-03-04,201334.15
1926-03-05,202576.57
1926-03-08,201417.39
1926-03-09,202992.92
1926-03-10,205157.19
1926-03-11,206430.54
1926-03-12,207115.11
1926-03-15,203624.18
1926-03-16,202929.86
1926-03-17,201778.49
1926-03-18,198651.77
1926-03-19,197428.88
1926-03-22,199549.98
1926-03-23,197534.08
1926-03-24,193728.42
1926-03-25,194601.35
1926-03-26,195670.52
1926-03-29,189148.94
1926-03-30,186811.36
1926-03-31,193430.26
1926-04-01,193298.43
1926-04-05,194398.96
1926-04-06,196260.89
1926-04-07,195587.41
1926-04-08,194788.36
1926-04-09,195025.43
1926-04-12,190301.78
1926-04-13,192807.28
1926-04-14,190399.21
1926-04-15,190777.59
1926-04-16,190316.13
1926-04-19,190898.57
1926-04-20,191747.86
1926-04-21,195493.36
1926-04-22,196648.7
1926-04-23,198510.42
1926-04-26,198888.72
1926-04-27,199008
1926-04-28,200006.32
1926-04-29,200039.26
1926-04-30,199004.82
1926-05-03,195074.34
1926-05-04,196284.57
1926-05-05,196498.05
1926-05-06,197088.24
1926-05-07,194955.12
1926-05-10,193653.93
1926-05-11,194063.63
1926-05-12,195038.36
1926-05-13,194584.77
1926-05-14,194146.87
1926-05-17,193348
1926-05-18,193200.5
1926-05-19,192927.42
1926-05-20,195000.8
1926-05-21,196768.07
1926-05-24,198088.01
1926-05-25,198466.24
1926-05-26,199119.13
1926-05-27,200030.96
1926-05-28,201123.27
1926-06-01,199673.09
1926-06-02,200710.47
1926-06-03,202116.64
1926-06-04,202973.49
1926-06-07,203532.16
1926-06-08,203227.66
1926-06-09,203841.23
1926-06-10,204478.34
1926-06-11,206331.68
1926-06-14,208498.87
1926-06-15,207660.78
1926-06-16,209208.03
1926-06-17,211445.75
1926-06-18,210007.45
1926-06-21,212766.25
1926-06-22,212378.39
1926-06-23,210703.29
1926-06-24,211594.74
1926-06-25,210722.19
1926-06-28,211224.29
1926-06-29,212576.58
1926-06-30,213078.65
1926-07-01,213175.48
1926-07-02,214289.35
1926-07-06,214266.99
1926-07-07,214967.67
1926-07-08,216160.97
1926-07-09,214287.33
1926-07-12,216441.99
1926-07-13,217682.89
1926-07-14,217755.86
1926-07-15,216327.2
1926-07-16,217830.27
1926-07-19,218562.65
1926-07-20,217110.18
1926-07-21,215697.45
1926-07-22,214189.42
1926-07-23,214087.62
1926-07-26,215193.4
1926-07-27,216116.44
1926-07-28,218660.16
1926-07-29,219495.79
1926-07-30,219846.78
1926-08-02,222533.42
1926-08-03,223535.82
1926-08-04,222877.86
1926-08-05,222871.33
1926-08-06,224541.01
1926-08-09,226750.85
1926-08-10,223169.49
1926-08-11,221756.87
1926-08-12,224713.41
1926-08-13,226684.88
1926-08-16,228068.5
1926-08-17,225790.03
1926-08-18,226577.85
1926-08-19,224561.56
1926-08-20,224515.31
1926-08-23,225914.78
1926-08-24,223779.39
1926-08-25,223002.35
1926-08-26,224346.17
1926-08-27,224625.59
1926-08-30,225834.35
1926-08-31,227821.53
1926-09-01,229379.75
1926-09-02,228920.41
1926-09-03,230335.62
1926-09-07,231997.03
1926-09-08,230227.12
1926-09-09,230156.99
1926-09-10,227926.45
1926-09-13,224083.58
1926-09-14,226173.89
1926-09-15,224944.19
1926-09-16,224461.11
1926-09-17,221822.75
1926-09-20,222500.17
1926-09-21,223772.42
1926-09-22,222737.61
1926-09-23,223583.79
1926-09-24,225378.48
1926-09-27,225469.03
1926-09-28,224996.93
1926-09-29,224291.73
1926-09-30,224993.19
1926-10-01,226723.5
1926-10-04,222811.16
1926-10-05,219582.11
1926-10-06,218177.67
1926-10-07,216395.5
1926-10-08,217731.97
1926-10-11,213136.67
1926-10-13,215132.21
1926-10-14,217626.05
1926-10-15,212677.19
1926-10-18,213033.07
1926-10-19,210648.23
1926-10-20,211084.48
1926-10-21,215065.15
1926-10-22,213934.13
1926-10-25,214515.02
1926-10-26,215393.26
1926-10-27,218698.67
1926-10-28,217905.22
1926-10-29,217135.88
1926-11-01,217017.54
1926-11-03,217743.04
1926-11-04,220011.57
1926-11-05,219909.28
1926-11-08,221944.7
1926-11-09,221665.59
1926-11-10,220044.41
1926-11-11,221300.25
1926-11-12,221752.45
1926-11-15,221746.58
1926-11-16,223026.49
1926-11-17,221959.84
1926-11-18,221262.86
1926-11-19,219111.4
1926-11-22,221082.38
1926-11-23,222081
1926-11-24,222412.62
1926-11-26,223628.18
1926-11-29,222071.42
1926-11-30,222499.48
1926-12-01,223032
1926-12-02,223910.03
1926-12-03,224643.4
1926-12-06,224750.02
1926-12-07,224623.59
1926-12-08,224240.05
1926-12-09,225640.33
1926-12-10,227104.85
1926-12-13,227219.48
1926-12-14,227904.58
1926-12-15,228509.31
1926-12-16,227033.02
1926-12-17,229788.09
1926-12-20,230346.8
1926-12-21,230100.44
1926-12-22,229309.25
1926-12-23,229648.41
1926-12-24,229589.1
1926-12-27,228537.7
1926-12-28,225754.28
1926-12-29,226304.87
1926-12-30,225513.74
1926-12-31,226584.74
1927-01-03,224346.23
1927-01-04,224514.64
1927-01-05,224487.9
1927-01-06,224160.3
1927-01-07,225084.91
1927-01-10,226237.19
1927-01-11,225706.3
1927-01-12,225695.81
1927-01-13,225343.81
1927-01-14,224999.95
1927-01-17,225607.41
1927-01-18,225702.62
1927-01-19,227188.18
1927-01-20,226917.49
1927-01-21,227289.13
1927-01-24,225961.48
1927-01-25,222942.71
1927-01-26,223932.29
1927-01-27,223141.29
1927-01-28,223521.08
1927-01-31,226892.77
1927-02-01,226760.33
1927-02-02,227156.32
1927-02-03,227625.49
1927-02-04,227541.82
1927-02-07,227417.49
1927-02-08,228878.49
1927-02-09,229022.45
1927-02-10,229361.51
1927-02-11,230245.25
1927-02-14,231559.87
1927-02-15,232346.04
1927-02-16,233042.77
1927-02-17,234975.18
1927-02-18,236062.1
1927-02-21,234555.74
1927-02-23,236675.05
1927-02-24,236119.83
1927-02-25,236214.94
1927-02-28,237919.62
1927-03-01,237177.41
1927-03-02,233809.56
1927-03-03,236221.43
1927-03-04,234641.99
1927-03-07,232908.14
1927-03-08,233035.78
1927-03-09,234707.86
1927-03-10,236168.57
1927-03-11,236694.5
1927-03-14,237448
1927-03-15,235437.82
1927-03-16,237784.48
1927-03-17,238627.36
1927-03-18,236573.57
1927-03-21,237947.81
1927-03-22,235048.56
1927-03-23,236076.97
1927-03-24,237813.48
1927-03-25,237425.62
1927-03-28,239919.59
1927-03-29,239251.78
1927-03-30,238658.07
1927-03-31,239546.43
1927-04-01,239817.27
1927-04-04,241677.15
1927-04-05,242886.57
1927-04-06,242688.06
1927-04-07,243074.12
1927-04-08,243690.71
1927-04-11,244735.41
1927-04-12,244051.15
1927-04-13,244601.87
1927-04-14,245127.87
1927-04-18,245950.23
1927-04-19,246179.82
1927-04-20,246771.65
1927-04-21,247692.79
1927-04-22,249074.93
1927-04-25,244990.62
1927-04-26,246298.68
1927-04-27,246190.72
1927-04-28,243283.75
1927-04-29,244707.03
1927-05-02,244821.37
1927-05-03,246845.59
1927-05-04,248861.53
1927-05-05,248745.34
1927-05-06,249435.88
1927-05-09,250554.49
1927-05-10,250421.82
1927-05-11,249605.91
1927-05-12,248839.4
1927-05-13,250484.79
1927-05-16,248804.55
1927-05-17,250548.71
1927-05-18,251807.17
1927-05-19,253353.73
1927-05-20,255245.97
1927-05-23,255442.54
1927-05-24,254758.33
1927-05-25,255152.45
1927-05-26,256089.82
1927-05-27,257060.09
1927-05-31,257857.5
1927-06-01,257584.85
1927-06-02,257427.45
1927-06-03,254257.55
1927-06-06,257301.99
1927-06-07,255745.36
1927-06-08,256015.96
1927-06-09,256368.86
1927-06-10,255322.57
1927-06-14,250975.87
1927-06-15,253337.04
1927-06-16,255451.28
1927-06-17,255937.04
1927-06-20,255118.74
1927-06-21,255033.63
1927-06-22,254781.88
1927-06-23,252372.31
1927-06-24,252728.77
1927-06-27,249477.82
1927-06-28,250084.22
1927-06-29,250340.72
1927-06-30,250338.95
1927-07-01,252194.99
1927-07-05,256333.68
1927-07-06,257814.77
1927-07-07,257271.44
1927-07-08,256853.1
1927-07-11,258350.81
1927-07-12,259298.69
1927-07-13,260538.09
1927-07-14,261510.92
1927-07-15,261925.6
1927-07-18,262848.4
1927-07-19,264104.42
1927-07-20,264943.9
1927-07-21,264783.75
1927-07-22,264615.28
1927-07-25,266271.09
1927-07-26,266960.58
1927-07-27,267283.54
1927-07-28,267714.81
1927-07-29,269137.3
1927-08-01,273616.8
1927-08-02,275197.49
1927-08-03,271830.37
1927-08-04,273477.71
1927-08-05,270735.35
1927-08-08,266985.21
1927-08-09,269407.18
1927-08-10,269530.2
1927-08-11,266812.94
1927-08-12,262846.35
1927-08-15,269332.89
1927-08-16,271513.2
1927-08-17,271944.39
1927-08-18,272084.04
1927-08-19,272681.8
1927-08-22,275136.88
1927-08-23,275801.23
1927-08-24,276598.82
1927-08-25,276138.79
1927-08-26,277177.91
1927-08-29,277367.49
1927-08-30,277332.2
1927-08-31,276064.32
1927-09-01,278269.35
1927-09-02,280232.84
1927-09-06,283570.45
1927-09-07,284467.87
1927-09-08,283424.85
1927-09-09,280874.47
1927-09-12,279981.4
1927-09-13,283768.6
1927-09-14,284740.94
1927-09-15,285455.09
1927-09-16,285058.04
1927-09-19,282092.93
1927-09-20,283994.7
1927-09-21,283227.27
1927-09-22,280725.33
1927-09-23,281658.77
1927-09-26,280790.36
1927-09-27,281673.28
1927-09-28,281453.18
1927-09-29,282395.01
1927-09-30,286477.35
1927-10-03,290702.76
1927-10-04,288546.13
1927-10-05,288157.6
1927-10-06,289293
1927-10-07,286740.72
1927-10-10,277857.19
1927-10-11,277603.46
1927-10-13,279833.4
1927-10-14,279689.11
1927-10-17,275377.42
1927-10-18,276108.75
1927-10-19,273211.54
1927-10-20,271013.11
1927-10-21,268309.59
1927-10-24,267997.03
1927-10-25,272685.13
1927-10-26,272936.58
1927-10-27,271832.64
1927-10-28,267706.5
1927-10-31,267562.31
1927-11-01,267502.31
1927-11-02,270902.22
1927-11-03,273527.6
1927-11-04,274166.28
1927-11-07,279409.63
1927-11-09,277152.44
1927-11-10,278624.45
1927-11-11,281519.05
1927-11-14,284649.31
1927-11-15,283966.26
1927-11-16,283249.58
1927-11-17,284300.6
1927-11-18,285612.55
1927-11-21,283490.12
1927-11-22,285206.1
1927-11-23,286450.67
1927-11-25,286693.57
1927-11-28,284040.94
1927-11-29,285992.52
1927-11-30,287624.24
1927-12-01,286006.94
1927-12-02,288598.16
1927-12-05,288554.86
1927-12-06,287653.04
1927-12-07,286069.48
1927-12-08,283686.33
1927-12-09,287068.64
1927-12-12,287345.16
1927-12-13,288715.85
1927-12-14,286972.42
1927-12-15,287602.45
1927-12-16,289677.74
1927-12-19,290533.91
1927-12-20,291126.23
1927-12-21,290935.61
1927-12-22,291110.96
1927-12-23,291345.86
1927-12-27,290899.94
1927-12-28,288301.08
1927-12-29,289157.2
1927-12-30,290387.74
1928-01-03,293277.63
1928-01-04,292674.57
1928-01-05,289929.07
1928-01-06,291798.09
1928-01-09,289217.44
1928-01-10,287131.23
1928-01-11,286857.85
1928-01-12,288891.63
1928-01-13,290760.58
1928-01-16,286037.71
1928-01-17,286258.73
1928-01-18,285655.79
1928-01-19,287689.51
1928-01-20,289393.61
1928-01-23,292086.43
1928-01-24,293296.13
1928-01-25,290221.35
1928-01-26,292090.16
1928-01-27,293135.04
1928-01-30,289895.53
1928-01-31,291269.96
1928-02-01,290667.02
1928-02-02,292370.99
1928-02-03,288637.27
1928-02-06,289517.32
1928-02-07,289408.73
1928-02-08,290288.79
1928-02-09,291333.6
1928-02-10,291225
1928-02-14,289633.46
1928-02-15,289030.56
1928-02-16,288262.9
1928-02-17,283211.33
1928-02-20,281784.67
1928-02-21,284477.13
1928-02-23,284862.88
1928-02-24,285742.92
1928-02-27,284645.8
1928-02-28,285525.82
1928-02-29,287229.61
1928-03-01,287944.84
1928-03-02,288001.03
1928-03-05,292505.59
1928-03-06,294209.27
1928-03-07,292782.64
1928-03-08,293827.31
1928-03-09,298661.18
1928-03-12,299870.55
1928-03-13,298608.69
1928-03-14,298829.53
1928-03-15,301192.05
1928-03-16,304398.83
1928-03-19,306120.72
1928-03-20,307842.56
1928-03-21,311064.68
1928-03-22,310285.98
1928-03-23,313341.34
1928-03-26,317896.91
1928-03-27,316118.01
1928-03-28,315339.31
1928-03-29,316394.23
1928-03-30,321949.79
1928-04-02,315836.96
1928-04-03,317725.29
1928-04-04,317279.97
1928-04-05,321335.18
1928-04-09,322056.65
1928-04-10,319277.74
1928-04-11,324999.66
1928-04-12,324554.31
1928-04-13,329942.75
1928-04-16,329164.02
1928-04-17,326551.83
1928-04-18,326606.51
1928-04-19,328494.59
1928-04-20,323715.72
1928-04-23,320603.64
1928-04-24,322325.06
1928-04-25,323713.11
1928-04-26,326101.16
1928-04-27,329655.85
1928-04-30,330877.16
1928-05-01,331431.81
1928-05-02,332319.76
1928-05-03,334041.03
1928-05-04,339262.13
1928-05-07,342149.93
1928-05-08,339871.25
1928-05-09,339425.86
1928-05-10,338980.47
1928-05-11,341534.88
1928-05-14,342922.68
1928-05-15,342143.96
1928-05-16,336532.38
1928-05-17,337753.53
1928-05-18,334475.12
1928-05-21,329696.96
1928-05-22,325252.14
1928-05-23,331805.97
1928-05-24,333860.3
1928-05-25,334414.84
1928-05-28,328970.29
1928-05-29,333190.95
1928-05-31,336245.05
1928-06-01,337466.11
1928-06-04,333021.5
1928-06-05,333909.31
1928-06-06,330797.87
1928-06-07,330019.35
1928-06-08,326074.82
1928-06-11,314631.98
1928-06-12,309021.35
1928-06-13,318240.65
1928-06-14,320961.4
1928-06-15,315775.28
1928-06-18,310097.23
1928-06-19,309137.32
1928-06-20,313063.96
1928-06-21,312946.56
1928-06-22,312660.65
1928-06-25,311532.27
1928-06-26,315121.78
1928-06-27,318205.77
1928-06-28,321795.19
1928-06-29,323025.66
1928-07-02,320380.82
1928-07-03,325655.03
1928-07-05,328907.32
1928-07-06,327441.91
1928-07-09,328672.28
1928-07-10,328217.8
1928-07-11,320181.57
1928-07-12,317873.85
1928-07-13,320452.12
1928-07-16,316122.69
1928-07-17,317858.54
1928-07-18,321784.54
1928-07-19,321161.67
1928-07-20,321886.6
1928-07-23,323453.88
1928-07-24,322999.48
1928-07-25,324903.67
1928-07-26,325628.53
1928-07-27,328711.95
1928-07-30,329605.26
1928-07-31,328982.37
1928-08-01,328864.86
1928-08-02,327399.65
1928-08-03,327956.02
1928-08-06,331713.11
1928-08-07,330247.93
1928-08-08,326255.89
1928-08-09,327149.16
1928-08-10,326357.84
1928-08-13,327082.65
1928-08-14,324438.36
1928-08-15,330216.7
1928-08-16,332625.94
1928-08-17,333182.21
1928-08-20,335422.96
1928-08-21,339685.02
1928-08-22,339399.01
1928-08-23,339786.78
1928-08-24,345227.82
1928-08-27,345952.42
1928-08-28,348698.28
1928-08-29,349422.84
1928-08-30,349978.95
1928-08-31,354409.08
1928-09-04,356144.21
1928-09-05,357879.29
1928-09-06,355740.41
1928-09-07,358317.62
1928-09-10,355505.03
1928-09-11,358250.65
1928-09-12,359648.82
1928-09-13,359362.68
1928-09-14,359413.4
1928-09-17,362664.16
1928-09-18,360188.54
1928-09-19,360239.25
1928-09-20,360963.66
1928-09-21,363378.85
1928-09-24,364626.23
1928-09-25,364342.51
1928-09-26,364228.91
1928-09-27,359692.28
1928-09-28,359918.98
1928-10-01,363718.06
1928-10-02,362073.48
1928-10-03,360939.23
1928-10-04,362186.54
1928-10-05,361562.63
1928-10-08,359747.98
1928-10-09,360995.3
1928-10-10,364964.28
1928-10-11,366721.84
1928-10-15,369159.78
1928-10-16,370407
1928-10-17,371654.17
1928-10-18,372561.13
1928-10-19,374658.76
1928-10-22,372163.76
1928-10-23,374601.57
1928-10-24,375338.38
1928-10-25,374034.08
1928-10-26,369668.15
1928-10-29,375677.81
1928-10-30,371652.1
1928-10-31,370347.85
1928-11-01,375677.02
1928-11-02,375053.11
1928-11-05,380042.01
1928-11-07,384520.55
1928-11-08,382706.01
1928-11-09,385483.66
1928-11-12,390472.32
1928-11-13,391719.18
1928-11-14,391775.49
1928-11-15,393872.71
1928-11-16,399711.54
1928-11-19,399767.79
1928-11-20,403225.48
1928-11-21,397329.23
1928-11-22,402487.57
1928-11-23,405605.03
1928-11-26,407361.89
1928-11-27,409288.78
1928-11-28,414106.75
1928-11-30,415693.43
1928-12-03,408436.95
1928-12-04,409513.48
1928-12-05,407869.04
1928-12-06,392620.07
1928-12-07,383323.26
1928-12-10,382529.37
1928-12-11,389898.05
1928-12-12,386213.21
1928-12-13,385589.35
1928-12-14,386495.94
1928-12-17,385021.83
1928-12-18,389499.42
1928-12-19,394317.03
1928-12-20,395903.69
1928-12-21,400396.53
1928-12-24,404073.28
1928-12-26,402429.7
1928-12-27,405934.75
1928-12-28,411842.43
1928-12-31,418264.86
1929-01-02,426231.77
1929-01-03,427162.31
1929-01-04,427063.14
1929-01-07,416838.84
1929-01-08,415538.48
1929-01-09,421960.59
1929-01-10,422719.53
1929-01-11,422105.61
1929-01-14,423036.14
1929-01-15,416930.85
1929-01-16,422666.32
1929-01-17,424969.66
1929-01-18,426414.95
1929-01-21,428031.81
1929-01-22,431707.83
1929-01-23,434354.19
1929-01-24,431681.04
1929-01-25,438960.46
1929-01-28,436802.11
1929-01-29,437046.09
1929-01-30,438662.79
1929-01-31,443711.26
1929-02-01,445499.47
1929-02-04,442140.01
1929-02-05,443241.87
1929-02-06,439710.93
1929-02-07,426399.8
1929-02-08,421839.52
1929-02-11,431177.35
1929-02-13,430735.02
1929-02-14,429091.66
1929-02-15,420585.27
1929-02-18,421344.07
1929-02-19,421244.98
1929-02-20,424920.5
1929-02-21,429625.4
1929-02-25,430555.69
1929-02-26,431314.4
1929-02-27,436533.82
1929-02-28,442439.43
1929-03-01,446629.34
1929-03-04,440868.47
1929-03-05,438024.24
1929-03-06,431234.13
1929-03-07,435252.41
1929-03-08,438069.71
1929-03-11,431966.01
1929-03-12,432381.52
1929-03-13,437085.91
1929-03-14,445564.39
1929-03-15,451662.09
1929-03-18,451028.67
1929-03-19,450914.8
1929-03-20,450800.91
1929-03-21,448782.07
1929-03-22,442780.15
1929-03-25,424829.12
1929-03-26,422117.83
1929-03-27,434992.21
1929-03-28,442671.25
1929-04-01,431474.47
1929-04-02,436555.83
1929-04-03,431247.02
1929-04-04,438925.83
1929-04-05,434656.06
1929-04-08,430905.84
1929-04-09,427502
1929-04-10,430158.89
1929-04-11,435066.83
1929-04-12,436684.69
1929-04-15,434146.69
1929-04-16,435245.05
1929-04-17,439806.51
1929-04-18,441770.59
1929-04-19,441483.63
1929-04-22,446564.42
1929-04-23,449221.01
1929-04-24,447548.8
1929-04-25,445530.33
1929-04-26,444723.94
1929-04-29,443917.53
1929-04-30,451075.77
1929-05-01,452000.75
1929-05-02,454137.75
1929-05-03,458698.68
1929-05-06,457892.2
1929-05-07,453622.98
1929-05-08,455586.74
1929-05-09,452875.84
1929-05-10,458475.38
1929-05-13,446415.3
1929-05-14,451841.69
1929-05-15,449996.54
1929-05-16,452306.52
1929-05-17,454443.31
1929-05-20,442383.71
1929-05-21,447809.91
1929-05-22,431595.59
1929-05-23,441176.71
1929-05-24,437946.77
1929-05-27,422079.14
1929-05-28,428890.25
1929-05-29,429469.04
1929-05-31,433163.92
1929-06-03,440840.33
1929-06-04,447304.88
1929-06-05,446498.61
1929-06-06,447423.47
1929-06-07,445578.56
1929-06-10,441137.07
1929-06-11,443966.12
1929-06-12,444371.66
1929-06-13,451182.06
1929-06-14,452799.26
1929-06-17,461167.38
1929-06-18,461399.65
1929-06-19,459727.86
1929-06-20,462383.53
1929-06-21,465039.33
1929-06-24,465104.19
1929-06-25,470060.47
1929-06-26,472920.37
1929-06-27,473858.59
1929-06-28,479164.06
1929-07-01,485517.55
1929-07-02,490648.17
1929-07-03,492809.07
1929-07-05,495319.31
1929-07-08,496257.32
1929-07-09,494749.76
1929-07-10,493416.9
1929-07-11,494529.62
1929-07-12,500009.28
1929-07-15,497977.71
1929-07-16,501535.82
1929-07-17,502823.11
1929-07-18,501839.64
1929-07-19,503650.92
1929-07-22,497951.3
1929-07-23,505002.64
1929-07-24,501748.45
1929-07-25,504083.67
1929-07-26,502226.9
1929-07-29,493907.58
1929-07-30,499561.42
1929-07-31,506263.11
1929-08-01,509820.82
1929-08-02,518268.95
1929-08-05,517984.05
1929-08-06,516127.24
1929-08-07,510952.02
1929-08-08,516954.72
1929-08-09,497982.03
1929-08-12,513590.54
1929-08-13,518195.88
1929-08-14,519832.11
1929-08-15,520769.73
1929-08-16,530439.63
1929-08-19,535394.01
1929-08-20,538601.86
1929-08-21,536395.78
1929-08-22,540651.45
1929-08-23,545954.86
1929-08-26,545669.82
1929-08-27,545384.76
1929-08-28,544401.15
1929-08-29,549704.37
1929-08-30,557103.11
1929-09-03,559088.16
1929-09-04,557405.96
1929-09-05,545246.06
1929-09-06,559455.11
1929-09-09,556725.17
1929-09-10,546835.68
1929-09-11,554408.71
1929-09-12,548186.45
1929-09-13,551917.65
1929-09-16,560363.6
1929-09-17,555887.62
1929-09-18,557348.66
1929-09-19,558285.86
1929-09-20,552331.68
1929-09-23,552222.68
1929-09-24,542084.18
1929-09-25,543031.02
1929-09-26,548024.78
1929-09-27,532959.86
1929-09-30,531091.51
1929-10-01,527991.53
1929-10-02,531929.54
1929-10-03,510003.27
1929-10-04,504792.18
1929-10-07,536353.57
1929-10-08,534661.2
1929-10-09,533496.7
1929-10-10,543064.58
1929-10-11,542251.95
1929-10-14,538624.31
1929-10-15,534292.97
1929-10-16,515710.92
1929-10-17,523695.2
1929-10-18,508808.08
1929-10-21,489346.99
1929-10-22,498914.65
1929-10-23,469601.94
1929-10-24,454715.69
1929-10-25,461292.63
1929-10-28,401897.75
1929-10-29,361327.61
1929-10-30,406431.93
1929-10-31,426906.74
1929-11-04,404632.9
1929-11-06,364767.63
1929-11-07,378205.63
1929-11-08,374931.49
1929-11-11,351779.19
1929-11-12,331969.55
1929-11-13,313215.69
1929-11-14,341078.14
1929-11-15,359792.97
1929-11-18,356167.33
1929-11-19,366966.01
1929-11-20,377060.9
1929-11-21,383109.89
1929-11-22,381770.89
1929-11-25,377441.61
1929-11-26,366604.13
1929-11-27,371245.82
1929-12-02,371841.8
1929-12-03,384222.78
1929-12-04,391326.76
1929-12-05,388228.84
1929-12-06,398498.69
1929-12-09,397687.34
1929-12-10,400745.56
1929-12-11,397471.77
1929-12-12,376257.67
1929-12-13,385647.81
1929-12-16,379208.34
1929-12-17,383321.86
1929-12-18,380927.74
1929-12-19,370970.86
1929-12-20,358739.88
1929-12-23,360588.12
1929-12-24,362970.17
1929-12-26,371046.37
1929-12-27,370759.17
1929-12-30,372073.44
1929-12-31,382106.75
1930-01-02,377371.02
1930-01-03,378329.34
1930-01-06,383202.23
1930-01-07,379890.07
1930-01-08,379602.83
1930-01-09,385543.19
1930-01-10,384366.26
1930-01-13,383901.04
1930-01-14,384681.32
1930-01-15,386351.24
1930-01-16,383750.93
1930-01-17,380438.97
1930-01-20,383888.11
1930-01-21,385913.83
1930-01-22,386338.24
1930-01-23,390143.07
1930-01-24,393769.94
1930-01-27,396863.01
1930-01-28,394974.44
1930-01-29,399490.76
1930-01-30,401694.15
1930-01-31,407455.73
1930-02-03,406634.56
1930-02-04,411506.49
1930-02-05,416912.05
1930-02-06,412532.75
1930-02-07,410999.96
1930-02-10,413736.89
1930-02-11,417363.26
1930-02-13,418143.19
1930-02-14,418033.6
1930-02-17,416500.86
1930-02-18,416924.96
1930-02-19,413257.5
1930-02-20,405676.46
1930-02-21,410725.84
1930-02-24,406524.83
1930-02-25,406771.11
1930-02-26,414310.82
1930-02-27,413845.51
1930-02-28,417471.55
1930-03-03,418962.92
1930-03-04,422233.11
1930-03-05,419099.51
1930-03-06,423259.05
1930-03-07,423327.32
1930-03-10,424818.6
1930-03-11,425776.25
1930-03-12,421219.76
1930-03-13,423778.27
1930-03-14,421178.46
1930-03-17,425159.91
1930-03-18,429319.14
1930-03-19,431699.62
1930-03-20,433724.35
1930-03-21,436461.13
1930-03-24,436349.2
1930-03-25,435877.86
1930-03-26,442593.92
1930-03-27,441763.18
1930-03-28,446861.96
1930-03-31,452140.36
1930-04-01,456340.62
1930-04-02,451736.57
1930-04-03,452702.55
1930-04-04,459597.81
1930-04-07,460743.39
1930-04-08,458295.49
1930-04-09,465729.59
1930-04-10,466695.42
1930-04-11,465325.58
1930-04-14,463416.75
1930-04-15,463663.96
1930-04-16,460497.52
1930-04-17,463978.67
1930-04-21,455781.72
1930-04-22,459622.18
1930-04-23,460588.03
1930-04-24,457062.41
1930-04-25,456591.02
1930-04-28,446597.9
1930-04-29,446126.59
1930-04-30,449248.32
1930-05-01,438536.86
1930-05-02,425490.1
1930-05-05,414958.63
1930-05-06,429039
1930-05-07,421022.7
1930-05-08,422707.33
1930-05-09,427984.82
1930-05-12,435238.24
1930-05-13,441234.08
1930-05-14,443996.34
1930-05-15,436878.5
1930-05-16,438922.21
1930-05-19,429469.23
1930-05-20,431512.97
1930-05-21,429425.15
1930-05-22,430391.05
1930-05-23,434769.92
1930-05-26,438430.2
1930-05-27,438677.52
1930-05-28,441259.97
1930-05-29,443303.51
1930-06-02,441754.55
1930-06-03,437870.54
1930-06-04,439914.05
1930-06-05,433156.21
1930-06-06,426218.85
1930-06-09,405810.39
1930-06-10,417194.03
1930-06-11,402713.19
1930-06-12,401523.85
1930-06-13,403926.76
1930-06-16,373461.13
1930-06-17,373888.53
1930-06-18,361025.04
1930-06-19,377796.58
1930-06-20,368031.97
1930-06-23,365193.11
1930-06-24,352540.19
1930-06-25,355335.47
1930-06-26,363764.68
1930-06-27,360380.73
1930-06-30,372262.79
1930-07-01,368333.61
1930-07-02,372400.84
1930-07-03,368653.47
1930-07-07,361089.79
1930-07-08,363703.12
1930-07-09,369042.36
1930-07-10,378379.54
1930-07-11,374450.53
1930-07-14,389239.29
1930-07-15,388581.27
1930-07-16,391557.73
1930-07-17,393443.81
1930-07-18,396965.33
1930-07-21,381951.52
1930-07-22,388925.72
1930-07-23,395172.95
1930-07-24,390153.78
1930-07-25,392403.2
1930-07-28,398286.82
1930-07-29,395266.57
1930-07-30,384978.03
1930-07-31,387409.15
1930-08-01,385660.97
1930-08-04,393179.76
1930-08-05,393248.62
1930-08-06,387139.58
1930-08-07,385028.08
1930-08-08,370742.74
1930-08-11,373173.82
1930-08-12,363794.6
1930-08-13,368769.44
1930-08-14,369020.18
1930-08-15,378900.59
1930-08-18,376062.47
1930-08-19,379765.24
1930-08-20,381832.77
1930-08-21,378086.29
1930-08-22,380880.52
1930-08-25,378950.94
1930-08-26,384470.39
1930-08-27,387446.2
1930-08-28,387333.42
1930-08-29,391762.61
1930-09-02,392013.13
1930-09-03,388266.77
1930-09-04,385610.52
1930-09-05,391492.97
1930-09-08,396830.31
1930-09-09,399260.85
1930-09-10,401146.34
1930-09-11,398671.77
1930-09-12,394743.9
1930-09-15,389181.11
1930-09-16,389794.98
1930-09-17,391135.49
1930-09-18,387026.13
1930-09-19,380091.29
1930-09-22,370788.63
1930-09-23,375822.13
1930-09-24,369827.94
1930-09-25,362914.87
1930-09-26,357472.22
1930-09-29,347067.35
1930-09-30,342176.29
1930-10-01,357501.85
1930-10-02,353162.14
1930-10-03,357644.11
1930-10-06,342828.85
1930-10-07,343083.86
1930-10-08,339111.92
1930-10-09,325767.37
1930-10-10,333924.94
1930-10-14,330320.73
1930-10-15,335721.52
1930-10-16,329912.09
1930-10-17,316751.86
1930-10-20,324357.88
1930-10-21,314873.28
1930-10-22,312188.2
1930-10-23,316670.06
1930-10-24,327767.35
1930-10-27,328573.75
1930-10-28,330115.17
1930-10-29,324489.93
1930-10-30,320702.37
1930-10-31,313423.44
1930-11-03,316986.29
1930-11-05,307686.22
1930-11-06,308308.99
1930-11-07,298090.37
1930-11-10,288055.65
1930-11-11,292721.02
1930-11-12,299223.79
1930-11-13,307012.7
1930-11-14,313147.78
1930-11-17,305685.74
1930-11-18,309064.6
1930-11-19,315567.02
1930-11-20,314352.28
1930-11-21,319200.92
1930-11-24,316516.28
1930-11-25,312912.99
1930-11-26,308574.82
1930-11-28,304420.44
1930-12-01,312208.67
1930-12-02,315219.8
1930-12-03,309963.08
1930-12-04,305441.36
1930-12-05,305696.59
1930-12-08,297316.74
1930-12-09,297572.04
1930-12-10,293050.54
1930-12-11,289815.16
1930-12-12,287682.16
1930-12-15,278751.63
1930-12-16,269637.52
1930-12-17,282018.17
1930-12-18,284110.68
1930-12-19,287356.38
1930-12-22,277895.49
1930-12-23,279450.91
1930-12-24,283246.88
1930-12-26,277520.49
1930-12-29,275154.97
1930-12-30,281564.81
1930-12-31,286854.31
1931-01-02,296437.97
1931-01-05,297993.16
1931-01-06,301788.78
1931-01-07,301103.48
1931-01-08,303778.84
1931-01-09,300853.15
1931-01-12,296620.62
1931-01-13,293134.97
1931-01-14,296557.07
1931-01-15,289710.97
1931-01-16,293319.75
1931-01-19,289834.21
1931-01-20,295869.9
1931-01-21,295931.47
1931-01-22,301406.96
1931-01-23,308002.47
1931-01-26,307690.59
1931-01-27,306258.62
1931-01-28,300719.64
1931-01-29,303581.37
1931-01-30,304016.25
1931-02-02,303517.69
1931-02-03,305072.61
1931-02-04,306814.18
1931-02-05,304822.24
1931-02-06,305817.09
1931-02-09,318758.82
1931-02-10,323860.27
1931-02-11,324854.95
1931-02-13,323049.64
1931-02-16,326097.64
1931-02-17,320745.75
1931-02-18,323607.06
1931-02-19,327961.6
1931-02-20,333249.39
1931-02-24,341896.94
1931-02-25,338225
1931-02-26,342019.35
1931-02-27,339467.41
1931-03-02,330009.38
1931-03-03,329697.37
1931-03-04,326772.26
1931-03-05,333366.24
1931-03-06,326521.58
1931-03-09,334795.3
1931-03-10,334109.97
1931-03-11,330438.38
1931-03-12,328259.98
1931-03-13,326828.17
1931-03-16,335288.18
1931-03-17,331803.32
1931-03-18,336157.2
1931-03-19,339951.11
1931-03-20,340936.5
1931-03-23,335331.97
1931-03-24,337656.24
1931-03-25,335827.38
1931-03-26,331355.68
1931-03-27,325185.08
1931-03-30,314861.59
1931-03-31,315486.96
1931-04-01,312336.94
1931-04-02,311074.64
1931-04-06,312077.57
1931-04-07,307983.82
1931-04-08,312195.74
1931-04-09,310555.97
1931-04-10,311558.86
1931-04-13,316525.72
1931-04-14,312620.84
1931-04-15,306450.92
1931-04-16,302734.94
1931-04-17,298075.22
1931-04-20,302475.71
1931-04-21,294607.3
1931-04-22,288626.51
1931-04-23,290007
1931-04-24,290066.25
1931-04-27,280121.96
1931-04-28,278482.57
1931-04-29,272879.61
1931-04-30,286528.36
1931-05-01,278283.06
1931-05-04,286080.66
1931-05-05,283875.1
1931-05-06,285255.53
1931-05-07,284182.41
1931-05-08,293489.6
1931-05-11,288830.52
1931-05-12,286058.82
1931-05-13,285174.43
1931-05-14,279005.7
1931-05-15,274913.05
1931-05-18,263648.94
1931-05-19,263519.66
1931-05-20,262069.33
1931-05-21,264770.85
1931-05-22,265773.87
1931-05-25,255642.55
1931-05-26,255890.76
1931-05-27,253119.53
1931-05-28,254122.59
1931-05-29,248709.47
1931-06-01,237068.99
1931-06-02,233354.45
1931-06-03,250775.16
1931-06-04,258949.04
1931-06-05,256177.94
1931-06-08,259256.67
1931-06-09,255164.69
1931-06-10,262017.38
1931-06-11,262642.92
1931-06-12,263079.76
1931-06-15,260874.85
1931-06-16,261500.37
1931-06-17,258729.4
1931-06-18,254260.26
1931-06-19,253360.8
1931-06-22,280060.55
1931-06-23,276287.83
1931-06-24,289380.12
1931-06-25,287523.86
1931-06-26,294483.25
1931-06-29,289560.7
1931-06-30,284638.2
1931-07-01,289297.77
1931-07-02,286866.67
1931-07-03,293059.25
1931-07-06,290053.25
1931-07-07,278807.04
1931-07-08,276184.46
1931-07-09,278544.31
1931-07-10,281287.38
1931-07-13,273682.5
1931-07-14,271060.02
1931-07-15,265563.2
1931-07-16,272138.78
1931-07-17,274690.19
1931-07-20,278391.27
1931-07-21,281517.44
1931-07-22,275062.67
1931-07-23,275122.96
1931-07-24,269243.17
1931-07-27,270453.18
1931-07-28,273387.7
1931-07-29,265017.12
1931-07-30,266227.14
1931-07-31,264946.22
1931-08-03,268838.73
1931-08-04,267174.61
1931-08-05,263402.87
1931-08-06,261738.83
1931-08-07,262948.81
1931-08-10,261859.6
1931-08-11,270350.28
1931-08-12,266770.27
1931-08-13,271045.7
1931-08-14,276279.04
1931-08-17,271741.11
1931-08-18,272759.37
1931-08-19,273586.03
1931-08-20,274221.07
1931-08-21,268342.18
1931-08-24,266295.07
1931-08-25,265397.48
1931-08-26,269864.21
1931-08-27,268391.89
1931-08-28,271134.32
1931-08-31,268704.12
1931-09-01,269913.9
1931-09-02,264993.25
1931-09-03,259114.82
1931-09-04,258025.78
1931-09-08,250040.22
1931-09-09,247993.42
1931-09-10,245371.95
1931-09-11,246773.42
1931-09-14,235531.58
1931-09-15,233484.96
1931-09-16,230288.99
1931-09-17,234563.92
1931-09-18,223327.3
1931-09-21,213062.72
1931-09-22,210593.24
1931-09-23,224687.98
1931-09-24,208382.6
1931-09-25,213123.39
1931-09-28,205002.82
1931-09-29,196492.64
1931-09-30,189736.37
1931-10-01,186292.88
1931-10-02,189669.63
1931-10-05,172585.96
1931-10-06,193889.78
1931-10-07,191420.66
1931-10-08,207852.63
1931-10-09,206552.58
1931-10-13,197848.11
1931-10-14,193430.51
1931-10-15,197001.85
1931-10-16,203106.18
1931-10-19,205703.15
1931-10-20,214924.86
1931-10-21,213040.28
1931-10-22,206089.8
1931-10-23,212778.36
1931-10-26,208945.44
1931-10-27,204528.07
1931-10-28,197967.55
1931-10-29,198810.88
1931-10-30,205109.56
1931-11-02,206537.33
1931-11-04,212835.86
1931-11-05,212120.41
1931-11-06,218613.63
1931-11-09,226665.37
1931-11-10,222053.33
1931-11-11,218805.13
1931-11-12,218089.67
1931-11-13,211334.75
1931-11-16,205748.88
1931-11-17,209124.71
1931-11-18,201590.75
1931-11-19,200680.62
1931-11-20,194705.36
1931-11-23,191847.19
1931-11-24,195223.01
1931-11-25,188663.5
1931-11-27,184441.78
1931-11-30,188207.18
1931-12-01,185933.57
1931-12-02,179569.13
1931-12-03,182944.88
1931-12-04,179112.96
1931-12-07,184436.67
1931-12-08,179241.22
1931-12-09,174630.24
1931-12-10,170798.5
1931-12-11,165603.27
1931-12-14,159823.74
1931-12-15,162030.69
1931-12-16,158393.96
1931-12-17,154367.7
1931-12-18,167281.83
1931-12-21,163120.21
1931-12-22,165962.02
1931-12-23,159199.23
1931-12-24,159439.82
1931-12-28,155478.48
1931-12-29,159520.81
1931-12-30,162362.53
1931-12-31,162803.17
1932-01-04,151638.83
1932-01-05,151479.28
1932-01-06,162124.22
1932-01-07,164965.82
1932-01-08,172009.06
1932-01-11,170248.75
1932-01-12,168488.47
1932-01-13,176731.98
1932-01-14,178773.07
1932-01-15,179213.55
1932-01-18,171050.98
1932-01-19,170491.17
1932-01-20,173532.59
1932-01-21,172572.64
1932-01-22,165210.64
1932-01-25,165051.03
1932-01-26,167292.14
1932-01-27,164131.6
1932-01-28,161771.35
1932-01-29,160011.29
1932-02-01,165853.39
1932-02-02,162292.85
1932-02-03,163133.51
1932-02-04,162173.7
1932-02-05,157012.87
1932-02-08,153852.59
1932-02-09,152092.7
1932-02-10,151533.09
1932-02-11,163976.34
1932-02-15,171618.39
1932-02-16,178460.17
1932-02-17,171299.08
1932-02-18,175940.34
1932-02-19,176180.73
1932-02-23,166219.33
1932-02-24,170460.45
1932-02-25,168900.59
1932-02-26,168740.97
1932-02-29,167781.23
1932-03-01,169021.8
1932-03-02,176263.14
1932-03-03,176303.49
1932-03-04,176543.86
1932-03-07,178584.41
1932-03-08,181825.06
1932-03-09,178465.05
1932-03-10,176905.24
1932-03-11,172745.26
1932-03-14,168585.36
1932-03-15,168625.76
1932-03-16,164665.95
1932-03-17,168106.54
1932-03-18,162863.69
1932-03-21,163715.69
1932-03-22,163552.33
1932-03-23,161358.29
1932-03-24,159773.48
1932-03-28,154330.44
1932-03-29,154167.16
1932-03-30,157455.95
1932-03-31,148764.07
1932-04-01,146164.11
1932-04-04,143767.25
1932-04-05,137106.25
1932-04-06,133085.06
1932-04-07,131703.62
1932-04-08,128291.69
1932-04-11,123864.57
1932-04-12,123701.53
1932-04-13,122117.17
1932-04-14,127639.42
1932-04-15,131131.14
1932-04-18,125079.81
1932-04-19,123292.44
1932-04-20,123332.45
1932-04-21,127636.26
1932-04-22,121991.22
1932-04-25,123452.49
1932-04-26,125319.8
1932-04-27,128405.27
1932-04-28,123572.51
1932-04-29,119551.94
1932-05-02,117764.73
1932-05-03,116180.57
1932-05-04,117844.83
1932-05-05,116666.74
1932-05-06,125030.66
1932-05-09,122431.4
1932-05-10,123486.51
1932-05-11,123323.49
1932-05-12,119303.2
1932-05-13,115282.96
1932-05-16,115526.04
1932-05-17,115160.08
1932-05-18,112358.02
1932-05-19,113007.13
1932-05-20,113047.21
1932-05-23,112072.28
1932-05-24,107646.3
1932-05-25,104032.4
1932-05-26,105696.55
1932-05-27,100052.74
1932-05-31,92785.04
1932-06-01,91404.3
1932-06-02,96316.39
1932-06-03,101431.39
1932-06-06,105125.39
1932-06-07,100699.77
1932-06-08,95056.29
1932-06-09,95096.5
1932-06-10,102241.16
1932-06-13,100251.49
1932-06-14,102727.44
1932-06-15,106421.22
1932-06-16,106461.35
1932-06-17,100490.41
1932-06-20,101779.93
1932-06-21,99324.48
1932-06-22,99365.68
1932-06-23,100031.03
1932-06-24,95911.25
1932-06-27,92623.73
1932-06-28,92664.98
1932-06-29,94162.54
1932-06-30,92539.44
1932-07-01,96117.37
1932-07-05,94078.21
1932-07-06,96199.82
1932-07-07,93120.5
1932-07-08,92329.6
1932-07-11,96323.48
1932-07-12,96364.69
1932-07-13,100982.57
1932-07-14,100399.66
1932-07-15,103353.23
1932-07-18,100690.06
1932-07-19,100315.2
1932-07-20,103476.72
1932-07-21,106014.13
1932-07-22,109175.56
1932-07-25,115041.17
1932-07-26,113418.12
1932-07-27,119075.6
1932-07-28,122860.87
1932-07-29,126646.08
1932-08-01,128351.14
1932-08-02,123399.91
1932-08-03,134257.26
1932-08-04,137002.26
1932-08-05,142867.28
1932-08-08,156012.28
1932-08-09,155221.04
1932-08-10,160669.79
1932-08-11,159878.52
1932-08-12,147231.5
1932-08-15,156424.08
1932-08-16,161456.68
1932-08-17,157961.55
1932-08-18,159874.2
1932-08-19,158459.02
1932-08-22,168275.15
1932-08-23,171435.6
1932-08-24,175219.96
1932-08-25,173804.69
1932-08-26,176549.07
1932-08-29,180541.29
1932-08-30,178294.11
1932-08-31,176670.9
1932-09-01,178375.3
1932-09-02,186110.89
1932-09-06,187607.23
1932-09-07,195966.55
1932-09-08,188936.08
1932-09-09,184401.32
1932-09-12,171963.97
1932-09-13,164725.88
1932-09-14,155408.29
1932-09-15,161895.82
1932-09-16,160035.06
1932-09-19,155214.84
1932-09-20,161176.34
1932-09-21,180244.78
1932-09-22,174790.3
1932-09-23,177791.92
1932-09-26,170223.54
1932-09-27,172168.16
1932-09-28,177072.29
1932-09-29,171618.03
1932-09-30,171237.28
1932-10-03,170856.54
1932-10-04,170687.19
1932-10-05,156777.61
1932-10-06,157665.29
1932-10-07,149040.65
1932-10-10,136399.87
1932-10-11,146165.7
1932-10-13,141768.94
1932-10-14,151534.59
1932-10-17,148828.87
1932-10-18,151618.94
1932-10-19,157368.21
1932-10-20,153817.01
1932-10-21,145192.98
1932-10-24,145446.57
1932-10-25,144009.23
1932-10-26,146799.22
1932-10-27,148109.61
1932-10-28,151110.89
1932-10-31,148405.38
1932-11-01,144220.4
1932-11-02,139190.04
1932-11-03,138386.88
1932-11-04,146883.33
1932-11-07,154534.24
1932-11-09,147813.15
1932-11-10,158845.54
1932-11-11,163960.02
1932-11-14,158718.43
1932-11-15,158760.54
1932-11-16,153941.76
1932-11-17,152927.21
1932-11-18,152546.69
1932-11-21,154068.22
1932-11-22,153476.36
1932-11-23,146755.78
1932-11-25,145318.64
1932-11-28,145783.53
1932-11-29,145403.08
1932-11-30,140584.72
1932-12-01,144430.87
1932-12-02,138978.61
1932-12-05,140500.14
1932-12-06,147516.04
1932-12-07,147980.88
1932-12-08,148023.07
1932-12-09,152080.31
1932-12-12,151911.16
1932-12-13,150262.8
1932-12-14,153052.05
1932-12-15,151615.02
1932-12-16,150585.94
1932-12-19,149984.09
1932-12-20,146800.79
1932-12-21,146414.09
1932-12-22,141509.94
1932-12-23,141553.52
1932-12-27,142457.58
1932-12-28,142286.04
1932-12-29,145556.29
1932-12-30,149256.71
1933-01-03,147364.25
1933-01-04,154291.2
1933-01-05,153689.37
1933-01-06,156099
1933-01-09,153991.45
1933-01-10,158552.04
1933-01-11,158165.29
1933-01-12,156272.87
1933-01-13,156746.54
1933-01-16,152703.23
1933-01-17,153176.92
1933-01-18,150424.23
1933-01-19,151113.01
1933-01-20,152877.21
1933-01-23,152275.44
1933-01-24,151243.51
1933-01-25,153868.01
1933-01-26,152836.08
1933-01-27,152664.5
1933-01-30,151417.54
1933-01-31,150600.73
1933-02-01,144837.24
1933-02-02,142299.92
1933-02-03,141913.35
1933-02-06,140881.59
1933-02-07,142215.58
1933-02-08,143979.68
1933-02-09,147034.13
1933-02-10,144927.04
1933-02-14,137658.49
1933-02-15,136841.86
1933-02-16,133659.59
1933-02-17,135853.78
1933-02-20,130951.14
1933-02-21,130134.57
1933-02-23,124156.78
1933-02-24,128931.58
1933-02-27,121018.45
1933-02-28,123857.78
1933-03-01,126266.97
1933-03-02,123730.14
1933-03-03,127859.63
1933-03-15,148762.2
1933-03-16,151386.18
1933-03-17,144868.03
1933-03-20,142065.16
1933-03-21,135547.8
1933-03-22,133837.55
1933-03-23,136715.79
1933-03-24,136753.53
1933-03-27,133295.35
1933-03-28,135955.03
1933-03-29,132933.88
1933-03-30,132534.67
1933-03-31,128202.65
1933-04-03,128677.43
1933-04-04,129370.68
1933-04-05,130500.9
1933-04-06,132723.5
1933-04-07,134290.63
1933-04-10,143504.5
1933-04-11,142886.75
1933-04-12,140739.68
1933-04-13,146457.71
1933-04-17,143436.75
1933-04-18,146314.56
1933-04-19,156838.76
1933-04-20,171732.15
1933-04-21,163467.9
1933-04-24,173773.28
1933-04-25,169659.94
1933-04-26,170789.74
1933-04-27,169298
1933-04-28,172175.44
1933-05-01,185320.3
1933-05-02,186013.03
1933-05-03,184958.12
1933-05-04,190238.34
1933-05-05,192241.72
1933-05-08,183541.1
1933-05-09,184889.15
1933-05-10,194101.22
1933-05-11,199599.61
1933-05-12,198763.11
1933-05-15,191154.96
1933-05-16,194905.75
1933-05-17,196908.98
1933-05-18,195854.09
1933-05-19,194362.34
1933-05-22,190467.85
1933-05-23,197494.94
1933-05-24,201682.37
1933-05-25,200190.62
1933-05-26,205906.94
1933-05-29,215554.8
1933-05-31,212534.03
1933-06-01,214755.39
1933-06-02,223310.88
1933-06-05,222037.44
1933-06-06,221419.29
1933-06-07,225387.84
1933-06-08,227390.62
1933-06-09,229611.77
1933-06-12,240132.46
1933-06-13,233180.35
1933-06-14,231033.3
1933-06-15,215126.78
1933-06-16,216698.9
1933-06-19,235954.42
1933-06-20,232457.52
1933-06-21,233820.32
1933-06-22,225905.67
1933-06-23,233453.41
1933-06-26,240338.35
1933-06-27,242805.49
1933-06-28,239750.46
1933-06-29,237579.02
1933-06-30,241371.42
1933-07-03,257091.24
1933-07-05,255582.35
1933-07-06,262245.91
1933-07-07,264712.75
1933-07-10,262541.22
1933-07-11,259265.36
1933-07-12,262836.51
1933-07-13,265745.01
1933-07-14,262469.21
1933-07-17,266040.26
1933-07-18,270273.84
1933-07-19,257059.32
1933-07-20,234348.03
1933-07-21,214066.53
1933-07-24,232876.86
1933-07-25,228938.91
1933-07-26,234939.4
1933-07-27,236964.49
1933-07-28,231480.66
1933-07-31,220917.41
1933-08-01,227580.33
1933-08-02,232918.07
1933-08-03,230084.53
1933-08-04,225042.63
1933-08-07,223313.42
1933-08-08,230859.4
1933-08-09,240171.98
1933-08-10,236234.35
1933-08-11,235388.43
1933-08-14,232555.05
1933-08-15,233034.13
1933-08-16,226888.37
1933-08-17,239292.13
1933-08-18,235354.67
1933-08-21,239146.09
1933-08-22,242937.45
1933-08-23,239883.33
1933-08-24,242128.88
1933-08-25,250998.9
1933-08-28,250594.58
1933-08-29,249306.99
1933-08-30,247136.18
1933-08-31,246952.69
1933-09-01,250081.33
1933-09-05,241507.18
1933-09-06,241765.34
1933-09-07,238490.65
1933-09-08,237644.83
1933-09-11,248059.83
1933-09-12,246551.56
1933-09-13,247692.87
1933-09-14,248171.78
1933-09-15,241281.23
1933-09-18,245333.56
1933-09-19,246263.91
1933-09-20,238497.55
1933-09-21,223818.6
1933-09-22,228985.88
1933-09-25,226794.5
1933-09-26,224826.13
1933-09-27,215499.35
1933-09-28,218659.69
1933-09-29,217137.39
1933-10-02,214946.18
1933-10-03,216099.66
1933-10-04,229962.72
1933-10-05,227102.55
1933-10-06,224688.36
1933-10-09,230747.09
1933-10-10,228778.85
1933-10-11,229040.31
1933-10-13,220383.15
1933-10-16,206152.03
1933-10-17,212879.54
1933-10-18,203107.9
1933-10-19,192890.5
1933-10-20,198503.18
1933-10-23,202109.18
1933-10-24,210174.19
1933-10-25,215786.63
1933-10-26,211589.16
1933-10-27,213857.26
1933-10-30,202748.52
1933-10-31,201003.63
1933-11-01,204609.41
1933-11-02,206877.49
1933-11-03,214050.24
1933-11-06,212082.39
1933-11-08,219923.78
1933-11-09,221522.89
1933-11-10,218217.42
1933-11-13,220262.37
1933-11-14,217625.76
1933-11-15,215212.12
1933-11-16,225282.42
1933-11-17,222868.75
1933-11-20,229817.91
1933-11-21,226958.41
1933-11-22,225882.3
1933-11-23,221908.28
1933-11-24,225067.65
1933-11-27,217972.87
1933-11-28,218234.34
1933-11-29,222285.32
1933-12-01,222992.57
1933-12-04,222808.2
1933-12-05,229533.92
1933-12-06,228012.07
1933-12-07,229610.89
1933-12-08,227420.35
1933-12-11,232139.75
1933-12-12,231732.39
1933-12-13,229541.88
1933-12-14,230471.93
1933-12-15,226891.78
1933-12-18,220172.88
1933-12-19,219762.84
1933-12-20,215747.85
1933-12-21,215337.85
1933-12-22,222363.01
1933-12-26,216095.01
1933-12-27,219064.58
1933-12-28,225413.67
1933-12-29,225003.62
1934-01-02,228198.37
1934-01-03,225084.72
1934-01-04,224449.4
1934-01-05,221561.13
1934-01-08,220475.25
1934-01-09,222994.04
1934-01-10,229117.41
1934-01-11,230284.38
1934-01-12,227621.45
1934-01-15,240503.19
1934-01-16,241670.03
1934-01-17,241034.61
1934-01-18,240399.19
1934-01-19,247197.95
1934-01-22,246787.79
1934-01-23,249982.02
1934-01-24,251599.28
1934-01-25,251639.63
1934-01-26,249427.3
1934-01-29,253297.22
1934-01-30,256491.29
1934-01-31,252927.38
1934-02-01,259500.33
1934-02-02,259315.36
1934-02-05,267464.96
1934-02-06,267730.44
1934-02-07,259436.2
1934-02-08,260602.75
1934-02-09,253434.96
1934-02-13,254376.28
1934-02-14,255993.36
1934-02-15,260989.12
1934-02-16,261705.12
1934-02-19,257691.01
1934-02-20,258632.27
1934-02-21,259348.29
1934-02-23,252631.43
1934-02-26,242761.34
1934-02-27,245504.56
1934-02-28,244418.79
1934-03-01,243558.26
1934-03-02,251481.73
1934-03-05,250170.69
1934-03-06,247283.1
1934-03-07,241017.18
1934-03-08,245562.06
1934-03-09,244025.89
1934-03-12,249246.36
1934-03-13,249286.72
1934-03-14,249552.29
1934-03-15,245538.77
1934-03-16,246246.4
1934-03-19,237865.21
1934-03-20,242683.96
1934-03-21,237944.24
1934-03-22,242307.75
1934-03-23,239843.89
1934-03-26,243979.74
1934-03-27,237419.55
1934-03-28,238141.79
1934-03-29,242049.99
1934-04-02,245275.44
1934-04-03,247135.42
1934-04-04,247857.55
1934-04-05,248579.67
1934-04-06,249756.92
1934-04-09,247975.85
1934-04-10,251656.22
1934-04-11,251468.07
1934-04-12,250824.82
1934-04-13,249954
1934-04-16,246125.04
1934-04-17,248667.54
1934-04-18,251892.64
1934-04-19,252387.12
1934-04-20,254929.52
1934-04-23,253376.11
1934-04-24,251367.62
1934-04-25,250041.8
1934-04-26,246668.12
1934-04-27,246935.1
1934-04-30,239238.34
1934-05-01,239277.84
1934-05-02,234539.16
1934-05-03,235488.8
1934-05-04,236210.91
1934-05-07,224646.58
1934-05-08,230146.76
1934-05-09,226318.44
1934-05-10,221125.02
1934-05-11,218889.45
1934-05-14,216653.91
1934-05-15,220788.85
1934-05-16,219235.87
1934-05-17,219958.05
1934-05-18,225912.97
1934-05-21,226407.56
1934-05-22,221441.97
1934-05-23,219434.05
1934-05-24,220156.2
1934-05-25,222698.36
1934-05-28,225695.46
1934-05-29,224825.05
1934-05-31,220769.69
1934-06-01,215576.92
1934-06-04,218119.02
1934-06-05,223390.97
1934-06-06,223885.56
1934-06-07,223242.68
1934-06-08,233746.68
1934-06-11,231966.31
1934-06-12,234508.17
1934-06-13,234547.69
1934-06-14,231175
1934-06-15,235343.19
1934-06-18,238600.77
1934-06-19,234496.7
1934-06-20,232003.03
1934-06-21,229739.46
1934-06-22,224715.37
1934-06-25,224062.18
1934-06-26,229390.08
1934-06-27,228736.87
1934-06-28,229923.96
1934-06-29,226050.24
1934-07-02,223326.76
1934-07-03,222673.6
1934-07-05,226391.04
1934-07-06,228498.24
1934-07-09,227845.07
1934-07-10,229262.14
1934-07-11,230449.17
1934-07-12,228645.89
1934-07-13,229142.85
1934-07-16,224349.34
1934-07-17,223466.21
1934-07-18,227183.41
1934-07-19,224920.18
1934-07-20,218746.8
1934-07-23,210043.38
1934-07-24,207780.33
1934-07-25,209657.46
1934-07-26,193364.15
1934-07-27,198921.39
1934-07-30,200568.52
1934-07-31,200835.64
1934-08-01,207082.7
1934-08-02,208499.75
1934-08-03,206006.85
1934-08-06,201674.06
1934-08-07,201251.18
1934-08-08,204508.15
1934-08-09,211444.87
1934-08-10,206882.18
1934-08-13,212438.86
1934-08-14,210866
1934-08-15,209523.15
1934-08-16,211170.06
1934-08-17,210057.2
1934-08-20,208024.45
1934-08-21,213120.94
1934-08-22,217987.37
1934-08-23,216874.51
1934-08-24,220820.96
1934-08-27,217868.33
1934-08-28,216755.49
1934-08-29,214952.77
1934-08-30,212690.15
1934-08-31,212497.21
1934-09-04,210464.61
1934-09-05,213951
1934-09-06,209618.84
1934-09-07,207356.34
1934-09-10,202334.48
1934-09-11,202831.48
1934-09-12,203558.42
1934-09-13,202905.66
1934-09-14,197194.13
1934-09-17,196771.37
1934-09-18,198418.09
1934-09-19,203513.88
1934-09-20,204240.78
1934-09-21,208465.49
1934-09-24,207342.99
1934-09-25,213208.13
1934-09-26,211852.68
1934-09-27,213991.02
1934-09-28,211703.94
1934-10-01,205923.18
1934-10-02,206664.04
1934-10-03,206007.44
1934-10-04,205816.65
1934-10-05,210051.11
1934-10-08,208229.97
1934-10-09,206175.95
1934-10-10,211807.71
1934-10-11,214644.58
1934-10-15,210261.57
1934-10-16,212399.73
1934-10-17,212907.59
1934-10-18,212018.08
1934-10-19,211128.61
1934-10-22,210937.79
1934-10-23,210281.22
1934-10-24,213816.6
1934-10-25,208968.1
1934-10-26,205982.73
1934-10-29,205093.33
1934-10-30,205834.1
1934-10-31,206341.97
1934-11-01,205452.58
1934-11-02,207823.44
1934-11-05,211358.62
1934-11-07,215359.49
1934-11-08,213771.45
1934-11-09,218005.1
1934-11-13,216417.06
1934-11-14,215760.5
1934-11-15,216733.98
1934-11-16,215378.86
1934-11-19,213558.04
1934-11-20,214531.52
1934-11-21,213642.15
1934-11-22,214615.61
1934-11-23,217684.72
1934-11-26,223547.98
1934-11-27,221494.33
1934-11-28,224097.63
1934-11-30,224139.61
1934-12-03,221154.64
1934-12-04,222826.52
1934-12-05,224731.22
1934-12-06,224307.5
1934-12-07,222486.81
1934-12-10,220200.46
1934-12-11,215818.68
1934-12-12,216093.54
1934-12-13,214971.44
1934-12-14,214547.83
1934-12-17,215986.83
1934-12-18,215796.04
1934-12-19,212811.41
1934-12-20,212620.65
1934-12-21,213123.66
1934-12-24,214820.58
1934-12-26,213688.41
1934-12-27,213970.8
1934-12-28,222032.94
1934-12-31,224201.24
1935-01-02,224483.52
1935-01-03,225001.53
1935-01-04,224576.59
1935-01-07,226273.3
1935-01-08,223726.67
1935-01-09,223537.46
1935-01-10,223112.52
1935-01-11,218680.11
1935-01-14,216840.82
1935-01-15,211937.05
1935-01-16,215283.89
1935-01-17,216273.4
1935-01-18,217262.91
1935-01-21,219666.74
1935-01-22,217827.52
1935-01-23,217874.1
1935-01-24,217449.25
1935-01-25,218674.42
1935-01-28,214949.54
1935-01-29,212874.73
1935-01-30,214099.9
1935-01-31,215796.47
1935-02-01,214664.52
1935-02-04,213296.89
1935-02-05,210986.44
1935-02-06,209147.44
1935-02-07,210843.99
1935-02-08,214426.12
1935-02-11,214237.03
1935-02-13,214047.95
1935-02-14,214094.56
1935-02-15,215319.63
1935-02-18,221965.55
1935-02-19,218476.75
1935-02-20,214988.01
1935-02-21,214798.92
1935-02-25,210603.21
1935-02-26,208528.7
1935-02-27,209282.39
1935-02-28,208150.64
1935-03-01,209375.66
1935-03-04,207772.57
1935-03-05,201927.4
1935-03-06,201502.74
1935-03-07,204141.81
1935-03-08,203717.16
1935-03-11,198579.18
1935-03-12,194855.26
1935-03-13,195609
1935-03-14,192592.15
1935-03-15,196691.14
1935-03-18,194575.28
1935-03-19,197478.27
1935-03-20,197274.35
1935-03-21,201372.23
1935-03-22,204514.09
1935-03-25,201442.33
1935-03-26,199804.52
1935-03-27,201990.39
1935-03-28,202264.41
1935-03-29,202299.45
1935-04-01,204485.28
1935-04-02,203564.43
1935-04-03,203121.52
1935-04-04,205307.28
1935-04-05,210360.63
1935-04-08,210395.62
1935-04-09,214254.02
1935-04-10,213333.12
1935-04-11,212173.27
1935-04-12,214597.81
1935-04-15,218933.98
1935-04-16,219446.81
1935-04-17,216136.38
1935-04-18,219277.69
1935-04-22,225764.23
1935-04-23,226515.94
1935-04-24,223683.43
1935-04-25,226585.64
1935-04-26,225664.72
1935-04-29,225460.63
1935-04-30,222867.16
1935-05-01,221707.36
1935-05-02,222698
1935-05-03,226316.88
1935-05-06,226351.73
1935-05-07,225430.86
1935-05-08,231916.78
1935-05-09,232907.31
1935-05-10,234375.68
1935-05-13,235605.09
1935-05-14,235878.79
1935-05-15,236152.5
1935-05-16,241443.48
1935-05-17,240761.48
1935-05-20,237929.25
1935-05-21,240114.23
1935-05-22,242060.26
1935-05-23,242333.89
1935-05-24,241174.1
1935-05-27,241447.75
1935-05-28,237182.21
1935-05-29,233394.54
1935-05-31,230801.44
1935-06-03,232986.34
1935-06-04,238993.56
1935-06-05,238789.41
1935-06-06,237151.91
1935-06-07,238620.03
1935-06-10,241760.34
1935-06-11,244183.95
1935-06-12,242546.46
1935-06-13,244014.49
1935-06-14,246438.02
1935-06-17,246472.73
1935-06-18,247940.68
1935-06-19,246780.99
1935-06-20,244904.69
1935-06-21,250477.96
1935-06-24,252691.64
1935-06-25,249113.94
1935-06-26,246260.21
1935-06-27,245095.62
1935-06-28,247309.28
1935-07-01,248316.4
1935-07-02,248599.63
1935-07-03,250089.32
1935-07-05,253026.75
1935-07-08,256205.42
1935-07-09,255040.83
1935-07-10,257012.99
1935-07-11,254400.69
1935-07-12,256855.41
1935-07-15,256414.71
1935-07-16,256939.13
1935-07-17,258187.38
1935-07-18,257987.95
1935-07-19,256099.59
1935-07-22,260725.64
1935-07-23,260526.19
1935-07-24,262498.17
1935-07-25,259886.02
1935-07-26,261375.45
1935-07-29,267448.89
1935-07-30,265078.02
1935-07-31,268497.48
1935-08-01,267574.2
1935-08-02,265444.65
1935-08-05,271517.81
1935-08-06,271318.29
1935-08-07,271118.76
1935-08-08,272125.5
1935-08-09,278680.96
1935-08-12,281376.35
1935-08-13,283106.73
1935-08-14,283148.38
1935-08-15,280053.88
1935-08-16,282507.95
1935-08-19,277242.37
1935-08-20,278007.78
1935-08-21,280461.8
1935-08-22,281468.4
1935-08-23,280786.38
1935-08-26,278415.77
1935-08-27,270255.74
1935-08-28,269815.02
1935-08-29,271545.33
1935-08-30,273275.62
1935-09-03,272593.68
1935-09-04,276253.67
1935-09-05,278948.74
1935-09-06,283332.27
1935-09-09,286027.26
1935-09-10,288480.99
1935-09-11,289969.84
1935-09-12,286634.53
1935-09-13,287158.56
1935-09-16,285270.53
1935-09-17,285312.16
1935-09-18,287765.78
1935-09-19,282018.62
1935-09-20,274249.12
1935-09-23,277713.82
1935-09-24,281178.45
1935-09-25,282451.04
1935-09-26,282505.82
1935-09-27,281829.94
1935-09-30,282615.39
1935-10-01,279991.13
1935-10-02,270791.12
1935-10-03,274742.72
1935-10-04,277232.99
1935-10-07,281428.03
1935-10-08,279534.49
1935-10-09,281050.53
1935-10-10,286706.65
1935-10-11,287004.93
1935-10-14,290225.6
1935-10-15,292228.56
1935-10-16,291065.61
1935-10-17,289659.15
1935-10-18,288739.77
1935-10-21,298048.41
1935-10-22,299564.21
1935-10-23,301567.01
1935-10-24,301134.58
1935-10-25,304111.42
1935-10-28,304896.59
1935-10-29,304707.67
1935-10-30,302570.67
1935-10-31,305060.38
1935-11-01,308767.59
1935-11-04,309065.67
1935-11-06,314964.32
1935-11-07,313801.34
1935-11-08,316534.36
1935-11-12,313910.38
1935-11-13,317617.36
1935-11-14,323515.74
1935-11-15,324787.66
1935-11-18,325572.58
1935-11-19,330009.83
1935-11-20,325924.95
1935-11-21,329144.7
1935-11-22,322381.55
1935-11-25,323409.93
1935-11-26,318838.25
1935-11-27,321327.51
1935-11-29,317729.83
1935-12-02,313158.31
1935-12-03,321734.4
1935-12-04,324467.04
1935-12-05,323791.07
1935-12-06,323115.11
1935-12-09,327308.48
1935-12-10,321763.22
1935-12-11,323034.99
1935-12-12,318707.16
1935-12-13,315840.13
1935-12-16,313216.59
1935-12-17,317409.85
1935-12-18,316490.52
1935-12-19,315084.32
1935-12-20,317090.54
1935-12-23,319115.18
1935-12-24,322370.74
1935-12-26,323164.37
1935-12-27,322973.28
1935-12-30,327705.8
1935-12-31,330961.17
1936-01-02,330277.67
1936-01-03,334025.32
1936-01-06,330633.89
1936-01-07,335858.54
1936-01-08,337882.89
1936-01-09,337199.35
1936-01-10,339962.15
1936-01-13,338540.13
1936-01-14,340564.39
1936-01-15,338403.91
1936-01-16,339935.84
1936-01-17,339498.49
1936-01-20,333891.87
1936-01-21,332716.11
1936-01-22,339909.5
1936-01-23,343656.71
1936-01-24,342234.76
1936-01-27,345735.74
1936-01-28,346282.94
1936-01-29,349783.85
1936-01-30,348115.74
1936-01-31,353831.81
1936-02-03,357086.44
1936-02-04,356649
1936-02-05,355473.16
1936-02-06,356020.26
1936-02-07,354352.18
1936-02-10,357114.43
1936-02-11,362091.76
1936-02-13,364361.64
1936-02-14,362939.66
1936-02-17,361025.47
1936-02-18,365018.14
1936-02-19,362611.72
1936-02-20,368327.14
1936-02-21,367397.41
1936-02-24,364006.6
1936-02-25,357416.4
1936-02-26,355748.45
1936-02-27,364170.86
1936-02-28,362010.7
1936-03-02,366249.2
1936-03-03,371472.03
1936-03-04,372511.12
1936-03-05,373058.03
1936-03-06,374589.3
1936-03-09,360124.52
1936-03-10,365593.32
1936-03-11,369339.4
1936-03-12,359058.46
1936-03-13,353699.37
1936-03-16,361874.95
1936-03-17,370542.59
1936-03-18,369120.83
1936-03-19,374097.13
1936-03-20,373630.97
1936-03-23,373936.76
1936-03-24,372006.71
1936-03-25,375293.52
1936-03-26,374108.72
1936-03-27,368452.45
1936-03-30,368261.38
1936-03-31,371051.29
1936-04-01,377815.75
1936-04-02,381599.19
1936-04-03,379917.62
1936-04-06,385936.64
1936-04-07,384006.63
1936-04-08,384312.28
1936-04-09,383127.54
1936-04-13,383929.99
1936-04-14,376286.92
1936-04-15,380070.15
1936-04-16,378388.66
1936-04-17,376210.41
1936-04-20,364345.01
1936-04-21,363905.62
1936-04-22,370172.66
1936-04-23,359052.75
1936-04-24,360103.72
1936-04-27,348238.91
1936-04-28,347799.66
1936-04-29,337673.73
1936-04-30,343692.32
1936-05-01,346233.6
1936-05-04,345049.27
1936-05-05,350074.18
1936-05-06,354105.56
1936-05-07,347705.53
1936-05-08,347266.31
1936-05-11,346330.4
1936-05-12,346387.92
1936-05-13,349177.37
1936-05-14,357182.25
1936-05-15,357239.69
1936-05-18,354813.6
1936-05-19,346427.16
1936-05-20,349961.56
1936-05-21,348777.31
1936-05-22,352559.98
1936-05-25,356590.93
1936-05-26,361615.19
1936-05-27,360927.59
1936-05-28,358004.94
1936-05-29,360545.72
1936-06-01,360354.81
1936-06-02,360412.22
1936-06-03,359227.99
1936-06-04,354070.5
1936-06-05,353879.64
1936-06-08,359400.23
1936-06-09,362934.16
1936-06-10,364729.81
1936-06-11,370001.87
1936-06-12,365837.83
1936-06-15,369619.9
1936-06-16,374146.88
1936-06-17,372466
1936-06-18,374261.48
1936-06-19,372039.92
1936-06-22,378126.72
1936-06-23,376436.5
1936-06-24,380516.24
1936-06-25,376568.24
1936-06-26,375379.8
1936-06-29,373940.53
1936-06-30,372752.1
1936-07-01,374323.12
1936-07-02,373887.28
1936-07-03,377465.11
1936-07-06,375524.16
1936-07-07,372328.98
1936-07-08,374401.67
1936-07-09,378982.78
1936-07-10,386072.26
1936-07-13,388646.48
1936-07-14,393227.37
1936-07-15,393543.94
1936-07-16,393358.83
1936-07-17,394177.07
1936-07-20,398506.95
1936-07-21,401080.93
1936-07-22,398638.3
1936-07-23,400208.97
1936-07-24,398769.68
1936-07-27,406861.72
1936-07-28,406174.88
1936-07-29,402227.38
1936-07-30,403797.95
1936-07-31,399599.75
1936-08-03,401170.3
1936-08-04,400232.74
1936-08-05,397790.31
1936-08-06,400364.1
1936-08-07,405696.69
1936-08-10,408771.93
1936-08-11,405827.92
1936-08-12,407899.94
1936-08-13,405959.16
1936-08-14,400758.06
1936-08-17,399068.16
1936-08-18,399384.63
1936-08-19,401707.42
1936-08-20,399515.96
1936-08-21,387293.08
1936-08-24,395634.73
1936-08-25,396202.01
1936-08-26,393258.35
1936-08-27,401850.59
1936-08-28,402668.59
1936-08-31,404489.68
1936-09-01,403552.2
1936-09-02,405122.49
1936-09-03,403683.47
1936-09-04,405504.48
1936-09-08,412340.8
1936-09-09,409397.18
1936-09-10,409212.02
1936-09-11,408023.79
1936-09-14,404328
1936-09-15,403641.36
1936-09-16,399193.41
1936-09-17,402268.1
1936-09-18,406368.72
1936-09-21,409767.92
1936-09-22,411392.56
1936-09-23,409468.14
1936-09-24,410332.24
1936-09-25,403084.43
1936-09-28,409525.46
1936-09-29,407854.63
1936-09-30,406690.8
1936-10-01,407554.88
1936-10-02,415516.64
1936-10-05,420182.94
1936-10-06,424088.72
1936-10-07,425206.15
1936-10-08,427590.97
1936-10-09,429215.31
1936-10-13,431600.05
1936-10-14,429675.68
1936-10-15,429018.69
1936-10-16,433938.1
1936-10-19,436322.72
1936-10-20,435919.2
1936-10-21,437796.86
1936-10-22,434351.76
1936-10-23,435722.49
1936-10-26,424673.66
1936-10-27,431873.94
1936-10-28,432230.84
1936-10-29,438924.07
1936-10-30,439787.8
1936-11-02,438370.46
1936-11-04,445063.49
1936-11-05,448461.61
1936-11-06,445270.12
1936-11-09,451962.95
1936-11-10,450545.59
1936-11-12,445580.09
1936-11-13,440868.12
1936-11-16,445026.43
1936-11-17,451212.13
1936-11-18,448020.8
1936-11-19,442802.1
1936-11-20,438597.16
1936-11-23,432618.33
1936-11-24,440071.01
1936-11-25,437893.58
1936-11-27,444332.42
1936-11-30,442915.25
1936-12-01,439470.73
1936-12-02,434759.2
1936-12-03,437143.28
1936-12-04,436486.4
1936-12-07,434055.69
1936-12-08,435679.52
1936-12-09,437810.13
1936-12-10,442221.34
1936-12-11,440297.44
1936-12-14,444961.97
1936-12-15,445065.27
1936-12-16,444408.38
1936-12-17,441217.57
1936-12-18,437195.01
1936-12-21,428264.6
1936-12-22,433735.93
1936-12-23,438178.48
1936-12-24,439020.63
1936-12-28,436005.28
1936-12-29,437876.08
1936-12-30,444632.93
1936-12-31,442389.11
1937-01-04,436030.75
1937-01-05,439958.75
1937-01-06,440286.55
1937-01-07,450386.13
1937-01-08,450456.69
1937-01-11,452841.59
1937-01-12,453169.29
1937-01-13,454011.26
1937-01-14,455367.5
1937-01-15,457495.14
1937-01-18,457565.66
1937-01-19,454550.5
1937-01-20,460277.98
1937-01-21,463434.07
1937-01-22,461190.36
1937-01-25,458689.55
1937-01-26,452074.72
1937-01-27,455745
1937-01-28,455301.28
1937-01-29,458971.48
1937-02-01,461870.31
1937-02-02,465026.17
1937-02-03,468439.1
1937-02-04,469023.72
1937-02-05,461637.85
1937-02-08,467107.64
1937-02-09,465121.2
1937-02-10,469819.56
1937-02-11,473746.54
1937-02-15,468160.66
1937-02-16,469516.56
1937-02-17,468815.65
1937-02-18,471457.03
1937-02-19,475383.83
1937-02-23,465170.46
1937-02-24,467811.78
1937-02-25,466082.58
1937-02-26,467695.5
1937-03-01,468537.15
1937-03-02,475034.62
1937-03-03,480503.69
1937-03-04,476203.66
1937-03-05,482443.86
1937-03-08,480971.67
1937-03-09,480527.82
1937-03-10,483940.07
1937-03-11,476555.35
1937-03-12,476111.57
1937-03-15,470526.47
1937-03-16,472910.42
1937-03-17,469896.02
1937-03-18,460198.11
1937-03-19,459978.65
1937-03-22,447097.65
1937-03-23,454204.46
1937-03-24,459753.73
1937-03-25,459332.68
1937-03-29,458132.89
1937-03-30,466537.29
1937-03-31,465856.61
1937-04-01,460503.69
1937-04-02,454891.29
1937-04-05,458363.74
1937-04-06,454308.83
1937-04-07,440131.12
1937-04-08,442305.79
1937-04-09,443442.21
1937-04-12,445357.27
1937-04-13,450127.38
1937-04-14,450744.62
1937-04-15,449025.94
1937-04-16,447307.25
1937-04-19,446626.74
1937-04-20,448022.64
1937-04-21,454090.25
1937-04-22,448478.51
1937-04-23,439752.43
1937-04-26,421942.71
1937-04-27,429048.44
1937-04-28,417727.36
1937-04-29,417825.74
1937-04-30,429343.3
1937-05-03,430479.7
1937-05-04,437325.59
1937-05-05,433790.52
1937-05-06,437003.01
1937-05-07,435544.12
1937-05-10,426040.3
1937-05-11,426398.14
1937-05-12,423901.34
1937-05-13,409986.17
1937-05-14,414236.69
1937-05-17,409404.45
1937-05-18,416249.96
1937-05-19,415310.33
1937-05-20,426307.72
1937-05-21,426665.51
1937-05-24,431694.22
1937-05-25,426343.1
1937-05-26,425922.4
1937-05-27,426799.16
1937-05-28,426897.45
1937-06-01,419211.16
1937-06-02,422163.82
1937-06-03,423040.57
1937-06-04,427809.53
1937-06-07,424015.62
1937-06-08,425411.3
1937-06-09,421876.94
1937-06-10,419380.55
1937-06-11,414030.01
1937-06-14,400376.58
1937-06-15,404107.58
1937-06-16,400054.62
1937-06-17,405601.82
1937-06-18,408862.89
1937-06-21,404685.62
1937-06-22,405517
1937-06-23,408984.43
1937-06-24,411924.62
1937-06-25,409329.08
1937-06-28,398825.48
1937-06-29,399393.29
1937-06-30,406287.46
1937-07-01,408173.18
1937-07-02,414276.38
1937-07-06,428814.43
1937-07-07,432017.88
1937-07-08,432848.97
1937-07-09,430780.63
1937-07-12,436619.83
1937-07-13,432969.98
1937-07-14,432483.15
1937-07-15,434632.12
1937-07-16,433618.14
1937-07-19,442092.86
1937-07-20,447404.57
1937-07-21,444281.94
1937-07-22,445640.05
1937-07-23,447525.27
1937-07-26,450728.26
1937-07-27,450241.34
1937-07-28,443428.95
1937-07-29,441887.83
1937-07-30,443245.86
1937-08-02,451192.81
1937-08-03,447543.26
1937-08-04,449955.43
1937-08-05,447096.58
1937-08-06,445555.51
1937-08-09,451393.7
1937-08-10,450643.24
1937-08-11,449892.79
1937-08-12,452304.84
1937-08-13,456825.14
1937-08-16,454229.93
1937-08-17,451634.76
1937-08-18,447458.43
1937-08-19,440910.37
1937-08-20,436470.66
1937-08-23,435720.4
1937-08-24,439186.49
1937-08-25,436064.49
1937-08-26,427672.14
1937-08-27,420597.51
1937-08-30,426962.29
1937-08-31,424894.54
1937-09-01,413603.9
1937-09-02,407056.61
1937-09-03,409732.19
1937-09-07,389482.77
1937-09-08,387415.37
1937-09-09,397205.58
1937-09-10,376429.69
1937-09-13,377524.41
1937-09-14,389422.43
1937-09-15,387618.62
1937-09-16,395037.06
1937-09-17,386562.71
1937-09-20,369969.92
1937-09-21,373806.41
1937-09-22,375520.4
1937-09-23,366356.71
1937-09-24,350825.83
1937-09-27,362356.21
1937-09-28,364866.13
1937-09-29,366845.39
1937-09-30,366171.65
1937-10-01,365232.62
1937-10-04,361905.97
1937-10-05,342396.55
1937-10-06,350742.88
1937-10-07,348212.27
1937-10-08,340110.69
1937-10-11,326172.97
1937-10-13,326030.15
1937-10-14,319785.9
1937-10-15,316459.79
1937-10-18,287932.53
1937-10-19,297074.57
1937-10-20,319214.81
1937-10-21,325703.81
1937-10-22,317072.41
1937-10-25,321439.18
1937-10-26,314664.79
1937-10-27,315317.86
1937-10-28,323132.94
1937-10-29,331213.16
1937-11-01,324173.65
1937-11-03,309441.89
1937-11-04,307972.96
1937-11-05,308095.54
1937-11-08,299199.67
1937-11-09,305422.99
1937-11-10,321725.47
1937-11-12,320521.73
1937-11-15,310565.11
1937-11-16,309361.47
1937-11-17,307096.92
1937-11-18,301119.1
1937-11-19,284001.64
1937-11-22,277228.42
1937-11-23,282125.33
1937-11-24,275352.22
1937-11-26,288736.22
1937-11-29,296550.38
1937-11-30,300651.33
1937-12-01,297060.88
1937-12-02,303018.28
1937-12-03,307119.09
1937-12-06,301672.17
1937-12-07,306833.78
1937-12-08,309608.43
1937-12-09,304161.64
1937-12-10,301366.97
1937-12-13,291942.3
1937-12-14,294451.78
1937-12-15,296696.03
1937-12-16,301326.99
1937-12-17,299343.69
1937-12-20,307843.38
1937-12-21,309811.84
1937-12-22,304432.86
1937-12-23,302863.71
1937-12-24,301294.57
1937-12-27,291289.72
1937-12-28,281012.92
1937-12-29,284069.97
1937-12-30,287943.31
1937-12-31,287734.9
1938-01-03,286982.28
1938-01-04,299835.07
1938-01-05,297993.95
1938-01-06,311662.78
1938-01-07,309005.27
1938-01-10,324034.33
1938-01-11,326274.55
1938-01-12,323344.92
1938-01-13,318782.76
1938-01-14,319662.51
1938-01-17,318909.72
1938-01-18,315708.12
1938-01-19,313050.76
1938-01-20,318828.03
1938-01-21,312905.71
1938-01-24,311880.91
1938-01-25,307047.02
1938-01-26,295411.33
1938-01-27,291393.86
1938-01-28,289008.91
1938-01-31,292881.55
1938-02-01,298386.56
1938-02-02,294369.2
1938-02-03,283550.34
1938-02-04,289055.3
1938-02-07,289663.11
1938-02-08,301153.18
1938-02-09,299040.33
1938-02-10,301008.3
1938-02-11,299983.7
1938-02-14,302495.74
1938-02-15,299022.72
1938-02-16,298542.25
1938-02-17,306223.08
1938-02-18,302750.1
1938-02-21,312607.06
1938-02-23,320831.66
1938-02-24,316270.51
1938-02-25,317966.2
1938-02-28,311772.97
1938-03-01,315100.82
1938-03-02,312172.01
1938-03-03,309243.25
1938-03-04,306314.53
1938-03-07,299577.57
1938-03-08,299641.16
1938-03-09,299976.77
1938-03-10,296776.19
1938-03-11,291671.58
1938-03-14,297175.42
1938-03-15,306215.29
1938-03-16,292950.54
1938-03-17,290566.14
1938-03-18,281240.95
1938-03-21,286572.94
1938-03-22,277829.1
1938-03-23,272397.3
1938-03-24,273313.38
1938-03-25,258498.08
1938-03-28,256378.39
1938-03-29,241563.45
1938-03-30,238615.98
1938-03-31,235392.58
1938-04-01,246796.05
1938-04-04,255991.55
1938-04-05,262703.14
1938-04-06,256995.89
1938-04-07,255152.32
1938-04-08,266831.2
1938-04-11,276026.22
1938-04-12,278873.93
1938-04-13,280341.78
1938-04-14,283189.41
1938-04-18,289072.54
1938-04-19,280881.84
1938-04-20,279590.1
1938-04-21,282437.66
1938-04-22,290528.2
1938-04-25,283993.42
1938-04-26,277182.78
1938-04-27,280582.15
1938-04-28,272115.99
1938-04-29,272480
1938-05-02,267325.27
1938-05-03,274587.7
1938-05-04,279090.7
1938-05-05,278075.01
1938-05-06,290855.76
1938-05-09,296462.25
1938-05-10,291031.65
1938-05-11,292775.11
1938-05-12,291207.52
1938-05-13,286604.85
1938-05-16,281726.3
1938-05-17,283469.8
1938-05-18,285489.19
1938-05-19,282818.07
1938-05-20,278767.44
1938-05-23,276924.12
1938-05-24,272045.89
1938-05-25,267443.64
1938-05-26,260634.24
1938-05-27,260446.5
1938-05-31,260258.75
1938-06-01,268623.73
1938-06-02,267884.15
1938-06-03,264661.58
1938-06-06,273578.08
1938-06-07,272562.59
1938-06-08,273478.31
1938-06-09,279359.86
1938-06-10,275585.56
1938-06-13,267949.06
1938-06-14,271071.77
1938-06-15,272263.34
1938-06-16,274834.23
1938-06-17,272415.11
1938-06-20,287072.3
1938-06-21,294686.54
1938-06-22,302300.65
1938-06-23,310759.77
1938-06-24,314148.1
1938-06-27,317254.7
1938-06-28,316980.84
1938-06-29,330228.46
1938-06-30,325729.08
1938-07-01,335596.11
1938-07-05,337575.64
1938-07-06,342090.35
1938-07-07,340689.58
1938-07-08,335063.56
1938-07-11,330564.33
1938-07-12,339304.18
1938-07-13,336776.75
1938-07-14,333686.01
1938-07-15,338200.51
1938-07-18,348066.72
1938-07-19,357087.75
1938-07-20,353151.95
1938-07-21,353441.2
1938-07-22,353730.42
1938-07-25,360779.53
1938-07-26,355717.18
1938-07-27,345303.43
1938-07-28,351789.13
1938-07-29,347571.92
1938-08-01,345326.32
1938-08-02,349840.32
1938-08-03,346749.81
1938-08-04,349010.6
1938-08-05,356904.18
1938-08-08,358883.2
1938-08-09,356637.62
1938-08-10,352138.99
1938-08-11,343134.28
1938-08-12,336101.14
1938-08-15,336108.84
1938-08-16,340622.57
1938-08-17,341193.48
1938-08-18,340919.53
1938-08-19,347122.88
1938-08-22,346004.02
1938-08-23,353896.92
1938-08-24,353059.66
1938-08-25,355883.35
1938-08-26,352511.58
1938-08-29,334214.59
1938-08-30,339572.84
1938-08-31,340143.71
1938-09-01,336208.95
1938-09-02,345791.06
1938-09-06,344672.28
1938-09-07,350030.25
1938-09-08,346658.72
1938-09-09,339063.36
1938-09-12,340197.37
1938-09-13,320775.51
1938-09-14,318812.22
1938-09-15,329238.63
1938-09-16,322466.37
1938-09-19,324501.09
1938-09-20,335563.65
1938-09-21,337598.26
1938-09-22,331733.59
1938-09-23,320790.94
1938-09-26,311259.01
1938-09-27,310472.66
1938-09-28,324355.92
1938-09-29,336264.24
1938-09-30,345915.54
1938-10-03,353874.1
1938-10-04,352805.34
1938-10-05,363584.69
1938-10-06,362515.89
1938-10-07,363421.75
1938-10-10,365173.87
1938-10-11,363258.79
1938-10-13,374601.82
1938-10-14,372122.54
1938-10-17,369925.38
1938-10-18,375062.35
1938-10-19,368351.95
1938-10-20,374053.01
1938-10-21,375240.79
1938-10-24,379531.37
1938-10-25,380437.02
1938-10-26,375701.31
1938-10-27,377735.23
1938-10-28,372435.46
1938-10-31,373341.16
1938-11-01,371426.24
1938-11-02,372896.03
1938-11-03,374083.73
1938-11-04,373579.1
1938-11-07,380971.9
1938-11-09,391185.11
1938-11-10,388706.03
1938-11-14,381150.19
1938-11-15,378953.28
1938-11-16,368295.18
1938-11-17,372585.3
1938-11-18,364747.76
1938-11-21,365935.45
1938-11-22,362892.63
1938-11-23,363798.29
1938-11-25,364421.9
1938-11-28,351790.26
1938-11-29,353542.03
1938-11-30,362062.32
1938-12-01,358737.63
1938-12-02,355130.99
1938-12-05,352934.47
1938-12-06,355814.22
1938-12-07,357001.87
1938-12-08,352831.35
1938-12-09,350916.94
1938-12-12,354924.65
1938-12-13,358650.3
1938-12-14,366323.9
1938-12-15,367229.41
1938-12-16,367550.39
1938-12-19,361356.5
1938-12-20,360861.11
1938-12-21,358656.23
1938-12-22,361294.95
1938-12-23,365358.19
1938-12-27,363153.31
1938-12-28,366646.68
1938-12-29,374698.52
1938-12-30,375057.77
1939-01-03,373422.69
1939-01-04,377770.58
1939-01-05,373001.61
1939-01-06,373360.87
1939-01-09,365458.17
1939-01-10,366102.36
1939-01-11,359339.38
1939-01-12,356564.98
1939-01-13,352651.07
1939-01-16,361272.11
1939-01-17,364195.39
1939-01-18,363700.05
1939-01-19,366338.36
1939-01-20,364988.37
1939-01-23,341703.16
1939-01-24,343202.1
1939-01-25,341282.58
1939-01-26,330532.22
1939-01-27,340007.43
1939-01-30,348627.9
1939-01-31,352690.49
1939-02-01,347637.56
1939-02-02,355118.35
1939-02-03,352914.02
1939-02-06,357831.02
1939-02-07,353632.73
1939-02-08,358264.78
1939-02-09,353212.01
1939-02-10,354141.03
1939-02-14,355070.02
1939-02-15,355714.17
1939-02-16,358637
1939-02-17,356432.76
1939-02-20,349671.26
1939-02-21,351739.6
1939-02-23,352098.94
1939-02-24,360718.24
1939-02-27,363356.11
1939-02-28,365424.3
1939-03-01,365498.69
1939-03-02,365003.46
1939-03-03,370204.55
1939-03-06,368285.22
1939-03-07,370068.47
1939-03-08,376408.64
1939-03-09,374774.09
1939-03-10,377411.68
1939-03-13,372359.51
1939-03-14,373857.87
1939-03-15,363679.42
1939-03-16,362899.43
1939-03-17,352281.96
1939-03-20,344876.72
1939-03-21,351031.87
1939-03-22,339299.02
1939-03-23,344300.08
1939-03-24,348724.04
1939-03-27,346512.25
1939-03-28,341992.42
1939-03-29,344685.28
1939-03-30,332952.99
1939-03-31,317758.9
1939-04-03,325933.33
1939-04-04,319105.88
1939-04-05,320356.34
1939-04-06,308913.17
1939-04-10,302663
1939-04-11,302182.64
1939-04-12,310356.81
1939-04-13,313049.69
1939-04-14,308530.55
1939-04-17,314396.67
1939-04-18,309589.11
1939-04-19,313435.81
1939-04-20,317282.46
1939-04-21,318532.83
1939-04-24,313436.91
1939-04-25,314110.37
1939-04-26,317379.97
1939-04-27,320937.99
1939-04-28,318149.86
1939-05-01,316227.16
1939-05-02,320361.99
1939-05-03,328823.55
1939-05-04,327766.14
1939-05-05,326708.74
1939-05-08,327382.04
1939-05-09,333247.3
1939-05-10,329305.47
1939-05-11,329401.87
1939-05-12,327190.77
1939-05-15,328440.92
1939-05-16,319595.89
1939-05-17,317673.35
1939-05-18,318346.68
1939-05-19,321327.39
1939-05-22,326615.46
1939-05-23,324981.35
1939-05-24,334307.2
1939-05-25,334980.38
1939-05-26,336230.37
1939-05-29,340941.33
1939-05-31,339595.59
1939-06-01,334500.54
1939-06-02,336327.31
1939-06-05,337288.83
1939-06-06,341711.17
1939-06-07,342095.84
1939-06-08,341326.92
1939-06-09,346037.54
1939-06-12,342096.29
1939-06-13,339885.42
1939-06-14,338539.77
1939-06-15,330561.22
1939-06-16,331558.55
1939-06-19,335696.05
1939-06-20,338657.76
1939-06-21,338680.11
1939-06-22,336644.96
1939-06-23,338136.95
1939-06-26,330517.28
1939-06-27,332009.3
1939-06-28,325271.55
1939-06-29,317358.23
1939-06-30,319438.15
1939-07-03,323575.41
1939-07-05,329476.07
1939-07-06,329204.57
1939-07-07,327463.56
1939-07-10,328661.6
1939-07-11,332798.65
1939-07-12,339874.65
1939-07-13,342542.06
1939-07-14,339919.3
1939-07-17,355224.06
1939-07-18,357891.3
1939-07-19,353211.28
1939-07-20,348825.22
1939-07-21,355900.73
1939-07-24,357098.47
1939-07-25,354769.64
1939-07-26,358318.4
1939-07-27,358634.47
1939-07-28,357481.16
1939-07-31,354564.66
1939-08-01,354586.89
1939-08-02,358135.52
1939-08-03,356982.25
1939-08-04,350539.49
1939-08-07,348798.6
1939-08-08,349702.44
1939-08-09,347080.02
1939-08-10,340049.82
1939-08-11,340659.85
1939-08-14,347146.84
1939-08-15,350401.44
1939-08-16,341314.52
1939-08-17,341042.99
1939-08-18,334013.15
1939-08-21,325220.38
1939-08-22,331413.38
1939-08-23,321151.6
1939-08-24,320292.58
1939-08-25,327073.12
1939-08-28,329446.17
1939-08-29,338577.14
1939-08-30,335073.6
1939-08-31,329807.19
1939-09-01,333355.43
1939-09-05,372749.15
1939-09-06,369539.29
1939-09-07,368679.94
1939-09-08,374284.44
1939-09-11,384002.14
1939-09-12,388431.2
1939-09-13,384339.93
1939-09-14,385830.93
1939-09-15,385539.28
1939-09-18,367930.65
1939-09-19,382179.93
1939-09-20,381975.18
1939-09-21,384425.19
1939-09-22,381565.68
1939-09-25,382540.81
1939-09-26,387350.49
1939-09-27,387440.67
1939-09-28,380156.79
1939-09-29,378182.31
1939-10-02,380927.17
1939-10-03,377772.87
1939-10-04,378453.04
1939-10-05,379428.14
1939-10-06,378928.46
1939-10-09,376954.05
1939-10-10,377929.12
1939-10-11,380378.91
1939-10-13,377519.71
1939-10-16,377609.96
1939-10-17,388022.95
1939-10-18,385458.7
1939-10-19,384959
1939-10-20,383869.46
1939-10-23,385434.31
1939-10-24,386409.28
1939-10-25,392102.97
1939-10-26,388359.14
1939-10-27,386679.77
1939-10-30,385000.45
1939-10-31,381256.74
1939-11-01,381052.04
1939-11-02,381732.08
1939-11-03,385066.27
1939-11-06,381322.7
1939-11-08,379348.59
1939-11-09,374425.51
1939-11-10,376285.17
1939-11-13,376670.29
1939-11-14,379414.56
1939-11-15,376260.97
1939-11-16,381069.46
1939-11-17,379980.13
1939-11-20,381249.88
1939-11-21,378686.15
1939-11-22,378186.6
1939-11-24,372674.14
1939-11-27,373649.05
1939-11-28,372264.94
1939-11-29,368227.01
1939-11-30,364483.99
1939-12-01,367228.1
1939-12-04,367023.55
1939-12-05,366524.11
1939-12-06,372216.78
1939-12-07,372601.89
1939-12-08,369743.58
1939-12-11,366000.75
1939-12-12,364911.66
1939-12-13,370604.1
1939-12-14,370104.67
1939-12-15,371389.72
1939-12-18,370574.5
1939-12-19,369759.32
1939-12-20,371340.18
1939-12-21,371124.01
1939-12-22,373004.31
1939-12-26,371290.65
1939-12-27,369277.5
1939-12-28,372655.24
1939-12-29,373936.51
1940-01-02,379111.11
1940-01-03,383387.15
1940-01-04,382272.46
1940-01-05,380259.34
1940-01-08,380642.07
1940-01-09,377131.59
1940-01-10,377813.8
1940-01-11,371907.63
1940-01-12,364803.66
1940-01-15,363090.2
1940-01-16,365269.83
1940-01-17,365652.64
1940-01-18,365137.07
1940-01-19,365819.34
1940-01-22,363207.6
1940-01-23,364788.22
1940-01-24,369662.8
1940-01-25,366452.15
1940-01-26,366236.04
1940-01-29,366618.81
1940-01-30,364606.05
1940-01-31,363491.65
1940-02-01,363575.01
1940-02-02,363957.81
1940-02-05,363442.3
1940-02-06,366519.96
1940-02-07,368998.73
1940-02-08,373573.47
1940-02-09,373656.75
1940-02-13,372542.34
1940-02-14,371128.51
1940-02-15,371211.81
1940-02-16,371594.51
1940-02-19,371677.79
1940-02-20,373557.54
1940-02-21,372742.61
1940-02-23,370131.24
1940-02-26,368118.72
1940-02-27,367603.25
1940-02-28,367985.96
1940-02-29,367470.48
1940-03-01,365458.03
1940-03-04,366439.55
1940-03-05,368319.23
1940-03-06,371097.04
1940-03-07,371479.72
1940-03-08,370066.1
1940-03-11,371346.93
1940-03-12,372328.36
1940-03-13,371812.88
1940-03-14,370998.03
1940-03-15,366514.28
1940-03-18,364491.32
1940-03-19,367326.85
1940-03-20,368947.72
1940-03-21,369050.32
1940-03-25,367027.4
1940-03-26,365308.14
1940-03-27,370269.06
1940-03-28,369460.72
1940-03-29,370777.87
1940-04-01,371791.36
1940-04-02,373108.48
1940-04-03,378980.05
1940-04-04,381511.63
1940-04-05,380399.61
1940-04-08,383841.99
1940-04-09,379997.36
1940-04-10,376760.02
1940-04-11,378077.04
1940-04-12,376054.26
1940-04-15,376156.81
1940-04-16,371097.95
1940-04-17,371504.12
1940-04-18,367963.41
1940-04-19,368066.01
1940-04-22,371204.6
1940-04-23,374039.57
1940-04-24,372624.13
1940-04-25,373030.28
1940-04-26,369793.3
1940-04-29,371110.24
1940-04-30,373337.94
1940-05-01,368583.1
1940-05-02,370810.78
1940-05-03,371520.52
1940-05-06,369801.61
1940-05-07,370814.93
1940-05-08,371524.66
1940-05-09,371930.81
1940-05-10,361104.8
1940-05-13,341475.5
1940-05-14,316382.29
1940-05-15,319520.89
1940-05-16,322659.44
1940-05-17,306673.74
1940-05-20,301919.88
1940-05-21,282291.92
1940-05-22,283609.36
1940-05-23,284319.65
1940-05-24,283208.67
1940-05-27,289989.88
1940-05-28,284325.71
1940-05-29,286250.15
1940-05-31,286960.42
1940-06-03,282207.02
1940-06-04,285952.63
1940-06-05,281806.38
1940-06-06,285855.47
1940-06-07,289600.98
1940-06-10,279080.76
1940-06-11,292235.44
1940-06-12,306604.01
1940-06-13,300940.2
1940-06-14,308327.65
1940-06-17,309644.71
1940-06-18,310658.24
1940-06-19,311368.25
1940-06-20,307829.16
1940-06-21,307996.38
1940-06-24,313935.49
1940-06-25,304956.52
1940-06-26,303125.84
1940-06-27,306267.77
1940-06-28,310342.02
1940-07-01,306957.45
1940-07-02,306369.94
1940-07-03,307336.32
1940-07-05,309235.01
1940-07-08,309269.04
1940-07-09,309303.06
1940-07-10,310269.38
1940-07-11,310303.4
1940-07-12,309715.89
1940-07-15,310682.19
1940-07-16,314134.53
1940-07-17,313236.26
1940-07-18,313580.99
1940-07-19,310507.46
1940-07-22,310541.46
1940-07-23,310886.22
1940-07-24,308123.53
1940-07-25,309089.79
1940-07-26,310677.51
1940-07-29,314129.61
1940-07-30,321931.98
1940-07-31,320722.97
1940-08-01,319824.7
1940-08-02,319547.89
1940-08-05,320514
1940-08-06,317129.97
1940-08-07,317163.92
1940-08-08,317197.88
1940-08-09,320338.99
1940-08-12,323790.78
1940-08-13,312017.61
1940-08-14,309255.22
1940-08-15,312085.59
1940-08-16,307148.3
1940-08-19,309357.23
1940-08-20,313119.65
1940-08-21,318746.21
1940-08-22,322197.82
1940-08-23,318192.72
1940-08-26,319469.44
1940-08-27,319503.37
1940-08-28,323886.9
1940-08-29,322367.38
1940-08-30,327993.58
1940-09-03,329891.53
1940-09-04,336760.27
1940-09-05,341454.21
1940-09-06,339002.6
1940-09-09,328784.29
1940-09-10,329128.83
1940-09-11,326677.38
1940-09-12,322051.29
1940-09-13,322395.88
1940-09-16,327089.67
1940-09-17,329608.8
1940-09-18,332127.87
1940-09-19,331229.74
1940-09-20,331242.78
1940-09-23,341035.46
1940-09-24,339880.47
1940-09-25,339351.07
1940-09-26,337257.75
1940-09-27,331411.12
1940-09-30,334009.58
1940-10-01,338797.39
1940-10-02,340457.4
1940-10-03,340866.31
1940-10-04,338147.54
1940-10-07,336367.1
1940-10-08,330833.57
1940-10-09,329053.23
1940-10-10,328836.7
1940-10-11,332373.24
1940-10-14,330905.68
1940-10-15,334442.13
1940-10-16,335789.31
1940-10-17,337449.21
1940-10-18,337232.61
1940-10-21,335139.58
1940-10-22,336799.44
1940-10-23,340022.97
1940-10-24,337929.97
1940-10-25,338026.12
1940-10-28,340624.13
1940-10-29,341345.7
1940-10-30,344256.34
1940-10-31,349356
1940-11-01,349452.07
1940-11-04,352049.87
1940-11-06,340575.44
1940-11-07,359434.35
1940-11-08,354526.96
1940-11-12,358688.18
1940-11-13,355657.12
1940-11-14,356691.24
1940-11-15,353034.82
1940-11-18,349065.77
1940-11-19,349474.53
1940-11-20,341440.54
1940-11-22,341536.65
1940-11-25,341632.75
1940-11-26,340790.78
1940-11-27,334633.19
1940-11-28,334729.36
1940-11-29,335138.21
1940-12-02,336797.76
1940-12-03,335643.19
1940-12-04,335739.35
1940-12-05,333646.79
1940-12-06,334368.28
1940-12-09,336965.78
1940-12-10,337061.92
1940-12-11,337783.38
1940-12-12,339130.14
1940-12-13,339851.57
1940-12-16,336508.47
1940-12-17,335354.01
1940-12-18,332323.65
1940-12-19,331169.24
1940-12-20,331598.78
1940-12-23,330735.96
1940-12-24,331465.86
1940-12-26,331240.15
1940-12-27,332925.62
1940-12-30,337159.3
1940-12-31,337570.6
1941-01-02,334478.12
1941-01-03,342215.45
1941-01-06,342945.23
1941-01-07,343356.47
1941-01-08,344086.23
1941-01-09,346090
1941-01-10,347138.24
1941-01-13,345956.89
1941-01-14,344138.55
1941-01-15,341364.73
1941-01-16,337316.95
1941-01-17,336772.73
1941-01-20,335273.04
1941-01-21,332180.88
1941-01-22,334184.61
1941-01-23,333958.89
1941-01-24,335007.14
1941-01-27,336373.86
1941-01-28,334555.75
1941-01-29,327960.47
1941-01-30,322320.72
1941-01-31,323368.99
1941-02-03,319958.67
1941-02-04,320370.01
1941-02-05,326195.31
1941-02-06,327562
1941-02-07,326699.43
1941-02-10,326473.78
1941-02-11,321152.82
1941-02-13,316787.3
1941-02-14,307008.16
1941-02-17,310922.51
1941-02-18,310378.57
1941-02-19,307923.94
1941-02-20,313430.42
1941-02-21,314797.1
1941-02-24,317437.51
1941-02-25,320396.31
1941-02-26,321126.04
1941-02-27,318989.87
1941-02-28,320356.47
1941-03-03,315672.95
1941-03-04,317357.97
1941-03-05,315540.32
1941-03-06,321683.18
1941-03-07,320183.95
1941-03-10,326645.12
1941-03-11,324190.63
1941-03-12,324283.46
1941-03-13,322784.26
1941-03-14,323195.5
1941-03-17,324880.36
1941-03-18,326246.77
1941-03-19,324429.19
1941-03-20,324840.41
1941-03-21,322027.09
1941-03-24,321827.23
1941-03-25,323248.85
1941-03-26,322400.41
1941-03-27,325119.15
1941-03-28,322973.54
1941-03-31,323746.53
1941-04-01,324195.22
1941-04-02,325616.73
1941-04-03,330605.28
1941-04-04,330081.09
1941-04-07,327286.99
1941-04-08,320601.69
1941-04-09,316186.38
1941-04-10,315986.58
1941-04-14,313841.2
1941-04-15,312992.89
1941-04-16,313117.37
1941-04-17,311620.56
1941-04-18,307205.49
1941-04-21,306357.24
1941-04-22,304860.52
1941-04-23,308551.77
1941-04-24,309973.25
1941-04-25,307828.05
1941-04-28,308601.05
1941-04-29,309374.01
1941-04-30,305283.47
1941-05-01,305083.77
1941-05-02,306180.98
1941-05-05,306629.72
1941-05-06,311941.82
1941-05-07,311093.62
1941-05-08,310569.67
1941-05-09,310694.16
1941-05-12,314384.98
1941-05-13,314509.43
1941-05-14,312364.4
1941-05-15,307301.54
1941-05-16,308074.44
1941-05-19,309819.96
1941-05-20,315131.65
1941-05-21,314931.9
1941-05-22,311490.2
1941-05-23,311614.67
1941-05-26,308173.03
1941-05-27,310242.66
1941-05-28,310367.13
1941-05-29,310167.41
1941-06-02,309643.51
1941-06-03,313333.93
1941-06-04,313134.19
1941-06-05,314555.31
1941-06-06,314355.59
1941-06-09,319990.88
1941-06-10,325301.91
1941-06-11,325426.26
1941-06-12,327171.39
1941-06-13,326647.42
1941-06-16,325475.12
1941-06-17,328192.68
1941-06-18,328641.15
1941-06-19,328117.17
1941-06-20,324324.88
1941-06-23,330680.38
1941-06-24,328396.02
1941-06-25,329102.37
1941-06-26,330473.29
1941-06-27,328853.57
1941-06-30,327566.19
1941-07-01,326611.09
1941-07-02,328978.83
1941-07-03,329685.12
1941-07-07,335707.87
1941-07-08,342062.79
1941-07-09,342104.43
1941-07-10,343142.9
1941-07-11,342187.73
1941-07-14,342893.92
1941-07-15,343932.34
1941-07-16,342312.66
1941-07-17,340028.51
1941-07-18,341399.18
1941-07-21,348418.17
1941-07-22,348127.52
1941-07-23,347172.38
1941-07-24,345220.5
1941-07-25,344597.64
1941-07-28,348958.39
1941-07-29,348335.51
1941-07-30,346715.92
1941-07-31,346425.31
1941-08-01,344805.78
1941-08-04,345511.88
1941-08-05,345553.49
1941-08-06,345595.11
1941-08-07,344972.28
1941-08-08,341359.5
1941-08-11,338411.23
1941-08-12,338452.9
1941-08-13,336833.5
1941-08-14,338204
1941-08-15,334923.61
1941-08-18,338287.32
1941-08-19,338661.2
1941-08-20,340031.66
1941-08-21,339741.13
1941-08-22,339118.39
1941-08-25,339824.44
1941-08-26,342523.6
1941-08-27,342897.42
1941-08-28,343935.61
1941-08-29,343645.05
1941-09-02,345679.74
1941-09-03,343396.13
1941-09-04,342441.24
1941-09-05,341486.36
1941-09-08,342192.33
1941-09-09,341237.45
1941-09-10,338621.8
1941-09-11,342317.24
1941-09-12,342358.87
1941-09-15,342732.65
1941-09-16,344435.04
1941-09-17,350455.36
1941-09-18,347839.74
1941-09-19,344511.03
1941-09-22,344286.62
1941-09-23,345736.25
1941-09-24,343503.09
1941-09-25,339261.19
1941-09-26,338367.27
1941-09-29,339816.87
1941-09-30,342270.83
1941-10-01,341376.9
1941-10-02,340482.96
1941-10-03,340258.62
1941-10-06,340034.26
1941-10-07,336127.41
1941-10-08,335568.33
1941-10-09,330992.02
1941-10-10,331102.52
1941-10-14,329204.43
1941-10-15,327306.36
1941-10-16,322730.26
1941-10-17,324179.86
1941-10-20,327303.19
1941-10-21,330426.48
1941-10-22,329197.99
1941-10-23,329643.25
1941-10-24,331427.47
1941-10-27,326182.12
1941-10-28,325957.9
1941-10-29,325064.23
1941-10-30,325174.76
1941-10-31,321268.52
1941-11-03,324391.64
1941-11-05,326845.27
1941-11-06,324277.99
1941-11-07,323384.37
1941-11-10,321151.89
1941-11-12,313898.68
1941-11-13,312335.71
1941-11-14,315458.74
1941-11-17,314899.94
1941-11-18,314341.13
1941-11-19,317129.36
1941-11-21,318578.76
1941-11-24,319358.74
1941-11-25,317795.84
1941-11-26,315228.88
1941-11-27,313331.33
1941-11-28,310429.73
1941-12-01,308866.93
1941-12-02,315336.56
1941-12-03,318793.95
1941-12-04,319573.89
1941-12-05,317676.38
1941-12-08,306073.39
1941-12-09,296478.59
1941-12-10,296589.31
1941-12-11,301385.35
1941-12-12,298484.06
1941-12-15,298594.77
1941-12-16,298036.15
1941-12-17,293461.67
1941-12-18,290895.19
1941-12-19,291058.59
1941-12-22,288063.8
1941-12-23,287468.83
1941-12-24,287902.34
1941-12-26,289021.48
1941-12-29,287398.06
1941-12-30,300172.8
1941-12-31,298549.36
1942-01-02,305496.12
1942-01-05,312442.76
1942-01-06,311162.06
1942-01-07,309538.56
1942-01-08,305515.53
1942-01-09,304577.69
1942-01-12,304325.44
1942-01-13,310586.21
1942-01-14,310676.72
1942-01-15,311452.8
1942-01-16,308801.03
1942-01-19,308891.55
1942-01-20,308296.53
1942-01-21,303930.98
1942-01-22,304021.54
1942-01-23,305140.39
1942-01-26,309686.89
1942-01-27,310462.94
1942-01-28,308496.87
1942-01-29,307901.88
1942-01-30,305935.87
1942-02-02,305683.64
1942-02-03,307830.67
1942-02-04,310320.43
1942-02-05,309725.43
1942-02-06,306388.5
1942-02-09,302708.87
1942-02-10,298686.57
1942-02-11,298091.68
1942-02-13,298867.74
1942-02-16,299986.53
1942-02-17,294593.46
1942-02-18,294341.34
1942-02-19,295117.4
1942-02-20,294179.85
1942-02-24,295984.03
1942-02-25,294018.33
1942-02-26,296165.22
1942-02-27,298654.79
1942-03-02,294632.89
1942-03-03,299178.66
1942-03-04,296184.92
1942-03-05,291820.44
1942-03-06,284371.73
1942-03-09,285833.18
1942-03-10,283867.69
1942-03-11,278475.36
1942-03-12,278566.08
1942-03-13,280370.23
1942-03-16,283545.07
1942-03-17,289461.3
1942-03-18,286810.52
1942-03-19,286558.51
1942-03-20,283522.56
1942-03-23,285036.73
1942-03-24,287599.67
1942-03-25,285617.88
1942-03-26,284684.88
1942-03-27,282003.98
1942-03-30,282469.35
1942-03-31,280837.24
1942-04-01,282351.37
1942-04-02,284564.61
1942-04-06,287826.54
1942-04-07,286544.02
1942-04-08,285261.5
1942-04-09,280832.92
1942-04-10,280599.15
1942-04-13,280015.82
1942-04-14,275587.38
1942-04-15,275004.1
1942-04-16,275469.49
1942-04-17,271390.73
1942-04-20,274652.52
1942-04-21,275467.45
1942-04-22,274884.21
1942-04-23,268009.29
1942-04-24,266727.04
1942-04-27,266493.4
1942-04-28,264162.59
1942-04-29,269171.89
1942-04-30,271035.39
1942-05-01,272898.86
1942-05-04,275111.83
1942-05-05,276276.21
1942-05-06,276042.5
1942-05-07,279653.45
1942-05-08,279769.25
1942-05-11,283729.61
1942-05-12,281748.34
1942-05-13,277320.6
1942-05-14,276737.41
1942-05-15,279998.7
1942-05-18,282211.42
1942-05-19,281278.72
1942-05-20,280695.53
1942-05-21,285354.64
1942-05-22,285120.9
1942-05-25,284188.21
1942-05-26,285002.92
1942-05-27,290710.27
1942-05-28,291524.92
1942-05-29,290592.2
1942-06-01,292105.77
1942-06-02,291871.99
1942-06-03,294084.46
1942-06-04,298044.19
1942-06-05,298858.74
1942-06-08,302468.9
1942-06-09,299788.88
1942-06-10,298157.25
1942-06-11,299321.22
1942-06-12,297689.62
1942-06-15,299901.9
1942-06-16,300366.95
1942-06-17,305374.66
1942-06-18,304092.51
1942-06-19,301055.24
1942-06-22,295701.19
1942-06-23,295723.15
1942-06-24,294311.53
1942-06-25,294691.88
1942-06-26,295072.22
1942-06-29,296886.12
1942-06-30,297624.84
1942-07-01,295138.14
1942-07-02,299819.02
1942-07-03,302707.95
1942-07-06,305955.2
1942-07-07,305260.34
1942-07-08,312807.94
1942-07-09,316055.05
1942-07-10,315718.48
1942-07-13,313231.78
1942-07-14,316478.82
1942-07-15,316858.98
1942-07-16,316522.42
1942-07-17,312960.73
1942-07-20,314057.59
1942-07-21,314796.09
1942-07-22,313742.87
1942-07-23,309464.63
1942-07-24,309844.82
1942-07-27,309866.67
1942-07-28,309530.2
1942-07-29,304535.48
1942-07-30,305274.02
1942-07-31,307445.83
1942-08-03,307826
1942-08-04,307131.24
1942-08-05,304286.61
1942-08-06,303950.2
1942-08-07,305047.02
1942-08-10,304710.58
1942-08-11,305807.37
1942-08-12,305829.24
1942-08-13,306926.02
1942-08-14,308381.06
1942-08-17,310910.97
1942-08-18,313799.13
1942-08-19,313462.65
1942-08-20,312409.61
1942-08-21,313148
1942-08-24,313886.38
1942-08-25,311041.99
1942-08-26,307122.81
1942-08-27,308936.03
1942-08-28,309674.42
1942-08-31,310054.52
1942-09-01,310076.36
1942-09-02,310456.46
1942-09-03,310120.06
1942-09-04,309783.65
1942-09-08,312313.25
1942-09-09,310902.08
1942-09-10,308774.45
1942-09-11,307363.33
1942-09-14,307743.45
1942-09-15,309198.27
1942-09-16,309578.34
1942-09-17,309241.95
1942-09-18,311767.27
1942-09-21,311508.44
1942-09-22,312689.62
1942-09-23,315310.79
1942-09-24,319371.92
1942-09-25,320913.03
1942-09-28,320654.11
1942-09-29,319315.25
1942-09-30,319416.35
1942-10-01,322037.36
1942-10-02,326818.24
1942-10-05,329799.12
1942-10-06,329900.15
1942-10-07,331441.08
1942-10-08,336221.76
1942-10-09,337762.62
1942-10-13,341823.21
1942-10-14,341204.21
1942-10-15,336985.6
1942-10-16,338526.42
1942-10-19,338627.38
1942-10-20,343047.78
1942-10-21,342788.73
1942-10-22,342889.64
1942-10-23,341910.73
1942-10-26,343811.36
1942-10-27,340672.79
1942-10-28,337894.21
1942-10-29,337635.22
1942-10-30,339895.77
1942-11-02,344315.87
1942-11-04,342977.06
1942-11-05,343797.8
1942-11-06,348217.77
1942-11-09,352277.76
1942-11-10,349499.27
1942-11-12,350319.97
1942-11-13,348261.36
1942-11-16,345123.05
1942-11-17,340905.07
1942-11-18,342445.6
1942-11-19,342186.61
1942-11-20,345526.61
1942-11-23,341668.65
1942-11-24,341049.76
1942-11-25,339711.11
1942-11-27,340891.67
1942-11-30,339193.17
1942-12-01,338934.22
1942-12-02,340114.79
1942-12-03,341295.32
1942-12-04,341396.22
1942-12-07,340057.65
1942-12-08,342317.77
1942-12-09,342418.67
1942-12-10,342879.43
1942-12-11,342980.32
1942-12-14,344880.5
1942-12-15,345701.07
1942-12-16,348680.76
1942-12-17,354899.03
1942-12-18,354642.5
1942-12-21,354739.05
1942-12-22,354469.23
1942-12-23,355664.89
1942-12-24,357226.87
1942-12-28,354026.22
1942-12-29,354122.78
1942-12-30,358249.21
1942-12-31,358712.09
1943-01-04,364303.79
1943-01-05,363667.6
1943-01-06,363397.75
1943-01-07,364226.9
1943-01-08,364689.73
1943-01-11,366251.53
1943-01-12,365249.03
1943-01-13,366078.15
1943-01-14,368372.57
1943-01-15,371399.57
1943-01-18,372594.96
1943-01-19,369028.24
1943-01-20,369490.99
1943-01-21,375082.05
1943-01-22,374812.14
1943-01-25,379670.47
1943-01-26,381598.35
1943-01-27,381328.39
1943-01-28,381791.02
1943-01-29,385184.01
1943-02-01,388210.64
1943-02-02,388306.93
1943-02-03,385472.93
1943-02-04,385202.94
1943-02-05,388229.49
1943-02-08,387959.49
1943-02-09,390985.95
1943-02-10,393646.12
1943-02-11,394474.89
1943-02-15,399698.81
1943-02-16,399062.5
1943-02-17,399891.24
1943-02-18,394493.6
1943-02-19,393857.32
1943-02-23,401278.55
1943-02-24,403572.24
1943-02-25,406232.11
1943-02-26,406328.26
1943-03-01,404593.2
1943-03-02,401759.46
1943-03-03,406982.91
1943-03-04,407811.51
1943-03-05,409738.8
1943-03-08,408370.01
1943-03-09,406268.79
1943-03-10,404533.82
1943-03-11,408658.36
1943-03-12,410219.35
1943-03-15,409949.26
1943-03-16,408946.74
1943-03-17,406113.2
1943-03-18,405476.94
1943-03-19,404448.65
1943-03-22,406059.97
1943-03-23,407299.55
1943-03-24,408539.08
1943-03-25,417213.17
1943-03-26,420682.95
1943-03-29,427869.93
1943-03-30,431711.31
1943-03-31,431463.77
1943-04-01,431959.66
1943-04-02,430968.71
1943-04-05,432208.02
1943-04-06,438651.16
1943-04-07,436545.07
1943-04-08,432952.2
1943-04-09,415978.27
1943-04-12,416474.24
1943-04-13,416226.8
1943-04-14,421554.7
1943-04-15,424652.42
1943-04-16,423661.6
1943-04-19,425644.21
1943-04-20,424281.71
1943-04-21,428494.35
1943-04-22,429733.54
1943-04-26,429857.71
1943-04-27,429981.87
1943-04-28,430106.03
1943-04-29,434318.47
1943-04-30,434442.59
1943-05-03,443114.81
1943-05-04,444725.48
1943-05-05,447451.08
1943-05-06,449061.69
1943-05-07,443239.37
1943-05-10,449309.7
1943-05-11,447947.15
1943-05-12,446212.99
1943-05-13,447823.55
1943-05-14,439771.68
1943-05-17,440639.02
1943-05-18,444107.72
1943-05-19,448691.23
1943-05-20,447700.36
1943-05-21,447824.37
1943-05-24,446833.55
1943-05-25,448072.41
1943-05-26,451540.87
1943-05-27,452779.68
1943-05-28,454018.43
1943-06-01,458973.19
1943-06-02,459468.7
1943-06-03,461450.57
1943-06-04,459344.9
1943-06-07,458354.07
1943-06-08,455876.9
1943-06-09,457487.19
1943-06-10,458354.29
1943-06-11,456248.76
1943-06-14,448941.19
1943-06-15,450923.06
1943-06-16,451790.15
1943-06-17,452657.23
1943-06-18,452418.27
1943-06-21,450177.22
1943-06-22,450962.43
1943-06-23,449856.26
1943-06-24,452154.54
1943-06-25,462018.06
1943-06-28,466207.51
1943-06-29,464722.98
1943-06-30,467399.31
1943-07-01,467806.08
1943-07-02,467456.33
1943-07-06,468241.34
1943-07-07,467513.37
1943-07-08,467920.13
1943-07-09,469839.84
1943-07-12,472894.25
1943-07-13,475948.59
1943-07-14,478624.65
1943-07-15,476005.48
1943-07-16,474899.28
1943-07-19,475305.96
1943-07-20,472308.67
1943-07-21,473471.81
1943-07-22,473500.29
1943-07-23,473906.97
1943-07-26,466371.31
1943-07-27,451649.81
1943-07-28,450165.64
1943-07-29,457758.27
1943-07-30,449088.36
1943-08-02,434745.62
1943-08-03,444229.16
1943-08-04,446905.17
1943-08-05,445421.11
1943-08-06,440911.59
1943-08-09,439805.77
1943-08-10,443994.46
1943-08-11,447426.7
1943-08-12,444808.17
1943-08-13,448996.72
1943-08-16,447890.87
1943-08-17,450566.68
1943-08-18,452107.96
1943-08-19,451758.45
1943-08-20,448005.54
1943-08-23,440093.01
1943-08-24,443525.06
1943-08-25,444310.06
1943-08-26,445851.33
1943-08-27,442854.89
1943-08-30,442883.57
1943-08-31,447828.03
1943-09-01,449369.2
1943-09-02,449397.85
1943-09-03,448670.24
1943-09-07,449833.24
1943-09-08,447215.03
1943-09-09,452159.24
1943-09-10,452944.11
1943-09-13,452216.53
1943-09-14,451488.93
1943-09-15,452273.77
1943-09-16,454949.11
1943-09-17,459511.62
1943-09-20,464560.58
1943-09-21,465052.38
1943-09-22,464025.12
1943-09-23,459959.87
1943-09-24,460071.93
1943-09-27,456386.52
1943-09-28,455739.1
1943-09-29,456990.42
1943-09-30,459760.68
1943-10-01,460252.47
1943-10-04,457706.39
1943-10-05,455919.82
1943-10-06,450715.72
1943-10-07,444752.27
1943-10-08,446763.04
1943-10-11,446115.75
1943-10-13,446227.9
1943-10-14,448238.61
1943-10-15,451388.43
1943-10-18,452259.94
1943-10-19,454650.28
1943-10-20,456281.16
1943-10-21,452216.55
1943-10-22,454227.14
1943-10-25,453959.55
1943-10-26,455590.4
1943-10-27,458360.29
1943-10-28,457333.28
1943-10-29,455546.92
1943-11-01,456038.66
1943-11-03,450835.24
1943-11-04,447150.59
1943-11-05,443845.68
1943-11-08,431428.82
1943-11-09,433059.72
1943-11-10,437348.23
1943-11-12,432904.52
1943-11-15,431498.11
1943-11-16,429712.1
1943-11-17,427166.8
1943-11-18,428418.01
1943-11-19,433845.3
1943-11-22,435476.08
1943-11-23,434069.75
1943-11-24,431904.16
1943-11-26,428599.7
1943-11-29,422637.88
1943-11-30,423889.08
1943-12-01,428177.27
1943-12-02,431706.14
1943-12-03,432198.01
1943-12-06,434208.32
1943-12-07,438116.64
1943-12-08,442784.14
1943-12-09,440239.01
1943-12-10,442628.79
1943-12-13,442361.35
1943-12-14,441334.71
1943-12-15,441067.25
1943-12-16,443456.99
1943-12-17,445879.65
1943-12-20,449067.61
1943-12-21,448012.74
1943-12-22,447729.3
1943-12-23,447445.84
1943-12-24,448319.47
1943-12-27,447650.31
1943-12-28,443509.97
1943-12-29,443612.25
1943-12-30,451813.94
1943-12-31,451144.77
1944-01-03,450861.31
1944-01-04,456748.69
1944-01-05,461864.62
1944-01-06,460038.4
1944-01-07,459369.21
1944-01-10,458700.01
1944-01-11,461501.82
1944-01-12,458518.68
1944-01-13,457463.86
1944-01-14,459494.3
1944-01-17,461139.02
1944-01-18,460084.21
1944-01-19,460572.02
1944-01-20,460674.16
1944-01-21,461547.57
1944-01-24,461264.07
1944-01-25,460980.59
1944-01-26,456455.15
1944-01-27,455786.05
1944-01-28,458587.59
1944-01-31,460232.24
1944-02-01,459563.12
1944-02-02,458508.42
1944-02-03,454754.42
1944-02-04,451000.49
1944-02-07,449560.27
1944-02-08,453904.14
1944-02-09,454006.32
1944-02-10,457193.3
1944-02-11,456909.84
1944-02-14,457011.99
1944-02-15,460198.86
1944-02-16,459144.21
1944-02-17,462331.02
1944-02-18,458962.91
1944-02-21,458293.88
1944-02-23,462251.78
1944-02-24,463125.01
1944-02-25,463227.11
1944-02-28,463714.8
1944-02-29,461117.94
1944-03-01,463147.85
1944-03-02,463635.53
1944-03-03,464508.73
1944-03-06,465767.47
1944-03-07,468953.95
1944-03-08,472911.47
1944-03-09,471856.86
1944-03-10,472729.95
1944-03-13,478229.5
1944-03-14,477560.4
1944-03-15,479975.59
1944-03-16,480463.06
1944-03-17,481336.15
1944-03-20,477171.73
1944-03-21,479263.54
1944-03-22,478618.23
1944-03-23,473671.92
1944-03-24,474981.67
1944-03-27,473945.41
1944-03-28,469390.22
1944-03-29,468354.03
1944-03-30,471618.76
1944-03-31,471364.53
1944-04-03,469155.42
1944-04-04,469683.18
1944-04-05,470210.94
1944-04-06,472693.54
1944-04-10,473612.25
1944-04-11,473749.01
1944-04-12,470758.04
1944-04-13,469721.91
1944-04-14,469858.7
1944-04-17,469604.54
1944-04-18,461531.31
1944-04-19,460104.33
1944-04-20,463759.71
1944-04-21,464678.43
1944-04-24,459732.98
1944-04-25,460651.71
1944-04-26,463525.09
1944-04-27,465616.58
1944-04-28,468098.94
1944-05-01,471754.05
1944-05-02,471499.89
1944-05-03,474764.03
1944-05-04,474118.93
1944-05-05,476992.08
1944-05-08,477519.71
1944-05-09,477265.52
1944-05-10,477402.22
1944-05-11,477929.82
1944-05-12,474548.4
1944-05-15,474294.2
1944-05-16,474821.81
1944-05-17,478085.68
1944-05-18,479004.13
1944-05-19,479922.59
1944-05-22,480450.16
1944-05-23,482150.35
1944-05-24,484241.42
1944-05-25,483596.29
1944-05-26,484514.66
1944-05-29,486605.66
1944-05-31,489869.23
1944-06-01,488442.35
1944-06-02,488188.12
1944-06-05,485588.72
1944-06-06,488852.18
1944-06-07,488597.95
1944-06-08,486780.33
1944-06-09,487698.65
1944-06-12,498778.87
1944-06-13,502432.94
1944-06-14,503351.12
1944-06-15,506223.42
1944-06-16,509954.36
1944-06-19,515161.75
1944-06-20,515993.54
1944-06-21,514836.46
1944-06-22,514077.15
1944-06-23,513317.85
1944-06-26,516536.24
1944-06-27,518163.54
1944-06-28,515415.45
1944-06-29,515053.93
1944-06-30,516681.18
1944-07-03,521888.16
1944-07-05,524708.56
1944-07-06,522756.01
1944-07-07,523985.39
1944-07-10,528396.63
1944-07-11,527637.27
1944-07-12,528468.86
1944-07-13,526516.34
1944-07-14,526950.19
1944-07-17,521815.96
1944-07-18,517079.49
1944-07-19,520695.14
1944-07-20,516356.48
1944-07-21,509233.88
1944-07-24,506088.49
1944-07-25,510101.84
1944-07-26,508944.97
1944-07-27,508981.24
1944-07-28,506233.64
1944-07-31,506667.62
1944-08-01,509487.76
1944-08-02,510717.08
1944-08-03,507571.87
1944-08-04,502835.95
1944-08-07,505258.35
1944-08-08,503306.28
1944-08-09,505728.66
1944-08-10,509741.63
1944-08-11,511766.25
1944-08-14,512597.8
1944-08-15,512236.39
1944-08-16,514658.58
1944-08-17,517876.07
1944-08-18,520298.19
1944-08-21,517948.49
1944-08-22,514405.9
1944-08-23,515237.42
1944-08-24,512092.54
1944-08-25,510935.86
1944-08-28,510972.11
1944-08-29,512598.89
1944-08-30,513827.99
1944-08-31,511876.09
1944-09-01,513502.81
1944-09-05,510358.11
1944-09-06,498068.24
1944-09-07,496514.13
1944-09-08,495755.27
1944-09-11,498574.88
1944-09-12,500996.85
1944-09-13,496261.95
1944-09-14,493515.11
1944-09-15,497520.24
1944-09-18,500832.98
1944-09-19,505344.49
1944-09-20,506259.49
1944-09-21,504776.8
1944-09-22,506091.39
1944-09-25,510602.79
1944-09-26,509519.72
1944-09-27,509635.45
1944-09-28,508152.8
1944-09-29,510266.47
1944-10-02,512779.67
1944-10-03,512895.37
1944-10-04,515808.1
1944-10-05,519120.38
1944-10-06,520035.17
1944-10-09,516954.26
1944-10-10,518668.21
1944-10-11,521980.39
1944-10-13,522495.56
1944-10-16,519814.32
1944-10-17,521927.73
1944-10-18,524840.21
1944-10-19,523757.18
1944-10-20,523073.72
1944-10-23,514399.35
1944-10-24,515713.62
1944-10-25,515829.29
1944-10-26,511949.63
1944-10-27,512864.39
1944-10-30,513379.61
1944-10-31,514294.34
1944-11-01,516407.64
1944-11-02,519319.95
1944-11-03,519036.06
1944-11-06,521948.31
1944-11-08,521264.91
1944-11-09,522579.05
1944-11-10,523094.15
1944-11-13,518815.23
1944-11-14,512538.9
1944-11-15,511456.11
1944-11-16,511971.27
1944-11-17,511287.99
1944-11-20,513401.1
1944-11-21,517112.13
1944-11-22,517627.23
1944-11-24,514946.53
1944-11-27,516660.08
1944-11-28,516376.23
1944-11-29,519288.14
1944-11-30,518604.84
1944-12-01,517522.06
1944-12-04,522031.72
1944-12-05,524144.61
1944-12-06,524260.18
1944-12-07,525574.1
1944-12-08,529684.12
1944-12-11,532995.23
1944-12-12,531912.41
1944-12-13,530430.2
1944-12-14,532143.45
1944-12-15,537507.9
1944-12-18,534386.63
1944-12-19,536126.04
1944-12-20,532599.79
1944-12-21,531503.86
1944-12-22,532028.13
1944-12-26,528501.98
1944-12-27,526190.97
1944-12-28,531575.64
1944-12-29,538985.43
1945-01-02,541129.74
1945-01-03,546919.21
1945-01-04,547848.35
1945-01-05,546752.37
1945-01-08,551731.65
1945-01-09,552255.73
1945-01-10,556424.9
1945-01-11,556138.89
1945-01-12,554637.88
1945-01-15,551111.89
1945-01-16,550825.95
1945-01-17,554589.97
1945-01-18,552279.02
1945-01-19,547133.19
1945-01-22,541582.51
1945-01-23,538056.8
1945-01-24,539795.86
1945-01-25,543154.78
1945-01-26,548538.51
1945-01-29,551897.36
1945-01-30,548776.68
1945-01-31,549300.68
1945-02-01,550634.63
1945-02-02,554803.25
1945-02-05,558971.83
1945-02-06,560305.68
1945-02-07,561639.49
1945-02-08,561758.45
1945-02-09,558637.84
1945-02-13,567665.48
1945-02-14,570618.96
1945-02-15,574787.19
1945-02-16,574096.16
1945-02-19,578669.24
1945-02-20,580812.7
1945-02-21,580121.64
1945-02-23,579025.68
1945-02-26,576310.09
1945-02-27,580882.99
1945-02-28,585050.92
1945-03-01,585979.5
1945-03-02,582454.14
1945-03-05,585407.24
1945-03-06,588360.29
1945-03-07,588883.93
1945-03-08,578475.48
1945-03-09,566447.62
1945-03-12,573449.56
1945-03-13,573568.41
1945-03-14,574497.02
1945-03-15,577045.14
1945-03-16,577958.32
1945-03-19,574819.66
1945-03-20,567169.02
1945-03-21,561979.55
1945-03-22,561712.34
1945-03-23,564316.41
1945-03-26,550103.29
1945-03-27,553527.73
1945-03-28,558182.64
1945-03-29,559556.13
1945-04-02,566261.75
1945-04-03,567225
1945-04-04,566547.64
1945-04-05,562589.03
1945-04-06,566833.51
1945-04-09,568617.05
1945-04-10,570810.72
1945-04-11,579156.44
1945-04-12,578889.17
1945-04-13,585184.06
1945-04-16,597220.67
1945-04-17,598183.65
1945-04-18,604068.1
1945-04-19,598469.04
1945-04-20,597791.47
1945-04-23,603675.82
1945-04-24,606689.27
1945-04-25,605601.58
1945-04-26,604513.88
1945-04-27,607117.17
1945-04-30,613001.21
1945-05-01,611093.27
1945-05-02,610415.65
1945-05-03,614659.18
1945-05-04,616852.2
1945-05-07,617404.81
1945-05-08,618777.61
1945-05-09,612768.95
1945-05-10,605120.04
1945-05-11,605262.67
1945-05-14,605815.32
1945-05-15,608008.25
1945-05-16,608560.92
1945-05-17,611984.02
1945-05-18,616227.18
1945-05-21,614319.47
1945-05-22,614051.95
1945-05-23,609683.96
1945-05-24,609826.55
1945-05-25,613659.48
1945-05-28,623643
1945-05-29,627065.78
1945-05-31,623107.91
1945-06-01,624070.42
1945-06-04,625032.94
1945-06-05,624355.35
1945-06-06,621627.63
1945-06-07,622180.1
1945-06-08,620682.53
1945-06-11,619184.98
1945-06-12,620557.52
1945-06-13,623570.05
1945-06-14,626172.55
1945-06-15,628385.54
1945-06-18,628011.09
1945-06-19,628885.1
1945-06-20,631839.81
1945-06-21,635210.61
1945-06-22,636084.52
1945-06-25,639039.12
1945-06-26,639912.99
1945-06-27,639122.37
1945-06-28,626264.16
1945-06-29,619231.8
1945-07-02,625931.46
1945-07-03,625973.18
1945-07-05,618941.01
1945-07-06,621063.3
1945-07-09,626514.44
1945-07-10,629052.79
1945-07-11,627013.96
1945-07-12,628720.05
1945-07-13,627097.35
1945-07-16,622562.04
1945-07-17,608872.89
1945-07-18,606834.32
1945-07-19,611036.96
1945-07-20,611078.79
1945-07-23,604879.51
1945-07-24,606169.57
1945-07-25,612036.38
1945-07-26,599596.23
1945-07-27,602550.59
1945-07-30,608833.34
1945-07-31,611371.52
1945-08-01,612245.48
1945-08-02,609790.99
1945-08-03,612329.12
1945-08-06,614035.11
1945-08-07,605756.08
1945-08-08,607046.04
1945-08-09,617072.67
1945-08-10,616698.44
1945-08-13,609667.77
1945-08-14,613453.84
1945-08-17,610167.46
1945-08-20,601056.87
1945-08-21,603594.87
1945-08-22,607796.85
1945-08-23,619902.96
1945-08-24,628264.81
1945-08-27,637458.54
1945-08-28,639580.16
1945-08-29,638789.76
1945-08-30,640911.35
1945-08-31,632633.15
1945-09-04,647650.35
1945-09-05,648523.86
1945-09-06,657300.99
1945-09-07,656926.49
1945-09-10,659047.82
1945-09-11,663248.97
1945-09-12,666202.2
1945-09-13,666243.6
1945-09-14,662541.36
1945-09-17,648024.2
1945-09-18,660960.37
1945-09-19,667241.12
1945-09-20,669778.18
1945-09-21,666444.19
1945-09-24,664894.97
1945-09-25,665852.75
1945-09-26,665557.05
1945-09-27,663172.23
1945-09-28,671232.92
1945-10-01,683053.88
1945-10-02,683175.85
1945-10-03,682044.38
1945-10-04,682166.35
1945-10-05,685630.77
1945-10-08,690766.31
1945-10-09,692559.38
1945-10-10,695188.06
1945-10-11,694474.35
1945-10-15,695013.99
1945-10-16,695135.85
1945-10-17,698182.19
1945-10-18,700810.68
1945-10-19,695501.41
1945-10-22,700636.53
1945-10-23,695327.31
1945-10-24,685004.98
1945-10-25,688469.05
1945-10-26,691933.07
1945-10-29,686624.07
1945-10-30,687581.5
1945-10-31,698982.7
1945-11-01,708294.99
1945-11-02,707998.97
1945-11-05,711462.65
1945-11-07,719939.18
1945-11-08,717554.42
1945-11-09,718511.59
1945-11-13,716126.86
1945-11-14,712489
1945-11-15,718041.11
1945-11-16,723593.12
1945-11-19,722879.33
1945-11-20,726342.7
1945-11-21,716021.5
1945-11-23,709042.18
1945-11-26,712923.23
1945-11-27,721816.68
1945-11-28,718179.04
1945-11-29,717047.61
1945-11-30,723852.37
1945-12-03,734416.18
1945-12-04,733702.34
1945-12-05,733406.16
1945-12-06,737286.79
1945-12-07,739079.01
1945-12-10,745047.94
1945-12-11,743498.74
1945-12-12,732343.2
1945-12-13,729123.46
1945-12-14,730080.33
1945-12-17,714748.5
1945-12-18,721552.66
1945-12-19,721674.28
1945-12-20,717201.8
1945-12-21,716856.99
1945-12-26,735163.55
1945-12-27,729828.07
1945-12-28,731247.42
1945-12-31,733511.08
1946-01-02,729020.09
1946-01-03,730017.24
1946-01-04,728481.41
1946-01-07,732011.48
1946-01-08,748206.05
1946-01-09,759334.64
1946-01-10,764552.97
1946-01-11,767238.38
1946-01-14,775833.75
1946-01-15,777252.67
1946-01-16,778249.38
1946-01-17,776713.31
1946-01-18,775177.3
1946-01-21,751690.83
1946-01-22,756908.95
1946-01-23,765926.01
1946-01-24,768189.12
1946-01-25,767075.34
1946-01-28,789599.61
1946-01-29,791862.51
1946-01-30,787371.75
1946-01-31,787946.24
1946-02-01,791053.26
1946-02-04,790361.43
1946-02-05,793890.53
1946-02-06,788555.72
1946-02-07,788708.09
1946-02-08,788016.3
1946-02-11,775084.3
1946-02-13,764262.86
1946-02-14,769058.16
1946-02-15,783983
1946-02-18,781603.02
1946-02-19,753055.35
1946-02-20,739280.07
1946-02-21,754204.69
1946-02-25,720171.17
1946-02-26,716103.53
1946-02-27,730605.96
1946-02-28,736245.3
1946-03-01,733443.8
1946-03-04,728532.16
1946-03-05,736281.55
1946-03-06,733058.07
1946-03-07,739541.21
1946-03-08,746024.24
1946-03-11,741534.69
1946-03-12,743375.45
1946-03-13,732133.81
1946-03-14,729754.54
1946-03-15,737965.8
1946-03-18,750486.94
1946-03-19,745498.43
1946-03-20,751186.44
1946-03-21,756447.24
1946-03-22,756583.39
1946-03-25,772520.28
1946-03-26,772229.26
1946-03-27,767667.83
1946-03-28,766949.82
1946-03-29,771783.29
1946-04-01,772773.38
1946-04-02,773336.41
1946-04-03,786710.2
1946-04-04,795386.56
1946-04-05,793814.29
1946-04-08,797366.28
1946-04-09,808604.45
1946-04-10,805751.14
1946-04-11,804178.9
1946-04-12,804314.67
1946-04-15,798045.45
1946-04-16,808856.16
1946-04-17,807710.94
1946-04-18,810408.61
1946-04-22,809690.36
1946-04-23,808118.18
1946-04-24,800141.31
1946-04-25,795580.37
1946-04-26,797424.09
1946-04-29,803537.52
1946-04-30,805381.2
1946-05-01,803382.16
1946-05-02,799675.24
1946-05-03,792979.71
1946-05-06,784576.45
1946-05-07,795386.13
1946-05-08,793814.15
1946-05-09,792669.11
1946-05-10,805613.23
1946-05-13,807883.68
1946-05-14,802896.15
1946-05-15,797054.83
1946-05-16,801886.83
1946-05-17,800314.91
1946-05-20,802158.37
1946-05-21,804001.79
1946-05-22,809260.55
1946-05-23,808542.45
1946-05-24,808678.16
1946-05-27,814790.53
1946-05-28,826879.54
1946-05-29,829149.64
1946-05-31,826296.87
1946-06-03,820882.81
1946-06-04,815895.74
1946-06-05,811335.61
1946-06-06,811044.44
1946-06-07,811606.98
1946-06-10,813023.25
1946-06-11,804621.39
1946-06-12,806464.63
1946-06-13,811295.89
1946-06-14,811004.71
1946-06-17,811994.11
1946-06-18,801031.47
1946-06-19,796471.82
1946-06-20,779106.63
1946-06-21,787863.09
1946-06-24,789643.42
1946-06-25,784076.7
1946-06-26,782831.81
1946-06-27,794984.22
1946-06-28,796764.43
1946-07-01,801569.74
1946-07-02,801189.05
1946-07-03,799511.89
1946-07-05,796970.47
1946-07-08,793996.91
1946-07-09,798369.91
1946-07-10,799717.83
1946-07-11,795447.95
1946-07-12,790313.83
1946-07-15,776537.08
1946-07-16,777453.01
1946-07-17,781825.94
1946-07-18,780581.21
1946-07-19,778040.16
1946-07-22,775931.21
1946-07-23,752648.73
1946-07-24,753564.81
1946-07-25,757505.6
1946-07-26,761878.47
1946-07-29,764522.87
1946-07-30,768895.61
1946-07-31,777589.27
1946-08-01,779801.42
1946-08-02,780285.12
1946-08-05,775583.84
1946-08-06,773475.14
1946-08-07,780872.19
1946-08-08,784380.39
1946-08-09,781839.56
1946-08-12,783187.36
1946-08-13,789720
1946-08-14,788475.41
1946-08-15,779453.71
1946-08-16,773024.48
1946-08-19,771780.03
1946-08-20,776152.21
1946-08-21,768859.09
1946-08-22,761134.01
1946-08-23,762049.91
1946-08-26,757349.29
1946-08-27,733639.29
1946-08-28,725482.72
1946-08-29,726830.85
1946-08-30,722130.66
1946-09-03,673796.44
1946-09-04,670824.75
1946-09-05,693773.92
1946-09-06,687346.02
1946-09-09,651541.75
1946-09-10,633450.22
1946-09-11,653374.94
1946-09-12,652131.5
1946-09-13,664711.93
1946-09-16,668652.34
1946-09-17,663520.96
1946-09-18,642838.22
1946-09-19,622587.75
1946-09-20,638244.95
1946-09-23,626219.06
1946-09-24,639827.22
1946-09-25,656476.47
1946-09-26,664001.71
1946-09-27,657189.53
1946-09-30,650811.93
1946-10-01,649213.45
1946-10-02,654566.25
1946-10-03,652098.84
1946-10-04,644852.55
1946-10-07,640213.07
1946-10-08,632967.03
1946-10-09,615294.59
1946-10-10,624557.28
1946-10-11,637729.71
1946-10-14,641344.55
1946-10-15,667114.96
1946-10-16,664647.63
1946-10-17,654795.24
1946-10-18,653196.88
1946-10-21,654639.4
1946-10-22,649565.81
1946-10-23,644926.68
1946-10-24,645500.42
1946-10-25,642164.62
1946-10-28,628837.74
1946-10-29,623330.12
1946-10-30,626075.99
1946-10-31,648803.45
1946-11-01,658933.58
1946-11-04,670366.67
1946-11-06,641837.13
1946-11-07,647189
1946-11-08,649934.55
1946-11-12,653983.17
1946-11-13,648475.74
1946-11-14,652089.96
1946-11-15,645279.56
1946-11-18,638903.6
1946-11-19,638608.63
1946-11-20,633970.21
1946-11-21,623251.08
1946-11-22,619915.9
1946-11-25,627873.47
1946-11-26,634093.62
1946-11-27,638576.33
1946-11-29,644361.95
1946-12-02,634077.53
1946-12-03,636388.54
1946-12-04,646517.21
1946-12-05,643182.02
1946-12-06,645927.26
1946-12-09,672993.58
1946-12-10,673132.71
1946-12-11,675009.06
1946-12-12,666027.92
1946-12-13,667035.66
1946-12-16,670214.91
1946-12-17,667748.34
1946-12-18,669190.36
1946-12-19,679752.24
1946-12-20,682064.13
1946-12-23,678251.91
1946-12-24,676639.97
1946-12-26,669747.63
1946-12-27,669015.85
1946-12-30,668284.04
1946-12-31,674152.61
1947-01-02,669900.65
1947-01-03,672689.05
1947-01-06,680757.51
1947-01-07,675625.57
1947-01-08,679733.87
1947-01-09,681202.08
1947-01-10,672550.19
1947-01-13,653338.52
1947-01-14,656566.84
1947-01-15,652315.31
1947-01-16,652903.65
1947-01-17,665811.59
1947-01-20,663759.99
1947-01-21,661708.39
1947-01-22,664936.51
1947-01-23,671684.37
1947-01-24,672712.57
1947-01-27,678580.34
1947-01-28,684448.04
1947-01-29,692515.42
1947-01-30,690463.7
1947-01-31,693251.53
1947-02-03,699558.88
1947-02-04,701026.71
1947-02-05,705134.19
1947-02-06,702642.55
1947-02-07,714228.84
1947-02-10,711297.2
1947-02-11,715404.5
1947-02-13,706313.91
1947-02-14,703382.42
1947-02-17,704410.21
1947-02-18,704558.18
1947-02-19,696347.83
1947-02-20,697815.55
1947-02-21,701482.84
1947-02-24,695912.12
1947-02-25,687262.18
1947-02-26,679932.04
1947-02-27,687998.25
1947-02-28,685946.87
1947-03-03,685215.2
1947-03-04,685363.3
1947-03-05,693429.22
1947-03-06,696216.5
1947-03-07,674810.73
1947-03-10,668360.82
1947-03-11,662790.77
1947-03-12,666897.81
1947-03-13,665286.6
1947-03-14,658836.99
1947-03-17,660744.65
1947-03-18,669250.06
1947-03-19,672477.22
1947-03-20,672185.58
1947-03-21,680344.6
1947-03-24,674282.59
1947-03-25,670451.31
1947-03-26,680003.73
1947-03-27,687771.52
1947-03-28,684832.41
1947-03-31,677878.37
1947-04-01,680738.82
1947-04-02,680476.49
1947-04-03,678875.87
1947-04-07,673260.39
1947-04-08,663630.17
1947-04-09,663367.97
1947-04-10,663997.98
1947-04-11,659274.94
1947-04-14,633586.12
1947-04-15,634216.3
1947-04-16,640645.45
1947-04-17,639937.35
1947-04-18,632092.19
1947-04-21,648334.64
1947-04-22,653425.33
1947-04-23,654501.38
1947-04-24,650670.87
1947-04-25,646394.34
1947-04-28,645686.26
1947-04-29,647208.41
1947-04-30,655421.13
1947-05-01,660511.48
1947-05-02,665155.75
1947-05-05,668015.84
1947-05-06,661063.24
1947-05-07,660801.12
1947-05-08,657416.84
1947-05-09,658938.8
1947-05-12,651540.45
1947-05-13,637898.04
1947-05-14,636298.03
1947-05-15,642280.13
1947-05-16,629976.14
1947-05-19,621686.33
1947-05-20,624546.46
1947-05-21,636326.34
1947-05-22,640970.25
1947-05-23,641600.23
1947-05-26,639108.35
1947-05-27,638400.44
1947-05-28,648395.87
1947-05-29,653485.53
1947-06-02,646979.96
1947-06-03,656083.18
1947-06-04,651807.44
1947-06-05,651545.44
1947-06-06,656634.86
1947-06-09,653251.17
1947-06-10,659678.31
1947-06-11,675024.22
1947-06-12,671640.46
1947-06-13,678959.2
1947-06-16,680926.63
1947-06-17,678434.73
1947-06-18,678618.44
1947-06-19,686828.78
1947-06-20,687937.74
1947-06-23,691645.16
1947-06-24,678108.9
1947-06-25,683631.47
1947-06-26,686431.35
1947-06-27,686508.54
1947-06-30,690669.65
1947-07-01,702090.95
1947-07-02,701260.47
1947-07-03,708597.67
1947-07-07,709128.43
1947-07-08,711927.96
1947-07-09,705198.76
1947-07-10,712535.73
1947-07-11,721233.75
1947-07-14,725394.33
1947-07-15,724110.02
1947-07-16,723733.22
1947-07-17,716096.75
1947-07-18,720710.94
1947-07-21,718519.25
1947-07-22,721772.22
1947-07-23,725478.87
1947-07-24,733268.82
1947-07-25,731530.82
1947-07-28,725255.79
1947-07-29,709453.2
1947-07-30,706354.3
1947-07-31,717319.95
1947-08-01,719211.67
1947-08-04,711122.25
1947-08-05,713467.63
1947-08-06,711276.21
1947-08-07,712260.54
1947-08-08,702810.4
1947-08-11,698350.75
1947-08-12,702964.52
1947-08-13,707124.53
1947-08-14,704933.28
1947-08-15,710000.5
1947-08-18,706448.26
1947-08-19,704710.72
1947-08-20,701612.24
1947-08-21,703503.86
1947-08-22,704488.2
1947-08-25,694585.24
1947-08-26,694662.34
1947-08-27,695646.7
1947-08-28,694362.93
1947-08-29,698976.25
1947-09-02,701321.4
1947-09-03,699583.97
1947-09-04,691042.41
1947-09-05,689305.11
1947-09-08,678495.77
1947-09-09,679933.76
1947-09-10,686361.35
1947-09-11,686892.08
1947-09-12,684701.25
1947-09-15,682056.88
1947-09-16,688484.24
1947-09-17,697633
1947-09-18,694988.59
1947-09-19,694564.42
1947-09-22,693837.6
1947-09-23,682601.05
1947-09-24,685529.92
1947-09-25,681604.62
1947-09-26,679507.12
1947-09-29,683806.71
1947-09-30,691761.64
1947-10-01,694233.4
1947-10-02,694877.38
1947-10-03,698262.92
1947-10-06,700277.59
1947-10-07,700464.63
1947-10-08,695168.75
1947-10-09,699924.87
1947-10-10,701482.59
1947-10-14,713548.93
1947-10-15,715563.4
1947-10-16,714836.51
1947-10-17,715480.34
1947-10-20,725261.82
1947-10-21,724078.03
1947-10-22,721066.74
1947-10-23,721710.44
1947-10-24,712759.83
1947-10-27,714317.32
1947-10-28,714961.08
1947-10-29,712863.68
1947-10-30,705740.9
1947-10-31,710496.44
1947-11-03,712053.89
1947-11-05,706758.61
1947-11-06,706945.57
1947-11-07,705761.98
1947-11-10,708689.96
1947-11-12,706135.9
1947-11-13,699470.41
1947-11-14,701027.9
1947-11-17,701214.89
1947-11-18,706426.89
1947-11-19,708441.12
1947-11-20,711825.72
1947-11-21,708358.17
1947-11-24,704433.87
1947-11-25,702793.59
1947-11-26,699782.94
1947-11-28,693117.97
1947-12-01,697416.17
1947-12-02,698516.73
1947-12-03,692308.7
1947-12-04,688384.67
1947-12-05,678065.82
1947-12-08,684647.78
1947-12-09,687118.7
1947-12-10,688219.29
1947-12-11,687949.56
1947-12-12,693161
1947-12-15,701112.91
1947-12-16,700386.38
1947-12-17,701943.62
1947-12-18,699846.81
1947-12-19,702360.77
1947-12-22,706244.02
1947-12-23,709198.13
1947-12-24,708900.56
1947-12-26,703028.81
1947-12-29,699479.68
1947-12-30,708007.83
1947-12-31,711890.77
1948-01-02,713915.7
1948-01-05,707579.62
1948-01-06,705424.08
1948-01-07,709306.93
1948-01-08,713189.75
1948-01-09,709640.82
1948-01-12,707020.85
1948-01-13,696969.34
1948-01-14,697136.35
1948-01-15,694052.07
1948-01-16,693754.66
1948-01-19,686025.82
1948-01-20,686657.39
1948-01-21,678928.72
1948-01-22,673522.45
1948-01-23,670438.48
1948-01-26,669212.38
1948-01-27,670308.45
1948-01-28,677442.24
1948-01-29,685040.32
1948-01-30,686600.71
1948-02-02,688161.09
1948-02-03,684148.34
1948-02-04,671776.06
1948-02-05,664976.98
1948-02-06,664679.81
1948-02-09,670419.96
1948-02-10,651082.11
1948-02-11,650785.07
1948-02-13,649559.2
1948-02-16,658550.08
1948-02-17,658717.36
1948-02-18,659349.05
1948-02-19,658123.18
1948-02-20,655504.16
1948-02-24,657528.97
1948-02-25,660946.87
1948-02-26,656934.77
1948-02-27,654780.23
1948-03-01,661448.6
1948-03-02,665795.09
1948-03-03,666426.65
1948-03-04,662414.7
1948-03-05,663974.99
1948-03-08,660891.77
1948-03-09,656879.89
1948-03-10,659833.21
1948-03-11,659071.75
1948-03-12,659239
1948-03-15,662656.59
1948-03-16,652608.66
1948-03-17,657883.51
1948-03-18,661765.33
1948-03-19,675608.98
1948-03-22,693731.86
1948-03-23,693926.41
1948-03-24,693649.14
1948-03-25,696674.38
1948-03-29,694510
1948-03-30,702724.72
1948-03-31,712826.42
1948-04-01,714907.88
1948-04-02,716517.54
1948-04-05,718127.19
1948-04-06,723039.12
1948-04-07,720874.62
1948-04-08,722955.96
1948-04-09,724093.8
1948-04-12,723816.33
1948-04-13,724954.11
1948-04-14,724204.92
1948-04-15,729116.55
1948-04-16,731669.48
1948-04-19,733750.58
1948-04-20,733473.09
1948-04-21,737441.04
1948-04-22,744239.25
1948-04-23,749150.55
1948-04-26,738023.63
1948-04-27,738689.52
1948-04-28,739827.12
1948-04-29,737662.79
1948-04-30,735970.2
1948-05-03,741824.68
1948-05-04,741547.15
1948-05-05,737496.16
1948-05-06,743822.19
1948-05-07,748261.44
1948-05-10,752700.58
1948-05-11,755253.02
1948-05-12,756390.36
1948-05-13,762244.37
1948-05-14,780833.08
1948-05-17,791403.42
1948-05-18,781220.84
1948-05-19,780471.33
1948-05-20,784910.01
1948-05-21,786990.36
1948-05-24,789070.74
1948-05-25,788792.87
1948-05-26,796061.11
1948-05-27,796254.82
1948-05-28,796920.13
1948-06-01,799471.94
1948-06-02,800608.82
1948-06-03,798916.06
1948-06-04,792978.82
1948-06-07,790814.48
1948-06-08,804213.16
1948-06-09,807707.99
1948-06-10,808373.22
1948-06-11,810924.8
1948-06-14,812061.53
1948-06-15,816499.4
1948-06-16,814335.05
1948-06-17,813585.43
1948-06-18,812336.7
1948-06-21,804290.43
1948-06-22,802949.83
1948-06-23,811188.57
1948-06-24,809368.98
1948-06-25,806591.52
1948-06-28,796150.83
1948-06-29,800078.84
1948-06-30,802569.93
1948-07-01,800750.48
1948-07-02,808030.89
1948-07-06,808127.19
1948-07-07,805349.91
1948-07-08,806404.09
1948-07-09,811768.55
1948-07-12,809949.1
1948-07-13,805256.17
1948-07-14,806310.31
1948-07-15,791081.48
1948-07-16,780163.03
1948-07-19,754877.62
1948-07-20,766467.92
1948-07-21,772790.2
1948-07-22,778633.43
1948-07-23,781603.25
1948-07-26,774516.47
1948-07-27,782753.99
1948-07-28,777582.8
1948-07-29,771453.95
1948-07-30,761973.04
1948-08-02,762069.67
1948-08-03,764560.63
1948-08-04,776628.77
1948-08-05,773852.11
1948-08-06,775385.2
1948-08-09,767820.09
1948-08-10,757382.02
1948-08-11,754126.75
1948-08-12,756138.75
1948-08-13,755756.6
1948-08-16,757768.61
1948-08-17,766963.03
1948-08-18,767059.6
1948-08-19,769550.26
1948-08-20,777786.71
1948-08-23,767828.12
1948-08-24,771755.15
1948-08-25,770415.24
1948-08-26,772905.83
1948-08-27,776353.96
1948-08-30,770226.14
1948-08-31,769843.88
1948-09-01,779037.4
1948-09-02,782964.17
1948-09-03,784496.97
1948-09-07,788423.61
1948-09-08,775114.32
1948-09-09,762762.79
1948-09-10,763816.91
1948-09-13,757689.54
1948-09-14,763531.28
1948-09-15,762670.37
1948-09-16,762766.97
1948-09-17,759435.29
1948-09-20,745680.03
1948-09-21,751236.62
1948-09-22,753413.55
1948-09-23,752211.01
1948-09-24,754387.94
1948-09-27,734839.87
1948-09-28,743292.95
1948-09-29,752711.44
1948-09-30,750060.65
1948-10-01,758996.18
1948-10-04,767931.56
1948-10-05,766729.01
1948-10-06,767940.18
1948-10-07,772530.56
1948-10-08,771328
1948-10-11,771573.64
1948-10-13,780991.28
1948-10-14,783650.49
1948-10-15,782930.55
1948-10-18,786555.18
1948-10-19,791145.21
1948-10-20,794287
1948-10-21,795497.89
1948-10-22,807811.14
1948-10-25,806608.4
1948-10-26,807336.44
1948-10-27,806616.42
1948-10-28,801552.12
1948-10-29,803728.25
1948-11-01,813627.37
1948-11-03,776705.84
1948-11-04,787087.76
1948-11-05,753063.07
1948-11-08,756687.56
1948-11-09,733282.4
1948-11-10,733045.64
1948-11-12,735222.21
1948-11-15,746569.29
1948-11-16,746332.4
1948-11-17,744647.6
1948-11-18,746823.97
1948-11-19,749482.95
1948-11-22,744902.25
1948-11-23,744182.78
1948-11-24,730914.78
1948-11-26,731160.67
1948-11-29,725615.02
1948-11-30,723930.47
1948-12-01,736724.52
1948-12-02,736487.76
1948-12-03,743007.59
1948-12-06,748079.48
1948-12-07,748807.83
1948-12-08,747123.14
1948-12-09,745921.09
1948-12-10,748579.84
1948-12-13,754134.05
1948-12-14,750519.06
1948-12-15,746904.11
1948-12-16,746667.27
1948-12-17,748949.99
1948-12-20,748664.77
1948-12-21,746408.67
1948-12-22,747108.92
1948-12-23,747316.44
1948-12-24,752451.14
1948-12-27,749702.36
1948-12-28,744490.07
1948-12-29,754551.69
1948-12-30,754759.14
1948-12-31,751025.02
1949-01-03,738915.14
1949-01-04,743064.24
1949-01-05,749676.72
1949-01-06,766635.37
1949-01-07,772262.21
1949-01-10,767542.72
1949-01-11,767257.43
1949-01-12,765986.76
1949-01-13,762252.8
1949-01-14,755070.26
1949-01-17,762174.85
1949-01-18,762382.23
1949-01-19,765545.52
1949-01-20,768708.73
1949-01-21,767438.12
1949-01-24,766167.51
1949-01-25,760955.83
1949-01-26,759192.66
1949-01-27,757429.53
1949-01-28,755173.81
1949-01-31,756366.47
1949-02-01,762485.29
1949-02-02,763185.27
1949-02-03,761914.79
1949-02-04,750792.2
1949-02-07,734743.8
1949-02-08,731995.8
1949-02-09,736144.14
1949-02-10,726499.89
1949-02-11,725722.36
1949-02-14,728392.92
1949-02-15,730570.87
1949-02-16,734719.08
1949-02-17,739852.37
1949-02-18,738089.63
1949-02-21,735834.34
1949-02-23,729146
1949-02-24,720487.54
1949-02-25,718724.99
1949-02-28,730753.84
1949-03-01,735394.35
1949-03-02,733631.74
1949-03-03,732854.23
1949-03-04,734046.85
1949-03-07,743612.48
1949-03-08,745297.49
1949-03-09,744027.35
1949-03-10,744727.29
1949-03-11,752322.46
1949-03-14,754992.39
1949-03-15,750767.2
1949-03-16,748019.6
1949-03-17,750689.52
1949-03-18,749427.84
1949-03-21,746155.58
1949-03-22,741378.56
1949-03-23,750646.88
1949-03-24,751889.22
1949-03-25,748115.45
1949-03-28,750361.03
1949-03-29,765146.63
1949-03-30,764884.04
1949-03-31,757599.14
1949-04-01,751819.11
1949-04-04,754064.6
1949-04-05,753300.51
1949-04-06,751533.26
1949-04-07,752273.89
1949-04-08,754519.28
1949-04-11,755761.5
1949-04-12,758006.78
1949-04-13,757744.27
1949-04-14,756478.65
1949-04-18,760730.14
1949-04-19,757959.86
1949-04-20,756192.69
1949-04-21,743893.13
1949-04-22,743129.18
1949-04-25,742365.21
1949-04-26,746616.6
1949-04-27,746855.7
1949-04-28,743584.16
1949-04-29,744826.34
1949-05-02,748576.03
1949-05-03,752325.67
1949-05-04,761090.36
1949-05-05,760827.81
1949-05-06,756553.28
1949-05-09,754786.31
1949-05-10,752016.34
1949-05-11,753759.85
1949-05-12,755001.85
1949-05-13,755742.35
1949-05-16,759993.2
1949-05-17,758727.78
1949-05-18,756960.85
1949-05-19,752686.65
1949-05-20,749415.45
1949-05-23,742132.57
1949-05-24,738359.99
1949-05-25,742109.29
1949-05-26,741846.97
1949-05-27,739578.81
1949-05-31,723771.78
1949-06-01,721503.83
1949-06-02,721743.07
1949-06-03,717469.45
1949-06-06,706175.93
1949-06-07,707418.14
1949-06-08,712170.25
1949-06-09,712409.55
1949-06-10,706631.92
1949-06-13,693834.71
1949-06-14,698586.79
1949-06-15,711862.58
1949-06-16,709594.91
1949-06-17,710953.4
1949-06-20,721325.81
1949-06-21,721959.03
1949-06-22,720029.4
1949-06-23,723738.11
1949-06-24,724883.87
1949-06-27,724491.96
1949-06-28,718461.86
1949-06-29,723195.57
1949-06-30,726904.12
1949-07-01,732150.19
1949-07-05,736371.13
1949-07-06,745717.42
1949-07-07,745837.9
1949-07-08,745445.84
1949-07-11,745566.32
1949-07-12,750812.05
1949-07-13,759645.39
1949-07-14,760278.28
1949-07-15,758861.1
1949-07-18,761031.49
1949-07-19,768326.97
1949-07-20,769984.75
1949-07-21,766517.56
1949-07-22,766125.4
1949-07-25,768808.2
1949-07-26,775078.32
1949-07-27,775198.56
1949-07-28,774293.86
1949-07-29,774414.11
1949-08-01,778634.09
1949-08-02,780804.17
1949-08-03,780411.93
1949-08-04,779507.23
1949-08-05,790901.45
1949-08-08,799220.85
1949-08-09,792166.64
1949-08-10,795873.84
1949-08-11,793431.74
1949-08-12,789964.78
1949-08-15,786497.85
1949-08-16,788667.75
1949-08-17,797499.14
1949-08-18,799668.87
1949-08-19,795177.11
1949-08-22,793247.53
1949-08-23,783119.37
1949-08-24,783751.94
1949-08-25,785921.68
1949-08-26,789116.23
1949-08-29,781038.01
1949-08-30,785769.73
1949-08-31,786402.29
1949-09-01,791133.9
1949-09-02,790229.26
1949-09-06,789837
1949-09-07,795080.83
1949-09-08,796738.01
1949-09-09,796345.72
1949-09-12,802614.1
1949-09-13,814006
1949-09-14,813613.59
1949-09-15,807585.34
1949-09-16,810243.39
1949-09-19,804901.63
1949-09-20,786625.18
1949-09-21,798357.53
1949-09-22,803363.74
1949-09-23,807335.06
1949-09-26,805615.23
1949-09-27,799756.38
1949-09-28,806314.55
1949-09-29,811320.45
1949-09-30,809600.62
1949-10-03,810984.91
1949-10-04,819094.84
1949-10-05,820996.45
1949-10-06,824450.07
1949-10-07,825316.89
1949-10-10,824631.64
1949-10-11,832223.84
1949-10-13,832573.26
1949-10-14,829818.75
1949-10-17,820856.37
1949-10-18,826896.38
1949-10-19,831901.66
1949-10-20,830699.17
1949-10-21,828462.01
1949-10-24,829846.02
1949-10-25,834333.88
1949-10-26,840373.56
1949-10-27,845378.54
1949-10-28,842106.79
1949-10-31,840386.98
1949-11-01,849012.82
1949-11-02,856086.69
1949-11-03,854366.79
1949-11-04,850577.84
1949-11-07,848340.78
1949-11-09,849724.54
1949-11-10,848004.74
1949-11-14,842664.21
1949-11-15,828530.56
1949-11-16,833535.17
1949-11-17,840091.46
1949-11-18,849751.05
1949-11-21,846479.64
1949-11-22,850966.71
1949-11-23,853384.84
1949-11-25,849079.02
1949-11-28,846842.18
1949-11-29,845639.73
1949-11-30,848057.83
1949-12-01,853061.93
1949-12-02,860134.72
1949-12-05,867207.47
1949-12-06,866522.12
1949-12-07,868939.95
1949-12-08,869289
1949-12-09,869120.89
1949-12-12,877227.57
1949-12-13,881196.78
1949-12-14,883097.26
1949-12-15,883963.38
1949-12-16,883437.18
1949-12-19,879985.97
1949-12-20,877065.12
1949-12-21,875204.86
1949-12-22,883419.55
1949-12-23,883680.27
1949-12-27,880759.42
1949-12-28,885262.16
1949-12-29,886583.37
1949-12-30,892676.7
1950-01-03,886044.2
1950-01-04,896379.37
1950-01-05,900881.84
1950-01-06,903793.51
1950-01-09,909356.3
1950-01-10,906965.71
1950-01-11,910407.52
1950-01-12,893171.08
1950-01-13,888659.86
1950-01-16,891571.48
1950-01-17,899254.88
1950-01-18,898985.26
1950-01-19,900306.17
1950-01-20,902157.28
1950-01-23,903478.24
1950-01-24,900557.69
1950-01-25,894456.17
1950-01-26,894186.56
1950-01-27,899218.69
1950-01-30,910082.47
1950-01-31,911933.38
1950-02-01,912193.82
1950-02-02,921997.01
1950-02-03,925438.26
1950-02-06,927289.02
1950-02-07,922778.1
1950-02-08,921978.15
1950-02-09,925949.43
1950-02-10,924089.26
1950-02-14,914807.39
1950-02-15,915067.8
1950-02-16,911617.36
1950-02-17,920359.57
1950-02-20,923270.49
1950-02-21,921940.51
1950-02-23,924321.21
1950-02-24,928292.2
1950-02-27,928552.45
1950-02-28,925632.24
1950-03-01,926952.68
1950-03-02,926682.94
1950-03-03,930123.69
1950-03-06,931974.23
1950-03-07,925873.67
1950-03-08,925603.9
1950-03-09,919503.48
1950-03-10,920823.89
1950-03-13,922674.35
1950-03-14,929825.33
1950-03-15,940686.46
1950-03-16,943066.83
1950-03-17,941184.51
1950-03-20,940927.35
1950-03-21,941748.91
1950-03-22,947424.66
1950-03-23,948246.15
1950-03-24,948528.29
1950-03-27,943417.02
1950-03-28,947474.57
1950-03-29,942902.67
1950-03-30,935634.26
1950-03-31,935377.19
1950-04-03,948603.03
1950-04-04,949963.77
1950-04-05,954560.37
1950-04-06,962932.04
1950-04-10,966989.15
1950-04-11,961878.16
1950-04-12,972406.77
1950-04-13,974845.9
1950-04-14,974049.28
1950-04-17,970016.92
1950-04-18,978388.09
1950-04-19,979748.55
1950-04-20,973559.15
1950-04-21,975458.88
1950-04-24,968730.34
1950-04-25,969012.27
1950-04-26,965519.38
1950-04-27,971193.83
1950-04-28,976868.21
1950-05-01,991170.44
1950-05-02,985520.57
1950-05-03,994430.14
1950-05-04,986623.38
1950-05-05,992297.47
1950-05-08,995275.33
1950-05-09,995557.04
1950-05-10,996917.19
1950-05-11,997198.89
1950-05-12,991549.32
1950-05-15,996144.66
1950-05-16,1006131.93
1950-05-17,1010727.12
1950-05-18,1013165.44
1950-05-19,1019917.23
1950-05-22,1015885.21
1950-05-23,1022097.74
1950-05-24,1021300.92
1950-05-25,1021582.42
1950-05-26,1020785.56
1950-05-29,1023762.95
1950-05-31,1027279.35
1950-06-01,1027021.61
1950-06-02,1028381.32
1950-06-05,1018418.92
1950-06-06,1033796.45
1950-06-07,1036773.52
1950-06-08,1048376.71
1950-06-09,1055127.55
1950-06-12,1062956.59
1950-06-13,1055150.86
1950-06-14,1040875.84
1950-06-15,1038461.54
1950-06-16,1040969.18
1950-06-19,1038467.72
1950-06-20,1033771.27
1950-06-21,1043342.02
1950-06-22,1052364
1950-06-23,1051508.71
1950-06-26,995232.24
1950-06-27,984500.41
1950-06-28,995717.32
1950-06-29,959196.21
1950-06-30,973156.76
1950-07-03,970655.92
1950-07-05,980226.55
1950-07-06,985956.14
1950-07-07,973030.2
1950-07-10,968883.46
1950-07-11,954311.79
1950-07-12,929864.11
1950-07-13,920231.02
1950-07-14,930350.18
1950-07-17,920168.54
1950-07-18,941260.82
1950-07-19,957963.51
1950-07-20,971922.65
1950-07-21,971068.07
1950-07-24,965275.62
1950-07-25,951802.28
1950-07-26,954239.65
1950-07-27,967101.05
1950-07-28,977767.7
1950-07-31,986239.76
1950-08-01,996357.53
1950-08-02,992759.69
1950-08-03,995196.66
1950-08-04,1003668.33
1950-08-07,1018723.07
1950-08-08,1021708.39
1950-08-09,1030179.67
1950-08-10,1023290.19
1950-08-11,1012560.72
1950-08-14,1013351.62
1950-08-15,1015239.68
1950-08-16,1016579.17
1950-08-17,1027792.92
1950-08-18,1035715.07
1950-08-21,1037054.42
1950-08-22,1036199.49
1950-08-23,1044121.4
1950-08-24,1042717.91
1950-08-25,1029246.39
1950-08-28,1028940.05
1950-08-29,1029730.84
1950-08-30,1023939.19
1950-08-31,1023632.91
1950-09-01,1031005.97
1950-09-05,1038378.98
1950-09-06,1030941.91
1950-09-07,1033926.7
1950-09-08,1042945.07
1950-09-11,1035508.04
1950-09-12,1050011.28
1950-09-13,1062320.26
1950-09-14,1067498.65
1950-09-15,1073845.82
1950-09-18,1078795.43
1950-09-19,1075951.43
1950-09-20,1070880.76
1950-09-21,1080283.69
1950-09-22,1084676.43
1950-09-25,1084059.16
1950-09-26,1068968.77
1950-09-27,1084494.66
1950-09-28,1085547.36
1950-09-29,1087713.34
1950-10-02,1101568.77
1950-10-03,1100394.77
1950-10-04,1119816.29
1950-10-05,1114189.11
1950-10-06,1127487.33
1950-10-09,1121303.6
1950-10-10,1109553.73
1950-10-11,1114502.48
1950-10-13,1114441.68
1950-10-16,1107145
1950-10-17,1117659.64
1950-10-18,1124834.58
1950-10-19,1125886.92
1950-10-20,1123043.07
1950-10-23,1123538.7
1950-10-24,1130713.34
1950-10-25,1129539.27
1950-10-26,1105545.75
1950-10-27,1114946.65
1950-10-30,1106537.33
1950-10-31,1102580.6
1950-11-01,1104746.09
1950-11-02,1114703.27
1950-11-03,1121877.56
1950-11-06,1095102.61
1950-11-08,1106729.29
1950-11-09,1120025.38
1950-11-10,1128869.03
1950-11-13,1133260.28
1950-11-14,1125407.95
1950-11-15,1123677.5
1950-11-16,1118607.99
1950-11-17,1126894.81
1950-11-20,1131285.9
1950-11-21,1128998.93
1950-11-22,1145076.43
1950-11-24,1154475.76
1950-11-27,1147180.26
1950-11-28,1113173.6
1950-11-29,1103096.14
1950-11-30,1111382.59
1950-12-01,1120225.4
1950-12-04,1083994.09
1950-12-05,1101740.36
1950-12-06,1110026.52
1950-12-07,1107739.91
1950-12-08,1108235.6
1950-12-11,1126537.61
1950-12-12,1124807.38
1950-12-13,1124746.52
1950-12-14,1111887.66
1950-12-15,1107051.91
1950-12-18,1137161.07
1950-12-19,1143788.84
1950-12-20,1144689.43
1950-12-21,1145590.06
1950-12-22,1151072.17
1950-12-26,1142809.68
1950-12-27,1164899.64
1950-12-28,1169808.82
1950-12-29,1172999.9
1951-01-02,1192798.38
1951-01-03,1188544.53
1951-01-04,1199180.08
1951-01-05,1199507.53
1951-01-08,1207279.52
1951-01-09,1214478.74
1951-01-10,1199344.56
1951-01-11,1219141.93
1951-01-12,1214888.05
1951-01-15,1226095.47
1951-01-16,1235584.74
1951-01-17,1241065.47
1951-01-18,1232803.2
1951-01-19,1230839.84
1951-01-22,1220860
1951-01-23,1225768.07
1951-01-24,1220369.2
1951-01-25,1213252.6
1951-01-26,1226749.66
1951-01-29,1250553.18
1951-01-30,1254888.35
1951-01-31,1250634.6
1951-02-01,1257260
1951-02-02,1268465.88
1951-02-05,1282534.49
1951-02-06,1278280.73
1951-02-07,1271164.26
1951-02-08,1277216.65
1951-02-09,1282123.81
1951-02-13,1283023.13
1951-02-14,1279914.65
1951-02-15,1273370.88
1951-02-16,1281140.68
1951-02-19,1264291.47
1951-02-20,1262328.29
1951-02-21,1266662.87
1951-02-23,1270424.79
1951-02-26,1271324.13
1951-02-27,1261918.31
1951-02-28,1264535.18
1951-03-01,1267724.58
1951-03-02,1272631.36
1951-03-05,1264943.29
1951-03-06,1265270.14
1951-03-07,1269604.4
1951-03-08,1275083.52
1951-03-09,1275410.29
1951-03-12,1261425.24
1951-03-13,1245150.48
1951-03-14,1236318.11
1951-03-15,1238935.05
1951-03-16,1259638.67
1951-03-19,1255322.27
1951-03-20,1253334.22
1951-03-21,1260659.48
1951-03-22,1266238.46
1951-03-26,1254937.3
1951-03-27,1254113.51
1951-03-28,1239902.26
1951-03-29,1244317.11
1951-03-30,1253388.22
1951-04-02,1244415.75
1951-04-03,1241263.79
1951-04-04,1249752.7
1951-04-05,1266972.05
1951-04-06,1269058.29
1951-04-09,1267070.38
1951-04-10,1265664.45
1951-04-11,1265422.61
1951-04-12,1276821.01
1951-04-13,1292293.34
1951-04-16,1289723.27
1951-04-17,1292973.27
1951-04-18,1295641.26
1951-04-19,1290743.25
1951-04-20,1291083.23
1951-04-23,1292005.16
1951-04-24,1287107.36
1951-04-25,1288029.37
1951-04-26,1299426.85
1951-04-27,1313152.02
1951-04-30,1315819.65
1951-05-01,1321978.98
1951-05-02,1327556.32
1951-05-03,1338952.97
1951-05-04,1336964.81
1951-05-07,1329157.3
1951-05-08,1328333.06
1951-05-09,1330418.46
1951-05-10,1323193.13
1951-05-11,1313058.28
1951-05-14,1304669.27
1951-05-15,1280568.7
1951-05-16,1276835.36
1951-05-17,1289977.27
1951-05-18,1267041.19
1951-05-21,1264471.86
1951-05-22,1258993.1
1951-05-23,1247695.51
1951-05-24,1241635.02
1951-05-25,1240811.57
1951-05-28,1251625.67
1951-05-29,1260112.11
1951-05-31,1270343.92
1951-06-01,1268356.58
1951-06-04,1254732.07
1951-06-05,1260308.93
1951-06-06,1269376.71
1951-06-07,1274371.53
1951-06-08,1270638.61
1951-06-11,1277960.68
1951-06-12,1273064.23
1951-06-13,1275149.79
1951-06-14,1292362.66
1951-06-15,1304567.28
1951-06-18,1305363.61
1951-06-19,1303792.4
1951-06-20,1297485.9
1951-06-21,1289995.71
1951-06-22,1276586.83
1951-06-25,1261402.39
1951-06-26,1262199.03
1951-06-27,1266546.95
1951-06-28,1250771.14
1951-06-29,1242689.78
1951-07-02,1251180.8
1951-07-03,1259079.76
1951-07-05,1283550.62
1951-07-06,1283755.21
1951-07-09,1289286.46
1951-07-10,1283572.62
1951-07-11,1286736.38
1951-07-12,1294043
1951-07-13,1304900.45
1951-07-16,1290309.22
1951-07-17,1301758.37
1951-07-18,1299595.56
1951-07-19,1297432.71
1951-07-20,1300004.41
1951-07-23,1313228.45
1951-07-24,1333553.91
1951-07-25,1326656.57
1951-07-26,1335737.61
1951-07-27,1339492.45
1951-07-30,1345614.36
1951-07-31,1332207.61
1951-08-01,1338921.27
1951-08-02,1357470.25
1951-08-03,1359449.49
1951-08-06,1369121.62
1951-08-07,1370509.06
1951-08-08,1364795.41
1951-08-09,1359673.63
1951-08-10,1356918.97
1951-08-13,1357714.71
1951-08-14,1352001.34
1951-08-15,1357530.97
1951-08-16,1362468.72
1951-08-17,1366814.73
1951-08-20,1366426.96
1951-08-21,1360713.78
1951-08-22,1356184.04
1951-08-23,1365263.53
1951-08-24,1364284
1951-08-27,1362712.84
1951-08-28,1365875.23
1951-08-29,1376729.48
1951-08-30,1386400.15
1951-08-31,1388970.64
1951-09-04,1389174.37
1951-09-05,1397661.35
1951-09-06,1400823.28
1951-09-07,1404576.91
1951-09-10,1410105.38
1951-09-11,1403209.24
1951-09-12,1409329.25
1951-09-13,1416040.82
1951-09-14,1415061.11
1951-09-17,1411123.27
1951-09-18,1409551.96
1951-09-19,1409755.52
1951-09-20,1408775.86
1951-09-21,1398752.42
1951-09-24,1393205.21
1951-09-25,1398417.66
1951-09-26,1400043.47
1951-09-27,1392703.07
1951-09-28,1392535.77
1951-10-01,1405518.63
1951-10-02,1416110.35
1951-10-03,1425506.47
1951-10-04,1421752.57
1951-10-05,1425769.01
1951-10-08,1424406.02
1951-10-09,1418859.1
1951-10-10,1416898.49
1951-10-11,1422707.9
1951-10-15,1432103.38
1951-10-16,1427751.91
1951-10-17,1423400.5
1951-10-18,1422635.3
1951-10-19,1402146.8
1951-10-22,1368509.73
1951-10-23,1374319.2
1951-10-24,1386105.22
1951-10-25,1382352
1951-10-26,1373817.59
1951-10-29,1367076.16
1951-10-30,1365713.69
1951-10-31,1382878.18
1951-11-01,1392870.73
1951-11-02,1383141.3
1951-11-05,1376997.72
1951-11-07,1357706.59
1951-11-08,1356941.89
1951-11-09,1374105.7
1951-11-13,1376926.53
1951-11-14,1380942.52
1951-11-15,1380775.34
1951-11-16,1380010.46
1951-11-19,1375062.5
1951-11-20,1372505.02
1951-11-21,1370545.07
1951-11-23,1356633.65
1951-11-26,1358856.89
1951-11-27,1373031.46
1951-11-28,1370474.08
1951-11-29,1374489.88
1951-11-30,1387468.87
1951-12-03,1395667.3
1951-12-04,1403865.61
1951-12-05,1400112.93
1951-12-06,1416676.61
1951-12-07,1419496.8
1951-12-10,1422316.93
1951-12-11,1415576.68
1951-12-12,1420189.39
1951-12-13,1421814.44
1951-12-14,1421049.37
1951-12-17,1423869.38
1951-12-18,1429079.32
1951-12-19,1434289.22
1951-12-20,1434719.12
1951-12-21,1431560.71
1951-12-24,1433744.62
1951-12-26,1428012.62
1951-12-27,1441156.77
1951-12-28,1443949.4
1951-12-31,1449177.69
1952-01-02,1451361.38
1952-01-03,1456589.41
1952-01-04,1459381.83
1952-01-07,1459129.89
1952-01-08,1454006.95
1952-01-09,1449492.98
1952-01-10,1457156.41
1952-01-11,1464819.61
1952-01-14,1476135.91
1952-01-15,1470404.13
1952-01-16,1472587.51
1952-01-17,1479641.56
1952-01-18,1483042.47
1952-01-21,1496184.74
1952-01-22,1508717.92
1952-01-23,1501768.51
1952-01-24,1503342.72
1952-01-25,1503090.41
1952-01-28,1507099.72
1952-01-29,1505020.95
1952-01-30,1484678.24
1952-01-31,1479555.76
1952-02-01,1489653.15
1952-02-04,1479051.5
1952-02-05,1478799.42
1952-02-06,1483417.64
1952-02-07,1479512.83
1952-02-08,1487783.61
1952-02-11,1480226.23
1952-02-13,1469016.55
1952-02-14,1466329.54
1952-02-15,1466077.63
1952-02-18,1459129.54
1952-02-19,1436354.23
1952-02-20,1420275.36
1952-02-21,1424893.59
1952-02-25,1429511.76
1952-02-26,1424999.05
1952-02-27,1427182.3
1952-02-28,1434235.26
1952-02-29,1432766.15
1952-03-03,1434949.38
1952-03-04,1459045.74
1952-03-05,1461228.65
1952-03-06,1460368.1
1952-03-07,1462551.02
1952-03-10,1455603.52
1952-03-11,1457177.77
1952-03-12,1464230.03
1952-03-13,1465804.11
1952-03-14,1466160.85
1952-03-17,1476864.85
1952-03-18,1474178.22
1952-03-19,1471491.61
1952-03-20,1476108.81
1952-03-21,1478909.7
1952-03-24,1479299.86
1952-03-25,1471037.82
1952-03-26,1470810.06
1952-03-27,1484178.32
1952-03-28,1496310.37
1952-03-31,1508442.08
1952-04-01,1497090.16
1952-04-02,1493772.21
1952-04-03,1494162.19
1952-04-04,1488372.49
1952-04-07,1475167.31
1952-04-08,1482354.96
1952-04-09,1484598.89
1952-04-10,1495494.18
1952-04-14,1485996.94
1952-04-15,1467848.59
1952-04-16,1463913.21
1952-04-17,1453798.47
1952-04-18,1459750.09
1952-04-21,1471880.84
1952-04-22,1465473.82
1952-04-23,1459684.78
1952-04-24,1456985.37
1952-04-25,1464172.52
1952-04-28,1465180.48
1952-04-29,1461863.2
1952-04-30,1451749.19
1952-05-01,1442871.16
1952-05-02,1467358.97
1952-05-05,1473927.88
1952-05-06,1474935.89
1952-05-07,1483976.21
1952-05-08,1487455.59
1952-05-09,1486609.85
1952-05-12,1481439.09
1952-05-13,1483682.7
1952-05-14,1477894.22
1952-05-15,1473341.45
1952-05-16,1471260.17
1952-05-19,1474739.34
1952-05-20,1483161.09
1952-05-21,1486022.33
1952-05-22,1494443.96
1952-05-23,1493598.16
1952-05-26,1497077.06
1952-05-27,1493760.02
1952-05-28,1491678.74
1952-05-29,1493304.18
1952-06-02,1489987.25
1952-06-03,1489141.61
1952-06-04,1500033.87
1952-06-05,1509690.29
1952-06-06,1519964.4
1952-06-09,1527149.5
1952-06-10,1518890.34
1952-06-11,1524222.09
1952-06-12,1524611.7
1952-06-13,1528707.78
1952-06-16,1524773.1
1952-06-17,1527015.98
1952-06-18,1533583
1952-06-19,1538914.44
1952-06-20,1544342.39
1952-06-23,1542692.36
1952-06-24,1545438.61
1952-06-25,1549440.79
1952-06-26,1555326.95
1952-06-27,1560585.03
1952-06-30,1568983.13
1952-07-01,1579265.2
1952-07-02,1575731.02
1952-07-03,1575336.9
1952-07-07,1570546.77
1952-07-08,1570152.6
1952-07-09,1564106.61
1952-07-10,1561200.54
1952-07-11,1572110.08
1952-07-14,1575483.76
1952-07-15,1583881.17
1952-07-16,1584114.91
1952-07-17,1577441.14
1952-07-18,1565115.93
1952-07-21,1571629.2
1952-07-22,1575002.72
1952-07-23,1582143.83
1952-07-24,1590540.67
1952-07-25,1585750.87
1952-07-28,1588496.23
1952-07-29,1592497.51
1952-07-30,1599638.2
1952-07-31,1601755.53
1952-08-01,1605128.63
1952-08-04,1604106.31
1952-08-05,1606223.54
1952-08-06,1605201.37
1952-08-07,1610458.08
1952-08-08,1612575.15
1952-08-11,1610924.95
1952-08-12,1597973.2
1952-08-13,1596323.2
1952-08-14,1596556.8
1952-08-15,1591767.47
1952-08-18,1575676.85
1952-08-19,1572771.38
1952-08-20,1576772.21
1952-08-21,1578889.46
1952-08-22,1579750.98
1952-08-25,1572450.77
1952-08-26,1570173.18
1952-08-27,1577312.95
1952-08-28,1579430.14
1952-08-29,1583430.74
1952-09-02,1591198.02
1952-09-03,1597709.58
1952-09-04,1597315.42
1952-09-05,1595665.59
1952-09-08,1589621.27
1952-09-09,1574160.31
1952-09-10,1563721.82
1952-09-11,1565839
1952-09-12,1565445.08
1952-09-15,1549356.95
1952-09-16,1554612.96
1952-09-17,1557985.58
1952-09-18,1553825.24
1952-09-19,1557769.85
1952-09-22,1559451.5
1952-09-23,1566839.27
1952-09-24,1572958.82
1952-09-25,1574640.37
1952-09-26,1569981.92
1952-09-29,1567225.56
1952-09-30,1558763.33
1952-10-01,1555373.04
1952-10-02,1558322.59
1952-10-03,1557468.19
1952-10-06,1554077.97
1952-10-07,1551955.69
1952-10-08,1563780.46
1952-10-09,1563560.11
1952-10-10,1562705.77
1952-10-14,1558681.76
1952-10-15,1532469.93
1952-10-16,1523374.74
1952-10-17,1542172.44
1952-10-20,1538148.62
1952-10-21,1534758.87
1952-10-22,1518056.94
1952-10-23,1522908.19
1952-10-24,1533464.51
1952-10-27,1537681.67
1952-10-28,1540630.89
1952-10-29,1542312.28
1952-10-30,1542725.95
1952-10-31,1566593.14
1952-11-03,1572077.55
1952-11-05,1576928.03
1952-11-06,1583680.07
1952-11-07,1584727.24
1952-11-10,1584506.64
1952-11-12,1577313.7
1952-11-13,1581530.19
1952-11-14,1584478.93
1952-11-17,1588061.43
1952-11-18,1611292.63
1952-11-19,1622480.88
1952-11-20,1619724.86
1952-11-21,1619504.03
1952-11-24,1629424.28
1952-11-25,1626034.46
1952-11-26,1636588.23
1952-11-28,1645874.32
1952-12-01,1647554.7
1952-12-02,1651770.17
1952-12-03,1650281.6
1952-12-04,1644356.64
1952-12-05,1645403.29
1952-12-08,1654688.92
1952-12-09,1665875.72
1952-12-10,1669457.23
1952-12-11,1668602.38
1952-12-12,1674085.08
1952-12-15,1674497.66
1952-12-16,1676811.51
1952-12-17,1675322.93
1952-12-18,1675101.81
1952-12-19,1683214.09
1952-12-22,1693245.44
1952-12-23,1686541.26
1952-12-24,1688204.91
1952-12-26,1691155.71
1952-12-29,1701186.79
1952-12-30,1713792.35
1952-12-31,1712881.01
1953-01-02,1711326.09
1953-01-05,1719425.82
1953-01-06,1708216.36
1953-01-07,1701512.46
1953-01-08,1699314.02
1953-01-09,1683599.62
1953-01-12,1669816.31
1953-01-13,1680490.44
1953-01-14,1684728.28
1953-01-15,1688322.52
1953-01-16,1681619.19
1953-01-19,1681351.86
1953-01-20,1690094.72
1953-01-21,1687252.93
1953-01-22,1689559.89
1953-01-23,1686718.26
1953-01-26,1683876.63
1953-01-27,1686183.57
1953-01-28,1691708.15
1953-01-29,1696589.11
1953-01-30,1708548.98
1953-02-02,1717291.06
1953-02-03,1719597.51
1953-02-04,1712250.99
1953-02-05,1695251.77
1953-02-06,1673748.12
1953-02-09,1666402.09
1953-02-10,1662273.78
1953-02-11,1663937.05
1953-02-13,1670748.45
1953-02-16,1665333.23
1953-02-17,1656057.04
1953-02-18,1655146.44
1953-02-19,1661314.18
1953-02-20,1665551.36
1953-02-24,1673649.3
1953-02-25,1684321.03
1953-02-26,1687271
1953-02-27,1684429.78
1953-03-02,1686736.26
1953-03-03,1691616.55
1953-03-04,1677836.89
1953-03-05,1678856.49
1953-03-06,1682449.76
1953-03-09,1682182.45
1953-03-10,1687706.01
1953-03-11,1701593.96
1953-03-12,1702613.26
1953-03-13,1706206.26
1953-03-16,1709155.84
1953-03-17,1716609.21
1953-03-18,1711194.41
1953-03-19,1710283.5
1953-03-20,1707987.93
1953-03-23,1697963.92
1953-03-24,1708164.31
1953-03-25,1704011.95
1953-03-26,1694640.57
1953-03-27,1697664.5
1953-03-30,1673288.59
1953-03-31,1652827.31
1953-04-01,1650632.51
1953-04-02,1649742.51
1953-04-06,1609711.14
1953-04-07,1616649.75
1953-04-08,1631416.44
1953-04-09,1628569.65
1953-04-10,1625070.49
1953-04-13,1622223.77
1953-04-14,1628509.63
1953-04-15,1635447.72
1953-04-16,1632600.99
1953-04-17,1614098.78
1953-04-20,1621689.15
1953-04-21,1618190.28
1953-04-22,1604906.91
1953-04-23,1587710.08
1953-04-24,1588777.57
1953-04-27,1598324.68
1953-04-28,1610480.75
1953-04-29,1621332.17
1953-04-30,1617833.51
1953-05-01,1625423.34
1953-05-04,1643449.22
1953-05-05,1645820.73
1953-05-06,1644278.64
1953-05-07,1638170.92
1953-05-08,1642499.08
1953-05-11,1639652.65
1953-05-12,1628979.44
1953-05-13,1628742.06
1953-05-14,1636983.53
1953-05-15,1636746.11
1953-05-18,1631290.96
1953-05-19,1628444.74
1953-05-20,1643860.12
1953-05-21,1652753.37
1953-05-22,1651211.47
1953-05-25,1649017.34
1953-05-26,1641605.86
1953-05-27,1627020.49
1953-05-28,1615696.21
1953-05-29,1621328.37
1953-06-01,1596308.94
1953-06-02,1601289.15
1953-06-03,1599095.59
1953-06-04,1589728.35
1953-06-05,1594056.31
1953-06-08,1589254.22
1953-06-09,1562931.9
1953-06-10,1559434.36
1953-06-11,1573544.24
1953-06-12,1578524.29
1953-06-15,1565897.19
1953-06-16,1561747.65
1953-06-17,1581726.07
1953-06-18,1581489.05
1953-06-19,1581950.82
1953-06-22,1590157.28
1953-06-23,1601017.82
1953-06-24,1599270.52
1953-06-25,1606149.49
1953-06-26,1607719.98
1953-06-29,1603318.47
1953-06-30,1603561.85
1953-07-01,1610440.58
1953-07-02,1615328.64
1953-07-03,1618889.61
1953-07-06,1620459.89
1953-07-07,1629328.77
1953-07-08,1628908.43
1953-07-09,1624507.15
1953-07-10,1623423.3
1953-07-13,1607742.69
1953-07-14,1602014.64
1953-07-15,1606902.45
1953-07-16,1609136.17
1953-07-17,1620658.57
1953-07-20,1612276.69
1953-07-21,1608539.18
1953-07-22,1610772.84
1953-07-23,1613670
1953-07-24,1613913.27
1953-07-27,1603541.39
1953-07-28,1606438.46
1953-07-29,1616633.34
1953-07-30,1632135.45
1953-07-31,1649627.69
1953-08-03,1655841.53
1953-08-04,1652103.91
1953-08-05,1645712.79
1953-08-06,1653916.61
1953-08-07,1652832.69
1953-08-10,1651085.38
1953-08-11,1649338.21
1953-08-12,1653561.54
1953-08-13,1650487.51
1953-08-14,1643433.4
1953-08-17,1639696.27
1953-08-18,1633305.59
1953-08-19,1623598.2
1953-08-20,1622514.66
1953-08-21,1626738.01
1953-08-24,1609734.18
1953-08-25,1599363.92
1953-08-26,1594963.9
1953-08-27,1590563.92
1953-08-28,1587490.72
1953-08-31,1559874.59
1953-09-01,1566751.43
1953-09-02,1576281.36
1953-09-03,1573208.4
1953-09-04,1577431.71
1953-09-08,1580328.43
1953-09-09,1583225.06
1953-09-10,1567549.61
1953-09-11,1549884.62
1953-09-14,1521607.49
1953-09-15,1534453.6
1953-09-16,1541993.34
1953-09-17,1546216.7
1953-09-18,1538332.28
1953-09-21,1534111.85
1953-09-22,1556032.84
1953-09-23,1558515.19
1953-09-24,1559656.99
1953-09-25,1564150.18
1953-09-28,1574675.74
1953-09-29,1577828.22
1953-09-30,1568915.83
1953-10-01,1578770.78
1953-10-02,1585944.56
1953-10-05,1579043.07
1953-10-06,1573482.26
1953-10-07,1586688.04
1953-10-08,1589840.27
1953-10-09,1592992.41
1953-10-13,1587431.57
1953-10-14,1595275.09
1953-10-15,1613841.92
1953-10-16,1627046.87
1953-10-19,1628858.17
1953-10-20,1629999.24
1953-10-21,1631810.54
1953-10-22,1639653.4
1953-10-23,1643475.08
1953-10-26,1641265.15
1953-10-27,1638385.01
1953-10-28,1640866.3
1953-10-29,1660771.81
1953-10-30,1658561.86
1953-11-02,1667074.36
1953-11-04,1657492.75
1953-11-05,1666675.3
1953-11-06,1665135.5
1953-11-09,1668956.73
1953-11-10,1649993.64
1953-11-12,1656495.47
1953-11-13,1662326.95
1953-11-16,1652075.68
1953-11-17,1643835
1953-11-18,1646986.13
1953-11-19,1654827.85
1953-11-20,1657978.76
1953-11-23,1653088.69
1953-11-24,1662940.41
1953-11-25,1664751.06
1953-11-27,1674602.55
1953-11-30,1681773.75
1953-12-01,1683584.33
1953-12-02,1695445.72
1953-12-03,1697256.1
1953-12-04,1698396.44
1953-12-07,1696856.5
1953-12-08,1691966.49
1953-12-09,1690426.64
1953-12-10,1686876.71
1953-12-11,1686006.99
1953-12-14,1681787.27
1953-12-15,1683597.57
1953-12-16,1700818.13
1953-12-17,1699948.3
1953-12-18,1703856.02
1953-12-21,1701543.58
1953-12-22,1689004.01
1953-12-23,1684646.3
1953-12-24,1692560.91
1953-12-28,1686839.64
1953-12-29,1676345.89
1953-12-30,1691078.35
1953-12-31,1694902.1
1954-01-04,1704861.75
1954-01-05,1715502.97
1954-01-06,1718644.62
1954-01-07,1713605.12
1954-01-08,1705157.04
1954-01-11,1696709.01
1954-01-12,1705986.38
1954-01-13,1715945.37
1954-01-14,1724540.78
1954-01-15,1741316.82
1954-01-18,1741731.24
1954-01-19,1759188.59
1954-01-20,1764374.93
1954-01-21,1767516
1954-01-22,1772020.45
1954-01-25,1777888.24
1954-01-26,1789209.52
1954-01-27,1784170.06
1954-01-28,1785265.87
1954-01-29,1789769.96
1954-02-01,1784048.96
1954-02-02,1779691.43
1954-02-03,1786240.44
1954-02-04,1799605.99
1954-02-05,1806836.45
1954-02-08,1802478.79
1954-02-09,1798802.77
1954-02-10,1797171.7
1954-02-11,1792132.66
1954-02-12,1796636.43
1954-02-15,1791597.38
1954-02-16,1776334.11
1954-02-17,1780156.19
1954-02-18,1787386.34
1954-02-19,1785073.99
1954-02-23,1779353.67
1954-02-24,1779767.72
1954-02-25,1785634.49
1954-02-26,1802406.35
1954-03-01,1809635.98
1954-03-02,1814820.84
1954-03-03,1815234.6
1954-03-04,1821782.48
1954-03-05,1829693.31
1954-03-08,1825336.14
1954-03-09,1829839.02
1954-03-10,1834341.9
1954-03-11,1842933.97
1954-03-12,1843347.5
1954-03-15,1835582.67
1954-03-16,1835314.66
1954-03-17,1839817.26
1954-03-18,1847727.34
1954-03-19,1853623.12
1954-03-22,1852664.11
1954-03-23,1839951.55
1954-03-24,1831387.5
1954-03-25,1828354.63
1954-03-26,1838457.77
1954-03-29,1845795.4
1954-03-30,1848293.35
1954-03-31,1866001.06
1954-04-01,1882325.83
1954-04-02,1885514.74
1954-04-05,1889395.04
1954-04-06,1872535.23
1954-04-07,1879872.08
1954-04-08,1898961.37
1954-04-09,1913211.18
1954-04-12,1912943.12
1954-04-13,1918205.61
1954-04-14,1933146.28
1954-04-15,1939791.12
1954-04-19,1927770.87
1954-04-20,1927502.81
1954-04-21,1920321.79
1954-04-22,1923510.17
1954-04-23,1930846.06
1954-04-26,1938181.86
1954-04-27,1930309.7
1954-04-28,1930732.84
1954-04-29,1960188.61
1954-04-30,1966141.51
1954-05-03,1963108.12
1954-05-04,1968369.68
1954-05-05,1969483.73
1954-05-06,1985113.54
1954-05-07,1995213.43
1954-05-10,1993562.44
1954-05-11,1984999.28
1954-05-12,2001319.7
1954-05-13,1990683.1
1954-05-14,2007694.52
1954-05-17,2010881.82
1954-05-18,2011995.41
1954-05-19,2003432.47
1954-05-20,2010766.76
1954-05-21,2022939.16
1954-05-24,2024052.62
1954-05-25,2019636.85
1954-05-26,2036646.98
1954-05-27,2028775.49
1954-05-28,2038873.88
1954-06-01,2039296.12
1954-06-02,2037645.06
1954-06-03,2037376.25
1954-06-04,2034342.81
1954-06-07,2027162.71
1954-06-08,1982662.73
1954-06-09,1969954.34
1954-06-10,1983508.11
1954-06-11,2000517.09
1954-06-14,2003704
1954-06-15,2018639.25
1954-06-16,2033574.37
1954-06-17,2028468.05
1954-06-18,2034429.98
1954-06-21,2036112.44
1954-06-22,2037794.82
1954-06-23,2041578.91
1954-06-24,2050967.39
1954-06-25,2047045.32
1954-06-28,2052930.8
1954-06-29,2063720.04
1954-06-30,2048589.54
1954-07-01,2048870.77
1954-07-02,2075771.44
1954-07-06,2099169.21
1954-07-07,2100850.96
1954-07-08,2101131.78
1954-07-09,2115422.41
1954-07-12,2114302.08
1954-07-13,2107577.88
1954-07-14,2112762.03
1954-07-15,2120047.55
1954-07-16,2111222.07
1954-07-19,2105899.2
1954-07-20,2096373.54
1954-07-21,2109962.97
1954-07-22,2127054.38
1954-07-23,2130136.66
1954-07-26,2132518.61
1954-07-27,2145406.99
1954-07-28,2149889.95
1954-07-29,2157874.94
1954-07-30,2171463.09
1954-08-02,2179447.9
1954-08-03,2175525.69
1954-08-04,2173704.78
1954-08-05,2164879.95
1954-08-06,2137845.07
1954-08-09,2119915.54
1954-08-10,2137705.54
1954-08-11,2162499
1954-08-12,2153674.47
1954-08-13,2163059.64
1954-08-16,2186451.73
1954-08-17,2191634.25
1954-08-18,2189813.32
1954-08-19,2194995.74
1954-08-20,2198777.42
1954-08-23,2184350.53
1954-08-24,2175526.53
1954-08-25,2160399.6
1954-08-26,2155077.42
1954-08-27,2161660.62
1954-08-30,2140231.47
1954-08-31,2104096.47
1954-09-01,2119083.37
1954-09-02,2135470.68
1954-09-03,2151857.7
1954-09-07,2163342.5
1954-09-08,2165023.27
1954-09-09,2168804.8
1954-09-10,2176787.97
1954-09-13,2196675.28
1954-09-14,2208159.33
1954-09-15,2209139.51
1954-09-16,2221323.41
1954-09-17,2239114.61
1954-09-20,2229784.43
1954-09-21,2245874.49
1954-09-22,2261258.4
1954-09-23,2274523.65
1954-09-24,2290613.01
1954-09-27,2300347.25
1954-09-28,2312199.65
1954-09-29,2299338.89
1954-09-30,2286478.29
1954-10-01,2285621.26
1954-10-04,2298885.67
1954-10-05,2310737.65
1954-10-06,2320471.42
1954-10-07,2316083.78
1954-10-08,2315226.57
1954-10-11,2297424.26
1954-10-12,2288800.78
1954-10-13,2288649.79
1954-10-14,2261669.85
1954-10-15,2250222.73
1954-10-18,2259250.28
1954-10-19,2265453.74
1954-10-20,2284365.08
1954-10-21,2282096.13
1954-10-22,2282651.22
1954-10-25,2271204.47
1954-10-26,2270347.62
1954-10-27,2276550.62
1954-10-28,2267222.01
1954-10-29,2253657.87
1954-11-01,2261978.69
1954-11-03,2308421.22
1954-11-04,2335802.21
1954-11-05,2328591.46
1954-11-08,2351030.32
1954-11-09,2360762
1954-11-10,2363434.29
1954-11-11,2384460.58
1954-11-12,2389956.22
1954-11-15,2385568.92
1954-11-16,2393182.39
1954-11-17,2397971.98
1954-11-18,2385114.05
1954-11-19,2386374.07
1954-11-22,2396104.86
1954-11-23,2428423.71
1954-11-24,2442389.29
1954-11-26,2466236.95
1954-11-29,2466084.77
1954-11-30,2445462.42
1954-12-01,2428369.72
1954-12-02,2442334.84
1954-12-03,2464769.8
1954-12-06,2484381.23
1954-12-07,2496228.08
1954-12-08,2492546.47
1954-12-09,2481100.9
1954-12-10,2472478.62
1954-12-13,2475149.69
1954-12-14,2458763.77
1954-12-15,2474139.2
1954-12-16,2500807.23
1954-12-17,2507751.05
1954-12-20,2530395.99
1954-12-21,2534422.25
1954-12-22,2532003.75
1954-12-23,2534597.87
1954-12-27,2513561.54
1954-12-28,2539785.91
1954-12-29,2562429.43
1954-12-30,2562875.07
1954-12-31,2580505.95
1955-01-03,2636086.8
1955-01-04,2612902.62
1955-01-05,2548904.96
1955-01-06,2514981.43
1955-01-07,2536192.13
1955-01-10,2569574.69
1955-01-11,2562144.09
1955-01-12,2555429.62
1955-01-13,2545135.16
1955-01-14,2534840.97
1955-01-17,2485167.47
1955-01-18,2501365.38
1955-01-19,2513267.08
1955-01-20,2525884.57
1955-01-21,2548525.51
1955-01-24,2554698.8
1955-01-25,2554428.56
1955-01-26,2586376.12
1955-01-27,2589685.41
1955-01-28,2604449.59
1955-01-31,2636396.13
1955-02-01,2643284.5
1955-02-02,2635854.38
1955-02-03,2624128.86
1955-02-04,2661801.4
1955-02-07,2662246.2
1955-02-08,2626895.92
1955-02-09,2648101.96
1955-02-10,2672171.34
1955-02-11,2677627.23
1955-02-14,2659458.84
1955-02-15,2659903.63
1955-02-16,2651758.01
1955-02-17,2657213.85
1955-02-18,2661237.9
1955-02-21,2658819.26
1955-02-23,2657116.52
1955-02-24,2643244.51
1955-02-25,2640110.14
1955-02-28,2654155.85
1955-03-01,2659611.34
1955-03-02,2682962.52
1955-03-03,2693428.53
1955-03-04,2710336.79
1955-03-07,2693601.76
1955-03-08,2643940.2
1955-03-09,2618616.52
1955-03-10,2635524.8
1955-03-11,2590875.1
1955-03-14,2529763.37
1955-03-15,2583892.18
1955-03-16,2603663.22
1955-03-17,2614129.19
1955-03-18,2618777.1
1955-03-21,2602579.53
1955-03-22,2618953.78
1955-03-23,2653423.03
1955-03-24,2674863.17
1955-03-25,2677484.26
1955-03-28,2668524.81
1955-03-29,2670422.15
1955-03-30,2646987.28
1955-03-31,2651779.86
1955-04-01,2679009.29
1955-04-04,2670773.97
1955-04-05,2689317.66
1955-04-06,2696281.18
1955-04-07,2709034.58
1955-04-11,2716721.56
1955-04-12,2733093.35
1955-04-13,2737161.44
1955-04-14,2743400.7
1955-04-15,2756153.1
1955-04-18,2779037.48
1955-04-19,2775867.93
1955-04-20,2780659.29
1955-04-21,2784002.96
1955-04-22,2762017.29
1955-04-25,2769703.32
1955-04-26,2784626.12
1955-04-27,2770601.39
1955-04-28,2739932.57
1955-04-29,2760644.51
1955-05-02,2766882.94
1955-05-03,2742727.56
1955-05-04,2738834.9
1955-05-05,2752309.64
1955-05-06,2757824.34
1955-05-09,2761168.01
1955-05-10,2755828.17
1955-05-11,2725161.54
1955-05-12,2709691.29
1955-05-13,2727507.41
1955-05-16,2697565.33
1955-05-17,2694396.9
1955-05-18,2717278.01
1955-05-19,2732922.67
1955-05-20,2751461.44
1955-05-23,2733097.58
1955-05-24,2732099.72
1955-05-25,2742678.88
1955-05-26,2761217.05
1955-05-27,2767454.53
1955-05-31,2766456.36
1955-06-01,2770523.03
1955-06-02,2780378.14
1955-06-03,2801086.02
1955-06-06,2824687.6
1955-06-07,2844671.2
1955-06-08,2863931.08
1955-06-09,2849185.51
1955-06-10,2866998.17
1955-06-13,2894216.18
1955-06-14,2891046.63
1955-06-15,2914646.34
1955-06-16,2920158.51
1955-06-17,2930664.72
1955-06-20,2933934.45
1955-06-21,2961321.54
1955-06-22,2968245.22
1955-06-23,2979553.72
1955-06-24,2995246.96
1955-06-27,2997785.22
1955-06-28,2982053.24
1955-06-29,2983860.95
1955-06-30,3001746.02
1955-07-01,3013784.53
1955-07-05,3050669.58
1955-07-06,3159901.16
1955-07-07,3116399.44
1955-07-08,3121128.97
1955-07-11,3129512.16
1955-07-12,3129857.02
1955-07-13,3092933.6
1955-07-14,3094009.34
1955-07-15,3105315.57
1955-07-18,3102737.65
1955-07-19,3084083.61
1955-07-20,3093928.24
1955-07-21,3124232.7
1955-07-22,3150883.32
1955-07-25,3186302
1955-07-26,3193953.4
1955-07-27,3207450.18
1955-07-28,3188796.43
1955-07-29,3190602.27
1955-08-01,3147836.43
1955-08-02,3155487.94
1955-08-03,3160216.65
1955-08-04,3107222.7
1955-08-05,3122180.73
1955-08-08,3104259.14
1955-08-09,3063687.99
1955-08-10,3063302.7
1955-08-11,3092142.95
1955-08-12,3098333.12
1955-08-15,3095755.77
1955-08-16,3073451.58
1955-08-17,3076719.34
1955-08-18,3072680.8
1955-08-19,3086176.86
1955-08-22,3083599.65
1955-08-23,3125588.58
1955-08-24,3130316.88
1955-08-25,3144542.55
1955-08-26,3158768.31
1955-08-29,3156921.25
1955-08-30,3154343.53
1955-08-31,3173682.72
1955-09-01,3187907.73
1955-09-02,3205054.66
1955-09-06,3224392.97
1955-09-07,3224006.45
1955-09-08,3226542.24
1955-09-09,3227616.8
1955-09-12,3249876.55
1955-09-13,3294781.8
1955-09-14,3309005.1
1955-09-15,3291816.4
1955-09-16,3316964.03
1955-09-19,3322708.69
1955-09-20,3321096.85
1955-09-21,3340817.91
1955-09-22,3341412.79
1955-09-23,3359662.26
1955-09-26,3138104.57
1955-09-27,3210053.98
1955-09-28,3264348.1
1955-09-29,3244347.12
1955-09-30,3218461.88
1955-10-03,3132259.73
1955-10-04,3157129.87
1955-10-05,3170230.68
1955-10-06,3149495.41
1955-10-07,3126554.07
1955-10-10,3036678.07
1955-10-11,3011531.06
1955-10-12,3065087.17
1955-10-13,3056122.19
1955-10-14,3044215.09
1955-10-17,3054373.86
1955-10-18,3077036.16
1955-10-19,3108524.25
1955-10-20,3147367.16
1955-10-21,3147963.39
1955-10-24,3172095.41
1955-10-25,3152097.73
1955-10-26,3127687.51
1955-10-27,3117251.84
1955-10-28,3134764.12
1955-10-31,3133154.17
1955-11-01,3129337.71
1955-11-02,3135082.14
1955-11-03,3201133.28
1955-11-04,3254680.88
1955-11-07,3269249.56
1955-11-09,3303674.66
1955-11-10,3312359.31
1955-11-11,3351196.17
1955-11-14,3437834.67
1955-11-15,3423720.47
1955-11-16,3402252.38
1955-11-17,3379313.67
1955-11-18,3376231.21
1955-11-21,3353293.14
1955-11-22,3386244.58
1955-11-23,3391251.32
1955-11-25,3388904.09
1955-11-28,3367437.47
1955-11-29,3381268.43
1955-11-30,3378185.85
1955-12-01,3367014.65
1955-12-02,3374227.33
1955-12-05,3393940.45
1955-12-06,3394534.69
1955-12-07,3384098.92
1955-12-08,3404547.11
1955-12-09,3410288.42
1955-12-12,3376322.8
1955-12-13,3379123.06
1955-12-14,3351776.07
1955-12-15,3351635.22
1955-12-16,3357268.27
1955-12-19,3349660.7
1955-12-20,3345028.74
1955-12-21,3374616.31
1955-12-22,3380398.89
1955-12-23,3387668.99
1955-12-27,3367415.62
1955-12-28,3355345.04
1955-12-29,3363359.32
1955-12-30,3388482.35
1956-01-03,3365253.84
1956-01-04,3353927.36
1956-01-05,3350783.56
1956-01-06,3365491.96
1956-01-09,3319205.41
1956-01-10,3293746.95
1956-01-11,3310687.03
1956-01-12,3338784.17
1956-01-13,3333409.17
1956-01-16,3294562.73
1956-01-17,3319684.05
1956-01-18,3297945.79
1956-01-19,3265050.91
1956-01-20,3228437.6
1956-01-23,3220832.36
1956-01-24,3261572.65
1956-01-25,3267355.2
1956-01-26,3248593.41
1956-01-27,3240988.06
1956-01-30,3252720.53
1956-01-31,3277096.51
1956-02-01,3293290.91
1956-02-02,3307997.57
1956-02-03,3350222.37
1956-02-06,3353028.75
1956-02-07,3337985.78
1956-02-08,3305837.64
1956-02-09,3269227.7
1956-02-10,3268316.18
1956-02-13,3264429.87
1956-02-14,3253106.78
1956-02-15,3299791.3
1956-02-16,3284005.86
1956-02-17,3336638.84
1956-02-20,3332008.63
1956-02-21,3340764.4
1956-02-23,3370342.33
1956-02-24,3398432.75
1956-02-27,3395289.31
1956-02-28,3407762.36
1956-02-29,3401644.37
1956-03-01,3417091.82
1956-03-02,3437744.63
1956-03-05,3456909.66
1956-03-06,3455996.94
1956-03-07,3454340.59
1956-03-08,3463094.74
1956-03-09,3506797.86
1956-03-12,3539346.37
1956-03-13,3534714.91
1956-03-14,3570237.25
1956-03-15,3605015.32
1956-03-16,3616637.39
1956-03-19,3650990.05
1956-03-20,3672570.74
1956-03-21,3625034.74
1956-03-22,3662391.9
1956-03-23,3671200.73
1956-03-26,3655969.67
1956-03-27,3628718.98
1956-03-28,3648796.4
1956-03-29,3647087.96
1956-04-02,3664160.21
1956-04-03,3651934.37
1956-04-04,3672762.34
1956-04-05,3656029.57
1956-04-06,3677608.38
1956-04-09,3660124.57
1956-04-10,3609588.61
1956-04-11,3638678.93
1956-04-12,3617439.91
1956-04-13,3612727.12
1956-04-16,3614023.84
1956-04-17,3612315.78
1956-04-18,3598589.22
1956-04-19,3586364.95
1956-04-20,3601182.21
1956-04-23,3593465.04
1956-04-24,3564716.22
1956-04-25,3552492.82
1956-04-26,3583083.61
1956-04-27,3621184.91
1956-04-30,3651023.55
1956-05-01,3635044.37
1956-05-02,3636340.47
1956-05-03,3649654.33
1956-05-04,3662968.04
1956-05-07,3641731.72
1956-05-08,3627255.08
1956-05-09,3621791.59
1956-05-10,3563753.75
1956-05-11,3561295.08
1956-05-14,3542313.41
1956-05-15,3506057.71
1956-05-16,3482570.42
1956-05-17,3525174.83
1956-05-18,3509198.09
1956-05-21,3479703.21
1956-05-22,3425424.96
1956-05-23,3407947.22
1956-05-24,3376951.54
1956-05-25,3379000.46
1956-05-28,3340495.41
1956-05-29,3416892.99
1956-05-31,3424198.5
1956-06-01,3453282.52
1956-06-04,3474105.46
1956-06-05,3475402.68
1956-06-06,3458676.6
1956-06-07,3486257.34
1956-06-08,3422972.35
1956-06-11,3466323.08
1956-06-12,3515680.69
1956-06-13,3520732.16
1956-06-14,3513017.68
1956-06-15,3517909.02
1956-06-18,3503108.69
1956-06-19,3507274.99
1956-06-20,3522062.25
1956-06-21,3546711.69
1956-06-22,3536463.41
1956-06-25,3523180.61
1956-06-26,3547070.75
1956-06-27,3573994.87
1956-06-28,3578918.89
1956-06-29,3567153.29
1956-07-02,3564491.26
1956-07-03,3594448.79
1956-07-05,3631233.37
1956-07-06,3649811.26
1956-07-09,3666113.35
1956-07-10,3688483.78
1956-07-11,3700233.63
1956-07-12,3692260.74
1956-07-13,3703251.79
1956-07-16,3735482.36
1956-07-17,3748748.72
1956-07-18,3748361.14
1956-07-19,3750249.26
1956-07-20,3752895.9
1956-07-23,3751749.66
1956-07-24,3752120.6
1956-07-25,3760835.24
1956-07-26,3764240.27
1956-07-27,3734270.94
1956-07-30,3728573.99
1956-07-31,3758526.27
1956-08-01,3761172.55
1956-08-02,3785814.67
1956-08-03,3778600.42
1956-08-06,3719810.79
1956-08-07,3742935.82
1956-08-08,3758475.73
1956-08-09,3755812.67
1956-08-10,3738739.39
1956-08-13,3700429.92
1956-08-14,3725071.16
1956-08-15,3732268.12
1956-08-16,3724296.35
1956-08-17,3720116.92
1956-08-20,3677258.79
1956-08-21,3650327.8
1956-08-22,3615054.51
1956-08-23,3659413.13
1956-08-24,3655992.63
1956-08-27,3634371.01
1956-08-28,3627917.27
1956-08-29,3612363.44
1956-08-30,3580884.17
1956-08-31,3624482.91
1956-09-04,3653672.09
1956-09-05,3663902.36
1956-09-06,3670340.7
1956-09-07,3648720.41
1956-09-10,3630133.86
1956-09-11,3616855.72
1956-09-12,3592202.89
1956-09-13,3588025.17
1956-09-14,3605079.83
1956-09-17,3603935.28
1956-09-18,3573975.24
1956-09-19,3532641.56
1956-09-20,3530739.12
1956-09-21,3559190.02
1956-09-24,3545930.25
1956-09-25,3496758.12
1956-09-26,3502601.39
1956-09-27,3486285.91
1956-09-28,3467678.31
1956-10-01,3418508.06
1956-10-02,3481656.61
1956-10-03,3540220.05
1956-10-04,3541478.31
1956-10-05,3554197.34
1956-10-08,3553163.14
1956-10-09,3536084.22
1956-10-10,3585476.47
1956-10-11,3583678.06
1956-10-12,3598688.39
1956-10-15,3588485.89
1956-10-16,3570643.49
1956-10-17,3543633.18
1956-10-18,3550239.38
1956-10-19,3543093.31
1956-10-22,3542823.24
1956-10-23,3534913.51
1956-10-24,3520892.01
1956-10-25,3515274.38
1956-10-26,3547855.13
1956-10-29,3558280.61
1956-10-30,3556482.49
1956-10-31,3496624.45
1956-11-01,3568929.44
1956-11-02,3604564.26
1956-11-05,3652421.5
1956-11-07,3615482.42
1956-11-08,3586947.04
1956-11-09,3557648.14
1956-11-12,3569600.48
1956-11-13,3553288.43
1956-11-14,3533921
1956-11-15,3512262.15
1956-11-16,3514283.97
1956-11-19,3480403.66
1956-11-20,3450343.07
1956-11-21,3434032.54
1956-11-23,3470428.81
1956-11-26,3450299.17
1956-11-27,3453849.34
1956-11-28,3417679.57
1956-11-29,3414355.15
1956-11-30,3468318.47
1956-12-03,3537557.41
1956-12-04,3527357.88
1956-12-05,3569861.97
1956-12-06,3602435.82
1956-12-07,3620496.88
1956-12-10,3602659.19
1956-12-11,3578711.3
1956-12-12,3552472.45
1956-12-13,3581226.17
1956-12-14,3584774.84
1956-12-17,3585268.43
1956-12-18,3585762.01
1956-12-19,3577854.08
1956-12-20,3550852.62
1956-12-21,3574249.04
1956-12-26,3576440.02
1956-12-27,3574006.02
1956-12-28,3590842.04
1956-12-31,3599969.88
1957-01-02,3564392.09
1957-01-03,3595872.78
1957-01-04,3601146.81
1957-01-07,3583297.47
1957-01-08,3570843.82
1957-01-09,3564556.54
1957-01-10,3573684.2
1957-01-11,3567396.84
1957-01-14,3543382.54
1957-01-15,3491622.23
1957-01-16,3496125.89
1957-01-17,3496005.05
1957-01-18,3451953.26
1957-01-21,3434106.55
1957-01-22,3444776
1957-01-23,3471630.1
1957-01-24,3484611.44
1957-01-25,3469076.79
1957-01-28,3444294.27
1957-01-29,3461899.32
1957-01-30,3477962.98
1957-01-31,3463970.27
1957-02-01,3456913.89
1957-02-04,3450628.26
1957-02-05,3401957.05
1957-02-06,3397213.09
1957-02-07,3382451.02
1957-02-08,3359982.7
1957-02-11,3302836.71
1957-02-12,3289616.93
1957-02-13,3340358.17
1957-02-14,3337156.14
1957-02-15,3377878.34
1957-02-18,3374675.92
1957-02-19,3377638.43
1957-02-20,3389077.2
1957-02-21,3378169.11
1957-02-25,3371114.07
1957-02-26,3377158.6
1957-02-27,3374727.01
1957-02-28,3363819.43
1957-03-01,3401456.59
1957-03-04,3426764.63
1957-03-05,3439743.48
1957-03-06,3448869.64
1957-03-07,3440273.31
1957-03-08,3430136.18
1957-03-11,3408441.59
1957-03-12,3406780.59
1957-03-13,3429775.7
1957-03-14,3432737.41
1957-03-15,3431565.23
1957-03-18,3416508.54
1957-03-19,3431833.65
1957-03-20,3437031.31
1957-03-21,3438334.05
1957-03-22,3434962.77
1957-03-25,3421464.73
1957-03-26,3424325.43
1957-03-27,3438870.67
1957-03-28,3446405.02
1957-03-29,3441475.87
1957-04-01,3444336.21
1957-04-02,3466670.53
1957-04-03,3476541.26
1957-04-04,3469275.01
1957-04-05,3473692.95
1957-04-08,3466426.91
1957-04-09,3498107.01
1957-04-10,3513429.44
1957-04-11,3510836.69
1957-04-12,3519148.76
1957-04-15,3512661.65
1957-04-16,3518636.9
1957-04-17,3523832.99
1957-04-18,3550058.88
1957-04-22,3556033.63
1957-04-23,3569797
1957-04-24,3575771.53
1957-04-25,3563832.11
1957-04-26,3559681.69
1957-04-29,3578117.58
1957-04-30,3579418.93
1957-05-01,3601748.87
1957-05-02,3631087.86
1957-05-03,3627715.82
1957-05-06,3622786.04
1957-05-07,3612404.8
1957-05-08,3626945.39
1957-05-09,3631361.49
1957-05-10,3649795.85
1957-05-13,3672902.52
1957-05-14,3657069.83
1957-05-15,3670051.95
1957-05-16,3685370.18
1957-05-17,3696015.77
1957-05-20,3705882.47
1957-05-21,3711076.38
1957-05-22,3696801.41
1957-05-23,3698101.49
1957-05-24,3703295.23
1957-05-27,3670331.38
1957-05-28,3663844.5
1957-05-29,3697072.36
1957-05-31,3722512.56
1957-06-03,3718361.65
1957-06-04,3711874.74
1957-06-05,3711617.39
1957-06-06,3737835.55
1957-06-07,3742250.01
1957-06-10,3723304.1
1957-06-11,3765873.58
1957-06-12,3774959.67
1957-06-13,3782488.25
1957-06-14,3783787.55
1957-06-17,3791316.29
1957-06-18,3776264.25
1957-06-19,3751868.72
1957-06-20,3729809.45
1957-06-21,3708130.93
1957-06-24,3679489.49
1957-06-25,3709045.8
1957-06-26,3704784.64
1957-06-27,3718611.42
1957-06-28,3727719.26
1957-07-01,3732894.94
1957-07-02,3770313.64
1957-07-03,3814809.56
1957-07-05,3833353.54
1957-07-08,3850324.37
1957-07-09,3836625.46
1957-07-10,3863032.69
1957-07-11,3848547.57
1957-07-12,3866304.31
1957-07-15,3870692.14
1957-07-16,3851489.26
1957-07-17,3828354.63
1957-07-18,3824879.39
1957-07-19,3829267.61
1957-07-22,3821074.27
1957-07-23,3828607.69
1957-07-24,3832995.91
1957-07-25,3833452.28
1957-07-26,3821327.55
1957-07-29,3780109.47
1957-07-30,3780566.22
1957-07-31,3780236.59
1957-08-01,3771257.78
1957-08-02,3763065.54
1957-08-05,3730498.61
1957-08-06,3684565.47
1957-08-07,3713328.55
1957-08-08,3703564.3
1957-08-09,3705593.97
1957-08-12,3659662.26
1957-08-13,3657761.24
1957-08-14,3613403.15
1957-08-15,3615433.4
1957-08-16,3622181.05
1957-08-19,3550306.29
1957-08-20,3580641.1
1957-08-21,3596823.58
1957-08-22,3571336.99
1957-08-23,3520692.11
1957-08-26,3472406.53
1957-08-27,3529470.9
1957-08-28,3532288.02
1957-08-29,3518595.22
1957-08-30,3578802.75
1957-09-03,3596556.54
1957-09-04,3566354.54
1957-09-05,3548731.42
1957-09-06,3538183.76
1957-09-09,3507196.41
1957-09-10,3475423.41
1957-09-11,3506541.37
1957-09-12,3551022.94
1957-09-13,3549909.16
1957-09-16,3533073.11
1957-09-17,3538248.24
1957-09-18,3542637.27
1957-09-19,3520299.11
1957-09-20,3464236.71
1957-09-23,3385498.25
1957-09-24,3409045.98
1957-09-25,3368368.09
1957-09-26,3377643.44
1957-09-27,3376611.06
1957-09-30,3366857.03
1957-10-01,3394368.32
1957-10-02,3421879.3
1957-10-03,3425603.85
1957-10-04,3398406.8
1957-10-07,3353767.22
1957-10-08,3332913.74
1957-10-09,3336638.7
1957-10-10,3255530.43
1957-10-11,3254498.93
1957-10-14,3278837.87
1957-10-15,3313483.16
1957-10-16,3287081.49
1957-10-17,3233724.8
1957-10-18,3208909.5
1957-10-21,3115914.43
1957-10-22,3102992.19
1957-10-23,3242284.26
1957-10-24,3241253.11
1957-10-25,3232294.09
1957-10-28,3219371.53
1957-10-29,3241330.56
1957-10-30,3268045.65
1957-10-31,3271770.59
1957-11-01,3223174.57
1957-11-04,3218179.7
1957-11-06,3223490.65
1957-11-07,3243070.41
1957-11-08,3205574.29
1957-11-11,3205336.14
1957-11-12,3159913.92
1957-11-13,3156505.35
1957-11-14,3148340.56
1957-11-15,3222615.28
1957-11-18,3197011.13
1957-11-19,3179334.01
1957-11-20,3188607.97
1957-11-21,3233551.83
1957-11-22,3265019.75
1957-11-25,3290145.88
1957-11-26,3204301.24
1957-11-27,3296801.86
1957-11-29,3334609.26
1957-12-02,3306628.01
1957-12-03,3307974.38
1957-12-04,3322002.65
1957-12-05,3320970.88
1957-12-06,3304879.78
1957-12-09,3274522.19
1957-12-10,3246542.65
1957-12-11,3243133.97
1957-12-12,3246858.38
1957-12-13,3261678.93
1957-12-16,3213886.19
1957-12-17,3158961.06
1957-12-18,3156345.63
1957-12-19,3190187.44
1957-12-20,3164922.88
1957-12-23,3165497.15
1957-12-24,3169278.08
1957-12-26,3201918.05
1957-12-27,3191269.2
1957-12-30,3175810.53
1957-12-31,3209251.31
1958-01-02,3237080.1
1958-01-03,3280940.63
1958-01-06,3266283.47
1958-01-07,3292508.17
1958-01-08,3292279.85
1958-01-09,3273615
1958-01-10,3243728.2
1958-01-13,3253920.7
1958-01-14,3268922.33
1958-01-15,3295145.71
1958-01-16,3301329.72
1958-01-17,3305109.14
1958-01-20,3325720.8
1958-01-21,3322286.06
1958-01-22,3314843.76
1958-01-23,3328241.24
1958-01-24,3356867.45
1958-01-27,3347822.04
1958-01-28,3351600.96
1958-01-29,3372211.32
1958-01-30,3356754.16
1958-01-31,3358929.7
1958-02-03,3386752.93
1958-02-04,3420987.54
1958-02-05,3399920.09
1958-02-06,3393279.29
1958-02-07,3364197.66
1958-02-10,3344733.92
1958-02-11,3315652.98
1958-02-12,3301799.99
1958-02-13,3303174.44
1958-02-14,3335003.16
1958-02-17,3317944.69
1958-02-18,3323326.15
1958-02-19,3322296.2
1958-02-20,3303635.43
1958-02-21,3301804.33
1958-02-24,3283945.39
1958-02-25,3281313.05
1958-02-26,3306729.13
1958-02-27,3288069.11
1958-02-28,3301464.05
1958-03-03,3325276.69
1958-03-04,3343479.43
1958-03-05,3353668.51
1958-03-06,3396712.4
1958-03-07,3402894.19
1958-03-10,3414685.16
1958-03-11,3439297.08
1958-03-12,3431855.79
1958-03-13,3436434.5
1958-03-14,3426589.46
1958-03-17,3403923.8
1958-03-18,3392476.65
1958-03-19,3409074.75
1958-03-20,3411249.58
1958-03-21,3436751.17
1958-03-24,3450253.29
1958-03-25,3439450.34
1958-03-26,3428647.37
1958-03-27,3418654.75
1958-03-28,3421624.67
1958-03-31,3414062.62
1958-04-01,3400829.86
1958-04-02,3374635.07
1958-04-03,3365453.45
1958-04-07,3353841.57
1958-04-08,3378684.71
1958-04-09,3380844.62
1958-04-10,3385434.94
1958-04-11,3389214.91
1958-04-14,3410816.74
1958-04-15,3446189.75
1958-04-16,3419996.58
1958-04-17,3432686.89
1958-04-18,3470489.21
1958-04-21,3488849.45
1958-04-22,3478857.65
1958-04-23,3479396.63
1958-04-24,3507476.82
1958-04-25,3525836.38
1958-04-28,3515034.56
1958-04-29,3497752.93
1958-04-30,3533932.53
1958-05-01,3542571.06
1958-05-02,3555259.54
1958-05-05,3563898.04
1958-05-06,3582256.2
1958-05-07,3576314.38
1958-05-08,3581712.42
1958-05-09,3583060.46
1958-05-12,3563349.52
1958-05-13,3553358.44
1958-05-14,3513399.22
1958-05-15,3531756.58
1958-05-16,3533915.09
1958-05-19,3524734.45
1958-05-20,3555240.42
1958-05-21,3550919.31
1958-05-22,3570085.81
1958-05-23,3577913.1
1958-05-26,3576831.4
1958-05-27,3572510.15
1958-05-28,3577907.77
1958-05-29,3597883.17
1958-06-02,3616238.55
1958-06-03,3628924.36
1958-06-04,3632701.62
1958-06-05,3637288.65
1958-06-06,3645115.01
1958-06-09,3639983.66
1958-06-10,3633232.67
1958-06-11,3634580.12
1958-06-12,3656173.39
1958-06-13,3678576.13
1958-06-16,3692070.66
1958-06-17,3673172.29
1958-06-18,3706102.13
1958-06-19,3647523.58
1958-06-20,3667464.63
1958-06-23,3654858.29
1958-06-24,3641434.19
1958-06-25,3650906.11
1958-06-26,3668555.05
1958-06-27,3673938.19
1958-06-30,3702216.53
1958-07-01,3705964.04
1958-07-02,3709711.43
1958-07-03,3722453.1
1958-07-07,3735194.65
1958-07-08,3717682.8
1958-07-09,3705894.47
1958-07-10,3720271.04
1958-07-11,3745276.64
1958-07-14,3698330.36
1958-07-15,3696354.17
1958-07-16,3708277.45
1958-07-17,3733282.34
1958-07-18,3751746.28
1958-07-21,3798008.28
1958-07-22,3805024.8
1958-07-23,3804682.96
1958-07-24,3825598.29
1958-07-25,3852236.48
1958-07-28,3867428.13
1958-07-29,3852369.75
1958-07-30,3863473.45
1958-07-31,3872124.4
1958-08-01,3897126.21
1958-08-04,3934390.75
1958-08-05,3919332.41
1958-08-06,3896099.05
1958-08-07,3921917.31
1958-08-08,3945282.62
1958-08-11,3956384.95
1958-08-12,3920071.86
1958-08-13,3927086.8
1958-08-14,3935736.55
1958-08-15,3902694.52
1958-08-18,3880280.31
1958-08-19,3887295.33
1958-08-20,3889405.31
1958-08-21,3915221.58
1958-08-22,3923871.01
1958-08-25,3925163.3
1958-08-26,3938717.29
1958-08-27,3940009.62
1958-08-28,3920048.68
1958-08-29,3927880.49
1958-09-02,3948790.76
1958-09-03,3963978.85
1958-09-04,3957914.32
1958-09-05,3947762.73
1958-09-08,3961315.63
1958-09-09,3988763.85
1958-09-10,3976977.63
1958-09-11,4004425.51
1958-09-12,3995908.74
1958-09-15,4031529.63
1958-09-16,4063880.62
1958-09-17,4062719.56
1958-09-18,4042759.77
1958-09-19,4069335.41
1958-09-22,4053457.55
1958-09-23,4083709.89
1958-09-24,4102429.45
1958-09-25,4085727.88
1958-09-26,4093738.49
1958-09-29,4111633.87
1958-09-30,4127881.35
1958-10-01,4121888.39
1958-10-02,4138135.48
1958-10-03,4155205.92
1958-10-06,4181337.07
1958-10-07,4205820.37
1958-10-08,4213829.47
1958-10-09,4213602.11
1958-10-10,4242202.71
1958-10-13,4261742.86
1958-10-14,4232687.25
1958-10-15,4177275.2
1958-10-16,4207522.49
1958-10-17,4250947.69
1958-10-20,4235894.49
1958-10-21,4236490.4
1958-10-22,4220614.05
1958-10-23,4212973.94
1958-10-24,4200392.35
1958-10-27,4168868
1958-10-28,4185112.44
1958-10-29,4233476.72
1958-10-30,4240661.23
1958-10-31,4246198.61
1958-11-03,4265736.4
1958-11-05,4305039.43
1958-11-06,4340224.21
1958-11-07,4325171.85
1958-11-10,4351296.94
1958-11-11,4385656.8
1958-11-12,4392016.43
1958-11-13,4374493.7
1958-11-14,4396499.76
1958-11-17,4409447.09
1958-11-18,4400983.12
1958-11-19,4407342.09
1958-11-20,4408760.24
1958-11-21,4367356.76
1958-11-24,4255134.74
1958-11-25,4230202.48
1958-11-26,4303263.36
1958-11-28,4351619.28
1958-12-01,4369506.67
1958-12-02,4351161.9
1958-12-03,4357520.7
1958-12-04,4359762.29
1958-12-05,4352946.04
1958-12-08,4358481.35
1958-12-09,4383778.71
1958-12-10,4437071.66
1958-12-11,4428608.48
1958-12-12,4418498.74
1958-12-15,4431444.07
1958-12-16,4448505.99
1958-12-17,4477918.45
1958-12-18,4497450.09
1958-12-19,4491113.78
1958-12-22,4461846.21
1958-12-23,4438393.01
1958-12-24,4496338.91
1958-12-29,4549300.21
1958-12-30,4565715.37
1958-12-31,4589605.31
1959-01-02,4609341.94
1959-01-05,4628247.99
1959-01-06,4623067.42
1959-01-07,4565561.76
1959-01-08,4608553.36
1959-01-09,4639916.77
1959-01-12,4641380.36
1959-01-13,4616267.22
1959-01-14,4629358.5
1959-01-15,4647432.44
1959-01-16,4646404.57
1959-01-19,4636241.16
1959-01-20,4640196.29
1959-01-21,4667405.11
1959-01-22,4662224.59
1959-01-23,4665348.9
1959-01-26,4646881.04
1959-01-27,4648344.45
1959-01-28,4597488.76
1959-01-29,4601444.09
1959-01-30,4620347.25
1959-02-02,4603541.32
1959-02-03,4609987.72
1959-02-04,4592351.66
1959-02-05,4572224.41
1959-02-06,4536319.65
1959-02-09,4471350.74
1959-02-10,4533434.9
1959-02-11,4536559.96
1959-02-12,4508130.13
1959-02-13,4543640.45
1959-02-16,4550916.97
1959-02-17,4534112.78
1959-02-18,4552184.19
1959-02-19,4595996.71
1959-02-20,4638147.77
1959-02-24,4635459.14
1959-02-25,4616163.79
1959-02-26,4625100.35
1959-02-27,4631545.67
1959-03-02,4658748.91
1959-03-03,4702558.25
1959-03-04,4711493.92
1959-03-05,4718768.74
1959-03-06,4701134.62
1959-03-09,4696785.41
1959-03-10,4710702.43
1959-03-11,4714656.13
1959-03-12,4736045.53
1959-03-13,4742489.34
1959-03-16,4692475.27
1959-03-17,4731299.57
1959-03-18,4721138.35
1959-03-19,4717619.3
1959-03-20,4722117.14
1959-03-23,4679138.19
1959-03-24,4687241.21
1959-03-25,4681108.36
1959-03-26,4671625.9
1959-03-30,4646233.78
1959-03-31,4645963.21
1959-04-01,4667464.04
1959-04-02,4693988.47
1959-04-03,4731398.03
1959-04-06,4745361.67
1959-04-07,4735879.61
1959-04-08,4713837.26
1959-04-09,4711054.09
1959-04-10,4715806.99
1959-04-13,4733956.53
1959-04-14,4757967.08
1959-04-15,4779465.4
1959-04-16,4819383.86
1959-04-17,4860976.21
1959-04-20,4882473.25
1959-04-21,4878014.14
1959-04-22,4846762.72
1959-04-23,4836443.1
1959-04-24,4867149.52
1959-04-27,4882784.97
1959-04-28,4864930.13
1959-04-29,4846238.45
1959-04-30,4838431.12
1959-05-01,4844019.31
1959-05-04,4844584.32
1959-05-05,4853521.44
1959-05-06,4842365.65
1959-05-07,4781814.93
1959-05-08,4819217.09
1959-05-11,4839874.72
1959-05-12,4847974.46
1959-05-13,4875328.9
1959-05-14,4909380.38
1959-05-15,4892364.58
1959-05-18,4892092.21
1959-05-19,4906888.53
1959-05-20,4888198.45
1959-05-21,4892948.6
1959-05-22,4909418.84
1959-05-25,4897426.26
1959-05-26,4890456.82
1959-05-27,4899392.71
1959-05-28,4916699.31
1959-05-29,4941539.63
1959-06-01,4937918.23
1959-06-02,4904999.08
1959-06-03,4907237.87
1959-06-04,4855903.41
1959-06-05,4846423.61
1959-06-08,4784208.7
1959-06-09,4751291.79
1959-06-10,4821332.88
1959-06-11,4826920.04
1959-06-12,4830833.25
1959-06-15,4806287.3
1959-06-16,4770860.22
1959-06-17,4815787.81
1959-06-18,4813005.05
1959-06-19,4820021.47
1959-06-22,4820533.04
1959-06-23,4820201.1
1959-06-24,4845179.26
1959-06-25,4872688.02
1959-06-26,4894290.86
1959-06-29,4927704.88
1959-06-30,4936652.13
1959-07-01,4979345.3
1959-07-02,5006008.53
1959-07-06,5037733.41
1959-07-07,5068613.98
1959-07-08,5070811
1959-07-09,5066258.93
1959-07-10,5061706.94
1959-07-13,5020036.13
1959-07-14,5032356.49
1959-07-15,5036240.75
1959-07-16,5021566.28
1959-07-17,5003517.41
1959-07-20,4980407.61
1959-07-21,5023096.14
1959-07-22,5040477.14
1959-07-23,5046048.08
1959-07-24,5044870.65
1959-07-27,5076591.23
1959-07-28,5102406.67
1959-07-29,5128222.02
1959-07-30,5118609.12
1959-07-31,5119961.91
1959-08-03,5137341.12
1959-08-04,5129415.02
1959-08-05,5103775.55
1959-08-06,5099224.04
1959-08-07,5068524.43
1959-08-10,4963599.01
1959-08-11,5029056.48
1959-08-12,5017757.8
1959-08-13,5009832.96
1959-08-14,5022151.48
1959-08-17,5012539.76
1959-08-18,4966660.25
1959-08-19,4937650.15
1959-08-20,5011538.9
1959-08-21,5006988.53
1959-08-24,4989786.81
1959-08-25,5000417.88
1959-08-26,5007675.32
1959-08-27,5056259.03
1959-08-28,5044117.74
1959-08-31,5053904.89
1959-09-01,4992848.07
1959-09-02,4997574.84
1959-09-03,4942422.95
1959-09-04,4966547.21
1959-09-08,4896215.71
1959-09-09,4862149.41
1959-09-10,4837360.34
1959-09-11,4873291.45
1959-09-14,4838382.67
1959-09-15,4812750.7
1959-09-16,4816635.25
1959-09-17,4791004.28
1959-09-18,4764032.48
1959-09-21,4695024.15
1959-09-22,4684622.04
1959-09-23,4743016.64
1959-09-24,4825191.8
1959-09-25,4821583.6
1959-09-28,4857893.72
1959-09-29,4889107.29
1959-09-30,4836238.79
1959-10-01,4841973.23
1959-10-02,4864693.25
1959-10-05,4860235.41
1959-10-06,4856627.38
1959-10-07,4844526.55
1959-10-08,4834124.33
1959-10-09,4850898.83
1959-10-12,4878713.2
1959-10-13,4865763.4
1959-10-14,4828185.58
1959-10-15,4842411.95
1959-10-16,4882114.89
1959-10-19,4855577.66
1959-10-20,4826492.95
1959-10-21,4817789.99
1959-10-22,4771721.99
1959-10-23,4819916.09
1959-10-26,4852823.81
1959-10-27,4894222.94
1959-10-28,4898257.41
1959-10-29,4894649.2
1959-10-30,4904627.7
1959-11-02,4895924.54
1959-11-04,4883824.92
1959-11-05,4889557.96
1959-11-06,4913972.08
1959-11-09,4906118.41
1959-11-10,4905057.99
1959-11-11,4906544.96
1959-11-12,4880010.76
1959-11-13,4853477.24
1959-11-16,4800621.58
1959-11-17,4814845.84
1959-11-18,4867278.76
1959-11-19,4863671.52
1959-11-20,4866856.9
1959-11-23,4876834.5
1959-11-24,4900397.22
1959-11-25,4908676.43
1959-11-27,4931389.7
1959-11-30,4981272.07
1959-12-01,5017569.03
1959-12-02,5009715.35
1959-12-03,5021389.46
1959-12-04,5032214.27
1959-12-07,5042190.36
1959-12-08,5075089.15
1959-12-09,5044312.08
1959-12-10,5049193.71
1959-12-11,5037944.23
1959-12-14,5052164.66
1959-12-15,5040915.31
1959-12-16,5047494.93
1959-12-17,5038792.6
1959-12-18,5063079.32
1959-12-21,5072434.07
1959-12-22,5064666.71
1959-12-23,5050050.51
1959-12-24,5054268.44
1959-12-28,5053349.79
1959-12-29,5081538.31
1959-12-30,5122567.44
1959-12-31,5133633.42
1960-01-04,5136138.33
1960-01-05,5178022.09
1960-01-06,5156557.61
1960-01-07,5119684.24
1960-01-08,5104212.62
1960-01-11,5042515.35
1960-01-12,5012491.88
1960-01-13,4985037.13
1960-01-14,5013223.47
1960-01-15,5012305.13
1960-01-18,4971154.82
1960-01-19,4918877.09
1960-01-20,4902552
1960-01-21,4915330.28
1960-01-22,4930676.38
1960-01-25,4880112.66
1960-01-26,4887754.94
1960-01-27,4876566.23
1960-01-28,4826859.86
1960-01-29,4783146.01
1960-02-01,4813899.17
1960-02-02,4888304.41
1960-02-03,4846302.98
1960-02-04,4842818.32
1960-02-05,4818792.03
1960-02-08,4763097.62
1960-02-09,4808400.18
1960-02-10,4779239.26
1960-02-11,4753502.25
1960-02-12,4778262.54
1960-02-15,4754237.67
1960-02-16,4717375.42
1960-02-17,4743847.37
1960-02-18,4810544
1960-02-19,4848996.48
1960-02-23,4824116.08
1960-02-24,4807794.29
1960-02-25,4824850.33
1960-02-26,4845329.39
1960-02-29,4842700.82
1960-03-01,4834081.79
1960-03-02,4801500.68
1960-03-03,4730408.94
1960-03-04,4713233.2
1960-03-07,4666960.99
1960-03-08,4620689.56
1960-03-09,4670265.1
1960-03-10,4653090.3
1960-03-11,4688972.8
1960-03-14,4696614.72
1960-03-15,4733352.16
1960-03-16,4759820.22
1960-03-17,4753769.79
1960-03-18,4758612.17
1960-03-21,4764412
1960-03-22,4784052.32
1960-03-23,4823588.15
1960-03-24,4844957.84
1960-03-25,4845566.78
1960-03-28,4835795.67
1960-03-29,4829484.39
1960-03-30,4819713.47
1960-03-31,4792642.76
1960-04-01,4801036.9
1960-04-04,4811160.99
1960-04-05,4840314.46
1960-04-06,4896281.46
1960-04-07,4897755.13
1960-04-08,4887119.08
1960-04-11,4868698.8
1960-04-12,4880551.73
1960-04-13,4881160.34
1960-04-14,4893013.21
1960-04-18,4907460.6
1960-04-19,4868283.1
1960-04-20,4809213.02
1960-04-21,4822795.55
1960-04-22,4808701.35
1960-04-25,4760876.44
1960-04-26,4777053.9
1960-04-27,4777663.24
1960-04-28,4736758.96
1960-04-29,4720936.22
1960-05-02,4700789.4
1960-05-03,4761938.67
1960-05-04,4780709.73
1960-05-05,4765752.17
1960-05-06,4756848.44
1960-05-09,4761781.82
1960-05-10,4729528.18
1960-05-11,4743109.82
1960-05-12,4767933.78
1960-05-13,4807459.1
1960-05-16,4803743.99
1960-05-17,4822513.54
1960-05-18,4821393.01
1960-05-19,4842756.46
1960-05-20,4856336.88
1960-05-23,4850892.25
1960-05-24,4846312.63
1960-05-25,4844327.11
1960-05-26,4848394.71
1960-05-27,4851597.6
1960-05-31,4859988.62
1960-06-01,4865785.6
1960-06-02,4887147.06
1960-06-03,4896402.63
1960-06-06,4954081.2
1960-06-07,5001382.59
1960-06-08,5041766.03
1960-06-09,5051884.96
1960-06-10,5049898.27
1960-06-13,5052234.72
1960-06-14,5045924.78
1960-06-15,5017133.53
1960-06-16,5011688.41
1960-06-17,5006745.05
1960-06-20,4982866.98
1960-06-21,4979037.46
1960-06-22,4994383.71
1960-06-23,5021932.52
1960-06-24,5030305.45
1960-06-27,5000326.84
1960-06-28,4966862.55
1960-06-29,4967391.14
1960-06-30,4966176.76
1960-07-01,4978907.63
1960-07-05,4975949.86
1960-07-06,4969505.84
1960-07-07,4996181.45
1960-07-08,5008911.46
1960-07-11,4964990.4
1960-07-12,4911482.67
1960-07-13,4898938.32
1960-07-14,4901210.42
1960-07-15,4895638.88
1960-07-18,4865664.75
1960-07-19,4866194.04
1960-07-20,4858879.72
1960-07-21,4814962.42
1960-07-22,4782374.95
1960-07-25,4735844.46
1960-07-26,4765133.63
1960-07-27,4736033.36
1960-07-28,4771422.61
1960-07-29,4853870.32
1960-08-01,4856142.6
1960-08-02,4813970.59
1960-08-03,4786613.77
1960-08-04,4801957.93
1960-08-05,4850416.2
1960-08-08,4857916.94
1960-08-09,4886331.68
1960-08-10,4906903.17
1960-08-11,4925731.51
1960-08-12,4959373.67
1960-08-15,4955545
1960-08-16,4965658.68
1960-08-17,4976643.9
1960-08-18,4974558.14
1960-08-19,4992513.81
1960-08-22,5008726.33
1960-08-23,5058050.13
1960-08-24,5086460.84
1960-08-25,5062590.66
1960-08-26,5046562.84
1960-08-29,5033149.3
1960-08-30,4981397.87
1960-08-31,4992381.99
1960-09-01,5004237.17
1960-09-02,4996923.37
1960-09-06,4953015.35
1960-09-07,4892553.56
1960-09-08,4888726.17
1960-09-09,4921492.48
1960-09-12,4892398.2
1960-09-13,4898154.46
1960-09-14,4864704.35
1960-09-15,4846065.78
1960-09-16,4836633.04
1960-09-19,4727589.89
1960-09-20,4741415.98
1960-09-21,4791224.47
1960-09-22,4773455.66
1960-09-23,4733747.12
1960-09-26,4660690.46
1960-09-27,4650821.46
1960-09-28,4611114.65
1960-09-29,4624063.37
1960-09-30,4703707.54
1960-10-03,4690328.46
1960-10-04,4658520.81
1960-10-05,4694285.13
1960-10-06,4723905.9
1960-10-07,4751771.48
1960-10-10,4762085.76
1960-10-11,4769767.56
1960-10-12,4764286.38
1960-10-13,4801803.14
1960-10-14,4827912.02
1960-10-17,4808390.29
1960-10-18,4784481.37
1960-10-19,4776367.77
1960-10-20,4742807.4
1960-10-21,4696085.19
1960-10-24,4642344
1960-10-25,4607907.89
1960-10-26,4674379.25
1960-10-27,4725055.84
1960-10-28,4707291.36
1960-10-31,4706198
1960-11-01,4755118.48
1960-11-02,4780347.84
1960-11-03,4799434.65
1960-11-04,4841333.64
1960-11-07,4860419.58
1960-11-09,4882137.46
1960-11-10,4951233.97
1960-11-11,4929081.86
1960-11-14,4905175.47
1960-11-15,4925137.53
1960-11-16,4916146.4
1960-11-17,4903646.11
1960-11-18,4927994.77
1960-11-21,4938305.41
1960-11-22,4920541.19
1960-11-23,4928220.08
1960-11-25,4957831.81
1960-11-28,4949718.25
1960-11-29,4932831.89
1960-11-30,4908050.17
1960-12-01,4887655.16
1960-12-02,4896211.07
1960-12-05,4889852.97
1960-12-06,4904549.67
1960-12-07,4953459.8
1960-12-08,4965523.95
1960-12-09,5010046.36
1960-12-12,5028250.91
1960-12-13,5031541.75
1960-12-14,5028692.08
1960-12-15,5015315.58
1960-12-16,5061672.14
1960-12-19,5056284.72
1960-12-20,5053551.98
1960-12-21,5095064.46
1960-12-22,5081712.99
1960-12-23,5086944.11
1960-12-27,5094830.15
1960-12-28,5118643.65
1960-12-29,5143341.5
1960-12-30,5149457.06
1961-01-03,5102481.71
1961-01-04,5173190.74
1961-01-05,5192578.65
1961-01-06,5185421.3
1961-01-09,5215426.69
1961-01-10,5230389.41
1961-01-11,5246236.73
1961-01-12,5262968.6
1961-01-13,5288548.5
1961-01-16,5287584
1961-01-17,5267154.46
1961-01-18,5298042.24
1961-01-19,5306810.08
1961-01-20,5324425.88
1961-01-23,5354427.91
1961-01-24,5369388.39
1961-01-25,5377270.87
1961-01-26,5386038.19
1961-01-27,5441695.58
1961-01-30,5507084.27
1961-01-31,5491078.2
1961-02-01,5502498.48
1961-02-02,5538689.94
1961-02-03,5532415.69
1961-02-06,5492523.41
1961-02-07,5483595.44
1961-02-08,5533940.77
1961-02-09,5517935.17
1961-02-10,5472736.06
1961-02-13,5441691.95
1961-02-14,5466381.47
1961-02-15,5512301.81
1961-02-16,5546721.67
1961-02-17,5529832.07
1961-02-20,5550097.19
1961-02-21,5554438.5
1961-02-23,5575587.8
1961-02-24,5598505.52
1961-02-27,5639999.8
1961-02-28,5653186.52
1961-03-01,5653104.41
1961-03-02,5691059.08
1961-03-03,5700706.96
1961-03-06,5710354.4
1961-03-07,5659852.1
1961-03-08,5658000.47
1961-03-09,5664110.1
1961-03-10,5663142.99
1961-03-13,5679866.49
1961-03-14,5655901.69
1961-03-15,5673509.78
1961-03-16,5730920.29
1961-03-17,5766160.31
1961-03-20,5790001.47
1961-03-21,5779923.97
1961-03-22,5776986.8
1961-03-23,5762446.52
1961-03-24,5753261.99
1961-03-27,5747647.76
1961-03-28,5750959.04
1961-03-29,5800682.61
1961-03-30,5812919.11
1961-04-03,5861748.91
1961-04-04,5867736.63
1961-04-05,5850518.87
1961-04-06,5864539.55
1961-04-07,5896410.31
1961-04-10,5947915.33
1961-04-11,5956580.01
1961-04-12,5929544.64
1961-04-13,5925714.65
1961-04-14,5936163.93
1961-04-17,5964462.66
1961-04-18,5922256.23
1961-04-19,5888082.98
1961-04-20,5889608.2
1961-04-21,5885778.75
1961-04-24,5764147.56
1961-04-25,5845099.68
1961-04-26,5868043.08
1961-04-27,5860643.96
1961-04-28,5847890.37
1961-05-01,5836029.65
1961-05-02,5878604.96
1961-05-03,5927426.45
1961-05-04,5951260.61
1961-05-05,5959031.6
1961-05-08,5949847.68
1961-05-09,5955833.93
1961-05-10,5951111.5
1961-05-11,5949958.51
1961-05-12,5955944.79
1961-05-15,5990485.46
1961-05-16,6013425.06
1961-05-17,6041718.16
1961-05-18,6006656.84
1961-05-19,6032272.76
1961-05-22,5995427.42
1961-05-23,5980890.04
1961-05-24,5944045.89
1961-05-25,5922370.92
1961-05-26,5960478.67
1961-05-31,5972709.68
1961-06-01,5973341.39
1961-06-02,5989141.48
1961-06-05,6021001.6
1961-06-06,6004680.61
1961-06-07,5983006.1
1961-06-08,5986314.51
1961-06-09,5986053.82
1961-06-12,5941182.31
1961-06-13,5910587.01
1961-06-14,5927278.97
1961-06-15,5902037.19
1961-06-16,5856461.59
1961-06-19,5803119.47
1961-06-20,5854902.9
1961-06-21,5854572.73
1961-06-22,5833577.27
1961-06-23,5857506.46
1961-06-26,5796080.31
1961-06-27,5796649.1
1961-06-28,5807999.21
1961-06-29,5802278.5
1961-06-30,5813628.64
1961-07-03,5865408.45
1961-07-05,5903710.66
1961-07-06,5920449.98
1961-07-07,5917424.19
1961-07-10,5912601.39
1961-07-11,5911372.26
1961-07-12,5878699.51
1961-07-13,5837941.36
1961-07-14,5876242.01
1961-07-17,5832789.79
1961-07-18,5799220.16
1961-07-19,5825841.38
1961-07-20,5827308.47
1961-07-21,5841352.01
1961-07-24,5842818.84
1961-07-25,5875727.57
1961-07-26,5931093.7
1961-07-27,6000832.22
1961-07-28,6010382.69
1961-07-31,6015441.24
1961-08-01,6070804.77
1961-08-02,6032744.38
1961-08-03,6064751.66
1961-08-04,6100351.32
1961-08-07,6100019.14
1961-08-08,6114059.33
1961-08-09,6107439.45
1961-08-10,6126869.22
1961-08-11,6137315.91
1961-08-14,6107341.67
1961-08-15,6092638.17
1961-08-16,6109372.75
1961-08-17,6144071.43
1961-08-18,6160805.43
1961-08-21,6173946.37
1961-08-22,6175410.13
1961-08-23,6134658.97
1961-08-24,6100195.53
1961-08-25,6107947.27
1961-08-28,6111207.88
1961-08-29,6098301.31
1961-08-30,6122219.84
1961-08-31,6146137.76
1961-09-01,6157481.55
1961-09-05,6137390.31
1961-09-06,6182863.28
1961-09-07,6173549.38
1961-09-08,6131903.2
1961-09-11,6078582.49
1961-09-12,6140220.2
1961-09-13,6145276.5
1961-09-14,6102733.77
1961-09-15,6113771.88
1961-09-18,6074766.79
1961-09-19,6027629.13
1961-09-20,6053693.71
1961-09-21,6057164.61
1961-09-22,6033524.08
1961-09-25,5948432.54
1961-09-26,5950096.66
1961-09-27,6013211.75
1961-09-28,6023912.55
1961-09-29,6038227.6
1961-10-02,6042602.09
1961-10-03,6039747.23
1961-10-04,6081171.68
1961-10-05,6135246.68
1961-10-06,6154078.99
1961-10-09,6152127.01
1961-10-10,6168247.74
1961-10-11,6174428.27
1961-10-12,6174283.53
1961-10-13,6164198.95
1961-10-16,6147789.39
1961-10-17,6150355.88
1961-10-18,6181837.04
1961-10-19,6204281.52
1961-10-20,6207751.05
1961-10-23,6170559.77
1961-10-24,6164090.41
1961-10-25,6197377.41
1961-10-26,6208978.49
1961-10-27,6198894.92
1961-10-30,6206881.75
1961-10-31,6225710.73
1961-11-01,6236407.7
1961-11-02,6271499.65
1961-11-03,6304784.02
1961-11-06,6354330.54
1961-11-08,6432788.56
1961-11-09,6424510.8
1961-11-10,6452372.19
1961-11-13,6471198.16
1961-11-14,6507189.55
1961-11-15,6508849
1961-11-16,6505088.29
1961-11-17,6505844.58
1961-11-20,6515635.52
1961-11-21,6521812.4
1961-11-22,6515341.26
1961-11-24,6528745.43
1961-11-27,6530404.95
1961-11-28,6522126.9
1961-11-29,6518365.81
1961-11-30,6484792.87
1961-12-01,6527104.88
1961-12-04,6548638.39
1961-12-05,6542167.06
1961-12-06,6548342.9
1961-12-07,6522901.7
1961-12-08,6554371.79
1961-12-11,6586744.55
1961-12-12,6610083.44
1961-12-13,6600902.34
1961-12-14,6551974.86
1961-12-15,6555042.79
1961-12-18,6533135.59
1961-12-19,6488471.02
1961-12-20,6476577.74
1961-12-21,6453761.03
1961-12-22,6459162.94
1961-12-26,6470026.69
1961-12-27,6528223.05
1961-12-28,6532714.33
1961-12-29,6520820.7
1962-01-02,6467966.87
1962-01-03,6484291.17
1962-01-04,6440540.7
1962-01-05,6352190.18
1962-01-08,6303890.61
1962-01-09,6307472.77
1962-01-10,6291030.47
1962-01-11,6329200.09
1962-01-12,6351895.87
1962-01-15,6340004.82
1962-01-16,6304449.48
1962-01-17,6237039.53
1962-01-18,6244262.85
1962-01-19,6277880.04
1962-01-22,6284192.57
1962-01-23,6237717.77
1962-01-24,6248581.44
1962-01-25,6244882.88
1962-01-26,6225712.68
1962-01-29,6205632.49
1962-01-30,6231057.27
1962-01-31,6292885.72
1962-02-01,6331960.93
1962-02-02,6382866.65
1962-02-05,6390088.01
1962-02-06,6398219.35
1962-02-07,6440932.94
1962-02-08,6456344.42
1962-02-09,6448094.62
1962-02-12,6447124.83
1962-02-13,6447065.45
1962-02-14,6445186.08
1962-02-15,6475157.32
1962-02-16,6462357.7
1962-02-19,6446828.23
1962-02-20,6470428.37
1962-02-21,6440338.86
1962-02-23,6426629.72
1962-02-26,6391081
1962-02-27,6403761.23
1962-02-28,6410981.88
1962-03-01,6433671.27
1962-03-02,6430881.99
1962-03-05,6418083.21
1962-03-06,6398005.62
1962-03-07,6390666.82
1962-03-08,6437013.46
1962-03-09,6458791.8
1962-03-12,6457822.33
1962-03-13,6476870.55
1962-03-14,6505927.15
1962-03-15,6520425.63
1962-03-16,6509833.67
1962-03-19,6502239.96
1962-03-20,6485470.19
1962-03-21,6472371.36
1962-03-22,6462942.73
1962-03-23,6468196.34
1962-03-26,6417475.28
1962-03-27,6400706.35
1962-03-28,6432570.71
1962-03-29,6430483.95
1962-03-30,6388940.54
1962-04-02,6373089.98
1962-04-03,6322371.63
1962-04-04,6293675.95
1962-04-05,6332880.6
1962-04-06,6327124.39
1962-04-09,6279160.93
1962-04-10,6302766.55
1962-04-11,6289670.07
1962-04-12,6226110.03
1962-04-13,6244210.39
1962-04-16,6217351.9
1962-04-17,6245544.74
1962-04-18,6280159.54
1962-04-19,6310186.48
1962-04-23,6305348
1962-04-24,6299592.04
1962-04-25,6231448.25
1962-04-26,6171562.38
1962-04-27,6103420.46
1962-04-30,6006838.84
1962-05-01,6049710.36
1962-05-02,6076984.69
1962-05-03,6127194.69
1962-05-04,6101257.57
1962-05-07,6081742.29
1962-05-08,6004430.53
1962-05-09,5921615.47
1962-05-10,5858984.71
1962-05-11,5775254.93
1962-05-14,5817208.06
1962-05-15,5927046.52
1962-05-16,5925881.19
1962-05-17,5895360.19
1962-05-18,5885939.15
1962-05-21,5865509.78
1962-05-22,5751511.69
1962-05-23,5639350.18
1962-05-24,5595072.81
1962-05-25,5490252.89
1962-05-28,5126751.76
1962-05-29,5364092.66
1962-05-31,5506947.84
1962-06-01,5484688.15
1962-06-04,5291813.46
1962-06-05,5320005.8
1962-06-06,5395896.03
1962-06-07,5397486.87
1962-06-08,5402746.71
1962-06-11,5345633.31
1962-06-12,5210554.49
1962-06-13,5134181.03
1962-06-14,5027540.08
1962-06-15,5172268.08
1962-06-18,5158959.15
1962-06-19,5141022.98
1962-06-20,5071263.25
1962-06-21,4961712.01
1962-06-22,4878073.77
1962-06-25,4857364.16
1962-06-26,4845908.67
1962-06-27,4872394.25
1962-06-28,5040463
1962-06-29,5072499.1
1962-07-02,5175788.07
1962-07-03,5234658.24
1962-07-05,5264841.42
1962-07-06,5206190.57
1962-07-09,5241925.68
1962-07-10,5302644.3
1962-07-11,5352257.83
1962-07-12,5380588.33
1962-07-13,5362653.13
1962-07-16,5363224.02
1962-07-17,5266638.28
1962-07-18,5213543.16
1962-07-19,5234471.18
1962-07-20,5271129.14
1962-07-23,5270775.23
1962-07-24,5230635.31
1962-07-25,5240459.59
1962-07-26,5269714.24
1962-07-27,5310071.27
1962-07-30,5368932.48
1962-07-31,5406512.24
1962-08-01,5362672.12
1962-08-02,5384522.87
1962-08-03,5398046.39
1962-08-06,5364384.6
1962-08-07,5328872.88
1962-08-08,5343321.55
1962-08-09,5349443.72
1962-08-10,5348164.24
1962-08-13,5356136.66
1962-08-14,5414067.31
1962-08-15,5452568.98
1962-08-16,5451288.76
1962-08-17,5486088.93
1962-08-20,5519963.6
1962-08-21,5497405.07
1962-08-22,5559032.62
1962-08-23,5552201.21
1962-08-24,5541669.4
1962-08-27,5539463.28
1962-08-28,5469725.97
1962-08-29,5458269.74
1962-08-30,5460689.96
1962-08-31,5501962.9
1962-09-04,5450729.3
1962-09-05,5410596.69
1962-09-06,5433368.39
1962-09-07,5435788.7
1962-09-10,5442834.09
1962-09-11,5456354.54
1962-09-12,5480050.07
1962-09-13,5467669.75
1962-09-14,5485814.67
1962-09-17,5503959.68
1962-09-18,5499904.06
1962-09-19,5493074.01
1962-09-20,5455719.56
1962-09-21,5376768.67
1962-09-24,5278841.16
1962-09-25,5310463.2
1962-09-26,5235837.57
1962-09-27,5201288.29
1962-09-28,5248754.07
1962-10-01,5176926.41
1962-10-02,5234643.01
1962-10-03,5241101.31
1962-10-04,5292293.27
1962-10-05,5327641.18
1962-10-08,5328506.86
1962-10-09,5341487.76
1962-10-10,5346081.12
1962-10-11,5329239.93
1962-10-12,5320786.59
1962-10-15,5351473.24
1962-10-16,5334632.75
1962-10-17,5317792.16
1962-10-18,5267404.27
1962-10-19,5198379.52
1962-10-22,5140538.16
1962-10-23,5004421.48
1962-10-24,5165568.54
1962-10-25,5117979.13
1962-10-26,5104868.86
1962-10-29,5215692.72
1962-10-30,5292969.04
1962-10-31,5291971.18
1962-11-01,5348745.74
1962-11-02,5408315.13
1962-11-05,5465087.97
1962-11-07,5499497.12
1962-11-08,5464021.72
1962-11-09,5507748.02
1962-11-12,5584085.93
1962-11-13,5572836.45
1962-11-14,5638923.33
1962-11-15,5622083.32
1962-11-16,5640649.64
1962-11-19,5609833.66
1962-11-20,5669396.18
1962-11-21,5703801.22
1962-11-23,5772679.19
1962-11-26,5756770.49
1962-11-27,5792105.65
1962-11-28,5829303.71
1962-11-29,5857184.47
1962-11-30,5844070.54
1962-12-03,5815118.5
1962-12-04,5881197.13
1962-12-05,5858766.85
1962-12-06,5909937.7
1962-12-07,5922910.25
1962-12-10,5850171.46
1962-12-11,5855691.02
1962-12-12,5885432.99
1962-12-13,5866729.89
1962-12-14,5881565.54
1962-12-17,5863794.55
1962-12-18,5836707.98
1962-12-19,5885080.89
1962-12-20,5908299.88
1962-12-21,5891868.28
1962-12-24,5891929.22
1962-12-26,5929613.35
1962-12-27,5922149.22
1962-12-28,5925971.94
1962-12-31,5940140.87
1963-01-02,5902579.04
1963-01-03,6000457.15
1963-01-04,6040019.54
1963-01-07,6040079.73
1963-01-08,6099392.25
1963-01-09,6086284.02
1963-01-10,6098570.29
1963-01-11,6112737.08
1963-01-14,6146654.07
1963-01-15,6139189.34
1963-01-16,6098807.11
1963-01-17,6143068.78
1963-01-18,6148770.79
1963-01-21,6159174.61
1963-01-22,6175221.51
1963-01-23,6193148.76
1963-01-24,6206373.24
1963-01-25,6223359.35
1963-01-28,6254451.8
1963-01-29,6254510.36
1963-01-30,6219772.56
1963-01-31,6253685.44
1963-02-01,6265028.38
1963-02-04,6252861.27
1963-02-05,6248217.62
1963-02-06,6276487.22
1963-02-07,6255856.56
1963-02-08,6256854.96
1963-02-11,6219298.97
1963-02-12,6226880.07
1963-02-13,6257969.69
1963-02-14,6277774.52
1963-02-15,6284415.19
1963-02-18,6295756.24
1963-02-19,6266664.16
1963-02-20,6232871.39
1963-02-21,6242332.28
1963-02-25,6200077.16
1963-02-26,6202016.38
1963-02-27,6159762.21
1963-02-28,6093061.32
1963-03-01,6076195.51
1963-03-04,6135491.56
1963-03-05,6138370.93
1963-03-06,6149712.85
1963-03-07,6189262.07
1963-03-08,6196842.42
1963-03-11,6214765.2
1963-03-12,6230806.86
1963-03-13,6254370.87
1963-03-14,6226222.27
1963-03-15,6258060.21
1963-03-18,6228393.38
1963-03-19,6215812.45
1963-03-20,6262080.62
1963-03-21,6253296.42
1963-03-22,6286276.02
1963-03-25,6288881.25
1963-03-26,6307622.63
1963-03-27,6334905.71
1963-03-28,6326121.29
1963-03-29,6325878.85
1963-04-01,6353161.18
1963-04-02,6352918.55
1963-04-03,6402979.48
1963-04-04,6450191.74
1963-04-05,6491708.94
1963-04-08,6515192.55
1963-04-09,6509254.43
1963-04-10,6494775.06
1963-04-11,6541035.59
1963-04-15,6572110.81
1963-04-16,6577561.37
1963-04-17,6557387.14
1963-04-18,6555245.22
1963-04-19,6588217.87
1963-04-22,6595565.88
1963-04-23,6618097.73
1963-04-24,6636833.83
1963-04-25,6641334.41
1963-04-26,6636344.36
1963-04-29,6632304.3
1963-04-30,6647243.7
1963-05-01,6664080.51
1963-05-02,6683763.86
1963-05-03,6671182.52
1963-05-06,6624438.89
1963-05-07,6616603.22
1963-05-08,6671397.44
1963-05-09,6704365.03
1963-05-10,6721200.53
1963-05-13,6718109.26
1963-05-14,6693191.98
1963-05-15,6714772
1963-05-16,6698395.59
1963-05-17,6702895.16
1963-05-20,6672285.66
1963-05-21,6690069.59
1963-05-22,6690773.56
1963-05-23,6687681.97
1963-05-24,6680794.92
1963-05-27,6667266.77
1963-05-28,6681254.62
1963-05-29,6712321.32
1963-05-31,6757620.11
1963-06-03,6747886.44
1963-06-04,6749538.22
1963-06-05,6734112.15
1963-06-06,6739560.01
1963-06-07,6724134.24
1963-06-10,6680244.86
1963-06-11,6689487.48
1963-06-12,6726245.13
1963-06-13,6709870.96
1963-06-14,6712471.88
1963-06-17,6684712.8
1963-06-18,6692057.87
1963-06-19,6699402.83
1963-06-20,6692517.33
1963-06-21,6715797.96
1963-06-24,6711665.09
1963-06-25,6697017.18
1963-06-26,6637438.74
1963-06-27,6605583.51
1963-06-28,6634910.66
1963-07-01,6586804.95
1963-07-02,6644809.63
1963-07-03,6691342.68
1963-07-05,6718756.04
1963-07-08,6673518.79
1963-07-09,6702844.11
1963-07-10,6689152.75
1963-07-11,6677373.8
1963-07-12,6666550.4
1963-07-15,6625138.87
1963-07-16,6620051.78
1963-07-17,6600626.56
1963-07-18,6559216.46
1963-07-19,6546482.96
1963-07-22,6504118.56
1963-07-23,6505723.43
1963-07-24,6541737.66
1963-07-25,6540474.87
1963-07-26,6567886.26
1963-07-29,6580959.9
1963-07-30,6636089.05
1963-07-31,6626223.01
1963-08-01,6621136.37
1963-08-02,6643767.65
1963-08-05,6683601.88
1963-08-06,6728214.66
1963-08-07,6708790.81
1963-08-08,6715172.34
1963-08-09,6759784.61
1963-08-12,6770943.94
1963-08-13,6790705.82
1963-08-14,6818112.67
1963-08-15,6848386.15
1963-08-16,6859545.21
1963-08-19,6855413.18
1963-08-20,6850324.58
1963-08-21,6842369.83
1963-08-22,6866908.12
1963-08-23,6888579.13
1963-08-26,6903560.15
1963-08-27,6866934.32
1963-08-28,6917274.81
1963-08-29,6929388.45
1963-08-30,6962525.4
1963-09-03,6978461.15
1963-09-04,6977194.6
1963-09-05,7012242.1
1963-09-06,6997596.8
1963-09-09,6973396.53
1963-09-10,7013220.82
1963-09-11,7033932.99
1963-09-12,7029800.17
1963-09-13,7032355.7
1963-09-16,7023444.81
1963-09-17,7028867.65
1963-09-18,6998934.58
1963-09-19,7039712.35
1963-09-20,7047620.47
1963-09-23,7015937.03
1963-09-24,7049634.71
1963-09-25,7011221.53
1963-09-26,6952618.47
1963-09-27,6940166.08
1963-09-30,6899832.02
1963-10-01,6950835.13
1963-10-02,6959534.51
1963-10-03,7011497.29
1963-10-04,7014427.12
1963-10-07,7001013.22
1963-10-08,6992406.79
1963-10-09,6923233.21
1963-10-10,6955966.23
1963-10-11,6963703.53
1963-10-14,6967595.89
1963-10-15,6978216.96
1963-10-16,7034021.59
1963-10-17,7062907.82
1963-10-18,7069682.48
1963-10-21,7076457.04
1963-10-22,7037088.33
1963-10-23,7041940.72
1963-10-24,7069864.28
1963-10-25,7141046.51
1963-10-28,7187233.77
1963-10-29,7186316.66
1963-10-30,7123878.33
1963-10-31,7145071.34
1963-11-01,7128774.67
1963-11-04,7093252.61
1963-11-06,7032739.04
1963-11-07,7057777.16
1963-11-08,7087621.39
1963-11-11,7104007.27
1963-11-12,7077138.85
1963-11-13,7083912.54
1963-11-14,7052237.6
1963-11-15,6995572.41
1963-11-18,6946597.81
1963-11-19,6954333.67
1963-11-20,7018778.7
1963-11-21,6929435.92
1963-11-22,6737249.03
1963-11-26,7004498.74
1963-11-27,6993011.13
1963-11-29,7088210.78
1963-12-02,7130546.17
1963-12-03,7127707.69
1963-12-04,7146014.07
1963-12-05,7193153.21
1963-12-06,7167247.92
1963-12-09,7164409.25
1963-12-10,7168298.25
1963-12-11,7160654.61
1963-12-12,7162621.74
1963-12-13,7178043.07
1963-12-16,7202114.86
1963-12-17,7245406.44
1963-12-18,7235839.99
1963-12-19,7214741.64
1963-12-20,7203639.15
1963-12-23,7159073.78
1963-12-24,7175606.21
1963-12-26,7210563.71
1963-12-27,7223216.31
1963-12-30,7235867.99
1963-12-31,7281491.66
1964-01-02,7322266.33
1964-01-03,7330068.7
1964-01-06,7347568.18
1964-01-07,7350522.03
1964-01-08,7381597.15
1964-01-09,7409762.77
1964-01-10,7406897.34
1964-01-13,7405971.77
1964-01-14,7420560.93
1964-01-15,7448725.41
1964-01-16,7441011.82
1964-01-17,7442994.17
1964-01-20,7429462.99
1964-01-21,7450838.99
1964-01-22,7491607.38
1964-01-23,7498437.8
1964-01-24,7501390.23
1964-01-27,7499494.18
1964-01-28,7502445.82
1964-01-29,7457886.55
1964-01-30,7465686.78
1964-01-31,7499666.49
1964-02-03,7493892.06
1964-02-04,7486178.14
1964-02-05,7474586.67
1964-02-06,7493051.81
1964-02-07,7518303.59
1964-02-10,7506712.14
1964-02-11,7534871.96
1964-02-12,7559153.11
1964-02-13,7555317.32
1964-02-14,7552452.06
1964-02-17,7551524.82
1964-02-18,7553506.75
1964-02-19,7562275.16
1964-02-20,7570073.72
1964-02-24,7576902.48
1964-02-25,7577914.46
1964-02-26,7597346.71
1964-02-27,7574121.82
1964-02-28,7592584.13
1964-03-02,7610076.51
1964-03-03,7635324.38
1964-03-04,7621794.14
1964-03-05,7621836.1
1964-03-06,7647083.3
1964-03-09,7650033.94
1964-03-10,7676249.44
1964-03-11,7712159.16
1964-03-12,7725772.66
1964-03-13,7732599.52
1964-03-16,7733610.23
1964-03-17,7752069.68
1964-03-18,7758896.2
1964-03-19,7752152.37
1964-03-20,7715500.87
1964-03-23,7717339.36
1964-03-24,7704513.24
1964-03-25,7723948.98
1964-03-26,7745339.33
1964-03-30,7741311.39
1964-03-31,7726530.6
1964-04-01,7752807.97
1964-04-02,7798637.07
1964-04-03,7822959.42
1964-04-06,7831639.18
1964-04-07,7805127.25
1964-04-08,7806964.9
1964-04-09,7802936.73
1964-04-10,7818459.88
1964-04-13,7811499.21
1964-04-14,7833864.71
1964-04-15,7844499.39
1964-04-16,7856111.63
1964-04-17,7891184.32
1964-04-20,7887155.73
1964-04-21,7891924.99
1964-04-22,7887896.45
1964-04-23,7878003.36
1964-04-24,7817282.46
1964-04-27,7779043.62
1964-04-28,7833663.8
1964-04-29,7814974.02
1964-04-30,7792375.43
1964-05-01,7862632.77
1964-05-04,7892815.1
1964-05-05,7933747.87
1964-05-06,7952200.04
1964-05-07,7961855.68
1964-05-08,7948053.19
1964-05-11,7939138.13
1964-05-12,7965408.92
1964-05-13,7947697.13
1964-05-14,7937804.7
1964-05-15,7962119.78
1964-05-18,7925839.27
1964-05-19,7885649.84
1964-05-20,7921693.05
1964-05-21,7949916.92
1964-05-22,7930251.86
1964-05-25,7914495.69
1964-05-26,7898740.5
1964-05-27,7886894.83
1964-05-28,7898504.13
1964-06-01,7873953.47
1964-06-02,7834743.88
1964-06-03,7815080.72
1964-06-04,7735804.81
1964-06-05,7770868.7
1964-06-08,7734593.43
1964-06-09,7784315.54
1964-06-10,7814492.56
1964-06-11,7843691.7
1964-06-12,7831846.67
1964-06-15,7868863.1
1964-06-16,7911741.95
1964-06-17,7952665.36
1964-06-18,7951569.75
1964-06-19,7961766.12
1964-06-22,7984174.1
1964-06-23,7951462.48
1964-06-24,7980759.95
1964-06-25,7996277.57
1964-06-26,8021637.22
1964-06-29,8040106.87
1964-06-30,8045781.58
1964-07-01,8103618.95
1964-07-02,8136850.9
1964-07-06,8175003.68
1964-07-07,8189534.62
1964-07-08,8190286.74
1964-07-09,8200880.53
1964-07-10,8215410.94
1964-07-13,8211241.71
1964-07-14,8187389.64
1964-07-15,8215697.91
1964-07-16,8245974.47
1964-07-17,8283139.5
1964-07-20,8257318.92
1964-07-21,8238388.32
1964-07-22,8237171.36
1964-07-23,8233987.28
1964-07-24,8232770.38
1964-07-27,8196126.8
1964-07-28,8174244.47
1964-07-29,8181885.14
1964-07-30,8199366.26
1964-07-31,8208975.17
1964-08-03,8192013.98
1964-08-04,8090424.73
1964-08-05,8103969.75
1964-08-06,8030919.78
1964-08-07,8082842.8
1964-08-10,8075723.24
1964-08-11,8074508.38
1964-08-12,8115605.03
1964-08-13,8139974.04
1964-08-14,8134821.91
1964-08-17,8136558.47
1964-08-18,8141246.8
1964-08-19,8134127.18
1964-08-20,8097489.28
1964-08-21,8111033.02
1964-08-24,8096042.79
1964-08-25,8050550.16
1964-08-26,8039495.67
1964-08-27,8077637.53
1964-08-28,8106923.94
1964-08-31,8091934.29
1964-09-01,8127123.32
1964-09-02,8140666.03
1964-09-03,8166015.45
1964-09-04,8186445.53
1964-09-08,8198020.07
1964-09-09,8216481.47
1964-09-10,8222151.95
1964-09-11,8257338.16
1964-09-14,8235461.52
1964-09-15,8214568.5
1964-09-16,8238931.8
1964-09-17,8293793.69
1964-09-18,8263356.12
1964-09-21,8302078.04
1964-09-22,8306154.68
1964-09-23,8309241.95
1964-09-24,8319257.26
1964-09-25,8341150.66
1964-09-28,8349186.27
1964-09-29,8346333.71
1964-09-30,8341501.92
1964-10-01,8332710.9
1964-10-02,8361531.9
1964-10-05,8400250.18
1964-10-06,8406305.75
1964-10-07,8408402.06
1964-10-08,8433262.48
1964-10-09,8452184.23
1964-10-12,8455269.35
1964-10-13,8428662.61
1964-10-14,8412943.42
1964-10-15,8360604.28
1964-10-16,8419114.8
1964-10-19,8430117.93
1964-10-20,8455966.61
1964-10-21,8449154.71
1964-10-22,8434425.96
1964-10-23,8455325.32
1964-10-26,8442575.76
1964-10-27,8443681.69
1964-10-28,8414108.37
1964-10-29,8419173.19
1964-10-30,8433144.39
1964-11-02,8465918.73
1964-11-04,8463065.83
1964-11-05,8466151.21
1964-11-06,8474184.18
1964-11-09,8471331.28
1964-11-10,8437800.27
1964-11-11,8462656.93
1964-11-12,8474648.11
1964-11-13,8477732.52
1964-11-16,8522379.44
1964-11-17,8561087.8
1964-11-18,8580994.52
1964-11-19,8578140.98
1964-11-20,8589141.01
1964-11-23,8562538.84
1964-11-24,8536926.8
1964-11-25,8509335.7
1964-11-27,8482734.72
1964-11-30,8410616.28
1964-12-01,8325636.49
1964-12-02,8350490.62
1964-12-03,8390186.76
1964-12-04,8408113.74
1964-12-07,8407241.08
1964-12-08,8375694.67
1964-12-09,8323370.32
1964-12-10,8323487.22
1964-12-11,8345372.62
1964-12-14,8325700.29
1964-12-15,8304050.51
1964-12-16,8337808.06
1964-12-17,8373543.59
1964-12-18,8413045.51
1964-12-21,8423147.19
1964-12-22,8419276.15
1964-12-23,8402429.48
1964-12-24,8403548.62
1964-12-28,8396682.95
1964-12-29,8371852.08
1964-12-30,8421877.02
1964-12-31,8467908.14
1965-01-04,8417128.62
1965-01-05,8458168.58
1965-01-06,8485236.29
1965-01-07,8523281.94
1965-01-08,8535378.34
1965-01-11,8539490.3
1965-01-12,8561566.28
1965-01-13,8585637.58
1965-01-14,8586755.23
1965-01-15,8624798.4
1965-01-18,8653858.85
1965-01-19,8668947.42
1965-01-20,8667070.65
1965-01-21,8660203.86
1965-01-22,8683275.76
1965-01-25,8696368.12
1965-01-26,8705468.47
1965-01-27,8735524.92
1965-01-28,8761589.18
1965-01-29,8770688.08
1965-02-01,8773800.46
1965-02-02,8771923.03
1965-02-03,8781021.65
1965-02-04,8776150.69
1965-02-05,8749326.59
1965-02-08,8716515.21
1965-02-09,8746569.55
1965-02-10,8669853.99
1965-02-11,8579169.93
1965-02-12,8643150.48
1965-02-15,8634289.43
1965-02-16,8595493.74
1965-02-17,8606589.03
1965-02-18,8635645.35
1965-02-19,8652726.69
1965-02-23,8696748.41
1965-02-24,8750747.09
1965-02-25,8754856.44
1965-02-26,8778921.44
1965-03-01,8762077.74
1965-03-02,8778160.16
1965-03-03,8765307.76
1965-03-04,8738487.35
1965-03-05,8721644.45
1965-03-08,8725753.8
1965-03-09,8712902.18
1965-03-10,8699052.83
1965-03-11,8736086.4
1965-03-12,8768130.66
1965-03-15,8772239.5
1965-03-16,8762380.91
1965-03-17,8752522.47
1965-03-18,8732687.74
1965-03-19,8736245.14
1965-03-22,8736216.68
1965-03-23,8747253.61
1965-03-24,8764326.13
1965-03-25,8740153.06
1965-03-26,8676746.95
1965-03-29,8660622.91
1965-03-30,8678701.76
1965-03-31,8675655.96
1965-04-01,8692728.25
1965-04-02,8714830.33
1965-04-05,8715807.42
1965-04-06,8713766.81
1965-04-07,8719773.82
1965-04-08,8770040.63
1965-04-09,8823324.28
1965-04-12,8862525.33
1965-04-13,8873560.06
1965-04-14,8894653.36
1965-04-15,8886576.48
1965-04-19,8923763.7
1965-04-20,8919709.5
1965-04-21,8904591.64
1965-04-22,8953847.6
1965-04-23,8964881.06
1965-04-26,8966862.22
1965-04-27,8982924.87
1965-04-28,8979876.44
1965-04-29,8973810.75
1965-04-30,8992890.28
1965-05-03,9005934.98
1965-05-04,9035071.73
1965-05-05,9056161.59
1965-05-06,9078257.13
1965-05-07,9072190.97
1965-05-10,9054056.27
1965-05-11,9043967.28
1965-05-12,9084165.68
1965-05-13,9118328.54
1965-05-14,9102205.16
1965-05-17,9046858.9
1965-05-18,9039787.36
1965-05-19,9061881.53
1965-05-20,9013576.69
1965-05-21,8971306.48
1965-05-24,8905905.83
1965-05-25,8958170.95
1965-05-26,8928976.3
1965-05-27,8883690.37
1965-05-28,8942994.03
1965-06-01,8974138.81
1965-06-02,8811193.94
1965-06-03,8793063.5
1965-06-04,8815157.69
1965-06-07,8793004.16
1965-06-08,8698447.77
1965-06-09,8609926.17
1965-06-10,8579730.52
1965-06-11,8619926.05
1965-06-14,8509284.18
1965-06-15,8558529.4
1965-06-16,8630902.19
1965-06-17,8686179.63
1965-06-18,8646076.49
1965-06-21,8617550.64
1965-06-22,8634614.78
1965-06-23,8580760.73
1965-06-24,8469160.24
1965-06-25,8419360.74
1965-06-28,8272304.99
1965-06-29,8355222.65
1965-06-30,8529315.62
1965-07-01,8566641.43
1965-07-02,8636384.71
1965-07-06,8620016.48
1965-07-07,8588453.38
1965-07-08,8662247.19
1965-07-09,8695518.37
1965-07-12,8694346.51
1965-07-13,8685069.57
1965-07-14,8714288.46
1965-07-15,8699946.95
1965-07-16,8697761.88
1965-07-19,8692537.23
1965-07-20,8583989.71
1965-07-21,8536221.29
1965-07-22,8514790.92
1965-07-23,8537931.28
1965-07-26,8536760.69
1965-07-27,8519382.66
1965-07-28,8536444.32
1965-07-29,8603139.75
1965-07-30,8661730.62
1965-08-02,8679803.96
1965-08-03,8684709.54
1965-08-04,8718989.17
1965-08-05,8719842.73
1965-08-06,8749056.86
1965-08-09,8728639.9
1965-08-10,8730506.45
1965-08-11,8757693.69
1965-08-12,8783868.23
1965-08-13,8824222.13
1965-08-16,8835203.84
1965-08-17,8853274.38
1965-08-18,8849062.46
1965-08-19,8829659
1965-08-20,8820383.74
1965-08-23,8808069.58
1965-08-24,8824114.41
1965-08-25,8835094.76
1965-08-26,8869369.15
1965-08-27,8876297.83
1965-08-30,8878163.07
1965-08-31,8874964.21
1965-09-01,8875816.47
1965-09-02,8925280.49
1965-09-03,8967653.9
1965-09-07,8998887.45
1965-09-08,9030120.52
1965-09-09,9054263.43
1965-09-10,9078406.75
1965-09-13,9105586.89
1965-09-14,9070993.54
1965-09-15,9121465.25
1965-09-16,9172949.09
1965-09-17,9176296.21
1965-09-20,9180586.87
1965-09-21,9154306.72
1965-09-22,9197320.24
1965-09-23,9161869.73
1965-09-24,9179406.99
1965-09-27,9244837.13
1965-09-28,9223652.67
1965-09-29,9183107.86
1965-09-30,9178227.94
1965-10-01,9173348.08
1965-10-04,9192922.78
1965-10-05,9250197.4
1965-10-06,9242260.45
1965-10-07,9236361.11
1965-10-08,9276312.75
1965-10-11,9330529.21
1965-10-12,9329723.38
1965-10-13,9329936.67
1965-10-14,9315886.41
1965-10-15,9336477.04
1965-10-18,9368275.76
1965-10-19,9381734.45
1965-10-20,9380928.28
1965-10-21,9398462.15
1965-10-22,9403769.42
1965-10-25,9373416.88
1965-10-26,9428646.41
1965-10-27,9461461.8
1965-10-28,9432128.54
1965-10-29,9454754.78
1965-11-01,9436629.57
1965-11-03,9446010.73
1965-11-04,9462523.94
1965-11-05,9454586.63
1965-11-08,9441555.32
1965-11-09,9412223.73
1965-11-10,9403268.02
1965-11-11,9433024.26
1965-11-12,9479080.15
1965-11-15,9488460.42
1965-11-16,9467280.28
1965-11-17,9487866.37
1965-11-18,9450386.96
1965-11-19,9453655.25
1965-11-22,9393765.43
1965-11-23,9409258.52
1965-11-24,9426789.15
1965-11-26,9437188.13
1965-11-29,9414990.77
1965-11-30,9396867.66
1965-12-01,9386894.13
1965-12-02,9358585.33
1965-12-03,9365928.67
1965-12-06,9297894.43
1965-12-07,9380615.8
1965-12-08,9370642.77
1965-12-09,9400395
1965-12-10,9426073.13
1965-12-13,9430360.03
1965-12-14,9436683.65
1965-12-15,9452174.67
1965-12-16,9463591.91
1965-12-17,9460111.75
1965-12-20,9417160.09
1965-12-21,9455371.56
1965-12-22,9485363.34
1965-12-23,9476315.41
1965-12-27,9408707.99
1965-12-28,9410961.59
1965-12-29,9440952.81
1965-12-30,9482244.23
1965-12-31,9507098.34
1966-01-03,9482640.85
1966-01-04,9492084.89
1966-01-05,9553920.27
1966-01-06,9576718.09
1966-01-07,9586161.22
1966-01-10,9606904.25
1966-01-11,9616347
1966-01-12,9594971.61
1966-01-13,9613659.18
1966-01-14,9629264.86
1966-01-17,9658224.08
1966-01-18,9677938.18
1966-01-19,9652454.94
1966-01-20,9619780.87
1966-01-21,9632304.44
1966-01-24,9658181.07
1966-01-25,9673785.61
1966-01-26,9659601.6
1966-01-27,9657744.16
1966-01-28,9621990.13
1966-01-31,9579046.58
1966-02-01,9506317.06
1966-02-02,9545545.83
1966-02-03,9559096.46
1966-02-04,9622975.81
1966-02-07,9658094.25
1966-02-08,9655210.38
1966-02-09,9708815.93
1966-02-10,9686416.66
1966-02-11,9685585.68
1966-02-14,9658051.22
1966-02-15,9622300.4
1966-02-16,9622497.99
1966-02-17,9572369.26
1966-02-18,9547917.49
1966-02-21,9493681.81
1966-02-23,9454852.6
1966-02-24,9395483
1966-02-25,9422384.17
1966-02-28,9431825.95
1966-03-01,9313918.77
1966-03-02,9221689.01
1966-03-03,9255779.54
1966-03-04,9233385.41
1966-03-07,9111376.07
1966-03-08,9126981.29
1966-03-09,9208311.37
1966-03-10,9209538.41
1966-03-11,9199469.03
1966-03-14,9098002.86
1966-03-15,9047884.47
1966-03-16,9101485.67
1966-03-17,9134547.41
1966-03-18,9172497.98
1966-03-21,9243004.22
1966-03-22,9271030.47
1966-03-23,9237927.55
1966-03-24,9255592.92
1966-03-25,9282582.17
1966-03-28,9291958.34
1966-03-29,9256783.72
1966-03-30,9207105.98
1966-03-31,9254815.8
1966-04-01,9329460.84
1966-04-04,9415500.95
1966-04-05,9473567.23
1966-04-06,9500553.23
1966-04-07,9522359.35
1966-04-11,9526552.87
1966-04-12,9492415.04
1966-04-13,9502825.05
1966-04-14,9538097.67
1966-04-15,9551614.11
1966-04-18,9510226.34
1966-04-19,9510275.94
1966-04-20,9564194.13
1966-04-21,9600500.31
1966-04-22,9586046.53
1966-04-25,9567450.05
1966-04-26,9559211.85
1966-04-27,9536472.21
1966-04-28,9472296.77
1966-04-29,9466131.66
1966-05-02,9450644.23
1966-05-03,9342965.11
1966-05-04,9296403.07
1966-05-05,9146257.66
1966-05-06,9138023.12
1966-05-09,8981666.48
1966-05-10,9061478.38
1966-05-11,9078104.65
1966-05-12,8975613.32
1966-05-13,8897982.36
1966-05-16,8789279.47
1966-05-17,8709579.09
1966-05-18,8865001
1966-05-19,8855733.13
1966-05-20,8899289.92
1966-05-23,8980132.22
1966-05-24,9040258.84
1966-05-25,9072420.15
1966-05-26,9073508.94
1966-05-27,9101526.56
1966-05-31,8978329.63
1966-06-01,8976312.13
1966-06-02,8962901.97
1966-06-03,8974348.24
1966-06-06,8909154.43
1966-06-07,8849140.27
1966-06-08,8860587.12
1966-06-09,8920709.67
1966-06-10,9019150.51
1966-06-13,9060629.44
1966-06-14,9086573.14
1966-06-15,9052450.91
1966-06-16,9026613.51
1966-06-17,9031300.76
1966-06-20,9029149.44
1966-06-21,9054140.35
1966-06-22,9069735.76
1966-06-23,9034178.25
1966-06-24,9043510.25
1966-06-27,8992294.5
1966-06-28,8950474.35
1966-06-29,8866899.25
1966-06-30,8855353.8
1966-07-01,8947154.18
1966-07-05,8970056.59
1966-07-06,9100477.56
1966-07-07,9134861.08
1966-07-08,9159849.73
1966-07-11,9144127.1
1966-07-12,9085607.55
1966-07-13,9026045.63
1966-07-14,9081304.63
1966-07-15,9109424.08
1966-07-18,9101009.06
1966-07-19,9033098.18
1966-07-20,8948487.21
1966-07-21,8950511.3
1966-07-22,8940011.31
1966-07-25,8776076.03
1966-07-26,8763488.73
1966-07-27,8806221.39
1966-07-28,8772759.4
1966-07-29,8755998.15
1966-08-01,8622338.77
1966-08-02,8625409.93
1966-08-03,8711977.95
1966-08-04,8794369.74
1966-08-05,8802657.57
1966-08-08,8777547.11
1966-08-09,8751393.11
1966-08-10,8712715.88
1966-08-11,8704304.96
1966-08-12,8720942.65
1966-08-15,8677047.92
1966-08-16,8562185.83
1966-08-17,8516206.03
1966-08-18,8410739.99
1966-08-19,8355368.99
1966-08-22,8212334.74
1966-08-23,8199754.35
1966-08-24,8300926.11
1966-08-25,8196508.67
1966-08-26,8025304.3
1966-08-29,7830099.14
1966-08-30,7969882.9
1966-08-31,8100272.11
1966-09-01,8163872.1
1966-09-02,8135639.51
1966-09-06,8088623.64
1966-09-07,8028042.89
1966-09-08,7995637.77
1966-09-09,8021669.61
1966-09-12,8191705.32
1966-09-13,8235474.57
1966-09-14,8320982.93
1966-09-15,8421099.49
1966-09-16,8412079.97
1966-09-19,8371261.37
1966-09-20,8314669.52
1966-09-21,8176051.05
1966-09-22,8201487.57
1966-09-23,8174342.42
1966-09-26,8195572.07
1966-09-27,8222058.88
1966-09-28,8119200.66
1966-09-29,8036323.43
1966-09-30,8063862.63
1966-10-03,7890553.45
1966-10-04,7912835.23
1966-10-05,7870973.1
1966-10-06,7804925.85
1966-10-07,7716796.76
1966-10-10,7857901.73
1966-10-11,7899111.02
1966-10-12,8124332.6
1966-10-13,8109809.15
1966-10-14,8080565.11
1966-10-17,8173293.97
1966-10-18,8301771.23
1966-10-19,8236776.87
1966-10-20,8215943.82
1966-10-21,8253993.73
1966-10-24,8279424.66
1966-10-25,8331141.92
1966-10-26,8403886.65
1966-10-27,8473476.15
1966-10-28,8475773.47
1966-10-31,8472814.2
1966-11-01,8538195.94
1966-11-02,8546801.6
1966-11-03,8514403.31
1966-11-04,8541933.77
1966-11-07,8534769.35
1966-11-09,8604352.91
1966-11-10,8659217.39
1966-11-11,8665719.42
1966-11-14,8607038.34
1966-11-15,8641926.11
1966-11-16,8714660.88
1966-11-17,8655980.75
1966-11-18,8600455.29
1966-11-21,8478698.58
1966-11-22,8435791.01
1966-11-23,8493806.75
1966-11-25,8562334.17
1966-11-28,8548862.17
1966-11-29,8519621.39
1966-11-30,8524020.93
1966-12-01,8486371.46
1966-12-02,8492873.29
1966-12-05,8505682.91
1966-12-06,8570001.68
1966-12-07,8663753.99
1966-12-08,8699688.56
1966-12-09,8710393.41
1966-12-12,8802039.75
1966-12-13,8774902.05
1966-12-14,8766685.03
1966-12-15,8662812.91
1966-12-16,8657156.72
1966-12-19,8625607.94
1966-12-20,8594060.44
1966-12-21,8639978.38
1966-12-22,8674223.59
1966-12-23,8652226.44
1966-12-27,8603700.95
1966-12-28,8563665.49
1966-12-29,8539547.75
1966-12-30,8536652.5
1967-01-03,8543306.93
1967-01-04,8562695.64
1967-01-05,8675459.63
1967-01-06,8738351.35
1967-01-09,8806547.06
1967-01-10,8807894.33
1967-01-11,8879272.38
1967-01-12,8927305.94
1967-01-13,8994436.92
1967-01-16,8972439.65
1967-01-17,9072461.93
1967-01-18,9132163.97
1967-01-19,9136691.65
1967-01-20,9164561.65
1967-01-23,9199858.21
1967-01-24,9213934.67
1967-01-25,9145253.19
1967-01-26,9142353.77
1967-01-27,9180833.04
1967-01-30,9235225.54
1967-01-31,9231264.33
1967-02-01,9213511.15
1967-02-02,9246683.71
1967-02-03,9314865.91
1967-02-06,9297112.5
1967-02-07,9274054.45
1967-02-08,9357088.37
1967-02-09,9320238.8
1967-02-10,9350225.71
1967-02-13,9346264.71
1967-02-14,9410198.98
1967-02-15,9422149.97
1967-02-16,9379997.48
1967-02-17,9384522.57
1967-02-20,9333884.05
1967-02-21,9328861.47
1967-02-23,9341873.67
1967-02-24,9338974.02
1967-02-27,9239539.25
1967-02-28,9274828.63
1967-03-01,9371643.88
1967-03-02,9423904.75
1967-03-03,9439036.86
1967-03-06,9420224.04
1967-03-07,9427931.43
1967-03-08,9440941.19
1967-03-09,9469862.98
1967-03-10,9509391.58
1967-03-13,9461939.48
1967-03-14,9454795.37
1967-03-15,9545237.98
1967-03-16,9642042.43
1967-03-17,9659880.52
1967-03-20,9655651.51
1967-03-21,9635368.14
1967-03-22,9663249.64
1967-03-23,9738225.18
1967-03-27,9731855.44
1967-03-28,9737259.24
1967-03-29,9719116.26
1967-03-30,9717027.25
1967-03-31,9664635.68
1967-04-03,9563012.36
1967-04-04,9561995.87
1967-04-05,9624124.27
1967-04-06,9641301.41
1967-04-07,9580350.23
1967-04-10,9461607.22
1967-04-11,9531226.04
1967-04-12,9521647.9
1967-04-13,9595546.18
1967-04-14,9700479.31
1967-04-17,9770094.28
1967-04-18,9855761.15
1967-04-19,9865444.18
1967-04-20,9884758.2
1967-04-21,9906212.72
1967-04-24,9941578.62
1967-04-25,9995136.29
1967-04-26,9986624.94
1967-04-27,10072285.7
1967-04-28,10094808.35
1967-05-01,10077735.33
1967-05-02,10060663.37
1967-05-03,10087466.1
1967-05-04,10132458.94
1967-05-05,10146419.45
1967-05-08,10162519.52
1967-05-09,10058771.64
1967-05-10,10033139.93
1967-05-11,10077062.03
1967-05-12,10049290.84
1967-05-15,9968017.54
1967-05-16,10015149.08
1967-05-17,9977748.4
1967-05-18,9952118.45
1967-05-19,9904018.94
1967-05-22,9862339.85
1967-05-23,9816382.17
1967-05-24,9705155.64
1967-05-25,9814345.1
1967-05-26,9792997.48
1967-05-29,9741690.78
1967-05-31,9591950.87
1967-06-01,9716116.95
1967-06-02,9670161.96
1967-06-05,9525775.09
1967-06-06,9719483.39
1967-06-07,9793359.12
1967-06-08,9846905.42
1967-06-09,9865144.37
1967-06-12,9917620.05
1967-06-13,9980793.51
1967-06-14,9958376.45
1967-06-15,9969125.05
1967-06-16,9974999.11
1967-06-19,9972807.72
1967-06-20,9970616.37
1967-06-21,9941476.82
1967-06-22,9917728.31
1967-06-23,9922004.42
1967-06-26,9884243.55
1967-06-27,9848639.43
1967-06-28,9850759.8
1967-06-29,9802222.01
1967-06-30,9780630.92
1967-07-03,9810776.41
1967-07-05,9860321.48
1967-07-06,9857053.1
1967-07-07,9897975.25
1967-07-10,9937818.74
1967-07-11,9985206.16
1967-07-12,9977625.71
1967-07-13,9980822.95
1967-07-14,10016353.47
1967-07-17,10018473.21
1967-07-18,10100346.22
1967-07-19,10117553.62
1967-07-20,10140148.95
1967-07-21,10161666.79
1967-07-24,10129298.4
1967-07-25,10077530.87
1967-07-26,10166943.64
1967-07-27,10199237.41
1967-07-28,10215365.25
1967-07-31,10244425.28
1967-08-01,10312281.05
1967-08-02,10357504.19
1967-08-03,10345611.95
1967-08-04,10364970.9
1967-08-07,10339068.96
1967-08-08,10351962.14
1967-08-09,10362699.43
1967-08-10,10336798.1
1967-08-11,10296888.58
1967-08-14,10242970.37
1967-08-15,10258018.61
1967-08-16,10235352.26
1967-08-17,10245012.13
1967-08-18,10262215.6
1967-08-21,10206144.92
1967-08-22,10152229.82
1967-08-23,10139262.6
1967-08-24,10084271.05
1967-08-25,10043288.66
1967-08-28,10037865.12
1967-08-29,10064766.42
1967-08-30,10086280.29
1967-08-31,10148738.25
1967-09-01,10154088.75
1967-09-05,10212235.26
1967-09-06,10232669.69
1967-09-07,10227245.02
1967-09-08,10231517.09
1967-09-11,10251950.9
1967-09-12,10301474.82
1967-09-13,10410256.84
1967-09-14,10433920.99
1967-09-15,10441900.73
1967-09-18,10471374.92
1967-09-19,10433600.73
1967-09-20,10430535.27
1967-09-21,10499055.37
1967-09-22,10527443.4
1967-09-25,10592707.23
1967-09-26,10503958.09
1967-09-27,10508484.32
1967-09-28,10509756.86
1967-09-29,10502352.59
1967-10-02,10461327.14
1967-10-03,10498390.62
1967-10-04,10475802.96
1967-10-05,10503104.47
1967-10-06,10568364.9
1967-10-09,10596750.06
1967-10-10,10525358.57
1967-10-11,10475659.65
1967-10-12,10409692.96
1967-10-13,10438078.46
1967-10-16,10358015.05
1967-10-17,10332176.68
1967-10-18,10360562.1
1967-10-19,10381355.92
1967-10-20,10377206.67
1967-10-23,10332933.56
1967-10-24,10275647.6
1967-10-25,10287765.81
1967-10-26,10334586.05
1967-10-27,10338028.15
1967-10-30,10320867.08
1967-10-31,10160566.15
1967-11-01,10097861.79
1967-11-02,10059014.84
1967-11-03,9999566
1967-11-06,9968311.71
1967-11-08,9932719.54
1967-11-09,9982791.35
1967-11-10,10051296.78
1967-11-13,10026548.76
1967-11-14,9964933.72
1967-11-15,10006329.91
1967-11-16,10098687.14
1967-11-17,10123817.07
1967-11-20,9998230.48
1967-11-21,10156726.9
1967-11-22,10217637.04
1967-11-24,10246017.99
1967-11-27,10276566.67
1967-11-28,10312536.46
1967-11-29,10311641.93
1967-11-30,10261956.45
1967-12-01,10317441.62
1967-12-04,10383767.95
1967-12-05,10399136.19
1967-12-06,10444860.85
1967-12-07,10434207.2
1967-12-08,10423553.71
1967-12-11,10392301.62
1967-12-12,10381648.6
1967-12-13,10418698.2
1967-12-14,10434065.37
1967-12-15,10386578.61
1967-12-18,10359617.74
1967-12-19,10345773.24
1967-12-20,10404064.87
1967-12-21,10430659.01
1967-12-22,10412442.39
1967-12-26,10420457.16
1967-12-27,10492954.26
1967-12-28,10492223.9
1967-12-29,10557069.03
1968-01-02,10519179.81
1968-01-03,10472547.79
1968-01-04,10440124.55
1968-01-05,10504968.12
1968-01-08,10580739.27
1968-01-09,10569079.8
1968-01-10,10572720.42
1968-01-11,10585104.82
1968-01-12,10597488.2
1968-01-15,10566157.95
1968-01-16,10502043.97
1968-01-17,10483829
1968-01-18,10476542.2
1968-01-19,10443028.58
1968-01-22,10312257.16
1968-01-23,10273281.86
1968-01-24,10221192.73
1968-01-25,10236856.98
1968-01-26,10254705.31
1968-01-29,10245235.48
1968-01-30,10196427.04
1968-01-31,10126857.14
1968-02-01,10163282.71
1968-02-02,10133051.97
1968-02-05,10090802.65
1968-02-06,10095539.27
1968-02-07,10114480.51
1968-02-08,9989188.09
1968-02-09,9877009.14
1968-02-13,9792148.54
1968-02-14,9910523.84
1968-02-15,9929466.58
1968-02-16,9893776.09
1968-02-19,9933478.16
1968-02-20,10036552.15
1968-02-21,10038011.09
1968-02-23,10001228.84
1968-02-26,9925113.41
1968-02-27,9964813.76
1968-02-28,9917107.19
1968-02-29,9839901.3
1968-03-01,9814047.43
1968-03-04,9685493
1968-03-05,9665103.77
1968-03-06,9834817.27
1968-03-07,9818796.64
1968-03-08,9812609.42
1968-03-11,9934246.89
1968-03-12,9946632.23
1968-03-13,9926241.13
1968-03-14,9740884.17
1968-03-15,9827732.1
1968-03-18,9882967.59
1968-03-19,9817976.53
1968-03-20,9818062.91
1968-03-21,9747558.09
1968-03-22,9758673.66
1968-03-25,9749936.62
1968-03-26,9817302.73
1968-03-27,9899006.61
1968-03-28,9890267.86
1968-03-29,9960940.05
1968-04-01,10213593.59
1968-04-02,10232425.42
1968-04-03,10325151.99
1968-04-04,10367143.36
1968-04-05,10307669.73
1968-04-08,10491931.77
1968-04-10,10572522.01
1968-04-11,10668551.02
1968-04-15,10676350.09
1968-04-16,10680841.5
1968-04-17,10702976.92
1968-04-18,10733935.68
1968-04-19,10599470.28
1968-04-22,10542204.16
1968-04-23,10686751.92
1968-04-24,10721017.27
1968-04-25,10689115.96
1968-04-26,10755361.43
1968-04-29,10840353.63
1968-04-30,10785293.42
1968-05-01,10842715.29
1968-05-02,10912265.72
1968-05-03,10921165.96
1968-05-06,10888161.02
1968-05-07,10949991.38
1968-05-08,10952274.3
1968-05-09,10896113.18
1968-05-10,10909423.25
1968-05-13,10876420.46
1968-05-14,10869882.23
1968-05-15,10865549.05
1968-05-16,10814904.34
1968-05-17,10738899.83
1968-05-20,10690461.76
1968-05-21,10744570.53
1968-05-22,10773317.66
1968-05-23,10751343.92
1968-05-24,10772372.31
1968-05-27,10755911.41
1968-05-28,10826556.77
1968-05-29,10860814.64
1968-05-31,10945791.37
1968-06-03,11091407.75
1968-06-04,11135586.36
1968-06-05,11082739.81
1968-06-06,11167712.35
1968-06-07,11237247.3
1968-06-10,11253861.1
1968-06-11,11282601.61
1968-06-13,11238575.4
1968-06-14,11226522.59
1968-06-17,11117450.55
1968-06-18,11103194.23
1968-06-20,11271950.25
1968-06-21,11178061.59
1968-06-24,11149510.2
1968-06-25,11116518.12
1968-06-27,11106846.08
1968-06-28,11063860.31
1968-07-01,11045305.07
1968-07-02,11084492.36
1968-07-03,11215845.56
1968-07-08,11331650.15
1968-07-09,11365282.88
1968-07-11,11384479.33
1968-07-12,11380357.32
1968-07-15,11372905.21
1968-07-16,11312153.88
1968-07-18,11284715.72
1968-07-19,11177331.02
1968-07-22,11053293.34
1968-07-23,11041401.64
1968-07-25,10901822.22
1968-07-26,10947668.46
1968-07-29,10872490.52
1968-07-30,10883916.94
1968-08-01,10834277.09
1968-08-02,10763542.14
1968-08-05,10789403.35
1968-08-06,10835249.2
1968-08-08,10813367.92
1968-08-09,10811471.68
1968-08-12,10923931.27
1968-08-13,10983097.12
1968-08-15,10933459.49
1968-08-16,11002616.87
1968-08-19,11039576.76
1968-08-20,11036568.46
1968-08-22,11009135.62
1968-08-23,11009458.88
1968-08-26,11038646.35
1968-08-27,11025646.1
1968-08-29,11019307.65
1968-08-30,11034062.6
1968-09-03,11086562.1
1968-09-04,11165704.02
1968-09-05,11247065.5
1968-09-06,11299562.23
1968-09-09,11304323.87
1968-09-10,11250248.85
1968-09-12,11228366.87
1968-09-13,11267541.57
1968-09-16,11311155.28
1968-09-17,11341447.95
1968-09-19,11352868.34
1968-09-20,11361119.42
1968-09-23,11427632.5
1968-09-24,11468441.36
1968-09-26,11444432.71
1968-09-27,11440539.25
1968-09-30,11482464.86
1968-10-01,11505392.23
1968-10-03,11547316.72
1968-10-04,11603767.8
1968-10-07,11604343.36
1968-10-08,11610506.68
1968-10-10,11561913.78
1968-10-11,11551315.13
1968-10-14,11568653.13
1968-10-15,11593813
1968-10-17,11649143.94
1968-10-18,11741348.75
1968-10-21,11762036.95
1968-10-22,11716797.58
1968-10-24,11636918.6
1968-10-25,11678838.01
1968-10-28,11647009.3
1968-10-29,11581659.19
1968-10-31,11595643.67
1968-11-01,11558228.26
1968-11-04,11564391.23
1968-11-06,11585079.35
1968-11-07,11612471.79
1968-11-08,11664444.47
1968-11-12,11740998.53
1968-11-13,11799673.1
1968-11-14,11809185.76
1968-11-15,11875680.86
1968-11-18,11893013.82
1968-11-19,11919285
1968-11-21,11901982.09
1968-11-22,11940542.82
1968-11-25,11962343.91
1968-11-26,12051179.55
1968-11-27,12108731.21
1968-11-29,12178571.65
1968-12-02,12152329.56
1968-12-03,12142845.44
1968-12-05,12105432.09
1968-12-06,12136168.61
1968-12-09,12107693.62
1968-12-10,12079218.2
1968-12-12,12073087.22
1968-12-13,12103823.06
1968-12-16,12051888.07
1968-12-17,12004423.42
1968-12-19,12040744.28
1968-12-20,11970430.05
1968-12-23,11844776.2
1968-12-24,11827188.14
1968-12-26,11841118.65
1968-12-27,11796514.66
1968-12-30,11692253.36
1968-12-31,11700556.04
1969-01-02,11709984.47
1969-01-03,11718286.9
1969-01-06,11548743.87
1969-01-07,11409594.19
1969-01-08,11363870.83
1969-01-09,11412696.62
1969-01-10,11381606.06
1969-01-13,11328005.01
1969-01-14,11407219.62
1969-01-15,11463923.28
1969-01-16,11528503.97
1969-01-17,11513171.07
1969-01-20,11476454.06
1969-01-21,11471251
1969-01-22,11512195.03
1969-01-23,11564392.41
1969-01-24,11560314.53
1969-01-27,11564115.91
1969-01-28,11566791.51
1969-01-29,11579595.84
1969-01-30,11585647.52
1969-01-31,11638967.67
1969-02-03,11627011.39
1969-02-04,11631936.91
1969-02-05,11664997.88
1969-02-06,11704811.44
1969-02-07,11705234.53
1969-02-11,11720288.32
1969-02-12,11719585.66
1969-02-13,11730137.5
1969-02-14,11720432.46
1969-02-17,11590313.79
1969-02-18,11474826.37
1969-02-19,11391975.83
1969-02-20,11296747.75
1969-02-24,11164385.06
1969-02-25,11096168.43
1969-02-26,11150610.53
1969-02-27,11117279.15
1969-02-28,11117706.6
1969-03-03,11147391.73
1969-03-04,11254720.86
1969-03-05,11300158.23
1969-03-06,11188058.18
1969-03-07,11183984.82
1969-03-10,11223795.13
1969-03-11,11262480.21
1969-03-12,11233651.25
1969-03-13,11160938.4
1969-03-14,11118607.8
1969-03-17,11148290.69
1969-03-18,11176847.7
1969-03-19,11259413.55
1969-03-20,11331851.11
1969-03-21,11308794.86
1969-03-24,11295373.18
1969-03-25,11314868.84
1969-03-26,11399061.87
1969-03-27,11480983.92
1969-03-28,11528853.89
1969-04-01,11519970.45
1969-04-02,11448661.08
1969-04-03,11438643.96
1969-04-07,11350310.94
1969-04-08,11380019.63
1969-04-09,11481232.21
1969-04-10,11542719.81
1969-04-11,11555401.56
1969-04-14,11547653.65
1969-04-15,11544445.79
1969-04-16,11443632.06
1969-04-17,11461989.24
1969-04-18,11515528.83
1969-04-21,11439686.11
1969-04-22,11465987.28
1969-04-23,11469590.23
1969-04-24,11524262.44
1969-04-25,11576665.29
1969-04-28,11613178.19
1969-04-29,11700760.45
1969-04-30,11804229.46
1969-05-01,11785132.01
1969-05-02,11842069.58
1969-05-05,11885388.77
1969-05-06,11942324.73
1969-05-07,11922091.76
1969-05-08,11972217.98
1969-05-09,11967873.18
1969-05-12,11951044.72
1969-05-13,12003438.79
1969-05-14,12097820.19
1969-05-15,12063969.36
1969-05-16,12075510.67
1969-05-19,11966767.04
1969-05-20,11862564.14
1969-05-21,11912687.42
1969-05-22,11928767.67
1969-05-23,11928961.65
1969-05-26,11904192.64
1969-05-27,11815879.92
1969-05-28,11782034.35
1969-05-29,11806057.76
1969-06-02,11748384.61
1969-06-03,11714539.45
1969-06-04,11711331.16
1969-06-05,11731951.42
1969-06-06,11660664.49
1969-06-09,11557608.08
1969-06-10,11470438.8
1969-06-11,11316328.69
1969-06-12,11228027.69
1969-06-13,11273611.16
1969-06-16,11237503.04
1969-06-17,11196857.01
1969-06-18,11182307.25
1969-06-19,11118971.22
1969-06-20,11054390.55
1969-06-23,11005310.36
1969-06-24,11131186.86
1969-06-25,11096972.02
1969-06-26,11125649.26
1969-06-27,11136030.78
1969-06-30,11180715.89
1969-07-01,11224257.48
1969-07-02,11323827.63
1969-07-03,11401670.48
1969-07-07,11336581.99
1969-07-08,11177733.04
1969-07-09,11093209.22
1969-07-10,10922930.52
1969-07-11,10968758.18
1969-07-14,10830498.86
1969-07-15,10796288.74
1969-07-16,10905002.6
1969-07-17,10972553.37
1969-07-18,10881174.76
1969-07-22,10718910.06
1969-07-23,10674413.24
1969-07-24,10639063.11
1969-07-25,10555693.03
1969-07-28,10345416.42
1969-07-29,10263194.23
1969-07-30,10315882.23
1969-07-31,10534347.69
1969-08-01,10723084.21
1969-08-04,10669442.71
1969-08-05,10718697.3
1969-08-06,10778239.2
1969-08-07,10787477.71
1969-08-08,10782997.7
1969-08-11,10717925.59
1969-08-12,10635705.88
1969-08-13,10644945.17
1969-08-14,10719347.22
1969-08-15,10796035.04
1969-08-18,10862432.54
1969-08-19,10920826.78
1969-08-20,10922061.41
1969-08-21,10955304.52
1969-08-22,11021698.84
1969-08-25,10909761.12
1969-08-26,10838978.23
1969-08-27,10861932.33
1969-08-28,10908892.44
1969-08-29,10981000.53
1969-09-02,10985663.81
1969-09-03,10922884.65
1969-09-04,10834957.45
1969-09-05,10772180.36
1969-09-08,10665966.91
1969-09-09,10744931.67
1969-09-10,10925627.06
1969-09-11,10843419.59
1969-09-12,10834366.83
1969-09-15,10920186.72
1969-09-16,10930564.68
1969-09-17,10910082.4
1969-09-18,10927318.88
1969-09-19,10961229.91
1969-09-22,11013316.93
1969-09-23,11014737.68
1969-09-24,11001189.31
1969-09-25,10918551.36
1969-09-26,10849733.56
1969-09-29,10764795.44
1969-09-30,10732825.58
1969-10-01,10665160.66
1969-10-02,10749487.87
1969-10-03,10745153.87
1969-10-06,10768452.99
1969-10-07,10736484.3
1969-10-08,10689548.14
1969-10-09,10732421.58
1969-10-10,10794867.8
1969-10-13,10910277.37
1969-10-14,11044105.84
1969-10-15,11047829.41
1969-10-16,11124087.97
1969-10-17,11112842.81
1969-10-20,11137289.01
1969-10-21,11223906.72
1969-10-22,11297859.43
1969-10-23,11256678.94
1969-10-24,11334084.06
1969-10-27,11318232.53
1969-10-28,11283961.12
1969-10-29,11187520.23
1969-10-30,11202754.92
1969-10-31,11226048.17
1969-11-03,11230920.6
1969-11-04,11239246.56
1969-11-05,11290168.39
1969-11-06,11295040.23
1969-11-07,11364380.78
1969-11-10,11373856.94
1969-11-11,11345343.14
1969-11-12,11326039.52
1969-11-13,11273351.78
1969-11-14,11234479.23
1969-11-17,11159921.42
1969-11-18,11159037.82
1969-11-19,11104051
1969-11-20,10991508.03
1969-11-21,10925011.3
1969-11-24,10802110.82
1969-11-25,10768999.78
1969-11-26,10808407.63
1969-11-28,10871988.67
1969-12-01,10805496.2
1969-12-02,10741306.51
1969-12-03,10627621.72
1969-12-04,10663576.11
1969-12-05,10639676.47
1969-12-08,10538655.69
1969-12-09,10506700.14
1969-12-10,10500066.92
1969-12-11,10506094.19
1969-12-12,10540897.47
1969-12-15,10511244.48
1969-12-16,10418287
1969-12-17,10359859.91
1969-12-18,10523572.74
1969-12-19,10613796.87
1969-12-22,10522478.07
1969-12-23,10483427.46
1969-12-24,10595369.77
1969-12-26,10679435.25
1969-12-29,10606701.69
1969-12-30,10648953.28
1969-12-31,10703980.25
1970-01-02,10814755.92
1970-01-05,10869780.82
1970-01-06,10797048.56
1970-01-07,10776580.67
1970-01-08,10783987.46
1970-01-09,10753067.83
1970-01-12,10673369.69
1970-01-13,10700520.32
1970-01-14,10670763.63
1970-01-15,10675847.72
1970-01-16,10589184.72
1970-01-19,10443295.1
1970-01-20,10465800.98
1970-01-21,10481337.96
1970-01-22,10493391.77
1970-01-23,10417185.64
1970-01-26,10279430.99
1970-01-27,10217163.45
1970-01-28,10122380.16
1970-01-29,9996244.3
1970-01-30,9920043.9
1970-02-02,10006421.64
1970-02-03,10126473.5
1970-02-04,10066531.99
1970-02-05,10028655.05
1970-02-06,10080192.38
1970-02-09,10160759.27
1970-02-10,10056692.96
1970-02-11,10155838.37
1970-02-12,10133057.29
1970-02-13,10112598.52
1970-02-16,10106074.41
1970-02-17,10096067.06
1970-02-18,10221914.46
1970-02-19,10260674.21
1970-02-20,10293627.34
1970-02-24,10290585.36
1970-02-25,10450100.06
1970-02-26,10399451.93
1970-02-27,10470719.57
1970-03-02,10496703.63
1970-03-03,10558681.47
1970-03-04,10538221.34
1970-03-05,10535177.67
1970-03-06,10471759.48
1970-03-09,10365383.15
1970-03-10,10394849.81
1970-03-11,10389485.64
1970-03-12,10349290.53
1970-03-13,10296324.81
1970-03-16,10187632.18
1970-03-17,10233352.92
1970-03-18,10263980.47
1970-03-19,10251651.04
1970-03-20,10210397.79
1970-03-23,10203549.72
1970-03-24,10321018.25
1970-03-25,10532306.21
1970-03-26,10551257.04
1970-03-30,10518605.64
1970-03-31,10519964.78
1970-04-01,10572925.07
1970-04-02,10541447.23
1970-04-03,10495896.78
1970-04-06,10423374.92
1970-04-07,10396588.98
1970-04-08,10394430.99
1970-04-09,10400481.87
1970-04-10,10367833.8
1970-04-13,10298833.52
1970-04-14,10212244.07
1970-04-15,10194843.29
1970-04-16,10096528.71
1970-04-17,10073265.5
1970-04-20,10093390.37
1970-04-21,10041983.91
1970-04-22,9913186.08
1970-04-23,9770319.48
1970-04-24,9740023.41
1970-04-27,9587779.35
1970-04-28,9449607.98
1970-04-29,9631550.9
1970-04-30,9598912.04
1970-05-01,9590898.07
1970-05-04,9349547.23
1970-05-05,9260629.12
1970-05-06,9364007.55
1970-05-07,9407585.76
1970-05-08,9363225.14
1970-05-11,9266102.13
1970-05-12,9179533.47
1970-05-13,9026134.65
1970-05-14,8899705.43
1970-05-15,9072256.09
1970-05-18,9080660.15
1970-05-19,8906162.59
1970-05-20,8680080.1
1970-05-21,8522003.06
1970-05-22,8533928.11
1970-05-25,8300819.39
1970-05-26,8189644.18
1970-05-27,8599012.82
1970-05-28,8816105.25
1970-05-29,9044918.05
1970-06-01,9197522.46
1970-06-02,9198891.01
1970-06-03,9279979.43
1970-06-04,9145356.14
1970-06-05,9007217.14
1970-06-08,9022655.29
1970-06-09,9019335.73
1970-06-10,8930438.35
1970-06-11,8811061.42
1970-06-12,8745612.36
1970-06-15,8829044.34
1970-06-16,9014462.09
1970-06-17,8998247.78
1970-06-18,9059402.89
1970-06-19,9124205.58
1970-06-22,9076945.68
1970-06-23,8855612.23
1970-06-24,8763356.74
1970-06-25,8770572.14
1970-06-26,8706739.1
1970-06-29,8639353.82
1970-06-30,8620519.68
1970-07-01,8647866.83
1970-07-02,8646794
1970-07-06,8513101.19
1970-07-07,8449272.97
1970-07-08,8660154.66
1970-07-09,8786963.25
1970-07-10,8834437.01
1970-07-13,8847572.88
1970-07-14,8833473.89
1970-07-15,8930677.03
1970-07-16,9063398.53
1970-07-17,9224536.39
1970-07-20,9237667.94
1970-07-21,9143054.38
1970-07-22,9150265.95
1970-07-23,9266405.86
1970-07-24,9246385.16
1970-07-27,9227548.99
1970-07-28,9243047.47
1970-07-29,9276306.23
1970-07-30,9281148.96
1970-07-31,9280072.44
1970-08-03,9159417.31
1970-08-04,9180836.61
1970-08-05,9180944.13
1970-08-06,9170396.91
1970-08-07,9195366.3
1970-08-10,9068797.42
1970-08-11,9025102.72
1970-08-12,8979040.44
1970-08-13,8902199.03
1970-08-14,8953214.44
1970-08-17,8972265.63
1970-08-18,9076552.07
1970-08-19,9167815.67
1970-08-20,9273283.17
1970-08-21,9440307.78
1970-08-24,9648762.8
1970-08-25,9665440.74
1970-08-26,9677382.28
1970-08-27,9663281.32
1970-08-28,9756902.91
1970-08-31,9717941.84
1970-09-01,9651755.64
1970-09-02,9654227.6
1970-09-03,9789276.86
1970-09-04,9878159.9
1970-09-08,9904304.02
1970-09-09,9875997.41
1970-09-10,9819282.78
1970-09-11,9846609.78
1970-09-14,9794631.04
1970-09-15,9711877.42
1970-09-16,9764062.27
1970-09-17,9824531.87
1970-09-18,9864596.35
1970-09-21,9781214.51
1970-09-22,9776635
1970-09-23,9783995.82
1970-09-24,9755537.82
1970-09-25,9896618.94
1970-09-28,10026953.06
1970-09-29,10022371.87
1970-09-30,10076292.97
1970-10-01,10080068.75
1970-10-02,10181744.44
1970-10-05,10339530.34
1970-10-06,10386283.59
1970-10-07,10392445.17
1970-10-08,10281608.37
1970-10-09,10179131.04
1970-10-12,10071878.88
1970-10-13,10060135.01
1970-10-14,10077043.66
1970-10-15,10133347.11
1970-10-16,10090563.94
1970-10-19,9957053.79
1970-10-20,10016938.08
1970-10-21,10020714.81
1970-10-22,9988677.22
1970-10-23,10036622.54
1970-10-26,9983098.71
1970-10-27,9961807.17
1970-10-28,10000201.54
1970-10-29,9993234.25
1970-10-30,9981492.11
1970-11-02,10013917.51
1970-11-03,10100058.3
1970-11-04,10121738.67
1970-11-05,10088509.7
1970-11-06,10104222.04
1970-11-09,10159324.19
1970-11-10,10175035.76
1970-11-11,10205070.21
1970-11-12,10101418
1970-11-13,10009703.41
1970-11-16,9995574.37
1970-11-17,10024416.31
1970-11-18,9944640.14
1970-11-19,9960352.48
1970-11-20,10058420.87
1970-11-23,10121874.17
1970-11-24,10187714.16
1970-11-25,10226101.07
1970-11-27,10327745.92
1970-11-30,10480710.34
1970-12-01,10514320.9
1970-12-02,10636250.88
1970-12-03,10687761.65
1970-12-04,10755980.55
1970-12-07,10814651.21
1970-12-08,10759939.82
1970-12-09,10769676.8
1970-12-10,10816410.68
1970-12-11,10858370.85
1970-12-14,10804854.46
1970-12-15,10789528.78
1970-12-16,10798071.5
1970-12-17,10837643.2
1970-12-18,10860027.01
1970-12-21,10827923.59
1970-12-22,10841561.63
1970-12-23,10850384.51
1970-12-24,10913374.31
1970-12-28,10972751.33
1970-12-29,11093516.42
1970-12-30,11117984.58
1970-12-31,11105139.98
1971-01-04,10986373.33
1971-01-05,11066210.26
1971-01-06,11134008.88
1971-01-07,11139218.23
1971-01-08,11117948.66
1971-01-11,11094271.67
1971-01-12,11184936.76
1971-01-13,11167277.02
1971-01-14,11197761.98
1971-01-15,11227041.73
1971-01-18,11274375.61
1971-01-19,11318097.35
1971-01-20,11322101.16
1971-01-21,11373043.74
1971-01-22,11457683.3
1971-01-25,11507420.32
1971-01-26,11546324.53
1971-01-27,11463675.1
1971-01-28,11503782.79
1971-01-29,11586011.64
1971-02-01,11652594.4
1971-02-02,11655392.63
1971-02-03,11681055.87
1971-02-04,11681447.33
1971-02-05,11720347.9
1971-02-08,11784519.79
1971-02-09,11793334.39
1971-02-10,11780486.48
1971-02-11,11844657.41
1971-02-12,11908826.45
1971-02-16,11938097.17
1971-02-17,11884333.29
1971-02-18,11808910.5
1971-02-19,11711828.37
1971-02-22,11590681.1
1971-02-23,11636798.86
1971-02-24,11715407.29
1971-02-25,11744677.01
1971-02-26,11721001.14
1971-03-01,11752677.49
1971-03-02,11751864.81
1971-03-03,11749847.69
1971-03-04,11868159.17
1971-03-05,11994891.72
1971-03-08,12047020.01
1971-03-09,12058237.47
1971-03-10,12040577.23
1971-03-11,12052997.14
1971-03-12,12076246.34
1971-03-15,12215003.59
1971-03-16,12276753.75
1971-03-17,12267514.86
1971-03-18,12277526.63
1971-03-19,12256464.79
1971-03-22,12210542.95
1971-03-23,12170688.17
1971-03-24,12092007
1971-03-25,12092194.93
1971-03-26,12134850.09
1971-03-29,12145958.28
1971-03-30,12175266.55
1971-03-31,12182733.51
1971-04-01,12193841.09
1971-04-02,12215867.85
1971-04-05,12245174.71
1971-04-06,12333932.13
1971-04-07,12392356.17
1971-04-08,12408314.04
1971-04-12,12504347.53
1971-04-13,12517879.15
1971-04-14,12566593.87
1971-04-15,12586189.51
1971-04-16,12583947.66
1971-04-19,12648433.23
1971-04-20,12601301.85
1971-04-21,12572369.37
1971-04-22,12598030.56
1971-04-23,12658874.69
1971-04-26,12646926.78
1971-04-27,12727178.84
1971-04-28,12750412.2
1971-04-29,12734824.57
1971-04-30,12653727.69
1971-05-03,12575058.8
1971-05-04,12637112.35
1971-05-05,12637296.13
1971-05-06,12571973.31
1971-05-07,12529699.57
1971-05-10,12469230.04
1971-05-11,12502168.56
1971-05-12,12537532.31
1971-05-13,12513456.11
1971-05-14,12456627.5
1971-05-17,12273644.78
1971-05-18,12292026.87
1971-05-19,12322538.67
1971-05-20,12353050.02
1971-05-21,12315633.2
1971-05-24,12212715.32
1971-05-25,12134059.18
1971-05-26,12150015.02
1971-05-27,12128369.97
1971-05-28,12157668.18
1971-06-01,12228206.56
1971-06-02,12321789.99
1971-06-03,12329254.28
1971-06-04,12365828.24
1971-06-07,12341755.27
1971-06-08,12249761.5
1971-06-09,12247522.76
1971-06-10,12291373.23
1971-06-11,12344926.24
1971-06-14,12243232.06
1971-06-15,12256760.21
1971-06-16,12282416.43
1971-06-17,12281390.63
1971-06-18,12095024.49
1971-06-21,11961888.77
1971-06-22,11928964.71
1971-06-23,12030470.69
1971-06-24,11997546.6
1971-06-25,11981732.61
1971-06-28,11952476.31
1971-06-29,12085751.3
1971-06-30,12072380.65
1971-07-01,12205652.74
1971-07-02,12206945.81
1971-07-06,12205795.28
1971-07-07,12241303.87
1971-07-08,12279255.49
1971-07-09,12323317.7
1971-07-12,12340495
1971-07-13,12180489.28
1971-07-14,12147568.2
1971-07-15,12156192.94
1971-07-16,12136713.78
1971-07-19,12116012.74
1971-07-20,12164960.66
1971-07-21,12161366.21
1971-07-22,12141887.6
1971-07-23,12122409.28
1971-07-26,12025952.85
1971-07-27,11983260.04
1971-07-28,11897803.24
1971-07-29,11770804.62
1971-07-30,11718340.73
1971-08-02,11766066.22
1971-08-03,11590199.6
1971-08-04,11515744.78
1971-08-05,11541478.34
1971-08-06,11562325.18
1971-08-09,11475654.66
1971-08-10,11478174.97
1971-08-11,11616310.62
1971-08-12,11781321.94
1971-08-13,11744744.2
1971-08-16,12121112.19
1971-08-17,12272677.03
1971-08-18,12104151.05
1971-08-19,12051690.15
1971-08-20,12073752.62
1971-08-23,12187441.28
1971-08-24,12329227.22
1971-08-25,12331740.91
1971-08-26,12312263.72
1971-08-27,12342875.87
1971-08-30,12226889.12
1971-08-31,12168321.92
1971-09-01,12174501.43
1971-09-02,12202669.94
1971-09-03,12374987.36
1971-09-07,12432471.97
1971-09-08,12456972.37
1971-09-09,12392298.73
1971-09-10,12347169.72
1971-09-13,12305706.86
1971-09-14,12217825.14
1971-09-15,12271643.86
1971-09-16,12259499.91
1971-09-17,12296922.38
1971-09-20,12263854.53
1971-09-21,12223405.49
1971-09-22,12117759.36
1971-09-23,12108065.93
1971-09-24,12081151.6
1971-09-27,12017333.16
1971-09-28,12050695.02
1971-09-29,12054534.72
1971-09-30,12110037.82
1971-10-01,12183992.74
1971-10-04,12219813.06
1971-10-05,12208890.04
1971-10-06,12297602.84
1971-10-07,12323580.76
1971-10-08,12243774.41
1971-10-11,12226700.92
1971-10-12,12272359.83
1971-10-13,12207315.39
1971-10-14,12097991.2
1971-10-15,12057549.79
1971-10-18,12004808.24
1971-10-19,11963137.88
1971-10-20,11798470.05
1971-10-21,11793700.46
1971-10-22,11791391.39
1971-10-25,11734964.1
1971-10-26,11692067.14
1971-10-27,11576605.11
1971-10-28,11598895.86
1971-10-29,11633486.2
1971-11-01,11458991.26
1971-11-02,11507110.14
1971-11-03,11721264
1971-11-04,11707886.22
1971-11-05,11668681.47
1971-11-08,11661453.97
1971-11-09,11671444.43
1971-11-10,11543692.96
1971-11-11,11386426.77
1971-11-12,11387810.32
1971-11-15,11351068.96
1971-11-16,11463135.44
1971-11-17,11481735.46
1971-11-18,11394573.45
1971-11-19,11332008.86
1971-11-22,11232551.79
1971-11-23,11156461.93
1971-11-24,11178752.64
1971-11-26,11378125.98
1971-11-29,11560280.19
1971-11-30,11632985.52
1971-12-01,11812676.09
1971-12-02,11863243.73
1971-12-03,12014646.51
1971-12-06,11948393.02
1971-12-07,11994040.62
1971-12-08,12001567.21
1971-12-09,12007864.71
1971-12-10,12099008.19
1971-12-13,12134815.95
1971-12-14,12099304.37
1971-12-15,12207659.74
1971-12-16,12356589.99
1971-12-17,12421626.68
1971-12-20,12583060.61
1971-12-21,12615643.07
1971-12-22,12540438.42
1971-12-23,12487535.36
1971-12-27,12515162.08
1971-12-28,12640661.19
1971-12-29,12674481.16
1971-12-30,12622817.82
1971-12-31,12662831.18
1972-01-03,12612407.83
1972-01-04,12666048.06
1972-01-05,12787824.04
1972-01-06,12845179.46
1972-01-07,12841831.1
1972-01-10,12824855.79
1972-01-11,12867343.66
1972-01-12,12861517.08
1972-01-13,12788797.12
1972-01-14,12839955.69
1972-01-17,12879964.1
1972-01-18,12924928
1972-01-19,12905474.93
1972-01-20,12907081.41
1972-01-21,12880197.64
1972-01-24,12748022.42
1972-01-25,12765732.92
1972-01-26,12742566.77
1972-01-27,12868043.47
1972-01-28,12951403.59
1972-01-31,12925758.69
1972-02-01,12936035.51
1972-02-02,13020631.21
1972-02-03,13017282
1972-02-04,13046137.62
1972-02-07,13008106.89
1972-02-08,13034484.38
1972-02-09,13136417.55
1972-02-10,13142975.66
1972-02-11,13081412.8
1972-02-14,13022326.66
1972-02-15,13078429.41
1972-02-16,13153109.93
1972-02-17,13150997.84
1972-02-18,13114207.69
1972-02-22,13117051.12
1972-02-23,13129801.97
1972-02-24,13140076.02
1972-02-25,13232091.72
1972-02-28,13234934.17
1972-02-29,13283599.98
1972-03-01,13381804.35
1972-03-02,13379691.63
1972-03-03,13458078.96
1972-03-06,13562471.51
1972-03-07,13576457.8
1972-03-08,13589204.25
1972-03-09,13588328.73
1972-03-10,13520577.88
1972-03-13,13392147.5
1972-03-14,13428424.73
1972-03-15,13447364.11
1972-03-16,13418006.63
1972-03-17,13471176.8
1972-03-20,13431418.25
1972-03-21,13320511.24
1972-03-22,13340669.25
1972-03-23,13455693.5
1972-03-24,13428418.24
1972-03-27,13402392.83
1972-03-28,13387600.19
1972-03-29,13304157.88
1972-03-30,13394213.88
1972-04-03,13430598.08
1972-04-04,13511914.69
1972-04-05,13623185.49
1972-04-06,13690769.79
1972-04-07,13703435.82
1972-04-10,13683649.18
1972-04-11,13723773.77
1972-04-12,13777626.04
1972-04-13,13745359.47
1972-04-14,13738053.8
1972-04-17,13698299.84
1972-04-18,13732181.14
1972-04-19,13662473.7
1972-04-20,13643937.83
1972-04-21,13626649.59
1972-04-24,13540720.46
1972-04-25,13408615.47
1972-04-26,13381345.05
1972-04-27,13402748.04
1972-04-28,13481557.35
1972-05-01,13360689.12
1972-05-02,13285997.18
1972-05-03,13276200.15
1972-05-04,13310082.48
1972-05-05,13358939.06
1972-05-08,13299224.97
1972-05-09,13125949.85
1972-05-10,13212244.64
1972-05-11,13257356.91
1972-05-12,13334914.18
1972-05-15,13396248.04
1972-05-16,13372725.02
1972-05-17,13402859.92
1972-05-18,13535320.03
1972-05-19,13666530.04
1972-05-22,13756559.01
1972-05-23,13769220.53
1972-05-24,13836786.48
1972-05-25,13856934.74
1972-05-26,13883322.13
1972-05-30,13846070.23
1972-05-31,13745182.38
1972-06-01,13766578.77
1972-06-02,13773001.27
1972-06-05,13660885.9
1972-06-06,13586205.11
1972-06-07,13517764.53
1972-06-08,13473031.25
1972-06-09,13422060.59
1972-06-12,13442210.29
1972-06-13,13511020.06
1972-06-14,13617259.05
1972-06-15,13624930.18
1972-06-16,13615449.36
1972-06-19,13585378.67
1972-06-20,13643262.49
1972-06-21,13673503.63
1972-06-22,13661023.72
1972-06-23,13610849.71
1972-06-26,13512932.5
1972-06-27,13500454.08
1972-06-28,13457820.71
1972-06-29,13434035.52
1972-06-30,13475583.91
1972-07-03,13520900.76
1972-07-05,13598883.53
1972-07-06,13718326.18
1972-07-07,13675694.04
1972-07-10,13604165.62
1972-07-11,13506254.83
1972-07-12,13453574.21
1972-07-13,13378280.21
1972-07-14,13444953.42
1972-07-17,13330713.96
1972-07-18,13325776.74
1972-07-19,13366065.63
1972-07-20,13325951.18
1972-07-21,13434079.9
1972-07-24,13593712.82
1972-07-25,13554854.1
1972-07-26,13547402.36
1972-07-27,13517338.25
1972-07-28,13531242.72
1972-07-31,13533841.38
1972-08-01,13662061.86
1972-08-02,13775205.58
1972-08-03,13883322.69
1972-08-04,13921091.82
1972-08-07,13945042.3
1972-08-08,13956430.9
1972-08-09,13979124.33
1972-08-10,14004330.27
1972-08-11,14118720.95
1972-08-14,14195427.42
1972-08-15,14135213.68
1972-08-16,14086307.33
1972-08-17,14047448.89
1972-08-18,14101543.81
1972-08-21,14097857.07
1972-08-22,14185864.48
1972-08-23,14168360.34
1972-08-24,14013945.53
1972-08-25,13971322.33
1972-08-28,13917395.88
1972-08-29,13941343.51
1972-08-30,13962778.2
1972-08-31,14029429.06
1972-09-01,14083520.05
1972-09-05,14049690.16
1972-09-06,13965621.24
1972-09-07,13934304.26
1972-09-08,13918059.67
1972-09-11,13839017.57
1972-09-12,13709738.64
1972-09-13,13765084.42
1972-09-14,13770192.11
1972-09-15,13755507.41
1972-09-18,13731798.17
1972-09-19,13725787.55
1972-09-20,13733681.86
1972-09-21,13713765.61
1972-09-22,13726716.56
1972-09-25,13668877.36
1972-09-26,13679300.63
1972-09-27,13875548.14
1972-09-28,13964343.36
1972-09-29,13991198
1972-10-02,13943470.89
1972-10-03,13962740.18
1972-10-04,13937766.2
1972-10-05,13787652.53
1972-10-06,13881501.66
1972-10-09,13918467.25
1972-10-10,13931415.5
1972-10-11,13871051.37
1972-10-12,13758863.44
1972-10-13,13674485.27
1972-10-16,13530700.81
1972-10-17,13624546.93
1972-10-18,13713335.65
1972-10-19,13697214.24
1972-10-20,13849197.58
1972-10-23,13991067.87
1972-10-24,14050780.38
1972-10-25,14040976.9
1972-10-26,14076673.51
1972-10-27,14031480.88
1972-10-30,14029259.85
1972-10-31,14155956.44
1972-11-01,14295288.7
1972-11-02,14367635.21
1972-11-03,14494325.46
1972-11-06,14465561.36
1972-11-08,14387507.21
1972-11-09,14408033.5
1972-11-10,14438670.25
1972-11-13,14461723.04
1972-11-14,14595989.36
1972-11-15,14540686.35
1972-11-16,14621871.58
1972-11-17,14668934.24
1972-11-20,14675555.9
1972-11-21,14763057.43
1972-11-22,14851821.67
1972-11-24,14900144.23
1972-11-27,14832204.79
1972-11-28,14802177.19
1972-11-29,14810060.55
1972-11-30,14830581.51
1972-12-01,14921868.2
1972-12-04,14972715.94
1972-12-05,14950271.05
1972-12-06,15006172.55
1972-12-07,15082291.08
1972-12-08,15116709.16
1972-12-11,15151126.72
1972-12-12,15094563.09
1972-12-13,15083489.34
1972-12-14,15044617.38
1972-12-15,15047778
1972-12-18,14876496.03
1972-12-19,14807009.84
1972-12-20,14759156.44
1972-12-21,14654046.01
1972-12-22,14747430.21
1972-12-26,14809003.42
1972-12-27,14890933.18
1972-12-29,15035208.3
1973-01-02,15170573.85
1973-01-03,15232142.05
1973-01-04,15212279.87
1973-01-05,15273846.83
1973-01-08,15273068.61
1973-01-09,15259568.5
1973-01-10,15223166.22
1973-01-11,15327988.59
1973-01-12,15210161.51
1973-01-15,15102513.61
1973-01-16,15066113.6
1973-01-17,15136583.66
1973-01-18,15159979.41
1973-01-19,15152841.52
1973-01-22,15082092.64
1973-01-23,15085133.38
1973-01-24,14897343.65
1973-01-26,14863491.04
1973-01-29,14809285.47
1973-01-30,14788156.53
1973-01-31,14815369.82
1973-02-01,14655576.75
1973-02-02,14605189.67
1973-02-05,14591696.38
1973-02-06,14621454.14
1973-02-07,14522729.35
1973-02-08,14460896.29
1973-02-09,14656027.4
1973-02-12,14833346.45
1973-02-13,14926706.17
1973-02-14,14714767.73
1973-02-15,14633854.46
1973-02-16,14703045.29
1973-02-20,14758241.58
1973-02-21,14669697.93
1973-02-22,14639668.46
1973-02-23,14478622.39
1973-02-26,14357010.51
1973-02-27,14194696.74
1973-02-28,14295685.79
1973-03-01,14217325.62
1973-03-02,14375550.98
1973-03-05,14428202.51
1973-03-06,14610591.18
1973-03-07,14656880.1
1973-03-08,14630669.56
1973-03-09,14576476.14
1973-03-12,14587151.03
1973-03-13,14667780.49
1973-03-14,14733145.76
1973-03-15,14625534.53
1973-03-16,14551942.84
1973-03-19,14377925.83
1973-03-20,14351301.16
1973-03-21,14165753.99
1973-03-22,13955858.38
1973-03-23,13962559.84
1973-03-26,14087169.02
1973-03-27,14309178.21
1973-03-28,14318440.61
1973-03-29,14459704.54
1973-03-30,14308768.28
1973-04-02,14138611.66
1973-04-03,14019718.89
1973-04-04,13961060.54
1973-04-05,13930596.95
1973-04-06,14029567.9
1973-04-09,14233621.41
1973-04-10,14408196.86
1973-04-11,14469998.57
1973-04-12,14458754.76
1973-04-13,14396251.92
1973-04-16,14315809.57
1973-04-17,14253308.74
1973-04-18,14331767.72
1973-04-19,14414069.69
1973-04-23,14338755.45
1973-04-24,14137863.01
1973-04-25,13928003.79
1973-04-26,14000055.85
1973-04-27,13788920.14
1973-04-30,13757179.83
1973-05-01,13775413.32
1973-05-02,13947410.22
1973-05-03,14178346.54
1973-05-04,14279863.77
1973-05-07,14221213.13
1973-05-08,14315040.91
1973-05-09,14212826.74
1973-05-10,14099081.9
1973-05-11,13925117.88
1973-05-14,13635841.84
1973-05-15,13723263.69
1973-05-16,13706902.24
1973-05-17,13597009.09
1973-05-18,13380775.09
1973-05-21,13237574.67
1973-05-22,13348058.29
1973-05-23,13412416.44
1973-05-24,13807324.84
1973-05-25,13911396.34
1973-05-29,13857879.93
1973-05-30,13654466.87
1973-05-31,13533050.51
1973-06-01,13403950.33
1973-06-04,13282538.66
1973-06-05,13495505.92
1973-06-06,13457367.94
1973-06-07,13654956.93
1973-06-08,13808985.72
1973-06-11,13768284.48
1973-06-12,13973553.93
1973-06-13,13886733.07
1973-06-14,13734579.6
1973-06-15,13567457.65
1973-06-18,13375188.61
1973-06-19,13426902.43
1973-06-20,13486361.47
1973-06-21,13328950.71
1973-06-22,13393572.22
1973-06-25,13207766.41
1973-06-26,13344676.17
1973-06-27,13387352.02
1973-06-28,13526839.63
1973-06-29,13472701.82
1973-07-02,13298519.21
1973-07-03,13166935.96
1973-07-05,13156688.56
1973-07-06,13093519.71
1973-07-09,13205897.09
1973-07-10,13385392.08
1973-07-11,13681053.46
1973-07-12,13643697.06
1973-07-13,13463069.53
1973-07-16,13668372.33
1973-07-17,13676192.7
1973-07-18,13758873.16
1973-07-19,13786053.38
1973-07-20,13863568.92
1973-07-23,13913979.19
1973-07-24,13995365.44
1973-07-25,14190328.02
1973-07-26,14218793.93
1973-07-27,14186599.22
1973-07-30,14144080.72
1973-07-31,14012509.81
1973-08-01,13834478.85
1973-08-02,13815193.8
1973-08-03,13793328.3
1973-08-06,13825668.24
1973-08-07,13803802.98
1973-08-08,13676112.08
1973-08-09,13685221.22
1973-08-10,13578181.29
1973-08-13,13442752.1
1973-08-14,13315067.76
1973-08-15,13355152.34
1973-08-16,13263604.49
1973-08-17,13267554.23
1973-08-20,13178589.94
1973-08-21,13087045.49
1973-08-22,13041959.18
1973-08-23,13221413.27
1973-08-24,13185359.71
1973-08-27,13289963.59
1973-08-28,13368757.81
1973-08-29,13500458.37
1973-08-30,13482469.39
1973-08-31,13531581.84
1973-09-04,13566499.21
1973-09-05,13584640.54
1973-09-06,13651816.18
1973-09-07,13602858.42
1973-09-10,13486802.75
1973-09-11,13406879.13
1973-09-12,13387601.32
1973-09-13,13427679.33
1973-09-14,13568400.7
1973-09-17,13532348.57
1973-09-18,13484683.86
1973-09-19,13758300.33
1973-09-20,13873210
1973-09-21,13930992.88
1973-09-24,13953604.91
1973-09-25,14045091.17
1973-09-26,14148271.22
1973-09-27,14182576.18
1973-09-28,14099925.95
1973-10-01,14073154.83
1973-10-02,14150342.48
1973-10-03,14150860.01
1973-10-04,14104598.08
1973-10-05,14293535.14
1973-10-08,14344730.5
1973-10-09,14333551.22
1973-10-10,14217120.7
1973-10-11,14461925.76
1973-10-12,14509220.29
1973-10-15,14330420.04
1973-10-16,14350427.05
1973-10-17,14323656.44
1973-10-18,14330669.83
1973-10-19,14359771.78
1973-10-22,14223857.76
1973-10-23,14302334.2
1973-10-24,14371714.28
1973-10-25,14403414.21
1973-10-26,14519567.34
1973-10-29,14491498.49
1973-10-30,14256844.04
1973-10-31,14123536.04
1973-11-01,14047397.81
1973-11-02,13968661.66
1973-11-05,13769097.29
1973-11-06,13698160.48
1973-11-07,13809115.88
1973-11-08,13969438.29
1973-11-09,13747794.7
1973-11-12,13637884.03
1973-11-13,13629311.05
1973-11-14,13382989.45
1973-11-15,13382214.15
1973-11-16,13572413.45
1973-11-19,13162406.54
1973-11-20,12897909.11
1973-11-21,13042638.6
1973-11-23,13002892.09
1973-11-26,12633173.77
1973-11-27,12520681.03
1973-11-28,12775831.88
1973-11-29,12733489.86
1973-11-30,12559943.7
1973-12-03,12294167.41
1973-12-04,12255726.94
1973-12-05,12071796.79
1973-12-06,12367207.91
1973-12-07,12640532.62
1973-12-10,12829416.71
1973-12-11,12583135.45
1973-12-12,12264114.02
1973-12-13,12111366.25
1973-12-14,12231404.5
1973-12-17,12163091.65
1973-12-18,12423413.23
1973-12-19,12435634.43
1973-12-20,12402393.17
1973-12-21,12271008.89
1973-12-24,12189143.24
1973-12-26,12563797.28
1973-12-27,12828252.82
1973-12-28,12804105.08
1973-12-31,12807505.52
1974-01-02,12826646.84
1974-01-03,13106834.32
1974-01-04,12990860.15
1974-01-07,12884070.07
1974-01-08,12630365.33
1974-01-09,12278282.33
1974-01-10,12145265.68
1974-01-11,12313948.86
1974-01-14,12284558.79
1974-01-15,12392899.95
1974-01-16,12583875.13
1974-01-17,12799770.89
1974-01-18,12573626.16
1974-01-21,12554729.83
1974-01-22,12707660.86
1974-01-23,12777955.02
1974-01-24,12747252.3
1974-01-25,12724419.5
1974-01-28,12655680.55
1974-01-29,12647277.57
1974-01-30,12787084.21
1974-01-31,12724904.67
1974-02-01,12563045.65
1974-02-04,12298886.7
1974-02-05,12262943.06
1974-02-06,12299135.65
1974-02-07,12306473.64
1974-02-08,12181346.58
1974-02-11,11964415.3
1974-02-12,12003231.63
1974-02-13,12010571.62
1974-02-14,12008730.09
1974-02-15,12183939.45
1974-02-19,12166360.62
1974-02-20,12341566.18
1974-02-21,12510211.48
1974-02-22,12601479.6
1974-02-25,12556357.18
1974-02-26,12685654.98
1974-02-27,12740200.32
1974-02-28,12718683.18
1974-03-01,12630285
1974-03-04,12632373.96
1974-03-05,12869198.99
1974-03-06,12957836.67
1974-03-07,12823542.11
1974-03-08,12935782.04
1974-03-11,13082115.3
1974-03-12,13119607.11
1974-03-13,13199059.43
1974-03-14,13189342.72
1974-03-15,13141422.24
1974-03-18,12980236.25
1974-03-19,12873322.32
1974-03-20,12919953.19
1974-03-21,12891135.76
1974-03-22,12883497.37
1974-03-25,12934098.83
1974-03-26,12976757.16
1974-03-27,12798373.38
1974-03-28,12565725.51
1974-03-29,12456174.41
1974-04-01,12361183.33
1974-04-02,12376049.65
1974-04-03,12507389.05
1974-04-04,12509018.81
1974-04-05,12335942.2
1974-04-08,12207867.52
1974-04-09,12286263.49
1974-04-10,12260101.41
1974-04-11,12224675.31
1974-04-15,12217042.78
1974-04-16,12431753.93
1974-04-17,12526026.21
1974-04-18,12583240.54
1974-04-19,12448555.04
1974-04-22,12401217.68
1974-04-23,12195070.57
1974-04-24,11996867.75
1974-04-25,11901892.24
1974-04-26,11984253.45
1974-04-29,11962065.98
1974-04-30,12004723.88
1974-05-01,12259120.21
1974-05-02,12243547.33
1974-05-03,12139311.87
1974-05-06,12118447.67
1974-05-07,12165072.62
1974-05-08,12190524.36
1974-05-09,12366832.36
1974-05-10,12171292.2
1974-05-13,12065738.41
1974-05-14,12071340.79
1974-05-15,12041214.38
1974-05-16,11946250.22
1974-05-17,11748073.55
1974-05-20,11703395.58
1974-05-21,11711647.5
1974-05-22,11604778.21
1974-05-23,11632879
1974-05-24,11805207.15
1974-05-28,11779054.94
1974-05-29,11584859.3
1974-05-30,11657946.54
1974-05-31,11639734.63
1974-06-03,11882182.81
1974-06-04,12021422.96
1974-06-05,12045548.73
1974-06-06,12265495.74
1974-06-07,12345190.54
1974-06-10,12419590.63
1974-06-11,12312727.4
1974-06-12,12285250.18
1974-06-13,12323926.69
1974-06-14,12187960.19
1974-06-17,12022887.54
1974-06-18,11946460.6
1974-06-19,11867389.2
1974-06-20,11785673.39
1974-06-21,11686521.42
1974-06-24,11719004.41
1974-06-25,11893124.15
1974-06-26,11711813.35
1974-06-27,11539858.53
1974-06-28,11500188.18
1974-07-01,11504611.03
1974-07-02,11276544.49
1974-07-03,11271615.99
1974-07-05,11194537.3
1974-07-08,10852906
1974-07-09,10906771.08
1974-07-10,10709446.43
1974-07-11,10697842.52
1974-07-12,11135162.46
1974-07-15,11221088.24
1974-07-16,11093242.94
1974-07-17,11213905.4
1974-07-18,11226346.94
1974-07-19,11196035.29
1974-07-22,11233860.51
1974-07-23,11347838.85
1974-07-24,11395014.34
1974-07-25,11261831.35
1974-07-26,11052498.39
1974-07-29,10859200.64
1974-07-30,10802173.49
1974-07-31,10644950.8
1974-08-01,10571895.47
1974-08-02,10552277.69
1974-08-05,10647550.57
1974-08-06,10813624.16
1974-08-07,11099927.67
1974-08-08,10957404.69
1974-08-09,10864311.84
1974-08-12,10717785.32
1974-08-13,10551222.9
1974-08-14,10317871.42
1974-08-15,10262189.61
1974-08-16,10179791.4
1974-08-19,10034611.68
1974-08-20,10087133.61
1974-08-21,9896540.04
1974-08-22,9803461.51
1974-08-23,9638252.09
1974-08-26,9721498.57
1974-08-27,9560299.39
1974-08-28,9538020.8
1974-08-29,9436933.33
1974-08-30,9727217.39
1974-09-03,9511257.96
1974-09-04,9268589.04
1974-09-05,9561538.73
1974-09-06,9636765.95
1974-09-09,9411464.99
1974-09-10,9349118.34
1974-09-11,9258724.91
1974-09-12,9014731.9
1974-09-13,8814818.94
1974-09-16,8958166.71
1974-09-17,9109524.73
1974-09-18,9156704.12
1974-09-19,9475008.36
1974-09-20,9483099.79
1974-09-23,9387705.41
1974-09-24,9200375.46
1974-09-25,9141489.33
1974-09-26,8993372.01
1974-09-27,8789826.14
1974-09-30,8602506.38
1974-10-01,8584184.8
1974-10-02,8584791.26
1974-10-03,8438035.45
1974-10-04,8448106.47
1974-10-07,8802916.82
1974-10-08,8790002.19
1974-10-09,9194826.01
1974-10-10,9463102.48
1974-10-11,9647557.89
1974-10-14,9865807.39
1974-10-15,9692014.3
1974-10-16,9543908.34
1974-10-17,9659413.38
1974-10-18,9811416.76
1974-10-21,9978287.99
1974-10-22,9930218.09
1974-10-23,9648287.77
1974-10-24,9540742.95
1974-10-25,9529176.1
1974-10-28,9527070.74
1974-10-29,9899404.79
1974-10-30,10101411.4
1974-10-31,10047937.03
1974-11-01,10047179.87
1974-11-04,9940989.69
1974-11-05,10217334.41
1974-11-06,10170618.66
1974-11-07,10234742.2
1974-11-08,10196137.8
1974-11-11,10230523.27
1974-11-12,10032422.5
1974-11-13,9991116.62
1974-11-14,9953866.1
1974-11-15,9800376.96
1974-11-18,9445497.09
1974-11-19,9302826.22
1974-11-20,9264231.14
1974-11-21,9304027.99
1974-11-22,9403294
1974-11-25,9395784.53
1974-11-26,9484235.66
1974-11-27,9549709.41
1974-11-29,9555714.18
1974-12-02,9306280.2
1974-12-03,9181189.35
1974-12-04,9215579.31
1974-12-05,9044539.59
1974-12-06,8895127.79
1974-12-09,8976819.53
1974-12-10,9205820.41
1974-12-11,9260479.91
1974-12-12,9232700.28
1974-12-13,9183298.62
1974-12-16,9102814.46
1974-12-17,9256126.88
1974-12-18,9301324.15
1974-12-19,9269491.23
1974-12-20,9169806.12
1974-12-23,9041794.48
1974-12-24,9170060.84
1974-12-26,9248990.12
1974-12-27,9210059.44
1974-12-30,9214984.02
1974-12-31,9409024.69
1975-01-02,9640065.11
1975-01-03,9708023.46
1975-01-06,9759536.82
1975-01-07,9754863.46
1975-01-08,9622747.08
1975-01-09,9779776.88
1975-01-10,9979285.76
1975-01-13,9940352.49
1975-01-14,9856199.86
1975-01-15,9921412.35
1975-01-16,9911257.71
1975-01-17,9764072.71
1975-01-20,9782695.25
1975-01-21,9732802.76
1975-01-22,9877489.26
1975-01-23,9924885.73
1975-01-24,10051755.85
1975-01-27,10381418.02
1975-01-28,10474026.23
1975-01-29,10644736.2
1975-01-30,10503036.49
1975-01-31,10610714.96
1975-02-03,10727982.01
1975-02-04,10701379.86
1975-02-05,10887152.57
1975-02-06,10835886.85
1975-02-07,10847648.27
1975-02-10,10812825.57
1975-02-11,10845139.01
1975-02-12,11030903.69
1975-02-13,11182414.15
1975-02-14,11251716.08
1975-02-18,11175788.81
1975-02-19,11247830.48
1975-02-20,11355491.87
1975-02-21,11413830.82
1975-02-24,11254332.14
1975-02-25,10994823.29
1975-02-26,11112074.45
1975-02-27,11169042.13
1975-02-28,11283549.66
1975-03-03,11482995.1
1975-03-04,11557769.1
1975-03-05,11606513.32
1975-03-06,11579908.73
1975-03-07,11665640.16
1975-03-10,11756849.13
1975-03-11,11678187.19
1975-03-12,11574866.85
1975-03-13,11597580.2
1975-03-14,11739474.48
1975-03-17,11912873.44
1975-03-18,11794485.72
1975-03-19,11688429.1
1975-03-20,11590593.92
1975-03-21,11561671.08
1975-03-24,11290492.57
1975-03-25,11381180.97
1975-03-26,11595260.78
1975-03-27,11633261.71
1975-03-31,11567280.86
1975-04-01,11469413.2
1975-04-02,11442253.46
1975-04-03,11316660.94
1975-04-04,11231274.24
1975-04-07,11159753.3
1975-04-08,11250436.54
1975-04-09,11508865.8
1975-04-10,11639748.85
1975-04-11,11698541.65
1975-04-14,11897350.34
1975-04-15,11996343.21
1975-04-16,12039881.66
1975-04-17,12131940.16
1975-04-18,12002194.12
1975-04-21,12133066.64
1975-04-22,12115607.41
1975-04-23,11983092.39
1975-04-24,11973952.65
1975-04-25,12056304
1975-04-28,12004191.71
1975-04-29,11924355.61
1975-04-30,12156414.01
1975-05-01,12269256.54
1975-05-02,12426455.76
1975-05-05,12547612.24
1975-05-06,12349952.78
1975-05-07,12412890.56
1975-05-08,12481370.97
1975-05-09,12617770.78
1975-05-12,12630805.27
1975-05-13,12767201.91
1975-05-14,12864785.27
1975-05-15,12747527.38
1975-05-16,12613637.03
1975-05-19,12629442.71
1975-05-20,12567630.09
1975-05-21,12429586.2
1975-05-22,12477271.86
1975-05-23,12644153.88
1975-05-27,12612834.14
1975-05-28,12527462.37
1975-05-29,12525250.5
1975-05-30,12730934.13
1975-06-02,12931070.76
1975-06-03,12975977.67
1975-06-04,12937727.78
1975-06-05,12952144.43
1975-06-06,12924982.89
1975-06-09,12750914.8
1975-06-10,12646145.27
1975-06-11,12663334.98
1975-06-12,12600143.33
1975-06-13,12663065.9
1975-06-16,12795281.37
1975-06-17,12675271.03
1975-06-18,12650884.41
1975-06-19,12878718.16
1975-06-20,12962470.61
1975-06-23,13105666.31
1975-06-24,13187273.9
1975-06-25,13249285.07
1975-06-26,13277702.9
1975-06-27,13279527.82
1975-06-30,13334539.4
1975-07-01,13288776.2
1975-07-02,13196827.36
1975-07-03,13223845.67
1975-07-07,13110904.64
1975-07-08,13091736.83
1975-07-09,13290902.69
1975-07-10,13294126.19
1975-07-11,13274958.51
1975-07-14,13350958.59
1975-07-15,13411562.67
1975-07-16,13273434.81
1975-07-17,13138107.57
1975-07-18,13079755.02
1975-07-21,12975221.17
1975-07-22,12838499.47
1975-07-23,12662596.09
1975-07-24,12649031.3
1975-07-25,12541704.36
1975-07-28,12459568.85
1975-07-29,12391428.57
1975-07-30,12482821.99
1975-07-31,12473457.09
1975-08-01,12368933.81
1975-08-04,12253217.88
1975-08-05,12126308.5
1975-08-06,12130939.91
1975-08-07,12139770.2
1975-08-08,12102420.91
1975-08-11,12178419.4
1975-08-12,12260013.07
1975-08-13,12100924.85
1975-08-14,12050983.84
1975-08-15,12159163.36
1975-08-18,12138607.28
1975-08-19,11965532.33
1975-08-20,11725296.48
1975-08-21,11706143.65
1975-08-22,11877286.66
1975-08-25,11988260.56
1975-08-26,11836181.62
1975-08-27,11903779.32
1975-08-28,12181254.42
1975-08-29,12250246.94
1975-09-02,12056196.14
1975-09-03,12134982.62
1975-09-04,12160600.69
1975-09-05,12081284.16
1975-09-08,12120893.29
1975-09-09,11942240.06
1975-09-10,11830747.05
1975-09-11,11785012.29
1975-09-12,11765862.23
1975-09-15,11708935.8
1975-09-16,11600245.56
1975-09-17,11641256.63
1975-09-18,11879530.43
1975-09-19,12137895.81
1975-09-22,12025370.46
1975-09-23,12008954.28
1975-09-24,12123977.38
1975-09-25,12111800.51
1975-09-26,12191489.38
1975-09-29,12029501.39
1975-09-30,11867516.92
1975-10-01,11736626.17
1975-10-02,11864366.11
1975-10-03,12167348.05
1975-10-06,12300736
1975-10-07,12287144.99
1975-10-08,12454448.31
1975-10-09,12517170.23
1975-10-10,12496511.43
1975-10-13,12675114.18
1975-10-14,12651628.6
1975-10-15,12646515.34
1975-10-16,12668251.56
1975-10-17,12598132.2
1975-10-20,12735746.21
1975-10-21,12842269.05
1975-10-22,12865416.58
1975-10-23,12942261.63
1975-10-24,12744964.55
1975-10-27,12732785
1975-10-28,12844956.32
1975-10-29,12688642.49
1975-10-30,12679289.29
1975-10-31,12643089.03
1975-11-03,12510801.63
1975-11-04,12572102.4
1975-11-05,12664487.72
1975-11-06,12722959.81
1975-11-07,12693824.92
1975-11-10,12697188.5
1975-11-11,12774028.39
1975-11-12,12962490.31
1975-11-13,12943245.12
1975-11-14,12935304.01
1975-11-17,13006486.88
1975-11-18,12943441.56
1975-11-19,12801274.52
1975-11-20,12755185.81
1975-11-21,12741594.72
1975-11-24,12767564.27
1975-11-25,12912214.94
1975-11-26,12946660.71
1975-11-28,12990994.77
1975-12-01,12912412.06
1975-12-02,12725043.38
1975-12-03,12482576.75
1975-12-04,12518436.46
1975-12-05,12376284.36
1975-12-08,12413557.42
1975-12-09,12448004.84
1975-12-10,12560153.02
1975-12-11,12522548.2
1975-12-12,12528738.56
1975-12-15,12567421.02
1975-12-16,12688042.01
1975-12-17,12721072.81
1975-12-18,12762578.96
1975-12-19,12673895.68
1975-12-22,12581971.22
1975-12-23,12668452.94
1975-12-24,12774913.25
1975-12-26,12889935.97
1975-12-29,12875081.45
1975-12-30,12825974.96
1975-12-31,12888189.87
1976-01-02,12991790.71
1976-01-05,13233824.21
1976-01-06,13371672.08
1976-01-07,13433879.97
1976-01-08,13526057.47
1976-01-09,13581127.27
1976-01-12,13780334.96
1976-01-13,13674141.08
1976-01-14,13899031.48
1976-01-15,13827088.77
1976-01-16,13885008.99
1976-01-19,14075643.91
1976-01-20,14154967.18
1976-01-21,14068753.55
1976-01-22,14042476.75
1976-01-23,14211699.48
1976-01-26,14281030.43
1976-01-27,14196245.72
1976-01-28,14121451.07
1976-01-29,14349174.14
1976-01-30,14458456.49
1976-02-02,14462143.79
1976-02-03,14508638.32
1976-02-04,14615063.66
1976-02-05,14400431.53
1976-02-06,14269990.26
1976-02-09,14295082.38
1976-02-10,14418627.95
1976-02-11,14463693.54
1976-02-12,14391757.34
1976-02-13,14311260.42
1976-02-17,14225058.32
1976-02-18,14341465.21
1976-02-19,14566309.6
1976-02-20,14667017.29
1976-02-23,14599363
1976-02-24,14661546.3
1976-02-25,14615294.85
1976-02-26,14392125.02
1976-02-27,14337315.06
1976-03-01,14383804.23
1976-03-02,14465962.01
1976-03-03,14382618.8
1976-03-04,14233647.38
1976-03-05,14263016.28
1976-03-08,14419359.63
1976-03-09,14477259.76
1976-03-10,14530879.19
1976-03-11,14668669.85
1976-03-12,14523983.8
1976-03-15,14375020.22
1976-03-16,14537061.22
1976-03-17,14530760.82
1976-03-18,14474528.65
1976-03-19,14494626.04
1976-03-22,14515534.97
1976-03-23,14738196.89
1976-03-24,14910417.8
1976-03-25,14830448.55
1976-03-26,14832620.94
1976-03-29,14771387.82
1976-03-30,14715918.82
1976-03-31,14827609.41
1976-04-01,14753407.97
1976-04-02,14757022.16
1976-04-05,14940760.84
1976-04-06,14921317.28
1976-04-07,14757776.53
1976-04-08,14625939.63
1976-04-09,14494104.71
1976-04-12,14474665.08
1976-04-13,14599319.97
1976-04-14,14494864.96
1976-04-15,14548912.46
1976-04-19,14662036.52
1976-04-20,14870256.95
1976-04-21,14937267.8
1976-04-22,14890450.14
1976-04-23,14793202.34
1976-04-26,14815546.41
1976-04-27,14735591.05
1976-04-28,14776665.52
1976-04-29,14778837.91
1976-04-30,14710411.29
1976-05-03,14608847.04
1976-05-04,14688822.89
1976-05-05,14607431
1976-05-06,14649946.74
1976-05-07,14755852.9
1976-05-10,14933795.41
1976-05-11,14914355.38
1976-05-12,14890593.67
1976-05-13,14804883.07
1976-05-14,14688917.13
1976-05-17,14655072.91
1976-05-18,14681738.26
1976-05-19,14672385.58
1976-05-20,14792691.79
1976-05-21,14688256.76
1976-05-24,14428235.13
1976-05-25,14437612.26
1976-05-26,14418177.56
1976-05-27,14426114.82
1976-05-28,14543536.75
1976-06-01,14498171.29
1976-06-02,14553646.64
1976-06-03,14542854.76
1976-06-04,14403855.95
1976-06-07,14331122.45
1976-06-08,14357787.41
1976-06-09,14351318.67
1976-06-10,14471614.62
1976-06-11,14669695.28
1976-06-14,14820236.96
1976-06-15,14751825.92
1976-06-16,14833223.45
1976-06-17,15065865.87
1976-06-18,15088921.33
1976-06-21,15166637.42
1976-06-22,15050944.22
1976-06-23,15021049.55
1976-06-24,15101673.38
1976-06-25,15093591.54
1976-06-28,15053518.15
1976-06-29,15118144.21
1976-06-30,15181314.84
1976-07-01,15083076.41
1976-07-02,15160788.41
1976-07-06,15080001.25
1976-07-07,15124267.46
1976-07-08,15148175.93
1976-07-09,15295679.94
1976-07-12,15431548.98
1976-07-13,15400200
1976-07-14,15443007.8
1976-07-15,15336050.19
1976-07-16,15262537.08
1976-07-19,15207926.78
1976-07-20,15127145.31
1976-07-21,15143781.78
1976-07-22,15161872.27
1976-07-23,15182869.93
1976-07-26,15186420.57
1976-07-27,15102734.91
1976-07-28,15042312.81
1976-07-29,15026962.75
1976-07-30,15103209.85
1976-08-02,15068959.3
1976-08-03,15209175.2
1976-08-04,15253433.78
1976-08-05,15171205.06
1976-08-06,15164578.6
1976-08-09,15123059.22
1976-08-10,15258909.24
1976-08-11,15210120.21
1976-08-12,15235477.66
1976-08-13,15241934.63
1976-08-16,15270198.54
1976-08-17,15326084.16
1976-08-18,15293287.97
1976-08-19,15125294.05
1976-08-20,14979109.06
1976-08-23,14921603.01
1976-08-24,14823393.76
1976-08-25,14935974.87
1976-08-26,14834860.07
1976-08-27,14860218.22
1976-08-30,14948083.15
1976-08-31,15072289.56
1976-09-01,15241556.04
1976-09-02,15223300.54
1976-09-03,15280634.99
1976-09-07,15388844.14
1976-09-08,15377856.45
1976-09-09,15301456.12
1976-09-10,15339890.86
1976-09-13,15289656.48
1976-09-14,15240876.72
1976-09-15,15288032.05
1976-09-16,15448563.28
1976-09-17,15586083.69
1976-09-20,15595932.17
1976-09-21,15819909.6
1976-09-22,15768156.97
1976-09-23,15691472.91
1976-09-24,15676388.29
1976-09-27,15747831.31
1976-09-28,15552356.21
1976-09-29,15474210.3
1976-09-30,15457659.77
1976-10-01,15303254.49
1976-10-04,15285239.75
1976-10-05,15170434.99
1976-10-06,15134822.9
1976-10-07,15220931.63
1976-10-08,15079731.87
1976-10-11,14947333.89
1976-10-12,14828135.62
1976-10-13,15022763.04
1976-10-14,14839041.79
1976-10-15,14845960.95
1976-10-18,14935000.79
1976-10-19,14934586.59
1976-10-20,14979631.77
1976-10-21,14839910.07
1976-10-22,14723653.16
1976-10-25,14742304.12
1976-10-26,14889994.35
1976-10-27,14995159.14
1976-10-28,14975682.48
1976-10-29,15167357.98
1976-11-01,15199201.27
1976-11-03,15028693.93
1976-11-04,15103061.64
1976-11-05,14872439.31
1976-11-08,14696073.06
1976-11-09,14657538.62
1976-11-10,14585280.46
1976-11-11,14709500.38
1976-11-12,14653371.53
1976-11-15,14752663.59
1976-11-16,14775710.68
1976-11-17,14861803.98
1976-11-18,15051995.15
1976-11-19,15058911.44
1976-11-22,15159662.12
1976-11-23,15069811.91
1976-11-24,15138306.78
1976-11-26,15249317.48
1976-11-29,15147739.37
1976-11-30,15100408.15
1976-12-01,15160103.38
1976-12-02,15108375.82
1976-12-03,15204722.02
1976-12-06,15324523.27
1976-12-07,15316776.61
1976-12-08,15405789.54
1976-12-09,15471344.07
1976-12-10,15501712.27
1976-12-13,15493964.51
1976-12-14,15560983.22
1976-12-15,15573758.9
1976-12-16,15526429.84
1976-12-17,15448051.49
1976-12-20,15360306.99
1976-12-21,15447401.41
1976-12-22,15522640.95
1976-12-23,15544539.8
1976-12-27,15727937.77
1976-12-28,15835769.56
1976-12-29,15774695.28
1976-12-30,15857338.04
1976-12-31,15945906.08
1977-01-03,15880387.77
1977-01-04,15690417.58
1977-01-05,15553787.76
1977-01-06,15594944.66
1977-01-07,15596100.96
1977-01-10,15626886.26
1977-01-11,15469519.85
1977-01-12,15365489.03
1977-01-13,15486646.73
1977-01-14,15461137.01
1977-01-17,15422293.83
1977-01-18,15364191.49
1977-01-19,15445346.85
1977-01-20,15317618.43
1977-01-21,15372107.15
1977-01-24,15364375.74
1977-01-25,15349236.95
1977-01-26,15234845.11
1977-01-27,15156009.05
1977-01-28,15179388.21
1977-01-31,15196841.42
1977-02-01,15275030.35
1977-02-02,15251005.23
1977-02-03,15178096.32
1977-02-04,15185179.84
1977-02-07,15189301.13
1977-02-08,15148983.02
1977-02-09,15022751.85
1977-02-10,15038723.6
1977-02-11,14952488.74
1977-02-14,15032154.64
1977-02-15,15079233
1977-02-16,15150009.74
1977-02-17,15066738.58
1977-02-18,15005686.99
1977-02-22,15008327.8
1977-02-23,14966533.7
1977-02-24,14881784.91
1977-02-25,14866653.35
1977-02-28,14919653.74
1977-03-01,15046711.48
1977-03-02,15009360.73
1977-03-03,15084575.85
1977-03-04,15134611.29
1977-03-07,15144656.89
1977-03-08,15091015.62
1977-03-09,14979612.23
1977-03-10,15066673.52
1977-03-11,15066352
1977-03-14,15183031.69
1977-03-15,15268609.3
1977-03-16,15299386.39
1977-03-17,15288696.12
1977-03-18,15257576.36
1977-03-21,15177861.54
1977-03-22,15134098.01
1977-03-23,15016938.46
1977-03-24,14944717.03
1977-03-25,14851526.84
1977-03-28,14845213.08
1977-03-29,14951236.57
1977-03-30,14781659.41
1977-03-31,14766358.68
1977-04-01,14887358.1
1977-04-04,14743248.44
1977-04-05,14712970.84
1977-04-06,14700667.26
1977-04-07,14769241.36
1977-04-11,14851294.69
1977-04-12,15044179.46
1977-04-13,15048348.74
1977-04-14,15176826.64
1977-04-15,15185487.75
1977-04-18,15113273.69
1977-04-19,15045553.56
1977-04-20,15097647.75
1977-04-21,15002971.01
1977-04-22,14809452.17
1977-04-25,14618930.99
1977-04-26,14615614.63
1977-04-27,14745584.99
1977-04-28,14784200.15
1977-04-29,14822815.87
1977-05-02,14898869.13
1977-05-03,14976419.13
1977-05-04,15058460.43
1977-05-05,15083594.51
1977-05-06,14993418.07
1977-05-09,14949666.72
1977-05-10,14995766
1977-05-11,14895109.85
1977-05-12,14890295.04
1977-05-13,14937890.37
1977-05-16,15006450.45
1977-05-17,15054044.2
1977-05-18,15136079.9
1977-05-19,15075857.19
1977-05-20,15014138.79
1977-05-23,14822148.05
1977-05-24,14752945.06
1977-05-25,14620853.45
1977-05-26,14659464.87
1977-05-27,14551333.06
1977-05-31,14531548.03
1977-06-01,14655506.14
1977-06-02,14629730.04
1977-06-03,14774648.97
1977-06-06,14708445.74
1977-06-07,14785983.18
1977-06-08,14859026.67
1977-06-09,14852715.22
1977-06-10,14903299.18
1977-06-13,14947893.27
1977-06-14,15118254.92
1977-06-15,15083494.12
1977-06-16,15122096.87
1977-06-17,15142174.97
1977-06-20,15212909.11
1977-06-21,15263952
1977-06-22,15224115.41
1977-06-23,15250923.84
1977-06-24,15339830.97
1977-06-27,15310596.97
1977-06-28,15185942.61
1977-06-29,15183972.91
1977-06-30,15242586.7
1977-07-01,15187605.73
1977-07-05,15188664.67
1977-07-06,15113997.39
1977-07-07,15169580.23
1977-07-08,15150950.87
1977-07-11,15117176.89
1977-07-12,15104605.19
1977-07-13,15128382.28
1977-07-15,15220311.24
1977-07-18,15339498.13
1977-07-19,15469285.55
1977-07-20,15462770.75
1977-07-21,15444139.14
1977-07-22,15458826.45
1977-07-25,15337216.31
1977-07-26,15251953.28
1977-07-27,15007681.49
1977-07-28,15032972.21
1977-07-29,15044632.65
1977-08-01,15088095.38
1977-08-02,14996779.91
1977-08-03,14979668.86
1977-08-04,15038272.9
1977-08-05,15043876.65
1977-08-08,14929849.56
1977-08-09,14941511.33
1977-08-10,15075827.59
1977-08-11,14963318.57
1977-08-12,14923493.51
1977-08-15,14971496.41
1977-08-16,14905931.42
1977-08-17,14910020.13
1977-08-18,14903510.53
1977-08-19,14880344.79
1977-08-22,14925317.2
1977-08-23,14902151.64
1977-08-24,14845674.72
1977-08-25,14684721.98
1977-08-26,14673670.98
1977-08-29,14806462.84
1977-08-30,14727276.37
1977-08-31,14788902.78
1977-09-01,14800564.11
1977-09-02,14897012.25
1977-09-06,14938953.52
1977-09-07,14986950.52
1977-09-08,14878998.99
1977-09-09,14743797.54
1977-09-12,14694896.31
1977-09-13,14706556.56
1977-09-14,14778778.08
1977-09-15,14819203.7
1977-09-16,14771950.84
1977-09-19,14678497.54
1977-09-20,14687628.74
1977-09-21,14569681.01
1977-09-22,14571157.14
1977-09-23,14566510.11
1977-09-26,14621572.13
1977-09-27,14603144.99
1977-09-28,14616869.18
1977-09-29,14702550.22
1977-09-30,14809663.7
1977-10-03,14844819.59
1977-10-04,14739126.6
1977-10-05,14688549.57
1977-10-06,14748201.16
1977-10-07,14738959.38
1977-10-10,14708284.98
1977-10-11,14585756.95
1977-10-12,14452514.54
1977-10-13,14366731.12
1977-10-14,14385048.26
1977-10-17,14374279.59
1977-10-18,14375756.98
1977-10-19,14213434.89
1977-10-20,14260838.67
1977-10-21,14210269.78
1977-10-24,14107653.78
1977-10-25,14014224.85
1977-10-26,14185621.4
1977-10-27,14225369.31
1977-10-28,14269709.86
1977-10-31,14231388.24
1977-11-01,14082855.4
1977-11-02,13987899.82
1977-11-03,13998565.01
1977-11-04,14127093.31
1977-11-07,14238782.03
1977-11-08,14267812.46
1977-11-09,14350416.64
1977-11-10,14618227.25
1977-11-11,14815625.68
1977-11-14,14717608.34
1977-11-15,14813981.69
1977-11-16,14743516.81
1977-11-17,14702135.84
1977-11-18,14731161.05
1977-11-21,14721921.52
1977-11-22,14853493.47
1977-11-23,14917720.06
1977-11-25,14951335.38
1977-11-28,14854854.48
1977-11-29,14629812.29
1977-11-30,14675672.16
1977-12-01,14657250.94
1977-12-02,14657195.01
1977-12-05,14598981.67
1977-12-06,14381602.63
1977-12-07,14376957.62
1977-12-08,14407513.19
1977-12-09,14516120.21
1977-12-12,14516065.35
1977-12-13,14508359.18
1977-12-14,14583294.26
1977-12-15,14512842.84
1977-12-16,14492187.3
1977-12-19,14385175.53
1977-12-20,14358848.79
1977-12-21,14447341.9
1977-12-22,14566865.03
1977-12-23,14708108.4
1977-12-27,14711260.2
1977-12-28,14723720.91
1977-12-29,14756352.26
1977-12-30,14784327.54
1978-01-03,14588884.1
1978-01-04,14545490.91
1978-01-05,14427627.12
1978-01-06,14257015.14
1978-01-09,14108125.1
1978-01-10,14038362.23
1978-01-11,13974806.36
1978-01-12,13990375.19
1978-01-13,13973363.93
1978-01-16,13936183.77
1978-01-17,14009153.74
1978-01-18,14117805.18
1978-01-19,14048045.9
1978-01-20,14020175.31
1978-01-23,13922493.32
1978-01-24,13927202.22
1978-01-25,13952077.97
1978-01-26,13829578.14
1978-01-27,13832735.98
1978-01-30,13953791.71
1978-01-31,13942987.55
1978-02-01,14051631.32
1978-02-02,14085812.23
1978-02-03,14009854.96
1978-02-06,13994395.98
1978-02-07,14126304.8
1978-02-08,14207021.15
1978-02-09,14127962.17
1978-02-10,14096991.05
1978-02-13,14066020.39
1978-02-14,13941980.13
1978-02-15,13912562.6
1978-02-16,13799383.34
1978-02-17,13783926.98
1978-02-21,13729692.72
1978-02-22,13728197.75
1978-02-23,13743765.02
1978-02-24,13878765.47
1978-02-27,13762489.92
1978-02-28,13660175.15
1978-03-01,13686599.8
1978-03-02,13709921.29
1978-03-03,13733242.44
1978-03-06,13651094.99
1978-03-07,13725599.8
1978-03-08,13803204.96
1978-03-09,13814117.72
1978-03-10,13970821.06
1978-03-13,13984833.8
1978-03-14,14050028
1978-03-15,14017512.47
1978-03-16,14081154.18
1978-03-17,14192507.87
1978-03-20,14293159.69
1978-03-21,14134192.63
1978-03-22,14086941.02
1978-03-23,14072731.65
1978-03-27,13998733.67
1978-03-28,14100955.67
1978-03-29,14126080.96
1978-03-30,14092992.1
1978-03-31,14064622.4
1978-04-03,13949720.01
1978-04-04,14015752.61
1978-04-05,14141569.9
1978-04-06,14168267.4
1978-04-07,14231149.62
1978-04-10,14284591.57
1978-04-11,14249929.88
1978-04-12,14231001.09
1978-04-13,14370970.97
1978-04-14,14679273.84
1978-04-17,14923070.51
1978-04-18,14765694.87
1978-04-19,14836435.34
1978-04-20,14946504.48
1978-04-21,14918131.55
1978-04-24,15146185.9
1978-04-25,15286140.58
1978-04-26,15317545.94
1978-04-27,15169613.97
1978-04-28,15325296.27
1978-05-01,15460525.1
1978-05-02,15397542.69
1978-05-03,15244895.48
1978-05-04,15196072.71
1978-05-05,15293545.32
1978-05-08,15243150.73
1978-05-09,15200621.35
1978-05-10,15206856.01
1978-05-11,15411290.54
1978-05-12,15551229.6
1978-05-15,15662852.71
1978-05-16,15758743.4
1978-05-17,15801152.38
1978-05-18,15650088
1978-05-19,15574526.46
1978-05-22,15730185.87
1978-05-23,15569688.28
1978-05-24,15420202.23
1978-05-25,15379248.57
1978-05-26,15347732.45
1978-05-30,15394860.37
1978-05-31,15457715.95
1978-06-01,15478104.22
1978-06-02,15605445.09
1978-06-05,15893211.65
1978-06-06,15954489.67
1978-06-07,15926117.14
1978-06-08,15943354.88
1978-06-09,15902400.36
1978-06-12,15845719.03
1978-06-13,15851947.75
1978-06-14,15840877.32
1978-06-15,15664668.67
1978-06-16,15520561.91
1978-06-19,15534661.83
1978-06-20,15381481.76
1978-06-21,15304773.83
1978-06-22,15344364.4
1978-06-23,15285182.23
1978-06-26,15088994.26
1978-06-27,15152483.33
1978-06-28,15222342.68
1978-06-29,15252374.39
1978-06-30,15248951.69
1978-07-03,15181807.2
1978-07-05,15054129.1
1978-07-06,15065045.75
1978-07-07,15158797.91
1978-07-10,15222281.42
1978-07-11,15330368.46
1978-07-12,15382699
1978-07-13,15387240.8
1978-07-14,15602051.16
1978-07-17,15636856.15
1978-07-18,15494847.51
1978-07-19,15696908.68
1978-07-20,15685518
1978-07-21,15643863.51
1978-07-24,15642031.47
1978-07-25,15759664.03
1978-07-26,15864551.76
1978-07-27,15940766.8
1978-07-28,16016980.69
1978-07-31,16128235.54
1978-08-01,16127993.08
1978-08-02,16490905.3
1978-08-03,16587819.69
1978-08-04,16656061.57
1978-08-07,16600069
1978-08-08,16676273.96
1978-08-09,16757255.78
1978-08-10,16626405.74
1978-08-11,16677124.89
1978-08-14,16681656.22
1978-08-15,16665481.82
1978-08-16,16795834.31
1978-08-17,16867256.01
1978-08-18,16814450.39
1978-08-21,16683605.55
1978-08-22,16753433.54
1978-08-23,16851928.73
1978-08-24,16881939.42
1978-08-25,16856209.35
1978-08-28,16709443.59
1978-08-29,16621605.33
1978-08-30,16642061.92
1978-08-31,16611556.99
1978-09-01,16676603.93
1978-09-05,16808535.24
1978-09-06,16953204.91
1978-09-07,16962510.85
1978-09-08,17183616.76
1978-09-11,17216808.1
1978-09-12,17221333.46
1978-09-13,17120758.08
1978-09-14,16926231.28
1978-09-15,16770436.2
1978-09-18,16627144.37
1978-09-19,16520900.66
1978-09-20,16395331.45
1978-09-21,16425995.83
1978-09-22,16419614.61
1978-09-25,16426119.99
1978-09-26,16551810.12
1978-09-27,16400475.2
1978-09-28,16452075.57
1978-09-29,16548772.29
1978-10-02,16619697.96
1978-10-03,16564999.85
1978-10-04,16642366.64
1978-10-05,16679469.12
1978-10-06,16723013.25
1978-10-09,16898617.84
1978-10-10,16880961.49
1978-10-11,17034015.69
1978-10-12,16955160.09
1978-10-13,16923010.2
1978-10-16,16596148.4
1978-10-17,16382022.36
1978-10-18,16261302.83
1978-10-19,16077780.64
1978-10-20,15858831.14
1978-10-23,15899157.58
1978-10-24,15791328.56
1978-10-25,15765629.69
1978-10-26,15562793.56
1978-10-27,15334194.59
1978-10-30,15413170.77
1978-10-31,15108892.92
1978-11-01,15707994.4
1978-11-02,15511607.59
1978-11-03,15606682.55
1978-11-06,15450555.96
1978-11-07,15238072.06
1978-11-08,15337977.43
1978-11-09,15336437.67
1978-11-10,15396085.52
1978-11-13,15135303.18
1978-11-14,15035543.46
1978-11-15,15074260.39
1978-11-16,15238569.22
1978-11-17,15356181.09
1978-11-20,15493113.31
1978-11-21,15457759.95
1978-11-22,15536725.13
1978-11-24,15589926.89
1978-11-27,15625416.76
1978-11-28,15493459
1978-11-29,15271338.67
1978-11-30,15427584.18
1978-12-01,15685260.82
1978-12-04,15667618.56
1978-12-05,15878598.89
1978-12-06,15889934.38
1978-12-07,15827211.34
1978-12-08,15758047.95
1978-12-11,15838614.07
1978-12-12,15758181.96
1978-12-13,15676142.01
1978-12-14,15676210.25
1978-12-15,15563198.41
1978-12-18,15258308.19
1978-12-19,15392577.12
1978-12-20,15468073.9
1978-12-21,15476635.5
1978-12-22,15741501.19
1978-12-26,15942695.56
1978-12-27,15805963.38
1978-12-28,15747590.11
1978-12-29,15723500.53
1979-01-02,15828375.03
1979-01-03,16006707.18
1979-01-04,16137696.16
1979-01-05,16231137.12
1979-01-08,16180927.02
1979-01-09,16271102.03
1979-01-10,16183345.9
1979-01-11,16240872.74
1979-01-12,16380016.34
1979-01-15,16507731.53
1979-01-16,16310610.55
1979-01-17,16317533.3
1979-01-18,16360365.58
1979-01-19,16368919.25
1979-01-22,16397060.58
1979-01-23,16514975.45
1979-01-24,16446812.81
1979-01-25,16618589.85
1979-01-26,16731603.91
1979-01-29,16684659.57
1979-01-30,16606703.62
1979-01-31,16427552.37
1979-02-01,16436104.95
1979-02-02,16364681.45
1979-02-05,16138203.36
1979-02-06,16135334.19
1979-02-07,15993732.82
1979-02-08,16077365.69
1979-02-09,16116930.95
1979-02-12,16174447.52
1979-02-13,16297248.05
1979-02-14,16291112.98
1979-02-15,16271921.23
1979-02-16,16265785.18
1979-02-20,16391844.87
1979-02-21,16338380.47
1979-02-22,16221268.57
1979-02-23,16135165.55
1979-02-26,16120871.58
1979-02-27,15873205.61
1979-02-28,15901345.14
1979-03-01,16006186.03
1979-03-02,16021268.36
1979-03-05,16202806.18
1979-03-06,16175457.99
1979-03-07,16272133.7
1979-03-08,16461825.5
1979-03-09,16458953.12
1979-03-12,16483822.15
1979-03-13,16515218.36
1979-03-14,16497659.68
1979-03-15,16525792.21
1979-03-16,16666359.5
1979-03-19,16731220.9
1979-03-20,16642148.71
1979-03-21,16769907.35
1979-03-22,16843042.9
1979-03-23,16835074.62
1979-03-26,16746004.31
1979-03-27,16987963.44
1979-03-28,16931995.37
1979-03-29,16920715.71
1979-03-30,16851507.86
1979-04-02,16740925.04
1979-04-03,16992805.19
1979-04-04,17037798.32
1979-04-05,17142372.82
1979-04-06,17132747.47
1979-04-09,17085057.31
1979-04-10,17166457.71
1979-04-11,16999607.5
1979-04-12,16951919.42
1979-04-16,16809898.28
1979-04-17,16833374.69
1979-04-18,16913119.86
1979-04-19,16847229.39
1979-04-20,16842572.75
1979-04-23,16902456.59
1979-04-24,17010331.93
1979-04-25,17063595.15
1979-04-26,16986121.91
1979-04-27,16954985.91
1979-04-30,16951982.62
1979-05-01,16942359.85
1979-05-02,16952595.65
1979-05-03,16971104.61
1979-05-04,16789383.24
1979-05-07,16516649.24
1979-05-08,16545090.6
1979-05-09,16596698.18
1979-05-10,16444769.49
1979-05-11,16448389.35
1979-05-14,16375891.68
1979-05-15,16392750.04
1979-05-16,16442701.76
1979-05-17,16697835.62
1979-05-18,16699798.41
1979-05-21,16738164.07
1979-05-22,16803004.27
1979-05-23,16704032.83
1979-05-24,16714269.17
1979-05-25,16765870.82
1979-05-29,16741359.95
1979-05-30,16589444.96
1979-05-31,16588099.82
1979-06-01,16606608.73
1979-06-04,16635045.55
1979-06-05,16853754.85
1979-06-06,16969879.41
1979-06-07,17054565.95
1979-06-08,17008544.96
1979-06-11,17081649.79
1979-06-12,17240784.81
1979-06-13,17155056.51
1979-06-14,17140471.25
1979-06-15,17125119.03
1979-06-18,17039497.02
1979-06-19,17046136.04
1979-06-20,17057805.75
1979-06-21,17138249.93
1979-06-22,17233790.2
1979-06-25,17144815.08
1979-06-26,17075971.56
1979-06-27,17181572.65
1979-06-28,17273755.58
1979-06-29,17295487.88
1979-07-02,17144454.04
1979-07-03,17164509.31
1979-07-05,17224820.44
1979-07-06,17427700.05
1979-07-09,17573548.54
1979-07-10,17531540.73
1979-07-11,17440894.36
1979-07-12,17284837.11
1979-07-13,17226060.4
1979-07-16,17299784.65
1979-07-17,17150440.93
1979-07-18,17130242.47
1979-07-19,17120106.94
1979-07-20,17158609.48
1979-07-23,17123316.38
1979-07-24,17190330.64
1979-07-25,17379773.39
1979-07-26,17386407.26
1979-07-27,17389687.38
1979-07-30,17401353.41
1979-07-31,17515319.72
1979-08-01,17578973.19
1979-08-02,17570512.47
1979-08-03,17563729.26
1979-08-06,17610610.93
1979-08-07,17840285.73
1979-08-08,17898903.59
1979-08-09,17820006.28
1979-08-10,17975888.31
1979-08-13,18150213.41
1979-08-14,18170256.75
1979-08-15,18295947.72
1979-08-16,18272389.24
1979-08-17,18310878.64
1979-08-20,18403026.95
1979-08-21,18419714.43
1979-08-22,18436400.38
1979-08-23,18379304.97
1979-08-24,18377546.8
1979-08-27,18471368.34
1979-08-28,18454517.4
1979-08-29,18457788.93
1979-08-30,18461060.41
1979-08-31,18514635.97
1979-09-04,18202673.74
1979-09-05,18031563.64
1979-09-06,18110291.43
1979-09-07,18249381.94
1979-09-10,18338166.85
1979-09-11,18230776.73
1979-09-12,18286026.97
1979-09-13,18294329.36
1979-09-14,18450179.77
1979-09-17,18466863.34
1979-09-18,18329296.54
1979-09-19,18379514.26
1979-09-20,18756673.66
1979-09-21,18752594.29
1979-09-24,18610433.76
1979-09-25,18626144.34
1979-09-26,18677502.09
1979-09-27,18723766.8
1979-09-28,18576518.51
1979-10-01,18451339.01
1979-10-02,18630005.4
1979-10-03,18633833.1
1979-10-04,18736111.77
1979-10-05,18926653.86
1979-10-08,18694540.62
1979-10-09,18146716.57
1979-10-10,17924797.86
1979-10-11,17886196.62
1979-10-12,17794977.24
1979-10-15,17607012.4
1979-10-16,17581993.31
1979-10-17,17619774.27
1979-10-18,17660949.99
1979-10-19,17323629.85
1979-10-22,17176409.8
1979-10-23,17107265.77
1979-10-24,17138261.01
1979-10-25,17067420.7
1979-10-26,17168001.19
1979-10-29,17195600.14
1979-10-30,17532088.31
1979-10-31,17391663.3
1979-11-01,17522787.48
1979-11-02,17516440.28
1979-11-05,17403172.21
1979-11-06,17301785.71
1979-11-07,17079906.68
1979-11-08,17156720.87
1979-11-09,17365907.07
1979-11-12,17709159.75
1979-11-13,17616260.6
1979-11-14,17696462.03
1979-11-15,17825876.68
1979-11-16,17772011.03
1979-11-19,17850513.4
1979-11-20,17762707.48
1979-11-21,17800479.98
1979-11-23,17936677.07
1979-11-26,18301963.78
1979-11-27,18234519.72
1979-11-28,18304529.87
1979-11-29,18315146.7
1979-11-30,18208676.98
1979-12-03,18156508.44
1979-12-04,18323239.83
1979-12-05,18405124.79
1979-12-06,18536217.79
1979-12-07,18458595.29
1979-12-10,18487875.75
1979-12-11,18461160.14
1979-12-12,18470077.89
1979-12-13,18499357.6
1979-12-14,18715283.47
1979-12-17,18788677.48
1979-12-18,18617735.87
1979-12-19,18604593.51
1979-12-20,18618601.08
1979-12-21,18506657.34
1979-12-24,18522966.58
1979-12-26,18547873.97
1979-12-27,18583102.37
1979-12-28,18566727.6
1979-12-31,18588195.86
1980-01-02,18217492.43
1980-01-03,18128879.73
1980-01-04,18356751.22
1980-01-07,18410899.64
1980-01-08,18783245.74
1980-01-09,18804711.42
1980-01-10,18953452.7
1980-01-11,18962875.82
1980-01-14,19046256.37
1980-01-15,19181234.08
1980-01-16,19170017.11
1980-01-17,19114081.16
1980-01-18,19181979.69
1980-01-21,19363388.44
1980-01-22,19266177.21
1980-01-23,19602369.56
1980-01-24,19651342.74
1980-01-25,19640122.85
1980-01-28,19857637.32
1980-01-29,19727749.36
1980-01-30,19926342.15
1980-01-31,19751742.41
1980-02-01,19921096.4
1980-02-04,19796370.89
1980-02-05,19850499.99
1980-02-06,20037046.4
1980-02-07,20137604.5
1980-02-08,20429047.64
1980-02-11,20290566.49
1980-02-12,20428953.43
1980-02-13,20526066.83
1980-02-14,20234538.32
1980-02-15,20013519.81
1980-02-19,19878484.33
1980-02-20,20204307.02
1980-02-21,20003928
1980-02-22,19966913.05
1980-02-25,19677121.84
1980-02-26,19793150.24
1980-02-27,19522278.46
1980-02-28,19521378.2
1980-02-29,19750893.88
1980-03-03,19555687.12
1980-03-04,19608090.42
1980-03-05,19328633.6
1980-03-06,18906466.39
1980-03-07,18609824.84
1980-03-10,18547031.56
1980-03-11,18769663.23
1980-03-12,18617460.78
1980-03-13,18406800.34
1980-03-14,18378397.68
1980-03-17,17837622.67
1980-03-18,18158254.77
1980-03-19,18198628.81
1980-03-20,17998296.34
1980-03-21,17860885.88
1980-03-24,17336129.67
1980-03-25,17324631.81
1980-03-26,17239812.24
1980-03-27,17163723.09
1980-03-28,17597381.68
1980-03-31,17847735.24
1980-04-01,17867656.32
1980-04-02,17959148.87
1980-04-03,17870837.6
1980-04-07,17532900.55
1980-04-08,17713419.72
1980-04-09,18051043.36
1980-04-10,18224574.72
1980-04-11,18178158.58
1980-04-14,18016534.33
1980-04-15,17984085.29
1980-04-16,17798028.63
1980-04-17,17716706.85
1980-04-18,17633640.39
1980-04-21,17506937.35
1980-04-22,18144764.49
1980-04-23,18201336.14
1980-04-24,18322488.63
1980-04-25,18459349.13
1980-04-28,18547333.94
1980-04-29,18589937.08
1980-04-30,18669193.28
1980-05-01,18528526.44
1980-05-02,18553675.07
1980-05-05,18697508.05
1980-05-06,18679020.81
1980-05-07,18845541.17
1980-05-08,18666480.5
1980-05-09,18424591.87
1980-05-12,18439267.33
1980-05-13,18708758.1
1980-05-14,18808950.1
1980-05-15,18837584.89
1980-05-16,18904615.3
1980-05-19,18964663.53
1980-05-20,18960137.89
1980-05-21,18981789.63
1980-05-22,19211121.75
1980-05-23,19496296.79
1980-05-27,19636616.77
1980-05-28,19755992.09
1980-05-29,19447801.8
1980-05-30,19621277.2
1980-06-02,19541706.06
1980-06-03,19502273.16
1980-06-04,19872940.99
1980-06-05,19906799.87
1980-06-06,19984285.3
1980-06-09,20077475.88
1980-06-10,20247447.96
1980-06-11,20488962.25
1980-06-12,20405898.54
1980-06-13,20460692.58
1980-06-16,20513740.43
1980-06-17,20507458.42
1980-06-18,20551781.04
1980-06-19,20276774.09
1980-06-20,20174166.49
1980-06-23,20257866.76
1980-06-24,20373401.44
1980-06-25,20656962.32
1980-06-26,20567324.56
1980-06-27,20537822.62
1980-06-30,20230640.5
1980-07-01,20356783.88
1980-07-02,20493536.79
1980-07-03,20812456.01
1980-07-07,20963352.7
1980-07-08,20887865.11
1980-07-09,20916727.37
1980-07-10,20738663.64
1980-07-11,20900167.27
1980-07-14,21288043.73
1980-07-15,21166575.6
1980-07-16,21229034.31
1980-07-17,21553233.22
1980-07-18,21663438.22
1980-07-21,21750651.79
1980-07-22,21698154.88
1980-07-23,21656269.06
1980-07-24,21635605.66
1980-07-25,21461088.78
1980-07-28,21580132.11
1980-07-29,21755762.49
1980-07-30,21729794
1980-07-31,21634858.01
1980-08-01,21557608.14
1980-08-04,21521032.07
1980-08-05,21482686.47
1980-08-06,21630017.19
1980-08-07,21943565.87
1980-08-08,22002474.8
1980-08-11,22213455.28
1980-08-12,22042487.02
1980-08-13,21956396.89
1980-08-14,22308832.96
1980-08-15,22396029.27
1980-08-18,21988122.98
1980-08-19,21852526.36
1980-08-20,22063496.87
1980-08-21,22366410.19
1980-08-22,22469515.61
1980-08-25,22321543.77
1980-08-26,22269051.04
1980-08-27,22039748.03
1980-08-28,21789232.01
1980-08-29,21846366.96
1980-09-02,22090918.89
1980-09-03,22515811.14
1980-09-04,22396133.59
1980-09-05,22304747.19
1980-09-08,22031255.16
1980-09-09,22169715.73
1980-09-10,22304637.47
1980-09-11,22459006.54
1980-09-12,22441877.85
1980-09-15,22468948.55
1980-09-16,22662206.73
1980-09-17,23042863.09
1980-09-18,22963853.41
1980-09-19,23118825.25
1980-09-22,23328857.96
1980-09-23,23159688.84
1980-09-24,23332157.69
1980-09-25,23041364.16
1980-09-26,22621791.58
1980-09-29,22123526.87
1980-09-30,22471281.21
1980-10-01,22774315.47
1980-10-02,22950355.98
1980-10-03,23176474.96
1980-10-06,23610061.04
1980-10-07,23483828.49
1980-10-08,23604413.09
1980-10-09,23499643.8
1980-10-10,23369837.14
1980-10-13,23685367.3
1980-10-14,23687909.41
1980-10-15,23992699.41
1980-10-16,23732336.88
1980-10-17,23611476.06
1980-10-20,23810743.48
1980-10-21,23677363.7
1980-10-22,23696000.67
1980-10-23,23272906.69
1980-10-24,23334468.23
1980-10-27,22986492.58
1980-10-28,23021229.94
1980-10-29,23000527.67
1980-10-30,22715154.51
1980-10-31,22930510.56
1980-11-03,23215605.15
1980-11-05,23629454.23
1980-11-06,23201024.74
1980-11-07,23253638.13
1980-11-10,23311617.95
1980-11-11,23634252.86
1980-11-12,24234055.75
1980-11-13,24578139.19
1980-11-14,24700479.27
1980-11-17,24812091.68
1980-11-18,25165101.69
1980-11-19,25054978.4
1980-11-20,25298905.39
1980-11-21,25072556.36
1980-11-24,24933825.96
1980-11-25,25120530.95
1980-11-26,25275046.41
1980-11-28,25341946.29
1980-12-01,24754418.96
1980-12-02,24715825.63
1980-12-03,24673658.81
1980-12-04,24636853.69
1980-12-05,24203116.99
1980-12-08,23595952.54
1980-12-09,23577037.1
1980-12-10,23184440.4
1980-12-11,23027858.95
1980-12-12,23366533.38
1980-12-15,23410198.27
1980-12-16,23620138.54
1980-12-17,24033891.86
1980-12-18,24057884.04
1980-12-19,24187661.87
1980-12-22,24568763.37
1980-12-23,24486733.55
1980-12-24,24596466.22
1980-12-26,24726097.01
1980-12-29,24452306.69
1980-12-30,24511384.48
1980-12-31,24593976.74
1981-01-02,24703704.49
1981-01-05,25003375.25
1981-01-06,25035310.81
1981-01-07,24490188.55
1981-01-08,24129585.53
1981-01-09,24210368.97
1981-01-12,24222414
1981-01-13,24185614.75
1981-01-14,24222984.21
1981-01-15,24363457.99
1981-01-16,24467752.83
1981-01-19,24400202.63
1981-01-20,23913003.52
1981-01-21,23865358.48
1981-01-22,23671197.85
1981-01-23,23670583.16
1981-01-26,23604852.03
1981-01-27,23841186.76
1981-01-28,23704913.79
1981-01-29,23691639.07
1981-01-30,23571647.2
1981-02-02,23098957.4
1981-02-03,23384122.84
1981-02-04,23412447.31
1981-02-05,23605364.53
1981-02-06,23785616.89
1981-02-09,23549876.11
1981-02-10,23549262.36
1981-02-11,23373211.84
1981-02-12,23240570.24
1981-02-13,23154954.55
1981-02-17,23309880.7
1981-02-18,23435868.13
1981-02-19,23102481.52
1981-02-20,23101871.16
1981-02-23,23245942.32
1981-02-24,23257990.45
1981-02-25,23467165.85
1981-02-26,23757719.57
1981-02-27,23974120.8
1981-03-02,24112753.51
1981-03-03,23855336.25
1981-03-04,23914398.94
1981-03-05,23751022.96
1981-03-06,23741367.94
1981-03-09,23975841.83
1981-03-10,23861298.86
1981-03-11,23773879.26
1981-03-12,24364596.21
1981-03-13,24354934.18
1981-03-16,24643645.07
1981-03-17,24511017.12
1981-03-18,24570070.47
1981-03-19,24437445.07
1981-03-20,24554689.68
1981-03-23,24854233.49
1981-03-24,24672131.47
1981-03-25,25123669.71
1981-03-26,24974533.32
1981-03-27,24682555.89
1981-03-30,24619495.33
1981-03-31,24939169.19
1981-04-01,25048245.63
1981-04-02,25007157.69
1981-04-03,24859859.11
1981-04-06,24578882.47
1981-04-07,24579918.48
1981-04-08,24657860.95
1981-04-09,24728478.82
1981-04-10,24703874.84
1981-04-13,24459534.96
1981-04-14,24378168.89
1981-04-15,24655703.34
1981-04-16,24757446.92
1981-04-20,24899473.06
1981-04-21,24680775.75
1981-04-22,24668992.15
1981-04-23,24637067.14
1981-04-24,24861485.72
1981-04-27,24928433.41
1981-04-28,24722562.43
1981-04-29,24492890.8
1981-04-30,24453642.83
1981-05-01,24441861.55
1981-05-04,24071213.44
1981-05-05,24011831.92
1981-05-06,24100752.59
1981-05-07,24268402.35
1981-05-08,24271270.37
1981-05-11,23918947.36
1981-05-12,24108564.18
1981-05-13,24082139.04
1981-05-14,24220488.57
1981-05-15,24388129.89
1981-05-18,24460565.77
1981-05-19,24382876.68
1981-05-20,24371097.07
1981-05-21,24330024.64
1981-05-22,24257830.32
1981-05-26,24526155.16
1981-05-27,24713923.51
1981-05-28,24660033.4
1981-05-29,24507287.48
1981-06-01,24479032.03
1981-06-02,24156035.69
1981-06-03,24177211.88
1981-06-04,24227675.95
1981-06-05,24463032.07
1981-06-08,24471389.82
1981-06-09,24426658.32
1981-06-10,24495426.03
1981-06-11,24761892.59
1981-06-12,24718992.26
1981-06-15,24745651.58
1981-06-16,24483085.47
1981-06-17,24701954.33
1981-06-18,24399121.07
1981-06-19,24519571.67
1981-06-22,24464917.51
1981-06-23,24729110.09
1981-06-24,24605868.3
1981-06-25,24638339.31
1981-06-26,24596663.13
1981-06-29,24477133.27
1981-06-30,24355752.55
1981-07-01,24093494.13
1981-07-02,23888702.06
1981-07-06,23657963.84
1981-07-07,23823901.93
1981-07-08,23843403.13
1981-07-09,24029725.48
1981-07-10,24047369.45
1981-07-13,24102086.56
1981-07-14,24108608.91
1981-07-15,24220783.67
1981-07-16,24245841.33
1981-07-17,24328356.68
1981-07-20,23954914.53
1981-07-21,23889152.4
1981-07-22,23669555.22
1981-07-23,23724271.86
1981-07-24,23925408.91
1981-07-27,24196969.49
1981-07-28,24060780.59
1981-07-29,24069157.9
1981-07-30,24231362.8
1981-07-31,24404687.82
1981-08-03,24327807.1
1981-08-04,24462207.53
1981-08-05,24743019.86
1981-08-06,24742124.58
1981-08-07,24581846.01
1981-08-10,24732919.34
1981-08-11,24980363.82
1981-08-12,24901627.73
1981-08-13,24926676.5
1981-08-14,24742312.56
1981-08-17,24511618.33
1981-08-18,24310579.38
1981-08-19,24385668.51
1981-08-20,24427398.02
1981-08-21,24161502.71
1981-08-24,23474950.76
1981-08-25,23411058.06
1981-08-26,23384229.4
1981-08-27,23120204.89
1981-08-28,23230506.58
1981-08-31,22996135.57
1981-09-01,23043431.91
1981-09-02,23135201.56
1981-09-03,22722946.03
1981-09-04,22510822.57
1981-09-08,22128226.67
1981-09-09,22210734.9
1981-09-10,22537834.11
1981-09-11,22814899.19
1981-09-14,22643547.98
1981-09-15,22483315.06
1981-09-16,22321234.07
1981-09-17,22007216.17
1981-09-18,21844050.32
1981-09-21,22033005.57
1981-09-22,21932611.35
1981-09-23,21743911.59
1981-09-24,21628489.88
1981-09-25,21212454.36
1981-09-28,21735839.36
1981-09-29,21817696.11
1981-09-30,21867610.98
1981-10-01,22041525.52
1981-10-02,22474707.16
1981-10-05,22507707.88
1981-10-06,22489981.26
1981-10-07,22855515.54
1981-10-08,23048203.06
1981-10-09,22891449.39
1981-10-12,22851177.11
1981-10-13,22775210.21
1981-10-14,22408053.42
1981-10-15,22583828.49
1981-10-16,22490958.34
1981-10-19,22456326.19
1981-10-20,22705362.26
1981-10-21,22676364.54
1981-10-22,22594767.45
1981-10-23,22404214.85
1981-10-26,22326378.92
1981-10-27,22543471.93
1981-10-28,22578345.39
1981-10-29,22509901.55
1981-10-30,23046332.18
1981-11-02,23485073.38
1981-11-03,23602592.89
1981-11-04,23596131.04
1981-11-05,23375529.53
1981-11-06,23216918.06
1981-11-09,23338192.22
1981-11-10,23232178.1
1981-11-11,23278315
1981-11-12,23333843.59
1981-11-13,23053145.48
1981-11-16,22789357.35
1981-11-17,22965100.67
1981-11-18,22802745.82
1981-11-19,22892083.75
1981-11-20,23084726.14
1981-11-23,23068878.34
1981-11-24,23432437.9
1981-11-25,23538673.29
1981-11-27,23738816.72
1981-11-30,23980279.38
1981-12-01,23938130.85
1981-12-02,23678114.92
1981-12-03,23763684.56
1981-12-04,23982601.46
1981-12-07,23786447.01
1981-12-08,23721763.52
1981-12-09,23850527.39
1981-12-10,23898529.78
1981-12-11,23756846.35
1981-12-14,23357869.44
1981-12-15,23402118.96
1981-12-16,23299881.08
1981-12-17,23436154.56
1981-12-18,23607844.61
1981-12-21,23487544.31
1981-12-22,23405323.57
1981-12-23,23302161.83
1981-12-24,23351307.44
1981-12-28,23305260.81
1981-12-29,23196391
1981-12-30,23321687.49
1981-12-31,23374638.36
1982-01-04,23416164.97
1982-01-05,22909418.76
1982-01-06,22749154.89
1982-01-07,22706923.41
1982-01-08,22830313.81
1982-01-11,22308356.1
1982-01-12,22222345.56
1982-01-13,21957391.92
1982-01-14,22088398.89
1982-01-15,22244150.38
1982-01-18,22418935.24
1982-01-19,22186350.12
1982-01-20,22058464.1
1982-01-21,22155201.3
1982-01-22,22090134.7
1982-01-25,22101211.99
1982-01-26,22064699.79
1982-01-27,22174757.04
1982-01-28,22785430.46
1982-01-29,23072505.12
1982-02-01,22579156.42
1982-02-02,22628297.84
1982-02-03,22342434.51
1982-02-04,22336376.29
1982-02-05,22501625.97
1982-02-08,22006396.34
1982-02-09,21830942.24
1982-02-10,22022838.85
1982-02-11,21984426.76
1982-02-12,21980275.22
1982-02-16,21924734.89
1982-02-17,21859679.76
1982-02-18,21889788.45
1982-02-19,21780958.66
1982-02-22,21476093.75
1982-02-23,21466238.16
1982-02-24,21844640.14
1982-02-25,21800522.55
1982-02-26,21786857.54
1982-03-01,21830287.43
1982-03-02,21715754.52
1982-03-03,21386165.56
1982-03-04,21193608.14
1982-03-05,21096210.05
1982-03-08,20720958.9
1982-03-09,21009896.33
1982-03-10,21125647.94
1982-03-11,21121503.39
1982-03-12,20984145.47
1982-03-15,21149372.74
1982-03-16,21122392.69
1982-03-17,21089704.22
1982-03-18,21327241.93
1982-03-19,21392546.49
1982-03-22,21815576.08
1982-03-23,21971704.21
1982-03-24,21864801.27
1982-03-25,21916488.58
1982-03-26,21676143.07
1982-03-29,21751039.29
1982-03-30,21750508.4
1982-03-31,21695828.61
1982-04-01,22055011.81
1982-04-02,22317493.59
1982-04-05,22247339.16
1982-04-06,22374442.19
1982-04-07,22399048
1982-04-08,22551289.17
1982-04-12,22514010.17
1982-04-13,22517342.07
1982-04-14,22491667.81
1982-04-15,22597491.3
1982-04-16,22691710.94
1982-04-19,22675703.94
1982-04-20,22437315.67
1982-04-21,22496726.85
1982-04-22,22786251.9
1982-04-23,23071904.36
1982-04-26,23197056.2
1982-04-27,22958671.43
1982-04-28,22820842.22
1982-04-29,22609535.02
1982-04-30,22672809.9
1982-05-03,22751551.78
1982-05-04,22880566.95
1982-05-05,22926435.2
1982-05-06,23126990.44
1982-05-07,23285003.8
1982-05-10,23079504.61
1982-05-11,23285854.6
1982-05-12,23242775.83
1982-05-13,23064352.17
1982-05-14,23029009.91
1982-05-17,22782917.3
1982-05-18,22619967.79
1982-05-19,22441554.17
1982-05-20,22388815.89
1982-05-21,22452085.29
1982-05-24,22438016.88
1982-05-25,22367879.91
1982-05-26,22123739.03
1982-05-27,22042005.72
1982-05-28,21896471.06
1982-06-01,21863074.22
1982-06-02,21937943.72
1982-06-03,21908413.05
1982-06-04,21571487.68
1982-06-07,21582560.44
1982-06-08,21493100.76
1982-06-09,21374644.79
1982-06-10,21499779.21
1982-06-11,21820166.43
1982-06-14,21577985.28
1982-06-15,21531061.01
1982-06-16,21377811.87
1982-06-17,21137571.63
1982-06-18,21080078.84
1982-06-21,21069469.66
1982-06-22,21290725.6
1982-06-23,21657381.1
1982-06-24,21601575.61
1982-06-25,21471103.78
1982-06-28,21696279.21
1982-06-29,21691560.24
1982-06-30,21578775.15
1982-07-01,21407045.91
1982-07-02,21203882.82
1982-07-06,21138258.99
1982-07-07,21129615.45
1982-07-08,21195633.21
1982-07-09,21456163.03
1982-07-12,21606661.8
1982-07-13,21588190.69
1982-07-14,21787805.79
1982-07-15,21798804.55
1982-07-16,21921790.63
1982-07-19,21860096.03
1982-07-20,22024337.6
1982-07-21,22005864.19
1982-07-22,22022756.05
1982-07-23,21966954.65
1982-07-26,21812925.31
1982-07-27,21635322.64
1982-07-28,21308414.44
1982-07-29,21309594.05
1982-07-30,21190934.67
1982-08-02,21567341.4
1982-08-03,21346527.62
1982-08-04,21019633.88
1982-08-05,20832224.99
1982-08-06,20552486.99
1982-08-09,20433840.16
1982-08-10,20391806.75
1982-08-11,20349775.48
1982-08-12,20319530.84
1982-08-13,20605554.92
1982-08-16,20657812.57
1982-08-17,21635288.65
1982-08-18,21542175.95
1982-08-19,21669071.31
1982-08-20,22432404.36
1982-08-23,23044476.34
1982-08-24,22900283.68
1982-08-25,23343414.66
1982-08-26,23539040.89
1982-08-27,23261278.46
1982-08-30,23374404.72
1982-08-31,23742877.46
1982-09-01,23500475.54
1982-09-02,23906261.99
1982-09-03,24380788.39
1982-09-07,24128567.17
1982-09-08,24296676.33
1982-09-09,24256586.55
1982-09-10,24065259.22
1982-09-13,24319786.22
1982-09-14,24493782.43
1982-09-15,24732590.96
1982-09-16,24635539.92
1982-09-17,24396925.88
1982-09-20,24394127.86
1982-09-21,24871101.83
1982-09-22,24699087.38
1982-09-23,24668417.07
1982-09-24,24576035.58
1982-09-27,24640920.85
1982-09-28,24570437.08
1982-09-29,24255102.96
1982-09-30,24019400.04
1982-10-01,24333117.35
1982-10-04,24246714.16
1982-10-05,24345438.96
1982-10-06,25144850.69
1982-10-07,25713344.18
1982-10-08,26166376.11
1982-10-11,26852295.3
1982-10-12,26851470.15
1982-10-13,27308465.37
1982-10-14,26887639.88
1982-10-15,26693736.61
1982-10-18,27327871.91
1982-10-19,27303158.64
1982-10-20,27835768.29
1982-10-21,27807069.85
1982-10-22,27766429.83
1982-10-25,26674858.5
1982-10-26,26910888.12
1982-10-27,27077253.05
1982-10-28,26744037.05
1982-10-29,26775058.95
1982-11-01,27128512.33
1982-11-02,27535699.71
1982-11-03,28611617.98
1982-11-04,28413743.63
1982-11-05,28480575.22
1982-11-08,28143384.7
1982-11-09,28662002.13
1982-11-10,28296952.29
1982-11-11,28419508.32
1982-11-12,27982818.71
1982-11-15,27490410.97
1982-11-16,27175135.04
1982-11-17,27679803.77
1982-11-18,27766538.86
1982-11-19,27508983.06
1982-11-22,26956893.68
1982-11-23,26705314.86
1982-11-24,26899520.26
1982-11-26,27103670.62
1982-11-29,26973489.09
1982-11-30,27840315.59
1982-12-01,27883263.72
1982-12-02,27908301.95
1982-12-03,27887567.98
1982-12-06,28505615.71
1982-12-07,28699793
1982-12-08,28525830.39
1982-12-09,28168794.67
1982-12-10,28088364.67
1982-12-13,28169113.8
1982-12-14,27666828.46
1982-12-15,27242158.34
1982-12-16,27259238.38
1982-12-17,27704594.62
1982-12-20,27460413.19
1982-12-21,27941640.57
1982-12-22,27991651.79
1982-12-23,28176665.59
1982-12-27,28676010.82
1982-12-28,28399594.32
1982-12-29,28499973.98
1982-12-30,28322292.1
1982-12-31,28390431.62
1983-01-03,27932683.58
1983-01-04,28546857.47
1983-01-05,28673426.43
1983-01-06,29346014.83
1983-01-07,29333549.06
1983-01-10,29661590.83
1983-01-11,29465778.37
1983-01-12,29654793.57
1983-01-13,29467041.81
1983-01-14,29658067.82
1983-01-17,29677839.9
1983-01-18,29619034.47
1983-01-19,29397041.99
1983-01-20,29608207.87
1983-01-21,29122296.27
1983-01-24,28346276.84
1983-01-25,28710561.05
1983-01-26,28673926.61
1983-01-27,29229594.14
1983-01-28,29283612.91
1983-01-31,29448436.93
1983-02-01,28982695.96
1983-02-02,29042758.78
1983-02-03,29255927.95
1983-02-04,29640330.07
1983-02-07,29805142.16
1983-02-08,29563025.35
1983-02-09,29427679.55
1983-02-10,29936964.88
1983-02-11,29972844.94
1983-02-14,30236356.93
1983-02-15,30115112.54
1983-02-16,29945520.01
1983-02-17,29953200.63
1983-02-18,30071669.43
1983-02-22,29569712.46
1983-02-23,29839258.37
1983-02-24,30410953.15
1983-02-25,30444814.02
1983-02-28,30112069.9
1983-03-01,30685762.99
1983-03-02,30977447.61
1983-03-03,31220784.59
1983-03-04,31264709.94
1983-03-07,31270363.82
1983-03-08,30790591.8
1983-03-09,31120534.92
1983-03-10,30910673.91
1983-03-11,30803537.44
1983-03-14,30726613.62
1983-03-15,30841033.27
1983-03-16,30532487.62
1983-03-17,30493836.07
1983-03-18,30561286.88
1983-03-21,30829890.42
1983-03-22,30727433.55
1983-03-23,31171361.17
1983-03-24,31291124.4
1983-03-25,31154008.54
1983-03-28,30992431.3
1983-03-29,30945019.35
1983-03-30,31317577.07
1983-03-31,31235509.71
1983-04-04,31253335
1983-04-05,31030600.56
1983-04-06,30860875.33
1983-04-07,31013251.05
1983-04-08,31241054.05
1983-04-11,31713477.68
1983-04-12,31857690.77
1983-04-13,32056939.89
1983-04-14,32337725.55
1983-04-15,32471737.58
1983-04-18,32679133.33
1983-04-19,32474753.44
1983-04-20,32888029.22
1983-04-21,32759072.21
1983-04-22,32840074.95
1983-04-25,32517471.66
1983-04-26,33134574.43
1983-04-27,33064734.25
1983-04-28,33378105.96
1983-04-29,33685358.17
1983-05-02,33218040.43
1983-05-03,33270499.1
1983-05-04,33473792.73
1983-05-05,33677083.32
1983-05-06,34053625.5
1983-05-09,34000085.94
1983-05-10,34034193.32
1983-05-11,33837982.36
1983-05-12,33698840.99
1983-05-13,33838937.06
1983-05-16,33536742.45
1983-05-17,33605503.62
1983-05-18,33521399.15
1983-05-19,33266093.15
1983-05-20,33302240.97
1983-05-23,33570732.32
1983-05-24,34006344.69
1983-05-25,34148470.12
1983-05-26,34005259.83
1983-05-27,33802952.83
1983-05-31,33386651.9
1983-06-01,33424836.92
1983-06-02,33721845.12
1983-06-03,33817090.38
1983-06-06,33906220.55
1983-06-07,33491974.39
1983-06-08,33210199.27
1983-06-09,33311559.01
1983-06-10,33490355.63
1983-06-13,33936116.17
1983-06-14,34082301.76
1983-06-15,34411891.57
1983-06-16,34829105.52
1983-06-17,34830611.35
1983-06-20,34813418.09
1983-06-21,35129844.16
1983-06-22,35230034.39
1983-06-23,35148999.08
1983-06-24,35121506.61
1983-06-27,34725397.38
1983-06-28,34158368.2
1983-06-29,34361526.44
1983-06-30,34572917.35
1983-07-01,34784305.1
1983-07-05,34369680.82
1983-07-06,34762276.9
1983-07-07,34578289.88
1983-07-08,34484910.85
1983-07-11,34702468.61
1983-07-12,34176663.72
1983-07-13,34167715.76
1983-07-14,34286430.2
1983-07-15,33937724.78
1983-07-18,33873182.1
1983-07-19,34057791.58
1983-07-20,34983659.92
1983-07-21,34941760.59
1983-07-22,34912215.66
1983-07-25,35049451.93
1983-07-26,35260810.73
1983-07-27,34660920.91
1983-07-28,34141340.33
1983-07-29,33636181.86
1983-08-01,33534583.52
1983-08-02,33533875.65
1983-08-03,33833771.39
1983-08-04,33404808.85
1983-08-05,33494693.56
1983-08-08,32973088.23
1983-08-09,33174154.86
1983-08-10,33469920.31
1983-08-11,33475389.18
1983-08-12,33608506.39
1983-08-15,33931027.3
1983-08-16,33876789.32
1983-08-17,34269300.66
1983-08-18,33916542.85
1983-08-19,34010532.17
1983-08-22,34090110.68
1983-08-23,33772359.74
1983-08-24,33464904.52
1983-08-25,33385966.67
1983-08-26,33659061.7
1983-08-29,33687173.81
1983-08-30,33760575.52
1983-08-31,34140707.1
1983-09-01,34111174.55
1983-09-02,34275149.45
1983-09-06,34875536.57
1983-09-07,34895405.46
1983-09-08,34861750.18
1983-09-09,34692232.41
1983-09-12,34401266.28
1983-09-13,34266751.58
1983-09-14,34385430.06
1983-09-15,34191220.5
1983-09-16,34583722.56
1983-09-19,34874338.56
1983-09-20,35216958.6
1983-09-21,35049923.69
1983-09-22,35336368.43
1983-09-23,35289984.91
1983-09-26,35412096.57
1983-09-27,35076571.96
1983-09-28,34992750.87
1983-09-29,34838205.25
1983-09-30,34602541.99
1983-10-03,34554083.95
1983-10-04,34655393.82
1983-10-05,34966784.74
1983-10-06,35500731.64
1983-10-07,35614511.68
1983-10-10,36004925.93
1983-10-11,35530067.2
1983-10-12,35385928.38
1983-10-13,35443546.49
1983-10-14,35447086.75
1983-10-17,35571259.09
1983-10-18,35031945.16
1983-10-19,34812939.65
1983-10-20,34870559.87
1983-10-21,34661958.74
1983-10-24,34675904.5
1983-10-25,34781359.39
1983-10-26,34560285.3
1983-10-27,34453600.3
1983-10-28,34153499.67
1983-10-31,34196565.16
1983-11-01,34225070.3
1983-11-02,34476103.89
1983-11-03,34192650.14
1983-11-04,33988230.03
1983-11-07,33883636.61
1983-11-08,33858069.78
1983-11-09,34323303.17
1983-11-10,34420434.05
1983-11-11,34817025.44
1983-11-14,34882958.44
1983-11-15,34634871.16
1983-11-16,34790224.46
1983-11-17,34806245.75
1983-11-18,34595594.78
1983-11-21,34800854.55
1983-11-22,34970756.83
1983-11-23,35001334.24
1983-11-25,35052700.86
1983-11-28,34925236.23
1983-11-29,35215743.79
1983-11-30,34907367.38
1983-12-01,34931706.12
1983-12-02,34718990.15
1983-12-05,34791151.65
1983-12-06,34736473.79
1983-12-07,34833588.43
1983-12-08,34691576.2
1983-12-09,34672248.35
1983-12-12,34790152.42
1983-12-13,34652303.17
1983-12-14,34325244.61
1983-12-15,33983634.66
1983-12-16,34140987.9
1983-12-19,34132573.76
1983-12-20,34071596.75
1983-12-21,34405868.28
1983-12-22,34405860.36
1983-12-23,34346987.06
1983-12-27,34677043.46
1983-12-28,34805274.71
1983-12-29,34710661.06
1983-12-30,34731671.74
1984-01-03,34550866.42
1984-01-04,35133181.42
1984-01-05,35566227.74
1984-01-06,35671322.03
1984-01-09,35597726.22
1984-01-10,35404308.53
1984-01-11,35379068.07
1984-01-12,35374847.63
1984-01-13,35227683.29
1984-01-16,35267606.84
1984-01-17,35410537.44
1984-01-18,35357969.65
1984-01-19,35257052.57
1984-01-20,35088875.95
1984-01-23,34813492.3
1984-01-24,35044705.76
1984-01-25,34819776.04
1984-01-26,34699952.8
1984-01-27,34643188.23
1984-01-30,34424572.24
1984-01-31,34544376.83
1984-02-01,34409844.15
1984-02-02,34546459.58
1984-02-03,34037790.48
1984-02-06,33449256.34
1984-02-07,33594285.14
1984-02-08,32993152.6
1984-02-09,32909079.73
1984-02-10,33100349.65
1984-02-13,32822911.33
1984-02-14,33178118.51
1984-02-15,33108760.73
1984-02-16,33089847.41
1984-02-17,33014186.36
1984-02-21,32789302.31
1984-02-22,32726254.41
1984-02-23,32728359.56
1984-02-24,33411410.52
1984-02-27,33793914.68
1984-02-28,33279007.63
1984-02-29,33335749.89
1984-03-01,33579538.41
1984-03-02,33806510.08
1984-03-05,33529095.54
1984-03-06,33190741.01
1984-03-07,32843986.77
1984-03-08,32980589.25
1984-03-09,32810369.02
1984-03-12,33234875.23
1984-03-13,33333646.39
1984-03-14,33337850.26
1984-03-15,33478647.73
1984-03-16,33878938.71
1984-03-19,33568267.01
1984-03-20,33804272.06
1984-03-21,33768004.17
1984-03-22,33355240.85
1984-03-23,33397677.59
1984-03-26,33363539.46
1984-03-27,33503820.89
1984-03-28,34058869.82
1984-03-29,33988568.68
1984-03-30,33922520.25
1984-04-02,33673555.72
1984-04-03,33611768.72
1984-04-04,33592517.71
1984-04-05,33067059.56
1984-04-06,33166922.88
1984-04-09,33166820.18
1984-04-10,33262426.57
1984-04-11,33083667.09
1984-04-12,33670574.77
1984-04-13,33587521.84
1984-04-16,33808607.02
1984-04-17,33953120.59
1984-04-18,33731824.25
1984-04-19,33763620.83
1984-04-23,33510429.2
1984-04-24,33786800.72
1984-04-25,33916420.41
1984-04-26,34273600.7
1984-04-27,34192674.35
1984-04-30,34232971.31
1984-05-01,34585883.75
1984-05-02,34638936.5
1984-05-03,34496339.02
1984-05-04,34058144.67
1984-05-07,34140972.4
1984-05-08,34370533.45
1984-05-09,34289611.21
1984-05-10,34272487.29
1984-05-11,33957650.34
1984-05-14,33753394.67
1984-05-15,33865991.81
1984-05-16,33870137.73
1984-05-17,33574450.71
1984-05-18,33412732.45
1984-05-21,33195730.43
1984-05-22,33021262.69
1984-05-23,32872310.13
1984-05-24,32470322.31
1984-05-25,32559532.06
1984-05-29,32283006.89
1984-05-30,32302050.31
1984-05-31,32350858.61
1984-06-01,32929118.18
1984-06-04,33169286.1
1984-06-05,33028848.28
1984-06-06,33324296.73
1984-06-07,33311435.86
1984-06-08,33370866.19
1984-06-11,32928509.15
1984-06-12,32749808.42
1984-06-13,32743330.52
1984-06-14,32379655.27
1984-06-15,32091733.86
1984-06-18,32678664.6
1984-06-19,32873677.13
1984-06-20,33359385.96
1984-06-21,33293836.55
1984-06-22,33288583.83
1984-06-25,33188582.45
1984-06-26,32922782.54
1984-06-27,32697895.85
1984-06-28,32961800.11
1984-06-29,33040522.59
1984-07-02,33050342.78
1984-07-03,33163515.36
1984-07-05,32966627.67
1984-07-06,32860178.75
1984-07-09,33106844.34
1984-07-10,33011158.99
1984-07-11,32514995.34
1984-07-12,32406397.79
1984-07-13,32594928.47
1984-07-16,32755465.38
1984-07-17,32928917.68
1984-07-18,32723431.05
1984-07-19,32507185.06
1984-07-20,32336156.81
1984-07-23,32212493.82
1984-07-24,31974728.8
1984-07-25,32197696.13
1984-07-26,32472331.83
1984-07-27,32716822.64
1984-07-30,32507046.48
1984-07-31,32613748.55
1984-08-01,33355546.11
1984-08-02,34202823.89
1984-08-03,35146966.37
1984-08-06,35206283.04
1984-08-07,35237611.24
1984-08-08,35034285.18
1984-08-09,35855683.33
1984-08-10,35835341.75
1984-08-13,35842983.95
1984-08-14,35631049.94
1984-08-15,35287803.45
1984-08-16,35502109.97
1984-08-17,35587251.1
1984-08-20,35764957.25
1984-08-21,36392563.62
1984-08-22,36232296.1
1984-08-23,36250698.59
1984-08-24,36340137.02
1984-08-27,36115298.57
1984-08-28,36327431.38
1984-08-29,36266189.2
1984-08-30,36166203.85
1984-08-31,36188908.68
1984-09-04,35806947.91
1984-09-05,35685438.79
1984-09-06,35983666.08
1984-09-07,35713640.78
1984-09-10,35695454.54
1984-09-11,35741841.92
1984-09-12,35796836.79
1984-09-13,36504008.29
1984-09-14,36690291.63
1984-09-17,36715145.27
1984-09-18,36458042.13
1984-09-19,36310713.62
1984-09-20,36430271.71
1984-09-21,36042567.38
1984-09-24,35964123.65
1984-09-25,36044495.15
1984-09-26,36194484.04
1984-09-27,36348822.63
1984-09-28,36168130.24
1984-10-01,35852558.4
1984-10-02,35634889.93
1984-10-03,35391120.41
1984-10-04,35501947.89
1984-10-05,35456143.43
1984-10-08,35342906.09
1984-10-09,35249244.8
1984-10-10,35351370
1984-10-11,35503525.81
1984-10-12,35814477.91
1984-10-15,36166760.26
1984-10-16,35957805.48
1984-10-17,35824990.19
1984-10-18,36692802.51
1984-10-19,36668746.39
1984-10-22,36544628.23
1984-10-23,36492294.63
1984-10-24,36522620.7
1984-10-25,36335427.4
1984-10-26,36119958.61
1984-10-29,36015428.16
1984-10-30,36469908.45
1984-10-31,36313172.75
1984-11-01,36624089.47
1984-11-02,36615259.56
1984-11-05,36873966.37
1984-11-06,37278397.83
1984-11-07,37015083.65
1984-11-08,36914900.37
1984-11-09,36686397.15
1984-11-12,36640592.67
1984-11-13,36344667.87
1984-11-14,36355417.74
1984-11-15,36340065.86
1984-11-16,35957154.2
1984-11-19,35743887.81
1984-11-20,35987353.88
1984-11-21,36065526.73
1984-11-23,36596070.18
1984-11-26,36304514.07
1984-11-27,36471848.29
1984-11-28,36202046.96
1984-11-29,35967043.92
1984-11-30,35901677.05
1984-12-03,35742797.89
1984-12-04,35870986.13
1984-12-05,35599022.6
1984-12-06,35748955.15
1984-12-07,35646622.88
1984-12-10,35776984.8
1984-12-11,35835580.36
1984-12-12,35746297.11
1984-12-13,35574378.04
1984-12-14,35772149.19
1984-12-17,35978614.33
1984-12-18,36963578.24
1984-12-19,36763388
1984-12-20,36600167.77
1984-12-21,36413421.43
1984-12-24,36696142.65
1984-12-26,36640052.27
1984-12-27,36489359.22
1984-12-28,36609270.5
1984-12-31,36832583.98
1985-01-02,36428891.82
1985-01-03,36260608.03
1985-01-04,36072521.23
1985-01-07,36203434.85
1985-01-08,36156149.75
1985-01-09,36425649.39
1985-01-10,37121928.01
1985-01-11,37041640.26
1985-01-14,37621308.26
1985-01-15,37695006.33
1985-01-16,37786302.31
1985-01-17,37692810.28
1985-01-18,37830302.06
1985-01-21,38698112.79
1985-01-22,38760800.55
1985-01-23,39168848.92
1985-01-24,39046755.81
1985-01-25,39195228.18
1985-01-28,39213913.72
1985-01-29,39613145.88
1985-01-30,39667026.78
1985-01-31,39727505.53
1985-02-01,39515228.07
1985-02-04,39901248.87
1985-02-05,39966121.28
1985-02-06,39934210.64
1985-02-07,40247636.98
1985-02-08,40336700.49
1985-02-11,39974858.12
1985-02-12,39993539.61
1985-02-13,40614884.46
1985-02-14,40415810.97
1985-02-15,40245334.6
1985-02-19,40193629.53
1985-02-20,40168317.34
1985-02-21,39958258.78
1985-02-22,39783391.22
1985-02-25,39762482.38
1985-02-26,40196844.2
1985-02-27,40103356.99
1985-02-28,40214404.17
1985-03-01,40672945.48
1985-03-04,40423304.99
1985-03-05,40468371.45
1985-03-06,40128565.48
1985-03-07,39885532.18
1985-03-08,39803049.04
1985-03-11,39742553.94
1985-03-12,39941570.56
1985-03-13,39625972.46
1985-03-14,39556684.85
1985-03-15,39270136.79
1985-03-18,39354285.55
1985-03-19,39952298.36
1985-03-20,39856254.7
1985-03-21,39922600.69
1985-03-22,39859921.33
1985-03-25,39628187.38
1985-03-26,39736795.45
1985-03-27,39989992.67
1985-03-28,39996274.73
1985-03-29,40251692.79
1985-04-01,40393660.86
1985-04-02,40235334.7
1985-04-03,39925756.14
1985-04-04,39914243.28
1985-04-08,39698093.05
1985-04-09,39744416.26
1985-04-10,40019837.21
1985-04-11,40197388.76
1985-04-12,40281515.78
1985-04-15,40372317.4
1985-04-16,40440874.04
1985-04-17,40553913.15
1985-04-18,40373358.94
1985-04-19,40439691.06
1985-04-22,40354777.62
1985-04-23,40623506.64
1985-04-24,40714297.52
1985-04-25,40980793.55
1985-04-26,40709055.63
1985-04-29,40370602.24
1985-04-30,40198954.97
1985-05-01,39880522.68
1985-05-02,40029141.85
1985-05-03,40273392.93
1985-05-06,40259656.46
1985-05-07,40437178.82
1985-05-08,40412320.84
1985-05-09,40707711.45
1985-05-10,41238833.19
1985-05-13,41318493.75
1985-05-14,41160195
1985-05-15,41315465.91
1985-05-16,41570810.87
1985-05-17,41968474.39
1985-05-20,42486220.47
1985-05-21,42474691.09
1985-05-22,42240782.61
1985-05-23,42033565.26
1985-05-24,42193266.55
1985-05-28,42103910.75
1985-05-29,42070146.04
1985-05-30,42091977.97
1985-05-31,42498507.43
1985-06-03,42453624.84
1985-06-04,42619986.51
1985-06-05,42652932.54
1985-06-06,42859317.24
1985-06-07,42558716.16
1985-06-10,42527175.81
1985-06-11,42428927.97
1985-06-12,42117221.82
1985-06-13,41616517.89
1985-06-14,42016350.06
1985-06-17,41895872.56
1985-06-18,42082239.89
1985-06-19,41930638.56
1985-06-20,41959135.75
1985-06-21,42610775.21
1985-06-24,42513938.66
1985-06-25,42653070.85
1985-06-26,42731520.77
1985-06-27,43000985.84
1985-06-28,43146852.63
1985-07-01,43283723.08
1985-07-02,43195876.47
1985-07-03,43076570.96
1985-07-05,43323553.89
1985-07-08,43197504.66
1985-07-09,43006295.86
1985-07-10,43309447.82
1985-07-11,43444067.44
1985-07-12,43529245.87
1985-07-15,43407698.29
1985-07-16,43863638.16
1985-07-17,44079138.86
1985-07-18,43800300.61
1985-07-19,43975354.52
1985-07-22,43806620.35
1985-07-23,43408698.99
1985-07-24,43197279.36
1985-07-25,43311664.85
1985-07-26,43394592.19
1985-07-29,42772001.21
1985-07-30,42852682.28
1985-07-31,43081658.31
1985-08-01,43355566.82
1985-08-02,43220549.52
1985-08-05,43033858.88
1985-08-06,42436009.92
1985-08-07,42386380.65
1985-08-08,42678258.44
1985-08-09,42543254.71
1985-08-12,42394769.85
1985-08-13,42327168.39
1985-08-14,42358422.35
1985-08-15,42331260.43
1985-08-16,42077192.46
1985-08-19,42146639.84
1985-08-20,42535104.52
1985-08-21,42784275.64
1985-08-22,42386427.62
1985-08-23,42350281.97
1985-08-26,42388273.21
1985-08-27,42572290.18
1985-08-28,42742822.44
1985-08-29,42771821.98
1985-08-30,42710966.83
1985-09-03,42555758.28
1985-09-04,42440986.37
1985-09-05,42425062.9
1985-09-06,42649503.63
1985-09-09,42658285.84
1985-09-10,42361560.76
1985-09-11,41948031.96
1985-09-12,41653565.22
1985-09-13,41484896.52
1985-09-16,41484703.41
1985-09-17,41149811.77
1985-09-18,41234980.66
1985-09-19,41618897.41
1985-09-20,41318883.99
1985-09-23,41836538.15
1985-09-24,41462219
1985-09-25,41024360.13
1985-09-26,41174328.3
1985-09-30,41360611.75
1985-10-01,42046194.85
1985-10-02,41823947.1
1985-10-03,41899013.48
1985-10-04,41647268.92
1985-10-07,41347867.27
1985-10-08,41354850.6
1985-10-09,41509350.63
1985-10-10,41575336.85
1985-10-11,41922731.84
1985-10-14,42404015.81
1985-10-15,42345180.16
1985-10-16,42783335.13
1985-10-17,42717689.72
1985-10-18,42583960.96
1985-10-21,42572782.99
1985-10-22,42824838.46
1985-10-23,43070086.04
1985-10-24,42943169.63
1985-10-25,42727754.36
1985-10-28,42789186.04
1985-10-29,43129733.33
1985-10-30,43327318.1
1985-10-31,43277556
1985-11-01,43672549.82
1985-11-04,43615978.7
1985-11-05,43877085.94
1985-11-06,43972544.62
1985-11-07,43947739.77
1985-11-08,44204302.99
1985-11-11,45019050.96
1985-11-12,45207530.12
1985-11-13,44992118.76
1985-11-14,45443798.57
1985-11-15,45235195.38
1985-11-18,45378288.3
1985-11-19,45376161.96
1985-11-20,45455721.4
1985-11-21,46011753.19
1985-11-22,46043657.93
1985-11-25,45785143.56
1985-11-26,45864694.08
1985-11-27,46295917.96
1985-11-29,46218915.93
1985-12-02,45837892.7
1985-12-03,45935591.34
1985-12-04,46707121.09
1985-12-05,46634656.8
1985-12-06,46439678.51
1985-12-09,46732481.89
1985-12-10,46771184.48
1985-12-11,47213716.75
1985-12-12,47315938.3
1985-12-13,48051121.14
1985-12-16,48529933.32
1985-12-17,48226053.61
1985-12-18,48042418.84
1985-12-19,48096991.49
1985-12-20,48311669.31
1985-12-23,47776587.86
1985-12-24,47456798.46
1985-12-26,47581326.66
1985-12-27,48037942.31
1985-12-30,48290716.88
1985-12-31,48435850.64
1986-01-02,48056524.28
1986-01-03,48359680.83
1986-01-06,48314723.08
1986-01-07,49043841.04
1986-01-08,47716406.82
1986-01-09,47298168.58
1986-01-10,47271544.83
1986-01-13,47453316.11
1986-01-14,47442720.2
1986-01-15,47821431.54
1986-01-16,48037547.14
1986-01-17,47875805.48
1986-01-20,47677428.97
1986-01-21,47286694.72
1986-01-22,46767732.64
1986-01-23,46949496.75
1986-01-24,47456427.13
1986-01-27,47683984.33
1986-01-28,48245860.3
1986-01-29,48363491.71
1986-01-30,48151384.84
1986-01-31,48720113.93
1986-02-03,49227011.84
1986-02-04,48966812.27
1986-02-05,49013454.45
1986-02-06,49137943.84
1986-02-07,49395237.53
1986-02-10,49787624.54
1986-02-11,49722058.12
1986-02-12,49741214.06
1986-02-13,50076344.01
1986-02-14,50624409.98
1986-02-18,51248026.7
1986-02-19,50639809.38
1986-02-20,51210756.4
1986-02-21,51767954.36
1986-02-24,51711537.26
1986-02-25,51593301.74
1986-02-26,51658232.63
1986-02-27,52290969.01
1986-02-28,52332997.15
1986-03-03,51997258.88
1986-03-04,51766843.31
1986-03-05,51765374.05
1986-03-06,51953932.77
1986-03-07,52062357.24
1986-03-10,52301274.75
1986-03-11,53478842.01
1986-03-12,53681114.46
1986-03-13,53837600.86
1986-03-14,54614495.16
1986-03-17,54191769.28
1986-03-18,54453554.62
1986-03-19,54420018.83
1986-03-20,54642877.77
1986-03-21,53907703.79
1986-03-24,54374728.68
1986-03-25,54241080.95
1986-03-26,54844399.06
1986-03-27,55237477.97
1986-03-31,55228575.76
1986-04-01,54367220.96
1986-04-02,54506179.05
1986-04-03,53764967.57
1986-04-04,52899022.07
1986-04-07,52892450.08
1986-04-08,54029372.31
1986-04-09,54089782.52
1986-04-10,54718467.23
1986-04-11,54617169.32
1986-04-14,54927056.54
1986-04-15,55038278.57
1986-04-16,56082735.8
1986-04-17,56277106.59
1986-04-18,56134223.29
1986-04-21,56686631.51
1986-04-22,56157987.78
1986-04-23,56010487.79
1986-04-24,56080119.65
1986-04-25,56149746.93
1986-04-28,56339489.83
1986-04-29,55753122.73
1986-04-30,54607793.37
1986-05-01,54531914.79
1986-05-02,54453725.31
1986-05-05,55140071.16
1986-05-06,55034166
1986-05-07,54773507.58
1986-05-08,55023300.54
1986-05-09,55196869.49
1986-05-12,55141776.69
1986-05-13,54878816.87
1986-05-14,55147075.58
1986-05-15,54436052.14
1986-05-16,54057623.24
1986-05-19,54166523.38
1986-05-20,54845886.27
1986-05-21,54700726.5
1986-05-22,55786552.44
1986-05-23,56077890.39
1986-05-27,56870382.1
1986-05-28,57311822.74
1986-05-29,57630851.72
1986-05-30,57492609.11
1986-06-02,56966378.36
1986-06-03,57082176.49
1986-06-04,56726857.04
1986-06-05,57129016.28
1986-06-06,57140889.89
1986-06-09,55829508.47
1986-06-10,55749016.34
1986-06-11,56114224.47
1986-06-12,56204620.49
1986-06-13,57191012.41
1986-06-16,57290638.03
1986-06-17,56886845.31
1986-06-18,57041890.86
1986-06-19,56834386.67
1986-06-20,57657783.47
1986-06-23,57124652
1986-06-24,57544025.61
1986-06-25,57993665.17
1986-06-26,57956582.75
1986-06-27,58164020.43
1986-06-30,58459945.76
1986-07-01,58746553.22
1986-07-02,58907406.38
1986-07-03,58702647.13
1986-07-07,56907393.5
1986-07-08,56341706.29
1986-07-09,56635308.05
1986-07-10,56686720.82
1986-07-11,56509931.89
1986-07-14,55560045.46
1986-07-15,54531002.13
1986-07-16,54852544.57
1986-07-17,55106559.16
1986-07-18,55181267.86
1986-07-21,55160508.74
1986-07-22,55619417.73
1986-07-23,55740693.5
1986-07-24,55580221.02
1986-07-25,56115959.47
1986-07-28,55142861.49
1986-07-29,54810096.52
1986-07-30,55292272.87
1986-07-31,55190019.33
1986-08-01,54915470.6
1986-08-04,55174115.96
1986-08-05,55423442.14
1986-08-06,55386383.14
1986-08-07,55440128.06
1986-08-08,55410057.58
1986-08-11,56301973.02
1986-08-12,56928459.19
1986-08-13,57478104.13
1986-08-14,57620304.4
1986-08-15,57837002.8
1986-08-18,57897714.3
1986-08-19,57702322.74
1986-08-20,58468460.04
1986-08-21,58452333.46
1986-08-22,58580551.96
1986-08-25,58033621.33
1986-08-26,59211798.82
1986-08-27,59326041.01
1986-08-28,59226099.19
1986-08-29,59254200.51
1986-09-02,58234705.24
1986-09-03,58605027.14
1986-09-04,59485168.25
1986-09-05,58710125.74
1986-09-08,58174871.37
1986-09-09,58072616.8
1986-09-10,57937773.38
1986-09-11,55179413.87
1986-09-12,54136730.85
1986-09-15,54439555.22
1986-09-16,54395528.11
1986-09-17,54393400.46
1986-09-18,54547237.78
1986-09-19,54527483.41
1986-09-22,55173393.74
1986-09-23,55354359.46
1986-09-24,55504795.22
1986-09-25,54467068.21
1986-09-26,54568196.1
1986-09-29,54030640.15
1986-09-30,54368929.29
1986-10-01,54911494.63
1986-10-02,54993831.28
1986-10-03,54951724.52
1986-10-06,55210161.19
1986-10-07,55130484.51
1986-10-08,55670673.55
1986-10-09,55482990.06
1986-10-10,55403309.53
1986-10-13,55511469.14
1986-10-14,55391875.45
1986-10-15,56204402.88
1986-10-16,56382987.6
1986-10-17,56228173.53
1986-10-20,55561533.23
1986-10-21,55547598.73
1986-10-22,55644008.21
1986-10-23,56360236.85
1986-10-24,56127951.74
1986-10-27,56254880.27
1986-10-28,56377106.83
1986-10-29,56778714.64
1986-10-30,57436215.39
1986-10-31,57506780.94
1986-11-03,57941238.52
1986-11-04,58042319.85
1986-11-05,58138706.97
1986-11-06,57979199.67
1986-11-07,57962902.05
1986-11-10,58054591.42
1986-11-11,58284784.84
1986-11-12,58188665.98
1986-11-13,57346036.06
1986-11-14,57700647.39
1986-11-17,57405000.26
1986-11-18,55902751.52
1986-11-19,56116520.29
1986-11-20,57154236.11
1986-11-21,58055785.54
1986-11-24,58436197.2
1986-11-25,58612381.54
1986-11-26,58760395.94
1986-11-28,58873195.68
1986-12-01,58840460.07
1986-12-02,60009550.55
1986-12-03,59981502.5
1986-12-04,59798529.74
1986-12-05,59366753.76
1986-12-08,59371572.48
1986-12-09,58937456.68
1986-12-10,59338957.99
1986-12-11,58691253.35
1986-12-12,58505956.21
1986-12-15,58714982.9
1986-12-16,59151675.91
1986-12-17,58576755.97
1986-12-18,58400852.09
1986-12-19,59102583.91
1986-12-22,58878793.03
1986-12-23,58316573.88
1986-12-24,58421752.8
1986-12-26,58470130.3
1986-12-29,57945793.17
1986-12-30,57646287.37
1986-12-31,57370453.06
1987-01-02,58391482.85
1987-01-05,59758010.54
1987-01-06,59905768.39
1987-01-07,60517356.1
1987-01-08,60986945.38
1987-01-09,61338208.89
1987-01-12,61717855.92
1987-01-13,61643157.5
1987-01-14,62287838.74
1987-01-15,62970366.02
1987-01-16,63165421.01
1987-01-19,63897629.89
1987-01-20,63834746.61
1987-01-21,63558890.98
1987-01-22,65003335.45
1987-01-23,64109881.98
1987-01-26,64002032.39
1987-01-27,64989759.51
1987-01-28,65388278.88
1987-01-29,65121890.77
1987-01-30,65092124.83
1987-02-02,65661005.8
1987-02-03,65560247.53
1987-02-04,66431980.67
1987-02-05,66799710.74
1987-02-06,66542790.36
1987-02-09,66106049.76
1987-02-10,65383024.74
1987-02-11,65975528.27
1987-02-12,65529335.65
1987-02-13,66502759.7
1987-02-17,67880743.78
1987-02-18,67872259.86
1987-02-19,67915820.08
1987-02-20,67902599.53
1987-02-23,67177236.02
1987-02-24,67303608.34
1987-02-25,67576662.22
1987-02-26,67338684.71
1987-02-27,67640130.44
1987-03-02,67364301.91
1987-03-03,67637347.13
1987-03-04,68710027.17
1987-03-05,69167588.37
1987-03-06,69208774.4
1987-03-09,68658517.75
1987-03-10,69272207.51
1987-03-11,69150157.67
1987-03-12,69373497.8
1987-03-13,69066927.17
1987-03-16,68682290.64
1987-03-17,69693381.76
1987-03-18,69774772.76
1987-03-19,70090354.38
1987-03-20,71068659.08
1987-03-23,71789409.54
1987-03-24,71911901.52
1987-03-25,71619664.83
1987-03-26,71758834.79
1987-03-27,70622877.06
1987-03-30,68979270.08
1987-03-31,69583219.98
1987-04-01,69753385.94
1987-04-02,70059402.11
1987-04-03,71683396.76
1987-04-06,72058512.12
1987-04-07,70812974.78
1987-04-08,70956912.56
1987-04-09,69916359.34
1987-04-10,69836276.15
1987-04-13,68207097.21
1987-04-14,66675655.4
1987-04-15,67942098.93
1987-04-16,68538852.9
1987-04-20,68351538.18
1987-04-21,70023076.94
1987-04-22,68629896.31
1987-04-23,68549827.55
1987-04-24,67294894.68
1987-04-27,67376883.78
1987-04-28,67547050.48
1987-04-29,68046066.49
1987-04-30,68957331.31
1987-05-01,68886797.68
1987-05-04,69211832.64
1987-05-05,70644943.92
1987-05-06,70684012.42
1987-05-07,70510996.73
1987-05-08,70199778.39
1987-05-11,69778953.96
1987-05-12,70199280.91
1987-05-13,70369412.41
1987-05-14,70439451.91
1987-05-15,68824845.6
1987-05-18,68647089.97
1987-05-19,66980100.2
1987-05-20,66652246.03
1987-05-21,67127387.15
1987-05-22,67609661.78
1987-05-26,69273749.91
1987-05-27,69191312.29
1987-05-28,69683093.41
1987-05-29,69533932.65
1987-06-01,69477693.16
1987-06-02,69159372.32
1987-06-03,70361156.42
1987-06-04,70755223.6
1987-06-05,70372573.64
1987-06-08,71159753.62
1987-06-09,71301258.44
1987-06-10,71354609.37
1987-06-11,71662888.07
1987-06-12,72359499.6
1987-06-15,72729712.4
1987-06-16,73123738.24
1987-06-17,73143716.08
1987-06-18,73361437.3
1987-06-19,73672034.04
1987-06-22,74323043.93
1987-06-23,74038062.26
1987-06-24,73669085.52
1987-06-25,74180888.58
1987-06-26,73756723.21
1987-06-29,73942129.76
1987-06-30,73013998.99
1987-07-01,72767438.43
1987-07-02,73420818.13
1987-07-06,73258253.12
1987-07-07,73861218.39
1987-07-08,74082618.3
1987-07-09,73905646.67
1987-07-10,74117441.89
1987-07-13,73947678.85
1987-07-14,74687401.31
1987-07-15,74632824.14
1987-07-16,75187758.52
1987-07-17,75649094.67
1987-07-20,74889018.66
1987-07-21,74215329.4
1987-07-22,74203948.8
1987-07-23,74053388.67
1987-07-24,74411536.58
1987-07-27,74750486.01
1987-07-28,75161413.19
1987-07-29,75965856.95
1987-07-30,76549532.45
1987-07-31,76703699.04
1987-08-03,76449953.24
1987-08-04,76136225.35
1987-08-05,76676694.28
1987-08-06,77557865.81
1987-08-07,77783997.58
1987-08-10,78991465
1987-08-11,80278089.65
1987-08-12,80060326.02
1987-08-13,80610333.36
1987-08-14,80459743.08
1987-08-17,80496298.19
1987-08-18,79338027.6
1987-08-19,79484953.48
1987-08-20,80694737.41
1987-08-21,80956815.3
1987-08-24,80347983.98
1987-08-25,81181063.37
1987-08-26,80661014.15
1987-08-27,79903453.81
1987-08-28,78870008.4
1987-08-31,79539929.77
1987-09-01,78012293.42
1987-09-02,77607437.7
1987-09-03,77262564.07
1987-09-04,76428300.39
1987-09-08,75682803.94
1987-09-09,75776971.05
1987-09-10,76554836.68
1987-09-11,77726122
1987-09-14,77997782.98
1987-09-15,76724545.83
1987-09-16,76041454.3
1987-09-17,76066044.95
1987-09-18,76052151.27
1987-09-21,75016527.81
1987-09-22,77188575.84
1987-09-23,77604604.66
1987-09-24,77257368.28
1987-09-25,77371470.91
1987-09-28,78113561
1987-09-29,77756665.25
1987-09-30,77798298.09
1987-10-01,79134525.89
1987-10-02,79321072.54
1987-10-05,79331293.3
1987-10-06,77199214.23
1987-10-07,77042808
1987-10-08,75992780
1987-10-09,75254327.36
1987-10-12,74856423.69
1987-10-13,76103226.67
1987-10-14,73867420.02
1987-10-15,72148467.82
1987-10-16,68441940.91
1987-10-19,54476271.82
1987-10-20,57379903.02
1987-10-21,62592253.57
1987-10-22,60153785.64
1987-10-23,60154494.36
1987-10-26,55199683.86
1987-10-27,56540727.78
1987-10-28,56570441.58
1987-10-29,59353159.49
1987-10-30,61056373.68
1987-11-02,62020613.81
1987-11-03,60838027.73
1987-11-04,60396814.51
1987-11-05,61737746.21
1987-11-06,60762862.47
1987-11-09,59022502.16
1987-11-10,58023504.56
1987-11-11,58731749.64
1987-11-12,60338269.13
1987-11-13,59650780.73
1987-11-16,59929181.88
1987-11-17,59038874.66
1987-11-18,59652917.67
1987-11-19,58332819.65
1987-11-20,58811636.58
1987-11-23,59058646.13
1987-11-24,59887565.16
1987-11-25,59342583.9
1987-11-27,58442667.6
1987-11-30,56026441.18
1987-12-01,56444890.81
1987-12-02,56802971.73
1987-12-03,54821419.58
1987-12-04,54517943.6
1987-12-07,55694526.75
1987-12-08,57187385.21
1987-12-09,58156291.91
1987-12-10,56879804.88
1987-12-11,57310295.6
1987-12-14,58976927.49
1987-12-15,59134575.05
1987-12-16,60414880.05
1987-12-17,59191534.77
1987-12-18,60701524.1
1987-12-21,60803039.22
1987-12-22,60911864.9
1987-12-23,61702828.57
1987-12-24,61436470.21
1987-12-28,59871638.45
1987-12-29,59641838.71
1987-12-30,60447404.26
1987-12-31,60266328.97
1988-01-04,62433657.04
1988-01-05,63097890.55
1988-01-06,63170152.19
1988-01-07,63710129.52
1988-01-08,59414581.05
1988-01-11,60419860.44
1988-01-12,59924549.96
1988-01-13,60028497.76
1988-01-14,60054495.41
1988-01-15,61566411.3
1988-01-18,61533933.64
1988-01-19,60919276.59
1988-01-20,59298608.63
1988-01-21,59431785.59
1988-01-22,60259177.65
1988-01-25,61649232.67
1988-01-26,61024856.17
1988-01-27,60987511.64
1988-01-28,61948831.84
1988-01-29,62878479.17
1988-02-01,62392943.37
1988-02-02,62530965.34
1988-02-03,61721494.74
1988-02-04,61730425.16
1988-02-05,61434897.67
1988-02-08,60990800.19
1988-02-09,61637868.59
1988-02-10,62849990.05
1988-02-11,62685983.17
1988-02-12,63104083.84
1988-02-16,63648820.64
1988-02-17,63506734.07
1988-02-18,63199036.28
1988-02-19,64109084.85
1988-02-22,65099502.3
1988-02-23,64957401.65
1988-02-24,64822616.6
1988-02-25,64137424.97
1988-02-26,64360653.25
1988-02-29,65674935.16
1988-03-01,65537711
1988-03-02,65731700.73
1988-03-03,65716244.92
1988-03-04,65583891.47
1988-03-07,65612278.01
1988-03-08,66120407.11
1988-03-09,66039199.43
1988-03-10,64776898.45
1988-03-11,65053680.42
1988-03-14,65410816.78
1988-03-15,65361275.5
1988-03-16,65983836.87
1988-03-17,66618569.16
1988-03-18,66598515.99
1988-03-21,66023380.9
1988-03-22,66057445.26
1988-03-23,66084140.25
1988-03-24,64727899.16
1988-03-25,63548535.97
1988-03-28,63447515.25
1988-03-29,63950753.86
1988-03-30,63469009.29
1988-03-31,63679943
1988-04-04,63001702.75
1988-04-05,63605636.18
1988-04-06,65329588.19
1988-04-07,65503660.14
1988-04-08,66316330.89
1988-04-11,66505129.22
1988-04-12,66811814.92
1988-04-13,66872883.27
1988-04-14,63976800.85
1988-04-15,63991223.22
1988-04-18,63863196.54
1988-04-19,63555884.71
1988-04-20,63125768.27
1988-04-21,63206513.81
1988-04-22,64129663.46
1988-04-25,64721240.65
1988-04-26,65079489.71
1988-04-27,65057065.28
1988-04-28,64774313.81
1988-04-29,64469464.32
1988-05-02,64535460.81
1988-05-03,64898614.34
1988-05-04,64249953.19
1988-05-05,63883720.99
1988-05-06,63571522.5
1988-05-09,63350191.9
1988-05-10,63624928.79
1988-05-11,62576011.82
1988-05-12,62718145.82
1988-05-13,63447191.11
1988-05-16,63930655.25
1988-05-17,63124881.53
1988-05-18,62142311.72
1988-05-19,62451425.82
1988-05-20,62571450.83
1988-05-23,62043193.02
1988-05-24,62710815.22
1988-05-25,62781724.85
1988-05-26,63004880.39
1988-05-27,62717276.71
1988-05-31,64872921.17
1988-06-01,65994766.42
1988-06-02,65670312.2
1988-06-03,65954828.11
1988-06-06,66111644.29
1988-06-07,65659524.44
1988-06-08,67228200.51
1988-06-09,66913580.29
1988-06-10,67183337.1
1988-06-13,67234559.77
1988-06-14,67948725.26
1988-06-15,67995040.98
1988-06-16,66855434.94
1988-06-17,67086319.72
1988-06-20,66664135
1988-06-21,67349809.71
1988-06-22,68347747.38
1988-06-23,68148615.42
1988-06-24,67899916.17
1988-06-27,66739191.92
1988-06-28,67553710.52
1988-06-29,67233155.89
1988-06-30,67866740.86
1988-07-01,67449532.52
1988-07-05,68457324.68
1988-07-06,67527122.19
1988-07-07,67476704.14
1988-07-08,67049596.35
1988-07-11,67189999.49
1988-07-12,66529960.38
1988-07-13,66903310.97
1988-07-14,67145315.88
1988-07-15,67597949.78
1988-07-18,67225385.98
1988-07-19,66728916.97
1988-07-20,67117119.72
1988-07-21,66298518.39
1988-07-22,65524531.77
1988-07-25,65826003.59
1988-07-26,65961451.03
1988-07-27,65303948.47
1988-07-28,66185250.83
1988-07-29,67681065.95
1988-08-01,67737200.88
1988-08-02,67709088
1988-08-03,67946108.42
1988-08-04,67694982.55
1988-08-05,67510766.51
1988-08-08,67229922.79
1988-08-09,66374227.53
1988-08-10,65245996.84
1988-08-11,65465678.93
1988-08-12,65425191.55
1988-08-15,64477869.12
1988-08-16,64950273.9
1988-08-17,65011376.83
1988-08-18,65084871.66
1988-08-19,64898208.98
1988-08-22,64099584.66
1988-08-23,64135914.62
1988-08-24,65145939.03
1988-08-25,64671883.31
1988-08-26,64804835.98
1988-08-29,65470453.08
1988-08-30,65524123.3
1988-08-31,65287915.69
1988-09-01,64511632.62
1988-09-02,66039387.52
1988-09-06,66323443.72
1988-09-07,66401873.61
1988-09-08,66413415.37
1988-09-09,66660303.22
1988-09-12,66577702.02
1988-09-13,66824584.94
1988-09-14,67299381.05
1988-09-15,67016115.96
1988-09-16,67650842.89
1988-09-19,67202767.17
1988-09-20,67439572.58
1988-09-21,67556394.16
1988-09-22,67320781.73
1988-09-23,67475100.96
1988-09-26,67264488.96
1988-09-27,67118868.42
1988-09-28,67333162.12
1988-09-29,68219804.64
1988-09-30,68059184.39
1988-10-03,67936055.77
1988-10-04,67755440.88
1988-10-05,68074697.59
1988-10-06,68216507.15
1988-10-07,69645448.57
1988-10-10,69697258.25
1988-10-11,69629107.08
1988-10-12,68651233.45
1988-10-13,68970469.08
1988-10-14,69049777.56
1988-10-17,69286535.35
1988-10-18,70038119.27
1988-10-19,69445143.95
1988-10-20,70931462.8
1988-10-21,71135709.62
1988-10-24,70800146.5
1988-10-25,70834455.43
1988-10-26,70593865.27
1988-10-27,69578573.16
1988-10-28,69900276.95
1988-10-31,70019556.92
1988-11-01,70051368.96
1988-11-02,70060690.72
1988-11-03,70105001.3
1988-11-04,69392127.29
1988-11-07,68806711.06
1988-11-08,69120907.32
1988-11-09,68675438.38
1988-11-10,68774732.83
1988-11-11,67342236.5
1988-11-14,67301598.52
1988-11-15,67465864.66
1988-11-16,66345758.32
1988-11-17,66550010.25
1988-11-18,67026621.33
1988-11-21,66973496.65
1988-11-22,67230210
1988-11-23,67686819.13
1988-11-25,67253895.64
1988-11-28,67615547.79
1988-11-29,68192073.23
1988-11-30,68898522.83
1988-12-01,68605516.26
1988-12-02,68444945.94
1988-12-05,69233826.81
1988-12-06,69907765.25
1988-12-07,70052008.54
1988-12-08,69676557.05
1988-12-09,69795813.53
1988-12-12,69677711.1
1988-12-13,69634568.36
1988-12-14,69394048.43
1988-12-15,69146037.2
1988-12-16,69657948.86
1988-12-19,70328774.58
1988-12-20,69975995.54
1988-12-21,69963578.82
1988-12-22,69845271.33
1988-12-23,70107656.28
1988-12-27,69855731.74
1988-12-28,69929031.96
1988-12-29,70524191.78
1988-12-30,70110927.29
1989-01-03,69513631.82
1989-01-04,70562558.33
1989-01-05,70719047.2
1989-01-06,70895698.02
1989-01-09,70984111.63
1989-01-10,70843118.78
1989-01-11,71264292.91
1989-01-12,71566978.72
1989-01-13,71753694.51
1989-01-16,71832020.48
1989-01-17,71693542.13
1989-01-18,72455005.26
1989-01-19,72561049.25
1989-01-20,72500719.61
1989-01-23,71974049.57
1989-01-24,72990076.91
1989-01-25,73164177.99
1989-01-26,73817200.02
1989-01-27,74364348.03
1989-01-30,74669498.82
1989-01-31,75304856.31
1989-02-01,75219301.88
1989-02-02,75166517.82
1989-02-03,75209518.06
1989-02-06,74985338.15
1989-02-07,75900446.58
1989-02-08,75663657.56
1989-02-09,75021073.6
1989-02-10,74013024.98
1989-02-13,74154334.01
1989-02-14,73980576.55
1989-02-15,74603279.91
1989-02-16,74757180.33
1989-02-17,75258894.43
1989-02-21,75072535.05
1989-02-22,73804942.25
1989-02-23,74102497.54
1989-02-24,72872742.11
1989-02-27,73056890.92
1989-02-28,73329240.72
1989-03-01,72898438.28
1989-03-02,73624441.61
1989-03-03,73944665.94
1989-03-06,74869741.46
1989-03-07,74643075
1989-03-08,74706229.94
1989-03-09,74678662.18
1989-03-10,74424284.48
1989-03-13,75049427.65
1989-03-14,75014297.95
1989-03-15,75410099.54
1989-03-16,76118379.79
1989-03-17,74407606.3
1989-03-20,73714681.24
1989-03-21,74084387.9
1989-03-22,73882110.74
1989-03-23,73509517.5
1989-03-27,73924981.45
1989-03-28,74195537.45
1989-03-29,74400000.49
1989-03-30,74454471.8
1989-03-31,75063114.19
1989-04-03,75460762.66
1989-04-04,75197473.79
1989-04-05,75445131.11
1989-04-06,75214900.89
1989-04-07,75701498.36
1989-04-10,75700034.22
1989-04-11,76062069.52
1989-04-12,76200411.49
1989-04-13,75553313.03
1989-04-14,76825322.13
1989-04-17,76928073.59
1989-04-18,78032292.56
1989-04-19,78330749.16
1989-04-20,78097970.2
1989-04-21,78978479.47
1989-04-24,78755868.26
1989-04-25,78273999.7
1989-04-26,78330978.32
1989-04-27,79015752.5
1989-04-28,79042233.71
1989-05-01,78921286.91
1989-05-02,78678348.76
1989-05-03,78699743.71
1989-05-04,78611844.09
1989-05-05,78582404.7
1989-05-08,78184445.46
1989-05-09,77989811.67
1989-05-10,78156071.3
1989-05-11,78459579.04
1989-05-12,80221878.64
1989-05-15,80822712.45
1989-05-16,80610274.17
1989-05-17,81180600.27
1989-05-18,81316332.97
1989-05-19,82158567.06
1989-05-22,82357832.17
1989-05-23,81438897.4
1989-05-24,81658492.07
1989-05-25,81677318.26
1989-05-26,82303507.27
1989-05-30,81669221.03
1989-05-31,82053986.88
1989-06-01,82433667.31
1989-06-02,83346989.76
1989-06-05,82471306.23
1989-06-06,83044098.7
1989-06-07,83743947.98
1989-06-08,83704308.35
1989-06-09,83700248.63
1989-06-12,83597082.55
1989-06-13,83016202.23
1989-06-14,83007060.69
1989-06-15,82065362.77
1989-06-16,82397050.27
1989-06-19,82546278.69
1989-06-20,82392938.51
1989-06-21,82206274.52
1989-06-22,82688822.13
1989-06-23,84155942.83
1989-06-26,83807736.85
1989-06-27,84290261.65
1989-06-28,83626690.43
1989-06-29,82065751.27
1989-06-30,81640657.07
1989-07-03,81971914.48
1989-07-05,82344189.94
1989-07-06,82588259.01
1989-07-07,83460476.3
1989-07-10,84025018.86
1989-07-11,84474178.75
1989-07-12,84748996.51
1989-07-13,84795639.22
1989-07-14,85290928.76
1989-07-17,85455495.9
1989-07-18,85186793.52
1989-07-19,86320432.46
1989-07-20,85762031.81
1989-07-21,86385478
1989-07-24,85824526.92
1989-07-25,85889098.06
1989-07-26,86968848.21
1989-07-27,87989625.1
1989-07-28,88041363.9
1989-07-31,89059551.49
1989-08-01,88472968.72
1989-08-02,88634931.17
1989-08-03,88748184.51
1989-08-04,88548701.84
1989-08-07,89966743.18
1989-08-08,89962068.88
1989-08-09,89354994.08
1989-08-10,89701506.32
1989-08-11,88812471.27
1989-08-14,88392545.59
1989-08-15,88826209.24
1989-08-16,89080439.85
1989-08-17,88780996.26
1989-08-18,89196702.51
1989-08-21,87833517.01
1989-08-22,87977522.7
1989-08-23,88887930.53
1989-08-24,90646731.64
1989-08-25,90401114.08
1989-08-28,90814231.62
1989-08-29,90248225.14
1989-08-30,90466538.68
1989-08-31,90682291.13
1989-09-01,91277370.25
1989-09-05,90988183.6
1989-09-06,90147950.36
1989-09-07,89930548.48
1989-09-08,90046336.25
1989-09-11,89775110.24
1989-09-12,90052365.02
1989-09-13,89232670.41
1989-09-14,88653911
1989-09-15,89149837.02
1989-09-18,89592167.67
1989-09-19,89556519.08
1989-09-20,89546716.12
1989-09-21,89358648.01
1989-09-22,89718281.19
1989-09-25,89000598.79
1989-09-26,89037293.28
1989-09-27,89247090.94
1989-09-28,90162161.97
1989-09-29,90315104.41
1989-10-02,90770307.05
1989-10-03,91773180.53
1989-10-04,92360119.88
1989-10-05,92378709.82
1989-10-06,92857132.4
1989-10-09,93131463.78
1989-10-10,92969221.57
1989-10-11,92427232.09
1989-10-12,92024756.58
1989-10-13,86419637.4
1989-10-16,88807083.14
1989-10-17,88381388.31
1989-10-18,88547249.72
1989-10-19,89945272.21
1989-10-20,89963878.6
1989-10-23,89372864.36
1989-10-24,89091842.06
1989-10-25,88792732.63
1989-10-26,87623137.31
1989-10-27,86892679.86
1989-10-30,86906145.06
1989-10-31,88283427.32
1989-11-01,88511273.94
1989-11-02,87819574.57
1989-11-03,87608309.57
1989-11-06,86325135.25
1989-11-07,86904261.07
1989-11-08,87777823.19
1989-11-09,87380605.94
1989-11-10,88044941.37
1989-11-13,88172034.07
1989-11-14,87779985.56
1989-11-15,88449473.66
1989-11-16,88470665.92
1989-11-17,88747555.6
1989-11-20,88174727.98
1989-11-21,88247579.22
1989-11-22,88857633.94
1989-11-24,89400527.49
1989-11-27,89834937.96
1989-11-28,89887116.93
1989-11-29,89337549.05
1989-11-30,89965644.94
1989-12-01,91174819.2
1989-12-04,91387103.9
1989-12-05,90925338.64
1989-12-06,90670186.67
1989-12-07,90433117.84
1989-12-08,90728042.91
1989-12-11,90705318.09
1989-12-12,91534804.06
1989-12-13,91809050.5
1989-12-14,91349891.28
1989-12-15,91149423.12
1989-12-18,89481913.04
1989-12-19,89173303.04
1989-12-20,89283815.13
1989-12-21,89800419.26
1989-12-22,90499239.3
1989-12-26,90352023.67
1989-12-27,90884226.26
1989-12-28,91379981.67
1989-12-29,92102187.68
1990-01-02,93751076.86
1990-01-03,93520551.33
1990-01-04,92727777.25
1990-01-05,91836100.2
1990-01-08,92261540.79
1990-01-09,91187670.57
1990-01-10,90597966.59
1990-01-11,90927100.27
1990-01-12,88700183.34
1990-01-15,87949134.35
1990-01-16,88936802.69
1990-01-17,88076440.52
1990-01-18,88293661.44
1990-01-19,88555122.21
1990-01-22,86284080.92
1990-01-23,86615824.4
1990-01-24,86276067.74
1990-01-25,85199734.28
1990-01-26,85138476.16
1990-01-29,84993939.26
1990-01-30,84427766.87
1990-01-31,86026993.98
1990-02-01,85963134.26
1990-02-02,86529100.72
1990-02-05,86782745.63
1990-02-06,86224388.31
1990-02-07,87300436.37
1990-02-08,87106435.31
1990-02-09,87289803.51
1990-02-12,86380122.02
1990-02-13,86636361.6
1990-02-14,86905614.34
1990-02-15,87666717.52
1990-02-16,87113588.95
1990-02-20,85894258.14
1990-02-21,85822598.79
1990-02-22,85321546.71
1990-02-23,84929795.52
1990-02-26,86117661.59
1990-02-27,86543033.03
1990-02-28,86978809.42
1990-03-01,87211596.09
1990-03-02,87951825.51
1990-03-05,87495016.8
1990-03-06,88596933.61
1990-03-07,88353514.92
1990-03-08,89229014.8
1990-03-09,88631700.62
1990-03-12,88835851.16
1990-03-13,88152675.31
1990-03-14,88390646.68
1990-03-15,88714486.77
1990-03-16,89727970.24
1990-03-19,90166075.2
1990-03-20,89664679.2
1990-03-21,89197399.6
1990-03-22,88147549.81
1990-03-23,88562036.22
1990-03-26,88682605.44
1990-03-27,89711142.8
1990-03-28,89855318.22
1990-03-29,89550762.7
1990-03-30,89340676.89
1990-04-02,89028257.76
1990-04-03,90337534.46
1990-04-04,89681350.74
1990-04-05,89599854.59
1990-04-06,89442252.26
1990-04-09,89793720.84
1990-04-10,89990369.08
1990-04-11,89963974.39
1990-04-12,90611932.05
1990-04-16,90729846.7
1990-04-17,90727061.38
1990-04-18,89700955.75
1990-04-19,89023838.47
1990-04-20,88257521.01
1990-04-23,87202590.78
1990-04-24,87034529.88
1990-04-25,87485693.19
1990-04-26,87732194.96
1990-04-27,86745512.76
1990-04-30,87201912.67
1990-05-01,87595338.93
1990-05-02,88193407.96
1990-05-03,88492364.06
1990-05-04,89245212.74
1990-05-07,89819636.13
1990-05-08,90220898.62
1990-05-09,90456858.58
1990-05-10,90721686.6
1990-05-11,92880718.98
1990-05-14,93615134.3
1990-05-15,93504762.05
1990-05-16,93444238.71
1990-05-17,93580478.05
1990-05-18,93638014.34
1990-05-21,94532423.12
1990-05-22,94658155.24
1990-05-23,94896698.3
1990-05-24,94678762.06
1990-05-25,93686931.22
1990-05-29,95292240.28
1990-05-30,95360248.3
1990-05-31,95470237.28
1990-06-01,95989449.73
1990-06-04,97114630.01
1990-06-05,96928174.34
1990-06-06,96500372.37
1990-06-07,96038481.72
1990-06-08,94886696.49
1990-06-11,95665589.64
1990-06-12,96890402.89
1990-06-13,96549185.16
1990-06-14,96037471.58
1990-06-15,96046973.78
1990-06-18,94461911.31
1990-06-19,94893548.72
1990-06-20,95071114.32
1990-06-21,95444516.96
1990-06-22,94121507.37
1990-06-25,93306645.15
1990-06-26,93251327.56
1990-06-27,94077279.44
1990-06-28,94747073.22
1990-06-29,94861111.36
1990-07-02,95274198.12
1990-07-03,95449099.88
1990-07-05,94274363.96
1990-07-06,95010297.12
1990-07-09,95312214.09
1990-07-10,94521219.56
1990-07-11,95786386.44
1990-07-12,96911275.84
1990-07-13,97416933.74
1990-07-16,97861726.58
1990-07-17,97494125.03
1990-07-18,96631706.05
1990-07-19,96933600.83
1990-07-20,95962699.04
1990-07-23,94306480.42
1990-07-24,94444330
1990-07-25,94799148.44
1990-07-26,94497748.35
1990-07-27,93855013.58
1990-07-30,94424153.94
1990-07-31,94593747.96
1990-08-01,94437883.06
1990-08-02,93379761.18
1990-08-03,91638994.55
1990-08-06,88890174.08
1990-08-07,89006882.25
1990-08-08,89949104.48
1990-08-09,90380658.88
1990-08-10,89222064.68
1990-08-13,90111344.81
1990-08-14,90267732.64
1990-08-15,90455857.92
1990-08-16,88437439.31
1990-08-17,87241859.3
1990-08-20,87432659.33
1990-08-21,85684158.03
1990-08-22,84290209.18
1990-08-23,81790404.6
1990-08-24,82978636.45
1990-08-27,85616635.81
1990-08-28,85601076.11
1990-08-29,86365961.19
1990-08-30,84927092.05
1990-08-31,85956523.07
1990-09-04,86107629.33
1990-09-05,86462440.81
1990-09-06,85433657.89
1990-09-07,86222317.81
1990-09-10,85764973
1990-09-11,85619790.93
1990-09-12,86027495.58
1990-09-13,85009338.24
1990-09-14,84538784.71
1990-09-17,84798350.66
1990-09-18,85028818.23
1990-09-19,84510661.91
1990-09-20,83167191.7
1990-09-21,83131164.32
1990-09-24,81346462.26
1990-09-25,82338863.87
1990-09-26,81496789.02
1990-09-27,80417081.54
1990-09-28,81785958.63
1990-10-01,84172161.33
1990-10-02,84256643.76
1990-10-03,83251711.29
1990-10-04,83608556.79
1990-10-05,83303209.21
1990-10-08,83844285.13
1990-10-09,81619166.53
1990-10-10,80373989.82
1990-10-11,79070083.03
1990-10-12,80302702.94
1990-10-15,81169518.67
1990-10-16,80031179.47
1990-10-17,80000880.48
1990-10-18,81876899.81
1990-10-19,83688824.48
1990-10-22,84309950.03
1990-10-23,83681565.69
1990-10-24,83758040.53
1990-10-25,83121668.78
1990-10-26,81676349.55
1990-10-29,80933213.54
1990-10-30,81527632.4
1990-10-31,81524023.43
1990-11-01,82342684.4
1990-11-02,83644556.18
1990-11-05,84388438.4
1990-11-06,83607936.14
1990-11-07,82122665.05
1990-11-08,82562201.36
1990-11-09,84211067.31
1990-11-12,85755799.4
1990-11-13,85284985.95
1990-11-14,86026144.74
1990-11-15,85136219.73
1990-11-16,85175296.95
1990-11-19,85780301.95
1990-11-20,84716885.55
1990-11-21,84921468.96
1990-11-23,84685596.71
1990-11-26,85074366.48
1990-11-27,85511177.31
1990-11-28,85483515.63
1990-11-29,85087484.21
1990-11-30,86648066.29
1990-12-03,87162264.23
1990-12-04,87775216.52
1990-12-05,88740503.92
1990-12-06,88525969.16
1990-12-07,88185983.95
1990-12-10,88502632.91
1990-12-11,87861034.31
1990-12-12,88874327.78
1990-12-13,88659800.03
1990-12-14,87999537.01
1990-12-17,87798361.3
1990-12-18,88886358.72
1990-12-19,88938751.45
1990-12-20,88929744.39
1990-12-21,89375920.3
1990-12-24,88890759.94
1990-12-26,89159946.96
1990-12-27,88483521.38
1990-12-28,88612613.44
1990-12-31,89029962.81
1991-01-02,88027584.94
1991-01-03,86817782.56
1991-01-04,86585897.23
1991-01-07,85101347.86
1991-01-08,84969151.58
1991-01-09,84063817.51
1991-01-10,84896034.25
1991-01-11,85097883.1
1991-01-14,84373049.13
1991-01-15,84720365.85
1991-01-16,85390924.86
1991-01-17,88582820.15
1991-01-18,89743601.33
1991-01-21,89441673.96
1991-01-22,88714151.63
1991-01-23,89239195.26
1991-01-24,90483439.23
1991-01-25,90844154.29
1991-01-28,90846609.15
1991-01-29,90808661.81
1991-01-30,92187535.32
1991-01-31,93014205.64
1991-02-01,92790388.71
1991-02-04,94228474.09
1991-02-05,95028182.27
1991-02-06,96875633.97
1991-02-07,96471329.83
1991-02-08,97246763.49
1991-02-11,99745957.76
1991-02-12,98929561.11
1991-02-13,99890793.93
1991-02-14,98611151.93
1991-02-15,99927894.12
1991-02-19,100029939.83
1991-02-20,98898453.19
1991-02-21,98865833.53
1991-02-22,99062141.97
1991-02-25,99508924.02
1991-02-26,98323607.85
1991-02-27,99664520.65
1991-02-28,99497246.17
1991-03-01,100426078.95
1991-03-04,100132215.81
1991-03-05,102135585.24
1991-03-06,102000613
1991-03-07,101943735.78
1991-03-08,101698351.1
1991-03-11,101175580.46
1991-03-12,100399682.62
1991-03-13,101635457.24
1991-03-14,101360455.38
1991-03-15,101390199.15
1991-03-18,101000987.48
1991-03-19,99515362.81
1991-03-20,99888785.12
1991-03-21,99537583.57
1991-03-22,99794305.99
1991-03-25,100444518.34
1991-03-26,102212822.08
1991-03-27,101967464
1991-03-28,101944633.28
1991-04-01,100893285.5
1991-04-02,103131012.77
1991-04-03,102991485.79
1991-04-04,103229160.88
1991-04-05,102044867.28
1991-04-08,102952828.08
1991-04-09,101581312.56
1991-04-10,101482505.14
1991-04-11,102710652.1
1991-04-12,103474753.08
1991-04-15,103701563.71
1991-04-16,105458801.3
1991-04-17,106239153.31
1991-04-18,105711578.29
1991-04-19,104568063.32
1991-04-22,103698619.07
1991-04-23,103930841.64
1991-04-24,104214616.33
1991-04-25,103274643.37
1991-04-26,103224670.74
1991-04-29,101782755.6
1991-04-30,102251042.44
1991-05-01,103606580.68
1991-05-02,103681416.18
1991-05-03,103769821.83
1991-05-06,103586901.03
1991-05-07,102850489.8
1991-05-08,103185802.82
1991-05-09,104484290.19
1991-05-10,102459124.55
1991-05-13,102748314.02
1991-05-14,101366202.28
1991-05-15,100551158.46
1991-05-16,101545752.02
1991-05-17,101612466.16
1991-05-20,101595067.17
1991-05-21,102440417.4
1991-05-22,102680751.34
1991-05-23,102359491.57
1991-05-24,103058314.52
1991-05-28,104278016.4
1991-05-29,104521045.06
1991-05-30,105664748.4
1991-05-31,106455762.91
1991-06-03,105988000.35
1991-06-04,105913602.36
1991-06-05,105207120.92
1991-06-06,104823474.54
1991-06-07,103696525.53
1991-06-10,103475663.66
1991-06-11,104160851.99
1991-06-12,102979683.79
1991-06-13,103257968.48
1991-06-14,104534513.89
1991-06-17,103961002.95
1991-06-18,103555683.17
1991-06-19,102618698.1
1991-06-20,102720657.64
1991-06-21,103365213.4
1991-06-24,101514463.93
1991-06-25,101447818.95
1991-06-26,101717742.63
1991-06-27,102499344.77
1991-06-28,101625503.04
1991-07-01,103487910.8
1991-07-02,103377473.06
1991-07-03,102257380.04
1991-07-05,102475297.46
1991-07-08,103544160
1991-07-09,103056137.28
1991-07-10,102967600.41
1991-07-11,103316841.4
1991-07-12,104226968.76
1991-07-15,104825176.84
1991-07-16,104605296.84
1991-07-17,104519481.94
1991-07-18,105678549.12
1991-07-19,105376591.9
1991-07-22,105022655.42
1991-07-23,104088708.64
1991-07-24,103887997.4
1991-07-25,104535407.71
1991-07-26,104539886.19
1991-07-29,105159930.12
1991-07-30,106141095.83
1991-07-31,106460178.25
1991-08-01,106284079.16
1991-08-02,106313165.2
1991-08-05,105745860.5
1991-08-06,107279598.28
1991-08-07,107275849.11
1991-08-08,106949291.31
1991-08-09,106360108.74
1991-08-12,106618985.84
1991-08-13,107069355.79
1991-08-14,107158617.7
1991-08-15,107015352.27
1991-08-16,106002182.79
1991-08-19,103522783.45
1991-08-20,104345186.22
1991-08-21,107410688.41
1991-08-22,107625773.3
1991-08-23,108415311.19
1991-08-26,108340429.65
1991-08-27,108136984.4
1991-08-28,109128917.27
1991-08-29,109095061.07
1991-08-30,108823230.8
1991-09-03,107938692.26
1991-09-04,107355053.26
1991-09-05,107140689.28
1991-09-06,107142409.07
1991-09-09,107010104.17
1991-09-10,105925937.58
1991-09-11,106083575.53
1991-09-12,106711664.21
1991-09-13,105698641.25
1991-09-16,106310313.15
1991-09-17,106246398.61
1991-09-18,106652924.15
1991-09-19,106835164.27
1991-09-20,106940239.34
1991-09-23,106401179.93
1991-09-24,106906926.67
1991-09-25,106690415.32
1991-09-26,106595194.18
1991-09-27,106444846.03
1991-09-30,106997444.14
1991-10-01,107379132.32
1991-10-02,107132298.32
1991-10-03,106099836.99
1991-10-04,105224517.78
1991-10-07,104754425.51
1991-10-08,105089251.32
1991-10-09,104034779.55
1991-10-10,105080776.67
1991-10-11,105341170.82
1991-10-14,106737208.52
1991-10-15,108000922.31
1991-10-16,108506596.34
1991-10-17,108276320.26
1991-10-18,108448466.53
1991-10-21,107777168.78
1991-10-22,107185817
1991-10-23,107228429.28
1991-10-24,106449665.01
1991-10-25,106222165.34
1991-10-28,107700775.71
1991-10-29,108253285.68
1991-10-30,108673478.32
1991-10-31,108545195.61
1991-11-01,108246025.77
1991-11-04,107971664.65
1991-11-05,107551233.67
1991-11-06,107910789.63
1991-11-07,108956600.95
1991-11-08,108740125.93
1991-11-11,108815785.02
1991-11-12,109825736.52
1991-11-13,110022659.23
1991-11-14,109963266.88
1991-11-15,105971131.56
1991-11-18,106705480.49
1991-11-19,105113836.15
1991-11-20,104880859.96
1991-11-21,105314811.61
1991-11-22,104246823.53
1991-11-25,104038660.46
1991-11-26,104772990.73
1991-11-27,104396727.83
1991-11-29,104042521.4
1991-12-02,105757880.17
1991-12-03,105648924.06
1991-12-04,105415967.91
1991-12-05,104689745.27
1991-12-06,105173265.66
1991-12-09,104954093.16
1991-12-10,104867188.47
1991-12-11,104824384.01
1991-12-12,105897578.95
1991-12-13,106714501.15
1991-12-16,106724031.33
1991-12-17,106262369.87
1991-12-18,106478574.17
1991-12-19,106226332.13
1991-12-20,107487329.56
1991-12-23,110216303.8
1991-12-24,110926249.33
1991-12-26,112469329.32
1991-12-27,112932089.73
1991-12-30,115355470.13
1991-12-31,115909841.27
1992-01-02,115969899.84
1992-01-03,116560360.74
1992-01-06,116189973.65
1992-01-07,116047306.37
1992-01-08,116254540.4
1992-01-09,116131306.8
1992-01-10,115447149.86
1992-01-13,115248951.08
1992-01-14,116955694.62
1992-01-15,117060163.47
1992-01-16,116362130.7
1992-01-17,116555462.37
1992-01-20,115874103.92
1992-01-21,114853998.07
1992-01-22,116391281.68
1992-01-23,115523895.27
1992-01-24,115681135.88
1992-01-27,115557917.65
1992-01-28,115562433.88
1992-01-29,114292471.49
1992-01-30,114660734.16
1992-01-31,113885032.47
1992-02-03,114106134.11
1992-02-04,115318466.62
1992-02-05,115328534.54
1992-02-06,115335831.46
1992-02-07,114590691.16
1992-02-10,115347637.31
1992-02-11,115357713.1
1992-02-12,116306216.93
1992-02-13,115363968.59
1992-02-14,115040873.34
1992-02-18,113637769.62
1992-02-19,113894948.77
1992-02-20,115473652.03
1992-02-21,114800747.79
1992-02-24,115046804.84
1992-02-25,114554378.15
1992-02-26,115927589.54
1992-02-27,115526766.87
1992-02-28,115217578.2
1992-03-02,115161019.74
1992-03-03,115284911.03
1992-03-04,114320548.29
1992-03-05,113550540.49
1992-03-06,112988743.48
1992-03-09,113215361.05
1992-03-10,113694606.18
1992-03-11,112913511.24
1992-03-12,112887513.93
1992-03-13,113441691.13
1992-03-16,113607233.39
1992-03-17,114505612.87
1992-03-18,114399099.87
1992-03-19,114592383.58
1992-03-20,115017184.69
1992-03-23,114642337.76
1992-03-24,114368163.13
1992-03-25,114001706.88
1992-03-26,114110642.13
1992-03-27,112905297.99
1992-03-30,112779349.49
1992-03-31,112986163.72
1992-04-01,113151032.3
1992-04-02,112121888.92
1992-04-03,112429364.03
1992-04-06,113572910.17
1992-04-07,111481234.33
1992-04-08,110499673.26
1992-04-09,112230402.69
1992-04-10,113264862.53
1992-04-13,113779225.09
1992-04-14,115557428.7
1992-04-15,116658943.56
1992-04-16,116605679.21
1992-04-20,114981038.22
1992-04-21,115017261.67
1992-04-22,114905288.82
1992-04-23,115419620.52
1992-04-24,114712108.01
1992-04-27,114566598.79
1992-04-28,114764974.11
1992-04-29,115592429.23
1992-04-30,116425469.16
1992-05-01,115762710.11
1992-05-04,117001125.41
1992-05-05,116995386.96
1992-05-06,116995245.7
1992-05-07,116746277.72
1992-05-08,116816023.16
1992-05-11,117512014.26
1992-05-12,116910795.95
1992-05-13,116969362.08
1992-05-14,116057834.65
1992-05-15,115219001.65
1992-05-18,115993255.37
1992-05-19,117002326.07
1992-05-20,116742198.6
1992-05-21,115976072.66
1992-05-22,116386873.47
1992-05-26,115671087.31
1992-05-27,115897389.63
1992-05-28,117188751.91
1992-05-29,116814020.5
1992-06-01,117372956.77
1992-06-02,116324536.24
1992-06-03,116643069.1
1992-06-04,116285124.34
1992-06-05,116360459.43
1992-06-08,116340744.95
1992-06-09,115432136.45
1992-06-10,114660507.5
1992-06-11,115177499.19
1992-06-12,115389811.94
1992-06-15,115551801.29
1992-06-16,115014989.77
1992-06-17,113334961.84
1992-06-18,112985445.42
1992-06-19,113755779.23
1992-06-22,113693071.47
1992-06-23,113886813.79
1992-06-24,113843834
1992-06-25,113654323.16
1992-06-26,113760705.58
1992-06-29,115321132.35
1992-06-30,115109075.13
1992-07-01,116458126.66
1992-07-02,116158702.24
1992-07-06,116755364.79
1992-07-07,115449984.54
1992-07-08,115778948.35
1992-07-09,116905345.46
1992-07-10,117028593.5
1992-07-13,117112395.82
1992-07-14,117917533.12
1992-07-15,117767462.06
1992-07-16,117904793.55
1992-07-17,117377150.82
1992-07-20,116863609.52
1992-07-21,116879789.2
1992-07-22,116095763.84
1992-07-23,116433148
1992-07-24,116311273.17
1992-07-27,116307731.74
1992-07-28,118005960.7
1992-07-29,119346354.9
1992-07-30,119835847.8
1992-07-31,119930883.85
1992-08-03,120192154.13
1992-08-04,119999813.64
1992-08-05,119401780.54
1992-08-06,118964339.66
1992-08-07,118495918.68
1992-08-10,118661401.97
1992-08-11,118528241.05
1992-08-12,118226052.32
1992-08-13,118225316.72
1992-08-14,118852819.44
1992-08-17,119099986.91
1992-08-18,119282360.73
1992-08-19,118408291.77
1992-08-20,118441359.23
1992-08-21,117494061.49
1992-08-24,116343945.83
1992-08-25,116608022.73
1992-08-26,117156630.88
1992-08-27,117175616.1
1992-08-28,117557999.71
1992-08-31,117343174.01
1992-09-01,117931193.48
1992-09-02,118482582.21
1992-09-03,118495926.02
1992-09-04,118255739.82
1992-09-08,117525428.35
1992-09-09,118079614.58
1992-09-10,119104219.94
1992-09-11,119013328.35
1992-09-14,120629435.48
1992-09-15,119093525.96
1992-09-16,119149122.75
1992-09-17,119165271.41
1992-09-18,120022378.8
1992-09-21,119810727.45
1992-09-22,118404335.15
1992-09-23,118502013.41
1992-09-24,118806853.71
1992-09-25,117650227.88
1992-09-28,118306950.9
1992-09-29,118370575.22
1992-09-30,118666894.5
1992-10-01,118250950.68
1992-10-02,116611962.23
1992-10-05,115801600.46
1992-10-06,115703493.51
1992-10-07,114884638.21
1992-10-08,115890370.27
1992-10-09,114458607.74
1992-10-12,115827534.97
1992-10-13,116367877.16
1992-10-14,116400302.25
1992-10-15,116478127.81
1992-10-16,117095070.34
1992-10-19,118029796.89
1992-10-20,118184215.97
1992-10-21,118250673.76
1992-10-22,118044734.98
1992-10-23,117830296.19
1992-10-26,118994806.51
1992-10-27,119100974.22
1992-10-28,119578835.03
1992-10-29,119798486.25
1992-10-30,119192498.91
1992-11-02,120359795.41
1992-11-03,119569395.47
1992-11-04,118784670.01
1992-11-05,119146186.39
1992-11-06,118943097.68
1992-11-09,119242190.19
1992-11-10,119263238.16
1992-11-11,120291458.08
1992-11-12,120494065.78
1992-11-13,120381762.21
1992-11-16,119897810.46
1992-11-17,119510323.1
1992-11-18,120538502.65
1992-11-19,120766632.44
1992-11-20,121641589.92
1992-11-23,121220059.46
1992-11-24,121933295.05
1992-11-25,122399712.96
1992-11-27,122687400.51
1992-11-30,123037494.44
1992-12-01,122888300.99
1992-12-02,122648338.89
1992-12-03,122666519.17
1992-12-04,123288928.37
1992-12-07,124223370.28
1992-12-08,124712432.82
1992-12-09,124344811.74
1992-12-10,124070810.91
1992-12-11,123825173.64
1992-12-14,123585210.33
1992-12-15,123521127.12
1992-12-16,123235783.29
1992-12-17,124357383.36
1992-12-18,126033106.38
1992-12-21,125881038.55
1992-12-22,125783230.1
1992-12-23,125431240.28
1992-12-24,125656167.76
1992-12-28,125492680.86
1992-12-29,125172121.37
1992-12-30,125425607
1992-12-31,124550992.94
1993-01-04,124470343.05
1993-01-05,124186920.02
1993-01-06,124251917.21
1993-01-07,123183151.63
1993-01-08,122716967.84
1993-01-11,123273181.46
1993-01-12,123312482.54
1993-01-13,123894375.47
1993-01-14,124738991.23
1993-01-15,125098119.25
1993-01-18,125023179.45
1993-01-19,124548448.22
1993-01-20,124059440.68
1993-01-21,124678426.33
1993-01-22,124869061.41
1993-01-25,125996334.64
1993-01-26,125992780.61
1993-01-27,125480931.26
1993-01-28,125651572.49
1993-01-29,125699418
1993-02-01,126593521.92086829
1993-02-02,126861658.64077906
1993-02-03,128202690.23741081
1993-02-04,128739122.76161082
1993-02-05,128649737.22645813
1993-02-08,128649737.22645813
1993-02-09,127755673.07668446
1993-02-10,127934543.57472637
1993-02-11,128560292.03466348
1993-02-12,127576911.94915271
1993-02-16,124358465.94555748
1993-02-17,124268990.92544189
1993-02-18,124179605.39028919
1993-02-19,124626622.55101553
1993-02-22,125073649.65451553
1993-02-23,124984244.23381552
1993-02-24,126593521.92086825
1993-02-25,126861658.64077902
1993-02-26,127040519.1960473
1993-03-01,126682867.68492633
1993-03-02,128560292.03466347
1993-03-03,129096704.67331617
1993-03-04,128381530.90713173
1993-03-05,128023909.22433172
1993-03-08,130884773.31622157
1993-03-09,130437805.86936349
1993-03-10,130706042.0170108
1993-03-11,130348350.73479521
1993-03-12,129007309.1953898
1993-03-15,129633127.25474252
1993-03-16,129633127.25474252
1993-03-17,128828558.01063175
1993-03-18,129633127.25474253
1993-03-19,129436986.15886298
1993-03-22,128718421.90686241
1993-03-23,128987841.2445746
1993-03-24,128987841.2445746
1993-03-25,129796308.0559579
1993-03-26,129077684.14731541
1993-03-29,129616612.30770265
1993-03-30,129975983.91866583
1993-03-31,129886121.13037772
1993-04-01,129436986.158863
1993-04-02,126742216.10086922
1993-04-05,127371016.99231823
1993-04-06,127011695.09522332
1993-04-07,127460830.06673804
1993-04-08,127281203.91789837
1993-04-12,129077684.14731538
1993-04-13,129347113.4278012
1993-04-14,129167457.45064057
1993-04-15,129167457.45064057
1993-04-16,129167457.45064057
1993-04-19,128628549.17580062
1993-04-20,127999817.8837672
1993-04-21,127909955.0954791
1993-04-22,126293071.1865808
1993-04-23,125754242.4539301
1993-04-26,124766060.00874427
1993-04-27,126113504.69438308
1993-04-28,125844015.75725532
1993-04-29,126382924.03209525
1993-04-30,126562619.78035048
1993-05-03,127371016.99231818
1993-05-04,127820122.13551196
1993-05-05,128179434.0898332
1993-05-06,127730289.17554481
1993-05-07,127460830.06673801
1993-05-10,127730289.1755448
1993-05-11,128269257.10702668
1993-05-12,128089601.12986606
1993-05-13,126562619.78035048
1993-05-14,126472816.6487043
1993-05-17,126921901.90635076
1993-05-18,126831979.46142073
1993-05-19,129436986.15886295
1993-05-20,129796308.05595785
1993-05-21,128628549.17580062
1993-05-24,129167457.45064056
1993-05-25,129436986.15886293
1993-05-26,131053850.18221392
1993-05-27,130604745.03902015
1993-05-28,129975983.91866577
1993-06-01,131233456.44550629
1993-06-02,131053850.18221393
1993-06-03,130604745.03902017
1993-06-04,130155570.29641081
1993-06-07,129706425.38212243
1993-06-08,128538716.21583347
1993-06-09,128987841.24457455
1993-06-10,129077684.14731532
1993-06-11,129616612.30770256
1993-06-14,129436986.1588629
1993-06-15,129167457.45064051
1993-06-16,129436986.15886289
1993-06-17,129886121.13037762
1993-06-18,128816576.96837816
1993-06-21,129087825.77644274
1993-06-22,129178334.84501839
1993-06-23,128002323.46272804
1993-06-24,129721031.31662063
1993-06-25,129630671.38964981
1993-06-28,131078120.49270417
1993-06-29,130444805.58201608
1993-06-30,130444805.58201608
1993-07-01,130082968.16318662
1993-07-02,129359183.95501752
1993-07-06,128002323.46272802
1993-07-07,128364210.59542577
1993-07-08,129811580.15629089
1993-07-09,130173377.80402572
1993-07-12,130082968.16318664
1993-07-13,129992399.43796907
1993-07-14,130444805.5820161
1993-07-15,129902009.6826773
1993-07-16,129540192.14939515
1993-07-19,129449693.02359317
1993-07-20,129811580.1562909
1993-07-21,129721031.31662065
1993-07-22,128816576.96837819
1993-07-23,129449693.0235932
1993-07-26,130173377.80402575
1993-07-27,130082968.16318667
1993-07-28,129811580.15629093
1993-07-29,130535245.05117618
1993-07-30,129811580.15629092
1993-08-02,130173377.80402575
1993-08-03,130263807.33041215
1993-08-04,130263807.33041215
1993-08-05,129992399.4379691
1993-08-06,130173377.80402575
1993-08-09,130897092.41277927
1993-08-10,130806633.05807191
1993-08-11,130806633.05807191
1993-08-12,130444805.58201611
1993-08-13,130625694.46310988
1993-08-16,131349389.1863161
1993-08-17,131801705.84540024
1993-08-18,132525350.85473819
1993-08-19,132525350.85473819
1993-08-20,132615859.92331383
1993-08-23,132344541.51583366
1993-08-24,133791901.13392514
1993-08-25,133882290.88921691
1993-08-26,133972750.24392429
1993-08-27,133882290.88921693
1993-08-30,134425126.55965033
1993-08-31,134786914.2646115
1993-09-01,134606075.09738603
1993-09-02,134153668.95333901
1993-09-03,134244197.90746194
1993-09-07,133339574.53206734
1993-09-08,132887327.4723988
1993-09-09,133158665.7654263
1993-09-10,134334577.7199801
1993-09-13,134425126.55965036
1993-09-14,133882290.88921694
1993-09-15,134244197.90746197
1993-09-16,133701342.35148124
1993-09-17,133442094.47121747
1993-09-20,132349841.01419145
1993-09-21,131894760.26403141
1993-09-22,132986973.9499628
1993-09-23,133715182.6924081
1993-09-24,133351068.37841178
1993-09-27,134807485.86330238
1993-09-28,134534397.64211172
1993-09-29,134079267.1780834
1993-09-30,133806228.67076103
1993-10-01,134443341.72098508
1993-10-04,134625423.73491734
1993-10-05,134443341.72098505
1993-10-06,134352405.11314228
1993-10-07,133988350.4557879
1993-10-08,134170303.21366267
1993-10-11,134443341.72098505
1993-10-12,134625423.7349173
1993-10-13,134625423.7349173
1993-10-14,136354839.95603564
1993-10-15,137083068.58402824
1993-10-18,136719023.86944753
1993-10-19,135717707.0202643
1993-10-20,135899838.74806488
1993-10-21,135717707.02026433
1993-10-22,135080584.02726662
1993-10-25,135444738.11235753
1993-10-26,135353662.30568358
1993-10-27,135444738.1123575
1993-10-28,136445895.87716228
1993-10-29,136445895.87716228
1993-11-01,136810020.13393223
1993-11-02,136719023.86944753
1993-11-03,134989538.0489136
1993-11-04,133533239.87730686
1993-11-05,134170303.21366264
1993-11-08,134352405.11314225
1993-11-09,134443341.72098503
1993-11-10,135444738.1123575
1993-11-11,135080584.02726656
1993-11-12,135717707.02026427
1993-11-15,135626690.87023225
1993-11-16,136263813.86322996
1993-11-17,135535754.26238948
1993-11-18,135171689.66226146
1993-11-19,134898502.01333427
1993-11-22,134079267.17808332
1993-11-23,134807485.8633023
1993-11-24,135353662.30568358
1993-11-26,135444738.1123575
1993-11-29,134898502.0133343
1993-11-30,134989538.04891363
1993-12-01,135171689.66226152
1993-12-02,135535754.26238954
1993-12-03,136081851.1625816
1993-12-06,136536961.7410626
1993-12-07,136445895.87716234
1993-12-08,136445895.87716234
1993-12-09,135990844.95532328
1993-12-10,135717707.02026436
1993-12-13,136536961.74106264
1993-12-14,135535754.2623896
1993-12-15,135353662.30568364
1993-12-16,135808842.48358023
1993-12-17,136555137.1313028
1993-12-20,136738521.6485838
1993-12-21,136280229.3825334
1993-12-22,137196625.00193477
1993-12-23,137105042.11380446
1993-12-27,137838132.75811407
1993-12-28,138113239.36235654
1993-12-29,137929874.73062286
1993-12-30,137379929.97702658
1993-12-31,136646739.90498045
1994-01-03,136280229.38253346
1994-01-04,136830144.3078088
1994-01-05,137105042.11380452
1994-01-06,137105042.11380452
1994-01-07,137929874.7306229
1994-01-10,139579500.19316497
1994-01-11,139304562.61607462
1994-01-12,138846349.89221346
1994-01-13,138479700.1709353
1994-01-14,139029634.98175794
1994-01-17,139029634.98175794
1994-01-18,139212969.78517067
1994-01-19,138846349.89221346
1994-01-20,139212969.78517067
1994-01-21,138937952.66589108
1994-01-24,138388137.1683523
1994-01-25,138388137.1683523
1994-01-26,138754707.34744126
1994-01-27,140037822.28753635
1994-01-28,140404362.63830432
1994-01-31,141412500.23021448
1994-02-01,140679349.92926297
1994-02-02,141595795.2625326
1994-02-03,140954267.620806
1994-02-04,137746539.92721018
1994-02-07,138388137.16835234
1994-02-08,138479700.17093533
1994-02-09,139029634.98175797
1994-02-10,137838132.75811413
1994-02-11,138296464.79525915
1994-02-14,138479700.17093533
1994-02-15,139212969.7851707
1994-02-16,139121297.41207752
1994-02-17,138296464.79525915
1994-02-18,137471642.12121445
1994-02-22,138846349.89221352
1994-02-23,138479700.17093536
1994-02-24,136646739.9049805
1994-02-25,137288287.4322544
1994-02-28,137288287.4322544
1994-03-01,136738521.6485839
1994-03-02,136921747.08148643
1994-03-03,136555137.1313029
1994-03-04,136921747.08148643
1994-03-07,137654947.09630623
1994-03-08,137105042.11380455
1994-03-09,137746539.92721018
1994-03-10,136646739.9049805
1994-03-11,137379929.97702664
1994-03-14,137563284.6659867
1994-03-15,137471642.12121445
1994-03-16,138571372.54402855
1994-03-17,138571372.54402855
1994-03-18,138541186.2832139
1994-03-21,138172448.57946834
1994-03-22,138541186.2832139
1994-03-23,138448907.4009278
1994-03-24,136789826.3606404
1994-03-25,135499333.88249376
1994-03-28,135683762.39100847
1994-03-29,133010627.80848658
1994-03-30,131167108.3169108
1994-03-31,131535786.36401446
1994-04-04,129507987.50552878
1994-04-05,132181092.25972968
1994-04-06,132181092.25972968
1994-04-07,132826229.1282928
1994-04-08,131812324.72766314
1994-04-11,132365391.51218688
1994-04-12,132181092.25972968
1994-04-13,131489622.06593724
1994-04-14,131535786.36401445
1994-04-15,131535786.36401445
1994-04-18,130660136.23104864
1994-04-19,130844475.25460047
1994-04-20,130706121.55920005
1994-04-21,132457531.19564185
1994-04-22,132319266.98520431
1994-04-25,133701899.14680588
1994-04-26,133563674.70746298
1994-04-28,132595795.40607935
1994-04-29,133010627.80848655
1994-05-02,133840173.30001709
1994-05-03,133701899.14680591
1994-05-04,133471485.31013978
1994-05-05,133287076.68717237
1994-05-06,131996683.63676228
1994-05-09,130844475.25460047
1994-05-10,131858439.31187207
1994-05-11,130660136.23104864
1994-05-12,131305312.87070638
1994-05-13,131305312.87070638
1994-05-16,131351347.91272606
1994-05-17,133287076.68717235
1994-05-18,134254946.04578233
1994-05-19,134900152.51376104
1994-05-20,134393170.48512524
1994-05-23,134162806.36232738
1994-05-24,134715883.0896248
1994-05-25,135084561.13672844
1994-05-26,135176680.9346361
1994-05-27,135314984.9161682
1994-05-31,135130626.00706908
1994-06-01,135729817.31857538
1994-06-02,135591533.22259054
1994-06-03,136375033.7293277
1994-06-06,136328968.85898706
1994-06-07,136144500.57937774
1994-06-08,135038545.98025602
1994-06-09,135775862.30336872
1994-06-10,136006296.02558213
1994-06-13,136190664.87745494
1994-06-14,137250683.8622935
1994-06-15,136697617.07776976
1994-06-16,136974185.26973942
1994-06-17,136209655.57513475
1994-06-20,135049821.08558005
1994-06-21,133890036.30989362
1994-06-22,134400299.45383534
1994-06-23,133611638.64757153
1994-06-24,130828039.84974971
1994-06-27,133101226.36202498
1994-06-28,132451774.32969587
1994-06-29,132869390.70872627
1994-06-30,132034237.49285468
1994-07-01,132312704.75459234
1994-07-05,133008559.71156636
1994-07-06,132822967.89853407
1994-07-07,133379733.39485726
1994-07-08,133333240.98524947
1994-07-11,132869390.7087263
1994-07-12,133054863.20847473
1994-07-13,133286877.83169922
1994-07-14,134725020.4986131
1994-07-15,134771463.1943526
1994-07-18,135003438.04648244
1994-07-19,134725020.49861306
1994-07-20,134121971.39092883
1994-07-21,134400299.45383534
1994-07-22,134632304.13428617
1994-07-25,134817836.2906765
1994-07-26,134678647.40228912
1994-07-27,134678647.40228912
1994-07-28,134956995.35074294
1994-07-29,136302332.168367
1994-08-01,136951843.85733804
1994-08-02,137137465.4986913
1994-08-03,137183898.25165716
1994-08-04,136395187.7315251
1994-08-05,135931247.97003904
1994-08-08,136256038.61423236
1994-08-09,136487983.6380413
1994-08-10,136998276.61030397
1994-08-11,136487983.63804126
1994-08-12,137555061.99217442
1994-08-15,137508599.4108876
1994-08-16,138482802.3163154
1994-08-17,138390095.89476216
1994-08-18,137926166.07604975
1994-08-19,137833390.05508092
1994-08-22,137694211.10946718
1994-08-23,138482802.3163154
1994-08-24,139967377.73619515
1994-08-25,139596273.65231982
1994-08-26,141591211.64387783
1994-08-29,141498485.33677727
1994-08-30,141869589.42065257
1994-08-31,141498485.33677724
1994-09-01,141034545.57529116
1994-09-02,140431387.09709674
1994-09-06,140477780.078968
1994-09-07,140338581.24780694
1994-09-08,141034545.57529113
1994-09-09,139549850.84212753
1994-09-12,139132413.4330229
1994-09-13,139549850.8421275
1994-09-14,139689139.1582514
1994-09-15,141452072.4693586
1994-09-16,140445316.92298642
1994-09-19,140585321.11881346
1994-09-20,137924923.22934282
1994-09-21,137924923.22934282
1994-09-22,137598183.80151325
1994-09-23,137131340.7501201
1994-09-26,137831510.8708601
1994-09-27,137738148.22624567
1994-09-28,138811699.32602784
1994-09-29,138111578.9191561
1994-09-30,137924923.22934282
1994-10-03,137598183.80151325
1994-10-04,135544424.36101606
1994-10-05,135591155.39719155
1994-10-06,135171023.49642658
1994-10-07,135777791.20145753
1994-10-10,137224782.93692377
1994-10-11,139278522.49187368
1994-10-12,139465217.95278162
1994-10-13,139931842.26315436
1994-10-14,140538749.16701645
1994-10-17,140258651.2903995
1994-10-18,139931842.26315436
1994-10-19,140585321.11881348
1994-10-20,139651943.24201047
1994-10-21,139091677.88936096
1994-10-24,137924923.22934282
1994-10-25,138064927.42516986
1994-10-26,138578342.42836002
1994-10-27,139418447.14551148
1994-10-28,142359082.11043024
1994-10-31,141845657.1644664
1994-11-01,140258651.29039946
1994-11-02,139465217.95278156
1994-11-03,140211979.91086587
1994-11-04,138391637.0246784
1994-11-07,138811699.32602778
1994-11-08,139885260.3685836
1994-11-09,140118676.92289335
1994-11-10,139138438.75385734
1994-11-11,138624993.9223462
1994-11-14,139931842.26315427
1994-11-15,139465217.95278153
1994-11-16,139931842.26315427
1994-11-17,138998474.3291249
1994-11-18,138811699.32602775
1994-11-21,137411458.51228428
1994-11-22,134424261.53834215
1994-11-23,135171023.49642646
1994-11-25,135824532.18040654
1994-11-28,136431270.05711654
1994-11-29,136384509.1926201
1994-11-30,136197923.10222238
1994-12-01,134844333.7824652
1994-12-02,136104540.57206064
1994-12-05,136244614.36730328
1994-12-06,136337947.18359676
1994-12-07,135357768.6712027
1994-12-08,134050840.78820539
1994-12-09,134564255.79139555
1994-12-12,135451131.3158171
1994-12-13,135964526.43345994
1994-12-14,136664636.897558
1994-12-15,137084748.91277564
1994-12-16,137754275.4051129
1994-12-19,137942511.99593723
1994-12-20,137519059.2087717
1994-12-21,138977554.73335603
1994-12-22,138554171.54560608
1994-12-23,138695199.8471195
1994-12-27,139448096.49654856
1994-12-28,138742308.70869386
1994-12-29,138836377.29023775
1994-12-30,137189794.31643388
1995-01-03,137848383.75775135
1995-01-04,138507112.3979
1995-01-05,138507112.3979
1995-01-06,138648200.35605535
1995-01-09,138789407.62749457
1995-01-10,138930505.52842358
1995-01-11,139024613.8810621
1995-01-12,139071593.48657894
1995-01-13,140718256.00257203
1995-01-16,141565161.57690307
1995-01-17,141612180.95351455
1995-01-18,141471102.93813285
1995-01-19,140671147.1409977
1995-01-20,140153725.20002484
1995-01-23,140577158.10164303
1995-01-24,140765285.32195714
1995-01-25,141141738.6180585
1995-01-26,141282826.57621387
1995-01-27,141847436.92095035
1995-01-30,141235817.1423761
1995-01-31,141800427.48711258
1995-02-01,141753249.02612263
1995-02-02,142600214.2570956
1995-02-03,144623220.69867986
1995-02-06,145234820.59170684
1995-02-07,145422937.86924732
1995-02-08,145422937.86924732
1995-02-09,145422937.86924732
1995-02-10,145611214.23116627
1995-02-13,145658213.7222304
1995-02-14,145846360.82809183
1995-02-15,146646187.36916947
1995-02-16,146458040.26330802
1995-02-17,145893529.3463081
1995-02-21,145846360.82809183
1995-02-22,146928502.48431134
1995-02-23,147163718.68065253
1995-02-24,147540152.09120658
1995-02-27,146363971.68176413
1995-02-28,147587171.46781805
1995-03-01,146646187.36916947
1995-03-02,146834563.15882498
1995-03-03,146881403.5655107
1995-03-06,146975641.1742067
1995-03-07,145846360.82809186
1995-03-08,146222883.72360882
1995-03-09,146175794.74758178
1995-03-10,148339948.80396333
1995-03-13,148198850.90303433
1995-03-14,149280913.0170646
1995-03-15,148998578.0163754
1995-03-16,149892522.85286522
1995-03-17,150041614.74381232
1995-03-20,150041614.74381232
1995-03-21,149663202.72130105
1995-03-22,149805086.10134876
1995-03-23,149899621.99325442
1995-03-24,152028250.51936895
1995-03-27,152643250.8409857
1995-03-28,152643250.8409857
1995-03-29,152595873.52452266
1995-03-30,152312057.05055898
1995-03-31,151697195.9277734
1995-04-03,152075617.89305833
1995-04-04,153068980.52331808
1995-04-05,153068980.52331808
1995-04-06,153636504.10073528
1995-04-07,153494610.7779139
1995-04-10,153778397.42355663
1995-04-11,153258231.27705517
1995-04-12,153778397.42355666
1995-04-13,154629916.44486332
1995-04-17,153731059.87818825
1995-04-18,153210784.36117658
1995-04-19,153068980.5233181
1995-04-20,153305409.73804513
1995-04-21,154062293.43970957
1995-04-24,155859658.5759818
1995-04-25,155434048.2069333
1995-04-26,155575861.98756543
1995-04-27,155954373.43781322
1995-04-28,156190812.59531388
1995-05-01,155765172.3979444
1995-05-02,156096197.161219
1995-05-03,158272033.97664446
1995-05-04,158177577.62692803
1995-05-05,157988267.216549
1995-05-08,159123622.59736666
1995-05-09,158981679.56067702
1995-05-10,159170781.1728093
1995-05-11,159596500.91236803
1995-05-12,159691176.00310484
1995-05-15,160447940.39148545
1995-05-16,160542575.71112764
1995-05-17,159927664.87447378
1995-05-18,157609865.1368114
1995-05-19,157704540.2275482
1995-05-22,159454577.76122567
1995-05-23,160921057.33305448
1995-05-24,160826392.18509132
1995-05-25,160968285.50791267
1995-05-26,159123622.59736663
1995-05-30,159076275.10922456
1995-05-31,162387457.362694
1995-06-01,161961658.08094606
1995-06-02,162103591.17486203
1995-06-05,163096993.57621637
1995-06-06,162813117.44561076
1995-06-07,161961658.08094603
1995-06-08,161583395.20003957
1995-06-09,160637181.2024488
1995-06-12,161536067.59744483
1995-06-13,163286095.18834868
1995-06-14,163144112.38056442
1995-06-15,163853728.13627607
1995-06-16,164340178.33731562
1995-06-19,166195788.24165508
1995-06-20,165767612.63700375
1995-06-21,165672529.8925471
1995-06-22,167861123.28657106
1995-06-23,167528080.14024463
1995-06-26,165529692.00622857
1995-06-27,165196559.37493926
1995-06-28,166053079.61139405
1995-06-29,165767612.63700375
1995-06-30,165672529.8925471
1995-07-03,166290930.64275366
1995-07-05,166909560.07675424
1995-07-06,169050557.4132948
1995-07-07,169811835.82091448
1995-07-10,169906968.2792394
1995-07-11,169098223.07019377
1995-07-12,171191654.1775719
1995-07-13,170811044.80208302
1995-07-14,170668206.91576448
1995-07-17,171619949.0955071
1995-07-18,170144958.50943014
1995-07-19,168289259.1201278
1995-07-20,168907938.26799667
1995-07-21,168717494.38142106
1995-07-24,169954653.82168573
1995-07-25,171239260.17782897
1995-07-26,171096481.94815236
1995-07-27,172523886.4195195
1995-07-28,171429525.0944788
1995-07-31,171001389.26092207
1995-08-01,170715952.11485273
1995-08-02,170335263.1971746
1995-08-03,170287617.4258229
1995-08-04,170477941.99911466
1995-08-07,170858750.23007664
1995-08-08,170858750.23007664
1995-08-09,170811044.80208302
1995-08-10,170430375.7699522
1995-08-11,169478832.44568267
1995-08-14,171001389.26092204
1995-08-15,170668206.91576445
1995-08-16,171144087.94840938
1995-08-17,170858750.23007655
1995-08-18,171048955.49008444
1995-08-21,170573173.88517603
1995-08-22,170906217.03150246
1995-08-23,170287617.42582282
1995-08-24,170477941.99911457
1995-08-25,171429525.0944787
1995-08-28,170811044.80208293
1995-08-29,171239260.1778289
1995-08-30,171619949.09550703
1995-08-31,171762548.35525787
1995-09-01,172523886.41951948
1995-09-05,174141635.3497257
1995-09-06,174474698.38159943
1995-09-07,174569930.26766086
1995-09-08,175235976.7892191
1995-09-11,175711758.39412752
1995-09-12,176520622.91645697
1995-09-13,177329547.09542835
1995-09-14,178947136.9412561
1995-09-15,178897781.01283586
1995-09-18,178228135.20721474
1995-09-19,179089139.63458768
1995-09-20,179950084.40531868
1995-09-21,178467338.45579132
1995-09-22,178515163.1970688
1995-09-25,178228135.20721477
1995-09-26,178180330.3514846
1995-09-27,178036796.47101027
1995-09-28,179376167.6244417
1995-09-29,179041255.23666826
1995-10-02,178132426.06801787
1995-10-03,178323824.46086428
1995-10-04,178132426.06801787
1995-10-05,178658657.30644852
1995-10-06,178802111.6447336
1995-10-09,177319345.80965897
1995-10-10,177223616.7849148
1995-10-11,177797672.7646229
1995-10-12,178897781.01283586
1995-10-13,179471836.99254397
1995-10-16,178610792.7940764
1995-10-17,179806630.06703356
1995-10-18,180332761.87772766
1995-10-19,181193825.96174252
1995-10-20,180093618.28579304
1995-10-23,179710960.69893137
1995-10-24,179902339.20623046
1995-10-25,178419473.94341928
1995-10-26,176793054.91458645
1995-10-27,178132426.0680179
1995-10-30,179280438.59969756
1995-10-31,178515163.1970688
1995-11-01,179950084.40531868
1995-11-02,181098116.82254565
1995-11-03,181337280.3000276
1995-11-06,180715538.77787322
1995-11-07,180045813.43006286
1995-11-08,181672133.03115913
1995-11-09,182341818.60787487
1995-11-10,182246129.3542253
1995-11-13,182054830.38911542
1995-11-14,180859013.0017056
1995-11-15,182676671.3390064
1995-11-16,183681169.87575904
1995-11-17,184255186.0843725
1995-11-20,183298452.63225538
1995-11-21,184781278.12397194
1995-11-22,184207321.57200038
1995-11-24,184685688.29805893
1995-11-27,184733413.61159983
1995-11-28,186694665.4860169
1995-11-29,186885984.3366741
1995-11-30,186455601.4362715
1995-12-01,186694665.48601693
1995-12-04,188990710.43492356
1995-12-05,190234412.22025278
1995-12-06,190664914.43393925
1995-12-07,189660415.8971866
1995-12-08,190282296.61817217
1995-12-11,191095516.07536224
1995-12-12,190521420.3245595
1995-12-13,191717197.9408747
1995-12-14,190330121.3594496
1995-12-15,190399720.7750301
1995-12-18,186741953.317517
1995-12-19,188715255.83360314
1995-12-20,186886262.73433638
1995-12-21,187848862.42290953
1995-12-22,188522704.07901278
1995-12-26,189437180.74309886
1995-12-27,189340914.80857736
1995-12-28,189148283.5117978
1995-12-29,189389097.48970637
1996-01-02,191410542.9158269
1996-01-03,191939916.0707323
1996-01-04,190110922.97146556
1996-01-05,189725918.89002144
1996-01-08,190447843.79951718
1996-01-09,187175040.65235358
1996-01-10,184720468.12030184
1996-01-11,185827337.45459977
1996-01-12,185538718.620961
1996-01-15,185153654.88287497
1996-01-16,187415655.7747891
1996-01-17,186838119.82430196
1996-01-18,187463957.76920196
1996-01-19,188715255.8336031
1996-01-22,188763259.54480636
1996-01-23,189196525.84956872
1996-01-24,190736542.17534515
1996-01-25,190062799.94697845
1996-01-26,191699261.1772022
1996-01-29,192469408.5389216
1996-01-30,194105790.2269561
1996-01-31,196127156.11088738
1996-02-01,196848941.82155195
1996-02-02,196030870.29081854
1996-02-05,197619109.0688186
1996-02-06,199496145.6503832
1996-02-07,200651237.43690476
1996-02-08,202817151.36422315
1996-02-09,202768948.79754683
1996-02-12,204309124.20770174
1996-02-13,203875997.10177055
1996-02-14,202095226.45472744
1996-02-15,200843769.3059478
1996-02-16,200025697.77521443
1996-02-20,198052335.6024864
1996-02-21,200506947.90563276
1996-02-22,203683485.11827487
1996-02-23,203105889.51114583
1996-02-26,200218150.10206828
1996-02-27,199592511.01264137
1996-02-28,198677915.03527147
1996-02-29,196752735.54367244
1996-03-01,199881288.9306586
1996-03-04,201036360.83163285
1996-03-05,202913337.75655556
1996-03-06,201132567.10951248
1996-03-07,202143250.05147812
1996-03-08,195597683.5282455
1996-03-11,197859763.96234882
1996-03-12,196319668.09438315
1996-03-13,197667232.09330583
1996-03-14,198533526.07626286
1996-03-15,198400074.16827404
1996-03-18,202219352.04102856
1996-03-19,201784136.95262995
1996-03-20,201542467.8961871
1996-03-21,201058930.92782828
1996-03-22,201590809.66169462
1996-03-25,201204055.65208733
1996-03-26,202170910.84778458
1996-03-27,200333943.64404702
1996-03-28,201107411.89216694
1996-03-29,200140536.8109224
1996-04-01,202461001.21192414
1996-04-02,202847755.2215314
1996-04-03,202847755.2215314
1996-04-04,202702650.38281968
1996-04-08,199222083.03737456
1996-04-09,198448495.47597077
1996-04-10,194919506.82282895
1996-04-11,194677817.88083878
1996-04-12,197143128.6084372
1996-04-15,198786848.06342864
1996-04-16,199367008.90616053
1996-04-17,198883551.47999096
1996-04-18,199173562.30194134
1996-04-19,199657139.04139477
1996-04-22,201204055.65208736
1996-04-23,201832498.6036848
1996-04-24,201107411.89216697
1996-04-25,202025965.09345132
1996-04-26,202461001.2119242
1996-04-29,202461001.2119242
1996-04-30,202315956.0298544
1996-05-01,202750972.26277992
1996-05-02,199270325.37514558
1996-05-03,198980254.8965533
1996-05-06,198786848.0634287
1996-05-07,197965057.93534857
1996-05-08,200430607.28951472
1996-05-09,200285581.99299225
1996-05-10,202267673.92098883
1996-05-13,205313304.5756976
1996-05-14,206570250.13553444
1996-05-15,206328402.1091658
1996-05-16,206763458.11318597
1996-05-17,207875577.23197338
1996-05-20,209277468.54614344
1996-05-21,208987398.06755117
1996-05-22,210969370.6822639
1996-05-23,210099298.44531822
1996-05-24,210921028.91675642
1996-05-28,208793931.57778466
1996-05-29,207392020.37806728
1996-05-30,208455519.33368492
1996-05-31,206908503.2952558
1996-06-03,207488763.56572422
1996-06-04,208939076.18759102
1996-06-05,210775963.84913933
1996-06-06,209229087.0095414
1996-06-07,209229087.0095414
1996-06-10,208552222.7502472
1996-06-11,208358756.26048067
1996-06-12,207972101.67860994
1996-06-13,207972101.67860994
1996-06-14,207101890.24283308
1996-06-17,206956964.37404713
1996-06-18,205264903.15354824
1996-06-19,206183416.58373797
1996-06-20,206038351.51612085
1996-06-21,207810432.17899007
1996-06-24,208199254.28551745
1996-06-25,207956372.21068877
1996-06-26,206547063.58737254
1996-06-27,208004912.83166933
1996-06-28,208733837.45381775
1996-07-01,210532087.49694523
1996-07-02,209754463.16943777
1996-07-03,209317179.98411903
1996-07-05,203971248.87337953
1996-07-08,203145103.81043878
1996-07-09,203971248.87337953
1996-07-10,204797274.6230364
1996-07-11,200666429.99504888
1996-07-12,200812310.37010562
1996-07-15,194883076.50015947
1996-07-16,195369099.1619319
1996-07-17,197701892.60226506
1996-07-18,200423468.378031
1996-07-19,198965440.16380838
1996-07-22,197507531.26286966
1996-07-23,194980336.71204644
1996-07-24,195369099.1619319
1996-07-25,197118669.38524762
1996-07-26,198187815.8363009
1996-07-29,196000882.88547722
1996-07-30,197896253.94166046
1996-07-31,199354182.72814652
1996-08-01,202659041.37757176
1996-08-02,207032887.39367187
1996-08-05,205817920.22420374
1996-08-06,206449763.60439098
1996-08-07,206984287.11604938
1996-08-08,206644085.17269182
1996-08-09,205963701.171524
1996-08-12,207470270.00672716
1996-08-13,205817920.22420377
1996-08-14,206547063.58737257
1996-08-15,206158142.05310866
1996-08-16,207907712.2764244
1996-08-19,208004912.83166942
1996-08-20,207859012.57106537
1996-08-21,207130107.83446425
1996-08-22,209073979.74053347
1996-08-23,207956372.21068883
1996-08-26,206935786.26616344
1996-08-27,207713271.39483973
1996-08-28,207373129.1081241
1996-08-29,205332076.5323572
1996-08-30,203193584.77477753
1996-09-03,204505692.84284875
1996-09-04,204700014.41114956
1996-09-05,202221499.68013814
1996-09-06,205088955.8309608
1996-09-09,207518870.28434974
1996-09-10,207421649.84355742
1996-09-11,208588155.93423417
1996-09-12,210046184.14845678
1996-09-13,213253643.38716394
1996-09-16,214031128.51584026
1996-09-17,213545085.96852055
1996-09-18,213010562.45686218
1996-09-19,213836866.60418138
1996-09-20,214595380.92072517
1996-09-23,214546462.4743457
1996-09-24,214497703.1123447
1996-09-25,214644160.16827342
1996-09-26,214546462.47434568
1996-09-27,214741997.0610323
1996-09-30,214546462.47434568
1996-10-01,215718834.80147853
1996-10-02,217184300.21039462
1996-10-03,216989004.25027567
1996-10-04,219919994.7247497
1996-10-07,220164288.67343736
1996-10-08,219284890.11480388
1996-10-09,217575110.8716529
1996-10-10,217135520.96284637
1996-10-11,219822157.83199087
1996-10-14,220115370.22705793
1996-10-15,219822157.83199087
1996-10-16,220896971.66402712
1996-10-17,221483157.82759356
1996-10-18,222655390.95589525
1996-10-21,222362397.3018486
1996-10-22,220799234.1990048
1996-10-23,221531956.96068916
1996-10-24,219626702.78749347
1996-10-25,219822157.83199087
1996-10-28,218356712.30862212
1996-10-29,220115370.2270579
1996-10-30,219382548.037637
1996-10-31,221483157.82759354
1996-11-01,220701516.61952972
1996-11-04,222167001.9139931
1996-11-05,223437032.16395906
1996-11-06,227735810.23896873
1996-11-07,228273217.15498686
1996-11-08,229543068.43502703
1996-11-11,229298953.45626518
1996-11-12,228615188.91205487
1996-11-13,229640984.86997515
1996-11-14,231155388.61081797
1996-11-15,231448322.60822272
1996-11-18,231497161.51241294
1996-11-19,233158002.42363715
1996-11-20,233548892.62708464
1996-11-21,233207040.18330044
1996-11-22,235014338.15045336
1996-11-25,237994227.1857595
1996-11-26,237212546.20660108
1996-11-27,236773055.72553107
1996-11-29,237652295.1997861
1996-12-02,237749953.1226192
1996-12-03,233695468.99629718
1996-12-04,234330394.63631728
1996-12-05,233695468.99629718
1996-12-06,232327601.8535723
1996-12-09,235747180.22542158
1996-12-10,234623527.48919508
1996-12-11,232474178.22278488
1996-12-12,228615188.91205487
1996-12-13,229201295.53343204
1996-12-16,226270364.71559992
1996-12-17,228077861.53822595
1996-12-18,229885159.5053789
1996-12-19,234623527.4891951
1996-12-20,235138463.73675442
1996-12-23,234549394.16882825
1996-12-24,236267485.5707543
1996-12-26,238083771.80529076
1996-12-27,238378197.21874362
1996-12-30,236316423.90268102
1996-12-31,231996646.68971336
1997-01-02,232585756.02873418
1997-01-03,235923843.42771232
1997-01-06,233862169.53938624
1997-01-07,236709302.66085944
1997-01-08,234647410.03151298
1997-01-09,236611127.71379632
1997-01-10,239163795.65072197
1997-01-13,238820153.50768
1997-01-14,241814539.10697424
1997-01-15,241225509.31014267
1997-01-16,242207278.66632143
1997-01-17,243679962.52891055
1997-01-20,243974467.48455265
1997-01-21,245938065.8535521
1997-01-22,247705294.44287795
1997-01-23,244269012.21128935
1997-01-24,241127374.13417405
1997-01-27,240440089.8480901
1997-01-28,241127374.13417408
1997-01-29,243483612.6347842
1997-01-30,246625429.68182525
1997-01-31,246330884.9550885
1997-02-03,247067167.22974113
1997-02-04,248588868.96644625
1997-02-05,243925509.26707852
1997-02-06,245545306.40865755
1997-02-07,248883612.54865608
1997-02-10,246527195.07812014
1997-02-11,249374387.85623524
1997-02-12,252908845.03488696
1997-02-13,255657783.32374966
1997-02-14,255068753.52691808
1997-02-18,257228602.3623073
1997-02-19,255510451.30373937
1997-02-20,252417811.21519274
1997-02-21,252516145.24663433
1997-02-24,255510451.30373934
1997-02-25,255706980.16779143
1997-02-26,253203310.21943444
1997-02-27,249423525.043635
1997-02-28,248687163.22679314
1997-03-03,250356097.555772
1997-03-04,248981648.29688796
1997-03-05,253203310.21943444
1997-03-06,251730725.78458187
1997-03-07,253988848.9947708
1997-03-10,256639453.2521919
1997-03-11,255265003.99330786
1997-03-12,253007019.9819501
1997-03-13,249079803.35840383
1997-03-14,250356097.55577204
1997-03-17,251043302.29966676
1997-03-18,248343501.1982039
1997-03-19,247509024.0909408
1997-03-20,246232650.35138336
1997-03-21,247372728.54968682
1997-03-24,250822234.6702357
1997-03-25,248358415.3586854
1997-03-26,249442416.31357834
1997-03-27,242839141.93205583
1997-03-31,237714377.8784839
1997-04-01,239241985.62273967
1997-04-02,234954761.05071637
1997-04-03,236236126.0626483
1997-04-04,239192609.8087721
1997-04-07,240128960.57489774
1997-04-08,241853634.09298295
1997-04-09,239882479.21600616
1997-04-10,238995563.92048997
1997-04-11,231406781.69989464
1997-04-14,234511333.2312792
1997-04-15,238502819.9437272
1997-04-16,241262297.57266352
1997-04-17,240276809.619138
1997-04-18,241459542.31641868
1997-04-21,239882479.2160061
1997-04-22,245155271.28374413
1997-04-23,245401593.55825722
1997-04-24,244169604.36029285
1997-04-25,241360850.3451255
1997-04-28,243726315.73968688
1997-04-29,251413591.0761023
1997-04-30,252596124.91790986
1997-05-01,252300486.48607114
1997-05-02,256834013.44706023
1997-05-05,262944404.65298882
1997-05-06,262747299.10806477
1997-05-07,257031138.87753153
1997-05-08,258805108.66739506
1997-05-09,260579138.1139005
1997-05-12,264915499.87332362
1997-05-13,263831359.71959955
1997-05-14,264324242.89519346
1997-05-15,266097993.94403657
1997-05-16,262451581.13403675
1997-05-19,263240082.85592207
1997-05-20,266393871.00244302
1997-05-21,265802494.71102902
1997-05-22,264915499.8733236
1997-05-23,267379259.52823198
1997-05-27,268463439.4530507
1997-05-28,268414282.38010353
1997-05-29,266837318.70742747
1997-05-30,268562071.7677019
1997-06-02,267379259.52823198
1997-06-03,266492443.66045234
1997-06-04,266196825.11416093
1997-06-05,267182173.8688553
1997-06-06,272405669.664815
1997-06-09,273785388.5937359
1997-06-10,274623186.58739954
1997-06-11,275263759.7228553
1997-06-12,280585728.74908787
1997-06-13,282951074.83036536
1997-06-16,283049786.68720585
1997-06-17,282655575.5973578
1997-06-18,281669689.9328861
1997-06-19,284577195.57598853
1997-06-20,283607616.06031
1997-06-23,276731352.8853334
1997-06-24,283755823.04440194
1997-06-25,281777330.40046823
1997-06-26,280392023.6327536
1997-06-27,281480399.4080544
1997-06-30,279600479.42213005
1997-07-01,282865487.43474865
1997-07-02,287515782.32953453
1997-07-03,291473205.0994427
1997-07-07,288505147.9647852
1997-07-08,291522660.4555995
1997-07-09,288307187.34132695
1997-07-10,289593285.11351836
1997-07-11,290582809.8331475
1997-07-14,291473205.0994427
1997-07-15,292957343.03728163
1997-07-16,296816113.60699123
1997-07-17,295331816.58477384
1997-07-18,289049435.2801721
1997-07-21,289098711.6664031
1997-07-22,296766578.7086452
1997-07-23,296519202.50012475
1997-07-24,297904210.9846297
1997-07-25,297706349.78890795
1997-07-28,297508329.5088077
1997-07-29,298497774.68624765
1997-07-30,302059614.2635435
1997-07-31,301762842.35550815
1997-08-01,300575476.3257045
1997-08-04,301367080.19297004
1997-08-05,301564901.61759716
1997-08-06,304038484.73287606
1997-08-07,301762842.35550815
1997-08-08,295628588.4928091
1997-08-11,297805320.15786344
1997-08-12,293056154.3218586
1997-08-13,292165759.0555634
1997-08-14,293254075.1742223
1997-08-15,284250774.31691587
1997-08-18,290582809.83314747
1997-08-19,293946728.5580796
1997-08-20,298399023.0583126
1997-08-21,293155224.11855066
1997-08-22,293056154.32185864
1997-08-25,291967897.8598417
1997-08-26,287664009.1991737
1997-08-27,289395583.002175
1997-08-28,284992783.6291934
1997-08-29,286130594.8751037
1997-09-02,295430727.2970874
1997-09-03,293847797.9602187
1997-09-04,295727698.0605958
1997-09-05,294886698.4938154
1997-09-08,296172776.3804595
1997-09-09,296321221.991119
1997-09-10,290186968.12842
1997-09-11,288703009.16050684
1997-09-12,293352966.0009885
1997-09-15,292858392.5538733
1997-09-16,300179913.01863945
1997-09-17,300179913.01863945
1997-09-18,301466030.67637813
1997-09-19,301975955.7660156
1997-09-22,303664198.96143126
1997-09-23,302273940.6924368
1997-09-24,299791409.080869
1997-09-25,297706170.8189821
1997-09-26,300188742.20164454
1997-09-29,303068368.30742013
1997-09-30,299890777.16077065
1997-10-01,303862736.2657615
1997-10-02,305551019.23227173
1997-10-03,307090120.822872
1997-10-06,309125804.30086553
1997-10-07,312005629.2621143
1997-10-08,309820804.1793053
1997-10-09,308728471.18009007
1997-10-10,307834735.141847
1997-10-13,308132799.6104574
1997-10-14,308231968.834886
1997-10-15,307536829.75761515
1997-10-16,302671055.07219195
1997-10-17,299592752.4632549
1997-10-20,303862736.2657616
1997-10-21,309771130.0821282
1997-10-22,307735506.2607766
1997-10-23,301678050.3817838
1997-10-24,298699016.4250119
1997-10-27,277051450.54036176
1997-10-28,293038873.78124726
1997-10-29,292244386.509622
1997-10-30,285789856.0219687
1997-10-31,292542371.43604314
1997-11-03,298699016.4250118
1997-11-04,298699016.4250118
1997-11-05,299692120.5431565
1997-11-06,298550192.9889533
1997-11-07,295322828.31739014
1997-11-10,293535555.09637713
1997-11-11,293634803.86299497
1997-11-12,287577328.0984549
1997-11-13,291748083.019891
1997-11-14,295720081.8959765
1997-11-17,301181567.92212695
1997-11-18,299294946.5067595
1997-11-19,300784533.08456105
1997-11-20,305352223.4158265
1997-11-21,307437481.56326073
1997-11-24,301876687.11385053
1997-11-25,302671055.0721919
1997-11-26,303564989.96590805
1997-11-28,303862736.2657615
1997-12-01,311707485.25131464
1997-12-02,309820804.1793053
1997-12-03,310714500.44645375
1997-12-04,310416793.9176949
1997-12-05,314388772.9082331
1997-12-08,313495076.6410847
1997-12-09,311608256.3702442
1997-12-10,308926948.82777846
1997-12-11,303664198.9614313
1997-12-12,304259989.8443479
1997-12-15,307338332.22437954
1997-12-16,309225072.9530308
1997-12-17,307636098.4097803
1997-12-18,304657183.7662923
1997-12-19,302380049.97287625
1997-12-22,304324160.5055132
1997-12-23,298890832.4143519
1997-12-24,297993338.0076674
1997-12-26,299189811.61813843
1997-12-29,305071896.8554156
1997-12-30,309857373.70080614
1997-12-31,309657981.3179416
1998-01-02,311253060.72421587
1998-01-05,311950983.77810997
1998-01-06,306966293.51978064
1998-01-07,307763882.93678606
1998-01-08,305071896.8554155
1998-01-09,294504040.9069537
1998-01-12,299887655.12984324
1998-01-13,304074875.284451
1998-01-14,305470582.1934081
1998-01-15,302928254.74108297
1998-01-16,307265173.2958307
1998-01-20,312250062.4096331
1998-01-21,309259097.12447596
1998-01-22,306517556.2592121
1998-01-23,306068958.1974747
1998-01-26,305869526.04351556
1998-01-27,308960038.3785001
1998-01-28,311751611.28079265
1998-01-29,313446456.4779148
1998-01-30,313645669.8908536
1998-02-02,318830209.89963555
1998-02-03,321222600.32525295
1998-02-04,320823974.64390236
1998-02-05,320624542.4899432
1998-02-06,324213386.6404843
1998-02-09,323116857.79078686
1998-02-10,326207747.9511703
1998-02-11,325908649.4340999
1998-02-12,327304415.99969894
1998-02-13,325410158.53416497
1998-02-17,327005297.5970812
1998-02-18,329995904.94238675
1998-02-19,328251485.07582396
1998-02-20,330693827.99628085
1998-02-23,331990067.3975997
1998-02-24,329398006.1914555
1998-02-25,333485599.7540465
1998-02-26,335379777.67739123
1998-02-27,335379777.67739123
1998-03-02,334681755.19576055
1998-03-03,336576211.5167676
1998-03-04,334382636.79314286
1998-03-05,331291985.2593271
1998-03-06,337971858.7690828
1998-03-09,336775504.47189564
1998-03-10,339965822.3688227
1998-03-11,341561080.7450228
1998-03-12,342956489.3707702
1998-03-13,341660548.252661
1998-03-16,345349476.36280686
1998-03-17,346346338.84939295
1998-03-18,347642478.8229752
1998-03-19,348539834.0308285
1998-03-20,351540761.9751873
1998-03-23,350740686.86476827
1998-03-24,353740381.905194
1998-03-25,352440742.0752854
1998-03-26,352240574.1560758
1998-03-27,350740686.8647683
1998-03-30,350540797.34322107
1998-03-31,351740770.81001836
1998-04-01,354590011.7995063
1998-04-02,358439774.21628505
1998-04-03,360239296.9344403
1998-04-06,357339825.0524506
1998-04-07,354940196.28761286
1998-04-08,352940505.65024805
1998-04-09,355740072.5425588
1998-04-13,354740227.22387636
1998-04-14,357739643.8666397
1998-04-15,358739528.95641667
1998-04-16,354540178.6179506
1998-04-17,359239491.38685256
1998-04-20,359139467.0838897
1998-04-21,360839045.0412713
1998-04-22,361838810.8177645
1998-04-23,358339630.60003847
1998-04-24,354540178.61795074
1998-04-27,347841453.6093464
1998-04-28,347341491.17891055
1998-04-29,349741159.7148429
1998-04-30,356239955.4308054
1998-05-01,360239296.9344404
1998-05-04,359339475.91872084
1998-05-05,356839942.16420406
1998-05-06,352640552.0546434
1998-05-07,349841223.7889004
1998-05-08,355540302.3342954
1998-05-11,354340090.2409303
1998-05-12,358139780.8495857
1998-05-13,359039522.323116
1998-05-14,357239840.5205823
1998-05-15,355240070.3410283
1998-05-18,353840366.43706214
1998-05-19,356239955.43080527
1998-05-20,359639310.2010415
1998-05-21,357339825.0524505
1998-05-22,355940121.14848435
1998-05-26,350240963.0609001
1998-05-27,350740686.8647682
1998-05-28,352340678.00122774
1998-05-29,348841219.38583934
1998-06-01,350440932.12463653
1998-06-02,350740686.86476815
1998-06-03,345141791.70671445
1998-06-04,351540761.9751872
1998-06-05,358339630.6000383
1998-06-08,357939573.15928143
1998-06-09,359039522.3231159
1998-06-10,356740076.94561946
1998-06-11,350041033.7682582
1998-06-12,353340602.86209935
1998-06-15,344042081.16944766
1998-06-16,349341261.3584643
1998-06-17,356640012.87156194
1998-06-18,355040141.0483862
1998-06-19,353261179.98614824
1998-06-22,354966325.89677626
1998-06-23,359178959.78084457
1998-06-24,363993449.6397586
1998-06-25,363391633.43600756
1998-06-26,364896173.9453853
1998-06-29,366200069.282418
1998-06-30,363692621.0800724
1998-07-01,367905294.73523533
1998-07-02,368607453.4107062
1998-07-06,372318494.2494594
1998-07-07,371616136.71851546
1998-07-08,374324508.4908684
1998-07-09,371816980.74633354
1998-07-10,373823114.30102634
1998-07-13,373923218.1461784
1998-07-14,378135931.572436
1998-07-15,377434051.2946274
1998-07-16,380041643.11321974
1998-07-17,380543435.0140079
1998-07-20,380543435.0140079
1998-07-21,373923218.14617836
1998-07-22,373923218.14617836
1998-07-23,366500977.38429356
1998-07-24,366200069.282418
1998-07-27,368807899.72757804
1998-07-28,362589331.14429003
1998-07-29,361185013.7933483
1998-07-30,366601240.3138242
1998-07-31,358777788.7494387
1998-08-03,357273248.240061
1998-08-04,343431555.0959755
1998-08-05,348145821.7964536
1998-08-06,349650441.8480205
1998-08-07,350252098.9673931
1998-08-10,348246204.03926796
1998-08-11,343030503.3778533
1998-08-12,348848099.7852083
1998-08-13,344635187.50347763
1998-08-14,340623198.7917543
1998-08-17,347844953.4656726
1998-08-18,354264286.53458947
1998-08-19,353361403.14458436
1998-08-20,351255125.97364485
1998-08-21,348446690.12723446
1998-08-24,350653468.8542723
1998-08-25,351455651.83270603
1998-08-26,349449677.3623917
1998-08-27,333000372.5141666
1998-08-28,331796720.22111714
1998-08-31,308125740.24116296
1998-09-01,321164812.92477393
1998-09-02,318857950.23813134
1998-09-03,316350402.60804915
1998-09-04,313742492.6206999
1998-09-08,330593127.5847096
1998-09-09,322569150.1612629
1998-09-10,316149538.6946838
1998-09-11,326380334.61626285
1998-09-14,331997265.9657256
1998-09-15,334003379.6348711
1998-09-16,337012261.7981534
1998-09-17,327383640.02017695
1998-09-18,328841906.8609672
1998-09-21,328640545.80891913
1998-09-22,331358144.4752233
1998-09-23,344644493.93961823
1998-09-24,336189716.0192755
1998-09-25,335787033.68627393
1998-09-28,338806654.04510295
1998-09-29,338001368.9212891
1998-09-30,327734679.5868178
1998-10-01,318272937.32185614
1998-10-02,324412957.99327475
1998-10-05,317870076.0189288
1998-10-06,317568292.9529717
1998-10-07,312837620.67596394
1998-10-08,311126429.55895406
1998-10-09,317367031.3286602
1998-10-12,321997102.62183315
1998-10-13,320890113.9742514
1998-10-14,323909575.24870193
1998-10-15,341323170.0570215
1998-10-16,341423671.6131198
1998-10-19,342631479.9855568
1998-10-20,344644493.9396184
1998-10-21,343436924.1937491
1998-10-22,348570378.231495
1998-10-23,344141548.67708635
1998-10-26,346657865.8335317
1998-10-27,344644493.93961847
1998-10-28,344040768.7233258
1998-10-29,352395204.17194873
1998-10-30,354307676.79881746
1998-11-02,360346917.51647544
1998-11-03,357729860.1773641
1998-11-04,361554725.8889124
1998-11-05,366487017.7300832
1998-11-06,367594205.2331381
1998-11-09,364977187.66512144
1998-11-10,363970660.8025433
1998-11-11,361554725.8889124
1998-11-12,361152083.32700545
1998-11-13,364675126.201502
1998-11-16,367392844.18109006
1998-11-17,367392844.18109006
1998-11-18,369607219.1871998
1998-11-19,372828160.8269822
1998-11-20,375646658.7603308
1998-11-23,384504357.64024276
1998-11-24,382088502.2688011
1998-11-25,382088502.2688011
1998-11-27,384907000.2021497
1998-11-30,374036168.0548922
1998-12-01,378867640.1712078
1998-12-02,377760333.35486907
1998-12-03,371519731.585163
1998-12-04,381283177.37389255
1998-12-07,383095148.444663
1998-12-08,381383877.78546387
1998-12-09,382088502.2688011
1998-12-10,376502333.861025
1998-12-11,377256950.6102963
1998-12-14,366386317.3185119
1998-12-15,375847940.2701897
1998-12-16,375344756.38108987
1998-12-17,381333766.206246
1998-12-18,382953841.74548733
1998-12-21,388306394.7434806
1998-12-22,390023233.35592616
1998-12-23,398203391.8679355
1998-12-24,396486712.33986837
1998-12-28,395476685.62096393
1998-12-29,401738047.90206033
1998-12-30,398506407.8378258
1998-12-31,398506407.8378258
1999-01-04,397597399.6992496
1999-01-05,402141923.36790043
1999-01-06,411837121.9582665
1999-01-07,409817426.46030915
1999-01-08,412847029.36388713
1999-01-11,408908497.86392224
1999-01-12,401536050.5124985
1999-01-13,398708484.76957715
1999-01-14,391740151.51056117
1999-01-15,401940085.0627171
1999-01-19,404566011.3559281
1999-01-20,407797213.93812186
1999-01-21,396991447.3016585
1999-01-22,396082757.33183926
1999-01-25,400122227.8699432
1999-01-26,407393497.5566602
1999-01-27,402647095.8117312
1999-01-28,409413232.82571214
1999-01-29,412544132.70728076
1999-02-01,410120323.1169156
1999-02-02,407595256.3196544
1999-02-03,411735944.29355973
1999-02-04,405575600.5927917
1999-02-05,400930296.9703803
1999-02-08,401738047.90206045
1999-02-09,392749979.3739925
1999-02-10,395274767.77359134
1999-02-11,404363775.3397984
1999-02-12,399516195.93016267
1999-02-16,397092704.50855446
1999-02-17,396688630.18724126
1999-02-18,399819251.6711476
1999-02-19,401536050.51249856
1999-02-22,412240997.4241067
1999-02-23,412039039.8056394
1999-02-24,404767809.89001703
1999-02-25,400930296.9703804
1999-02-26,399314556.48045236
1999-03-01,400425204.06873894
1999-03-02,396890428.7213302
1999-03-03,399011500.7394674
1999-03-04,404060640.05662423
1999-03-05,412190408.5917533
1999-03-08,414866804.40403384
1999-03-09,413856936.7695078
1999-03-10,417492571.61286634
1999-03-11,422138074.0907508
1999-03-12,418098484.239363
1999-03-15,424056949.863853
1999-03-16,422441129.8317357
1999-03-17,420623073.7834887
1999-03-18,427389489.19513196
1999-03-19,420124702.1968376
1999-03-22,420934680.3098164
1999-03-23,408786559.68782526
1999-03-24,411114799.3378247
1999-03-25,419517675.9796916
1999-03-26,416480397.2548525
1999-03-29,424883035.27015173
1999-03-30,422655655.1161021
1999-03-31,415873092.6400442
1999-04-01,419011469.4874008
1999-04-05,428932249.7264369
1999-04-06,427920075.3684231
1999-04-07,431362064.7520893
1999-04-08,436828760.7916347
1999-04-09,436930017.9985307
1999-04-12,441586895.0094757
1999-04-13,438752329.5539016
1999-04-14,431362064.75208926
1999-04-15,429742347.1526995
1999-04-16,426097803.5841467
1999-04-19,419517675.9796915
1999-04-20,424781857.60544485
1999-04-21,436930017.99853057
1999-04-22,441080449.8906172
1999-04-23,439967018.3257074
1999-04-26,442497613.3051204
1999-04-27,444623736.25227404
1999-04-28,438549695.8268258
1999-04-29,435208923.87896097
1999-04-30,431665518.2040203
1999-05-03,439561989.49812347
1999-05-04,433285394.8877886
1999-05-05,436727543.3558333
1999-05-06,434044823.9395086
1999-05-07,437334688.8862631
1999-05-10,435158255.5044184
1999-05-11,439561989.4981234
1999-05-12,443004098.1950734
1999-05-13,444927547.6440566
1999-05-14,433386731.6368738
1999-05-17,434702916.24214333
1999-05-18,433892977.9002592
1999-05-19,437031155.89214283
1999-05-20,434398905.99488765
1999-05-21,431969568.2223707
1999-05-24,424781857.6054449
1999-05-25,417897719.75373405
1999-05-26,422554556.9935845
1999-05-27,416480397.2548524
1999-05-28,421795485.8817161
1999-06-01,420327375.695008
1999-06-02,420732364.7514974
1999-06-03,423060763.4858753
1999-06-04,431564420.0815029
1999-06-07,432677970.95969653
1999-06-08,428426083.0052408
1999-06-09,428021253.0331299
1999-06-10,424073256.01264596
1999-06-11,420529691.25332683
1999-06-14,420934680.3098162
1999-06-15,423769643.4763364
1999-06-16,431868032.6178123
1999-06-17,435917684.55613834
1999-06-18,436421107.0718059
1999-06-21,437436701.74395674
1999-06-22,434390235.896261
1999-06-23,432258107.5138201
1999-06-24,429008848.85467005
1999-06-25,427942705.1212604
1999-06-28,433171808.6415612
1999-06-29,437233670.3059348
1999-06-30,445154004.2568084
1999-07-01,448504679.20723295
1999-07-02,452972365.1210829
1999-07-06,452870630.6610515
1999-07-07,453480281.77044225
1999-07-08,453835477.4164706
1999-07-09,456526151.0517187
1999-07-12,454495160.56289
1999-07-13,452870630.6610515
1999-07-14,455409219.63048255
1999-07-15,458303083.7881312
1999-07-16,460791004.3830197
1999-07-19,457744737.390797
1999-07-20,448352355.9148482
1999-07-21,447844598.3498674
1999-07-22,441955135.5745387
1999-07-23,441092102.82134026
1999-07-26,437842724.84890634
1999-07-27,441498086.1551951
1999-07-28,442919823.24557924
1999-07-29,436725793.4276702
1999-07-30,431344207.53060615
1999-08-02,432359762.43166244
1999-08-03,430328851.48502296
1999-08-04,424439388.7096942
1999-08-05,428297940.5383834
1999-08-06,423627103.8732276
1999-08-09,422713124.3478242
1999-08-10,418042208.14047915
1999-08-11,423119386.07934135
1999-08-12,422865407.8691144
1999-08-13,432664090.84767497
1999-08-16,434593545.7319454
1999-08-17,437436701.7439568
1999-08-18,434288859.37608117
1999-08-19,430734874.58997226
1999-08-20,435101144.2125477
1999-08-23,443427739.8949384
1999-08-24,445052190.25458765
1999-08-25,449621491.3151851
1999-08-26,444239706.562648
1999-08-27,438858319.52105707
1999-08-30,430734874.58997226
1999-08-31,429110265.1459445
1999-09-01,434390235.8962609
1999-09-02,429262548.6672346
1999-09-03,441802653.1977752
1999-09-07,440178202.83812594
1999-09-08,438045994.91349584
1999-09-09,437842724.84890616
1999-09-10,441498086.15519494
1999-09-13,438502726.1640826
1999-09-14,435608862.0064339
1999-09-15,428703963.6433328
1999-09-16,430379639.17284936
1999-09-17,435817501.1687971
1999-09-20,435206537.613284
1999-09-21,426042004.73839843
1999-09-22,425584000.812784
1999-09-23,416674082.48563933
1999-09-24,416266707.1634729
1999-09-27,419015963.6210925
1999-09-28,418201531.1455166
1999-09-29,413212088.2413805
1999-09-30,419525192.71657425
1999-10-01,418608826.92549384
1999-10-04,426042004.73839843
1999-10-05,425634748.72951585
1999-10-06,432151759.6068132
1999-10-07,429707865.61366624
1999-10-08,436224717.40658504
1999-10-11,435512258.0176082
1999-10-12,428791460.0514912
1999-10-13,417692421.36331886
1999-10-14,417590527.818909
1999-10-15,406898824.6818084
1999-10-18,409851550.0594909
1999-10-19,413822892.7125152
1999-10-20,417895969.8255708
1999-10-21,420339863.8187178
1999-10-22,423903791.378481
1999-10-25,421765299.62090135
1999-10-26,416470295.3968195
1999-10-27,424005486.0674178
1999-10-28,438464943.62419593
1999-10-29,446407589.1591499
1999-11-01,441723349.635108
1999-11-02,438566757.62641656
1999-11-03,441519801.172856
1999-11-04,444880060.95708334
1999-11-05,449258540.3057063
1999-11-08,449665796.3145889
1999-11-09,445439998.19820225
1999-11-10,448749470.29460317
1999-11-11,451295019.2055923
1999-11-12,455368255.40302646
1999-11-15,456437342.19743776
1999-11-16,460255804.76275265
1999-11-17,461477731.87377876
1999-11-18,464736018.57140696
1999-11-19,464328762.5625244
1999-11-22,464226948.56030375
1999-11-23,460154110.07381576
1999-11-24,462597964.29586816
1999-11-26,460866688.77607644
1999-11-29,459237664.74054617
1999-11-30,453840886.2853383
1999-12-01,457506508.53403836
1999-12-02,460255804.76275265
1999-12-03,468707480.5377152
1999-12-06,465245446.5223618
1999-12-07,461477731.8737788
1999-12-08,458524847.41171783
1999-12-09,460765113.4004235
1999-12-10,462292522.28920627
1999-12-13,463106914.99368757
1999-12-14,458626502.3295601
1999-12-15,461070356.55161244
1999-12-16,463106914.9936876
1999-12-17,466081116.76246357
1999-12-20,462712505.04836655
1999-12-21,469755687.5074526
1999-12-22,470980875.84823745
1999-12-23,478483295.136871
1999-12-27,477819953.04974675
1999-12-28,477513675.85009784
1999-12-29,479555404.53447324
1999-12-30,478993677.59409654
1999-12-31,479759310.93657684
2000-01-03,475063855.9638529
2000-01-04,456486141.33053356
2000-01-05,457302602.13193494
2000-01-06,449952983.3888216
2000-01-07,476084342.4806417
2000-01-10,477717940.192053
2000-01-11,472001441.90721554
2000-01-12,467306066.47668076
2000-01-13,473634721.4498699
2000-01-14,480065309.7385634
2000-01-18,476288845.44916457
2000-01-19,480167760.078298
2000-01-20,472818141.3351846
2000-01-21,471797296.87854415
2000-01-24,458425300.36189055
2000-01-25,463631217.3340293
2000-01-26,459956487.50466186
2000-01-27,458118983.39114696
2000-01-28,443828234.81773597
2000-01-31,455873586.9312357
2000-02-01,460364896.8752883
2000-02-02,460773067.61934704
2000-02-03,467714237.22073925
2000-02-04,465774879.3339091
2000-02-07,465060272.30582297
2000-02-08,471389046.59229594
2000-02-09,461487833.73181164
2000-02-10,462406386.933096
2000-02-11,453015198.58998567
2000-02-14,455669362.36037505
2000-02-15,460824014.391552
2000-02-16,454036202.1310046
2000-02-17,451688395.10245335
2000-02-18,441991128.4151673
2000-02-22,440868310.8719278
2000-02-23,446074108.53078276
2000-02-24,437091528.41377205
2000-02-25,435509195.64332265
2000-02-28,444644894.4746105
2000-02-29,448932258.245465
2000-03-01,452198538.9331113
2000-03-02,452504935.4460441
2000-03-03,460977292.1902077
2000-03-06,456486141.3305335
2000-03-07,447656361.759043
2000-03-08,447094873.445234
2000-03-09,460160871.159901
2000-03-10,457710772.8759937
2000-03-13,452708921.390337
2000-03-14,446278293.33054876
2000-03-15,456690206.81701565
2000-03-16,478024137.8495126
2000-03-17,481183513.83482724
2000-03-20,478727489.65782195
2000-03-21,488551427.2814646
2000-03-22,491519225.9040071
2000-03-23,499910966.6393811
2000-03-24,502878526.63535583
2000-03-27,497557273.48882645
2000-03-28,494691686.5794508
2000-03-29,495203182.62732565
2000-03-30,486914130.8582538
2000-03-31,492440403.99753606
2000-04-03,495305752.28034395
2000-04-04,491621437.6171737
2000-04-05,488551427.2814644
2000-04-06,492798343.84909296
2000-04-07,495919937.2945211
2000-04-10,493975568.24976915
2000-04-11,492542615.71070284
2000-04-12,479034283.8817007
2000-04-13,472382647.84912336
2000-04-14,445365705.7934568
2000-04-17,460920936.5491346
2000-04-18,473098925.2631834
2000-04-19,468698372.9570477
2000-04-20,470949814.62334085
2000-04-24,465833024.67423975
2000-04-25,485174543.17968696
2000-04-26,479699415.6680827
2000-04-27,478113384.1858339
2000-04-28,475145545.7921968
2000-05-01,481592599.31406206
2000-05-02,471973045.3456584
2000-05-03,460920936.5491347
2000-05-04,464400111.9062682
2000-05-05,470028795.61419034
2000-05-08,466497957.6051488
2000-05-09,462762815.48305744
2000-05-10,452324573.5319538
2000-05-11,462660723.08317447
2000-05-12,467674983.1503518
2000-05-15,475759730.80637383
2000-05-16,480364388.3700862
2000-05-17,475350207.8450981
2000-05-18,469517060.93974763
2000-05-19,462148948.6376372
2000-05-22,458669256.2562737
2000-05-23,451915328.96834034
2000-05-24,459283520.8126401
2000-05-25,451403634.0649924
2000-05-26,451915328.96834034
2000-05-30,466651633.1147505
2000-05-31,467674983.15035176
2000-06-01,475862061.8328245
2000-06-02,484151232.91518027
2000-06-05,481797301.13805795
2000-06-06,479648309.8114993
2000-06-07,482974326.6832611
2000-06-08,481080864.63961947
2000-06-09,480057832.7727751
2000-06-12,474428950.20937985
2000-06-13,483332465.3902911
2000-06-14,484151232.91518027
2000-06-15,485174543.17968696
2000-06-16,481187968.1974242
2000-06-19,487342545.0894728
2000-06-20,485598860.98816043
2000-06-21,485393403.51336676
2000-06-22,478008149.86947614
2000-06-23,473905085.35107887
2000-06-26,480008277.98888177
2000-06-27,476469366.4476329
2000-06-28,477802891.25015557
2000-06-29,473289389.0353064
2000-06-30,476879605.28861177
2000-07-03,483444619.87711227
2000-07-05,474725563.0330367
2000-07-06,478418508.0237389
2000-07-07,486111629.711063
2000-07-10,485290913.4025376
2000-07-11,486316769.0170998
2000-07-12,489496627.1161424
2000-07-13,491650748.9139067
2000-07-14,496471960.087811
2000-07-17,495651323.3214748
2000-07-18,491599364.65966094
2000-07-19,487650373.36181164
2000-07-20,494420368.1719704
2000-07-21,484778104.90854025
2000-07-24,482008525.42157114
2000-07-25,483547149.75903594
2000-07-26,478828508.23814994
2000-07-27,477187473.3320452
2000-07-28,466416665.4877506
2000-07-31,469391583.13622963
2000-08-01,472263772.0473118
2000-08-02,474623072.9222075
2000-08-03,477905460.90317386
2000-08-04,480469861.31301165
2000-08-07,486214080.05079746
2000-08-08,488060453.11841196
2000-08-09,483957507.91329855
2000-08-10,481598207.03840286
2000-08-11,483855057.573564
2000-08-14,490009515.15232867
2000-08-15,489599236.5402552
2000-08-16,487855552.43894285
2000-08-17,492984313.4875238
2000-08-18,491343000.1837567
2000-08-21,494009890.7044236
2000-08-22,493189253.93808734
2000-08-23,495138395.5141934
2000-08-24,496676940.30946904
2000-08-25,496471960.08781075
2000-08-28,498164379.2481612
2000-08-29,498266909.130085
2000-08-30,493497281.0658995
2000-08-31,500062017.2567377
2000-09-01,500574825.750735
2000-09-05,496574529.7408292
2000-09-06,490932642.02949405
2000-09-07,495138395.51419353
2000-09-08,491753477.6513034
2000-09-11,491035251.45360714
2000-09-12,487445353.3690587
2000-09-13,488727454.14624107
2000-09-14,491189125.818682
2000-09-15,480442896.510861
2000-09-18,476020867.81363183
2000-09-19,480340326.8578426
2000-09-20,476792267.96483177
2000-09-21,469542593.982492
2000-09-22,478077629.9717728
2000-09-25,474684240.8657291
2000-09-26,468616921.7552712
2000-09-27,471084996.5739456
2000-09-28,477151997.5156466
2000-09-29,472627518.47868294
2000-10-02,473347454.8334478
2000-10-03,468925585.22059715
2000-10-04,472833015.7245712
2000-10-05,474478504.9932731
2000-10-06,464195131.6846098
2000-10-09,460698417.27475
2000-10-10,453088973.97050095
2000-10-11,449284113.1195452
2000-10-12,438074988.04147184
2000-10-13,452677701.081062
2000-10-16,454734264.3837297
2000-10-17,443422490.1104487
2000-10-18,441777199.6972199
2000-10-19,458436197.6418155
2000-10-20,460390191.2914648
2000-10-23,462446993.2207002
2000-10-24,459361909.6401309
2000-10-25,448564296.07806414
2000-10-26,449798194.2885701
2000-10-27,458333627.988797
2000-10-30,462446993.2207002
2000-10-31,470416524.0156156
2000-11-01,468822419.0011594
2000-11-02,469593779.3812647
2000-11-03,469850939.2790611
2000-11-06,473141758.73208636
2000-11-07,473038910.68140566
2000-11-08,462549920.8135702
2000-11-09,460801464.18090373
2000-11-10,449592617.5004927
2000-11-13,446096380.3437683
2000-11-14,457819228.65101516
2000-11-15,459259220.6738287
2000-11-16,452060493.463694
2000-11-17,449644081.2969277
2000-11-20,443216754.23799276
2000-11-21,445479292.03968424
2000-11-22,434835831.24035466
2000-11-24,443731074.0335855
2000-11-27,447638743.16412723
2000-11-28,439925974.55606204
2000-11-29,439103508.3193734
2000-11-30,435298727.01060694
2000-12-01,435092871.8248671
2000-12-04,438794924.3962367
2000-12-05,453191782.2500871
2000-12-06,445941949.18336886
2000-12-07,439823325.36085445
2000-12-08,440851686.55437756
2000-12-11,456173938.2377865
2000-12-12,454220183.2147049
2000-12-13,447998711.34150976
2000-12-14,442291280.86624503
2000-12-15,432301418.2358584
2000-12-18,438077772.0180951
2000-12-19,429155166.71176744
2000-12-20,416725904.2219257
2000-12-21,419613922.02866554
2000-12-22,432198450.87189376
2000-12-26,436839896.69812727
2000-12-27,440037691.56084234
2000-12-28,441378613.7869639
2000-12-29,433023542.0008271
2001-01-02,425184181.9985946
2001-01-03,445607832.21748763
2001-01-04,440811358.6644353
2001-01-05,426421739.14980537
2001-01-08,429722700.23195815
2001-01-09,428588070.67361724
2001-01-10,436118011.559726
2001-01-11,436530318.49762493
2001-01-12,435705426.22416466
2001-01-16,438490436.8958454
2001-01-17,440501860.00612235
2001-01-18,444885589.13923484
2001-01-19,442358454.2450536
2001-01-22,445298254.0169854
2001-01-23,448805269.1403512
2001-01-24,450146310.6797566
2001-01-25,449011840.20579416
2001-01-26,448496009.108606
2001-01-29,450888956.32954806
2001-01-30,454849759.64249873
2001-01-31,452275376.6879119
2001-02-01,455279128.3799885
2001-02-02,444947870.67340577
2001-02-05,448215344.4938907
2001-02-06,446894983.9236864
2001-02-07,444584561.72407556
2001-02-08,439402388.09542334
2001-02-09,435177345.6298344
2001-02-12,440161459.20729184
2001-02-13,436563646.67491454
2001-02-14,435903526.0464543
2001-02-15,440128568.5120433
2001-02-16,430424103.25663143
2001-02-20,423789409.7103612
2001-02-21,414646273.6843798
2001-02-22,415273503.61759144
2001-02-23,412467971.0610881
2001-02-26,421247996.9932122
2001-02-27,417352975.07075876
2001-02-28,409134119.28368664
2001-03-01,411279570.9828243
2001-03-02,408011739.22248787
2001-03-05,411741671.33118427
2001-03-06,416164654.5346842
2001-03-07,419135515.53151214
2001-03-08,419597337.48220986
2001-03-09,407186489.00917596
2001-03-12,389758238.5524899
2001-03-13,396161822.2679382
2001-03-14,388339046.8121612
2001-03-15,388437877.98228556
2001-03-16,380646919.40220255
2001-03-19,388391663.9703402
2001-03-20,377965989.6851357
2001-03-21,371545383.94119114
2001-03-22,367772459.27921325
2001-03-23,378892894.8162898
2001-03-26,383724724.87245697
2001-03-27,391568976.7193274
2001-03-28,380746466.4520301
2001-03-29,382202565.7681638
2001-03-30,386207196.82738286
2001-04-02,377965989.6851358
2001-04-03,365356444.8233931
2001-04-04,366878723.2409702
2001-04-05,380779436.68946797
2001-04-06,374987413.095952
2001-04-09,379157531.67987424
2001-04-10,386075037.4799691
2001-04-11,386339555.0302697
2001-04-12,393356289.7114351
2001-04-16,389218982.28057224
2001-04-17,394713120.37540364
2001-04-18,410400908.1894413
2001-04-19,415862076.0468349
2001-04-20,412055743.66537833
2001-04-23,404575954.1295821
2001-04-24,402391725.6131924
2001-04-25,407653918.6842149
2001-04-26,409474400.76923347
2001-04-27,416292279.9773116
2001-04-30,419204717.23614657
2001-05-01,420495686.9674286
2001-05-02,419734348.903167
2001-05-03,414405817.6463226
2001-05-04,421455443.02273667
2001-05-07,417814757.25036174
2001-05-08,417616219.9460315
2001-05-09,415862076.04683477
2001-05-10,417086667.8212003
2001-05-11,414207081.48651934
2001-05-14,415034598.65222436
2001-05-15,416954190.3050297
2001-05-16,426784014.0506757
2001-05-17,427445884.60729903
2001-05-18,429398724.8952045
2001-05-21,435720181.30026776
2001-05-22,435157499.85362023
2001-05-23,427776819.8856107
2001-05-24,429034540.98179257
2001-05-25,423971044.29947877
2001-05-29,420594796.5352152
2001-05-30,414703663.3739126
2001-05-31,416854802.33958054
2001-06-01,419436383.86229306
2001-06-04,421455443.02273655
2001-06-05,426287710.56094456
2001-06-06,422746174.1274509
2001-06-07,424268452.5450279
2001-06-08,420330119.90053606
2001-06-11,417351264.91369
2001-06-12,416623056.1712447
2001-06-13,413048788.1268809
2001-06-14,403781645.82788235
2001-06-15,404432102.0803506
2001-06-18,402473972.236861
2001-06-19,404233087.5228849
2001-06-20,406357301.45749694
2001-06-21,410970907.5174983
2001-06-22,407751397.6371221
2001-06-25,404000784.5592246
2001-06-26,403436432.72660315
2001-06-27,403204050.22075343
2001-06-28,405427970.28957134
2001-06-29,406921454.4346454
2001-07-02,411999825.50634605
2001-07-03,411900079.6010455
2001-07-05,403868028.6453915
2001-07-06,395138750.6299993
2001-07-09,397296014.34423834
2001-07-10,392516721.9040608
2001-07-11,392914830.5611813
2001-07-12,402241748.8153899
2001-07-13,405726770.52343214
2001-07-16,400648598.30720454
2001-07-17,404398932.98743975
2001-07-18,401644068.80547905
2001-07-19,405162378.9197161
2001-07-20,402739404.5223379
2001-07-23,394806741.5321329
2001-07-24,390989989.1238866
2001-07-25,395304914.26331097
2001-07-26,399453675.76942366
2001-07-27,400980408.54959786
2001-07-30,401113124.69233626
2001-07-31,402772692.9285327
2001-08-01,405295134.83354914
2001-08-02,406954822.38302946
2001-08-03,404730783.0009277
2001-08-06,399287710.9915851
2001-08-07,400847692.4068595
2001-08-08,393412844.207981
2001-08-09,394574359.0262833
2001-08-10,395935524.7395652
2001-08-13,396034872.93391955
2001-08-14,395868788.84279716
2001-08-15,392450343.9471445
2001-08-16,393811191.4916694
2001-08-17,387504689.0181822
2001-08-20,391089416.8604304
2001-08-21,384418094.1360175
2001-08-22,388400811.3221024
2001-08-23,387006993.5401397
2001-08-24,395039084.26688826
2001-08-27,392682726.4529943
2001-08-28,386940615.58322316
2001-08-29,383488643.654808
2001-08-30,376120292.72612983
2001-08-31,378875276.2213744
2001-09-04,376452222.28180695
2001-09-05,377381394.3653542
2001-09-06,367656765.1649713
2001-09-07,360852487.67125225
2001-09-10,365266840.5472202
2001-09-17,346181885.3731501
2001-09-18,345352498.96599805
2001-09-19,338382177.1522512
2001-09-20,327628132.8243378
2001-09-21,324093695.5312334
2001-09-24,335487398.2594263
2001-09-25,338985464.88650304
2001-09-26,337786167.5283142
2001-09-27,340717853.996944
2001-09-28,347947364.0343127
2001-10-01,347381063.418055
2001-10-02,351745344.48589957
2001-10-03,357642085.3715433
2001-10-04,357942118.5093372
2001-10-05,357242465.4128272
2001-10-08,354910487.2799337
2001-10-09,353011377.7408564
2001-10-10,360873964.06234545
2001-10-11,366470870.6656683
2001-10-12,364805177.68090075
2001-10-15,364138733.4483963
2001-10-16,366437622.0305681
2001-10-17,358641771.6058471
2001-10-18,357875501.92585295
2001-10-19,357642085.37154317
2001-10-22,364705153.37793785
2001-10-23,362839292.47396076
2001-10-24,361873252.5857032
2001-10-25,368370019.9758402
2001-10-26,367536974.6279834
2001-10-29,357975327.37334275
2001-10-30,353677861.74445546
2001-10-31,352478365.53079355
2001-11-01,361506761.94880354
2001-11-02,363971973.24866545
2001-11-05,368736232.21507764
2001-11-06,374466570.84084195
2001-11-07,373966807.2658792
2001-11-08,375132776.44677866
2001-11-09,375532595.2609678
2001-11-12,373233905.5342691
2001-11-13,381629464.29472643
2001-11-14,381995875.3894369
2001-11-15,382695568.25704145
2001-11-16,380996268.6973222
2001-11-19,385694070.16462857
2001-11-20,382462350.55820477
2001-11-21,379930284.04829097
2001-11-23,385393917.7135508
2001-11-26,386227082.37469155
2001-11-27,384561270.0766402
2001-11-28,377598186.6021137
2001-11-29,382695568.2570416
2001-11-30,379963572.4544859
2001-12-03,377698210.9050766
2001-12-04,384094794.9078723
2001-12-05,391124455.19478834
2001-12-06,390924446.3599573
2001-12-07,388325763.26655924
2001-12-10,381063084.1362796
2001-12-11,380296814.4562854
2001-12-12,380730001.21885854
2001-12-13,373333929.837232
2001-12-14,376898453.9634145
2001-12-17,380796657.57343733
2001-12-18,383061979.351752
2001-12-19,385760408.3504505
2001-12-20,381962467.66995823
2001-12-21,384279332.78689706
2001-12-24,383543726.62085295
2001-12-26,385650043.56288713
2001-12-27,387989777.059231
2001-12-28,387789529.5978322
2001-12-31,382106160.63481104
2002-01-02,386218253.19168645
2002-01-03,390597448.42001253
2002-01-04,393204920.92532104
2002-01-07,390430091.65386236
2002-01-08,389527844.60137117
2002-01-09,386351844.2985064
2002-01-10,388056950.43803984
2002-01-11,384245964.8385131
2002-01-14,381838859.10788727
2002-01-15,384947964.42960554
2002-01-16,377158556.9222126
2002-01-17,380000320.9459124
2002-01-18,378261767.31580573
2002-01-22,375654255.03940266
2002-01-23,378529227.927108
2002-01-24,379699412.8440369
2002-01-25,379598951.0590332
2002-01-28,380635425.5558583
2002-01-29,368667229.3659165
2002-01-30,373982835.0170102
2002-01-31,378361990.47424173
2002-02-01,376590387.06450796
2002-02-04,367229941.7775369
2002-02-05,364956745.322488
2002-02-06,363385548.4585315
2002-02-07,361112352.0034826
2002-02-08,368032204.29815984
2002-02-11,372545388.3442521
2002-02-12,371375163.6562286
2002-02-13,375319978.989143
2002-02-14,374617820.3136722
2002-02-15,370706770.64008796
2002-02-19,363585994.7754033
2002-02-20,369703783.4049307
2002-02-21,362048165.8598308
2002-02-22,366527663.7887821
2002-02-25,372578756.2926361
2002-02-26,371809782.17820793
2002-02-27,373247268.6220606
2002-02-28,371575888.37076277
2002-03-01,380234214.7533575
2002-03-04,386953700.2733522
2002-03-05,385716819.23074985
2002-03-06,390296778.9447048
2002-03-07,389461068.9335085
2002-03-08,391099041.46532774
2002-03-11,391934671.93433475
2002-03-12,391700778.1268896
2002-03-13,387923041.162463
2002-03-14,387388239.25314236
2002-03-15,391079394.54458684
2002-03-18,391146528.1523011
2002-03-19,393761477.62339765
2002-03-20,386352242.00945276
2002-03-21,386519956.71545446
2002-03-22,385681780.8963919
2002-03-25,380887574.29573286
2002-03-26,383100278.91586864
2002-03-27,384106129.66983825
2002-03-28,383938335.42164725
2002-04-01,384106129.66983825
2002-04-02,381993886.8347061
2002-04-03,379311843.52698994
2002-04-04,377736112.758247
2002-04-05,377803206.59486663
2002-04-08,378607815.610072
2002-04-09,375959259.56402373
2002-04-10,380217232.49595594
2002-04-11,370762728.5702147
2002-04-12,373545432.51840764
2002-04-15,370695714.2757843
2002-04-16,379512965.9524703
2002-04-17,378708436.4794541
2002-04-18,377065770.95847005
2002-04-19,378440180.4462595
2002-04-22,372137456.226761
2002-04-23,370528079.11197174
2002-04-24,366806697.788618
2002-04-25,367007939.5273823
2002-04-26,360034515.5682553
2002-04-29,358257702.14512664
2002-04-30,361610127.02371436
2002-05-01,366035615.8061752
2002-05-02,364627520.2012448
2002-05-03,360671529.1907428
2002-05-06,353597603.67551756
2002-05-07,352356904.60783195
2002-05-08,365465894.87578034
2002-05-09,361241369.4344215
2002-05-10,354435580.639107
2002-05-13,361643813.1408553
2002-05-14,369522387.4423806
2002-05-15,368080725.0335931
2002-05-16,369991726.129961
2002-05-17,371802026.8147576
2002-05-20,367778822.6543522
2002-05-21,364426437.5468591
2002-05-22,365231006.7909699
2002-05-23,369120102.8203254
2002-05-24,364392990.0562859
2002-05-28,362414696.2678253
2002-05-29,359732851.8155822
2002-05-30,358727040.83270717
2002-05-31,359464476.4691037
2002-06-03,349909550.5294534
2002-06-04,350781452.2367515
2002-06-05,354066942.3630981
2002-06-06,346858789.40353894
2002-06-07,346456584.3236728
2002-06-10,347797466.7786997
2002-06-11,341829814.03135306
2002-06-12,343908450.29153347
2002-06-13,340455444.3146582
2002-06-14,339952499.0521261
2002-06-17,349071494.02367467
2002-06-18,351921172.4952034
2002-06-19,343707367.6371477
2002-06-20,339315366.1163548
2002-06-21,334010061.178767
2002-06-24,335759193.920042
2002-06-25,328223386.79747707
2002-06-26,328761708.4486714
2002-06-27,334514517.7428946
2002-06-28,332933318.4486418
2002-07-01,326440130.45702034
2002-07-02,319509897.90664786
2002-07-03,321326641.50877243
2002-07-05,334110960.4458114
2002-07-08,329939191.36146253
2002-07-09,321629259.7677165
2002-07-10,309921524.4764243
2002-07-11,312444761.80333304
2002-07-12,309013172.56090933
2002-07-15,310661604.8906129
2002-07-16,304673012.66195023
2002-07-17,305278646.89078456
2002-07-18,295387575.6594277
2002-07-19,284991749.5807336
2002-07-22,276547272.3738968
2002-07-23,268977580.2787178
2002-07-24,285025236.84240144
2002-07-25,282603097.6380102
2002-07-26,287986035.7522912
2002-07-29,302015209.8364033
2002-07-30,305951315.29959655
2002-07-31,306691594.5692582
2002-08-01,298684579.5176659
2002-08-02,291989612.8775029
2002-08-05,281829311.2211333
2002-08-06,291316785.38431245
2002-08-07,296396787.07089245
2002-08-08,305985100.84447414
2002-08-09,307128917.52567166
2002-08-12,304874890.7382283
2002-08-13,299323780.55035746
2002-08-14,310257868.623604
2002-08-15,314564123.66440177
2002-08-16,313622204.9450297
2002-08-19,320956352.7323369
2002-08-20,317558628.5769799
2002-08-21,322133915.18731725
2002-08-22,325262846.3997023
2002-08-23,318264903.56074363
2002-08-26,320485403.31542444
2002-08-27,316784424.5636095
2002-08-28,309854172.12768966
2002-08-29,309988817.168517
2002-08-30,308777568.5963956
2002-09-03,297002361.6430849
2002-09-04,301241383.64843184
2002-09-05,298684579.517666
2002-09-06,302789115.5665641
2002-09-09,305009476.1224137
2002-09-10,308508358.0569301
2002-09-11,306590695.3022138
2002-09-12,300938805.16058236
2002-09-13,301678865.68922365
2002-09-16,302419005.7600542
2002-09-17,295488554.4686613
2002-09-18,292527914.64315
2002-09-19,284958023.6924979
2002-09-20,285052837.9820659
2002-09-23,282720959.276909
2002-09-24,278158737.4711534
2002-09-25,285052837.9820659
2002-09-26,289716336.88026476
2002-09-27,279645659.3856155
2002-09-30,276401570.96876574
2002-10-01,289682571.22093457
2002-10-02,280997459.00611496
2002-10-03,278158737.4711534
2002-10-04,273055847.519621
2002-10-07,267412249.65121728
2002-10-08,271602671.3789417
2002-10-09,263931582.87803563
2002-10-10,272481373.9434194
2002-10-11,284410654.1172781
2002-10-14,285998972.43746746
2002-10-15,299753129.4023
2002-10-16,292487387.8977348
2002-10-17,298300072.5749046
2002-10-18,299550356.47639304
2002-10-21,304720737.97549117
2002-10-22,302524279.8475066
2002-10-23,304822213.92340755
2002-10-24,298604420.87646455
2002-10-25,304822213.9234075
2002-10-28,302828389.5224988
2002-10-29,299313758.2345138
2002-10-30,302220329.25689274
2002-10-31,299144870.28122085
2002-11-01,305058951.3641178
2002-11-04,307965224.1032871
2002-11-05,310398399.78643465
2002-11-06,314419814.2475823
2002-11-07,306714801.00296754
2002-11-08,302963651.0152927
2002-11-11,298266287.0300271
2002-11-12,300631891.6234196
2002-11-13,300935842.21403337
2002-11-14,306613504.0249769
2002-11-15,308877473.5860746
2002-11-18,305768507.4631875
2002-11-19,305363061.03911
2002-11-20,312155665.7165589
2002-11-21,317968032.22497165
2002-11-22,315703824.03730625
2002-11-25,315906736.16204447
2002-11-26,309891358.1011569
2002-11-27,318610156.4331175
2002-11-29,317596470.77350825
2002-12-02,318103094.86229247
2002-12-03,313845539.5268538
2002-12-04,312425950.075579
2002-12-05,308978850.10625446
2002-12-06,311006420.2809461
2002-12-09,302456788.29994076
2002-12-10,306511948.53487134
2002-12-11,306782252.7794388
2002-12-12,306748546.7767505
2002-12-13,301916080.38306946
2002-12-16,309722330.94903296
2002-12-17,307018890.7924126
2002-12-18,303470533.61619204
2002-12-19,301307701.9487065
2002-12-20,305607156.13232464
2002-12-23,305708870.7068087
2002-12-24,303433506.7271031
2002-12-26,303569384.6718636
2002-12-27,296743511.47376734
2002-12-30,299222523.3434615
2002-12-31,299629978.2078172
2003-01-02,309274786.8213029
2003-01-03,310225534.7236801
2003-01-06,315693145.49840164
2003-01-07,314912240.05558825
2003-01-08,310361512.0961771
2003-01-09,315183777.2040888
2003-01-10,316032790.64643455
2003-01-13,315930837.4453828
2003-01-14,316949852.4316707
2003-01-15,313791331.52489036
2003-01-16,312500938.4744803
2003-01-17,307882380.91319907
2003-01-21,303093941.1212595
2003-01-22,299426429.7455651
2003-01-23,301260095.94844943
2003-01-24,293347398.04774237
2003-01-27,289340321.0662043
2003-01-28,291479588.360129
2003-01-29,293687142.6235118
2003-01-30,286725252.2818239
2003-01-31,292260811.97169936
2003-02-03,292838129.18116605
2003-02-04,289951463.59164315
2003-02-05,288151503.3914471
2003-02-06,286793280.739167
2003-02-07,283295273.76873213
2003-02-10,285298961.401106
2003-02-11,283329158.7413462
2003-02-12,278812494.72447485
2003-02-13,279661528.0523679
2003-02-14,285774305.5239736
2003-02-18,290800437.2628943
2003-02-19,289272392.03659767
2003-02-20,286385726.4470748
2003-02-21,289272392.0365977
2003-02-24,284585587.27695304
2003-02-25,286861169.997679
2003-02-26,282683932.38782024
2003-02-27,286419730.7329728
2003-02-28,288321186.76663256
2003-03-03,285570597.9773432
2003-03-04,281019830.24683744
2003-03-05,283397246.8553313
2003-03-06,281019830.2468374
2003-03-07,282955608.73515195
2003-03-10,276163501.19638586
2003-03-11,273446777.4941633
2003-03-12,275280761.86580455
2003-03-13,284789593.1067932
2003-03-14,285706296.9521778
2003-03-17,294705918.98323214
2003-03-18,296437791.06944317
2003-03-19,298713135.16360146
2003-03-20,299358460.94486403
2003-03-21,305748124.7771963
2003-03-24,295587286.2110493
2003-03-25,298417198.44855314
2003-03-26,296917012.8740361
2003-03-27,297155758.75502455
2003-03-28,295655414.096129
2003-03-31,288938294.9562641
2003-04-01,293370942.53575605
2003-04-02,300463202.5256
2003-04-03,299031065.2939734
2003-04-04,300804140.23420805
2003-04-07,300224476.5301589
2003-04-08,300701749.55111545
2003-04-09,296746474.42031664
2003-04-10,298383114.6204662
2003-04-11,297155758.75502473
2003-04-14,303293234.07638776
2003-04-15,306123265.62717545
2003-04-16,300906272.40518564
2003-04-17,305373143.0115959
2003-04-21,305679917.34992754
2003-04-22,311442311.47795355
2003-04-23,314306446.7423757
2003-04-24,311510518.9052225
2003-04-25,307657654.34306353
2003-04-28,312976759.8504836
2003-04-29,314068019.03014416
2003-04-30,313385924.8719078
2003-05-01,313351880.81491524
2003-05-02,317818651.993589
2003-05-05,317204645.94933766
2003-05-06,320205235.83939224
2003-05-07,318432220.55579954
2003-05-08,315227107.8116748
2003-05-09,319591587.73499244
2003-05-12,323512798.92325145
2003-05-13,322933055.67701304
2003-05-14,322251220.03089166
2003-05-15,324297025.25246537
2003-05-16,323478715.0951643
2003-05-19,315909102.5421746
2003-05-20,315261271.1819511
2003-05-21,315909102.5421746
2003-05-22,319046087.4012196
2003-05-23,319693878.99034846
2003-05-27,325285774.43574953
2003-05-28,326206375.8484067
2003-05-29,325354081.290755
2003-05-30,330570716.5728932
2003-06-02,331934686.1483456
2003-06-03,333298556.2960614
2003-06-04,338106245.2977958
2003-06-05,339777188.06705284
2003-06-06,338447322.20523494
2003-06-09,335003264.72464865
2003-06-10,338413198.60605323
2003-06-11,341993114.1458527
2003-06-12,343050229.8407842
2003-06-13,339470155.21660626
2003-06-16,346630463.5493406
2003-06-17,346630463.5493406
2003-06-18,346323589.78327245
2003-06-19,341038647.6461288
2003-06-20,340285661.5117368
2003-06-23,336795270.7059212
2003-06-24,337137421.43291503
2003-06-25,333749759.3644963
2003-06-26,338095745.72881687
2003-06-27,334194678.59998155
2003-06-30,334091830.54930085
2003-07-01,337171704.1164753
2003-07-02,341415001.51449364
2003-07-03,337890487.1094963
2003-07-07,344597484.5057811
2003-07-08,346137301.9760845
2003-07-09,344187086.5804238
2003-07-10,339806578.9059753
2003-07-11,343023424.1230121
2003-07-14,344700133.7009887
2003-07-15,343947346.42206985
2003-07-16,341928327.032721
2003-07-17,337068935.6079839
2003-07-18,340525242.5857124
2003-07-21,336316068.7868758
2003-07-22,339361699.44158465
2003-07-23,339601519.1421278
2003-07-24,337034891.5509914
2003-07-25,342989181.21054655
2003-07-28,341723108.18449503
2003-07-29,340149008.0306314
2003-07-30,339327695.15568674
2003-07-31,340114606.03378737
2003-08-01,337103297.83373344
2003-08-04,337103297.83373344
2003-08-05,329951222.1175849
2003-08-06,331867592.31172615
2003-08-07,335357983.1175418
2003-08-08,336316068.7868759
2003-08-11,337582420.21058977
2003-08-12,340662174.46448034
2003-08-13,338917058.6037618
2003-08-14,339840941.13172483
2003-08-15,340901795.3095504
2003-08-18,343844657.45576775
2003-08-19,345145013.1653795
2003-08-20,343742087.8027494
2003-08-21,344836866.72428364
2003-08-22,341415001.5144939
2003-08-25,341962490.40299755
2003-08-26,342578624.2008109
2003-08-27,342681114.3116401
2003-08-28,344802862.4383858
2003-08-29,347129789.6422629
2003-09-02,351783922.44767934
2003-09-03,353700133.5574421
2003-09-04,353871228.8064863
2003-09-05,351886412.55850846
2003-09-08,354795111.33444947
2003-09-09,352468144.35947776
2003-09-10,348909227.9576363
2003-09-11,349935878.9940908
2003-09-12,350586017.0778021
2003-09-15,349354147.19312155
2003-09-16,354452920.83636105
2003-09-17,353768460.2979949
2003-09-18,357943430.9554605
2003-09-19,356122750.0149688
2003-09-22,352275493.1771509
2003-09-23,353615142.72824466
2003-09-24,347328684.8864446
2003-09-25,344477534.8844151
2003-09-26,343344018.9167235
2003-09-29,346710522.7628058
2003-09-30,343344018.91672355
2003-10-01,350660826.5067775
2003-10-02,351931870.9196562
2003-10-03,355160925.8627407
2003-10-06,356775353.90654635
2003-10-07,358149564.5388627
2003-10-08,357256385.2959443
2003-10-09,358218090.1348885
2003-10-10,359214435.59724456
2003-10-13,360347872.022747
2003-10-14,361619115.2910988
2003-10-15,360657092.28339756
2003-10-16,362099987.59611815
2003-10-17,358149564.53886265
2003-10-20,360829022.7254287
2003-10-21,360210582.20412755
2003-10-22,355676279.70679337
2003-10-23,355023397.41755354
2003-10-24,355813450.212129
2003-10-27,355985420.42525476
2003-10-28,360829022.7254287
2003-10-29,361309895.03044814
2003-10-30,362065545.8281795
2003-10-31,361722201.96834713
2003-11-03,364092400.12316793
2003-11-04,363302267.7864033
2003-11-05,363577125.8213044
2003-11-06,365500654.81247675
2003-11-07,362787033.2556343
2003-11-10,361309895.030448
2003-11-11,361206609.4977265
2003-11-12,365260119.2322305
2003-11-13,365363364.9938573
2003-11-14,362271679.4115815
2003-11-17,360451117.78437364
2003-11-18,356706748.76833105
2003-11-19,359729749.67020255
2003-11-20,356500615.1849289
2003-11-21,357977832.95230436
2003-11-24,362718308.80413526
2003-11-25,364092400.12316775
2003-11-26,365397568.1352282
2003-11-28,365672505.7123186
2003-12-01,369622769.6851956
2003-12-02,368695506.61419004
2003-12-03,368111507.86082757
2003-12-04,369622769.68519557
2003-12-05,367046716.34463483
2003-12-08,369519961.4056095
2003-12-09,366668652.31920147
2003-12-10,366634488.9489251
2003-12-11,370756564.05054945
2003-12-12,371477812.85143673
2003-12-15,369622769.68519557
2003-12-16,371546577.0740303
2003-12-17,372714534.80966055
2003-12-18,376905413.9049731
2003-12-19,375856212.6578705
2003-12-22,378479394.74555284
2003-12-23,378720765.5187861
2003-12-24,378341309.50504106
2003-12-26,378617400.4438754
2003-12-29,383656437.9029994
2003-12-30,383725321.4388768
2003-12-31,384070454.99796695
2004-01-02,383897927.9895165
2004-01-05,388074211.0931045
2004-01-06,388453905.73341715
2004-01-07,389765357.57842714
2004-01-08,391318379.05214345
2004-01-09,387901644.31355935
2004-01-12,390766038.0900965
2004-01-13,388488267.9591665
2004-01-14,391732754.0869625
2004-01-15,392698953.05959857
2004-01-16,394252093.8465988
2004-01-20,394148649.22949886
2004-01-21,397254692.1769316
2004-01-22,396219490.3551343
2004-01-23,394942559.82025224
2004-01-26,399912475.1169312
2004-01-27,395805473.2601668
2004-01-28,391283897.5131103
2004-01-29,391663671.6956122
2004-01-30,391663671.6956122
2004-02-02,393354897.72312415
2004-02-03,392698953.05959874
2004-02-04,389489306.4106876
2004-02-05,390628350.5605311
2004-02-06,395011403.58503515
2004-02-09,395115126.5997974
2004-02-10,396391937.8213957
2004-02-11,400602662.69292235
2004-02-12,399153165.3784952
2004-02-13,397358534.5049779
2004-02-17,400947716.7098232
2004-02-18,399187487.83314997
2004-02-19,397703548.7507841
2004-02-20,396495501.75177944
2004-02-23,395494701.92682624
2004-02-24,394804315.49536216
2004-02-25,396461219.06821924
2004-02-26,396702709.15473634
2004-02-27,396978839.86466527
2004-03-01,400913434.0262631
2004-03-02,398566342.877415
2004-03-03,399291011.9924393
2004-03-04,400326611.5251828
2004-03-05,401672664.22251
2004-03-08,396771552.9195192
2004-03-09,395184129.44895875
2004-03-10,388557270.8083281
2004-03-11,383518233.349204
2004-03-12,388557270.80832803
2004-03-15,383794364.0591329
2004-03-16,385830803.1879242
2004-03-17,390145091.98983467
2004-03-18,390248417.2936508
2004-03-19,384654771.92008656
2004-03-22,379771597.38076824
2004-03-23,379113505.0781335
2004-03-24,379425151.37555575
2004-03-25,384447166.8061835
2004-03-26,384551128.4475135
2004-03-29,389954190.735671
2004-03-30,391270375.3409405
2004-03-31,391720584.1320099
2004-04-01,394075709.0419708
2004-04-02,397054285.63115466
2004-04-05,399236286.96624583
2004-04-06,397954663.4421989
2004-04-07,397019684.7788375
2004-04-08,396119108.11232024
2004-04-12,397677816.8525669
2004-04-13,392101352.5918774
2004-04-14,392724923.5843842
2004-04-15,391235535.8620557
2004-04-16,394248912.1590298
2004-04-19,394248912.1590298
2004-04-20,387633507.59364897
2004-04-21,390231196.40968156
2004-04-22,395703579.7157572
2004-04-23,396084586.8021922
2004-04-26,395530217.5143197
2004-04-27,395876703.2906269
2004-04-28,390750765.98976374
2004-04-29,387321940.8384159
2004-04-30,384308763.39691496
2004-05-03,388430241.9321201
2004-05-04,388118357.00813013
2004-05-05,390612243.26721126
2004-05-06,387252540.2783085
2004-05-07,380845257.85106075
2004-05-10,376931463.97194785
2004-05-11,380117924.07269704
2004-05-12,382542290.45838684
2004-05-13,380948941.0947284
2004-05-14,381122183.98288196
2004-05-17,377866522.17749846
2004-05-18,379771597.38076836
2004-05-19,378455492.3176881
2004-05-20,379667516.4261545
2004-05-21,380325688.27097845
2004-05-24,381918799.0080692
2004-05-25,387391182.3141449
2004-05-26,388741967.7717316
2004-05-27,390923889.5646335
2004-05-28,390889368.2545055
2004-06-01,390369917.98770714
2004-06-02,391824227.604583
2004-06-03,388222358.4205547
2004-06-04,391304936.42216307
2004-06-07,397262049.82943606
2004-06-08,397816299.8040247
2004-06-09,394110230.3520987
2004-06-10,396049866.63659114
2004-06-14,392135953.4441944
2004-06-15,394907004.46166444
2004-06-16,394837683.44374627
2004-06-17,394248912.1590297
2004-06-18,394992830.4838489
2004-06-21,393498153.2059364
2004-06-22,395479509.36868256
2004-06-23,398886062.7070446
2004-06-24,397634625.44381225
2004-06-25,395722868.69664663
2004-06-28,394367072.0811382
2004-06-29,396000828.8769279
2004-06-30,398121264.55755126
2004-07-01,392594235.76747125
2004-07-02,392385715.918392
2004-07-06,388944283.3300504
2004-07-07,390091480.5542904
2004-07-08,387380046.40765196
2004-07-09,388388124.3429201
2004-07-12,388561924.0263983
2004-07-13,388840083.0621526
2004-07-14,387658125.901217
2004-07-15,385155291.14584696
2004-07-16,384842571.02887005
2004-07-19,383208734.6908911
2004-07-20,388075364.4548486
2004-07-21,380914459.555695
2004-07-22,381957257.65656424
2004-07-23,378759303.7094706
2004-07-26,378029185.9544837
2004-07-27,381574938.1240068
2004-07-28,382721976.2638684
2004-07-29,384355733.05965817
2004-07-30,385294171.80825126
2004-08-02,386093968.5210079
2004-08-03,383104454.8808043
2004-08-04,383069456.31754094
2004-08-05,376812707.4834202
2004-08-06,371424479.81355506
2004-08-09,371945958.40617895
2004-08-10,376742988.7545559
2004-08-11,375978309.9183464
2004-08-12,371876637.3882607
2004-08-13,372606476.7455853
2004-08-16,376464988.8031799
2004-08-17,378585344.94161403
2004-08-18,382478616.93590426
2004-08-19,381366259.19054914
2004-08-20,384042973.17158663
2004-08-23,383069456.317541
2004-08-24,383591054.2234487
2004-08-25,386198009.70452714
2004-08-26,386198009.70452714
2004-08-27,387414806.34434766
2004-08-30,384216693.31287557
2004-08-31,386232888.95450664
2004-09-01,386962768.08292586
2004-09-02,391342798.5042389
2004-09-03,389743881.18733406
2004-09-07,392316116.50281143
2004-09-08,391342798.50423884
2004-09-09,390995159.3661878
2004-09-10,393011434.55000806
2004-09-13,394297631.749936
2004-09-14,395097150.06503034
2004-09-15,392107477.34044826
2004-09-16,393289354.95919466
2004-09-17,394961451.0901956
2004-09-20,392587912.1634269
2004-09-21,394298109.00307137
2004-09-22,389376276.9597849
2004-09-23,387282169.7437983
2004-09-24,389062363.70996946
2004-09-27,386584067.7199784
2004-09-28,388433980.4150139
2004-09-29,390388888.79983944
2004-09-30,390109576.4023412
2004-10-01,396706845.3485764
2004-10-04,397370068.12241685
2004-10-05,397579303.8511992
2004-10-06,400302072.75980365
2004-10-07,396008663.7825673
2004-10-08,392727508.70553404
2004-10-11,394333187.10852385
2004-10-12,392797466.0609661
2004-10-13,389341636.33637303
2004-10-14,386199958.4881631
2004-10-15,388364261.68614954
2004-10-18,389830224.2337483
2004-10-19,386549108.92780966
2004-10-20,385781049.5485577
2004-10-21,388294542.9572852
2004-10-22,383931057.311333
2004-10-25,383477507.74831575
2004-10-26,389341636.3363732
2004-10-27,394019035.2321409
2004-10-28,395205725.153336
2004-10-29,395136165.5088501
2004-11-01,396218058.5957282
2004-11-02,396357734.6800246
2004-11-03,401349444.5365539
2004-11-04,406829622.97717464
2004-11-05,409377717.23821926
2004-11-08,408784372.2776217
2004-11-09,407981274.56401175
2004-11-10,408295426.4403949
2004-11-11,411402264.80971986
2004-11-12,414648302.0102059
2004-11-15,415667157.91211545
2004-11-16,412691325.52846026
2004-11-17,415142020.3787868
2004-11-18,415702315.5597573
2004-11-19,411081033.6784948
2004-11-22,413041549.78766143
2004-11-23,413671802.32406396
2004-11-24,414652080.2641946
2004-11-26,414336894.3393514
2004-11-29,412446415.1278061
2004-11-30,412726522.9471968
2004-12-01,417417642.87060744
2004-12-02,417767827.358714
2004-12-03,417487878.6237018
2004-12-06,417347605.9729861
2004-12-07,413461612.08901083
2004-12-08,415877228.8338848
2004-12-09,417347605.9729861
2004-12-10,417767827.3587139
2004-12-13,421408711.9865619
2004-12-14,422878969.81237936
2004-12-15,423194235.2794118
2004-12-16,422949165.7943792
2004-12-17,420128281.5953535
2004-12-20,420233635.2249951
2004-12-21,423469769.4229214
2004-12-22,424489818.45766944
2004-12-23,424806475.91301346
2004-12-27,423927097.2399273
2004-12-28,426248734.88822025
2004-12-29,426881811.17234063
2004-12-30,426072747.7945381
2004-12-31,425158211.4738101
2005-01-03,423153231.28086114
2005-01-04,417982352.6430803
2005-01-05,415098113.09032905
2005-01-06,417208645.7683926
2005-01-07,416610806.67410326
2005-01-10,418580430.36393726
2005-01-11,415696111.2689968
2005-01-12,417067856.09344685
2005-01-13,413726487.5791628
2005-01-14,415907096.9259423
2005-01-18,420233635.22499496
2005-01-19,415836821.4017533
2005-01-20,413304118.55432564
2005-01-21,410771654.33346564
2005-01-24,409962750.04004157
2005-01-25,411123310.352073
2005-01-26,412354543.89923966
2005-01-27,413057855.9364545
2005-01-28,413057855.9364545
2005-01-31,415625875.51590246
2005-02-01,418263812.67968786
2005-02-02,419530243.64559096
2005-02-03,418439680.46008617
2005-02-04,422906968.6629899
2005-02-07,422344048.5897747
2005-02-08,422836573.8255171
2005-02-09,419670993.5494421
2005-02-10,421183368.9644594
2005-02-11,424806475.9130134
2005-02-14,424489818.4576694
2005-02-15,426072747.7945381
2005-02-16,426354247.60224026
2005-02-17,422906968.6629899
2005-02-18,423469769.4229213
2005-02-22,417173527.8918454
2005-02-23,420163280.1586167
2005-02-24,422942245.6239156
2005-02-25,427127954.47692794
2005-02-28,424313871.1350819
2005-03-01,426424443.5842401
2005-03-02,426213497.6983892
2005-03-03,426389285.93659824
2005-03-04,431700795.1649464
2005-03-07,431911780.8218919
2005-03-08,430293693.8373814
2005-03-09,425509947.03460675
2005-03-10,426459481.9185981
2005-03-11,423469769.4229214
2005-03-14,426107865.67108536
2005-03-15,422590390.74983525
2005-03-16,419002520.9911123
2005-03-17,419846662.47436744
2005-03-18,418600196.5979623
2005-03-21,417046339.931259
2005-03-22,412808968.4263386
2005-03-23,413161976.662163
2005-03-24,413656410.91044706
2005-03-28,414256755.5836973
2005-03-29,411502249.3415882
2005-03-30,417328913.55851597
2005-03-31,416551985.2251643
2005-04-01,414680277.97027844
2005-04-04,415386652.3817788
2005-04-05,417364071.20615774
2005-04-06,418812017.4478948
2005-04-07,421072208.7550038
2005-04-08,416693371.46652925
2005-04-11,417011182.2836172
2005-04-12,419165304.0813815
2005-04-13,414221558.1649608
2005-04-14,408818495.87680334
2005-04-15,403097861.39812565
2005-04-18,404333787.9344571
2005-04-19,407547252.6084515
2005-04-20,401861855.3196048
2005-04-21,409665978.1320062
2005-04-22,408112360.0918706
2005-04-25,410796113.55665535
2005-04-26,406805800.09149855
2005-04-27,408394734.86365443
2005-04-28,403274285.97384846
2005-04-29,408747822.641668
2005-05-02,411043251.1386081
2005-05-03,411749506.2368245
2005-05-04,414927654.1787987
2005-05-05,414786387.2507176
2005-05-06,413479707.93706167
2005-05-09,416057550.9768802
2005-05-10,411749506.23682463
2005-05-11,414009578.2306498
2005-05-12,409454077.7398846
2005-05-13,408642071.3010804
2005-05-16,412455721.5639466
2005-05-17,415210188.0349611
2005-05-18,419482916.04299635
2005-05-19,421248712.872916
2005-05-20,420648368.1996657
2005-05-23,422978954.34424764
2005-05-24,421990244.9320581
2005-05-25,421672434.11497015
2005-05-26,423932466.33770066
2005-05-27,424638761.2070118
2005-05-31,421919770.55239606
2005-06-01,425521560.19423515
2005-06-02,426439596.37128943
2005-06-03,424285554.1157144
2005-06-06,423897229.1478697
2005-06-07,424215039.96495765
2005-06-08,423438111.631606
2005-06-09,425450926.7301945
2005-06-10,424462177.5469104
2005-06-13,425804094.0503974
2005-06-14,426792922.7758708
2005-06-15,427604929.21467507
2005-06-16,428699588.82292545
2005-06-17,430288245.197419
2005-06-20,430430029.1497302
2005-06-21,430678161.0090484
2005-06-22,431032680.54646826
2005-06-23,424969776.02751285
2005-06-24,421849813.196964
2005-06-27,422452742.9913644
2005-06-28,425998137.2210359
2005-06-29,424863428.12050575
2005-06-30,422558812.50070906
2005-07-01,423799949.0504354
2005-07-05,427203638.86998504
2005-07-06,423622410.8840632
2005-07-07,425289098.1461962
2005-07-08,430146341.93182397
2005-07-11,432344689.18680286
2005-07-12,433479239.20295453
2005-07-13,434081850.82859796
2005-07-14,435783775.280562
2005-07-15,435535603.65014917
2005-07-18,433798203.3817864
2005-07-19,436173730.863286
2005-07-20,437662840.1879521
2005-07-21,435110092.7088372
2005-07-22,438017518.80975044
2005-07-25,436776461.80221325
2005-07-26,437308280.8794376
2005-07-27,438903777.88220537
2005-07-28,441669221.17533433
2005-07-29,438726637.42677927
2005-08-01,438407474.3924743
2005-08-02,441031133.7332921
2005-08-03,442201119.7947479
2005-08-04,438655805.1072656
2005-08-05,435677347.83136564
2005-08-08,434861722.22295123
2005-08-09,437485659.9614313
2005-08-10,437272765.2919442
2005-08-11,439010404.18687475
2005-08-12,436315514.8155971
2005-08-15,439010404.18687475
2005-08-16,433301820.34986615
2005-08-17,433266463.8467513
2005-08-18,433230948.2592579
2005-08-19,434223674.55200374
2005-08-22,434223674.55200374
2005-08-23,433408128.48577857
2005-08-24,429543650.7639913
2005-08-25,431103632.1792657
2005-08-26,428160730.2619537
2005-08-29,431458151.7166855
2005-08-30,429189210.7687606
2005-08-31,434613828.99020076
2005-09-01,434294506.87151736
2005-09-02,433514715.0193533
2005-09-06,438584773.93227893
2005-09-07,439329447.9078958
2005-09-08,437875695.0863446
2005-09-09,441775887.2510983
2005-09-12,440889230.4676971
2005-09-13,438442910.4377784
2005-09-14,436847294.1217268
2005-09-15,436634717.6209966
2005-09-16,439739607.20668536
2005-09-19,438279689.86546844
2005-09-20,434576563.47454417
2005-09-21,430517485.7867938
2005-09-22,432048474.07409215
2005-09-23,432404743.5396752
2005-09-26,432903234.4396102
2005-09-27,432796369.50837314
2005-09-28,433223431.5223752
2005-09-29,436748582.26488644
2005-09-30,438101634.67486626
2005-10-03,436535130.8000746
2005-10-04,431621213.204617
2005-10-05,425960036.5123924
2005-10-06,424428809.5985264
2005-10-07,425888687.1686488
2005-10-10,422292346.1667723
2005-10-11,421687149.41997874
2005-10-12,418375728.53994155
2005-10-13,418126363.7766902
2005-10-14,422541591.6167397
2005-10-17,424108254.57590985
2005-10-18,419515170.40073115
2005-10-19,426493963.4576315
2005-10-20,418981203.6843974
2005-10-21,420618897.8185543
2005-10-24,427134834.8762969
2005-10-25,426280352.90844125
2005-10-26,425034165.4296984
2005-10-27,420512152.20060104
2005-10-28,426565074.1748075
2005-10-31,427740190.707469
2005-11-01,429022132.4002729
2005-11-02,433508431.1864038
2005-11-03,435360014.2674132
2005-11-04,434790213.79482913
2005-11-07,435217593.97758806
2005-11-08,435217593.97758806
2005-11-09,435787275.1368882
2005-11-10,439169806.7341013
2005-11-11,440665438.5182847
2005-11-14,440416113.526128
2005-11-15,438813815.6661807
2005-11-16,439703892.76371896
2005-11-17,443798645.12334114
2005-11-18,445543482.58639735
2005-11-21,447786453.00953704
2005-11-22,449709544.51866865
2005-11-23,452308585.55191827
2005-11-25,452664775.475312
2005-11-28,449459980.8999442
2005-11-29,448961490.0000092
2005-11-30,446540345.0729834
2005-12-01,451098112.51614183
2005-12-02,451667674.3621582
2005-12-05,450706327.46306545
2005-12-06,451560968.5152996
2005-12-07,448926053.95470506
2005-12-08,448641332.6883388
2005-12-09,449816131.05224335
2005-12-12,450243471.4639078
2005-12-13,453305607.12288284
2005-12-14,455085840.8601486
2005-12-15,453768423.35094595
2005-12-16,452308108.2987828
2005-12-19,449981419.72147346
2005-12-20,450410947.5433418
2005-12-21,451126867.01755035
2005-12-22,453489429.1222047
2005-12-23,453739827.93391615
2005-12-27,449122204.9933585
2005-12-28,450124595.6620964
2005-12-29,448120172.2644721
2005-12-30,445686022.1895064
2006-01-03,453525103.7940766
2006-01-04,455672862.21670216
2006-01-05,455959174.32685304
2006-01-06,459753376.5244513
2006-01-09,460934458.7213053
2006-01-10,461399939.6127078
2006-01-11,462867811.1728482
2006-01-12,461042158.8455293
2006-01-13,460612471.9392825
2006-01-17,459359642.68773854
2006-01-18,457533990.3604197
2006-01-19,459287855.8619541
2006-01-20,450912142.8777108
2006-01-23,452522752.8964332
2006-01-24,452988034.93236256
2006-01-25,453382007.39564294
2006-01-26,455887665.8987308
2006-01-27,460111316.3760081
2006-01-30,459753376.52445114
2006-01-31,456388741.91981584
2006-02-01,459574366.82757807
2006-02-02,454240983.49719036
2006-02-03,451986002.20347625
2006-02-06,453167163.94251955
2006-02-07,449157998.9785141
2006-02-08,453238632.5995471
2006-02-09,452487038.4534668
2006-02-10,453310459.1964262
2006-02-13,452487038.4534668
2006-02-14,457283551.7776137
2006-02-15,458894360.65180916
2006-02-16,462330782.0822289
2006-02-17,461077913.0595904
2006-02-21,459932465.76351357
2006-02-22,462724476.14784694
2006-02-23,462044271.1166049
2006-02-24,463225631.71112126
2006-02-27,463404641.4079944
2006-02-28,459001623.2939924
2006-03-01,463082495.54159313
2006-03-02,463046622.0142482
2006-03-03,460898863.59162265
2006-03-06,458786978.6963421
2006-03-07,458071019.45103896
2006-03-08,459037496.82133734
2006-03-09,455959174.326853
2006-03-10,460290485.15725964
2006-03-13,461149540.80099624
2006-03-14,465981728.797015
2006-03-15,468057819.70713985
2006-03-16,469024297.07743824
2006-03-17,469416042.35942006
2006-03-20,468661425.6101488
2006-03-21,465714506.8122805
2006-03-22,468553805.028114
2006-03-23,467583231.2350701
2006-03-24,467942801.7015064
2006-03-27,467259971.77801955
2006-03-28,464384839.80593574
2006-03-29,467295606.67879677
2006-03-30,466469203.10374105
2006-03-31,466577102.08343816
2006-04-03,466217611.15919113
2006-04-04,469200721.65316135
2006-04-05,470817774.5892118
2006-04-06,470314630.4712066
2006-04-07,465534701.6935152
2006-04-10,466253444.9154415
2006-04-11,462300635.592509
2006-04-12,463163071.7792881
2006-04-13,462552028.6815858
2006-04-17,462372501.9604827
2006-04-18,469703547.6024097
2006-04-19,470601976.6298177
2006-04-20,471248893.254865
2006-04-21,471320839.165028
2006-04-24,470458323.4360596
2006-04-25,468517653.1031071
2006-04-26,468625472.5406149
2006-04-27,470889442.1017126
2006-04-28,472470701.05260736
2006-05-01,468625472.54061496
2006-05-02,472147481.3666515
2006-05-03,470386337.75480205
2006-05-04,472075495.6853939
2006-05-05,476244182.50991
2006-05-08,475669172.0239311
2006-05-09,476603713.2052517
2006-05-10,476352200.802891
2006-05-11,470601976.6298179
2006-05-12,464456745.94500446
2006-05-15,465391008.72866267
2006-05-16,464708496.97393286
2006-05-17,455867661.0381387
2006-05-18,453567817.9496961
2006-05-19,456766050.294452
2006-05-22,453280074.0801389
2006-05-23,449830170.2486439
2006-05-24,453424085.21374863
2006-05-25,459030258.48211735
2006-05-26,461366054.6400941
2006-05-30,453172254.642631
2006-05-31,458239529.5789334
2006-06-01,462623895.0495598
2006-06-02,463594230.216036
2006-06-05,456838035.97570944
2006-06-06,455723928.30219114
2006-06-07,452309937.76913565
2006-06-08,451914454.0042599
2006-06-09,450477166.4158803
2006-06-12,445589617.0561541
2006-06-13,440414403.3690599
2006-06-14,443828592.75758857
2006-06-15,453244319.86607784
2006-06-16,449941410.0002888
2006-06-19,446403810.9051622
2006-06-20,447920004.3452628
2006-06-21,451240930.5169135
2006-06-22,449255517.7025163
2006-06-23,449183293.39469105
2006-06-26,451168507.3536151
2006-06-27,447270263.97249764
2006-06-28,450302451.99722576
2006-06-29,459398618.360464
2006-06-30,459434770.2854712
2006-07-03,461311687.55375195
2006-07-05,458676653.6798736
2006-07-06,460012365.8926002
2006-07-07,457016329.79287934
2006-07-10,457882584.0047418
2006-07-11,459903870.3464839
2006-07-12,454995003.6800427
2006-07-13,447595114.27333283
2006-07-14,445862526.30741876
2006-07-17,445212865.4768429
2006-07-18,447486817.5826895
2006-07-19,453695403.62122864
2006-07-20,450590991.28867525
2006-07-21,447414672.81705356
2006-07-24,455572519.7449825
2006-07-25,457196731.47806406
2006-07-26,457810439.23910576
2006-07-27,457377172.9343434
2006-07-28,461961547.23980093
2006-07-31,461492248.3233152
2006-08-01,459218137.1330901
2006-08-02,462322509.69454885
2006-08-03,463549686.59006447
2006-08-04,462755537.3727434
2006-08-07,461672689.7795944
2006-08-08,459903870.3464839
2006-08-09,458351723.83684915
2006-08-10,459759660.35740113
2006-08-11,458460179.611871
2006-08-14,458821181.8377134
2006-08-15,464307882.7378513
2006-08-16,468170133.27834
2006-08-17,469361078.7066592
2006-08-18,471743605.9008115
2006-08-21,469722399.10125864
2006-08-22,469686127.86296755
2006-08-23,468386647.11743736
2006-08-24,467989492.9665876
2006-08-25,468567168.1159059
2006-08-28,470805008.06783986
2006-08-29,471346531.29215086
2006-08-30,471635348.9812627
2006-08-31,471563164.44453204
2006-09-01,474378600.0035952
2006-09-05,475281125.4537487
2006-09-06,471093865.5280463
2006-09-07,468928011.2573699
2006-09-08,470263564.3857181
2006-09-11,470732823.5311092
2006-09-12,475353230.4482901
2006-09-13,477266458.7259566
2006-09-14,477302531.1087746
2006-09-15,478422644.21758014
2006-09-18,479075168.5669685
2006-09-19,477878973.35415983
2006-09-20,480416806.67279327
2006-09-21,478096401.9284335
2006-09-22,476646268.2764924
2006-09-25,480307913.4157308
2006-09-26,484295880.38630515
2006-09-27,484876061.11458427
2006-09-28,484694864.0075072
2006-09-29,484295880.3863051
2006-10-02,482483233.2069261
2006-10-03,483498350.6259416
2006-10-04,489154197.99148744
2006-10-05,490096812.70501536
2006-10-06,489480559.59391814
2006-10-09,489770411.33149004
2006-10-10,490423015.2230675
2006-10-11,489843073.12135607
2006-10-12,494085097.8443467
2006-10-13,495353954.84702146
2006-10-16,496115253.14018846
2006-10-17,494556266.0022795
2006-10-18,495208869.89385706
2006-10-19,496006439.42531514
2006-10-20,496115253.1401884
2006-10-23,498399585.50173014
2006-10-24,499885751.76539457
2006-10-25,501589784.08537334
2006-10-26,503148810.9943769
2006-10-27,499994565.4802679
2006-10-30,499632012.18173534
2006-10-31,499559350.39186925
2006-11-01,496187835.3878651
2006-11-02,495897745.0237255
2006-11-03,495027553.47349596
2006-11-06,500610858.3624596
2006-11-07,502532478.3410904
2006-11-08,503619820.0679312
2006-11-09,500973332.11880296
2006-11-10,501191237.94621193
2006-11-13,502423863.48169017
2006-11-14,506194043.9381395
2006-11-15,507644336.674459
2006-11-16,508949703.5419926
2006-11-17,509094629.4107785
2006-11-20,509384600.4616342
2006-11-21,509892079.62895274
2006-11-22,510907077.7346844
2006-11-24,508840850.0560247
2006-11-27,501843404.3557487
2006-11-28,504018923.0024172
2006-11-29,509275906.0600448
2006-11-30,509493414.1765076
2006-12-01,508369284.1871457
2006-12-04,512248636.2983198
2006-12-05,514460386.4121848
2006-12-06,514025290.63707
2006-12-07,511777468.140387
2006-12-08,512720122.6250095
2006-12-11,514206766.1418093
2006-12-12,513807901.833891
2006-12-13,514351572.69731134
2006-12-14,518883488.9289684
2006-12-15,518930816.53156316
2006-12-18,517508880.5857059
2006-12-19,518493374.261866
2006-12-20,518201414.6562793
2006-12-21,516305765.2024337
2006-12-22,513134020.40669304
2006-12-26,516160202.9961339
2006-12-27,519550609.2700813
2006-12-28,518457063.2524802
2006-12-29,516305765.2024337
2007-01-03,515394410.5692751
2007-01-04,516488115.67125463
2007-01-05,512368546.14859116
2007-01-08,514738306.82137126
2007-01-09,514300705.4672956
2007-01-10,516014441.93436104
2007-01-11,518274712.7836592
2007-01-12,522212090.92188025
2007-01-16,521191286.23633444
2007-01-17,521409907.9434465
2007-01-18,519660059.32246846
2007-01-19,520680864.00801426
2007-01-22,519076696.9066199
2007-01-23,520608003.36267513
2007-01-24,524800552.8439616
2007-01-25,518639175.0947335
2007-01-26,518165143.41798824
2007-01-29,517873979.23429394
2007-01-30,520571533.2689109
2007-01-31,524071230.510867
2007-02-01,527206505.21284354
2007-02-02,527935787.77484345
2007-02-05,528081588.60771096
2007-02-06,528227389.44057846
2007-02-07,529394034.73008645
2007-02-08,528701421.11732376
2007-02-09,524763883.89472425
2007-02-12,522977644.72217125
2007-02-13,527389134.07932675
2007-02-14,530852321.4564241
2007-02-15,531545133.9246599
2007-02-16,531289684.18393207
2007-02-20,532419819.60858124
2007-02-21,532200959.2749015
2007-02-22,531800106.41225237
2007-02-23,529722345.11615354
2007-02-26,529248313.43940824
2007-02-27,508577088.15652156
2007-02-28,513790402.55225927
2007-03-01,512259454.0360556
2007-03-02,505551144.19364846
2007-03-05,500738801.9738438
2007-03-06,509306012.7786701
2007-03-07,508795630.3214445
2007-03-08,513097669.6262128
2007-03-09,513243390.9168911
2007-03-12,514009143.57265526
2007-03-13,504019797.9664987
2007-03-14,507775104.0335611
2007-03-15,508467479.0197561
2007-03-16,507043872.68792486
2007-03-19,513156371.7618681
2007-03-20,515974670.8397436
2007-03-21,524466276.79370207
2007-03-22,524063554.6896059
2007-03-23,524832369.71965563
2007-03-26,524136892.58808047
2007-03-27,522892534.57969004
2007-03-28,519085645.4029088
2007-03-29,519634884.2195756
2007-03-30,519744612.6696251
2007-04-02,520330361.35115075
2007-04-03,525930211.0154753
2007-04-04,526516079.0102848
2007-04-05,527943503.3671993
2007-04-09,528675291.5081601
2007-04-10,529297629.59673375
2007-04-11,527138258.01447994
2007-04-12,529480855.02963626
2007-04-13,531896392.23232096
2007-04-16,536947718.9596819
2007-04-17,538374904.6900287
2007-04-18,539033553.7879881
2007-04-19,538887474.5574582
2007-04-20,543975072.5231102
2007-04-23,541925429.3909059
2007-04-24,542144886.2910049
2007-04-25,547122636.4933234
2007-04-26,547744895.0397079
2007-04-27,547305583.5285636
2007-04-30,542767065.2952
2007-05-01,544158218.4138234
2007-05-02,547342371.7910848
2007-05-03,550307147.8104362
2007-05-04,552393499.6629725
2007-05-07,552503148.5708327
2007-05-08,551771042.261115
2007-05-09,553271764.7454094
2007-05-10,547488928.27475
2007-05-11,552173923.4495896
2007-05-14,550965876.4505849
2007-05-15,551112273.8498716
2007-05-16,554882255.4508479
2007-05-17,553784334.6128389
2007-05-18,558615806.7291545
2007-05-21,558322813.0751078
2007-05-22,557883501.5639637
2007-05-23,557956839.4624382
2007-05-24,552905989.9882128
2007-05-25,555211639.6564696
2007-05-29,557224772.923815
2007-05-30,561763490.0126517
2007-05-31,561177741.3311261
2007-06-01,563959451.0019536
2007-06-04,564032669.5871444
2007-06-05,561800079.4196999
2007-06-06,555760838.7020419
2007-06-07,545731960.6278355
2007-06-08,552832572.5475491
2007-06-11,553784334.6128391
2007-06-12,547744895.039708
2007-06-13,555943586.881809
2007-06-14,559493992.2694023
2007-06-15,562677628.6224335
2007-06-18,562015559.210337
2007-06-19,563412638.2220584
2007-06-20,555582863.0536287
2007-06-21,558670651.0686319
2007-06-22,553413906.637572
2007-06-25,550767538.0017277
2007-06-26,545106440.8516923
2007-06-27,552862758.8083636
2007-06-28,552789261.8255105
2007-06-29,552972924.7404538
2007-07-02,557972389.9604336
2007-07-03,559993954.699838
2007-07-05,559405978.8370138
2007-07-06,562346574.0308379
2007-07-09,562787913.8678076
2007-07-10,554774396.2422453
2007-07-11,558707399.5600584
2007-07-12,567529543.0813824
2007-07-13,569220808.879989
2007-07-16,569147033.4994737
2007-07-17,568853164.8813454
2007-07-18,567823968.4948353
2007-07-19,570029355.2335615
2007-07-20,564258131.9225304
2007-07-23,565985748.5016173
2007-07-24,556171077.5430205
2007-07-25,557310758.0303779
2007-07-26,544114112.2698926
2007-07-27,533417119.5772079
2007-07-30,541761254.3123249
2007-07-31,535659413.8917391
2007-08-01,538269232.8916299
2007-08-02,542570118.8346543
2007-08-03,528601595.66983384
2007-08-06,537460527.453679
2007-08-07,543194763.6467158
2007-08-08,550767538.0017276
2007-08-09,534446236.42152864
2007-08-10,531946543.58263344
2007-08-13,533858141.2454206
2007-08-14,525697470.5697738
2007-08-15,518455790.5774522
2007-08-16,522352363.5725957
2007-08-17,531946543.58263344
2007-08-20,531689304.14264786
2007-08-21,532755328.5627737
2007-08-22,539077819.0162971
2007-08-23,538600207.9410363
2007-08-24,545253474.588493
2007-08-27,540180870.3255118
2007-08-28,528307408.8829487
2007-08-29,538673466.2973217
2007-08-30,537239877.4207416
2007-08-31,542533290.8010387
2007-09-04,548010247.7829953
2007-09-05,543268578.7983259
2007-09-06,544518345.6755843
2007-09-07,536945969.0315187
2007-09-10,535916534.0184409
2007-09-11,542165726.3445843
2007-09-12,543562646.2719272
2007-09-13,547385563.1998394
2007-09-14,547348814.7084129
2007-09-17,544408299.056778
2007-09-18,560435214.9946187
2007-09-19,563743454.1870863
2007-09-20,559773423.9801844
2007-09-21,561284327.8647009
2007-09-24,560249802.1515121
2007-09-25,559142018.082038
2007-09-26,562096692.2433567
2007-09-27,565420680.7892929
2007-09-28,563537201.2904003
2007-10-01,569889639.3781706
2007-10-02,569114103.0331306
2007-10-03,567969093.2190946
2007-10-04,568855750.0024958
2007-10-05,575614449.8217832
2007-10-08,572549013.1619549
2007-10-09,577941178.1701872
2007-10-10,576980905.0906492
2007-10-11,574210927.8927339
2007-10-12,577387246.3643557
2007-10-15,572512224.899434
2007-10-16,567969093.2190948
2007-10-17,569705340.1257136
2007-10-18,567636606.8680929
2007-10-19,552789381.1387947
2007-10-22,556002607.1862214
2007-10-23,560508274.495431
2007-10-24,559474106.7220937
2007-10-25,560803932.812817
2007-10-26,567378134.5241742
2007-10-29,569261892.4207292
2007-10-30,565309838.7485943
2007-10-31,571182279.4954268
2007-11-01,557812351.0756934
2007-11-02,558440137.8042296
2007-11-05,554192823.5256549
2007-11-06,561653522.9360348
2007-11-07,546288954.8079529
2007-11-08,543518898.0678483
2007-11-09,536058158.8863738
2007-11-12,530739809.02975154
2007-11-13,546916741.5364892
2007-11-14,545402695.735498
2007-11-15,537535814.1357901
2007-11-16,538459020.5551447
2007-11-19,530961652.19552755
2007-11-20,534211785.81875926
2007-11-21,523278990.3060878
2007-11-23,532327988.1511097
2007-11-26,520583146.42853934
2007-11-27,526566309.9027868
2007-11-28,543408374.1959065
2007-11-29,543592673.4483638
2007-11-30,549058812.6925844
2007-12-03,545439523.7691137
2007-12-04,540564343.2198135
2007-12-05,549612744.4984161
2007-12-06,557479824.9535968
2007-12-07,557369221.5394658
2007-12-10,561690350.9696504
2007-12-11,546288954.8079528
2007-12-12,551681437.984942
2007-12-13,550536467.9420005
2007-12-14,543555686.3303692
2007-12-17,535799686.5424549
2007-12-18,538791546.677241
2007-12-19,538791546.677241
2007-12-20,542189151.519314
2007-12-21,550005285.2022899
2007-12-24,554089617.5351223
2007-12-26,555277739.2157236
2007-12-27,548297196.2306601
2007-12-28,546923224.2249115
2007-12-31,542876236.9499248
2008-01-02,538123630.9142356
2008-01-03,537863567.7265321
2008-01-04,524682631.5484207
2008-01-07,524237036.2043269
2008-01-08,515771241.69077516
2008-01-09,521192399.8269836
2008-01-10,524608140.2882023
2008-01-11,520375262.9169737
2008-01-14,524571113.3991135
2008-01-15,513023774.9324134
2008-01-16,508605405.17588913
2008-01-17,495424190.6001154
2008-01-18,490337427.82745045
2008-01-22,485362143.4329982
2008-01-23,497020801.19353247
2008-01-24,501216532.3623884
2008-01-25,493976125.0450945
2008-01-28,502144670.3974755
2008-01-29,504632431.9079855
2008-01-30,500919561.59887993
2008-01-31,510053232.10434234
2008-02-01,518259122.51456916
2008-02-04,511724413.50016713
2008-02-05,498023510.0310273
2008-02-06,494013151.9341833
2008-02-07,497280665.52576286
2008-02-08,494087643.19440186
2008-02-11,496612272.5096222
2008-02-12,501216532.3623885
2008-02-13,506340361.7952369
2008-02-14,501884885.6074345
2008-02-15,501773367.45812726
2008-02-19,503184366.3529647
2008-02-20,504669458.7970745
2008-02-21,500473687.85712403
2008-02-22,503555748.8345024
2008-02-25,509905005.2347033
2008-02-26,513729075.5243593
2008-02-27,513209386.63099325
2008-02-28,508196956.03416824
2008-02-29,496872216.3840419
2008-03-03,495684174.2456298
2008-03-04,493790672.43089354
2008-03-05,496909362.58641464
2008-03-06,486624398.43396664
2008-03-07,481611928.066047
2008-03-10,475262592.1236568
2008-03-11,492342487.56258875
2008-03-12,487738426.5652956
2008-03-13,488815069.86768425
2008-03-14,481240505.81341463
2008-03-17,476376620.25498575
2008-03-18,496166836.24990684
2008-03-19,483876891.9045099
2008-03-20,492839546.7031173
2008-03-24,502690409.35781604
2008-03-25,503175298.5433918
2008-03-26,497018613.78332853
2008-03-27,495451433.79992837
2008-03-28,490712747.6473552
2008-03-31,492429109.00666535
2008-04-01,509742619.8553802
2008-04-02,510078606.0627083
2008-04-03,511347184.66772074
2008-04-04,510787565.5953587
2008-04-07,511048583.2893329
2008-04-08,510526150.1904383
2008-04-09,506832131.3801814
2008-04-10,507541090.91283184
2008-04-11,497690466.8847009
2008-04-14,496011132.41447955
2008-04-15,497167954.243617
2008-04-16,510638264.90616494
2008-04-17,511384450.1833773
2008-04-18,516720180.0083474
2008-04-21,516981635.1843625
2008-04-22,514705455.8972173
2008-04-23,513884381.64884025
2008-04-24,516123335.19142354
2008-04-25,520899724.341694
2008-04-28,521011600.4308529
2008-04-29,518959133.5509308
2008-04-30,515899384.15763277
2008-05-01,526571161.97633
2008-05-02,528026426.09947664
2008-05-05,525489189.34726256
2008-05-06,530041547.921553
2008-05-07,520600924.1078332
2008-05-08,519257536.0738454
2008-05-09,518287439.5339368
2008-05-12,524108297.1710504
2008-05-13,524182987.2867419
2008-05-14,525265158.7712824
2008-05-15,531832559.62545997
2008-05-16,532317488.58213043
2008-05-19,533772752.7052771
2008-05-20,529444186.080399
2008-05-21,520489087.7897689
2008-05-22,520563618.8210819
2008-05-23,513585859.81264156
2008-05-27,517392072.8808143
2008-05-28,519780207.79930764
2008-05-29,522391856.269551
2008-05-30,523697939.01678765
2008-06-02,518287439.5339367
2008-06-03,515265154.5117683
2008-06-04,515003659.56465864
2008-06-05,525302384.5158442
2008-06-06,508548651.8238699
2008-06-09,509779845.5999419
2008-06-10,507242767.9321063
2008-06-11,499779881.1115225
2008-06-12,501682927.98896694
2008-06-13,508026417.5804484
2008-06-16,508324462.1635115
2008-06-17,505861995.0691782
2008-06-18,500936623.3984708
2008-06-19,501571091.6709028
2008-06-20,493429590.6628616
2008-06-23,492942195.8983249
2008-06-24,491967127.97158915
2008-06-25,494291947.30745155
2008-06-26,480866975.69276756
2008-06-27,478241924.36363816
2008-06-30,479929411.9082561
2008-07-01,481429458.2839421
2008-07-02,473179382.1875953
2008-07-03,473667015.5786997
2008-07-07,468829657.34038067
2008-07-08,477154582.63679755
2008-07-09,467966902.9848447
2008-07-10,469879415.382808
2008-07-11,464404526.4977715
2008-07-14,460204500.05069697
2008-07-15,453716760.6990381
2008-07-16,464854417.120084
2008-07-17,469504254.64728177
2008-07-18,472429458.427489
2008-07-21,472691987.4230587
2008-07-22,478054403.65251714
2008-07-23,480641950.83942235
2008-07-24,470666962.59842265
2008-07-25,470554450.17174995
2008-07-28,463654364.11109746
2008-07-29,473554423.60983783
2008-07-30,481991980.64621115
2008-07-31,475616873.0345089
2008-08-01,473104413.6742415
2008-08-04,468716826.74495107
2008-08-05,481354648.85496676
2008-08-06,483491987.2508025
2008-08-07,476291868.0523561
2008-08-08,485142050.19538546
2008-08-11,490167048.45810956
2008-08-12,485066962.3687478
2008-08-13,482142235.841676
2008-08-14,485779660.38429224
2008-08-15,488141944.0912843
2008-08-18,481467041.9683557
2008-08-19,476216859.7679077
2008-08-20,478429564.3880435
2008-08-21,479254695.2880715
2008-08-22,486192007.0932859
2008-08-25,476329531.278959
2008-08-26,477717144.77016145
2008-08-27,482366902.75517
2008-08-28,488217191.0023005
2008-08-29,482967008.80185246
2008-09-02,479966995.59266984
2008-09-03,479554489.7992978
2008-09-04,465116866.5734646
2008-09-05,466579289.49364233
2008-09-08,476216859.7679077
2008-09-09,462079349.2220577
2008-09-10,463954238.164513
2008-09-11,470666962.5984227
2008-09-12,472841924.4497665
2008-09-15,450341745.83870775
2008-09-16,457879243.23279387
2008-09-17,437291616.7907931
2008-09-18,450266578.4698808
2008-09-19,468148577.3450573
2008-09-22,457549938.56936157
2008-09-23,447139934.09543633
2008-09-24,448573244.57435423
2008-09-25,455588547.4961135
2008-09-26,455815004.10886514
2008-09-29,420096623.8040384
2008-09-30,437484267.9731201
2008-10-01,437748268.4991906
2008-10-02,421869261.2622322
2008-10-03,416173960.97082573
2008-10-06,394976603.877245
2008-10-07,377287216.4133008
2008-10-08,367782481.5950577
2008-10-09,342096956.47389907
2008-10-10,333799035.75072753
2008-10-13,382266040.4351741
2008-10-14,376608363.5992758
2008-10-15,339532198.12420976
2008-10-16,353676231.12957704
2008-10-17,351564187.14991796
2008-10-20,372685700.7660632
2008-10-21,361559140.4804156
2008-10-22,341870460.0900528
2008-10-23,345831024.77643573
2008-10-24,328292508.9599228
2008-10-27,316637728.88111365
2008-10-28,353638528.1318797
2008-10-29,351073809.55328494
2008-10-30,363218748.4877067
2008-10-31,365217603.9320845
2008-11-03,366273765.12074524
2008-11-04,378720487.12112415
2008-11-05,362803657.57318455
2008-11-06,342700482.83471876
2008-11-07,354015796.73542076
2008-11-10,349376259.92172885
2008-11-11,338589305.0130195
2008-11-12,323690695.0294755
2008-11-13,343869633.7031875
2008-11-14,326708326.83357364
2008-11-17,322370752.0557647
2008-11-18,328443122.09523904
2008-11-19,307396974.7033938
2008-11-20,284577831.91350317
2008-11-21,299928738.67058396
2008-11-24,320711084.39183176
2008-11-25,323087447.0663183
2008-11-26,335571991.37767833
2008-11-28,339796158.87918574
2008-12-01,309697613.2137288
2008-12-02,321616413.7041558
2008-12-03,329348451.4075632
2008-12-04,321729721.55272096
2008-12-05,331649229.1167294
2008-12-08,343228324.8024816
2008-12-09,337570886.593151
2008-12-10,339871723.95895904
2008-12-11,331686932.1144268
2008-12-12,335647079.2043163
2008-12-15,330970376.30270445
2008-12-16,346547699.90144235
2008-12-17,343190820.66025746
2008-12-18,336778845.2438448
2008-12-19,335330063.8091208
2008-12-22,331033493.02986234
2008-12-23,327611210.22357905
2008-12-24,329512527.05840766
2008-12-26,331413684.80885774
2008-12-29,330463056.2197644
2008-12-30,338296112.50350004
2008-12-31,343124880.1853817
2009-01-02,353467273.7984573
2009-01-05,353049040.96746033
2009-01-06,355406591.9141928
2009-01-07,344759989.1983884
2009-01-08,346166732.5861018
2009-01-09,338752088.1032889
2009-01-12,330615140.8855814
2009-01-13,331223539.2054916
2009-01-14,320805043.6028655
2009-01-15,320919126.9877756
2009-01-16,323428702.9436833
2009-01-20,306355986.18732977
2009-01-21,319588306.6196869
2009-01-22,314645216.9263274
2009-01-23,316014058.4608704
2009-01-26,318181284.8343112
2009-01-27,321413461.80832314
2009-01-28,332288251.1794951
2009-01-29,321489384.82794785
2009-01-30,314949406.143509
2009-02-02,313998896.8676995
2009-02-03,318409551.031868
2009-02-04,316850583.7795063
2009-02-05,321565506.7030456
2009-02-06,330729383.35486996
2009-02-09,331185418.6113008
2009-02-10,316014058.46087044
2009-02-11,317877175.159319
2009-02-12,318105361.81468654
2009-02-13,314683377.2916129
2009-02-17,301222890.0894355
2009-02-18,300500428.27016246
2009-02-19,297268450.15162367
2009-02-20,294378602.8745313
2009-02-23,283846163.0858263
2009-02-24,294606789.5298988
2009-02-25,292287299.5207152
2009-02-26,287534355.43072164
2009-02-27,281108440.2456456
2009-03-02,268446457.1956498
2009-03-03,266431315.48802614
2009-03-04,272743246.7159286
2009-03-05,261602309.17957678
2009-03-06,262058662.60476455
2009-03-09,258978789.03759012
2009-03-10,274416257.5821057
2009-03-11,276203371.7187403
2009-03-12,287078200.8610068
2009-03-13,289321568.99509263
2009-03-16,288446942.96781325
2009-03-17,297268450.1516234
2009-03-18,303922611.64870894
2009-03-19,300158277.54316837
2009-03-20,293766744.4693891
2009-03-23,314867636.7729752
2009-03-24,308663843.15133756
2009-03-25,311918908.39030176
2009-03-26,318275959.92504776
2009-03-27,312531582.10288346
2009-03-30,301732238.4982008
2009-03-31,304527708.9677659
2009-04-01,310425304.93194395
2009-04-02,319501486.32013685
2009-04-03,322679892.774226
2009-04-06,320152439.7112878
2009-04-07,312684899.6726337
2009-04-08,316054823.8328531
2009-04-09,328615768.41697323
2009-04-13,328692387.43075377
2009-04-14,323024787.7067484
2009-04-15,326471350.7662956
2009-04-16,331258299.142187
2009-04-17,333479435.2343817
2009-04-20,319501486.3201368
2009-04-21,325743659.04808027
2009-04-22,323752300.45503783
2009-04-23,326930905.76460004
2009-04-24,331870992.7403159
2009-04-27,328730846.0792488
2009-04-28,327696757.8481008
2009-04-29,334666403.55323917
2009-04-30,334781461.3299674
2009-05-01,336581302.21687955
2009-05-04,348031718.525997
2009-05-05,346844869.52042335
2009-05-06,352857145.4359307
2009-05-07,347955119.3977637
2009-05-08,356073752.02639985
2009-05-11,349410502.83419424
2009-05-12,348376494.1452355
2009-05-13,339606689.384428
2009-05-14,342517257.401816
2009-05-15,339721627.84787244
2009-05-18,349372163.4989831
2009-05-19,348950868.2937005
2009-05-20,346614833.50915605
2009-05-21,341636367.4271344
2009-05-22,340908795.02220297
2009-05-26,349640220.6767046
2009-05-27,343398107.60540307
2009-05-28,348184916.7824633
2009-05-29,354350589.8099102
2009-06-01,362928817.2079454
2009-06-02,363235253.49197274
2009-06-03,358639623.9667385
2009-06-04,362009826.52462023
2009-06-05,362086385.88175875
2009-06-08,360592742.6523062
2009-06-09,362431002.4166188
2009-06-10,361512051.5043883
2009-06-11,363120315.0285282
2009-06-12,364116024.1533704
2009-06-15,355767713.45331854
2009-06-16,350942286.54338473
2009-06-17,350597630.23743004
2009-06-18,353163343.09339017
2009-06-19,354465249.875692
2009-06-22,343835828.27276236
2009-06-23,344105396.75207937
2009-06-24,347070848.88003945
2009-06-25,354619283.32514536
2009-06-26,353694923.5440468
2009-06-29,357006781.9061248
2009-06-30,354118525.4728172
2009-07-01,355582101.7547389
2009-07-02,345877039.9329078
2009-07-06,345838422.20003426
2009-07-07,339137191.61246896
2009-07-08,338906360.17930937
2009-07-09,339561032.167807
2009-07-10,338752088.1032883
2009-07-13,346993772.4986708
2009-07-14,348958027.0907315
2009-07-15,359163687.6805123
2009-07-16,358585932.9890048
2009-07-17,362514044.4621799
2009-07-20,366365397.7227434
2009-07-21,368059924.7511086
2009-07-22,367982808.5986453
2009-07-23,376108759.1086911
2009-07-24,377649332.22979224
2009-07-27,378766184.10883915
2009-07-28,376994700.01238924
2009-07-29,376070380.0023854
2009-07-30,379998610.78884435
2009-07-31,380537747.7474783
2009-08-03,386815296.864084
2009-08-04,387816653.4843619
2009-08-05,386699722.0631257
2009-08-06,384697088.3647592
2009-08-07,389742290.34354895
2009-08-10,388933465.59231406
2009-08-11,384080954.5669458
2009-08-12,388201876.3068263
2009-08-13,391167129.5793132
2009-08-14,388163179.0317635
2009-08-17,378612230.2015749
2009-08-18,381616339.8335031
2009-08-19,384966776.15736
2009-08-20,388933465.59231406
2009-08-21,396558777.5633155
2009-08-24,396520438.2281043
2009-08-25,397290685.01756024
2009-08-26,397329064.1238661
2009-08-27,398214885.71428025
2009-08-28,398137809.3329116
2009-08-31,394594642.2845386
2009-09-01,385891016.6251746
2009-09-02,384427519.8854421
2009-09-03,387624042.0731294
2009-09-04,393054148.7056267
2009-09-08,396443322.075641
2009-09-09,399485731.2716857
2009-09-10,403568075.0497873
2009-09-11,403490958.897324
2009-09-14,405455094.1761008
2009-09-15,407149660.9755606
2009-09-16,413311595.5201134
2009-09-17,412695421.95120543
2009-09-18,412958507.7420998
2009-09-21,411913681.3154051
2009-09-22,414312793.0560128
2009-09-23,410868894.659805
2009-09-24,406341512.33293426
2009-09-25,404174703.555987
2009-09-28,411410736.052873
2009-09-29,410172343.7086752
2009-09-30,408585914.5154802
2009-10-01,398447745.4732652
2009-10-02,396590355.8124416
2009-10-05,402510800.2704773
2009-10-06,408276415.8571673
2009-10-07,409398477.7496091
2009-10-08,412532957.02969325
2009-10-09,415048160.59548926
2009-10-12,416673326.8348416
2009-10-13,415821947.0123661
2009-10-14,422980704.2724104
2009-10-15,424528595.27492106
2009-10-16,421355498.26196337
2009-10-19,424838093.9332339
2009-10-20,422593612.2084988
2009-10-21,418801716.73438835
2009-10-22,423057979.509252
2009-10-23,418221018.9818792
2009-10-26,413693795.7393869
2009-10-27,411797589.49021673
2009-10-28,404019795.142452
2009-10-29,412687785.9010388
2009-10-30,400730725.61758983
2009-11-02,403671678.7512655
2009-11-03,404948529.74395835
2009-11-04,405993276.6284638
2009-11-05,413461532.546821
2009-11-06,414545016.47748387
2009-11-09,423986674.3396637
2009-11-10,424064227.97416764
2009-11-11,426231036.7511149
2009-11-12,421897180.57065266
2009-11-13,424180280.0282613
2009-11-16,430332709.2812005
2009-11-17,430835853.3992057
2009-11-18,430565052.01595557
2009-11-19,424954344.8428005
2009-11-20,423445071.57316333
2009-11-23,428823634.8670364
2009-11-24,429481409.0009142
2009-11-25,430990443.6439837
2009-11-27,423986674.3396636
2009-11-30,425418393.97479683
2009-12-01,430681223.38333315
2009-12-02,430487577.92364085
2009-12-03,427120994.53536934
2009-12-04,429558962.6354183
2009-12-07,428901069.1882567
2009-12-08,424141702.0664825
2009-12-09,425728131.25967747
2009-12-10,428127282.7713798
2009-12-11,429945895.61495143
2009-12-14,432886610.1220594
2009-12-15,430874431.36098474
2009-12-16,431532364.57924104
2009-12-17,426347247.8895871
2009-12-18,428759006.83828324
2009-12-21,433116367.73566437
2009-12-22,434672570.8969501
2009-12-23,435528564.1664012
2009-12-24,437590377.25355846
2009-12-28,438524242.3262705
2009-12-29,437901466.755656
2009-12-30,437745961.7757018
2009-12-31,433544463.7981264
2010-01-04,440897184.68661994
2010-01-05,442064386.77145255
2010-01-06,442375356.96026623
2010-01-07,444242888.25021726
2010-01-08,445721219.60824203
2010-01-11,446343637.23900497
2010-01-12,442181075.16306
2010-01-13,445915938.88748896
2010-01-14,447121838.2473843
2010-01-15,442103163.5887044
2010-01-19,447627567.4865397
2010-01-20,443075845.2497632
2010-01-21,434555922.2764371
2010-01-22,424868717.6760892
2010-01-25,427047378.2392325
2010-01-26,425257917.6080154
2010-01-27,427280914.106826
2010-01-28,422378927.8397536
2010-01-29,417788269.7013466
2010-02-01,424285434.80242974
2010-02-02,429420479.68396026
2010-02-03,427280914.1068259
2010-02-04,414092540.734021
2010-02-05,414948335.14799905
2010-02-08,411952696.75922436
2010-02-09,417126995.7111423
2010-02-10,416309858.80113244
2010-02-11,420667179.927419
2010-02-12,420317114.7525963
2010-02-16,426930689.8476247
2010-02-17,428953606.80424607
2010-02-18,431482491.6265905
2010-02-19,432377261.71329355
2010-02-22,432455014.2032707
2010-02-23,427203121.8457541
2010-02-24,431132307.1384839
2010-02-25,430548904.95154065
2010-02-26,430821058.5520078
2010-03-01,435295028.2988073
2010-03-02,436501086.7430811
2010-03-03,436890127.59062886
2010-03-04,438212834.65541565
2010-03-05,444476265.0334321
2010-03-08,444554057.2945038
2010-03-09,445293481.4856312
2010-03-10,447277303.45624363
2010-03-11,449144755.2040055
2010-03-12,449183532.02125746
2010-03-15,449300339.7261489
2010-03-16,452879579.1573399
2010-03-17,455563889.41744924
2010-03-18,455330711.48970723
2010-03-19,453025698.15896434
2010-03-22,455447678.2789771
2010-03-23,458650921.78165483
2010-03-24,456424416.5916868
2010-03-25,455682168.6528415
2010-03-26,455408583.29296815
2010-03-29,458299385.07633126
2010-03-30,458611826.79564583
2010-03-31,457049339.80141056
2010-04-01,460174592.1875435
2010-04-05,463924767.7834002
2010-04-06,465018313.80100125
2010-04-07,462362121.7047864
2010-04-08,463963743.45612526
2010-04-09,467010646.78586185
2010-04-12,467752815.1825179
2010-04-13,468104431.43003064
2010-04-14,473417213.3334065
2010-04-15,473807725.71145517
2010-04-16,466268438.61811125
2010-04-19,468026440.3134859
2010-04-20,472206143.73121095
2010-04-21,471346809.68981194
2010-04-22,472753036.05329525
2010-04-23,475839074.1401354
2010-04-26,474042255.8564142
2010-04-27,462830943.3681368
2010-04-28,466346549.0479399
2010-04-29,472128112.84357154
2010-04-30,464120083.6290665
2010-05-03,470135740.0876164
2010-05-04,459080767.77228016
2010-05-05,456346266.3907636
2010-05-06,441189422.6898686
2010-05-07,434626555.74047744
2010-05-10,453767946.0978096
2010-05-11,452478805.83687997
2010-05-12,458807142.6413121
2010-05-13,453103808.588793
2010-05-14,444900463.5286217
2010-05-17,445134794.81810766
2010-05-18,439079924.06026506
2010-05-19,436579833.51042366
2010-05-20,420094834.1047794
2010-05-21,426227855.0635453
2010-05-24,420758693.21613365
2010-05-25,421188499.4356643
2010-05-26,418649353.6709086
2010-05-27,432673238.19943655
2010-05-28,427243569.04898
2010-06-01,420055699.34767574
2010-06-02,430993506.018269
2010-06-03,432478081.43814874
2010-06-04,417282102.9801502
2010-06-07,412086685.5769904
2010-06-08,416500998.6818637
2010-06-09,414274215.0942334
2010-06-10,426383916.83882403
2010-06-11,428454479.5667971
2010-06-14,427790222.74449664
2010-06-15,437517277.9816512
2010-06-16,437361017.3508993
2010-06-17,438064210.07483023
2010-06-18,438539196.2578463
2010-06-21,437283185.318733
2010-06-22,430061032.9338685
2010-06-23,428726712.70945346
2010-06-24,421622481.6201297
2010-06-25,423388596.6188063
2010-06-28,422054157.08110744
2010-06-29,409023237.471893
2010-06-30,405137561.75667465
2010-07-01,403331993.8321376
2010-07-02,401134084.05919945
2010-07-06,403763828.37749374
2010-07-07,416480675.6525142
2010-07-08,420602074.64553016
2010-07-09,423741843.48119843
2010-07-12,424016741.2871942
2010-07-13,430414637.73611224
2010-07-14,430375105.26806253
2010-07-15,430492986.7925086
2010-07-16,418639291.58397037
2010-07-19,421112059.3918096
2010-07-20,425782935.82806
2010-07-21,420248469.8432865
2010-07-22,429629397.24398553
2010-07-23,433358255.53312725
2010-07-26,437871956.6034495
2010-07-27,437832622.99087286
2010-07-28,435006528.7784523
2010-07-29,432887206.68847823
2010-07-30,432808579.2344195
2010-08-02,442581888.25461423
2010-08-03,440462407.0802617
2010-08-04,443406223.7327498
2010-08-05,442935174.88810086
2010-08-06,441129606.96356374
2010-08-09,443484612.56024075
2010-08-10,441090392.664271
2010-08-11,429001491.20216525
2010-08-12,426371548.0283979
2010-08-13,425115616.63147384
2010-08-16,424919425.821726
2010-08-17,430139660.38792706
2010-08-18,430924622.4823914
2010-08-19,423427970.0024774
2010-08-20,422054157.08110726
2010-08-23,420444859.50850725
2010-08-24,414204217.96770656
2010-08-25,415813435.9981173
2010-08-26,413026953.79593575
2010-08-27,419424452.53390765
2010-08-30,413340548.8769943
2010-08-31,413340548.8769943
2010-09-01,425704427.687285
2010-09-02,429668850.1698458
2010-09-03,435242212.2851551
2010-09-07,430335771.65548563
2010-09-08,433358255.53312707
2010-09-09,435359894.9541281
2010-09-10,437557963.81144464
2010-09-13,442424792.4308752
2010-09-14,442150133.25144714
2010-09-15,443837938.96482205
2010-09-16,443720057.440376
2010-09-17,443885902.9049307
2010-09-20,450673078.82796425
2010-09-21,449765422.90660506
2010-09-22,447555581.80528176
2010-09-23,443925355.83079123
2010-09-24,453079945.93202245
2010-09-27,450909716.8409381
2010-09-28,452488112.2730203
2010-09-29,451699093.526905
2010-09-30,450357296.33670187
2010-10-01,452251514.0311413
2010-10-04,448857846.5274353
2010-10-05,457894276.7065581
2010-10-06,457854664.6963191
2010-10-07,457302323.7342721
2010-10-08,459867280.9394346
2010-10-11,460301104.03952163
2010-10-12,461721727.5392565
2010-10-13,465312818.75664353
2010-10-14,463497467.1428306
2010-10-15,464444615.76114494
2010-10-18,466733322.9430946
2010-10-19,460617045.6151627
2010-10-20,465115395.0429626
2010-10-21,466141449.5129979
2010-10-22,467009374.1108343
2010-10-25,468390504.9136141
2010-10-26,468469450.5364297
2010-10-27,467127732.8884158
2010-10-28,467206837.5956099
2010-10-29,467561913.9283544
2010-11-01,467719805.1739856
2010-11-02,471429016.54238635
2010-11-03,473322995.610258
2010-11-04,482438371.41219634
2010-11-05,484253444.628347
2010-11-08,483345828.4780824
2010-11-09,479873414.2070339
2010-11-10,481806965.5140499
2010-11-11,479991653.6713315
2010-11-12,474309557.38333815
2010-11-15,473638857.64370966
2010-11-16,466259808.2905794
2010-11-17,466496446.3035531
2010-11-18,473362448.5361184
2010-11-19,474664753.0293664
2010-11-22,474270144.2285722
2010-11-23,467403982.9116284
2010-11-24,474309557.3833381
2010-11-26,468785233.0276921
2010-11-29,470205737.2141431
2010-11-30,467561913.92835426
2010-12-01,477505801.17336315
2010-12-02,483622197.81457895
2010-12-03,484924382.99454314
2010-12-06,484411335.87397814
2010-12-07,484687625.6682855
2010-12-08,486463206.18748105
2010-12-09,488357344.33973116
2010-12-10,491198511.79701173
2010-12-13,491514135.2038957
2010-12-14,491948316.2438342
2010-12-15,489699022.21665037
2010-12-16,492540070.360647
2010-12-17,493067594.1596527
2010-12-20,494257664.6238903
2010-12-21,497391467.795366
2010-12-22,498938444.0627005
2010-12-23,498224473.3721283
2010-12-27,498422811.8209855
2010-12-28,499136822.2826523
2010-12-29,499493648.54355997
2010-12-30,498700414.06141514
2010-12-31,498819568.26088893
2011-01-03,503976129.3046075
2011-01-04,503698527.06417775
2011-01-05,506316658.2228437
2011-01-06,505325045.5207471
2011-01-07,504333273.7342721
2011-01-10,503698527.0641778
2011-01-11,505483732.18827075
2011-01-12,510045436.9697963
2011-01-13,509212192.7664663
2011-01-14,512901478.8164637
2011-01-18,513774136.17455953
2011-01-19,508736490.7037471
2011-01-20,508062012.7101299
2011-01-21,509212192.7664662
2011-01-24,512108125.02103496
2011-01-25,512385926.1169377
2011-01-26,514368912.8945632
2011-01-27,515638565.31913024
2011-01-28,506633952.0157015
2011-01-31,510441994.5542266
2011-02-01,518613562.5097985
2011-02-02,517621989.57879657
2011-02-03,518772328.7195114
2011-02-04,520239882.11089486
2011-02-07,523492879.2529389
2011-02-08,525872900.8681302
2011-02-09,524682750.8617034
2011-02-10,524881168.8527498
2011-02-11,528014892.4820363
2011-02-14,529283948.3401841
2011-02-15,527618175.8132273
2011-02-16,530950317.43356013
2011-02-17,532536905.71113354
2011-02-18,533647791.9259879
2011-02-22,522937515.68770105
2011-02-23,519724329.41136897
2011-02-24,519367264.5238936
2011-02-25,524920820.6340834
2011-02-28,528173539.3784652
2011-03-01,519367264.52389354
2011-03-02,520477991.6543693
2011-03-03,529442913.4053698
2011-03-04,525476144.42822653
2011-03-07,521350569.4702758
2011-03-08,525912353.7939906
2011-03-09,525158731.3220848
2011-03-10,515440266.6413676
2011-03-11,519010398.49189115
2011-03-14,515876476.00713164
2011-03-15,509966093.63603413
2011-03-16,500525270.9668413
2011-03-17,507149464.9441325
2011-03-18,508994286.93905693
2011-03-21,516882605.15876347
2011-03-22,515089803.7555986
2011-03-23,516563839.83540475
2011-03-24,521504085.8954991
2011-03-25,523097554.57244134
2011-03-28,521822652.3633847
2011-03-29,525328474.3539119
2011-03-30,528954126.6525214
2011-03-31,528236894.7321905
2011-04-01,530467973.59803957
2011-04-04,530906290.83181834
2011-04-05,530826430.4738265
2011-04-06,532499918.5931391
2011-04-07,531145275.33937454
2011-04-08,529312822.1548761
2011-04-11,527719035.3091769
2011-04-12,523774816.5426817
2011-04-13,523735005.67696965
2011-04-14,524133472.27394176
2011-04-15,526045785.81643206
2011-04-18,520149243.78626144
2011-04-19,523137285.89596426
2011-04-20,530268760.185101
2011-04-21,532977847.837157
2011-04-25,532420217.3195259
2011-04-26,537001529.2506979
2011-04-27,540507589.8677927
2011-04-28,542260461.0919616
2011-04-29,543535323.5299237
2011-05-02,542698778.3257405
2011-05-03,540746773.230822
2011-05-04,537161011.3401138
2011-05-05,532300387.01144356
2011-05-06,534651137.10099643
2011-05-09,536722853.1907134
2011-05-10,541304403.748453
2011-05-11,535607273.9866942
2011-05-12,538157078.4048073
2011-05-13,534013765.53865725
2011-05-16,530627535.22964466
2011-05-17,530547714.6427474
2011-05-18,535288548.4344299
2011-05-19,536563450.6434865
2011-05-20,532300387.0114433
2011-05-23,526125407.547856
2011-05-24,525687090.31407714
2011-05-25,527440001.3093407
2011-05-26,529870214.0459392
2011-05-27,531902278.3543227
2011-05-31,537439886.2555709
2011-06-01,525368563.6172861
2011-06-02,524810654.7019927
2011-06-03,519591653.0397247
2011-06-06,514093736.6909047
2011-06-07,513775011.1386405
2011-06-08,511623593.7753102
2011-06-09,515527961.9049987
2011-06-10,508356756.2923392
2011-06-13,508755302.43150055
2011-06-14,515209196.58163995
2011-06-15,506046214.7794445
2011-06-16,507161754.212369
2011-06-17,508675123.9047518
2011-06-20,511277545.4810438
2011-06-21,518283939.67760867
2011-06-22,515161113.3282474
2011-06-23,513679799.1381263
2011-06-24,507714134.9455106
2011-06-27,512238375.3559065
2011-06-28,518924572.4697063
2011-06-29,523368674.12444806
2011-06-30,528373389.1289173
2011-07-01,536180773.17107725
2011-07-05,535740188.98490524
2011-07-06,536380901.31919223
2011-07-07,541946070.5890104
2011-07-08,538102512.4629918
2011-07-11,528373389.12891716
2011-07-12,526091363.4908632
2011-07-13,527852944.5847534
2011-07-14,524209673.69122833
2011-07-15,527252599.9115031
2011-07-18,522928328.56484365
2011-07-19,531416275.57809734
2011-07-20,531095919.4109539
2011-07-21,538462838.5802258
2011-07-22,538823204.4685544
2011-07-25,535820367.51165396
2011-07-26,533818489.4640852
2011-07-27,522888279.07256395
2011-07-28,521366915.3901631
2011-07-29,517803544.6257245
2011-08-01,515601538.4300408
2011-08-02,502429192.8083668
2011-08-03,505151762.8614981
2011-08-04,481489671.721191
2011-08-05,480769019.486723
2011-08-08,449459861.5866587
2011-08-09,470359293.4104601
2011-08-10,449579850.97911954
2011-08-11,469758670.3395476
2011-08-12,472921784.8077563
2011-08-15,482930976.19012696
2011-08-16,478807071.6181502
2011-08-17,479127348.2431044
2011-08-18,458468173.6018869
2011-08-19,450981105.95577574
2011-08-22,451341272.98863125
2011-08-23,466195538.20167667
2011-08-24,472761547.0675427
2011-08-25,465554825.8673898
2011-08-26,472321002.6524653
2011-08-29,485893723.883653
2011-08-30,487175029.2389429
2011-08-31,489336985.9423468
2011-09-01,484212202.0032276
2011-09-02,471840766.68495953
2011-09-06,468397504.6262656
2011-09-07,481609661.11365163
2011-09-08,476605224.50684476
2011-09-09,464113441.8562644
2011-09-12,467116278.8131648
2011-09-13,471400262.0409767
2011-09-14,477926340.72784674
2011-09-15,486174070.32961106
2011-09-16,489051389.71189886
2011-09-19,484181896.429129
2011-09-20,483618459.33168375
2011-09-21,469371936.21548736
2011-09-22,454199701.1009755
2011-09-23,456936389.892696
2011-09-26,467802449.50859934
2011-09-27,473034217.6922395
2011-09-28,463375528.9667324
2011-09-29,467037611.5880115
2011-09-30,455366903.1858081
2011-10-03,442408128.3422298
2011-10-04,452107025.6443952
2011-10-05,460477807.01290584
2011-10-06,468808618.43132603
2011-10-07,465669446.16207707
2011-10-10,481244164.7541174
2011-10-11,481726985.84277314
2011-10-12,485952624.87478137
2011-10-13,484986863.38418615
2011-10-14,493277227.5993804
2011-10-17,483859949.418201
2011-10-18,493317475.94713324
2011-10-19,487481982.5472004
2011-10-20,489615105.2070067
2011-10-21,498911359.94726515
2011-10-24,505028512.23927873
2011-10-25,495208869.8938548
2011-10-26,500239475.88091993
2011-10-27,517665260.5297397
2011-10-28,517544714.34195423
2011-10-31,505068760.5870316
2011-11-01,490983151.3196574
2011-11-02,498991936.1849601
2011-11-03,508087068.4997383
2011-11-04,504988422.9759044
2011-11-07,508127396.3896803
2011-11-08,514646873.0748439
2011-11-09,495651721.03242004
2011-11-10,500319893.03423643
2011-11-11,509737250.75760496
2011-11-14,504907767.19602025
2011-11-15,507402965.9012237
2011-11-16,499354131.5436412
2011-11-17,491426042.22931725
2011-11-18,490902734.166341
2011-11-21,481566111.7650458
2011-11-22,479674558.73394585
2011-11-23,469090197.78121775
2011-11-25,468204813.67284435
2011-11-28,481767234.1905262
2011-11-29,483135638.24302834
2011-11-30,503016333.4782041
2011-12-01,502935956.0959822
2011-12-02,502493224.2707009
2011-12-05,507966522.3119527
2011-12-06,508127396.3896802
2011-12-07,510018790.3364017
2011-12-08,498830863.2517594
2011-12-09,507282340.1712489
2011-12-12,499877121.4378604
2011-12-13,495208869.8938548
2011-12-14,489937012.4468403
2011-12-15,491707621.5792087
2011-12-16,492436705.2857356
2011-12-19,487171529.3826168
2011-12-20,501913600.3377465
2011-12-21,502885605.8901967
2011-12-22,507340485.5115798
2011-12-23,511876697.0214556
2011-12-27,512281606.5357557
2011-12-28,505558581.3883401
2011-12-29,510783031.6905706
2011-12-30,508272004.0897094
2012-01-03,516371944.3038753
2012-01-04,517182041.7301379
2012-01-05,518558996.5679828
2012-01-06,517222568.47555304
2012-01-09,518477982.84824705
2012-01-10,522973468.7572346
2012-01-11,523256877.57747847
2012-01-12,524512411.26345634
2012-01-13,521798909.01989776
2012-01-17,523823894.07343924
2012-01-18,529615281.32944137
2012-01-19,532409916.60601956
2012-01-20,534394215.8297674
2012-01-23,533017380.3052063
2012-01-24,532409916.60601956
2012-01-25,536864955.31178117
2012-01-26,534111005.8649966
2012-01-27,533867924.9346948
2012-01-30,532045374.75275606
2012-01-31,531843019.4233425
2012-02-01,536500652.0850854
2012-02-02,537350878.545817
2012-02-03,544883722.7218329
2012-02-06,544519339.952948
2012-02-07,545896294.7907928
2012-02-08,547516211.2456557
2012-02-09,548204609.122389
2012-02-10,544154678.7864006
2012-02-13,548204609.122389
2012-02-14,547516211.2456557
2012-02-15,544964855.7548524
2012-02-16,550999403.4833455
2012-02-17,552457212.9565476
2012-02-21,552700134.8024709
2012-02-22,550918310.2214204
2012-02-23,553348403.6447351
2012-02-24,554563211.7298248
2012-02-27,555494889.3923329
2012-02-28,557114845.6182904
2012-02-29,554927713.8119936
2012-03-01,557803323.0372128
2012-03-02,556102353.0915196
2012-03-05,553834128.0232979
2012-03-06,545734227.5802265
2012-03-07,549541236.0702916
2012-03-08,555008687.7606348
2012-03-09,557154974.6527594
2012-03-12,557195700.2536477
2012-03-13,567239651.572714
2012-03-14,566632227.6446218
2012-03-15,569912666.8419521
2012-03-16,570701804.9013513
2012-03-19,572939008.5157715
2012-03-20,571271287.2051785
2012-03-21,570335711.9753978
2012-03-22,566227357.9014164
2012-03-23,568057941.8444679
2012-03-26,576030574.7847635
2012-03-27,574240756.2136948
2012-03-28,571393464.0078431
2012-03-29,570417083.6349851
2012-03-30,572776464.0520699
2012-04-02,576966030.7012601
2012-04-03,574606849.1396483
2012-04-04,568911867.0169989
2012-04-05,568627265.0639164
2012-04-09,562240942.003532
2012-04-10,552803818.0461386
2012-04-11,557278185.5038842
2012-04-12,564559517.2775394
2012-04-13,557847747.3499005
2012-04-16,557481694.1950417
2012-04-17,565739167.7149872
2012-04-18,563827371.1967269
2012-04-19,560207167.53808
2012-04-20,561142702.996766
2012-04-23,556424101.2469746
2012-04-24,558539287.1431084
2012-04-25,566186711.8427172
2012-04-26,570132402.1397132
2012-04-27,571068017.1405884
2012-04-30,568952672.160076
2012-05-01,572491583.7013249
2012-05-02,570783176.5609382
2012-05-03,566430707.508195
2012-05-04,557278185.503884
2012-05-07,557685123.3440095
2012-05-08,555447999.2717786
2012-05-09,552153043.6249131
2012-05-10,553292048.0036619
2012-05-11,551624207.379785
2012-05-14,545522446.5013883
2012-05-15,542390512.5713596
2012-05-16,540316012.5050194
2012-05-17,532302534.6505518
2012-05-18,527746835.3043135
2012-05-21,536817667.48028034
2012-05-22,537753362.0233449
2012-05-23,538038083.2897111
2012-05-24,539095397.8401157
2012-05-25,537346384.4121246
2012-05-29,543854844.5040791
2012-05-30,535963622.9944655
2012-05-31,534783733.93044996
2012-06-01,521319587.78756785
2012-06-04,521075552.35099524
2012-06-05,525021322.19018054
2012-06-06,536817667.48028034
2012-06-07,537143034.8053457
2012-06-08,541414171.9695963
2012-06-11,534539778.0360667
2012-06-12,540681946.3465946
2012-06-13,537224684.8625953
2012-06-14,542919388.5875825
2012-06-15,548471870.8782176
2012-06-18,549534753.3818687
2012-06-19,554850319.2618678
2012-06-20,553950736.872716
2012-06-21,541521076.671928
2012-06-22,545691394.1113234
2012-06-25,536941554.4400139
2012-06-26,539640023.2098072
2012-06-27,544505778.009683
2012-06-28,542951921.3429797
2012-06-29,556486064.6123885
2012-07-02,558162257.1661351
2012-07-03,561842395.8643705
2012-07-05,559307187.4379818
2012-07-06,553991740.8712666
2012-07-09,553296780.7639215
2012-07-10,548471870.8782177
2012-07-11,548553600.4776566
2012-07-12,545895936.850941
2012-07-13,555054941.5436746
2012-07-16,553746552.0729501
2012-07-17,557549106.200418
2012-07-18,561678777.5811143
2012-07-19,563150666.0218111
2012-07-20,557998678.6539736
2012-07-23,552356313.6895031
2012-07-24,547613053.8610489
2012-07-25,547735747.6879437
2012-07-26,556772098.3248773
2012-07-27,567034870.2065287
2012-07-30,567034870.2065287
2012-07-31,563069055.7356561
2012-08-01,562578121.3436985
2012-08-02,558693797.8456972
2012-08-03,569774581.6014401
2012-08-06,570878507.8747363
2012-08-07,573740594.9277856
2012-08-08,574435753.8906038
2012-08-09,574926370.1138045
2012-08-10,575866876.9593177
2012-08-13,575580564.8491668
2012-08-14,575662016.0509433
2012-08-15,576316608.4972516
2012-08-16,580569053.2470319
2012-08-17,581345782.7249105
2012-08-20,581386945.8078395
2012-08-21,579628506.6304241
2012-08-22,579873934.0553083
2012-08-23,575130753.7690434
2012-08-24,578606349.7276614
2012-08-27,578728884.4701777
2012-08-28,578156538.6475381
2012-08-29,578606349.7276614
2012-08-30,574435753.8906038
2012-08-31,577175186.8878529
2012-09-04,576643526.895007
2012-09-05,576152990.2139955
2012-09-06,587847004.4776447
2012-09-07,590136745.7080544
2012-09-10,586784121.9739937
2012-09-11,588419429.8424735
2012-09-12,590382332.2173172
2012-09-13,599377718.6267948
2012-09-14,602035223.169132
2012-09-17,599990551.4237549
2012-09-18,599500134.0560273
2012-09-19,599827251.3092557
2012-09-20,599868215.5367117
2012-09-21,599617578.0984325
2012-09-24,598712905.0091697
2012-09-25,592341575.6514561
2012-09-26,589012019.1522734
2012-09-27,594561598.1530014
2012-09-28,591807211.2241762
2012-10-01,593369300.5074652
2012-10-02,593985474.0763731
2012-10-03,596411232.4503746
2012-10-04,600686108.0975193
2012-10-05,600727390.4937322
2012-10-08,598671901.0106192
2012-10-09,592752848.5408951
2012-10-10,588970776.5271552
2012-10-11,589299763.0218307
2012-10-12,587367762.7875048
2012-10-15,592259368.7988819
2012-10-16,598260826.9766533
2012-10-17,600973772.4248873
2012-10-18,599411921.768166
2012-10-19,589423013.6440501
2012-10-22,589505220.4966244
2012-10-23,581325181.2978989
2012-10-24,579680805.6198463
2012-10-25,581366304.6097333
2012-10-26,581037556.7416257
2012-10-31,581037556.7416257
2012-11-01,587121062.6875929
2012-11-02,581900509.9526348
2012-11-05,583092767.8270764
2012-11-06,587655705.5125351
2012-11-07,574337201.118142
2012-11-08,567431149.393297
2012-11-09,567924748.4485941
2012-11-12,568376508.3123536
2012-11-13,566403464.3083825
2012-11-14,558757709.9947478
2012-11-15,557812191.9913129
2012-11-16,560566340.2935704
2012-11-19,571911800.6839924
2012-11-20,572158301.9284313
2012-11-21,573227030.782991
2012-11-23,581037556.7416259
2012-11-26,579804215.3264445
2012-11-27,576844410.6939201
2012-11-28,581489237.0631961
2012-11-29,584202421.1379977
2012-11-30,584325870.6156904
2012-12-03,581448630.7755917
2012-12-04,580626204.3099978
2012-12-05,581654048.4792908
2012-12-06,583626973.1699781
2012-12-07,585394679.0124394
2012-12-10,585641140.4857837
2012-12-11,589628590.432128
2012-12-12,589916453.614969
2012-12-13,586298994.1618507
2012-12-14,584120413.1408967
2012-12-17,590985023.3851504
2012-12-18,597561969.3020362
2012-12-19,593122679.9497432
2012-12-20,596534363.7593108
2012-12-21,591119370.1427681
2012-12-24,589298013.093668
2012-12-26,586814149.1504306
2012-12-27,586027556.4410869
2012-12-28,579693691.4545029
2012-12-31,589546423.3506486
2013-01-02,604656695.0997466
2013-01-03,603290438.6863538
2013-01-04,605940028.7808622
2013-01-07,604284278.569749
2013-01-08,602545247.6865069
2013-01-09,604077190.480076
2013-01-10,608879072.9019963
2013-01-11,608837830.276878
2013-01-14,608423892.7240998
2013-01-15,608837830.2768781
2013-01-16,608755185.942263
2013-01-17,612687751.7780353
2013-01-18,614053928.6492388
2013-01-22,617365906.3246006
2013-01-23,618359507.581428
2013-01-24,618524995.1061312
2013-01-25,622002420.5351014
2013-01-28,621257149.9930652
2013-01-29,623699771.3111844
2013-01-30,621257149.9930652
2013-01-31,619725406.0549692
2013-02-01,626100792.0643338
2013-02-04,619063018.4741157
2013-02-05,625314199.3549901
2013-02-06,625769856.7860222
2013-02-07,624941703.2828033
2013-02-08,628418890.0852059
2013-02-11,628294804.2699995
2013-02-12,629330045.8628914
2013-02-13,629867790.8332138
2013-02-14,630447494.3083576
2013-02-15,629702223.7663214
2013-02-19,634421620.9380051
2013-02-20,626514888.7014906
2013-02-21,622706130.2832624
2013-02-22,628791664.555055
2013-02-25,616827684.1011426
2013-02-26,621049902.8190137
2013-02-27,628874507.7451432
2013-02-28,627632416.6891459
2013-03-01,629702223.7663212
2013-03-04,633055563.3800851
2013-03-05,638727080.5569103
2013-03-06,639596357.3719636
2013-03-07,640755605.2378727
2013-03-08,643488038.5224693
2013-03-11,645930421.2140207
2013-03-12,644481202.2972559
2013-03-13,645392198.9905629
2013-03-14,648828262.4811312
2013-03-15,647971871.5007339
2013-03-18,644395296.7328823
2013-03-19,642898392.2736712
2013-03-20,647389224.9645884
2013-03-21,641859133.8002229
2013-03-22,647015177.8197114
2013-03-25,644312334.2295103
2013-03-26,649468656.6466612
2013-03-27,649468656.6466612
2013-03-28,651464409.9456588
2013-04-01,648886208.9659888
2013-04-02,652088060.4803549
2013-04-03,645476752.3377197
2013-04-04,648096195.942508
2013-04-05,645185548.3829308
2013-04-08,649551857.7766007
2013-04-09,651797055.381039
2013-04-10,659780744.6856382
2013-04-11,661943099.0999883
2013-04-12,660321353.1747731
2013-04-15,645018867.7253891
2013-04-16,654541698.3916831
2013-04-17,644977863.7268386
2013-04-18,640944080.4552649
2013-04-19,646516130.1244519
2013-04-22,649385495.2878162
2013-04-23,656080203.4158642
2013-04-24,656495532.9569541
2013-04-25,659157133.922037
2013-04-26,657992636.2716384
2013-04-29,662400665.5435622
2013-04-30,663980691.5905237
2013-05-01,658158998.7604231
2013-05-02,664271617.1476501
2013-05-03,671007965.6117626
2013-05-06,672712952.4380122
2013-05-07,676122607.9217544
2013-05-08,679199697.5123055
2013-05-09,677286946.4877745
2013-05-10,679490742.382716
2013-05-13,680031152.0163778
2013-05-14,687058386.2665222
2013-05-15,690759563.8738102
2013-05-16,687515833.3968118
2013-05-17,694168980.7309846
2013-05-20,694127539.2503932
2013-05-21,695125396.0143447
2013-05-22,689969232.6815723
2013-05-23,687973519.1536692
2013-05-24,687391031.7019023
2013-05-28,691508135.4166995
2013-05-29,687017183.4124984
2013-05-30,689553624.74282
2013-05-31,679656826.4738382
2013-06-03,683399525.1039068
2013-06-04,680114512.2306956
2013-06-05,670592278.1308209
2013-06-06,676662858.4710374
2013-06-07,685270357.3947111
2013-06-10,685270357.3947111
2013-06-11,678201443.0374076
2013-06-12,672587912.1165347
2013-06-13,682817037.6521398
2013-06-14,678534247.5571663
2013-06-17,683773214.3089322
2013-06-18,689179299.2002805
2013-06-19,679656826.4738381
2013-06-20,662816392.7955978
2013-06-21,664944186.1287253
2013-06-24,656541548.113426
2013-06-25,662853817.3956327
2013-06-26,669416803.6583078
2013-06-27,673346187.8065106
2013-06-28,670587346.5150881
2013-07-01,674516492.0367233
2013-07-02,673889938.21212
2013-07-03,674182335.2997475
2013-07-05,681455673.0833845
2013-07-08,685343377.1244284
2013-07-09,690276026.9054508
2013-07-10,690526982.5124868
2013-07-11,699932369.1363755
2013-07-12,700224845.7661922
2013-07-15,702900326.8432965
2013-07-16,700266605.4155406
2013-07-17,702064338.434438
2013-07-18,705910044.1995659
2013-07-19,707164106.355043
2013-07-22,708543129.2898082
2013-07-23,707038588.7804304
2013-07-24,704447024.712969
2013-07-25,706160840.7222236
2013-07-26,706913071.2058178
2013-07-29,704739421.8005964
2013-07-30,704739421.8005964
2013-07-31,705241094.3881007
2013-08-01,713392498.3987017
2013-08-02,714604880.4470197
2013-08-05,713559775.6226627
2013-08-06,709505032.9842256
2013-08-07,707205945.5465808
2013-08-08,709797589.1562315
2013-08-09,707749218.699055
2013-08-12,706913071.2058179
2013-08-13,709003280.854532
2013-08-14,705366452.878335
2013-08-15,695501471.4850472
2013-08-16,693202145.4208347
2013-08-19,688771247.7695059
2013-08-20,692157199.6808561
2013-08-21,687893420.1691098
2013-08-22,694163651.4043058
2013-08-23,696504498.491299
2013-08-26,693912934.4238375
2013-08-27,682751892.5991566
2013-08-28,685176099.900468
2013-08-29,686263282.5429302
2013-08-30,684089155.8845733
2013-09-03,687182790.2504853
2013-09-04,692867670.5151019
2013-09-05,693745895.8264441
2013-09-06,694079893.4790415
2013-09-09,700726597.8958862
2013-09-10,705910044.1995661
2013-09-11,708125532.7963252
2013-09-12,706244280.4787312
2013-09-13,707832976.6243193
2013-09-16,711929558.454294
2013-09-17,715106791.6610919
2013-09-18,723383474.6197377
2013-09-19,722171013.0292306
2013-09-20,717121913.4831684
2013-09-23,713803095.1795324
2013-09-24,712123005.0585134
2013-09-25,710065089.5386287
2013-09-26,712795613.8106835
2013-09-27,709518793.7829635
2013-09-30,705738312.6130084
2013-10-01,711325196.9004877
2013-10-02,710653065.401453
2013-10-03,704100220.7679054
2013-10-04,709434956.31551
2013-10-07,703301855.8145549
2013-10-08,695110998.8780935
2013-10-09,695614978.1890856
2013-10-10,710611146.6677262
2013-10-11,715189435.9957072
2013-10-14,718046114.1798886
2013-10-15,712837214.3756535
2013-10-16,722793032.9490474
2013-10-17,727623391.4747138
2013-10-18,732537985.1787798
2013-10-21,732579744.8281282
2013-10-22,736822684.286295
2013-10-23,733294033.6874574
2013-10-24,735730251.8593433
2013-10-25,739090829.8123276
2013-10-28,740266940.6223546
2013-10-29,744215573.9803524
2013-10-30,740518930.2778507
2013-10-31,738418857.3976716
2013-11-01,740182864.5283335
2013-11-04,742787393.9726403
2013-11-05,740435331.436965
2013-11-06,744215573.9803525
2013-11-07,734806210.247002
2013-11-08,744719553.2913446
2013-11-11,744845627.661282
2013-11-12,743333610.1861162
2013-11-13,749298399.4146504
2013-11-14,753036882.3086896
2013-11-15,756313304.6254634
2013-11-18,753666856.4474298
2013-11-19,752028764.6023268
2013-11-20,749676224.813516
2013-11-21,755725249.2204498
2013-11-22,759505571.3060266
2013-11-25,758749522.7973491
2013-11-26,758959673.2613077
2013-11-27,760807756.4859909
2013-11-29,760303777.1749986
2013-12-02,758329540.038189
2013-12-03,755053276.8057938
2013-12-04,754968882.5430156
2013-12-05,751650461.9503258
2013-12-06,760051867.0616919
2013-12-09,761983867.2960178
2013-12-10,759253581.6505306
2013-12-11,750726499.8801733
2013-12-12,748248283.4323715
2013-12-13,748164048.2539718
2013-12-16,752826652.3025417
2013-12-17,750432511.9487612
2013-12-18,763244054.2000659
2013-12-19,762362249.490208
2013-12-20,766796408.3712955
2013-12-23,770893467.4544054
2013-12-24,772582704.9271866
2013-12-26,776510339.1472263
2013-12-27,776468261.3291211
2013-12-30,776341471.0794808
2013-12-31,780015842.9689965
2014-01-02,772540229.3981352
2014-01-03,772413359.6063055
2014-01-06,770175201.4856145
2014-01-07,774905575.4794126
2014-01-08,775074443.5471582
2014-01-09,775581206.8347735
2014-01-10,777692733.7902026
2014-01-13,767345806.2723407
2014-01-14,775707997.084414
2014-01-15,779888814.0927883
2014-01-16,778875526.1441252
2014-01-17,775581206.8347737
2014-01-21,777861760.9423269
2014-01-22,778368206.0611854
2014-01-23,771991388.2924145
2014-01-24,755520348.5409809
2014-01-27,751803580.6646029
2014-01-28,756280612.7856879
2014-01-29,749016183.7272451
2014-01-30,756956164.5988597
2014-01-31,752521369.3802584
2014-02-03,735585564.6171255
2014-02-04,740738387.17795
2014-02-05,739809095.781119
2014-02-06,749565263.4595336
2014-02-07,758856586.5840595
2014-02-10,760250404.3660222
2014-02-11,768570358.2756119
2014-02-12,768950251.7713977
2014-02-13,772920361.5204889
2014-02-14,777186209.1291553
2014-02-18,778115261.8994187
2014-02-19,772962837.0495404
2014-02-20,777523945.2646466
2014-02-21,776637208.9390562
2014-02-24,780945054.8236387
2014-02-25,780649157.8796849
2014-02-26,780691633.4087363
2014-02-27,784788215.2387109
2014-02-28,786773190.5710671
2014-03-03,781240713.1410245
2014-03-04,792221353.2805208
2014-03-05,792939460.1649332
2014-03-06,794755567.4295439
2014-03-07,795093144.4806566
2014-03-10,794670934.540198
2014-03-11,790743141.2357798
2014-03-12,790954166.6638198
2014-03-13,782085212.564131
2014-03-14,779888814.0927883
2014-03-17,786942217.723191
2014-03-18,792559328.0425795
2014-03-19,788335955.9629645
2014-03-20,792939460.1649331
2014-03-21,789863722.7915989
2014-03-24,786597561.4172364
2014-03-25,790330635.4424077
2014-03-26,784646073.3465481
2014-03-27,782991516.2682734
2014-03-28,786851937.3384097
2014-03-31,793299945.3665457
2014-04-01,798559672.6297019
2014-04-02,801232210.6458045
2014-04-03,800172151.8898714
2014-04-04,790711960.6975998
2014-04-07,781973853.4992024
2014-04-08,785197618.8867027
2014-04-09,793639033.7192539
2014-04-10,776968343.0728408
2014-04-11,769968869.0467393
2014-04-14,776034756.397791
2014-04-15,781379911.9721855
2014-04-16,789567189.5101314
2014-04-17,790669564.7107375
2014-04-21,793426974.2427537
2014-04-22,797032701.2229599
2014-04-23,795166402.836942
2014-04-24,796778404.8439759
2014-04-25,790245445.757737
2014-04-28,792748320.2842016
2014-04-29,796439077.8646998
2014-04-30,798814366.7196318
2014-05-01,798899476.8621131
2014-05-02,797753989.7949417
2014-05-05,799281358.9126298
2014-05-06,792324201.3312013
2014-05-07,796990225.6939083
2014-05-08,796141987.7879076
2014-05-09,797329632.2153735
2014-05-12,805092711.2581297
2014-05-13,805813840.7457331
2014-05-14,801995974.7468376
2014-05-15,794954184.2760632
2014-05-16,797711434.7237009
2014-05-19,800638666.8297336
2014-05-20,795590521.7899421
2014-05-21,802292905.7392514
2014-05-22,804244234.7255614
2014-05-23,807468238.7396294
2014-05-27,812431512.2635071
2014-05-28,811837491.1943011
2014-05-29,816037080.159335
2014-05-30,817352230.7161446
2014-06-02,818285499.2224375
2014-06-03,817861062.1006801
2014-06-04,819515698.7211441
2014-06-05,824860456.5845923
2014-06-06,828805590.0862638
2014-06-09,829653987.0766429
2014-06-10,829738699.508178
2014-06-11,826854340.6421429
2014-06-12,821000035.5144559
2014-06-13,823503148.6674881
2014-06-16,824181961.7104185
2014-06-17,826472379.0494368
2014-06-18,832538345.9426777
2014-06-19,833471614.4489707
2014-06-20,835163874.5249428
2014-06-23,834907907.759985
2014-06-24,829878375.5924745
2014-06-25,833629346.6102235
2014-06-26,833032621.1065835
2014-06-27,834652179.6215948
2014-06-30,834226072.1138635
2014-07-01,839809774.7137734
2014-07-02,840662307.8979928
2014-07-03,844796592.7256647
2014-07-07,841855917.9896513
2014-07-08,836442594.7590826
2014-07-09,840193406.6924531
2014-07-10,836868781.809003
2014-07-11,838019836.8294208
2014-07-14,842239390.8839525
2014-07-15,840662307.8979926
2014-07-16,843773998.340861
2014-07-17,834183357.9582442
2014-07-18,842708371.6316814
2014-07-21,841131129.5613431
2014-07-22,844796592.7256646
2014-07-23,846672595.2587692
2014-07-24,846714832.161253
2014-07-25,842750608.5341653
2014-07-28,843091844.525983
2014-07-29,839468936.4329021
2014-07-30,839596919.8153809
2014-07-31,823016191.3849925
2014-08-01,820501465.0723318
2014-08-04,826426244.5796808
2014-08-05,818412766.7252132
2014-08-06,818668415.3214141
2014-08-07,814235608.6575437
2014-08-08,823655790.12863
2014-08-11,826042373.9744333
2014-08-12,824891716.6649616
2014-08-13,830475101.0961145
2014-08-14,834396451.4832047
2014-08-15,834226072.1138636
2014-08-18,841216160.1616353
2014-08-19,845606570.8386436
2014-08-20,847865489.4707248
2014-08-21,850337819.7965232
2014-08-22,849016942.2020888
2014-08-25,853321606.3991019
2014-08-26,853875617.7471228
2014-08-27,853534302.2131159
2014-08-28,853065480.5497656
2014-08-29,855495335.3465126
2014-09-02,855069068.7544029
2014-09-03,854600247.0910525
2014-09-04,853364081.9281534
2014-09-05,857200083.5461946
2014-09-08,854983799.5275432
2014-09-09,849570635.3813529
2014-09-10,852767595.0510811
2014-09-11,853747793.4490225
2014-09-12,848760736.8105634
2014-09-15,848121376.6934935
2014-09-16,854515057.4063821
2014-09-17,855665873.8002323
2014-09-18,860226504.7622032
2014-09-19,859451525.2124878
2014-09-22,852814127.2317835
2014-09-23,847932225.3674929
2014-09-24,854569543.806008
2014-09-25,840780825.7599529
2014-09-26,847461017.4384655
2014-09-29,845919251.1845258
2014-09-30,843692785.7656524
2014-10-01,832258993.7740852
2014-10-02,832387454.4096994
2014-10-03,841551510.0314496
2014-10-06,840566857.270911
2014-10-07,827591378.5675932
2014-10-08,842065273.0317175
2014-10-09,825364435.8955843
2014-10-10,815943538.5447948
2014-10-13,802540122.8633934
2014-10-14,803781855.979539
2014-10-15,798343476.9593613
2014-10-16,797658061.9147243
2014-10-17,807079277.4342709
2014-10-20,814915933.0020694
2014-10-21,831059815.7291799
2014-10-22,825150387.8643532
2014-10-23,834742698.6329439
2014-10-24,841166207.6667955
2014-10-27,840009823.3196988
2014-10-28,849645086.8704764
2014-10-29,848360241.8877654
2014-10-30,853798620.9079431
2014-10-31,863562265.5521458
2014-11-03,864033155.3124164
2014-11-04,861035846.5376679
2014-11-05,866474146.0156564
2014-11-06,869942821.8038108
2014-11-07,870756538.3996837
2014-11-10,873497403.156339
2014-11-11,874353992.9922093
2014-11-12,873411497.5919652
2014-11-13,874396388.9790715
2014-11-14,874610755.1790594
2014-11-17,875167232.3349465
2014-11-18,880220229.4482812
2014-11-19,878807241.9987128
2014-11-20,880348928.7104632
2014-11-21,885059178.5303849
2014-11-24,887542883.389244
2014-11-25,886900739.2955508
2014-11-26,889170475.6653681
2014-11-28,887286200.7445831
2014-12-01,881119453.8975816
2014-12-02,886815310.9843125
2014-12-03,890240954.448091
2014-12-04,889256381.2297417
2014-12-05,890712003.29274
2014-12-08,884759781.7301049
2014-12-09,884160033.623274
2014-12-10,869985774.5859975
2014-12-11,874396388.9790713
2014-12-12,860265162.2661709
2014-12-15,854355654.8591549
2014-12-16,847504129.3050303
2014-12-17,864119299.5033574
2014-12-18,885487592.7616038
2014-12-19,889255426.7234707
2014-12-22,893345963.3470635
2014-12-23,894551584.3092965
2014-12-24,894637410.331481
2014-12-26,897522485.0772192
2014-12-29,898728424.2082092
2014-12-30,893905781.2748986
2014-12-31,885035395.4158037
2015-01-02,884561642.1367208
2015-01-05,868586866.1039237
2015-01-06,860405633.7723597
2015-01-07,871127364.0858964
2015-01-08,886585672.6839914
2015-01-09,879481123.4259107
2015-01-12,872591338.0787642
2015-01-13,870136904.7455436
2015-01-14,864883779.4840939
2015-01-15,856960979.725354
2015-01-16,868199575.184539
2015-01-20,870050919.6389806
2015-01-21,874443000.7019627
2015-01-22,887446716.8824587
2015-01-23,882580882.5403936
2015-01-26,884647865.869851
2015-01-27,872978788.0825269
2015-01-28,861783543.116475
2015-01-29,869749295.6574017
2015-01-30,858812642.3485523
2015-02-02,869448148.9289585
2015-02-03,882020985.0703694
2015-02-04,878662793.3830621
2015-02-05,887532940.6155893
2015-02-06,885078507.2823687
2015-02-09,881117147.1740934
2015-02-10,890504000.4678903
2015-02-11,891020388.3604031
2015-02-12,899589786.5754331
2015-02-13,903292793.6530735
2015-02-17,904713417.1528084
2015-02-18,904799481.8015605
2015-02-19,904153599.2249733
2015-02-20,909579171.9526843
2015-02-23,909450074.9795561
2015-02-24,912033446.2015265
2015-02-25,911258546.1940004
2015-02-26,910182101.7470847
2015-02-27,907081547.2107092
2015-03-02,912808743.9199986
2015-03-03,909062624.9757929
2015-03-04,905230282.2984565
2015-03-05,906220423.4700522
2015-03-06,893474901.2358127
2015-03-09,897178067.3978317
2015-03-10,882624073.9491479
2015-03-11,880557488.3306366
2015-03-12,891752812.8388779
2015-03-13,886284207.786791
2015-03-16,898125573.9559978
2015-03-17,895455979.0008969
2015-03-18,906220423.4700527
2015-03-19,902087252.2330301
2015-03-20,910049345.833252
2015-03-23,908276191.3508282
2015-03-24,903172684.9473293
2015-03-25,889937421.4539704
2015-03-26,887818258.4483749
2015-03-27,889851277.263029
2015-03-30,900707036.1654265
2015-03-31,892835382.0343646
2015-04-01,889678113.9170645
2015-04-02,892878732.5274975
2015-04-06,898890769.8164371
2015-04-07,896511583.3942327
2015-04-08,899539436.3696476
2015-04-09,903518454.8439331
2015-04-10,908449116.0702245
2015-04-13,904340205.2009186
2015-04-14,906070247.8167771
2015-04-15,910135967.2773286
2015-04-16,909876421.1138551
2015-04-17,899409782.6011946
2015-04-20,907627445.2554282
2015-04-21,906546148.7349693
2015-04-22,911001227.2118255
2015-04-23,913293553.5633855
2015-04-24,915412716.5689812
2015-04-27,911606384.1875247
2015-04-28,914504424.3101081
2015-04-29,910741521.9639738
2015-04-30,901615328.4242995
2015-05-01,911390108.9749949
2015-05-04,913985252.4409721
2015-05-05,903518454.8439332
2015-05-06,899798902.9909319
2015-05-07,903388801.0754802
2015-05-08,915282903.7161497
2015-05-11,910914605.7677487
2015-05-12,908189649.4489403
2015-05-13,908362812.7949045
2015-05-14,917834696.6889936
2015-05-15,918829610.3919435
2015-05-18,921684061.3948262
2015-05-19,921381403.3647875
2015-05-20,920732418.6428201
2015-05-21,923414183.5528738
2015-05-22,921208160.4766338
2015-05-26,911303487.5309178
2015-05-27,919953939.2367783
2015-05-28,918915913.6672632
2015-05-29,913206773.0349299
2015-06-01,915066628.5036199
2015-06-02,914158574.8713145
2015-06-03,916580475.449138
2015-06-04,908838475.0865291
2015-06-05,907281198.1056887
2015-06-08,901702029.4105653
2015-06-09,901572137.0155447
2015-06-10,912384784.0513767
2015-06-11,915326333.7514718
2015-06-12,908319462.3017715
2015-06-15,904426906.1871843
2015-06-16,909357408.3290974
2015-06-17,910827904.7814826
2015-06-18,920300186.3865178
2015-06-19,916214422.2942791
2015-06-22,920908604.5919753
2015-06-23,921560214.2061874
2015-06-24,914867295.7773972
2015-06-25,912085784.9620427
2015-06-26,911911826.1941861
2015-06-29,892788770.3114725
2015-06-30,894657614.0475459
2015-07-01,901828740.1180161
2015-07-02,901003251.2781366
2015-07-06,898438970.1815827
2015-07-07,904088931.4251252
2015-07-08,888920872.2755482
2015-07-09,890528499.4621744
2015-07-10,901742039.1317503
2015-07-13,911694596.4753857
2015-07-14,915649831.8350898
2015-07-15,915345264.7925096
2015-07-16,922690508.7152148
2015-07-17,923472806.1463399
2015-07-20,923950775.1614524
2015-07-21,920300106.8443285
2015-07-22,918648254.2004879
2015-07-23,913476659.6830039
2015-07-24,904001912.2701024
2015-07-27,898742900.8866493
2015-07-28,909782402.2461793
2015-07-29,916040781.6951795
2015-07-30,916258011.4139799
2015-07-31,914867295.7773974
2015-08-03,911781615.6304088
2015-08-04,909999631.9649799
2015-08-05,912998372.4991347
2015-08-06,905523315.7235979
2015-08-07,903784762.0934912
2015-08-10,915171624.1934098
2015-08-11,906913792.7336127
2015-08-12,908000577.6651288
2015-08-13,906870442.2404797
2015-08-14,910173272.5640795
2015-08-17,915258643.3484328
2015-08-18,912607502.1812344
2015-08-19,905392548.3644956
2015-08-20,886486642.6583933
2015-08-21,859801431.3029308
2015-08-24,823597962.9570553
2015-08-25,813905826.7409749
2015-08-26,845154850.7459776
2015-08-27,866059810.7519308
2015-08-28,866103399.8716315
2015-08-31,859105993.9424502
2015-09-01,833463501.1456677
2015-09-02,849283567.6204029
2015-09-03,849892065.3680497
2015-09-04,837027468.4765254
2015-09-08,858063036.7572024
2015-09-09,846589155.5022607
2015-09-10,851196159.5605555
2015-09-11,855063818.969912
2015-09-14,851891437.8366575
2015-09-15,862539512.0829626
2015-09-16,870014727.9428779
2015-09-17,868059183.2205385
2015-09-18,853873629.1923907
2015-09-21,858286311.6823846
2015-09-22,847145791.7425263
2015-09-23,845791665.5129918
2015-09-24,842733347.8791001
2015-09-25,842514845.4852719
2015-09-28,821370065.7787756
2015-09-29,821850659.6861327
2015-09-30,837185200.6377783
2015-10-01,839369508.6963573
2015-10-02,851907823.52764
2015-10-05,867067530.7473474
2015-10-06,864096550.4372355
2015-10-07,871174055.3509763
2015-10-08,879037755.2631147
2015-10-09,879561938.2901725
2015-10-12,880392279.2035953
2015-10-13,874843575.1669488
2015-10-14,870649792.7817292
2015-10-15,884018209.899867
2015-10-16,888037397.1797161
2015-10-19,888474242.882994
2015-10-20,887338300.8785307
2015-10-21,881833822.2990987
2015-10-22,896730960.7521418
2015-10-23,906561023.1243554
2015-10-26,904332887.3195081
2015-10-27,902585504.5063963
2015-10-28,912851696.7021849
2015-10-29,912327911.3860732
2015-10-30,908395822.8034364
2015-11-02,919143165.7019067
2015-11-03,921807908.5834644
2015-11-04,919011682.4631015
2015-11-05,918094640.5634125
2015-11-06,917614126.1982447
2015-11-09,909051329.984921
2015-11-10,911147982.5509632
2015-11-11,907565640.974392
2015-11-12,894896161.073061
2015-11-13,884848073.5601544
2015-11-16,898304146.1708292
2015-11-17,897648559.4471552
2015-11-18,911890906.5984168
2015-11-19,911104393.4312624
2015-11-20,914424484.4099262
2015-11-23,913376118.3558105
2015-11-24,914599397.6840535
2015-11-25,914468550.7827622
2015-11-27,915516916.8368778
2015-11-30,911716072.8664784
2015-12-01,920410272.7764182
2015-12-02,911016976.5652932
2015-12-03,898260397.9667499
2015-12-04,915778928.8082174
2015-12-07,910230940.651274
2015-12-08,904114464.4678689
2015-12-09,897080628.2160181
2015-12-10,899396180.8868346
2015-12-11,881964907.8269577
2015-12-14,886421099.8944631
2015-12-15,895726501.9864835
2015-12-16,908832668.506714
2015-12-17,894983577.9390297
2015-12-18,879039584.7334665
2015-12-21,886290968.8728749
2015-12-22,894333320.5420346
2015-12-23,905408218.1757742
2015-12-24,903913779.5244293
2015-12-28,901848466.5809457
2015-12-29,911472991.9361767
2015-12-30,905012495.7843308
2015-12-31,895959481.0587525
2016-01-04,883434290.6886935
2016-01-05,884928570.2556599
2016-01-06,873765937.5871943
2016-01-07,852802911.7830997
2016-01-08,843442068.7851825
2016-01-11,844276943.6033918
2016-01-12,851089095.7738451
2016-01-13,829862148.985869
2016-01-14,843486135.1580187
2016-01-15,825379469.3693484
2016-01-19,826478026.5448713
2016-01-20,815886824.9638691
2016-01-21,820457239.6151159
2016-01-22,837289162.2791079
2016-01-25,824632568.2124329
2016-01-26,835882935.9156245
2016-01-27,826786252.5281564
2016-01-28,831093064.3642788
2016-01-29,851352539.5045911
2016-02-01,851044870.3166306
2016-02-02,835706988.5930371
2016-02-03,840717112.4663743
2016-02-04,842035842.4216994
2016-02-05,825994728.2030804
2016-02-08,814876161.9074509
2016-02-09,814919751.0271516
2016-02-10,814216836.7008829
2016-02-11,803625316.9511237
2016-02-12,820193795.88437
2016-02-16,834037159.4144293
2016-02-17,847661304.6709574
2016-02-18,844189208.5686659
2016-02-19,843793724.8037901
2016-02-22,856011086.9015102
2016-02-23,845199712.5407059
2016-02-24,849067212.865684
2016-02-25,859350904.3431042
2016-02-26,857373485.5187253
2016-02-29,850649466.0939442
2016-03-01,870645656.587889
2016-03-02,874556905.1169463
2016-03-03,877984457.5932664
2016-03-04,880841374.4040154
2016-03-07,881544606.8990409
2016-03-08,871920002.0016209
2016-03-09,876226813.8377433
2016-03-10,876930046.3327688
2016-03-11,891081079.0507888
2016-03-14,889938614.5868082
2016-03-15,888488242.3082994
2016-03-16,893630167.5891988
2016-03-17,899299616.6691039
2016-03-18,902833278.4258634
2016-03-21,904114464.4678695
2016-03-22,903628382.1494552
2016-03-23,897665024.6803273
2016-03-24,897267552.3607206
2016-03-28,897797541.9675927
2016-03-29,906102223.7768492
2016-03-30,910077981.021376
2016-03-31,907869253.5107019
2016-04-01,914053579.1815243
2016-04-04,911094052.9466623
2016-04-05,901994108.3294356
2016-04-06,911845090.2974181
2016-04-07,900933890.489124
2016-04-08,903363506.6593033
2016-04-11,901243309.6052476
2016-04-12,909636124.1601763
2016-04-13,918824440.1496431
2016-04-14,918868506.5224793
2016-04-15,917852434.597193
2016-04-18,924302113.011303
2016-04-19,927217493.3311396
2016-04-20,928101127.5113498
2016-04-21,923109218.7993474
2016-04-22,923109218.7993474
2016-04-25,921519090.894353
2016-04-26,922888489.2242206
2016-04-27,924788274.8719064
2016-04-28,916394823.9794637
2016-04-29,911447379.3512436
2016-05-02,918691922.8623778
2016-05-03,910696342.000488
2016-05-04,905616300.5428134
2016-05-05,905439716.882712
2016-05-06,908752569.5221554
2016-05-09,909503686.4151003
2016-05-10,920812279.000812
2016-05-11,912198257.6176212
2016-05-12,912463371.734341
2016-05-13,904511857.2452874
2016-05-16,913435138.6602235
2016-05-17,904909806.8180294
2016-05-18,905174761.8503709
2016-05-19,902038095.1600827
2016-05-20,907736656.6812477
2016-05-23,906500014.2652131
2016-05-24,918250066.0011783
2016-05-25,924478617.1292152
2016-05-26,924743810.7881243
2016-05-27,928719170.3217049
2016-05-31,926952538.2987983
2016-06-01,928852005.7777272
2016-06-02,931679094.2675133
2016-06-03,928896310.7771312
2016-06-06,933622787.2036568
2016-06-07,935080397.8213859
2016-06-08,938128613.5972449
2016-06-09,936847666.1818064
2016-06-10,927968689.7662741
2016-06-13,920812279.0008123
2016-06-14,919001103.3519342
2016-06-15,917720076.3943065
2016-06-16,920458713.9696634
2016-06-17,917030763.7823972
2016-06-20,922936612.2487082
2016-06-21,925556254.7089697
2016-06-22,924046623.499481
2016-06-23,936080163.5978792
2016-06-24,902466270.7647343
2016-06-27,886303297.9122074
2016-06-28,902288891.6827404
2016-06-29,917652545.0756459
2016-06-30,930174474.2159463
2016-07-01,932128269.0101227
2016-07-05,925423339.710758
2016-07-06,930973873.2177567
2016-07-07,930396158.2973439
2016-07-08,944250578.1917069
2016-07-11,947580850.5705926
2016-07-12,954463397.5785187
2016-07-13,954330323.4959289
2016-07-14,959658616.1262056
2016-07-15,958370828.082493
2016-07-18,960946563.2542968
2016-07-19,959969626.086114
2016-07-20,963965666.5888957
2016-07-21,960324861.5032369
2016-07-22,964632071.0503054
2016-07-25,962012189.9634763
2016-07-26,962456114.9215963
2016-07-27,961434872.7540097
2016-07-28,962545043.0891609
2016-07-29,964099058.8402426
2016-08-01,963299739.3806213
2016-08-02,957127822.2913195
2016-08-03,959925082.4601424
2016-08-04,960946563.2542968
2016-08-05,968805888.3460271
2016-08-08,968228730.2209388
2016-08-09,968805888.3460271
2016-08-10,966408168.593731
2016-08-11,970892995.8493611
2016-08-12,970049291.8481468
2016-08-15,972846552.0169697
2016-08-16,967828871.6356552
2016-08-17,969649433.2628629
2016-08-18,971825468.9337614
2016-08-19,970404527.2652695
2016-08-22,970360063.1814872
2016-08-23,972313857.9756634
2016-08-24,967340721.2203206
2016-08-25,966674714.469857
2016-08-26,964853834.6738921
2016-08-29,969605207.8056483
2016-08-30,968006727.9707842
2016-08-31,965253693.2591759
2016-09-01,965298157.3429582
2016-09-02,969649433.2628629
2016-09-06,972580244.7674112
2016-09-07,972491396.1420358
2016-09-08,970271214.5561119
2016-09-09,947047997.4449083
2016-09-12,960635632.8365775
2016-09-13,946825836.1103753
2016-09-14,946470839.31982
2016-09-15,955928564.7042253
2016-09-16,952233591.3876976
2016-09-19,952412322.6869082
2016-09-20,952456786.7706904
2016-09-21,963167381.1777343
2016-09-22,969237086.5538691
2016-09-23,963926134.1208457
2016-09-26,956116125.1864408
2016-09-27,962051722.4315258
2016-09-28,966826719.5934848
2016-09-29,958080021.83865
2016-09-30,965309452.3338294
2016-10-03,962989127.1316588
2016-10-04,958080021.83865
2016-10-05,962319620.524869
2016-10-06,962989127.1316589
2016-10-07,959686376.3502483
2016-10-10,964684727.9795787
2016-10-11,952501091.7700942
2016-10-12,953750779.1051633
2016-10-13,950627236.876099
2016-10-14,951117932.641489
2016-10-17,947815420.4866462
2016-10-18,953750779.1051633
2016-10-19,956294856.4856516
2016-10-20,954509691.1326532
2016-10-21,954955922.8142608
2016-10-24,959017028.8278368
2016-10-25,955803922.093694
2016-10-26,953884648.6096456
2016-10-27,951340809.855725
2016-10-28,948529470.7194076
2016-10-31,948574093.8875684
2016-11-01,941701251.0267289
2016-11-02,936033551.874987
2016-11-03,931749170.9362289
2016-11-04,930722758.526342
2016-11-07,951251881.6881607
2016-11-08,955535944.458162
2016-11-09,965666755.8478727
2016-11-10,968076406.928554
2016-11-11,965845168.9783264
2016-11-14,966603842.3792487
2016-11-15,974146032.7624997
2016-11-16,972316164.6991514
2016-11-17,977314754.9550495
2016-11-18,975127981.0886043
2016-11-21,982491519.7148339
2016-11-22,984410554.5723146
2016-11-23,984946032.5902438
2016-11-25,988605609.632562
2016-11-28,983964243.3485178
2016-11-29,985883278.2059984
2016-11-30,983517932.1247209
2016-12-01,979902898.7083743
2016-12-02,980393674.0159535
2016-12-05,986284886.7194453
2016-12-06,989408985.7438344
2016-12-07,1002350977.185484
2016-12-08,1004805569.603083
2016-12-09,1010874956.810461
2016-12-12,1009714674.8960919
2016-12-13,1016453727.7946385
2016-12-14,1008063219.9631976
2016-12-15,1012213970.0240412
2016-12-16,1010234085.3917959
2016-12-19,1012433824.6350864
2016-12-20,1016339505.2108972
2016-12-21,1013511144.0460835
2016-12-22,1011760818.17197
2016-12-23,1013241814.1933341
2016-12-27,1015755904.1684809
2016-12-28,1007361021.516632
2016-12-29,1007136871.6273681
2016-12-30,1003455738.6517673
2017-01-03,1011132037.1660683
2017-01-04,1017147494.7691451
2017-01-05,1016339505.2108973
2017-01-06,1019975617.3073912
2017-01-09,1016608755.5214573
2017-01-10,1016608755.5214573
2017-01-11,1019481739.8544317
2017-01-12,1016922947.1689351
2017-01-13,1019257192.2542217
2017-01-17,1015666180.579024
2017-01-18,1017910542.9904752
2017-01-19,1014139925.051985
2017-01-20,1017865760.7379359
2017-01-23,1015217164.920793
2017-01-24,1021726499.9768292
2017-01-25,1030569921.0337734
2017-01-26,1029492522.080587
2017-01-27,1027876622.5062805
2017-01-30,1021501952.376619
2017-01-31,1021412387.8715405
2017-02-01,1021816223.566286
2017-02-02,1022489468.6559701
2017-02-03,1029537542.959694
2017-02-06,1027696936.700799
2017-02-07,1027741878.0377166
2017-02-08,1029088447.7592738
2017-02-09,1035193788.036186
2017-02-10,1039278836.2487215
2017-02-13,1044935240.4095919
2017-02-14,1049110409.9225307
2017-02-15,1054586969.1935412
2017-02-16,1053689017.4192686
2017-02-17,1055350017.4148715
2017-02-21,1061634963.9550761
2017-02-22,1060692150.386075
2017-02-23,1061410336.8126767
2017-02-24,1062757224.7029908
2017-02-27,1064418224.6985935
2017-02-28,1061545081.2812406
2017-03-01,1076404119.02564
2017-03-02,1069625533.6590438
2017-03-03,1070298619.6643494
2017-03-06,1067111443.6838971
2017-03-07,1063924188.1612556
2017-03-08,1061949076.0603644
2017-03-09,1063295486.6975431
2017-03-10,1067021640.5522509
2017-03-13,1067560618.4265063
2017-03-14,1063475490.6717815
2017-03-15,1072678044.7131212
2017-03-16,1070567949.5170984
2017-03-17,1068687810.7901537
2017-03-20,1067515836.1739671
2017-03-21,1053809523.8359594
2017-03-22,1056289251.5853568
2017-03-23,1055162218.3060879
2017-03-24,1054395670.2284313
2017-03-27,1053313419.2017016
2017-03-28,1060978343.182942
2017-03-29,1061969995.6561333
2017-03-30,1065351731.8314542
2017-03-31,1062872004.0820569
2017-04-03,1061023125.4354814
2017-04-04,1061699472.6705455
2017-04-05,1058543556.7704625
2017-04-06,1061519389.1541176
2017-04-07,1060437138.1273878
2017-04-10,1061068544.0255343
2017-04-11,1059805891.3136199
2017-04-12,1055162218.3060877
2017-04-13,1048308783.7394216
2017-04-17,1057596925.1763783
2017-04-18,1054440770.6497276
2017-04-19,1052501850.2449381
2017-04-20,1061068544.0255344
2017-04-21,1057686728.3080244
2017-04-24,1069319375.7726789
2017-04-25,1075541245.35682
2017-04-26,1074864977.6639452
2017-04-27,1075766588.3789225
2017-04-28,1073422241.435603
2017-05-01,1076127391.749292
2017-05-02,1076533375.0831468
2017-05-03,1075225542.407747
2017-05-04,1076488036.035283
2017-05-05,1080726123.4199066
2017-05-08,1080545960.3612897
2017-05-09,1079554069.2615309
2017-05-10,1081492432.8709955
2017-05-11,1079283466.7337537
2017-05-12,1077479847.5928528
2017-05-15,1083431353.2757847
2017-05-16,1082439621.2604043
2017-05-17,1063232568.8258587
2017-05-18,1067515836.1739676
2017-05-19,1074459073.87228
2017-05-22,1079914634.0053322
2017-05-23,1082304319.9965158
2017-05-24,1084829068.62502
2017-05-25,1090014105.7724848
2017-05-26,1089788842.2925715
2017-05-30,1088841653.9031627
2017-05-31,1088570971.8331964
2017-06-01,1097227945.9985743
2017-06-02,1100879966.532915
2017-06-05,1100068715.7449086
2017-06-06,1096551598.76351
2017-06-07,1098580481.384324
2017-06-08,1099121447.8133106
2017-06-09,1097453448.1050553
2017-06-12,1097227945.9985745
2017-06-13,1102593464.373413
2017-06-14,1101195430.8554208
2017-06-15,1099076426.9342039
2017-06-16,1099316564.803504
2017-06-19,1108468450.4703012
2017-06-20,1100992916.441629
2017-06-21,1100720961.696635
2017-06-22,1100222709.4232678
2017-06-23,1101536348.6784818
2017-06-26,1102261534.8177361
2017-06-27,1093381444.8115547
2017-06-28,1103167838.5218782
2017-06-29,1093472043.365093
2017-06-30,1095511107.3861291
2017-07-03,1097368497.0469527
2017-07-05,1099905654.2569776
2017-07-06,1089847623.9704168
2017-07-07,1096915504.2792602
2017-07-10,1098093285.475261
2017-07-11,1097277818.951225
2017-07-12,1105523480.4560692
2017-07-13,1107381347.370028
2017-07-14,1112546021.7170484
2017-07-17,1112410163.6578352
2017-07-18,1112999253.1113088
2017-07-19,1119025051.198986
2017-07-20,1119523383.0145426
2017-07-21,1118526560.299051
2017-07-24,1118254844.1806247
2017-07-25,1120973118.9555373
2017-07-26,1121018378.4612122
2017-07-27,1119976216.697857
2017-07-28,1118662338.816075
2017-07-31,1118028148.9413054
2017-08-01,1120519808.019088
2017-08-02,1121063319.7981298
2017-08-03,1118888795.4288266
2017-08-04,1120927779.9076734
2017-08-07,1123011705.723438
2017-08-08,1120248012.3584723
2017-08-09,1120202911.9371762
2017-08-10,1104390958.7657428
2017-08-11,1106021812.2716255
2017-08-14,1116985987.1779501
2017-08-15,1116850129.118737
2017-08-16,1118798355.9596667
2017-08-17,1101355390.1979723
2017-08-18,1099633779.0541728
2017-08-21,1100494345.9995048
2017-08-22,1112002271.311439
2017-08-23,1108015616.786987
2017-08-24,1105432961.4447198
2017-08-25,1108015616.786987
2017-08-28,1108060796.7504723
2017-08-29,1109329335.58439
2017-08-30,1114584767.5693276
2017-08-31,1121290094.5796385
2017-09-01,1122875847.6642249
2017-09-05,1114811621.8930254
2017-09-06,1118617158.8525896
2017-09-07,1118481221.251187
2017-09-08,1117167422.9115946
2017-09-11,1129082842.858979
2017-09-12,1132888459.3607323
2017-09-13,1133432448.3929098
2017-09-14,1133070213.2631342
2017-09-15,1134595355.1995237
2017-09-18,1137008347.0521529
2017-09-19,1138146516.2379148
2017-09-20,1138556476.6812315
2017-09-21,1135505795.0975063
2017-09-22,1135733683.469664
2017-09-25,1133411528.797141
2017-09-26,1134094398.4917226
2017-09-27,1138510580.838043
2017-09-28,1139877036.106909
2017-09-29,1143883655.720859
2017-10-02,1148846372.4494123
2017-10-03,1151305260.14523
2017-10-04,1152671397.2453392
2017-10-05,1159501048.697424
2017-10-06,1158180409.7295573
2017-10-09,1156267897.331594
2017-10-10,1159318578.9153192
2017-10-11,1161140174.5909872
2017-10-12,1159409813.8063717
2017-10-13,1160821528.580912
2017-10-16,1162369180.956855
2017-10-17,1163188942.7591097
2017-10-18,1164327271.02925
2017-10-19,1164646076.1237032
2017-10-20,1170655965.7735336
2017-10-23,1166102811.777351
2017-10-24,1168151818.5720413
2017-10-25,1162369180.956855
2017-10-26,1163871891.9958804
2017-10-27,1173387921.8049948
2017-10-30,1169016680.795592
2017-10-31,1170837958.3025029
2017-11-01,1172386326.558149
2017-11-02,1172841466.964951
2017-11-03,1176757169.8566055
2017-11-06,1178578447.3635166
2017-11-07,1177758924.1878297
2017-11-08,1179762114.6815207
2017-11-09,1175482267.647549
2017-11-10,1175118043.9630425
2017-11-13,1176210953.6431296
2017-11-14,1173479156.696047
2017-11-15,1167605284.1898084
2017-11-16,1177531194.9000502
2017-11-17,1174070871.0417655
2017-11-20,1176074220.6198351
2017-11-21,1183768893.3798494
2017-11-22,1182721959.08514
2017-11-24,1185453756.0322225
2017-11-27,1184861962.144315
2017-11-28,1196882139.1549218
2017-11-29,1196153453.159341
2017-11-30,1206625739.1674373
2017-12-01,1204121353.3393772
2017-12-04,1202664617.6857297
2017-12-05,1198339113.435137
2017-12-06,1198566604.0963488
2017-12-07,1202345892.1334653
2017-12-08,1208902554.7920961
2017-12-11,1212545030.2637289
2017-12-12,1214684794.6963363
2017-12-13,1214548220.75742
2017-12-14,1209585265.4022992
2017-12-15,1219657772.3673007
2017-12-18,1227392057.1375542
2017-12-19,1222678625.630063
2017-12-20,1222037754.2113976
2017-12-21,1224554628.1631677
2017-12-22,1224234470.8514974
2017-12-26,1222770019.605494
2017-12-27,1223365154.2653491
2017-12-28,1225881630.506173
2017-12-29,1221259592.9741127
2018-01-02,1230000881.8600793
2018-01-03,1237780744.3047643
2018-01-04,1242997518.7857335
2018-01-05,1251281201.457032
2018-01-08,1253569391.6147518
2018-01-09,1256406741.0469491
2018-01-10,1254484444.95971
2018-01-11,1263637444.2171564
2018-01-12,1271875071.960888
2018-01-16,1267527216.3551202
2018-01-17,1279608879.4780056
2018-01-18,1277458138.2232838
2018-01-19,1283270365.5328655
2018-01-22,1293704232.663561
2018-01-23,1296450347.2047062
2018-01-24,1295946526.9780924
2018-01-25,1296495765.7947593
2018-01-26,1311506331.409651
2018-01-29,1302811415.6200082
2018-01-30,1289448089.2019813
2018-01-31,1290088881.0784576
2018-02-01,1288624270.7480757
2018-02-02,1260570854.195584
2018-02-05,1207851007.050411
2018-02-06,1231648200.5991335
2018-02-07,1224966656.703404
2018-02-08,1179019588.3450131
2018-02-09,1196730372.6578615
2018-02-12,1214303628.5255227
2018-02-13,1217323765.9085817
2018-02-14,1233753205.0950456
2018-02-15,1249496592.8993585
2018-02-16,1249861691.5479467
2018-02-20,1242036967.3085334
2018-02-21,1235858209.5909574
2018-02-22,1237460348.3665261
2018-02-23,1257184425.0310984
2018-02-26,1271783121.1901321
2018-02-27,1255903318.5312815
2018-02-28,1243180545.363163
2018-03-01,1225104185.1485913
2018-03-02,1231419278.178516
2018-03-05,1245652398.4358263
2018-03-06,1248809666.553126
2018-03-07,1248351901.2540793
2018-03-08,1254392812.3577113
2018-03-09,1276222450.3135202
2018-03-12,1274620550.164519
2018-03-13,1266383081.505166
2018-03-14,1259884643.7290552
2018-03-15,1258511586.4584827
2018-03-16,1259876371.3413749
2018-03-19,1242829923.3930163
2018-03-20,1244943677.529744
2018-03-21,1242554071.0807498
2018-03-22,1211493641.606423
2018-03-23,1185671383.4619696
2018-03-26,1218110279.0757368
2018-03-27,1197387788.8518884
2018-03-28,1193849911.3590996
2018-03-29,1209104432.868375
2018-04-02,1183006401.9538443
2018-04-03,1198168893.1501749
2018-04-04,1210988230.5360246
2018-04-05,1220545383.6569734
2018-04-06,1193344261.6621335
2018-04-09,1199225690.6763494
2018-04-10,1218293941.9906802
2018-04-11,1211907340.5326335
2018-04-12,1221877794.8688467
2018-04-13,1218293941.99068
2018-04-16,1228310451.2544603
2018-04-17,1241451616.3379543
2018-04-18,1242370567.2501848
2018-04-19,1235478316.095172
2018-04-20,1225002212.0619924
2018-04-23,1224818549.147049
2018-04-24,1208323487.6544664
2018-04-25,1211310137.7758574
2018-04-26,1223623825.464741
2018-04-27,1224772494.219482
2018-04-30,1215353585.4234233
2018-05-01,1217512758.150204
2018-05-02,1209334309.795263
2018-05-03,1206669328.2871377
2018-05-04,1222291414.2528675
2018-05-07,1226426494.5024316
2018-05-08,1226426494.5024316
2018-05-09,1238280905.5906727
2018-05-10,1249859782.5354044
2018-05-11,1253673432.7982707
2018-05-14,1254270476.4706678
2018-05-15,1245632592.4307065
2018-05-16,1250870604.6762016
2018-05-17,1249813966.2344055
2018-05-18,1246689469.4990704
2018-05-21,1256062880.1628869
2018-05-22,1252570978.0554757
2018-05-23,1256016825.2353199
2018-05-24,1253443635.4135716
2018-05-25,1250457383.0031266
2018-05-29,1236075677.9363256
2018-05-30,1252570978.0554757
2018-05-31,1244897383.9756088
2018-06-01,1257119598.1468723
2018-06-04,1263092659.763087
2018-06-05,1264011610.6753175
2018-06-06,1274579506.3948739
2018-06-07,1274441818.8653083
2018-06-08,1278209334.6584182
2018-06-11,1279909548.9533136
2018-06-12,1281563708.3206422
2018-06-13,1277474046.661131
2018-06-14,1280690494.1672215
2018-06-15,1279056936.2269049
2018-06-18,1276425839.6913936
2018-06-19,1271533835.9690702
2018-06-20,1273703110.5538838
2018-06-21,1265718188.3453515
2018-06-22,1268025866.3394337
2018-06-25,1250764415.853573
2018-06-26,1253533915.798353
2018-06-27,1243149285.2827938
2018-06-28,1250257095.7706332
2018-06-29,1252056658.2598832
2018-07-02,1254733889.2651505
2018-07-03,1250302912.0716326
2018-07-05,1260502606.9972208
2018-07-06,1271164362.5000744
2018-07-09,1282610642.6153514
2018-07-10,1287226316.7722728
2018-07-11,1277810351.037216
2018-07-12,1289394875.4773834
2018-07-13,1290410311.0651557
2018-07-16,1289256790.2368717
2018-07-17,1294472053.4162455
2018-07-18,1297194941.6381338
2018-07-19,1292302937.9158103
2018-07-20,1290825759.9195294
2018-07-23,1293225786.3953133
2018-07-24,1299733212.4388077
2018-07-25,1310810655.4226027
2018-07-26,1307718055.1051507
2018-07-27,1298856577.97125
2018-07-30,1292071788.3138936
2018-07-31,1298441367.743444
2018-08-01,1296271934.074252
2018-08-02,1303333848.7189026
2018-08-03,1308918346.7407048
2018-08-06,1313718558.7766511
2018-08-07,1318056551.1509535
2018-08-08,1317502539.8029327
2018-08-09,1315702579.6027367
2018-08-10,1306887157.396403
2018-08-13,1301995233.216269
2018-08-14,1310302699.0021489
2018-08-15,1300518612.015313
2018-08-16,1311041089.1448164
2018-08-17,1315656286.0486026
2018-08-20,1318471522.7521927
2018-08-21,1321564520.7805908
2018-08-22,1320780155.2525456
2018-08-23,1319025852.2689705
2018-08-24,1326964480.9233682
2018-08-27,1337440823.5831153
2018-08-28,1338086865.2440808
2018-08-29,1345287183.298
2018-08-30,1339841247.769845
2018-08-31,1339886904.986466
2018-09-04,1337579704.2455192
2018-09-05,1333979306.5919917
2018-09-06,1329964255.5059829
2018-09-07,1327380168.4043095
2018-09-10,1329687210.060878
2018-09-11,1334071814.158072
2018-09-12,1334395073.6151226
2018-09-13,1342287329.1731963
2018-09-14,1342518160.606356
2018-09-17,1335410588.7450843
2018-09-18,1342656404.931246
2018-09-19,1344087050.7468245
2018-09-20,1354979876.3094056
2018-09-21,1353741563.507397
2018-09-24,1349244089.0436785
2018-09-25,1347993049.4913924
2018-09-26,1343959146.906535
2018-09-27,1347714174.575935
2018-09-28,1347853373.4070961
2018-10-01,1352535863.0029747
2018-10-02,1351747918.076414
2018-10-03,1352489887.6175969
2018-10-04,1341919367.0057957
2018-10-05,1334408277.6185355
2018-10-08,1334408277.6185355
2018-10-09,1332460766.6573088
2018-10-10,1290271509.944941
2018-10-11,1261850608.4781842
2018-10-12,1279375979.947926
2018-10-15,1272189263.6083658
2018-10-16,1300006758.027587
2018-10-17,1300239100.762342
2018-10-18,1281462451.1137464
2018-10-19,1280766934.2110767
2018-10-22,1275017783.8575585
2018-10-23,1268526584.420668
2018-10-24,1230092753.0886464
2018-10-25,1252161335.7809167
2018-10-26,1230138808.0162134
2018-10-29,1223323474.1581907
2018-10-30,1241451139.084819
2018-10-31,1254710981.1146514
2018-11-01,1268063330.710564
2018-11-02,1260552957.2030067
2018-11-05,1267507251.2656226
2018-11-06,1275528047.0015
2018-11-07,1302835039.6502113
2018-11-08,1300470807.159583
2018-11-09,1287767839.996584
2018-11-12,1263705532.3311415
2018-11-13,1261340981.6717563
2018-11-14,1252717574.3102355
2018-11-15,1265791605.7860153
2018-11-16,1269083459.2875006
2018-11-19,1247617647.305252
2018-11-20,1224528936.0360446
2018-11-21,1228701798.8254955
2018-11-23,1220495431.1621332
2018-11-26,1240199701.821586
2018-11-27,1244372087.3579013
2018-11-28,1273023979.3421962
2018-11-29,1270242309.4424634
2018-11-30,1277984946.1425862
2018-12-03,1294907546.9023063
2018-12-04,1252948962.53872
2018-12-06,1251047904.2160065
2018-12-07,1221979052.0757425
2018-12-10,1224297150.0966144
2018-12-11,1224575468.2167473
2018-12-12,1230741578.726235
2018-12-13,1230324141.3171303
2018-12-14,1207606653.445082
2018-12-17,1183915171.4658525
2018-12-18,1182617042.9375393
2018-12-19,1164906735.8778265
2018-12-20,1145944514.3017457
2018-12-21,1122464455.4615026
2018-12-24,1092805638.9036834
2018-12-26,1148019770.0188837
2018-12-27,1156833203.6704865
2018-12-28,1155340992.2004402
2018-12-31,1165460349.5149012
2019-01-02,1166672970.189787
2019-01-03,1138832726.7044446
2019-01-04,1176978853.9380035
2019-01-07,1186258961.6138473
2019-01-08,1197404254.0850596
2019-01-09,1203000285.724301
2019-01-10,1207244100.1465495
2019-01-11,1207710137.8332765
2019-01-14,1200341906.2178822
2019-01-15,1214098966.472622
2019-01-16,1217036777.6898227
2019-01-17,1226270353.184964
2019-01-18,1242592012.7050142
2019-01-22,1225803679.1607227
2019-01-23,1228368994.3057368
2019-01-24,1229021558.4262197
2019-01-25,1239421142.8733552
2019-01-28,1230001120.4866471
2019-01-29,1228368994.3057368
2019-01-30,1247814991.476744
2019-01-31,1258773996.1407683
2019-02-01,1259380028.0805488
2019-02-04,1268240152.9972322
2019-02-05,1273556593.841313
2019-02-06,1271877696.8531322
2019-02-07,1259753001.4058707
2019-02-08,1261291506.4300516
2019-02-11,1261991079.9843724
2019-02-12,1278219754.6852071
2019-02-13,1282370425.2038615
2019-02-14,1279525837.4324439
2019-02-15,1293468867.3256145
2019-02-19,1295707423.1572514
2019-02-20,1298318713.687643
2019-02-21,1293702005.4822617
2019-02-22,1301722642.1337605
2019-02-25,1303495239.8208597
2019-02-26,1302562528.1098917
2019-02-27,1302002869.266435
2019-02-28,1299577627.9166634
2019-03-01,1307692362.978027
2019-03-04,1302935421.8930244
2019-03-05,1301163937.7965746
2019-03-06,1293281943.1809123
2019-03-07,1282463648.6496444
2019-03-08,1279898333.5046303
2019-03-11,1298459026.1094532
2019-03-12,1303355325.1099954
2019-03-13,1311982470.95441
2019-03-14,1311143062.2314146
2019-03-15,1317621137.2070816
2019-03-18,1322398520.6347175
2019-03-19,1322726393.5387437
2019-03-20,1318744829.7144027
2019-03-21,1333640138.6970932
2019-03-22,1307972510.5685127
2019-03-25,1306988653.2298665
2019-03-26,1316731060.1095433
2019-03-27,1309845251.8718586
2019-03-28,1314810275.3238995
2019-03-29,1323101037.2500398
2019-04-01,1338791768.1250794
2019-04-02,1339447991.1862671
2019-04-03,1341555381.947856
2019-04-04,1345115531.2536304
2019-04-05,1351625741.273748
2019-04-08,1352656130.7930965
2019-04-09,1345724188.0856555
2019-04-10,1350314249.6576433
2019-04-11,1349939605.946347
2019-04-12,1359072958.2830527
2019-04-15,1358183358.43865
2019-04-16,1359072958.283053
2019-04-17,1355747299.351143
2019-04-18,1358417053.3906224
2019-04-22,1359588232.5849166
2019-04-23,1371813548.90156
2019-04-24,1368768832.9820275
2019-04-25,1367925526.6917593
2019-04-26,1374296060.6275806
2019-04-29,1376450381.280818
2019-04-30,1377152897.8961406
2019-05-01,1366801595.5578706
2019-05-02,1363850739.4216352
2019-05-03,1377199827.787789
2019-05-06,1371532287.7204256
2019-05-07,1348627637.0771077
2019-05-08,1346753941.2674909
2019-05-09,1342679472.1661236
2019-05-10,1349424808.8976197
2019-05-13,1315513189.6501687
2019-05-14,1327410076.2674613
2019-05-15,1335185325.2651706
2019-05-16,1347550794.919246
2019-05-17,1338838857.101107
2019-05-20,1329986527.3189683
2019-05-21,1341977114.6351798
2019-05-22,1337855079.30465
2019-05-23,1321508682.1637475
2019-05-24,1324506627.2760103
2019-05-28,1312187292.091691
2019-05-29,1303381733.1168225
2019-05-30,1306941643.7960296
2019-05-31,1289330366.761914
2019-06-03,1286051558.1794631
2019-06-04,1313967287.2023892
2019-06-05,1325349138.1443863
2019-06-06,1333967136.637039
2019-06-07,1347316463.6297605
2019-06-10,1353499277.9989874
2019-06-11,1353171564.1793396
2019-06-12,1350782753.152238
2019-06-13,1356356274.3519256
2019-06-14,1354857381.3379836
2019-06-17,1355372655.639847
2019-06-18,1369565209.3806477
2019-06-19,1372656537.0230718
2019-06-20,1385771135.0153613
2019-06-21,1383756490.4464204
2019-06-24,1382063037.2376099
2019-06-25,1368507298.2638237
2019-06-26,1367142195.212175
2019-06-27,1371990450.7304192
2019-06-28,1379050456.3625283
2019-07-01,1391569760.610584
2019-07-02,1395193225.4989896
2019-07-03,1406348540.2860456
2019-07-05,1404748469.6073968
2019-07-08,1397029536.479666
2019-07-09,1398770874.0863957
2019-07-10,1405454486.0790455
2019-07-11,1408748805.388397
2019-07-12,1415055864.6572087
2019-07-15,1415527072.5862362
2019-07-16,1410960873.6710188
2019-07-17,1401359813.2616124
2019-07-18,1406489489.0453694
2019-07-19,1398677173.387477
2019-07-22,1402112441.456153
2019-07-23,1412138098.0716953
2019-07-24,1418773984.750804
2019-07-25,1411996512.974857
2019-07-26,1421456942.7936964
2019-07-29,1418868480.8716152
2019-07-30,1415385487.4893985
2019-07-31,1399900373.1735313
2019-08-01,1387710055.420151
2019-08-02,1377261234.3578792
2019-08-05,1335842821.0013866
2019-08-06,1354575642.9037137
2019-08-07,1355375360.0742812
2019-08-08,1381968541.116799
2019-08-09,1372554723.0208514
2019-08-12,1355846568.0033088
2019-08-13,1376931929.6944468
2019-08-14,1336219055.5564675
2019-08-15,1339749296.9990897
2019-08-16,1359517758.205255
2019-08-19,1375896767.6437438
2019-08-20,1365354086.7981746
2019-08-21,1376461517.1873112
2019-08-22,1376037716.4030678
2019-08-23,1340690917.435252
2019-08-26,1355516467.9179838
2019-08-27,1350198436.2301183
2019-08-28,1359705955.0249846
2019-08-29,1377072878.4537706
2019-08-30,1376461517.1873114
2019-09-03,1368413120.3117697
2019-09-04,1383945482.6880424
2019-09-05,1401736206.9010718
2019-09-06,1402818617.0121799
2019-09-09,1403524633.4838285
2019-09-10,1403195487.9047747
2019-09-11,1413173419.2067761
2019-09-12,1418068763.7010474
2019-09-13,1417126984.1805065
2019-09-16,1412749777.5069113
2019-09-17,1416326789.7568035
2019-09-18,1417174073.1565335
2019-09-19,1417079895.2044792
2019-09-20,1410384670.052201
2019-09-23,1410053138.2074702
2019-09-24,1398988978.7692773
2019-09-25,1407263275.462246
2019-09-26,1404332463.9576976
2019-09-27,1396766888.1708117
2019-09-30,1403244644.9777217
2019-10-01,1386553193.8199184
2019-10-02,1362060085.65758
2019-10-03,1373219695.7228546
2019-10-04,1391801864.718771
2019-10-07,1385796429.4315379
2019-10-08,1364282653.5091808
2019-10-09,1377238326.207379
2019-10-10,1386553193.8199186
2019-10-11,1400927740.0896885
2019-10-14,1399367122.3369002
2019-10-15,1413221144.5203173
2019-10-16,1410951805.8614464
2019-10-17,1415112975.9490798
2019-10-18,1408918389.3358462
2019-10-21,1418470292.6723056
2019-10-22,1413836323.81186
2019-10-23,1417949768.5859525
2019-10-24,1420266514.3896074
2019-10-25,1426082639.2664616
2019-10-28,1434121331.9949167
2019-10-29,1433695463.1137533
2019-10-30,1438093191.672171
2019-10-31,1434262758.0073764
2019-11-01,1447549803.465927
2019-11-04,1453365292.0052671
2019-11-05,1451757903.4452088
2019-11-06,1452088480.783669
2019-11-07,1457195725.670062
2019-11-08,1460788964.5265582
2019-11-11,1457999260.8657124
2019-11-12,1461073089.226505
2019-11-13,1461545569.8305604
2019-11-14,1463673005.2238364
2019-11-15,1474265161.3111095
2019-11-18,1475352343.9535718
2019-11-19,1474926952.3255436
2019-11-20,1469441722.9559066
2019-11-21,1467077570.0074677
2019-11-22,1470340549.6942608
2019-11-25,1481735922.8084276
2019-11-26,1485092762.2785177
2019-11-27,1491713058.6885364
2019-11-29,1486180581.2584937
2019-12-02,1473555485.8987556
2019-12-03,1463673005.223836
2019-12-04,1472704702.6426992
2019-12-05,1475352343.9535713
2019-12-06,1488828222.5693657
2019-12-09,1484147323.8172717
2019-12-10,1482491891.7749155
2019-12-11,1486700787.1760898
2019-12-12,1499514874.7774498
2019-12-13,1500412906.0939114
2019-12-16,1510721573.8187516
2019-12-17,1511051673.9040763
2019-12-18,1511146170.0248873
2019-12-19,1517341233.8912563
2019-12-20,1523992869.9238336
2019-12-23,1526321547.0558739
2019-12-24,1526369113.2850363
2019-12-26,1534494188.8310006
2019-12-27,1534113977.166458
2019-12-30,1525656097.100735
2019-12-31,1529361967.6971877
2020-01-02,1543664766.912268
2020-01-03,1531975883.1198244
2020-01-06,1537820006.8472893
2020-01-07,1533496411.6092384
2020-01-08,1541669053.3843648
2020-01-09,1552122806.062369
2020-01-10,1547656034.8836954
2020-01-13,1558299416.1408355
2020-01-14,1555924445.4546607
2020-01-15,1559440528.3875992
2020-01-16,1572411950.439266
2020-01-17,1577306181.3428879
2020-01-21,1574217558.1348977
2020-01-22,1574407982.135926
2020-01-23,1576213430.7471793
2020-01-24,1562195869.8226955
2020-01-27,1537155193.229664
2020-01-28,1553262963.8028622
2020-01-29,1551980266.4592605
2020-01-30,1557016877.8816128
2020-01-31,1528744402.1399684
2020-02-03,1540100958.6657887
2020-02-04,1563574017.7933793
2020-02-05,1581630253.8340747
2020-02-06,1586951785.3782666
2020-02-07,1578494382.565679
2020-02-10,1590278398.8164477
2020-02-11,1593034058.4203007
2020-02-12,1603297546.1816554
2020-02-13,1601587070.9443486
2020-02-14,1604153101.9690654
2020-02-18,1600019612.5632858
2020-02-19,1607669343.9863822
2020-02-20,1601064637.8454535
2020-02-21,1584576019.2701988
2020-02-24,1532023608.4333653
2020-02-25,1485599605.1083221
2020-02-26,1480135215.7922647
2020-02-27,1413659899.2361367
2020-02-28,1407720961.2191038
2020-03-02,1468683844.9768763
2020-03-03,1426631798.5409389
2020-03-04,1486597382.3300846
2020-03-05,1437180365.5085113
2020-03-06,1413422227.1747031
2020-03-09,1303041849.342222
2020-03-10,1370467535.9753282
2020-03-11,1303659414.8994415
2020-03-12,1178928989.7914748
2020-03-13,1279711011.6489835
2020-03-16,1139680566.8994992
2020-03-17,1201214245.4072213
2020-03-18,1140393026.2884762
2020-03-19,1142816517.7100844
2020-03-20,1093567732.618743
2020-03-23,1065607141.8010883
2020-03-24,1162154735.2146783
2020-03-25,1179552282.3863196
2020-03-26,1248426193.6588252
2020-03-27,1211240936.0712235
2020-03-30,1250576775.8291686
2020-03-31,1231936461.4929216
2020-04-01,1176493487.4992926
2020-04-02,1203641554.8539128
2020-04-03,1186243689.5135145
2020-04-06,1265919350.541927
2020-04-07,1267210081.6466415
2020-04-08,1309747812.6900473
2020-04-09,1329678619.5044408
2020-04-13,1317539049.6677923
2020-04-14,1356396999.9528143
2020-04-15,1327576160.3585846
2020-04-16,1333980420.1826413
2020-04-17,1370018599.8592868
2020-04-20,1345881681.620342
2020-04-21,1305016563.7321672
2020-04-22,1333980420.1826415
2020-04-23,1333884810.4711812
2020-04-24,1352477319.951698
2020-04-27,1371978042.1488988
2020-04-28,1365669551.1206808
2020-04-29,1401420742.5785668
2020-04-30,1388372164.6033423
2020-05-01,1351617309.8016906
2020-05-04,1355345293.126751
2020-05-05,1367867938.1467547
2020-05-06,1358595546.0632668
2020-05-07,1374989032.1801963
2020-05-08,1397740166.398291
2020-05-11,1398026677.3639152
2020-05-12,1370161775.79991
2020-05-13,1345929725.1026404
2020-05-14,1362036859.3383245
2020-05-15,1368298102.306137
2020-05-18,1409975823.1995354
2020-05-19,1395493417.721163
2020-05-20,1419200330.8851042
2020-05-21,1409402483.0995307
2020-05-22,1412078918.682906
2020-05-26,1429476227.2279797
2020-05-27,1450745649.5450072
2020-05-28,1448069213.961632
2020-05-29,1454521835.4367437
2020-06-01,1460400003.221201
2020-06-02,1472492961.3349578
2020-06-03,1492088975.0748622
2020-06-04,1488169772.3268814
2020-06-05,1526310411.149383
2020-06-08,1544759744.6892772
2020-06-09,1533241081.1817963
2020-06-10,1524685682.3920715
2020-06-11,1436788858.8530989
2020-06-12,1453995902.4815228
2020-06-15,1467569617.990076
2020-06-16,1495817117.4843009
2020-06-17,1489603440.7456508
2020-06-18,1490177258.0987911
2020-06-19,1481661312.2349267
2020-06-22,1491166285.6797376
2020-06-23,1498030617.526329
2020-06-24,1459818072.564759
2020-06-25,1475468475.5498564
2020-06-26,1440423936.901133
2020-06-29,1461594408.7347524
2020-06-30,1480316571.9837222
2020-07-01,1490686328.1098948
2020-07-02,1498894922.9545555
2020-07-06,1522033904.8873596
2020-07-07,1506336094.7574782
2020-07-08,1517857621.7837715
2020-07-09,1509216317.429673
2020-07-10,1524626343.9189026
2020-07-13,1511425044.9403472
2020-07-14,1531011195.4487865
2020-07-15,1545076958.9399467
2020-07-16,1539988167.8414562
2020-07-17,1544452870.92321
2020-07-20,1556934790.3423252
2020-07-21,1560246927.1020656
2020-07-22,1569127812.5301394
2020-07-23,1550406126.534305
2020-07-24,1540420559.182137
2020-07-27,1551653984.3990216
2020-07-28,1541812865.6625042
2020-07-29,1560774928.1542063
2020-07-30,1555206179.4858725
2020-07-31,1567495924.9757965
2020-08-03,1578393204.9009745
2020-08-04,1584490113.7058277
2020-08-05,1594331232.442345
2020-08-06,1604988294.9560337
2020-08-07,1606140861.278047
2020-08-10,1610941550.567129
2020-08-11,1597643846.4552207
2020-08-12,1619918522.9597988
2020-08-13,1616990097.7209275
2020-08-14,1617038141.2032254
2020-08-17,1622174816.6996353
2020-08-18,1625679127.3885667
2020-08-19,1618910246.1690571
2020-08-20,1623951311.9540064
2020-08-21,1629711757.298396
2020-08-24,1646225829.3742058
2020-08-25,1651986911.0561097
2020-08-26,1668548549.3610818
2020-08-27,1672196990.496907
2020-08-28,1682998501.6262462
2020-08-31,1676901433.7370145
2020-09-01,1692695967.1690056
2020-09-02,1717179212.0998793
2020-09-03,1658083501.6922061
2020-09-04,1644546057.421944
2020-09-08,1599612038.3856483
2020-09-09,1631199991.658981
2020-09-10,1602876768.0006049
2020-09-11,1603692711.7777762
2020-09-14,1624815140.1290975
2020-09-15,1633024530.3956506
2020-09-16,1626542955.5636575
2020-09-17,1612237292.829765
2020-09-18,1593676441.1405635
2020-09-21,1575939328.3630784
2020-09-22,1591989510.3912702
2020-09-23,1555069526.0047667
2020-09-24,1559214469.485796
2020-09-25,1584422502.8449776
2020-09-28,1610738717.9845798
2020-09-29,1601966805.3557577
2020-09-30,1614112738.5675447
2020-10-01,1624475017.7279289
2020-10-02,1609051628.1509078
2020-10-05,1637584843.1888642
2020-10-06,1614305548.8342497
2020-10-07,1642405099.8564975
2020-10-08,1656960843.2333446
2020-10-09,1671757917.6123302
2020-10-12,1698651768.1301556
2020-10-13,1687566609.5540047
2020-10-14,1676962522.1383464
2020-10-15,1674890448.1087778
2020-10-16,1673878353.292953
2020-10-19,1648430102.522282
2020-10-20,1655032740.5662904
2020-10-21,1651899891.9010856
2020-10-22,1660960701.761209
2020-10-23,1666600402.0623405
2020-10-26,1635801825.4749746
2020-10-27,1630162761.5113573
2020-10-28,1574445048.7961109
2020-10-29,1590447028.2576263
2020-10-30,1573867095.2491302
2020-11-02,1591507802.8932626
2020-11-03,1619607194.831132
2020-11-04,1655804458.8862472
2020-11-05,1688096837.7874439
2020-11-06,1687711217.2540333
2020-11-09,1708918437.5790794
2020-11-10,1706412699.5338023
2020-11-11,1719088701.8946505
2020-11-12,1702411568.3309095
2020-11-13,1725980555.3387172
2020-11-16,1747525352.714876
2020-11-17,1738126488.5505044
2020-11-18,1717208483.6255167
2020-11-19,1724438232.289453
2020-11-20,1712630035.2131572
2020-11-23,1722896068.3245673
2020-11-24,1750658201.380081
2020-11-25,1747959334.8993416
2020-11-27,1752827475.9648943
2020-11-30,1745067180.8987613
2020-12-01,1764153488.2900481
2020-12-02,1767865085.924126
2020-12-03,1767382901.1729841
2020-12-04,1782613639.5676782
2020-12-07,1778950880.8377907
2020-12-08,1784155962.6169424
2020-12-09,1768154301.324184
2020-12-10,1767576029.6084466
2020-12-11,1765503319.2413642
2020-12-14,1757599052.812716
2020-12-15,1781360691.0028508
2020-12-16,1784155962.6169426
2020-12-17,1794132939.4126732
2020-12-18,1786969369.8501801
2020-12-21,1780579904.873321
2020-12-22,1777579096.242246
2020-12-23,1779176621.5708392
2020-12-24,1786097905.6249228
2020-12-28,1801441912.0970874
2020-12-29,1798004735.0158699
2020-12-30,1800570606.9562085
2020-12-31,1809719231.393247
2021-01-04,1785081833.6996362
2021-01-05,1797376033.5521572
2021-01-06,1808121706.0646536
2021-01-07,1834986285.0568407
2021-01-08,1845441310.409873
2021-01-11,1833001707.4354308
2021-01-12,1833388918.812626
2021-01-13,1838325466.1609206
2021-01-14,1831887957.7017636
2021-01-15,1818528528.8510091
2021-01-19,1832807624.4936972
2021-01-20,1858171401.4594007
2021-01-21,1859865491.005725
2021-01-22,1853282579.4246464
2021-01-25,1860591552.1090608
2021-01-26,1857687307.6957169
2021-01-27,1812284307.9116924
2021-01-28,1827870122.639131
2021-01-29,1791277374.81914
2021-02-01,1821093764.4538336
2021-02-02,1846844752.7967324
2021-02-03,1848297193.1721613
2021-02-04,1869304285.349092
2021-02-05,1876661301.515804
2021-02-08,1890214654.223913
2021-02-09,1888955660.4527032
2021-02-10,1888132876.0472577
2021-02-11,1891182205.4137657
2021-02-12,1900524435.539402
2021-02-16,1898879025.8128893
2021-02-17,1899314121.5880039
2021-02-18,1891230567.0648203
2021-02-19,1887890749.6232262
2021-02-22,1873370004.8096426
2021-02-23,1875645070.5061386
2021-02-24,1896313312.9569287
2021-02-25,1850619666.0134401
2021-02-26,1841084466.53672
2021-03-01,1885712725.3975968
2021-03-02,1870998693.0641725
2021-03-03,1846215574.0798836
2021-03-04,1823368989.2347069
2021-03-05,1856912725.8569465
2021-03-08,1847667696.2865553
2021-03-09,1874047386.0931666
2021-03-10,1885712725.3975966
2021-03-11,1904832281.4239838
2021-03-12,1907397676.111187
2021-03-15,1918772527.340531
2021-03-16,1916352376.6908708
2021-03-17,1922887085.7052727
2021-03-18,1894909870.5700681
2021-03-19,1891403650.8685946
2021-03-22,1906506167.254242
2021-03-23,1891500533.2550826
2021-03-24,1881885473.4203706
2021-03-25,1892471743.3856404
2021-03-26,1922968855.0758061
2021-03-29,1921997485.86087
2021-03-30,1916898672.4465358
2021-03-31,1924668830.744134
2021-04-01,1945452886.62245
2021-04-05,1973376808.4908674
2021-04-06,1972211038.165441
2021-04-07,1974493580.827725
2021-04-08,1983866196.0696487
2021-04-09,1998289422.1592302
2021-04-12,1999017710.4438648
2021-04-13,2004941853.6137
2021-04-14,1998094543.7956047
2021-04-15,2019559321.7293932
2021-04-16,2026309430.9922435
2021-04-19,2016354089.671985
2021-04-20,2001591218.4343703
2021-04-21,2020530690.9443297
2021-04-22,2002077062.126217
2021-04-23,2023784284.652793
2021-04-26,2028009406.6605713
2021-04-27,2027572242.7885363
2021-04-28,2026989675.7945802
2021-04-29,2039906850.0731888
2021-04-30,2026503673.0183551
2021-05-03,2030874357.232433
2021-05-04,2018345348.8372908
2021-05-05,2018976754.7354372
2021-05-06,2035099479.240211
2021-05-07,2049911030.2976372
2021-05-10,2029611704.5205183
2021-05-11,2011497879.9348168
2021-05-12,1968763202.4308655
2021-05-13,1992412845.2185576
2021-05-14,2023007157.4639683
2021-05-17,2017859505.145444
2021-05-18,2000474287.013134
2021-05-19,1995229752.3081217
2021-05-20,2016694212.073153
2021-05-21,2015042916.224637
2021-05-24,2035585004.7633007
2021-05-25,2031068758.342923
2021-05-26,2035099479.2402108
2021-05-27,2036167412.672878
2021-05-28,2039809808.6023216
2021-06-01,2038013109.6318843
2021-06-02,2041217864.4361575
2021-06-03,2033642107.2490494
2021-06-04,2052241934.6109762
2021-06-07,2050250834.5300488
2021-06-08,2050687680.233327
2021-06-09,2047628328.550975
2021-06-10,2057146824.1679556
2021-06-11,2060545502.8295834
2021-06-14,2065159267.973963
2021-06-15,2061371628.0069766
2021-06-16,2049862032.3090684
2021-06-17,2049182264.7598672
2021-06-18,2021537854.1444213
2021-06-21,2050478007.0225031
2021-06-22,2061440670.627232
2021-06-23,2058955613.551156
2021-06-24,2071135749.9043143
2021-06-25,2078493084.2397833
2021-06-28,2082683207.684298
2021-06-29,2083803638.9618607
2021-06-30,2085557544.23449
2021-07-01,2097104206.5925815
2021-07-02,2113133548.5671937
2021-07-06,2109284820.198875
2021-07-07,2116739355.0895889
2021-07-08,2099491904.0290337
2021-07-09,2121903711.2678523
2021-07-12,2129503967.4492445
2021-07-13,2122244629.0909128
2021-07-14,2125411203.6443532
2021-07-15,2118151865.2860215
2021-07-16,2101538047.3049114
2021-07-19,2070502753.1623826
2021-07-20,2100173580.5907762
2021-07-21,2117177473.4678943
2021-07-22,2121611791.43336
2021-07-23,2143438486.3281672
2021-07-26,2148699724.892919
2021-07-27,2138906967.8074565
2021-07-28,2138030094.7133312
2021-07-29,2146897457.969235
2021-07-30,2136471067.8043272
2021-08-02,2131989024.5253203
2021-08-03,2149333357.9723635
2021-08-04,2138760769.263642
2021-08-05,2152305372.330935
2021-08-06,2155861862.696005
2021-08-09,2154108434.6765113
2021-08-10,2156787733.778699
2021-08-11,2162146968.320588
2021-08-12,2168627588.6463103
2021-08-13,2172573358.4854956
2021-08-16,2177689353.012704
2021-08-17,2163414234.479478
2021-08-18,2139735479.250526
2021-08-19,2143048729.6009154
2021-08-20,2160100825.04471
2021-08-23,2179102022.293516
2021-08-24,2182561312.103341
2021-08-25,2187141033.190728
2021-08-26,2174230222.287258
2021-08-27,2193669856.0831265
2021-08-30,2203316573.7091537
2021-08-31,2200052162.262954
2021-09-01,2201221591.529085
2021-09-02,2207993972.604921
2021-09-03,2207457699.165099
2021-09-07,2199565204.980458
2021-09-08,2196885587.709513
2021-09-09,2187481951.0137877
2021-09-10,2170234818.1219893
2021-09-13,2175789090.111882
2021-09-14,2164047549.3901653
2021-09-15,2182123034.6406555
2021-09-16,2178663744.8308306
2021-09-17,2157441570.5742087
2021-09-20,2121467501.9020867
2021-09-21,2119463675.0708816
2021-09-22,2140138758.1499462
2021-09-23,2166141258.895206
2021-09-24,2169709521.5042825
2021-09-27,2163502049.0563927
2021-09-28,2119903384.2929723
2021-09-29,2123471328.733292
2021-09-30,2097517666.892223
2021-10-01,2122445075.407784
2021-10-04,2095074130.8389277
2021-10-05,2116873304.1362593
2021-10-06,2125670829.350015
2021-10-07,2144048734.003976
2021-10-08,2140138758.1499467
2021-10-11,2124644576.0245066
2021-10-12,2119414677.0823135
2021-10-13,2127039432.2579904
2021-10-14,2162817827.1445947
2021-10-15,2179289264.606974
2021-10-18,2185741090.6601934
2021-10-19,2202604034.777987
2021-10-20,2211255043.279172
2021-10-21,2217022329.251836
2021-10-22,2214725309.911111
2021-10-25,2226602549.6076627
2021-10-26,2228606694.6076245
2021-10-27,2218733281.7422776
2021-10-28,2240141902.890466
2021-10-29,2244687261.752104
2021-11-01,2248548716.8707
2021-11-02,2257639593.6783543
2021-11-03,2271423300.566488
2021-11-04,2282126815.71869
2021-11-05,2290045399.7414007
2021-11-08,2291999910.4152803
2021-11-09,2284424153.2281723
2021-11-10,2266046566.742968
2021-11-11,2266779309.3902
2021-11-12,2283886129.860188
2021-11-15,2284668825.0022593
2021-11-16,2293711021.990102
2021-11-17,2288139250.718577
2021-11-18,2295910522.6068244
2021-11-19,2291804872.967277
2021-11-22,2285353046.9140577
2021-11-23,2288383445.2395277
2021-11-24,2294492921.71028
2021-11-26,2243318658.84413
2021-11-29,2270836597.3786926
2021-11-30,2226651388.511854
2021-12-01,2201919335.6130543
2021-12-02,2235644746.595506
2021-12-03,2216191749.7118464
2021-12-06,2242439081.315571
2021-12-07,2288822995.3772397
2021-12-08,2294884110.196937
2021-12-09,2279389609.90274
2021-12-10,2300847229.0394974
2021-12-13,2280465020.3011956
2021-12-14,2264775800.7277517
2021-12-15,2300163007.127699
2021-12-16,2279878953.450913
2021-12-17,2255614131.371679
2021-12-20,2231629138.714173
2021-12-21,2271260557.247315
2021-12-22,2293970647.695764
2021-12-23,2308243698.1320705
2021-12-27,2340910561.660185
2021-12-28,2338997572.009086
2021-12-29,2341989471.9149666
2021-12-30,2335514896.795626
2021-12-31,2329628774.7922454
2022-01-03,2343117539.242696
2022-01-04,2342332935.0880833
2022-01-05,2297355008.76333
2022-01-06,2295196870.085009
2022-01-07,2286122697.1370945
2022-01-10,2283277950.281298
2022-01-11,2304075051.078649
2022-01-12,2310303840.833254
2022-01-13,2278471056.7014565
2022-01-14,2279403132.074911
2022-01-18,2239035630.1225896
2022-01-19,2215786720.884263
2022-01-20,2191262114.0149875
2022-01-21,2148245857.1611447
2022-01-24,2157369187.1820064
2022-01-25,2131029904.8075264
2022-01-26,2125683874.2690501
2022-01-27,2115186850.640102
2022-01-28,2167718739.5921125
2022-01-31,2206761386.840538
2022-02-01,2221672683.8032646
2022-02-02,2243253911.502093
2022-02-03,2190526189.680186
2022-02-04,2200826425.9329667
2022-02-07,2193763238.613288
2022-02-08,2211813747.6163583
2022-02-09,2244185986.8755465
2022-02-10,2203867801.0805507
2022-02-11,2160410403.2452116
2022-02-14,2153347056.8411546
2022-02-15,2188074063.070452
2022-02-16,2190526189.680185
2022-02-17,2143733269.6814702
2022-02-18,2129852998.5756059
2022-02-22,2106995914.1614504
2022-02-23,2069620471.1993883
2022-02-24,2100766488.069332
2022-02-25,2147117630.749036
2022-02-28,2141624447.1604757
2022-03-01,2109007217.9584439
2022-03-02,2147804716.1796474
2022-03-03,2137112018.7651815
2022-03-04,2119748913.3614788
2022-03-07,2057260251.329803
2022-03-08,2041662982.5271146
2022-03-09,2096401053.639744
2022-03-10,2086935533.1207938
2022-03-11,2060399622.4545252
2022-03-14,2045341808.7792277
2022-03-15,2090319416.935224
2022-03-16,2136670718.6993067
2022-03-17,2163402621.31985
2022-03-18,2187097444.0710273
2022-03-21,2186457765.7852
2022-03-22,2212042829.121355
2022-03-23,2183554634.962506
2022-03-24,2216470624.627304
2022-03-25,2227295043.907143
2022-03-28,2243137938.990189
2022-03-29,2270887027.1266685
2022-03-30,2256865170.923966
2022-03-31,2222129096.885095
2022-04-01,2228427247.428713
2022-04-04,2247516895.5919476
2022-04-05,2219127651.9165063
2022-04-06,2196937767.385653
2022-04-07,2208007972.0302277
2022-04-08,2202103714.407701
2022-04-11,2164465145.88365
2022-04-12,2156445066.027476
2022-04-13,2181144188.459933
2022-04-14,2153985303.3675766
2022-04-18,2154870607.9337606
2022-04-19,2189655998.129957
2022-04-20,2188032223.8789163
2022-04-21,2155313817.0121775
2022-04-22,2096173562.978533
2022-04-25,2108326336.8185945
2022-04-26,2047267684.2649832
2022-04-27,2053023993.4155328
2022-04-28,2104882160.0247242
2022-04-29,2027094671.4843693
2022-05-02,2039296602.397378
2022-05-03,2048645036.8137743
2022-05-04,2111032203.0119863
2022-05-05,2036000214.991106
2022-05-06,2023847441.1510448
2022-05-09,1959049510.281502
2022-05-10,1963575938.102102
2022-05-11,1932382355.002996
2022-05-12,1930365005.9996212
2022-05-13,1976516020.5312104
2022-05-16,1968495940.6750362
2022-05-17,2008988642.0332134
2022-05-18,1928003398.401238
2022-05-19,1916194724.0718067
2022-05-20,1917031507.9025576
2022-05-23,1952899308.209862
2022-05-24,1937991511.1034615
2022-05-25,1955112808.25189
2022-05-26,1994179477.241464
2022-05-27,2043134353.9435823
2022-05-31,2031670574.5466733
2022-06-01,2015237158.250748
2022-06-02,2053614196.4596555
2022-06-03,2019911693.627703
2022-06-06,2026061736.614965
2022-06-07,2045496279.7107222
2022-06-08,2023257238.1069217
2022-06-09,1975138508.89804
2022-06-10,1917867655.3957937
2022-06-13,1845049962.8388338
2022-06-14,1839489963.811316
2022-06-15,1865714864.517676
2022-06-16,1803966899.3521554
2022-06-17,1807855716.9838483
2022-06-21,1853365939.638961
2022-06-22,1850005759.396923
2022-06-23,1868140583.1205826
2022-06-24,1927536326.6660495
2022-06-27,1920173583.4617124
2022-06-28,1880938762.2840958
2022-06-29,1879406938.8038104
2022-06-30,1864137861.073905
2022-07-01,1883854142.6039321
2022-07-05,1887412223.8127866
2022-07-06,1893786257.6049342
2022-07-07,1922149888.6954417
2022-07-08,1920568589.9734523
2022-07-11,1898629104.2543104
2022-07-12,1881828680.2972553
2022-07-13,1871945404.2004435
2022-07-14,1867399409.0012918
2022-07-15,1903076148.9700537
2022-07-18,1887362748.5710824
2022-07-19,1938357723.342697
2022-07-20,1950710943.49963
2022-07-21,1970575809.839148
2022-07-22,1952292242.2216194
2022-07-25,1954664190.3046033
2022-07-26,1931538412.3752122
2022-07-27,1981693739.7972634
2022-07-28,2006548924.004999
2022-07-29,2035801677.686774
2022-08-01,2029773334.2490413
2022-08-02,2016382247.6069713
2022-08-03,2047957792.298783
2022-08-04,2046574235.4592316
2022-08-05,2043114627.48065
2022-08-08,2040743156.6508014
2022-08-09,2032639398.4115522
2022-08-10,2075332873.0614796
2022-08-11,2075332873.0614796
2022-08-12,2110466658.0465245
2022-08-15,2119162846.511195
2022-08-16,2123313676.1142278
2022-08-17,2108242340.2667603
2022-08-18,2114370111.4410367
2022-08-19,2085957005.108825
2022-08-22,2042522038.17085
2022-08-23,2037580559.2068224
2022-08-24,2044103336.892839
2022-08-25,2072961243.147252
2022-08-26,2002793737.25122
2022-08-29,1989550599.081127
2022-08-30,1967709745.6766362
2022-08-31,1952737201.2281985
2022-09-01,1958864495.1493394
2022-09-02,1938209774.8707192
2022-09-06,1930896347.8237078
2022-09-07,1965584696.5490375
2022-09-08,1978432510.038633
2022-09-09,2009168089.2121248
2022-09-12,2030761725.4924736
2022-09-13,1942458918.6196465
2022-09-14,1949871455.2344446
2022-09-15,1927733750.3797293
2022-09-16,1913027195.012093
2022-09-19,1927862926.8950467
2022-09-20,1905733494.4280117
2022-09-21,1872490268.1967013
2022-09-22,1856761595.697397
2022-09-23,1825652009.150123
2022-09-26,1807591636.9155872
2022-09-27,1802977076.3493152
2022-09-28,1838453051.8324485
2022-09-29,1800049764.7010932
2022-09-30,1772214771.0002406
2022-10-03,1819003236.636358
2022-10-04,1875367945.5188406
2022-10-05,1871001715.6673596
2022-10-06,1851700803.4495168
2022-10-07,1800049764.701093
2022-10-10,1786305669.8231988
2022-10-11,1774993338.7545931
2022-10-12,1769138397.2893922
2022-10-13,1815827912.4421015
2022-10-14,1774447520.2520633
2022-10-17,1820045398.399713
2022-10-18,1841430156.891131
2022-10-19,1828381101.662771
2022-10-20,1813049503.7721272
2022-10-21,1857109195.064353
2022-10-24,1879833603.1068647
2022-10-25,1909851711.7334578
2022-10-26,1895463166.0383825
2022-10-27,1885340945.2051091
2022-10-28,1930194467.5458992
2022-10-31,1916252153.5324316
2022-11-01,1907866815.943291
2022-11-02,1859986872.3864925
2022-11-03,1840834863.1468973
2022-11-04,1867329730.043521
2022-11-07,1885192201.31124
2022-11-08,1895363738.3018389
2022-11-09,1856315045.8470318
2022-11-10,1958327426.2876253
2022-11-11,1977281216.391647
2022-11-14,1960461065.9716618
2022-11-15,1977181947.7394822
2022-11-16,1962098203.3104942
2022-11-17,1956094677.0358026
2022-11-18,1964976198.8013904
2022-11-21,1957831401.1955569
2022-11-22,1984177683.2826893
2022-11-23,1996681397.2616549
2022-11-25,1996234529.2425334
2022-11-28,1964380745.9727778
2022-11-29,1961006725.3898127
2022-11-30,2022779507.7183743
2022-12-01,2021291114.2734113
2022-12-02,2018959096.3694232
2022-12-05,1982639655.5116434
2022-12-06,1954060306.003931
2022-12-07,1950736397.000184
2022-12-08,1966017883.3116102
2022-12-09,1951331690.744418
2022-12-12,1979464490.401766
2022-12-13,1994448488.9254537
2022-12-14,1981697080.5692108
2022-12-15,1933221206.9306648
2022-12-16,1910397530.235988
2022-12-19,1894197490.7232776
2022-12-20,1896789770.670442
2022-12-21,1925151492.7484083
2022-12-22,1897686688.3962548
2022-12-23,1908603376.615606
2022-12-27,1901076140.1639311
2022-12-28,1877450200.9486313
2022-12-29,1911244654.5513394
2022-12-30,1906210429.394664
2023-01-03,1898185417.9227574
2023-01-04,1912840111.7830126
2023-01-05,1891008008.0193377
2023-01-06,1934372659.662029
2023-01-09,1933276091.041237
2023-01-10,1946833739.0275648
2023-01-11,1971457296.3802485
2023-01-12,1978634706.2836683
2023-01-13,1986310845.7135906
2023-01-17,1982672267.8092306
2023-01-18,1951369711.9108727
2023-01-19,1937164272.335416
2023-01-20,1973251609.0850089
2023-01-23,1996928137.132662
2023-01-24,1994784316.0484037
2023-01-25,1995532330.7959683
2023-01-26,2017463544.12743
2023-01-27,2022099262.9160385
2023-01-30,1996728963.4908178
2023-01-31,2026087031.0311396
2023-02-01,2047619897.078913
2023-02-02,2077426900.7352765
2023-02-03,2055345989.0036747
2023-02-06,2042785163.7328384
2023-02-07,2069501794.2530487
2023-02-08,2046872518.6688619
2023-02-09,2029127451.6724534
2023-02-10,2033862757.2819843
2023-02-13,2057738299.887103
2023-02-14,2056791429.6664512
2023-02-15,2063470269.1277468
2023-02-16,2035059071.8080769
2023-02-17,2029974735.0721836
2023-02-21,1989251679.5339825
2023-02-22,1986510337.5241916
2023-02-23,1997077358.2796662
2023-02-24,1975743824.9581156
2023-02-27,1982472616.9142506
2023-02-28,1975145826.7794478
2023-03-01,1967569592.3392043
2023-03-02,1982871600.5354528
2023-03-03,2014672408.7071776
2023-03-06,2016068055.9594927
2023-03-07,1985164324.5979586
2023-03-08,1988404555.2186306
2023-03-09,1951718902.1216133
2023-03-10,1923556512.7698698
2023-03-13,1920814852.5913222
2023-03-14,1952566185.521343
2023-03-15,1940354391.3768694
2023-03-16,1974397971.1162612
2023-03-17,1951311805.1971092
2023-03-20,1970075012.2157242
2023-03-21,1995943086.6611767
2023-03-22,1961919074.3003368
2023-03-23,1967223106.562897
2023-03-24,1980132326.622582
2023-03-27,1983834538.27833
2023-03-28,1979381607.4405832
2023-03-29,2008151380.949324
2023-03-30,2019909784.6151588
2023-03-31,2048379684.0704844
2023-04-03,2056185159.100103
2023-04-04,2044777218.320037
2023-04-05,2039423392.6470158
2023-04-06,2047379202.414288
2023-04-10,2049480388.8851166
2023-04-11,2050030820.834622
2023-04-12,2041675072.9398766
2023-04-13,2068794027.853237
2023-04-14,2063740235.3180099
2023-04-17,2071145454.0513983
2023-04-18,2072496239.508985
2023-04-19,2072146253.8763516
2023-04-20,2060838536.2547216
2023-04-21,2062439561.4396415
2023-04-24,2064591177.658445
2023-04-25,2031817886.6811342
2023-04-26,2023212376.3121915
2023-04-27,2063490313.7594342
2023-04-28,2081102704.3841991
2023-05-01,2079001199.744614
2023-05-02,2055634727.1505983
2023-05-03,2041524897.2866023
2023-05-04,2027064604.5368373
2023-05-05,2064591177.6584456
2023-05-08,2065141291.4391942
2023-05-09,2056085254.1104252
2023-05-10,2065692041.5574565
2023-05-11,2062089257.638252
2023-05-12,2059387527.6387002
2023-05-15,2066492235.9811594
2023-05-16,2052682757.4237142
2023-05-17,2077600143.6234317
2023-05-18,2097614231.109954
2023-05-19,2094561560.971498
2023-05-22,2095412662.396311
2023-05-23,2071896332.3177767
2023-05-24,2056885766.7028847
2023-05-25,2074698126.391386
2023-05-26,2101566682.493035
2023-05-30,2102367513.254252
2023-05-31,2090709491.8312316
2023-06-01,2110573403.6644788
2023-06-02,2141094537.095793
2023-06-05,2136991750.975058
2023-06-06,2141644650.8765414
2023-06-07,2134239273.0587745
2023-06-08,2147148652.202838
2023-06-09,2151001198.5962396
2023-06-12,2170514806.6280966
2023-06-13,2184824923.7245865
2023-06-14,2187426589.6500807
2023-06-15,2214545385.4790626
2023-06-16,2207002717.842676
2023-06-20,2195551983.364802
2023-06-21,2184302808.794449
2023-06-22,2192187666.928924
2023-06-23,2175614733.6330805
2023-06-26,2166725734.901705
2023-06-27,2190480055.2104297
2023-06-28,2191584896.218902
2023-06-29,2200222541.6322956
2023-06-30,2226186862.126723
2023-07-03,2228748120.6200857
2023-07-05,2225433438.5102897
2023-07-06,2208007176.6083345
2023-07-07,2202432541.8179975
2023-07-10,2208007176.6083345
2023-07-11,2222068803.9056544
2023-07-12,2239947183.611221
2023-07-13,2257725499.2427297
2023-07-14,2256319511.505814
2023-07-17,2264153621.723557
2023-07-18,2280977749.253004
2023-07-19,2286050154.6605124
2023-07-20,2270883368.185963
2023-07-21,2270883368.185963
2023-07-24,2281028019.9166007
2023-07-25,2287255218.8274207
2023-07-26,2287606636.21946
2023-07-27,2272440167.9136677
2023-07-28,2294687959.1582837
2023-07-31,2299057370.697334
2023-08-01,2292478118.05696
2023-08-02,2260588063.5489135
2023-08-03,2254109670.4044895
2023-08-04,2243914588.9258766
2023-08-07,2263501057.603072
2023-08-08,2253657552.600878
2023-08-09,2238591307.4535217
2023-08-10,2239394842.6491723
2023-08-11,2238089237.1550713
2023-08-14,2250443570.9026537
2023-08-15,2224228215.2590017
2023-08-16,2207906794.365519
2023-08-17,2191082507.7516932
2023-08-18,2192136919.012191
2023-08-21,2206399947.132653
2023-08-22,2200423624.2866797
2023-08-23,2224931527.296216
2023-08-24,2194096043.133045
2023-08-25,2209563499.0829024
2023-08-28,2223575492.05414
2023-08-29,2255716899.880169
2023-08-30,2265007586.667181
2023-08-31,2261693063.6417637
2023-09-01,2265911504.105646
2023-09-05,2256118428.8514266
2023-09-06,2240951801.461256
2023-09-07,2234071879.345575
2023-09-08,2237436195.781453
2023-09-11,2252151182.621148
2023-09-12,2239796530.7048087
2023-09-13,2242408059.8617682
2023-09-14,2261743175.220982
2023-09-15,2234493134.7797627
2023-09-18,2235803512.8052177
2023-09-19,2231166680.42596
2023-09-20,2210654977.003584
2023-09-21,2174116317.8722725
2023-09-22,2169227654.921897
2023-09-25,2178349712.267731
2023-09-26,2146346866.9353495
2023-09-27,2147203695.3977873
2023-09-28,2159651729.8442883
2023-09-29,2154410854.079981
2023-10-02,2153553866.5331645
2023-10-03,2124726504.4794176
2023-10-04,2140198732.9606287
2023-10-05,2139392175.161787
2023-10-06,2164792541.5345383
2023-10-09,2178652290.75558
2023-10-10,2189991666.168525
2023-10-11,2198962116.101678
2023-10-12,2185556711.8655457
2023-10-13,2174670567.8468604
2023-10-16,2197551196.7490296
2023-10-17,2197450496.337458
2023-10-18,2168168948.38318
2023-10-19,2149119071.314563
2023-10-20,2122710587.2354486
2023-10-23,2119031124.6458218
2023-10-24,2135007491.5224035
2023-10-25,2104365453.963452
2023-10-26,2079166488.4138434
2023-10-27,2069742170.7489166
2023-10-30,2094487745.8198864
2023-10-31,2107641478.5692792
2023-11-01,2130118987.6564062
2023-11-02,2170941152.762394
2023-11-03,2190747635.1350136
2023-11-06,2195787269.1605573
2023-11-07,2202036739.8843627
2023-11-08,2203649537.313289
2023-11-09,2186463970.0759587
2023-11-10,2220583273.9795017
2023-11-13,2218466338.155205
2023-11-14,2261506139.497061
2023-11-15,2266293942.951486
2023-11-16,2269065829.161943
2023-11-17,2271888145.120375
2023-11-20,2289376290.845555
2023-11-21,2284386927.483608
2023-11-22,2293206565.425971
2023-11-24,2294617962.0317545
2023-11-27,2290485108.963489
2023-11-28,2292753015.8629537
2023-11-29,2291140218.434027
2023-11-30,2300161575.36829
2023-12-01,2313769016.7650785
2023-12-04,2301622924.468913
2023-12-05,2301169693.0746527
2023-12-06,2291896346.484894
2023-12-07,2309384333.125695
2023-12-08,2319312789.1859922
2023-12-11,2328333827.951498
2023-12-12,2338967982.3146873
2023-12-13,2371222340.0494294
2023-12-14,2378832459.462287
2023-12-15,2374915961.1487403
2023-12-18,2388275071.830738
2023-12-19,2402797725.656863
2023-12-20,2369501842.4962792
2023-12-21,2391969170.183184
2023-12-22,2396776222.8474045
2023-12-26,2406896534.668136
2023-12-27,2411248446.9255548
2023-12-28,2412159364.0766726
2023-12-29,2405176037.114986
2024-01-02,2391715907.85266
2024-01-03,2372183527.864144
2024-01-04,2364542546.0818634
2024-01-05,2367781026.774372
2024-01-08,2401583593.680382
2024-01-09,2397940243.2446675
2024-01-10,2411501550.1717
2024-01-11,2410438866.5235224
2024-01-12,2412108616.159941
2024-01-16,2403253184.2324224
2024-01-17,2389894232.6348033
2024-01-18,2411147110.1764703
2024-01-19,2441204671.728924
2024-01-22,2446366482.557132
2024-01-23,2453501257.8471217
2024-01-24,2456183102.299365
2024-01-25,2469542212.9813623
2024-01-26,2466404909.9535604
2024-01-29,2485937289.9420767
2024-01-30,2484014596.1438913
2024-01-31,2443481964.6067185
2024-02-01,2475462697.210493
2024-02-02,2501522945.5851374
2024-02-05,2492414569.495852
2024-02-06,2499650522.4505486
2024-02-07,2520498530.2490096
2024-02-08,2521611802.729541
2024-02-09,2536185681.7255335
2024-02-12,2535072409.2450023
2024-02-13,2500156728.9428396
2024-02-14,2522877318.960268
2024-02-15,2540283854.399293
2024-02-16,2527633941.8765135
2024-02-20,2513718194.9542503
2024-02-21,2515995169.663288
2024-02-22,2568064918.4958444
2024-02-23,2569835845.79697
2024-02-26,2560423618.544807
2024-02-27,2565180877.7985663
2024-02-28,2561790153.355862
2024-02-29,2570999707.109854
2024-03-01,2595136943.517556
2024-03-04,2592353921.4006066
2024-03-05,2566445598.6074014
2024-03-06,2579450110.2097898
2024-03-07,2605055218.177632
2024-03-08,2589418814.61784
2024-03-11,2587192587.8255343
2024-03-12,2615023922.585682
2024-03-13,2610924795.405652
2024-03-14,2605763620.914958
2024-03-15,2587870605.446573
2024-03-18,2603250883.1570287
2024-03-19,2617717698.3663106
2024-03-20,2641930340.7694073
2024-03-21,2650660414.206692
2024-03-22,2645635256.8595896
2024-03-25,2638325806.92204
2024-03-26,2633452575.1563764
2024-03-27,2655584393.8890886
2024-03-28,2655076755.6373916
2024-04-01,2650457104.3710084
2024-04-02,2633605455.244086
2024-04-03,2636498563.7509365
2024-04-04,2604317066.6615334
2024-04-05,2631523836.1518087
2024-04-08,2632996162.0745463
2024-04-09,2636041991.5847282
2024-04-10,2609646552.4246483
2024-04-11,2629341198.4792037
2024-04-12,2593048324.7126284
2024-04-15,2560562340.122834
2024-04-16,2555892418.1928544
2024-04-17,2540765880.066058
2024-04-18,2535537890.1364064
2024-04-19,2513406707.7412086
2024-04-22,2536553007.555422
2024-04-23,2566653362.8056836
2024-04-24,2565435094.635362
2024-04-25,2555689426.5259266
2024-04-26,2579901591.6758876
2024-04-29,2589038284.784541
2024-04-30,2548025059.340011
2024-05-01,2539750762.6470423
2024-05-02,2563506196.5464163
2024-05-03,2595281869.386343
2024-05-06,2622082814.627142
2024-05-07,2624976082.218371
2024-05-08,2625229503.633273
2024-05-09,2640355882.675691
2024-05-10,2643757106.6873746
2024-05-13,2644112342.1044974
2024-05-14,2656243639.5534654
2024-05-15,2689136243.8146286
2024-05-16,2683603289.1314507
2024-05-17,2687460767.1405854
2024-05-20,2690557185.483121
2024-05-21,2697156005.502046
2024-05-22,2689389187.976396
2024-05-23,2669746085.2604647
2024-05-24,2687410496.476989
2024-05-28,2689288010.3116884
2024-05-29,2670456237.925953
2024-05-30,2652741556.045832
2024-05-31,2676902973.279061
2024-06-03,2679085292.782909
2024-06-04,2682080215.2919807
2024-06-05,2713957543.04975
2024-06-06,2713906317.879883
2024-06-07,2710607544.207934
2024-06-10,2718982382.2280955
2024-06-11,2725530613.4146676
2024-06-12,2747915376.3091464
2024-06-13,2753448330.9923244
2024-06-14,2755123489.497611
2024-06-17,2777051680.2258816
2024-06-18,2784106754.242258
2024-06-20,2776544201.0585628
2024-06-21,2772821626.6023703
2024-06-24,2763807905.718274
2024-06-25,2774450968.806658
2024-06-26,2777913917.5571876
2024-06-27,2782293192.327703
2024-06-28,2771344687.232658
2024-07-01,2777048498.538312
2024-07-02,2795737094.9834247
2024-07-03,2808213446.449293
2024-07-05,2824406645.3337293
2024-07-08,2827666284.2485747
2024-07-09,2830415580.4772887
2024-07-10,2858423657.981917
2024-07-11,2833776397.056841
2024-07-12,2851651117.8217025
2024-07-15,2859493023.1739902
2024-07-16,2876450145.2438383
2024-07-17,2836119073.614187
2024-07-18,2814323559.25756
2024-07-19,2795635280.981204
2024-07-22,2824458188.6723537
2024-07-23,2820027370.5632143
2024-07-24,2756118403.2005606
2024-07-25,2741757538.1873393
2024-07-26,2772465277.594599
2024-07-29,2774094619.7988863
2024-07-30,2760039514.9610834
2024-07-31,2804902900.533338
2024-08-01,2765183349.254524
2024-08-02,2713699508.187872
2024-08-05,2634666707.1328554
2024-08-06,2658957619.050159
2024-08-07,2641185189.5406537
2024-08-08,2702241933.081723
2024-08-09,2714157671.1978645
2024-08-12,2715583703.566468
2024-08-13,2760242506.6280107
2024-08-14,2768950785.505445
2024-08-15,2816412337.146868
2024-08-16,2822726396.1283326
2024-08-19,2849715060.935726
2024-08-20,2845081569.3284163
2024-08-21,2854858577.0604105
2024-08-22,2832452496.8592167
2024-08-23,2862548397.7468815
2024-08-26,2855724314.248043
2024-08-27,2859645744.1773224
2024-08-28,2843044971.115247
2024-08-29,2843299187.952041
2024-08-30,2870441210.10028
2024-09-03,2811370316.855648
2024-09-04,2805616234.8863974
2024-09-05,2798792151.387559
2024-09-06,2751688539.597693
2024-09-09,2782496183.9946313
2024-09-10,2794616822.7902417
2024-09-11,2823286054.9717894
2024-09-12,2847067896.8779893
2024-09-13,2861937195.5648
2024-09-16,2866164067.500741
2024-09-17,2867334928.5262785
2024-09-18,2858831232.1595564
2024-09-19,2907615411.323577
2024-09-20,2902588663.1326895
2024-09-23,2909841956.2846394
2024-09-24,2918168432.653746
2024-09-25,2911731878.70086
2024-09-26,2923275995.708896
2024-09-27,2919036397.0226774
2024-09-30,2930733553.2028017
2024-10-01,2904478903.7176676
2024-10-02,2905705126.1069126
2024-10-03,2900392344.203537
2024-10-04,2926749444.028405
2024-10-07,2900290212.032559
2024-10-08,2927719858.7370706
2024-10-09,2947998662.629367
2024-10-10,2942839874.40435
2024-10-11,2960461969.1762013
2024-10-14,2984673975.2417836
2024-10-15,2961483927.223491
2024-10-16,2974355444.285479
2024-10-17,2974611251.9660583
2024-10-18,2986053236.803117
2024-10-21,2981149301.7524085
2024-10-22,2979566094.0178776
2024-10-23,2952340075.317807
2024-10-24,2958725404.100826
2024-10-25,2957703127.8847795
2024-10-28,2966847616.127978
2024-10-29,2971648464.501438
2024-10-30,2962658606.274112
2024-10-31,2904581035.8886456
2024-11-01,2916840396.2622814
2024-11-04,2910557199.65024
2024-11-05,2945751118.5303464
2024-11-06,3018998975.2466884
2024-11-07,3042342380.605826
2024-11-08,3055520930.51826
2024-11-11,3058432492.8130136
2024-11-12,3048931973.7308
2024-11-13,3050412731.1255965
2024-11-14,3030798581.7665467
2024-11-15,2991978493.563601
2024-11-18,3004237535.7684803
2024-11-19,3015219130.4142475
2024-11-20,3016240452.124023
2024-11-21,3032432696.502188
2024-11-22,3041831401.582181
2024-11-25,3052149614.3697295
2024-11-26,3068086687.404829
2024-11-27,3058790114.4958134
2024-11-29,3077791470.8289976
2024-12-02,3083308198.9055715
2024-12-03,3084738049.2992573
2024-12-04,3103893399.3108006
2024-12-05,3098784563.5806227
2024-12-06,3104659549.6775107
2024-12-09,3088671251.4725437
2024-12-10,3079068282.0505958
2024-12-11,3102871759.432268
2024-12-12,3086884097.564815
2024-12-13,3086270668.2014356
2024-12-16,3099448899.945113
2024-12-17,3086679515.054103
2024-12-18,2994685473.347642
2024-12-19,2993765647.4713297
2024-12-20,3029724125.874362
2024-12-23,3047866744.732567
2024-12-24,3081744081.296458
2024-12-26,3081948981.975927
2024-12-27,3049506904.67459
2024-12-30,3014707196.8843317
2024-12-31,3003739283.495113
2025-01-02,2996359359.177901
2025-01-03,3033824048.4762845
2025-01-06,3051300740.1262145
2025-01-07,3016808383.3551598
2025-01-08,3021215975.145043
2025-01-10,2975089459.607738
2025-01-13,2979702588.4146037
2025-01-14,2983802192.8477693
2025-01-15,3038077646.5878086
2025-01-16,3032235113.7041283
2025-01-17,3062679091.211885
2025-01-21,3090712622.2170677
2025-01-22,3108087181.69602
2025-01-23,3125050985.3097634
2025-01-24,3115928450.710794
2025-01-27,3071852214.6432076
2025-01-28,3098247494.7189093
2025-01-29,3084357519.465958
2025-01-30,3100911839.8895206
2025-01-31,3084408744.6358256
2025-02-03,3063652051.270606
2025-02-04,3084204162.1251135
2025-02-05,3096708830.6103497
2025-02-06,3107472161.488856
2025-02-07,3079028192.787221
2025-02-10,3099937925.324528
2025-02-11,3102295873.982207
2025-02-12,3092301875.15798
2025-02-13,3124948534.970029
2025-02-14,3124794859.460427
2025-02-18,3133968937.3980203
2025-02-19,3141349498.052746
2025-02-20,3128280080.023942
2025-02-21,3074773322.0006685
2025-02-24,3060782169.0830107
2025-02-25,3045560657.5822678
2025-02-26,3047097730.8470426
2025-02-27,2998460227.4799714
2025-02-28,3045253306.563064
2025-03-03,2991899905.8806353
2025-03-04,2956485814.2207265
2025-03-05,2988261327.9762745
2025-03-06,2935216232.81932
2025-03-07,2951668102.903148
2025-03-10,2873048603.0633965
2025-03-11,2849164947.1549754
2025-03-12,2864284008.3159842
2025-03-13,2826101848.470702
2025-03-14,2884477224.812664
2025-03-17,2906720402.6103044
2025-03-18,2875303465.043827
2025-03-19,2906617952.2705703
2025-03-20,2898212888.218499
2025-03-21,2899168985.333102
2025-03-24,2951089035.765518
2025-03-25,2958182290.0327277
2025-03-26,2922867148.8562274
2025-03-27,2915105103.8619313
2025-03-28,2856399468.3502665
2025-03-31,2875573908.487226
2025-04-01,2883695802.3456206
2025-04-02,2901945007.7373996
2025-04-03,2758934833.036988
2025-04-04,2597418531.6735682
2025-04-07,2592792198.8632894
2025-04-08,2552181615.980666
2025-04-09,2820210317.5984526
2025-04-10,2696631027.0530934
2025-04-11,2744746415.490027
2025-04-14,2771374595.095808
2025-04-15,2763612550.101512
2025-04-16,2702182753.692931
2025-04-17,2706038004.520767
2025-04-21,2641627285.02842
2025-04-22,2710356509.058707
2025-04-23,2752354784.974722
2025-04-24,2810289179.4195657
2025-04-25,2830593754.981174
2025-04-28,2831673301.5734696
2025-04-29,2849511114.762526
2025-04-30,2850641886.524689
2025-05-01,2870844011.746563
2025-05-02,2913459535.05104
2025-05-05,2896753129.961661
2025-05-06,2872540487.5585647
2025-05-07,2884621037.090801
2025-05-08,2904720711.97294
2025-05-09,2901019772.9922194
2025-05-12,2996891019.1707444
2025-05-13,3016682388.5274096
2025-05-14,3020537639.355245
2025-05-15,3035290806.445773
2025-05-16,3054516789.9213567
2025-05-19,3057857880.037978
2025-05-20,3047576574.8262353
2025-05-21,2996222546.6124144
2025-05-22,2997405498.0507154
2025-05-23,2976945337.966964
2025-05-27,3038837751.7481346
2025-05-28,3021257018.9146852
2025-05-29,3033183256.599806
2025-05-30,3029790304.975803
2025-06-02,3046857513.4355516
2025-06-03,3064232072.9145045
2025-06-04,3063409606.677816
2025-06-05,3048604578.079907
2025-06-06,3079911111.0877266
2025-06-09,3082686497.15451
2025-06-10,3100164461.479468
2025-06-11,3091322551.724119
2025-06-12,3103608638.2733383
2025-06-13,3068910108.1477866
2025-06-16,3098108454.972125
2025-06-17,3071634905.382217
2025-06-18,3071171969.84087
2025-06-20,3063959402.2898083
2025-06-23,3094222978.11238
2025-06-24,3128405756.682933
2025-06-25,3130158866.53367
2025-06-26,3154648633.924061
2025-06-27,3170322263.228415
2025-06-30,3185479822.809013
2025-07-01,3184449274.2052855
2025-07-02,3198885227.0451446
2025-07-03,3224096919.345031
2025-07-07,3200070723.833501
2025-07-08,3198317932.151521
2025-07-09,3217497144.8198347
2025-07-10,3226571317.7677493
2025-07-11,3215228601.5828557
2025-07-14,3221363849.72292
2025-07-15,3207598278.4539323
2025-07-16,3218322156.4065785
2025-07-17,3238017120.629891
2025-07-18,3235645490.715664
2025-07-21,3241780738.855728
2025-07-22,3242244947.072103
2025-07-23,3269828269.2862163
2025-07-24,3270910679.397324
2025-07-25,3284728112.1736927
2025-07-28,3283903418.7557054
2025-07-29,3275241910.685541
2025-07-30,3271116852.7518206
2025-07-31,3258846356.4716916
2025-08-01,3205432503.7254443
2025-08-04,3254154321.8131046
2025-08-05,3237656317.2595205
2025-08-06,3262455344.6816564
2025-08-07,3259722911.39706
2025-08-08,3285140458.882686
2025-08-11,3278644407.3722525
2025-08-12,3313549110.8523006
2025-08-13,3324891508.868437
2025-08-14,3325200768.9001822
2025-08-15,3317415497.5866294
2025-08-18,3316693890.8458905
2025-08-19,3298700174.965934
2025-08-20,3289934943.8810077
2025-08-21,3276736667.5056434
2025-08-22,3327056965.428168
2025-08-25,3312414521.065055
2025-08-26,3326283497.1800475
2025-08-27,3333862595.139103
2025-08-28,3345669201.371614
2025-08-29,3325716520.4551806
2025-09-02,3301071804.8801603
2025-09-03,3318962434.0828686
2025-09-04,3346700386.3128543
2025-09-05,3337007056.9639354
2025-09-08,3345205629.4927526
2025-09-09,3352939039.298924
2025-09-10,3362631414.141572
2025-09-11,3390575857.8948116
2025-09-12,3389440949.9388084
2025-09-15,3407486527.3261466
2025-09-16,3402794810.8363166
2025-09-17,3398566984.3941045
2025-09-18,3414446787.052955
2025-09-19,3431358092.8218036
2025-09-22,3447592017.307128
2025-09-23,3428825151.3478084
2025-09-24,3417915781.0098667
2025-09-25,3402147337.415945
2025-09-26,3421638673.634816
2025-09-29,3431254687.9757986
2025-09-30,3444179657.3889523
2025-10-01,3455915948.32618
2025-10-02,3459896239.475493
2025-10-03,3459845014.305626
2025-10-06,3472252959.488753
2025-10-07,3459379533.4142237
2025-10-08,3480008004.7703967
2025-10-09,3469926509.5380116
2025-10-10,3376141814.0674953
2025-10-13,3427945732.9036283
2025-10-14,3423757995.7247906
2025-10-15,3438958189.918818
2025-10-16,3415537787.720501
2025-10-17,3434925400.924609
2025-10-20,3470650343.4600472
2025-10-21,3470598163.7839093
2025-10-22,3452555131.746627
2025-10-23,3473028654.91817
2025-10-24,3501412171.5559864
2025-10-27,3542720657.6069565
2025-10-28,3552130180.4246855
2025-10-29,3553836201.299395
2025-10-30,3514750760.353162
2025-10-31,3526279923.429622
2025-11-03,3532897833.5739636
2025-11-04,3491020461.785586
2025-11-05,3503118192.4306965
2025-11-06,3465531962.667162
2025-11-07,3468944004.4165807
2025-11-10,3523074691.372213
2025-11-11,3531139633.0231156
2025-11-12,3533104325.097217
2025-11-13,3474476004.593488
2025-11-14,3473907755.193594
2025-11-17,3441542992.9001937
2025-11-18,3412642770.2011075
2025-11-19,3425826410.8136525
2025-11-20,3373608872.5934978
2025-11-21,3407214174.870205
2025-11-24,3457362979.832739
2025-11-25,3489882690.3107686
2025-11-26,3513975383.092499
2025-11-28,3533156186.604597
2025-12-01,3517025666.965278
2025-12-02,3523540172.2636147
2025-12-03,3535741307.7547307
2025-12-04,3538326110.7361073
2025-12-05,3545047107.557698
2025-12-08,3534397044.756662
2025-12-09,3531346124.546369
2025-12-10,3554767163.0822
2025-12-11,3563038914.425113
2025-12-12,3524728850.739541
2025-12-15,3519403660.2546444
2025-12-16,3509787645.9136615
2025-12-17,3471167367.6900735
2025-12-18,3497379064.3930206
2025-12-19,3529077581.30939
2025-12-22,3551063360.582667
2025-12-23,3567293148.8741508
2025-12-24,3579841724.647845
2025-12-26,3579478694.0961766
2025-12-29,3566722672.292958
2025-12-30,3562367260.179213
2025-12-31,3535973889.1160536
2026-01-02,3542455304.863668
2026-01-05,3566048472.697003
2026-01-06,3587256647.5283194
2026-01-07,3575693440.394867
2026-01-08,3575330409.8431993
2026-01-09,3598975439.183915
2026-01-12,3604627388.982188
2026-01-13,3597419912.1312375
2026-01-14,3579738001.6330814
2026-01-15,3589486374.176951
2026-01-16,3586478724.9176016
2026-01-20,3513469494.7689643
2026-01-21,3554018830.1658764
2026-01-22,3572582386.289512
2026-01-23,3573878287.636527
2026-01-26,3592026951.701113
2026-01-27,3606338500.557009
2026-01-28,3605975470.005341
2026-01-29,3598819854.6617713
2026-01-30,3588086113.47766
2026-02-02,3605923926.6667166
2026-02-03,3575434132.8579607
2026-02-04,3558115252.911473
2026-02-05,3513676940.798489
2026-02-06,3581086082.6562343
2026-02-09,3598353419.2640977
2026-02-10,3588864036.088377
2026-02-11,3588034570.1390357
2026-02-12,3532603527.473792
2026-02-13,3535092243.490573
2026-02-17,3540796054.7962275
2026-02-18,3558633549.816527
2026-02-19,3549247889.655568
2026-02-20,3574915835.9529057
2026-02-23,3538411061.7942085
2026-02-24,3564129915.092656
2026-02-25,3594205135.01112
2026-02-26,3574241318.188194
2026-02-27,3557078022.7638493
2026-03-02,3559100621.551714
2026-03-03,3527729500.286236
2026-03-04,3552618569.4665856
2026-03-05,3532810973.503317
2026-03-06,3486505965.293369
2026-03-09,3517047620.6095057
2026-03-10,3511395352.642475
2026-03-11,3506988079.021349
2026-03-12,3453734583.3285995
2026-03-13,3434185976.7334795
2026-03-16,3469135223.839499
2026-03-17,3478260940.1260376
2026-03-18,3429726523.436215
2026-03-19,3421274688.576874
2026-03-20,3372228020.1883783
2026-03-23,3407636384.810662
2026-03-24,3396197581.6611724
2026-03-25,3415123531.998962
2026-03-26,3354133762.9812284
2026-03-27,3296939429.065026
2026-03-30,3285916472.480857
2026-03-31,3381431051.4828534
2026-04-01,3406908414.6947846
2026-04-02,3409976197.849195
2026-04-06,3426094627.0757504
2026-04-07,3427602110.64613
2026-04-08,3514901890.5127053
2026-04-09,3535179421.729974
2026-04-10,3532839926.8601975
2026-04-13,3567364418.675703
2026-04-14,3610832316.0800214
2026-04-15,3639325282.7702246
2026-04-16,3648268370.1902804
2026-04-17,3692360196.5269566
2026-04-20,3684976454.1846614
2026-04-21,3660851308.1897235
2026-04-22,3697923695.4108005
2026-04-23,3683573011.797801
2026-04-24,3712118158.1641426
2026-04-27,3718513350.178627
2026-04-28,3700419092.971477
2026-04-29,3699847343.7152567
2026-04-30,3736659468.8931575
2026-05-01,3747006635.037587
2026-05-04,3733279880.356946
2026-05-05,3763229105.447662
2026-05-06,3815535730.9197598
2026-05-07,3803836983.895851
2026-05-08,3835241831.049565
2026-05-11,3843976836.102582
2026-05-12,3838153393.3443184
2026-05-13,3859627239.0876794
2026-05-14,3890096351.9272337
2026-05-15,3843301045.6628423
2026-05-18,3840597247.56637
2026-05-19,3815015843.17092
2026-05-20,3854115919.8799725
2026-05-21,3861758969.7591734
2026-05-22,3876941664.6715693
2026-05-26,3902679289.9266768
2026-05-27,3902003181.3181806
2026-05-28,3923528888.568923
2026-05-29,3933303987.2883754
2026-06-01,3944014820.321987
2026-06-02,3949370555.00755
2026-06-03,3921657101.771848
2026-06-04,3936475811.626305
2026-06-05,3834877845.991626
2026-06-08,3843560671.368505
2026-06-09,3832278089.0786734
2026-06-10,3771860069.31716
2026-06-11,3835969801.1654425
2026-06-12,3856715676.7929254
2026-06-15,3924724884.926258
2026-06-16,3901327390.878441
2026-06-17,3852608118.1408362
2026-06-18,3892663655.6269784
2026-06-22,3880413522.1472936
2026-06-23,3824062335.4369807
2026-06-24,3822289817.292071
2026-06-25,3827815454.0938396
2026-06-26,3800135090.4088597
2026-06-29,3862741793.0493603
2026-06-30,3892820194.655393
2026-07-01,3887555138.065558
2026-07-02,3882446620.504137
2026-07-06,3916330320.4431667
2026-07-07,3897720311.6810184
2026-07-08,3885678578.7371287
2026-07-09,3918571819.3358054
2026-07-10,3935461489.6291823
2026-07-13,3905330908.347011
2026-07-14,3919197339.111948
2026-07-15,3934731610.5007625
2026-07-16,3913410803.9294896
2026-07-17,3874679166.6409726
2026-07-20,3868423968.879542
2026-07-21,3900691689.7020755
2026-07-22,3896156194.0719028
2026-07-23,3848041441.972483
2026-07-24,3851951099.657756
2026-07-27,3852785338.138451
2026-07-28,3862011913.9209394
2026-07-29,3802585308.0060496
2026-07-30,3866338690.84656
2026-07-31,3894175593.5599537
2026-08-03,3949640362.113433
2026-08-04,4020848438.9290357
2026-08-05,4012820404.853938
2026-08-06,4006408668.064093
2026-08-07,4030909253.1922197
2026-08-10,4029710393.3160715
