date,value
1969-12-31,10000
1970-01-02,10121.68
1970-01-05,10204.81
1970-01-06,10020.34
1970-01-07,10158.02
1970-01-08,10223.51
1970-01-09,10128.18
1970-01-12,10031.16
1970-01-13,10023.71
1970-01-14,10105.95
1970-01-15,10140.24
1970-01-16,10200.06
1970-01-19,10160.05
1970-01-20,10218.96
1970-01-21,10115.14
1970-01-22,10284.88
1970-01-23,10200.41
1970-01-26,10088.75
1970-01-27,10044.62
1970-01-28,9937.88
1970-01-29,9812.64
1970-01-30,9785.76
1970-02-02,9717.48
1970-02-03,9618.92
1970-02-04,9730.03
1970-02-05,9678.01
1970-02-06,9705.18
1970-02-09,9838.21
1970-02-10,9810.99
1970-02-11,9776.19
1970-02-12,9643.49
1970-02-13,9762.81
1970-02-16,9737.09
1970-02-17,9584.39
1970-02-18,9676.76
1970-02-19,9725.62
1970-02-20,9552.22
1970-02-24,9564.88
1970-02-25,9533.51
1970-02-26,9673.04
1970-02-27,9658.54
1970-03-02,9596.07
1970-03-03,9556.02
1970-03-04,9670.29
1970-03-05,9609.28
1970-03-06,9635.3
1970-03-09,9484.85
1970-03-10,9409.9
1970-03-11,9433.3
1970-03-12,9363.79
1970-03-13,9364.42
1970-03-16,9264.97
1970-03-17,9160.44
1970-03-18,9267.54
1970-03-19,9222.85
1970-03-20,9176.85
1970-03-23,9213.67
1970-03-24,9332
1970-03-25,9561.57
1970-03-26,9666.2
1970-03-30,9684.96
1970-03-31,9649.3
1970-04-01,9706.84
1970-04-02,9765.5
1970-04-03,9850.27
1970-04-06,9730.12
1970-04-07,9680.93
1970-04-08,9712.99
1970-04-09,9742.59
1970-04-10,9649.34
1970-04-13,9563.97
1970-04-14,9437.47
1970-04-15,9375.49
1970-04-16,9270.14
1970-04-17,9275.17
1970-04-20,9263.21
1970-04-21,9152.44
1970-04-22,9046.19
1970-04-23,8972.62
1970-04-24,8929.4
1970-04-27,8704.25
1970-04-28,8541.08
1970-04-29,8698.19
1970-04-30,8634.15
1970-05-01,8672.54
1970-05-04,8716.66
1970-05-05,8681.9
1970-05-06,8674.56
1970-05-07,8646.37
1970-05-08,8567.77
1970-05-11,8494.87
1970-05-12,8520.26
1970-05-13,8573.99
1970-05-14,8392.33
1970-05-15,8523.57
1970-05-18,8450.4
1970-05-19,8489.61
1970-05-20,8269.42
1970-05-21,8209.14
1970-05-22,8266.86
1970-05-25,8175.04
1970-05-26,8169.67
1970-05-27,8092.46
1970-05-28,8102.05
1970-05-29,7992.01
1970-06-01,8068.79
1970-06-02,8133.43
1970-06-03,8236.29
1970-06-04,8145.02
1970-06-05,8282.73
1970-06-08,8168.73
1970-06-09,8163.69
1970-06-10,8061.83
1970-06-11,7973.03
1970-06-12,7961.85
1970-06-15,7921.12
1970-06-16,8009.69
1970-06-17,7978.93
1970-06-18,8027.44
1970-06-19,8062.21
1970-06-22,7950.9
1970-06-23,7854.35
1970-06-24,7978.52
1970-06-25,8009.51
1970-06-26,8035.71
1970-06-29,8082.04
1970-06-30,8074.79
1970-07-01,8167.62
1970-07-02,8184.52
1970-07-06,8060.13
1970-07-07,7979.74
1970-07-08,8134.86
1970-07-09,8203.7
1970-07-10,8215.99
1970-07-13,8245.45
1970-07-14,8248.28
1970-07-15,8364.49
1970-07-16,8415.89
1970-07-17,8566.81
1970-07-20,8535.48
1970-07-21,8586.47
1970-07-22,8448.99
1970-07-23,8543.95
1970-07-24,8513.76
1970-07-27,8474.49
1970-07-28,8469.32
1970-07-29,8488.28
1970-07-30,8497.53
1970-07-31,8387.52
1970-08-03,8217.01
1970-08-04,8173.07
1970-08-05,8160.47
1970-08-06,8233.31
1970-08-07,8200.78
1970-08-10,8162.87
1970-08-11,8141.02
1970-08-12,8001.39
1970-08-13,8051.85
1970-08-14,8145.46
1970-08-17,8136.23
1970-08-18,8155.72
1970-08-19,8258.23
1970-08-20,8390.14
1970-08-21,8330.95
1970-08-24,8495.17
1970-08-25,8517.3
1970-08-26,8532.9
1970-08-27,8477.01
1970-08-28,8510.72
1970-08-31,8547.28
1970-09-01,8327.78
1970-09-02,8278.99
1970-09-03,8384.29
1970-09-04,8462.01
1970-09-08,8403.03
1970-09-09,8480.28
1970-09-10,8481.67
1970-09-11,8429.88
1970-09-14,8408.45
1970-09-15,8421.4
1970-09-16,8468.11
1970-09-17,8489.64
1970-09-18,8600.33
1970-09-21,8550.06
1970-09-22,8551.47
1970-09-23,8639.3
1970-09-24,8569.22
1970-09-25,8704.63
1970-09-28,8734.78
1970-09-29,8688.28
1970-09-30,8807.01
1970-10-01,8772.57
1970-10-02,8823.21
1970-10-05,9054.22
1970-10-06,9119.4
1970-10-07,9161.93
1970-10-08,8951.84
1970-10-09,8896.96
1970-10-12,8777.15
1970-10-13,8690.44
1970-10-14,8694.31
1970-10-15,8685.2
1970-10-16,8592.8
1970-10-19,8616.51
1970-10-20,8581.02
1970-10-21,8591.15
1970-10-22,8535.83
1970-10-23,8605.29
1970-10-26,8503.07
1970-10-27,8549.47
1970-10-28,8521.21
1970-10-29,8541.41
1970-10-30,8561.84
1970-11-02,8469.69
1970-11-03,8422.89
1970-11-04,8454.32
1970-11-05,8465.87
1970-11-06,8467.72
1970-11-09,8499.49
1970-11-10,8379.98
1970-11-11,8334.27
1970-11-12,8326.13
1970-11-13,8128.13
1970-11-16,8109.14
1970-11-17,8135.15
1970-11-18,8053.55
1970-11-19,8130.57
1970-11-20,8291.25
1970-11-23,8172.17
1970-11-24,8124.07
1970-11-25,8149.99
1970-11-27,8201.05
1970-11-30,8268.71
1970-12-01,8387.48
1970-12-02,8456.05
1970-12-03,8468.33
1970-12-04,8496.2
1970-12-07,8540.8
1970-12-08,8523.3
1970-12-09,8407.51
1970-12-10,8418.5
1970-12-11,8432.59
1970-12-14,8257.38
1970-12-15,8132.21
1970-12-16,7998.98
1970-12-17,8040.42
1970-12-18,8120.59
1970-12-21,8226.9
1970-12-22,8259.7
1970-12-23,8312.29
1970-12-24,8395.61
1970-12-28,8513.31
1970-12-29,8544.16
1970-12-30,8573.98
1970-12-31,8560.41
1971-01-04,8405.59
1971-01-05,8541.77
1971-01-06,8588.78
1971-01-07,8600.49
1971-01-08,8630.27
1971-01-11,8604.6
1971-01-12,8613.76
1971-01-13,8503.74
1971-01-14,8487.37
1971-01-15,8464.57
1971-01-18,8632.45
1971-01-19,8701.44
1971-01-20,8543.18
1971-01-21,8519.21
1971-01-22,8620.8
1971-01-25,8748.63
1971-01-26,8723.59
1971-01-27,8808.75
1971-01-28,8861.8
1971-01-29,8958.08
1971-02-01,9020.54
1971-02-02,8930.77
1971-02-03,8867.07
1971-02-04,8877.84
1971-02-05,9019.85
1971-02-08,9159.19
1971-02-09,9021.78
1971-02-10,9034.27
1971-02-11,9131.43
1971-02-12,9081.92
1971-02-16,9124.41
1971-02-17,8998.03
1971-02-18,9007.63
1971-02-19,9060.26
1971-02-22,9002.5
1971-02-23,8957.77
1971-02-24,9106.33
1971-02-25,9211.85
1971-02-26,9063.84
1971-03-01,9086.98
1971-03-02,9136.96
1971-03-03,9132.48
1971-03-04,9283.27
1971-03-05,9407.84
1971-03-08,9488.41
1971-03-09,9654.32
1971-03-10,9691.46
1971-03-11,9777.24
1971-03-12,9923.86
1971-03-15,10122.78
1971-03-16,10133.1
1971-03-17,9982.5
1971-03-18,9796.36
1971-03-19,9716.17
1971-03-22,9675
1971-03-23,9759.92
1971-03-24,9599.95
1971-03-25,9605.96
1971-03-26,9630.34
1971-03-29,9658.6
1971-03-30,9677.17
1971-03-31,9523.42
1971-04-01,9643.29
1971-04-02,9602.69
1971-04-05,9634.34
1971-04-06,9715.09
1971-04-07,9771.25
1971-04-08,9697.82
1971-04-12,9880.32
1971-04-13,9926.67
1971-04-14,9858.16
1971-04-15,9997.66
1971-04-16,10014.76
1971-04-19,10082.5
1971-04-20,10033.8
1971-04-21,9979.76
1971-04-22,9992.01
1971-04-23,10008.87
1971-04-26,9884.38
1971-04-27,9848.81
1971-04-28,9750.43
1971-04-29,9805.71
1971-04-30,9727.1
1971-05-03,9713.14
1971-05-04,9823.98
1971-05-05,9747.43
1971-05-06,9761.15
1971-05-07,9779.75
1971-05-10,9782.79
1971-05-11,9819.66
1971-05-12,9918.39
1971-05-13,9935.48
1971-05-14,9921.22
1971-05-17,9801.28
1971-05-18,9846.48
1971-05-19,9875.28
1971-05-20,9866.85
1971-05-21,9883.23
1971-05-24,9838.6
1971-05-25,9830.91
1971-05-26,9816.61
1971-05-27,9897.46
1971-05-28,9803.83
1971-06-01,9818
1971-06-02,9832.2
1971-06-03,9889.51
1971-06-04,9926.37
1971-06-07,9922.7
1971-06-08,9854.66
1971-06-09,9857.76
1971-06-10,9886.82
1971-06-11,10010.41
1971-06-14,9961.41
1971-06-15,10040.52
1971-06-16,10031.38
1971-06-17,10025.16
1971-06-18,9961.18
1971-06-21,9949.86
1971-06-22,9847.41
1971-06-23,9906.2
1971-06-24,9803.79
1971-06-25,9827.68
1971-06-28,9858.86
1971-06-29,9880.17
1971-06-30,9972.5
1971-07-01,10004.68
1971-07-02,10163.64
1971-07-06,10210.52
1971-07-07,10206.73
1971-07-08,10235.3
1971-07-09,10333.61
1971-07-12,10384.34
1971-07-13,10334.43
1971-07-14,10349.72
1971-07-15,10313.27
1971-07-16,10416.77
1971-07-19,10406.59
1971-07-20,10374.57
1971-07-21,10345.47
1971-07-22,10348.84
1971-07-23,10283.86
1971-07-26,10229.07
1971-07-27,10234.6
1971-07-28,10167.96
1971-07-29,10216.32
1971-07-30,10224.13
1971-08-02,10273.56
1971-08-03,10174.16
1971-08-04,10146.57
1971-08-05,10240.69
1971-08-06,10136.97
1971-08-09,10144.43
1971-08-10,10147.7
1971-08-11,10149.99
1971-08-12,10185.68
1971-08-13,10217.75
1971-08-16,10302.96
1971-08-17,10380.28
1971-08-18,10267.47
1971-08-19,10200.25
1971-08-20,10169.09
1971-08-23,10243.55
1971-08-24,10279.63
1971-08-25,10209.04
1971-08-26,10156.95
1971-08-27,10110.73
1971-08-30,10086.31
1971-08-31,10062.94
1971-09-01,10079.57
1971-09-02,10093.45
1971-09-03,10143.9
1971-09-07,10177.34
1971-09-08,10269.3
1971-09-09,10251.39
1971-09-10,10113.11
1971-09-13,10137.49
1971-09-14,10044.64
1971-09-15,10003.08
1971-09-16,10058
1971-09-17,10055.29
1971-09-20,9999.84
1971-09-21,9913.39
1971-09-22,9882.41
1971-09-23,9862.03
1971-09-24,9969.01
1971-09-27,9962.47
1971-09-28,10016.39
1971-09-29,9982.41
1971-09-30,10034.71
1971-10-01,10102.09
1971-10-04,10149.2
1971-10-05,10168.8
1971-10-06,10174.87
1971-10-07,10236.76
1971-10-08,10121.44
1971-10-11,10067.3
1971-10-12,10026.86
1971-10-13,9994.29
1971-10-14,9948.15
1971-10-15,10000.83
1971-10-18,10048.27
1971-10-19,10095.23
1971-10-20,10003.72
1971-10-21,9940.77
1971-10-22,9793.46
1971-10-25,9680.36
1971-10-26,9627.72
1971-10-27,9567.5
1971-10-28,9563.42
1971-10-29,9612.69
1971-11-01,9591.54
1971-11-02,9587.49
1971-11-03,9669.78
1971-11-04,9632.93
1971-11-05,9574.73
1971-11-08,9563.4
1971-11-09,9654.87
1971-11-10,9670.87
1971-11-11,9689.78
1971-11-12,9693.84
1971-11-15,9719.22
1971-11-16,9793.35
1971-11-17,9671.18
1971-11-18,9637.71
1971-11-19,9665.49
1971-11-22,9661.11
1971-11-23,9575
1971-11-24,9608.09
1971-11-26,9638.58
1971-11-29,9708.06
1971-11-30,9786.35
1971-12-01,9828.64
1971-12-02,9814.05
1971-12-03,9948.6
1971-12-06,9937.31
1971-12-07,10071.22
1971-12-08,9889.16
1971-12-09,10068.39
1971-12-10,10182.99
1971-12-13,10256.51
1971-12-14,10150.09
1971-12-15,10269.31
1971-12-16,10437.01
1971-12-17,10413.54
1971-12-20,10522.8
1971-12-21,10565.2
1971-12-22,10485.97
1971-12-23,10521.36
1971-12-27,10650.52
1971-12-28,10982.84
1971-12-29,11073.3
1971-12-30,11181.51
1971-12-31,11276.19
1972-01-03,11166.14
1972-01-04,11296.54
1972-01-05,11505.61
1972-01-06,11416.15
1972-01-07,11480.46
1972-01-10,11447.27
1972-01-11,11605.34
1972-01-12,11442.74
1972-01-13,11462.19
1972-01-14,11521.33
1972-01-17,11650.8
1972-01-18,11672.17
1972-01-19,11580.14
1972-01-20,11692.59
1972-01-21,11558.93
1972-01-24,11499.23
1972-01-25,11415.48
1972-01-26,11464.73
1972-01-27,11757.35
1972-01-28,11928.23
1972-01-31,12095.4
1972-02-01,12135.48
1972-02-02,12329.17
1972-02-03,12116.53
1972-02-04,12224.06
1972-02-07,12274.56
1972-02-08,12239.44
1972-02-09,12303.56
1972-02-10,12208.59
1972-02-11,12303.08
1972-02-14,12163.52
1972-02-15,12252.42
1972-02-16,12200.02
1972-02-17,12094.8
1972-02-18,12115.5
1972-02-22,12401.25
1972-02-23,12288.23
1972-02-24,12478.73
1972-02-25,12750.58
1972-02-28,12872.78
1972-02-29,12827.63
1972-03-01,12892.36
1972-03-02,12940.66
1972-03-03,12930.12
1972-03-06,13133.9
1972-03-07,12998.79
1972-03-08,12939.46
1972-03-09,12826.07
1972-03-10,12586.32
1972-03-13,12447.25
1972-03-14,12360.94
1972-03-15,12515.55
1972-03-16,12691.62
1972-03-17,12834.32
1972-03-20,12808.94
1972-03-21,12740.08
1972-03-22,12775.65
1972-03-23,12870.79
1972-03-24,12736.09
1972-03-27,12796.44
1972-03-28,12688.91
1972-03-29,12610.47
1972-03-30,12959.21
1972-04-03,13146.77
1972-04-04,13343.65
1972-04-05,13615.14
1972-04-06,13671.68
1972-04-07,13680.64
1972-04-10,13828.33
1972-04-11,14011.16
1972-04-12,14146.95
1972-04-13,13829.22
1972-04-14,13703.42
1972-04-17,13546.43
1972-04-18,13484.79
1972-04-19,13640.45
1972-04-20,13701.5
1972-04-21,13535.8
1972-04-24,13391.27
1972-04-25,13395.6
1972-04-26,13460.3
1972-04-27,13423.98
1972-04-28,13456.55
1972-05-01,13188.82
1972-05-02,13229.75
1972-05-03,13237.6
1972-05-04,13272.29
1972-05-05,13282.04
1972-05-08,13340.03
1972-05-09,13152.78
1972-05-10,13174.38
1972-05-11,13020.49
1972-05-12,13049.49
1972-05-15,13078.4
1972-05-16,13221.47
1972-05-17,13426.13
1972-05-18,13830.67
1972-05-19,13861.89
1972-05-22,13919.4
1972-05-23,14033.49
1972-05-24,14136.32
1972-05-25,14203.73
1972-05-26,14508.64
1972-05-30,14573.96
1972-05-31,14372.53
1972-06-01,14438.45
1972-06-02,14747.1
1972-06-05,14629.46
1972-06-06,14388.34
1972-06-07,14540.45
1972-06-08,14528.56
1972-06-09,14150.11
1972-06-12,14162.54
1972-06-13,14432.84
1972-06-14,14226.24
1972-06-15,14269.64
1972-06-16,14210.94
1972-06-19,14110.45
1972-06-20,13948.52
1972-06-21,13953.11
1972-06-22,13776.53
1972-06-23,13769.56
1972-06-26,13811.93
1972-06-27,13783.53
1972-06-28,13760.22
1972-06-29,13600.26
1972-06-30,13881.52
1972-07-03,14177.86
1972-07-05,14407.49
1972-07-06,14599.27
1972-07-07,14342.63
1972-07-10,14391.9
1972-07-11,14537.15
1972-07-12,14489.88
1972-07-13,14350.8
1972-07-14,14506.25
1972-07-17,14485.68
1972-07-18,14317.65
1972-07-19,14454.16
1972-07-20,14352.6
1972-07-21,14483.99
1972-07-24,14550.3
1972-07-25,14367.61
1972-07-26,14790.15
1972-07-27,14907.36
1972-07-28,14815.61
1972-07-31,14745.52
1972-08-01,14990.69
1972-08-02,15321.58
1972-08-03,15378.02
1972-08-04,15339.47
1972-08-07,15032.37
1972-08-08,15147.34
1972-08-09,14936.16
1972-08-10,15165.44
1972-08-11,15366.49
1972-08-14,15371.6
1972-08-15,15139.8
1972-08-16,15240.21
1972-08-17,15030.93
1972-08-18,15095.49
1972-08-21,15058.62
1972-08-22,15093.88
1972-08-23,15136.96
1972-08-24,14794.11
1972-08-25,14887.37
1972-08-28,14944.66
1972-08-29,15080.36
1972-08-30,15089.48
1972-08-31,14921.98
1972-09-01,15171.38
1972-09-05,15137.65
1972-09-06,14825.18
1972-09-07,14571.19
1972-09-08,14332.74
1972-09-11,14079.14
1972-09-12,14188.45
1972-09-13,14156.15
1972-09-14,13848.34
1972-09-15,13901.04
1972-09-18,13809.35
1972-09-19,13577.97
1972-09-20,13532.86
1972-09-21,13701.25
1972-09-22,13782.14
1972-09-25,13713.92
1972-09-26,13822.58
1972-09-27,14047.77
1972-09-28,13979.78
1972-09-29,14198.22
1972-10-02,13796.16
1972-10-03,13616.22
1972-10-04,13601.96
1972-10-05,13589.32
1972-10-06,13510.58
1972-10-09,13623.52
1972-10-10,13477.22
1972-10-11,13559.82
1972-10-12,13358.59
1972-10-13,13463.79
1972-10-16,13388.04
1972-10-17,13587.93
1972-10-18,13744.02
1972-10-19,13551.06
1972-10-20,13639.03
1972-10-23,13874.42
1972-10-24,13971.69
1972-10-25,13923.81
1972-10-26,14128.13
1972-10-27,14087.27
1972-10-30,14312.19
1972-10-31,14174.87
1972-11-01,14486.81
1972-11-02,14813.69
1972-11-03,15007.72
1972-11-06,15105.89
1972-11-08,14869.9
1972-11-09,14922.75
1972-11-10,15204
1972-11-13,15219.77
1972-11-14,15451.29
1972-11-15,15314.17
1972-11-16,15564.39
1972-11-17,15551.03
1972-11-20,15671.89
1972-11-21,15492.23
1972-11-22,15576.37
1972-11-24,15604.46
1972-11-27,15583.82
1972-11-28,15333.66
1972-11-29,15552.76
1972-11-30,15345.5
1972-12-01,15342.84
1972-12-04,15435.05
1972-12-05,15198.45
1972-12-06,15594.73
1972-12-07,15664.67
1972-12-08,15595.38
1972-12-11,15684.5
1972-12-12,15736.53
1972-12-13,15728.24
1972-12-14,15662.5
1972-12-15,15820.22
1972-12-18,15657.9
1972-12-19,15457.14
1972-12-20,15472.45
1972-12-21,15336.88
1972-12-22,15483.78
1972-12-26,15491.64
1972-12-27,15541.71
1972-12-29,15678.85
1973-01-02,15822.56
1973-01-03,15835.94
1973-01-04,15902.61
1973-01-05,16122.97
1973-01-08,16074.81
1973-01-09,15866.23
1973-01-10,15796.76
1973-01-11,16163.98
1973-01-12,16154.77
1973-01-15,16111.67
1973-01-16,16127.68
1973-01-17,16275.1
1973-01-18,16432.05
1973-01-19,16546.88
1973-01-22,16509.4
1973-01-23,16726.91
1973-01-24,16613.94
1973-01-26,16515.93
1973-01-29,16274.04
1973-01-30,16358.99
1973-01-31,16386.81
1973-02-01,16310.86
1973-02-02,16250.86
1973-02-05,16488.76
1973-02-06,16837.91
1973-02-07,16864.33
1973-02-08,16928.91
1973-02-09,17177.07
1973-02-12,17580.82
1973-02-13,17863.54
1973-02-14,17761.31
1973-02-15,17506
1973-02-16,17720.52
1973-02-20,17794.95
1973-02-21,17831.85
1973-02-22,18013.13
1973-02-23,18148.46
1973-02-26,18175.08
1973-02-27,18020.53
1973-02-28,18065.84
1973-03-01,17918.38
1973-03-02,17999.83
1973-03-05,17814.75
1973-03-06,17755.99
1973-03-07,17956.52
1973-03-08,17860.81
1973-03-09,17951.64
1973-03-12,18020.61
1973-03-13,18086.19
1973-03-14,18346.06
1973-03-15,18093.77
1973-03-16,18133.78
1973-03-19,18042.94
1973-03-20,17806.88
1973-03-21,17619.32
1973-03-22,17773.71
1973-03-23,17996.53
1973-03-26,17964.57
1973-03-27,18315.48
1973-03-28,18605.95
1973-03-29,18697.9
1973-03-30,18465.98
1973-04-02,18394.78
1973-04-03,18196.01
1973-04-04,18072.06
1973-04-05,17867.85
1973-04-06,17779.42
1973-04-09,17831.67
1973-04-10,18156.19
1973-04-11,18142.12
1973-04-12,18293.97
1973-04-13,18117.55
1973-04-16,17889.82
1973-04-17,17868.14
1973-04-18,17986.05
1973-04-19,17921.92
1973-04-23,17979.2
1973-04-24,17781.97
1973-04-25,17180.54
1973-04-26,17542.7
1973-04-27,17364.86
1973-04-30,17199.8
1973-05-01,17142.12
1973-05-02,17289.15
1973-05-03,17699.43
1973-05-04,17839.51
1973-05-07,17866.46
1973-05-08,18016.14
1973-05-09,17723.96
1973-05-10,17550.07
1973-05-11,17462.83
1973-05-14,17118.92
1973-05-15,17289.69
1973-05-16,17330.09
1973-05-17,17023
1973-05-18,17270.73
1973-05-21,17203.49
1973-05-22,17414.75
1973-05-23,17584.88
1973-05-24,17817.6
1973-05-25,17793.06
1973-05-29,17735.36
1973-05-30,17518.42
1973-05-31,17495.05
1973-06-01,17484.05
1973-06-04,17533.78
1973-06-05,17691.53
1973-06-06,17480.52
1973-06-07,17656.49
1973-06-08,17829.1
1973-06-11,17750.86
1973-06-12,17945.29
1973-06-13,17662.1
1973-06-14,17489.91
1973-06-15,17246.01
1973-06-18,17104.84
1973-06-19,17465.97
1973-06-20,17681.29
1973-06-21,17579.76
1973-06-22,17435.09
1973-06-25,17181.98
1973-06-26,17288.99
1973-06-27,17482.76
1973-06-28,17690.45
1973-06-29,17735.36
1973-07-02,17644.38
1973-07-03,17261.76
1973-07-05,17329.51
1973-07-06,17407.33
1973-07-09,17775.83
1973-07-10,17587.95
1973-07-11,17586.84
1973-07-12,17329.23
1973-07-13,17399.98
1973-07-16,17488.61
1973-07-17,17518.22
1973-07-18,17519.11
1973-07-19,17774.17
1973-07-20,17845.9
1973-07-23,17635.72
1973-07-24,17620.03
1973-07-25,17692.51
1973-07-26,17816.8
1973-07-27,17693.91
1973-07-30,17974.28
1973-07-31,17744.9
1973-08-01,17772.16
1973-08-02,17708.89
1973-08-03,17425.87
1973-08-06,17461.85
1973-08-07,17511.81
1973-08-08,17271.74
1973-08-09,17547.52
1973-08-10,17223.02
1973-08-13,16632.19
1973-08-14,16554.65
1973-08-15,16654.64
1973-08-16,16560.3
1973-08-17,16527.42
1973-08-20,16343.79
1973-08-21,16199.85
1973-08-22,16064.97
1973-08-23,16212.92
1973-08-24,16399.76
1973-08-27,16616.97
1973-08-28,16721.83
1973-08-29,16774.52
1973-08-30,16788
1973-08-31,16778.48
1973-09-04,16596.1
1973-09-05,16915.77
1973-09-06,17119.54
1973-09-07,17203.28
1973-09-10,17156.66
1973-09-11,16804.1
1973-09-12,16686.06
1973-09-13,16640.62
1973-09-14,16992.56
1973-09-17,16946.07
1973-09-18,17058.93
1973-09-19,17084.98
1973-09-20,17129.27
1973-09-21,17079.58
1973-09-24,16824.24
1973-09-25,17009.09
1973-09-26,17177
1973-09-27,17123.31
1973-09-28,17085.76
1973-10-01,16909.03
1973-10-02,17050.16
1973-10-03,17092.16
1973-10-04,17183.53
1973-10-05,17322.9
1973-10-08,17311.78
1973-10-09,17448.61
1973-10-10,17371.64
1973-10-11,17730.43
1973-10-12,17927.04
1973-10-15,17649.81
1973-10-16,17530.57
1973-10-17,17456.95
1973-10-18,17556.62
1973-10-19,17532.22
1973-10-22,17661.39
1973-10-23,17794.61
1973-10-24,17743.76
1973-10-25,17864.69
1973-10-26,18105.22
1973-10-29,17683.31
1973-10-30,17343.31
1973-10-31,17409.92
1973-11-01,17130.9
1973-11-02,16815.99
1973-11-05,16424.47
1973-11-06,16661.65
1973-11-07,16835.52
1973-11-08,16822.88
1973-11-09,16480.63
1973-11-12,16585.77
1973-11-13,16745.73
1973-11-14,16508.87
1973-11-15,16400.32
1973-11-16,16529.82
1973-11-19,15884.93
1973-11-20,15646.82
1973-11-21,15723.87
1973-11-23,15183.01
1973-11-26,14822.55
1973-11-27,14754.96
1973-11-28,14764.7
1973-11-29,14650.05
1973-11-30,14554.84
1973-12-03,14353.72
1973-12-04,14131.8
1973-12-05,13883.65
1973-12-06,14081.92
1973-12-07,14282.21
1973-12-10,14112.75
1973-12-11,14117.32
1973-12-12,13661.69
1973-12-13,13595.35
1973-12-14,13718.45
1973-12-17,13972.73
1973-12-18,13890.51
1973-12-19,14136.01
1973-12-20,14104.98
1973-12-21,13743.56
1973-12-24,13553.9
1973-12-26,13471.94
1973-12-27,13521.64
1973-12-28,13636.72
1973-12-31,13889.29
1974-01-02,13805.75
1974-01-03,14009.47
1974-01-04,13878.76
1974-01-07,13551.07
1974-01-08,13483.04
1974-01-09,13595.3
1974-01-10,13776.71
1974-01-11,14092.46
1974-01-14,13728.86
1974-01-15,13915.76
1974-01-16,14190.56
1974-01-17,14477.25
1974-01-18,14496.64
1974-01-21,14034.42
1974-01-22,14079.2
1974-01-23,14160.79
1974-01-24,14019.79
1974-01-25,14151.03
1974-01-28,14181.82
1974-01-29,14396.77
1974-01-30,14434.76
1974-01-31,14514.16
1974-02-01,14169.28
1974-02-04,13957.21
1974-02-05,13833.78
1974-02-06,13812.22
1974-02-07,13924.21
1974-02-08,14198.66
1974-02-11,14237.8
1974-02-12,13953.29
1974-02-13,14110.17
1974-02-14,14119.83
1974-02-15,14259.17
1974-02-19,14683.58
1974-02-20,14895.98
1974-02-21,14840.65
1974-02-22,14857.78
1974-02-25,14869.07
1974-02-26,14795.75
1974-02-27,14854.28
1974-02-28,15096.11
1974-03-01,14735.01
1974-03-04,14542.11
1974-03-05,14591.23
1974-03-06,14832.17
1974-03-07,14788.41
1974-03-08,15076.44
1974-03-11,15220.1
1974-03-12,15407.14
1974-03-13,15018.1
1974-03-14,15033.09
1974-03-15,15037.69
1974-03-18,14843.07
1974-03-19,14842.92
1974-03-20,15007.72
1974-03-21,14955.51
1974-03-22,14997.05
1974-03-25,15308.48
1974-03-26,15077.59
1974-03-27,14987.03
1974-03-28,14765.02
1974-03-29,14693.24
1974-04-01,14523.72
1974-04-02,14334.5
1974-04-03,14336.48
1974-04-04,14500.53
1974-04-05,14440.67
1974-04-08,14459.01
1974-04-09,14499.56
1974-04-10,14374.22
1974-04-11,14465.46
1974-04-15,14658.83
1974-04-16,14996.84
1974-04-17,15318.93
1974-04-18,15372.82
1974-04-19,15256.8
1974-04-22,15032.86
1974-04-23,14838.47
1974-04-24,14747.28
1974-04-25,14596.05
1974-04-26,15014.43
1974-04-29,14840.14
1974-04-30,14928.57
1974-05-01,15037.76
1974-05-02,15158.83
1974-05-03,15108.05
1974-05-06,15117.07
1974-05-07,14654.96
1974-05-08,14406.23
1974-05-09,14350.1
1974-05-10,14461.11
1974-05-13,14320.58
1974-05-14,14362.02
1974-05-15,14029.3
1974-05-16,14033.06
1974-05-17,14190.08
1974-05-20,14138.57
1974-05-21,14218.4
1974-05-22,14350.76
1974-05-23,14380.47
1974-05-24,14559.22
1974-05-28,14252.43
1974-05-29,13903.17
1974-05-30,14050.7
1974-05-31,14132.23
1974-06-03,14323.79
1974-06-04,14392.27
1974-06-05,14548.52
1974-06-06,14632.37
1974-06-07,14339.1
1974-06-10,14563.49
1974-06-11,14324.9
1974-06-12,14349.56
1974-06-13,14537.6
1974-06-14,14674.2
1974-06-17,14658.64
1974-06-18,14598.15
1974-06-19,14516.69
1974-06-20,14266.73
1974-06-21,13895.44
1974-06-24,13987.78
1974-06-25,13959.01
1974-06-26,13688.9
1974-06-27,13667.43
1974-06-28,13402.88
1974-07-01,13443.85
1974-07-02,13317.27
1974-07-03,13025.16
1974-07-05,12909.31
1974-07-08,12710.53
1974-07-09,12792.28
1974-07-10,13035.36
1974-07-11,13084.06
1974-07-12,13377.02
1974-07-15,13296.41
1974-07-16,13387.89
1974-07-17,13463.68
1974-07-18,13215.84
1974-07-19,13101.55
1974-07-22,12948.07
1974-07-23,12780.72
1974-07-24,13024.97
1974-07-25,12904.26
1974-07-26,12908.3
1974-07-29,13159.39
1974-07-30,13077.7
1974-07-31,13014.07
1974-08-01,13001.3
1974-08-02,12727.43
1974-08-05,12681.64
1974-08-06,12903.39
1974-08-07,13226.29
1974-08-08,13139.71
1974-08-09,13263.28
1974-08-12,13174.37
1974-08-13,13148.3
1974-08-14,13060.42
1974-08-15,12905.09
1974-08-16,12978.99
1974-08-19,12847.64
1974-08-20,12803.22
1974-08-21,12604.4
1974-08-22,12382.28
1974-08-23,12098.91
1974-08-26,12046.4
1974-08-27,11594.2
1974-08-28,11569.91
1974-08-29,11518.81
1974-08-30,11649.64
1974-09-03,11565.33
1974-09-04,11642.05
1974-09-05,11624.23
1974-09-06,11586.81
1974-09-09,11680.34
1974-09-10,11429.44
1974-09-11,11492.49
1974-09-12,11233.99
1974-09-13,11134.62
1974-09-16,11303.2
1974-09-17,11474.82
1974-09-18,11443.77
1974-09-19,11743.73
1974-09-20,11744.29
1974-09-23,11687.1
1974-09-24,11470.96
1974-09-25,11479.01
1974-09-26,11281.19
1974-09-27,11006.34
1974-09-30,10967.33
1974-10-01,10897.03
1974-10-02,11173.06
1974-10-03,10991.54
1974-10-04,11026.13
1974-10-07,10983.88
1974-10-08,10783.22
1974-10-09,10939.75
1974-10-10,11079.08
1974-10-11,11168.79
1974-10-14,11291.68
1974-10-15,11237.01
1974-10-16,11079.96
1974-10-17,10973.5
1974-10-18,11171.47
1974-10-21,11293.56
1974-10-22,11314.93
1974-10-23,11167.63
1974-10-24,11314.77
1974-10-25,11410.47
1974-10-28,11250.09
1974-10-29,11258.1
1974-10-30,11222.71
1974-10-31,10947.06
1974-11-01,11061.38
1974-11-04,10952.32
1974-11-05,11087.78
1974-11-06,11157.47
1974-11-07,11140.91
1974-11-08,11277.99
1974-11-11,11272.55
1974-11-12,11025.8
1974-11-13,11083.57
1974-11-14,11104
1974-11-15,11092.96
1974-11-18,10962.31
1974-11-19,10854.7
1974-11-20,11016.9
1974-11-21,11134.19
1974-11-22,11331.08
1974-11-25,11299.34
1974-11-26,11383.61
1974-11-27,11401.81
1974-11-29,11293.29
1974-12-02,11047.88
1974-12-03,10953.88
1974-12-04,10853.23
1974-12-05,10735.74
1974-12-06,10690.9
1974-12-09,10577.38
1974-12-10,10621.27
1974-12-11,10815.3
1974-12-12,10981.44
1974-12-13,10914.95
1974-12-16,10923.59
1974-12-17,11114.81
1974-12-18,11163.59
1974-12-19,11225.35
1974-12-20,11105.24
1974-12-23,11102.1
1974-12-24,11029.79
1974-12-26,11093.59
1974-12-27,11103.99
1974-12-30,11093.43
1974-12-31,11170.19
1975-01-02,11371.33
1975-01-03,11614.4
1975-01-06,11671.06
1975-01-07,11563.65
1975-01-08,11724.56
1975-01-09,12053.55
1975-01-10,12488.82
1975-01-13,12632.75
1975-01-14,12393.53
1975-01-15,12346.64
1975-01-16,12370.03
1975-01-17,12772.79
1975-01-20,12645.5
1975-01-21,12599.03
1975-01-22,12783.47
1975-01-23,12830.17
1975-01-24,12860.87
1975-01-27,13135.7
1975-01-28,13166.81
1975-01-29,13036.49
1975-01-30,12846.29
1975-01-31,13044.03
1975-02-03,12984.41
1975-02-04,13117.33
1975-02-05,13327.15
1975-02-06,13197.83
1975-02-07,13007.73
1975-02-10,12791.94
1975-02-11,13080.71
1975-02-12,13315.5
1975-02-13,13410.66
1975-02-14,13684.71
1975-02-18,13851.99
1975-02-19,14366.81
1975-02-20,14701.72
1975-02-21,14870.56
1975-02-24,14487.75
1975-02-25,14162.11
1975-02-26,14229.13
1975-02-27,14518.77
1975-02-28,14620.29
1975-03-03,14687.11
1975-03-04,14727.65
1975-03-05,14917.86
1975-03-06,15223.55
1975-03-07,15594.28
1975-03-10,15701.9
1975-03-11,15813.77
1975-03-12,16024.93
1975-03-13,15950.3
1975-03-14,16075.72
1975-03-17,16191.61
1975-03-18,16177.16
1975-03-19,16118.62
1975-03-20,15643.42
1975-03-21,15463.96
1975-03-24,14699.71
1975-03-25,14611.93
1975-03-26,14816.34
1975-03-27,14668.43
1975-03-31,14448.21
1975-04-01,14186.89
1975-04-02,14071.89
1975-04-03,14006.01
1975-04-04,13666.67
1975-04-07,13365.87
1975-04-08,13389.99
1975-04-09,13698.1
1975-04-10,13710.4
1975-04-11,13729.02
1975-04-14,13925.24
1975-04-15,14095.19
1975-04-16,13997.85
1975-04-17,14399.47
1975-04-18,14288.11
1975-04-21,14241.42
1975-04-22,14677.03
1975-04-23,14622.71
1975-04-24,15105.73
1975-04-25,15265.78
1975-04-28,15088.62
1975-04-29,14751.94
1975-04-30,14992.96
1975-05-01,14727.26
1975-05-02,14867.69
1975-05-05,14883.82
1975-05-06,14546.95
1975-05-07,14812.16
1975-05-08,14830.44
1975-05-09,15213.17
1975-05-12,15242.2
1975-05-13,15179.9
1975-05-14,15221.92
1975-05-15,14707.29
1975-05-16,14414.32
1975-05-19,14538.58
1975-05-20,14988.54
1975-05-21,14930.73
1975-05-22,15107.93
1975-05-23,15088.88
1975-05-27,14649.43
1975-05-28,14699.98
1975-05-29,14875.31
1975-05-30,14950.66
1975-06-02,14943.28
1975-06-03,14990.48
1975-06-04,14708.43
1975-06-05,14589.67
1975-06-06,14675.19
1975-06-09,13988.33
1975-06-10,14044.54
1975-06-11,13945.07
1975-06-12,13592.99
1975-06-13,14022.88
1975-06-16,14086.74
1975-06-17,14042.02
1975-06-18,13988.15
1975-06-19,14111.73
1975-06-20,13959.86
1975-06-23,14011.64
1975-06-24,14398.3
1975-06-25,14542
1975-06-26,14623.26
1975-06-27,14513.41
1975-06-30,14471.07
1975-07-01,14356.42
1975-07-02,14184.03
1975-07-03,14415.18
1975-07-07,14087.04
1975-07-08,14162.63
1975-07-09,14661.26
1975-07-10,14614.26
1975-07-11,14763.3
1975-07-14,14845.46
1975-07-15,15164.24
1975-07-16,15088.64
1975-07-17,14750.04
1975-07-18,14907.39
1975-07-21,14628.33
1975-07-22,14475.95
1975-07-23,14279.27
1975-07-24,14014.22
1975-07-25,14144.38
1975-07-28,14190.26
1975-07-29,14110.89
1975-07-30,14367.92
1975-07-31,13917.62
1975-08-01,13834.41
1975-08-04,13844.53
1975-08-05,13903.45
1975-08-06,13857.72
1975-08-07,13994.82
1975-08-08,13792.12
1975-08-11,14051.77
1975-08-12,14183.32
1975-08-13,14016.25
1975-08-14,13496.93
1975-08-15,13581.11
1975-08-18,13594.25
1975-08-19,13355.24
1975-08-20,13116.82
1975-08-21,12965.55
1975-08-22,13192.89
1975-08-25,13423.55
1975-08-26,13376.61
1975-08-27,13607.4
1975-08-28,13855.01
1975-08-29,13833.42
1975-09-02,13615.72
1975-09-03,13415.19
1975-09-04,13220.92
1975-09-05,13367.18
1975-09-08,13305.16
1975-09-09,13035.77
1975-09-10,13162.85
1975-09-11,12955.53
1975-09-12,13300.52
1975-09-15,13459.2
1975-09-16,13592.47
1975-09-17,13566.3
1975-09-18,13864.97
1975-09-19,13935.49
1975-09-22,13746.27
1975-09-23,13671.22
1975-09-24,13606.54
1975-09-25,13579.25
1975-09-26,13720.6
1975-09-29,13518.69
1975-09-30,13138.27
1975-10-01,12933.38
1975-10-02,13142.81
1975-10-03,13371.67
1975-10-06,13337.46
1975-10-07,13452.99
1975-10-08,13617.36
1975-10-09,13611.78
1975-10-10,13623.3
1975-10-13,14086.57
1975-10-14,13898.61
1975-10-15,13614.83
1975-10-16,13464.03
1975-10-17,13552.51
1975-10-20,13716.19
1975-10-21,13880.48
1975-10-22,13850.68
1975-10-23,13916.96
1975-10-24,13650.11
1975-10-27,13386.5
1975-10-28,13776.47
1975-10-29,13893.15
1975-10-30,13879.72
1975-10-31,14055.3
1975-11-03,14060.16
1975-11-04,13967.94
1975-11-05,14130.85
1975-11-06,14191.6
1975-11-07,14290.49
1975-11-10,14593.24
1975-11-11,14727.88
1975-11-12,14802.08
1975-11-13,14569.56
1975-11-14,14797.83
1975-11-17,14463.3
1975-11-18,14379.24
1975-11-19,13997.12
1975-11-20,14077.99
1975-11-21,13930.87
1975-11-24,13984.39
1975-11-25,14487.27
1975-11-26,14511.27
1975-11-28,14397.37
1975-12-01,14415.32
1975-12-02,14367.35
1975-12-03,13943.82
1975-12-04,13973.81
1975-12-05,13459.7
1975-12-08,13311.17
1975-12-09,13529.56
1975-12-10,13762.46
1975-12-11,13734.91
1975-12-12,13964.63
1975-12-15,14239.59
1975-12-16,14219.39
1975-12-17,14483.68
1975-12-18,14643.53
1975-12-19,14553.5
1975-12-22,14436.45
1975-12-23,14600.06
1975-12-24,14654.13
1975-12-26,14644.66
1975-12-29,14455.64
1975-12-30,14498.74
1975-12-31,14629.58
1976-01-02,14597.56
1976-01-05,14790.33
1976-01-06,15082.5
1976-01-07,15153.63
1976-01-08,15092.93
1976-01-09,15215.81
1976-01-12,15506.7
1976-01-13,15412.61
1976-01-14,15588.44
1976-01-15,15354.83
1976-01-16,15314.73
1976-01-19,15394.46
1976-01-20,15504.67
1976-01-21,15323.11
1976-01-22,15340.89
1976-01-23,15752.77
1976-01-26,15692.91
1976-01-27,15469.9
1976-01-28,15406.43
1976-01-29,15414.7
1976-01-30,15426.75
1976-02-02,15175.01
1976-02-03,15164.03
1976-02-04,15098.29
1976-02-05,14915.64
1976-02-06,14907.62
1976-02-09,14957.57
1976-02-10,15021.48
1976-02-11,15041.63
1976-02-12,15017.44
1976-02-13,15107.65
1976-02-17,15168.65
1976-02-18,15283.74
1976-02-19,15499.02
1976-02-20,15432.58
1976-02-23,15259.28
1976-02-24,15457.32
1976-02-25,15525.18
1976-02-26,15351.28
1976-02-27,15385.48
1976-03-01,15281.59
1976-03-02,15350.57
1976-03-03,15169.94
1976-03-04,15049.37
1976-03-05,15022.45
1976-03-08,15140.71
1976-03-09,15101.17
1976-03-10,15061.34
1976-03-11,15211.58
1976-03-12,15218.35
1976-03-15,15095.62
1976-03-16,15205.33
1976-03-17,15039.14
1976-03-18,15085.42
1976-03-19,15132.27
1976-03-22,15257.28
1976-03-23,15388.43
1976-03-24,15399.85
1976-03-25,15243.97
1976-03-26,15109.14
1976-03-29,15060.37
1976-03-30,14836.87
1976-03-31,15087.62
1976-04-01,15203.91
1976-04-02,15205.61
1976-04-05,15395.85
1976-04-06,15374.39
1976-04-07,15360.52
1976-04-08,15231.01
1976-04-09,15261.58
1976-04-12,15129.39
1976-04-13,15147.36
1976-04-14,14934.94
1976-04-15,14927.15
1976-04-19,14990.96
1976-04-20,15275.46
1976-04-21,15258.64
1976-04-22,15141.83
1976-04-23,15261
1976-04-26,15125.16
1976-04-27,15044.92
1976-04-28,15140.79
1976-04-29,15021
1976-04-30,15059.29
1976-05-03,15037.72
1976-05-04,15208.48
1976-05-05,15051.66
1976-05-06,14950.89
1976-05-07,14987.31
1976-05-10,15103.09
1976-05-11,15016.27
1976-05-12,15101.68
1976-05-13,15099.37
1976-05-14,14993.02
1976-05-17,14780.55
1976-05-18,14712.3
1976-05-19,14630.27
1976-05-20,14775.82
1976-05-21,14916.6
1976-05-24,14783.75
1976-05-25,14733.22
1976-05-26,14510.25
1976-05-27,14595.76
1976-05-28,14691.64
1976-06-01,14450.69
1976-06-02,14460.97
1976-06-03,14438.68
1976-06-04,14268.98
1976-06-07,14148.95
1976-06-08,14265.12
1976-06-09,14177.12
1976-06-10,14272.94
1976-06-11,14384.7
1976-06-14,14457.44
1976-06-15,14475.47
1976-06-16,14699.52
1976-06-17,14732.93
1976-06-18,14901.84
1976-06-21,14892.85
1976-06-22,14876.91
1976-06-23,14712.82
1976-06-24,14660.78
1976-06-25,14781.08
1976-06-28,14803.63
1976-06-29,14858.47
1976-06-30,14862.92
1976-07-01,14662.52
1976-07-02,14681.03
1976-07-06,14635.93
1976-07-07,14732.51
1976-07-08,14633.85
1976-07-09,14778.08
1976-07-12,14780.83
1976-07-13,14900.66
1976-07-14,15032.08
1976-07-15,15130.8
1976-07-16,15201.59
1976-07-19,15093.07
1976-07-20,14898.19
1976-07-21,14965.11
1976-07-22,14851.28
1976-07-23,14898.88
1976-07-26,14749.91
1976-07-27,14688.19
1976-07-28,14753.47
1976-07-29,14611.89
1976-07-30,14647.98
1976-08-02,14697.71
1976-08-03,14742.54
1976-08-04,14755.1
1976-08-05,14640.32
1976-08-06,14524.74
1976-08-09,14514.79
1976-08-10,14607.84
1976-08-11,14653.55
1976-08-12,14664.85
1976-08-13,14635.52
1976-08-16,14735.23
1976-08-17,14709.13
1976-08-18,14846.34
1976-08-19,14688.96
1976-08-20,14341.82
1976-08-23,14256.61
1976-08-24,14343.8
1976-08-25,14384.5
1976-08-26,14387.05
1976-08-27,14446.07
1976-08-30,14490.35
1976-08-31,14595.7
1976-09-01,14718.78
1976-09-02,14608.29
1976-09-03,14544.26
1976-09-07,14603.19
1976-09-08,14634.7
1976-09-09,14614.98
1976-09-10,14526.5
1976-09-13,14597.09
1976-09-14,14573.25
1976-09-15,14705.27
1976-09-16,14613.43
1976-09-17,14640.05
1976-09-20,14696.54
1976-09-21,14751.88
1976-09-22,14776.53
1976-09-23,14678.73
1976-09-24,14606.77
1976-09-27,14687.24
1976-09-28,14645.77
1976-09-29,14357.38
1976-09-30,14355.82
1976-10-01,14307.1
1976-10-04,14281.79
1976-10-05,14188.51
1976-10-06,14172.05
1976-10-07,14291.12
1976-10-08,14020.45
1976-10-11,13922.91
1976-10-12,13925.3
1976-10-13,13925.85
1976-10-14,13913.81
1976-10-15,13856.86
1976-10-18,13857.75
1976-10-19,13810.4
1976-10-20,13850.61
1976-10-21,13621.47
1976-10-22,13580.15
1976-10-25,13472.96
1976-10-26,13470.23
1976-10-27,13562.69
1976-10-28,13495.01
1976-10-29,13494.23
1976-11-01,13519.78
1976-11-03,13391.3
1976-11-04,13427
1976-11-05,13333.29
1976-11-08,13190.06
1976-11-09,13169.84
1976-11-10,13093.2
1976-11-11,13094.97
1976-11-12,13068.88
1976-11-15,13129.44
1976-11-16,13182.45
1976-11-17,13283.07
1976-11-18,13346.51
1976-11-19,13383.43
1976-11-22,13464.32
1976-11-23,13414.02
1976-11-24,13329.91
1976-11-26,13469.46
1976-11-29,13383.05
1976-11-30,13456.99
1976-12-01,13384.96
1976-12-02,13477.87
1976-12-03,13415.12
1976-12-06,13854.19
1976-12-07,14086.96
1976-12-08,14338.51
1976-12-09,14426.98
1976-12-10,14556.03
1976-12-13,14686.3
1976-12-14,14694.73
1976-12-15,14571.75
1976-12-16,14609.33
1976-12-17,14627.39
1976-12-20,14573.83
1976-12-21,14709.55
1976-12-22,14740.57
1976-12-23,14765.7
1976-12-27,14832.02
1976-12-28,15086.11
1976-12-29,15047.64
1976-12-30,14990.74
1976-12-31,14966.45
1977-01-03,15038.32
1977-01-04,14818.17
1977-01-05,14642.89
1977-01-06,14570.56
1977-01-07,14656.12
1977-01-10,14793.49
1977-01-11,14672.24
1977-01-12,14631.24
1977-01-13,14728.99
1977-01-14,14789.79
1977-01-17,14713.94
1977-01-18,14639.19
1977-01-19,14626.6
1977-01-20,14655.07
1977-01-21,14928.22
1977-01-24,14723.22
1977-01-25,14943.13
1977-01-26,14804.99
1977-01-27,14830.76
1977-01-28,14907.55
1977-01-31,14824.38
1977-02-01,15090.87
1977-02-02,15017.7
1977-02-03,15029.48
1977-02-04,15132.75
1977-02-07,15036.45
1977-02-08,15145.67
1977-02-09,15017.77
1977-02-10,14875.54
1977-02-11,14722.7
1977-02-14,14950.08
1977-02-15,15003.94
1977-02-16,15178.84
1977-02-17,15125.93
1977-02-18,15160.03
1977-02-22,15299.49
1977-02-23,15267.51
1977-02-24,15192.59
1977-02-25,15325.23
1977-02-28,15120.41
1977-03-01,15312.47
1977-03-02,15267.14
1977-03-03,15488.14
1977-03-04,15595.38
1977-03-07,15515.04
1977-03-08,15282.28
1977-03-09,15078.41
1977-03-10,15131.56
1977-03-11,15172.39
1977-03-14,15203.49
1977-03-15,15232.51
1977-03-16,15063.07
1977-03-17,15050.44
1977-03-18,14992.34
1977-03-21,14804.24
1977-03-22,14885.51
1977-03-23,15007.11
1977-03-24,15026.83
1977-03-25,15054.43
1977-03-28,15197.81
1977-03-29,15416.32
1977-03-30,15205.23
1977-03-31,15147.93
1977-04-01,15245.95
1977-04-04,15040.37
1977-04-05,14916.69
1977-04-06,15099.66
1977-04-07,15426.61
1977-04-11,15541.32
1977-04-12,15573.1
1977-04-13,15617.4
1977-04-14,15679.67
1977-04-15,15664.55
1977-04-18,15637.01
1977-04-19,15584.15
1977-04-20,15642.9
1977-04-21,15724.44
1977-04-22,15685.95
1977-04-25,15336.06
1977-04-26,15307.14
1977-04-27,15384.65
1977-04-28,15414.56
1977-04-29,15489.82
1977-05-02,15526.55
1977-05-03,15732.37
1977-05-04,15893.43
1977-05-05,15890.77
1977-05-06,15601.1
1977-05-09,15767.71
1977-05-10,15897.89
1977-05-11,15830.33
1977-05-12,15668.15
1977-05-13,15596.18
1977-05-16,15493.66
1977-05-17,15479.46
1977-05-18,15745.72
1977-05-19,15651.8
1977-05-20,15614.17
1977-05-23,15490.07
1977-05-24,15452.54
1977-05-25,15441.39
1977-05-26,15584.93
1977-05-27,15415.57
1977-05-31,15398.63
1977-06-01,15434.4
1977-06-02,15305.66
1977-06-03,15410.36
1977-06-06,15401.37
1977-06-07,15468.8
1977-06-08,15753.46
1977-06-09,15698.45
1977-06-10,15817.32
1977-06-13,15973.19
1977-06-14,15948.77
1977-06-15,15854.71
1977-06-16,15877.88
1977-06-17,15695.36
1977-06-20,15888.99
1977-06-21,15842.13
1977-06-22,15897.93
1977-06-23,16172.34
1977-06-24,16061.1
1977-06-27,15753.84
1977-06-28,15707.67
1977-06-29,15694.79
1977-06-30,15756.42
1977-07-01,15530.07
1977-07-05,15395.52
1977-07-06,15479.36
1977-07-07,15558.18
1977-07-08,15635.68
1977-07-11,15573.59
1977-07-12,15557.78
1977-07-13,15532.57
1977-07-15,15460.94
1977-07-18,15500.05
1977-07-19,15600.15
1977-07-20,15631.08
1977-07-21,15838.83
1977-07-22,15913.89
1977-07-25,15855.82
1977-07-26,15682
1977-07-27,15422.52
1977-07-28,15694.92
1977-07-29,15532.57
1977-08-01,15765.24
1977-08-02,15766.66
1977-08-03,15775.49
1977-08-04,15732.56
1977-08-05,15662.76
1977-08-08,15325.09
1977-08-09,15483.74
1977-08-10,15715.68
1977-08-11,15624.05
1977-08-12,15666.26
1977-08-15,15809.61
1977-08-16,15675.86
1977-08-17,15691.68
1977-08-18,15970.86
1977-08-19,15999.61
1977-08-22,15997.9
1977-08-23,16008.09
1977-08-24,16014.59
1977-08-25,15814.03
1977-08-26,15779.01
1977-08-29,15829.28
1977-08-30,15891.37
1977-08-31,16085.87
1977-09-01,15992.28
1977-09-02,16008.76
1977-09-06,16151.19
1977-09-07,16240.88
1977-09-08,16202.46
1977-09-09,16161.91
1977-09-12,16098.76
1977-09-13,15772.53
1977-09-14,16059.14
1977-09-15,16172.04
1977-09-16,16194.72
1977-09-19,16029.92
1977-09-20,16224.6
1977-09-21,16295.84
1977-09-22,16488.99
1977-09-23,16604.44
1977-09-26,16714.6
1977-09-27,16637.02
1977-09-28,16539.04
1977-09-29,16394.28
1977-09-30,16549.39
1977-10-03,16604.13
1977-10-04,16504.78
1977-10-05,16548.23
1977-10-06,16779.01
1977-10-07,16730.78
1977-10-10,16611.35
1977-10-11,16445.68
1977-10-12,16570.98
1977-10-13,16658.05
1977-10-14,16836.3
1977-10-17,16741.65
1977-10-18,16884.49
1977-10-19,16928.12
1977-10-20,16945.33
1977-10-21,16832.22
1977-10-24,16728.52
1977-10-25,16791.89
1977-10-26,16904
1977-10-27,16667.64
1977-10-28,16644.79
1977-10-31,16794.39
1977-11-01,16728.32
1977-11-02,16728.6
1977-11-03,16673.54
1977-11-04,16707.22
1977-11-07,16698.67
1977-11-08,16856.56
1977-11-09,16990.99
1977-11-10,17118.68
1977-11-11,17199.54
1977-11-14,17160.5
1977-11-15,17278.91
1977-11-16,17216.9
1977-11-17,17097.4
1977-11-18,17190.33
1977-11-21,17126.99
1977-11-22,17283.16
1977-11-23,17224.08
1977-11-25,17245.06
1977-11-28,17117.87
1977-11-29,16713.75
1977-11-30,16740.1
1977-12-01,16846.53
1977-12-02,16948.63
1977-12-05,16928.99
1977-12-06,16940.16
1977-12-07,17010.61
1977-12-08,17028.87
1977-12-09,17118.22
1977-12-12,17248.5
1977-12-13,17262.81
1977-12-14,17308.58
1977-12-15,17246.4
1977-12-16,17227.05
1977-12-19,17147.79
1977-12-20,17133.4
1977-12-21,17115.26
1977-12-22,17194.74
1977-12-23,17371.57
1977-12-27,17340.84
1977-12-28,17438.4
1977-12-29,17410.08
1977-12-30,17376.15
1978-01-03,17306.2
1978-01-04,17321.22
1978-01-05,17294.91
1978-01-06,17274.65
1978-01-09,17213.99
1978-01-10,17159.17
1978-01-11,17079.54
1978-01-12,17209.7
1978-01-13,17238.96
1978-01-16,17262.57
1978-01-17,17371.63
1978-01-18,17372.53
1978-01-19,17389.18
1978-01-20,17434.96
1978-01-23,17302.69
1978-01-24,17280.35
1978-01-25,17308.59
1978-01-26,17281.09
1978-01-27,17340.33
1978-01-30,17433.02
1978-01-31,17484.45
1978-02-01,17454.86
1978-02-02,17430.24
1978-02-03,17480.51
1978-02-06,17559.74
1978-02-07,17561.85
1978-02-08,17613.84
1978-02-09,17629.53
1978-02-10,17597.28
1978-02-13,17615.43
1978-02-14,17634.32
1978-02-15,17647.23
1978-02-16,17465.2
1978-02-17,17453.94
1978-02-21,17446.27
1978-02-22,17437.12
1978-02-23,17435.83
1978-02-24,17575.48
1978-02-27,17684
1978-02-28,17651.65
1978-03-01,17820.41
1978-03-02,17698.64
1978-03-03,17855.34
1978-03-06,17916.47
1978-03-07,18044.89
1978-03-08,18020.42
1978-03-09,18234.95
1978-03-10,18401.51
1978-03-13,18417.48
1978-03-14,18343.13
1978-03-15,18255.13
1978-03-16,18309.06
1978-03-17,18430.32
1978-03-20,18563.16
1978-03-21,18527.77
1978-03-22,18598.58
1978-03-23,18673.79
1978-03-27,18775.82
1978-03-28,18841.57
1978-03-29,18893.33
1978-03-30,18829.92
1978-03-31,18868.16
1978-04-03,18742.76
1978-04-04,18746.39
1978-04-05,18684.21
1978-04-06,18569.76
1978-04-07,18560.62
1978-04-10,18553.18
1978-04-11,18544.1
1978-04-12,18385.86
1978-04-13,18442.9
1978-04-14,18655.24
1978-04-17,18614.75
1978-04-18,18695.18
1978-04-19,18526.49
1978-04-20,18652.24
1978-04-21,18580.74
1978-04-24,18694.62
1978-04-25,18779.56
1978-04-26,18780.69
1978-04-27,18711.16
1978-04-28,18739.04
1978-05-01,18923.68
1978-05-02,18842
1978-05-03,18785.69
1978-05-04,18803.16
1978-05-05,18923.11
1978-05-08,18867.78
1978-05-09,18869.4
1978-05-10,19000.76
1978-05-11,19125.06
1978-05-12,19300.6
1978-05-15,19248.14
1978-05-16,19136.85
1978-05-17,19233.5
1978-05-18,19158.16
1978-05-19,19220.08
1978-05-22,19225.92
1978-05-23,19134.45
1978-05-24,19230.67
1978-05-25,19086.78
1978-05-26,19163.14
1978-05-30,19217.26
1978-05-31,19171.45
1978-06-01,19361.72
1978-06-02,19352.97
1978-06-05,19531.42
1978-06-06,19612.65
1978-06-07,19443.21
1978-06-08,19429.48
1978-06-09,19631.84
1978-06-12,19603.89
1978-06-13,19764.97
1978-06-14,19718.7
1978-06-15,19811.33
1978-06-16,19796.53
1978-06-19,19817.79
1978-06-20,19687.67
1978-06-21,19644.71
1978-06-22,19730.9
1978-06-23,19667.19
1978-06-26,19635.27
1978-06-27,19799.71
1978-06-28,19872.57
1978-06-29,19944.75
1978-06-30,19935
1978-07-03,20080.41
1978-07-05,19914.79
1978-07-06,20036.43
1978-07-07,20258.82
1978-07-10,20298.67
1978-07-11,20352.51
1978-07-12,20516.26
1978-07-13,20498.49
1978-07-14,20626.13
1978-07-17,20695.87
1978-07-18,20592.11
1978-07-19,20910.78
1978-07-20,20835.01
1978-07-21,20756.32
1978-07-24,20863.57
1978-07-25,21017.59
1978-07-26,21053.66
1978-07-27,21349.4
1978-07-28,21480.52
1978-07-31,21632.14
1978-08-01,21584.63
1978-08-02,21966.23
1978-08-03,22030.61
1978-08-04,21942.88
1978-08-07,22067
1978-08-08,22141.66
1978-08-09,22176.1
1978-08-10,22002.63
1978-08-11,21896.54
1978-08-14,21942.22
1978-08-15,21954.42
1978-08-16,22229.59
1978-08-17,22343.38
1978-08-18,22326.28
1978-08-21,22156.33
1978-08-22,21963.16
1978-08-23,21947.46
1978-08-24,21909.87
1978-08-25,21958.07
1978-08-28,22009.66
1978-08-29,22005.34
1978-08-30,21928.93
1978-08-31,22062.42
1978-09-01,22272.48
1978-09-05,22385.55
1978-09-06,22583.64
1978-09-07,22802.53
1978-09-08,23007.47
1978-09-11,23060.38
1978-09-12,22968.33
1978-09-13,22948.7
1978-09-14,22858.43
1978-09-15,22632.58
1978-09-18,22609.24
1978-09-19,22652.3
1978-09-20,22599.88
1978-09-21,22503.05
1978-09-22,22414.41
1978-09-25,22407.83
1978-09-26,22446.17
1978-09-27,22353.14
1978-09-28,22670.6
1978-09-29,22698.22
1978-10-02,22727.35
1978-10-03,22865.11
1978-10-04,22964.66
1978-10-05,23048.85
1978-10-06,23436.52
1978-10-09,23542.79
1978-10-10,23714.77
1978-10-11,23885.07
1978-10-12,23887.9
1978-10-13,23948.23
1978-10-16,23795.7
1978-10-17,23864
1978-10-18,24037.23
1978-10-19,24084.73
1978-10-20,23853.61
1978-10-23,23996.33
1978-10-24,23775.9
1978-10-25,23606.38
1978-10-26,23612.75
1978-10-27,23810.73
1978-10-30,23802.72
1978-10-31,23789.72
1978-11-01,23774.44
1978-11-02,23948.66
1978-11-03,24299.6
1978-11-06,23900.95
1978-11-07,23635.38
1978-11-08,23805
1978-11-09,23850.29
1978-11-10,23713.9
1978-11-13,23603.04
1978-11-14,23254.27
1978-11-15,23112.01
1978-11-16,22917.2
1978-11-17,22768.48
1978-11-20,22774.95
1978-11-21,22343.99
1978-11-22,22497.61
1978-11-24,22454.97
1978-11-27,22259.05
1978-11-28,21900.87
1978-11-29,21586.71
1978-11-30,21789.5
1978-12-01,22055.48
1978-12-04,22099.84
1978-12-05,22465.83
1978-12-06,22740.48
1978-12-07,22928.69
1978-12-08,22885
1978-12-11,22922.87
1978-12-12,23032.58
1978-12-13,22984.24
1978-12-14,23009.3
1978-12-15,23156.19
1978-12-18,22662.91
1978-12-19,22645
1978-12-20,22559.69
1978-12-21,22461.61
1978-12-22,22629.99
1978-12-26,23092.14
1978-12-27,22880.06
1978-12-28,23021.71
1978-12-29,22829.16
1979-01-02,22842.02
1979-01-03,22873.71
1979-01-04,22834.89
1979-01-05,22772.76
1979-01-08,23152.23
1979-01-09,23250.37
1979-01-10,23383.74
1979-01-11,23326.12
1979-01-12,23573.82
1979-01-15,23613.84
1979-01-16,23309.13
1979-01-17,23577.28
1979-01-18,23451.14
1979-01-19,23439.08
1979-01-22,23456.1
1979-01-23,23430.04
1979-01-24,23146.47
1979-01-25,23713.29
1979-01-26,23676.05
1979-01-29,23651.46
1979-01-30,23290.15
1979-01-31,22993.11
1979-02-01,23072.02
1979-02-02,22885.47
1979-02-05,22735.87
1979-02-06,22886.86
1979-02-07,23071.55
1979-02-08,22939.19
1979-02-09,22999.29
1979-02-12,23084.76
1979-02-13,23370.27
1979-02-14,23679.83
1979-02-15,23681.98
1979-02-16,23719.27
1979-02-20,23791.17
1979-02-21,23474.33
1979-02-22,23490.27
1979-02-23,22796.72
1979-02-26,22935.74
1979-02-27,22927.07
1979-02-28,22937.74
1979-03-01,23106.72
1979-03-02,23133.43
1979-03-05,23385.9
1979-03-06,23255.18
1979-03-07,23336.77
1979-03-08,23795.72
1979-03-09,24047.56
1979-03-12,23648
1979-03-13,23746.24
1979-03-14,23740.52
1979-03-15,23733.79
1979-03-16,23839.34
1979-03-19,23606.69
1979-03-20,23447.25
1979-03-21,23326.38
1979-03-22,23448.86
1979-03-23,23475.02
1979-03-26,23325.48
1979-03-27,23800.9
1979-03-28,23687.63
1979-03-29,23787.4
1979-03-30,23569.38
1979-04-02,23712.68
1979-04-03,23900.58
1979-04-04,24270.32
1979-04-05,24438.3
1979-04-06,24400.51
1979-04-09,24349.2
1979-04-10,24641.63
1979-04-11,24316.02
1979-04-12,24230.9
1979-04-16,23836.9
1979-04-17,23517.39
1979-04-18,23525.89
1979-04-19,23417.39
1979-04-20,23309.62
1979-04-23,23279.48
1979-04-24,23661.57
1979-04-25,23444.19
1979-04-26,23543.72
1979-04-27,23516.02
1979-04-30,23520.96
1979-05-01,23302.89
1979-05-02,23700.52
1979-05-03,23705.09
1979-05-04,23879.11
1979-05-07,23618.52
1979-05-08,23782.18
1979-05-09,23599.07
1979-05-10,23262.47
1979-05-11,23646.34
1979-05-14,23349.94
1979-05-15,23428.32
1979-05-16,23522.2
1979-05-17,23542.33
1979-05-18,23772.61
1979-05-21,23658.92
1979-05-22,23673.34
1979-05-23,23489.37
1979-05-24,23489.74
1979-05-25,23287.97
1979-05-29,23553.29
1979-05-30,23274.13
1979-05-31,23181.3
1979-06-01,23172.3
1979-06-04,23194.09
1979-06-05,23590.44
1979-06-06,23832.26
1979-06-07,24078.34
1979-06-08,23880.96
1979-06-11,23515
1979-06-12,23702.92
1979-06-13,23895.51
1979-06-14,24001.3
1979-06-15,23878.46
1979-06-18,24027.39
1979-06-19,24069.01
1979-06-20,23966.95
1979-06-21,24123.17
1979-06-22,24331.69
1979-06-25,23841.71
1979-06-26,23555.81
1979-06-27,23617.95
1979-06-28,23703.12
1979-06-29,23655.37
1979-07-02,23434.6
1979-07-03,23718.81
1979-07-05,24015.03
1979-07-06,24252.37
1979-07-09,24173.66
1979-07-10,24359.75
1979-07-11,24047.63
1979-07-12,24009.95
1979-07-13,23940.89
1979-07-16,23977.15
1979-07-17,23829.06
1979-07-18,23468.3
1979-07-19,23685.17
1979-07-20,23781.25
1979-07-23,23898.28
1979-07-24,23973.46
1979-07-25,23898.75
1979-07-26,23695.32
1979-07-27,23761.53
1979-07-30,23762
1979-07-31,23772.43
1979-08-01,23993.35
1979-08-02,23967.26
1979-08-03,23975.1
1979-08-06,23876.81
1979-08-07,24233.09
1979-08-08,24465.33
1979-08-09,24282.41
1979-08-10,24438
1979-08-13,24717.38
1979-08-14,24684.05
1979-08-15,24913.61
1979-08-16,24507.04
1979-08-17,24561.79
1979-08-20,24571.11
1979-08-21,24278.88
1979-08-22,24364.38
1979-08-23,24363.69
1979-08-24,24350.43
1979-08-27,24580.99
1979-08-28,24349.88
1979-08-29,24574.44
1979-08-30,24588.17
1979-08-31,24528.58
1979-09-04,24301.28
1979-09-05,24014.62
1979-09-06,24269.36
1979-09-07,24362.62
1979-09-10,24425.02
1979-09-11,24235.61
1979-09-12,24501.62
1979-09-13,24568.37
1979-09-14,24830.43
1979-09-17,24766.75
1979-09-18,24691.95
1979-09-19,24532.54
1979-09-20,24603.73
1979-09-21,24904.22
1979-09-24,24793.88
1979-09-25,25031.28
1979-09-26,25449.67
1979-09-27,25467.27
1979-09-28,25694.6
1979-10-01,25381.83
1979-10-02,25543.35
1979-10-03,25348.45
1979-10-04,25310.44
1979-10-05,25252.85
1979-10-08,25527.13
1979-10-09,25425.14
1979-10-10,25396.68
1979-10-11,25532.32
1979-10-12,24839.31
1979-10-15,24524.88
1979-10-16,24322.85
1979-10-17,23939.77
1979-10-18,23579.26
1979-10-19,23532.35
1979-10-22,23262.33
1979-10-23,23309.93
1979-10-24,23163.93
1979-10-25,22991.83
1979-10-26,23363.33
1979-10-29,23421.99
1979-10-30,23592.48
1979-10-31,23553.24
1979-11-01,23840.92
1979-11-02,23921.91
1979-11-05,23577.24
1979-11-06,23397.06
1979-11-07,23256.39
1979-11-08,23224.33
1979-11-09,23319.38
1979-11-12,23182.52
1979-11-13,23394.53
1979-11-14,23154.93
1979-11-15,23482.66
1979-11-16,23704.09
1979-11-19,23698.86
1979-11-20,23666.71
1979-11-21,23680.34
1979-11-23,23611.73
1979-11-26,23877.35
1979-11-27,23877.58
1979-11-28,24130.41
1979-11-29,24098.73
1979-11-30,24056.15
1979-12-03,24094.89
1979-12-04,24565.19
1979-12-05,24485.66
1979-12-06,24771.22
1979-12-07,24663.34
1979-12-10,24621.9
1979-12-11,24624.85
1979-12-12,24745.51
1979-12-13,24446.45
1979-12-14,24801.7
1979-12-17,24860.25
1979-12-18,24862.48
1979-12-19,25031.55
1979-12-20,24974.4
1979-12-21,24856.55
1979-12-24,24687.21
1979-12-26,24785.59
1979-12-27,24994.96
1979-12-28,25088.61
1979-12-31,24972.81
1980-01-02,24592.75
1980-01-03,24659.51
1980-01-04,24553.1
1980-01-07,24858.08
1980-01-08,25256.82
1980-01-09,25416.62
1980-01-10,25587.8
1980-01-11,25573.64
1980-01-14,26068.72
1980-01-15,25953.78
1980-01-16,25916.09
1980-01-17,25906.77
1980-01-18,26087.36
1980-01-21,26513.21
1980-01-22,26602.43
1980-01-23,26459.18
1980-01-24,26637.44
1980-01-25,26493.21
1980-01-28,26420.03
1980-01-29,26545.54
1980-01-30,26443.8
1980-01-31,26500.52
1980-02-01,26832.61
1980-02-04,26567.88
1980-02-05,26533.5
1980-02-06,26514.41
1980-02-07,26515.27
1980-02-08,26808.74
1980-02-11,26641.95
1980-02-12,27084.54
1980-02-13,27257.68
1980-02-14,27073.78
1980-02-15,26855.53
1980-02-19,26539.02
1980-02-20,26797.72
1980-02-21,26841.93
1980-02-22,26764.03
1980-02-25,26428.88
1980-02-26,26458.57
1980-02-27,26620.68
1980-02-28,26771.02
1980-02-29,26807.95
1980-03-03,26174.42
1980-03-04,26103.78
1980-03-05,26143.86
1980-03-06,26160.19
1980-03-07,25949.9
1980-03-10,25914.39
1980-03-11,25488.14
1980-03-12,25656.18
1980-03-13,25306.56
1980-03-14,24937.76
1980-03-17,24371.3
1980-03-18,24238.09
1980-03-19,24210.98
1980-03-20,23760.83
1980-03-21,23514.96
1980-03-24,22966.73
1980-03-25,22800.87
1980-03-26,22857.95
1980-03-27,23010.4
1980-03-28,22842.2
1980-03-31,23460.6
1980-04-01,23328.44
1980-04-02,23337.46
1980-04-03,23901.85
1980-04-07,23926.94
1980-04-08,24267.81
1980-04-09,24334.8
1980-04-10,24720.41
1980-04-11,24854.33
1980-04-14,24983.67
1980-04-15,24777.18
1980-04-16,24509.1
1980-04-17,24515.2
1980-04-18,24616.65
1980-04-21,24209.81
1980-04-22,24962.46
1980-04-23,24960.89
1980-04-24,25090.08
1980-04-25,25342.94
1980-04-28,25361.26
1980-04-29,26071.89
1980-04-30,25536.56
1980-05-01,25471.93
1980-05-02,25269.54
1980-05-05,25116.26
1980-05-06,25093.66
1980-05-07,25175.24
1980-05-08,25099.3
1980-05-09,24650.06
1980-05-12,24568.69
1980-05-13,24886.87
1980-05-14,25261.97
1980-05-15,26194.72
1980-05-16,26049.41
1980-05-19,26323.22
1980-05-20,25940.8
1980-05-21,26206.7
1980-05-22,26597.27
1980-05-23,27030.05
1980-05-27,26810.1
1980-05-28,26886.18
1980-05-29,26429.23
1980-05-30,26848.8
1980-06-02,26666.43
1980-06-03,26842.02
1980-06-04,27662.7
1980-06-05,27834.45
1980-06-06,28194.3
1980-06-09,28043.76
1980-06-10,27695.04
1980-06-11,28342.11
1980-06-12,28163.53
1980-06-13,28525.3
1980-06-16,28609.58
1980-06-17,28477.62
1980-06-18,28588.25
1980-06-19,28846.38
1980-06-20,28704.26
1980-06-23,29391.77
1980-06-24,29351.07
1980-06-25,29671.74
1980-06-26,29511.77
1980-06-27,29491.3
1980-06-30,28551.75
1980-07-01,28530.63
1980-07-02,27805.04
1980-07-03,27659.74
1980-07-07,27754.53
1980-07-08,27432.93
1980-07-09,28020.6
1980-07-10,27345.74
1980-07-11,27786.48
1980-07-14,27915.67
1980-07-15,27482.44
1980-07-16,27070.99
1980-07-17,27234.79
1980-07-18,27554.78
1980-07-21,27668.02
1980-07-22,28285.55
1980-07-23,28448.79
1980-07-24,29016.56
1980-07-25,29087.21
1980-07-28,28967.25
1980-07-29,29144.56
1980-07-30,28972.44
1980-07-31,28531.06
1980-08-01,28449.99
1980-08-04,28198.93
1980-08-05,27879.11
1980-08-06,28017.9
1980-08-07,28223.52
1980-08-08,28245.91
1980-08-11,28544.3
1980-08-12,28249.78
1980-08-13,28404.65
1980-08-14,29072.58
1980-08-15,29221.68
1980-08-18,28411.73
1980-08-19,28131.83
1980-08-20,28670.58
1980-08-21,29639.19
1980-08-22,29937.48
1980-08-25,29614.12
1980-08-26,29452.4
1980-08-27,29755.45
1980-08-28,29731.12
1980-08-29,29467.34
1980-09-02,29689.9
1980-09-03,30318.17
1980-09-04,29944.81
1980-09-05,29750.12
1980-09-08,29287.82
1980-09-09,29693.4
1980-09-10,29992.45
1980-09-11,30447.36
1980-09-12,30657.82
1980-09-15,30817.61
1980-09-16,30801.72
1980-09-17,30787.58
1980-09-18,30911.74
1980-09-19,30061.38
1980-09-22,30817.71
1980-09-23,30580.22
1980-09-24,30424.82
1980-09-25,30021.5
1980-09-26,30537.01
1980-09-29,30112.23
1980-09-30,30515.21
1980-10-01,30485.9
1980-10-02,30502.31
1980-10-03,30713.23
1980-10-06,30659.66
1980-10-07,30534.56
1980-10-08,30099.52
1980-10-09,30225.18
1980-10-10,30025.42
1980-10-13,30860.67
1980-10-14,31467.52
1980-10-15,31591.65
1980-10-16,31334.84
1980-10-17,31105.36
1980-10-20,31264.78
1980-10-21,31156.81
1980-10-22,31594.43
1980-10-23,31217.78
1980-10-24,30551.18
1980-10-27,30425.37
1980-10-28,30827.89
1980-10-29,31303.57
1980-10-30,31081.39
1980-10-31,31542.02
1980-11-03,31918.84
1980-11-05,32393.26
1980-11-06,32345.99
1980-11-07,32478.19
1980-11-10,32465.64
1980-11-11,32099.54
1980-11-12,33176.33
1980-11-13,33348.68
1980-11-14,32809.56
1980-11-17,32755.77
1980-11-18,32528.79
1980-11-19,32386.86
1980-11-20,32272.91
1980-11-21,31764.51
1980-11-24,31513.31
1980-11-25,31705.09
1980-11-26,31420.88
1980-11-28,31055.94
1980-12-01,30719.93
1980-12-02,30797.08
1980-12-03,30692.76
1980-12-04,31239.63
1980-12-05,31010.65
1980-12-08,30764.96
1980-12-09,30819.26
1980-12-10,29872.64
1980-12-11,29876.04
1980-12-12,29350.07
1980-12-15,29228.12
1980-12-16,29213.93
1980-12-17,29722.03
1980-12-18,29945.77
1980-12-19,29799.04
1980-12-22,30373.74
1980-12-23,30968.14
1980-12-24,31089.73
1980-12-26,30931.62
1980-12-29,31070.96
1980-12-30,31170.98
1980-12-31,30822.89
1981-01-02,30946.22
1981-01-05,31384.32
1981-01-06,30927.53
1981-01-07,31025.03
1981-01-08,30789.97
1981-01-09,30923.8
1981-01-12,30850.13
1981-01-13,30392.25
1981-01-14,30420.66
1981-01-15,30384.34
1981-01-16,30983.07
1981-01-19,31182.53
1981-01-20,30296.51
1981-01-21,29596.03
1981-01-22,29570.1
1981-01-23,29556.47
1981-01-26,29954.86
1981-01-27,30295.4
1981-01-28,30103.93
1981-01-29,29936.52
1981-01-30,30203.19
1981-02-02,29812.76
1981-02-03,30206.6
1981-02-04,30143.69
1981-02-05,30493.59
1981-02-06,30782.76
1981-02-09,30627.99
1981-02-10,30783.9
1981-02-11,30806.78
1981-02-12,30769.11
1981-02-13,30451.23
1981-02-17,30038.12
1981-02-18,30657.29
1981-02-19,29827.96
1981-02-20,29996.31
1981-02-23,29476.84
1981-02-24,29603.75
1981-02-25,29387.68
1981-02-26,29859.2
1981-02-27,29774.94
1981-03-02,29977.62
1981-03-03,30235.43
1981-03-04,30000.33
1981-03-05,30238.18
1981-03-06,30101.95
1981-03-09,30158.42
1981-03-10,30060.78
1981-03-11,29837.02
1981-03-12,30276.03
1981-03-13,30761.07
1981-03-16,30799.87
1981-03-17,30688.96
1981-03-18,31039.1
1981-03-19,30708.93
1981-03-20,30680.25
1981-03-23,30660.78
1981-03-24,30533.3
1981-03-25,30898.07
1981-03-26,31133.03
1981-03-27,30878.38
1981-03-30,30961.3
1981-03-31,30931.24
1981-04-01,30923.5
1981-04-02,31002.75
1981-04-03,30912
1981-04-06,30840.12
1981-04-07,30737.01
1981-04-08,30828.21
1981-04-09,31158.93
1981-04-10,31029.98
1981-04-13,30769.1
1981-04-14,30695.92
1981-04-15,30995.8
1981-04-16,31139.63
1981-04-20,31473.18
1981-04-21,31143.95
1981-04-22,31152.04
1981-04-23,30973.89
1981-04-24,31280.67
1981-04-27,31331.13
1981-04-28,31271.23
1981-04-29,31242.68
1981-04-30,31571.29
1981-05-01,31529.31
1981-05-04,31230.59
1981-05-05,30891.24
1981-05-06,31282.65
1981-05-07,31189.98
1981-05-08,31162.2
1981-05-11,30963.86
1981-05-12,30926.87
1981-05-13,30846.3
1981-05-14,31146.27
1981-05-15,31303.65
1981-05-18,31605.28
1981-05-19,31257.77
1981-05-20,31329.99
1981-05-21,31140.54
1981-05-22,31133.3
1981-05-26,31071.09
1981-05-27,30857.72
1981-05-28,30689.63
1981-05-29,30473.3
1981-06-01,30205.74
1981-06-02,30236.25
1981-06-03,30275.74
1981-06-04,30256.78
1981-06-05,30527.46
1981-06-08,30369.67
1981-06-09,30341.19
1981-06-10,30252.18
1981-06-11,30321.77
1981-06-12,30180.74
1981-06-15,30528.07
1981-06-16,30605.37
1981-06-17,30805.39
1981-06-18,30643.75
1981-06-19,30830.61
1981-06-22,30531.66
1981-06-23,30627.68
1981-06-24,30518.18
1981-06-25,30259.61
1981-06-26,30345.17
1981-06-29,30355.46
1981-06-30,30463.54
1981-07-01,30178.53
1981-07-02,30182.59
1981-07-06,30015
1981-07-07,30013.28
1981-07-08,29566.12
1981-07-09,29605.4
1981-07-10,29376.11
1981-07-13,29088.51
1981-07-14,28891.19
1981-07-15,29024
1981-07-16,29145.28
1981-07-17,29494.74
1981-07-20,29459.27
1981-07-21,29340.21
1981-07-22,29152.81
1981-07-23,29126.88
1981-07-24,29298.8
1981-07-27,29413.69
1981-07-28,29173.8
1981-07-29,29256.75
1981-07-30,29360.8
1981-07-31,29209.11
1981-08-03,29323.61
1981-08-04,29477.33
1981-08-05,29618.06
1981-08-06,29496.2
1981-08-07,29211.26
1981-08-10,29202.54
1981-08-11,29610.38
1981-08-12,29720.72
1981-08-13,29798.01
1981-08-14,29655.64
1981-08-17,29708.35
1981-08-18,29945.53
1981-08-19,29801.63
1981-08-20,30003.98
1981-08-21,29982.22
1981-08-24,29605.64
1981-08-25,29842.64
1981-08-26,29775.15
1981-08-27,29824.78
1981-08-28,29958.75
1981-08-31,29873.04
1981-09-01,29756.58
1981-09-02,29783.31
1981-09-03,29433.54
1981-09-04,28990.25
1981-09-08,28737.41
1981-09-09,28468.77
1981-09-10,28981.57
1981-09-11,28781.88
1981-09-14,28858.38
1981-09-15,28602.79
1981-09-16,28462.12
1981-09-17,28206.41
1981-09-18,27730.58
1981-09-21,27819.98
1981-09-22,27674.82
1981-09-23,27497.81
1981-09-24,27454.52
1981-09-25,26874.96
1981-09-28,26970.25
1981-09-29,26664.27
1981-09-30,26796.18
1981-10-01,26522.55
1981-10-02,26611.87
1981-10-05,26605.19
1981-10-06,26205.63
1981-10-07,26546.42
1981-10-08,26564.11
1981-10-09,26625.57
1981-10-12,26479.47
1981-10-13,26338.95
1981-10-14,26015.82
1981-10-15,26326.8
1981-10-16,26310.32
1981-10-19,26416.27
1981-10-20,26689.28
1981-10-21,26654.82
1981-10-22,26637.1
1981-10-23,26393.7
1981-10-26,26650.56
1981-10-27,26794.63
1981-10-28,26874.51
1981-10-29,26703.33
1981-10-30,27091.42
1981-11-02,26995.44
1981-11-03,27188.05
1981-11-04,27005.82
1981-11-05,26799.2
1981-11-06,27124.05
1981-11-09,27771.77
1981-11-10,28291.72
1981-11-11,27928
1981-11-12,27796.35
1981-11-13,27904.84
1981-11-16,28002.52
1981-11-17,28581.07
1981-11-18,28602.39
1981-11-19,29190.33
1981-11-20,29608.76
1981-11-23,29134.01
1981-11-24,29261.9
1981-11-25,29580.34
1981-11-27,29903.99
1981-11-30,30064.11
1981-12-01,30039.77
1981-12-02,29450.32
1981-12-03,29699.71
1981-12-04,29598.62
1981-12-07,29605.63
1981-12-08,29554.34
1981-12-09,29673.07
1981-12-10,29386.62
1981-12-11,29519.4
1981-12-14,28845.34
1981-12-15,29375.16
1981-12-16,29194.06
1981-12-17,29660.45
1981-12-18,29780.8
1981-12-21,29349.43
1981-12-22,29738.07
1981-12-23,30027.87
1981-12-24,29460.25
1981-12-28,29249.89
1981-12-29,29250.22
1981-12-30,29528.77
1981-12-31,29624.91
1982-01-04,29830.11
1982-01-05,29462.24
1982-01-06,28815.92
1982-01-07,28922.37
1982-01-08,29201.8
1982-01-11,28820.68
1982-01-12,28543.11
1982-01-13,28059.8
1982-01-14,27870.49
1982-01-15,27681.21
1982-01-18,27930.56
1982-01-19,27472.41
1982-01-20,27483.4
1982-01-21,27912.53
1982-01-22,28022.05
1982-01-25,28012.32
1982-01-26,28277.19
1982-01-27,28441.07
1982-01-28,28936.55
1982-01-29,29119.04
1982-02-01,28551.92
1982-02-02,28909.41
1982-02-03,28021.22
1982-02-04,27776.99
1982-02-05,27842.54
1982-02-08,27182.06
1982-02-09,27285.1
1982-02-10,27715.16
1982-02-11,27961.11
1982-02-12,27840.48
1982-02-16,27395.71
1982-02-17,27190.93
1982-02-18,27140.32
1982-02-19,27142.52
1982-02-22,26963.02
1982-02-23,27041.68
1982-02-24,27228.38
1982-02-25,27312.61
1982-02-26,27113.72
1982-03-01,26710.92
1982-03-02,27014.64
1982-03-03,26406.91
1982-03-04,26234
1982-03-05,25629.94
1982-03-08,25305.08
1982-03-09,25507.86
1982-03-10,25609.68
1982-03-11,25403.02
1982-03-12,25066.46
1982-03-15,24961.84
1982-03-16,24929.5
1982-03-17,24720.03
1982-03-18,24897.66
1982-03-19,25154.76
1982-03-22,25360.24
1982-03-23,25663.95
1982-03-24,25600.15
1982-03-25,25254.53
1982-03-26,25106.7
1982-03-29,25717.21
1982-03-30,25540.87
1982-03-31,25756.98
1982-04-01,25858.06
1982-04-02,26555.79
1982-04-05,26505.74
1982-04-06,26412.3
1982-04-07,26839.69
1982-04-08,26362.2
1982-04-12,26188.94
1982-04-13,26098.83
1982-04-14,26555.58
1982-04-15,26568.07
1982-04-16,26621.56
1982-04-19,26212.72
1982-04-20,26214.82
1982-04-21,26500.58
1982-04-22,27194.89
1982-04-23,27658.64
1982-04-26,27870.03
1982-04-27,27478.49
1982-04-28,27233.98
1982-04-29,27118.45
1982-04-30,27209.94
1982-05-03,27791.34
1982-05-04,27579.05
1982-05-05,27230.39
1982-05-06,27721.19
1982-05-07,27823.83
1982-05-10,27310.22
1982-05-11,27817.5
1982-05-12,27795.51
1982-05-13,27530.18
1982-05-14,27119.02
1982-05-17,26797.69
1982-05-18,26975.33
1982-05-19,27053.41
1982-05-20,27068.58
1982-05-21,27540.14
1982-05-24,27625.04
1982-05-25,27562.08
1982-05-26,27426.06
1982-05-27,26812.19
1982-05-28,26805.8
1982-06-01,26585.82
1982-06-02,27188.6
1982-06-03,26902.31
1982-06-04,26559.74
1982-06-07,26625.91
1982-06-08,27068.79
1982-06-09,26669.7
1982-06-10,26537.78
1982-06-11,26578.89
1982-06-14,25785.59
1982-06-15,25625.83
1982-06-16,25616.63
1982-06-17,25392.07
1982-06-18,24939.53
1982-06-21,25394.76
1982-06-22,25829.69
1982-06-23,25204.98
1982-06-24,25163.72
1982-06-25,24967.49
1982-06-28,24979.53
1982-06-29,24779.67
1982-06-30,24657.18
1982-07-01,24152.57
1982-07-02,23442.18
1982-07-06,23097.92
1982-07-07,23285.16
1982-07-08,23331.06
1982-07-09,23727.86
1982-07-12,24153.95
1982-07-13,24440.16
1982-07-14,24506.3
1982-07-15,24089.2
1982-07-16,24331.77
1982-07-19,24175.15
1982-07-20,24141.72
1982-07-21,24282.39
1982-07-22,24002.96
1982-07-23,24171.23
1982-07-26,23939.89
1982-07-27,23825.88
1982-07-28,23974.17
1982-07-29,24042.11
1982-07-30,24521.07
1982-08-02,24393.26
1982-08-03,24775.22
1982-08-04,24465.14
1982-08-05,24312.95
1982-08-06,23982.45
1982-08-09,23687.2
1982-08-10,23363.98
1982-08-11,23142.54
1982-08-12,23529.23
1982-08-13,23068.92
1982-08-16,23210.15
1982-08-17,23219.71
1982-08-18,22862.26
1982-08-19,22865.6
1982-08-20,23415.36
1982-08-23,23690.42
1982-08-24,23956.21
1982-08-25,24196.85
1982-08-26,24460.54
1982-08-27,24801.55
1982-08-30,24505.96
1982-08-31,24886.04
1982-09-01,24737.89
1982-09-02,24935.59
1982-09-03,25105.95
1982-09-07,25363.56
1982-09-08,25490.49
1982-09-09,25604.27
1982-09-10,25259.47
1982-09-13,25207.87
1982-09-14,25173.11
1982-09-15,24883.91
1982-09-16,24630.18
1982-09-17,24029.46
1982-09-20,24574.46
1982-09-21,24939.41
1982-09-22,24614.48
1982-09-23,25065.78
1982-09-24,25119.54
1982-09-27,24992.92
1982-09-28,24745.76
1982-09-29,24821.17
1982-09-30,24759.9
1982-10-01,25140.49
1982-10-04,25367.97
1982-10-05,25114.13
1982-10-06,25300.62
1982-10-07,25754.22
1982-10-08,26130.55
1982-10-11,25829.6
1982-10-12,25809.66
1982-10-13,25273.4
1982-10-14,25508.2
1982-10-15,25427.26
1982-10-18,25306.68
1982-10-19,25474.21
1982-10-20,25577.01
1982-10-21,25589.74
1982-10-22,25653.66
1982-10-25,24937.06
1982-10-26,25113.6
1982-10-27,24880.46
1982-10-28,25008.49
1982-10-29,25115.9
1982-11-01,24964.66
1982-11-02,25092.43
1982-11-03,25242.11
1982-11-04,24820.19
1982-11-05,24572.81
1982-11-08,24791.34
1982-11-09,24927.14
1982-11-10,24688.01
1982-11-11,24908.34
1982-11-12,25302.49
1982-11-15,25229.24
1982-11-16,25116.65
1982-11-17,25670.73
1982-11-18,25833.43
1982-11-19,25806.17
1982-11-22,25651.35
1982-11-23,25946.46
1982-11-24,26151.76
1982-11-26,26562.61
1982-11-29,27014.04
1982-11-30,26988.98
1982-12-01,26643.47
1982-12-02,27132.03
1982-12-03,27407.26
1982-12-06,27952.9
1982-12-07,28333.91
1982-12-08,28593.66
1982-12-09,28445.27
1982-12-10,28351.07
1982-12-13,28643.51
1982-12-14,28910.6
1982-12-15,28490.41
1982-12-16,27983.36
1982-12-17,28574.63
1982-12-20,28912.62
1982-12-21,29395.49
1982-12-22,29272.78
1982-12-23,29415.86
1982-12-27,29036.73
1982-12-28,29134.8
1982-12-29,29360.7
1982-12-30,29259.94
1982-12-31,29229.5
1983-01-03,28694.01
1983-01-04,28798.88
1983-01-05,28806.77
1983-01-06,29526.16
1983-01-07,29851.09
1983-01-10,30408.47
1983-01-11,29694.41
1983-01-12,29778.81
1983-01-13,29816.52
1983-01-14,29477.12
1983-01-17,29461.89
1983-01-18,29001.68
1983-01-19,29273.48
1983-01-20,29435.7
1983-01-21,29280.75
1983-01-24,29040.64
1983-01-25,29044.44
1983-01-26,29201.51
1983-01-27,29377.43
1983-01-28,29136.52
1983-01-31,29184.94
1983-02-01,29458.28
1983-02-02,29157.26
1983-02-03,29561.22
1983-02-04,29748.05
1983-02-07,29725.48
1983-02-08,29286.77
1983-02-09,28966.24
1983-02-10,29036.04
1983-02-11,29083.04
1983-02-14,29070.02
1983-02-15,28943.16
1983-02-16,28631.58
1983-02-17,28319
1983-02-18,28764.48
1983-02-22,28586.93
1983-02-23,28662.41
1983-02-24,29387.08
1983-02-25,29576.21
1983-02-28,29816.77
1983-03-01,30237.01
1983-03-02,30331.5
1983-03-03,30471.71
1983-03-04,30850.99
1983-03-07,30974.54
1983-03-08,30534.05
1983-03-09,30797.53
1983-03-10,31033.15
1983-03-11,30924.49
1983-03-14,30757.94
1983-03-15,31040.42
1983-03-16,30316.74
1983-03-17,30122.76
1983-03-18,30278.77
1983-03-21,30213.19
1983-03-22,30320.4
1983-03-23,30778.76
1983-03-24,30698.13
1983-03-25,30658.97
1983-03-28,30782.22
1983-03-29,30748.26
1983-03-30,31287.97
1983-03-31,30915.57
1983-04-04,31218.28
1983-04-05,31487.67
1983-04-06,31213
1983-04-07,31337.73
1983-04-08,31990.27
1983-04-11,32446.77
1983-04-12,32354.78
1983-04-13,32584.97
1983-04-14,32917.86
1983-04-15,32593.23
1983-04-18,32673.6
1983-04-19,32354.54
1983-04-20,32983.95
1983-04-21,32547.81
1983-04-22,32745.23
1983-04-25,32659.97
1983-04-26,32743.81
1983-04-27,32579.58
1983-04-28,33017.84
1983-04-29,32854.05
1983-05-02,32599.23
1983-05-03,32682.88
1983-05-04,32835.82
1983-05-05,32393.02
1983-05-06,32553.08
1983-05-09,32687.71
1983-05-10,33305.36
1983-05-11,32985.79
1983-05-12,32741.55
1983-05-13,33276.62
1983-05-16,32996.94
1983-05-17,33226.6
1983-05-18,33185.1
1983-05-19,32596.22
1983-05-20,32514.41
1983-05-23,32616.47
1983-05-24,33031.79
1983-05-25,33358.21
1983-05-26,33370.05
1983-05-27,33090.55
1983-05-31,32810.4
1983-06-01,32553.75
1983-06-02,32977.37
1983-06-03,33081.62
1983-06-06,32726.86
1983-06-07,32331.72
1983-06-08,32123.83
1983-06-09,32171.64
1983-06-10,32238.91
1983-06-13,32380.2
1983-06-14,32647.36
1983-06-15,32933.23
1983-06-16,33390.96
1983-06-17,33480.04
1983-06-20,33280.07
1983-06-21,33272.93
1983-06-22,33119.46
1983-06-23,33042.01
1983-06-24,33181.74
1983-06-27,33219.2
1983-06-28,33243.47
1983-06-29,33493.33
1983-06-30,33546.54
1983-07-01,33649.03
1983-07-05,33825.92
1983-07-06,33959.51
1983-07-07,34149.52
1983-07-08,34365.6
1983-07-11,34537.46
1983-07-12,34297.89
1983-07-13,34149.02
1983-07-14,34347.41
1983-07-15,33887.78
1983-07-18,33949.07
1983-07-19,34132.54
1983-07-20,34551.85
1983-07-21,34141.57
1983-07-22,34040.55
1983-07-25,34214.68
1983-07-26,34101.39
1983-07-27,33989.17
1983-07-28,33953.33
1983-07-29,33636.37
1983-08-01,34090.79
1983-08-02,33890.82
1983-08-03,33530.97
1983-08-04,33517.15
1983-08-05,33187.93
1983-08-08,33180.45
1983-08-09,33297.83
1983-08-10,33136.46
1983-08-11,33128.03
1983-08-12,33239.06
1983-08-15,33431.69
1983-08-16,33294.86
1983-08-17,33458.35
1983-08-18,33325.63
1983-08-19,33146.31
1983-08-22,33059.66
1983-08-23,32993.63
1983-08-24,32383.46
1983-08-25,32753.38
1983-08-26,32948.41
1983-08-29,32963.91
1983-08-30,33234.22
1983-08-31,33185.3
1983-09-01,33518.17
1983-09-02,33673.78
1983-09-06,34168.95
1983-09-07,34096.13
1983-09-08,34160.13
1983-09-09,33956.19
1983-09-12,34310.61
1983-09-13,34199.62
1983-09-14,34181.62
1983-09-15,34312.91
1983-09-16,34671.43
1983-09-19,34473.11
1983-09-20,34493.4
1983-09-21,34024.07
1983-09-22,34175.6
1983-09-23,34015.79
1983-09-26,34336.99
1983-09-27,34270.03
1983-09-28,34199.68
1983-09-29,34369.48
1983-09-30,34206.24
1983-10-03,34171.88
1983-10-04,34434.07
1983-10-05,34193.47
1983-10-06,34431.54
1983-10-07,34677.08
1983-10-10,35116.08
1983-10-11,35104.11
1983-10-12,35104.85
1983-10-13,34704.25
1983-10-14,34319.08
1983-10-17,34408.35
1983-10-18,33758.23
1983-10-19,33772.88
1983-10-20,33706.13
1983-10-21,33569.19
1983-10-24,33545.58
1983-10-25,33465.45
1983-10-26,33401.87
1983-10-27,33592.33
1983-10-28,33852.15
1983-10-31,33809.04
1983-11-01,33952.37
1983-11-02,34284.51
1983-11-03,34182.5
1983-11-04,34008.15
1983-11-07,33675.21
1983-11-08,33873.18
1983-11-09,33921.92
1983-11-10,34037.89
1983-11-11,34257.39
1983-11-14,34621.97
1983-11-15,34555.68
1983-11-16,34305.42
1983-11-17,34380.5
1983-11-18,34732.97
1983-11-21,34983.73
1983-11-22,34948.14
1983-11-23,34866.34
1983-11-25,34891.29
1983-11-28,34910.49
1983-11-29,35300.61
1983-11-30,34901.61
1983-12-01,34804.49
1983-12-02,34840.97
1983-12-05,34960.63
1983-12-06,35046.36
1983-12-07,35253.26
1983-12-08,35131.03
1983-12-09,35011.29
1983-12-12,35100.69
1983-12-13,35133.62
1983-12-14,34860.41
1983-12-15,34696.69
1983-12-16,35139.65
1983-12-19,35236.88
1983-12-20,35234.95
1983-12-21,35346.72
1983-12-22,35563.29
1983-12-23,35703.8
1983-12-27,36098.5
1983-12-28,36186.66
1983-12-29,35975.75
1983-12-30,36186.31
1984-01-03,36071.62
1984-01-04,36454.89
1984-01-05,36481.5
1984-01-06,36820.45
1984-01-09,36859.44
1984-01-10,36648.69
1984-01-11,36609.5
1984-01-12,36705.74
1984-01-13,36881.07
1984-01-16,37045.73
1984-01-17,37231.87
1984-01-18,37032.05
1984-01-19,37139.52
1984-01-20,37217.36
1984-01-23,36938.7
1984-01-24,36935.07
1984-01-25,37231.08
1984-01-26,37262.61
1984-01-27,37573.5
1984-01-30,37455.12
1984-01-31,37370.38
1984-02-01,37390.05
1984-02-02,37495.61
1984-02-03,37349.41
1984-02-06,36945.65
1984-02-07,37221.42
1984-02-08,37310.6
1984-02-09,37387.26
1984-02-10,37563.15
1984-02-13,37583.99
1984-02-14,37596.29
1984-02-15,37649.1
1984-02-16,37509.8
1984-02-17,37342.5
1984-02-21,37609.84
1984-02-22,37368.84
1984-02-23,37274.79
1984-02-24,37546.32
1984-02-27,37827.14
1984-02-28,37691.83
1984-02-29,37866.37
1984-03-01,38124.4
1984-03-02,38384.02
1984-03-05,38387.49
1984-03-06,38742.16
1984-03-07,39042.96
1984-03-08,39005.72
1984-03-09,38606.08
1984-03-12,38769.08
1984-03-13,38904.28
1984-03-14,38809.6
1984-03-15,38939.53
1984-03-16,39162.73
1984-03-19,39167.22
1984-03-20,39952.85
1984-03-21,40107.78
1984-03-22,40017.22
1984-03-23,40000.86
1984-03-26,40046.55
1984-03-27,40131.08
1984-03-28,40748.77
1984-03-29,40876.33
1984-03-30,40857.53
1984-04-02,40344.47
1984-04-03,40606.48
1984-04-04,40526.91
1984-04-05,40340.78
1984-04-06,40526.52
1984-04-09,40698.89
1984-04-10,40568.19
1984-04-11,40198.8
1984-04-12,40476.48
1984-04-13,40346
1984-04-16,40571.22
1984-04-17,40668.45
1984-04-18,40183.1
1984-04-19,40432.08
1984-04-23,40332.29
1984-04-24,40379.66
1984-04-25,40057.24
1984-04-26,40288.1
1984-04-27,40223.32
1984-04-30,40144.63
1984-05-01,39853.96
1984-05-02,39912.95
1984-05-03,39236.82
1984-05-04,39220.5
1984-05-07,39819.86
1984-05-08,39696.86
1984-05-09,39518.85
1984-05-10,39701.15
1984-05-11,39388.77
1984-05-14,39032.79
1984-05-15,39418.7
1984-05-16,39422.47
1984-05-17,38362.35
1984-05-18,37934.72
1984-05-21,37510.88
1984-05-22,37342.59
1984-05-23,37579.09
1984-05-24,37455.8
1984-05-25,37241.81
1984-05-29,36660.67
1984-05-30,36245.43
1984-05-31,36357.03
1984-06-01,37058.57
1984-06-04,36777.29
1984-06-05,37475.36
1984-06-06,37558.84
1984-06-07,37277.2
1984-06-08,37003.18
1984-06-11,36771.72
1984-06-12,37240.63
1984-06-13,37092.05
1984-06-14,36777.28
1984-06-15,36351.29
1984-06-18,36055.63
1984-06-19,36377.2
1984-06-20,36493.86
1984-06-21,36774.21
1984-06-22,37064.45
1984-06-25,37030.89
1984-06-26,36917.76
1984-06-27,36691.22
1984-06-28,36257.88
1984-06-29,36187.85
1984-07-02,36072.71
1984-07-03,36047.98
1984-07-05,36369.17
1984-07-06,36586.31
1984-07-09,36861.46
1984-07-10,35989.98
1984-07-11,35004.52
1984-07-12,35434.7
1984-07-13,35465.29
1984-07-16,35654.35
1984-07-17,35804.03
1984-07-18,35853.76
1984-07-19,35869.2
1984-07-20,35359.87
1984-07-23,34793.33
1984-07-24,34332.83
1984-07-25,34434.91
1984-07-26,34387.12
1984-07-27,34321.66
1984-07-30,34035
1984-07-31,33821.34
1984-08-01,34419.6
1984-08-02,34790.18
1984-08-03,36044.51
1984-08-06,36037.46
1984-08-07,35621.32
1984-08-08,35873.74
1984-08-09,36112.59
1984-08-10,36089.25
1984-08-13,36404
1984-08-14,36389.99
1984-08-15,37170.34
1984-08-16,37052.54
1984-08-17,37389.78
1984-08-20,37683.71
1984-08-21,37144.48
1984-08-22,36639.25
1984-08-23,37073.26
1984-08-24,37418.79
1984-08-27,37227.66
1984-08-28,37359.64
1984-08-29,37193.82
1984-08-30,37384.29
1984-08-31,36930.67
1984-09-04,36585.34
1984-09-05,36495.3
1984-09-06,36857.78
1984-09-07,37012.91
1984-09-10,36227.91
1984-09-11,35184.16
1984-09-12,35010.09
1984-09-13,35045.85
1984-09-14,35504.24
1984-09-17,35653.44
1984-09-18,35582.24
1984-09-19,35723.42
1984-09-20,35192.51
1984-09-21,35471.62
1984-09-24,35981.42
1984-09-25,36145.94
1984-09-26,36295.3
1984-09-27,36884.92
1984-09-28,36553.5
1984-10-01,36699.23
1984-10-02,36598.81
1984-10-03,36265.77
1984-10-04,36124.76
1984-10-05,36582.04
1984-10-08,35654.92
1984-10-09,35688.97
1984-10-10,36092.33
1984-10-11,36251.2
1984-10-12,35942.73
1984-10-15,36416.81
1984-10-16,36136.19
1984-10-17,36695.8
1984-10-18,37281.32
1984-10-19,37293.57
1984-10-22,37537.39
1984-10-23,37050.59
1984-10-24,36737.04
1984-10-25,36167.24
1984-10-26,35927.17
1984-10-29,36228.94
1984-10-30,37123.62
1984-10-31,37218.52
1984-11-01,37758.89
1984-11-02,37342.18
1984-11-05,37511.54
1984-11-06,37678.55
1984-11-07,37146.43
1984-11-08,36644.72
1984-11-09,36527.91
1984-11-12,36770.6
1984-11-13,36497.53
1984-11-14,36578.72
1984-11-15,37022.21
1984-11-16,36678.24
1984-11-19,37062.57
1984-11-20,37275.96
1984-11-21,37627.95
1984-11-23,38520.53
1984-11-26,37672.57
1984-11-27,37106.1
1984-11-28,37186.88
1984-11-29,36637.94
1984-11-30,36691.96
1984-12-03,36508.85
1984-12-04,37056.05
1984-12-05,36612.69
1984-12-06,36740.04
1984-12-07,36417.75
1984-12-10,36504.33
1984-12-11,36383.23
1984-12-12,36097.62
1984-12-13,36025.86
1984-12-14,36700.22
1984-12-17,36791.5
1984-12-18,38108.99
1984-12-19,38193.23
1984-12-20,37972.93
1984-12-21,37369.59
1984-12-24,37511.96
1984-12-26,37402.56
1984-12-27,37448.93
1984-12-28,37095.56
1984-12-31,37241.59
1985-01-02,36791.64
1985-01-03,37227.21
1985-01-04,37231.74
1985-01-07,37441.14
1985-01-08,37498.94
1985-01-09,37848.43
1985-01-10,37874.2
1985-01-11,37550.36
1985-01-14,37930.86
1985-01-15,37332.52
1985-01-16,36851.69
1985-01-17,36701.34
1985-01-18,37333.56
1985-01-21,38164.71
1985-01-22,38752.71
1985-01-23,39220.47
1985-01-24,38412.68
1985-01-25,38688.98
1985-01-28,38248.88
1985-01-29,38281.05
1985-01-30,38029.26
1985-01-31,38288.85
1985-02-01,37829.18
1985-02-04,37657.91
1985-02-05,37369.68
1985-02-06,37335.53
1985-02-07,37472.91
1985-02-08,37796.41
1985-02-11,37314.44
1985-02-12,37964.79
1985-02-13,38103.06
1985-02-14,37631.71
1985-02-15,36597.94
1985-02-19,36690.89
1985-02-20,37496.93
1985-02-21,37272.32
1985-02-22,37333.83
1985-02-25,37431.85
1985-02-26,37716.07
1985-02-27,37486
1985-02-28,37922.66
1985-03-01,38641.09
1985-03-04,39092.83
1985-03-05,39125.9
1985-03-06,38992.5
1985-03-07,38747.75
1985-03-08,39026.12
1985-03-11,39461.1
1985-03-12,40297.39
1985-03-13,40143.96
1985-03-14,39702.46
1985-03-15,39500.45
1985-03-18,39789.36
1985-03-19,40822.57
1985-03-20,41152.99
1985-03-21,40593.9
1985-03-22,41184.82
1985-03-25,40640.6
1985-03-26,40842.66
1985-03-27,40390.4
1985-03-28,40408.91
1985-03-29,40755.69
1985-04-01,40218.94
1985-04-02,40012.67
1985-04-03,39331.59
1985-04-04,39251.51
1985-04-08,38638.53
1985-04-09,38868.36
1985-04-10,39214.36
1985-04-11,38798.52
1985-04-12,39006.34
1985-04-15,39069.97
1985-04-16,38849.2
1985-04-17,38653.38
1985-04-18,38894.43
1985-04-19,39760.4
1985-04-22,39728.6
1985-04-23,40300.45
1985-04-24,39940.52
1985-04-25,40653
1985-04-26,40606
1985-04-29,40032
1985-04-30,40641.19
1985-05-01,40339.67
1985-05-02,40373.23
1985-05-03,40322.91
1985-05-06,40110.01
1985-05-07,40423.25
1985-05-08,40472.89
1985-05-09,40854.22
1985-05-10,41189.11
1985-05-13,41588.96
1985-05-14,41044.97
1985-05-15,41102.81
1985-05-16,41744.3
1985-05-17,42308.96
1985-05-20,42812.44
1985-05-21,42498
1985-05-22,41570.55
1985-05-23,41269.21
1985-05-24,41316.64
1985-05-28,41519.56
1985-05-29,41488.92
1985-05-30,41774.62
1985-05-31,42261.59
1985-06-03,42231.2
1985-06-04,42957.73
1985-06-05,42920.98
1985-06-06,42793.74
1985-06-07,42678.9
1985-06-10,42381.95
1985-06-11,41869.08
1985-06-12,41542.98
1985-06-13,41239.19
1985-06-14,41472.63
1985-06-17,40924.92
1985-06-18,41334.71
1985-06-19,42059.5
1985-06-20,41910.64
1985-06-21,42631.07
1985-06-24,42714.95
1985-06-25,43069.43
1985-06-26,43040.64
1985-06-27,43361.2
1985-06-28,43193.23
1985-07-01,43086.36
1985-07-02,43239.36
1985-07-03,43861.46
1985-07-05,44366.79
1985-07-08,44456.98
1985-07-09,44325.63
1985-07-10,44828.34
1985-07-11,45019.42
1985-07-12,44829.34
1985-07-15,44390.77
1985-07-16,44464.63
1985-07-17,44870.97
1985-07-18,45161.63
1985-07-19,45654
1985-07-22,45146.75
1985-07-23,44954.33
1985-07-24,45462
1985-07-25,45218.32
1985-07-26,45157.62
1985-07-29,44933.58
1985-07-30,44830.81
1985-07-31,45271.34
1985-08-01,45258.97
1985-08-02,44903.57
1985-08-05,44972.13
1985-08-06,44722.27
1985-08-07,44807.23
1985-08-08,45085.12
1985-08-09,45243.56
1985-08-12,45417.33
1985-08-13,45367.98
1985-08-14,45138.6
1985-08-15,45633.54
1985-08-16,45461.18
1985-08-19,45953.61
1985-08-20,46328.29
1985-08-21,46342.49
1985-08-22,46003.86
1985-08-23,46169.53
1985-08-26,45972.93
1985-08-27,46323.4
1985-08-28,46705.33
1985-08-29,46836.59
1985-08-30,46508.3
1985-09-03,46780.23
1985-09-04,46969.05
1985-09-05,46716.43
1985-09-06,47110.8
1985-09-09,47171.42
1985-09-10,47644.82
1985-09-11,47145.26
1985-09-12,47060.51
1985-09-13,47196.64
1985-09-16,47192.89
1985-09-17,47181.76
1985-09-18,47735.82
1985-09-19,48101.54
1985-09-20,48251.54
1985-09-23,48647.1
1985-09-24,48852.53
1985-09-25,48747.23
1985-09-26,48484.23
1985-09-30,48756.58
1985-10-01,49123.16
1985-10-02,49390.6
1985-10-03,49503.52
1985-10-04,49492.26
1985-10-07,49037.48
1985-10-08,48926.31
1985-10-09,49228.88
1985-10-10,49263.42
1985-10-11,49750.81
1985-10-14,50329.78
1985-10-15,50724.48
1985-10-16,50986.61
1985-10-17,51036.22
1985-10-18,50786.29
1985-10-21,51036.11
1985-10-22,51380.86
1985-10-23,51401.1
1985-10-24,51374.09
1985-10-25,51616.68
1985-10-28,51725.05
1985-10-29,52339.64
1985-10-30,52266.15
1985-10-31,51588.72
1985-11-01,52112.61
1985-11-04,52223.31
1985-11-05,52174.3
1985-11-06,51879.55
1985-11-07,52219.64
1985-11-08,52395.85
1985-11-11,52676.29
1985-11-12,52730.5
1985-11-13,52212.57
1985-11-14,52539.28
1985-11-15,52907.66
1985-11-18,52775.99
1985-11-19,52925.19
1985-11-20,52743.17
1985-11-21,53116.68
1985-11-22,53196.6
1985-11-25,52923.12
1985-11-26,52927.49
1985-11-27,53414.81
1985-11-29,53841.68
1985-12-02,53742.92
1985-12-03,53760.77
1985-12-04,54263.76
1985-12-05,54635.75
1985-12-06,54921.78
1985-12-09,54830.29
1985-12-10,54925.97
1985-12-11,55258.42
1985-12-12,55357.55
1985-12-13,55622.56
1985-12-16,56186.25
1985-12-17,55698.9
1985-12-18,55539.84
1985-12-19,55703.69
1985-12-20,55836.62
1985-12-23,55456
1985-12-24,55391.29
1985-12-26,55751.74
1985-12-27,55403.32
1985-12-30,55866.07
1985-12-31,56141.24
1986-01-02,56406.52
1986-01-03,56487.52
1986-01-06,56126.73
1986-01-07,56324.55
1986-01-08,56026.5
1986-01-09,55468.04
1986-01-10,55332.55
1986-01-13,55880.03
1986-01-14,55955.06
1986-01-15,55921.36
1986-01-16,56156.13
1986-01-17,56153.79
1986-01-20,56690.96
1986-01-21,56587.15
1986-01-22,56400.89
1986-01-23,56453.99
1986-01-24,56439.13
1986-01-27,56232.18
1986-01-28,56697.65
1986-01-29,57064.56
1986-01-30,56962.36
1986-01-31,57443.45
1986-02-03,57538.66
1986-02-04,57707.96
1986-02-05,57903.12
1986-02-06,58542.06
1986-02-07,58594.67
1986-02-10,59049.74
1986-02-11,59483.97
1986-02-12,59675.67
1986-02-13,59601.99
1986-02-14,59952.97
1986-02-18,59949.73
1986-02-19,59389.11
1986-02-20,59584.05
1986-02-21,60122.05
1986-02-24,60684.19
1986-02-25,61390.16
1986-02-26,61683.8
1986-02-27,62912.27
1986-02-28,63390.18
1986-03-03,63421.61
1986-03-04,63593.54
1986-03-05,63629.55
1986-03-06,63435.42
1986-03-07,64398.26
1986-03-10,64796.61
1986-03-11,66154.32
1986-03-12,66816.6
1986-03-13,66834.81
1986-03-14,68346.16
1986-03-17,67963.72
1986-03-18,68639.76
1986-03-19,68508.15
1986-03-20,69190.66
1986-03-21,68634.43
1986-03-24,69268.17
1986-03-25,69736.09
1986-03-26,70626.44
1986-03-27,71548.64
1986-03-31,71961.71
1986-04-01,71274.38
1986-04-02,71298.1
1986-04-03,71844.01
1986-04-04,71744.07
1986-04-07,72550.97
1986-04-08,73340.69
1986-04-09,73607.31
1986-04-10,73229.85
1986-04-11,73251.88
1986-04-14,73538.91
1986-04-15,73127.45
1986-04-16,74071.01
1986-04-17,74961.01
1986-04-18,75735.82
1986-04-21,76022.01
1986-04-22,75642.11
1986-04-23,75318.6
1986-04-24,76423.98
1986-04-25,76912.87
1986-04-28,76832.51
1986-04-29,77166.92
1986-04-30,76392.01
1986-05-01,76079.72
1986-05-02,76920.97
1986-05-05,76902.99
1986-05-06,76679.61
1986-05-07,77277.47
1986-05-08,77316.6
1986-05-09,76926.36
1986-05-12,75624.49
1986-05-13,75280.9
1986-05-14,75130.86
1986-05-15,72952.34
1986-05-16,72656.78
1986-05-19,71782.59
1986-05-20,72080.76
1986-05-21,71629.4
1986-05-22,72081.81
1986-05-23,72581.4
1986-05-27,73585.58
1986-05-28,73219.31
1986-05-29,73638.06
1986-05-30,73176
1986-06-02,72284.25
1986-06-03,73062.14
1986-06-04,73520.84
1986-06-05,73869.52
1986-06-06,73863.04
1986-06-09,72379.98
1986-06-10,72577.12
1986-06-11,73112.96
1986-06-12,73044.79
1986-06-13,74846.58
1986-06-16,74995.77
1986-06-17,74768.38
1986-06-18,75666.81
1986-06-19,75076.52
1986-06-20,76144.14
1986-06-23,76185.08
1986-06-24,76227.26
1986-06-25,76502.16
1986-06-26,77300.84
1986-06-27,77968.59
1986-06-30,77762.36
1986-07-01,78596.82
1986-07-02,80113.28
1986-07-03,79658.8
1986-07-07,78493.13
1986-07-08,78843
1986-07-09,79555.19
1986-07-10,79107.88
1986-07-11,79050.99
1986-07-14,79668.89
1986-07-15,78514.9
1986-07-16,79593.51
1986-07-17,78445.66
1986-07-18,79182.04
1986-07-21,79144.18
1986-07-22,79724.64
1986-07-23,80715.55
1986-07-24,80056.8
1986-07-25,80443.01
1986-07-28,80524.98
1986-07-29,80994.02
1986-07-30,81820.11
1986-07-31,82114.57
1986-08-01,82247.83
1986-08-04,81895.83
1986-08-05,84287.03
1986-08-06,84073.97
1986-08-07,83699.35
1986-08-08,83934.95
1986-08-11,85095.26
1986-08-12,86030.34
1986-08-13,85969.31
1986-08-14,87728.19
1986-08-15,88114.17
1986-08-18,88579.58
1986-08-19,89598.46
1986-08-20,90443.12
1986-08-21,90060.8
1986-08-22,88994.03
1986-08-25,88102.6
1986-08-26,88628.22
1986-08-27,89710.58
1986-08-28,89832.28
1986-08-29,90071.54
1986-09-02,90593.58
1986-09-03,89941.29
1986-09-04,89404.64
1986-09-05,89858.99
1986-09-08,89563.45
1986-09-09,89997.59
1986-09-10,90215.37
1986-09-11,89293.95
1986-09-12,87263.52
1986-09-15,88667.88
1986-09-16,88655.27
1986-09-17,90012.88
1986-09-18,90663.58
1986-09-19,90883.87
1986-09-22,92581.69
1986-09-23,93099.5
1986-09-24,92911.63
1986-09-25,92305.54
1986-09-26,91781.27
1986-09-29,91216.37
1986-09-30,89271.32
1986-10-01,90171.03
1986-10-02,90889.34
1986-10-03,89013.59
1986-10-06,89475.31
1986-10-07,90286.86
1986-10-08,89568.13
1986-10-09,89772.4
1986-10-10,87511.24
1986-10-13,86989.21
1986-10-14,86503.73
1986-10-15,86872.29
1986-10-16,85284.97
1986-10-17,85584.17
1986-10-20,84462.2
1986-10-21,83349
1986-10-22,82075.74
1986-10-23,83962.8
1986-10-24,84449.6
1986-10-27,82787.37
1986-10-28,82625.33
1986-10-29,82460.9
1986-10-30,84278.57
1986-10-31,83621.53
1986-11-03,84574.77
1986-11-04,85460.23
1986-11-05,85219.32
1986-11-06,84982.31
1986-11-07,86460.9
1986-11-10,86565.02
1986-11-11,88267.12
1986-11-12,86357.8
1986-11-13,85358.84
1986-11-14,85465.46
1986-11-17,86224.89
1986-11-18,85889.26
1986-11-19,84514.97
1986-11-20,86538.34
1986-11-21,88174.88
1986-11-24,88098.21
1986-11-25,87019.29
1986-11-26,86822.45
1986-11-28,88288.84
1986-12-01,89970.39
1986-12-02,91946.94
1986-12-03,91886.89
1986-12-04,90137.75
1986-12-05,89496.34
1986-12-08,90070.62
1986-12-09,89594.21
1986-12-10,91735.94
1986-12-11,91724.96
1986-12-12,93838.14
1986-12-15,93600.78
1986-12-16,93708.28
1986-12-17,91823.93
1986-12-18,91393.22
1986-12-19,91768.51
1986-12-22,91222.07
1986-12-23,90727.88
1986-12-24,92977.18
1986-12-26,92757.88
1986-12-29,92557.82
1986-12-30,93464.7
1986-12-31,92781.5
1987-01-02,92160.24
1987-01-05,94284.22
1987-01-06,93801.74
1987-01-07,94678.82
1987-01-08,95144.28
1987-01-09,94398.95
1987-01-12,95684.88
1987-01-13,96030.38
1987-01-14,97475.18
1987-01-15,99163.32
1987-01-16,100910.06
1987-01-19,100074.07
1987-01-20,98607.91
1987-01-21,98904
1987-01-22,101727.8
1987-01-23,99860.88
1987-01-26,99107.42
1987-01-27,101915.06
1987-01-28,102663.8
1987-01-29,103312.71
1987-01-30,102794.61
1987-02-02,103697.98
1987-02-03,103336.68
1987-02-04,105318
1987-02-05,105801.33
1987-02-06,105186.58
1987-02-09,106851.36
1987-02-10,108661.09
1987-02-11,107305.21
1987-02-12,104946.6
1987-02-13,104936.17
1987-02-17,107314.83
1987-02-18,106866.48
1987-02-19,108383.58
1987-02-20,110029.9
1987-02-23,107907.55
1987-02-24,107316.91
1987-02-25,107484.82
1987-02-26,106298.37
1987-02-27,105998.7
1987-03-02,105939.17
1987-03-03,107392.55
1987-03-04,110757.22
1987-03-05,109723.32
1987-03-06,110489.74
1987-03-09,110913.7
1987-03-10,109832.57
1987-03-11,108127.34
1987-03-12,111059.52
1987-03-13,111370.45
1987-03-16,111658.78
1987-03-17,113004.19
1987-03-18,113572.05
1987-03-19,113998.64
1987-03-20,115193.81
1987-03-23,114595.78
1987-03-24,115961.54
1987-03-25,116751.2
1987-03-26,117349.44
1987-03-27,117898.18
1987-03-30,116421.96
1987-03-31,114935.46
1987-04-01,114420.26
1987-04-02,116624.12
1987-04-03,116657.66
1987-04-06,117709.55
1987-04-07,117528.72
1987-04-08,119057.15
1987-04-09,119470.68
1987-04-10,121824.28
1987-04-13,119797.7
1987-04-14,117446.81
1987-04-15,119499.44
1987-04-16,119384.64
1987-04-20,119961.82
1987-04-21,121133.73
1987-04-22,119085.73
1987-04-23,120193.78
1987-04-24,119449.4
1987-04-27,120614.2
1987-04-28,123806.27
1987-04-29,125130.76
1987-04-30,126367.86
1987-05-01,129345.7
1987-05-04,129343.34
1987-05-05,129183.26
1987-05-06,128208.03
1987-05-07,127649.53
1987-05-08,126444.28
1987-05-11,125637.6
1987-05-12,125995.94
1987-05-13,124733.04
1987-05-14,124725.78
1987-05-15,123431.61
1987-05-18,123107.53
1987-05-19,120377.2
1987-05-20,121087.89
1987-05-21,122406.22
1987-05-22,123914.08
1987-05-26,126242.58
1987-05-27,128151.82
1987-05-28,127308.11
1987-05-29,126267.36
1987-06-01,125941.75
1987-06-02,124876.55
1987-06-03,126025.64
1987-06-04,126593.41
1987-06-05,125419.07
1987-06-08,128251.99
1987-06-09,127158.17
1987-06-10,130067.48
1987-06-11,127975.57
1987-06-12,129507.65
1987-06-15,126936.51
1987-06-16,126554.73
1987-06-17,126617.26
1987-06-18,126317.95
1987-06-19,125055.75
1987-06-22,124583.5
1987-06-23,121848.32
1987-06-24,121710.62
1987-06-25,121690.67
1987-06-26,123380.09
1987-06-29,124344.18
1987-06-30,122627.23
1987-07-01,122081.1
1987-07-02,120774.57
1987-07-06,122936.53
1987-07-07,123545.8
1987-07-08,126195.87
1987-07-09,125268.65
1987-07-10,124103.09
1987-07-13,123137.66
1987-07-14,124705.17
1987-07-15,126114.15
1987-07-16,127329.76
1987-07-17,128944.87
1987-07-20,126513.3
1987-07-21,123324.87
1987-07-22,123403.13
1987-07-23,122623.7
1987-07-24,122785.68
1987-07-27,122014.87
1987-07-28,122952.56
1987-07-29,122015.69
1987-07-30,124203.01
1987-07-31,123114.42
1987-08-03,123554.61
1987-08-04,123646.63
1987-08-05,121979
1987-08-06,122526.89
1987-08-07,120459.69
1987-08-10,121446.83
1987-08-11,122977.35
1987-08-12,124243.39
1987-08-13,125726.67
1987-08-14,124114.36
1987-08-17,126313.19
1987-08-18,124352.37
1987-08-19,125527.09
1987-08-20,126197.9
1987-08-21,126588.07
1987-08-24,124349.49
1987-08-25,127210.56
1987-08-26,127789.02
1987-08-27,128847.44
1987-08-28,129448.02
1987-08-31,131862.75
1987-09-01,129113.81
1987-09-02,129152.44
1987-09-03,128360.67
1987-09-04,127791.78
1987-09-08,125396.76
1987-09-09,124018.22
1987-09-10,127850.24
1987-09-11,128840.64
1987-09-14,126558.7
1987-09-15,125441.55
1987-09-16,125370.07
1987-09-17,124742.47
1987-09-18,126305.38
1987-09-21,127547.24
1987-09-22,128612.52
1987-09-23,128551.88
1987-09-24,127602.26
1987-09-25,127945.26
1987-09-28,128628.23
1987-09-29,130129.19
1987-09-30,129874.07
1987-10-01,129813.73
1987-10-02,129181.99
1987-10-05,128301.5
1987-10-06,124334.09
1987-10-07,124264.84
1987-10-08,123198.64
1987-10-09,121988.73
1987-10-12,118926.5
1987-10-13,118141.36
1987-10-14,115109.08
1987-10-15,115455.23
1987-10-16,113783.2
1987-10-19,111846.48
1987-10-20,114792.84
1987-10-21,116068.86
1987-10-22,112243.39
1987-10-23,110447.15
1987-10-26,113161.02
1987-10-27,112028.37
1987-10-28,110659.72
1987-10-29,111917.19
1987-10-30,111007.08
1987-11-02,112562.72
1987-11-03,109349.68
1987-11-04,109695.88
1987-11-05,108652.42
1987-11-06,109190.18
1987-11-09,108083.1
1987-11-10,108146.15
1987-11-11,108608.16
1987-11-12,109568.72
1987-11-13,107073.45
1987-11-16,106709.66
1987-11-17,106163.84
1987-11-18,106259.78
1987-11-19,103755.97
1987-11-20,104720.55
1987-11-23,108137.4
1987-11-24,110828.29
1987-11-25,112332.67
1987-11-27,110881.61
1987-11-30,111837.94
1987-12-01,112647.09
1987-12-02,111093.74
1987-12-03,110877.43
1987-12-04,111044.5
1987-12-07,110423.01
1987-12-08,113608.62
1987-12-09,114693.34
1987-12-10,113591.8
1987-12-11,113497.23
1987-12-14,115263.26
1987-12-15,118745.28
1987-12-16,119977.06
1987-12-17,119148.94
1987-12-18,118171.84
1987-12-21,116067.74
1987-12-22,115885.22
1987-12-23,114438.2
1987-12-24,114635.43
1987-12-28,111272.59
1987-12-29,113645.2
1987-12-30,116275.16
1987-12-31,115235.55
1988-01-04,116816.21
1988-01-05,117038.06
1988-01-06,118601.88
1988-01-07,118410.52
1988-01-08,116675
1988-01-11,117141.58
1988-01-12,113592.54
1988-01-13,113230.21
1988-01-14,112190.62
1988-01-15,111766.98
1988-01-18,111481.49
1988-01-19,111492.1
1988-01-20,109844.37
1988-01-21,112847.5
1988-01-22,112465.21
1988-01-25,110589.57
1988-01-26,111179.39
1988-01-27,113180.04
1988-01-28,115660.71
1988-01-29,117015.1
1988-02-01,116290.15
1988-02-02,116415.99
1988-02-03,115064.07
1988-02-04,114862.88
1988-02-05,115948.68
1988-02-08,114874.2
1988-02-09,115005.97
1988-02-10,118896.89
1988-02-11,118227.99
1988-02-12,119228.05
1988-02-16,122037.75
1988-02-17,120981.8
1988-02-18,123276.85
1988-02-19,122534.2
1988-02-22,124182.84
1988-02-23,123491.22
1988-02-24,122509.8
1988-02-25,119910.63
1988-02-26,121382.95
1988-02-29,124756.91
1988-03-01,123259.52
1988-03-02,123279.3
1988-03-03,123129.17
1988-03-04,123128.93
1988-03-07,125135.93
1988-03-08,126297.93
1988-03-09,126236.76
1988-03-10,127363.21
1988-03-11,128913.42
1988-03-14,131717.52
1988-03-15,132146.52
1988-03-16,133091.72
1988-03-17,137097.25
1988-03-18,134249.23
1988-03-21,133928.17
1988-03-22,133113.33
1988-03-23,132835.43
1988-03-24,129249.07
1988-03-25,128445.68
1988-03-28,126870.41
1988-03-29,129648.82
1988-03-30,129414.26
1988-03-31,132362.64
1988-04-04,130682
1988-04-05,131073.58
1988-04-06,134294.25
1988-04-07,133703.52
1988-04-08,136251.88
1988-04-11,134064.2
1988-04-12,133294.41
1988-04-13,134815.58
1988-04-14,132782.16
1988-04-15,133678.4
1988-04-18,134005.51
1988-04-19,135373.85
1988-04-20,135048.84
1988-04-21,132249.65
1988-04-22,134109.54
1988-04-25,134308.23
1988-04-26,136534.13
1988-04-27,137004.4
1988-04-28,134875.21
1988-04-29,134228.16
1988-05-02,133013
1988-05-03,131069
1988-05-04,130045.81
1988-05-05,126455.7
1988-05-06,126059.9
1988-05-09,126697.97
1988-05-10,125198.06
1988-05-11,124219.18
1988-05-12,122010.11
1988-05-13,122949.93
1988-05-16,124276.69
1988-05-17,124353.24
1988-05-18,122484.95
1988-05-19,120868.45
1988-05-20,122743.81
1988-05-23,123452.61
1988-05-24,122691.19
1988-05-25,124268.16
1988-05-26,126948.19
1988-05-27,128243.52
1988-05-31,129908.76
1988-06-01,129687.66
1988-06-02,130344.67
1988-06-03,130910.58
1988-06-06,131118.53
1988-06-07,129619.5
1988-06-08,134047.3
1988-06-09,134223.63
1988-06-10,134152.19
1988-06-13,135287.29
1988-06-14,135995.57
1988-06-15,137792.65
1988-06-16,134485.41
1988-06-17,135943.26
1988-06-20,134918.49
1988-06-21,133635.44
1988-06-22,135061.88
1988-06-23,133537.52
1988-06-24,130205.28
1988-06-27,129928.57
1988-06-28,129274
1988-06-29,127491.95
1988-06-30,126963.76
1988-07-01,127792.06
1988-07-05,128062.71
1988-07-06,127549.89
1988-07-07,124530.03
1988-07-08,126225.67
1988-07-11,125188.66
1988-07-12,124004.65
1988-07-13,127311.68
1988-07-14,126036.12
1988-07-15,125695.08
1988-07-18,124755.89
1988-07-19,124409.88
1988-07-20,126676.73
1988-07-21,125731.84
1988-07-22,123967.95
1988-07-25,125272.6
1988-07-26,126578.45
1988-07-27,126156.12
1988-07-28,127962.92
1988-07-29,130671.95
1988-08-01,129384.23
1988-08-02,127403.68
1988-08-03,126209.66
1988-08-04,125331.42
1988-08-05,120924.44
1988-08-08,119789.68
1988-08-09,118305.69
1988-08-10,116472.37
1988-08-11,116895.23
1988-08-12,116698.12
1988-08-15,114929.59
1988-08-16,117073.23
1988-08-17,119314.8
1988-08-18,120262.56
1988-08-19,119339.46
1988-08-22,118385.58
1988-08-23,120660.42
1988-08-24,121240.9
1988-08-25,120862.17
1988-08-26,121674.77
1988-08-29,120969.78
1988-08-30,121268.02
1988-08-31,122234.84
1988-09-01,121225.36
1988-09-02,123488.28
1988-09-06,124032.04
1988-09-07,124670.79
1988-09-08,126664.55
1988-09-09,124927.01
1988-09-12,126394.16
1988-09-13,128368.5
1988-09-14,129170.97
1988-09-15,129634.98
1988-09-16,129074.1
1988-09-19,125634.46
1988-09-20,127914.97
1988-09-21,130459.13
1988-09-22,127335.37
1988-09-23,127732.03
1988-09-26,129111.47
1988-09-27,127678.76
1988-09-28,127999.62
1988-09-29,127850.19
1988-09-30,127411.5
1988-10-03,127155.62
1988-10-04,127435.13
1988-10-05,127933
1988-10-06,127317
1988-10-07,128303.47
1988-10-10,127959.41
1988-10-11,126160.64
1988-10-12,124218.13
1988-10-13,125644.71
1988-10-14,123822.4
1988-10-17,125517.78
1988-10-18,126448.88
1988-10-19,127692.47
1988-10-20,129248.11
1988-10-21,129398.86
1988-10-24,130172.98
1988-10-25,131254.24
1988-10-26,132828.02
1988-10-27,133851.92
1988-10-28,135769.7
1988-10-31,138049.89
1988-11-01,136501.75
1988-11-02,137383.42
1988-11-03,138244
1988-11-04,137857.5
1988-11-07,139998.98
1988-11-08,140140.75
1988-11-09,141987.34
1988-11-10,141870.07
1988-11-11,140906.1
1988-11-14,139612.18
1988-11-15,142060.82
1988-11-16,142411.2
1988-11-17,142056.92
1988-11-18,143097.84
1988-11-21,142883.32
1988-11-22,143131.5
1988-11-23,141732.73
1988-11-25,140361.55
1988-11-28,141292.26
1988-11-29,142206.2
1988-11-30,145952.34
1988-12-01,145668.6
1988-12-02,144214.31
1988-12-05,145818.86
1988-12-06,146492.24
1988-12-07,146347.19
1988-12-08,145096.97
1988-12-09,147286.63
1988-12-12,146435.32
1988-12-13,146243.62
1988-12-14,144119.31
1988-12-15,144347.83
1988-12-16,146502.94
1988-12-19,145617.25
1988-12-20,144795.88
1988-12-21,144222.12
1988-12-22,144404.57
1988-12-23,147939.35
1988-12-27,146118.42
1988-12-28,145414.56
1988-12-29,146848.49
1988-12-30,146833.62
1989-01-03,146005.29
1989-01-04,148322.74
1989-01-05,148302.66
1989-01-06,148169.83
1989-01-09,147448.85
1989-01-10,146164.57
1989-01-11,148625.12
1989-01-12,149574.67
1989-01-13,152232.92
1989-01-16,153060.02
1989-01-17,152171.46
1989-01-18,152894.54
1989-01-19,151838.79
1989-01-20,151424.05
1989-01-23,149348.54
1989-01-24,150556.46
1989-01-25,147419.47
1989-01-26,147769.2
1989-01-27,148355.98
1989-01-30,149969.3
1989-01-31,149749.15
1989-02-01,149929.62
1989-02-02,151137.16
1989-02-03,153137.16
1989-02-06,153328.86
1989-02-07,155837.23
1989-02-08,155416.63
1989-02-09,154570.88
1989-02-10,151081.66
1989-02-13,151708.93
1989-02-14,153147.8
1989-02-15,152893.7
1989-02-16,153087.21
1989-02-17,152103.03
1989-02-21,149437.51
1989-02-22,148847.52
1989-02-23,149747.95
1989-02-24,149163.07
1989-02-27,149562.04
1989-02-28,150331.38
1989-03-01,150365.8
1989-03-02,151589.29
1989-03-03,151575.96
1989-03-06,151652.21
1989-03-07,150093.7
1989-03-08,151365.06
1989-03-09,152459.45
1989-03-10,151911.16
1989-03-13,152840.92
1989-03-14,153852.3
1989-03-15,152767.72
1989-03-16,155474.14
1989-03-17,152288.29
1989-03-20,149827.84
1989-03-21,150963.44
1989-03-22,149999.12
1989-03-23,149347.2
1989-03-27,147401.36
1989-03-28,147573.67
1989-03-29,147947.13
1989-03-30,147129.35
1989-03-31,147571.44
1989-04-03,146729.8
1989-04-04,144027.78
1989-04-05,143699.64
1989-04-06,142888.86
1989-04-07,143553.61
1989-04-10,143372.83
1989-04-11,142910.94
1989-04-12,143408.33
1989-04-13,144575.84
1989-04-14,147497.95
1989-04-17,148619.74
1989-04-18,150759.57
1989-04-19,150205
1989-04-20,149507.25
1989-04-21,151272.77
1989-04-24,151396.07
1989-04-25,149665.97
1989-04-26,148445.61
1989-04-27,148202.05
1989-04-28,149003.56
1989-05-01,148768.88
1989-05-02,146861.55
1989-05-03,146214.6
1989-05-04,146139.51
1989-05-05,145207.11
1989-05-08,147214.46
1989-05-09,146306.66
1989-05-10,147992.98
1989-05-11,148770.43
1989-05-12,150865.29
1989-05-15,149504.39
1989-05-16,148587.24
1989-05-17,149685.5
1989-05-18,149306.52
1989-05-19,149780.19
1989-05-22,148387.91
1989-05-23,145725.17
1989-05-24,144531.56
1989-05-25,144243.39
1989-05-26,143922.87
1989-05-30,140514.75
1989-05-31,141204.29
1989-06-01,139756.51
1989-06-02,140319.79
1989-06-05,137195.34
1989-06-06,138065.81
1989-06-07,139750.63
1989-06-08,140717.68
1989-06-09,139133.49
1989-06-12,138563.64
1989-06-13,137847.67
1989-06-14,138118.33
1989-06-15,137375.78
1989-06-16,136003.77
1989-06-19,135086.26
1989-06-20,136166.84
1989-06-21,137149.55
1989-06-22,139017.76
1989-06-23,140481.64
1989-06-26,139638.7
1989-06-27,141167.68
1989-06-28,139527.2
1989-06-29,139045.9
1989-06-30,139095.96
1989-07-03,138594.68
1989-07-05,139411.68
1989-07-06,140272.31
1989-07-07,143683.2
1989-07-10,144917.53
1989-07-11,143318.08
1989-07-12,143505.66
1989-07-13,142525.09
1989-07-14,144239.73
1989-07-17,144553.21
1989-07-18,145552.1
1989-07-19,149294.29
1989-07-20,150365.52
1989-07-21,154255.69
1989-07-24,152058.7
1989-07-25,151414.73
1989-07-26,155015.64
1989-07-27,155728.59
1989-07-28,154608.53
1989-07-31,156234.45
1989-08-01,155493.54
1989-08-02,154898.8
1989-08-03,156299.04
1989-08-04,157471.73
1989-08-07,159140
1989-08-08,158276.42
1989-08-09,159957.69
1989-08-10,158919.2
1989-08-11,156632.43
1989-08-14,154793.02
1989-08-15,152516.29
1989-08-16,153225.29
1989-08-17,152537.71
1989-08-18,155476.16
1989-08-21,152989.48
1989-08-22,154002.95
1989-08-23,154402.11
1989-08-24,157791.33
1989-08-25,156074
1989-08-28,153988.71
1989-08-29,152358.05
1989-08-30,152293.28
1989-08-31,149597.51
1989-09-01,150480.49
1989-09-05,152060.63
1989-09-06,150023.98
1989-09-07,148904.44
1989-09-08,150816.87
1989-09-11,151342.71
1989-09-12,151397.92
1989-09-13,149895.13
1989-09-14,148062.09
1989-09-15,151571.6
1989-09-18,152166.2
1989-09-19,152935.43
1989-09-20,153118.87
1989-09-21,152149.19
1989-09-22,154923.07
1989-09-25,153687.9
1989-09-26,150977.42
1989-09-27,151740.16
1989-09-28,154396.74
1989-09-29,156039.57
1989-10-02,155183.33
1989-10-03,154472.98
1989-10-04,156806.06
1989-10-05,155588.2
1989-10-06,153583.75
1989-10-09,154239.07
1989-10-10,150313.56
1989-10-11,150420.65
1989-10-12,148844.43
1989-10-13,147288.73
1989-10-16,148790.4
1989-10-17,145902.12
1989-10-18,143787.29
1989-10-19,145563.4
1989-10-20,147357.53
1989-10-23,148963.27
1989-10-24,148161.03
1989-10-25,148763.77
1989-10-26,148773.6
1989-10-27,148671.5
1989-10-30,149037.24
1989-10-31,150055.25
1989-11-01,151236.67
1989-11-02,149216.13
1989-11-03,150733.76
1989-11-06,147331.42
1989-11-07,151416.17
1989-11-08,152498.08
1989-11-09,153261.72
1989-11-10,154632.73
1989-11-13,155951.11
1989-11-14,155962.98
1989-11-15,155927.75
1989-11-16,157602.01
1989-11-17,156624.63
1989-11-20,156501.93
1989-11-21,154376.29
1989-11-22,154901.56
1989-11-24,155785.59
1989-11-27,155310.36
1989-11-28,157629.37
1989-11-29,157399.16
1989-11-30,157396.38
1989-12-01,158130.3
1989-12-04,159585.1
1989-12-05,158033.25
1989-12-06,157630.2
1989-12-07,157708.14
1989-12-08,162481.04
1989-12-11,161784.27
1989-12-12,159684.62
1989-12-13,160729.58
1989-12-14,161128.96
1989-12-15,160099.19
1989-12-18,157120.37
1989-12-19,154965.68
1989-12-20,155120.32
1989-12-21,156697.71
1989-12-22,157566.41
1989-12-26,158763
1989-12-27,160275.37
1989-12-28,161705.8
1989-12-29,163137.98
1990-01-02,163894.85
1990-01-03,163243.86
1990-01-04,163639.29
1990-01-05,164667.59
1990-01-08,164785.41
1990-01-09,160923.43
1990-01-10,161907.91
1990-01-11,162231.61
1990-01-12,162145.2
1990-01-15,160998.12
1990-01-16,164254.48
1990-01-17,163962.32
1990-01-18,164633.94
1990-01-19,166207.83
1990-01-22,162894.84
1990-01-23,161311.57
1990-01-24,161569.29
1990-01-25,156892.3
1990-01-26,154898.62
1990-01-29,155358.58
1990-01-30,156100.28
1990-01-31,156836.85
1990-02-01,156411.61
1990-02-02,157183.42
1990-02-05,157334.73
1990-02-06,155209.41
1990-02-07,156281.78
1990-02-08,156929.39
1990-02-09,154103.99
1990-02-12,151613.71
1990-02-13,151939.49
1990-02-14,150864.45
1990-02-15,151334.14
1990-02-16,148501.91
1990-02-20,143674.49
1990-02-21,144597.12
1990-02-22,144426.63
1990-02-23,143036.21
1990-02-26,145628.2
1990-02-27,144474.73
1990-02-28,146201.94
1990-03-01,142957.93
1990-03-02,144238.16
1990-03-05,139547.56
1990-03-06,140756.54
1990-03-07,136318.26
1990-03-08,137737.66
1990-03-09,136907.49
1990-03-12,138648.1
1990-03-13,137874.11
1990-03-14,138122.68
1990-03-15,136009.22
1990-03-16,136860.6
1990-03-19,136715.67
1990-03-20,136545.74
1990-03-21,134108.57
1990-03-22,133290.65
1990-03-23,132045.21
1990-03-26,132191.41
1990-03-27,130726.71
1990-03-28,128549.3
1990-03-29,130866.26
1990-03-30,131641.99
1990-04-02,131127.83
1990-04-03,132215.46
1990-04-04,133797.05
1990-04-05,133204.88
1990-04-06,131776.48
1990-04-09,128929.87
1990-04-10,131562.96
1990-04-11,132277.93
1990-04-12,133555.44
1990-04-16,133898.13
1990-04-17,135945.24
1990-04-18,133039.96
1990-04-19,132368.23
1990-04-20,131280.88
1990-04-23,131202.62
1990-04-24,134094.05
1990-04-25,131399.49
1990-04-26,131639.8
1990-04-27,128762.1
1990-04-30,130148
1990-05-01,131784.4
1990-05-02,135904.76
1990-05-03,137680.79
1990-05-04,137814.78
1990-05-07,140518.97
1990-05-08,140010.78
1990-05-09,139915.02
1990-05-10,141264.92
1990-05-11,145437.09
1990-05-14,149867.11
1990-05-15,148777.96
1990-05-16,147022.79
1990-05-17,147167.44
1990-05-18,145961.02
1990-05-21,146996.7
1990-05-22,148405.32
1990-05-23,147654.65
1990-05-24,145283.03
1990-05-25,141263.46
1990-05-29,144093.6
1990-05-30,145406.74
1990-05-31,144711.9
1990-06-01,147037.18
1990-06-04,148734.88
1990-06-05,149341.98
1990-06-06,150443.16
1990-06-07,146673.08
1990-06-08,145089.85
1990-06-11,147480.97
1990-06-12,151397.52
1990-06-13,150354.69
1990-06-14,150602.72
1990-06-15,150998.39
1990-06-18,149058.84
1990-06-19,149456.48
1990-06-20,150419.11
1990-06-21,147711.77
1990-06-22,143100.98
1990-06-25,141648.55
1990-06-26,138607.01
1990-06-27,140414.83
1990-06-28,142684.67
1990-06-29,143420.25
1990-07-02,144297.09
1990-07-03,144381.68
1990-07-05,143146.07
1990-07-06,140131.66
1990-07-09,140300.73
1990-07-10,140899.1
1990-07-11,139467.5
1990-07-12,139924.03
1990-07-13,140111.4
1990-07-16,142750.49
1990-07-17,141900.22
1990-07-18,145759.76
1990-07-19,147279.29
1990-07-20,144140.74
1990-07-23,143439.49
1990-07-24,144204.54
1990-07-25,146038.8
1990-07-26,144449.34
1990-07-27,142638.88
1990-07-30,145972.2
1990-07-31,145493.77
1990-08-01,144223.83
1990-08-02,142418.27
1990-08-03,141043.66
1990-08-06,136333.53
1990-08-07,135486.74
1990-08-08,135416.87
1990-08-09,135973.99
1990-08-10,132591.85
1990-08-13,133426.98
1990-08-14,132925.79
1990-08-15,133537.84
1990-08-16,129926.2
1990-08-17,131124.97
1990-08-20,129794.36
1990-08-21,127465.37
1990-08-22,127126.11
1990-08-23,125010.5
1990-08-24,126920.53
1990-08-27,130404.35
1990-08-28,129902.59
1990-08-29,130434.93
1990-08-30,130700.56
1990-08-31,131709.7
1990-09-04,131192.11
1990-09-05,133205.9
1990-09-06,129833.1
1990-09-07,130631.45
1990-09-10,129873.1
1990-09-11,133738.53
1990-09-12,132664.61
1990-09-13,129094.45
1990-09-14,125838.33
1990-09-17,127097.51
1990-09-18,126019.85
1990-09-19,122758.73
1990-09-20,119340.21
1990-09-21,118724.66
1990-09-24,119395.85
1990-09-25,118211.6
1990-09-26,116032.06
1990-09-27,115170.13
1990-09-28,113921.01
1990-10-01,116791.78
1990-10-02,119918.83
1990-10-03,118281.61
1990-10-04,115204.74
1990-10-05,117266.07
1990-10-08,118382.06
1990-10-09,113687.09
1990-10-10,110483.03
1990-10-11,109308.77
1990-10-12,112095.08
1990-10-15,114064.55
1990-10-16,114314.69
1990-10-17,115385.11
1990-10-18,117116.06
1990-10-19,119668.69
1990-10-22,122609.52
1990-10-23,122070.23
1990-10-24,124148.65
1990-10-25,124199.22
1990-10-26,127482.22
1990-10-29,127530.81
1990-10-30,128022.86
1990-10-31,130582.16
1990-11-01,131239.47
1990-11-02,134344.59
1990-11-05,131370.35
1990-11-06,129210.47
1990-11-07,127861.79
1990-11-08,129569.83
1990-11-09,131545.95
1990-11-12,128413.64
1990-11-13,129813.47
1990-11-14,127670.45
1990-11-15,126055.24
1990-11-16,124033.51
1990-11-19,125544.3
1990-11-20,123118.77
1990-11-21,124067.12
1990-11-23,121462.35
1990-11-26,126140.72
1990-11-27,128933.25
1990-11-28,124959.1
1990-11-29,123941.74
1990-11-30,123323.67
1990-12-03,122952.01
1990-12-04,126169.29
1990-12-05,127996.56
1990-12-06,126792.85
1990-12-07,124691.15
1990-12-10,128413.41
1990-12-11,125386.11
1990-12-12,123945.54
1990-12-13,122325.51
1990-12-14,119767.28
1990-12-17,122516.76
1990-12-18,128334.64
1990-12-19,128379.72
1990-12-20,128105.2
1990-12-21,129038.92
1990-12-24,128491.07
1990-12-26,129163.86
1990-12-27,127314.37
1990-12-28,125966.01
1990-12-31,125441.3
1991-01-02,125088.21
1991-01-03,122991.22
1991-01-04,125635.45
1991-01-07,121668.08
1991-01-08,121288.65
1991-01-09,120844.84
1991-01-10,119286.57
1991-01-11,118328.42
1991-01-14,120838.1
1991-01-15,118952.54
1991-01-16,117074.62
1991-01-17,120574.69
1991-01-18,122643.35
1991-01-21,126061.22
1991-01-22,124883.19
1991-01-23,126489.48
1991-01-24,128631.8
1991-01-25,125675.69
1991-01-28,130482.45
1991-01-29,129625.01
1991-01-30,128908.05
1991-01-31,129266.67
1991-02-01,126701.23
1991-02-04,128367.16
1991-02-05,128318.8
1991-02-06,131551.29
1991-02-07,128852.44
1991-02-08,129363.88
1991-02-11,134630.19
1991-02-12,132662.85
1991-02-13,131982.33
1991-02-14,130532.1
1991-02-15,136293.86
1991-02-19,137928.93
1991-02-20,137535.44
1991-02-21,135965.79
1991-02-22,138056.84
1991-02-25,138135.22
1991-02-26,140176.93
1991-02-27,144967.98
1991-02-28,142866.91
1991-03-01,142849.19
1991-03-04,141654.5
1991-03-05,144675.06
1991-03-06,143447.84
1991-03-07,141690.34
1991-03-08,138872.19
1991-03-11,137789.33
1991-03-12,134820.95
1991-03-13,137252.93
1991-03-14,134779.03
1991-03-15,137234.11
1991-03-18,137286.06
1991-03-19,135162.76
1991-03-20,141557.39
1991-03-21,137472.29
1991-03-22,137411.69
1991-03-25,136068.61
1991-03-26,138053.76
1991-03-27,138545.26
1991-03-28,134605.42
1991-04-01,128714.35
1991-04-02,128465.17
1991-04-03,129360.63
1991-04-04,129453.31
1991-04-05,127052.3
1991-04-08,126570.87
1991-04-09,122864.04
1991-04-10,122981.97
1991-04-11,127512.14
1991-04-12,129239.21
1991-04-15,129849.85
1991-04-16,133790.6
1991-04-17,134091.2
1991-04-18,132469.09
1991-04-19,131279.1
1991-04-22,131799.3
1991-04-23,133191.13
1991-04-24,135118.42
1991-04-25,136319.44
1991-04-26,132762.69
1991-04-29,132708.8
1991-04-30,135938.3
1991-05-01,138266.17
1991-05-02,140369.84
1991-05-03,139716.63
1991-05-06,140188.15
1991-05-07,138496.97
1991-05-08,136111.36
1991-05-09,136515.66
1991-05-10,133607.74
1991-05-13,130623.38
1991-05-14,128805.57
1991-05-15,129774.2
1991-05-16,129027.3
1991-05-17,128896.22
1991-05-20,128588.74
1991-05-21,133280.28
1991-05-22,133986.37
1991-05-23,131721.15
1991-05-24,134736.98
1991-05-28,134515.43
1991-05-29,133825.54
1991-05-30,139538.56
1991-05-31,137567.19
1991-06-03,138511.27
1991-06-04,140125.55
1991-06-05,140893.67
1991-06-06,141280.53
1991-06-07,140322.3
1991-06-10,137677.36
1991-06-11,138958.14
1991-06-12,135100.15
1991-06-13,137869.24
1991-06-14,144103.14
1991-06-17,143436.76
1991-06-18,141367.04
1991-06-19,137540.48
1991-06-20,136117.66
1991-06-21,137538.62
1991-06-24,135010.98
1991-06-25,131802.69
1991-06-26,129352.59
1991-06-27,129344.28
1991-06-28,127803.2
1991-07-01,129656.06
1991-07-02,130672.68
1991-07-03,126939.35
1991-07-05,128458.54
1991-07-08,129351.56
1991-07-09,125610.86
1991-07-10,125860
1991-07-11,127194.6
1991-07-12,132193.88
1991-07-15,131707.18
1991-07-16,132903.02
1991-07-17,134474
1991-07-18,136865.5
1991-07-19,137815.2
1991-07-22,137219.96
1991-07-23,133615.39
1991-07-24,129315.81
1991-07-25,130670.47
1991-07-26,129629.4
1991-07-29,133551
1991-07-30,133351.96
1991-07-31,133856.42
1991-08-01,130417.84
1991-08-02,130895.37
1991-08-05,129575.43
1991-08-06,131564.57
1991-08-07,131308.94
1991-08-08,130254.05
1991-08-09,131543.4
1991-08-12,136151.8
1991-08-13,135494.73
1991-08-14,135759.28
1991-08-15,136968.73
1991-08-16,135418.7
1991-08-19,133824.71
1991-08-20,133738.43
1991-08-21,139500.63
1991-08-22,138688.08
1991-08-23,136866.78
1991-08-26,133041.05
1991-08-27,135226.17
1991-08-28,133805.37
1991-08-29,133633.22
1991-08-30,131258.87
1991-09-03,127514.77
1991-09-04,126749.41
1991-09-05,126370.91
1991-09-06,126959.82
1991-09-09,127672.92
1991-09-10,127426.69
1991-09-11,128490.61
1991-09-12,128637.45
1991-09-13,128251.85
1991-09-16,127677.75
1991-09-17,128011.06
1991-09-18,128368.03
1991-09-19,130244.63
1991-09-20,130936.3
1991-09-23,128987.4
1991-09-24,134393.62
1991-09-25,132232.71
1991-09-26,134455.91
1991-09-27,136838.15
1991-09-30,138174.36
1991-10-01,139593.56
1991-10-02,138888.78
1991-10-03,138612.82
1991-10-04,136290.44
1991-10-07,134456.46
1991-10-08,135055.13
1991-10-09,132212.55
1991-10-10,133382.26
1991-10-11,134742.13
1991-10-14,135911.02
1991-10-15,138374.13
1991-10-16,138863.53
1991-10-17,140398.27
1991-10-18,140018.12
1991-10-21,139603.66
1991-10-22,138854.4
1991-10-23,138380.57
1991-10-24,135996.35
1991-10-25,138016.6
1991-10-28,140820.73
1991-10-29,141933.16
1991-10-30,140835.93
1991-10-31,140324.39
1991-11-01,139442.28
1991-11-04,140934.4
1991-11-05,139767.22
1991-11-06,139695.48
1991-11-07,141253.24
1991-11-08,139427.63
1991-11-11,140604.68
1991-11-12,142563.94
1991-11-13,142718.91
1991-11-14,141442.51
1991-11-15,136929.11
1991-11-18,138228.26
1991-11-19,137722.36
1991-11-20,135934.72
1991-11-21,135560.83
1991-11-22,136734.19
1991-11-25,136703.51
1991-11-26,136890.16
1991-11-27,134770.1
1991-11-29,133944.21
1991-12-02,135710.44
1991-12-03,135061.6
1991-12-04,134596.99
1991-12-05,133142.64
1991-12-06,133042.83
1991-12-09,131307.45
1991-12-10,131643.95
1991-12-11,132853.4
1991-12-12,133428.84
1991-12-13,133365.66
1991-12-16,135439.75
1991-12-17,137143.88
1991-12-18,137167.94
1991-12-19,136604.88
1991-12-20,136821.65
1991-12-23,139217.86
1991-12-24,137460.76
1991-12-26,139637.56
1991-12-27,138287.51
1991-12-30,142214.94
1991-12-31,140504.3
1992-01-02,141463.32
1992-01-03,140290.94
1992-01-06,139967.85
1992-01-07,141276.25
1992-01-08,139387.66
1992-01-09,136790.71
1992-01-10,135897.94
1992-01-13,137599.18
1992-01-14,137785.08
1992-01-15,139184.99
1992-01-16,140245.69
1992-01-17,141649.39
1992-01-20,141880.6
1992-01-21,139759.53
1992-01-22,141792.83
1992-01-23,138578.05
1992-01-24,139905.42
1992-01-27,138794.52
1992-01-28,138835.62
1992-01-29,139361.32
1992-01-30,140677.27
1992-01-31,137734.05
1992-02-03,138806.96
1992-02-04,139166.98
1992-02-05,137161.51
1992-02-06,136678.64
1992-02-07,134288.31
1992-02-10,135104.73
1992-02-11,137227.88
1992-02-12,138721.2
1992-02-13,136287.43
1992-02-14,137610.38
1992-02-18,137247.1
1992-02-19,135875.43
1992-02-20,136315
1992-02-21,135243.98
1992-02-24,134193.89
1992-02-25,134288.52
1992-02-26,133873.97
1992-02-27,133986.05
1992-02-28,132940.96
1992-03-02,130591.86
1992-03-03,129802.78
1992-03-04,127872.48
1992-03-05,128425.82
1992-03-06,130423.54
1992-03-09,129653.42
1992-03-10,131403.26
1992-03-11,131345.82
1992-03-12,130895.55
1992-03-13,131717
1992-03-16,130488.09
1992-03-17,129556.44
1992-03-18,130100.53
1992-03-19,129552.62
1992-03-20,130386.85
1992-03-23,127131.94
1992-03-24,125695.59
1992-03-25,125915.21
1992-03-26,125567.93
1992-03-27,125522.56
1992-03-30,124183.83
1992-03-31,124241.85
1992-04-01,124690.96
1992-04-02,124077.19
1992-04-03,124625.19
1992-04-06,124534.45
1992-04-07,122223.71
1992-04-08,122440.68
1992-04-09,123800.64
1992-04-10,125002.47
1992-04-13,124727.16
1992-04-14,125620.58
1992-04-15,126978.24
1992-04-16,127474.23
1992-04-20,125755.97
1992-04-21,124982.26
1992-04-22,122553.49
1992-04-23,122743.97
1992-04-24,124072.51
1992-04-27,124948.42
1992-04-28,123156.49
1992-04-29,123507.26
1992-04-30,124693.68
1992-05-01,123795.08
1992-05-04,126113.75
1992-05-05,126293.43
1992-05-06,127012.27
1992-05-07,127270.81
1992-05-08,127924.94
1992-05-11,128534.92
1992-05-12,127271.19
1992-05-13,128566.15
1992-05-14,128455.81
1992-05-15,127973.74
1992-05-18,130709.66
1992-05-19,132862.06
1992-05-20,133009.35
1992-05-21,131444.08
1992-05-22,133761.57
1992-05-26,132417.96
1992-05-27,131395.89
1992-05-28,133603.6
1992-05-29,132696.58
1992-06-01,132043.57
1992-06-02,131089.72
1992-06-03,131153.98
1992-06-04,129067.7
1992-06-05,128019.2
1992-06-08,127059.51
1992-06-09,126204.2
1992-06-10,125678.57
1992-06-11,124564.74
1992-06-12,123298.8
1992-06-15,123060.38
1992-06-16,124658.85
1992-06-17,121746.06
1992-06-18,122012.62
1992-06-19,122593.31
1992-06-22,122685.86
1992-06-23,124416.62
1992-06-24,122435.25
1992-06-25,123126.42
1992-06-26,124049.62
1992-06-29,125406.32
1992-06-30,126679.92
1992-07-01,128565.84
1992-07-02,129266.33
1992-07-06,130169.64
1992-07-07,127869.93
1992-07-08,127223.44
1992-07-09,127079.33
1992-07-10,127309.88
1992-07-13,128622.73
1992-07-14,128563.52
1992-07-15,127090.4
1992-07-16,128091.45
1992-07-17,128385.57
1992-07-20,126359.05
1992-07-21,127301.9
1992-07-22,126070.51
1992-07-23,124346.31
1992-07-24,123860.64
1992-07-27,122150.05
1992-07-28,122869.99
1992-07-29,124291.19
1992-07-30,123619.26
1992-07-31,123693.93
1992-08-03,125639.48
1992-08-04,126265.84
1992-08-05,124149.47
1992-08-06,125871.52
1992-08-07,125314.82
1992-08-10,127316.2
1992-08-11,127748.27
1992-08-12,129244.26
1992-08-13,127936.67
1992-08-14,128147.38
1992-08-17,130537.83
1992-08-18,131317.99
1992-08-19,130987.17
1992-08-20,132140.23
1992-08-21,130395.41
1992-08-24,128856.79
1992-08-25,130317.8
1992-08-26,131299.21
1992-08-27,130907.6
1992-08-28,130270.89
1992-08-31,130922.37
1992-09-01,130384.55
1992-09-02,130409.2
1992-09-03,131594.66
1992-09-04,131486.82
1992-09-08,131037.3
1992-09-09,131177.24
1992-09-10,132616
1992-09-11,131693.31
1992-09-14,133501.61
1992-09-15,129541.63
1992-09-16,129338.73
1992-09-17,128684.01
1992-09-18,129444.04
1992-09-21,128551.8
1992-09-22,128169.1
1992-09-23,128500.55
1992-09-24,130158.56
1992-09-25,128593.65
1992-09-28,129503.43
1992-09-29,128383.22
1992-09-30,128000.14
1992-10-01,127788.24
1992-10-02,124972.06
1992-10-05,125058.78
1992-10-06,125732.32
1992-10-07,122958.21
1992-10-08,121008.31
1992-10-09,120245
1992-10-12,120725.12
1992-10-13,120421.55
1992-10-14,120394.02
1992-10-15,122061.64
1992-10-16,121534.89
1992-10-19,121581.77
1992-10-20,120570.54
1992-10-21,121198.92
1992-10-22,120179.89
1992-10-23,120691.1
1992-10-26,122766.39
1992-10-27,122635.18
1992-10-28,123418.23
1992-10-29,123192.98
1992-10-30,121663.43
1992-11-02,123087.55
1992-11-03,122720.3
1992-11-04,123346.42
1992-11-05,121075.16
1992-11-06,119921.44
1992-11-09,120804.05
1992-11-10,120326.39
1992-11-11,121533
1992-11-12,122453.1
1992-11-13,121567.56
1992-11-16,119783.88
1992-11-17,119675.48
1992-11-18,122159.45
1992-11-19,121996.88
1992-11-20,123150.21
1992-11-23,122311.98
1992-11-24,122590.38
1992-11-25,121372.32
1992-11-27,121847.57
1992-11-30,122504.7
1992-12-01,122474.27
1992-12-02,121739.47
1992-12-03,121936.62
1992-12-04,123829.1
1992-12-07,124766.2
1992-12-08,124716.82
1992-12-09,124144.35
1992-12-10,123018.14
1992-12-11,121998.74
1992-12-14,123543.93
1992-12-15,123528.35
1992-12-16,122766.97
1992-12-17,124429.52
1992-12-18,125887.92
1992-12-21,126595.66
1992-12-22,126958.28
1992-12-23,125291.08
1992-12-24,123163.39
1992-12-28,122631.04
1992-12-29,122194.3
1992-12-30,123596.8
1992-12-31,123224.47
1993-01-04,121780.47
1993-01-05,120912.78
1993-01-06,121373.63
1993-01-07,119748.07
1993-01-08,121143.15
1993-01-11,122457.91
1993-01-12,122710.92
1993-01-13,123101.52
1993-01-14,122011.73
1993-01-15,123463.13
1993-01-18,123034.7
1993-01-19,122499.4
1993-01-20,122268.67
1993-01-21,123337.25
1993-01-22,123430.78
1993-01-25,124228.76
1993-01-26,122208.43
1993-01-27,121002.04
1993-01-28,122174.6
1993-01-29,123138.12
1993-02-01,125694.28
1993-02-02,125033.49
1993-02-03,126903.21
1993-02-04,126904.17
1993-02-05,127654.53
1993-02-08,127547.07
1993-02-09,127960.82
1993-02-10,128020.06
1993-02-11,126722.95
1993-02-12,127146.4
1993-02-16,126777.63
1993-02-17,125002.67
1993-02-18,125597.22
1993-02-19,126718.24
1993-02-22,124936.47
1993-02-23,124311.1
1993-02-24,125565.23
1993-02-25,126708.26
1993-02-26,127003.3
1993-03-01,126369.33
1993-03-02,127905.28
1993-03-03,126645.97
1993-03-04,127587.46
1993-03-05,127047.09
1993-03-08,128877.85
1993-03-09,129889.61
1993-03-10,129709.9
1993-03-11,131060.17
1993-03-12,131009.15
1993-03-15,129535.66
1993-03-16,131838.01
1993-03-17,132332.37
1993-03-18,132632.84
1993-03-19,132440.69
1993-03-22,135661.32
1993-03-23,135724.72
1993-03-24,135782.86
1993-03-25,137378.62
1993-03-26,136077.31
1993-03-29,137808.45
1993-03-30,138986.98
1993-03-31,137787.14
1993-04-01,137368.6
1993-04-02,135427.73
1993-04-05,137287.26
1993-04-06,138365.49
1993-04-07,139606.95
1993-04-08,138440.16
1993-04-12,140824.04
1993-04-13,142025.18
1993-04-14,145716.99
1993-04-15,144107.16
1993-04-16,146342.26
1993-04-19,146466.25
1993-04-20,146058.08
1993-04-21,145092.31
1993-04-22,147353.74
1993-04-23,148030.64
1993-04-26,146413.29
1993-04-27,148781.58
1993-04-28,148994.88
1993-04-29,149217.27
1993-04-30,150558.75
1993-05-03,152442.06
1993-05-04,150431.36
1993-05-05,149583.44
1993-05-06,149689.63
1993-05-07,150528.22
1993-05-10,153453.18
1993-05-11,151917.26
1993-05-12,150203.19
1993-05-13,148027.1
1993-05-14,147739.5
1993-05-17,148370.75
1993-05-18,149695.08
1993-05-19,150439.17
1993-05-20,151721.28
1993-05-21,150246.88
1993-05-24,150205.75
1993-05-25,149423.54
1993-05-26,152737.09
1993-05-27,152354.64
1993-05-28,153795.27
1993-06-01,154308.53
1993-06-02,153147.64
1993-06-03,151065.17
1993-06-04,149506.15
1993-06-07,148524.55
1993-06-08,148908.94
1993-06-09,150671.83
1993-06-10,151414.75
1993-06-11,151181.31
1993-06-14,152822.98
1993-06-15,150689.74
1993-06-16,151590.8
1993-06-17,152557.65
1993-06-18,151656.29
1993-06-21,151068.91
1993-06-22,151060.79
1993-06-23,148190.55
1993-06-24,148857.02
1993-06-25,149163.64
1993-06-28,149694.5
1993-06-29,148059.45
1993-06-30,151441.9
1993-07-01,151954.75
1993-07-02,150006.34
1993-07-06,148156.99
1993-07-07,150265.6
1993-07-08,154054.87
1993-07-09,153702.37
1993-07-12,152978.34
1993-07-13,153033.86
1993-07-14,153344.4
1993-07-15,155648.87
1993-07-16,155833.87
1993-07-19,153919.82
1993-07-20,155743.45
1993-07-21,156435.21
1993-07-22,155727.96
1993-07-23,156559.11
1993-07-26,155795.75
1993-07-27,156022.17
1993-07-28,156652.99
1993-07-29,157320.49
1993-07-30,156549.74
1993-08-02,156496.85
1993-08-03,157094.02
1993-08-04,154687.93
1993-08-05,154022.53
1993-08-06,153732.34
1993-08-09,153247.26
1993-08-10,153438.76
1993-08-11,154914.87
1993-08-12,155429.36
1993-08-13,154092.05
1993-08-16,156967.19
1993-08-17,156686.24
1993-08-18,157136.55
1993-08-19,156031.75
1993-08-20,154572.72
1993-08-23,156113.15
1993-08-24,159952.44
1993-08-25,159969.61
1993-08-26,162244.42
1993-08-27,163414.66
1993-08-30,164670.44
1993-08-31,164613.02
1993-09-01,165477.24
1993-09-02,162746.1
1993-09-03,163427.34
1993-09-07,163935.04
1993-09-08,164322.2
1993-09-09,164658.87
1993-09-10,162797.1
1993-09-13,162549.57
1993-09-14,161103.57
1993-09-15,162772.56
1993-09-16,162839.24
1993-09-17,163157.66
1993-09-20,162132.96
1993-09-21,161151.97
1993-09-22,162764.66
1993-09-23,159507.34
1993-09-24,159161.73
1993-09-27,160604.6
1993-09-28,159609.66
1993-09-29,157884.82
1993-09-30,160748.57
1993-10-01,160087.48
1993-10-04,159581.56
1993-10-05,157557.26
1993-10-06,156280.68
1993-10-07,155604.05
1993-10-08,156100.88
1993-10-11,157004.31
1993-10-12,156744.85
1993-10-13,157491.51
1993-10-14,159442.78
1993-10-15,160829.98
1993-10-18,160663.85
1993-10-19,159843.92
1993-10-20,160776.13
1993-10-21,163158.64
1993-10-22,163123.27
1993-10-25,162794.43
1993-10-26,166052.41
1993-10-27,165230.38
1993-10-28,166607.52
1993-10-29,166103.01
1993-11-01,168058.44
1993-11-02,166477.24
1993-11-03,163528.2
1993-11-04,162051.01
1993-11-05,163115.6
1993-11-08,162198.71
1993-11-09,159155.98
1993-11-10,159395.19
1993-11-11,158724.65
1993-11-12,159088.74
1993-11-15,159863.44
1993-11-16,162108.76
1993-11-17,159921.75
1993-11-18,158171.63
1993-11-19,153982.69
1993-11-22,151642.74
1993-11-23,152093.29
1993-11-24,153549.65
1993-11-26,152224.91
1993-11-29,152109.76
1993-11-30,151990.69
1993-12-01,154940.14
1993-12-02,155293.44
1993-12-03,158405.92
1993-12-06,159693.39
1993-12-07,161929.8
1993-12-08,161778.69
1993-12-09,161967.79
1993-12-10,160152.91
1993-12-13,164819.78
1993-12-14,164334.35
1993-12-15,163696.98
1993-12-16,166578.47
1993-12-17,166155.38
1993-12-20,165649.82
1993-12-21,164015.59
1993-12-22,165375.94
1993-12-23,162761.95
1993-12-27,163087.48
1993-12-28,163587.1
1993-12-29,163895.8
1993-12-30,164300.8
1993-12-31,162865.89
1994-01-03,163275.86
1994-01-04,165094.36
1994-01-05,167450.73
1994-01-06,165865.44
1994-01-07,167558.49
1994-01-10,172574.79
1994-01-11,172276.09
1994-01-12,171139.24
1994-01-13,170140.99
1994-01-14,171393.56
1994-01-17,170602.55
1994-01-18,172363.89
1994-01-19,172768.63
1994-01-20,174962.65
1994-01-21,175129.19
1994-01-24,171038.27
1994-01-25,169456.54
1994-01-26,169547.12
1994-01-27,172669.7
1994-01-28,174592.79
1994-01-31,176391.47
1994-02-01,176937.13
1994-02-02,180363.35
1994-02-03,177878.41
1994-02-04,173339.54
1994-02-07,176081.21
1994-02-08,175717.56
1994-02-09,173549.29
1994-02-10,171909.51
1994-02-11,172018.27
1994-02-14,172029.18
1994-02-15,173471.55
1994-02-16,175593.22
1994-02-17,176997.47
1994-02-18,173521.6
1994-02-22,175283.66
1994-02-23,175663.31
1994-02-24,174641.27
1994-02-25,175809.09
1994-02-28,175585.32
1994-03-01,174475.32
1994-03-02,174976.43
1994-03-03,171456.96
1994-03-04,173741.54
1994-03-07,174728.51
1994-03-08,175156.05
1994-03-09,175177.71
1994-03-10,171186.32
1994-03-11,171921.08
1994-03-14,169247.19
1994-03-15,167994.5
1994-03-16,170676.47
1994-03-17,170038.95
1994-03-18,168928.43
1994-03-21,168031.01
1994-03-22,168617.4
1994-03-23,166515.4
1994-03-24,165979.2
1994-03-25,166239.85
1994-03-28,170290.85
1994-03-29,167195.07
1994-03-30,165565.52
1994-03-31,168021.85
1994-04-04,169947.39
1994-04-05,170649.74
1994-04-06,168058.31
1994-04-07,168611.33
1994-04-08,167935.71
1994-04-11,167609.68
1994-04-12,166993.93
1994-04-13,167934.3
1994-04-14,171302.41
1994-04-15,172870.45
1994-04-18,172957.19
1994-04-19,171746.02
1994-04-20,174704.62
1994-04-21,177617.57
1994-04-22,175226.48
1994-04-25,175403.23
1994-04-26,173915.52
1994-04-28,171782.07
1994-04-29,174814.14
1994-05-02,176776.37
1994-05-03,174835.36
1994-05-04,175732.77
1994-05-05,173743.21
1994-05-06,173217.02
1994-05-09,168772.97
1994-05-10,170914.66
1994-05-11,170527.18
1994-05-12,172567.55
1994-05-13,174169.41
1994-05-16,174274.79
1994-05-17,175036.07
1994-05-18,177750.54
1994-05-19,179166.54
1994-05-20,176082.81
1994-05-23,174553.23
1994-05-24,172673.09
1994-05-25,171178.7
1994-05-26,172179.35
1994-05-27,172599.9
1994-05-31,173890.55
1994-06-01,173282.8
1994-06-02,171895.04
1994-06-03,172799.52
1994-06-06,173814.84
1994-06-07,174660.89
1994-06-08,171907.78
1994-06-09,173587.15
1994-06-10,173685.75
1994-06-13,173613.86
1994-06-14,178584.94
1994-06-15,181061.38
1994-06-16,180087.66
1994-06-17,179089.23
1994-06-20,177367.52
1994-06-21,176391.35
1994-06-22,176618.02
1994-06-23,173805.54
1994-06-24,172026.05
1994-06-27,175362.44
1994-06-28,176265.94
1994-06-29,176751.74
1994-06-30,175887.19
1994-07-01,175999.7
1994-07-05,177297.71
1994-07-06,175037.96
1994-07-07,177943.93
1994-07-08,177978.8
1994-07-11,177056.57
1994-07-12,173793.52
1994-07-13,172855.61
1994-07-14,175366.32
1994-07-15,173982.49
1994-07-18,173828.99
1994-07-19,170020.16
1994-07-20,170223.7
1994-07-21,171023.96
1994-07-22,171891.1
1994-07-25,171799.69
1994-07-26,172445.74
1994-07-27,173227.43
1994-07-28,177035.93
1994-07-29,177813.68
1994-08-01,176361.36
1994-08-02,178795.03
1994-08-03,178848.53
1994-08-04,178499.83
1994-08-05,176615.07
1994-08-08,177360.86
1994-08-09,175660
1994-08-10,176872.08
1994-08-11,174261.01
1994-08-12,174923.62
1994-08-15,171005.78
1994-08-16,173954.69
1994-08-17,174243.73
1994-08-18,173611.24
1994-08-19,174314.33
1994-08-22,175231.36
1994-08-23,177494.11
1994-08-24,180569.24
1994-08-25,178593.39
1994-08-26,180259.24
1994-08-29,181370.42
1994-08-30,183065.64
1994-08-31,182243.79
1994-09-01,182448.41
1994-09-02,182355.51
1994-09-06,181820.78
1994-09-07,182740.19
1994-09-08,181876.01
1994-09-09,177918.93
1994-09-12,178123.51
1994-09-13,174812.94
1994-09-14,175569.33
1994-09-15,178287.58
1994-09-16,176270.41
1994-09-19,175833.81
1994-09-20,174483.93
1994-09-21,174995.54
1994-09-22,174779.28
1994-09-23,175628.59
1994-09-26,173054.06
1994-09-27,174276.09
1994-09-28,177852.7
1994-09-29,175551.88
1994-09-30,176918.98
1994-10-03,176628.81
1994-10-04,173319.77
1994-10-05,172961.94
1994-10-06,175608.59
1994-10-07,177129.25
1994-10-10,176422.09
1994-10-11,177615.14
1994-10-12,179806.25
1994-10-13,182362.69
1994-10-14,183551.46
1994-10-17,184765.03
1994-10-18,181538.44
1994-10-19,184346.05
1994-10-20,183534.04
1994-10-21,184353.55
1994-10-24,183802.15
1994-10-25,181083.47
1994-10-26,179764.57
1994-10-27,182585.25
1994-10-28,182556.51
1994-10-31,182481.83
1994-11-01,179826.95
1994-11-02,176765.49
1994-11-03,175926.78
1994-11-04,175045.02
1994-11-07,176959.44
1994-11-08,177726.11
1994-11-09,177976.74
1994-11-10,177214.64
1994-11-11,175344.37
1994-11-14,176751.12
1994-11-15,177299.68
1994-11-16,176324.97
1994-11-17,177730.61
1994-11-18,177628.74
1994-11-21,176244.48
1994-11-22,172265.56
1994-11-23,172621.23
1994-11-25,173865.08
1994-11-28,172702.54
1994-11-29,171601.65
1994-11-30,173607.98
1994-12-01,173187.94
1994-12-02,174547.39
1994-12-05,175157.4
1994-12-06,177714.17
1994-12-07,176973.71
1994-12-08,174570.6
1994-12-09,173877.5
1994-12-12,174258.32
1994-12-13,174737.86
1994-12-14,174313.79
1994-12-15,174468.89
1994-12-16,175073.81
1994-12-19,175030.01
1994-12-20,174950.95
1994-12-21,178575.9
1994-12-22,176694.95
1994-12-23,174846.09
1994-12-27,176322.5
1994-12-28,174501.43
1994-12-29,174576.36
1994-12-30,174778.77
1995-01-03,175242.16
1995-01-04,174074.31
1995-01-05,174912.88
1995-01-06,174165.32
1995-01-09,174320.35
1995-01-10,175741.57
1995-01-11,174688.37
1995-01-12,172504.69
1995-01-13,173141.11
1995-01-16,174454.35
1995-01-17,173860.81
1995-01-18,172898.91
1995-01-19,171296.31
1995-01-20,169737.38
1995-01-23,169494.99
1995-01-24,169671.98
1995-01-25,168900.39
1995-01-26,166921.94
1995-01-27,169067.6
1995-01-30,168715.56
1995-01-31,167874.64
1995-02-01,166603.25
1995-02-02,166920.69
1995-02-03,167446.44
1995-02-06,167161.92
1995-02-07,168852.21
1995-02-08,169315.66
1995-02-09,167128.76
1995-02-10,168053.31
1995-02-13,167937.21
1995-02-14,168499.58
1995-02-15,168115.75
1995-02-16,168940.46
1995-02-17,167859.83
1995-02-21,169968.04
1995-02-22,167769.01
1995-02-23,168008.33
1995-02-24,168539.39
1995-02-27,168643.86
1995-02-28,167752.74
1995-03-01,169608.07
1995-03-02,170718.45
1995-03-03,171719.89
1995-03-06,171567.32
1995-03-07,169446.46
1995-03-08,170116.7
1995-03-09,171783.81
1995-03-10,171760.97
1995-03-13,171717.64
1995-03-14,170996.46
1995-03-15,169685.16
1995-03-16,172202.96
1995-03-17,172259.45
1995-03-20,172476.32
1995-03-21,173687.14
1995-03-22,174057.5
1995-03-23,175532.55
1995-03-24,178454.61
1995-03-27,177870.68
1995-03-28,178938.51
1995-03-29,177774.46
1995-03-30,179039.25
1995-03-31,178091.31
1995-04-03,177596.23
1995-04-04,178796.87
1995-04-05,180303.84
1995-04-06,179977.37
1995-04-07,181313.71
1995-04-10,180461.34
1995-04-11,179620.57
1995-04-12,180389.92
1995-04-13,182552.58
1995-04-17,181594.89
1995-04-18,180765.2
1995-04-19,181378.29
1995-04-20,180494.58
1995-04-21,180723.25
1995-04-24,184458.37
1995-04-25,184343.32
1995-04-26,184010.4
1995-04-27,185705.19
1995-04-28,184655.07
1995-05-01,183998.33
1995-05-02,182409.6
1995-05-03,184137.2
1995-05-04,185852.49
1995-05-05,186190.04
1995-05-08,185569.22
1995-05-09,182919.47
1995-05-10,182121.77
1995-05-11,181278.82
1995-05-12,182061.84
1995-05-15,181884.32
1995-05-16,181380.33
1995-05-17,181112.73
1995-05-18,179785.13
1995-05-19,179638.11
1995-05-22,180933.54
1995-05-23,183000.11
1995-05-24,183011.71
1995-05-25,182468.46
1995-05-26,180081.83
1995-05-30,180679.39
1995-05-31,182796.45
1995-06-01,183992.93
1995-06-02,182158.85
1995-06-05,183012.23
1995-06-06,184038.02
1995-06-07,184394.24
1995-06-08,184677.43
1995-06-09,183997.4
1995-06-12,183311.36
1995-06-13,183325.47
1995-06-14,181411.6
1995-06-15,180574.7
1995-06-16,181481.11
1995-06-19,182209.92
1995-06-20,182541.52
1995-06-21,181162.87
1995-06-22,181111.92
1995-06-23,181262.79
1995-06-26,178160.01
1995-06-27,175601.5
1995-06-28,176775.14
1995-06-29,178105.76
1995-06-30,179822.52
1995-07-03,179947.11
1995-07-05,181166.64
1995-07-06,183132.81
1995-07-07,183932.11
1995-07-10,183963.63
1995-07-11,182945.85
1995-07-12,185171.03
1995-07-13,184185.68
1995-07-14,186309.88
1995-07-17,188090.14
1995-07-18,185740.83
1995-07-19,185294.59
1995-07-20,186399.51
1995-07-21,184567.21
1995-07-24,184791.25
1995-07-25,185879.68
1995-07-26,189721.89
1995-07-27,190951.47
1995-07-28,189690.64
1995-07-31,190705.17
1995-08-01,187999.31
1995-08-02,186427.51
1995-08-03,189055.28
1995-08-04,190349.96
1995-08-07,190569.98
1995-08-08,190868.32
1995-08-09,189800.86
1995-08-10,186275.17
1995-08-11,183973.6
1995-08-14,184653.82
1995-08-15,185601.45
1995-08-16,184929.06
1995-08-17,182606.1
1995-08-18,183833.43
1995-08-21,184234.89
1995-08-22,184188.43
1995-08-23,182338.74
1995-08-24,183050.37
1995-08-25,185112.45
1995-08-28,183102.75
1995-08-29,183596.58
1995-08-30,183342.72
1995-08-31,183695.23
1995-09-01,185814.62
1995-09-05,185981.39
1995-09-06,185329.82
1995-09-07,183931.65
1995-09-08,184305.2
1995-09-11,185222.56
1995-09-12,188515.27
1995-09-13,190944.69
1995-09-14,192141.65
1995-09-15,191100.74
1995-09-18,189496.3
1995-09-19,187817.39
1995-09-20,188358.93
1995-09-21,185605.7
1995-09-22,187115.15
1995-09-25,187525.77
1995-09-26,186089.53
1995-09-27,186176.96
1995-09-28,187710.41
1995-09-29,187111.27
1995-10-02,186272.85
1995-10-03,186060.45
1995-10-04,185891.15
1995-10-05,184139.08
1995-10-06,184128.84
1995-10-09,181807.94
1995-10-10,182029.56
1995-10-11,183397.86
1995-10-12,186213.8
1995-10-13,186366.15
1995-10-16,184251.71
1995-10-17,182607.1
1995-10-18,182177.46
1995-10-19,185672.94
1995-10-20,184354.7
1995-10-23,183583.29
1995-10-24,183257.68
1995-10-25,181675.25
1995-10-26,179717.99
1995-10-27,180847.01
1995-10-30,182275.83
1995-10-31,182204.6
1995-11-01,182977.55
1995-11-02,185767.73
1995-11-03,185403.17
1995-11-06,183150.37
1995-11-07,182613.07
1995-11-08,183875.76
1995-11-09,184546.48
1995-11-10,183583.44
1995-11-13,184312.7
1995-11-14,184020.26
1995-11-15,185574.43
1995-11-16,186962.98
1995-11-17,186981.98
1995-11-20,186766.19
1995-11-21,189855.21
1995-11-22,191079.85
1995-11-24,191703.63
1995-11-27,191219.52
1995-11-28,191551.66
1995-11-29,190205.82
1995-11-30,187333.88
1995-12-01,187776.85
1995-12-04,190203.55
1995-12-05,189837.77
1995-12-06,188968.28
1995-12-07,189717.73
1995-12-08,192534.86
1995-12-11,193413.23
1995-12-12,193471.45
1995-12-13,193042.96
1995-12-14,191453.24
1995-12-15,193366.71
1995-12-18,191437.81
1995-12-19,194933.06
1995-12-20,196564.39
1995-12-21,197311.98
1995-12-22,196200.2
1995-12-26,196513.43
1995-12-27,197375.09
1995-12-28,195322.51
1995-12-29,194657.89
1996-01-02,196332.87
1996-01-03,195202.99
1996-01-04,195023.69
1996-01-05,192532.48
1996-01-08,191760.8
1996-01-09,191629.82
1996-01-10,188717.11
1996-01-11,190465.73
1996-01-12,189514.7
1996-01-15,189296.56
1996-01-16,188938.7
1996-01-17,190088.7
1996-01-18,189597.09
1996-01-19,190753.3
1996-01-22,191235.4
1996-01-23,192138.96
1996-01-24,191942.44
1996-01-25,194676.02
1996-01-26,192863.64
1996-01-29,193813.27
1996-01-30,194329.54
1996-01-31,195793.81
1996-02-01,195699.11
1996-02-02,193848.54
1996-02-05,193767.93
1996-02-06,193452.15
1996-02-07,194989.93
1996-02-08,197009.02
1996-02-09,193656.21
1996-02-12,193924.9
1996-02-13,192450.47
1996-02-14,192239.3
1996-02-15,192800.11
1996-02-16,192611.96
1996-02-20,193765.49
1996-02-21,194885.86
1996-02-22,194603.65
1996-02-23,195000.97
1996-02-26,193006.54
1996-02-27,193376.15
1996-02-28,193591.85
1996-02-29,196357.66
1996-03-01,197733.14
1996-03-04,198812.26
1996-03-05,199778.12
1996-03-06,198034.08
1996-03-07,196306.08
1996-03-08,195203.98
1996-03-11,194805.28
1996-03-12,195135.45
1996-03-13,194487.67
1996-03-14,193612.04
1996-03-15,194652.05
1996-03-18,194859.3
1996-03-19,196813.38
1996-03-20,197015.72
1996-03-21,196263.03
1996-03-22,196420.96
1996-03-25,197201.62
1996-03-26,200062.18
1996-03-27,199027.06
1996-03-28,201281.93
1996-03-29,200509.81
1996-04-01,203287.01
1996-04-02,203073.51
1996-04-03,203649.71
1996-04-04,202491.07
1996-04-08,200111.59
1996-04-09,199232.66
1996-04-10,198066.99
1996-04-11,199104.49
1996-04-12,199193.83
1996-04-15,201453.92
1996-04-16,201411
1996-04-17,200680.38
1996-04-18,201490.87
1996-04-19,202852.01
1996-04-22,204024.22
1996-04-23,204912.24
1996-04-24,204165.42
1996-04-25,205087.8
1996-04-26,207140.28
1996-04-29,207188.35
1996-04-30,206426.72
1996-05-01,208095.99
1996-05-02,204507.18
1996-05-03,204574.13
1996-05-06,204136.04
1996-05-07,202227.07
1996-05-08,202789.78
1996-05-09,203901.66
1996-05-10,204100.43
1996-05-13,204293.88
1996-05-14,204642.75
1996-05-15,203367.38
1996-05-16,202951.79
1996-05-17,203141.99
1996-05-20,203486.07
1996-05-21,202270.86
1996-05-22,204782.89
1996-05-23,203689.56
1996-05-24,204807.61
1996-05-28,203599.43
1996-05-29,204160.11
1996-05-30,204476.78
1996-05-31,202895.43
1996-06-03,201860.17
1996-06-04,200589.04
1996-06-05,201977.42
1996-06-06,201881.29
1996-06-07,202357.91
1996-06-10,203888.33
1996-06-11,201882.37
1996-06-12,201226.82
1996-06-13,201389.31
1996-06-14,201125.61
1996-06-17,200081.23
1996-06-18,200091.88
1996-06-19,199785.96
1996-06-20,200767.83
1996-06-21,202036.96
1996-06-24,201041.63
1996-06-25,202951.53
1996-06-26,200857
1996-06-27,203241.83
1996-06-28,203769.57
1996-07-01,204100.72
1996-07-02,205035.33
1996-07-03,205451.15
1996-07-05,203821.09
1996-07-08,203948.69
1996-07-09,203337.86
1996-07-10,203865.69
1996-07-11,203018.67
1996-07-12,202806.94
1996-07-15,200259.32
1996-07-16,200953.74
1996-07-17,200829.35
1996-07-18,201616.5
1996-07-19,201145.57
1996-07-22,200377.71
1996-07-23,197625.73
1996-07-24,196871.03
1996-07-25,197138.47
1996-07-26,196784.96
1996-07-29,195132.45
1996-07-30,196967.34
1996-07-31,197798.12
1996-08-01,198875.77
1996-08-02,200252.87
1996-08-05,200168.76
1996-08-06,200642.33
1996-08-07,202255.12
1996-08-08,204024.96
1996-08-09,204353
1996-08-12,204050.75
1996-08-13,203123.56
1996-08-14,202447.29
1996-08-15,201147.72
1996-08-16,201743.22
1996-08-19,201862.19
1996-08-20,203295.81
1996-08-21,203059.21
1996-08-22,203815.82
1996-08-23,202868.42
1996-08-26,202261.98
1996-08-27,201409.01
1996-08-28,201006.39
1996-08-29,199423.92
1996-08-30,198542.9
1996-09-03,199997.6
1996-09-04,199364.05
1996-09-05,198503.87
1996-09-06,200047.89
1996-09-09,201721.19
1996-09-10,200274.27
1996-09-11,202088.5
1996-09-12,201425.58
1996-09-13,203347.41
1996-09-16,204092.66
1996-09-17,204537.28
1996-09-18,204065.9
1996-09-19,204409.9
1996-09-20,204335.02
1996-09-23,203723.3
1996-09-24,203139.31
1996-09-25,202611.42
1996-09-26,203201.42
1996-09-27,203103.96
1996-09-30,203915.74
1996-10-01,203022.63
1996-10-02,203686.61
1996-10-03,204076.54
1996-10-04,206085.33
1996-10-07,207663.15
1996-10-08,206208.88
1996-10-09,205807.71
1996-10-10,205505.76
1996-10-11,207002.54
1996-10-14,206719.04
1996-10-15,206484.69
1996-10-16,205992.91
1996-10-17,205935.34
1996-10-18,206961.84
1996-10-21,207162.07
1996-10-22,205336.63
1996-10-23,204542.38
1996-10-24,203768.93
1996-10-25,203300.26
1996-10-28,203783.77
1996-10-29,203266.25
1996-10-30,203174.77
1996-10-31,202548.19
1996-11-01,202559.19
1996-11-04,201536.95
1996-11-05,203071.36
1996-11-06,205518.06
1996-11-07,205649.39
1996-11-08,206988.29
1996-11-11,207026.25
1996-11-12,207358.98
1996-11-13,206098.47
1996-11-14,206282.29
1996-11-15,206426.46
1996-11-18,207288.16
1996-11-19,208561.36
1996-11-20,210031.46
1996-11-21,208098.16
1996-11-22,208751.38
1996-11-25,209065.96
1996-11-26,209873.16
1996-11-27,210166.15
1996-11-29,210893.5
1996-12-02,210570.17
1996-12-03,209975.74
1996-12-04,210134.14
1996-12-05,209543.72
1996-12-06,208886.45
1996-12-09,208833.1
1996-12-10,208974.81
1996-12-11,207838.4
1996-12-12,206053.28
1996-12-13,206988.35
1996-12-16,206722.26
1996-12-17,205805.47
1996-12-18,207664.96
1996-12-19,208089.1
1996-12-20,209777.94
1996-12-23,210122.66
1996-12-24,210129.83
1996-12-26,210174.14
1996-12-27,210935.07
1996-12-30,209098.23
1996-12-31,207962.08
1997-01-02,205768.84
1997-01-03,207475.55
1997-01-06,206787.59
1997-01-07,208412.64
1997-01-08,207156.15
1997-01-09,207921.84
1997-01-10,207821.89
1997-01-13,206388.86
1997-01-14,208418.12
1997-01-15,207686.98
1997-01-16,207641.42
1997-01-17,206653.36
1997-01-20,205968.4
1997-01-21,205369.02
1997-01-22,205822.01
1997-01-23,204523.89
1997-01-24,204178.99
1997-01-27,203614.69
1997-01-28,202232.76
1997-01-29,202578.87
1997-01-30,202228.63
1997-01-31,201475.65
1997-02-03,201454.55
1997-02-04,201611.45
1997-02-05,201253.48
1997-02-06,200900
1997-02-07,201477.73
1997-02-10,201625.45
1997-02-11,201082.44
1997-02-12,203359.57
1997-02-13,204841.31
1997-02-14,203488.27
1997-02-18,205114.51
1997-02-19,203569.68
1997-02-20,204486.8
1997-02-21,203586.01
1997-02-24,203868.19
1997-02-25,203844.95
1997-02-26,205682.1
1997-02-27,205683.46
1997-02-28,204524.05
1997-03-03,204988.55
1997-03-04,203504.14
1997-03-05,204891.01
1997-03-06,205978.72
1997-03-07,205187.99
1997-03-10,204633.47
1997-03-11,205706.7
1997-03-12,203621.45
1997-03-13,204374.7
1997-03-14,205493.88
1997-03-17,205901.29
1997-03-18,205966.73
1997-03-19,207451.54
1997-03-20,207397.3
1997-03-21,206311.64
1997-03-24,206996.77
1997-03-25,207684.22
1997-03-26,206258.32
1997-03-27,205391.19
1997-03-31,204725.48
1997-04-01,205067.01
1997-04-02,205352.48
1997-04-03,204299.94
1997-04-04,203512.56
1997-04-07,203118.15
1997-04-08,201958.13
1997-04-09,201635.82
1997-04-10,202453.1
1997-04-11,200515.13
1997-04-14,200352.42
1997-04-15,201944.82
1997-04-16,203123.45
1997-04-17,202845.04
1997-04-18,203692.47
1997-04-21,202563.49
1997-04-22,203064.27
1997-04-23,203023.18
1997-04-24,202540.46
1997-04-25,202019.9
1997-04-28,203499.41
1997-04-29,204677.56
1997-04-30,205976.75
1997-05-01,207181.67
1997-05-02,209567.86
1997-05-05,209822
1997-05-06,211772.78
1997-05-07,211389.55
1997-05-08,212935.15
1997-05-09,212756.87
1997-05-12,213864.02
1997-05-13,215102.99
1997-05-14,214701.68
1997-05-15,214579.99
1997-05-16,213428.79
1997-05-19,214802.31
1997-05-20,217137.14
1997-05-21,216997.65
1997-05-22,216250.7
1997-05-23,217598.18
1997-05-27,218752.15
1997-05-28,216997
1997-05-29,220436.31
1997-05-30,219552.17
1997-06-02,218009.85
1997-06-03,217847.66
1997-06-04,217218.48
1997-06-05,218043.2
1997-06-06,218724.46
1997-06-09,218734.65
1997-06-10,219690.53
1997-06-11,220153.35
1997-06-12,222809.46
1997-06-13,222998.36
1997-06-16,222172.27
1997-06-17,225637.56
1997-06-18,226528.4
1997-06-19,227328.21
1997-06-20,227146.46
1997-06-23,226120.49
1997-06-24,230808.29
1997-06-25,228997.01
1997-06-26,230158.02
1997-06-27,230690.77
1997-06-30,231270.34
1997-07-01,230542.7
1997-07-02,231395.86
1997-07-03,231859.01
1997-07-07,233678.99
1997-07-08,235264.99
1997-07-09,234024.3
1997-07-10,233958.87
1997-07-11,234506.27
1997-07-14,235484.65
1997-07-15,235799.63
1997-07-16,239170
1997-07-17,238162.95
1997-07-18,235401.43
1997-07-21,234398.43
1997-07-22,236973.01
1997-07-23,238689.93
1997-07-24,238122.54
1997-07-25,237308.28
1997-07-28,238498.88
1997-07-29,238054.82
1997-07-30,237313.27
1997-07-31,235512.89
1997-08-01,237012.08
1997-08-04,236696.93
1997-08-05,238945.93
1997-08-06,241709.99
1997-08-07,237946.47
1997-08-08,236499.33
1997-08-11,235676.08
1997-08-12,232446.76
1997-08-13,229891.05
1997-08-14,228449.24
1997-08-15,226345.92
1997-08-18,226774.72
1997-08-19,227495.76
1997-08-20,229931.9
1997-08-21,225532.38
1997-08-22,223969.07
1997-08-25,222495.22
1997-08-26,220229.03
1997-08-27,219272.26
1997-08-28,218120.31
1997-08-29,218161.92
1997-09-02,218921.56
1997-09-03,220781.99
1997-09-04,219860.31
1997-09-05,221509.15
1997-09-08,220910.19
1997-09-09,219456.84
1997-09-10,218618.6
1997-09-11,216484.25
1997-09-12,218763.01
1997-09-15,221563.41
1997-09-16,224763.6
1997-09-17,224691.51
1997-09-18,226258.25
1997-09-19,229513.19
1997-09-22,232525.36
1997-09-23,232139.47
1997-09-24,233228.1
1997-09-25,236570.19
1997-09-26,234693
1997-09-29,231076.84
1997-09-30,230400.85
1997-10-01,230556.75
1997-10-02,231428.47
1997-10-03,232048.26
1997-10-06,231508.8
1997-10-07,229713.36
1997-10-08,228148.08
1997-10-09,226734.96
1997-10-10,222451.81
1997-10-13,222185.17
1997-10-14,220382.02
1997-10-15,221054.9
1997-10-16,221415.71
1997-10-17,221192.83
1997-10-20,226067.63
1997-10-21,226443.84
1997-10-22,226143.39
1997-10-23,222424.75
1997-10-24,223530.06
1997-10-27,216497.32
1997-10-28,216087.82
1997-10-29,212373.83
1997-10-30,211998.62
1997-10-31,213013.69
1997-11-03,216853.49
1997-11-04,215376.56
1997-11-05,213605.32
1997-11-06,210665.91
1997-11-07,206632.42
1997-11-10,208346.19
1997-11-11,205861.72
1997-11-12,205160.79
1997-11-13,205803.5
1997-11-14,207331.04
1997-11-17,208589.51
1997-11-18,211150.44
1997-11-19,211854.42
1997-11-20,213810.08
1997-11-21,214021.16
1997-11-24,211870.45
1997-11-25,210299.73
1997-11-26,208362
1997-11-28,210625.96
1997-12-01,212001.04
1997-12-02,211619.09
1997-12-03,211562.07
1997-12-04,214249.04
1997-12-05,215206.64
1997-12-08,211685.49
1997-12-09,210610.18
1997-12-10,211109.85
1997-12-11,207272.35
1997-12-12,206199.55
1997-12-15,206266.47
1997-12-16,202007.87
1997-12-17,203461.75
1997-12-18,201775.13
1997-12-19,202592.12
1997-12-22,201614.71
1997-12-23,201616.17
1997-12-24,203716.18
1997-12-26,206905.39
1997-12-29,207291.92
1997-12-30,211036.16
1997-12-31,212624.49
1998-01-02,215121.61
1998-01-05,214622.12
1998-01-06,214845.44
1998-01-07,216522.25
1998-01-08,213750.31
1998-01-09,207936.73
1998-01-12,209718.58
1998-01-13,209577.7
1998-01-14,212563.45
1998-01-15,212181.66
1998-01-16,214633.73
1998-01-20,218203.46
1998-01-21,221023.75
1998-01-22,222258.96
1998-01-23,222299.75
1998-01-26,221757.63
1998-01-27,222268.1
1998-01-28,222919.97
1998-01-29,221067.39
1998-01-30,221681.57
1998-02-02,222178.36
1998-02-03,223936.11
1998-02-04,222045.61
1998-02-05,220107.03
1998-02-06,219890.14
1998-02-09,220784.31
1998-02-10,224934.63
1998-02-11,227094.54
1998-02-12,229594.34
1998-02-13,227005.46
1998-02-17,228283.34
1998-02-18,232485.62
1998-02-19,232008.39
1998-02-20,233380.25
1998-02-23,232239.62
1998-02-24,228179.47
1998-02-25,231354.61
1998-02-26,236503.69
1998-02-27,236111.8
1998-03-02,233621.15
1998-03-03,236883.91
1998-03-04,232062.5
1998-03-05,226355.48
1998-03-06,230204.77
1998-03-09,229663.49
1998-03-10,232043.42
1998-03-11,233804.33
1998-03-12,232786.43
1998-03-13,232588.27
1998-03-16,234547.86
1998-03-17,234655.48
1998-03-18,235197.47
1998-03-19,235576.09
1998-03-20,237088.28
1998-03-23,235396.88
1998-03-24,238555.99
1998-03-25,242330.43
1998-03-26,243311.15
1998-03-27,241592.39
1998-03-30,241834.48
1998-03-31,243859.47
1998-04-01,243893.01
1998-04-02,247776.47
1998-04-03,245461.99
1998-04-06,247413.36
1998-04-07,246862.37
1998-04-08,244602.13
1998-04-09,244604.83
1998-04-13,242705.67
1998-04-14,244081.33
1998-04-15,244014.09
1998-04-16,242632.36
1998-04-17,247756.76
1998-04-20,247390.74
1998-04-21,246179.18
1998-04-22,248179.08
1998-04-23,243883.44
1998-04-24,239630.36
1998-04-27,239385.49
1998-04-28,238034.51
1998-04-29,243288.16
1998-04-30,245747.17
1998-05-01,249097.81
1998-05-04,248573.06
1998-05-05,248329.36
1998-05-06,249190.13
1998-05-07,251377.58
1998-05-08,251570.78
1998-05-11,252729.45
1998-05-12,252752.15
1998-05-13,251917.88
1998-05-14,244911.62
1998-05-15,245602.08
1998-05-18,248279.72
1998-05-19,249793.46
1998-05-20,252834.77
1998-05-21,249669.91
1998-05-22,248379.86
1998-05-26,243570.47
1998-05-27,244785.65
1998-05-28,246065.66
1998-05-29,244463.28
1998-06-01,246828.17
1998-06-02,249023.34
1998-06-03,247372.37
1998-06-04,244615.9
1998-06-05,243605.79
1998-06-08,244185.98
1998-06-09,243908.9
1998-06-10,244596.33
1998-06-11,242245.64
1998-06-12,242925.27
1998-06-15,241903.2
1998-06-16,242927.62
1998-06-17,245564.57
1998-06-18,246436.57
1998-06-19,241796.65
1998-06-22,241002.15
1998-06-23,246521.13
1998-06-24,247879.12
1998-06-25,243196.75
1998-06-26,245054.66
1998-06-29,246998.54
1998-06-30,245754.71
1998-07-01,249713.51
1998-07-02,251379.75
1998-07-06,253181.1
1998-07-07,251819.9
1998-07-08,253631.38
1998-07-09,251386.9
1998-07-10,249086.85
1998-07-13,249709.39
1998-07-14,254583.9
1998-07-15,253578.03
1998-07-16,255368.95
1998-07-17,257472.82
1998-07-20,256961.32
1998-07-21,255294.23
1998-07-22,253171.98
1998-07-23,248275.76
1998-07-24,247655.3
1998-07-27,251448.05
1998-07-28,249920.29
1998-07-29,250490.15
1998-07-30,250502.77
1998-07-31,247354.41
1998-08-03,243890.13
1998-08-04,239035.97
1998-08-05,236315.06
1998-08-06,239073.6
1998-08-07,241296.59
1998-08-10,234951.87
1998-08-11,237464.59
1998-08-12,236497.49
1998-08-13,235079.61
1998-08-14,232623.17
1998-08-17,232296.18
1998-08-18,226296.32
1998-08-19,224206.49
1998-08-20,222425.42
1998-08-21,221906.84
1998-08-24,225710.74
1998-08-25,222683.28
1998-08-26,223637.39
1998-08-27,222944.66
1998-08-28,220618.07
1998-08-31,215758.72
1998-09-01,216046.42
1998-09-02,212979.52
1998-09-03,214231.33
1998-09-04,214889.37
1998-09-08,218014.28
1998-09-09,221186.65
1998-09-10,214465.9
1998-09-11,214660.3
1998-09-14,214652.36
1998-09-15,215258.46
1998-09-16,214577.8
1998-09-17,216488.82
1998-09-18,214844.67
1998-09-21,215739.94
1998-09-22,213739.05
1998-09-23,215144.4
1998-09-24,209957.91
1998-09-25,212241.92
1998-09-28,209676.25
1998-09-29,209303.53
1998-09-30,209590.84
1998-10-01,206232.06
1998-10-02,210072.04
1998-10-05,207966.31
1998-10-06,210018.36
1998-10-07,209957.06
1998-10-08,207837.04
1998-10-09,209796.28
1998-10-12,212911.85
1998-10-13,210844.66
1998-10-14,216766.49
1998-10-15,219842.67
1998-10-16,221826.36
1998-10-19,224519.37
1998-10-20,227043.08
1998-10-21,227805.28
1998-10-22,227289.3
1998-10-23,230725.98
1998-10-26,236153.1
1998-10-27,236056.43
1998-10-28,234992.91
1998-10-29,231021.65
1998-10-30,231406.3
1998-11-02,235995.75
1998-11-03,236845.08
1998-11-04,238353.04
1998-11-05,242383.47
1998-11-06,239051.49
1998-11-09,236366.89
1998-11-10,236107.25
1998-11-11,233039.15
1998-11-12,233103.78
1998-11-13,238925.6
1998-11-16,241812.75
1998-11-17,240415.74
1998-11-18,239635.64
1998-11-19,245401.1
1998-11-20,247869.12
1998-11-23,251073.2
1998-11-24,247889.5
1998-11-25,246013.55
1998-11-27,243220.32
1998-11-30,243124.4
1998-12-01,242931.58
1998-12-02,248364.62
1998-12-03,243115.21
1998-12-04,242039.53
1998-12-07,241515.69
1998-12-08,243119.96
1998-12-09,242662.09
1998-12-10,241500.89
1998-12-11,244038.34
1998-12-14,236052.02
1998-12-15,239424.04
1998-12-16,237275.64
1998-12-17,239483.33
1998-12-18,243406.97
1998-12-21,246873.5
1998-12-22,246464.05
1998-12-23,248336.65
1998-12-24,247215.96
1998-12-28,245417.43
1998-12-29,247703
1998-12-30,248789.97
1998-12-31,252446.32
1999-01-04,248078.29
1999-01-05,248976.92
1999-01-06,255069.6
1999-01-07,256206.77
1999-01-08,249408.51
1999-01-11,248569.29
1999-01-12,247488.43
1999-01-13,248330.34
1999-01-14,246716.45
1999-01-15,251240.69
1999-01-19,249971.23
1999-01-20,251265.44
1999-01-21,249712.06
1999-01-22,248034.73
1999-01-25,248067.94
1999-01-26,248655.31
1999-01-27,249083.22
1999-01-28,246396.28
1999-01-29,252488.19
1999-02-01,250060.83
1999-02-02,248873.98
1999-02-03,247288.6
1999-02-04,241651.68
1999-02-05,242835.47
1999-02-08,242138.62
1999-02-09,236971
1999-02-10,236217.68
1999-02-11,242281.52
1999-02-12,240177.66
1999-02-16,239601.11
1999-02-17,238884.95
1999-02-18,242416.68
1999-02-19,242041.04
1999-02-22,246992.02
1999-02-23,247134.77
1999-02-24,244359.5
1999-02-25,243820.52
1999-02-26,246130.41
1999-03-01,244026.06
1999-03-02,244648.52
1999-03-03,246037.18
1999-03-04,254436.61
1999-03-05,256379.77
1999-03-08,259598.46
1999-03-09,262361.57
1999-03-10,262326.11
1999-03-11,260673.61
1999-03-12,261192.65
1999-03-15,263346.93
1999-03-16,266380.56
1999-03-17,259514.11
1999-03-18,259592.33
1999-03-19,258979.97
1999-03-22,260889.94
1999-03-23,257510.21
1999-03-24,258400.49
1999-03-25,259100.28
1999-03-26,257250.68
1999-03-29,262133.14
1999-03-30,260717.08
1999-03-31,256390.98
1999-04-01,259841.54
1999-04-05,265425.87
1999-04-06,266573.16
1999-04-07,265435.65
1999-04-08,268895.78
1999-04-09,267384.4
1999-04-12,267120.29
1999-04-13,269462.22
1999-04-14,271050.08
1999-04-15,272571.65
1999-04-16,276059.1
1999-04-19,269358.48
1999-04-20,264823.28
1999-04-21,271548.2
1999-04-22,275872.6
1999-04-23,274553.42
1999-04-26,270210.7
1999-04-27,271028.53
1999-04-28,269306.64
1999-04-29,268041.06
1999-04-30,267379.17
1999-05-03,268381.03
1999-05-04,263024.3
1999-05-05,265861.24
1999-05-06,265102.26
1999-05-07,267362.25
1999-05-10,267982.08
1999-05-11,267560.35
1999-05-12,265363.27
1999-05-13,271021.65
1999-05-14,264257.34
1999-05-17,264238.92
1999-05-18,256147.07
1999-05-19,255958.2
1999-05-20,254619.34
1999-05-21,258663.99
1999-05-24,255228.98
1999-05-25,254104.23
1999-05-26,256227.93
1999-05-27,252647.52
1999-05-28,253865.78
1999-06-01,250802.98
1999-06-02,253356.28
1999-06-03,249530.28
1999-06-04,254362.12
1999-06-07,253097.15
1999-06-08,252983.56
1999-06-09,250905.73
1999-06-10,247989.91
1999-06-11,248018.45
1999-06-14,253043.2
1999-06-15,255710.15
1999-06-16,256276.79
1999-06-17,252298.44
1999-06-18,248938.26
1999-06-21,244113.55
1999-06-22,241911.47
1999-06-23,247103.9
1999-06-24,249912.11
1999-06-25,252889.21
1999-06-28,257680.79
1999-06-29,260774.6
1999-06-30,263783.72
1999-07-01,267946.92
1999-07-02,274578.1
1999-07-06,278677.64
1999-07-07,280716.13
1999-07-08,279937.15
1999-07-09,283919.11
1999-07-12,285630.23
1999-07-13,290617.97
1999-07-14,290625.1
1999-07-15,293620.44
1999-07-16,289349.35
1999-07-19,286534.21
1999-07-20,278504.66
1999-07-21,278651.28
1999-07-22,274634.46
1999-07-23,271551.89
1999-07-26,270455.12
1999-07-27,267623.26
1999-07-28,272436.03
1999-07-29,271438.94
1999-07-30,271370.28
1999-08-02,270791.41
1999-08-03,267483.23
1999-08-04,262368.97
1999-08-05,265666.31
1999-08-06,267069.83
1999-08-09,270857.19
1999-08-10,266631.48
1999-08-11,267816.85
1999-08-12,267660.18
1999-08-13,266764.55
1999-08-16,266323.82
1999-08-17,270721.07
1999-08-18,271804.49
1999-08-19,271805.03
1999-08-20,275324.96
1999-08-23,277762.01
1999-08-24,276408.95
1999-08-25,276409.49
1999-08-26,275327.15
1999-08-27,275598.42
1999-08-30,277223.32
1999-08-31,273975.15
1999-09-01,278036.6
1999-09-02,277224.97
1999-09-03,278849.88
1999-09-07,279391.89
1999-09-08,279121.72
1999-09-09,282641.75
1999-09-10,279935.01
1999-09-13,281559.95
1999-09-14,281019.05
1999-09-15,280207.41
1999-09-16,276959.18
1999-09-17,276147.54
1999-09-20,278043.22
1999-09-21,279126.7
1999-09-22,275878.45
1999-09-23,276420.46
1999-09-24,272089.25
1999-09-27,272902
1999-09-28,273714.75
1999-09-29,273444.55
1999-09-30,276964.68
1999-10-01,278048.18
1999-10-04,279402.42
1999-10-05,279673.72
1999-10-06,280757.23
1999-10-07,283465.18
1999-10-08,282382.79
1999-10-11,283737.05
1999-10-12,283737.61
1999-10-13,280218.53
1999-10-14,280219.09
1999-10-15,278053.7
1999-10-18,273451.61
1999-10-19,276701.08
1999-10-20,278326.1
1999-10-21,277785.16
1999-10-22,280222.42
1999-10-25,280222.98
1999-10-26,281035.77
1999-10-27,279141.1
1999-10-28,281578.39
1999-10-29,287264.66
1999-11-01,286994.48
1999-11-02,287265.8
1999-11-03,287537.12
1999-11-04,288891.45
1999-11-05,288892.02
1999-11-08,288080.34
1999-11-09,289976.17
1999-11-10,292955.03
1999-11-11,294580.13
1999-11-12,293497.7
1999-11-15,295122.81
1999-11-16,295664.9
1999-11-17,297831.53
1999-11-18,299185.9
1999-11-19,298915.74
1999-11-22,298645.58
1999-11-23,299729.2
1999-11-24,297563.73
1999-11-26,303250.25
1999-11-29,302709.33
1999-11-30,298377.78
1999-12-01,299732.17
1999-12-02,299462.01
1999-12-03,303524.02
1999-12-06,307044.53
1999-12-07,308940.47
1999-12-08,307587.27
1999-12-09,307587.88
1999-12-10,307588.49
1999-12-13,306506.04
1999-12-14,305423.59
1999-12-15,303258.07
1999-12-16,307049.4
1999-12-17,308133.08
1999-12-20,309758.29
1999-12-21,309217.37
1999-12-22,313008.74
1999-12-23,316529.36
1999-12-27,317613.06
1999-12-28,319509.08
1999-12-29,320592.8
1999-12-30,323842.68
1999-12-31,323843.33
2000-01-03,326551.69
2000-01-04,319512.25
2000-01-05,310035.83
2000-01-06,305704.06
2000-01-07,310307.83
2000-01-10,314099.29
2000-01-11,313287.59
2000-01-12,312746.66
2000-01-13,313830.39
2000-01-14,316538.78
2000-01-18,313560.85
2000-01-19,310312.14
2000-01-20,310312.76
2000-01-21,309230.26
2000-01-24,308960.09
2000-01-25,305169.78
2000-01-26,307607.41
2000-01-27,309503.49
2000-01-28,307879.41
2000-01-31,302735.16
2000-02-01,303548.11
2000-02-02,306798.11
2000-02-03,313568.32
2000-02-04,314381.29
2000-02-07,311674.07
2000-02-08,316278.04
2000-02-09,318444.96
2000-02-10,317091.66
2000-02-11,316550.71
2000-02-14,313301.89
2000-02-15,308157.53
2000-02-16,310324.46
2000-02-17,313845.33
2000-02-18,311950.43
2000-02-22,310326.3
2000-02-23,313034.83
2000-02-24,312493.86
2000-02-25,314660.82
2000-02-28,310328.77
2000-02-29,311412.55
2000-03-01,317099.83
2000-03-02,320891.58
2000-03-03,321163.01
2000-03-06,321705.24
2000-03-07,320893.49
2000-03-08,317915.37
2000-03-09,320353.17
2000-03-10,321166.2
2000-03-13,314126.09
2000-03-14,313585.12
2000-03-15,309794.56
2000-03-16,315481.96
2000-03-17,317378.19
2000-03-20,319816.02
2000-03-21,320087.46
2000-03-22,317921.68
2000-03-23,318463.91
2000-03-24,323609.79
2000-03-27,324422.85
2000-03-28,326860.72
2000-03-29,326048.96
2000-03-30,319821.1
2000-03-31,323342.2
2000-04-03,319009.95
2000-04-04,318468.97
2000-04-05,315490.72
2000-04-06,317116.19
2000-04-07,319824.9
2000-04-10,320637.96
2000-04-11,316305.65
2000-04-12,316306.28
2000-04-13,313869.62
2000-04-14,306016.73
2000-04-17,299517.87
2000-04-18,303309.83
2000-04-19,305206.12
2000-04-20,306560.79
2000-04-24,308186.27
2000-04-25,307645.26
2000-04-26,308187.5
2000-04-27,303313.44
2000-04-28,306022.2
2000-05-01,306835.25
2000-05-02,311168.93
2000-05-03,304399.11
2000-05-04,304399.72
2000-05-05,304941.96
2000-05-08,302776.01
2000-05-09,299526.78
2000-05-10,297090
2000-05-11,296819.77
2000-05-12,303590.88
2000-05-15,301154.09
2000-05-16,303321.26
2000-05-17,296822.12
2000-05-18,296822.71
2000-05-19,291136
2000-05-22,287074.22
2000-05-23,289783.04
2000-05-24,286804.53
2000-05-25,291409.14
2000-05-26,292763.85
2000-05-30,301701.72
2000-05-31,298723.22
2000-06-01,302786.23
2000-06-02,314161.62
2000-06-05,313349.76
2000-06-06,316329.51
2000-06-07,314163.49
2000-06-08,313080.79
2000-06-09,311727.26
2000-06-12,312811.21
2000-06-13,312811.83
2000-06-14,313895.78
2000-06-15,309563.07
2000-06-16,310647.02
2000-06-19,311730.97
2000-06-20,314169.1
2000-06-21,311732.21
2000-06-22,310107.81
2000-06-23,308212.57
2000-06-26,306588.16
2000-06-27,308213.79
2000-06-28,310110.27
2000-06-29,307673.34
2000-06-30,310382.34
2000-07-03,312820.52
2000-07-05,311466.93
2000-07-06,310925.87
2000-07-07,313364.06
2000-07-10,315260.58
2000-07-11,314177.83
2000-07-12,313365.93
2000-07-13,310928.96
2000-07-14,312012.95
2000-07-17,312284.41
2000-07-18,308222.36
2000-07-19,306327.05
2000-07-20,307952.73
2000-07-21,305244.88
2000-07-24,304703.79
2000-07-25,305246.09
2000-07-26,305517.54
2000-07-27,300101.17
2000-07-28,295226.48
2000-07-31,297393.86
2000-08-01,297123.6
2000-08-02,297124.19
2000-08-03,292249.45
2000-08-04,294146
2000-08-07,297125.96
2000-08-08,295230.58
2000-08-09,297668.85
2000-08-10,299023.71
2000-08-11,298753.45
2000-08-14,299837.46
2000-08-15,302275.76
2000-08-16,303359.78
2000-08-17,302006.1
2000-08-18,301464.98
2000-08-21,299840.43
2000-08-22,300111.89
2000-08-23,300383.34
2000-08-24,301467.38
2000-08-25,303634.86
2000-08-28,304177.18
2000-08-29,302823.48
2000-08-30,300657.18
2000-08-31,300116.06
2000-09-01,306888.22
2000-09-05,302825.88
2000-09-06,299305.25
2000-09-07,298222.39
2000-09-08,294430.87
2000-09-11,291722.8
2000-09-12,289285.58
2000-09-13,288473.56
2000-09-14,289286.73
2000-09-15,287662.1
2000-09-18,284141.38
2000-09-19,284683.68
2000-09-20,282517.29
2000-09-21,280350.89
2000-09-22,283601.89
2000-09-25,285227.68
2000-09-26,284415.63
2000-09-27,284145.33
2000-09-28,284145.89
2000-09-29,285500.82
2000-10-02,287397.5
2000-10-03,287939.82
2000-10-04,286315.14
2000-10-05,286586.59
2000-10-06,284691.02
2000-10-09,280357.57
2000-10-10,280087.25
2000-10-11,276024.64
2000-10-12,274399.92
2000-10-13,274671.35
2000-10-16,273588.37
2000-10-17,271151
2000-10-18,267630.1
2000-10-19,271422.96
2000-10-20,272236.14
2000-10-23,273049.32
2000-10-24,277113.1
2000-10-25,273321.29
2000-10-26,271696.53
2000-10-27,276302.1
2000-10-30,276573.53
2000-10-31,278741.16
2000-11-01,283075.88
2000-11-02,283618.21
2000-11-03,285244.1
2000-11-06,285786.44
2000-11-07,285516.12
2000-11-08,283891.35
2000-11-09,281453.92
2000-11-10,279016.47
2000-11-13,274682.79
2000-11-14,279559.36
2000-11-15,279559.92
2000-11-16,276038.88
2000-11-17,274955.86
2000-11-20,270622.13
2000-11-21,269809.99
2000-11-22,264934.44
2000-11-24,267373.01
2000-11-27,271707.86
2000-11-28,270624.81
2000-11-29,269541.77
2000-11-30,268458.72
2000-12-01,271980.91
2000-12-04,273065.04
2000-12-05,277670.84
2000-12-06,276316.9
2000-12-07,275504.75
2000-12-08,275505.3
2000-12-11,279027.55
2000-12-12,278486.3
2000-12-13,276861.44
2000-12-14,275778.39
2000-12-15,272528.11
2000-12-18,273070.46
2000-12-19,273071
2000-12-20,269278.89
2000-12-21,267653.99
2000-12-22,269550.86
2000-12-26,271989.54
2000-12-27,274970.05
2000-12-28,275244.47
2000-12-29,277709.89
2001-01-02,275793.31
2001-01-03,284010.14
2001-01-04,277437.67
2001-01-05,278533.73
2001-01-08,276891.01
2001-01-09,272235.63
2001-01-10,270319.02
2001-01-11,272236.71
2001-01-12,273606.65
2001-01-16,271416.15
2001-01-17,273881.62
2001-01-18,277168.74
2001-01-19,275799.88
2001-01-22,276074.31
2001-01-23,276074.86
2001-01-24,273884.33
2001-01-25,274432.65
2001-01-26,274159.31
2001-01-29,274159.85
2001-01-30,275255.94
2001-01-31,277447.58
2001-02-01,278269.79
2001-02-02,274709.8
2001-02-05,274710.35
2001-02-06,273889.22
2001-02-07,271424.77
2001-02-08,268138.63
2001-02-09,266495.82
2001-02-12,269235.25
2001-02-13,267592.44
2001-02-14,264854.05
2001-02-15,264854.58
2001-02-16,262937.85
2001-02-20,259377.76
2001-02-21,257734.91
2001-02-22,256365.94
2001-02-23,255544.77
2001-02-26,256093.06
2001-02-27,257736.95
2001-02-28,256641.87
2001-03-01,256094.59
2001-03-02,255273.4
2001-03-05,255821.71
2001-03-06,259656.8
2001-03-07,259383.42
2001-03-08,259383.93
2001-03-09,257193.24
2001-03-12,248976.71
2001-03-13,244594.78
2001-03-14,238021.61
2001-03-15,242952.33
2001-03-16,236926.94
2001-03-19,236379.6
2001-03-20,238023.5
2001-03-21,236928.35
2001-03-22,227616.03
2001-03-23,234464.14
2001-03-26,242681.8
2001-03-27,247612.61
2001-03-28,241587.13
2001-03-29,239670.26
2001-03-30,239670.73
2001-04-02,237479.93
2001-04-03,235289.12
2001-04-04,238850.43
2001-04-05,248163.88
2001-04-06,243233.96
2001-04-09,242960.53
2001-04-10,245974.05
2001-04-11,245426.71
2001-04-12,247892.42
2001-04-16,245701.6
2001-04-17,244332.52
2001-04-18,253372.21
2001-04-19,253646.63
2001-04-20,253647.13
2001-04-23,251456.3
2001-04-24,251182.88
2001-04-25,252005.13
2001-04-26,254470.9
2001-04-27,256388.84
2001-04-30,258032.86
2001-05-01,259402.98
2001-05-02,259403.49
2001-05-03,255569.11
2001-05-04,258308.83
2001-05-07,258857.19
2001-05-08,256392.4
2001-05-09,254201.52
2001-05-10,256667.34
2001-05-11,254750.38
2001-05-14,250094.16
2001-05-15,253381.76
2001-05-16,254751.89
2001-05-17,255848.11
2001-05-18,255574.69
2001-05-21,257492.69
2001-05-22,257219.27
2001-05-23,255576.21
2001-05-24,254754.93
2001-05-25,253111.85
2001-05-29,250646.98
2001-05-30,248729.96
2001-05-31,247360.79
2001-06-01,246539.49
2001-06-04,247361.78
2001-06-05,249005.87
2001-06-06,247362.76
2001-06-07,248185.05
2001-06-08,247363.74
2001-06-11,243529.13
2001-06-12,239968.45
2001-06-13,241886.48
2001-06-14,241065.15
2001-06-15,239695.94
2001-06-18,237504.91
2001-06-19,237231.44
2001-06-20,235588.28
2001-06-21,236684.5
2001-06-22,238054.67
2001-06-25,238603.03
2001-06-26,236411.97
2001-06-27,235590.61
2001-06-28,235865.02
2001-06-29,237235.21
2001-07-02,239153.28
2001-07-03,237510.09
2001-07-05,232031.67
2001-07-06,228744.78
2001-07-09,229019.18
2001-07-10,229841.48
2001-07-11,228198.25
2001-07-12,229842.39
2001-07-13,230116.79
2001-07-16,229569.35
2001-07-17,226830.32
2001-07-18,227652.62
2001-07-19,230118.62
2001-07-20,229297.22
2001-07-23,227380.02
2001-07-24,226832.57
2001-07-25,226011.16
2001-07-26,226833.47
2001-07-27,229025.55
2001-07-30,229847.86
2001-07-31,232861.82
2001-08-01,235053.92
2001-08-02,237246.03
2001-08-03,235876.72
2001-08-06,234781.36
2001-08-07,234781.83
2001-08-08,232316.68
2001-08-09,229851.51
2001-08-10,230399.89
2001-08-13,230674.3
2001-08-14,234236.24
2001-08-15,236428.39
2001-08-16,233689.25
2001-08-17,231771.98
2001-08-20,230128.67
2001-08-21,232320.82
2001-08-22,233965.06
2001-08-23,232321.75
2001-08-24,235609.78
2001-08-27,234514.39
2001-08-28,232323.13
2001-08-29,231501.69
2001-08-30,226022.82
2001-08-31,227119.14
2001-09-04,224653.88
2001-09-05,220818.77
2001-09-06,216161.74
2001-09-07,213970.42
2001-09-10,211779.08
2001-09-17,202190.54
2001-09-18,201916.97
2001-09-19,201095.46
2001-09-20,192876.7
2001-09-21,187397.63
2001-09-24,195069.25
2001-09-25,197535.4
2001-09-26,198357.71
2001-09-27,199727.98
2001-09-28,203838
2001-10-01,202468.53
2001-10-02,204386.77
2001-10-03,206031.03
2001-10-04,209867.13
2001-10-05,210141.52
2001-10-08,209867.96
2001-10-09,208224.5
2001-10-10,211238.69
2001-10-11,212882.99
2001-10-12,212609.43
2001-10-15,209596.06
2001-10-16,211514.35
2001-10-17,213980.61
2001-10-18,210967.22
2001-10-19,207679.84
2001-10-22,208776.19
2001-10-23,212612.38
2001-10-24,213708.75
2001-10-25,212065.26
2001-10-26,214257.57
2001-10-29,212340.09
2001-10-30,207956.71
2001-10-31,209053.07
2001-11-01,211245.4
2001-11-02,211519.8
2001-11-05,214808.1
2001-11-06,215082.51
2001-11-07,215082.94
2001-11-08,217823.28
2001-11-09,215905.77
2001-11-12,212344.3
2001-11-13,215084.65
2001-11-14,214537.09
2001-11-15,215633.49
2001-11-16,217551.87
2001-11-19,218374.29
2001-11-20,217004.75
2001-11-21,215909.19
2001-11-23,215909.62
2001-11-26,217828.03
2001-11-27,216184.48
2001-11-28,213992.92
2001-11-29,213445.35
2001-11-30,215363.77
2001-12-03,212624.2
2001-12-04,214542.62
2001-12-05,221119.07
2001-12-06,221119.5
2001-12-07,218653.93
2001-12-10,214818.33
2001-12-11,214544.75
2001-12-12,215093.18
2001-12-13,211805.56
2001-12-14,210709.96
2001-12-17,213724.44
2001-12-18,213724.86
2001-12-19,212081.25
2001-12-20,211259.65
2001-12-21,211534.07
2001-12-24,210712.47
2001-12-26,210438.88
2001-12-27,214549.43
2001-12-28,215782.9
2001-12-31,216897.05
2002-01-02,216619.05
2002-01-03,220239.08
2002-01-04,219961.08
2002-01-07,218569.36
2002-01-08,215507.04
2002-01-09,214950.6
2002-01-10,213558.86
2002-01-11,213559.28
2002-01-14,211053.8
2002-01-15,210775.78
2002-01-16,207991.84
2002-01-17,209106
2002-01-18,209663.29
2002-01-22,207436.2
2002-01-23,208271.93
2002-01-24,209664.53
2002-01-25,207159
2002-01-28,208551.61
2002-01-29,205767.62
2002-01-30,203262.06
2002-01-31,205490
2002-02-01,205211.96
2002-02-04,204098.6
2002-02-05,201036.13
2002-02-06,199365.87
2002-02-07,201315.38
2002-02-08,202151.11
2002-02-11,205492.85
2002-02-12,205493.26
2002-02-13,206329.01
2002-02-14,208000.09
2002-02-15,207165.17
2002-02-19,202431.96
2002-02-20,200761.68
2002-02-21,203268.11
2002-02-22,202711.62
2002-02-25,204661.17
2002-02-26,204383.13
2002-02-27,206611.14
2002-02-28,206890
2002-03-01,210231.84
2002-03-04,216636.67
2002-03-05,214966.38
2002-03-06,217472.89
2002-03-07,220814.78
2002-03-08,221093.67
2002-03-11,221094.11
2002-03-12,217753.07
2002-03-13,216918.14
2002-03-14,219146.22
2002-03-15,220817.4
2002-03-18,220260.93
2002-03-19,221932.12
2002-03-20,220261.8
2002-03-21,219148.4
2002-03-22,218313.45
2002-03-25,216643.12
2002-03-26,216643.55
2002-03-27,216922.44
2002-03-28,219150.57
2002-04-01,219151.01
2002-04-02,219151.44
2002-04-03,219430.34
2002-04-04,218595.38
2002-04-05,218317.35
2002-04-08,215254.66
2002-04-09,215255.08
2002-04-10,217204.78
2002-04-11,214977.47
2002-04-12,214420.96
2002-04-15,216370.67
2002-04-16,219991.2
2002-04-17,221662.45
2002-04-18,221662.89
2002-04-19,221384.86
2002-04-22,220271.42
2002-04-23,220550.32
2002-04-24,220272.29
2002-04-25,220272.73
2002-04-26,219437.74
2002-04-29,219159.7
2002-04-30,219438.61
2002-05-01,220552.95
2002-05-02,219996.44
2002-05-03,221110.78
2002-05-06,220832.74
2002-05-07,217769.92
2002-05-08,221947.53
2002-05-09,220555.58
2002-05-10,219720.58
2002-05-13,221113.41
2002-05-14,221392.33
2002-05-15,223342.14
2002-05-16,223899.54
2002-05-17,225849.36
2002-05-20,225292.84
2002-05-21,225014.81
2002-05-22,225015.25
2002-05-23,223901.76
2002-05-24,224737.66
2002-05-28,223902.65
2002-05-29,223903.1
2002-05-30,222789.59
2002-05-31,223347.01
2002-06-03,223347.45
2002-06-04,220563.02
2002-06-05,218335.54
2002-06-06,218614.47
2002-06-07,216386.98
2002-06-10,216108.92
2002-06-11,217223.31
2002-06-12,214160.34
2002-06-13,211375.84
2002-06-14,207198.88
2002-06-17,210819.7
2002-06-18,209984.63
2002-06-19,208035.59
2002-06-20,206086.54
2002-06-21,206365.44
2002-06-24,204973.37
2002-06-25,207201.75
2002-06-26,206645.17
2002-06-27,207759.57
2002-06-28,214443.94
2002-07-01,214165.86
2002-07-02,209431.8
2002-07-03,205811.72
2002-07-05,214445.64
2002-07-08,215003.07
2002-07-09,214724.99
2002-07-10,208598.37
2002-07-11,203307.24
2002-07-12,203029.14
2002-07-15,200801.52
2002-07-16,197738.37
2002-07-17,201637.83
2002-07-18,203866.27
2002-07-19,196625.52
2002-07-22,189384.75
2002-07-23,182700.95
2002-07-24,190499.53
2002-07-25,187993.33
2002-07-26,186601.16
2002-07-29,196906.37
2002-07-30,193843.16
2002-07-31,193286.52
2002-08-01,187159.67
2002-08-02,187717.06
2002-08-05,183261.24
2002-08-06,185489.71
2002-08-07,188832.23
2002-08-08,193288.82
2002-08-09,193567.72
2002-08-12,190782.96
2002-08-13,192175.91
2002-08-14,195239.97
2002-08-15,194404.81
2002-08-16,195519.26
2002-08-19,198026.3
2002-08-20,194963
2002-08-21,197191.53
2002-08-22,199141.56
2002-08-23,197470.84
2002-08-26,197192.71
2002-08-27,200256.83
2002-08-28,194686.8
2002-08-29,192180.49
2002-08-30,192737.91
2002-09-03,185218.18
2002-09-04,185497.07
2002-09-05,183826.29
2002-09-06,187726
2002-09-09,185498.17
2002-09-10,188005.27
2002-09-11,190233.85
2002-09-12,185777.8
2002-09-13,183271.42
2002-09-16,181600.62
2002-09-17,180208.34
2002-09-18,179094.58
2002-09-19,176588.17
2002-09-20,176309.99
2002-09-23,171575.31
2002-09-24,168233.28
2002-09-25,170461.87
2002-09-26,175754.32
2002-09-27,175754.67
2002-09-30,171577.02
2002-10-01,176869.5
2002-10-02,174641.58
2002-10-03,172970.71
2002-10-04,169628.63
2002-10-07,167400.67
2002-10-08,165172.71
2002-10-09,163780.35
2002-10-10,167123.13
2002-10-11,173529.85
2002-10-14,172416.04
2002-10-15,180772.57
2002-10-16,177987.53
2002-10-17,181608.91
2002-10-18,180495.1
2002-10-21,180495.46
2002-10-22,178546.02
2002-10-23,175482.41
2002-10-24,177989.65
2002-10-25,178268.54
2002-10-28,180497.25
2002-10-29,175483.8
2002-10-30,178548.15
2002-10-31,181055.42
2002-11-01,180498.69
2002-11-04,185791.44
2002-11-05,187184.55
2002-11-06,185235.08
2002-11-07,183842.71
2002-11-08,182450.32
2002-11-11,180779.38
2002-11-12,182172.5
2002-11-13,180780.1
2002-11-14,182730.32
2002-11-15,184123.45
2002-11-18,184680.92
2002-11-19,184124.18
2002-11-20,183845.99
2002-11-21,187746.12
2002-11-22,188303.6
2002-11-25,187189.75
2002-11-26,184404.56
2002-11-27,187747.61
2002-11-29,189419.32
2002-12-02,188584.03
2002-12-03,186077.38
2002-12-04,184963.51
2002-12-05,183013.96
2002-12-06,183292.88
2002-12-09,180507.64
2002-12-10,181343.68
2002-12-11,181901.16
2002-12-12,181065.84
2002-12-13,180230.51
2002-12-16,183573.63
2002-12-17,182738.3
2002-12-18,178560.2
2002-12-19,178839.11
2002-12-20,180232.3
2002-12-23,180789.79
2002-12-24,181625.85
2002-12-26,182461.91
2002-12-27,178562.32
2002-12-30,181695.35
2002-12-31,183119.65
2003-01-02,185967.91
2003-01-03,187392.23
2003-01-06,189101.35
2003-01-07,186823.39
2003-01-08,183975.85
2003-01-09,186254.55
2003-01-10,186824.5
2003-01-13,187109.67
2003-01-14,188818.8
2003-01-15,187395.21
2003-01-16,187110.78
2003-01-17,185117.58
2003-01-21,181985.19
2003-01-22,179707.18
2003-01-23,180277.13
2003-01-24,179423.09
2003-01-27,174297.08
2003-01-28,174012.62
2003-01-29,174297.77
2003-01-30,175722.11
2003-01-31,175437.66
2003-02-03,178001.22
2003-02-04,175438.36
2003-02-05,177717.13
2003-02-06,174584.64
2003-02-07,173160.97
2003-02-10,171737.3
2003-02-11,173731.27
2003-02-12,172592.39
2003-02-13,172592.74
2003-02-14,174301.92
2003-02-18,177435.14
2003-02-19,174872.22
2003-02-20,174872.57
2003-02-21,176012.15
2003-02-24,174018.84
2003-02-25,169177.41
2003-02-26,169177.75
2003-02-27,169178.09
2003-02-28,171456.91
2003-03-03,173166.13
2003-03-04,171172.78
2003-03-05,170603.49
2003-03-06,169179.76
2003-03-07,166616.77
2003-03-10,163484.14
2003-03-11,162345.2
2003-03-12,158927.73
2003-03-13,164054.74
2003-03-14,166903.24
2003-03-17,170321.39
2003-03-18,169752.09
2003-03-19,171176.52
2003-03-20,171746.5
2003-03-21,175449.5
2003-03-24,171177.54
2003-03-25,173171.63
2003-03-26,173456.79
2003-03-27,172033.02
2003-03-28,171463.72
2003-03-31,168046.18
2003-04-01,169470.63
2003-04-02,172888.86
2003-04-03,172604.38
2003-04-04,173744.03
2003-04-07,178016.76
2003-04-08,176023.33
2003-04-09,175738.85
2003-04-10,174884.72
2003-04-11,174315.41
2003-04-14,176024.73
2003-04-15,178588.54
2003-04-16,178019.24
2003-04-17,179728.57
2003-04-21,178874.44
2003-04-22,181153.45
2003-04-23,182293.14
2003-04-24,181439
2003-04-25,179160.69
2003-04-28,182009.39
2003-04-29,182009.75
2003-04-30,184573.63
2003-05-01,185428.5
2003-05-02,186283.38
2003-05-05,188277.61
2003-05-06,191411.19
2003-05-07,190272.22
2003-05-08,187993.89
2003-05-09,189703.3
2003-05-12,190843.03
2003-05-13,191128.25
2003-05-14,191413.47
2003-05-15,191983.53
2003-05-16,193408.13
2003-05-19,189990.4
2003-05-20,190275.62
2003-05-21,189421.47
2003-05-22,191415.75
2003-05-23,192555.51
2003-05-27,193980.12
2003-05-28,194550.2
2003-05-29,196829.35
2003-05-30,195690.36
2003-06-02,199108.92
2003-06-03,197969.92
2003-06-04,199679.41
2003-06-05,201388.9
2003-06-06,203098.4
2003-06-09,202529.1
2003-06-10,201959.8
2003-06-11,205948.12
2003-06-12,206518.23
2003-06-13,205379.23
2003-06-16,208513.03
2003-06-17,209937.71
2003-06-18,209368.42
2003-06-19,207089.99
2003-06-20,207375.26
2003-06-23,204242.25
2003-06-24,201963.81
2003-06-25,203388.49
2003-06-26,201679.75
2003-06-27,201965.01
2003-06-30,200541.11
2003-07-01,200256.65
2003-07-02,204245.09
2003-07-03,205100.08
2003-07-07,208233.96
2003-07-08,206525.2
2003-07-09,205955.89
2003-07-10,204531.98
2003-07-11,204247.52
2003-07-14,207381.43
2003-07-15,205102.93
2003-07-16,203679.01
2003-07-17,200545.89
2003-07-18,201116.02
2003-07-21,201401.29
2003-07-22,201971.42
2003-07-23,203681.03
2003-07-24,206814.99
2003-07-25,207385.14
2003-07-28,208525.03
2003-07-29,207670.83
2003-07-30,205677.15
2003-07-31,205962.42
2003-08-01,204538.47
2003-08-04,203684.26
2003-08-05,204539.29
2003-08-06,202545.58
2003-08-07,203400.6
2003-08-08,203970.75
2003-08-11,205395.53
2003-08-12,206250.57
2003-08-13,207390.49
2003-08-14,209669.91
2003-08-15,209670.33
2003-08-18,211095.14
2003-08-19,210525.8
2003-08-20,211665.73
2003-08-21,211666.15
2003-08-22,210811.93
2003-08-25,209957.71
2003-08-26,208248.83
2003-08-27,209103.89
2003-08-28,210243.84
2003-08-29,210529.14
2003-09-02,213663.28
2003-09-03,215657.89
2003-09-04,215373.44
2003-09-05,216513.41
2003-09-08,218223.15
2003-09-09,218793.36
2003-09-10,216514.69
2003-09-11,216515.12
2003-09-12,217370.22
2003-09-15,217940.43
2003-09-16,220504.86
2003-09-17,221359.97
2003-09-18,224209.32
2003-09-19,223639.98
2003-09-22,221076.4
2003-09-23,221646.62
2003-09-24,220222.6
2003-09-25,219368.35
2003-09-26,217659.43
2003-09-29,217944.75
2003-09-30,216805.6
2003-10-01,222219.05
2003-10-02,223928.87
2003-10-03,227917.87
2003-10-06,227348.53
2003-10-07,228203.67
2003-10-08,227064.53
2003-10-09,230198.87
2003-10-10,230769.13
2003-10-13,231909.18
2003-10-14,231909.64
2003-10-15,232195.01
2003-10-16,233050.17
2003-10-17,232195.93
2003-10-20,232766.19
2003-10-21,233336.46
2003-10-22,230202.98
2003-10-23,226784.58
2003-10-24,227639.75
2003-10-27,229064.73
2003-10-28,230204.81
2003-10-29,231914.71
2003-10-30,232769.89
2003-10-31,230491.09
2003-11-03,231916.09
2003-11-04,232486.37
2003-11-05,230777.37
2003-11-06,229353.27
2003-11-07,232202.84
2003-11-10,231348.57
2003-11-11,229069.73
2003-11-12,232204.22
2003-11-13,233914.16
2003-11-14,234199.54
2003-11-17,229641.37
2003-11-18,230781.49
2003-11-19,230497.03
2003-11-20,229357.83
2003-11-21,230782.86
2003-11-24,232492.82
2003-11-25,232493.29
2003-11-26,234773.09
2003-11-28,235628.31
2003-12-01,239047.81
2003-12-02,240472.89
2003-12-03,241897.97
2003-12-04,241613.53
2003-12-05,241329.08
2003-12-08,241329.56
2003-12-09,241045.12
2003-12-10,239620.98
2003-12-11,239906.38
2003-12-12,242186.25
2003-12-15,243041.51
2003-12-16,243041.99
2003-12-17,243042.47
2003-12-18,245322.37
2003-12-19,245607.78
2003-12-22,246463.05
2003-12-23,247318.33
2003-12-24,248458.53
2003-12-26,248829.43
2003-12-29,250279.98
2003-12-30,252600.57
2003-12-31,254051.13
2004-01-02,256951.77
2004-01-05,260432.43
2004-01-06,260722.97
2004-01-07,258693.38
2004-01-08,261304.03
2004-01-09,262464.61
2004-01-12,261595.08
2004-01-13,261595.6
2004-01-14,261886.14
2004-01-15,259856.53
2004-01-16,258986.99
2004-01-20,261887.7
2004-01-21,263918.35
2004-01-22,265659
2004-01-23,264789.46
2004-01-26,263049.86
2004-01-27,263630.43
2004-01-28,262760.88
2004-01-29,258121.04
2004-01-30,257541.5
2004-02-02,258412.08
2004-02-03,259282.67
2004-02-04,256962.98
2004-02-05,258123.6
2004-02-06,261314.4
2004-02-09,263055.08
2004-02-10,263635.66
2004-02-11,266536.46
2004-02-12,266246.96
2004-02-13,265957.46
2004-02-17,269438.35
2004-02-18,267118.64
2004-02-19,269149.39
2004-02-20,265379.51
2004-02-23,266250.13
2004-02-24,265090.53
2004-02-25,263640.89
2004-02-26,262191.24
2004-02-27,263641.94
2004-03-01,267992.99
2004-03-02,266253.3
2004-03-03,262483.36
2004-03-04,264224.1
2004-03-05,267995.11
2004-03-08,267125.53
2004-03-09,266545.98
2004-03-10,262195.92
2004-03-11,256105.61
2004-03-12,256686.2
2004-03-15,253786.3
2004-03-16,257847.38
2004-03-17,260458.27
2004-03-18,261038.88
2004-03-19,260807.36
2004-03-22,256166.14
2004-03-23,257036.98
2004-03-24,256457.27
2004-03-25,260229.21
2004-03-26,259359.39
2004-03-29,263421.46
2004-03-30,262841.76
2004-03-31,265163.18
2004-04-01,268645.06
2004-04-02,269515.94
2004-04-05,268646.13
2004-04-06,268066.43
2004-04-07,269807.66
2004-04-08,269518.08
2004-04-12,269808.73
2004-04-13,267488.33
2004-04-14,263427.21
2004-04-15,262267.26
2004-04-16,265168.97
2004-04-19,264879.38
2004-04-20,265750.26
2004-04-21,262559.47
2004-04-22,264300.71
2004-04-23,264301.24
2004-04-26,265752.37
2004-04-27,265462.78
2004-04-28,260241.09
2004-04-29,259371.23
2004-04-30,257921.12
2004-05-03,258501.88
2004-05-04,262274.03
2004-05-05,265175.81
2004-05-06,260244.18
2004-05-07,255602.66
2004-05-10,245738.82
2004-05-11,247189.95
2004-05-12,248931.22
2004-05-13,247771.19
2004-05-14,246611.16
2004-05-17,244290.61
2004-05-18,246322.01
2004-05-19,252995.53
2004-05-20,249514.45
2004-05-21,252706.4
2004-05-24,252997.04
2004-05-25,254738.35
2004-05-26,256189.53
2004-05-27,261122.34
2004-05-28,259672.17
2004-06-01,259382.55
2004-06-02,260253.48
2004-06-03,258803.31
2004-06-04,260254.51
2004-06-07,265477.53
2004-06-08,265478.05
2004-06-09,261996.9
2004-06-10,263448.12
2004-06-14,259386.67
2004-06-15,261708.32
2004-06-16,262579.26
2004-06-17,263160.07
2004-06-18,264901.45
2004-06-21,264901.98
2004-06-22,262581.35
2004-06-23,263742.45
2004-06-24,267224.72
2004-06-25,266354.81
2004-06-28,268966.66
2004-06-29,266355.87
2004-06-30,266646.55
2004-07-01,264906.18
2004-07-02,265777.16
2004-07-06,262295.89
2004-07-07,264327.46
2004-07-08,264908.29
2004-07-09,265489.12
2004-07-12,265199.49
2004-07-13,265200.02
2004-07-14,264330.08
2004-07-15,262009.38
2004-07-16,263460.67
2004-07-19,262300.57
2004-07-20,262010.94
2004-07-21,259980.36
2004-07-22,258820.25
2004-07-23,255629.04
2004-07-26,254468.91
2004-07-27,254469.42
2004-07-28,253889.61
2004-07-29,256501.55
2004-07-30,257082.37
2004-08-02,257373.05
2004-08-03,257953.88
2004-08-04,255633.1
2004-08-05,255053.28
2004-08-06,253893.13
2004-08-09,253023.14
2004-08-10,254764.63
2004-08-11,252733.98
2004-08-12,251863.99
2004-08-13,252734.99
2004-08-16,254476.49
2004-08-17,254186.83
2004-08-18,254477.5
2004-08-19,256799.35
2004-08-20,256799.86
2004-08-23,257090.54
2004-08-24,255640.2
2004-08-25,256221.04
2004-08-26,257962.58
2004-08-27,259123.78
2004-08-30,258543.95
2004-08-31,258254.29
2004-09-01,260286.01
2004-09-02,260866.88
2004-09-03,259416.52
2004-09-07,262028.61
2004-09-08,262609.48
2004-09-09,261159.12
2004-09-10,263771.23
2004-09-13,264932.47
2004-09-14,265513.35
2004-09-15,262031.73
2004-09-16,262902.79
2004-09-17,263773.85
2004-09-20,262903.83
2004-09-21,265515.98
2004-09-22,263775.42
2004-09-23,263485.76
2004-09-24,262615.74
2004-09-27,261455.53
2004-09-28,262326.6
2004-09-29,263487.85
2004-09-30,265229.49
2004-10-01,269292.61
2004-10-04,269293.14
2004-10-05,270454.42
2004-10-06,270454.96
2004-10-07,269875.12
2004-10-08,271906.97
2004-10-11,271617.32
2004-10-12,267845.4
2004-10-13,267265.55
2004-10-14,267556.27
2004-10-15,268427.38
2004-10-18,268137.72
2004-10-19,270749.98
2004-10-20,269589.75
2004-10-21,270751.06
2004-10-22,270751.59
2004-10-25,269881.55
2004-10-26,270462.47
2004-10-27,274235.55
2004-10-28,275106.69
2004-10-29,273946.45
2004-11-01,275688.17
2004-11-02,277720.11
2004-11-03,281203.04
2004-11-04,282654.6
2004-11-05,284106.16
2004-11-08,284106.72
2004-11-09,283236.68
2004-11-10,283237.24
2004-11-11,284979.02
2004-11-12,287301.2
2004-11-15,288462.59
2004-11-16,287592.55
2004-11-17,290785.37
2004-11-18,289915.33
2004-11-19,289335.49
2004-11-22,287594.83
2004-11-23,288466.02
2004-11-24,290207.84
2004-11-26,293110.49
2004-11-29,294271.91
2004-11-30,292821.45
2004-12-01,295724.12
2004-12-02,296014.92
2004-12-03,297756.77
2004-12-06,297176.94
2004-12-07,297177.53
2004-12-08,292824.93
2004-12-09,290213.6
2004-12-10,289923.96
2004-12-13,293697.32
2004-12-14,293988.11
2004-12-15,297471.28
2004-12-16,295730.58
2004-12-17,294280.08
2004-12-20,298053.49
2004-12-21,296893.21
2004-12-22,298925.32
2004-12-23,301247.67
2004-12-27,304150.46
2004-12-28,304441.28
2004-12-29,303281
2004-12-30,305648.68
2004-12-31,305649.28
2005-01-03,304170.46
2005-01-04,301508.1
2005-01-05,299141.6
2005-01-06,297958.65
2005-01-07,297367.47
2005-01-10,298255.72
2005-01-11,298552.2
2005-01-12,299736.35
2005-01-13,298553.39
2005-01-14,297962.2
2005-01-18,297666.9
2005-01-19,298259.27
2005-01-20,294709.16
2005-01-21,295301.53
2005-01-24,296485.69
2005-01-25,295598.59
2005-01-26,299149.91
2005-01-27,299150.51
2005-01-28,297671.62
2005-01-31,299743.49
2005-02-01,300631.77
2005-02-02,302111.86
2005-02-03,300041.17
2005-02-04,302408.95
2005-02-07,301817.76
2005-02-08,300338.86
2005-02-09,300635.35
2005-02-10,303003.16
2005-02-11,304483.26
2005-02-14,307146.99
2005-02-15,308331.21
2005-02-16,306852.3
2005-02-17,308332.43
2005-02-18,308924.85
2005-02-22,310700.9
2005-02-23,308038.36
2005-02-24,308926.69
2005-02-25,311590.47
2005-02-28,312478.81
2005-03-01,313367.15
2005-03-02,311000.5
2005-03-03,312184.76
2005-03-04,316624.02
2005-03-07,315145.1
2005-03-08,316625.28
2005-03-09,314850.44
2005-03-10,315442.89
2005-03-11,315739.42
2005-03-14,313964.57
2005-03-15,313669.28
2005-03-16,313669.9
2005-03-17,313078.7
2005-03-18,312250.75
2005-03-21,310179.57
2005-03-22,306924.48
2005-03-23,305149.25
2005-03-24,304853.88
2005-03-28,304262.54
2005-03-29,301895.34
2005-03-30,304855.69
2005-03-31,304856.3
2005-04-01,304560.93
2005-04-04,301897.73
2005-04-05,303970.18
2005-04-06,304858.72
2005-04-07,307819.12
2005-04-08,305747.87
2005-04-11,308116.32
2005-04-12,306933.01
2005-04-13,305749.69
2005-04-14,302494.49
2005-04-15,299535.26
2005-04-18,297167.99
2005-04-19,300128.42
2005-04-20,297465.15
2005-04-21,302201.51
2005-04-22,301314.15
2005-04-25,302202.71
2005-04-26,298947.45
2005-04-27,298060.08
2005-04-28,295396.78
2005-04-29,298949.23
2005-05-02,298357.84
2005-05-03,299246.4
2005-05-04,303094.87
2005-05-05,303391.47
2005-05-06,303096.08
2005-05-09,302504.69
2005-05-10,299841.36
2005-05-11,300137.95
2005-05-12,296586.61
2005-05-13,295403.22
2005-05-16,294811.82
2005-05-17,295700.39
2005-05-18,297476.96
2005-05-19,298661.54
2005-05-20,297182.14
2005-05-23,299846.71
2005-05-24,299847.31
2005-05-25,298959.91
2005-05-26,299552.5
2005-05-27,300145.09
2005-05-31,297777.68
2005-06-01,300146.28
2005-06-02,300738.88
2005-06-03,299555.47
2005-06-06,300444.07
2005-06-07,301628.69
2005-06-08,303109.31
2005-06-09,301037.87
2005-06-10,299854.45
2005-06-13,298375.01
2005-06-14,299855.64
2005-06-15,300744.25
2005-06-16,301632.88
2005-06-17,305777.6
2005-06-20,303706.14
2005-06-21,304298.76
2005-06-22,304891.39
2005-06-23,302523.9
2005-06-24,301636.47
2005-06-27,301045.04
2005-06-28,302525.7
2005-06-29,302230.29
2005-06-30,301046.83
2005-07-01,301047.43
2005-07-05,300456
2005-07-06,300456.59
2005-07-07,298089.06
2005-07-08,301049.82
2005-07-11,304602.63
2005-07-12,306675.36
2005-07-13,304899.85
2005-07-14,306676.58
2005-07-15,305493.1
2005-07-18,305197.69
2005-07-19,303718.19
2005-07-20,307863.1
2005-07-21,307863.71
2005-07-22,308752.39
2005-07-25,306680.83
2005-07-26,306681.44
2005-07-27,308754.22
2005-07-28,310530.99
2005-07-29,310827.63
2005-08-01,313196.46
2005-08-02,316157.35
2005-08-03,317638.11
2005-08-04,315566.55
2005-08-05,313198.94
2005-08-08,315567.8
2005-08-09,317640.63
2005-08-10,321785.69
2005-08-11,325338.7
2005-08-12,324451.25
2005-08-15,323859.83
2005-08-16,321196.18
2005-08-17,321196.81
2005-08-18,317052.98
2005-08-19,318237.74
2005-08-22,322086.83
2005-08-23,320015.22
2005-08-24,318239.64
2005-08-25,318832.34
2005-08-26,318536.94
2005-08-29,317649.46
2005-08-30,315577.82
2005-08-31,320907.15
2005-09-01,325940.46
2005-09-02,327421.31
2005-09-06,330678.41
2005-09-07,330383.02
2005-09-08,328015.34
2005-09-09,331864.55
2005-09-12,329792.9
2005-09-13,326833.12
2005-09-14,328610.04
2005-09-15,328314.64
2005-09-16,330387.61
2005-09-19,328611.99
2005-09-20,329500.78
2005-09-21,329205.39
2005-09-22,327429.76
2005-09-23,326542.26
2005-09-26,329503.4
2005-09-27,328319.85
2005-09-28,331577.06
2005-09-29,334538.23
2005-09-30,334242.84
2005-10-03,332171.14
2005-10-04,332171.8
2005-10-05,328619.82
2005-10-06,326252.04
2005-10-07,327140.85
2005-10-10,325661.22
2005-10-11,326846.09
2005-10-12,325366.46
2005-10-13,321222.31
2005-10-14,325663.81
2005-10-17,323295.99
2005-10-18,318855.75
2005-10-19,318856.38
2005-10-20,315008.24
2005-10-21,316785.23
2005-10-24,320042.53
2005-10-25,321523.47
2005-10-26,321228.04
2005-10-27,320340.49
2005-10-28,321821.45
2005-10-31,324782.72
2005-11-01,325967.62
2005-11-02,329224.99
2005-11-03,331298.1
2005-11-04,327153.83
2005-11-07,328338.75
2005-11-08,327155.13
2005-11-09,326563.64
2005-11-10,327452.5
2005-11-11,328637.42
2005-11-14,326861.66
2005-11-15,324197.67
2005-11-16,324494.38
2005-11-17,329528.24
2005-11-18,330417.11
2005-11-21,332786.35
2005-11-22,331602.72
2005-11-23,334564.12
2005-11-25,333084.41
2005-11-28,332196.84
2005-11-29,332789.65
2005-11-30,330717.78
2005-12-01,335751.74
2005-12-02,337528.87
2005-12-05,338121.7
2005-12-06,339602.76
2005-12-07,338419.12
2005-12-08,339011.95
2005-12-09,341085.18
2005-12-12,344934.91
2005-12-13,346119.92
2005-12-14,347304.94
2005-12-15,343752.64
2005-12-16,346714.15
2005-12-19,346122.67
2005-12-20,346715.53
2005-12-21,347012.3
2005-12-22,348789.5
2005-12-23,349086.28
2005-12-27,347310.45
2005-12-28,350716.14
2005-12-29,350111.64
2005-12-30,347388.9
2006-01-03,357072.91
2006-01-04,361915.28
2006-01-05,361008.19
2006-01-06,365547.98
2006-01-09,365246.1
2006-01-10,361918.15
2006-01-11,364944.94
2006-01-12,363432.63
2006-01-13,363130.74
2006-01-17,358289.72
2006-01-18,354053.9
2006-01-19,359501.58
2006-01-20,353450.08
2006-01-23,358292.56
2006-01-24,359201.11
2006-01-25,361320.11
2006-01-26,366162.64
2006-01-27,368584.27
2006-01-30,367071.93
2006-01-31,368888.35
2006-02-01,370099.55
2006-02-02,365863.65
2006-02-03,363746.06
2006-02-06,364049.4
2006-02-07,361629.18
2006-02-08,361327.28
2006-02-09,362841.09
2006-02-10,362236.57
2006-02-13,359816.33
2006-02-14,361632.77
2006-02-15,361330.86
2006-02-16,362844.69
2006-02-17,361634.92
2006-02-21,362846.13
2006-02-22,364662.6
2006-02-23,366479.07
2006-02-24,367690.29
2006-02-27,369506.78
2006-02-28,366481.25
2006-03-01,369810.87
2006-03-02,366785.33
2006-03-03,366483.43
2006-03-06,366484.16
2006-03-07,362248.07
2006-03-08,361946.16
2006-03-09,364065.29
2006-03-10,366184.43
2006-03-13,370119.37
2006-03-14,374356.96
2006-03-15,374962.97
2006-03-16,376174.25
2006-03-17,377990.8
2006-03-20,379807.36
2006-03-21,376781.76
2006-03-22,379808.87
2006-03-23,377388.53
2006-03-24,377510.33
2006-03-27,377511.08
2006-03-28,376603.62
2006-03-29,377209.84
2006-03-30,382357.11
2006-03-31,379633.24
2006-04-03,383266.84
2006-04-04,386900.46
2006-04-05,388717.67
2006-04-06,389323.92
2006-04-07,385086.33
2006-04-10,386298.05
2006-04-11,382665.92
2006-04-12,381455.71
2006-04-13,381759.21
2006-04-17,383879.17
2006-04-18,389329.32
2006-04-19,392357.54
2006-04-20,392358.32
2006-04-21,395386.55
2006-04-24,394176.35
2006-04-25,395085.38
2006-04-26,397205.39
2006-04-27,398719.92
2006-04-28,398115.21
2006-05-01,400235.25
2006-05-02,405382.79
2006-05-03,402356.09
2006-05-04,405081.65
2006-05-05,411440.23
2006-05-08,412349.31
2006-05-09,414166.64
2006-05-10,412653.7
2006-05-11,409021.47
2006-05-12,403269.94
2006-05-15,400545.95
2006-05-16,399032.96
2006-05-17,387226.25
2006-05-18,386318.75
2006-05-19,385411.24
2006-05-22,378145.81
2006-05-23,381476.91
2006-05-24,378752.83
2006-05-25,382992.22
2006-05-26,387231.63
2006-05-30,382388.22
2006-05-31,384508.31
2006-06-01,386325.65
2006-06-02,389959.57
2006-06-05,384207.84
2006-06-06,376639.49
2006-06-07,373309.83
2006-06-08,363924.84
2006-06-09,365742.16
2006-06-12,360898.61
2006-06-13,351513.54
2006-06-14,356964.06
2006-06-15,366956.13
2006-06-16,364231.94
2006-06-19,362113.27
2006-06-20,363627.84
2006-06-21,367261.82
2006-06-22,367565.32
2006-06-23,366657.73
2006-06-26,367566.78
2006-06-27,363934.23
2006-06-28,365146.04
2006-06-29,377560.52
2006-06-30,383314
2006-07-03,386645.29
2006-07-05,379682.2
2006-07-06,383013.5
2006-07-07,382711.48
2006-07-10,384226.13
2006-07-11,384226.9
2006-07-12,377869.29
2006-07-13,372117.23
2006-07-14,368181.82
2006-07-17,363035.27
2006-07-18,361824.86
2006-07-19,369697.92
2006-07-20,370001.44
2006-07-21,369699.39
2006-07-24,376058.59
2006-07-25,377876.04
2006-07-26,376362.87
2006-07-27,382419.33
2006-07-28,388778.61
2006-07-31,387265.44
2006-08-01,383329.97
2006-08-02,389083.71
2006-08-03,386662.17
2006-08-04,390599.2
2006-08-07,385755.33
2006-08-08,385453.31
2006-08-09,388179.19
2006-08-10,386968.8
2006-08-11,385152.81
2006-08-14,386970.33
2006-08-15,393935.36
2006-08-16,398175.26
2006-08-17,398176.05
2006-08-18,397268.45
2006-08-21,397572.03
2006-08-22,396361.64
2006-08-23,394242.84
2006-08-24,394546.42
2006-08-25,392730.41
2006-08-28,394547.99
2006-08-29,395759.97
2006-08-30,397880.36
2006-08-31,397578.35
2006-09-01,400001.55
2006-09-05,402121.95
2006-09-06,395461.09
2006-09-07,391222.63
2006-09-08,391829.02
2006-09-11,388801.75
2006-09-12,393041.79
2006-09-13,392436.96
2006-09-14,393951.77
2006-09-15,391832.9
2006-09-18,393347.72
2006-09-19,392137.27
2006-09-20,394257.71
2006-09-21,394561.3
2006-09-22,393653.65
2006-09-25,393957.24
2006-09-26,395472.08
2006-09-27,398803.79
2006-09-28,399107.4
2006-09-29,398502.56
2006-10-02,400320.23
2006-10-03,400018.21
2006-10-04,402441.52
2006-10-05,404562.03
2006-10-06,401231.86
2006-10-09,400627.02
2006-10-10,402444.72
2006-10-11,401839.88
2006-10-12,405474.5
2006-10-13,405172.48
2006-10-16,407595.84
2006-10-17,404871.27
2006-10-18,406083.36
2006-10-19,408809.56
2006-10-20,410324.48
2006-10-23,411233.76
2006-10-24,410931.75
2006-10-25,413355.16
2006-10-26,416081.39
2006-10-27,413356.8
2006-10-30,413054.79
2006-10-31,413964.09
2006-11-01,413964.91
2006-11-02,414268.56
2006-11-03,413058.07
2006-11-06,418206.97
2006-11-07,420327.61
2006-11-08,418814.29
2006-11-09,415786.82
2006-11-10,419118.78
2006-11-13,417302.63
2006-11-14,420634.61
2006-11-15,420029.78
2006-11-16,419424.94
2006-11-17,418517.27
2006-11-20,415186.93
2006-11-21,417004.76
2006-11-22,421548.12
2006-11-24,420943.29
2006-11-27,416401.57
2006-11-28,418219.42
2006-11-29,425185.53
2006-11-30,426700.56
2006-12-01,426095.73
2006-12-04,429124.98
2006-12-05,430034.35
2006-12-06,430943.72
2006-12-07,431853.11
2006-12-08,433065.33
2006-12-11,431551.98
2006-12-12,433067.05
2006-12-13,435187.82
2006-12-14,437914.28
2006-12-15,436703.77
2006-12-18,434584.72
2006-12-19,436402.66
2006-12-20,437312.06
2006-12-21,436707.24
2006-12-22,435496.71
2006-12-26,436708.97
2006-12-27,440041.18
2006-12-28,440102.62
2006-12-29,438863.77
2007-01-03,442273.89
2007-01-04,441654.91
2007-01-05,434837.25
2007-01-08,435457.98
2007-01-09,436388.65
2007-01-10,431740.49
2007-01-11,433910.9
2007-01-12,439800.55
2007-01-16,439491.48
2007-01-17,439802.29
2007-01-18,439183.29
2007-01-19,442903.43
2007-01-22,441664.55
2007-01-23,445074.76
2007-01-24,447865.11
2007-01-25,442287.06
2007-01-26,440738.23
2007-01-29,441358.99
2007-01-30,444769.24
2007-01-31,444460.17
2007-02-01,450040.05
2007-02-02,449421.06
2007-02-05,447252.33
2007-02-06,450352.68
2007-02-07,452213.25
2007-02-08,449734.57
2007-02-09,448495.67
2007-02-12,446636.87
2007-02-13,451906.89
2007-02-14,458416.74
2007-02-15,459657.45
2007-02-16,459038.46
2007-02-20,459969.22
2007-02-21,456870.61
2007-02-22,458421.28
2007-02-23,461211.78
2007-02-26,462452.51
2007-02-27,446335.78
2007-02-28,445716.75
2007-03-01,441378.25
2007-03-02,436419.82
2007-03-05,428671.76
2007-03-06,439521.13
2007-03-07,439522.01
2007-03-08,444792.18
2007-03-09,445722.94
2007-03-12,447893.55
2007-03-13,438285.65
2007-03-14,437356.63
2007-03-15,440767.09
2007-03-16,441077.92
2007-03-19,447588.03
2007-03-20,450688.56
2007-03-21,457353.69
2007-03-22,460145.23
2007-03-23,460766.29
2007-03-26,460767.2
2007-03-27,458287.54
2007-03-28,455807.87
2007-03-29,458909.5
2007-03-30,457670.12
2007-04-02,460151.62
2007-04-03,465113.74
2007-04-04,466665.04
2007-04-05,468526.43
2007-04-09,467287.05
2007-04-10,471629.06
2007-04-11,469149.37
2007-04-12,472251.09
2007-04-13,472872.19
2007-04-16,479384.81
2007-04-17,478145.44
2007-04-18,478456.47
2007-04-19,476286.84
2007-04-20,481869.27
2007-04-23,477839.15
2007-04-24,477219.93
2007-04-25,481872.14
2007-04-26,478772.25
2007-04-27,478153.03
2007-04-30,475363.2
2007-05-01,475984.32
2007-05-02,479706.31
2007-05-03,480327.44
2007-05-04,484049.46
2007-05-07,485910.95
2007-05-08,481880.75
2007-05-09,484362.43
2007-05-10,475680.84
2007-05-11,482193.71
2007-05-14,480644.2
2007-05-15,480955.25
2007-05-16,481886.48
2007-05-17,480026.88
2007-05-18,484059.06
2007-05-21,482199.45
2007-05-22,482510.5
2007-05-23,484992.23
2007-05-24,480031.64
2007-05-25,482203.28
2007-05-29,484064.82
2007-05-30,485306.18
2007-05-31,487477.84
2007-06-01,491200.01
2007-06-04,492751.49
2007-06-05,490581.76
2007-06-06,484070.59
2007-06-07,475698.77
2007-06-08,479420.96
2007-06-11,480042.11
2007-06-12,473530.87
2007-06-13,479423.81
2007-06-14,482525.82
2007-06-15,489039.02
2007-06-18,489350.09
2007-06-19,489661.17
2007-06-20,485630.73
2007-06-21,487492.35
2007-06-22,483151.78
2007-06-25,481602.19
2007-06-26,480672.81
2007-06-27,482224.33
2007-06-28,483155.62
2007-06-29,486877.93
2007-07-02,493081.16
2007-07-03,495252.94
2007-07-05,494013.46
2007-07-06,496495.36
2007-07-09,498357.04
2007-07-10,493706.29
2007-07-11,496808.44
2007-07-12,504562.36
2007-07-13,504253.25
2007-07-16,503323.89
2007-07-17,501464.17
2007-07-18,498984.21
2007-07-19,502396.52
2007-07-20,498055.82
2007-07-23,500537.79
2007-07-24,491855.35
2007-07-25,490925.95
2007-07-26,476351.11
2007-07-27,469091.2781423803
2007-07-30,476947.71845515724
2007-07-31,476351.11
2007-08-01,478339.9397001496
2007-08-02,476947.71845515724
2007-08-03,469091.2781423803
2007-08-06,476251.5235516452
2007-08-07,476947.7184551573
2007-08-08,484107.8627272031
2007-08-09,469588.80583527806
2007-08-10,463323.658526984
2007-08-13,464118.83305553655
2007-08-14,458152.3102426814
2007-08-15,447312.7265168991
2007-08-16,445224.20923117566
2007-08-17,451489.2216898444
2007-08-20,452085.86385740794
2007-08-21,451986.648245523
2007-08-22,463323.658526984
2007-08-23,465312.3870899146
2007-08-24,472770.919870555
2007-08-27,468096.897004712
2007-08-28,456660.5699741471
2007-08-29,468793.22675784945
2007-08-30,465411.9061134567
2007-08-31,475953.26989267627
2007-09-04,478240.5218138267
2007-09-05,469986.54480538296
2007-09-06,472770.91987055494
2007-09-07,466207.3166288536
2007-09-10,464318.0059522461
2007-09-11,472671.6368338573
2007-09-12,472273.5270272826
2007-09-13,474859.33601905924
2007-09-14,472671.6368338572
2007-09-17,466008.6831306456
2007-09-18,480826.1285311652
2007-09-19,485897.9577919257
2007-09-20,484903.4080922255
2007-09-21,488384.11291053495
2007-09-24,487887.0571913261
2007-09-25,490273.49101195514
2007-09-26,492063.6535014904
2007-09-27,497931.2304017114
2007-09-28,498627.29045559803
2007-10-01,505787.36730283115
2007-10-02,504196.2765727864
2007-10-03,501411.5306711446
2007-10-04,503599.4658431911
2007-10-05,508472.4256188992
2007-10-08,503599.4658431911
2007-10-09,509864.7142887042
2007-10-10,508372.9403077634
2007-10-11,510859.0280015599
2007-10-12,512350.83569490706
2007-10-15,507975.1002004395
2007-10-16,501013.75798863336
2007-10-17,506185.1736977487
2007-10-18,507378.49174528226
2007-10-19,496737.94606658415
2007-10-22,495047.0666137465
2007-10-23,503201.65944827354
2007-10-24,501610.5012934161
2007-10-25,503400.79863257677
2007-10-26,512848.12740096037
2007-10-29,517522.3188288351
2007-10-30,513742.92209027405
2007-10-31,520704.1968772675
2007-11-01,507676.9813910959
2007-11-02,510660.25965372665
2007-11-05,504792.8513155374
2007-11-06,511953.2315744277
2007-11-07,502107.86042428215
2007-11-08,505488.709094986
2007-11-09,493654.6093819099
2007-11-12,485798.5736180091
2007-11-13,500118.8958745072
2007-11-14,498328.8682345973
2007-11-15,489279.41328594397
2007-11-16,491168.55540051975
2007-11-19,478837.3662558284
2007-11-20,488682.46770672314
2007-11-21,478737.98208191164
2007-11-23,489080.5100884851
2007-11-26,481621.7076085939
2007-11-27,489776.4352927463
2007-11-28,502505.6668191995
2007-11-29,499323.24937226553
2007-11-30,501113.34443698806
2007-12-03,499223.86519834877
2007-12-04,495743.22780485207
2007-12-05,502704.5025918455
2007-12-06,507378.4917452821
2007-12-07,505389.4934831007
2007-12-10,510262.7229580596
2007-12-11,497831.7788029817
2007-12-12,505687.98312891426
2007-12-13,497135.38162503164
2007-12-14,483710.022619879
2007-12-17,473268.17786420154
2007-12-18,478439.39129887876
2007-12-19,475157.6233904345
2007-12-20,476748.7815452919
2007-12-21,484605.15443325613
2007-12-24,487400.3848932724
2007-12-26,490144.87818173354
2007-12-27,485672.38808104454
2007-12-28,490856.41223013436
2007-12-31,487095.55731506523
2008-01-02,485977.41793368984
2008-01-03,486790.4937500137
2008-01-04,476117.61787362694
2008-01-07,476727.30674244754
2008-01-08,472864.7414974237
2008-01-09,475914.23092612374
2008-01-10,475406.0164004134
2008-01-11,467172.4016854045
2008-01-14,474694.48235201254
2008-01-15,459752.43589762726
2008-01-16,450299.0388961009
2008-01-17,442675.38274916343
2008-01-18,444301.9389306873
2008-01-22,431697.4770201315
2008-01-23,430782.6571614465
2008-01-24,442777.1942163373
2008-01-25,440845.8441690126
2008-01-28,444301.93893068726
2008-01-29,447452.9701273104
2008-01-30,444505.2921657841
2008-01-31,451112.28327445645
2008-02-01,457414.44680492167
2008-02-04,452738.6034691358
2008-02-05,434645.2561188767
2008-02-06,433527.2515871267
2008-02-07,430477.6947336139
2008-02-08,426310.1333483511
2008-02-11,427834.8443502948
2008-02-12,436170.0682580394
2008-02-13,438711.27573621646
2008-02-14,438304.7041156482
2008-02-15,438914.5952589069
2008-02-19,445115.08217182365
2008-02-20,441049.16369170294
2008-02-21,441760.66402769735
2008-02-22,446436.23766423244
2008-02-25,453043.53218456195
2008-02-26,460768.6626746097
2008-02-27,461480.16301060416
2008-02-28,457820.9172882707
2008-02-29,446538.15026862524
2008-03-03,446639.759461361
2008-03-04,440845.84416901245
2008-03-05,445318.4016945141
2008-03-06,440744.2349762767
2008-03-07,434848.50821675436
2008-03-10,430579.33763875585
2008-03-11,444403.5144110165
2008-03-12,444871.27404910815
2008-03-13,445278.14908133354
2008-03-14,435516.2835617143
2008-03-17,428703.37707506254
2008-03-18,441820.8069606239
2008-03-19,425551.1322318108
2008-03-20,429923.5976228625
2008-03-24,438566.8180750111
2008-03-25,446091.62944653345
2008-03-26,445684.75441430806
2008-03-27,446396.62558677234
2008-03-28,445481.43489161757
2008-03-31,448226.8047026438
2008-04-01,461242.5242582504
2008-04-02,462767.70723388303
2008-04-03,463988.09634371474
2008-04-04,466123.23788741877
2008-04-07,467953.5518529156
2008-04-08,463886.35230135365
2008-04-09,460937.32584357343
2008-04-10,459005.47011015355
2008-04-11,453006.04398870183
2008-04-14,453311.1075537535
2008-04-15,455954.73332241864
2008-04-16,471614.34834594117
2008-04-17,466631.8569620053
2008-04-18,469478.9708153927
2008-04-21,473139.5650339801
2008-04-22,467851.9763725864
2008-04-23,469580.78228256654
2008-04-24,467241.91666729585
2008-04-25,472529.5727535023
2008-04-28,474461.4284869222
2008-04-29,469987.35390313476
2008-04-30,472326.08466878004
2008-05-01,476088.38921732217
2008-05-02,477308.7446147476
2008-05-05,478020.4135127738
2008-05-06,479850.86232789606
2008-05-07,472224.4080512316
2008-05-08,475071.5893294316
2008-05-09,473444.62859903154
2008-05-12,477918.83803244436
2008-05-13,476190.2006844959
2008-05-14,476495.1968247348
2008-05-15,483613.2680136572
2008-05-16,489409.3746124184
2008-05-19,488595.8942472184
2008-05-20,484121.6511013993
2008-05-21,478732.28468523803
2008-05-22,483308.1370237929
2008-05-23,476901.8358701158
2008-05-27,476393.55391959276
2008-05-28,477105.4588044634
2008-05-29,475580.07355439273
2008-05-30,478020.41351277375
2008-06-02,473546.30521658
2008-06-03,471919.41191099264
2008-06-04,469580.7822825664
2008-06-05,476901.8358701157
2008-06-06,463479.5109815345
2008-06-09,463174.6159785146
2008-06-10,454836.29052938585
2008-06-11,448633.41003561823
2008-06-12,446803.1634949341
2008-06-13,450464.0274127723
2008-06-16,452700.9129988375
2008-06-17,454327.94115405023
2008-06-18,450260.5056156438
2008-06-19,449040.2850678438
2008-06-20,439481.9076329468
2008-06-23,438770.23873492057
2008-06-24,437651.6273798563
2008-06-25,442634.2873258239
2008-06-26,431652.1675459983
2008-06-27,433787.477651734
2008-06-30,436533.04973719834
2008-07-01,432160.618058553
2008-07-02,424839.29477175284
2008-07-03,427381.5136221204
2008-07-07,423720.71712909493
2008-07-08,425957.7712771918
2008-07-09,422195.36559143063
2008-07-10,424534.2649191076
2008-07-11,416704.6259693781
2008-07-14,415992.7547969138
2008-07-15,409078.07055549463
2008-07-16,417009.68953442975
2008-07-17,423008.9133814433
2008-07-18,426263.00340427505
2008-07-21,429313.5379175719
2008-07-22,429211.76016280445
2008-07-23,431855.7567679394
2008-07-24,424432.5883015591
2008-07-25,424432.5883015591
2008-07-28,418839.9360751138
2008-07-29,422195.36559143045
2008-07-30,426873.06310956547
2008-07-31,421381.8178014177
2008-08-01,415891.1118917716
2008-08-04,412026.9958760557
2008-08-05,422093.85753591376
2008-08-06,422297.0759213852
2008-08-07,414060.69678905566
2008-08-08,415382.7288040295
2008-08-11,415687.6575194557
2008-08-12,413755.7343612231
2008-08-13,406230.92298970075
2008-08-14,404502.353066565
2008-08-15,401655.1380759586
2008-08-18,399519.82797022286
2008-08-19,395045.5511119974
2008-08-20,397079.31944981014
2008-08-21,399519.82797022286
2008-08-22,401248.36418095225
2008-08-25,394638.87835421006
2008-08-26,396570.90264966164
2008-08-27,400638.3381880681
2008-08-28,405315.7997193587
2008-08-29,404502.353066565
2008-09-02,398401.2840399712
2008-09-03,396469.3608817386
2008-09-04,378877.72156276443
2008-09-05,378572.72542252555
2008-09-08,385792.3720917773
2008-09-09,374810.3534491707
2008-09-10,376742.47888184135
2008-09-11,375928.8973794223
2008-09-12,383657.0619860415
2008-09-15,367285.74435208645
2008-09-16,365353.75376904116
2008-09-17,352643.09777848615
2008-09-18,366065.4900918801
2008-09-19,390368.19071792584
2008-09-22,384368.6971716614
2008-09-23,375623.93495158985
2008-09-24,375827.1870494676
2008-09-25,383351.86357136455
2008-09-26,380301.3290580677
2008-09-29,342576.2698310344
2008-09-30,357625.62287482835
2008-10-01,355795.2414845188
2008-10-02,340542.7037676598
2008-10-03,339627.47936009866
2008-10-06,320002.20655293716
2008-10-07,305766.40129915596
2008-10-08,297733.17312748515
2008-10-09,280650.3045889261
2008-10-10,271905.2726696037
2008-10-13,313595.9391116664
2008-10-14,307088.3321769107
2008-10-15,273227.22040356166
2008-10-16,287259.7735594651
2008-10-17,282684.02235812927
2008-10-20,296614.6629096399
2008-10-21,284209.2390461682
2008-10-22,260821.61112185506
2008-10-23,266109.3683452805
2008-10-24,251670.02443816754
2008-10-27,240281.34989397685
2008-10-28,258381.1531700518
2008-10-29,272922.1062699005
2008-10-30,281158.5696832459
2008-10-31,284107.4612914007
2008-11-03,284005.85209866497
2008-11-04,304139.3394315368
2008-11-05,288886.59944023966
2008-11-06,267939.54746115196
2008-11-07,284310.84823890385
2008-11-10,280548.5099779554
2008-11-11,269973.29894276155
2008-11-12,255839.11973791922
2008-11-13,275159.22784281004
2008-11-14,261126.77582412562
2008-11-17,256957.73109298348
2008-11-18,257567.6896610549
2008-11-19,240993.0356482062
2008-11-20,228689.3052584861
2008-11-21,241196.49002052203
2008-11-24,259398.08790756765
2008-11-25,262855.29517865187
2008-11-26,266210.960681813
2008-11-28,265295.71941804874
2008-12-01,243433.56102482215
2008-12-02,256754.29357687084
2008-12-03,259296.27644039388
2008-12-04,251771.76848052867
2008-12-05,256855.9364820129
2008-12-08,267431.16437340993
2008-12-09,265397.3960355972
2008-12-10,272006.89871854254
2008-12-11,274040.7513373711
2008-12-12,273328.7621714846
2008-12-15,273735.7046285227
2008-12-16,289598.47061270394
2008-12-17,288378.31748971663
2008-12-18,278819.8726300069
2008-12-19,275464.2408392521
2008-12-22,274650.81104266155
2008-12-23,271701.9362907099
2008-12-24,275429.14622424275
2008-12-26,276271.41698446474
2008-12-29,276692.53550837253
2008-12-30,285536.5639089386
2008-12-31,289221.599622129
2009-01-02,291011.4587000071
2009-01-05,286694.6187794312
2009-01-06,289221.599622129
2009-01-07,285747.19902380684
2009-01-08,289116.3157771012
2009-01-09,280377.4532281407
2009-01-12,273533.86845171143
2009-01-13,268585.4603105944
2009-01-14,256793.4673930481
2009-01-15,259741.36448521563
2009-01-16,261741.8249655556
2009-01-20,242158.60838531444
2009-01-21,253424.24950253463
2009-01-22,247949.2535742471
2009-01-23,245633.00898363654
2009-01-26,251318.45460855734
2009-01-27,255003.57460276355
2009-01-28,263426.4001984059
2009-01-29,251423.73845358507
2009-01-30,248686.3753390667
2009-02-02,246896.4994049854
2009-02-03,253319.0499385227
2009-02-04,252265.9923576039
2009-02-05,255319.32500062775
2009-02-06,261320.68958544452
2009-02-09,261847.14252298963
2009-02-10,248896.87560430952
2009-02-11,251213.25504454545
2009-02-12,250792.06909582493
2009-02-13,248159.97297013114
2009-02-17,234893.73652294558
2009-02-18,234577.98612508137
2009-02-19,234262.1345899981
2009-02-20,231629.88675847577
2009-02-23,222891.09163432795
2009-02-24,231524.61976965124
2009-02-25,226155.12681703272
2009-02-26,224259.899613111
2009-02-27,223628.247111554
2009-03-02,211625.55165432682
2009-03-03,209940.92585286693
2009-03-04,218679.77154562427
2009-03-05,209835.59143922964
2009-03-06,210256.87852516922
2009-03-09,204676.59875185392
2009-03-10,217416.21369946265
2009-03-11,218574.4034195806
2009-03-12,224365.13288952917
2009-03-13,224891.56897087113
2009-03-16,227839.5840564609
2009-03-17,233735.71536485944
2009-03-18,240579.2664288823
2009-03-19,240473.9488714482
2009-03-20,236999.59884173557
2009-03-23,253954.4276609813
2009-03-24,245945.8601145548
2009-03-25,250371.62482004412
2009-03-26,253427.48589354413
2009-03-27,245208.2832322494
2009-03-30,236251.33512661757
2009-03-31,242468.59396169297
2009-04-01,248896.4541992302
2009-04-02,260066.1835203877
2009-04-03,261330.63474531757
2009-04-06,256694.15064394416
2009-04-07,251425.457786309
2009-04-08,253532.87087579104
2009-04-09,259960.8659629537
2009-04-13,262595.136538857
2009-04-14,260698.49341386862
2009-04-15,263754.3713435718
2009-04-16,265334.9943714452
2009-04-17,265229.57567679207
2009-04-20,253743.6239840815
2009-04-21,259328.58978187927
2009-04-22,257642.53120314953
2009-04-23,264281.22882999305
2009-04-24,268601.59169703245
2009-04-27,265124.2244069516
2009-04-28,263227.5475695568
2009-04-29,270498.3696716462
2009-04-30,271130.6289965175
2009-05-01,274924.08380852605
2009-05-04,285145.4999952909
2009-05-05,281246.77819445776
2009-05-06,289887.5207847397
2009-05-07,285567.00621187175
2009-05-08,297263.5930194505
2009-05-11,290519.72954100143
2009-05-12,292943.2807210207
2009-05-13,282932.61764254625
2009-05-14,286304.7010875994
2009-05-15,282932.6176425463
2009-05-18,294102.4143885165
2009-05-19,295999.17550692713
2009-05-20,298106.7403022377
2009-05-21,295261.5817684186
2009-05-22,297579.9165282228
2009-05-26,302848.6599544675
2009-05-27,297895.90291293146
2009-05-28,300003.4339958357
2009-05-29,306536.66235941654
2009-06-01,313913.10543059715
2009-06-02,316863.4803846313
2009-06-03,307801.2484339717
2009-06-04,308960.2809642484
2009-06-05,305482.91367416753
2009-06-08,303691.6049628164
2009-06-09,306747.49974872277
2009-06-10,307906.6334162185
2009-06-11,313069.9581478101
2009-06-12,311700.12194063346
2009-06-15,301267.98635798454
2009-06-16,297895.9029129314
2009-06-17,298212.05785967177
2009-06-18,298528.1453815995
2009-06-19,302216.2489237676
2009-06-22,292521.7745044399
2009-06-23,297369.0454265101
2009-06-24,295893.75681227393
2009-06-25,303270.03132142284
2009-06-26,303270.03132142284
2009-06-29,304323.7800066718
2009-06-30,300951.79769883776
2009-07-01,308117.26853108674
2009-07-02,298738.84792128036
2009-07-06,299160.4552750802
2009-07-07,291784.248190744
2009-07-08,290203.57459426107
2009-07-09,296104.66162639286
2009-07-10,290308.8921516951
2009-07-13,295577.7030027525
2009-07-14,296315.2293164484
2009-07-15,305272.17742208025
2009-07-16,310224.79961399094
2009-07-17,309803.3608222228
2009-07-20,315177.45551830786
2009-07-21,316758.02797757176
2009-07-22,317917.12793266115
2009-07-23,322553.7974522695
2009-07-24,325293.57100384176
2009-07-27,325398.7537116505
2009-07-28,324345.13987602695
2009-07-29,320551.65135161206
2009-07-30,328138.6284004419
2009-07-31,332775.1293580185
2009-08-03,341732.0100388377
2009-08-04,341310.5712470695
2009-08-05,340151.4038671674
2009-08-06,337833.1028197696
2009-08-07,337095.57650607376
2009-08-10,334671.9241888355
2009-08-11,332353.7242786567
2009-08-12,336568.6853072461
2009-08-13,341942.7462909249
2009-08-14,338992.2364872653
2009-08-17,327822.5071661078
2009-08-18,333302.0205568461
2009-08-19,335936.3754137653
2009-08-20,339413.77641625254
2009-08-21,346052.4908992993
2009-08-24,345947.13962945883
2009-08-25,349003.0344153652
2009-08-26,347317.04326144815
2009-08-27,350056.6819633951
2009-08-28,350267.4182154824
2009-08-31,347738.44834080996
2009-09-01,339308.4251464121
2009-09-02,339729.86393818026
2009-09-03,342364.4210695375
2009-09-04,346579.3820981269
2009-09-08,353217.89430673554
2009-09-09,357749.11141928437
2009-09-10,360594.26995310345
2009-09-11,359435.10257320135
2009-09-14,360383.46627620346
2009-09-15,359435.1025732013
2009-09-16,368918.8744528481
2009-09-17,366705.8909628844
2009-09-18,367338.2008563652
2009-09-21,363334.0097922694
2009-09-22,367970.3759002206
2009-09-23,366073.8170562481
2009-09-24,359856.6087897822
2009-09-25,359856.6087897822
2009-09-28,363017.88855793537
2009-09-29,361015.67503246525
2009-09-30,361437.2486738588
2009-10-01,351215.91676810983
2009-10-02,348054.5358627376
2009-10-05,353007.22547946096
2009-10-06,358802.86010453326
2009-10-07,360067.2776170568
2009-10-08,365652.2097024482
2009-10-09,364177.08965024387
2009-10-12,366284.5195959291
2009-10-13,366179.1346136823
2009-10-14,375030.56288744195
2009-10-15,376400.6013690566
2009-10-16,370710.2843014184
2009-10-19,376822.0064484185
2009-10-20,374714.4753655142
2009-10-21,373344.6391583376
2009-10-22,377138.22881997155
2009-10-23,370920.8857038803
2009-10-26,365019.9672337802
2009-10-27,363123.2398277759
2009-10-28,353428.6642712292
2009-10-29,364177.08965024387
2009-10-30,351426.61930779077
2009-11-02,355114.6891375525
2009-11-03,353850.2379126227
2009-11-04,359013.5626442142
2009-11-05,362280.2611070205
2009-11-06,363123.23982777586
2009-11-09,372817.88280913525
2009-11-10,371763.9655618546
2009-11-11,372712.19441523135
2009-11-12,366916.59350256535
2009-11-13,372396.24174292904
2009-11-16,378191.9100804077
2009-11-17,375452.00167920993
2009-11-18,374503.7391134268
2009-11-19,366600.6071178566
2009-11-20,364703.87971185235
2009-11-23,371447.81061511417
2009-11-24,369445.66451445676
2009-11-25,375241.36656434176
2009-11-27,363755.44858403754
2009-11-30,365863.01337934815
2009-12-01,375662.8390685163
2009-12-02,376084.41270990984
2009-12-03,375346.7515465886
2009-12-04,373976.915339412
2009-12-07,371763.9655618546
2009-12-08,365441.54087517364
2009-12-09,366284.51959592896
2009-12-10,366073.8170562481
2009-12-11,366600.6071178567
2009-12-14,369445.66451445676
2009-12-15,365863.01337934815
2009-12-16,369972.6905629098
2009-12-17,361015.67503246525
2009-12-18,361437.2486738588
2009-12-21,363334.00979226944
2009-12-22,365441.54087517364
2009-12-23,368918.8744528481
2009-12-24,370503.9306621564
2009-12-28,372013.5385060558
2009-12-29,372121.41820637236
2009-12-30,371905.82736777083
2009-12-31,368778.6645548428
2010-01-04,378699.1469463338
2010-01-05,378914.67036012263
2010-01-06,379022.5163480329
2010-01-07,378267.6618574737
2010-01-08,382365.4048491879
2010-01-11,384737.5783219313
2010-01-12,380316.39850370545
2010-01-13,383874.9115558682
2010-01-14,386031.52790241654
2010-01-15,379777.3371261859
2010-01-19,383982.7238313722
2010-01-20,374170.2222774169
2010-01-21,366406.4573696932
2010-01-22,358211.3085103284
2010-01-25,363495.02024499205
2010-01-26,361553.9610246389
2010-01-27,360799.20767129876
2010-01-28,354868.58857120527
2010-01-29,348722.3449201039
2010-02-01,355407.85222316295
2010-02-02,362308.7818027918
2010-02-03,356809.5466543394
2010-02-04,342899.403245889
2010-02-05,339880.1201332776
2010-02-08,336861.0055826979
2010-02-09,346889.16540006746
2010-02-10,344732.5827659255
2010-02-11,347643.98617822025
2010-02-12,346781.3194121571
2010-02-16,352280.65569782857
2010-02-17,352711.97222465696
2010-02-18,355946.84617586987
2010-02-19,352711.97222465696
2010-02-22,353251.269589021
2010-02-23,349261.4737224362
2010-02-24,350339.86617672624
2010-02-25,348938.0031835181
2010-02-26,351310.2103686679
2010-03-01,353897.97468001285
2010-03-02,356486.1098278276
2010-03-03,361553.96102463896
2010-03-04,359720.9500666342
2010-03-05,367808.25293808867
2010-03-08,366837.80760892795
2010-03-09,365759.3814422316
2010-03-10,368131.554914975
2010-03-11,369317.7933571753
2010-03-12,371043.1268893015
2010-03-15,368778.664554843
2010-03-16,373091.79611072055
2010-03-17,375248.4461696752
2010-03-18,372984.0512600294
2010-03-19,369102.16880616755
2010-03-22,369856.95587191405
2010-03-23,372995.8168898452
2010-03-24,366308.3205548115
2010-03-25,366739.6370816399
2010-03-26,369004.8410890381
2010-03-29,372780.15862643096
2010-03-30,373103.76401497447
2010-03-31,373427.3019787052
2010-04-01,378928.3913095068
2010-04-05,378389.02652033005
2010-04-06,378820.54532159655
2010-04-07,374937.51664591883
2010-04-08,375261.02089724335
2010-04-09,380762.0765156386
2010-04-12,382272.12262082053
2010-04-13,381840.73866917944
2010-04-14,386694.68464770674
2010-04-15,387018.2900362502
2010-04-16,377957.642568689
2010-04-19,377202.518378879
2010-04-20,380115.00058817695
2010-04-21,377202.51837887894
2010-04-22,373535.14796661545
2010-04-23,376016.0439498342
2010-04-26,376771.10071483144
2010-04-27,361885.7922403315
2010-04-28,361562.11942697526
2010-04-29,367818.23181036784
2010-04-30,363072.3003817826
2010-05-03,365013.96642545
2010-05-04,350560.0081901848
2010-05-05,344519.58778261277
2010-05-06,328232.0791908412
2010-05-07,327476.9887134375
2010-05-10,348726.2555592403
2010-05-11,344196.0498188819
2010-05-12,347539.78113019554
2010-05-13,343333.07964116166
2010-05-14,333841.0482219594
2010-05-17,332978.1117566455
2010-05-18,325751.1157828097
2010-05-19,328016.35350261425
2010-05-20,313131.01131570793
2010-05-21,323270.3546492163
2010-05-24,316043.4598125995
2010-05-25,315396.14789829345
2010-05-26,310326.4762315393
2010-05-27,327692.74811407074
2010-05-28,321220.87633004494
2010-06-01,317553.43849296874
2010-06-02,327261.2630252106
2010-06-03,325535.39009458275
2010-06-04,312268.074850394
2010-06-07,307629.95569731266
2010-06-08,312591.71395134385
2010-06-09,311728.64263640455
2010-06-10,324888.21302990214
2010-06-11,325643.3035073058
2010-06-14,327476.9887134376
2010-06-15,337831.9565979538
2010-06-16,336969.02013263985
2010-06-17,337400.4040842809
2010-06-18,336969.0201326398
2010-06-21,337292.591808777
2010-06-22,332978.1117566455
2010-06-23,334919.6766630939
2010-06-24,329094.9482313424
2010-06-25,331036.61427500984
2010-06-28,328555.5834421657
2010-06-29,316690.5694524676
2010-06-30,315396.14789829357
2010-07-01,319063.58573536976
2010-07-02,318416.30753347004
2010-07-06,324672.48734167527
2010-07-07,335135.3686389145
2010-07-08,339018.43102699856
2010-07-09,339234.3589896636
2010-07-12,338263.441686814
2010-07-13,344196.0498188821
2010-07-14,344627.5011953359
2010-07-15,346892.60406551504
2010-07-16,335674.6660032786
2010-07-19,338155.49456168467
2010-07-20,340097.0931805394
2010-07-21,334056.7401977801
2010-07-22,345598.21622374735
2010-07-23,349373.50004873384
2010-07-26,352070.0205829605
2010-07-27,353148.81758612674
2010-07-28,350883.51244150946
2010-07-29,352501.57309663336
2010-07-30,352177.9339956835
2010-08-02,363719.44373405713
2010-08-03,363072.3003817828
2010-08-04,362748.59385602025
2010-08-05,363072.3003817828
2010-08-06,364150.96253532363
2010-08-09,365121.8798381732
2010-08-10,362533.0030174188
2010-08-11,345598.21622374747
2010-08-12,345382.4231107079
2010-08-13,343980.22299343627
2010-08-16,346569.0998141907
2010-08-17,350667.8541780953
2010-08-18,350883.5124415095
2010-08-19,346245.46071324084
2010-08-20,342038.6243745815
2010-08-23,341499.3944350301
2010-08-24,336214.0645048617
2010-08-25,336321.910492772
2010-08-26,336214.0645048617
2010-08-27,343117.35395293497
2010-08-30,338587.0807877639
2010-08-31,339557.762103769
2010-09-01,351530.7569310028
2010-09-02,353364.61069916625
2010-09-03,356708.3420104799
2010-09-07,352177.9339956834
2010-09-08,354658.86369130854
2010-09-09,357786.83560198895
2010-09-10,358757.6854800259
2010-09-13,365337.43696436833
2010-09-14,367602.7421089856
2010-09-15,368034.1260606267
2010-09-16,365984.58031664265
2010-09-17,363287.99235760333
2010-09-20,370191.416655302
2010-09-21,370191.416655302
2010-09-22,369867.7775543521
2010-09-23,365768.9220532285
2010-09-24,375908.26538673684
2010-09-27,374182.29131888994
2010-09-28,376447.5964635073
2010-09-29,375692.40484888456
2010-09-30,372348.6061127582
2010-10-01,376555.27388938575
2010-10-04,371593.51563535456
2010-10-05,381840.7386691795
2010-10-06,384645.24004094175
2010-10-07,383998.0292638547
2010-10-08,386371.0455467569
2010-10-11,385831.7818947992
2010-10-12,385076.69141739554
2010-10-13,389391.171469527
2010-10-14,391980.01457787515
2010-10-15,391332.8375131945
2010-10-18,393705.92122090934
2010-10-19,383027.1793858179
2010-10-20,390469.8336230679
2010-10-21,388420.3890163029
2010-10-22,389283.3254816168
2010-10-25,390793.5064364241
2010-10-26,387989.0050646618
2010-10-27,384213.75495208165
2010-10-28,387341.79428757477
2010-10-29,387449.64027548506
2010-11-01,385831.7818947992
2010-11-02,392087.826853379
2010-11-03,395215.93361368484
2010-11-04,404168.76880574215
2010-11-05,402442.86216270796
2010-11-08,400393.3164187239
2010-11-09,396078.90379140514
2010-11-10,397373.1567835475
2010-11-11,394245.2185852734
2010-11-12,390577.7807481972
2010-11-15,391225.058950097
2010-11-16,381409.1524431004
2010-11-17,383674.390162905
2010-11-18,393166.62385654537
2010-11-19,393382.2821199596
2010-11-22,389175.4794937066
2010-11-23,377202.5183788792
2010-11-24,383242.9387864512
2010-11-26,377418.2777795124
2010-11-29,373427.3019787054
2010-11-30,368465.64486189326
2010-12-01,379467.68867387105
2010-12-02,387449.6402754851
2010-12-03,390577.7807481972
2010-12-06,388528.5047034639
2010-12-07,389283.3254816168
2010-12-08,390577.78074819717
2010-12-09,391009.23212465097
2010-12-10,392303.653678825
2010-12-13,396510.3214554526
2010-12-14,397373.1567835475
2010-12-15,392087.8268533791
2010-12-16,393705.92122090934
2010-12-17,391764.2551772419
2010-12-20,392627.29277977487
2010-12-21,395431.72672672453
2010-12-22,396713.91067739396
2010-12-23,396161.36433733476
2010-12-27,395719.192415662
2010-12-28,395608.61572283745
2010-12-29,399145.65397215594
2010-12-30,397598.2208083331
2010-12-31,399587.79218142235
2011-01-03,402793.4374763307
2011-01-04,401577.49840413703
2011-01-05,399366.7399329923
2011-01-06,395829.431984423
2011-01-07,394503.2533434683
2011-01-10,393397.8572516928
2011-01-11,396050.68650729116
2011-01-12,404451.3799081655
2011-01-13,406109.59203925094
2011-01-14,408320.1145235512
2011-01-18,410973.01120396226
2011-01-19,408872.8968504548
2011-01-20,405335.82488872996
2011-01-21,407546.34737303026
2011-01-24,411194.0971647987
2011-01-25,410973.0112039623
2011-01-26,412962.6837142707
2011-01-27,413957.6042504407
2011-01-28,404340.83692774735
2011-01-31,408209.5715431331
2011-02-01,418158.0352318938
2011-02-02,417936.8144214321
2011-02-03,418047.39111425664
2011-02-04,417605.1854801775
2011-02-07,418931.6001079767
2011-02-08,421142.42600393406
2011-02-09,420257.98102336953
2011-02-10,417273.55653892295
2011-02-11,417494.5076501339
2011-02-14,417936.8144214321
2011-02-15,416831.38461725024
2011-02-16,422026.70242246694
2011-02-17,424016.2063707435
2011-02-18,425453.26511617994
2011-02-22,413183.7022502945
2011-02-23,413183.7022502945
2011-02-24,413515.36490395543
2011-02-25,418931.60010797676
2011-02-28,423131.8288149917
2011-03-01,416941.9613100748
2011-03-02,418931.6001079768
2011-03-03,424789.97352126456
2011-03-04,420700.18665744876
2011-03-07,416168.1941595539
2011-03-08,417605.18548017764
2011-03-09,417163.0472709112
2011-03-10,407104.4114382022
2011-03-11,407656.9577782614
2011-03-14,400251.01635152544
2011-03-15,391408.016179353
2011-03-16,379580.7263723594
2011-03-17,391850.4240878702
2011-03-18,398040.3253051935
2011-03-21,407988.6204319224
2011-03-22,406883.2917649595
2011-03-23,406905.2048290863
2011-03-24,412544.4476011059
2011-03-25,407458.189430428
2011-03-28,407568.799835659
2011-03-29,410001.45336539246
2011-03-30,414534.99663397943
2011-03-31,412544.447601106
2011-04-01,416746.2607912193
2011-04-04,416635.5829611757
2011-04-05,415529.9845949621
2011-04-06,419178.9480333591
2011-04-07,417299.0431181229
2011-04-08,420505.6323604091
2011-04-11,419621.0862426255
2011-04-12,415751.0705557985
2011-04-13,417188.6349873302
2011-04-14,418957.6260856783
2011-04-15,418404.7426215556
2011-04-18,409890.70811053616
2011-04-19,412876.27881679864
2011-04-20,423822.9331451452
2011-04-21,426366.06223048415
2011-04-25,426144.90884483507
2011-04-26,429462.1422047585
2011-04-27,434769.5200486791
2011-04-28,437754.98961772246
2011-04-29,438086.6522713833
2011-05-02,438197.2963890205
2011-05-03,434658.9096434481
2011-05-04,430899.4706494456
2011-05-05,422717.0650796807
2011-05-06,423048.862582967
2011-05-09,425813.1113415486
2011-05-10,429904.4489760565
2011-05-11,421721.97598147887
2011-05-12,423048.8625829669
2011-05-13,416193.4110395028
2011-05-16,415640.49386297376
2011-05-17,416525.1074055701
2011-05-18,419289.28873933904
2011-05-19,421832.65381152247
2011-05-20,415419.2056276994
2011-05-23,405799.70760009176
2011-05-24,408010.97175733163
2011-05-25,411107.0180191996
2011-05-26,415087.57668644475
2011-05-27,417962.6381246954
2011-05-31,426255.451825253
2011-06-01,416414.4632879328
2011-06-02,418957.6260856781
2011-06-03,418957.6260856781
2011-06-06,413429.06114370207
2011-06-07,416746.26079121913
2011-06-08,411549.2910780913
2011-06-09,416193.4110395027
2011-06-10,405799.7076000916
2011-06-13,406905.2048290862
2011-06-14,413981.8771830121
2011-06-15,399828.7347495985
2011-06-16,398944.15491940855
2011-06-17,402924.8147238728
2011-06-20,402703.5602010047
2011-06-21,411438.6806728604
2011-06-22,406905.20482908614
2011-06-23,402924.8147238727
2011-06-24,399275.75014825666
2011-06-27,402703.56020100455
2011-06-28,407568.79983565875
2011-06-29,414755.88032037736
2011-06-30,421058.6506741569
2011-07-01,425481.4486878875
2011-07-05,422606.55581166863
2011-07-06,420505.6323604088
2011-07-07,423933.4087007503
2011-07-08,418515.2518895671
2011-07-11,406020.7935609279
2011-07-12,403035.2565670718
2011-07-13,409227.4502280267
2011-07-14,405910.21686810337
2011-07-15,407458.18943042785
2011-07-18,401155.486501461
2011-07-19,407458.1894304278
2011-07-20,412433.9046206875
2011-07-21,421279.7029225869
2011-07-22,422164.3164651832
2011-07-25,419289.2887393389
2011-07-26,421943.1630795342
2011-07-27,411659.8340585095
2011-07-28,410111.89520859136
2011-07-29,410996.5761760003
2011-08-01,406242.0143713897
2011-08-02,395626.9889842977
2011-08-03,397838.38799116306
2011-08-04,369421.2567322605
2011-08-05,376387.45353058085
2011-08-08,347528.1166375992
2011-08-09,370637.8026277685
2011-08-10,348744.4602586691
2011-08-11,365109.06912376074
2011-08-12,370637.8026277685
2011-08-15,379372.9230996243
2011-08-16,372627.9471117657
2011-08-17,375060.4320794674
2011-08-18,357590.1237109431
2011-08-19,351619.353134888
2011-08-22,354272.9577758324
2011-08-23,365551.4096074652
2011-08-24,365440.7317774216
2011-08-25,357037.27395922673
2011-08-26,362123.56584231096
2011-08-29,370969.36414421035
2011-08-30,369421.2567322605
2011-08-31,375723.99337363365
2011-09-01,371411.6709155085
2011-09-02,362455.26220837823
2011-09-06,350845.24886030355
2011-09-07,361349.6301297582
2011-09-08,354051.871814996
2011-09-09,342220.6713688659
2011-09-12,339898.56081955065
2011-09-13,343547.65910757304
2011-09-14,348302.0860625582
2011-09-15,355931.60816820036
2011-09-16,355710.4547825513
2011-09-19,346311.8404413419
2011-09-20,347417.50623236824
2011-09-21,337466.1095642552
2011-09-22,325413.7557324761
2011-09-23,328620.34497476224
2011-09-26,335918.00215230545
2011-09-27,343436.8801403104
2011-09-28,338240.0789892143
2011-09-29,344984.9538398539
2011-09-30,333153.7196813174
2011-10-03,324639.6177454853
2011-10-04,330278.89422991115
2011-10-05,335586.33949864446
2011-10-06,344542.579643743
2011-10-07,342331.214349284
2011-10-10,355378.6909916713
2011-10-11,353941.26140976505
2011-10-12,360354.4398943374
2011-10-13,360022.7435282701
2011-10-14,364335.03227398894
2011-10-17,355931.6081682004
2011-10-18,360243.8632015129
2011-10-19,354715.39939675597
2011-10-20,354936.41793277964
2011-10-21,364113.8451759336
2011-10-24,369531.9682747105
2011-10-25,363671.6732542609
2011-10-26,368536.77803928964
2011-10-27,388882.04670884553
2011-10-28,385675.4911789657
2011-10-31,365661.95258788345
2011-11-01,353499.0557756861
2011-11-02,357921.8537894167
2011-11-03,366878.19507173426
2011-11-04,361902.4798814746
2011-11-07,363561.09656143625
2011-11-08,368094.4712679914
2011-11-09,349076.1229123299
2011-11-10,353720.17544892867
2011-11-11,362344.82036517904
2011-11-14,355710.45478255133
2011-11-15,354494.1785862941
2011-11-16,347417.50623236824
2011-11-17,343989.93216646474
2011-11-18,344984.9538398538
2011-11-21,336581.49602165894
2011-11-22,335586.33949864446
2011-11-23,326077.1821770169
2011-11-25,324860.7711311343
2011-11-28,338461.1649500506
2011-11-29,340672.5976693223
2011-11-30,358032.4304822411
2011-12-01,354383.50075625046
2011-12-02,355599.87808972667
2011-12-05,359359.31708372914
2011-12-06,357921.8537894165
2011-12-07,360243.86320151266
2011-12-08,348965.5125070989
2011-12-09,356595.0346127411
2011-12-12,346311.8404413418
2011-12-13,341999.55169562297
2011-12-14,337797.83964272874
2011-12-15,339677.40743390145
2011-12-16,338240.0789892142
2011-12-19,335143.9990149399
2011-12-20,346422.38342176
2011-12-21,345118.3201193702
2011-12-22,347863.6899303964
2011-12-23,350723.4459361646
2011-12-27,348893.1656830741
2011-12-28,343059.23376438936
2011-12-29,349007.5855902224
2011-12-30,350380.21992712596
2012-01-03,359760.5284316878
2012-01-04,357701.340939488
2012-01-05,352553.8273264741
2012-01-06,348435.7220413252
2012-01-09,349236.42540451896
2012-01-10,354955.83627883636
2012-01-11,353812.1091810421
2012-01-12,354841.51750890707
2012-01-13,351409.7631046163
2012-01-17,354841.51750890707
2012-01-18,361247.38040130166
2012-01-19,365479.9393060052
2012-01-20,367195.7996519474
2012-01-23,369026.0799050379
2012-01-24,367195.7996519474
2012-01-25,370856.36015812843
2012-01-26,371771.48342847056
2012-01-27,372114.6757251028
2012-01-30,367767.79805046995
2012-01-31,370055.6230825283
2012-02-01,375660.81632413546
2012-02-02,376461.5196873292
2012-02-03,381838.00796426507
2012-02-06,380122.01276869746
2012-02-07,382752.9626725754
2012-02-08,384240.11805384635
2012-02-09,384926.46893470443
2012-02-10,377834.2551614517
2012-02-13,382180.96427405276
2012-02-14,379550.0480825812
2012-02-15,379893.2403792135
2012-02-16,384926.46893470443
2012-02-17,386527.976798311
2012-02-21,386756.8166126077
2012-02-22,385841.5584926402
2012-02-23,388930.08688789234
2012-02-24,391561.205353802
2012-02-27,389044.64164466603
2012-02-28,392933.7385534866
2012-02-29,388129.4172371049
2012-03-01,392247.48880984745
2012-03-02,388358.18962658884
2012-03-05,386184.7507892724
2012-03-06,374059.37588534143
2012-03-07,378634.8573874264
2012-03-08,386756.8166126076
2012-03-09,385269.6275189303
2012-03-12,384468.8567309239
2012-03-13,390760.3671409828
2012-03-14,387214.3613915755
2012-03-15,390989.2069552794
2012-03-16,393734.610478712
2012-03-19,395679.3443513572
2012-03-20,390874.7870481311
2012-03-21,388586.9957284791
2012-03-22,385852.2116130464
2012-03-23,388255.16451278643
2012-03-26,393518.7499408597
2012-03-27,391344.80541744805
2012-03-28,388827.29776093434
2012-03-29,386195.3027724596
2012-03-30,389399.36358426954
2012-04-02,393862.14451193
2012-04-03,386767.6045826392
2012-04-04,378299.9583427559
2012-04-05,376011.29050053883
2012-04-09,373951.6647470565
2012-04-10,366513.7302466954
2012-04-11,370976.44374954316
2012-04-12,378185.4035859823
2012-04-13,370747.73878487194
2012-04-16,373036.13692783826
2012-04-17,379101.03254241956
2012-04-18,376926.5823329127
2012-04-19,374867.024004243
2012-04-20,378643.2180642009
2012-04-23,371090.8973690978
2012-04-24,374180.5045613531
2012-04-25,378986.5452104586
2012-04-26,381389.4306853859
2012-04-27,382304.78994257236
2012-04-30,380130.777994348
2012-05-01,382076.0512654948
2012-05-02,379101.03254241956
2012-05-03,375782.48439864855
2012-05-04,369717.7910585053
2012-05-07,372235.19757779996
2012-05-08,366971.40987528855
2012-05-09,362508.83122206613
2012-05-10,364225.1635416972
2012-05-11,361707.85815962154
2012-05-14,355299.8039608143
2012-05-15,350608.3180684826
2012-05-16,347175.4511547824
2012-05-17,342941.44261660584
2012-05-18,340080.94493789796
2012-05-21,347861.9031728596
2012-05-22,346603.3179066344
2012-05-23,343628.0294843084
2012-05-24,341225.14400938107
2012-05-25,340195.2637078272
2012-05-29,344200.230157269
2012-05-30,336304.85201515903
2012-05-31,337677.89090093883
2012-06-01,329210.1435238365
2012-06-04,331841.9699502795
2012-06-05,333558.4034071297
2012-06-06,343170.3498557151
2012-06-07,343856.869298605
2012-06-08,342598.31774478627
2012-06-11,339508.6094153119
2012-06-12,345458.8828483068
2012-06-13,342827.0564218638
2012-06-14,344658.078347894
2012-06-15,350036.11739552196
2012-06-18,349235.14433307736
2012-06-19,354727.5695754473
2012-06-20,357245.077231961
2012-06-21,347861.90317285946
2012-06-22,351294.80379896605
2012-06-25,343284.90461248875
2012-06-26,345230.1441712292
2012-06-27,348548.5574653748
2012-06-28,348891.74976200704
2012-06-29,361250.11110621557
2012-07-02,363767.5176255102
2012-07-03,367543.5431234364
2012-07-05,361936.73168632446
2012-07-06,358046.0840068119
2012-07-09,357359.4971391093
2012-07-10,354498.7971859633
2012-07-11,355986.5256781422
2012-07-12,351981.424379075
2012-07-13,357130.7921744381
2012-07-16,357016.2374176644
2012-07-17,358274.9575335149
2012-07-18,360906.8176723642
2012-07-19,363881.97124506487
2012-07-20,355871.9034965558
2012-07-23,348434.002708601
2012-07-24,344429.1373963782
2012-07-25,346488.79686226696
2012-07-26,357016.2374176643
2012-07-27,364911.7504093997
2012-07-30,363996.4248646195
2012-07-31,362165.40293858934
2012-08-01,362394.343890105
2012-08-02,357359.4971391093
2012-08-03,369374.4639122475
2012-08-06,371662.9969048392
2012-08-07,374981.5113362038
2012-08-08,375095.830106133
2012-08-09,374867.02400424273
2012-08-10,375553.61087194533
2012-08-13,373837.1099902825
2012-08-14,374638.31903957156
2012-08-15,373379.53149890836
2012-08-16,377613.3377626468
2012-08-17,378872.05787849735
2012-08-20,377613.33776264684
2012-08-21,379787.3834232775
2012-08-22,379329.8049319033
2012-08-23,377270.0106163892
2012-08-24,376812.2972753896
2012-08-27,377270.01061638916
2012-08-28,376812.29727538954
2012-08-29,375782.4843986484
2012-08-30,370518.7978333561
2012-08-31,374065.98351698555
2012-09-04,371777.4505243939
2012-09-05,370976.443749543
2012-09-06,380130.77799434785
2012-09-07,385737.7579934915
2012-09-10,382648.2519384552
2012-09-11,387110.9991537094
2012-09-12,389170.72604441084
2012-09-13,395807.4852078893
2012-09-14,399354.8394535505
2012-09-17,397066.0704741144
2012-09-18,395807.4852078893
2012-09-19,396722.8781774821
2012-09-20,394205.4716581874
2012-09-21,394891.95738867094
2012-09-24,393946.32439058303
2012-09-25,390910.52219886065
2012-09-26,386940.6840768344
2012-09-27,391377.6413012316
2012-09-28,383904.983022331
2012-10-01,386940.6840768344
2012-10-02,388341.73797229014
2012-10-03,386824.10657567973
2012-10-04,391144.0143252334
2012-10-05,391961.3379047572
2012-10-08,389392.6211029994
2012-10-09,383788.06839711283
2012-10-10,382503.8279896562
2012-10-11,384955.76501582126
2012-10-12,385072.5110790077
2012-10-15,388458.5514602892
2012-10-16,394997.14009647956
2012-10-17,398733.384954914
2012-10-18,397449.07712264464
2012-10-19,392078.2525299754
2012-10-22,394530.0884189214
2012-10-23,386356.92004849616
2012-10-24,386824.10657567985
2012-10-25,389042.2817762213
2012-10-26,388575.3649482884
2012-10-31,387991.56720754376
2012-11-01,392545.13564550196
2012-11-02,388808.85707466124
2012-11-05,387524.3469679538
2012-11-06,391611.13342760445
2012-11-07,385539.56275656604
2012-11-08,381803.35161053797
2012-11-09,381919.92911169265
2012-11-12,381686.4706977262
2012-11-13,379701.6190615258
2012-11-14,375848.5607150923
2012-11-15,377016.12248417526
2012-11-16,376782.6977826152
2012-11-19,384955.7650158214
2012-11-20,385422.850405786
2012-11-21,386240.10656049714
2012-11-23,394530.08841892146
2012-11-26,393596.0187762113
2012-11-27,391260.7266760136
2012-11-28,394413.2749309224
2012-11-29,397916.1288002031
2012-11-30,398499.8928285414
2012-12-03,398966.877081287
2012-12-04,400017.7264995899
2012-12-05,400835.11750392645
2012-12-06,401418.7466826394
2012-12-07,401418.7466826394
2012-12-10,401652.3399462312
2012-12-11,403870.8522708362
2012-12-12,405388.618517072
2012-12-13,404104.31068480265
2012-12-14,405622.1443558511
2012-12-17,407607.0297044579
2012-12-18,411343.34198770503
2012-12-19,412394.2251184143
2012-12-20,416002.3628327227
2012-12-21,413408.29430139053
2012-12-24,412229.1354645235
2012-12-26,411993.350894519
2012-12-27,413526.32143601816
2012-12-28,409399.1475135614
2012-12-31,415412.8676953051
2013-01-02,422251.8001596582
2013-01-03,418007.00365145
2013-01-04,420365.32132518396
2013-01-07,418242.75450904807
2013-01-08,416002.36283272266
2013-01-09,418007.0036514499
2013-01-10,423784.83812597
2013-01-11,424492.25926079624
2013-01-14,425081.85553543293
2013-01-15,424492.25926079624
2013-01-16,421898.1570170577
2013-01-17,425435.464965627
2013-01-18,425199.84895765426
2013-01-22,425435.46496562706
2013-01-23,424610.2189706112
2013-01-24,427086.53006656654
2013-01-25,431802.92942719016
2013-01-28,429326.68575604755
2013-01-29,432510.35056201636
2013-01-30,432982.3242509016
2013-01-31,431331.3602871811
2013-02-01,434750.7759507481
2013-02-04,426850.5095097176
2013-02-05,428737.19061862986
2013-02-06,428737.19061862986
2013-02-07,425435.464965627
2013-02-08,428383.4800512167
2013-02-11,428029.60092177184
2013-02-12,429798.52459530724
2013-02-13,431331.36028718104
2013-02-14,428855.0491912257
2013-02-15,427322.17978694563
2013-02-19,432628.34398423764
2013-02-20,428619.2309088149
2013-02-21,422016.150439279
2013-02-22,428265.452916589
2013-02-25,418242.75450904795
2013-02-26,421308.66187963996
2013-02-27,426614.72493971296
2013-02-28,426378.94036970846
2013-03-01,425435.46496562695
2013-03-04,427322.17978694563
2013-03-05,431449.1851473706
2013-03-06,432510.35056201636
2013-03-07,433807.57024591736
2013-03-08,434750.7759507481
2013-03-11,435929.93478761514
2013-03-12,434043.2873911092
2013-03-13,433099.94683665305
2013-03-14,437816.58218412107
2013-03-15,438170.39388875326
2013-03-18,433335.86625628296
2013-03-19,432038.747709601
2013-03-20,434986.6616579717
2013-03-21,431331.3602871811
2013-03-22,435251.506322249
2013-03-25,429566.5158148139
2013-03-26,432053.71601801994
2013-03-27,429921.97942735715
2013-03-28,431461.5576005007
2013-04-01,426368.8266478038
2013-04-02,430869.4328953878
2013-04-03,428855.9594261971
2013-04-04,432645.9081479454
2013-04-05,430750.9674994776
2013-04-08,432172.08027671097
2013-04-09,433948.62295408134
2013-04-10,440107.30648312543
2013-04-11,443542.02757917484
2013-04-12,442949.80173684296
2013-04-15,433711.79329947993
2013-04-16,439988.97593684064
2013-04-17,430987.9657161107
2013-04-18,429921.9794273571
2013-04-19,432882.8052273594
2013-04-22,435014.6429552412
2013-04-23,441054.8948007815
2013-04-24,444844.8772349361
2013-04-25,447331.9425885168
2013-04-26,447568.77224311815
2013-04-29,452780.03601653787
2013-04-30,453964.3865639826
2013-05-01,450529.76660515217
2013-05-02,451951.01423201093
2013-05-03,457398.87167318753
2013-05-06,457043.5429102697
2013-05-07,458228.12944455893
2013-05-08,462965.63277155696
2013-05-09,458583.4244950705
2013-05-10,458820.15301245276
2013-05-13,458820.15301245276
2013-05-14,460478.29771872563
2013-05-15,462017.8758918692
2013-05-16,458228.129444559
2013-05-17,462017.87589186913
2013-05-20,464386.7455487904
2013-05-21,465097.3693622198
2013-05-22,460952.1255899601
2013-05-23,453964.38656398276
2013-05-24,450411.2674968358
2013-05-28,451240.4915558007
2013-05-29,447331.9425885169
2013-05-30,449463.88145361777
2013-05-31,440462.60153363703
2013-06-03,443423.62960807746
2013-06-04,444371.04936370184
2013-06-05,434422.3496880968
2013-06-06,436909.6510285219
2013-06-07,442002.4156936251
2013-06-10,442239.34648544545
2013-06-11,436672.7202367015
2013-06-12,436435.82315728744
2013-06-13,443186.7325286634
2013-06-14,437975.73845449445
2013-06-17,444252.68510501063
2013-06-18,446976.6475380053
2013-06-19,438804.38940255146
2013-06-20,422460.4462425517
2013-06-21,423881.79500662955
2013-06-24,416605.44406989886
2013-06-25,422618.86083998537
2013-06-26,424542.96271994495
2013-06-27,429113.3873610776
2013-06-28,428151.23528387875
2013-07-01,432480.91963127366
2013-07-02,430315.97632035724
2013-07-03,430195.6904545042
2013-07-05,431999.60760582983
2013-07-08,434284.83678259933
2013-07-09,436930.7549948962
2013-07-10,437772.621206242
2013-07-11,449799.2187595706
2013-07-12,447273.62012553314
2013-07-15,449919.43720061093
2013-07-16,449318.0078713458
2013-07-17,451001.8751436628
2013-07-18,453647.79335595964
2013-07-19,453166.6498925475
2013-07-22,455572.1986475764
2013-07-23,456173.66168924794
2013-07-24,455692.3159513977
2013-07-25,456173.6616892479
2013-07-26,453647.7933559596
2013-07-29,449679.10145574925
2013-07-30,449558.8493023025
2013-07-31,450400.6480888356
2013-08-01,456654.4680285964
2013-08-02,460262.4371808731
2013-08-05,459781.4285670864
2013-08-06,458819.34391470026
2013-08-07,456173.6616892479
2013-08-08,460262.4371808732
2013-08-09,460503.0089125793
2013-08-12,459781.4285670865
2013-08-13,463269.21299072925
2013-08-14,463389.4314317696
2013-08-15,459420.4698323085
2013-08-16,460262.43718087336
2013-08-19,457015.25820134307
2013-08-20,456293.61043103755
2013-08-21,450881.7578398416
2013-08-22,455572.1986475765
2013-08-23,459540.99168500595
2013-08-26,456534.18216274364
2013-08-27,448837.13410718454
2013-08-28,448356.1592058042
2013-08-29,448356.1592058042
2013-08-30,443184.50750984444
2013-09-03,451482.8837574496
2013-09-04,455572.1986475765
2013-09-05,455451.87906931713
2013-09-06,458097.6287195823
2013-09-09,464592.12152826827
2013-09-10,469643.1839467179
2013-09-11,470966.46332072665
2013-09-12,468681.2004315508
2013-09-13,470364.9328542424
2013-09-16,474574.2301985652
2013-09-17,474814.76821786485
2013-09-18,487322.61037182464
2013-09-19,485157.83562293986
2013-09-20,481189.1100103232
2013-09-23,481478.7670056733
2013-09-24,480512.6368645253
2013-09-25,480754.25368082814
2013-09-26,482565.72241117596
2013-09-27,481599.62598243426
2013-09-30,477976.722234145
2013-10-01,480754.25368082814
2013-10-02,480271.32345987955
2013-10-03,477252.10777208087
2013-10-04,478580.5788566673
2013-10-07,473750.0967129589
2013-10-08,470610.2580352436
2013-10-09,472180.2785113203
2013-10-10,480995.8367847247
2013-10-11,483652.3744050215
2013-10-14,485101.60332914995
2013-10-15,482565.722411176
2013-10-16,486671.6912300393
2013-10-17,492588.99392962496
2013-10-18,495487.38435306906
2013-10-21,496211.69540347613
2013-10-22,500921.55455726804
2013-10-23,495487.3843530691
2013-10-24,498868.4690106174
2013-10-25,497540.4024749071
2013-10-28,496815.5857384048
2013-10-29,497660.95804001094
2013-10-30,496574.07005932095
2013-10-31,493313.5409668765
2013-11-01,490898.1144767874
2013-11-04,493072.1601374181
2013-11-05,488845.19749216846
2013-11-06,493554.9555087413
2013-11-07,485222.4960183173
2013-11-08,488120.9538665741
2013-11-11,488724.60821465834
2013-11-12,487637.82137118746
2013-11-13,488966.12389374216
2013-11-14,491260.5565574449
2013-11-15,495728.76518252754
2013-11-18,496091.10612596595
2013-11-19,494641.87720183755
2013-11-20,491260.5565574448
2013-11-21,494158.74470645085
2013-11-22,495608.04105539195
2013-11-25,494158.74470645085
2013-11-26,494038.12171653437
2013-11-27,495728.76518252754
2013-11-29,496574.070059321
2013-12-02,493192.7157025219
2013-12-03,489207.4372983879
2013-12-04,486429.93956411106
2013-12-05,483773.36823140795
2013-12-06,489690.67093099357
2013-12-09,489811.52990775456
2013-12-10,488241.4757192716
2013-12-11,484256.2647399502
2013-12-12,480633.5295536927
2013-12-13,480150.4644831187
2013-12-16,483652.37440502155
2013-12-17,481841.24279873725
2013-12-18,488966.12389374204
2013-12-19,488724.6082146582
2013-12-20,491310.48463124764
2013-12-23,496166.3859293431
2013-12-24,497016.1745561809
2013-12-26,499929.93783692014
2013-12-27,502479.1688678082
2013-12-30,505150.1016856159
2013-12-31,505999.7891752347
2014-01-02,497501.8691944501
2014-01-03,497623.23385730624
2014-01-06,496651.9794303932
2014-01-07,499565.60786150704
2014-01-08,499444.2094862445
2014-01-09,498837.2850347445
2014-01-10,503329.2271938968
2014-01-13,499079.9806480505
2014-01-14,502843.33028118947
2014-01-15,505271.5674856912
2014-01-16,504421.7788588534
2014-01-17,503207.5928317898
2014-01-21,505271.56748569116
2014-01-22,505757.0261371159
2014-01-23,501993.676503977
2014-01-24,488153.99202479585
2014-01-27,485847.3217575884
2014-01-28,490703.5938921538
2014-01-29,484876.1347554881
2014-01-30,487425.63548562693
2014-01-31,479655.8360571668
2014-02-03,470429.3909751815
2014-02-04,475285.3596980897
2014-02-05,475770.9869115463
2014-02-06,485118.8977936069
2014-02-07,490460.3925927526
2014-02-10,488275.4915372775
2014-02-11,496287.68316738657
2014-02-12,497501.86919445015
2014-02-13,498351.6578212879
2014-02-14,500536.89600082644
2014-02-18,504664.5081845657
2014-02-19,500779.6927513515
2014-02-20,502600.70209269604
2014-02-21,503814.6858453215
2014-02-24,508063.79754154244
2014-02-25,507092.44197741034
2014-02-26,505514.2968114036
2014-02-27,507578.23775289865
2014-02-28,508185.12849199236
2014-03-03,497865.9968954251
2014-03-04,507699.60241575487
2014-03-05,506606.81476395385
2014-03-06,512312.77438813803
2014-03-07,509642.07755717466
2014-03-10,506242.7544877916
2014-03-11,502722.2353175841
2014-03-12,500536.89600082656
2014-03-13,491674.5111950035
2014-03-14,490460.39259275264
2014-03-17,496409.0478302429
2014-03-18,499565.60786150716
2014-03-19,493374.22329830454
2014-03-20,491431.68073207204
2014-03-21,490582.06066726596
2014-03-24,491431.68073207204
2014-03-25,497063.7427615393
2014-03-26,497186.6244826812
2014-03-27,500008.58888093225
2014-03-28,503567.06822068867
2014-03-31,506389.1000437524
2014-04-01,510070.1914054
2014-04-02,510929.0149571394
2014-04-03,509211.19929162896
2014-04-04,507861.3882538236
2014-04-07,505530.37762923224
2014-04-08,505162.03587746364
2014-04-09,512155.91056139645
2014-04-10,502953.36757551256
2014-04-11,500131.4368896678
2014-04-14,502953.36757551244
2014-04-15,500499.4078049665
2014-04-16,507125.1092991625
2014-04-17,508965.8741106275
2014-04-21,509824.7313747732
2014-04-22,511910.6865176141
2014-04-23,510561.0103294341
2014-04-24,510438.5668695748
2014-04-25,507984.30368737166
2014-04-28,509456.62560984906
2014-04-29,512769.7797686042
2014-04-30,514364.6125757537
2014-05-01,516082.4956660769
2014-05-02,515346.4189858541
2014-05-05,514732.7857654906
2014-05-06,513996.7427976741
2014-05-07,514487.49429689563
2014-05-08,514364.6125757537
2014-05-09,513628.5358955309
2014-05-12,517554.9187257733
2014-05-13,518291.02911840245
2014-05-14,517554.9187257732
2014-05-15,515223.8069639628
2014-05-16,516082.4956660768
2014-05-19,515223.80696396285
2014-05-20,511788.04078331654
2014-05-21,515959.8162193729
2014-05-22,517186.8466732555
2014-05-23,518413.74227751256
2014-05-27,521603.9472903131
2014-05-28,520009.04705835093
2014-05-29,523444.74581418454
2014-05-30,523444.74581418454
2014-06-02,524303.5356535176
2014-06-03,523199.25207115157
2014-06-04,523444.74581418454
2014-06-05,527002.9554546901
2014-06-06,529702.2404062374
2014-06-09,529088.7757479057
2014-06-10,528107.2053246498
2014-06-11,525653.1444168848
2014-06-12,525776.0261380267
2014-06-13,525653.1444168849
2014-06-16,526021.4187438408
2014-06-17,525407.7855234772
2014-06-18,529947.7341492705
2014-06-19,532524.6093533647
2014-06-20,531420.359483405
2014-06-23,530070.5484455996
2014-06-24,527003.4274283791
2014-06-25,527500.2808731497
2014-06-26,527251.7867259517
2014-06-27,528245.3250534614
2014-06-30,528865.8693171265
2014-07-01,533584.5948337882
2014-07-02,534205.4762215167
2014-07-03,535074.7506192243
2014-07-07,530977.0076275101
2014-07-08,525637.2658734946
2014-07-09,527624.2751037013
2014-07-10,521415.5960760417
2014-07-11,522036.174052113
2014-07-14,525761.5298032968
2014-07-15,524147.346074903
2014-07-16,527996.8646186697
2014-07-17,521042.8717114477
2014-07-18,525389.1762751726
2014-07-21,523278.1053896018
2014-07-22,526010.0576629011
2014-07-23,527127.5227961495
2014-07-24,527996.8646186697
2014-07-25,526134.1867430779
2014-07-28,526382.5123282443
2014-07-29,525885.6588834736
2014-07-30,525389.1762751727
2014-07-31,516324.3484692243
2014-08-01,513468.13226612273
2014-08-04,515206.6473491314
2014-08-05,508873.6369668569
2014-08-06,507755.83470954496
2014-08-07,503534.09748727945
2014-08-08,506762.5997936924
2014-08-11,508004.4299939621
2014-08-12,508004.4299939621
2014-08-13,511481.224173135
2014-08-14,513840.5869314659
2014-08-15,513592.32877111225
2014-08-18,516448.27527496306
2014-08-19,517690.13918763906
2014-08-20,515951.590392224
2014-08-21,517938.5321976181
2014-08-22,515703.23109465133
2014-08-25,519180.3961102941
2014-08-26,519056.0984680856
2014-08-27,520546.0182666771
2014-08-28,518062.66127779486
2014-08-29,517690.139187639
2014-09-02,518186.75664556527
2014-09-03,521539.7251562185
2014-09-04,519304.49147806445
2014-09-05,519180.396110294
2014-09-08,513964.71601164254
2014-09-09,511978.111330312
2014-09-10,514958.28805155866
2014-09-11,512102.2741228952
2014-09-12,511108.7357953855
2014-09-15,510363.7927522929
2014-09-16,512474.66136342566
2014-09-17,508749.3393246483
2014-09-18,512226.40320307197
2014-09-19,510363.7927522928
2014-09-22,508625.21024447144
2014-09-23,504030.8160824247
2014-09-24,506802.0095967143
2014-09-25,499686.80396233156
2014-09-26,501559.12358613923
2014-09-29,497190.29913497326
2014-09-30,496191.6365216985
2014-10-01,490075.0935005906
2014-10-02,484707.33673689904
2014-10-03,485331.5219404497
2014-10-06,488077.9368360728
2014-10-07,480213.6415326166
2014-10-08,487578.5549608259
2014-10-09,474471.407359201
2014-10-10,467356.3028620373
2014-10-13,467106.52764339803
2014-10-14,467855.6510248779
2014-10-15,465234.24173199676
2014-10-16,461489.366497537
2014-10-17,468979.0495416437
2014-10-20,472973.531432711
2014-10-21,478091.4455529505
2014-10-22,474721.1151530275
2014-10-23,479714.2596573696
2014-10-24,481711.3488970747
2014-10-27,480213.6415326165
2014-10-28,486080.5778971169
2014-10-29,483209.3933855964
2014-10-30,486579.7574979257
2014-10-31,494444.0865137883
2014-11-03,490948.95278556156
2014-11-04,487828.0604802144
2014-11-05,487953.0660829563
2014-11-06,485955.77456881315
2014-11-07,486080.57789711695
2014-11-10,488327.37493064866
2014-11-11,491198.5594421691
2014-11-12,487079.1393731726
2014-11-13,489076.3971749094
2014-11-14,489825.18343232584
2014-11-17,487703.290864317
2014-11-18,492946.075737673
2014-11-19,491323.39648287924
2014-11-20,488826.8579431146
2014-11-21,492946.075737673
2014-11-24,495317.64238710207
2014-11-25,496441.3106031187
2014-11-26,498438.53469244915
2014-11-28,494444.08651378815
2014-12-01,493694.9294199019
2014-12-02,495068.3391421516
2014-12-03,494319.24947307806
2014-12-04,493570.1260915982
2014-12-05,494568.7887048729
2014-12-08,490199.8294040815
2014-12-09,487453.5156456775
2014-12-10,481087.29854314926
2014-12-11,480588.0515175277
2014-12-12,471725.1610256094
2014-12-15,464485.253200142
2014-12-16,467980.5217779942
2014-12-17,472723.95848850964
2014-12-18,481212.1018714531
2014-12-19,482210.8319095406
2014-12-22,484722.7770190068
2014-12-23,482462.157898872
2014-12-24,484597.33315498236
2014-12-26,486104.7834048754
2014-12-29,482964.30419143947
2014-12-30,478693.88625440607
2014-12-31,475804.867879927
2015-01-02,473418.2654972662
2015-01-05,462867.05769539275
2015-01-06,457717.21792634076
2015-01-07,462615.93398049945
2015-01-08,469650.06127761287
2015-01-09,467389.00389619556
2015-01-12,466886.75646640896
2015-01-13,469147.47672376275
2015-01-14,467891.5547376392
2015-01-15,470529.2808351933
2015-01-16,475679.2217414643
2015-01-20,477814.49813479366
2015-01-21,481331.51121474087
2015-01-22,483090.01775471447
2015-01-23,480201.06680504803
2015-01-26,486607.0308346617
2015-01-27,486983.8681128302
2015-01-28,480577.7692335912
2015-01-29,487109.5142512928
2015-01-30,479196.2685338179
2015-02-02,485476.7212745944
2015-02-03,492385.0338712136
2015-02-04,488868.1556408918
2015-02-05,494018.23139678827
2015-02-06,488114.34623492946
2015-02-09,485853.59226516925
2015-02-10,489998.4652009592
2015-02-11,487360.84024062415
2015-02-12,494897.2486799305
2015-02-13,498414.1269102524
2015-02-17,499544.8747316024
2015-02-18,502936.17424827436
2015-02-19,503187.5339500121
2015-02-20,508211.6264433825
2015-02-23,506202.0636133283
2015-02-24,509216.6269890509
2015-02-25,509718.9755560565
2015-02-26,508337.3737190641
2015-02-27,508714.0761476072
2015-03-02,509467.9866907886
2015-03-03,506578.93460390315
2015-03-04,504317.87722248584
2015-03-05,505950.7713364033
2015-03-06,499167.97002862126
2015-03-09,499419.16116832726
2015-03-10,488993.8017793545
2015-03-11,490249.6900530717
2015-03-12,496278.8168045169
2015-03-13,493264.38827841973
2015-03-16,498791.09903804655
2015-03-17,498288.6493338219
2015-03-18,508588.4637215513
2015-03-19,502433.69083164365
2015-03-20,513235.9549235977
2015-03-23,515622.6247310711
2015-03-24,515120.17502684647
2015-03-25,512357.24105211237
2015-03-26,508193.6577307987
2015-03-27,509329.2264262565
2015-03-30,509707.513337898
2015-03-31,502516.35365201114
2015-04-01,506049.07671331696
2015-04-02,509833.9348617065
2015-04-06,514754.39541796024
2015-04-07,514754.39541796024
2015-04-08,517151.4486465891
2015-04-09,517908.49444356095
2015-04-10,518917.5741903976
2015-04-13,516142.2340501271
2015-04-14,520053.4125851062
2015-04-15,522450.4995261415
2015-04-16,523711.84920968727
2015-04-17,517403.7522957046
2015-04-20,518287.0847668596
2015-04-21,522702.8706000697
2015-04-22,523838.06845905766
2015-04-23,526109.2732747861
2015-04-24,529011.1023636777
2015-04-27,531029.5652690079
2015-04-28,531912.9314525693
2015-04-29,527244.8419702437
2015-04-30,521945.58881625324
2015-05-01,526361.4757866823
2015-05-04,526866.3190717577
2015-05-05,518917.5741903974
2015-05-06,520053.412585106
2015-05-07,518287.0847668594
2015-05-08,529515.6422370959
2015-05-11,524847.7213168021
2015-05-12,524847.7213168021
2015-05-13,528632.4783279727
2015-05-14,534940.8449412062
2015-05-15,535571.4692143695
2015-05-18,533805.3436705611
2015-05-19,531786.6784907926
2015-05-20,532795.9605120673
2015-05-21,535697.890738178
2015-05-22,532417.4713259877
2015-05-26,523459.7478350099
2015-05-27,527875.2302565628
2015-05-28,526740.1335347939
2015-05-29,521693.3525919506
2015-06-01,520431.8006339668
2015-06-02,522197.993602588
2015-06-03,525225.9745160374
2015-06-04,519170.01268913853
2015-06-05,513492.7760351637
2015-06-08,512988.000174901
2015-06-09,510086.1036611966
2015-06-10,520683.9357210506
2015-06-11,522197.993602588
2015-06-12,518034.74740533787
2015-06-15,514754.39541796024
2015-06-16,514628.1761685898
2015-06-17,513240.2701116101
2015-06-18,518160.86551748926
2015-06-19,517025.3305344378
2015-06-22,525983.1214502284
2015-06-23,527875.2302565628
2015-06-24,523585.7648099423
2015-06-25,523459.7478350099
2015-06-26,522987.06618559133
2015-06-29,507274.5563965073
2015-06-30,506507.902563726
2015-07-01,509829.349974443
2015-07-02,511106.9827502552
2015-07-06,500631.7627122923
2015-07-07,500503.95897982345
2015-07-08,488368.23436714336
2015-07-09,496288.45855273254
2015-07-10,511362.3879407549
2015-07-13,513533.90517090936
2015-07-14,517110.72405971965
2015-07-15,515066.8420000022
2015-07-16,519410.2135843747
2015-07-17,518643.8294508442
2015-07-20,519793.3213701242
2015-07-21,518388.28941071924
2015-07-22,514044.9852511594
2015-07-23,512384.41325162945
2015-07-24,506891.1451991008
2015-07-27,503697.53523325897
2015-07-28,509956.9514324737
2015-07-29,511745.66428853595
2015-07-30,511490.09053600463
2015-07-31,513917.11409387784
2015-08-03,512384.41325162945
2015-08-04,512895.2910574414
2015-08-05,515578.1243546903
2015-08-06,513278.4999804098
2015-08-07,512767.62217459787
2015-08-10,519026.8698117808
2015-08-11,510851.3752853175
2015-08-12,507529.92787460046
2015-08-13,507402.3938413824
2015-08-14,508296.44685775647
2015-08-17,507274.55639650725
2015-08-18,503314.3263102905
2015-08-19,499226.6970404811
2015-08-20,486963.16869533213
2015-08-21,474699.5392129641
2015-08-24,458731.55680856784
2015-08-25,463330.33358343993
2015-08-26,475338.2544636512
2015-08-27,481597.8729373041
2015-08-28,480320.27387389814
2015-08-31,476743.5561223069
2015-09-01,461158.6477912537
2015-09-02,468312.31928128056
2015-09-03,468951.00081956136
2015-09-04,458475.9830560366
2015-09-08,471761.43557484105
2015-09-09,469973.09355524863
2015-09-10,473038.933501028
2015-09-11,472911.2309057782
2015-09-14,469462.0134749987
2015-09-15,472911.23090577824
2015-09-16,479681.5249108049
2015-09-17,479937.1323757426
2015-09-18,468440.19043856225
2015-09-21,468440.19043856225
2015-09-22,457454.0251699748
2015-09-23,455282.33937778854
2015-09-24,453749.50368591474
2015-09-25,457932.2019416282
2015-09-28,449079.0543351447
2015-09-29,448180.88840519614
2015-09-30,457290.7222736204
2015-10-01,458573.8501716675
2015-10-02,466144.0384421356
2015-10-05,475510.4911476881
2015-10-06,476023.6951095381
2015-10-07,481669.20838913857
2015-10-08,485646.6655149996
2015-10-09,486673.4442751694
2015-10-12,485775.21092040814
2015-10-13,480001.18594780547
2015-10-14,480771.24473362806
2015-10-15,489624.49347733054
2015-10-16,489367.7060781706
2015-10-19,487314.95765558345
2015-10-20,485646.6655149996
2015-10-21,485261.9058213391
2015-10-22,491035.9307939418
2015-10-23,495526.49074443383
2015-10-26,493730.2600217557
2015-10-27,489367.7060781706
2015-10-28,492062.2375804226
2015-10-29,488469.6749978474
2015-10-30,488084.74674215517
2015-11-02,492832.29636624525
2015-11-03,492832.29636624525
2015-11-04,489624.49347733054
2015-11-05,488983.01380932285
2015-11-06,486673.4442751694
2015-11-09,481540.96639538713
2015-11-10,481412.65697682305
2015-11-11,483722.3276481956
2015-11-12,477948.4712376247
2015-11-13,474227.46438686
2015-11-16,479872.9776664605
2015-11-17,480514.62589649996
2015-11-18,485133.63011518144
2015-11-19,487699.68363683764
2015-11-20,486673.4442751694
2015-11-23,483722.32764819555
2015-11-24,484363.9421658286
2015-11-25,485133.6301151813
2015-11-27,485005.3881214299
2015-11-30,484363.94216582854
2015-12-01,489624.4934773305
2015-12-02,484492.1167347673
2015-12-03,482182.5809130202
2015-12-04,485646.6655149996
2015-12-07,481669.2083891385
2015-12-08,474355.77380542405
2015-12-09,473329.2984569114
2015-12-10,473201.0227507537
2015-12-11,464732.76968755614
2015-12-14,465759.0427616306
2015-12-15,467555.5094711531
2015-12-16,477050.305307676
2015-12-17,471532.9328846079
2015-12-18,466528.76442338974
2015-12-21,469511.03131383
2015-12-22,472996.48958143464
2015-12-23,480742.1172145426
2015-12-24,479451.1343258161
2015-12-28,478031.13405799225
2015-12-29,483065.71110973717
2015-12-30,480096.5583453667
2015-12-31,474029.3702871536
2016-01-04,466929.23409840884
2016-01-05,466412.7937455494
2016-01-06,457892.62357657443
2016-01-07,449243.30117887666
2016-01-08,443692.41862389765
2016-01-11,445628.69068254926
2016-01-12,447436.18134894787
2016-01-13,440723.23214712075
2016-01-14,445887.0962772139
2016-01-15,430395.80729859165
2016-01-19,434139.46888642287
2016-01-20,424199.3658744368
2016-01-21,427426.7556714402
2016-01-22,439819.77336937544
2016-01-25,433494.112291685
2016-01-26,441368.824728703
2016-01-27,438528.68934342987
2016-01-28,440206.7917942612
2016-01-29,447823.3683358653
2016-02-01,446919.7747084946
2016-02-02,436850.5868925984
2016-02-03,440723.2321471207
2016-02-04,441626.8594868978
2016-02-05,435043.0962261999
2016-02-08,427168.51863880723
2016-02-09,422521.26342360536
2016-02-10,421617.5012342029
2016-02-11,416066.5175420049
2016-02-12,422650.3482275155
2016-02-16,430783.06171032204
2016-02-17,438528.68934343
2016-02-18,436463.19763124286
2016-02-19,435688.6550953759
2016-02-22,440981.53660456644
2016-02-23,433623.2645204079
2016-02-24,432332.3153440878
2016-02-25,437495.94348733645
2016-02-26,435946.8247031961
2016-02-29,434010.4515073255
2016-03-01,445241.5036956317
2016-03-02,448339.74126391235
2016-03-03,453116.14870783704
2016-03-04,456601.64068784803
2016-03-07,456214.55483814946
2016-03-08,451179.70808715373
2016-03-09,453116.14870783704
2016-03-10,452728.99543332576
2016-03-11,464476.45426208514
2016-03-14,463443.5735563662
2016-03-15,458737.0519308028
2016-03-16,463534.5296286956
2016-03-17,467813.13968047185
2016-03-18,467035.32704118907
2016-03-21,466127.5193630247
2016-03-22,465609.02255337796
2016-03-23,460552.1616010364
2016-03-24,457570.1306974406
2016-03-28,460422.5373986247
2016-03-29,465868.4058078268
2016-03-30,469369.1020831011
2016-03-31,465219.9813841112
2016-04-01,460033.4962293579
2016-04-04,458996.33404803264
2016-04-05,450438.6756831977
2016-04-06,457699.58633782045
2016-04-07,451216.6568845122
2016-04-08,459774.18039972184
2016-04-11,460163.22156898864
2016-04-12,467164.9512436008
2016-04-13,474555.4861006353
2016-04-14,475074.1177599075
2016-04-15,473777.5723241335
2016-04-18,478056.1823759097
2016-04-19,486354.49119870225
2016-04-20,486484.1491135203
2016-04-21,483631.5738503044
2016-04-22,483242.667530663
2016-04-25,481168.1408935744
2016-04-26,482983.452838246
2016-04-27,483761.4003271542
2016-04-28,477537.6181414503
2016-04-29,475981.7568760402
2016-05-02,480001.1859478057
2016-05-03,471962.4289414937
2016-05-04,466257.4132646873
2016-05-05,465868.4058078268
2016-05-06,466905.56798915204
2016-05-09,465349.63929892925
2016-05-10,472221.54249669163
2016-05-11,468850.5378486417
2016-05-12,468461.46296696854
2016-05-13,463275.146374247
2016-05-16,468980.16205105337
2016-05-17,466257.4132646873
2016-05-18,465868.4058078268
2016-05-19,462756.44729016215
2016-05-20,467035.3270411891
2016-05-23,465479.26350134093
2016-05-24,471184.34660295997
2016-05-25,475852.09896122204
2016-05-26,476889.42970457906
2016-05-27,476241.0052808635
2016-05-31,474555.4861006354
2016-06-01,474296.237695812
2016-06-02,474425.7270485983
2016-06-03,478186.0762775722
2016-06-06,481427.4230108041
2016-06-07,485057.77720089647
2016-06-08,486613.84074074466
2016-06-09,480519.6827574524
2016-06-10,467553.9587004613
2016-06-13,460811.5785678916
2016-06-14,454265.77547674254
2016-06-15,457288.8006664587
2016-06-16,457420.2790512196
2016-06-17,461757.8521017001
2016-06-20,472536.3152347717
2016-06-21,476216.5637862605
2016-06-22,475427.82832732063
2016-06-23,487915.1733382202
2016-06-24,447956.39749131864
2016-06-27,439281.1839655449
2016-06-28,450979.72609269194
2016-06-29,459129.0260794221
2016-06-30,464781.0795658543
2016-07-01,465832.63694469054
2016-07-05,456631.67844190507
2016-07-06,456763.156826666
2016-07-07,454791.5541661607
2016-07-08,461100.66245233384
2016-07-11,467410.0067253513
2016-07-12,473982.20663067163
2016-07-13,473587.771476389
2016-07-14,477662.4888945668
2016-07-15,475296.6533542169
2016-07-18,476348.008458615
2016-07-19,472536.31523477164
2016-07-20,475953.7755787704
2016-07-21,474770.77352757956
2016-07-22,475033.62915988226
2016-07-25,474244.92741334875
2016-07-26,476479.4531309694
2016-07-27,478582.3993266102
2016-07-28,478582.3993266102
2016-07-29,484103.14299031324
2016-08-01,481342.80487086804
2016-08-02,478976.9019057055
2016-08-03,477136.64278033574
2016-08-04,479897.1494618127
2016-08-05,481605.76164038986
2016-08-08,483183.19884586334
2016-08-09,487126.40416687395
2016-08-10,488835.1511950765
2016-08-11,492515.53459619073
2016-08-12,491200.95302302
2016-08-15,493304.1352055052
2016-08-16,492121.099441908
2016-08-17,492121.099441908
2016-08-18,494618.5145042378
2016-08-19,490938.1311031236
2016-08-22,491332.5999698126
2016-08-23,493435.6473026725
2016-08-24,491989.6210571473
2016-08-25,490412.487263331
2016-08-26,486994.8920697068
2016-08-29,488835.15119507664
2016-08-30,487783.5938162404
2016-08-31,486074.77936322516
2016-09-01,490149.3956441839
2016-09-02,495144.59660531324
2016-09-06,499876.3013984192
2016-09-07,499876.3013984192
2016-09-08,498824.7440195829
2016-09-09,488309.3387932521
2016-09-12,492121.0994419081
2016-09-13,481754.3322151698
2016-09-14,481490.36407345755
2016-09-15,485716.2816341103
2016-09-16,479773.62720495026
2016-09-19,482943.0653754399
2016-09-20,485055.99044335994
2016-09-21,494300.0334014594
2016-09-22,499186.4444273007
2016-09-23,494432.25345916
2016-09-26,490074.2169780257
2016-09-27,492451.211324877
2016-09-28,496809.18038119865
2016-09-29,490734.4744563697
2016-09-30,494035.86298530916
2016-10-03,493111.5699404402
2016-10-04,491658.96977567684
2016-10-05,494300.0334014595
2016-10-06,491658.9697756769
2016-10-07,488489.56531759363
2016-10-10,490470.3040402195
2016-10-11,483339.1861500401
2016-10-12,482678.76010966435
2016-10-13,481358.3125777889
2016-10-14,481754.3322151699
2016-10-17,480962.05695356335
2016-10-18,486112.50354592956
2016-10-19,487829.2067020305
2016-10-20,487829.2067020305
2016-10-21,486772.7273118673
2016-10-24,486112.50354592956
2016-10-25,485716.28163411043
2016-10-26,483339.18615004007
2016-10-27,482811.1487293966
2016-10-28,482546.84346362087
2016-10-31,482150.6552642081
2016-11-01,480829.90432067553
2016-11-02,477264.3790879922
2016-11-03,477000.27609665453
2016-11-04,473038.528952152
2016-11-07,479509.4905012063
2016-11-08,480698.08881185105
2016-11-09,479905.54385099374
2016-11-10,478320.89219056163
2016-11-11,474491.196541728
2016-11-14,472378.372611027
2016-11-15,475283.47180333454
2016-11-16,470925.6375966383
2016-11-17,474095.10947953427
2016-11-18,469869.057069256
2016-11-21,473963.024271459
2016-11-22,475415.55701140966
2016-11-23,473698.6515808706
2016-11-25,474623.2143249904
2016-11-28,472906.44374407677
2016-11-29,475547.50736985944
2016-11-30,474887.31731632806
2016-12-01,473698.6515808706
2016-12-02,475019.5373740285
2016-12-05,478717.1141023807
2016-12-06,482018.67119335185
2016-12-07,488357.41268470563
2016-12-08,488753.7020213374
2016-12-09,490206.57188535144
2016-12-12,488621.61681326217
2016-12-13,493771.7937063776
2016-12-14,485716.2816341102
2016-12-15,484923.90523528465
2016-12-16,485055.99044335977
2016-12-19,484659.70110672794
2016-12-20,485716.28163411014
2016-12-21,485716.28163411014
2016-12-22,484384.77643295226
2016-12-23,485449.9873363598
2016-12-27,484784.09988615545
2016-12-28,483852.1878374516
2016-12-29,485583.0502042191
2016-12-30,486515.19823976734
2017-01-03,489577.49838288
2017-01-04,495569.0695136524
2017-01-05,499962.84114551666
2017-01-06,497965.6844809989
2017-01-09,496767.5455593574
2017-01-10,497299.99930523254
2017-01-11,500761.82517598657
2017-01-12,501161.1149167835
2017-01-13,503025.34356306744
2017-01-17,501693.70351228415
2017-01-18,499430.151412797
2017-01-19,498498.23936409317
2017-01-20,500894.7869066269
2017-01-23,501960.06523484713
2017-01-24,504090.3859044432
2017-01-25,509016.81355662073
2017-01-26,507419.1489073379
2017-01-27,506220.77399885206
2017-01-30,502625.7841230197
2017-01-31,504356.7139145999
2017-02-01,506087.60999377375
2017-02-02,506886.425462212
2017-02-03,509016.8135566208
2017-02-06,505288.6933881165
2017-02-07,504889.1676604752
2017-02-08,505688.0842661325
2017-02-09,507552.0769255719
2017-02-10,509416.17072223034
2017-02-13,511280.1296692635
2017-02-14,511013.8690839195
2017-02-15,512877.96288057807
2017-02-16,513943.3086336111
2017-02-17,512212.2102799992
2017-02-21,514475.6949546736
2017-02-22,514076.50635109574
2017-02-23,515008.3172625805
2017-02-24,510614.4782059036
2017-02-27,510880.70507884125
2017-02-28,509682.4987323871
2017-03-01,514608.960096971
2017-03-02,511413.49594878004
2017-03-03,513943.3086336112
2017-03-06,512212.2102799993
2017-03-07,510880.7050788414
2017-03-08,508217.69467652566
2017-03-09,510348.21762055985
2017-03-10,514342.63208681444
2017-03-13,516739.5167534116
2017-03-14,512877.9628805782
2017-03-15,520866.758100681
2017-03-16,522997.11248268344
2017-03-17,523796.0290883407
2017-03-20,523529.66736577766
2017-03-21,520467.1312358206
2017-03-22,521132.88383639953
2017-03-23,522597.82274188654
2017-03-24,523934.28366677766
2017-03-27,525137.2434625269
2017-03-28,527542.9270671812
2017-03-29,528077.5721194692
2017-03-30,526072.8301635229
2017-03-31,525270.7783040751
2017-04-03,524736.0321145682
2017-04-04,524469.0635686909
2017-04-05,521662.20232848416
2017-04-06,522063.24511441117
2017-04-07,521394.7280965116
2017-04-10,521394.7280965116
2017-04-11,523533.34201806964
2017-04-12,523132.13067011087
2017-04-13,519790.86036446074
2017-04-17,524067.9533579512
2017-04-18,520993.8201602101
2017-04-19,518587.9342811177
2017-04-20,523266.1037729416
2017-04-21,523533.3420180697
2017-04-24,535027.5869627421
2017-04-25,538502.8640836293
2017-04-26,536497.8524284322
2017-04-27,537299.9717126926
2017-04-28,536898.962639172
2017-05-01,538369.2618172684
2017-05-02,541576.8287193388
2017-05-03,539839.2575837078
2017-05-04,543715.3415036777
2017-05-05,549195.4954301366
2017-05-08,546656.1084219024
2017-05-09,545720.3531588748
2017-05-10,546522.1353190717
2017-05-11,545452.946351715
2017-05-12,547858.7648059947
2017-05-15,551066.5339825031
2017-05-16,553873.0918110528
2017-05-17,547190.5174873461
2017-05-18,548259.7738795156
2017-05-19,554541.5751165461
2017-05-22,556011.7057326109
2017-05-23,555477.3303795737
2017-05-24,556680.087900885
2017-05-25,556546.4182097114
2017-05-26,555076.220168834
2017-05-30,554140.7683174635
2017-05-31,555209.9909972266
2017-06-01,558952.3715136164
2017-06-02,564298.7208992763
2017-06-05,561892.7675953712
2017-06-06,560556.104396042
2017-06-07,560155.1290349276
2017-06-08,559353.178312699
2017-06-09,557348.5374939716
2017-06-12,555610.8315087153
2017-06-13,560422.5695544936
2017-06-14,559754.3222358449
2017-06-15,553739.8266687553
2017-06-16,558685.0995560818
2017-06-19,560689.7066624027
2017-06-20,555610.8315087153
2017-06-21,555096.8858739256
2017-06-22,556178.7507060695
2017-06-23,557395.9034248918
2017-06-26,558477.6334074104
2017-06-27,558342.4129455448
2017-06-28,563345.7048841979
2017-06-29,557666.4117734358
2017-06-30,558748.1417559544
2017-07-03,557666.4117734358
2017-07-05,557936.650422729
2017-07-06,554556.172588495
2017-07-07,555502.6146843352
2017-07-10,556449.3601918326
2017-07-11,558207.259908492
2017-07-12,563210.4844223324
2017-07-13,564833.3322391578
2017-07-14,568889.9798075325
2017-07-17,567943.2680124415
2017-07-18,569160.4207312638
2017-07-19,571864.7625437635
2017-07-20,573758.0512843202
2017-07-21,572270.5250665793
2017-07-24,571188.7613716545
2017-07-25,571594.4564696577
2017-07-26,575245.5100772483
2017-07-27,573081.9152625859
2017-07-28,573622.864534861
2017-07-31,574839.8149792451
2017-08-01,578085.1734888325
2017-08-02,577814.799989914
2017-08-03,577003.4772187204
2017-08-04,577814.799989914
2017-08-07,578220.5625127299
2017-08-08,575245.5100772483
2017-08-09,573758.0512843202
2017-08-10,565509.3671236733
2017-08-11,565374.1466618077
2017-08-14,569295.5400559105
2017-08-15,568754.7930580734
2017-08-16,572270.5250665793
2017-08-17,565779.6731977791
2017-08-18,567402.5210146046
2017-08-21,567537.7077640638
2017-08-22,570377.5734500862
2017-08-23,570648.0143738174
2017-08-24,569971.9457768956
2017-08-25,573352.3561863169
2017-08-28,573352.3561863169
2017-08-29,570918.4552975486
2017-08-30,570106.9976767295
2017-08-31,574975.0691535169
2017-09-01,576056.8328484418
2017-09-05,571864.7625437634
2017-09-06,576056.8328484418
2017-09-07,580789.7850005828
2017-09-08,580654.4634014982
2017-09-11,584981.7204556359
2017-09-12,586198.7383248329
2017-09-13,583494.1268130825
2017-09-14,585116.9072050953
2017-09-15,585387.4155536392
2017-09-18,586333.8576494794
2017-09-19,589173.5884858764
2017-09-20,587666.4416476405
2017-09-21,586716.0889126639
2017-09-22,588073.8223659612
2017-09-25,585493.9467577019
2017-09-26,583321.4518677633
2017-09-27,584136.0110299664
2017-09-28,586036.8513495452
2017-09-29,589431.7580936966
2017-10-02,588752.7902298288
2017-10-03,591061.1461173537
2017-10-04,589974.7301103526
2017-10-05,589431.7580936966
2017-10-06,588752.7902298288
2017-10-09,589024.2425257504
2017-10-10,594455.580887816
2017-10-11,596492.4844794192
2017-10-12,596492.4844794192
2017-10-13,599479.4711067482
2017-10-16,598936.3642404667
2017-10-17,597578.4285127312
2017-10-18,598664.9119445449
2017-10-19,597578.4285127311
2017-10-20,596763.8019257152
2017-10-23,595270.3423244569
2017-10-24,596627.9409281289
2017-10-25,594183.9937422685
2017-10-26,593504.8236039628
2017-10-27,595813.6514651765
2017-10-30,597171.0477944104
2017-10-31,599886.7844002559
2017-11-01,601244.5178535532
2017-11-02,602466.7274333277
2017-11-03,601923.4857174208
2017-11-06,603009.9017244219
2017-11-07,600973.1329824441
2017-11-08,603553.0085907034
2017-11-09,599479.4711067479
2017-11-10,597985.7418062389
2017-11-13,595677.4533435267
2017-11-14,595134.4139020579
2017-11-15,592283.0185730642
2017-11-16,597985.7418062389
2017-11-17,595677.4533435267
2017-11-20,596763.8019257151
2017-11-21,601380.4462759522
2017-11-22,603417.0801683046
2017-11-24,607219.0305067131
2017-11-27,603417.0801683046
2017-11-28,606404.47134451
2017-11-29,603824.4608866252
2017-11-30,605046.7378912125
2017-12-01,603281.4214451563
2017-12-04,600837.2045600453
2017-12-05,600022.5779730293
2017-12-06,597306.8413671838
2017-12-07,599072.2252380527
2017-12-08,602466.7274333278
2017-12-11,603688.8021634769
2017-12-12,604096.1828817975
2017-12-13,606675.9910652441
2017-12-14,603824.460886625
2017-12-15,603417.0801683044
2017-12-18,610206.3542581055
2017-12-19,608305.4465137139
2017-12-20,607897.9983705806
2017-12-21,609845.0246868575
2017-12-22,611353.2503220965
2017-12-26,611490.1901166859
2017-12-27,612998.3483271123
2017-12-28,614917.8653198085
2017-12-29,615055.007388836
2018-01-02,620401.929885404
2018-01-03,624240.8964459836
2018-01-04,629862.2379302318
2018-01-05,632878.6892007099
2018-01-08,632604.4724874676
2018-01-09,633152.9059139522
2018-01-10,631507.6056344983
2018-01-11,635620.7214835075
2018-01-12,641653.2869004002
2018-01-16,640967.7788297008
2018-01-17,644395.521457636
2018-01-18,642887.4306720224
2018-01-19,645766.4701742221
2018-01-22,649194.4150765955
2018-01-23,651250.8044390684
2018-01-24,653307.5309256047
2018-01-25,650976.4528762007
2018-01-26,656460.9219906722
2018-01-29,650428.0194497161
2018-01-30,645492.5231602307
2018-01-31,644258.3793886085
2018-02-01,645903.8819425005
2018-02-02,631918.7621423301
2018-02-05,606142.9979208673
2018-02-06,617934.2491654739
2018-02-07,609570.8079736151
2018-02-08,594489.0235949135
2018-02-09,598602.2068687355
2018-02-12,606554.4241279498
2018-02-13,604223.6157777965
2018-02-14,616151.6719673671
2018-02-15,620127.7805969742
2018-02-16,622321.5817277253
2018-02-20,616014.6647479649
2018-02-21,613683.8563978117
2018-02-22,616288.7466115819
2018-02-23,622458.7237967529
2018-02-26,627394.4223606763
2018-02-27,617797.1070964463
2018-02-28,611353.2503220965
2018-03-01,603401.1679125077
2018-03-02,605183.2057121128
2018-03-05,607651.2235561063
2018-03-06,612724.0641890573
2018-03-07,612038.6909679833
2018-03-08,613820.9310420265
2018-03-09,618345.4730981182
2018-03-12,619305.1304572473
2018-03-13,615466.298746293
2018-03-14,616426.1583798601
2018-03-15,616288.7466115818
2018-03-16,615466.298746293
2018-03-19,610393.3232637165
2018-03-20,610941.8241150139
2018-03-21,612449.847475815
2018-03-22,601207.2319321311
2018-03-23,593803.5829490268
2018-03-26,604427.8455354583
2018-03-27,599473.5377232302
2018-03-28,602363.5000450871
2018-03-29,608969.4460691626
2018-04-02,599886.3798513793
2018-04-03,604565.5944278
2018-04-04,605941.6674301511
2018-04-05,610483.2679638554
2018-04-06,605528.8927268146
2018-04-09,610758.4960492881
2018-04-10,617501.7189920165
2018-04-11,614611.7566701596
2018-04-12,616951.262821151
2018-04-13,617501.7189920165
2018-04-16,618602.5639089348
2018-04-17,621767.8891658499
2018-04-18,625483.7380184432
2018-04-19,622593.7082717736
2018-04-20,619566.0644823877
2018-04-23,618878.1291184311
2018-04-24,616125.5785648526
2018-04-25,614749.1684384379
2018-04-26,619290.9712465804
2018-04-27,619978.9066105369
2018-04-30,616676.1021605309
2018-05-01,616125.5785648526
2018-05-02,615299.7594589288
2018-05-03,616538.5555426272
2018-05-04,618878.1291184311
2018-05-07,618740.3128012767
2018-05-08,618740.3128012767
2018-05-09,620666.9768241189
2018-05-10,625070.8284654814
2018-05-11,626309.2874251162
2018-05-14,627410.2671916599
2018-05-15,622180.9335684371
2018-05-16,624107.5301664666
2018-05-17,624933.1469979523
2018-05-18,622731.2548896773
2018-05-21,626722.3318277033
2018-05-22,626309.287425116
2018-05-23,620391.8835883114
2018-05-24,618327.5380979402
2018-05-25,614886.9847555924
2018-05-29,602501.1815126159
2018-05-30,611171.2707526245
2018-05-31,607868.3988778058
2018-06-01,612409.7297122594
2018-06-04,615162.482540276
2018-06-05,614474.210052256
2018-06-06,619703.6785251042
2018-06-07,616125.5785648527
2018-06-08,617226.4909065837
2018-06-11,621217.5678446098
2018-06-12,617364.2397989256
2018-06-13,617639.4004595457
2018-06-14,616125.5785648527
2018-06-15,611859.4083910192
2018-06-18,607593.1033675603
2018-06-19,600987.2247682975
2018-06-20,602226.0208519959
2018-06-21,598097.3298712535
2018-06-22,604507.4068144416
2018-06-25,596007.0258279935
2018-06-26,596704.0635416643
2018-06-27,591269.2190893383
2018-06-28,593359.2534333474
2018-06-29,597818.8653948111
2018-07-02,591408.3839027467
2018-07-03,592662.5528437401
2018-07-05,596425.1270915329
2018-07-06,600466.4355150189
2018-07-09,605901.1451177194
2018-07-10,606597.9131321394
2018-07-11,596007.0258279933
2018-07-12,601023.8364415923
2018-07-13,602695.9043716872
2018-07-16,602835.4737339718
2018-07-17,603532.0394739537
2018-07-18,603810.7736496467
2018-07-19,601302.4357676599
2018-07-20,604925.7777772316
2018-07-23,603950.2081623059
2018-07-24,607712.7149852861
2018-07-25,612310.9523616567
2018-07-26,609802.8841789206
2018-07-27,611335.7198707944
2018-07-30,610917.6860320675
2018-07-31,611475.086958641
2018-08-01,609384.9177650064
2018-08-02,604786.2758397597
2018-08-03,605622.4109420263
2018-08-06,602695.9043716872
2018-08-07,606458.6808939182
2018-08-08,606319.1789564462
2018-08-09,605204.3096784867
2018-08-10,593777.4221216994
2018-08-13,590851.1178257985
2018-08-14,591687.0506536268
2018-08-15,582629.3361654179
2018-08-16,586670.5771640912
2018-08-17,590572.4510749179
2018-08-20,593080.721532092
2018-08-21,596982.528018106
2018-08-22,599908.8997388197
2018-08-23,595449.7597510449
2018-08-24,599908.8997388197
2018-08-27,608130.6813992001
2018-08-28,606737.3476447982
2018-08-29,610081.6183546134
2018-08-30,604647.0436015383
2018-08-31,600884.2670793072
2018-09-04,594892.4262492841
2018-09-05,590432.9491374458
2018-09-06,588342.7799438112
2018-09-07,583605.0406299687
2018-09-10,586809.809402312
2018-09-11,587646.0119293913
2018-09-12,590154.4172361908
2018-09-13,593916.7892095455
2018-09-14,595171.0255753516
2018-09-17,595728.3590771123
2018-09-18,601859.8366942328
2018-09-19,603950.2081623053
2018-09-20,610499.7196181527
2018-09-21,610639.2215556247
2018-09-24,607991.2468865407
2018-09-25,610917.686032067
2018-09-26,611169.5177074936
2018-09-27,609491.1118450051
2018-09-28,605155.6963885309
2018-10-01,606693.9934902332
2018-10-02,602778.162643178
2018-10-03,601799.1543628047
2018-10-04,594107.1294557917
2018-10-05,591170.1046146717
2018-10-08,587953.4016504809
2018-10-09,585855.4111785734
2018-10-10,572569.2169868292
2018-10-11,564597.581381558
2018-10-12,567394.6323115171
2018-10-15,566415.6240311438
2018-10-16,576205.504560439
2018-10-17,572709.0560483647
2018-10-18,563618.6068135911
2018-10-19,566555.3956678667
2018-10-22,563898.1163746302
2018-10-23,558164.1080283638
2018-10-24,542780.193063963
2018-10-25,548793.7783960812
2018-10-26,544178.5499669107
2018-10-29,541940.7541458742
2018-10-30,548653.9056221393
2018-10-31,553129.261277368
2018-11-01,560401.7015749621
2018-11-02,561940.2009511024
2018-11-05,561660.556540438
2018-11-06,564597.581381558
2018-11-07,571590.0738568305
2018-11-08,565856.1329353767
2018-11-09,561800.3618895671
2018-11-12,552150.2529969946
2018-11-13,554248.1086192768
2018-11-14,554807.5322902312
2018-11-15,556625.7435018488
2018-11-16,557185.1334603968
2018-11-19,552570.0061684455
2018-11-20,542360.4061801059
2018-11-21,550332.1766350025
2018-11-23,546695.9901986117
2018-11-26,554108.336982554
2018-11-27,552430.0996820973
2018-11-28,560541.5406364975
2018-11-29,557884.4299052928
2018-11-30,555926.3796321398
2018-12-03,563338.8612657075
2018-12-04,549073.4565191519
2018-12-06,543898.9392686526
2018-12-07,538164.7960727607
2018-12-10,533549.5002187776
2018-12-11,534108.8901773256
2018-12-12,542500.2452416412
2018-12-13,541521.3043860806
2018-12-14,534108.8901773256
2018-12-17,529493.7291729678
2018-12-18,530053.1865563286
2018-12-19,524319.0096480304
2018-12-20,522361.12793690915
2018-12-21,512151.5953733823
2018-12-24,506554.6616713307
2018-12-26,519416.2818175162
2018-12-27,519840.3501769795
2018-12-28,523232.4925038102
2018-12-31,524363.0380507221
2019-01-02,523656.493438461
2019-01-03,519416.2818175162
2019-01-04,535387.5343253283
2019-01-07,537083.7066259627
2019-01-08,540899.5801881934
2019-01-09,547542.6098592528
2019-01-10,549803.9032275146
2019-01-11,546411.8957503092
2019-01-14,543585.1441903566
2019-01-15,546977.1179551556
2019-01-16,548673.2902557899
2019-01-17,550510.6501142137
2019-01-18,556446.7643365421
2019-01-22,547825.322098895
2019-01-23,550651.9050968158
2019-01-24,551358.7868331404
2019-01-25,558284.2590445912
2019-01-28,555598.695042428
2019-01-29,557153.4437984285
2019-01-30,563372.5736720563
2019-01-31,563513.6600926266
2019-02-01,563231.1164150161
2019-02-04,565209.832393261
2019-02-05,569732.655116629
2019-02-06,566057.8679749686
2019-02-07,558849.4812494376
2019-02-08,556870.7652711926
2019-02-11,555740.0848746555
2019-02-12,563089.7602951952
2019-02-13,563231.1164150164
2019-02-14,563231.1164150164
2019-02-15,570863.3692255728
2019-02-19,573690.087073119
2019-02-20,575951.4478661935
2019-02-21,574538.2237920457
2019-02-22,576658.12732808
2019-02-25,578495.5208989101
2019-02-26,580898.4737986502
2019-02-27,579061.0128030074
2019-02-28,576658.12732808
2019-03-01,580191.6594871382
2019-03-04,577930.2312692511
2019-03-05,578354.1310666827
2019-03-06,576658.1273280801
2019-03-07,569308.6204695723
2019-03-08,568601.873582873
2019-03-11,573831.3420557212
2019-03-12,574113.9868705507
2019-03-13,578354.1310666827
2019-03-14,577788.976286649
2019-03-15,583583.8692387816
2019-03-18,585562.4503674012
2019-03-19,587117.3339730273
2019-03-20,586551.8420689302
2019-03-21,587117.3339730273
2019-03-22,575810.1928835915
2019-03-25,575810.1928835915
2019-03-26,579343.7250426497
2019-03-27,578495.5208989102
2019-03-28,578140.731534494
2019-03-29,580128.0104639515
2019-04-01,587651.001365531
2019-04-02,588076.7890577182
2019-04-03,592619.1312643623
2019-04-04,591483.5625689045
2019-04-05,592761.0604950914
2019-04-08,593186.7133376532
2019-04-09,589638.1454453634
2019-04-10,592051.1446421954
2019-04-11,590915.7782211757
2019-04-12,595315.9889226524
2019-04-15,595599.712534485
2019-04-16,596593.4194240265
2019-04-17,597587.1937383807
2019-04-18,596451.6250429228
2019-04-22,595883.570995943
2019-04-23,597303.2004272972
2019-04-24,592051.1446421952
2019-04-25,591625.4243748207
2019-04-26,593896.629190549
2019-04-29,596167.8340062773
2019-04-30,596593.4194240264
2019-05-01,592619.1312643621
2019-05-02,591483.5625689044
2019-05-03,597303.2004272972
2019-05-06,591625.4243748208
2019-05-07,581689.1645771585
2019-05-08,582540.942235971
2019-05-09,578282.7281900359
2019-05-10,582115.0871189712
2019-05-13,569056.2493956443
2019-05-14,574450.2344114754
2019-05-15,577005.2302638491
2019-05-16,580553.7981561389
2019-05-17,577288.9538756817
2019-05-20,574734.0928729334
2019-05-21,578708.3810325977
2019-05-22,576437.5133409329
2019-05-23,570617.7406329147
2019-05-24,576579.1728724111
2019-05-28,571611.3126728308
2019-05-29,567778.8863190828
2019-05-30,569907.8247800187
2019-05-31,565507.6140785418
2019-06-03,567778.8863190827
2019-06-04,575159.8805651204
2019-06-05,574876.0221036623
2019-06-06,577288.9538756816
2019-06-07,584102.3660484286
2019-06-10,585663.7224360736
2019-06-11,588502.8464491563
2019-06-12,583818.5075869706
2019-06-13,584102.3660484287
2019-06-14,580128.0104639517
2019-06-17,580558.450468215
2019-06-18,588595.8926906794
2019-06-19,591897.0115203679
2019-06-20,597637.7623479042
2019-06-21,595485.1577777114
2019-06-24,596346.2400606761
2019-06-25,593188.7360820341
2019-06-26,593906.5406380158
2019-06-27,595341.6103514776
2019-06-28,598642.5943315407
2019-07-01,601369.7257307322
2019-07-02,603235.3028732701
2019-07-03,606392.9417015376
2019-07-05,602230.7405888843
2019-07-08,598642.5943315409
2019-07-09,595772.252630179
2019-07-10,598355.5669038859
2019-07-11,598499.3166045578
2019-07-12,599216.6491868506
2019-07-15,599790.569192535
2019-07-16,597063.7749174071
2019-07-17,595915.7326316001
2019-07-18,597637.7623479042
2019-07-19,596776.8823393775
2019-07-22,597350.802345062
2019-07-23,600795.6034506098
2019-07-24,600938.9486024056
2019-07-25,594910.9006479636
2019-07-26,596633.4023379566
2019-07-29,596489.7200620974
2019-07-30,590174.6446800006
2019-07-31,586442.8835716106
2019-08-01,584146.7989999967
2019-08-02,579553.9556086421
2019-08-05,564770.8294377858
2019-08-06,568646.1042600032
2019-08-07,570942.1888316171
2019-08-08,576827.0264838887
2019-08-09,572664.6905216101
2019-08-12,567784.7522777878
2019-08-13,573382.427652779
2019-08-14,557881.395788722
2019-08-15,559029.640348967
2019-08-16,565631.8780083441
2019-08-19,569076.6116890792
2019-08-20,567497.7248501328
2019-08-21,572233.8459684704
2019-08-22,570224.7213996988
2019-08-23,563192.010023652
2019-08-26,568071.9145550679
2019-08-27,567928.2322792087
2019-08-28,568071.9145550679
2019-08-29,572521.2105201888
2019-08-30,575391.6196463632
2019-09-03,573095.2653754984
2019-09-04,581132.5053235248
2019-09-05,585868.9635659261
2019-09-06,587160.5532779668
2019-09-09,588308.8652630246
2019-09-10,590031.2321033921
2019-09-11,593619.2435111103
2019-09-12,596776.8823393778
2019-09-13,599504.0137385692
2019-09-16,595197.9955004313
2019-09-17,597494.4171961087
2019-09-18,595915.7326316003
2019-09-19,598355.5669038862
2019-09-20,597063.7749174073
2019-09-23,596202.827484068
2019-09-24,593674.3295830844
2019-09-25,592662.9573926162
2019-09-26,593963.244905495
2019-09-27,591362.7373045501
2019-09-30,593529.9730590984
2019-10-01,588183.8596602828
2019-10-02,576481.0023451232
2019-10-03,580526.356257371
2019-10-04,585005.2517152664
2019-10-07,584282.9296968338
2019-10-08,578792.5271988448
2019-10-09,583416.1837296025
2019-10-10,587172.4874698145
2019-10-11,597142.0551249495
2019-10-14,594974.4822463379
2019-10-15,601620.7483084068
2019-10-16,602054.1550044288
2019-10-17,603643.4926893434
2019-10-18,602921.0358212856
2019-10-21,606677.6092607484
2019-10-22,605232.830374258
2019-10-23,608122.4555720513
2019-10-24,609133.760337707
2019-10-25,609567.3018833544
2019-10-28,612312.4357075362
2019-10-29,611589.9114146656
2019-10-30,614046.3321908752
2019-10-31,612601.5533043848
2019-11-01,618091.5512534976
2019-11-04,621414.583147313
2019-11-05,621270.2940481395
2019-11-06,620692.3959785058
2019-11-07,623437.5298026877
2019-11-08,622137.0400153708
2019-11-11,621559.2093705499
2019-11-12,621703.7007441615
2019-11-13,619680.8889384122
2019-11-14,619247.4822423902
2019-11-15,623003.9882570403
2019-11-18,623726.3102754727
2019-11-19,622570.648985831
2019-11-20,618814.2103959935
2019-11-21,617947.2621543241
2019-11-22,618669.5841727565
2019-11-25,623437.5298026877
2019-11-26,623870.869073897
2019-11-27,625604.9004068612
2019-11-29,620836.7525024919
2019-12-02,618091.5512534975
2019-12-03,615779.8915501504
2019-12-04,621125.735249715
2019-12-05,620547.8371800815
2019-12-06,625893.8157292716
2019-12-09,622570.6489858308
2019-12-10,623148.5470554645
2019-12-11,626616.0703228913
2019-12-12,631528.4399016213
2019-12-13,635140.5219674725
2019-12-16,641497.7378575056
2019-12-17,639186.0781541585
2019-12-18,637596.6730444313
2019-12-19,638174.5711140648
2019-12-20,639186.0781541585
2019-12-23,640061.5893470406
2019-12-24,639477.8253187023
2019-12-26,642396.4431859558
2019-12-27,644147.6004213453
2019-12-30,639477.8253187024
2019-12-31,642980.2072142941
2020-01-02,648233.8811949008
2020-01-03,640353.4039363972
2020-01-06,642542.2830558214
2020-01-07,641520.9319930738
2020-01-08,642396.4431859559
2020-01-09,645023.3138886656
2020-01-10,642834.3673444288
2020-01-13,646628.6312541896
2020-01-14,647066.2857134116
2020-01-15,646628.6312541896
2020-01-16,650130.878300156
2020-01-17,651736.19566568
2020-01-21,646482.589109886
2020-01-22,648088.1087498481
2020-01-23,646482.589109886
2020-01-24,644001.8279762926
2020-01-27,630430.1571275856
2020-01-28,635829.4687036198
2020-01-29,635975.5108479233
2020-01-30,634516.1682018902
2020-01-31,623717.073076133
2020-02-03,625906.01962037
2020-02-04,635975.5108479233
2020-02-05,642104.8308710376
2020-02-06,644293.6425656491
2020-02-07,638018.4826726695
2020-02-10,639477.8253187025
2020-02-11,643855.785831989
2020-02-12,646482.589109886
2020-02-13,641812.6791576175
2020-02-14,641374.9572735828
2020-02-18,636997.064185109
2020-02-19,639623.8000381934
2020-02-20,634953.7552362996
2020-02-21,632035.2722186715
2020-02-24,607372.5568052254
2020-02-25,597011.183563503
2020-02-26,597449.1077219758
2020-02-27,579207.5269210003
2020-02-28,575997.0944643904
2020-03-02,583585.6222839123
2020-03-03,578915.5774820185
2020-03-04,594822.3044440787
2020-03-05,579207.5269210003
2020-03-06,570743.353058971
2020-03-09,524336.8097985833
2020-03-10,543891.7922385072
2020-03-11,515580.8213471975
2020-03-12,457937.2925149861
2020-03-13,486832.0948594468
2020-03-16,434150.3242812666
2020-03-17,453851.1803034624
2020-03-18,426853.5773386948
2020-03-19,433128.83836889354
2020-03-20,429188.56602723536
2020-03-23,421873.9515092987
2020-03-24,459399.87155202864
2020-03-25,475964.1927123314
2020-03-26,496192.91759313893
2020-03-27,480947.9988801148
2020-03-30,490769.2319473145
2020-03-31,488717.05663563526
2020-04-01,467022.4151895566
2020-04-02,475964.1927123314
2020-04-03,466582.56942392193
2020-04-06,491648.7212041458
2020-04-07,494433.9727918829
2020-04-08,499124.61587405583
2020-04-09,509825.3719104932
2020-04-13,505720.9875747283
2020-04-14,514809.3466403084
2020-04-15,498098.47764960676
2020-04-16,498684.87124564033
2020-04-17,512757.10390381643
2020-04-20,505281.24294631276
2020-04-21,494873.6837078922
2020-04-22,504108.6243162774
2020-04-23,503229.20248425886
2020-04-24,508652.7195680515
2020-04-27,515688.8021847332
2020-04-28,519793.2876577171
2020-04-29,533572.3572302829
2020-04-30,523018.11531183805
2020-05-01,511437.83630616317
2020-05-04,511877.5135097661
2020-05-05,513196.71368260664
2020-05-06,510118.56870850996
2020-05-07,517887.66017643677
2020-05-08,526243.0441031781
2020-05-11,526096.5636975919
2020-05-12,519060.2450940657
2020-05-13,514662.7313850968
2020-05-14,510851.64498456777
2020-05-15,510998.05796534126
2020-05-18,531373.4992385794
2020-05-19,525656.6842195509
2020-05-20,535184.7542011403
2020-05-21,529321.2565020876
2020-05-22,527855.4747864419
2020-05-26,543540.2055526943
2020-05-27,549256.9868593165
2020-05-28,552921.559141853
2020-05-29,552188.651427827
2020-06-01,564208.7087743238
2020-06-02,570365.369558987
2020-06-03,583558.0455355191
2020-06-04,580333.1841689919
2020-06-05,591766.8142070489
2020-06-08,598802.9979609497
2020-06-09,591033.9064930228
2020-06-10,590007.700843761
2020-06-11,557612.4719232767
2020-06-12,567140.3733428342
2020-06-15,568899.6215557475
2020-06-16,576522.131480869
2020-06-17,577841.1630916778
2020-06-18,575202.5604715587
2020-06-19,572564.092701065
2020-06-22,579164.4424656867
2020-06-23,581963.9881137157
2020-06-24,567672.6248142715
2020-06-25,575186.5807909495
2020-06-26,566493.904238687
2020-06-29,571650.7561882596
2020-06-30,571503.2981228894
2020-07-01,573418.8370516363
2020-07-02,579164.4424656868
2020-07-06,588888.6512274143
2020-07-07,580785.334962944
2020-07-08,585499.8127164057
2020-07-09,578722.742517703
2020-07-10,584173.7689250764
2020-07-13,581079.9139696211
2020-07-14,589183.4325085294
2020-07-15,595813.1794914872
2020-07-16,592129.9642482398
2020-07-17,595076.4959879501
2020-07-20,598465.1996493333
2020-07-21,600822.5733756896
2020-07-22,602443.1961736961
2020-07-23,597434.0045639318
2020-07-24,594487.0008505326
2020-07-27,602737.775180373
2020-07-28,599938.5666564074
2020-07-29,606274.004331939
2020-07-30,598170.4857930307
2020-07-31,586531.2100762451
2020-08-03,596697.1187859564
2020-08-04,601411.8662386689
2020-08-05,604653.1792594944
2020-08-06,605979.2230508237
2020-08-07,603474.4586839098
2020-08-10,605831.7649854535
2020-08-11,608336.4619275546
2020-08-12,620417.8421412002
2020-08-13,617765.9568329796
2020-08-14,613935.013825111
2020-08-17,618649.7612778235
2020-08-18,618502.3032124531
2020-08-19,615113.8018255081
2020-08-20,613198.3977463865
2020-08-21,609957.2195751863
2020-08-24,617323.7849113066
2020-08-25,618649.7612778231
2020-08-26,623216.91581554
2020-08-27,616881.8152640719
2020-08-28,621154.4582199242
2020-08-31,616881.8152640718
2020-09-01,617765.9568329792
2020-09-02,625279.5756855938
2020-09-03,611135.7378763325
2020-09-04,612314.4584519169
2020-09-08,604800.5024752389
2020-09-09,615261.2598908781
2020-09-10,608483.8525681118
2020-09-11,614082.5393152937
2020-09-14,618207.7242057758
2020-09-15,622038.4649392063
2020-09-16,622038.4649392063
2020-09-17,622922.4716584883
2020-09-18,618502.3032124529
2020-09-21,603409.7982885324
2020-09-22,603261.7333998479
2020-09-23,597040.9853307153
2020-09-24,596152.1240249191
2020-09-25,598374.0413025653
2020-09-28,608149.4254971304
2020-09-29,607260.9013153976
2020-09-30,605779.6456052377
2020-10-01,609334.4165802958
2020-10-02,608001.2931836331
2020-10-05,617480.5476008292
2020-10-06,611111.5997933868
2020-10-07,616888.0857716529
2020-10-08,621479.5132419409
2020-10-09,625626.6786213625
2020-10-12,628737.1200807416
2020-10-13,621775.6430193101
2020-10-14,620442.7218970855
2020-10-15,613629.7142732148
2020-10-16,615554.9623749902
2020-10-19,612888.917856103
2020-10-20,616295.5565176639
2020-10-21,614221.9064031403
2020-10-22,614814.3682323167
2020-10-23,618221.0743186902
2020-10-26,606668.2372117834
2020-10-27,602076.8097414953
2020-10-28,584451.2894541405
2020-10-29,587265.4662865249
2020-10-30,584303.2919902686
2020-11-02,591412.7665155721
2020-11-03,606520.0374734735
2020-11-04,612740.7855426059
2020-11-05,627552.1289975763
2020-11-06,628885.1175446135
2020-11-09,646066.1060418511
2020-11-10,650805.5984008237
2020-11-11,656285.8871769081
2020-11-12,646806.5653348994
2020-11-13,655989.6899747262
2020-11-16,664432.0181974414
2020-11-17,664136.0232696976
2020-11-18,660581.2522946395
2020-11-19,664580.2179357512
2020-11-20,666801.8655141465
2020-11-23,667246.329879451
2020-11-24,677910.3056805616
2020-11-25,676577.2497087116
2020-11-27,681317.0117669351
2020-11-30,667838.5894341894
2020-12-01,682205.738223106
2020-12-02,683242.394718336
2020-12-03,685612.2420350414
2020-12-04,692277.319619853
2020-12-07,687241.3603594478
2020-12-08,688870.5461086668
2020-12-09,689759.3399896504
2020-12-10,691240.3934253722
2020-12-11,688870.5461086668
2020-12-14,689018.678422164
2020-12-15,696572.4824631464
2020-12-16,698942.3972046645
2020-12-17,703533.5549757017
2020-12-18,699386.5918707182
2020-12-21,691541.7149133189
2020-12-22,689300.3792896157
2020-12-23,697070.5495545457
2020-12-24,698863.5101738079
2020-12-28,703196.9703107137
2020-12-29,708725.6701023151
2020-12-30,710219.8039517003
2020-12-31,705438.4407840424
2021-01-04,709472.8044518204
2021-01-05,717541.8689114401
2021-01-06,725311.9717515573
2021-01-07,727403.9614151346
2021-01-08,734277.1793967446
2021-01-11,724714.3182118032
2021-01-12,728151.0283398273
2021-01-13,726806.0381761299
2021-01-14,732334.9402421694
2021-01-15,720530.4063094615
2021-01-19,725610.7310966218
2021-01-20,731139.6331626612
2021-01-21,732783.382671423
2021-01-22,727702.7207601991
2021-01-25,727254.4131805709
2021-01-26,727553.3748000734
2021-01-27,710518.765571203
2021-01-28,716047.6002124297
2021-01-29,700357.7114480057
2021-02-01,710219.8039517003
2021-02-02,718139.5898760069
2021-02-03,720082.098729833
2021-02-04,720380.9254997101
2021-02-05,725760.1444815603
2021-02-08,730392.498813156
2021-02-09,734576.4781403107
2021-02-10,732932.5937819235
2021-02-11,737714.2940736449
2021-02-12,741150.9367768563
2021-02-16,745633.8102987007
2021-02-17,741001.6582415431
2021-02-18,736219.9579498216
2021-02-19,739656.8703522837
2021-02-22,737415.5347285805
2021-02-23,737714.2940736449
2021-02-24,740403.8698521636
2021-02-25,727852.1341451376
2021-02-26,717392.3881016889
2021-03-01,731288.9116979743
2021-03-02,730990.15235291
2021-03-03,726507.3462558782
2021-03-04,719185.6858450146
2021-03-05,725013.212406493
2021-03-08,721426.8191942797
2021-03-09,730691.325583033
2021-03-10,733829.2763659927
2021-03-11,739208.4953478429
2021-03-12,741001.6582415433
2021-03-15,742794.6188608055
2021-03-16,743990.1282147517
2021-03-17,747875.2807720294
2021-03-18,740702.7640468535
2021-03-19,743242.9938652465
2021-03-22,743558.3397142346
2021-03-23,732299.0702418144
2021-03-24,729146.3534248739
2021-03-25,733800.3511213457
2021-03-26,743858.447555553
2021-03-29,740255.5352642288
2021-03-30,739354.8746162105
2021-03-31,737253.108354792
2021-04-01,746860.9418898029
2021-04-05,758120.278787036
2021-04-06,751514.7373118366
2021-04-07,752865.9305583022
2021-04-08,757219.5507142049
2021-04-09,759020.9394350544
2021-04-12,754967.6968197209
2021-04-13,760071.8899905764
2021-04-14,760822.3955807167
2021-04-15,766677.2291913378
2021-04-16,771180.8021306804
2021-04-19,768929.2179354471
2021-04-20,756168.600158683
2021-04-21,763074.3843248261
2021-04-22,759921.7349326983
2021-04-23,768628.7729700654
2021-04-26,769829.8111586529
2021-04-27,767427.9370559161
2021-04-28,769529.5684677092
2021-04-29,770280.2089074748
2021-04-30,759771.5124500074
2021-05-03,767728.0448972344
2021-05-04,758420.3192035418
2021-05-05,767427.9370559161
2021-05-06,773732.966140921
2021-05-07,782740.3817188572
2021-05-10,778687.0042538983
2021-05-11,769379.4134098311
2021-05-12,755868.3574677395
2021-05-13,761122.6382716604
2021-05-14,773282.5683920991
2021-05-17,772081.5976283244
2021-05-18,774783.714422005
2021-05-19,767878.1999551127
2021-05-20,778536.9166208329
2021-05-21,778386.7615629546
2021-05-24,783190.6446180538
2021-05-25,783190.6446180538
2021-05-26,783190.6446180538
2021-05-27,784691.9929223976
2021-05-28,786943.8468168816
2021-06-01,791147.2444900932
2021-06-02,793399.1658093899
2021-06-03,789195.5658617401
2021-06-04,796701.7005601452
2021-06-07,798503.22413062
2021-06-08,798052.8263817981
2021-06-09,794900.244414483
2021-06-10,797452.4084247234
2021-06-11,798803.3319719383
2021-06-14,800004.3701605257
2021-06-15,800154.4577935912
2021-06-16,794900.244414483
2021-06-17,789045.6805031127
2021-06-18,774033.2762566772
2021-06-21,784687.2057606959
2021-06-22,785444.2515576677
2021-06-23,781206.6695044182
2021-06-24,787714.107877142
2021-06-25,790286.8364552554
2021-06-28,785141.4467238415
2021-06-29,784990.010594522
2021-06-30,779693.2521586013
2021-07-01,781963.3107525137
2021-07-02,784838.7767396405
2021-07-06,780147.4256969341
2021-07-07,782871.3881299288
2021-07-08,771520.9603107411
2021-07-09,784838.7767396405
2021-07-12,787714.107877142
2021-07-13,783325.2245441985
2021-07-14,785292.8154283483
2021-07-15,778936.6109105058
2021-07-16,772882.9415272386
2021-07-19,757749.374892385
2021-07-20,764559.4158244971
2021-07-21,775607.1062346714
2021-07-22,776666.5523165934
2021-07-23,781357.9707841125
2021-07-26,782265.9133119023
2021-07-27,779390.6495992136
2021-07-28,782871.3881299294
2021-07-29,788773.4865342517
2021-07-30,783628.0293780251
2021-08-02,787411.5053177543
2021-08-03,793011.1360123139
2021-08-04,790740.8751439633
2021-08-05,794827.0210678932
2021-08-06,791649.0199461911
2021-08-09,790740.8751439633
2021-08-10,792405.7286190996
2021-08-11,797399.8170708193
2021-08-12,795583.7971656144
2021-08-13,799669.8082399191
2021-08-16,795129.6910520942
2021-08-17,786352.0592358324
2021-08-18,784384.7380509335
2021-08-19,775758.340089553
2021-08-20,778331.2709421044
2021-08-23,786503.2930907139
2021-08-24,790286.8364552559
2021-08-25,790892.311273283
2021-08-26,785898.1553967504
2021-08-27,794070.3798197979
2021-08-30,793919.0785401039
2021-08-31,793919.0785401039
2021-09-01,800880.5556015354
2021-09-02,804664.0315412645
2021-09-03,808598.8087606878
2021-09-07,806631.4201509762
2021-09-08,800729.3217466539
2021-09-09,799821.1095196133
2021-09-10,797551.0509257008
2021-09-13,803604.5854593425
2021-09-14,800123.8469286266
2021-09-15,803301.9828999543
2021-09-16,801031.8568812291
2021-09-17,791043.545128164
2021-09-20,776003.6989829604
2021-09-21,782687.9926393909
2021-09-22,786941.6217980625
2021-09-23,796512.6413853404
2021-09-24,789220.5804672511
2021-09-27,789220.5804672511
2021-09-28,771749.8001250379
2021-09-29,769319.0007776537
2021-09-30,767040.4466573412
2021-10-01,769319.0007776535
2021-10-04,762178.8479625726
2021-10-05,766584.5874986907
2021-10-06,760963.3808640678
2021-10-07,767344.2628633579
2021-10-08,767496.0361167408
2021-10-11,765217.2122971776
2021-10-12,764913.396091161
2021-10-13,773420.8566829422
2021-10-14,781776.4091717154
2021-10-15,788005.1133687462
2021-10-18,785118.7919867751
2021-10-19,790587.9556687643
2021-10-20,793322.3689477273
2021-10-21,789372.421145447
2021-10-22,793018.4178920853
2021-10-25,792410.8529048646
2021-10-26,793930.136209386
2021-10-27,789676.2373514636
2021-10-28,797727.97363422
2021-10-29,791803.0856432058
2021-11-01,799247.2569387415
2021-11-02,797424.2922778288
2021-11-03,802893.1862605672
2021-11-04,802285.6212733465
2021-11-05,803956.6778312509
2021-11-08,804412.5369899013
2021-11-09,802437.3945267295
2021-11-10,792259.0122266691
2021-11-11,794993.62778007
2021-11-12,800462.589187621
2021-11-15,799095.3488357333
2021-11-16,797272.3167500078
2021-11-17,795297.4439860866
2021-11-18,795905.0089733072
2021-11-19,789828.0780296593
2021-11-22,785574.5162958005
2021-11-23,784207.1410942873
2021-11-24,780105.4874634367
2021-11-26,758836.6674219515
2021-11-29,762482.6641685899
2021-11-30,755038.6277226795
2021-12-01,751088.8147700246
2021-12-02,761571.3504001653
2021-12-03,757773.3107008933
2021-12-06,765065.2367693572
2021-12-07,781472.7278153247
2021-12-08,782536.084536383
2021-12-09,775699.6805025061
2021-12-10,776763.2394980026
2021-12-13,768863.4787430672
2021-12-14,764913.3960911615
2021-12-15,774332.3727258056
2021-12-16,774484.2808288139
2021-12-17,765521.0285031948
2021-12-20,761803.0220565952
2021-12-21,771368.1082603557
2021-12-22,779236.1119285102
2021-12-23,784018.6213179841
2021-12-27,790035.072204642
2021-12-28,790035.072204642
2021-12-29,789880.9390828146
2021-12-30,788029.7234253815
2021-12-31,787721.0526328506
2022-01-03,792503.5620223245
2022-01-04,795434.7209047398
2022-01-05,788492.4599149271
2022-01-06,784172.8218646243
2022-01-07,787412.5166899451
2022-01-10,780161.8546068524
2022-01-11,789418.0003188311
2022-01-12,797903.0758727967
2022-01-13,792195.1609290444
2022-01-14,790343.7429971731
2022-01-18,778773.1731645267
2022-01-19,778619.107467512
2022-01-20,773682.19525696
2022-01-21,763037.3006778428
2022-01-24,754552.3599735026
2022-01-25,750541.1904412926
2022-01-26,746992.7573986282
2022-01-27,742056.1823121395
2022-01-28,745450.1451089132
2022-01-31,757329.2508844651
2022-02-01,764888.5837600888
2022-02-02,771059.5048926376
2022-02-03,758717.5952027274
2022-02-04,760723.2136812388
2022-02-07,762111.6928491264
2022-02-08,765814.1915888055
2022-02-09,778001.9007320757
2022-02-10,768899.753292299
2022-02-11,758254.7912883692
2022-02-14,753781.020116239
2022-02-15,766277.1303527893
2022-02-16,769516.8926029227
2022-02-17,757792.1222236363
2022-02-18,753781.0201162389
2022-02-22,745913.0164480843
2022-02-23,738970.688033459
2022-02-24,729405.6692545112
2022-02-25,747764.2995303302
2022-02-28,737273.6729226658
2022-03-01,722771.8093579788
2022-03-02,731565.4882796627
2022-03-03,719994.8510222036
2022-03-04,701482.2898989953
2022-03-07,680809.3703521341
2022-03-08,684974.8752806097
2022-03-09,711201.3743749579
2022-03-10,703179.1701601632
2022-03-11,696545.3776884434
2022-03-14,701019.2837101991
2022-03-15,707190.3396923732
2022-03-16,731102.7517901171
2022-03-17,737736.2745625861
2022-03-18,744061.598516213
2022-03-21,740090.0073490565
2022-03-22,746889.664860013
2022-03-23,737462.7320974707
2022-03-24,743335.365858644
2022-03-25,744417.0621287562
2022-03-28,742098.9296433901
2022-03-29,756625.6729639628
2022-03-30,753843.927466486
2022-03-31,742253.399889281
2022-04-01,748744.1843332687
2022-04-04,751989.6102676688
2022-04-05,743026.290517237
2022-04-06,733444.7526591783
2022-04-07,734217.3735878834
2022-04-08,734062.9033419925
2022-04-11,726335.9523820019
2022-04-12,721545.2171653789
2022-04-13,730045.0587533254
2022-04-14,726490.4226278927
2022-04-18,723399.6017890088
2022-04-19,726645.027723409
2022-04-20,732053.8461980337
2022-04-21,723399.601789009
2022-04-22,710109.2272588775
2022-04-25,705936.7101498814
2022-04-26,686773.634433764
2022-04-27,689864.5901222732
2022-04-28,700682.294496335
2022-04-29,691873.7146910449
2022-05-02,689555.4473560534
2022-05-03,695118.9383510068
2022-05-04,707018.5412696189
2022-05-05,684455.7716476485
2022-05-06,678274.1973946935
2022-05-09,657256.8044797587
2022-05-10,660502.0281397208
2022-05-11,657102.1993842424
2022-05-12,654629.7315026108
2022-05-13,673019.6468915216
2022-05-16,673947.0077653683
2022-05-17,686928.3069540926
2022-05-18,670547.17900989
2022-05-19,677501.4416163628
2022-05-20,681365.0182335771
2022-05-23,693109.9486318603
2022-05-24,690637.3459006035
2022-05-25,690328.2705591964
2022-05-26,697900.6838484835
2022-05-27,706554.9282575082
2022-05-31,703309.502323108
2022-06-01,696973.4578242621
2022-06-02,711654.6039659128
2022-06-03,700682.2944963347
2022-06-06,703309.502323108
2022-06-07,705009.6189752853
2022-06-08,696200.7694707444
2022-06-09,681673.8913005465
2022-06-10,665911.1163135961
2022-06-13,643193.5393216714
2022-06-14,637321.1752597488
2022-06-15,648602.6949203594
2022-06-16,632994.0530552365
2022-06-17,630830.5256653866
2022-06-21,640537.9456487523
2022-06-22,634588.2453266652
2022-06-23,632239.7716755851
2022-06-24,651028.4374067911
2022-06-27,649775.8866613024
2022-06-28,646331.22040538
2022-06-29,642416.8729042042
2022-06-30,638815.71365801
2022-07-01,640224.6899689578
2022-07-05,626446.2946445191
2022-07-06,626446.2946445191
2022-07-07,636623.7329972018
2022-07-08,638189.4045728595
2022-07-11,627542.4872493615
2022-07-12,626916.3130138362
2022-07-13,626133.443513601
2022-07-14,616895.5025010507
2022-07-15,626289.9365038729
2022-07-18,630204.0817306107
2022-07-19,646487.7808204648
2022-07-20,643356.1679698988
2022-07-21,650558.756161538
2022-07-22,648366.7755007296
2022-07-25,653690.2341624786
2022-07-26,644765.48140491
2022-07-27,659483.3066446683
2022-07-28,663710.7075512005
2022-07-29,672635.3928839564
2022-08-01,672635.3928839564
2022-08-02,662145.1708251683
2022-08-03,666842.1855521412
2022-08-04,670130.2239681664
2022-08-05,665433.0069667554
2022-08-08,667468.4946372919
2022-08-09,663397.6541458442
2022-08-10,679211.4022911941
2022-08-11,679211.4022911941
2022-08-12,684848.0492079249
2022-08-15,679994.2717914294
2022-08-16,680620.58087658
2022-08-17,674827.4409695774
2022-08-18,672635.3928839564
2022-08-19,662614.7172207964
2022-08-22,651967.7998972983
2022-08-23,653220.3506427871
2022-08-24,654003.3549926475
2022-08-25,661675.3547302894
2022-08-26,644139.3071693847
2022-08-29,642573.3658944762
2022-08-30,637250.1095071653
2022-08-31,633492.1201466358
2022-09-01,625037.3183335714
2022-09-02,621122.9708323956
2022-09-06,618461.3089263338
2022-09-07,623784.7675880828
2022-09-08,624724.2649282152
2022-09-09,640851.2013285467
2022-09-12,648992.8148866293
2022-09-13,626759.5503243136
2022-09-14,629577.9749198981
2022-09-15,623471.5793331012
2022-09-16,619400.7388416536
2022-09-19,621756.3595228796
2022-09-20,611391.2779164587
2022-09-21,603538.7819552246
2022-09-22,600711.8618332403
2022-09-23,581080.7230673741
2022-09-26,571815.0030319922
2022-09-27,568359.6836556635
2022-09-28,581080.723067374
2022-09-29,573856.6263604842
2022-09-30,571029.6388136871
2022-10-03,583750.5433757722
2022-10-04,606994.0339067404
2022-10-05,599769.6675005998
2022-10-06,589718.5158221002
2022-10-07,580452.5935122803
2022-10-10,576526.3792440696
2022-10-11,569773.1100042491
2022-10-12,568359.6836556634
2022-10-13,580138.4613099209
2022-10-14,570244.5442946329
2022-10-17,585321.2043875695
2022-10-18,589247.2838061549
2022-10-19,582494.2168407725
2022-10-20,580923.7581034134
2022-10-21,591760.0717257798
2022-10-24,590817.6751187014
2022-10-25,604009.9465463574
2022-10-26,610134.7491070208
2022-10-27,606051.5698748494
2022-10-28,610763.0809365524
2022-10-31,605737.3702476772
2022-11-01,610920.1133253258
2022-11-02,601654.1235906931
2022-11-03,596785.7824146549
2022-11-04,619557.8386552394
2022-11-07,622227.6589636378
2022-11-08,629765.9552976997
2022-11-09,620971.332428638
2022-11-10,655521.964049042
2022-11-11,667771.5691703687
2022-11-14,660076.3752971588
2022-11-15,664159.7568037683
2022-11-16,661646.8340345181
2022-11-17,660861.7395154639
2022-11-18,661960.9662368776
2022-11-21,656621.325620081
2022-11-22,666358.4125210339
2022-11-23,674053.8086686819
2022-11-25,676880.6613658535
2022-11-28,667457.6392424476
2022-11-29,669185.1303685802
2022-11-30,681749.1373915173
2022-12-01,687559.8751746339
2022-12-02,686931.7456195403
2022-12-05,676566.5965883067
2022-12-06,672012.1179153771
2022-12-07,672012.1179153771
2022-12-08,675781.1649451891
2022-12-09,676252.4643859473
2022-12-12,677979.8880872672
2022-12-13,686774.5783811415
2022-12-14,686460.5810284076
2022-12-15,668556.9333886739
2022-12-16,663374.3251606508
2022-12-19,661944.3123081413
2022-12-20,665122.1785802181
2022-12-21,671795.7516914296
2022-12-22,665916.6451482374
2022-12-23,669253.2968542178
2022-12-27,670524.5242728238
2022-12-28,662897.6991596895
2022-12-29,673384.8196770935
2022-12-30,666869.9645749729
2023-01-03,670524.5242728237
2023-01-04,680534.883939641
2023-01-05,672907.9239768813
2023-01-06,691498.2259091302
2023-01-09,694517.3067473035
2023-01-10,696265.0927420582
2023-01-11,701508.518151135
2023-01-12,711677.595827043
2023-01-13,715332.155524894
2023-01-17,717397.7146618938
2023-01-18,714219.8483898169
2023-01-19,713425.5166714231
2023-01-20,720734.5012174996
2023-01-23,723753.2449316094
2023-01-24,723594.3920728932
2023-01-25,727248.9517707442
2023-01-26,729473.4986160855
2023-01-27,728678.9646232536
2023-01-30,722641.1400709704
2023-01-31,727090.0314872152
2023-02-01,733604.6168900852
2023-02-02,733445.8314561817
2023-02-03,725183.257784119
2023-02-06,717397.7146618939
2023-02-07,724071.2203482927
2023-02-08,719781.1143659515
2023-02-09,720416.5258008165
2023-02-10,718350.9666638167
2023-02-13,724547.9137740668
2023-02-14,725183.257784119
2023-02-15,721528.9677855188
2023-02-16,718192.1812299131
2023-02-17,719304.4209401775
2023-02-21,710247.6503993465
2023-02-22,706116.2624260961
2023-02-23,710247.6503993465
2023-02-24,699125.1184470776
2023-02-27,706910.7964189281
2023-02-28,701826.2238685676
2023-03-01,706275.3175592505
2023-03-02,707387.5572695149
2023-03-03,717715.4203793266
2023-03-06,715967.7018093846
2023-03-07,702938.5984284575
2023-03-08,706593.0907014958
2023-03-09,699601.7444480391
2023-03-10,692769.2510532986
2023-03-13,688797.1879124533
2023-03-14,696900.5716017362
2023-03-15,676085.6553993332
2023-03-16,686572.6410671119
2023-03-17,678628.0428117325
2023-03-20,688994.8100384708
2023-03-21,697926.3052773093
2023-03-22,695215.0861339144
2023-03-23,695693.6000296314
2023-03-24,693301.1654006722
2023-03-27,699361.6446900218
2023-03-28,700318.6724814555
2023-03-29,708293.0725040474
2023-03-30,717065.0406360426
2023-03-31,720414.2333571848
2023-04-03,726315.3878141294
2023-04-04,726155.9955569115
2023-04-05,720573.8278888406
2023-04-06,722966.195092987
2023-04-10,723604.1686707345
2023-04-11,726793.9691346588
2023-04-12,730940.5276907661
2023-04-13,741626.4165560035
2023-04-14,737958.1696211749
2023-04-17,737320.2634682402
2023-04-18,740191.1445681035
2023-04-19,737320.2634682402
2023-04-20,737639.2502571138
2023-04-21,740031.5500364476
2023-04-24,741466.8894491602
2023-04-25,729824.1076421144
2023-04-26,729983.6347489576
2023-04-27,739234.1842014825
2023-04-28,739393.5764587002
2023-05-01,738755.6703057655
2023-05-02,730940.527690766
2023-05-03,732376.001953104
2023-05-04,731259.5819044524
2023-05-05,743061.8908183415
2023-05-08,743380.8101824025
2023-05-09,740509.9965073518
2023-05-10,739393.5764587001
2023-05-11,736044.1814631198
2023-05-12,734449.4497931893
2023-05-15,740829.050721038
2023-05-16,733173.4352128818
2023-05-17,737001.2092545535
2023-05-18,735565.8024170282
2023-05-19,740031.5500364475
2023-05-22,740669.5236141948
2023-05-23,730302.5541130184
2023-05-24,719935.7868862802
2023-05-25,718340.9203667244
2023-05-26,725039.4406586341
2023-05-30,718819.3668376285
2023-05-31,711801.7923320323
2023-06-01,722806.6005613308
2023-06-02,733492.4894265683
2023-06-05,728867.2821251185
2023-06-06,735246.8156281546
2023-06-07,728229.2411225584
2023-06-08,735725.3969486841
2023-06-09,735406.275310185
2023-06-12,738755.6703057654
2023-06-13,745932.5696437666
2023-06-14,747846.5578018216
2023-06-15,754864.0648826051
2023-06-16,752631.1573604892
2023-06-20,742522.7620160092
2023-06-21,743649.4980610036
2023-06-22,739142.553881026
2023-06-23,727231.2864698172
2023-06-26,729484.6911349933
2023-06-27,735440.3922654105
2023-06-28,735601.200443695
2023-06-29,734635.4748514232
2023-06-30,743327.5445803714
2023-07-03,744615.0888036502
2023-07-05,736566.9934607795
2023-07-06,723529.1248542017
2023-07-07,729645.701587716
2023-07-10,731577.2201970725
2023-07-11,738659.657372484
2023-07-12,752824.3294488689
2023-07-13,764413.7782290706
2023-07-14,759745.8235963704
2023-07-17,759424.0049653633
2023-07-18,764896.6073128
2023-07-19,764735.7317097029
2023-07-20,760228.5852552871
2023-07-21,761194.5805468098
2023-07-24,760389.7305576352
2023-07-25,762643.1352228113
2023-07-26,763608.9282398957
2023-07-27,760389.7305576351
2023-07-28,766667.317743872
2023-07-31,766667.317743872
2023-08-01,758136.1910428336
2023-08-02,743488.6224579064
2023-08-03,741235.0155182921
2023-08-04,743327.544580371
2023-08-07,749283.1108611627
2023-08-08,743649.4980610034
2023-08-09,744293.3375974556
2023-08-10,746546.7422626317
2023-08-11,742361.6841384738
2023-08-14,739303.429484123
2023-08-15,729001.7946264507
2023-08-16,723207.1039487562
2023-08-17,718378.2737129589
2023-08-18,718378.2737129589
2023-08-21,720631.678378135
2023-08-22,719022.0458245983
2023-08-23,726748.322536462
2023-08-24,717573.4237237843
2023-08-25,722080.4353285745
2023-08-28,729645.7015877155
2023-08-29,738981.5434283032
2023-08-30,738820.5329755807
2023-08-31,736406.1852824946
2023-09-01,737532.8539026764
2023-09-05,730933.4480854325
2023-09-06,728036.0690341789
2023-09-07,725138.6225581126
2023-09-08,724172.9643906534
2023-09-11,732382.0701862467
2023-09-12,729162.872503986
2023-09-13,727714.1155535465
2023-09-14,737532.8539026765
2023-09-15,735923.2887739525
2023-09-18,733168.2435023042
2023-09-19,733330.2653272173
2023-09-20,730899.3311302076
2023-09-21,718744.5927203466
2023-09-22,719554.9715441625
2023-09-25,716799.9936973267
2023-09-26,706589.9217352984
2023-09-27,704969.3663621047
2023-09-28,710803.7702544783
2023-09-29,708534.7230327564
2023-10-02,697514.6093709755
2023-10-03,688763.1383820404
2023-10-04,689087.3168814918
2023-10-05,695407.8536734171
2023-10-06,702700.6562644461
2023-10-09,702214.3885152689
2023-10-10,711127.7464794916
2023-10-11,714206.9028257787
2023-10-12,708048.5901332045
2023-10-13,701728.2556157171
2023-10-16,707238.2787342012
2023-10-17,707400.3005591142
2023-10-18,695407.8536734171
2023-10-19,689735.4716059566
2023-10-20,683253.0478387435
2023-10-23,683577.1589133823
2023-10-24,686980.4937591209
2023-10-25,680984.2028914597
2023-10-26,675960.2452477147
2023-10-27,673853.5569749692
2023-10-30,683091.1608634561
2023-10-31,684549.6269869241
2023-11-01,691518.3185033144
2023-11-02,707076.2569092885
2023-11-03,716151.6366984242
2023-11-06,713882.859175953
2023-11-07,708534.7230327565
2023-11-08,706914.2350843754
2023-11-09,706589.9217352985
2023-11-10,710317.5025053013
2023-11-13,711289.8357292175
2023-11-14,730575.220055569
2023-11-15,729926.9304814788
2023-11-16,728306.2402586597
2023-11-17,737381.8223222335
2023-11-20,740622.933068621
2023-11-21,737706.000821685
2023-11-22,739164.6017947785
2023-11-24,744026.3353391724
2023-11-27,742081.6688913399
2023-11-28,743378.1131898948
2023-11-29,745160.6229631888
2023-11-30,744836.6467381755
2023-12-01,752453.5604038432
2023-12-04,745808.9799620918
2023-12-05,743378.1131898948
2023-12-06,744836.6467381755
2023-12-07,748402.0034088271
2023-12-08,750184.7154565593
2023-12-11,752291.6060037429
2023-12-12,752453.5604038432
2023-12-13,764608.3662385168
2023-12-14,771252.74440583
2023-12-15,763311.7196655236
2023-12-18,765938.657793046
2023-12-19,773327.1361932933
2023-12-20,765282.0075421813
2023-12-21,778252.9907345629
2023-12-22,780058.896917863
2023-12-26,783506.9344144204
2023-12-27,787940.0484244938
2023-12-28,786626.4782235136
2023-12-29,786462.2313797815
2024-01-02,777760.385052992
2024-01-03,771521.1625851803
2024-01-04,773327.1361932931
2024-01-05,773819.7418748639
2024-01-08,781865.0053756012
2024-01-09,774804.81838838
2024-01-10,779073.8878291594
2024-01-11,778252.9907345626
2024-01-12,781044.1082810045
2024-01-16,767088.1159999195
2024-01-17,758714.4936613435
2024-01-18,765610.3663800199
2024-01-19,768073.2599382484
2024-01-22,770043.4803900933
2024-01-23,768729.9776139257
2024-01-24,773491.4504618378
2024-01-25,775461.5360640574
2024-01-26,778745.4615665079
2024-01-29,783342.7549955007
2024-01-30,782357.6110571718
2024-01-31,777924.4970470985
2024-02-01,786133.8725419425
2024-02-02,780551.5700242463
2024-02-05,775461.5360640574
2024-02-06,780223.0763367822
2024-02-07,780715.682018353
2024-02-08,779402.2466669981
2024-02-09,782193.4316382526
2024-02-12,784163.4498156594
2024-02-13,770207.6598090125
2024-02-14,779730.6055048369
2024-02-15,788432.519256439
2024-02-16,789089.304356929
2024-02-20,791880.4893281835
2024-02-21,792373.0275849415
2024-02-22,800746.5824987049
2024-02-23,802060.1526996852
2024-02-26,800254.1790915723
2024-02-27,801731.6590122211
2024-02-28,797462.9266955052
2024-02-29,799268.900303618
2024-03-01,807806.7020611136
2024-03-04,805672.3021903492
2024-03-05,803701.9468888788
2024-03-06,813389.206853248
2024-03-07,822747.9057053401
2024-03-08,820449.3264156564
2024-03-11,816344.6386682343
2024-03-12,822583.5914367952
2024-03-13,822747.9057053399
2024-03-14,817329.580332125
2024-03-15,816619.5970544162
2024-03-18,816784.7878455261
2024-03-19,818105.9096255285
2024-03-20,827023.4479281385
2024-03-21,827518.81802703
2024-03-22,824711.3836759153
2024-03-25,823555.3852622099
2024-03-26,824711.3836759152
2024-03-27,830161.1290118474
2024-03-28,828509.693074438
2024-04-01,825207.0234740574
2024-04-02,820087.5922955322
2024-04-03,824546.3277344309
2024-04-04,817940.5839847935
2024-04-05,820913.2765518307
2024-04-08,824876.6418918379
2024-04-09,825041.7652581352
2024-04-10,812656.2317144094
2024-04-11,815628.7894318212
2024-04-12,801426.5617347634
2024-04-15,798619.3296580869
2024-04-16,790197.0940295557
2024-04-17,790692.4641284471
2024-04-18,789866.9147217742
2024-04-19,790362.2173958528
2024-04-22,798949.5763906812
2024-04-23,807041.3630121801
2024-04-24,804729.4336095821
2024-04-25,801261.505793279
2024-04-26,807206.6212281026
2024-04-29,811665.3566670013
2024-04-30,800270.6981706836
2024-05-01,799280.0253977135
2024-05-02,811004.795777
2024-05-03,818436.2237829358
2024-05-06,824876.6418918379
2024-05-07,826032.5728807305
2024-05-08,825207.0234740576
2024-05-09,831317.1948503655
2024-05-10,831647.3741581471
2024-05-13,831482.25079185
2024-05-14,837262.1080107512
2024-05-15,845684.2762144697
2024-05-16,840895.2266181641
2024-05-17,843867.7169107632
2024-05-20,844197.9636433575
2024-05-21,842876.9092881677
2024-05-22,834950.3134577787
2024-05-23,830326.1849533321
2024-05-24,837096.984644454
2024-05-28,837262.1080107511
2024-05-29,822894.9592218343
2024-05-30,830326.1849533321
2024-05-31,837592.4895929708
2024-06-03,839739.228204459
2024-06-04,837262.1080107512
2024-06-05,843042.1000792776
2024-06-06,845188.9061155784
2024-06-07,834785.0552418563
2024-06-10,835941.0536555616
2024-06-11,826528.0778292476
2024-06-12,836601.5471207502
2024-06-13,824876.6418918383
2024-06-14,817445.2813107152
2024-06-17,820417.7716033144
2024-06-18,823720.6434781333
2024-06-20,823720.6434781333
2024-06-21,818236.781186976
2024-06-24,825404.1062015742
2024-06-25,826570.8251604985
2024-06-26,821070.3763654175
2024-06-27,823070.6008589129
2024-06-28,823737.2974068697
2024-07-01,824404.0613796391
2024-07-02,826237.5443113327
2024-07-03,836071.7229425705
2024-07-05,841405.4976006623
2024-07-08,837738.4643124623
2024-07-09,834904.8691340208
2024-07-10,846572.598121765
2024-07-11,849906.2831359865
2024-07-12,858406.9338216854
2024-07-15,851906.3727798567
2024-07-16,856906.7991639702
2024-07-17,852072.9794920332
2024-07-18,843739.0703681362
2024-07-19,838738.5091343973
2024-07-22,846906.0138205559
2024-07-23,842572.2839843992
2024-07-24,832071.2739555793
2024-07-25,826904.2408592893
2024-07-26,837738.4643124621
2024-07-29,834404.9141478658
2024-07-30,836238.3296547467
2024-07-31,848572.7551904476
2024-08-01,826904.2408592893
2024-08-02,812403.0515427291
2024-08-05,793401.3234033977
2024-08-06,794734.8513489366
2024-08-07,798568.5587741258
2024-08-08,812236.2425561146
2024-08-09,815069.9725841813
2024-08-12,815403.1860085344
2024-08-13,828737.7237909831
2024-08-14,831904.6672434029
2024-08-15,842072.1267238064
2024-08-16,847072.6205327326
2024-08-19,856906.7991639703
2024-08-20,854573.2263964964
2024-08-21,862074.0345346984
2024-08-22,856073.3610542117
2024-08-23,872574.7748642673
2024-08-26,869074.5505626819
2024-08-27,872408.1681520907
2024-08-28,868074.438315934
2024-08-29,870408.0785082206
2024-08-30,873241.5388370367
2024-09-03,858073.5855477072
2024-09-04,855406.5970814422
2024-09-05,855573.4734928696
2024-09-06,839571.9472441562
2024-09-09,848572.755190448
2024-09-10,845239.137601039
2024-09-11,850072.957272976
2024-09-12,857740.1024241037
2024-09-13,860073.7426163901
2024-09-16,866907.6519321972
2024-09-17,862740.7310826549
2024-09-18,859740.3943424115
2024-09-19,876241.8081524671
2024-09-20,868286.0173781798
2024-09-23,871795.9508527938
2024-09-24,877144.356695241
2024-09-25,871628.7373173028
2024-09-26,891016.9444830186
2024-09-27,885501.3251050806
2024-09-30,882659.9760731789
2024-10-01,876475.907102154
2024-10-02,874971.3898316134
2024-10-03,866781.7698068898
2024-10-04,871962.9621138463
2024-10-07,867116.1294530586
2024-10-08,865778.9605676341
2024-10-09,866113.2527889902
2024-10-10,864608.9377928876
2024-10-11,868954.5343960791
2024-10-14,870793.0741887251
2024-10-15,858424.8013970499
2024-10-16,861767.5887609858
2024-10-17,861433.3639644424
2024-10-18,866280.3988996681
2024-10-21,856419.1829185386
2024-10-22,852073.4514657217
2024-10-23,843883.6965913727
2024-10-24,846892.1243091398
2024-10-25,844217.9888127289
2024-10-28,850402.1926333791
2024-10-29,847560.7761766647
2024-10-30,843382.3256841513
2024-10-31,837365.3353989918
2024-11-01,839203.6729171998
2024-11-04,840373.7631167589
2024-11-05,849232.1698586328
2024-11-06,838368.1446382476
2024-11-07,851070.7096512789
2024-11-08,839872.3922095376
2024-11-11,839538.0999881815
2024-11-12,825832.7257358945
2024-11-13,821152.9043361596
2024-11-14,821821.3539292465
2024-11-15,819481.5106541917
2024-11-18,824997.1300321297
2024-11-19,823994.1859432487
2024-11-20,821654.2752433812
2024-11-21,823659.8262970799
2024-11-22,827337.0407319972
2024-11-25,831348.27768902
2024-11-26,826334.0966431162
2024-11-27,830679.7606711205
2024-11-29,840708.0553381154
2024-12-02,841543.7858915058
2024-12-03,845053.7867909324
2024-12-04,845220.8654767978
2024-12-05,849064.9563231425
2024-12-06,847895.0683980214
2024-12-09,845889.3824946973
2024-12-10,839705.3809484851
2024-12-11,845722.2363840193
2024-12-12,837532.3466600449
2024-12-13,835359.5820708554
2024-12-16,831849.7834458668
2024-12-17,829844.03011773
2024-12-18,809285.9350268933
2024-12-19,807280.3839731946
2024-12-20,806991.8057748476
2024-12-23,811741.8838294138
2024-12-24,814965.194425249
2024-12-26,818188.4375962716
2024-12-27,816152.6802264843
2024-12-30,811063.3879392351
2024-12-31,811233.0961927956
2025-01-02,809536.620480504
2025-01-03,814286.5636854449
2025-01-06,822259.8849110336
2025-01-07,819545.496801442
2025-01-08,818527.6518289547
2025-01-10,806313.3098846688
2025-01-13,804108.1139605717
2025-01-14,807161.6488780337
2025-01-15,817170.4577741589
2025-01-16,819884.9133085632
2025-01-17,823956.2931985125
2025-01-21,839902.733375252
2025-01-22,838036.6842590253
2025-01-23,843804.539861266
2025-01-24,848554.4830662068
2025-01-27,847027.7830322885
2025-01-28,846179.5114637364
2025-01-29,846179.5114637364
2025-01-30,855340.1162161222
2025-01-31,847197.289011411
2025-02-03,836679.4227794167
2025-02-04,846858.0073539153
2025-02-05,855000.9694082518
2025-02-06,858563.4942367701
2025-02-07,851777.7262372293
2025-02-10,857206.3001819743
2025-02-11,860599.0493321193
2025-02-12,862295.525044411
2025-02-13,873492.0894410223
2025-02-14,873831.2362488926
2025-02-18,879768.8001046941
2025-02-19,872134.8953862266
2025-02-20,875527.7119611844
2025-02-21,869251.0012975127
2025-02-24,868402.7297289605
2025-02-25,874679.5078174451
2025-02-26,876036.701872241
2025-02-27,865688.4090441819
2025-02-28,866367.1072087989
2025-03-03,872813.4587012185
2025-03-04,870438.4870987481
2025-03-05,890965.2970764932
2025-03-06,882652.7616182213
2025-03-07,891983.1420489805
2025-03-10,871456.2646464227
2025-03-11,869081.2930439523
2025-03-12,875527.7119611847
2025-03-13,868911.6522152044
2025-03-14,885536.6557069353
2025-03-17,896054.5219389296
2025-03-18,894866.9687128817
2025-03-19,898938.6183020817
2025-03-20,891983.1420489803
2025-03-21,887074.7505341995
2025-03-24,888267.7651700759
2025-03-25,893039.7562887688
2025-03-26,882302.8268403191
2025-03-27,883325.458974508
2025-03-28,873270.1943824339
2025-03-31,866282.691343301
2025-04-01,869350.250621804
2025-04-02,871736.3473183695
2025-04-03,853500.5650512861
2025-04-04,799475.0853808495
2025-04-07,782091.5527462674
2025-04-08,778001.22648395
2025-04-09,836117.032416704
2025-04-10,819585.4122905596
2025-04-11,842081.9707464606
2025-04-14,851796.2006359088
2025-04-15,857590.8238887907
2025-04-16,855716.0769717259
2025-04-17,864919.2267809241
2025-04-21,860828.9679434195
2025-04-22,877701.2856481262
2025-04-23,880257.6974215666
2025-04-24,891505.9092247044
2025-04-25,893551.0386434568
2025-04-28,899686.4268997138
2025-04-29,902413.3560244672
2025-04-30,901049.8240372778
2025-05-01,897300.4650527737
2025-05-02,913661.5004027925
2025-05-05,915365.7973933569
2025-05-06,915195.2800420439
2025-05-07,911957.2034122278
2025-05-08,908889.576708912
2025-05-09,914854.3801890434
2025-05-12,919285.4714547358
2025-05-13,920819.3859436129
2025-05-14,917070.0269591088
2025-05-15,926784.3916981822
2025-05-16,928829.4536921218
2025-05-19,936328.2390859429
2025-05-20,940759.4652012609
2025-05-21,935646.64165438
2025-05-22,934624.0095201912
2025-05-23,937862.15357482
2025-05-27,950985.1122950227
2025-05-28,942293.3122653253
2025-05-29,946042.6712498295
2025-05-30,947235.7533105187
2025-06-02,958142.9978358432
2025-06-03,951155.562221523
2025-06-04,956097.9358419037
2025-06-05,956097.9358419037
2025-06-06,959165.6299700323
2025-06-09,959506.46239822
2025-06-10,961722.0417434727
2025-06-11,961551.5243921597
2025-06-12,969050.3772107933
2025-06-13,957290.8830529674
2025-06-16,962062.8067468478
2025-06-17,949962.5475856467
2025-06-18,952518.8919342745
2025-06-20,944805.8304856996
2025-06-23,952020.8248428751
2025-06-24,964560.9634821172
2025-06-25,959751.0121938752
2025-06-26,970229.7720345047
2025-06-27,976242.1774324009
2025-06-30,979334.1444931006
2025-07-01,978647.0856517091
2025-07-02,981739.1875620343
2025-07-03,982941.7090965012
2025-07-07,970745.0324531422
2025-07-08,977788.1609627508
2025-07-09,984487.8274764764
2025-07-10,985174.886317868
2025-07-11,976929.2362737926
2025-07-14,978131.7578082595
2025-07-15,968340.1242338341
2025-07-16,972978.3445241345
2025-07-17,975211.5217455013
2025-07-18,972978.3445241346
2025-07-21,979334.144493101
2025-07-22,983972.2973585887
2025-07-23,1004929.8844646604
2025-07-24,997886.8233798645
2025-07-25,996684.3692702104
2025-07-28,981910.9859847889
2025-07-29,981567.3891392804
2025-07-30,974180.731208976
2025-07-31,965763.4175917717
2025-08-01,962327.7862607508
2025-08-04,975726.8495889513
2025-08-05,977444.6989668682
2025-08-06,985003.0878951142
2025-08-07,992046.2838295356
2025-08-08,996684.3692702107
2025-08-11,992733.3426709272
2025-08-12,1003899.0939281355
2025-08-13,1008537.314218436
2025-08-14,1006819.5996901445
2025-08-15,1011285.8867080654
2025-08-18,1010255.2310211655
2025-08-19,1009052.7094866987
2025-08-20,1011629.4161287613
2025-08-21,1006819.5996901448
2025-08-22,1023138.8990811035
2025-08-25,1010426.9620191072
2025-08-26,1010770.491439803
2025-08-27,1009568.037330149
2025-08-28,1013690.794927374
2025-08-29,1008537.3142184364
2025-09-02,999604.672757782
2025-09-03,1001837.8499791487
2025-09-04,1008021.9863749862
2025-09-05,1012831.8702384155
2025-09-08,1022623.5038128409
2025-09-09,1019874.9987480242
2025-09-10,1020562.1924390412
2025-09-11,1031899.8095438164
2025-09-12,1027605.3209486498
2025-09-15,1035850.8361430999
2025-09-16,1034648.2471838205
2025-09-17,1031040.884854858
2025-09-18,1034304.7851879374
2025-09-19,1029592.6673029201
2025-09-22,1035116.0405343184
2025-09-23,1033562.6402745717
2025-09-24,1026313.1918381074
2025-09-25,1019408.8910178436
2025-09-26,1025450.1542355744
2025-09-29,1030628.2450011467
2025-09-30,1034252.9355069725
2025-10-01,1042020.2065049565
2025-10-02,1044264.1716963549
2025-10-03,1053930.0579950986
2025-10-06,1056001.280816365
2025-10-07,1046853.2170791411
2025-10-08,1050132.7599687662
2025-10-09,1041157.2363272362
2025-10-10,1021480.1812639226
2025-10-13,1032181.7801105187
2025-10-14,1035288.6480548246
2025-10-15,1042538.0964912886
2025-10-16,1047025.8245996473
2025-10-17,1047888.7947773677
2025-10-20,1057036.9259394044
2025-10-21,1047543.5797363545
2025-10-22,1047888.7947773676
2025-10-23,1053239.627913072
2025-10-24,1056691.7783232038
2025-10-27,1064458.981896375
2025-10-28,1064286.3743758686
2025-10-29,1058245.1785829505
2025-10-30,1053412.168008766
2025-10-31,1052549.1978310456
2025-11-03,1055138.243213832
2025-11-04,1041157.236327236
2025-11-05,1047716.3221064865
2025-11-06,1042883.311532302
2025-11-07,1046162.7869971145
2025-11-10,1058935.5412401645
2025-11-11,1065494.6270194151
2025-11-12,1072398.927839679
2025-11-13,1059798.713692323
2025-11-14,1058417.7186786449
2025-11-17,1044781.9268330621
2025-11-18,1034080.3954112787
2025-11-19,1030628.2450011469
2025-11-20,1016647.238114551
2025-11-21,1031663.9575489992
2025-11-24,1036669.5082188776
2025-11-25,1046508.0020381281
2025-11-26,1057727.3560214313
2025-11-28,1062732.9066913098
2025-12-01,1057382.140980418
2025-12-02,1060834.2239657373
2025-12-03,1066530.3395672676
2025-12-04,1069291.9924705604
2025-12-05,1070845.3927303068
2025-12-08,1068601.4949637211
2025-12-09,1067393.3097449876
2025-12-10,1079475.7013308238
2025-12-11,1083963.4294391826
2025-12-12,1078439.9887829716
2025-12-15,1084653.7920963964
2025-12-16,1078094.8411667712
2025-12-17,1070500.2451141065
2025-12-18,1078957.8113444913
2025-12-19,1085452.3041531772
2025-12-22,1090542.607812617
2025-12-23,1097739.1277711133
2025-12-24,1100196.4924947005
2025-12-26,1102478.2830060225
2025-12-29,1100898.5870693238
2025-12-30,1102127.2694311175
2025-12-31,1096510.44540932
2026-01-02,1109323.8568144266
2026-01-05,1122488.2817944384
2026-01-06,1125823.2478801012
2026-01-07,1121259.5994326447
2026-01-08,1122312.707582173
2026-01-09,1132668.7542636923
2026-01-12,1139514.2606472836
2026-01-13,1133195.342050863
2026-01-14,1138636.6592852077
2026-01-15,1140216.4226467193
2026-01-16,1143375.814520117
2026-01-20,1128105.0383914232
2026-01-21,1141094.0240087952
2026-01-22,1147237.3683929506
2026-01-23,1154609.4625637124
2026-01-26,1159875.3404354176
2026-01-27,1178832.231074305
2026-01-28,1171108.9884790129
2026-01-29,1177252.4677127937
2026-01-30,1161981.5567344744
2026-02-02,1166545.2726067437
2026-02-03,1171108.9884790129
2026-02-04,1172513.177628259
2026-02-05,1156715.94856202
2026-02-06,1182518.210734873
2026-02-09,1200070.7773748888
2026-02-10,1203054.7298856464
2026-02-11,1212006.5874179197
2026-02-12,1202352.5678862107
2026-02-13,1206916.28375848
2026-02-17,1203756.757035457
2026-02-18,1207793.7502709306
2026-02-19,1207442.8715456508
2026-02-20,1220256.148101132
2026-02-23,1214288.2430796165
2026-02-24,1219202.972526791
2026-02-25,1233245.133718504
2026-02-26,1234122.7350805798
2026-02-27,1232893.9852939735
2026-03-02,1211304.4254184845
2026-03-03,1169178.0766929712
2026-03-04,1182693.6500975136
2026-03-05,1154785.0367759783
2026-03-06,1145833.179243705
2026-03-09,1156891.5227742856
2026-03-10,1157944.428649376
2026-03-11,1156013.7865625846
2026-03-12,1133370.7814135037
2026-03-13,1120206.4238583045
2026-03-16,1144253.5507318191
2026-03-17,1148115.1046046526
2026-03-18,1128280.6126036895
2026-03-19,1126174.3288798202
2026-03-20,1090815.9480032953
2026-03-23,1119299.5601275181
2026-03-24,1110332.5320123879
2026-03-25,1124750.1145612027
2026-03-26,1098552.2035874382
2026-03-27,1090991.7919148114
2026-03-30,1090640.104091779
2026-03-31,1126684.1953134416
2026-04-01,1145321.5597649536
2026-04-02,1136530.3081365267
2026-04-06,1144970.0067915467
2026-04-07,1144442.340207373
2026-04-08,1192442.6037655012
2026-04-09,1187695.3575530683
2026-04-10,1191035.987322998
2026-04-13,1199299.7072168766
2026-04-14,1211255.7447037168
2026-04-15,1207915.1149337874
2026-04-16,1206684.3424028
2026-04-17,1224266.8456596537
2026-04-20,1218992.0677126725
2026-04-21,1192442.6037655014
2026-04-22,1201761.252278851
2026-04-23,1190156.902615043
2026-04-24,1198068.9346858894
2026-04-27,1196838.162154902
2026-04-28,1190860.2782611072
2026-04-29,1179431.6376591898
2026-04-30,1209673.4191993226
2026-05-01,1208266.8027568192
2026-05-04,1194025.0641195206
2026-05-05,1212838.3399073614
2026-05-06,1246069.198244017
2026-05-07,1224970.0864560923
2026-05-08,1245365.8225979526
2026-05-11,1245189.9786864365
2026-05-12,1230244.8644030734
2026-05-13,1241849.2140668817
2026-05-14,1240618.4415358943
2026-05-15,1214596.5093232715
2026-05-18,1222332.6974826017
2026-05-19,1213014.048969252
2026-05-20,1234288.734969442
2026-05-21,1242904.277535978
2026-05-22,1238860.272119984
2026-05-26,1262069.1062972255
2026-05-27,1255563.6906688826
2026-05-28,1259959.2490582834
2026-05-29,1261893.2623857094
2026-06-01,1263651.5666512449
2026-06-02,1271563.5987220914
2026-06-03,1260135.0929697994
2026-06-04,1263124.0349166968
2026-06-05,1216178.8348276655
2026-06-08,1228310.8510756474
2026-06-09,1227959.0284029897
2026-06-10,1209849.1282612132
2026-06-11,1253805.3864033474
2026-06-12,1258025.2357308576
2026-06-15,1272794.371253079
2026-06-16,1271563.5987220916
2026-06-17,1265937.2678017037
2026-06-18,1278079.9371700918
2026-06-22,1279493.9703419919
2026-06-23,1240255.426344329
2026-06-24,1242199.6882432853
2026-06-25,1257753.7834349356
2026-06-26,1247148.6694953102
2026-06-29,1253511.6839192351
2026-06-30,1259344.4696161042
2026-07-01,1243613.7214151854
2026-07-02,1251567.422020279
2026-07-06,1270656.4652920542
2026-07-07,1251037.1932932227
2026-07-08,1243260.1456973976
2026-07-09,1250153.5236980044
2026-07-10,1254748.9292322416
2026-07-13,1233008.7423251853
2026-07-14,1247855.6860812602
2026-07-15,1251744.2098791727
2026-07-16,1237780.9357183164
2026-07-17,1231948.1500214476
2026-07-20,1223641.0085481915
2026-07-21,1245557.9833141416
2026-07-22,1245911.424182304
2026-07-23,1233362.1831933476
2026-07-24,1232124.9378803414
2026-07-27,1237250.7069912604
2026-07-28,1230180.6759813854
2026-07-29,1218691.8924465415
2026-07-30,1256516.4032723042
2026-07-31,1248209.2617990482
2026-08-03,1255632.7336770855
2026-08-04,1276489.2509889232
2026-08-05,1278786.9537560418
2026-08-06,1274721.7769488608
2026-08-07,1288331.4753919297
2026-08-10,1281438.2322409484
