date,value
1969-12-31,10000
1970-01-02,10121.13
1970-01-05,10190.36
1970-01-06,10081.85
1970-01-07,10118.24
1970-01-08,10143.99
1970-01-09,10094.15
1970-01-12,10010.22
1970-01-13,10013.16
1970-01-14,10024.65
1970-01-15,10034.85
1970-01-16,10000.16
1970-01-19,9900.71
1970-01-20,9932.55
1970-01-21,9905.97
1970-01-22,9968.9
1970-01-23,9872.85
1970-01-26,9764.33
1970-01-27,9708.13
1970-01-28,9611.63
1970-01-29,9487.83
1970-01-30,9424.73
1970-02-02,9457.89
1970-02-03,9509.7
1970-02-04,9499.51
1970-02-05,9458.78
1970-02-06,9507.18
1970-02-09,9604.08
1970-02-10,9536.42
1970-02-11,9585.69
1970-02-12,9532.13
1970-02-13,9560.61
1970-02-16,9550
1970-02-17,9490.79
1970-02-18,9598.84
1970-02-19,9634.74
1970-02-20,9602.27
1970-02-24,9606.49
1970-02-25,9697.28
1970-02-26,9710.35
1970-02-27,9753.12
1970-03-02,9743.12
1970-03-03,9770.03
1970-03-04,9792.95
1970-03-05,9773.46
1970-03-06,9738.09
1970-03-09,9619.56
1970-03-10,9605.88
1970-03-11,9606.22
1970-03-12,9551.93
1970-03-13,9513.11
1970-03-16,9408.14
1970-03-17,9400.43
1970-03-18,9454.16
1970-03-19,9422.58
1970-03-20,9375.93
1970-03-23,9380.88
1970-03-24,9485.63
1970-03-25,9700.14
1970-03-26,9742.72
1970-03-30,9732.11
1970-03-31,9719.01
1970-04-01,9768.83
1970-04-02,9763.59
1970-04-03,9760.05
1970-04-06,9668.26
1970-04-07,9630.4
1970-04-08,9629.78
1970-04-09,9634.22
1970-04-10,9577.22
1970-04-13,9492.97
1970-04-14,9398.62
1970-04-15,9360.4
1970-04-16,9255.63
1970-04-17,9237.99
1970-04-20,9249.33
1970-04-21,9179.34
1970-04-22,9054.35
1970-04-23,8930.81
1970-04-24,8887.45
1970-04-27,8705.73
1970-04-28,8567.73
1970-04-29,8742.34
1970-04-30,8699.22
1970-05-01,8704.92
1970-05-04,8567.42
1970-05-05,8492.27
1970-05-06,8560.38
1970-05-07,8587.03
1970-05-08,8533.02
1970-05-11,8446.87
1970-05-12,8403.25
1970-05-13,8321.62
1970-05-14,8179.88
1970-05-15,8323.9
1970-05-18,8309.55
1970-05-19,8210.3
1970-05-20,7995.04
1970-05-21,7868.75
1970-05-22,7879.94
1970-05-25,7681.74
1970-05-26,7612.74
1970-05-27,7863.95
1970-05-28,8008.31
1970-05-29,8120.91
1970-06-01,8248.14
1970-06-02,8277.62
1970-06-03,8375.08
1970-06-04,8256.97
1970-06-05,8208.46
1970-06-08,8178.96
1970-06-09,8179.31
1970-06-10,8090.73
1970-06-11,7985.57
1970-06-12,7960.64
1970-06-15,7965.04
1970-06-16,8118.14
1970-06-17,8094.64
1970-06-18,8142.63
1970-06-19,8191.83
1970-06-22,8119.56
1970-06-23,7952.25
1970-06-24,7932.34
1970-06-25,7940.99
1970-06-26,7906.68
1970-06-29,7876.21
1970-06-30,7859.3
1970-07-01,7907.31
1970-07-02,7899.95
1970-07-06,7777.93
1970-07-07,7708.31
1970-07-08,7882.15
1970-07-09,7990.87
1970-07-10,8034.42
1970-07-13,8041.21
1970-07-14,8035.23
1970-07-15,8126.4
1970-07-16,8217
1970-07-17,8358.81
1970-07-20,8357.63
1970-07-21,8317.97
1970-07-22,8283.03
1970-07-23,8382.84
1970-07-24,8361.56
1970-07-27,8339.69
1970-07-28,8354.06
1970-07-29,8382.37
1970-07-30,8390.07
1970-07-31,8352.91
1970-08-03,8230.46
1970-08-04,8227.08
1970-08-05,8219.9
1970-08-06,8234.97
1970-08-07,8240.33
1970-08-10,8149.08
1970-08-11,8111.95
1970-08-12,8041.45
1970-08-13,8010.19
1970-08-14,8063.86
1970-08-17,8071.53
1970-08-18,8137.04
1970-08-19,8221.02
1970-08-20,8306.56
1970-08-21,8406.51
1970-08-24,8594.61
1970-08-25,8625.39
1970-08-26,8650.03
1970-08-27,8626.14
1970-08-28,8696.47
1970-08-31,8689.4
1970-09-01,8581.09
1970-09-02,8565.11
1970-09-03,8686.38
1970-09-04,8776.76
1970-09-08,8779.84
1970-09-09,8789.58
1970-09-10,8757.01
1970-09-11,8761.93
1970-09-14,8725.96
1970-09-15,8673.89
1970-09-16,8724.35
1970-09-17,8780.21
1970-09-18,8844.83
1970-09-21,8779.31
1970-09-22,8759.86
1970-09-23,8870.44
1970-09-24,8934.5
1970-09-25,8991.92
1970-09-28,8999.84
1970-09-29,9021.18
1970-09-30,9055.21
1970-10-01,9052.39
1970-10-02,9134.87
1970-10-05,9302.49
1970-10-06,9339.92
1970-10-07,9353.42
1970-10-08,9212.6
1970-10-09,9135.16
1970-10-12,9036.08
1970-10-13,8992.59
1970-10-14,9003.05
1970-10-15,9026.24
1970-10-16,8959.81
1970-10-19,8883.58
1970-10-20,8907.25
1970-10-21,8907.08
1970-10-22,8863.86
1970-10-23,8917.82
1970-10-26,8852.83
1970-10-27,8851.72
1970-10-28,8862.67
1970-10-29,8859.91
1970-10-30,8863.81
1970-11-02,8853.51
1970-11-03,8889.97
1970-11-04,8912.89
1970-11-05,8906.13
1970-11-06,8913.55
1970-11-09,8955.89
1970-11-10,8925.63
1970-11-11,8927.56
1970-11-12,8859.07
1970-11-13,8734.75
1970-11-16,8719.45
1970-11-17,8732.78
1970-11-18,8660.29
1970-11-19,8693.69
1970-11-20,8808.23
1970-11-23,8806.21
1970-11-24,8825.36
1970-11-25,8860.9
1970-11-27,8938.96
1970-11-30,9065.19
1970-12-01,9126.24
1970-12-02,9226.85
1970-12-03,9260.44
1970-12-04,9307.18
1970-12-07,9360.68
1970-12-08,9322.73
1970-12-09,9283.57
1970-12-10,9310.02
1970-12-11,9339.55
1970-12-14,9241.94
1970-12-15,9186.53
1970-12-16,9146.46
1970-12-17,9182.13
1970-12-18,9225.96
1970-12-21,9248.1
1970-12-22,9268.71
1970-12-23,9298.38
1970-12-24,9373.11
1970-12-28,9450.42
1970-12-29,9533.65
1970-12-30,9557.23
1970-12-31,9547.08
1971-01-04,9428.49
1971-01-05,9531.41
1971-01-06,9597.29
1971-01-07,9605.99
1971-01-08,9609.54
1971-01-11,9594.35
1971-01-12,9662.43
1971-01-13,9617.78
1971-01-14,9631.84
1971-01-15,9642.9
1971-01-18,9728.94
1971-01-19,9774.45
1971-01-20,9723.29
1971-01-21,9746.54
1971-01-22,9829.6
1971-01-25,9909.36
1971-01-26,9920.14
1971-01-27,9903.28
1971-01-28,9948.64
1971-01-29,10029.35
1971-02-01,10098.56
1971-02-02,10071.12
1971-02-03,10069.29
1971-02-04,10083.91
1971-02-05,10168.14
1971-02-08,10261.55
1971-02-09,10209.84
1971-02-10,10208.01
1971-02-11,10280.71
1971-02-12,10304.61
1971-02-16,10338.15
1971-02-17,10259.21
1971-02-18,10216.9
1971-02-19,10173.47
1971-02-22,10080.79
1971-02-23,10099.56
1971-02-24,10205.69
1971-02-25,10256.42
1971-02-26,10186.52
1971-03-01,10216.47
1971-03-02,10239.13
1971-03-03,10239.05
1971-03-04,10367.54
1971-03-05,10487.88
1971-03-08,10552.01
1971-03-09,10623.16
1971-03-10,10628.85
1971-03-11,10659.09
1971-03-12,10723.76
1971-03-15,10877.25
1971-03-16,10915.47
1971-03-17,10864.05
1971-03-18,10806.7
1971-03-19,10765.57
1971-03-22,10722.6
1971-03-23,10730.55
1971-03-24,10629.83
1971-03-25,10634.35
1971-03-26,10671.27
1971-03-29,10688.18
1971-03-30,10710.92
1971-03-31,10662.49
1971-04-01,10711.73
1971-04-02,10712.24
1971-04-05,10736.98
1971-04-06,10809.99
1971-04-07,10862.65
1971-04-08,10846.98
1971-04-12,10963.76
1971-04-13,10984.54
1971-04-14,10986.37
1971-04-15,11048.74
1971-04-16,11055.9
1971-04-19,11111.86
1971-04-20,11058.61
1971-04-21,11019.92
1971-04-22,11046.75
1971-04-23,11090.88
1971-04-26,11046.41
1971-04-27,11066.86
1971-04-28,11056.62
1971-04-29,11059.68
1971-04-30,10983.21
1971-05-03,10937.13
1971-05-04,11019.67
1971-05-05,10990.23
1971-05-06,10953.69
1971-05-07,10938.17
1971-05-10,10904.46
1971-05-11,10940.28
1971-05-12,10994.53
1971-05-13,10987.14
1971-05-14,10952.11
1971-05-17,10797.97
1971-05-18,10819.1
1971-05-19,10847.28
1971-05-20,10863.44
1971-05-21,10845.02
1971-05-24,10769.65
1971-05-25,10721.08
1971-05-26,10727.73
1971-05-27,10750.13
1971-05-28,10736.95
1971-06-01,10787.09
1971-06-02,10854.07
1971-06-03,10889.31
1971-06-04,10922.17
1971-06-07,10910.37
1971-06-08,10829.17
1971-06-09,10826.44
1971-06-10,10859.22
1971-06-11,10930.12
1971-06-14,10854.43
1971-06-15,10885.69
1971-06-16,10895.26
1971-06-17,10892.05
1971-06-18,10758.14
1971-06-21,10668.33
1971-06-22,10611.66
1971-06-23,10694.83
1971-06-24,10647.15
1971-06-25,10642.74
1971-06-28,10636.68
1971-06-29,10724.32
1971-06-30,10824.69
1971-07-01,10844.89
1971-07-02,10906.47
1971-07-06,10928.94
1971-07-07,10954.47
1971-07-08,10990.16
1971-07-09,11051.61
1971-07-12,11079.17
1971-07-13,10967.51
1971-07-14,10961.85
1971-07-15,10952.54
1971-07-16,10975.22
1971-07-19,10955.46
1971-07-20,10972.59
1971-07-21,10957.84
1971-07-22,10942.15
1971-07-23,10908.18
1971-07-26,10865.44
1971-07-27,10797.1
1971-07-28,10714.56
1971-07-29,10642.3
1971-07-30,10613.04
1971-08-02,10666.27
1971-08-03,10516.79
1971-08-04,10467.4
1971-08-05,10518.04
1971-08-06,10502.05
1971-08-09,10452.27
1971-08-10,10454.84
1971-08-11,10541.93
1971-08-12,10654.67
1971-08-13,10646.11
1971-08-16,10933.62
1971-08-17,11010.6
1971-08-18,10873.92
1971-08-19,10817.57
1971-08-20,10820.21
1971-08-23,10912.28
1971-08-24,10993.39
1971-08-25,10976.16
1971-08-26,10950.12
1971-08-27,10951.64
1971-08-30,10877.33
1971-08-31,10834.96
1971-09-01,10845.06
1971-09-02,10869.28
1971-09-03,10989.07
1971-09-07,11038.21
1971-09-08,11087.61
1971-09-09,11047.01
1971-09-10,10972.47
1971-09-13,10956.36
1971-09-14,10868.57
1971-09-15,10880.6
1971-09-16,10888.92
1971-09-17,10910.8
1971-09-20,10868.6
1971-09-21,10815.09
1971-09-22,10741.07
1971-09-23,10727.68
1971-09-24,10755.28
1971-09-27,10713.45
1971-09-28,10747.67
1971-09-29,10737.28
1971-09-30,10790.17
1971-10-01,10859.43
1971-10-04,10896.42
1971-10-05,10896.07
1971-10-06,10952.16
1971-10-07,10991.1
1971-10-08,10905.37
1971-10-11,10870.99
1971-10-12,10882.63
1971-10-13,10835.14
1971-10-14,10753.44
1971-10-15,10743.98
1971-10-18,10726.13
1971-10-19,10714.46
1971-10-20,10584.95
1971-10-21,10562.88
1971-10-22,10507.58
1971-10-25,10437.08
1971-10-26,10383.12
1971-10-27,10288.8
1971-10-28,10296.62
1971-10-29,10347.72
1971-11-01,10239.97
1971-11-02,10257.98
1971-11-03,10404.29
1971-11-04,10392.06
1971-11-05,10352.76
1971-11-08,10343.66
1971-11-09,10383.22
1971-11-10,10312.08
1971-11-11,10226.12
1971-11-12,10226.07
1971-11-15,10212.05
1971-11-16,10301.06
1971-11-17,10263.37
1971-11-18,10202.36
1971-11-19,10172.46
1971-11-22,10104.94
1971-11-23,10022.15
1971-11-24,10046.34
1971-11-26,10178.34
1971-11-29,10326.04
1971-11-30,10405.99
1971-12-01,10541.19
1971-12-02,10557.18
1971-12-03,10689.09
1971-12-06,10653.71
1971-12-07,10734
1971-12-08,10678.97
1971-12-09,10747.52
1971-12-10,10847.78
1971-12-13,10902.13
1971-12-14,10836.02
1971-12-15,10939.17
1971-12-16,11080.6
1971-12-17,11109.81
1971-12-20,11240.1
1971-12-21,11273.82
1971-12-22,11202.39
1971-12-23,11184.08
1971-12-27,11242.52
1971-12-28,11431.71
1971-12-29,11489.23
1971-12-30,11503.92
1971-12-31,11568.77
1972-01-03,11503.04
1972-01-04,11579.55
1972-01-05,11727.82
1972-01-06,11731.59
1972-01-07,11754.51
1972-01-10,11740.83
1972-01-11,11827.55
1972-01-12,11766.36
1972-01-13,11728.67
1972-01-14,11781.3
1972-01-17,11853.34
1972-01-18,11891.45
1972-01-19,11848.6
1972-01-20,11882.98
1972-01-21,11822.54
1972-01-24,11718.05
1972-01-25,11702.05
1972-01-26,11708.19
1972-01-27,11896.57
1972-01-28,12014.12
1972-01-31,12068.47
1972-02-01,12094.25
1972-02-02,12210.86
1972-02-03,12137.57
1972-02-04,12204.28
1972-02-07,12194.64
1972-02-08,12193.91
1972-02-09,12274.38
1972-02-10,12245
1972-02-11,12246.64
1972-02-14,12167.49
1972-02-15,12235
1972-02-16,12257.04
1972-02-17,12218.19
1972-02-18,12207.19
1972-02-22,12307.04
1972-02-23,12278.78
1972-02-24,12357.73
1972-02-25,12502.87
1972-02-28,12550.29
1972-02-29,12569.58
1972-03-01,12658.21
1972-03-02,12679.77
1972-03-03,12725.15
1972-03-06,12858.08
1972-03-07,12823.15
1972-03-08,12818.83
1972-03-09,12782.41
1972-03-10,12655.24
1972-03-13,12529.15
1972-03-14,12523.54
1972-03-15,12584.77
1972-03-16,12624.47
1972-03-17,12697.11
1972-03-20,12657.9
1972-03-21,12557.65
1972-03-22,12583.92
1972-03-23,12695.41
1972-03-24,12632.63
1972-03-27,12637.24
1972-03-28,12592.87
1972-03-29,12518.29
1972-03-30,12689.96
1972-04-03,12774.32
1972-04-04,12893.06
1972-04-05,13054.75
1972-04-06,13108.83
1972-04-07,13135.15
1972-04-10,13171.51
1972-04-11,13264.53
1972-04-12,13340.93
1972-04-13,13213.62
1972-04-14,13175.18
1972-04-17,13101.13
1972-04-18,13095.81
1972-04-19,13096.57
1972-04-20,13103.04
1972-04-21,13034.9
1972-04-24,12931.34
1972-04-25,12850.98
1972-04-26,12853.97
1972-04-27,12851.23
1972-04-28,12905.81
1972-05-01,12740.43
1972-05-02,12706.81
1972-05-03,12691.68
1972-05-04,12723.43
1972-05-05,12757.5
1972-05-08,12736.19
1972-05-09,12554.72
1972-05-10,12619.96
1972-05-11,12602.46
1972-05-12,12669.72
1972-05-15,12721.71
1972-05-16,12753.15
1972-05-17,12840.61
1972-05-18,13054.17
1972-05-19,13143.34
1972-05-22,13210.5
1972-05-23,13252.59
1972-05-24,13323.26
1972-05-25,13365.02
1972-05-26,13481.76
1972-05-30,13474.91
1972-05-31,13346.55
1972-06-01,13388.31
1972-06-02,13500.56
1972-06-05,13393.77
1972-06-06,13268.06
1972-06-07,13275.41
1972-06-08,13246.97
1972-06-09,13086.02
1972-06-12,13097.08
1972-06-13,13223.42
1972-06-14,13221.79
1972-06-15,13231.28
1972-06-16,13205.3
1972-06-19,13159.49
1972-06-20,13137.18
1972-06-21,13152.47
1972-06-22,13079.75
1972-06-23,13043.14
1972-06-26,12999.85
1972-06-27,12981.33
1972-06-28,12944.51
1972-06-29,12875.13
1972-06-30,13003.67
1972-07-03,13132.7
1972-07-05,13256.53
1972-07-06,13385.72
1972-07-07,13275.3
1972-07-10,13246.12
1972-07-11,13231.63
1972-07-12,13172.55
1972-07-13,13075.31
1972-07-14,13166.84
1972-07-17,13083.81
1972-07-18,13023.09
1972-07-19,13088.19
1972-07-20,13027.95
1972-07-21,13132.22
1972-07-24,13245.99
1972-07-25,13161.21
1972-07-26,13293.36
1972-07-27,13303.68
1972-07-28,13278.09
1972-07-31,13250.86
1972-08-01,13410.06
1972-08-02,13588.93
1972-08-03,13672.3
1972-08-04,13690.68
1972-08-07,13602.45
1972-08-08,13647.09
1972-08-09,13589.89
1972-08-10,13685.34
1972-08-11,13823.59
1972-08-14,13864.24
1972-08-15,13751.63
1972-08-16,13761.06
1972-08-17,13674.4
1972-08-18,13732.45
1972-08-21,13714.33
1972-08-22,13770.72
1972-08-23,13772.81
1972-08-24,13566.82
1972-08-25,13575.49
1972-08-28,13554.78
1972-08-29,13611.67
1972-08-30,13626.94
1972-08-31,13611.24
1972-09-01,13729.97
1972-09-05,13694.99
1972-09-06,13541.41
1972-09-07,13429.21
1972-09-08,13338.76
1972-09-11,13195.76
1972-09-12,13154.7
1972-09-13,13172.81
1972-09-14,13071.58
1972-09-15,13082.78
1972-09-18,13036.09
1972-09-19,12952.89
1972-09-20,12933.63
1972-09-21,12978.1
1972-09-22,13012.37
1972-09-25,12952.23
1972-09-26,12998.48
1972-09-27,13191.06
1972-09-28,13219.36
1972-09-29,13305.49
1972-10-02,13142.21
1972-10-03,13086.83
1972-10-04,13061.7
1972-10-05,12966.8
1972-10-06,12992.53
1972-10-09,13051.88
1972-10-10,13010.26
1972-10-11,13003.03
1972-10-12,12864.56
1972-10-13,12847.76
1972-10-16,12737.27
1972-10-17,12856.87
1972-10-18,12958.91
1972-10-19,12883.7
1972-10-20,12999.01
1972-10-23,13161.02
1972-10-24,13222.21
1972-10-25,13203.68
1972-10-26,13304.81
1972-10-27,13267.76
1972-10-30,13343.86
1972-10-31,13377.45
1972-11-01,13573.66
1972-11-02,13728.41
1972-11-03,13869.13
1972-11-06,13889.33
1972-11-08,13767.98
1972-11-09,13792.87
1972-11-10,13916.56
1972-11-13,13931.42
1972-11-14,14084.26
1972-11-15,14009.55
1972-11-16,14139.96
1972-11-17,14164.77
1972-11-20,14208.04
1972-11-21,14190.63
1972-11-22,14273.57
1972-11-24,14309.05
1972-11-27,14269.48
1972-11-28,14169.23
1972-11-29,14247.72
1972-11-30,14202.31
1972-12-01,14261.24
1972-12-04,14322.61
1972-12-05,14224
1972-12-06,14392.05
1972-12-07,14454.9
1972-12-08,14450.2
1972-12-11,14499.92
1972-12-12,14482.25
1972-12-13,14463.92
1972-12-14,14413.24
1972-12-15,14473.56
1972-12-18,14321.94
1972-12-19,14218.48
1972-12-20,14193.36
1972-12-21,14090
1972-12-22,14189.77
1972-12-26,14212.9
1972-12-27,14267.43
1972-12-29,14413.66
1973-01-02,14543.43
1973-01-03,14581.81
1973-01-04,14585.62
1973-01-05,14690.45
1973-01-08,14673.19
1973-01-09,14595.6
1973-01-10,14549.82
1973-01-11,14728.41
1973-01-12,14648.88
1973-01-15,14559.2
1973-01-16,14533.75
1973-01-17,14619.06
1973-01-18,14685.74
1973-01-19,14708.74
1973-01-22,14649.46
1973-01-23,14709.26
1973-01-24,14546.22
1973-01-26,14482.25
1973-01-29,14358.22
1973-01-30,14373.08
1973-01-31,14394.89
1973-02-01,14267.65
1973-02-02,14213.34
1973-02-05,14276.94
1973-02-06,14409.85
1973-02-07,14351.28
1973-02-08,14334.68
1973-02-09,14535.52
1973-02-12,14763.39
1973-02-13,14902
1973-02-14,14741.14
1973-02-15,14599.69
1973-02-16,14702.08
1973-02-20,14750.29
1973-02-21,14696.11
1973-02-22,14727.4
1973-02-23,14672.68
1973-02-26,14602.73
1973-02-27,14453.39
1973-02-28,14524.7
1973-03-01,14418.47
1973-03-02,14522.08
1973-03-05,14500.39
1973-03-06,14597.18
1973-03-07,14695.29
1973-03-08,14648.22
1973-03-09,14645.87
1973-03-12,14666.49
1973-03-13,14726.82
1973-03-14,14833.16
1973-03-15,14692.06
1973-03-16,14659.15
1973-03-19,14521.57
1973-03-20,14421.17
1973-03-21,14250.04
1973-03-22,14151.91
1973-03-23,14221.67
1973-03-26,14279.6
1973-03-27,14514.27
1973-03-28,14607.09
1973-03-29,14724.87
1973-03-30,14573.17
1973-04-02,14446.18
1973-04-03,14299.53
1973-04-04,14208.9
1973-04-05,14108.29
1973-04-06,14144.42
1973-04-09,14272.27
1973-04-10,14471.97
1973-04-11,14504.62
1973-04-12,14545.69
1973-04-13,14456.36
1973-04-16,14338.81
1973-04-17,14282.42
1973-04-18,14350.87
1973-04-19,14380.04
1973-04-23,14348.9
1973-04-24,14157.41
1973-04-25,13838.98
1973-04-26,13981.21
1973-04-27,13796.59
1973-04-30,13727.68
1973-05-01,13713.42
1973-05-02,13860.01
1973-05-03,14113.38
1973-05-04,14224.33
1973-05-07,14197.23
1973-05-08,14295.75
1973-05-09,14163.06
1973-05-10,14052.14
1973-05-11,13926.46
1973-05-14,13635.35
1973-05-15,13725.17
1973-05-16,13728.67
1973-05-17,13560.36
1973-05-18,13484.45
1973-05-21,13343.28
1973-05-22,13470.09
1973-05-23,13556.17
1973-05-24,13858.62
1973-05-25,13932.45
1973-05-29,13889.55
1973-05-30,13695.63
1973-05-31,13614.5
1973-06-01,13534.4
1973-06-04,13457.55
1973-06-05,13618.25
1973-06-06,13534.19
1973-06-07,13696.51
1973-06-08,13840.9
1973-06-11,13792.99
1973-06-12,13974.93
1973-06-13,13848.73
1973-06-14,13708.56
1973-06-15,13530.55
1973-06-18,13370.72
1973-06-19,13503.19
1973-06-20,13601.78
1973-06-21,13478.98
1973-06-22,13469.88
1973-06-25,13278.04
1973-06-26,13384.13
1973-06-27,13469.54
1973-06-28,13615.35
1973-06-29,13602.94
1973-07-02,13479.07
1973-07-03,13290.96
1973-07-05,13299.51
1973-07-06,13290.97
1973-07-09,13468.95
1973-07-10,13527.27
1973-07-11,13706.61
1973-07-12,13624.53
1973-07-13,13559.41
1973-07-16,13711.94
1973-07-17,13746.77
1973-07-18,13814.99
1973-07-19,13928.16
1973-07-20,14008.38
1973-07-23,13969.78
1973-07-24,14013.61
1973-07-25,14153.8
1973-07-26,14205.28
1973-07-27,14148.28
1973-07-30,14212.04
1973-07-31,14069.64
1973-08-01,13969.95
1973-08-02,13942.53
1973-08-03,13848.54
1973-08-06,13884.89
1973-08-07,13889.06
1973-08-08,13734.55
1973-08-09,13822.21
1973-08-10,13656.08
1973-08-13,13382.58
1973-08-14,13285.35
1973-08-15,13338.97
1973-08-16,13269.49
1973-08-17,13262.88
1973-08-20,13146.57
1973-08-21,13041.05
1973-08-22,12962.31
1973-08-23,13111.84
1973-08-24,13163.89
1973-08-27,13289.84
1973-08-28,13363.27
1973-08-29,13453.67
1973-08-30,13461.21
1973-08-31,13500.73
1973-09-04,13474.33
1973-09-05,13597.07
1973-09-06,13704.95
1973-09-07,13720.19
1973-09-10,13636.08
1973-09-11,13478.71
1973-09-12,13424.05
1973-09-13,13435.34
1973-09-14,13624.29
1973-09-17,13608.87
1973-09-18,13629.79
1973-09-19,13797.7
1973-09-20,13890.65
1973-09-21,13919.42
1973-09-24,13862.05
1973-09-25,13967.95
1973-09-26,14084.96
1973-09-27,14089.33
1973-09-28,14039.6
1973-10-01,13969.59
1973-10-02,14067.36
1973-10-03,14090.44
1973-10-04,14090.78
1973-10-05,14239.05
1973-10-08,14274.82
1973-10-09,14314.64
1973-10-10,14192.86
1973-10-11,14453.39
1973-10-12,14552.78
1973-10-15,14362.55
1973-10-16,14324.46
1973-10-17,14277.67
1973-10-18,14312.45
1973-10-19,14323.6
1973-10-22,14278.46
1973-10-23,14354.38
1973-10-24,14364.54
1973-10-25,14419.69
1973-10-26,14562.85
1973-10-29,14403.86
1973-10-30,14163.51
1973-10-31,14114.58
1973-11-01,13975.65
1973-11-02,13826.2
1973-11-05,13566.56
1973-11-06,13591.5
1973-11-07,13702.28
1973-11-08,13787.28
1973-11-09,13553.88
1973-11-12,13514.11
1973-11-13,13547.53
1973-11-14,13321.64
1973-11-15,13277.39
1973-11-16,13410.81
1973-11-19,12958.31
1973-11-20,12708.08
1973-11-21,12814.94
1973-11-23,12624.38
1973-11-26,12279.45
1973-11-27,12190.42
1973-11-28,12337.2
1973-11-29,12274.12
1973-11-30,12145.81
1973-12-03,11931.95
1973-12-04,11828.42
1973-12-05,11624.02
1973-12-06,11848.13
1973-12-07,12072.1
1973-12-10,12120.92
1973-12-11,11996.43
1973-12-12,11655.5
1973-12-13,11533.29
1973-12-14,11644.2
1973-12-17,11691.14
1973-12-18,11793.12
1973-12-19,11880.61
1973-12-20,11851.15
1973-12-21,11660.52
1973-12-24,11552.79
1973-12-26,11708.46
1973-12-27,11862.46
1973-12-28,11899.14
1973-12-31,12007.15
1974-01-02,11997.14
1974-01-03,12235.11
1974-01-04,12149.5
1974-01-07,11994.83
1974-01-08,11848.02
1974-01-09,11702.96
1974-01-10,11697.31
1974-01-11,11890.28
1974-01-14,11754.11
1974-01-15,11874.25
1974-01-16,12073.05
1974-01-17,12294.34
1974-01-18,12192.53
1974-01-21,12012.36
1974-01-22,12098.7
1974-01-23,12164.47
1974-01-24,12097.93
1974-01-25,12139.72
1974-01-28,12117.56
1974-01-29,12185.45
1974-01-30,12272.26
1974-01-31,12270.62
1974-02-01,12062.7
1974-02-04,11851.93
1974-02-05,11782.46
1974-02-06,11796.6
1974-02-07,11847.19
1974-02-08,11882.6
1974-02-11,11777.57
1974-02-12,11683.11
1974-02-13,11737.91
1974-02-14,11742.71
1974-02-15,11881.91
1974-02-19,12024.49
1974-02-20,12186.22
1974-02-21,12256.47
1974-02-22,12322.62
1974-02-25,12310.28
1974-02-26,12356.35
1974-02-27,12414.15
1974-02-28,12491.92
1974-03-01,12323.25
1974-03-04,12257.41
1974-03-05,12401.04
1974-03-06,12529.72
1974-03-07,12448.08
1974-03-08,12606.56
1974-03-11,12732.69
1974-03-12,12814.22
1974-03-13,12719.15
1974-03-14,12729.35
1974-03-15,12711.67
1974-03-18,12549.34
1974-03-19,12490.58
1974-03-20,12570.1
1974-03-21,12536.74
1974-03-22,12545.5
1974-03-25,12672.05
1974-03-26,12607.7
1974-03-27,12479.65
1974-03-28,12270.24
1974-03-29,12189.61
1974-04-01,12076.88
1974-04-02,12012.15
1974-04-03,12071.04
1974-04-04,12127.01
1974-04-05,12010.89
1974-04-08,11948.38
1974-04-09,11998.65
1974-04-10,11942.3
1974-04-11,11958.75
1974-04-15,12018.04
1974-04-16,12246.37
1974-04-17,12408.49
1974-04-18,12454.54
1974-04-19,12342.08
1974-04-22,12237.97
1974-04-23,12044.71
1974-04-24,11896.48
1974-04-25,11780.67
1974-04-26,11966.46
1974-04-29,11903.73
1974-04-30,11954.29
1974-05-01,12127.03
1974-05-02,12164.46
1974-05-03,12091.06
1974-05-06,12085.47
1974-05-07,11941.02
1974-05-08,11856.65
1974-05-09,11911.18
1974-05-10,11842.78
1974-05-13,11730.75
1974-05-14,11745.65
1974-05-15,11615.07
1974-05-16,11575.08
1974-05-17,11515.57
1974-05-20,11468.32
1974-05-21,11496.55
1974-05-22,11479.79
1974-05-23,11492.92
1974-05-24,11656.03
1974-05-28,11536.05
1974-05-29,11309.87
1974-05-30,11398.64
1974-05-31,11420.44
1974-06-03,11609.8
1974-06-04,11716.03
1974-06-05,11791.09
1974-06-06,11936.01
1974-06-07,11878.72
1974-06-10,11998.41
1974-06-11,11857.34
1974-06-12,11842.73
1974-06-13,11926.25
1974-06-14,11907.58
1974-06-17,11812.61
1974-06-18,11747.34
1974-06-19,11671.02
1974-06-20,11530.76
1974-06-21,11338.82
1974-06-24,11378.04
1974-06-25,11450.59
1974-06-26,11254.5
1974-06-27,11150.36
1974-06-28,11021.57
1974-07-01,11027.07
1974-07-02,10851.41
1974-07-03,10739.56
1974-07-05,10665.26
1974-07-08,10402.7
1974-07-09,10447.87
1974-07-10,10433.77
1974-07-11,10444.48
1974-07-12,10784.17
1974-07-15,10805.49
1974-07-16,10776.86
1974-07-17,10870.89
1974-07-18,10796.06
1974-07-19,10750.36
1974-07-22,10714.5
1974-07-23,10717.52
1974-07-24,10830.41
1974-07-25,10715.37
1974-07-26,10614.83
1974-07-29,10600.41
1974-07-30,10540.09
1974-07-31,10430.26
1974-08-01,10388.77
1974-08-02,10279.45
1974-08-05,10314.74
1974-08-06,10485.18
1974-08-07,10747.82
1974-08-08,10645.69
1974-08-09,10652.14
1974-08-12,10552.58
1974-08-13,10447.07
1974-08-14,10290.01
1974-08-15,10204.17
1974-08-16,10183.09
1974-08-19,10057.23
1974-08-20,10065.23
1974-08-21,9897.68
1974-08-22,9760.73
1974-08-23,9575.18
1974-08-26,9595.56
1974-08-27,9354.07
1974-08-28,9329.58
1974-08-29,9247.25
1974-08-30,9438.81
1974-09-03,9296.08
1974-09-04,9186.36
1974-09-05,9330.33
1974-09-06,9357.97
1974-09-09,9274.96
1974-09-10,9147.78
1974-09-11,9126.99
1974-09-12,8907.96
1974-09-13,8764.07
1974-09-16,8893.15
1974-09-17,9036.13
1974-09-18,9045.29
1974-09-19,9320.44
1974-09-20,9338.7
1974-09-23,9279.59
1974-09-24,9110.5
1974-09-25,9094.66
1974-09-26,8944.12
1974-09-27,8744.34
1974-09-30,8617.7
1974-10-01,8583.1
1974-10-02,8684.1
1974-10-03,8541.87
1974-10-04,8558.22
1974-10-07,8722.94
1974-10-08,8646.92
1974-10-09,8906.21
1974-10-10,9103.67
1974-10-11,9238.81
1974-10-14,9401.74
1974-10-15,9297.89
1974-10-16,9167.91
1974-10-17,9184.12
1974-10-18,9329.43
1974-10-21,9463.21
1974-10-22,9456.73
1974-10-23,9271.28
1974-10-24,9265.97
1974-10-25,9299.74
1974-10-28,9237.49
1974-10-29,9415.42
1974-10-30,9503.72
1974-10-31,9383.1
1974-11-01,9427.03
1974-11-04,9337.33
1974-11-05,9522.08
1974-11-06,9544.17
1974-11-07,9577.97
1974-11-08,9621.47
1974-11-11,9637.68
1974-11-12,9440.77
1974-11-13,9439.1
1974-11-14,9433.32
1974-11-15,9355.97
1974-11-18,9124.45
1974-11-19,9002.8
1974-11-20,9042.74
1974-11-21,9111.87
1974-11-22,9239.99
1974-11-25,9224.57
1974-11-26,9305.02
1974-11-27,9343.66
1974-11-29,9308.31
1974-12-02,9090.54
1974-12-03,8984.05
1974-12-04,8958.04
1974-12-05,8820.7
1974-12-06,8721.24
1974-12-09,8706
1974-12-10,8831.83
1974-12-11,8937.55
1974-12-12,8981.54
1974-12-13,8930.01
1974-12-16,8890.02
1974-12-17,9026.36
1974-12-18,9068.62
1974-12-19,9074.79
1974-12-20,8975.35
1974-12-23,8903.96
1974-12-24,8942.12
1974-12-26,9009.62
1974-12-27,8994.49
1974-12-30,8988.27
1974-12-31,9124.78
1975-01-02,9324.05
1975-01-03,9456.86
1975-01-06,9519.34
1975-01-07,9480.7
1975-01-08,9482.39
1975-01-09,9687.59
1975-01-10,9960.19
1975-01-13,9994.95
1975-01-14,9867.65
1975-01-15,9888.52
1975-01-16,9905.44
1975-01-17,9986.92
1975-01-20,9942.97
1975-01-21,9904.44
1975-01-22,10030.1
1975-01-23,10076.05
1975-01-24,10157.05
1975-01-27,10442.64
1975-01-28,10481.53
1975-01-29,10524.31
1975-01-30,10391.11
1975-01-31,10520.84
1975-02-03,10571.38
1975-02-04,10603.46
1975-02-05,10776.14
1975-02-06,10722.29
1975-02-07,10651.66
1975-02-10,10555.23
1975-02-11,10674.61
1975-02-12,10854.42
1975-02-13,10969.2
1975-02-14,11102.9
1975-02-18,11124.69
1975-02-19,11342.34
1975-02-20,11521.38
1975-02-21,11610.55
1975-02-24,11395.17
1975-02-25,11140.31
1975-02-26,11217.34
1975-02-27,11352.95
1975-02-28,11443.71
1975-03-03,11575.67
1975-03-04,11635.12
1975-03-05,11656.85
1975-03-06,11822.52
1975-03-07,12002.81
1975-03-10,12090.28
1975-03-11,12095.62
1975-03-12,12110.59
1975-03-13,12103.65
1975-03-14,12238.19
1975-03-17,12370.6
1975-03-18,12306.06
1975-03-19,12227.34
1975-03-20,12020.08
1975-03-21,11945.23
1975-03-24,11529.07
1975-03-25,11535.86
1975-03-26,11721.36
1975-03-27,11691.61
1975-03-31,11577.71
1975-04-01,11432.92
1975-04-02,11377.85
1975-04-03,11290.77
1975-04-04,11131.88
1975-04-07,10980.9
1975-04-08,11025.96
1975-04-09,11262.66
1975-04-10,11331.45
1975-04-11,11375.68
1975-04-14,11547.02
1975-04-15,11653.69
1975-04-16,11643.57
1975-04-17,11842.19
1975-04-18,11743.66
1975-04-21,11797.25
1975-04-22,11943.74
1975-04-23,11856.89
1975-04-24,12033.42
1975-04-25,12138.45
1975-04-28,12050.94
1975-04-29,11880.11
1975-04-30,12076.55
1975-05-01,12037.94
1975-05-02,12173.05
1975-05-05,12244.62
1975-05-06,12035.75
1975-05-07,12166.99
1975-05-08,12223.98
1975-05-09,12444.64
1975-05-12,12460.16
1975-05-13,12494.2
1975-05-14,12562.05
1975-05-15,12319.96
1975-05-16,12147.28
1975-05-19,12201.08
1975-05-20,12344.65
1975-05-21,12247.85
1975-05-22,12340.86
1975-05-23,12422.96
1975-05-27,12255.01
1975-05-28,12230.84
1975-05-29,12298.41
1975-05-30,12437.57
1975-06-02,12533.43
1975-06-03,12575.28
1975-06-04,12457.23
1975-06-05,12420.94
1975-06-06,12447.35
1975-06-09,12102.21
1975-06-10,12069.19
1975-06-11,12040.1
1975-06-12,11871.19
1975-06-13,12072.13
1975-06-16,12161.97
1975-06-17,12089.54
1975-06-18,12056.66
1975-06-19,12224.09
1975-06-20,12212.33
1975-06-23,12304.01
1975-06-24,12500.78
1975-06-25,12586.92
1975-06-26,12634.99
1975-06-27,12595.22
1975-06-30,12612.79
1975-07-01,12541.02
1975-07-02,12420.41
1975-07-03,12536.44
1975-07-07,12352.82
1975-07-08,12371.63
1975-07-09,12672.49
1975-07-10,12660.06
1975-07-11,12717.86
1975-07-14,12789.71
1975-07-15,12945.76
1975-07-16,12847.56
1975-07-17,12656.37
1975-07-18,12694.35
1975-07-21,12538.49
1975-07-22,12402.56
1975-07-23,12228.58
1975-07-24,12105.06
1975-07-25,12101.69
1975-07-28,12071.04
1975-07-29,11998.91
1975-07-30,12144.34
1975-07-31,11975.45
1975-08-01,11879.99
1975-08-04,11820.82
1975-08-05,11770.67
1975-08-06,11754.24
1975-08-07,11804.26
1975-08-08,11706.69
1975-08-11,11836.82
1975-08-12,11930.33
1975-08-13,11788.51
1975-08-14,11557.65
1975-08-15,11638.65
1975-08-18,11630.91
1975-08-19,11440.03
1975-08-20,11221.7
1975-08-21,11158.08
1975-08-22,11332.61
1975-08-25,11481.92
1975-08-26,11390.9
1975-08-27,11510.05
1975-08-28,11749.11
1975-08-29,11789.46
1975-09-02,11606.44
1975-09-03,11561.79
1975-09-04,11499.31
1975-09-05,11516.45
1975-09-08,11503.92
1975-09-09,11315.1
1975-09-10,11291.97
1975-09-11,11190.11
1975-09-12,11308.89
1975-09-15,11335.68
1975-09-16,11327.08
1975-09-17,11330.94
1975-09-18,11558.52
1975-09-19,11729.03
1975-09-22,11605.19
1975-09-23,11569.02
1975-09-24,11607.57
1975-09-25,11587.22
1975-09-26,11674.5
1975-09-29,11519.37
1975-09-30,11286.28
1975-10-01,11136.89
1975-10-02,11273.43
1975-10-03,11510.73
1975-10-06,11564.68
1975-10-07,11600.85
1975-10-08,11743.36
1975-10-09,11772.26
1975-10-10,11771.65
1975-10-13,12038.18
1975-10-14,11966.08
1975-10-15,11855.01
1975-10-16,11809.8
1975-10-17,11806.1
1975-10-20,11932.6
1975-10-21,12049.26
1975-10-22,12051.55
1975-10-23,12110.91
1975-10-24,11920.03
1975-10-27,11812.68
1975-10-28,12016.92
1975-10-29,11972.76
1975-10-30,11956.53
1975-10-31,12007.45
1975-11-03,11947.64
1975-11-04,11941.92
1975-11-05,12060.19
1975-11-06,12113.5
1975-11-07,12141.33
1975-11-10,12256.14
1975-11-11,12348.59
1975-11-12,12479.05
1975-11-13,12390.74
1975-11-14,12469.41
1975-11-17,12381.01
1975-11-18,12314.79
1975-11-19,12096.41
1975-11-20,12100.86
1975-11-21,12043.3
1975-11-24,12084.01
1975-11-25,12338.88
1975-11-26,12370.1
1975-11-28,12348.32
1975-12-01,12315.76
1975-12-02,12192.25
1975-12-03,11894.32
1975-12-04,11915.67
1975-12-05,11652.37
1975-12-08,11606.45
1975-12-09,11697.35
1975-12-10,11846.24
1975-12-11,11820.65
1975-12-12,11903.57
1975-12-15,12020.57
1975-12-16,12077.96
1975-12-17,12197.58
1975-12-18,12282.08
1975-12-19,12205.64
1975-12-22,12114.05
1975-12-23,12215.17
1975-12-24,12294.11
1975-12-26,12354.28
1975-12-29,12274.8
1975-12-30,12266.12
1975-12-31,12358.84
1976-01-02,12403.37
1976-01-05,12600.7
1976-01-06,12796.22
1976-01-07,12861.62
1976-01-08,12889.83
1976-01-09,12968.49
1976-01-12,13173.36
1976-01-13,13086.64
1976-01-14,13269.88
1976-01-15,13150.97
1976-01-16,13170.15
1976-01-19,13291.46
1976-01-20,13371.32
1976-01-21,13267.68
1976-01-22,13261.81
1976-01-23,13504.77
1976-01-26,13515.24
1976-01-27,13393.5
1976-01-28,13336.43
1976-01-29,13466.81
1976-01-30,13528.51
1976-02-02,13444.36
1976-02-03,13473.33
1976-02-04,13515.41
1976-02-05,13345.6
1976-02-06,13279.75
1976-02-09,13320.69
1976-02-10,13406.23
1976-02-11,13447.97
1976-02-12,13412.54
1976-02-13,13417.82
1976-02-17,13403.26
1976-02-18,13508.67
1976-02-19,13714.16
1976-02-20,13741.98
1976-02-23,13653.8
1976-02-24,13769.95
1976-02-25,13785.09
1976-02-26,13603.97
1976-02-27,13566.09
1976-03-01,13552.24
1976-03-02,13624.57
1976-03-03,13513.14
1976-03-04,13393.6
1976-03-05,13393.6
1976-03-08,13517.21
1976-03-09,13523.9
1976-03-10,13536.58
1976-03-11,13660.03
1976-03-12,13596.53
1976-03-15,13463.97
1976-03-16,13582.45
1976-03-17,13517.24
1976-03-18,13505.03
1976-03-19,13531.34
1976-03-22,13585.52
1976-03-23,13737.58
1976-03-24,13823.69
1976-03-25,13721.39
1976-03-26,13678.11
1976-03-29,13629.25
1976-03-30,13510.75
1976-03-31,13658.14
1976-04-01,13671.64
1976-04-02,13676.17
1976-04-05,13840.93
1976-04-06,13827.08
1976-04-07,13731.15
1976-04-08,13606.22
1976-04-09,13538.13
1976-04-12,13474.53
1976-04-13,13532.83
1976-04-14,13405.67
1976-04-15,13429.38
1976-04-19,13506.86
1976-04-20,13730.99
1976-04-21,13754.23
1976-04-22,13694.85
1976-04-23,13691.11
1976-04-26,13645.79
1976-04-27,13575.75
1976-04-28,13627.57
1976-04-29,13580.51
1976-04-30,13565.87
1976-05-03,13494.67
1976-05-04,13604.97
1976-05-05,13511.31
1976-05-06,13496.39
1976-05-07,13570.55
1976-05-10,13711.55
1976-05-11,13671.43
1976-05-12,13692.88
1976-05-13,13649.58
1976-05-14,13551.33
1976-05-17,13448.93
1976-05-18,13432.28
1976-05-19,13397.86
1976-05-20,13504.59
1976-05-21,13519.24
1976-05-24,13340.7
1976-05-25,13315.77
1976-05-26,13226.58
1976-05-27,13252.93
1976-05-28,13346.96
1976-06-01,13233.65
1976-06-02,13261.17
1976-06-03,13250.15
1976-06-04,13118.36
1976-06-07,13033.67
1976-06-08,13091.21
1976-06-09,13053.78
1976-06-10,13150.53
1976-06-11,13284.22
1976-06-14,13389.85
1976-06-15,13366.16
1976-06-16,13497.92
1976-06-17,13623.42
1976-06-18,13706.25
1976-06-21,13735.02
1976-06-22,13675.04
1976-06-23,13595.2
1976-06-24,13622.45
1976-06-25,13672.25
1976-06-28,13664.55
1976-06-29,13717.47
1976-06-30,13757.09
1976-07-01,13627.05
1976-07-02,13672.93
1976-07-06,13620.6
1976-07-07,13680.02
1976-07-08,13654.73
1976-07-09,13781.92
1976-07-12,13845.11
1976-07-13,13877.6
1976-07-14,13951.16
1976-07-15,13943.4
1976-07-16,13934.13
1976-07-19,13868.07
1976-07-20,13743.66
1976-07-21,13776.24
1976-07-22,13743.22
1976-07-23,13773.07
1976-07-26,13710.25
1976-07-27,13648.14
1976-07-28,13643.92
1976-07-29,13577.75
1976-07-30,13624.99
1976-08-02,13634.16
1976-08-03,13723.34
1976-08-04,13747.21
1976-08-05,13669.42
1976-08-06,13623.04
1976-08-09,13602.45
1976-08-10,13701.27
1976-08-11,13700.98
1976-08-12,13712.46
1976-08-13,13706.37
1976-08-16,13759.85
1976-08-17,13775
1976-08-18,13814.57
1976-08-19,13660.83
1976-08-20,13455.32
1976-08-23,13389.64
1976-08-24,13377.36
1976-08-25,13452.94
1976-08-26,13406.24
1976-08-27,13437.78
1976-08-30,13497.85
1976-08-31,13594.55
1976-09-01,13724.76
1976-09-02,13680.02
1976-09-03,13685.91
1976-09-07,13759.29
1976-09-08,13764.59
1976-09-09,13723.28
1976-09-10,13709.27
1976-09-13,13715.71
1976-09-14,13684.06
1976-09-15,13753.5
1976-09-16,13788.8
1976-09-17,13870.75
1976-09-20,13902.87
1976-09-21,14025.94
1976-09-22,14013.76
1976-09-23,13939.16
1976-09-24,13904.17
1976-09-27,13966.99
1976-09-28,13861.09
1976-09-29,13706.84
1976-09-30,13697.48
1976-10-01,13606.14
1976-10-04,13585.68
1976-10-05,13492.34
1976-10-06,13453.46
1976-10-07,13547.54
1976-10-08,13375.72
1976-10-11,13265.84
1976-10-12,13207.85
1976-10-13,13294.31
1976-10-14,13200.94
1976-10-15,13187.61
1976-10-18,13231.76
1976-10-19,13210.54
1976-10-20,13245.72
1976-10-21,13092.61
1976-10-22,13020.15
1976-10-25,12985.73
1976-10-26,13051.35
1976-10-27,13132.71
1976-10-28,13099.26
1976-10-29,13191.56
1976-11-01,13221.2
1976-11-03,13080.85
1976-11-04,13155.78
1976-11-05,13026.81
1976-11-08,12884.11
1976-11-09,12851.76
1976-11-10,12786.88
1976-11-11,12841.51
1976-11-12,12808.32
1976-11-15,12872.65
1976-11-16,12915.26
1976-11-17,13005.24
1976-11-18,13126.99
1976-11-19,13154.3
1976-11-22,13237.3
1976-11-23,13186.55
1976-11-24,13194.93
1976-11-26,13307.72
1976-11-29,13229.47
1976-11-30,13236.32
1976-12-01,13241.88
1976-12-02,13258.62
1976-12-03,13277.38
1976-12-06,13518.82
1976-12-07,13615.45
1976-12-08,13759.49
1976-12-09,13842.02
1976-12-10,13912.37
1976-12-13,13970.82
1976-12-14,14008.45
1976-12-15,13966.6
1976-12-16,13959.86
1976-12-17,13933.08
1976-12-20,13868.43
1976-12-21,13959.72
1976-12-22,14011.1
1976-12-23,14026.5
1976-12-27,14142.27
1976-12-28,14294.92
1976-12-29,14254.48
1976-12-30,14278.37
1976-12-31,14320.04
1977-01-03,14322.64
1977-01-04,14155.23
1977-01-05,14026.13
1977-01-06,14013.92
1977-01-07,14056.55
1977-01-10,14122.03
1977-01-11,13998.49
1977-01-12,13927.75
1977-01-13,14034.62
1977-01-14,14058.2
1977-01-17,14013.35
1977-01-18,13961.49
1977-01-19,13998.93
1977-01-20,13950.68
1977-01-21,14088.85
1977-01-24,14011.18
1977-01-25,14095.7
1977-01-26,13989.47
1977-01-27,13953.31
1977-01-28,13987.01
1977-01-31,13956.09
1977-02-01,14102.27
1977-02-02,14066.33
1977-02-03,14040.23
1977-02-04,14095.64
1977-02-07,14064.86
1977-02-08,14088.11
1977-02-09,13970.14
1977-02-10,13924.83
1977-02-11,13823.71
1977-02-14,13948.58
1977-02-15,13993.73
1977-02-16,14094.06
1977-02-17,14032.28
1977-02-18,14023.13
1977-02-22,14075.83
1977-02-23,14040.38
1977-02-24,13962.35
1977-02-25,14000.75
1977-02-28,13940.49
1977-03-01,14084.7
1977-03-02,14050.53
1977-03-03,14172.74
1977-03-04,14243.91
1977-03-07,14224.5
1977-03-08,14108.44
1977-03-09,13973.56
1977-03-10,14034.46
1977-03-11,14057.3
1977-03-14,14122.12
1977-03-15,14170.81
1977-03-16,14121.69
1977-03-17,14110.63
1977-03-18,14071.04
1977-03-21,13961.5
1977-03-22,13977.12
1977-03-23,13963.09
1977-03-24,13934.82
1977-03-25,13899.17
1977-03-28,13944.01
1977-03-29,14074.03
1977-03-30,13904.55
1977-03-31,13872.49
1977-04-01,13972.01
1977-04-04,13822.19
1977-04-05,13753.39
1977-04-06,13820.44
1977-04-07,13973.72
1977-04-11,14058.66
1977-04-12,14169.79
1977-04-13,14190.8
1977-04-14,14285.08
1977-04-15,14283.27
1977-04-18,14241.22
1977-04-19,14195.27
1977-04-20,14247.29
1977-04-21,14226.86
1977-04-22,14115.22
1977-04-25,13881.66
1977-04-26,13868.06
1977-04-27,13967.22
1977-04-28,13997.13
1977-04-29,14047.78
1977-05-02,14106.19
1977-05-03,14225.18
1977-05-04,14335.14
1977-05-05,14357.83
1977-05-06,14214.16
1977-05-09,14263.03
1977-05-10,14339.17
1977-05-11,14269.39
1977-05-12,14206.12
1977-05-13,14205.84
1977-05-16,14200.08
1977-05-17,14216.33
1977-05-18,14361.22
1977-05-19,14299.77
1977-05-20,14256.22
1977-05-23,14116.98
1977-05-24,14065.8
1977-05-25,13996.84
1977-05-26,14066.72
1977-05-27,13951.23
1977-05-31,13926.93
1977-06-01,14001.13
1977-06-02,13941.31
1977-06-03,14052.9
1977-06-06,14019.49
1977-06-07,14082.46
1977-06-08,14236.07
1977-06-09,14213.73
1977-06-10,14284.9
1977-06-13,14372.88
1977-06-14,14446.04
1977-06-15,14394.39
1977-06-16,14428.68
1977-06-17,14371.11
1977-06-20,14484.06
1977-06-21,14493.52
1977-06-22,14500.47
1977-06-23,14627.93
1977-06-24,14632.63
1977-06-27,14505.07
1977-06-28,14428.8
1977-06-29,14419.4
1977-06-30,14473.98
1977-07-01,14364.57
1977-07-05,14313.38
1977-07-06,14312.27
1977-07-07,14370.72
1977-07-08,14402.64
1977-07-11,14358.42
1977-07-12,14345.74
1977-07-13,14350.44
1977-07-15,14372.32
1977-07-18,14440.33
1977-07-19,14533.25
1977-07-20,14545.06
1977-07-21,14621.69
1977-07-22,14659.35
1977-07-25,14582.36
1977-07-26,14470.98
1977-07-27,14237.78
1977-07-28,14344.85
1977-07-29,14280.44
1977-08-01,14403.27
1977-08-02,14355.74
1977-08-03,14342.93
1977-08-04,14367.09
1977-08-05,14341.63
1977-08-08,14160.6
1977-08-09,14231.63
1977-08-10,14382.3
1977-08-11,14303.45
1977-08-12,14296.85
1977-08-15,14372.42
1977-08-16,14291.66
1977-08-17,14295.44
1977-08-18,14409
1977-08-19,14403.22
1977-08-22,14425.93
1977-08-23,14419.31
1977-08-24,14392.59
1977-08-25,14241.53
1977-08-26,14222
1977-08-29,14307.24
1977-08-30,14295.62
1977-08-31,14393.17
1977-09-01,14369.37
1977-09-02,14428.3
1977-09-06,14500.13
1977-09-07,14558.34
1977-09-08,14493.5
1977-09-09,14410.22
1977-09-12,14362.1
1977-09-13,14235.61
1977-09-14,14379.88
1977-09-15,14451.03
1977-09-16,14437.39
1977-09-19,14326.65
1977-09-20,14405.87
1977-09-21,14375.09
1977-09-22,14447.16
1977-09-23,14491.89
1977-09-26,14556.27
1977-09-27,14516.72
1977-09-28,14483.82
1977-09-29,14471.4
1977-09-30,14589.33
1977-10-03,14635.3
1977-10-04,14548.63
1977-10-05,14538.27
1977-10-06,14659.11
1977-10-07,14641.46
1977-10-10,14583.09
1977-10-11,14457.93
1977-10-12,14417.81
1977-10-13,14397.97
1977-10-14,14470.63
1977-10-17,14427.45
1977-10-18,14482.39
1977-10-19,14416.43
1977-10-20,14439.97
1977-10-21,14380.46
1977-10-24,14279.8
1977-10-25,14239.97
1977-10-26,14361.48
1977-10-27,14302.41
1977-10-28,14321.61
1977-10-31,14365.77
1977-11-01,14264.48
1977-11-02,14219.08
1977-11-03,14211.05
1977-11-04,14299.64
1977-11-07,14362.29
1977-11-08,14439.98
1977-11-09,14533.28
1977-11-10,14737.42
1977-11-11,14874.69
1977-11-14,14820.45
1977-11-15,14921.38
1977-11-16,14872.16
1977-11-17,14810.58
1977-11-18,14869.05
1977-11-21,14839.84
1977-11-22,14972.85
1977-11-23,15000.49
1977-11-25,15037.09
1977-11-28,14944.5
1977-11-29,14671.84
1977-11-30,14697.88
1977-12-01,14745.8
1977-12-02,14788.67
1977-12-05,14753.53
1977-12-06,14636.52
1977-12-07,14654.51
1977-12-08,14679.53
1977-12-09,14771.7
1977-12-12,14827.5
1977-12-13,14830.83
1977-12-14,14877.27
1977-12-15,14822.34
1977-12-16,14807.73
1977-12-19,14721.17
1977-12-20,14688.37
1977-12-21,14729.82
1977-12-22,14815.83
1977-12-23,14957.99
1977-12-27,14946.23
1977-12-28,14987.81
1977-12-29,15004.05
1977-12-30,15007.41
1978-01-03,14876.08
1978-01-04,14850.46
1978-01-05,14782.87
1978-01-06,14676.79
1978-01-09,14560.71
1978-01-10,14490.61
1978-01-11,14419.95
1978-01-12,14486.68
1978-01-13,14497.32
1978-01-16,14480.54
1978-01-17,14565
1978-01-18,14621
1978-01-19,14602.18
1978-01-20,14604.87
1978-01-23,14503.69
1978-01-24,14498.49
1978-01-25,14524.48
1978-01-26,14455.05
1978-01-27,14477.95
1978-01-30,14574.02
1978-01-31,14588.42
1978-02-01,14640.57
1978-02-02,14659.9
1978-02-03,14657.4
1978-02-06,14689.79
1978-02-07,14752.02
1978-02-08,14815.43
1978-02-09,14794.59
1978-02-10,14774.44
1978-02-13,14761.83
1978-02-14,14708.92
1978-02-15,14695.14
1978-02-16,14565.35
1978-02-17,14554.24
1978-02-21,14522.59
1978-02-22,14525.61
1978-02-23,14541.02
1978-02-24,14662.39
1978-02-27,14651
1978-02-28,14578.29
1978-03-01,14652.52
1978-03-02,14624.49
1978-03-03,14696.59
1978-03-06,14679.25
1978-03-07,14766.91
1978-03-08,14798.24
1978-03-09,14897.82
1978-03-10,15045.87
1978-03-13,15061.9
1978-03-14,15067.72
1978-03-15,15021.47
1978-03-16,15078.54
1978-03-17,15185.76
1978-03-20,15285.73
1978-03-21,15194.97
1978-03-22,15202.93
1978-03-23,15229.51
1978-03-27,15235.42
1978-03-28,15312.59
1978-03-29,15350.49
1978-03-30,15309.53
1978-03-31,15307.29
1978-04-03,15204.03
1978-04-04,15238.26
1978-04-05,15282.25
1978-04-06,15259.96
1978-04-07,15296.64
1978-04-10,15321.07
1978-04-11,15302.65
1978-04-12,15240.99
1978-04-13,15343.67
1978-04-14,15580.05
1978-04-17,15680.91
1978-04-18,15629.63
1978-04-19,15595.09
1978-04-20,15706.54
1978-04-21,15672.04
1978-04-24,15822.18
1978-04-25,15922.64
1978-04-26,15939.61
1978-04-27,15841.69
1978-04-28,15927.7
1978-05-01,16074.35
1978-05-02,16021.41
1978-05-03,15939.09
1978-05-04,15943.82
1978-05-05,16050.96
1978-05-08,16008.67
1978-05-09,15996.93
1978-05-10,16059.29
1978-05-11,16205.51
1978-05-12,16348.71
1978-05-15,16380.09
1978-05-16,16394.46
1978-05-17,16460.74
1978-05-18,16367.34
1978-05-19,16356.81
1978-05-22,16432.13
1978-05-23,16323.75
1978-05-24,16281.27
1978-05-25,16209.7
1978-05-26,16229.07
1978-05-30,16272.38
1978-05-31,16289.7
1978-06-01,16378.43
1978-06-02,16440.06
1978-06-05,16651.73
1978-06-06,16724.26
1978-06-07,16644.84
1978-06-08,16659.43
1978-06-09,16732.65
1978-06-12,16698.91
1978-06-13,16773.85
1978-06-14,16751.8
1978-06-15,16708.25
1978-06-16,16630.63
1978-06-19,16624.88
1978-06-20,16492.49
1978-06-21,16421.63
1978-06-22,16476.24
1978-06-23,16428.71
1978-06-26,16309.93
1978-06-27,16395.6
1978-06-28,16458.11
1978-06-29,16506.87
1978-06-30,16499.02
1978-07-03,16533.22
1978-07-05,16395.36
1978-07-06,16443.67
1978-07-07,16582.77
1978-07-10,16629.99
1978-07-11,16705.13
1978-07-12,16802.84
1978-07-13,16799.89
1978-07-14,16959.34
1978-07-17,17009.67
1978-07-18,16902.46
1978-07-19,17127.6
1978-07-20,17099.81
1978-07-21,17042.71
1978-07-24,17079.3
1978-07-25,17202.71
1978-07-26,17272.42
1978-07-27,17439.25
1978-07-28,17535.07
1978-07-31,17661.69
1978-08-01,17655.71
1978-08-02,18002.65
1978-08-03,18070.17
1978-08-04,18076.8
1978-08-07,18113.37
1978-08-08,18189.93
1978-08-09,18254.21
1978-08-10,18131.5
1978-08-11,18120.34
1978-08-14,18149.38
1978-08-15,18143.59
1978-08-16,18323.96
1978-08-17,18424.44
1978-08-18,18398.19
1978-08-21,18256.73
1978-08-22,18207.42
1978-08-23,18259.54
1978-08-24,18271.32
1978-08-25,18297.97
1978-08-28,18254.62
1978-08-29,18201.42
1978-08-30,18186.21
1978-08-31,18224.68
1978-09-01,18350.14
1978-09-05,18448.21
1978-09-06,18610.13
1978-09-07,18713.58
1978-09-08,18917.83
1978-09-11,18962.36
1978-09-12,18934.46
1978-09-13,18876.87
1978-09-14,18742.14
1978-09-15,18563.44
1978-09-18,18456.83
1978-09-19,18407.51
1978-09-20,18302.17
1978-09-21,18262.3
1978-09-22,18232.06
1978-09-25,18229.45
1978-09-26,18310.92
1978-09-27,18196
1978-09-28,18346.82
1978-09-29,18405.83
1978-10-02,18449.95
1978-10-03,18479.99
1978-10-04,18558.16
1978-10-05,18615.44
1978-10-06,18796.27
1978-10-09,18928.2
1978-10-10,18987.08
1978-10-11,19139.78
1978-10-12,19098.96
1978-10-13,19098.44
1978-10-16,18867.09
1978-10-17,18736.4
1978-10-18,18715.18
1978-10-19,18613.65
1978-10-20,18360.97
1978-10-23,18396.17
1978-10-24,18260.95
1978-10-25,18178.25
1978-10-26,18027.33
1978-10-27,17929.97
1978-10-30,17929.65
1978-10-31,17766.54
1978-11-01,18126.39
1978-11-02,18113.76
1978-11-03,18300.93
1978-11-06,18079.77
1978-11-07,17839.87
1978-11-08,17945.41
1978-11-09,17977.99
1978-11-10,17972.36
1978-11-13,17784.55
1978-11-14,17564.78
1978-11-15,17538.27
1978-11-16,17553.44
1978-11-17,17580.62
1978-11-20,17664.76
1978-11-21,17486.55
1978-11-22,17601.2
1978-11-24,17627.74
1978-11-27,17574.01
1978-11-28,17363.89
1978-11-29,17121.38
1978-11-30,17281.65
1978-12-01,17525.49
1978-12-04,17547.64
1978-12-05,17805.79
1978-12-06,17935.05
1978-12-07,17979.97
1978-12-08,17928.05
1978-12-11,17984.3
1978-12-12,17985.98
1978-12-13,17918.22
1978-12-14,17928.98
1978-12-15,17926.19
1978-12-18,17538.98
1978-12-19,17596.75
1978-12-20,17601.24
1978-12-21,17569.6
1978-12-22,17782.48
1978-12-26,18057.07
1978-12-27,17901.5
1978-12-28,17927.01
1978-12-29,17841.97
1979-01-02,17900.39
1979-01-03,18013.56
1979-01-04,18083.13
1979-01-05,18117.99
1979-01-08,18251.59
1979-01-09,18339.66
1979-01-10,18347.78
1979-01-11,18365.1
1979-01-12,18535.36
1979-01-15,18613.24
1979-01-16,18390.71
1979-01-17,18495.31
1979-01-18,18483.61
1979-01-19,18480.04
1979-01-22,18494.54
1979-01-23,18543.82
1979-01-24,18399.27
1979-01-25,18716.89
1979-01-26,18763.29
1979-01-29,18734.53
1979-01-30,18558.95
1979-01-31,18338.52
1979-02-01,18377.73
1979-02-02,18275.36
1979-02-05,18100.8
1979-02-06,18162.21
1979-02-07,18156.55
1979-02-08,18152.54
1979-02-09,18202.36
1979-02-12,18262.55
1979-02-13,18447.52
1979-02-14,18563.47
1979-02-15,18561.4
1979-02-16,18582.49
1979-02-20,18667.34
1979-02-21,18517.99
1979-02-22,18476.31
1979-02-23,18149.11
1979-02-26,18196.67
1979-02-27,18045.42
1979-02-28,18060.97
1979-03-01,18191.37
1979-03-02,18216.05
1979-03-05,18418.88
1979-03-06,18348.83
1979-03-07,18442.43
1979-03-08,18722.18
1979-03-09,18829.55
1979-03-12,18686.85
1979-03-13,18750.89
1979-03-14,18745.52
1979-03-15,18761.76
1979-03-16,18875.66
1979-03-19,18817.3
1979-03-20,18706.98
1979-03-21,18721.53
1979-03-22,18811.73
1979-03-23,18823.97
1979-03-26,18720.07
1979-03-27,19037.3
1979-03-28,18960.92
1979-03-29,19002.28
1979-03-30,18888
1979-04-02,18887.29
1979-04-03,19091.31
1979-04-04,19273.67
1979-04-05,19397.39
1979-04-06,19380.16
1979-04-09,19334.65
1979-04-10,19499.4
1979-04-11,19285.83
1979-04-12,19232.49
1979-04-16,18994.85
1979-04-17,18861.42
1979-04-18,18913.91
1979-04-19,18837.9
1979-04-20,18798.36
1979-04-23,18817.33
1979-04-24,19026.23
1979-04-25,18971.83
1979-04-26,18972.7
1979-04-27,18941.74
1979-04-30,18940.94
1979-05-01,18853.17
1979-05-02,19024.8
1979-05-03,19031.96
1979-05-04,19015.65
1979-05-07,18743.43
1979-05-08,18810.98
1979-05-09,18771.3
1979-05-10,18556.46
1979-05-11,18726.33
1979-05-14,18566.24
1979-05-15,18607.64
1979-05-16,18669.01
1979-05-17,18815.57
1979-05-18,18919.82
1979-05-21,18905.25
1979-05-22,18957.33
1979-05-23,18849.57
1979-05-24,18865.2
1979-05-25,18813.34
1979-05-29,18908.78
1979-05-30,18710.93
1979-05-31,18677.39
1979-06-01,18686.38
1979-06-04,18715.34
1979-06-05,18989.83
1979-06-06,19153.83
1979-06-07,19311.46
1979-06-08,19215.78
1979-06-11,19094.8
1979-06-12,19260.44
1979-06-13,19310.02
1979-06-14,19338.8
1979-06-15,19297.04
1979-06-18,19307.26
1979-06-19,19329.69
1979-06-20,19305.16
1979-06-21,19409.62
1979-06-22,19540.31
1979-06-25,19294.65
1979-06-26,19139.24
1979-06-27,19221.31
1979-06-28,19311.24
1979-06-29,19297.07
1979-07-02,19122.59
1979-07-03,19256.45
1979-07-05,19416.64
1979-07-06,19616.92
1979-07-09,19663.89
1979-07-10,19713.69
1979-07-11,19531.03
1979-07-12,19445.56
1979-07-13,19388.02
1979-07-16,19445.62
1979-07-17,19295.02
1979-07-18,19123.24
1979-07-19,19214.88
1979-07-20,19281.4
1979-07-23,19304.99
1979-07-24,19368.69
1979-07-25,19442.43
1979-07-26,19372.98
1979-07-27,19415.23
1979-07-30,19431.36
1979-07-31,19495.93
1979-08-01,19624.27
1979-08-02,19621.55
1979-08-03,19620.18
1979-08-06,19602.28
1979-08-07,19866.62
1979-08-08,19998.29
1979-08-09,19897.43
1979-08-10,20043.87
1979-08-13,20248.09
1979-08-14,20252.7
1979-08-15,20420.2
1979-08-16,20235.47
1979-08-17,20285.63
1979-08-20,20341.16
1979-08-21,20224.74
1979-08-22,20278.93
1979-08-23,20253.71
1979-08-24,20251.46
1979-08-27,20404.53
1979-08-28,20301.23
1979-08-29,20399.67
1979-08-30,20406.68
1979-08-31,20416.6
1979-09-04,20162.33
1979-09-05,19921.71
1979-09-06,20078.7
1979-09-07,20197.66
1979-09-10,20275.18
1979-09-11,20131.89
1979-09-12,20278.2
1979-09-13,20313.27
1979-09-14,20518.41
1979-09-17,20485.11
1979-09-18,20380.86
1979-09-19,20340.49
1979-09-20,20543.67
1979-09-21,20668.79
1979-09-24,20545.87
1979-09-25,20649.93
1979-09-26,20850.05
1979-09-27,20872.11
1979-09-28,20898.13
1979-10-01,20714.09
1979-10-02,20864.64
1979-10-03,20802.31
1979-10-04,20848.71
1979-10-05,20917.3
1979-10-08,20905.57
1979-10-09,20508.7
1979-10-10,20304.48
1979-10-11,20360.57
1979-10-12,20056.21
1979-10-15,19809.69
1979-10-16,19710.95
1979-10-17,19588.85
1979-10-18,19462.55
1979-10-19,19243.58
1979-10-22,18999.21
1979-10-23,18987.09
1979-10-24,18951.13
1979-10-25,18852.08
1979-10-26,19068.24
1979-10-29,19111.02
1979-10-30,19353.35
1979-10-31,19280.88
1979-11-01,19479.26
1979-11-02,19533.44
1979-11-05,19330.94
1979-11-06,19202.64
1979-11-07,19030.27
1979-11-08,19072.11
1979-11-09,19233.01
1979-11-12,19345.86
1979-11-13,19403.8
1979-11-14,19345.13
1979-11-15,19557.99
1979-11-16,19636.93
1979-11-19,19679.71
1979-11-20,19623.65
1979-11-21,19641.74
1979-11-23,19692.8
1979-11-26,20016.21
1979-11-27,20001.92
1979-11-28,20153.3
1979-11-29,20151.9
1979-11-30,20089.33
1979-12-03,20079.91
1979-12-04,20363.5
1979-12-05,20386.53
1979-12-06,20580.32
1979-12-07,20504.35
1979-12-10,20515.68
1979-12-11,20499.04
1979-12-12,20560.01
1979-12-13,20455.63
1979-12-14,20716.25
1979-12-17,20791.24
1979-12-18,20700.91
1979-12-19,20761.22
1979-12-20,20756.08
1979-12-21,20648.59
1979-12-24,20587.64
1979-12-26,20642.57
1979-12-27,20741.35
1979-12-28,20787.98
1979-12-31,20750.41
1980-01-02,20383.19
1980-01-03,20339.45
1980-01-04,20434.64
1980-01-07,20604.47
1980-01-08,20971.46
1980-01-09,21052.71
1980-01-10,21216.99
1980-01-11,21236.35
1980-01-14,21480.53
1980-01-15,21495.85
1980-01-16,21488.56
1980-01-17,21458.26
1980-01-18,21560.09
1980-01-21,21830.86
1980-01-22,21806.25
1980-01-23,21916.94
1980-01-24,22021.7
1980-01-25,21963.24
1980-01-28,22047.96
1980-01-29,22031.48
1980-01-30,22098.16
1980-01-31,22045.28
1980-02-01,22260.38
1980-02-04,22104.86
1980-02-05,22119.02
1980-02-06,22209.88
1980-02-07,22263.38
1980-02-08,22530.81
1980-02-11,22384.46
1980-02-12,22638.93
1980-02-13,22746.38
1980-02-14,22511.07
1980-02-15,22321.61
1980-02-19,22107.33
1980-02-20,22376.38
1980-02-21,22294.27
1980-02-22,22222.11
1980-02-25,21931
1980-02-26,22010.18
1980-02-27,21943.46
1980-02-28,22006.16
1980-02-29,22134.1
1980-03-03,21776.92
1980-03-04,21745.35
1980-03-05,21592.89
1980-03-06,21340.96
1980-03-07,21075.36
1980-03-10,20986.01
1980-03-11,20950.57
1980-03-12,20950.32
1980-03-13,20707.26
1980-03-14,20528.78
1980-03-17,19971.68
1980-03-18,20057.39
1980-03-19,20088.74
1980-03-20,19803.52
1980-03-21,19630.91
1980-03-24,19099.29
1980-03-25,18983.55
1980-03-26,18960.34
1980-03-27,18849.87
1980-03-28,19068.06
1980-03-31,19468.94
1980-04-01,19452.45
1980-04-02,19544.99
1980-04-03,19742.51
1980-04-07,19550.82
1980-04-08,19787.01
1980-04-09,20001.88
1980-04-10,20252.1
1980-04-11,20300.71
1980-04-14,20252.28
1980-04-15,20152.41
1980-04-16,19939.56
1980-04-17,19892.13
1980-04-18,19896.96
1980-04-21,19651.33
1980-04-22,20298.27
1980-04-23,20339.89
1980-04-24,20481.54
1980-04-25,20637.95
1980-04-28,20692.45
1980-04-29,21014.59
1980-04-30,20840.38
1980-05-01,20748.4
1980-05-02,20687.45
1980-05-05,20710.11
1980-05-06,20719.74
1980-05-07,20848.67
1980-05-08,20746.35
1980-05-09,20443.57
1980-05-12,20412.37
1980-05-13,20669.7
1980-05-14,20894.75
1980-05-15,21297.69
1980-05-16,21285.3
1980-05-19,21424.95
1980-05-20,21268.05
1980-05-21,21385.29
1980-05-22,21677.48
1980-05-23,22014.75
1980-05-27,22005.68
1980-05-28,22109.06
1980-05-29,21763.51
1980-05-30,22014.43
1980-06-02,21916.45
1980-06-03,21966.61
1980-06-04,22487.77
1980-06-05,22583.41
1980-06-06,22775.5
1980-06-09,22762.61
1980-06-10,22721.02
1980-06-11,23109.05
1980-06-12,23011.81
1980-06-13,23193.56
1980-06-16,23250.59
1980-06-17,23205.28
1980-06-18,23270.48
1980-06-19,23224.87
1980-06-20,23123.7
1980-06-23,23443.26
1980-06-24,23500.6
1980-06-25,23774.96
1980-06-26,23672.11
1980-06-27,23653.03
1980-06-30,23112.37
1980-07-01,23172.08
1980-07-02,22966.49
1980-07-03,23074.71
1980-07-07,23206.01
1980-07-08,23042.25
1980-07-09,23300.57
1980-07-10,22940.68
1980-07-11,23205.78
1980-07-14,23466.11
1980-07-15,23236.44
1980-07-16,23095.23
1980-07-17,23333.33
1980-07-18,23508.97
1980-07-21,23599.87
1980-07-22,23827.07
1980-07-23,23877.15
1980-07-24,24097.97
1980-07-25,24035.17
1980-07-28,24043.15
1980-07-29,24211.54
1980-07-30,24155.06
1980-07-31,23932.19
1980-08-01,23880.67
1980-08-04,23737.83
1980-08-05,23608.43
1980-08-06,23749.28
1980-08-07,24014.82
1980-08-08,24063.6
1980-08-11,24303.33
1980-08-12,24092.83
1980-08-13,24125.74
1980-08-14,24592.08
1980-08-15,24707.65
1980-08-18,24151.69
1980-08-19,23964.18
1980-08-20,24311.19
1980-08-21,24896.86
1980-08-22,25099.03
1980-08-25,24906.91
1980-08-26,24829.49
1980-08-27,24837.67
1980-08-28,24685.45
1980-08-29,24616.46
1980-09-02,24836.76
1980-09-03,25341.75
1980-09-04,25145.82
1980-09-05,25031.16
1980-09-08,24690
1980-09-09,24928.65
1980-09-10,25140.86
1980-09-11,25418.05
1980-09-12,25518.09
1980-09-15,25598.89
1980-09-16,25716.41
1980-09-17,25915.02
1980-09-18,25924.65
1980-09-19,25661.81
1980-09-22,26078.95
1980-09-23,25895.03
1980-09-24,25918.13
1980-09-25,25600.23
1980-09-26,25550.38
1980-09-29,25063.5
1980-09-30,25424.55
1980-10-01,25590.71
1980-10-02,25698.22
1980-10-03,25937.08
1980-10-06,26150.67
1980-10-07,26037.01
1980-10-08,25928.7
1980-10-09,25936.52
1980-10-10,25802.99
1980-10-13,26305.1
1980-10-14,26559.54
1980-10-15,26767.15
1980-10-16,26501.42
1980-10-17,26342.15
1980-10-20,26494.68
1980-10-21,26369.62
1980-10-22,26576.5
1980-10-23,26182.75
1980-10-24,25953.63
1980-10-27,25717.63
1980-10-28,25885.16
1980-10-29,26063.63
1980-10-30,25786.57
1980-10-31,26105.54
1980-11-03,26411.71
1980-11-05,26839.48
1980-11-06,26578.16
1980-11-07,26654.15
1980-11-10,26693.95
1980-11-11,26723.57
1980-11-12,27487.63
1980-11-13,27773.96
1980-11-14,27637.17
1980-11-17,27679.14
1980-11-18,27792.28
1980-11-19,27688.24
1980-11-20,27780.41
1980-11-21,27452.48
1980-11-24,27264.48
1980-11-25,27459.4
1980-11-26,27420.65
1980-11-28,27314.31
1980-12-01,26866.5
1980-12-02,26864.97
1980-12-03,26819.84
1980-12-04,27039.86
1980-12-05,26683.9
1980-12-08,26213.66
1980-12-09,26215.08
1980-12-10,25619.24
1980-12-11,25473.34
1980-12-12,25450.35
1980-12-15,25422.23
1980-12-16,25518.39
1980-12-17,25940.81
1980-12-18,26097.58
1980-12-19,26123.6
1980-12-22,26546.89
1980-12-23,26760.01
1980-12-24,26867.32
1980-12-26,26874.97
1980-12-29,26792.01
1980-12-30,26863.79
1980-12-31,26778.13
1981-01-02,26914.48
1981-01-05,27236.8
1981-01-06,27061.79
1981-01-07,26734.26
1981-01-08,26452.89
1981-01-09,26565.65
1981-01-12,26545
1981-01-13,26318
1981-01-14,26373.6
1981-01-15,26434.25
1981-01-16,26757.21
1981-01-19,26811.22
1981-01-20,26189.61
1981-01-21,25858.06
1981-01-22,25741.61
1981-01-23,25735.77
1981-01-26,25839.23
1981-01-27,26122.42
1981-01-28,25987.45
1981-01-29,25914.22
1981-01-30,25965.96
1981-02-02,25507.93
1981-02-03,25820.18
1981-02-04,25830.36
1981-02-05,26107.9
1981-02-06,26338.75
1981-02-09,26146.92
1981-02-10,26198.93
1981-02-11,26114.54
1981-02-12,26016.82
1981-02-13,25853.9
1981-02-17,25752.04
1981-02-18,26073.55
1981-02-19,25544.06
1981-02-20,25594.98
1981-02-23,25461.62
1981-02-24,25543.99
1981-02-25,25555.78
1981-02-26,25915.25
1981-02-27,26016.46
1981-03-02,26190.02
1981-03-03,26179.22
1981-03-04,26108.6
1981-03-05,26145.39
1981-03-06,26084.29
1981-03-09,26213.2
1981-03-10,26117.16
1981-03-11,25988.09
1981-03-12,26480.84
1981-03-13,26695.26
1981-03-16,26859.75
1981-03-17,26758.08
1981-03-18,26943.75
1981-03-19,26744.13
1981-03-20,26827.79
1981-03-23,26970.17
1981-03-24,26839.79
1981-03-25,27216.48
1981-03-26,27259.23
1981-03-27,27016.72
1981-03-30,27016.8
1981-03-31,27160.04
1981-04-01,27233.43
1981-04-02,27262.62
1981-04-03,27163.38
1981-04-06,26983
1981-04-07,26941.37
1981-04-08,27031.71
1981-04-09,27229.71
1981-04-10,27187.28
1981-04-13,26936.21
1981-04-14,26833.99
1981-04-15,27107.86
1981-04-16,27237.41
1981-04-20,27460.89
1981-04-21,27194.64
1981-04-22,27193.86
1981-04-23,27122.4
1981-04-24,27359.93
1981-04-27,27416.82
1981-04-28,27263.14
1981-04-29,27124.76
1981-04-30,27269.84
1981-05-01,27236.37
1981-05-04,26903.62
1981-05-05,26714.17
1981-05-06,26939.75
1981-05-07,27007.86
1981-05-08,27015.59
1981-05-11,26741.25
1981-05-12,26824.49
1981-05-13,26793.38
1981-05-14,27004.23
1981-05-15,27163.4
1981-05-18,27319.36
1981-05-19,27138.06
1981-05-20,27190.24
1981-05-21,27103.97
1981-05-22,27107.54
1981-05-26,27213.95
1981-05-27,27224.71
1981-05-28,27137.62
1981-05-29,26988.98
1981-06-01,26851.69
1981-06-02,26670.26
1981-06-03,26691.2
1981-06-04,26712.5
1981-06-05,26953.7
1981-06-08,26891.28
1981-06-09,26840.06
1981-06-10,26845.79
1981-06-11,27025.12
1981-06-12,26967.82
1981-06-15,27133.44
1981-06-16,27010.96
1981-06-17,27199.74
1981-06-18,26968.52
1981-06-19,27109.21
1981-06-22,26962.17
1981-06-23,27141.93
1981-06-24,27026.25
1981-06-25,26939.14
1981-06-26,26951.88
1981-06-29,26869.33
1981-06-30,26832.71
1981-07-01,26583.24
1981-07-02,26461.15
1981-07-06,26244.08
1981-07-07,26294.69
1981-07-08,26126.85
1981-07-09,26240.84
1981-07-10,26164.68
1981-07-13,26065.81
1981-07-14,25972.31
1981-07-15,26088.46
1981-07-16,26167.29
1981-07-17,26364.8
1981-07-20,26139.04
1981-07-21,26027.93
1981-07-22,25836.54
1981-07-23,25849.14
1981-07-24,26037.42
1981-07-27,26203.68
1981-07-28,26039.23
1981-07-29,26078.22
1981-07-30,26207.6
1981-07-31,26255.25
1981-08-03,26266.46
1981-08-04,26398.19
1981-08-05,26611.2
1981-08-06,26580.92
1981-08-07,26403.88
1981-08-10,26455.14
1981-08-11,26756.35
1981-08-12,26779.23
1981-08-13,26829.45
1981-08-14,26680.11
1981-08-17,26569.74
1981-08-18,26526.52
1981-08-19,26499.93
1981-08-20,26615.31
1981-08-21,26471.87
1981-08-24,25911.78
1981-08-25,25948.1
1981-08-26,25911.92
1981-08-27,25795.31
1981-08-28,25914.06
1981-08-31,25731.69
1981-09-01,25708.77
1981-09-02,25762.45
1981-09-03,25367.89
1981-09-04,25055.03
1981-09-08,24702.46
1981-09-09,24631.21
1981-09-10,25042.55
1981-09-11,25117.02
1981-09-14,25054.9
1981-09-15,24879.14
1981-09-16,24719.34
1981-09-17,24428.79
1981-09-18,24121.5
1981-09-21,24233.9
1981-09-22,24115.07
1981-09-23,23895.44
1981-09-24,23834.99
1981-09-25,23303.3
1981-09-28,23583.79
1981-09-29,23566.58
1981-09-30,23661.61
1981-10-01,23633.25
1981-10-02,23919.95
1981-10-05,23962.25
1981-10-06,23778.58
1981-10-07,24125.26
1981-10-08,24249.99
1981-10-09,24219.47
1981-10-12,24135.93
1981-10-13,24053.52
1981-10-14,23721.01
1981-10-15,23931.66
1981-10-16,23886.39
1981-10-19,23913.23
1981-10-20,24156.67
1981-10-21,24133.35
1981-10-22,24086
1981-10-23,23886.84
1981-10-26,23949.46
1981-10-27,24135.26
1981-10-28,24204.14
1981-10-29,24089
1981-10-30,24532.93
1981-11-02,24738.54
1981-11-03,24886.68
1981-11-04,24830.06
1981-11-05,24655.26
1981-11-06,24740.47
1981-11-09,25076.34
1981-11-10,25256.96
1981-11-11,25123.4
1981-11-12,25100.67
1981-11-13,25003.56
1981-11-16,24882.53
1981-11-17,25202.5
1981-11-18,25159.58
1981-11-19,25470.11
1981-11-20,25767.71
1981-11-23,25562.58
1981-11-24,25784.03
1981-11-25,25971.58
1981-11-27,26209.73
1981-11-30,26391.84
1981-12-01,26355.5
1981-12-02,25973.94
1981-12-03,26126.91
1981-12-04,26177.57
1981-12-07,26080.03
1981-12-08,25998.72
1981-12-09,26116.37
1981-12-10,26019.33
1981-12-11,26004.37
1981-12-14,25509.43
1981-12-15,25745.55
1981-12-16,25625.03
1981-12-17,25880.55
1981-12-18,26020.98
1981-12-21,25781.43
1981-12-22,25899
1981-12-23,25972.16
1981-12-24,25769.33
1981-12-28,25649.94
1981-12-29,25580.9
1981-12-30,25748.57
1981-12-31,25835.61
1982-01-04,25948.55
1982-01-05,25526.69
1982-01-06,25155.13
1982-01-07,25169.79
1982-01-08,25352.05
1982-01-11,24891.54
1982-01-12,24710.31
1982-01-13,24350.02
1982-01-14,24336.79
1982-01-15,24338.25
1982-01-18,24521.93
1982-01-19,24212.73
1982-01-20,24145.58
1982-01-21,24369.17
1982-01-22,24371.91
1982-01-25,24322.15
1982-01-26,24415.93
1982-01-27,24533.3
1982-01-28,25066.42
1982-01-29,25293.57
1982-02-01,24828
1982-02-02,25017.96
1982-02-03,24534.93
1982-02-04,24413.09
1982-02-05,24543.49
1982-02-08,23994.54
1982-02-09,23926.31
1982-02-10,24188.72
1982-02-11,24279.65
1982-02-12,24226.77
1982-02-16,23989.72
1982-02-17,23886.24
1982-02-18,23878.46
1982-02-19,23826.67
1982-02-22,23601.69
1982-02-23,23613.26
1982-02-24,23869.83
1982-02-25,23905.99
1982-02-26,23808.97
1982-03-01,23675.56
1982-03-02,23761.83
1982-03-03,23323.28
1982-03-04,23123.69
1982-03-05,22791.72
1982-03-08,22466.89
1982-03-09,22639.9
1982-03-10,22747.19
1982-03-11,22650.58
1982-03-12,22417.82
1982-03-15,22435.93
1982-03-16,22419.96
1982-03-17,22317.76
1982-03-18,22530.07
1982-03-19,22680.92
1982-03-22,22997.89
1982-03-23,23204.89
1982-03-24,23127.71
1982-03-25,23022.47
1982-03-26,22855.85
1982-03-29,23138.6
1982-03-30,23069.75
1982-03-31,23140.51
1982-04-01,23356.88
1982-04-02,23792.02
1982-04-05,23738.55
1982-04-06,23765.61
1982-04-07,23972.83
1982-04-08,23852.47
1982-04-12,23757.34
1982-04-13,23720.31
1982-04-14,23901.68
1982-04-15,23962.83
1982-04-16,24049.2
1982-04-19,23870.18
1982-04-20,23759.19
1982-04-21,23915.56
1982-04-22,24345.3
1982-04-23,24681.61
1982-04-26,24832.18
1982-04-27,24555.24
1982-04-28,24379.93
1982-04-29,24221.92
1982-04-30,24288.93
1982-05-03,24574.62
1982-05-04,24569.96
1982-05-05,24446.36
1982-05-06,24767.84
1982-05-07,24908.43
1982-05-10,24600.31
1982-05-11,24924.87
1982-05-12,24881.6
1982-05-13,24695.2
1982-05-14,24511.97
1982-05-17,24243.33
1982-05-18,24219.94
1982-05-19,24161.83
1982-05-20,24118.46
1982-05-21,24342.63
1982-05-24,24374.25
1982-05-25,24316.18
1982-05-26,24103.88
1982-05-27,23797.82
1982-05-28,23753.72
1982-06-01,23618.62
1982-06-02,23913.42
1982-06-03,23773.1
1982-06-04,23444.56
1982-06-07,23459.7
1982-06-08,23592.33
1982-06-09,23348.48
1982-06-10,23345.92
1982-06-11,23557.32
1982-06-14,23091.35
1982-06-15,22984.28
1982-06-16,22916.98
1982-06-17,22700.09
1982-06-18,22450.04
1982-06-21,22637.71
1982-06-22,22915.38
1982-06-23,22848.6
1982-06-24,22813.19
1982-06-25,22664.86
1982-06-28,22764.8
1982-06-29,22686.48
1982-06-30,22592.18
1982-07-01,22287.73
1982-07-02,21899.51
1982-07-06,21705.49
1982-07-07,21768.59
1982-07-08,21797.8
1982-07-09,22101.83
1982-07-12,22371.26
1982-07-13,22485.82
1982-07-14,22592.37
1982-07-15,22424.93
1982-07-16,22587.31
1982-07-19,22495.65
1982-07-20,22551.23
1982-07-21,22618.1
1982-07-22,22507.26
1982-07-23,22546.4
1982-07-26,22367.77
1982-07-27,22228.3
1982-07-28,22113.02
1982-07-29,22128.87
1982-07-30,22285
1982-08-02,22422.49
1982-08-03,22488.72
1982-08-04,22186.23
1982-08-05,22029.91
1982-08-06,21753.46
1982-08-09,21541.39
1982-08-10,21390.1
1982-08-11,21262.57
1982-08-12,21395.94
1982-08-13,21332.77
1982-08-16,21444.09
1982-08-17,21925.25
1982-08-18,21788.13
1982-08-19,21818.36
1982-08-20,22426.61
1982-08-23,22865.63
1982-08-24,22957.02
1982-08-25,23315.38
1982-08-26,23571.34
1982-08-27,23590.45
1982-08-30,23511.62
1982-08-31,23865.3
1982-09-01,23689.54
1982-09-02,23979.4
1982-09-03,24291.22
1982-09-07,24282.44
1982-09-08,24429.36
1982-09-09,24483.81
1982-09-10,24239.02
1982-09-13,24325.81
1982-09-14,24420.36
1982-09-15,24400.92
1982-09-16,24270.31
1982-09-17,23880.1
1982-09-20,24116.71
1982-09-21,24503.47
1982-09-22,24299.46
1982-09-23,24481.17
1982-09-24,24471.09
1982-09-27,24441.81
1982-09-28,24308
1982-09-29,24182.47
1982-09-30,24046.6
1982-10-01,24362.7
1982-10-04,24428.5
1982-10-05,24376.51
1982-10-06,24849.99
1982-10-07,25334.03
1982-10-08,25746.48
1982-10-11,25929.31
1982-10-12,25909.98
1982-10-13,25922.88
1982-10-14,25855.59
1982-10-15,25737.61
1982-10-18,25970.81
1982-10-19,26051.49
1982-10-20,26368.93
1982-10-21,26378.87
1982-10-22,26418.54
1982-10-25,25565.36
1982-10-26,25728.16
1982-10-27,25731.83
1982-10-28,25652.43
1982-10-29,25742.73
1982-11-01,25838.4
1982-11-02,26118.64
1982-11-03,26701.9
1982-11-04,26451.44
1982-11-05,26405.77
1982-11-08,26377.68
1982-11-09,26684.14
1982-11-10,26419.24
1982-11-11,26593.86
1982-11-12,26645.76
1982-11-15,26359.75
1982-11-16,26111.52
1982-11-17,26615.08
1982-11-18,26759.81
1982-11-19,26653.09
1982-11-22,26298.68
1982-11-23,26324.09
1982-11-24,26526.37
1982-11-26,26822.05
1982-11-29,26961.28
1982-11-30,27370.48
1982-12-01,27268.3
1982-12-02,27499.67
1982-12-03,27617.85
1982-12-06,28143.37
1982-12-07,28413.64
1982-12-08,28466.88
1982-12-09,28220.43
1982-12-10,28091.54
1982-12-13,28251.3
1982-12-14,28128.72
1982-12-15,27688
1982-12-16,27449.98
1982-12-17,27934.36
1982-12-20,27962.72
1982-12-21,28386.65
1982-12-22,28375.85
1982-12-23,28533.62
1982-12-27,28598.62
1982-12-28,28520.53
1982-12-29,28671.67
1982-12-30,28540.64
1982-12-31,28581.03
1983-01-03,28122.88
1983-01-04,28433.36
1983-01-05,28520.49
1983-01-06,29203.65
1983-01-07,29365.69
1983-01-10,29798.1
1983-01-11,29399.74
1983-01-12,29543.14
1983-01-13,29485.25
1983-01-14,29439.72
1983-01-17,29469.12
1983-01-18,29245.64
1983-01-19,29252.39
1983-01-20,29406.17
1983-01-21,29095.25
1983-01-24,28551.64
1983-01-25,28738.32
1983-01-26,28820.98
1983-01-27,29184.17
1983-01-28,29117.85
1983-01-31,29236.47
1983-02-01,29178.28
1983-02-02,29051.62
1983-02-03,29352.35
1983-02-04,29646.5
1983-02-07,29725.19
1983-02-08,29417.52
1983-02-09,29220.14
1983-02-10,29499.02
1983-02-11,29549.99
1983-02-14,29691.37
1983-02-15,29605.79
1983-02-16,29383.35
1983-02-17,29235.3
1983-02-18,29513.94
1983-02-22,29220.63
1983-02-23,29383.03
1983-02-24,29986.75
1983-02-25,30093.2
1983-02-28,30043.16
1983-03-01,30492.71
1983-03-02,30684.82
1983-03-03,30878.32
1983-03-04,31085.4
1983-03-07,31147.34
1983-03-08,30721.41
1983-03-09,30995.64
1983-03-10,31020.48
1983-03-11,30918.18
1983-03-14,30774.79
1983-03-15,30939.67
1983-03-16,30491.84
1983-03-17,30373.74
1983-03-18,30483.79
1983-03-21,30573.46
1983-03-22,30592.62
1983-03-23,31011.92
1983-03-24,31047.12
1983-03-25,30985.91
1983-03-28,30946.69
1983-03-29,30906.9
1983-03-30,31317.95
1983-03-31,31119.68
1983-04-04,31249.87
1983-04-05,31274.45
1983-04-06,31042.82
1983-04-07,31161.04
1983-04-08,31556.98
1983-04-11,31987.85
1983-04-12,32031.57
1983-04-13,32263.75
1983-04-14,32565.51
1983-04-15,32518.68
1983-04-18,32668.9
1983-04-19,32420.8
1983-04-20,32909.77
1983-04-21,32678.29
1983-04-22,32813.02
1983-04-25,32612.42
1983-04-26,32923.45
1983-04-27,32836.19
1983-04-28,33197.99
1983-04-29,33268.9
1983-05-02,32929.5
1983-05-03,32974.99
1983-05-04,33201.37
1983-05-05,33160.17
1983-05-06,33450.46
1983-05-09,33520.09
1983-05-10,33849.61
1983-05-11,33603.96
1983-05-12,33432.03
1983-05-13,33763.3
1983-05-16,33459.55
1983-05-17,33632.5
1983-05-18,33621.71
1983-05-19,33236.88
1983-05-20,33202
1983-05-23,33381.4
1983-05-24,33806.33
1983-05-25,34053.22
1983-05-26,34023.27
1983-05-27,33826.94
1983-05-31,33480.44
1983-06-01,33371.01
1983-06-02,33714.37
1983-06-03,33844.02
1983-06-06,33747.77
1983-06-07,33395.85
1983-06-08,33150.15
1983-06-09,33219.85
1983-06-10,33375.94
1983-06-13,33661.2
1983-06-14,33867.03
1983-06-15,34168.09
1983-06-16,34584.24
1983-06-17,34625.3
1983-06-20,34513.86
1983-06-21,34648.24
1983-06-22,34628.8
1983-06-23,34556.18
1983-06-24,34657.63
1983-06-27,34455.98
1983-06-28,34119.49
1983-06-29,34318.82
1983-06-30,34506.68
1983-07-01,34667.8
1983-07-05,34498.48
1983-07-06,34746
1983-07-07,34756.84
1983-07-08,34815.63
1983-07-11,34987.15
1983-07-12,34610.65
1983-07-13,34502.78
1983-07-14,34652.66
1983-07-15,34259.06
1983-07-18,34210.03
1983-07-19,34384.7
1983-07-20,35027.99
1983-07-21,34865.42
1983-07-22,34820.77
1983-07-25,34965.11
1983-07-26,34982.73
1983-07-27,34633.92
1983-07-28,34315.38
1983-07-29,33903.7
1983-08-01,34015.97
1983-08-02,33923.87
1983-08-03,33865.64
1983-08-04,33640.09
1983-08-05,33547.62
1983-08-08,33263.68
1983-08-09,33379.31
1983-08-10,33459.68
1983-08-11,33480.52
1983-08-12,33638.72
1983-08-15,33886.52
1983-08-16,33765.12
1983-08-17,34015.55
1983-08-18,33814.42
1983-08-19,33762.1
1983-08-22,33736.45
1983-08-23,33523.46
1983-08-24,33084.36
1983-08-25,33199.74
1983-08-26,33413.5
1983-08-29,33417.28
1983-08-30,33580.49
1983-08-31,33752.88
1983-09-01,33908.3
1983-09-02,34097.98
1983-09-06,34607.94
1983-09-07,34591.6
1983-09-08,34625.4
1983-09-09,34509.56
1983-09-12,34513.72
1983-09-13,34359.74
1983-09-14,34404.3
1983-09-15,34383.9
1983-09-16,34712.77
1983-09-19,34824.13
1983-09-20,34979.39
1983-09-21,34698.94
1983-09-22,34911.35
1983-09-23,34816.61
1983-09-26,34996.73
1983-09-27,34800.32
1983-09-28,34723.26
1983-09-29,34729.63
1983-09-30,34532
1983-10-03,34467.79
1983-10-04,34641.95
1983-10-05,34670.18
1983-10-06,35027.03
1983-10-07,35199.47
1983-10-10,35545.28
1983-10-11,35317.84
1983-10-12,35203.51
1983-10-13,35020.24
1983-10-14,34856.43
1983-10-17,34922.99
1983-10-18,34330.12
1983-10-19,34185.19
1983-10-20,34196.15
1983-10-21,34006.27
1983-10-24,33974.04
1983-10-25,33993.82
1983-10-26,33866.06
1983-10-27,33896.44
1983-10-28,33870.76
1983-10-31,33839.49
1983-11-01,33903.7
1983-11-02,34202.27
1983-11-03,34049.21
1983-11-04,33868.49
1983-11-07,33652.08
1983-11-08,33703.01
1983-11-09,33929.29
1983-11-10,34051.09
1983-11-11,34381.97
1983-11-14,34623.31
1983-11-15,34494.28
1983-11-16,34464.45
1983-11-17,34515.69
1983-11-18,34604.18
1983-11-21,34819.51
1983-11-22,34885.63
1983-11-23,34859.61
1983-11-25,34915.79
1983-11-28,34860.75
1983-11-29,35173.76
1983-11-30,34868.72
1983-12-01,34838.01
1983-12-02,34734.78
1983-12-05,34794.22
1983-12-06,34797.95
1983-12-07,34936.27
1983-12-08,34795.78
1983-12-09,34749.68
1983-12-12,34818.75
1983-12-13,34764.21
1983-12-14,34463.18
1983-12-15,34232.93
1983-12-16,34490.35
1983-12-19,34529.54
1983-12-20,34487.14
1983-12-21,34680.3
1983-12-22,34744.37
1983-12-23,34805.96
1983-12-27,35107.09
1983-12-28,35192.72
1983-12-29,35077.02
1983-12-30,35213.67
1984-01-03,35079.05
1984-01-04,35536.34
1984-01-05,35804.03
1984-01-06,36042.39
1984-01-09,36022.37
1984-01-10,35859.96
1984-01-11,35828.12
1984-01-12,35865.09
1984-01-13,35874.52
1984-01-16,35948.78
1984-01-17,36094.1
1984-01-18,35981.08
1984-01-19,35966.65
1984-01-20,35883.42
1984-01-23,35585.73
1984-01-24,35656.43
1984-01-25,35671.82
1984-01-26,35599.25
1984-01-27,35693.02
1984-01-30,35481.67
1984-01-31,35474.61
1984-02-01,35393.51
1984-02-02,35503.91
1984-02-03,35185.42
1984-02-06,34697.11
1984-02-07,34840.53
1984-02-08,34550.5
1984-02-09,34491.31
1984-02-10,34667.95
1984-02-13,34497.05
1984-02-14,34688.55
1984-02-15,34688.31
1984-02-16,34597.56
1984-02-17,34481.89
1984-02-21,34453.79
1984-02-22,34304.81
1984-02-23,34229.37
1984-02-24,34722.53
1984-02-27,35070.17
1984-02-28,34751.37
1984-02-29,34870.5
1984-03-01,35110.28
1984-03-02,35353.59
1984-03-05,35208.95
1984-03-06,35166.16
1984-03-07,35080.85
1984-03-08,35132.31
1984-03-09,34886.34
1984-03-12,35149.36
1984-03-13,35286.29
1984-03-14,35242.51
1984-03-15,35383.43
1984-03-16,35683.82
1984-03-19,35508.9
1984-03-20,35938.33
1984-03-21,35981.48
1984-03-22,35747.07
1984-03-23,35727.24
1984-03-26,35736.21
1984-03-27,35825.75
1984-03-28,36350.21
1984-03-29,36383.76
1984-03-30,36352.72
1984-04-02,36019.73
1984-04-03,36065.34
1984-04-04,36025.78
1984-04-05,35655.91
1984-04-06,35735.68
1984-04-09,35798.2
1984-04-10,35792
1984-04-11,35537.27
1984-04-12,35919.65
1984-04-13,35861.79
1984-04-16,36050.62
1984-04-17,36186.81
1984-04-18,35885.14
1984-04-19,35991.25
1984-04-23,35820.77
1984-04-24,35952.11
1984-04-25,35886.23
1984-04-26,36178.73
1984-04-27,36140.72
1984-04-30,36128.86
1984-05-01,36218.34
1984-05-02,36323.01
1984-05-03,35996.69
1984-05-04,35793.2
1984-05-07,36072.22
1984-05-08,36153.58
1984-05-09,36045.65
1984-05-10,36105.78
1984-05-11,35812.08
1984-05-14,35547.05
1984-05-15,35757.33
1984-05-16,35749.98
1984-05-17,35126.54
1984-05-18,34836.94
1984-05-21,34549.29
1984-05-22,34351.36
1984-05-23,34371.51
1984-05-24,34067.17
1984-05-25,34022.96
1984-05-29,33629.04
1984-05-30,33453.92
1984-05-31,33556.33
1984-06-01,34159.02
1984-06-04,34205.4
1984-06-05,34436.72
1984-06-06,34600.66
1984-06-07,34489.92
1984-06-08,34406.34
1984-06-11,34093.49
1984-06-12,34209.5
1984-06-13,34143.09
1984-06-14,33828.01
1984-06-15,33546.02
1984-06-18,33681.84
1984-06-19,33922.19
1984-06-20,34176.47
1984-06-21,34292.92
1984-06-22,34433.66
1984-06-25,34394.25
1984-06-26,34208.64
1984-06-27,33991.12
1984-06-28,33934.16
1984-06-29,33959.14
1984-07-02,33887.57
1984-07-03,33943.32
1984-07-05,33991.66
1984-07-06,34022.49
1984-07-09,34244.33
1984-07-10,33829.22
1984-07-11,33167.9
1984-07-12,33286.21
1984-07-13,33382.48
1984-07-16,33505.07
1984-07-17,33643.69
1984-07-18,33565.76
1984-07-19,33451.44
1984-07-20,33132.85
1984-07-23,32780.74
1984-07-24,32465.04
1984-07-25,32593.61
1984-07-26,32714.65
1984-07-27,32833.77
1984-07-30,32633.46
1984-07-31,32591.27
1984-08-01,33218.6
1984-08-02,33827.14
1984-08-03,34907.02
1984-08-06,34982.78
1984-08-07,34812.76
1984-08-08,34831.88
1984-08-09,35321.14
1984-08-10,35357.85
1984-08-13,35480.61
1984-08-14,35381.05
1984-08-15,35579.04
1984-08-16,35634.83
1984-08-17,35805.49
1984-08-20,35997.48
1984-08-21,36065.76
1984-08-22,35785.72
1984-08-23,35998.24
1984-08-24,36191.93
1984-08-27,36004.41
1984-08-28,36163.51
1984-08-29,36079.36
1984-08-30,36114.24
1984-08-31,35936.15
1984-09-04,35615.65
1984-09-05,35510.77
1984-09-06,35813.74
1984-09-07,35771.24
1984-09-10,35408.8
1984-09-11,34985.97
1984-09-12,34909.35
1984-09-13,35228.9
1984-09-14,35563.23
1984-09-17,35646.19
1984-09-18,35506.42
1984-09-19,35499.01
1984-09-20,35313.32
1984-09-21,35293.9
1984-09-24,35470.56
1984-09-25,35563.23
1984-09-26,35689.31
1984-09-27,36018.4
1984-09-28,35790.75
1984-10-01,35702.19
1984-10-02,35530.51
1984-10-03,35261.42
1984-10-04,35236.93
1984-10-05,35429.37
1984-10-08,34947.78
1984-10-09,34927.81
1984-10-10,35143.99
1984-10-11,35301.05
1984-10-12,35321.25
1984-10-15,35692.59
1984-10-16,35493.24
1984-10-17,35697.29
1984-10-18,36339.44
1984-10-19,36372.88
1984-10-22,36418.37
1984-10-23,36177.53
1984-10-24,36042.68
1984-10-25,35682.38
1984-10-26,35454.46
1984-10-29,35535.13
1984-10-30,36141.61
1984-10-31,36126.43
1984-11-01,36507.59
1984-11-02,36345.99
1984-11-05,36552.12
1984-11-06,36818.97
1984-11-07,36452.84
1984-11-08,36190.9
1984-11-09,36056.74
1984-11-12,36133.52
1984-11-13,35868.54
1984-11-14,35892.86
1984-11-15,36075.8
1984-11-16,35754.92
1984-11-19,35794.77
1984-11-20,35979.51
1984-11-21,36182.15
1984-11-23,36833.07
1984-11-26,36341.77
1984-11-27,36183.16
1984-11-28,36090.46
1984-11-29,35720.53
1984-11-30,35699.84
1984-12-03,35531.4
1984-12-04,35818.67
1984-12-05,35487.71
1984-12-06,35598.55
1984-12-07,35419.64
1984-12-10,35510.28
1984-12-11,35493.98
1984-12-12,35328.82
1984-12-13,35224.61
1984-12-14,35625.46
1984-12-17,35760.41
1984-12-18,36820.92
1984-12-19,36813.72
1984-12-20,36636.55
1984-12-21,36299.63
1984-12-24,36500.21
1984-12-26,36429.56
1984-12-27,36370.99
1984-12-28,36262.24
1984-12-31,36424
1985-01-02,36043.68
1985-01-03,36184.27
1985-01-04,36110.67
1985-01-07,36259.03
1985-01-08,36280.99
1985-01-09,36566.19
1985-01-10,36911.18
1985-01-11,36759.72
1985-01-14,37215.58
1985-01-15,37000.7
1985-01-16,36862.61
1985-01-17,36774.39
1985-01-18,37136.85
1985-01-21,37916.65
1985-01-22,38232.05
1985-01-23,38655.21
1985-01-24,38257.51
1985-01-25,38473.58
1985-01-28,38309.14
1985-01-29,38496.97
1985-01-30,38433.16
1985-01-31,38570.24
1985-02-01,38266.89
1985-02-04,38388.52
1985-02-05,38317.65
1985-02-06,38323.48
1985-02-07,38556.24
1985-02-08,38767.83
1985-02-11,38381.24
1985-02-12,38691.85
1985-02-13,39040.73
1985-02-14,38755.41
1985-02-15,38171.84
1985-02-19,38195.26
1985-02-20,38600.83
1985-02-21,38385.66
1985-02-22,38342.48
1985-02-25,38345.37
1985-02-26,38656.84
1985-02-27,38512.76
1985-02-28,38769.35
1985-03-01,39334.99
1985-03-04,39448.46
1985-03-05,39480.59
1985-03-06,39260.63
1985-03-07,39029.98
1985-03-08,39113.17
1985-03-11,39280.3
1985-03-12,39744.79
1985-03-13,39499.28
1985-03-14,39268.05
1985-03-15,39086.3
1985-03-18,39203.23
1985-03-19,39941.6
1985-03-20,40057.13
1985-03-21,39834
1985-03-22,40073.82
1985-03-25,39708.24
1985-03-26,39841.42
1985-03-27,39756.5
1985-03-28,39791.97
1985-03-29,40077.28
1985-04-01,39891.65
1985-04-02,39726.01
1985-04-03,39256.8
1985-04-04,39207.11
1985-04-08,38831.68
1985-04-09,38956.87
1985-04-10,39249.4
1985-04-11,39143.61
1985-04-12,39281.33
1985-04-15,39359.87
1985-04-16,39291.24
1985-04-17,39246.44
1985-04-18,39276.31
1985-04-19,39720.25
1985-04-22,39654.05
1985-04-23,40045.99
1985-04-24,39910.79
1985-04-25,40360.92
1985-04-26,40234.29
1985-04-29,39796.83
1985-04-30,39986.84
1985-05-01,39711.29
1985-05-02,39762.17
1985-05-03,39864.29
1985-05-06,39777.54
1985-05-07,40015.63
1985-05-08,40043.35
1985-05-09,40384.8
1985-05-10,40822.64
1985-05-13,41049.38
1985-05-14,40733.2
1985-05-15,40828.32
1985-05-16,41255.97
1985-05-17,41725.81
1985-05-20,42222.28
1985-05-21,42065.98
1985-05-22,41507.36
1985-05-23,41267.54
1985-05-24,41362.9
1985-05-28,41433.23
1985-05-29,41407.67
1985-05-30,41547.66
1985-05-31,41949.2
1985-06-03,41951.41
1985-06-04,42386.93
1985-06-05,42403.81
1985-06-06,42427.62
1985-06-07,42245.12
1985-06-10,42080.31
1985-06-11,41791.6
1985-06-12,41508.37
1985-06-13,41129.85
1985-06-14,41405.32
1985-06-17,41090.19
1985-06-18,41374.14
1985-06-19,41688.1
1985-06-20,41607.27
1985-06-21,42187.62
1985-06-24,42242.67
1985-06-25,42495.21
1985-06-26,42522.28
1985-06-27,42811.26
1985-06-28,42800.12
1985-07-01,42813.76
1985-07-02,42869.86
1985-07-03,43133.01
1985-07-05,43498.71
1985-07-08,43474.6
1985-07-09,43335.72
1985-07-10,43712.77
1985-07-11,43885.99
1985-07-12,43848.67
1985-07-15,43611.39
1985-07-16,43871.29
1985-07-17,44156.61
1985-07-18,44174.51
1985-07-19,44484.3
1985-07-22,44146.26
1985-07-23,43871.21
1985-07-24,43981.8
1985-07-25,43890.25
1985-07-26,43892.09
1985-07-29,43480.81
1985-07-30,43449.14
1985-07-31,43773.33
1985-08-01,43926.51
1985-08-02,43711.04
1985-08-05,43631.64
1985-08-06,43251.87
1985-08-07,43234.05
1985-08-08,43525.11
1985-08-09,43555.11
1985-08-12,43567.88
1985-08-13,43508.01
1985-08-14,43424.81
1985-08-15,43651.94
1985-08-16,43452.2
1985-08-19,43714.19
1985-08-20,44043.9
1985-08-21,44163.03
1985-08-22,43839.29
1985-08-23,43896.21
1985-08-26,43835.85
1985-08-27,44079.73
1985-08-28,44334.11
1985-08-29,44416.99
1985-08-30,44257.1
1985-09-03,44296.37
1985-09-04,44318.33
1985-09-05,44198.28
1985-09-06,44481.72
1985-09-09,44532.9
1985-09-10,44593.62
1985-09-11,44137.31
1985-09-12,43929.44
1985-09-13,43866.97
1985-09-16,43841.33
1985-09-17,43638.19
1985-09-18,43915.38
1985-09-19,44290.56
1985-09-20,44264.03
1985-09-23,44653.98
1985-09-24,44584.69
1985-09-25,44317.97
1985-09-26,44221.37
1985-09-30,44409.89
1985-10-01,44885.29
1985-10-02,44925.76
1985-10-03,45008
1985-10-04,44889.7
1985-10-07,44537.09
1985-10-08,44463.83
1985-10-09,44683.04
1985-10-10,44758.5
1985-10-11,45160.68
1985-10-14,45657.79
1985-10-15,45815.99
1985-10-16,46133
1985-10-17,46171.06
1985-10-18,46011.13
1985-10-21,46110.3
1985-10-22,46390.09
1985-10-23,46511.98
1985-10-24,46459.78
1985-10-25,46458.34
1985-10-28,46529.9
1985-10-29,46978.46
1985-10-30,47049.9
1985-10-31,46735.73
1985-11-01,47150.9
1985-11-04,47198.87
1985-11-05,47319.49
1985-11-06,47259.99
1985-11-07,47427.68
1985-11-08,47675.3
1985-11-11,48170.34
1985-11-12,48321.83
1985-11-13,47979.37
1985-11-14,48337.57
1985-11-15,48439.12
1985-11-18,48430.93
1985-11-19,48519.17
1985-11-20,48465.97
1985-11-21,48905.42
1985-11-22,48988.48
1985-11-25,48735.12
1985-11-26,48775.59
1985-11-27,49205.15
1985-11-29,49406.6
1985-12-02,49185.31
1985-12-03,49249.54
1985-12-04,49852.41
1985-12-05,50020.93
1985-12-06,50033.15
1985-12-09,50138.88
1985-12-10,50215.55
1985-12-11,50594.97
1985-12-12,50705.96
1985-12-13,51181.13
1985-12-16,51646.26
1985-12-17,51271.41
1985-12-18,51093.8
1985-12-19,51183.21
1985-12-20,51348.58
1985-12-23,50921.01
1985-12-24,50758.49
1985-12-26,50981.72
1985-12-27,51044.43
1985-12-30,51367.05
1985-12-31,51581.83
1986-01-02,51553.28
1986-01-03,51738.59
1986-01-06,51565.86
1986-01-07,52012.79
1986-01-08,51329.51
1986-01-09,50780.64
1986-01-10,50718.26
1986-01-13,51050.78
1986-01-14,51094.55
1986-01-15,51281.37
1986-01-16,51512.83
1986-01-17,51475.33
1986-01-20,51637.17
1986-01-21,51426.73
1986-01-22,51113.7
1986-01-23,51204.07
1986-01-24,51438.91
1986-01-27,51459.82
1986-01-28,51929.81
1986-01-29,52169.84
1986-01-30,52042.05
1986-01-31,52506.73
1986-02-03,52794.38
1986-02-04,52818.21
1986-02-05,52935.61
1986-02-06,53311.79
1986-02-07,53469.43
1986-02-10,53861.81
1986-02-11,54082.48
1986-02-12,54216.61
1986-02-13,54337.28
1986-02-14,54742.93
1986-02-18,55042.46
1986-02-19,54539.01
1986-02-20,54856.2
1986-02-21,55384.23
1986-02-24,55630.14
1986-02-25,55914.47
1986-02-26,56088.34
1986-02-27,56984.97
1986-02-28,57270.64
1986-03-03,57187.22
1986-03-04,57238.43
1986-03-05,57209.04
1986-03-06,57236.99
1986-03-07,57739.25
1986-03-10,58052.85
1986-03-11,59212.61
1986-03-12,59659.04
1986-03-13,59732.49
1986-03-14,60743.49
1986-03-17,60357.39
1986-03-18,60816.53
1986-03-19,60714.67
1986-03-20,61154.3
1986-03-21,60663.7
1986-03-24,61076.95
1986-03-25,61231.8
1986-03-26,61936.59
1986-03-27,62580.4
1986-03-31,62798.24
1986-04-01,62130.23
1986-04-02,62174.33
1986-04-03,62139.44
1986-04-04,61678.08
1986-04-07,61961.23
1986-04-08,62877.88
1986-04-09,63068.26
1986-04-10,63188.91
1986-04-11,63182.4
1986-04-14,63477.69
1986-04-15,63336.62
1986-04-16,64296.53
1986-04-17,64815.16
1986-04-18,65147.24
1986-04-21,65516.35
1986-04-22,65110.81
1986-04-23,64841.8
1986-04-24,65413.04
1986-04-25,65644.58
1986-04-28,65666.69
1986-04-29,65532.32
1986-04-30,64609.73
1986-05-01,64414.75
1986-05-02,64786.72
1986-05-05,65117.45
1986-05-06,64986.33
1986-05-07,65140.26
1986-05-08,65314.93
1986-05-09,65234.12
1986-05-12,64590.91
1986-05-13,64320.3
1986-05-14,64370.02
1986-05-15,63045.1
1986-05-16,62751.43
1986-05-19,62366.39
1986-05-20,62801.83
1986-05-21,62549.13
1986-05-22,63230.68
1986-05-23,63634.09
1986-05-27,64488.06
1986-05-28,64523.44
1986-05-29,64848.51
1986-05-30,64595.36
1986-06-02,63953.34
1986-06-03,64364.54
1986-06-04,64448.53
1986-06-05,64748.43
1986-06-06,64755.51
1986-06-09,63464.87
1986-06-10,63500.19
1986-06-11,63939.17
1986-06-12,63962.92
1986-06-13,65253.47
1986-06-16,65337.88
1986-06-17,65068.26
1986-06-18,65515.99
1986-06-19,65192.57
1986-06-20,65932.23
1986-06-23,65798.57
1986-06-24,66054.05
1986-06-25,66400.45
1986-06-26,66774.37
1986-06-27,67186.4
1986-06-30,67252.78
1986-07-01,67799.61
1986-07-02,68628.73
1986-07-03,68356.52
1986-07-07,66923.81
1986-07-08,66640.65
1986-07-09,67171.21
1986-07-10,66969.33
1986-07-11,66913.85
1986-07-14,66718.16
1986-07-15,65689.93
1986-07-16,66308.51
1986-07-17,65917.62
1986-07-18,66282.78
1986-07-21,66222.05
1986-07-22,66719.56
1986-07-23,67223.36
1986-07-24,66838.59
1986-07-25,67250.24
1986-07-28,66813.08
1986-07-29,66836.03
1986-07-30,67365.15
1986-07-31,67471.79
1986-08-01,67411.31
1986-08-04,67289.21
1986-08-05,68471.41
1986-08-06,68335.85
1986-08-07,68244.06
1986-08-08,68364.16
1986-08-11,69348.04
1986-08-12,70110.92
1986-08-13,70372.71
1986-08-14,71295.82
1986-08-15,71550.66
1986-08-18,71782.41
1986-08-19,72171.98
1986-08-20,72902.49
1986-08-21,72723.08
1986-08-22,72285.83
1986-08-25,71632.17
1986-08-26,72357.71
1986-08-27,72913.73
1986-08-28,72947.88
1986-08-29,73077.23
1986-09-02,72875.5
1986-09-03,72667.43
1986-09-04,72825.75
1986-09-05,72647.2
1986-09-08,72165.77
1986-09-09,72279.97
1986-09-10,72241.83
1986-09-11,70449.12
1986-09-12,68982.45
1986-09-15,69697.01
1986-09-16,69643.46
1986-09-17,70349.56
1986-09-18,70690.81
1986-09-19,70773.64
1986-09-22,71853.09
1986-09-23,72227.58
1986-09-24,72271.72
1986-09-25,71534.56
1986-09-26,71321
1986-09-29,70773.92
1986-09-30,70113.8
1986-10-01,70772.98
1986-10-02,71138.07
1986-10-03,70275.45
1986-10-06,70592.27
1986-10-07,70911.29
1986-10-08,70825.82
1986-10-09,70846.1
1986-10-10,69796.46
1986-10-13,69601.45
1986-10-14,69324.66
1986-10-15,69856.42
1986-10-16,69207.05
1986-10-17,69270.61
1986-10-20,68465.32
1986-10-21,67935.9
1986-10-22,67382.65
1986-10-23,68590.46
1986-10-24,68750.69
1986-10-27,68034.76
1986-10-28,68020.67
1986-10-29,68122.64
1986-10-30,69287.55
1986-10-31,68994.76
1986-11-03,69630.73
1986-11-04,70121.12
1986-11-05,70074.18
1986-11-06,69896.54
1986-11-07,70603.53
1986-11-10,70676.79
1986-11-11,71586.06
1986-11-12,70630.88
1986-11-13,69783.58
1986-11-14,69965.55
1986-11-17,70167.89
1986-11-18,69354.06
1986-11-19,68697.68
1986-11-20,70115.7
1986-11-21,71272.54
1986-11-24,71405.14
1986-11-25,70976.56
1986-11-26,70932.75
1986-11-28,71696.43
1986-12-01,72455.74
1986-12-02,73908.1
1986-12-03,73916.91
1986-12-04,73042.45
1986-12-05,72538.71
1986-12-08,72785.86
1986-12-09,72362.06
1986-12-10,73538.25
1986-12-11,73252.3
1986-12-12,74117.5
1986-12-15,74037.91
1986-12-16,74276.86
1986-12-17,73152.42
1986-12-18,72848.44
1986-12-19,73279.05
1986-12-22,72922.73
1986-12-23,72400.54
1986-12-24,73563.61
1986-12-26,73500.37
1986-12-29,73143.29
1986-12-30,73413.61
1986-12-31,72991.28
1987-01-02,73238.38
1987-01-05,74975.36
1987-01-06,74884.35
1987-01-07,75649.73
1987-01-08,76128.37
1987-01-09,75958.55
1987-01-12,76795.65
1987-01-13,76938.89
1987-01-14,77926.97
1987-01-15,79017.72
1987-01-16,79847.64
1987-01-19,79774.88
1987-01-20,79054.55
1987-01-21,79040.18
1987-01-22,80983.36
1987-01-23,79729.94
1987-01-26,79254.63
1987-01-27,81018.24
1987-01-28,81563.04
1987-01-29,81760.54
1987-01-30,81514.66
1987-02-02,82268.16
1987-02-03,82093.75
1987-02-04,83446.33
1987-02-05,83910.5
1987-02-06,83554.79
1987-02-09,84150.64
1987-02-10,84683.38
1987-02-11,84345.2
1987-02-12,83082.23
1987-02-13,83497.7
1987-02-17,85203.21
1987-02-18,84989.46
1987-02-19,85765.36
1987-02-20,86552.49
1987-02-23,85257.24
1987-02-24,85050.44
1987-02-25,85286.5
1987-02-26,84650.65
1987-02-27,84637.52
1987-03-02,84542.13
1987-03-03,85321.43
1987-03-04,87368.39
1987-03-05,87084.03
1987-03-06,87453.16
1987-03-09,87433.49
1987-03-10,87194.51
1987-03-11,86351.86
1987-03-12,87880.15
1987-03-13,87905.94
1987-03-16,87844.88
1987-03-17,88898.42
1987-03-18,89198.45
1987-03-19,89559.62
1987-03-20,90509.82
1987-03-23,90460.09
1987-03-24,91163.92
1987-03-25,91461.38
1987-03-26,91815.45
1987-03-27,91613.69
1987-03-30,90111.44
1987-03-31,89656.44
1987-04-01,89445.51
1987-04-02,90646.12
1987-04-03,91343.7
1987-04-06,91997.19
1987-04-07,91416
1987-04-08,92177.25
1987-04-09,91907.48
1987-04-10,92930.71
1987-04-13,91250.05
1987-04-14,89284.58
1987-04-15,90797.86
1987-04-16,91079.81
1987-04-20,91249.48
1987-04-21,92419.15
1987-04-22,90956.41
1987-04-23,91411.99
1987-04-24,90498.94
1987-04-27,90981.24
1987-04-28,92631.43
1987-04-29,93484.53
1987-04-30,94463.03
1987-05-01,95798.95
1987-05-04,95921.61
1987-05-05,96502.15
1987-05-06,96068.99
1987-05-07,95758.06
1987-05-08,95088.01
1987-05-11,94556
1987-05-12,94819.71
1987-05-13,94312.13
1987-05-14,94329.66
1987-05-15,93027.92
1987-05-18,92653.78
1987-05-19,90664.19
1987-05-20,90815.08
1987-05-21,91666.59
1987-05-22,92521.4
1987-05-26,94371.42
1987-05-27,95292.48
1987-05-28,95108.79
1987-05-29,94616.05
1987-06-01,94457.2
1987-06-02,93802.78
1987-06-03,94824.81
1987-06-04,95277.27
1987-06-05,94625.16
1987-06-08,96281.78
1987-06-09,95847.55
1987-06-10,97275.22
1987-06-11,96426.29
1987-06-12,97467.12
1987-06-15,96410.35
1987-06-16,96401.35
1987-06-17,96464.11
1987-06-18,96396.8
1987-06-19,95895.99
1987-06-22,95900.34
1987-06-23,94469.89
1987-06-24,94256.16
1987-06-25,94446
1987-06-26,95118.6
1987-06-29,95612.14
1987-06-30,94419.96
1987-07-01,94078.22
1987-07-02,93668.64
1987-07-06,94661.85
1987-07-07,95167.59
1987-07-08,96548.91
1987-07-09,96061.53
1987-07-10,95574
1987-07-13,95047.53
1987-07-14,96138.07
1987-07-15,96812.23
1987-07-16,97609.48
1987-07-17,98566.17
1987-07-20,97095.37
1987-07-21,95265.86
1987-07-22,95276.62
1987-07-23,94804.17
1987-07-24,95018.71
1987-07-27,94778.02
1987-07-28,95410.55
1987-07-29,95263.69
1987-07-30,96603.89
1987-07-31,96141.85
1987-08-03,96235.96
1987-08-04,96181.07
1987-08-05,95608.28
1987-08-06,96266.82
1987-08-07,95372.94
1987-08-10,96334.32
1987-08-11,97587.06
1987-08-12,98159.65
1987-08-13,99132.68
1987-08-14,98294.59
1987-08-17,99449.12
1987-08-18,97967.46
1987-08-19,98606.91
1987-08-20,99444.16
1987-08-21,99756.03
1987-08-24,98420.68
1987-08-25,100167.67
1987-08-26,100299.67
1987-08-27,100547.49
1987-08-28,100461.77
1987-08-31,101929.51
1987-09-01,99991.75
1987-09-02,99779.78
1987-09-03,99233.25
1987-09-04,98636.04
1987-09-08,97006.3
1987-09-09,96397.69
1987-09-10,98641.61
1987-09-11,99610.49
1987-09-14,98552.05
1987-09-15,97529.88
1987-09-16,97235.65
1987-09-17,96914.07
1987-09-18,97672.79
1987-09-21,97861.02
1987-09-22,99142.03
1987-09-23,99321.24
1987-09-24,98765.38
1987-09-25,98982.9
1987-09-28,99583.09
1987-09-29,100236.52
1987-09-30,100179.3
1987-10-01,100659.88
1987-10-02,100456.34
1987-10-05,100037.82
1987-10-06,97251.38
1987-10-07,97096.17
1987-10-08,96108.93
1987-10-09,95228.2
1987-10-12,93433.16
1987-10-13,93458.5
1987-10-14,91109.48
1987-10-15,90582.05
1987-10-16,88203.66
1987-10-19,81900.56
1987-10-20,83522.81
1987-10-21,86613.68
1987-10-22,83565.16
1987-10-23,82521.27
1987-10-26,81491.1
1987-10-27,81402.26
1987-10-28,80704.45
1987-10-29,82626.88
1987-10-30,83219.02
1987-11-02,84349.55
1987-11-03,82231.62
1987-11-04,82238.16
1987-11-05,82323.06
1987-11-06,82280.08
1987-11-09,81037.93
1987-11-10,80591.79
1987-11-11,81098.24
1987-11-12,82239.33
1987-11-13,80785.16
1987-11-16,80685.72
1987-11-17,80014.44
1987-11-18,80303.29
1987-11-19,78518.23
1987-11-20,79146.11
1987-11-23,80943.32
1987-11-24,82636.22
1987-11-25,83215.15
1987-11-27,82170.68
1987-11-30,81536.97
1987-12-01,82072.96
1987-12-02,81435.66
1987-12-03,80495.73
1987-12-04,80304.56
1987-12-07,80451.24
1987-12-08,82613.4
1987-12-09,83602.64
1987-12-10,82605.63
1987-12-11,82714.25
1987-12-14,84325.74
1987-12-15,86141.58
1987-12-16,87323.12
1987-12-17,86515.61
1987-12-18,86685.79
1987-12-21,85763.01
1987-12-22,85663.78
1987-12-23,85297.07
1987-12-24,85354.81
1987-12-28,83015.64
1987-12-29,84104.01
1987-12-30,85744.54
1987-12-31,85182.86
1988-01-04,86910.26
1988-01-05,87375.63
1988-01-06,88239.29
1988-01-07,88364.01
1988-01-08,85848.79
1988-01-11,86337.97
1988-01-12,84338.88
1988-01-13,84215.51
1988-01-14,83723.51
1988-01-15,84152.99
1988-01-18,84021.19
1988-01-19,83836.9
1988-01-20,82341.93
1988-01-21,83902.52
1988-01-22,84049.59
1988-01-25,83645.77
1988-01-26,83743.21
1988-01-27,84745.54
1988-01-28,86358.96
1988-01-29,87393.89
1988-02-01,86950.49
1988-02-02,87074.3
1988-02-03,86084.18
1988-02-04,85989.3
1988-02-05,86483.31
1988-02-08,85758.06
1988-02-09,86063.35
1988-02-10,88513.5
1988-02-11,88147.15
1988-02-12,88814.07
1988-02-16,90444.9
1988-02-17,89874.14
1988-02-18,90927.05
1988-02-19,90899.46
1988-02-22,92112.71
1988-02-23,91755.53
1988-02-24,91273.41
1988-02-25,89756.92
1988-02-26,90571.37
1988-02-29,92804.16
1988-03-01,92012.55
1988-03-02,92156.56
1988-03-03,92104.25
1988-03-04,92070.8
1988-03-07,93129.18
1988-03-08,93927.52
1988-03-09,93920.67
1988-03-10,93988.01
1988-03-11,94819.02
1988-03-14,96348.68
1988-03-15,96551.18
1988-03-16,97277.12
1988-03-17,99538.07
1988-03-18,98140.86
1988-03-21,97740.67
1988-03-22,97362.64
1988-03-23,97274.71
1988-03-24,94936.42
1988-03-25,94086.32
1988-03-28,93188.47
1988-03-29,94793.84
1988-03-30,94487.96
1988-03-31,96060.28
1988-04-04,94952.44
1988-04-05,95359.87
1988-04-06,97631.15
1988-04-07,97434.36
1988-04-08,99043.37
1988-04-11,98059.23
1988-04-12,97825.2
1988-04-13,98581.53
1988-04-14,96390.83
1988-04-15,96787.66
1988-04-18,96912.34
1988-04-19,97505.63
1988-04-20,97135.2
1988-04-21,95759.71
1988-04-22,97016.56
1988-04-25,97341.27
1988-04-26,98633.12
1988-04-27,98874.74
1988-04-28,97712.11
1988-04-29,97321.87
1988-05-02,96734.89
1988-05-03,95935.39
1988-05-04,95203
1988-05-05,93254.2
1988-05-06,92949.43
1988-05-09,93150.39
1988-05-10,92475.77
1988-05-11,91531.23
1988-05-12,90499.31
1988-05-13,91248.99
1988-05-16,92099.01
1988-05-17,91876.19
1988-05-18,90506.28
1988-05-19,89768.22
1988-05-20,90758.33
1988-05-23,90908.22
1988-05-24,90778.58
1988-05-25,91640.87
1988-05-26,93095.49
1988-05-27,93646.74
1988-05-31,95283.7
1988-06-01,95677.84
1988-06-02,95895.67
1988-06-03,96320.27
1988-06-06,96513.5
1988-06-07,95608.97
1988-06-08,98446.57
1988-06-09,98486.3
1988-06-10,98549.85
1988-06-13,99153.22
1988-06-14,99786.87
1988-06-15,100726.61
1988-06-16,98660.22
1988-06-17,99444.38
1988-06-20,98777.42
1988-06-21,98389.51
1988-06-22,99502.59
1988-06-23,98694.07
1988-06-24,96943.33
1988-06-27,96402.15
1988-06-28,96354.82
1988-06-29,95339.52
1988-06-30,95330.16
1988-07-01,95649.33
1988-07-05,96121.17
1988-07-06,95531.01
1988-07-07,93963.3
1988-07-08,94705.2
1988-07-11,94208.96
1988-07-12,93373.71
1988-07-13,95183.78
1988-07-14,94616.59
1988-07-15,94576.62
1988-07-18,93973.22
1988-07-19,93578.97
1988-07-20,94881.28
1988-07-21,94091.31
1988-07-22,92884.26
1988-07-25,93646.61
1988-07-26,94368.26
1988-07-27,93909.77
1988-07-28,95127.62
1988-07-29,97040.78
1988-08-01,96444.58
1988-08-02,95428.8
1988-08-03,94906.41
1988-08-04,94395.73
1988-08-05,92014.39
1988-08-08,91330.71
1988-08-09,90239.88
1988-08-10,88817.91
1988-08-11,89105.5
1988-08-12,88981.04
1988-08-15,87703.96
1988-08-16,89002.95
1988-08-17,90217.9
1988-08-18,90757.58
1988-08-19,90234.48
1988-08-22,89431.53
1988-08-23,90621.92
1988-08-24,91278.49
1988-08-25,90911.68
1988-08-26,91384.64
1988-08-29,91273.16
1988-08-30,91464.39
1988-08-31,91913.52
1988-09-01,91085.46
1988-09-02,92797.38
1988-09-06,93194.15
1988-09-07,93567.05
1988-09-08,94649.48
1988-09-09,93861.77
1988-09-12,94607.85
1988-09-13,95710.17
1988-09-14,96297.81
1988-09-15,96444.34
1988-09-16,96364.6
1988-09-19,94447.67
1988-09-20,95727
1988-09-21,97110.65
1988-09-22,95396.2
1988-09-23,95666.45
1988-09-26,96296.09
1988-09-27,95489.57
1988-09-28,95743.18
1988-09-29,95986.46
1988-09-30,95741.78
1988-10-03,95523.25
1988-10-04,95623.14
1988-10-05,95998.98
1988-10-06,95728.03
1988-10-07,96710.58
1988-10-10,96558.19
1988-10-11,95580.48
1988-10-12,94200.46
1988-10-13,95049.68
1988-10-14,94122.84
1988-10-17,95085.71
1988-10-18,95815.85
1988-10-19,96284.43
1988-10-20,97596.34
1988-10-21,97734.16
1988-10-24,98057.87
1988-10-25,98621.72
1988-10-26,99357.58
1988-10-27,99506.45
1988-10-28,100611.98
1988-10-31,101831.55
1988-11-01,101054.57
1988-11-02,101508
1988-11-03,101986.1
1988-11-04,101559.61
1988-11-07,102401.23
1988-11-08,102598.21
1988-11-09,103389.66
1988-11-10,103362.55
1988-11-11,102317.07
1988-11-14,101604.48
1988-11-15,102912.4
1988-11-16,102621.09
1988-11-17,102480.32
1988-11-18,103192.78
1988-11-21,103024.71
1988-11-22,103241.23
1988-11-23,102732.91
1988-11-25,101868.23
1988-11-28,102460.15
1988-11-29,103177.46
1988-11-30,105376.58
1988-12-01,105182.29
1988-12-02,104389.85
1988-12-05,105485.5
1988-12-06,106096.63
1988-12-07,106072.61
1988-12-08,105292.92
1988-12-09,106459.36
1988-12-12,105978.29
1988-12-13,105836.54
1988-12-14,104658.51
1988-12-15,104689.1
1988-12-16,105985.96
1988-12-19,105758.14
1988-12-20,105246.68
1988-12-21,104930.4
1988-12-22,105002.41
1988-12-23,106944.18
1988-12-27,105929.28
1988-12-28,105612.04
1988-12-29,106564.72
1988-12-30,106494.48
1989-01-03,105821.84
1989-01-04,107420.34
1989-01-05,107484.17
1989-01-06,107515.47
1989-01-09,107191.48
1989-01-10,106473.53
1989-01-11,107882.62
1989-01-12,108491.71
1989-01-13,109907.05
1989-01-16,110375.94
1989-01-17,109863.4
1989-01-18,110520.91
1989-01-19,110035.36
1989-01-20,109811.86
1989-01-23,108563.33
1989-01-24,109523.19
1989-01-25,108003
1989-01-26,108445.79
1989-01-27,108961.9
1989-01-30,109912.53
1989-01-31,110055.46
1989-02-01,110156.07
1989-02-02,110792.72
1989-02-03,111870.73
1989-02-06,111924.05
1989-02-07,113569.3
1989-02-08,113293.3
1989-02-09,112635.35
1989-02-10,110430.32
1989-02-13,110777.15
1989-02-14,111496.32
1989-02-15,111618.9
1989-02-16,111797.93
1989-02-17,111482.14
1989-02-21,110038.51
1989-02-22,109265.88
1989-02-23,109826
1989-02-24,109090.39
1989-02-27,109328.83
1989-02-28,109835.51
1989-03-01,109743.02
1989-03-02,110654.02
1989-03-03,110774.2
1989-03-06,111146.45
1989-03-07,110294.97
1989-03-08,110986.05
1989-03-09,111528.72
1989-03-10,111173.4
1989-03-13,111862.82
1989-03-14,112371.23
1989-03-15,111951.99
1989-03-16,113620.69
1989-03-17,111291.99
1989-03-20,109715.75
1989-03-21,110457.11
1989-03-22,109878.2
1989-03-23,109424.7
1989-03-27,108546.15
1989-03-28,108757.27
1989-03-29,109034.55
1989-03-30,108638.85
1989-03-31,109122.34
1989-04-03,108840
1989-04-04,107358.74
1989-04-05,107282.85
1989-04-06,106784.7
1989-04-07,107318.85
1989-04-10,107231.15
1989-04-11,107125.5
1989-04-12,107458.84
1989-04-13,107846.76
1989-04-14,109813.31
1989-04-17,110434.83
1989-04-18,111934.49
1989-04-19,111771.85
1989-04-20,111348.01
1989-04-21,112521.9
1989-04-24,112544.24
1989-04-25,111500.38
1989-04-26,110904.85
1989-04-27,111021.3
1989-04-28,111471.17
1989-05-01,111309.81
1989-05-02,110248.41
1989-05-03,109918.43
1989-05-04,109870.73
1989-05-05,109392.59
1989-05-08,110308.43
1989-05-09,109776.26
1989-05-10,110726.34
1989-05-11,111245.6
1989-05-12,112959.86
1989-05-15,112476.9
1989-05-16,111940.24
1989-05-17,112739.81
1989-05-18,112614.73
1989-05-19,113138.75
1989-05-22,112495.69
1989-05-23,110781.33
1989-05-24,110218.01
1989-05-25,110101.46
1989-05-26,110160.59
1989-05-30,108139.69
1989-05-31,108652.59
1989-06-01,108025.72
1989-06-02,108653.5
1989-06-05,106683.09
1989-06-06,107308.2
1989-06-07,108496.65
1989-06-08,109034.03
1989-06-09,108175.85
1989-06-12,107836.24
1989-06-13,107239.91
1989-06-14,107365.84
1989-06-15,106631.55
1989-06-16,105973.47
1989-06-19,105506.89
1989-06-20,106046.22
1989-06-21,106526.89
1989-06-22,107679.11
1989-06-23,108937.76
1989-06-26,108395.08
1989-06-27,109399.72
1989-06-28,108289.54
1989-06-29,107446.2
1989-06-30,107313.45
1989-07-03,107158.94
1989-07-05,107712.24
1989-07-06,108305.5
1989-07-07,110458
1989-07-10,111306.4
1989-07-11,110616.05
1989-07-12,110828.12
1989-07-13,110328.45
1989-07-14,111392.41
1989-07-17,111636.88
1989-07-18,112085.69
1989-07-19,114482.6
1989-07-20,114871.57
1989-07-21,117110.64
1989-07-24,115747.07
1989-07-25,115422.43
1989-07-26,117703.24
1989-07-27,118450.52
1989-07-28,117901.3
1989-07-31,119113.95
1989-08-01,118551.12
1989-08-02,118308.57
1989-08-03,119150.36
1989-08-04,119709.22
1989-08-07,121064.26
1989-08-08,120644.62
1989-08-09,121383.49
1989-08-10,120974.11
1989-08-11,119476.5
1989-08-14,118326.3
1989-08-15,117236.13
1989-08-16,117695.54
1989-08-17,117241.62
1989-08-18,118942.63
1989-08-21,117165.5
1989-08-22,117723.31
1989-08-23,118258.93
1989-08-24,120683.11
1989-08-25,119717.45
1989-08-28,118717.42
1989-08-29,117670.78
1989-08-30,117731.75
1989-08-31,116330.97
1989-09-01,117028.87
1989-09-05,117822.5
1989-09-06,116429.23
1989-09-07,115769.94
1989-09-08,116852.41
1989-09-11,117046.83
1989-09-12,117204.29
1989-09-13,116130.84
1989-09-14,114890.74
1989-09-15,116871.54
1989-09-18,117323.05
1989-09-19,117770.29
1989-09-20,117848.64
1989-09-21,117299.5
1989-09-22,118897.41
1989-09-25,117992.36
1989-09-26,116592.37
1989-09-27,117054
1989-09-28,118807.69
1989-09-29,119795.63
1989-10-02,119509.85
1989-10-03,119480.88
1989-10-04,120943.33
1989-10-05,120320.22
1989-10-06,119419.15
1989-10-09,119858.03
1989-10-10,117666.41
1989-10-11,117522.78
1989-10-12,116528.29
1989-10-13,113747.49
1989-10-16,115130.67
1989-10-17,113431.57
1989-10-18,112379.85
1989-10-19,113874.98
1989-10-20,114847.95
1989-10-23,115499.59
1989-10-24,114880.72
1989-10-25,115127.21
1989-10-26,114746.52
1989-10-27,114358.82
1989-10-30,114544.91
1989-10-31,115565.37
1989-11-01,116312.82
1989-11-02,115008.07
1989-11-03,115765.73
1989-11-06,113478.24
1989-11-07,115851.95
1989-11-08,116780.69
1989-11-09,117079.83
1989-11-10,118030.75
1989-11-13,118797.64
1989-11-14,118646.59
1989-11-15,118847.95
1989-11-16,119756.48
1989-11-17,119352.12
1989-11-20,119067.29
1989-11-21,117922.94
1989-11-22,118403.59
1989-11-24,119079.96
1989-11-27,118972.1
1989-11-28,120250.54
1989-11-29,119935.84
1989-11-30,120106.21
1989-12-01,120893.27
1989-12-04,121774.27
1989-12-05,120819.87
1989-12-06,120502.39
1989-12-07,120463.25
1989-12-08,123071.68
1989-12-11,122662.84
1989-12-12,121784.95
1989-12-13,122443.26
1989-12-14,122465.26
1989-12-15,121786.22
1989-12-18,119575.79
1989-12-19,118285.07
1989-12-20,118410.18
1989-12-21,119449.67
1989-12-22,120211.76
1989-12-26,120825.02
1989-12-27,121820.55
1989-12-28,122758.48
1989-12-29,123813.54
1990-01-02,124765.19
1990-01-03,124407.32
1990-01-04,124357.72
1990-01-05,124589.02
1990-01-08,124774.53
1990-01-09,122366.97
1990-01-10,122613.47
1990-01-11,122879.38
1990-01-12,121970.23
1990-01-15,121026.59
1990-01-16,123076.64
1990-01-17,122648.57
1990-01-18,123025.81
1990-01-19,123968.73
1990-01-22,121387.36
1990-01-23,120551.66
1990-01-24,120532.58
1990-01-25,117725.64
1990-01-26,116566.9
1990-01-29,116694.88
1990-01-30,116768.97
1990-01-31,117757.56
1990-02-01,117575.6
1990-02-02,118251.64
1990-02-05,118479.03
1990-02-06,117183.91
1990-02-07,118140.43
1990-02-08,118457.82
1990-02-09,117077.76
1990-02-12,115439.43
1990-02-13,115671.4
1990-02-14,115186.01
1990-02-15,115720.99
1990-02-16,114053.74
1990-02-20,111023.25
1990-02-21,111455.19
1990-02-22,111250.86
1990-02-23,110331.28
1990-02-26,112064.7
1990-02-27,111647.12
1990-02-28,112763.05
1990-03-01,111132.56
1990-03-02,112104.81
1990-03-05,109465.6
1990-03-06,110492.38
1990-03-07,108018.41
1990-03-08,109085.52
1990-03-09,108462.15
1990-03-12,109474.89
1990-03-13,108828.82
1990-03-14,109051.34
1990-03-15,107992.65
1990-03-16,108769.72
1990-03-19,108827.67
1990-03-20,108558.59
1990-03-21,107079.25
1990-03-22,106233.28
1990-03-23,105702.42
1990-03-26,105848.21
1990-03-27,105310.9
1990-03-28,104139.53
1990-03-29,105330.34
1990-03-30,105711.42
1990-04-02,105299.88
1990-04-03,106321.75
1990-04-04,106998.21
1990-04-05,106633.06
1990-04-06,105760.01
1990-04-09,104265.82
1990-04-10,105798.9
1990-04-11,106209.29
1990-04-12,107154.95
1990-04-16,107382.17
1990-04-17,108497.06
1990-04-18,106550.37
1990-04-19,105942.13
1990-04-20,105060.29
1990-04-23,104644.87
1990-04-24,106151.23
1990-04-25,104843.87
1990-04-26,105035.81
1990-04-27,103113.38
1990-04-30,104032.31
1990-05-01,105078.11
1990-05-02,107527.38
1990-05-03,108607.75
1990-05-04,108945.47
1990-05-07,110615.73
1990-05-08,110479.49
1990-05-09,110476.16
1990-05-10,111353.76
1990-05-11,114324.12
1990-05-14,117009.3
1990-05-15,116407.29
1990-05-16,115435.53
1990-05-17,115593.31
1990-05-18,114986.67
1990-05-21,115896.73
1990-05-22,116724.38
1990-05-23,116411.16
1990-05-24,115110.57
1990-05-25,112597.49
1990-05-29,114632.87
1990-05-30,115385.32
1990-05-31,115043.81
1990-06-01,116513.32
1990-06-04,117853.06
1990-06-05,118130.55
1990-06-06,118604.37
1990-06-07,116403.81
1990-06-08,115150.59
1990-06-11,116704.05
1990-06-12,119241.74
1990-06-13,118592.76
1990-06-14,118539.41
1990-06-15,118726.19
1990-06-18,117142.7
1990-06-19,117474.71
1990-06-20,118025.56
1990-06-21,116680.45
1990-06-22,113805.76
1990-06-25,112717.05
1990-06-26,111019.26
1990-06-27,112247.83
1990-06-28,113733.03
1990-06-29,114205.57
1990-07-02,114802.58
1990-07-03,114907.29
1990-07-05,113868.33
1990-07-06,112462.04
1990-07-09,112644.39
1990-07-10,112744.32
1990-07-11,112345.5
1990-07-12,112971.44
1990-07-13,113236.62
1990-07-16,114836.57
1990-07-17,114217.18
1990-07-18,116014.16
1990-07-19,116895.03
1990-07-20,114884.37
1990-07-23,113824.14
1990-07-24,114249.49
1990-07-25,115378.95
1990-07-26,114442.7
1990-07-27,113228.77
1990-07-30,115137.05
1990-07-31,114917.18
1990-08-01,114170.66
1990-08-02,112762.97
1990-08-03,111369.86
1990-08-06,107667.38
1990-08-07,107279.93
1990-08-08,107631.85
1990-08-09,108159.25
1990-08-10,105926.7
1990-08-13,106630.32
1990-08-14,106438.76
1990-08-15,106866.59
1990-08-16,104165.01
1990-08-17,104311.21
1990-08-20,103563.92
1990-08-21,101646.55
1990-08-22,100957.3
1990-08-23,98776.46
1990-08-24,100272.88
1990-08-27,103180.37
1990-08-28,102942.92
1990-08-29,103482.88
1990-08-30,103173.66
1990-08-31,104038.28
1990-09-04,103800.93
1990-09-05,105009.44
1990-09-06,102857.41
1990-09-07,103557.84
1990-09-10,103033.56
1990-09-11,105061.35
1990-09-12,104597.34
1990-09-13,102324.83
1990-09-14,100383.67
1990-09-17,101132.82
1990-09-18,100584.18
1990-09-19,98644.92
1990-09-20,96281
1990-09-21,95891.85
1990-09-24,95591.54
1990-09-25,95276.13
1990-09-26,93766.68
1990-09-27,92847.23
1990-09-28,92624.02
1990-10-01,95032.75
1990-10-02,96825.79
1990-10-03,95577.3
1990-10-04,93962.42
1990-10-05,94969.34
1990-10-08,95752.69
1990-10-09,92406.04
1990-10-10,90174.88
1990-10-11,89021.58
1990-10-12,90933.47
1990-10-15,92290.37
1990-10-16,92017.39
1990-10-17,92602.61
1990-10-18,94210.75
1990-10-19,96148.03
1990-10-22,97996.85
1990-10-23,97549.71
1990-10-24,98671.36
1990-10-25,98496.51
1990-10-26,99726.49
1990-10-29,99450.67
1990-10-30,99867.9
1990-10-31,101231.41
1990-11-01,101844.06
1990-11-02,103992.14
1990-11-05,102772.8
1990-11-06,101404.43
1990-11-07,100174.41
1990-11-08,101228.97
1990-11-09,102875.54
1990-11-12,101876.76
1990-11-13,102521.19
1990-11-14,101663.58
1990-11-15,100503.95
1990-11-16,99410.26
1990-11-19,100422.71
1990-11-20,98767.28
1990-11-21,99310.74
1990-11-23,97834.33
1990-11-26,100472.46
1990-11-27,102201.72
1990-11-28,100103.76
1990-11-29,99436.31
1990-11-30,99635.07
1990-12-03,99664.41
1990-12-04,101663.14
1990-12-05,103056.01
1990-12-06,102340.01
1990-12-07,101078.59
1990-12-10,103189.66
1990-12-11,101358.18
1990-12-12,100894.53
1990-12-13,99981.77
1990-12-14,98330.74
1990-12-17,99727.54
1990-12-18,103304.33
1990-12-19,103362.47
1990-12-20,103244.46
1990-12-21,103861.47
1990-12-24,103438.98
1990-12-26,103894.17
1990-12-27,102690.65
1990-12-28,101964.16
1990-12-31,101833.44
1991-01-02,101330.21
1991-01-03,99781.34
1991-01-04,101148.09
1991-01-07,98441.02
1991-01-08,98148.43
1991-01-09,97607.4
1991-01-10,97074.54
1991-01-11,96591.67
1991-01-14,97648.04
1991-01-15,96738.73
1991-01-16,96043.93
1991-01-17,99056.05
1991-01-18,100505.22
1991-01-21,102359.15
1991-01-22,101506.76
1991-01-23,102585.62
1991-01-24,104247.82
1991-01-25,102793.4
1991-01-28,105474.98
1991-01-29,105055.05
1991-01-30,105205.7
1991-01-31,105741.27
1991-02-01,104338.92
1991-02-04,105814.89
1991-02-05,106166.9
1991-02-06,108585.09
1991-02-07,106949.51
1991-02-08,107465.88
1991-02-11,111239.73
1991-02-12,109946.79
1991-02-13,109906.87
1991-02-14,108671.06
1991-02-15,112309.39
1991-02-19,113264.23
1991-02-20,112656.84
1991-02-21,111799.38
1991-02-22,113038.32
1991-02-25,113241.76
1991-02-26,113953.94
1991-02-27,116999.17
1991-02-28,115889.8
1991-03-01,116223.13
1991-03-04,115597.62
1991-03-05,117984.57
1991-03-06,117273.15
1991-03-07,116327.96
1991-03-08,114711.03
1991-03-11,113898.14
1991-03-12,111945.25
1991-03-13,113707.26
1991-03-14,112295.45
1991-03-15,113587.45
1991-03-18,113520.74
1991-03-19,111871.57
1991-03-20,115521.28
1991-03-21,113220.65
1991-03-22,113257.07
1991-03-25,112789.2
1991-03-26,114523.46
1991-03-27,114797.67
1991-03-28,112611.88
1991-04-01,109037.61
1991-04-02,109638.44
1991-04-03,110185.75
1991-04-04,110355.1
1991-04-05,108648.47
1991-04-08,108602.88
1991-04-09,106112.93
1991-04-10,106116.53
1991-04-11,109127.05
1991-04-12,110333.8
1991-04-15,110750.37
1991-04-16,113518.99
1991-04-17,113997.87
1991-04-18,112899.79
1991-04-19,111840.11
1991-04-22,111767.26
1991-04-23,112603.34
1991-04-24,113789.3
1991-04-25,114157.39
1991-04-26,112151.23
1991-04-29,111628.03
1991-04-30,113493.13
1991-05-01,115249.5
1991-05-02,116462.09
1991-05-03,116149.84
1991-05-06,116344.05
1991-05-07,115214.47
1991-05-08,114001.61
1991-05-09,114685.82
1991-05-10,112436.04
1991-05-13,110860.65
1991-05-14,109383.45
1991-05-15,109536.21
1991-05-16,109484.4
1991-05-17,109407.88
1991-05-20,109229.39
1991-05-21,112128.34
1991-05-22,112622.22
1991-05-23,111328.08
1991-05-24,113247.8
1991-05-28,113540.16
1991-05-29,113268.76
1991-05-30,116837.61
1991-05-31,116043.96
1991-06-03,116457.03
1991-06-04,117333.14
1991-06-05,117534.87
1991-06-06,117599.7
1991-06-07,116699.8
1991-06-10,115165.25
1991-06-11,116049.14
1991-06-12,113505.89
1991-06-13,115116.19
1991-06-14,118946.72
1991-06-17,118426.8
1991-06-18,117155.39
1991-06-19,114699.6
1991-06-20,113937.71
1991-06-21,114892
1991-06-24,112831.84
1991-06-25,111005.59
1991-06-26,109711.18
1991-06-27,109982
1991-06-28,108890.9
1991-07-01,110542.39
1991-07-02,111068.78
1991-07-03,108631.53
1991-07-05,109550.3
1991-07-08,110367.89
1991-07-09,108249.84
1991-07-10,108401.41
1991-07-11,109270.71
1991-07-12,112357.52
1991-07-15,112333.19
1991-07-16,112921.71
1991-07-17,113777.48
1991-07-18,115459.12
1991-07-19,115890.8
1991-07-22,115424.2
1991-07-23,113096.57
1991-07-24,110620.86
1991-07-25,111594.66
1991-07-26,111050.1
1991-07-29,113420.11
1991-07-30,113662.33
1991-07-31,114105.61
1991-08-01,112166.65
1991-08-02,112476.35
1991-08-05,111539.94
1991-08-06,113136.36
1991-08-07,113038.2
1991-08-08,112394.95
1991-08-09,112952.2
1991-08-12,115599.48
1991-08-13,115418.72
1991-08-14,115658.48
1991-08-15,116267.36
1991-08-16,115075.93
1991-08-19,113239.71
1991-08-20,113489.56
1991-08-21,117764.87
1991-08-22,117414.15
1991-08-23,116685.78
1991-08-26,114565.04
1991-08-27,115738.36
1991-08-28,115311.93
1991-08-29,115216.5
1991-08-30,113843.96
1991-09-03,111436.57
1991-09-04,110788.63
1991-09-05,110477.97
1991-09-06,110806.58
1991-09-09,111164.85
1991-09-10,110623.8
1991-09-11,111298.02
1991-09-12,111646.83
1991-09-13,111074.05
1991-09-16,110929.81
1991-09-17,111105.1
1991-09-18,111460.06
1991-09-19,112643.53
1991-09-20,113129.54
1991-09-23,111866.99
1991-09-24,115062.71
1991-09-25,113814.33
1991-09-26,115039.35
1991-09-27,116269.84
1991-09-30,117228.47
1991-10-01,118121.56
1991-10-02,117623.7
1991-10-03,117084.37
1991-10-04,115578.11
1991-10-07,114339.79
1991-10-08,114779.96
1991-10-09,112872.79
1991-10-10,113815.7
1991-10-11,114663.93
1991-10-14,115807.3
1991-10-15,117670.46
1991-10-16,118215.5
1991-10-17,118934.83
1991-10-18,118813.71
1991-10-21,118339.19
1991-10-22,117757.15
1991-10-23,117486.65
1991-10-24,115857.44
1991-10-25,116838.06
1991-10-28,118859.42
1991-10-29,119711.31
1991-10-30,119353.78
1991-10-31,119123.73
1991-11-01,118520.84
1991-11-04,119191.78
1991-11-05,118458.67
1991-11-06,118548.64
1991-11-07,119795.06
1991-11-08,118821.75
1991-11-11,119533.68
1991-11-12,120980.46
1991-11-13,121125.54
1991-11-14,120396.38
1991-11-15,116405.86
1991-11-18,117328.42
1991-11-19,116380.14
1991-11-20,115373.02
1991-11-21,115360.37
1991-11-22,115603.45
1991-11-25,115456.06
1991-11-26,115775.08
1991-11-27,114551.92
1991-11-29,114039.19
1991-12-02,115575.84
1991-12-03,115262.24
1991-12-04,114967.56
1991-12-05,113955.85
1991-12-06,114063.34
1991-12-09,113031.58
1991-12-10,113172.72
1991-12-11,113759.9
1991-12-12,114463.02
1991-12-13,114738.36
1991-12-16,115942.73
1991-12-17,116660.66
1991-12-18,116728.26
1991-12-19,116261.13
1991-12-20,116808.38
1991-12-23,119088.72
1991-12-24,118501.18
1991-12-26,120322.78
1991-12-27,119852.53
1991-12-30,122910.95
1991-12-31,122270.63
1992-01-02,122759
1992-01-03,122372.47
1992-01-06,122196.69
1992-01-07,122950.95
1992-01-08,122093.46
1992-01-09,120769.44
1992-01-10,119997.84
1992-01-13,120888.92
1992-01-14,121588.63
1992-01-15,122512.85
1992-01-16,122826.21
1992-01-17,123638.69
1992-01-20,123470.01
1992-01-21,121788.74
1992-01-22,123537.87
1992-01-23,121585.74
1992-01-24,122387.83
1992-01-27,121715.33
1992-01-28,121744.57
1992-01-29,121579.31
1992-01-30,122501.47
1992-01-31,120666.08
1992-02-03,121375.06
1992-02-04,122035.61
1992-02-05,121047.67
1992-02-06,120804.91
1992-02-07,119220.58
1992-02-10,119886.08
1992-02-11,121082.7
1992-02-12,122317.34
1992-02-13,120600.2
1992-02-14,121236.54
1992-02-18,120499.03
1992-02-19,119747.01
1992-02-20,120569.3
1992-02-21,119748.42
1992-02-24,119150.79
1992-02-25,119013.52
1992-02-26,119320.82
1992-02-27,119331.66
1992-02-28,118635.57
1992-03-02,117372.11
1992-03-03,116948.66
1992-03-04,115543.92
1992-03-05,115480.58
1992-03-06,116365.33
1992-03-09,116008.48
1992-03-10,117231.69
1992-03-11,116884.2
1992-03-12,116583.53
1992-03-13,117239.22
1992-03-16,116581.49
1992-03-17,116394.27
1992-03-18,116696.43
1992-03-19,116471.54
1992-03-20,117024.07
1992-03-23,115083.73
1992-03-24,114159.13
1992-03-25,114229.16
1992-03-26,113991.97
1992-03-27,113502.87
1992-03-30,112666.3
1992-03-31,112756.38
1992-04-01,113024.44
1992-04-02,112256.99
1992-04-03,112571.14
1992-04-06,112914.73
1992-04-07,110836.74
1992-04-08,110510.91
1992-04-09,111962.26
1992-04-10,112953.01
1992-04-13,112998.02
1992-04-14,114102.93
1992-04-15,115229.33
1992-04-16,115378.81
1992-04-20,113754.46
1992-04-21,113270.97
1992-04-22,111909.84
1992-04-23,112117.52
1992-04-24,112656.96
1992-04-27,113060.86
1992-04-28,111928.89
1992-04-29,112126.11
1992-04-30,113562.48
1992-05-01,113056.64
1992-05-04,114662.29
1992-05-05,114806.05
1992-05-06,115252.51
1992-05-07,115311.58
1992-05-08,115677.53
1992-05-11,116277.24
1992-05-12,115355.93
1992-05-13,116080.06
1992-05-14,115671.78
1992-05-15,115142.79
1992-05-18,116922.1
1992-05-19,118417.21
1992-05-20,118453.8
1992-05-21,117284.25
1992-05-22,118734.92
1992-05-26,117687.81
1992-05-27,117218.02
1992-05-28,118829.41
1992-05-29,118333.19
1992-06-01,118197.35
1992-06-02,117407.23
1992-06-03,117531.04
1992-06-04,116249.69
1992-06-05,115625.71
1992-06-08,115049.7
1992-06-09,114182.79
1992-06-10,113585.99
1992-06-11,113055.51
1992-06-12,112480.66
1992-06-15,112347.29
1992-06-16,113027.27
1992-06-17,110711.87
1992-06-18,110687.23
1992-06-19,111271.14
1992-06-22,111235.69
1992-06-23,112327.66
1992-06-24,111188.41
1992-06-25,111485.71
1992-06-26,111997.39
1992-06-29,113362.25
1992-06-30,114110.46
1992-07-01,115635.07
1992-07-02,115887.53
1992-07-06,116560.63
1992-07-07,114856.13
1992-07-08,114545.88
1992-07-09,114909.38
1992-07-10,115168.71
1992-07-13,115937.78
1992-07-14,116215.01
1992-07-15,115358.51
1992-07-16,115956.63
1992-07-17,115899.05
1992-07-20,114562.62
1992-07-21,115127.68
1992-07-22,114184.3
1992-07-23,113321.08
1992-07-24,113007.9
1992-07-27,112101.25
1992-07-28,113065.26
1992-07-29,114334.79
1992-07-30,114131.13
1992-07-31,114216
1992-08-03,115437.15
1992-08-04,115743.85
1992-08-05,114347.73
1992-08-06,115139.23
1992-08-07,114742.78
1992-08-10,115855.8
1992-08-11,116050.62
1992-08-12,116743.3
1992-08-13,116026.58
1992-08-14,116363.88
1992-08-17,117768.94
1992-08-18,118195.81
1992-08-19,117746.33
1992-08-20,118329.64
1992-08-21,117066.36
1992-08-24,115733.89
1992-08-25,116528.65
1992-08-26,117286.97
1992-08-27,117166.22
1992-08-28,116957.54
1992-08-31,117221.11
1992-09-01,117156.79
1992-09-02,117441.1
1992-09-03,118131.53
1992-09-04,117982.59
1992-09-08,117467.17
1992-09-09,117769.91
1992-09-10,118912.37
1992-09-11,118458.33
1992-09-14,120072.89
1992-09-15,117426.36
1992-09-16,117270.73
1992-09-17,116912.77
1992-09-18,117596.8
1992-09-21,117019
1992-09-22,116319.67
1992-09-23,116500.96
1992-09-24,117541.6
1992-09-25,116237.13
1992-09-28,116868.17
1992-09-29,116305.25
1992-09-30,116232.13
1992-10-01,115936.21
1992-10-02,113767.93
1992-10-05,113501.01
1992-10-06,113913.64
1992-10-07,112177.03
1992-10-08,111467.08
1992-10-09,110558.51
1992-10-12,111222.8
1992-10-13,111276.17
1992-10-14,111260.96
1992-10-15,112229.69
1992-10-16,112161.36
1992-10-19,112629.38
1992-10-20,112155.79
1992-10-21,112593.58
1992-10-22,111938.81
1992-10-23,112180.41
1992-10-26,113686.18
1992-10-27,113657.58
1992-10-28,114312.24
1992-10-29,114319.77
1992-10-30,113294.76
1992-11-02,114482.03
1992-11-03,114058.43
1992-11-04,114186.63
1992-11-05,113151.29
1992-11-06,112507.17
1992-11-09,113175.42
1992-11-10,112951.78
1992-11-11,114018.56
1992-11-12,114577.27
1992-11-13,114082.94
1992-11-16,112954.1
1992-11-17,112677.36
1992-11-18,114461.36
1992-11-19,114501.52
1992-11-20,115451.32
1992-11-23,114852.38
1992-11-24,115269.32
1992-11-25,114761.3
1992-11-27,115158.29
1992-11-30,115700.61
1992-12-01,115640.34
1992-12-02,115141.22
1992-12-03,115295.3
1992-12-04,116575.21
1992-12-07,117447.65
1992-12-08,117550.68
1992-12-09,117099.85
1992-12-10,116295.31
1992-12-11,115636.66
1992-12-14,116419.68
1992-12-15,116367.47
1992-12-16,115767.7
1992-12-17,117132.97
1992-12-18,118471.03
1992-12-21,118822.2
1992-12-22,118980.05
1992-12-23,118010.49
1992-12-24,116911.03
1992-12-28,116568.64
1992-12-29,116322.95
1992-12-30,117200.67
1992-12-31,116859.77
1993-01-04,115961.75
1993-01-05,115385.5
1993-01-06,115689.42
1993-01-07,114422.95
1993-01-08,114994.7
1993-01-11,115953.35
1993-01-12,116095.31
1993-01-13,116578.95
1993-01-14,116319.61
1993-01-15,117314.13
1993-01-18,117029.07
1993-01-19,116596.11
1993-01-20,116335.01
1993-01-21,117156.5
1993-01-22,117340.51
1993-01-25,118183.94
1993-01-26,117043.07
1993-01-27,116054.84
1993-01-28,116765.87
1993-01-29,117312.94
1993-02-01,119194.68
1993-02-02,118909.91
1993-02-03,120402.6
1993-02-04,120709.16
1993-02-05,121003.06
1993-02-08,120811.33
1993-02-09,120738.16
1993-02-10,120859.5
1993-02-11,120262.56
1993-02-12,120240.24
1993-02-16,118761.88
1993-02-17,117549.45
1993-02-18,117794.29
1993-02-19,118642.48
1993-02-22,117559.39
1993-02-23,117164.6
1993-02-24,118572.86
1993-02-25,119435.8
1993-02-26,119733.55
1993-03-01,119333.11
1993-03-02,120767.95
1993-03-03,120277.1
1993-03-04,120594.11
1993-03-05,120245.46
1993-03-08,122021.45
1993-03-09,122680.92
1993-03-10,122797.98
1993-03-11,123344.53
1993-03-12,122964.76
1993-03-15,122314.03
1993-03-16,123614.42
1993-03-17,123538.95
1993-03-18,124017.49
1993-03-19,123688.76
1993-03-22,125267.83
1993-03-23,125257.92
1993-03-24,125154.09
1993-03-25,126398.57
1993-03-26,125453.66
1993-03-29,126682.44
1993-03-30,127468.6
1993-03-31,126945.94
1993-04-01,126533.26
1993-04-02,124462.8
1993-04-05,125533.77
1993-04-06,125896.31
1993-04-07,126759.05
1993-04-08,126030.49
1993-04-12,127979.27
1993-04-13,128773.64
1993-04-14,130738.38
1993-04-15,129823.41
1993-04-16,131033.72
1993-04-19,130911.73
1993-04-20,130455.84
1993-04-21,129842.42
1993-04-22,130682.31
1993-04-23,130756.56
1993-04-26,129415.66
1993-04-27,131108.35
1993-04-28,131318.08
1993-04-29,131532.64
1993-04-30,132437.86
1993-05-03,133726.11
1993-05-04,132954.37
1993-05-05,132694.6
1993-05-06,132608.44
1993-05-07,132960.96
1993-05-10,134663.27
1993-05-11,133995.48
1993-05-12,133131.27
1993-05-13,131347.4
1993-05-14,131193.4
1993-05-17,131627.04
1993-05-18,132336.7
1993-05-19,133546.76
1993-05-20,134614.44
1993-05-21,133348.83
1993-05-24,133516.68
1993-05-25,133238.4
1993-05-26,135543.46
1993-05-27,135243.38
1993-05-28,135780.18
1993-06-01,136484.53
1993-06-02,135910.67
1993-06-03,134649.77
1993-06-04,133526.11
1993-06-07,132666.95
1993-06-08,132500.2
1993-06-09,133545.02
1993-06-10,133896.81
1993-06-11,133961.89
1993-06-14,134938.77
1993-06-15,133701.22
1993-06-16,134280.77
1993-06-17,134942.59
1993-06-18,133936.85
1993-06-21,133859.81
1993-06-22,133760.89
1993-06-23,131979.62
1993-06-24,132717.4
1993-06-25,133071.79
1993-06-28,133923.54
1993-06-29,132940.94
1993-06-30,134833.89
1993-07-01,134970.32
1993-07-02,133681.49
1993-07-06,132255.95
1993-07-07,133495.11
1993-07-08,136110.38
1993-07-09,135968.43
1993-07-12,135673.5
1993-07-13,135656.28
1993-07-14,136060.53
1993-07-15,137164.79
1993-07-16,136882.5
1993-07-19,135809.84
1993-07-20,136933.7
1993-07-21,137256.8
1993-07-22,136542.57
1993-07-23,137275.27
1993-07-26,137154.88
1993-07-27,137133.55
1993-07-28,137424.36
1993-07-29,138117.33
1993-07-30,137464.96
1993-08-02,137675.69
1993-08-03,137996.75
1993-08-04,136705.13
1993-08-05,136298.47
1993-08-06,136235.82
1993-08-09,136208.23
1993-08-10,136218.81
1993-08-11,137114.36
1993-08-12,137251.83
1993-08-13,136623.57
1993-08-16,138465.82
1993-08-17,138503.33
1993-08-18,139029.92
1993-08-19,138478.25
1993-08-20,137638.07
1993-08-23,138432.25
1993-08-24,140987.57
1993-08-25,140996.92
1993-08-26,142321.09
1993-08-27,142903.24
1993-08-30,143720.48
1993-08-31,143929.54
1993-09-01,144393.42
1993-09-02,142834.57
1993-09-03,143249.26
1993-09-07,143094.56
1993-09-08,142967.21
1993-09-09,143339.67
1993-09-10,142824.01
1993-09-13,142738.06
1993-09-14,141625.95
1993-09-15,142717.31
1993-09-16,142611.07
1993-09-17,142735.2
1993-09-20,141850.62
1993-09-21,141037.07
1993-09-22,142335.91
1993-09-23,140868.78
1993-09-24,140727.9
1993-09-27,141936.37
1993-09-28,141441.65
1993-09-29,140406.16
1993-09-30,141883.21
1993-10-01,141758.61
1993-10-04,141482.39
1993-10-05,140328.78
1993-10-06,139627.35
1993-10-07,139116.17
1993-10-08,139482.37
1993-10-11,140072.85
1993-10-12,140022.19
1993-10-13,140572.21
1993-10-14,142154.65
1993-10-15,143195.64
1993-10-18,142919.48
1993-10-19,142052.46
1993-10-20,142472.13
1993-10-21,143731.38
1993-10-22,143571.38
1993-10-25,143439.35
1993-10-26,145168.99
1993-10-27,144819.21
1993-10-28,145850.16
1993-10-29,145718.77
1993-11-01,146969.98
1993-11-02,146066.01
1993-11-03,143755.98
1993-11-04,142246.82
1993-11-05,143061.47
1993-11-08,142751.32
1993-11-09,141184.29
1993-11-10,141639.5
1993-11-11,141223.8
1993-11-12,141700.66
1993-11-15,141945.56
1993-11-16,143367.69
1993-11-17,141888.48
1993-11-18,140739.73
1993-11-19,138240.78
1993-11-22,136393.16
1993-11-23,136915.37
1993-11-24,137955.21
1993-11-26,137350.55
1993-11-29,137196.47
1993-11-30,137084.95
1993-12-01,138919.18
1993-12-02,139251.92
1993-12-03,141214.96
1993-12-06,142066.38
1993-12-07,143351.05
1993-12-08,143221.7
1993-12-09,143095.66
1993-12-10,142050.43
1993-12-13,144767.91
1993-12-14,144175.72
1993-12-15,143686.99
1993-12-16,145450.98
1993-12-17,145550.01
1993-12-20,145226.97
1993-12-21,144239.59
1993-12-22,145125.69
1993-12-23,143786.95
1993-12-27,144289.11
1993-12-28,144703.12
1993-12-29,144827.49
1993-12-30,144912.18
1993-12-31,144074.87
1994-01-03,144116.8
1994-01-04,145259.43
1994-01-05,146649.03
1994-01-06,145733.93
1994-01-07,146944.56
1994-01-10,150211.58
1994-01-11,149906.72
1994-01-12,149335.28
1994-01-13,148695.8
1994-01-14,149616.36
1994-01-17,149089.91
1994-01-18,150100.67
1994-01-19,150274.14
1994-01-20,151611.46
1994-01-21,151701.92
1994-01-24,149195.91
1994-01-25,148190.1
1994-01-26,148474.52
1994-01-27,150609.58
1994-01-28,151943.7
1994-01-31,153208.75
1994-02-01,153363.69
1994-02-02,155511.48
1994-02-03,154071.83
1994-02-04,150320.16
1994-02-07,151954.32
1994-02-08,151805.38
1994-02-09,150868.96
1994-02-10,149596.07
1994-02-11,149702.75
1994-02-14,149755.94
1994-02-15,150827.25
1994-02-16,152032.97
1994-02-17,152558.91
1994-02-18,150389.54
1994-02-22,151728.75
1994-02-23,151887.77
1994-02-24,150618.04
1994-02-25,151442.43
1994-02-28,151512.95
1994-03-01,150672.08
1994-03-02,150896.57
1994-03-03,148844.54
1994-03-04,150328.25
1994-03-07,151198.01
1994-03-08,151288.37
1994-03-09,151395.46
1994-03-10,148891.76
1994-03-11,149576.27
1994-03-14,148252.9
1994-03-15,147562.11
1994-03-16,149369.18
1994-03-17,149203.94
1994-03-18,148636.51
1994-03-21,147862.74
1994-03-22,148233.95
1994-03-23,147069.6
1994-03-24,146265.54
1994-03-25,146087.42
1994-03-28,148053.62
1994-03-29,145412.63
1994-03-30,143717.25
1994-03-31,144967.44
1994-04-04,145202.98
1994-04-05,146796.49
1994-04-06,145438.05
1994-04-07,146072.85
1994-04-08,145276.6
1994-04-11,145336.29
1994-04-12,144667.95
1994-04-13,144897.99
1994-04-14,146733.23
1994-04-15,147629.91
1994-04-18,147239.83
1994-04-19,146442.09
1994-04-20,147841.48
1994-04-21,150187.93
1994-04-22,148860.78
1994-04-25,149543.02
1994-04-26,148741.19
1994-04-28,147297.38
1994-04-29,149182.28
1994-05-02,150581.08
1994-05-03,149535.25
1994-05-04,149924.26
1994-05-05,148850.3
1994-05-06,148083.59
1994-05-09,145002.55
1994-05-10,146502.66
1994-05-11,145715.53
1994-05-12,147012.91
1994-05-13,147877.21
1994-05-16,147885.11
1994-05-17,148734.25
1994-05-18,150878.17
1994-05-19,151981.64
1994-05-20,150177.34
1994-05-23,149156.85
1994-05-24,148379.63
1994-05-25,147756.53
1994-05-26,148399.05
1994-05-27,148676.5
1994-05-31,149239.15
1994-06-01,149099.6
1994-06-02,148437.26
1994-06-03,149216.69
1994-06-06,149773.19
1994-06-07,150093.68
1994-06-08,148353.46
1994-06-09,149321.03
1994-06-10,149517.62
1994-06-13,149525.87
1994-06-14,152530.04
1994-06-15,153729.46
1994-06-16,153350.07
1994-06-17,152423.01
1994-06-20,151007.86
1994-06-21,149947.84
1994-06-22,150265.31
1994-06-23,148257.5
1994-06-24,146566.12
1994-06-27,148810.6
1994-06-28,149200.68
1994-06-29,149658.48
1994-06-30,148849.82
1994-07-01,149155.6
1994-07-05,149904.69
1994-07-06,148639.45
1994-07-07,150454.08
1994-07-08,150620.07
1994-07-11,149976.22
1994-07-12,148215.85
1994-07-13,147899.57
1994-07-14,149796.33
1994-07-15,149139.47
1994-07-18,149151.32
1994-07-19,146925.17
1994-07-20,146754.55
1994-07-21,147289.09
1994-07-22,147812.76
1994-07-25,147857.71
1994-07-26,148164.92
1994-07-27,148450.8
1994-07-28,150676.4
1994-07-29,151582.31
1994-08-01,151129.62
1994-08-02,152508.54
1994-08-03,152585.88
1994-08-04,152107.38
1994-08-05,150937.33
1994-08-08,151440.3
1994-08-09,150560.71
1994-08-10,151558.05
1994-08-11,149985.64
1994-08-12,150633.86
1994-08-15,148430.47
1994-08-16,150439.19
1994-08-17,150692.74
1994-08-18,150155.69
1994-08-19,150638.28
1994-08-22,151051.36
1994-08-23,152581.56
1994-08-24,154698.49
1994-08-25,153567.9
1994-08-26,155051.78
1994-08-29,155805.23
1994-08-30,156926.69
1994-08-31,156428.25
1994-09-01,156303.91
1994-09-02,156062.94
1994-09-06,155817.53
1994-09-07,156322.28
1994-09-08,156134.39
1994-09-09,153437.64
1994-09-12,153363.12
1994-09-13,151677.49
1994-09-14,152237.33
1994-09-15,154398.36
1994-09-16,152952.77
1994-09-19,152709.89
1994-09-20,151171.65
1994-09-21,151175.92
1994-09-22,151009.21
1994-09-23,151339.4
1994-09-26,150010.08
1994-09-27,150783.17
1994-09-28,153096.79
1994-09-29,151636.68
1994-09-30,152488.7
1994-10-03,152234.05
1994-10-04,149602.89
1994-10-05,149170.09
1994-10-06,150542.64
1994-10-07,151712.49
1994-10-10,151751
1994-10-11,153117.8
1994-10-12,154332.04
1994-10-13,155932.02
1994-10-14,156680.84
1994-10-17,157347.06
1994-10-18,155436.07
1994-10-19,157267.3
1994-10-20,156439.43
1994-10-21,156697.6
1994-10-24,155915.34
1994-10-25,154431.1
1994-10-26,153898.2
1994-10-27,155784.84
1994-10-28,156580.04
1994-10-31,156444.34
1994-11-01,154600.3
1994-11-02,152763.91
1994-11-03,152436.69
1994-11-04,151434.71
1994-11-07,152502.06
1994-11-08,153208.63
1994-11-09,153301.23
1994-11-10,152737.68
1994-11-11,151464.74
1994-11-14,152667.18
1994-11-15,152879.8
1994-11-16,152384.37
1994-11-17,152935.83
1994-11-18,152645.3
1994-11-21,151502.39
1994-11-22,148310.5
1994-11-23,148414.7
1994-11-25,149433.08
1994-11-28,149022.23
1994-11-29,148501.84
1994-11-30,149530.79
1994-12-01,148784.09
1994-12-02,149913.45
1994-12-05,150298.88
1994-12-06,151622.9
1994-12-07,150930.16
1994-12-08,148846.39
1994-12-09,148559.27
1994-12-12,148958.72
1994-12-13,149318.23
1994-12-14,149650.56
1994-12-15,149923.96
1994-12-16,150587.38
1994-12-19,150423.15
1994-12-20,150332.57
1994-12-21,152675.43
1994-12-22,151681.59
1994-12-23,150747.64
1994-12-27,151850.11
1994-12-28,150506.81
1994-12-29,150642.04
1994-12-30,150708.64
1995-01-03,150874.21
1995-01-04,150410.47
1995-01-05,150879.6
1995-01-06,150555.81
1995-01-09,150689.16
1995-01-10,151576.93
1995-01-11,150989.77
1995-01-12,149770.19
1995-01-13,150590.68
1995-01-16,151744.35
1995-01-17,151549.94
1995-01-18,150962.89
1995-01-19,149738.41
1995-01-20,148630.21
1995-01-23,148493.47
1995-01-24,148685.01
1995-01-25,148341.27
1995-01-26,147313.98
1995-01-27,148713.88
1995-01-30,148286.68
1995-01-31,147994.27
1995-02-01,147364.83
1995-02-02,147816.79
1995-02-03,148748.52
1995-02-06,148900.99
1995-02-07,149867.47
1995-02-08,150221.67
1995-02-09,148932.09
1995-02-10,149594.88
1995-02-13,149573.65
1995-02-14,149939.55
1995-02-15,149991.11
1995-02-16,150462.22
1995-02-17,149531.13
1995-02-21,150732.58
1995-02-22,149712.74
1995-02-23,150119.16
1995-02-24,150512.19
1995-02-27,150167.14
1995-02-28,150067.62
1995-03-01,150992.37
1995-03-02,151532.49
1995-03-03,152190.66
1995-03-06,152058.79
1995-03-07,150494.75
1995-03-08,150965.3
1995-03-09,151953.26
1995-03-10,152538.67
1995-03-13,152605.65
1995-03-14,152517.98
1995-03-15,151683.44
1995-03-16,153431.22
1995-03-17,153417.66
1995-03-20,153586.07
1995-03-21,154179.3
1995-03-22,154388.02
1995-03-23,155264.47
1995-03-24,157462.35
1995-03-27,157416.49
1995-03-28,158108.58
1995-03-29,157410.37
1995-03-30,158072.99
1995-03-31,157402.72
1995-04-03,157219.54
1995-04-04,158172.08
1995-04-05,159108.69
1995-04-06,158926.67
1995-04-07,159719.27
1995-04-10,159339.6
1995-04-11,158823.91
1995-04-12,159441.24
1995-04-13,160882.42
1995-04-17,160019.02
1995-04-18,159416.16
1995-04-19,159567.65
1995-04-20,159173.11
1995-04-21,159631.87
1995-04-24,162134.1
1995-04-25,162022.84
1995-04-26,161934.38
1995-04-27,162967.44
1995-04-28,162532.22
1995-05-01,162121.38
1995-05-02,161337.77
1995-05-03,162865.89
1995-05-04,163770.52
1995-05-05,163861.65
1995-05-08,163950.19
1995-05-09,162530.61
1995-05-10,162228.17
1995-05-11,161852.08
1995-05-12,162430.46
1995-05-15,162613.19
1995-05-16,162425.08
1995-05-17,162181.8
1995-05-18,160643.65
1995-05-19,160514.65
1995-05-22,161707.79
1995-05-23,163378.2
1995-05-24,163384.74
1995-05-25,163082.23
1995-05-26,161280.94
1995-05-30,161473.77
1995-05-31,163596.27
1995-06-01,164357.54
1995-06-02,163337.42
1995-06-05,164189.86
1995-06-06,164762.55
1995-06-07,164772.27
1995-06-08,164882.27
1995-06-09,164077.89
1995-06-12,163983.37
1995-06-13,164559.73
1995-06-14,163587.58
1995-06-15,163259.82
1995-06-16,164048.07
1995-06-19,165016.9
1995-06-20,165249.69
1995-06-21,164382.77
1995-06-22,165101.38
1995-06-23,165047.47
1995-06-26,162648.27
1995-06-27,160971.7
1995-06-28,161867.38
1995-06-29,162666.71
1995-06-30,163774.84
1995-07-03,164078.11
1995-07-05,164857.9
1995-07-06,166663.47
1995-07-07,167533.21
1995-07-10,167691.23
1995-07-11,166932.54
1995-07-12,168883.69
1995-07-13,168376.94
1995-07-14,169479.6
1995-07-17,170758.32
1995-07-18,168974.54
1995-07-19,167643.13
1995-07-20,168637.67
1995-07-21,167666.5
1995-07-24,168216.73
1995-07-25,169343.48
1995-07-26,171680.54
1995-07-27,172791.95
1995-07-28,171901.64
1995-07-31,172417.84
1995-08-01,170631.93
1995-08-02,169662.99
1995-08-03,171032.93
1995-08-04,171845.63
1995-08-07,172159.32
1995-08-08,172372.24
1995-08-09,171782.9
1995-08-10,169688.95
1995-08-11,168170.77
1995-08-14,169070.18
1995-08-15,169505.66
1995-08-16,169462.54
1995-08-17,168164.14
1995-08-18,168947.04
1995-08-21,169031.01
1995-08-22,169146.58
1995-08-23,167923.71
1995-08-24,168322.78
1995-08-25,169712.12
1995-08-28,168402.13
1995-08-29,168725.52
1995-08-30,168819.76
1995-08-31,169252.51
1995-09-01,170626.89
1995-09-05,171382.69
1995-09-06,171253.98
1995-09-07,170517.24
1995-09-08,171054.52
1995-09-11,171757.45
1995-09-12,173841.48
1995-09-13,175434.56
1995-09-14,176528.04
1995-09-15,175854.28
1995-09-18,174866.27
1995-09-19,174165.87
1995-09-20,174751.28
1995-09-21,172832.34
1995-09-22,173447.79
1995-09-25,173536.49
1995-09-26,172687.02
1995-09-27,172499.82
1995-09-28,174020.14
1995-09-29,173590.68
1995-10-02,172743.24
1995-10-03,172529.9
1995-10-04,172150.79
1995-10-05,171364.62
1995-10-06,171406.23
1995-10-09,169445.52
1995-10-10,169380.98
1995-10-11,170572.21
1995-10-12,172619.43
1995-10-13,172942.62
1995-10-16,171622.25
1995-10-17,171129.83
1995-10-18,171029.43
1995-10-19,173231.1
1995-10-20,172115.36
1995-10-23,171399.97
1995-10-24,171312.83
1995-10-25,169859.93
1995-10-26,168102.69
1995-10-27,169018.24
1995-10-30,170290.65
1995-10-31,170061.16
1995-11-01,170825.07
1995-11-02,173093.96
1995-11-03,173082.28
1995-11-06,171684.82
1995-11-07,171052.97
1995-11-08,172280.06
1995-11-09,172891.96
1995-11-10,172307.15
1995-11-13,172619.97
1995-11-14,172028.93
1995-11-15,173275.18
1995-11-16,174476.88
1995-11-17,174775.02
1995-11-20,174272.61
1995-11-21,176128.61
1995-11-22,176706.37
1995-11-24,177243.47
1995-11-27,177172.96
1995-11-28,177890.11
1995-11-29,177440.08
1995-11-30,175804.6
1995-12-01,176146.48
1995-12-04,178259.8
1995-12-05,178440.53
1995-12-06,178100.5
1995-12-07,178042.16
1995-12-08,179748.71
1995-12-11,180426.6
1995-12-12,180313.55
1995-12-13,180368.95
1995-12-14,178912.27
1995-12-15,179822.02
1995-12-18,177497.18
1995-12-19,180142.03
1995-12-20,180636.42
1995-12-21,181587.47
1995-12-22,180735.62
1995-12-26,181154.92
1995-12-27,181771.85
1995-12-28,180610.6
1995-12-29,180547.8
1996-01-02,181955.8
1996-01-03,181340.88
1996-01-04,180649.91
1996-01-05,179146.18
1996-01-08,178922.27
1996-01-09,177768.69
1996-01-10,174943.31
1996-01-11,176490.37
1996-01-12,175874.19
1996-01-15,175408.24
1996-01-16,175960.03
1996-01-17,176538.54
1996-01-18,176519.11
1996-01-19,177644.47
1996-01-22,178154.85
1996-01-23,178647.97
1996-01-24,179334.51
1996-01-25,180534.27
1996-01-26,179998.88
1996-01-29,180813.95
1996-01-30,181787.77
1996-01-31,183180.15
1996-02-01,183473.16
1996-02-02,182311.41
1996-02-05,182805.34
1996-02-06,183167.23
1996-02-07,184309.16
1996-02-08,186056.4
1996-02-09,184255.54
1996-02-12,184838.81
1996-02-13,183874.05
1996-02-14,183420.72
1996-02-15,183492.82
1996-02-16,183147.3
1996-02-20,182965.95
1996-02-21,184412.92
1996-02-22,185474.25
1996-02-23,185743.4
1996-02-26,183815.53
1996-02-27,183731.1
1996-02-28,183705.27
1996-02-29,184748.76
1996-03-01,185797.74
1996-03-04,187078.11
1996-03-05,188148.43
1996-03-06,186946.71
1996-03-07,186144.36
1996-03-08,183247.31
1996-03-11,183770.87
1996-03-12,183559.43
1996-03-13,183550.26
1996-03-14,183413.58
1996-03-15,184084.11
1996-03-18,185373.71
1996-03-19,186356.81
1996-03-20,186272.49
1996-03-21,185810.21
1996-03-22,186044.07
1996-03-25,186277.68
1996-03-26,187895.63
1996-03-27,187082.82
1996-03-28,188412.17
1996-03-29,187793
1996-04-01,190151.43
1996-04-02,190236.07
1996-04-03,190649.16
1996-04-04,190070.67
1996-04-08,187429.37
1996-04-09,186902.44
1996-04-10,185369.9
1996-04-11,185481.15
1996-04-12,186185.59
1996-04-15,188061.98
1996-04-16,188492.15
1996-04-17,187694.97
1996-04-18,188435.23
1996-04-19,189423.06
1996-04-22,190509.75
1996-04-23,191493.45
1996-04-24,191090.11
1996-04-25,191941.15
1996-04-26,193202.16
1996-04-29,193329.28
1996-04-30,193221.19
1996-05-01,192879.77
1996-05-02,191513.46
1996-05-03,190927.95
1996-05-06,190718.75
1996-05-07,190089.53
1996-05-08,190598.06
1996-05-09,190801.27
1996-05-10,191443.67
1996-05-13,192220.56
1996-05-14,192878.63
1996-05-15,193541.71
1996-05-16,193482.16
1996-05-17,194261.02
1996-05-20,194538.24
1996-05-21,194600.12
1996-05-22,194814.34
1996-05-23,194174.36
1996-05-24,194150.18
1996-05-28,193413.93
1996-05-29,193031.46
1996-05-30,193920.2
1996-05-31,194434.63
1996-06-03,193466.04
1996-06-04,194123.79
1996-06-05,194879.37
1996-06-06,194238.17
1996-06-07,193317.53
1996-06-10,193379.46
1996-06-11,193391.64
1996-06-12,193784.25
1996-06-13,193315.95
1996-06-14,193678.14
1996-06-17,193528.65
1996-06-18,193693.77
1996-06-19,193484.54
1996-06-20,193065.38
1996-06-21,193463.84
1996-06-24,193993.56
1996-06-25,193675.06
1996-06-26,193184.63
1996-06-27,193478.24
1996-06-28,194313.07
1996-07-01,194863.84
1996-07-02,194334.76
1996-07-03,193864.69
1996-07-05,191821.2
1996-07-08,190074.5
1996-07-09,190872.66
1996-07-10,190446.09
1996-07-11,188859.09
1996-07-12,187891.26
1996-07-15,185357.19
1996-07-16,184300.37
1996-07-17,185820.16
1996-07-18,187650.15
1996-07-19,187465.95
1996-07-22,185669.04
1996-07-23,184691.04
1996-07-24,182776.36
1996-07-25,184201.27
1996-07-26,184926.61
1996-07-29,184253.1
1996-07-30,184560.05
1996-07-31,186096.66
1996-08-01,188088.99
1996-08-02,190170.65
1996-08-05,190459.22
1996-08-06,189851.04
1996-08-07,189722.71
1996-08-08,189840.07
1996-08-09,189311.12
1996-08-12,190095.82
1996-08-13,189763.29
1996-08-14,190013.51
1996-08-15,190116.18
1996-08-16,190422.62
1996-08-19,190742.61
1996-08-20,190967.9
1996-08-21,191409.2
1996-08-22,192394.66
1996-08-23,192197.8
1996-08-26,191675.02
1996-08-27,192142.66
1996-08-28,191818.42
1996-08-29,190345.07
1996-08-30,189241.62
1996-09-03,188422.09
1996-09-04,189119.14
1996-09-05,188571.82
1996-09-06,189019.01
1996-09-09,190161.67
1996-09-10,190213.3
1996-09-11,190294.07
1996-09-12,191069.99
1996-09-13,193006.46
1996-09-16,193958.33
1996-09-17,194566.17
1996-09-18,194473.89
1996-09-19,194786.53
1996-09-20,194865.49
1996-09-23,194327.47
1996-09-24,194387.38
1996-09-25,195415.88
1996-09-26,195569.16
1996-09-27,195890.03
1996-09-30,196370.81
1996-10-01,196640.69
1996-10-02,197579.75
1996-10-03,197092.99
1996-10-04,197898.01
1996-10-07,198160
1996-10-08,197697.9
1996-10-09,196855.81
1996-10-10,196435.14
1996-10-11,197203.15
1996-10-14,197996.33
1996-10-15,198555.48
1996-10-16,198438.57
1996-10-17,198692.21
1996-10-18,199654.42
1996-10-21,199124.15
1996-10-22,198130.19
1996-10-23,197693.07
1996-10-24,197070.12
1996-10-25,196481.06
1996-10-28,195866.16
1996-10-29,196011.55
1996-10-30,195961.67
1996-10-31,196301.2
1996-11-01,196420.69
1996-11-04,196783.93
1996-11-05,197652.43
1996-11-06,199851.36
1996-11-07,200584.55
1996-11-08,201548.38
1996-11-11,201810.13
1996-11-12,202101.08
1996-11-13,202033.23
1996-11-14,203137.94
1996-11-15,203789.91
1996-11-18,203579.99
1996-11-19,204414.83
1996-11-20,205217.44
1996-11-21,205016.49
1996-11-22,206053.81
1996-11-25,206902.08
1996-11-26,206813.16
1996-11-27,206422.87
1996-11-29,206342.56
1996-12-02,205728.87
1996-12-03,204688.23
1996-12-04,204168.2
1996-12-05,205005.42
1996-12-06,202146.91
1996-12-09,203948.19
1996-12-10,204530.21
1996-12-11,202796.21
1996-12-12,200923.16
1996-12-13,199789.61
1996-12-16,199616.23
1996-12-17,200071.33
1996-12-18,200666.81
1996-12-19,201678.81
1996-12-20,202933.23
1996-12-23,202904.86
1996-12-24,202532.96
1996-12-26,203419.27
1996-12-27,204081.03
1996-12-30,204334.69
1996-12-31,204007.07
1997-01-02,202276.81
1997-01-03,203658.8
1997-01-06,204387.09
1997-01-07,204708.2
1997-01-08,204080.36
1997-01-09,203721.58
1997-01-10,202746
1997-01-13,204006.1
1997-01-14,205573.61
1997-01-15,205832.01
1997-01-16,206701.18
1997-01-17,207061.31
1997-01-20,206120.02
1997-01-21,206091.34
1997-01-22,207061.4
1997-01-23,206208.97
1997-01-24,204517.11
1997-01-27,202843.55
1997-01-28,202664.77
1997-01-29,203423.17
1997-01-30,204509.18
1997-01-31,206189.7
1997-02-03,206009.89
1997-02-04,206454.4
1997-02-05,205156.16
1997-02-06,205291.26
1997-02-07,206006.09
1997-02-10,206843.75
1997-02-11,206751.83
1997-02-12,208536.87
1997-02-13,209755.3
1997-02-14,209855.64
1997-02-18,210088.4
1997-02-19,209843.73
1997-02-20,209798.97
1997-02-21,209942.95
1997-02-24,211261.96
1997-02-25,212131.53
1997-02-26,210636.64
1997-02-27,209537.22
1997-02-28,208193.04
1997-03-03,207968.97
1997-03-04,208059.99
1997-03-05,209053.59
1997-03-06,208804.69
1997-03-07,209569.81
1997-03-10,211330.15
1997-03-11,211423.01
1997-03-12,209650.63
1997-03-13,207240.34
1997-03-14,207706.63
1997-03-17,206978.32
1997-03-18,206503.45
1997-03-19,206287.74
1997-03-20,204625.22
1997-03-21,205680.25
1997-03-24,205524.15
1997-03-25,206490.3
1997-03-26,207532.63
1997-03-27,206191.31
1997-03-31,203845.48
1997-04-01,202189.96
1997-04-02,201321.58
1997-04-03,200772.6
1997-04-04,201435.48
1997-04-07,201719.48
1997-04-08,202518.62
1997-04-09,201781.07
1997-04-10,201086.53
1997-04-11,198478.07
1997-04-14,198123.11
1997-04-15,200100.95
1997-04-16,201655.86
1997-04-17,201885.13
1997-04-18,202802.83
1997-04-21,202910.8
1997-04-22,204062.77
1997-04-23,204776.94
1997-04-24,204515.58
1997-04-25,203017.75
1997-04-28,203479.94
1997-04-29,206444.57
1997-04-30,208325.32
1997-05-01,208998.26
1997-05-02,211370.36
1997-05-05,214048.45
1997-05-06,215980.43
1997-05-07,214844.81
1997-05-08,215699.45
1997-05-09,217162.06
1997-05-12,220064.86
1997-05-13,220084.99
1997-05-14,220783.15
1997-05-15,221635.71
1997-05-16,221354.22
1997-05-19,221131.87
1997-05-20,222796.11
1997-05-21,222744.01
1997-05-22,221609.05
1997-05-23,223643.36
1997-05-27,223685.91
1997-05-28,224019.71
1997-05-29,223538.14
1997-05-30,222591.78
1997-06-02,223473.43
1997-06-03,223645.49
1997-06-04,223390.41
1997-06-05,224303.93
1997-06-06,226276.5
1997-06-09,228118.35
1997-06-10,228277.82
1997-06-11,229247.5
1997-06-12,230620.71
1997-06-13,231782.03
1997-06-16,232827.08
1997-06-17,232217.36
1997-06-18,231909.46
1997-06-19,233509.88
1997-06-20,233568.49
1997-06-23,231685.13
1997-06-24,233654.25
1997-06-25,234777.85
1997-06-26,234407.33
1997-06-27,234081.49
1997-06-30,233596.59
1997-07-01,234725.84
1997-07-02,236386.06
1997-07-03,239241.59
1997-07-07,238926.34
1997-07-08,239562.72
1997-07-09,238393.06
1997-07-10,238978.89
1997-07-11,239458.42
1997-07-14,240105.2
1997-07-15,239865.1
1997-07-16,242611.52
1997-07-17,242142.51
1997-07-18,239137
1997-07-21,237783.96
1997-07-22,240774.46
1997-07-23,242296.56
1997-07-24,242175.38
1997-07-25,241903.74
1997-07-28,241421.57
1997-07-29,242164.61
1997-07-30,243647.38
1997-07-31,244131.31
1997-08-01,242067.21
1997-08-04,240993.67
1997-08-05,240628.99
1997-08-06,242963.32
1997-08-07,242419.6
1997-08-08,240782.52
1997-08-11,239345.23
1997-08-12,238573.99
1997-08-13,237928.98
1997-08-14,237255.65
1997-08-15,234678.75
1997-08-18,234261.87
1997-08-19,236055.63
1997-08-20,238508.31
1997-08-21,237277.58
1997-08-22,235357.81
1997-08-25,234810.06
1997-08-26,234023.2
1997-08-27,233508.86
1997-08-28,231126.48
1997-08-29,228913.09
1997-09-02,231697.64
1997-09-03,233832.78
1997-09-04,233967.5
1997-09-05,235436.77
1997-09-08,236023.2
1997-09-09,237058.55
1997-09-10,234544.25
1997-09-11,231910.68
1997-09-12,233250.01
1997-09-15,233734.98
1997-09-16,236482.75
1997-09-17,237113.68
1997-09-18,237863.32
1997-09-19,238448.52
1997-09-22,239289.61
1997-09-23,239159.49
1997-09-24,240474.02
1997-09-25,239910.53
1997-09-26,240583.47
1997-09-29,241692.13
1997-09-30,241897.07
1997-10-01,243014.71
1997-10-02,243745.32
1997-10-03,244764.88
1997-10-06,245649.44
1997-10-07,246574.49
1997-10-08,245914.21
1997-10-09,244362.88
1997-10-10,243941.76
1997-10-13,244322.41
1997-10-14,244089.89
1997-10-15,243452.86
1997-10-16,243111.56
1997-10-17,239877.15
1997-10-20,239900.55
1997-10-21,242313.96
1997-10-22,241328.02
1997-10-23,235047.45
1997-10-24,233903.78
1997-10-27,223068.48
1997-10-28,223548.97
1997-10-29,228394.66
1997-10-30,224557.32
1997-10-31,226913.69
1997-11-03,231511.02
1997-11-04,231881.45
1997-11-05,232228.5
1997-11-06,230983.51
1997-11-07,226537.69
1997-11-10,225521.5
1997-11-11,225687.94
1997-11-12,221033.93
1997-11-13,221948.22
1997-11-14,222853.37
1997-11-17,228856.76
1997-11-18,228687.7
1997-11-19,226976.89
1997-11-20,229977.3
1997-11-21,232360.87
1997-11-24,229170.11
1997-11-25,227179.63
1997-11-26,227894.84
1997-11-28,229338.53
1997-12-01,232795.85
1997-12-02,233250.96
1997-12-03,233516.86
1997-12-04,233660.92
1997-12-05,234828.76
1997-12-08,235161.28
1997-12-09,234417.86
1997-12-10,232816.38
1997-12-11,228237.33
1997-12-12,227538.48
1997-12-15,228350.88
1997-12-16,229751.1
1997-12-17,232134.3
1997-12-18,230451.08
1997-12-19,226795.66
1997-12-22,226201.39
1997-12-23,225631.21
1997-12-24,225008.83
1997-12-26,225540.32
1997-12-29,229272.69
1997-12-30,232349.41
1997-12-31,232441.47
1998-01-02,232805.47
1998-01-05,232948.56
1998-01-06,230539.55
1998-01-07,229659.26
1998-01-08,227677.33
1998-01-09,222395.45
1998-01-12,219977.48
1998-01-13,223625.88
1998-01-14,226048.43
1998-01-15,225314.56
1998-01-16,229603.5
1998-01-20,233039.85
1998-01-21,232728.65
1998-01-22,231738.27
1998-01-23,231855.26
1998-01-26,232572.84
1998-01-27,234652.23
1998-01-28,236327.86
1998-01-29,237111.84
1998-01-30,236524.51
1998-02-02,241253.69
1998-02-03,243087.01
1998-02-04,243633.84
1998-02-05,244964.92
1998-02-06,246150.25
1998-02-09,245703.1
1998-02-10,247448.52
1998-02-11,247889.67
1998-02-12,247400.03
1998-02-13,245644.5
1998-02-17,246894.17
1998-02-18,248354.24
1998-02-19,247747.09
1998-02-20,248335.55
1998-02-23,249490.15
1998-02-24,247676.75
1998-02-25,250414.89
1998-02-26,252073.03
1998-02-27,253395.7
1998-03-02,255242.84
1998-03-03,255213.5
1998-03-04,253305.95
1998-03-05,249933.07
1998-03-06,253964.06
1998-03-09,253954.1
1998-03-10,255721.66
1998-03-11,255953.77
1998-03-12,256216.27
1998-03-13,258313.8
1998-03-16,259068.29
1998-03-17,260213.64
1998-03-18,259925.12
1998-03-19,261259.37
1998-03-20,262676.05
1998-03-23,262952.74
1998-03-24,264455.29
1998-03-25,265181.67
1998-03-26,265359.73
1998-03-27,264857.68
1998-03-30,262646.6
1998-03-31,263995.21
1998-04-01,265237.09
1998-04-02,265930.2
1998-04-03,266127.99
1998-04-06,267293
1998-04-07,265927.95
1998-04-08,265702.69
1998-04-09,268536.32
1998-04-13,268308.79
1998-04-14,270471.23
1998-04-15,271286.15
1998-04-16,267663.95
1998-04-17,268510.85
1998-04-20,269648.38
1998-04-21,270647.94
1998-04-22,270503.78
1998-04-23,267760.44
1998-04-24,265984.29
1998-04-27,259794.25
1998-04-28,260867.13
1998-04-29,262196.92
1998-04-30,266225.33
1998-05-01,268098
1998-05-04,269643.9
1998-05-05,268391.95
1998-05-06,266592.27
1998-05-07,263927.51
1998-05-08,265701.68
1998-05-11,266655.81
1998-05-12,266137.8
1998-05-13,266276.15
1998-05-14,265835.42
1998-05-15,264722.67
1998-05-18,261888.65
1998-05-19,263755.53
1998-05-20,265944.75
1998-05-21,266740.48
1998-05-22,266166.29
1998-05-26,264030.25
1998-05-27,260660.31
1998-05-28,261229.5
1998-05-29,260648.02
1998-06-01,258902.25
1998-06-02,260088.37
1998-06-03,260000.23
1998-06-04,261389.68
1998-06-05,263761.6
1998-06-08,264530.83
1998-06-09,264618.81
1998-06-10,261594.17
1998-06-11,257165.8
1998-06-12,255751.18
1998-06-15,250276.83
1998-06-16,252866.13
1998-06-17,258981.79
1998-06-18,259766.87
1998-06-19,259009.97
1998-06-22,257869.24
1998-06-23,260050.36
1998-06-24,261742.47
1998-06-25,262674.48
1998-06-26,262457.29
1998-06-29,263995.2
1998-06-30,265077.82
1998-07-01,268462.88
1998-07-02,268254.05
1998-07-06,270276.66
1998-07-07,270713.82
1998-07-08,272094.39
1998-07-09,270016.69
1998-07-10,269619.06
1998-07-13,271183.77
1998-07-14,274319.94
1998-07-15,274913.68
1998-07-16,276558.27
1998-07-17,278151.19
1998-07-20,278865.33
1998-07-21,275426.1
1998-07-22,272425.31
1998-07-23,268649.68
1998-07-24,268782.48
1998-07-27,266583.71
1998-07-28,264759.83
1998-07-29,263716.71
1998-07-30,266772.11
1998-07-31,263430.7
1998-08-03,259910.47
1998-08-04,254607.48
1998-08-05,253845.66
1998-08-06,253811.97
1998-08-07,254962.92
1998-08-10,251809.18
1998-08-11,246158.03
1998-08-12,249432.39
1998-08-13,247230.69
1998-08-14,246447.66
1998-08-17,247980.3
1998-08-18,252883.78
1998-08-19,253597.7
1998-08-20,252059.63
1998-08-21,246174.47
1998-08-24,246996.63
1998-08-25,248721.3
1998-08-26,244501.75
1998-08-27,235797.24
1998-08-28,232995.12
1998-08-31,224980.17
1998-09-01,229439.48
1998-09-02,231503.22
1998-09-03,229583.79
1998-09-04,228607.36
1998-09-08,239032.59
1998-09-09,234721.63
1998-09-10,229379.65
1998-09-11,232004.72
1998-09-14,236471.86
1998-09-15,237784.69
1998-09-16,239247.73
1998-09-17,233612.75
1998-09-18,232578.77
1998-09-21,229521.77
1998-09-22,232181.6
1998-09-23,238139.36
1998-09-24,236325.33
1998-09-25,234906.01
1998-09-28,236439.23
1998-09-29,236453.45
1998-09-30,230440.9
1998-10-01,223212.28
1998-10-02,223256.52
1998-10-05,219060.87
1998-10-06,221897.5
1998-10-07,223754.95
1998-10-08,218344.01
1998-10-09,223008.04
1998-10-12,229257.73
1998-10-13,228724.52
1998-10-14,230982.46
1998-10-15,237494.3
1998-10-16,241942.97
1998-10-19,243073.8
1998-10-20,245685.77
1998-10-21,245704.55
1998-10-22,246886.63
1998-10-23,245908.99
1998-10-26,245817.63
1998-10-27,246509.78
1998-10-28,245400.37
1998-10-29,248583.81
1998-10-30,251632.62
1998-11-02,256735.17
1998-11-03,256054.55
1998-11-04,259702.88
1998-11-05,260333.85
1998-11-06,260776.39
1998-11-09,256988.23
1998-11-10,255437.19
1998-11-11,256312.58
1998-11-12,253900.32
1998-11-13,255523.33
1998-11-16,259804.33
1998-11-17,259534.72
1998-11-18,260573.27
1998-11-19,263105.87
1998-11-20,265911.15
1998-11-23,269837.4
1998-11-24,269489.07
1998-11-25,269261.39
1998-11-27,271636.42
1998-11-30,266256.75
1998-12-01,264817.98
1998-12-02,264621.9
1998-12-03,262937.43
1998-12-04,265877.35
1998-12-07,267141.46
1998-12-08,267037.46
1998-12-09,268604.52
1998-12-10,266438.19
1998-12-11,264765.01
1998-12-14,261207.03
1998-12-15,263502.68
1998-12-16,264383.47
1998-12-17,267448.86
1998-12-18,268986.18
1998-12-21,272588.98
1998-12-22,271885.36
1998-12-23,276293.32
1998-12-24,275708.02
1998-12-28,276861.36
1998-12-29,279466.26
1998-12-30,278178.85
1998-12-31,279468.47
1999-01-04,281943.87
1999-01-05,284500.32
1999-01-06,289793.87
1999-01-07,288920.39
1999-01-08,288897.3
1999-01-11,286957.17
1999-01-12,282165.37
1999-01-13,277771.17
1999-01-14,275847.69
1999-01-15,280023.13
1999-01-19,283308.41
1999-01-20,285006.18
1999-01-21,281521.98
1999-01-22,277563.96
1999-01-25,278461.14
1999-01-26,280943.45
1999-01-27,279724.76
1999-01-28,282086.1
1999-01-29,283981.77
1999-02-01,284762.68
1999-02-02,284050.56
1999-02-03,283788.51
1999-02-04,280544.12
1999-02-05,278315.68
1999-02-08,277711.41
1999-02-09,272699.49
1999-02-10,272215.43
1999-02-11,277104.88
1999-02-12,275472.34
1999-02-16,276052.75
1999-02-17,273111.7
1999-02-18,274284.08
1999-02-19,274038.01
1999-02-22,278446.95
1999-02-23,279242.97
1999-02-24,278251.66
1999-02-25,277122.42
1999-02-26,275660.2
1999-03-01,274002.93
1999-03-02,272702.01
1999-03-03,272192.69
1999-03-04,273862.91
1999-03-05,280394.66
1999-03-08,281447.07
1999-03-09,282081.93
1999-03-10,284639.24
1999-03-11,287277.32
1999-03-12,287231.83
1999-03-15,289023.88
1999-03-16,289554.98
1999-03-17,289369.51
1999-03-18,290031.21
1999-03-19,289918.37
1999-03-22,288526.53
1999-03-23,282603.6
1999-03-24,282164.75
1999-03-25,286363.88
1999-03-26,284306.73
1999-03-29,288518.38
1999-03-30,287707.8
1999-03-31,288009.8
1999-04-01,289533.87
1999-04-05,291645.08
1999-04-06,293457.43
1999-04-07,295192.08
1999-04-08,298135.32
1999-04-09,298871.02
1999-04-12,300109.87
1999-04-13,300703.05
1999-04-14,299243.14
1999-04-15,297360.21
1999-04-16,297814.77
1999-04-19,295080.93
1999-04-20,294660.01
1999-04-21,297569.53
1999-04-22,301274.9
1999-04-23,301897.54
1999-04-26,303338.69
1999-04-27,305602.58
1999-04-28,304101.12
1999-04-29,302560.73
1999-04-30,302248.5
1999-05-03,304406.39
1999-05-04,302400.62
1999-05-05,303253.68
1999-05-06,303370.24
1999-05-07,303830.39
1999-05-10,304146.65
1999-05-11,304889.54
1999-05-12,305244.55
1999-05-13,305681.31
1999-05-14,300747.32
1999-05-17,297860.34
1999-05-18,298349.16
1999-05-19,299394.71
1999-05-20,299581.8
1999-05-21,298308.01
1999-05-24,295089.37
1999-05-25,291389.14
1999-05-26,292801.19
1999-05-27,289751.45
1999-05-28,291922.38
1999-06-01,292262.78
1999-06-02,292420.31
1999-06-03,292929.63
1999-06-04,296271.37
1999-06-07,298857.73
1999-06-08,298620.1
1999-06-09,299623.19
1999-06-10,297966.48
1999-06-11,298399.88
1999-06-14,296132.8
1999-06-15,297103.79
1999-06-16,300854.88
1999-06-17,303065.34
1999-06-18,304172.92
1999-06-21,305909.22
1999-06-22,304320.26
1999-06-23,302445.48
1999-06-24,299770.22
1999-06-25,299982.4
1999-06-28,301935.34
1999-06-29,304190.63
1999-06-30,306015.28
1999-07-01,309305.94
1999-07-02,311374.8
1999-07-06,312848.56
1999-07-07,312197.9
1999-07-08,311322.9
1999-07-09,312327.58
1999-07-12,311916.66
1999-07-13,310470.48
1999-07-14,312200.03
1999-07-15,315502.82
1999-07-16,315452.53
1999-07-19,315253.27
1999-07-20,310783.06
1999-07-21,310684.57
1999-07-22,306984.9
1999-07-23,304700.51
1999-07-26,303377.28
1999-07-27,305469.19
1999-07-28,306731.25
1999-07-29,303584.74
1999-07-30,304421.12
1999-08-02,303368.89
1999-08-03,302333.35
1999-08-04,300287.35
1999-08-05,298869.77
1999-08-06,296780.19
1999-08-09,296130.24
1999-08-10,293037.53
1999-08-11,295106.98
1999-08-12,297371.3
1999-08-13,301389.02
1999-08-16,303293.18
1999-08-17,304399.79
1999-08-18,304293.01
1999-08-19,303187.36
1999-08-20,306579
1999-08-23,310575.87
1999-08-24,310155.86
1999-08-25,312191.66
1999-08-26,309617.31
1999-08-27,307920.32
1999-08-30,305725.06
1999-08-31,303632.72
1999-09-01,307179.62
1999-09-02,305310.58
1999-09-03,310466.03
1999-09-07,310186.74
1999-09-08,309097.16
1999-09-09,311520.51
1999-09-10,310937.19
1999-09-13,310725.92
1999-09-14,309564.23
1999-09-15,307111.1
1999-09-16,305318.17
1999-09-17,307040.59
1999-09-20,307973.66
1999-09-21,305151.21
1999-09-22,304177.12
1999-09-23,300671.99
1999-09-24,298121.54
1999-09-27,299130.07
1999-09-28,299297.09
1999-09-29,298172.01
1999-09-30,301198.98
1999-10-01,301522.18
1999-10-04,304674.97
1999-10-05,304879.36
1999-10-06,308280.47
1999-10-07,308999.28
1999-10-08,310410.04
1999-10-11,311395
1999-10-12,308604.58
1999-10-13,303548.1
1999-10-14,303320.69
1999-10-15,297999.33
1999-10-18,295892.48
1999-10-19,298541.51
1999-10-20,302709.77
1999-10-21,301931.15
1999-10-22,305308.42
1999-10-25,304490.59
1999-10-26,303793.97
1999-10-27,304169.32
1999-10-28,310491.7
1999-10-29,316393.61
1999-11-01,315688.33
1999-11-02,315403.8
1999-11-03,316837.11
1999-11-04,318759.6
1999-11-05,319928.79
1999-11-08,320565.31
1999-11-09,320293.05
1999-11-10,322847.03
1999-11-11,324168.9
1999-11-12,325539.42
1999-11-15,326582.12
1999-11-16,329668.85
1999-11-17,329845.22
1999-11-18,332487.53
1999-11-19,332297.49
1999-11-22,332227.52
1999-11-23,330620.54
1999-11-24,330875.93
1999-11-26,334046
1999-11-29,332864.84
1999-11-30,328408.51
1999-12-01,330225.36
1999-12-02,332206.04
1999-12-03,336999.91
1999-12-06,338192.73
1999-12-07,338134.95
1999-12-08,337502.67
1999-12-09,338335.09
1999-12-10,339364.12
1999-12-13,339013.39
1999-12-14,336137.47
1999-12-15,335888.61
1999-12-16,338568.01
1999-12-17,339801.45
1999-12-20,340732.22
1999-12-21,342932.87
1999-12-22,345442.22
1999-12-23,350169.6
1999-12-27,350545.25
1999-12-28,351739.7
1999-12-29,353615.57
1999-12-30,355412.37
1999-12-31,356384.61
2000-01-03,356531.95
2000-01-04,345788.85
2000-01-05,341020.06
2000-01-06,338005.85
2000-01-07,345469.7
2000-01-10,350785.83
2000-01-11,347315.87
2000-01-12,345888.25
2000-01-13,349572.8
2000-01-14,353285.05
2000-01-18,351609
2000-01-19,350425.56
2000-01-20,350003.05
2000-01-21,349514.03
2000-01-24,344658.4
2000-01-25,343326.07
2000-01-26,344021.16
2000-01-27,344149.64
2000-01-28,338142.06
2000-01-31,338083.83
2000-02-01,340849.25
2000-02-02,342929.3
2000-02-03,349268.39
2000-02-04,349821.68
2000-02-07,349241.79
2000-02-08,353812.29
2000-02-09,351543.25
2000-02-10,352013.21
2000-02-11,348580.48
2000-02-14,347229.75
2000-02-15,345771.06
2000-02-16,346004.84
2000-02-17,348304.58
2000-02-18,342544.31
2000-02-22,341470.33
2000-02-23,345152.26
2000-02-24,345099.26
2000-02-25,344169.15
2000-02-28,343328.17
2000-02-29,347361.3
2000-03-01,352663.44
2000-03-02,354722.74
2000-03-03,359039.31
2000-03-06,357840.37
2000-03-07,353762.42
2000-03-08,353434.33
2000-03-09,359304.77
2000-03-10,359106.84
2000-03-13,352597.91
2000-03-14,348198.34
2000-03-15,347960.2
2000-03-16,358689.14
2000-03-17,360656.61
2000-03-20,358697.61
2000-03-21,362758.35
2000-03-22,363910.27
2000-03-23,367288.01
2000-03-24,370324.6
2000-03-27,370200.02
2000-03-28,368592.3
2000-03-29,366355.05
2000-03-30,359776.79
2000-03-31,363578.86
2000-04-03,359062.15
2000-04-04,356538.31
2000-04-05,354734.95
2000-04-06,358751.18
2000-04-07,362656.75
2000-04-10,359545.35
2000-04-11,355837.92
2000-04-12,350706.45
2000-04-13,345948.81
2000-04-14,330287.85
2000-04-17,331474.85
2000-04-18,340036.42
2000-04-19,339385.93
2000-04-20,340514.25
2000-04-24,339629.37
2000-04-25,346108.77
2000-04-26,344314.7
2000-04-27,343192.94
2000-04-28,344707.45
2000-05-01,347637.11
2000-05-02,346295.93
2000-05-03,339045.66
2000-05-04,339032
2000-05-05,341952
2000-05-08,339008.32
2000-05-09,335489.42
2000-05-10,329834.47
2000-05-11,332923.91
2000-05-12,337888.35
2000-05-15,340530.86
2000-05-16,344014.63
2000-05-17,338173.89
2000-05-18,336337.69
2000-05-19,329265.08
2000-05-22,325745.03
2000-05-23,323363.59
2000-05-24,324430.15
2000-05-25,324655.41
2000-05-26,325020.76
2000-05-30,336155.87
2000-05-31,334464.23
2000-06-01,340966.16
2000-06-02,352168.75
2000-06-05,351034.58
2000-06-06,350861.23
2000-06-07,351853.94
2000-06-08,350143.68
2000-06-09,349827.27
2000-06-12,348253.97
2000-06-13,350891.57
2000-06-14,351171.73
2000-06-15,349692.56
2000-06-16,348894.09
2000-06-19,352334.11
2000-06-20,353172.66
2000-06-21,352651.5
2000-06-22,348292.84
2000-06-23,345411.16
2000-06-26,346433.25
2000-06-27,346509.8
2000-06-28,348763.2
2000-06-29,346209.4
2000-06-30,349138.83
2000-07-03,352436.43
2000-07-05,348970.83
2000-07-06,350199.12
2000-07-07,354125.57
2000-07-10,354849.96
2000-07-11,354436.12
2000-07-12,356374.93
2000-07-13,355813.85
2000-07-14,358173.09
2000-07-17,358642.52
2000-07-18,354000.15
2000-07-19,350745.18
2000-07-20,353878.2
2000-07-21,350247.88
2000-07-24,347191.65
2000-07-25,348365.36
2000-07-26,346273.68
2000-07-27,342112.33
2000-07-28,335323.63
2000-07-31,338120.23
2000-08-01,338556.09
2000-08-02,338540.49
2000-08-03,337947.15
2000-08-04,340465.43
2000-08-07,343773.13
2000-08-08,342969
2000-08-09,343311.63
2000-08-10,342591.75
2000-08-11,344214.34
2000-08-14,347181.34
2000-08-15,347521.36
2000-08-16,347830.13
2000-08-17,349257.82
2000-08-18,348195.42
2000-08-21,348113.93
2000-08-22,348370.32
2000-08-23,349388.08
2000-08-24,350668.2
2000-08-25,351765.28
2000-08-28,352878.01
2000-08-29,352082.12
2000-08-30,350668.59
2000-08-31,352440.07
2000-09-01,356679.9
2000-09-05,352984.47
2000-09-06,349095.61
2000-09-07,349900.36
2000-09-08,346648.02
2000-09-11,344287.68
2000-09-12,342129.41
2000-09-13,342346.98
2000-09-14,342737.11
2000-09-15,339646.81
2000-09-18,334077.22
2000-09-19,336378.66
2000-09-20,334917.71
2000-09-21,332938.54
2000-09-22,334765.39
2000-09-25,334980.84
2000-09-26,333000.95
2000-09-27,332660.54
2000-09-28,336901.01
2000-09-29,335513.78
2000-10-02,334984.95
2000-10-03,333206.31
2000-10-04,333379.83
2000-10-05,333261.17
2000-10-06,328719.9
2000-10-09,325781.07
2000-10-10,323214.37
2000-10-11,317948.27
2000-10-12,312191.12
2000-10-13,318334.11
2000-10-16,318511.45
2000-10-17,313634.65
2000-10-18,310420.63
2000-10-19,318646.82
2000-10-20,320782.84
2000-10-23,320837.27
2000-10-24,322942.89
2000-10-25,316571.38
2000-10-26,315918.64
2000-10-27,320004.98
2000-10-30,321480.81
2000-10-31,327269.12
2000-11-01,329042.32
2000-11-02,331074.3
2000-11-03,331734.19
2000-11-06,332567.4
2000-11-07,332314.28
2000-11-08,328016.85
2000-11-09,325058.25
2000-11-10,319483.04
2000-11-13,314726.66
2000-11-14,321668.59
2000-11-15,322827.97
2000-11-16,318226.02
2000-11-17,316837.33
2000-11-20,310535.02
2000-11-21,310034.9
2000-11-22,303951.84
2000-11-24,308478.59
2000-11-27,311418.56
2000-11-28,307797.81
2000-11-29,307380.23
2000-11-30,303335.64
2000-12-01,306024.31
2000-12-04,307004.13
2000-12-05,316973.74
2000-12-06,313704.68
2000-12-07,312273.75
2000-12-08,317109.57
2000-12-11,321010.37
2000-12-12,318820.14
2000-12-13,316391.38
2000-12-14,312791.79
2000-12-15,308037.46
2000-12-18,309572.36
2000-12-19,306905.28
2000-12-20,299194.77
2000-12-21,299076.52
2000-12-22,305028.28
2000-12-26,307142.58
2000-12-27,310825.4
2000-12-28,312332.17
2000-12-29,311665.77
2001-01-02,305487.36
2001-01-03,312502.91
2001-01-04,313243.7
2001-01-05,308717.27
2001-01-08,307649
2001-01-09,306363.56
2001-01-10,307623.69
2001-01-11,310935.01
2001-01-12,311020.42
2001-01-16,311198.89
2001-01-17,312890.69
2001-01-18,316674.73
2001-01-19,315405.27
2001-01-22,315643.61
2001-01-23,318402.13
2001-01-24,317823.98
2001-01-25,316916.52
2001-01-26,316498.44
2001-01-29,318126.86
2001-01-30,319814.49
2001-01-31,319922.23
2001-02-01,321026.05
2001-02-02,316087.54
2001-02-05,316103.98
2001-02-06,315965.48
2001-02-07,313173.97
2001-02-08,310549.32
2001-02-09,307512.23
2001-02-12,310626.89
2001-02-13,308477.84
2001-02-14,307295.04
2001-02-15,308732.4
2001-02-16,304541.3
2001-02-20,299949.31
2001-02-21,295534.69
2001-02-22,293988.25
2001-02-23,292996.88
2001-02-26,296534.01
2001-02-27,295557.83
2001-02-28,292559.71
2001-03-01,292493.53
2001-03-02,291263.88
2001-03-05,292485.22
2001-03-06,295985.42
2001-03-07,296825.21
2001-03-08,296837.73
2001-03-09,291756.59
2001-03-12,280726.07
2001-03-13,281058.84
2001-03-14,273912.28
2001-03-15,276659.65
2001-03-16,270501.07
2001-03-19,272927.08
2001-03-20,270172.63
2001-03-21,267120.54
2001-03-22,261610.22
2001-03-23,267978.9
2001-03-26,273654.81
2001-03-27,279482.72
2001-03-28,272636.58
2001-03-29,270846.88
2001-03-30,272500.09
2001-04-02,268988.68
2001-04-03,262562.94
2001-04-04,263679.08
2001-04-05,274899.11
2001-04-06,269643.29
2001-04-09,270923.89
2001-04-10,276676.33
2001-04-11,276382.66
2001-04-12,279971.5
2001-04-16,277995.61
2001-04-17,279111.51
2001-04-18,289864.44
2001-04-19,292153.57
2001-04-20,290354.61
2001-04-23,286741.57
2001-04-24,285032.96
2001-04-25,288046.09
2001-04-26,290203.81
2001-04-27,293475.14
2001-04-30,294522.11
2001-05-01,297433.42
2001-05-02,297890.18
2001-05-03,293588.61
2001-05-04,297227.44
2001-05-07,297088.83
2001-05-08,295437.28
2001-05-09,293707.82
2001-05-10,294894.5
2001-05-11,292644.15
2001-05-14,286936.18
2001-05-15,292184.16
2001-05-16,297367.63
2001-05-17,299216.08
2001-05-18,299611.39
2001-05-21,303722.83
2001-05-22,303373.94
2001-05-23,299747.57
2001-05-24,299992.34
2001-05-25,297485.02
2001-05-29,294725.71
2001-05-30,290770.41
2001-05-31,291335.66
2001-06-01,291747.85
2001-06-04,292967.77
2001-06-05,296022
2001-06-06,293756.57
2001-06-07,294975.47
2001-06-08,293215.43
2001-06-11,289687.3
2001-06-12,288032.23
2001-06-13,287311.71
2001-06-14,283908.03
2001-06-15,282482.06
2001-06-18,280261.77
2001-06-19,280419.47
2001-06-20,281175.33
2001-06-21,283444.2
2001-06-22,282581.21
2001-06-25,281989.38
2001-06-26,280919.92
2001-06-27,280205.94
2001-06-28,282428.19
2001-06-29,283692.6
2001-07-02,285601.72
2001-07-03,284312.81
2001-07-05,279555.31
2001-07-06,274064.01
2001-07-09,275086.84
2001-07-10,273164.69
2001-07-11,271933.87
2001-07-12,276410.17
2001-07-13,277374.19
2001-07-16,276034.8
2001-07-17,275576.92
2001-07-18,274839.13
2001-07-19,276951.78
2001-07-20,276125.14
2001-07-23,272950.28
2001-07-24,270110.32
2001-07-25,271759.91
2001-07-26,274000.89
2001-07-27,275411.78
2001-07-30,275880.74
2001-07-31,278002.8
2001-08-01,279869.78
2001-08-02,281761.64
2001-08-03,280333.01
2001-08-06,277956.14
2001-08-07,278297.29
2001-08-08,274500.19
2001-08-09,273199.66
2001-08-10,274129.84
2001-08-13,274720.67
2001-08-14,276079.19
2001-08-15,276047.04
2001-08-16,275161.97
2001-08-17,271527.33
2001-08-20,271752.43
2001-08-21,271108.73
2001-08-22,273004.23
2001-08-23,271685.51
2001-08-24,276106.62
2001-08-27,275230.9
2001-08-28,271878.3
2001-08-29,269950.95
2001-08-30,265018.17
2001-08-31,266020.15
2001-09-04,264498.13
2001-09-05,262370.64
2001-09-06,256868.63
2001-09-07,253312.33
2001-09-10,252717.5
2001-09-17,239749.84
2001-09-18,238602.48
2001-09-19,236006.18
2001-09-20,227797.2
2001-09-21,222685.18
2001-09-24,231290.64
2001-09-25,233256.78
2001-09-26,232827.13
2001-09-27,234882.79
2001-09-28,240035.89
2001-10-01,238540.35
2001-10-02,241079.42
2001-10-03,244926.49
2001-10-04,246686.06
2001-10-05,246991.63
2001-10-08,245777.29
2001-10-09,244406.36
2001-10-10,248995.29
2001-10-11,252643.11
2001-10-12,251537.38
2001-10-15,249938.73
2001-10-16,252020.24
2001-10-17,250468.33
2001-10-18,247959.1
2001-10-19,247239.5
2001-10-22,249799.41
2001-10-23,250984.4
2001-10-24,251716.34
2001-10-25,253067.5
2001-10-26,254633.55
2001-10-29,250429.96
2001-10-30,245672.62
2001-10-31,246699.46
2001-11-01,251063.52
2001-11-02,250991.49
2001-11-05,254799.01
2001-11-06,256998.98
2001-11-07,256779.99
2001-11-08,258189.75
2001-11-09,257445.38
2001-11-12,255725.94
2001-11-13,259849.23
2001-11-14,260114.23
2001-11-15,260865.69
2001-11-16,261271.78
2001-11-19,263679.11
2001-11-20,261666
2001-11-21,260359.06
2001-11-23,262574.07
2001-11-26,264542.68
2001-11-27,263053.87
2001-11-28,258990.42
2001-11-29,260278.62
2001-11-30,261053.79
2001-12-03,258734.41
2001-12-04,261845.46
2001-12-05,268831.24
2001-12-06,268784.99
2001-12-07,266580.58
2001-12-10,262361.46
2001-12-11,261827.73
2001-12-12,262134.6
2001-12-13,257972.8
2001-12-14,258364.64
2001-12-17,261594.67
2001-12-18,262425.47
2001-12-19,262178.47
2001-12-20,260441.49
2001-12-21,261435.26
2001-12-24,261116.52
2001-12-26,261731.08
2001-12-27,264899.04
2001-12-28,266172.6
2001-12-31,265269.06
2002-01-02,266029.09
2002-01-03,269421.63
2002-01-04,270459.22
2002-01-07,268540.43
2002-01-08,266930.22
2002-01-09,265863.27
2002-01-10,265145.16
2002-01-11,263964.03
2002-01-14,261110.05
2002-01-15,262265.67
2002-01-16,258396.94
2002-01-17,260774.26
2002-01-18,259111.03
2002-01-22,256892.84
2002-01-23,259029.4
2002-01-24,260168.63
2002-01-25,259134.2
2002-01-28,259962.96
2002-01-29,254842.2
2002-01-30,254930.03
2002-01-31,258016.25
2002-02-01,256870.68
2002-02-04,252884.45
2002-02-05,250841.04
2002-02-06,249177.24
2002-02-07,249506.5
2002-02-08,252247.38
2002-02-11,255663.78
2002-02-12,254953.26
2002-02-13,257145.91
2002-02-14,257960.83
2002-02-15,256036.49
2002-02-19,250422.93
2002-02-20,251615.31
2002-02-21,250292.43
2002-02-22,251635.23
2002-02-25,254870.32
2002-02-26,254913.6
2002-02-27,256441.75
2002-02-28,256170.93
2002-03-01,261100.65
2002-03-04,267277.93
2002-03-05,265771.11
2002-03-06,269232.36
2002-03-07,270136.19
2002-03-08,271299.57
2002-03-11,272013.44
2002-03-12,269708.98
2002-03-13,267957.79
2002-03-14,268921.49
2002-03-15,271417.69
2002-03-18,271336.38
2002-03-19,272743.97
2002-03-20,269493.02
2002-03-21,269573.85
2002-03-22,268561.42
2002-03-25,265165
2002-03-26,266410.05
2002-03-27,267400.56
2002-03-28,268949.67
2002-04-01,268778.05
2002-04-02,267201.46
2002-04-03,266264.92
2002-04-04,266063.9
2002-04-05,265465.57
2002-04-08,264479.14
2002-04-09,263547.57
2002-04-10,266544.52
2002-04-11,261798.22
2002-04-12,263014.13
2002-04-15,263049.07
2002-04-16,268435.48
2002-04-17,268970.61
2002-04-18,268613.75
2002-04-19,268605.9
2002-04-22,265771.65
2002-04-23,265263.56
2002-04-24,264138.01
2002-04-25,263897.66
2002-04-26,261350.63
2002-04-29,259868.39
2002-04-30,262132.7
2002-05-01,263439.55
2002-05-02,262958.01
2002-05-03,262105.66
2002-05-06,259081.73
2002-05-07,257205.35
2002-05-08,264568.02
2002-05-09,261586.53
2002-05-10,258794.36
2002-05-13,262020.09
2002-05-14,265271.51
2002-05-15,265808.79
2002-05-16,266586.39
2002-05-17,268576.72
2002-05-20,266448.69
2002-05-21,264426.61
2002-05-22,265083.63
2002-05-23,266192.94
2002-05-24,264859.37
2002-05-28,263426.81
2002-05-29,262356.49
2002-05-30,261572.04
2002-05-31,261810.65
2002-06-03,258247.89
2002-06-04,257041.55
2002-06-05,257084.36
2002-06-06,254419.52
2002-06-07,253326.33
2002-06-10,253624.47
2002-06-11,251617.72
2002-06-12,250945.74
2002-06-13,248239.13
2002-06-14,245979.91
2002-06-17,251420.61
2002-06-18,251231.39
2002-06-19,247763.39
2002-06-20,244952.85
2002-06-21,242951.65
2002-06-24,242451.76
2002-06-25,241380.39
2002-06-26,240475.74
2002-06-27,243173.75
2002-06-28,246730.86
2002-07-01,243541.17
2002-07-02,238115.76
2002-07-03,236993.42
2002-07-05,245917.37
2002-07-08,244648.55
2002-07-09,241548.17
2002-07-10,234373.64
2002-07-11,232515.7
2002-07-12,231968.68
2002-07-15,230287.69
2002-07-16,226912.19
2002-07-17,229436.9
2002-07-18,227154.7
2002-07-19,219557.21
2002-07-22,212098.65
2002-07-23,205601.44
2002-07-24,215231.98
2002-07-25,213380.49
2002-07-26,214201.98
2002-07-29,225483.31
2002-07-30,224699.76
2002-07-31,225112.82
2002-08-01,218714.8
2002-08-02,216229.53
2002-08-05,209534.55
2002-08-06,214422.34
2002-08-07,218223.93
2002-08-08,224313.75
2002-08-09,224673.26
2002-08-12,222851.71
2002-08-13,220852.36
2002-08-14,226940.55
2002-08-15,228004.49
2002-08-16,228741.54
2002-08-19,232644.43
2002-08-20,229504.8
2002-08-21,232333.58
2002-08-22,234978.57
2002-08-23,231283.24
2002-08-26,232226.82
2002-08-27,231771.71
2002-08-28,226750.97
2002-08-29,225761.14
2002-08-30,225778.87
2002-09-03,216905.49
2002-09-04,219286.04
2002-09-05,216656.99
2002-09-06,220643.7
2002-09-09,220775.02
2002-09-10,222848.67
2002-09-11,224040.14
2002-09-12,218915.1
2002-09-13,218148.66
2002-09-16,217207.05
2002-09-17,214303.31
2002-09-18,213025.98
2002-09-19,208251.28
2002-09-20,208363.72
2002-09-23,204284.89
2002-09-24,200899.5
2002-09-25,204594.76
2002-09-26,209227.6
2002-09-27,205828.63
2002-09-30,202300.19
2002-10-01,208817.38
2002-10-02,205040.86
2002-10-03,202987.43
2002-10-04,198949.86
2002-10-07,195266.84
2002-10-08,195889.43
2002-10-09,192136.71
2002-10-10,197187.55
2002-10-11,204505.39
2002-10-14,204771.86
2002-10-15,214276.87
2002-10-16,210012.47
2002-10-17,214849.63
2002-10-18,214936.83
2002-10-21,216995.01
2002-10-22,214641.79
2002-10-23,213989.35
2002-10-24,213795.79
2002-10-25,215846.43
2002-10-28,216014.35
2002-10-29,212492.3
2002-10-30,215184.68
2002-10-31,216122.04
2002-11-01,217793.72
2002-11-04,221587.99
2002-11-05,222980.87
2002-11-06,223452.39
2002-11-07,220018.68
2002-11-08,218403.48
2002-11-11,214810.13
2002-11-12,216563.87
2002-11-13,215810.4
2002-11-14,219688.98
2002-11-15,221278.36
2002-11-18,220495.88
2002-11-19,219532.54
2002-11-20,221566.73
2002-11-21,226289.93
2002-11-22,226441.35
2002-11-25,226340.59
2002-11-26,222373.92
2002-11-27,227469.87
2002-11-29,228024.75
2002-12-02,228204.46
2002-12-03,225064.48
2002-12-04,223833.22
2002-12-05,221530.92
2002-12-06,222485.81
2002-12-09,218276.94
2002-12-10,220350.61
2002-12-11,220666.26
2002-12-12,220120.4
2002-12-13,217912.91
2002-12-16,222264.65
2002-12-17,220951.49
2002-12-18,217335.16
2002-12-19,216652.38
2002-12-20,218899.77
2002-12-23,219390.46
2002-12-24,219064.01
2002-12-26,219213.69
2002-12-27,215466.49
2002-12-30,217251.49
2002-12-31,218076.17
2003-01-02,223283.81
2003-01-03,224078.96
2003-01-06,227646.13
2003-01-07,225524.29
2003-01-08,222510.68
2003-01-09,225906.22
2003-01-10,226359.32
2003-01-13,226447.73
2003-01-14,227875.53
2003-01-15,225646.33
2003-01-16,224976.68
2003-01-17,222237.04
2003-01-21,218729.13
2003-01-22,216314.9
2003-01-23,218007.54
2003-01-24,214143.83
2003-01-27,209613.31
2003-01-28,210950.64
2003-01-29,211781.85
2003-01-30,210056.11
2003-01-31,211985.05
2003-02-03,213705.37
2003-02-04,211061.44
2003-02-05,211573.39
2003-02-06,209183.28
2003-02-07,207164.96
2003-02-10,207214.47
2003-02-11,207441.12
2003-02-12,205433.17
2003-02-13,205008.17
2003-02-14,207860.54
2003-02-18,211994.93
2003-02-19,209798.98
2003-02-20,208917.45
2003-02-21,211043.92
2003-02-24,208000.25
2003-02-25,206298.67
2003-02-26,204829.96
2003-02-27,206115.95
2003-02-28,208340.54
2003-03-03,208507.07
2003-03-04,205868.17
2003-03-05,206302.07
2003-03-06,204632.26
2003-03-07,204077.33
2003-03-10,199788.93
2003-03-11,198384.61
2003-03-12,196874.68
2003-03-13,203352.12
2003-03-14,205007.22
2003-03-17,210188.61
2003-03-18,210841.92
2003-03-19,212322.56
2003-03-20,213131
2003-03-21,217764.07
2003-03-24,211291.74
2003-03-25,213695.12
2003-03-26,213332.05
2003-03-27,212469.99
2003-03-28,211488.64
2003-03-31,207753.62
2003-04-01,209833.89
2003-04-02,214473.81
2003-04-03,213900.36
2003-04-04,214886.35
2003-04-07,217412.27
2003-04-08,216053.93
2003-04-09,214335.34
2003-04-10,214577.35
2003-04-11,213961.68
2003-04-14,217048.95
2003-04-15,219091.27
2003-04-16,217682.25
2003-04-17,220423.66
2003-04-21,219906.15
2003-04-22,223550.76
2003-04-23,225130.68
2003-04-24,223610.84
2003-04-25,220703.13
2003-04-28,224209.17
2003-04-29,224883.98
2003-04-30,226296.03
2003-05-01,226642.49
2003-05-02,229095.04
2003-05-05,229944.88
2003-05-06,232542.31
2003-05-07,231618.22
2003-05-08,229059.55
2003-05-09,231742.24
2003-05-12,234056.94
2003-05-13,233961
2003-05-14,233806.59
2003-05-15,235004.49
2003-05-16,235272.99
2003-05-19,230491.86
2003-05-20,230509.66
2003-05-21,230635.68
2003-05-22,232736.86
2003-05-23,233890.63
2003-05-27,237080.75
2003-05-28,237909.48
2003-05-29,238580.23
2003-05-30,240220.95
2003-06-02,242573.5
2003-06-03,242561.29
2003-06-04,245338.06
2003-06-05,246977.82
2003-06-06,247578.19
2003-06-09,245570.36
2003-06-10,246661.86
2003-06-11,250283.97
2003-06-12,250861.67
2003-06-13,249123.51
2003-06-16,253659.45
2003-06-17,254580.89
2003-06-18,253947.9
2003-06-19,250898.98
2003-06-20,251150.43
2003-06-23,247293.11
2003-06-24,246460.04
2003-06-25,246375.98
2003-06-26,247038.61
2003-06-27,246130.17
2003-06-30,245092.82
2003-07-01,246023.42
2003-07-02,250001.05
2003-07-03,249476.6
2003-07-07,253862.34
2003-07-08,253757.8
2003-07-09,252890.06
2003-07-10,250226.53
2003-07-11,251313.55
2003-07-14,254134.69
2003-07-15,252458.68
2003-07-16,250780.06
2003-07-17,247112.91
2003-07-18,248965.79
2003-07-21,247122.75
2003-07-22,248611.62
2003-07-23,249734.05
2003-07-24,250678.19
2003-07-25,252936.88
2003-07-28,253744.45
2003-07-29,252584.57
2003-07-30,251147.41
2003-07-31,251882.96
2003-08-01,249622.64
2003-08-04,249395.4
2003-08-05,247457.47
2003-08-06,246391.71
2003-08-07,247745.97
2003-08-08,248423.44
2003-08-11,249812.71
2003-08-12,251616.29
2003-08-13,251785.28
2003-08-14,253808.98
2003-08-15,254060.74
2003-08-18,256209.77
2003-08-19,256527.74
2003-08-20,256949.45
2003-08-21,257668.49
2003-08-22,255809.03
2003-08-25,255350.51
2003-08-26,254823.07
2003-08-27,255595.29
2003-08-28,257123.58
2003-08-29,258091.32
2003-09-02,261761.65
2003-09-03,263557.58
2003-09-04,263714.78
2003-09-05,263384.32
2003-09-08,265841.29
2003-09-09,265004.34
2003-09-10,261870.89
2003-09-11,262826.18
2003-09-12,263579.47
2003-09-15,263246.26
2003-09-16,266649.58
2003-09-17,266775.25
2003-09-18,269869.94
2003-09-19,269177.51
2003-09-22,266026.96
2003-09-23,267233.53
2003-09-24,263931.49
2003-09-25,262282.23
2003-09-26,260230.96
2003-09-29,261785.96
2003-09-30,259898.3
2003-10-01,265701.3
2003-10-02,267177.78
2003-10-03,270910.23
2003-10-06,271361.24
2003-10-07,272470.48
2003-10-08,271363.64
2003-10-09,273856.17
2003-10-10,274325.24
2003-10-13,275984.72
2003-10-14,276639.89
2003-10-15,276239.14
2003-10-16,277302.97
2003-10-17,275171.22
2003-10-20,276163.01
2003-10-21,276784.78
2003-10-22,272942.75
2003-10-23,271140.29
2003-10-24,270888.74
2003-10-27,272335.7
2003-10-28,275458.76
2003-10-29,276670
2003-10-30,277082.46
2003-10-31,276309.72
2003-11-03,278540.41
2003-11-04,278159.18
2003-11-05,277437.52
2003-11-06,277333.13
2003-11-07,278472.92
2003-11-10,276879.34
2003-11-11,275316.5
2003-11-12,278802.44
2003-11-13,279929.87
2003-11-14,278882.41
2003-11-17,277875.17
2003-11-18,274853.13
2003-11-19,275526.41
2003-11-20,273607.62
2003-11-21,274760.28
2003-11-24,277984.55
2003-11-25,278590.23
2003-11-26,280573.79
2003-11-28,281166.52
2003-12-01,285007.65
2003-12-02,285257.78
2003-12-03,285517.18
2003-12-04,285732.55
2003-12-05,284411.74
2003-12-08,285355.87
2003-12-09,284062.11
2003-12-10,282857.13
2003-12-11,284958.19
2003-12-12,286625.41
2003-12-15,286025.3
2003-12-16,286863.1
2003-12-17,286970.97
2003-12-18,290135.86
2003-12-19,290059.34
2003-12-22,291317.75
2003-12-23,292384.42
2003-12-24,292615.3
2003-12-26,293049.81
2003-12-29,295829.93
2003-12-30,297432.14
2003-12-31,298237.49
2004-01-02,299809.71
2004-01-05,303674.67
2004-01-06,304110.88
2004-01-07,303402.25
2004-01-08,305592.79
2004-01-09,305247.11
2004-01-12,305761.11
2004-01-13,304844.46
2004-01-14,306248.55
2004-01-15,305232.83
2004-01-16,305838.98
2004-01-20,307962.61
2004-01-21,309846.51
2004-01-22,310185.5
2004-01-23,309726.87
2004-01-26,310865.7
2004-01-27,309449.17
2004-01-28,306635.37
2004-01-29,304456.66
2004-01-30,304084.56
2004-02-02,304832.46
2004-02-03,305312.96
2004-02-04,302550.72
2004-02-05,303447.98
2004-02-06,307467.86
2004-02-09,308500.23
2004-02-10,309728.96
2004-02-11,312956.74
2004-02-12,312373.53
2004-02-13,311280.68
2004-02-17,314641.15
2004-02-18,312913.24
2004-02-19,312814.79
2004-02-20,310206.54
2004-02-23,309828.08
2004-02-24,308982.38
2004-02-25,309158.64
2004-02-26,308968.03
2004-02-27,310031.52
2004-03-01,314185.41
2004-03-02,312289.4
2004-03-03,310653.87
2004-03-04,312314.63
2004-03-05,314562.52
2004-03-08,312844.17
2004-03-09,311363.81
2004-03-10,306421.63
2004-03-11,300929.95
2004-03-12,303352.81
2004-03-15,299158.31
2004-03-16,301839.58
2004-03-17,305427.04
2004-03-18,305592.6
2004-03-19,304452.69
2004-03-22,299609.81
2004-03-23,299758.88
2004-03-24,299010.78
2004-03-25,303535.27
2004-03-26,302727.35
2004-03-29,307112.03
2004-03-30,307627.65
2004-03-31,309033.09
2004-04-01,311931.99
2004-04-02,313989.29
2004-04-05,314673.9
2004-04-06,313866.41
2004-04-07,314027.88
2004-04-08,313654.26
2004-04-12,314586.35
2004-04-13,310973.39
2004-04-14,308405.84
2004-04-15,307735.7
2004-04-16,309996.52
2004-04-19,310089.56
2004-04-20,308112.29
2004-04-21,307215.36
2004-04-22,310361.4
2004-04-23,310438.3
2004-04-26,310518.6
2004-04-27,310550.16
2004-04-28,305115.93
2004-04-29,303009.68
2004-04-30,301049.69
2004-05-03,302559.6
2004-05-04,305088.81
2004-05-05,306932.35
2004-05-06,302985.78
2004-05-07,298030.69
2004-05-10,290381.76
2004-05-11,292678.29
2004-05-12,293818.32
2004-05-13,292878.85
2004-05-14,291957.31
2004-05-17,288662.81
2004-05-18,291077.05
2004-05-19,294723.1
2004-05-20,292943.11
2004-05-21,295372.02
2004-05-24,296256.36
2004-05-25,299761.16
2004-05-26,300919.18
2004-05-27,304425.52
2004-05-28,303942.33
2004-06-01,303848.92
2004-06-02,304928.97
2004-06-03,302417.29
2004-06-04,303989.15
2004-06-07,309616.44
2004-06-08,309931.77
2004-06-09,306288.19
2004-06-10,307504.72
2004-06-14,303118.86
2004-06-15,305807.12
2004-06-16,306318.26
2004-06-17,306689.59
2004-06-18,308400.89
2004-06-21,307748.89
2004-06-22,306982.2
2004-06-23,309225.58
2004-06-24,310797.58
2004-06-25,309574.95
2004-06-28,310700.02
2004-06-29,309765.17
2004-06-30,310812.47
2004-07-01,308390.57
2004-07-02,308383.93
2004-07-06,305050.29
2004-07-07,306438.79
2004-07-08,305083.44
2004-07-09,305969.91
2004-07-12,305896
2004-07-13,306017.06
2004-07-14,304862.09
2004-07-15,303224.96
2004-07-16,303342.08
2004-07-19,302682.72
2004-07-20,303671.49
2004-07-21,300531.27
2004-07-22,299899.5
2004-07-23,296582.05
2004-07-26,295306.68
2004-07-27,296976.19
2004-07-28,296721.93
2004-07-29,298963.06
2004-07-30,299748.93
2004-08-02,300206.74
2004-08-03,299690.93
2004-08-04,298030.79
2004-08-05,295405.68
2004-08-06,292203.16
2004-08-09,292053.89
2004-08-10,295039.97
2004-08-11,293340.41
2004-08-12,291146.42
2004-08-13,291734.06
2004-08-16,294778.72
2004-08-17,295256.81
2004-08-18,297554.07
2004-08-19,298472.74
2004-08-20,299588.82
2004-08-23,299115.59
2004-08-24,298552.03
2004-08-25,300207.95
2004-08-26,301112.72
2004-08-27,302135.96
2004-08-30,300755.93
2004-08-31,301393.43
2004-09-01,303101.65
2004-09-02,305039.68
2004-09-03,303566.58
2004-09-07,306064.64
2004-09-08,305768.01
2004-09-09,305559.91
2004-09-10,307899.85
2004-09-13,309001.16
2004-09-14,309650.35
2004-09-15,306785.92
2004-09-16,308065.2
2004-09-17,309010.58
2004-09-20,307909.66
2004-09-21,310348.36
2004-09-22,307257.37
2004-09-23,306527.53
2004-09-24,306281.76
2004-09-27,304526.88
2004-09-28,306088.15
2004-09-29,307410.9
2004-09-30,308490.22
2004-10-01,313199.83
2004-10-04,314343.97
2004-10-05,314576.58
2004-10-06,315848.65
2004-10-07,313909.74
2004-10-08,313670.45
2004-10-11,313837.01
2004-10-12,311307.17
2004-10-13,309764.61
2004-10-14,308253.74
2004-10-15,309654.05
2004-10-18,310224.14
2004-10-19,310288.55
2004-10-20,309661.19
2004-10-21,311001.35
2004-10-22,309498.42
2004-10-25,308960.44
2004-10-26,311478.3
2004-10-27,315481.49
2004-10-28,316402.28
2004-10-29,316100.64
2004-11-01,317234.51
2004-11-02,318398.13
2004-11-03,322356.69
2004-11-04,325444.79
2004-11-05,326937.42
2004-11-08,326487.08
2004-11-09,326276.55
2004-11-10,326337.73
2004-11-11,328849
2004-11-12,331768.49
2004-11-15,332648.38
2004-11-16,330967.59
2004-11-17,333831.66
2004-11-18,333546.47
2004-11-19,331279.71
2004-11-22,331223.52
2004-11-23,332085.22
2004-11-24,333877.96
2004-11-26,335750.51
2004-11-29,336067.44
2004-11-30,334924.95
2004-12-01,338887.38
2004-12-02,339038.95
2004-12-03,340107.89
2004-12-06,339523.13
2004-12-07,337337.08
2004-12-08,335904.36
2004-12-09,335195.1
2004-12-10,334786.63
2004-12-13,338270.94
2004-12-14,339518.19
2004-12-15,341970.93
2004-12-16,340812.06
2004-12-17,339038.16
2004-12-20,340964.24
2004-12-21,342185.03
2004-12-22,343798.88
2004-12-23,345176.57
2004-12-27,346021.48
2004-12-28,347753.61
2004-12-29,347332.25
2004-12-30,348500.96
2004-12-31,348535.35
2005-01-03,346145.16
2005-01-04,342104.4
2005-01-05,339619.48
2005-01-06,339405.1
2005-01-07,338628.18
2005-01-10,340048.03
2005-01-11,339173.99
2005-01-12,340196.9
2005-01-13,338568.6
2005-01-14,339590.43
2005-01-18,340954.67
2005-01-19,339803.54
2005-01-20,336735.42
2005-01-21,336104.59
2005-01-24,335944.23
2005-01-25,335884.96
2005-01-26,338909.53
2005-01-27,339170.27
2005-01-28,337996.65
2005-01-31,341018.48
2005-02-01,342589.37
2005-02-02,344086.73
2005-02-03,342559.27
2005-02-04,345882.77
2005-02-07,345503.54
2005-02-08,344716.8
2005-02-09,343368.41
2005-02-10,345082.29
2005-02-11,347385.36
2005-02-14,349228.26
2005-02-15,350405.03
2005-02-16,349823.76
2005-02-17,349258.44
2005-02-18,349732.92
2005-02-22,348067.45
2005-02-23,347772.18
2005-02-24,349867.74
2005-02-25,353089.65
2005-02-28,352600.24
2005-03-01,354191.73
2005-03-02,352688.59
2005-03-03,353239.57
2005-03-04,357360.58
2005-03-07,357167.35
2005-03-08,356879.48
2005-03-09,354145.65
2005-03-10,354344.97
2005-03-11,353636.61
2005-03-14,353658.85
2005-03-15,351812.06
2005-03-16,350266.49
2005-03-17,350500.64
2005-03-18,349846.82
2005-03-21,347943.28
2005-03-22,344496.57
2005-03-23,343292.99
2005-03-24,342882.16
2005-03-28,343051.93
2005-03-29,339933.9
2005-03-30,344047.38
2005-03-31,344385.94
2005-04-01,343350.9
2005-04-04,342464.74
2005-04-05,344242.3
2005-04-06,345084.68
2005-04-07,347719.54
2005-04-08,344954.34
2005-04-11,346076.03
2005-04-12,346506.7
2005-04-13,343745.7
2005-04-14,339985.28
2005-04-15,335429.88
2005-04-18,334608.67
2005-04-19,337624.95
2005-04-20,333912.3
2005-04-21,339785.55
2005-04-22,337754.61
2005-04-25,340034.01
2005-04-26,336854.1
2005-04-27,336928.21
2005-04-28,333123.49
2005-04-29,336887.25
2005-05-02,337600.91
2005-05-03,337837.35
2005-05-04,342381.58
2005-05-05,342356.93
2005-05-06,342159.14
2005-05-09,343115.32
2005-05-10,339753.07
2005-05-11,340480.57
2005-05-12,336779.05
2005-05-13,335238.18
2005-05-16,336989.41
2005-05-17,338471.44
2005-05-18,341452.74
2005-05-19,343135.61
2005-05-20,342111.65
2005-05-23,344040.06
2005-05-24,344242.04
2005-05-25,342822.29
2005-05-26,344439.42
2005-05-27,345304.21
2005-05-31,343259.14
2005-06-01,345938.17
2005-06-02,346862.78
2005-06-03,345087.22
2005-06-06,345952.3
2005-06-07,346520.22
2005-06-08,346953.8
2005-06-09,346782.62
2005-06-10,346061.75
2005-06-13,345828
2005-06-14,347073.1
2005-06-15,348057.68
2005-06-16,349598.44
2005-06-17,352587.89
2005-06-20,351335.47
2005-06-21,351266.75
2005-06-22,351812.84
2005-06-23,348758.33
2005-06-24,346741.02
2005-06-27,346541.21
2005-06-28,349121.02
2005-06-29,348517.91
2005-06-30,346941.3
2005-07-01,347619.68
2005-07-05,348797.24
2005-07-06,347416.7
2005-07-07,346691.19
2005-07-08,350330.21
2005-07-11,353804.18
2005-07-12,355649.9
2005-07-13,354794.44
2005-07-14,355975.05
2005-07-15,355498.31
2005-07-18,354329.6
2005-07-19,355115.29
2005-07-20,358357.4
2005-07-21,357148.74
2005-07-22,358701.56
2005-07-25,356934.26
2005-07-26,357204.78
2005-07-27,359060.14
2005-07-28,361386.06
2005-07-29,360497.74
2005-08-01,362366.87
2005-08-02,365263.4
2005-08-03,366118.99
2005-08-04,363699.19
2005-08-05,360734.03
2005-08-08,361274.82
2005-08-09,363705.63
2005-08-10,365785.95
2005-08-11,368936.74
2005-08-12,367352.32
2005-08-15,367677.64
2005-08-16,364027.31
2005-08-17,363948.97
2005-08-18,361465.25
2005-08-19,361928.4
2005-08-22,364686.69
2005-08-23,362802.98
2005-08-24,360858.21
2005-08-25,361702.31
2005-08-26,360220.97
2005-08-29,360804.97
2005-08-30,359198.6
2005-08-31,364201.04
2005-09-01,367404.84
2005-09-02,367723.46
2005-09-06,371921.46
2005-09-07,372327.98
2005-09-08,370484.33
2005-09-09,373976.19
2005-09-12,372997.67
2005-09-13,369989.19
2005-09-14,370111.53
2005-09-15,370173.42
2005-09-16,372964.58
2005-09-19,371019.39
2005-09-20,370052.57
2005-09-21,368294.37
2005-09-22,368011.61
2005-09-23,367560.35
2005-09-26,369342.1
2005-09-27,368864.61
2005-09-28,370661.34
2005-09-29,374182.54
2005-09-30,374551.13
2005-10-03,373439.41
2005-10-04,371613.8
2005-10-05,366315.57
2005-10-06,363733.11
2005-10-07,365163.82
2005-10-10,362985.3
2005-10-11,363406.92
2005-10-12,360672.09
2005-10-13,358061.58
2005-10-14,361939.23
2005-10-17,361317.87
2005-10-18,356839.71
2005-10-19,359252.65
2005-10-20,354467.63
2005-10-21,356339.94
2005-10-24,361129.81
2005-10-25,361355.9
2005-10-26,360432
2005-10-27,357473.99
2005-10-28,361247.76
2005-10-31,364708.94
2005-11-01,365012.41
2005-11-02,369117.65
2005-11-03,371169.7
2005-11-04,368926.42
2005-11-07,369913.82
2005-11-08,368607.61
2005-11-09,368768.94
2005-11-10,370919.48
2005-11-11,372310.63
2005-11-14,371342.51
2005-11-15,369004.89
2005-11-16,369589.42
2005-11-17,374345.87
2005-11-18,375834.75
2005-11-21,378048.76
2005-11-22,378153.32
2005-11-23,380748.6
2005-11-25,380395.97
2005-11-28,378043.12
2005-11-29,378388.84
2005-11-30,376760.88
2005-12-01,382137.66
2005-12-02,383052.26
2005-12-05,383143.16
2005-12-06,384316.3
2005-12-07,382709.49
2005-12-08,382852.39
2005-12-09,384525.8
2005-12-12,386825.73
2005-12-13,388517.47
2005-12-14,389807.05
2005-12-15,387555.92
2005-12-16,388488.5
2005-12-19,386878.57
2005-12-20,387361.6
2005-12-21,388390.37
2005-12-22,390283.48
2005-12-23,390705.79
2005-12-27,388037.82
2005-12-28,390146.67
2005-12-29,389368.86
2005-12-30,387088.42
2006-01-03,395873.25
2006-01-04,399633.77
2006-01-05,399273.76
2006-01-06,403877.12
2006-01-09,404885.91
2006-01-10,403029.39
2006-01-11,405351.73
2006-01-12,403271.32
2006-01-13,403457.62
2006-01-17,400085.68
2006-01-18,396704.97
2006-01-19,401280.32
2006-01-20,394635.62
2006-01-23,397774.6
2006-01-24,399427.88
2006-01-25,400134.25
2006-01-26,404509.34
2006-01-27,407425.88
2006-01-30,406969.29
2006-01-31,407529.2
2006-02-01,408484.12
2006-02-02,404070.87
2006-02-03,401731.86
2006-02-06,402890.84
2006-02-07,399323.71
2006-02-08,400465.6
2006-02-09,400949.28
2006-02-10,401179.79
2006-02-13,398537.24
2006-02-14,401458.39
2006-02-15,402114.87
2006-02-16,404644.55
2006-02-17,404259.05
2006-02-21,404079.35
2006-02-22,406629.78
2006-02-23,406938.64
2006-02-24,408162.82
2006-02-27,409897.1
2006-02-28,406023.41
2006-03-01,409858.71
2006-03-02,408272.9
2006-03-03,407255.27
2006-03-06,405707.44
2006-03-07,402126.06
2006-03-08,401860.95
2006-03-09,402013.21
2006-03-10,404788.13
2006-03-13,407359.75
2006-03-14,411948.82
2006-03-15,413501.85
2006-03-16,414522.47
2006-03-17,415828.9
2006-03-20,416579.62
2006-03-21,413376.51
2006-03-22,415891.53
2006-03-23,413514.97
2006-03-24,415026.8
2006-03-27,415047.95
2006-03-28,413148.41
2006-03-29,415586.55
2006-03-30,418137.13
2006-03-31,416367.11
2006-04-03,418908.21
2006-04-04,422290.34
2006-04-05,424213.28
2006-04-06,424328.13
2006-04-07,419939.45
2006-04-10,420364.58
2006-04-11,416631.61
2006-04-12,416520.8
2006-04-13,416912.14
2006-04-17,417974.1
2006-04-18,424848.77
2006-04-19,427369.81
2006-04-20,427355.35
2006-04-21,429065.3
2006-04-24,427661.07
2006-04-25,427068.25
2006-04-26,428988.56
2006-04-27,430052.84
2006-04-28,429885.89
2006-05-01,430396.89
2006-05-02,434744.26
2006-05-03,432582.83
2006-05-04,435078.06
2006-05-05,440507.66
2006-05-08,441141.09
2006-05-09,442114.62
2006-05-10,440828.44
2006-05-11,436019.66
2006-05-12,429875.79
2006-05-15,427507.27
2006-05-16,426356.47
2006-05-17,416936.43
2006-05-18,414296.9
2006-05-19,414629.42
2006-05-22,408627.74
2006-05-23,409893.35
2006-05-24,407903.47
2006-05-25,412872.25
2006-05-26,416825.37
2006-05-30,410327.45
2006-05-31,413261.56
2006-06-01,417078.65
2006-06-02,419504.08
2006-06-05,412245.86
2006-06-06,407704.56
2006-06-07,404111.66
2006-06-08,398366.16
2006-06-09,398889.32
2006-06-12,393129.55
2006-06-13,385148.76
2006-06-14,389399.52
2006-06-15,399715.36
2006-06-16,398122.65
2006-06-19,394511.73
2006-06-20,395053.87
2006-06-21,399139.93
2006-06-22,398580.97
2006-06-23,398128.63
2006-06-26,399682.8
2006-06-27,396041.15
2006-06-28,397967.09
2006-06-29,409598.14
2006-06-30,412907.98
2006-07-03,416818.94
2006-07-05,410790.39
2006-07-06,413292.14
2006-07-07,411387.11
2006-07-10,412859.03
2006-07-11,413522.54
2006-07-12,407936.43
2006-07-13,401774.42
2006-07-14,398294.62
2006-07-17,394849.01
2006-07-18,394637.6
2006-07-19,403000.49
2006-07-20,401081.72
2006-07-21,399206.11
2006-07-24,406191.91
2006-07-25,408691.32
2006-07-26,407912.77
2006-07-27,410187.98
2006-07-28,416167.34
2006-07-31,415332.58
2006-08-01,411857.26
2006-08-02,416382.57
2006-08-03,415595.12
2006-08-04,417498.77
2006-08-07,414315.89
2006-08-08,413311.99
2006-08-09,413959.67
2006-08-10,414466.37
2006-08-11,412399.3
2006-08-14,413647.04
2006-08-15,420344.32
2006-08-16,424644.4
2006-08-17,425098.49
2006-08-18,425150.44
2006-08-21,424063.57
2006-08-22,423742.18
2006-08-23,421204
2006-08-24,421718.73
2006-08-25,420800.15
2006-08-28,422707.25
2006-08-29,424183.98
2006-08-30,425579.32
2006-08-31,425499.24
2006-09-01,427918.39
2006-09-05,429845.45
2006-09-06,423764.87
2006-09-07,420405.91
2006-09-08,421307.33
2006-09-11,419291.82
2006-09-12,424003.04
2006-09-13,424771.18
2006-09-14,425135.57
2006-09-15,424753.47
2006-09-18,426244.72
2006-09-19,425036.21
2006-09-20,427144.43
2006-09-21,425766.16
2006-09-22,424518.04
2006-09-25,426370.23
2006-09-26,428724.15
2006-09-27,431008.3
2006-09-28,431604.34
2006-09-29,430478.32
2006-10-02,430502.24
2006-10-03,430458.13
2006-10-04,434611.79
2006-10-05,436917.5
2006-10-06,434567.36
2006-10-09,434349.35
2006-10-10,436002.29
2006-10-11,435108.09
2006-10-12,439413.93
2006-10-13,440251.35
2006-10-16,442438.3
2006-10-17,439988.57
2006-10-18,440902.21
2006-10-19,442666.5
2006-10-20,443191.12
2006-10-23,444720.12
2006-10-24,444782.38
2006-10-25,447029.24
2006-10-26,449990.77
2006-10-27,446342.82
2006-10-30,446088.58
2006-10-31,446845.82
2006-11-01,445299.4
2006-11-02,445676.1
2006-11-03,444999.12
2006-11-06,450360.96
2006-11-07,451950.19
2006-11-08,451896.35
2006-11-09,449205.85
2006-11-10,451585.33
2006-11-13,451177.85
2006-11-14,454673.07
2006-11-15,455170.34
2006-11-16,455181.84
2006-11-17,454572.43
2006-11-20,453022.11
2006-11-21,454619.48
2006-11-22,457805.25
2006-11-24,457119.13
2006-11-27,451354.27
2006-11-28,453103.15
2006-11-29,459393.59
2006-11-30,460572.45
2006-12-01,459737.34
2006-12-04,463633.12
2006-12-05,465296.74
2006-12-06,465554.04
2006-12-07,464998.39
2006-12-08,465801
2006-12-11,465440.67
2006-12-12,465370.41
2006-12-13,466778.97
2006-12-14,470371.72
2006-12-15,470059.04
2006-12-18,467926
2006-12-19,468873.96
2006-12-20,469482.87
2006-12-21,468425
2006-12-22,466807.34
2006-12-26,468803.89
2006-12-27,472573.39
2006-12-28,472447.93
2006-12-29,470816.05
2007-01-03,472710.13
2007-01-04,472342.52
2007-01-05,466368.43
2007-01-08,467156.1
2007-01-09,467069.99
2007-01-10,465027.44
2007-01-11,467889.8
2007-01-12,472427.7
2007-01-16,472700.33
2007-01-17,472609.04
2007-01-18,471402.02
2007-01-19,474432.28
2007-01-22,472890.72
2007-01-23,475680.6
2007-01-24,479508.62
2007-01-25,473709.59
2007-01-26,472608.73
2007-01-29,472610.65
2007-01-30,475916.82
2007-01-31,477318.99
2007-02-01,481883.44
2007-02-02,482162.2
2007-02-05,481086.05
2007-02-06,483124.74
2007-02-07,484718.39
2007-02-08,483195.63
2007-02-09,480513.17
2007-02-12,478591.88
2007-02-13,483280.79
2007-02-14,488681.29
2007-02-15,489732.14
2007-02-16,489524.37
2007-02-20,490827.38
2007-02-21,489218.71
2007-02-22,490353.67
2007-02-23,490667.17
2007-02-26,490957.36
2007-02-27,473076.13
2007-02-28,474116.82
2007-03-01,470739.79
2007-03-02,464993.93
2007-03-05,457607.3
2007-03-06,467683.12
2007-03-07,466961.39
2007-03-08,472156.65
2007-03-09,473059.15
2007-03-12,475160.54
2007-03-13,465296.76
2007-03-14,465982.24
2007-03-15,469048.23
2007-03-16,468200.09
2007-03-19,474480.78
2007-03-20,477672.12
2007-03-21,485319.25
2007-03-22,486960.86
2007-03-23,487505.56
2007-03-26,487840.29
2007-03-27,484857.14
2007-03-28,481541.21
2007-03-29,484659.18
2007-03-30,483944.4
2007-04-02,486046.34
2007-04-03,490984.56
2007-04-04,492271.45
2007-04-05,494136.96
2007-04-09,493817.49
2007-04-10,496895.63
2007-04-11,494207.86
2007-04-12,497343.76
2007-04-13,498740.33
2007-04-16,504726.59
2007-04-17,504297.66
2007-04-18,504299.71
2007-04-19,502387.81
2007-04-20,507920.69
2007-04-23,505328.58
2007-04-24,504761.76
2007-04-25,509885.37
2007-04-26,507891.23
2007-04-27,507113.14
2007-04-30,503160.58
2007-05-01,504010.75
2007-05-02,508260.08
2007-05-03,509923.89
2007-05-04,512716.8
2007-05-07,514340.05
2007-05-08,511712.44
2007-05-09,514273.03
2007-05-10,506023.65
2007-05-11,512257.7
2007-05-14,510665.01
2007-05-15,510268.71
2007-05-16,513295.47
2007-05-17,512066.85
2007-05-18,515624.96
2007-05-21,515755.88
2007-05-22,516029.26
2007-05-23,516720.87
2007-05-24,511206.56
2007-05-25,514132.9
2007-05-29,515491.6
2007-05-30,518183.55
2007-05-31,520083.56
2007-06-01,523849.56
2007-06-04,524997.71
2007-06-05,522525.83
2007-06-06,516564.96
2007-06-07,507612.53
2007-06-08,512440.8
2007-06-11,513225.88
2007-06-12,507109.52
2007-06-13,513775.1
2007-06-14,517485.49
2007-06-15,522972.45
2007-06-18,523333.13
2007-06-19,523999.22
2007-06-20,518478.26
2007-06-21,521615.73
2007-06-22,516148.08
2007-06-25,514125.39
2007-06-26,512795.82
2007-06-27,515983.75
2007-06-28,516586.11
2007-06-29,518172.7
2007-07-02,524869.37
2007-07-03,527310.65
2007-07-05,527408.97
2007-07-06,529911.76
2007-07-09,531590.91
2007-07-10,525505.34
2007-07-11,528673.24
2007-07-12,537711.27
2007-07-13,538836.81
2007-07-16,537032.33
2007-07-17,536139.79
2007-07-18,534307.68
2007-07-19,537653.73
2007-07-20,532448.39
2007-07-23,535546.96
2007-07-24,525513.5
2007-07-25,526105.73
2007-07-26,511346.04
2007-07-27,502898.75
2007-07-30,510280.13
2007-07-31,507497.02
2007-08-01,507457.24
2007-08-02,509519.92
2007-08-03,496918.91
2007-08-06,506771.95
2007-08-07,508094.39
2007-08-08,517086.12
2007-08-09,501309.26
2007-08-10,498220.83
2007-08-13,498855.88
2007-08-14,490310.53
2007-08-15,481258.37
2007-08-16,477755.97
2007-08-17,486614.04
2007-08-20,488417
2007-08-21,488928.9
2007-08-22,498056.2
2007-08-23,499159.97
2007-08-24,506385.51
2007-08-27,502855.89
2007-08-28,490836.99
2007-08-29,503194.37
2007-08-30,500297.26
2007-08-31,508669.42
2007-09-04,513836.93
2007-09-05,506562.63
2007-09-06,509586.31
2007-09-07,501674.96
2007-09-10,500136.86
2007-09-11,508113.34
2007-09-12,508266.14
2007-09-13,511863
2007-09-14,510688.65
2007-09-17,505552.1
2007-09-18,520658.16
2007-09-19,525227.8
2007-09-20,523543.91
2007-09-21,527237.15
2007-09-24,526478.21
2007-09-25,526960.83
2007-09-26,529748.22
2007-09-27,535362.94
2007-09-28,535168.16
2007-10-01,542793.12
2007-10-02,543041.27
2007-10-03,540053.34
2007-10-04,541445.25
2007-10-05,547857.86
2007-10-08,544666.02
2007-10-09,550105.97
2007-10-10,549713.16
2007-10-11,548815.81
2007-10-12,552079.96
2007-10-15,547360.58
2007-10-16,541789.79
2007-10-17,544917.75
2007-10-18,545693.29
2007-10-19,532908.84
2007-10-22,533129.96
2007-10-23,540633.09
2007-10-24,538825.21
2007-10-25,540034.85
2007-10-26,549889.74
2007-10-29,553728.73
2007-10-30,549569.46
2007-10-31,557622.8
2007-11-01,542123.56
2007-11-02,544829.94
2007-11-05,538201.99
2007-11-06,546430.48
2007-11-07,533259.39
2007-11-08,534886.19
2007-11-09,526001.51
2007-11-12,517506.71
2007-11-13,532568.79
2007-11-14,529765.94
2007-11-15,522347.59
2007-11-16,524173.11
2007-11-19,512391.97
2007-11-20,518349.89
2007-11-21,508147.62
2007-11-23,518165.31
2007-11-26,508542.79
2007-11-27,515919.16
2007-11-28,529712.79
2007-11-29,528887.71
2007-11-30,532436.23
2007-12-03,529648.46
2007-12-04,526736.47
2007-12-05,534635.79
2007-12-06,541571.61
2007-12-07,540941.56
2007-12-10,544402.06
2007-12-11,530631.08
2007-12-12,537086.54
2007-12-13,531339.7
2007-12-14,520723.13
2007-12-17,509636.63
2007-12-18,514327.62
2007-12-19,512499.8
2007-12-20,514660.2
2007-12-21,523761.53
2007-12-24,527647.08
2007-12-26,529406.98
2007-12-27,524754.48
2007-12-28,526949.75
2007-12-31,524057.68
2008-01-02,519289.96
2008-01-03,519136.78
2008-01-04,506571.56
2008-01-07,507069.47
2008-01-08,501575.06
2008-01-09,508192.69
2008-01-10,509335.3
2008-01-11,501151.41
2008-01-14,507002.02
2008-01-15,492266.48
2008-01-16,484981.02
2008-01-17,474527.32
2008-01-18,474588.34
2008-01-22,461727.04
2008-01-23,464852.36
2008-01-24,475557.42
2008-01-25,471515.38
2008-01-28,477390.66
2008-01-29,480846.49
2008-01-30,477671.94
2008-01-31,484841.07
2008-02-01,491900.21
2008-02-04,489273.47
2008-02-05,471296
2008-02-06,468162.04
2008-02-07,468252.06
2008-02-08,466026.27
2008-02-11,467426.4
2008-02-12,474708.94
2008-02-13,479492.84
2008-02-14,476872.3
2008-02-15,476563.58
2008-02-19,480389.26
2008-02-20,480875.38
2008-02-21,478100.45
2008-02-22,482295.38
2008-02-25,489169.29
2008-02-26,495276.9
2008-02-27,496353.35
2008-02-28,492193.32
2008-02-29,479617.78
2008-03-03,479069.89
2008-03-04,474496.19
2008-03-05,479302.3
2008-03-06,470633.02
2008-03-07,466200.38
2008-03-10,458923.93
2008-03-11,475600.78
2008-03-12,473216.32
2008-03-13,474900.73
2008-03-14,465131.94
2008-03-17,455862.33
2008-03-18,472915.53
2008-03-19,458246.63
2008-03-20,465755.25
2008-03-24,473505.88
2008-03-25,479687.48
2008-03-26,478703.75
2008-03-27,476317.46
2008-03-28,474326.45
2008-03-31,476589.51
2008-04-01,491189.34
2008-04-02,491770.29
2008-04-03,493065.68
2008-04-04,494541.37
2008-04-07,496384.07
2008-04-08,494044.07
2008-04-09,490114.84
2008-04-10,490793.36
2008-04-11,483385.41
2008-04-14,482148.07
2008-04-15,485529.74
2008-04-16,498145.27
2008-04-17,495444.06
2008-04-18,502300.19
2008-04-21,503055.11
2008-04-22,499301.85
2008-04-23,501214.34
2008-04-24,500939.55
2008-04-25,505500.96
2008-04-28,505833.89
2008-04-29,502062.06
2008-04-30,502897.47
2008-05-01,508566
2008-05-02,511053.89
2008-05-05,510756.14
2008-05-06,513921.41
2008-05-07,504850.42
2008-05-08,508106.86
2008-05-09,505059.42
2008-05-12,510287.28
2008-05-13,509782.21
2008-05-14,510908.56
2008-05-15,518268.48
2008-05-16,521473.68
2008-05-19,521236.45
2008-05-20,516583.13
2008-05-21,509825.41
2008-05-22,512947.13
2008-05-23,506583.48
2008-05-27,507276.3
2008-05-28,509114.94
2008-05-29,509259.76
2008-05-30,511808.35
2008-06-02,507444.95
2008-06-03,504460.54
2008-06-04,502702.82
2008-06-05,511622.29
2008-06-06,497430.53
2008-06-09,496912.45
2008-06-10,490886.76
2008-06-11,483467.64
2008-06-12,483419.14
2008-06-13,489056.93
2008-06-16,490509.35
2008-06-17,490714.05
2008-06-18,486173.17
2008-06-19,486376.63
2008-06-20,476252.25
2008-06-23,476041.77
2008-06-24,473443.54
2008-06-25,478447.58
2008-06-26,466605.3
2008-06-27,465852.6760520239
2008-06-30,466229.8297355543
2008-07-01,462089.3958266193
2008-07-02,455313.5561918485
2008-07-03,456536.92382022645
2008-07-07,455596.9774152318
2008-07-08,456444.1691996742
2008-07-09,451174.2272731694
2008-07-10,450421.85223865585
2008-07-11,448445.5646836048
2008-07-14,446940.42349455954
2008-07-15,440070.4164083727
2008-07-16,449105.46476066654
2008-07-17,454846.5334590068
2008-07-18,454376.1749662759
2008-07-21,455788.6423085883
2008-07-22,458330.1583403869
2008-07-23,461906.63865787804
2008-07-24,451742.8138883394
2008-07-25,453719.1905760161
2008-07-28,446473.346932589
2008-07-29,450802.6202445018
2008-07-30,458332.1674945375
2008-07-31,453720.6822811967
2008-08-01,451085.85421766544
2008-08-04,444498.65674560214
2008-08-05,455415.8356381832
2008-08-06,458427.98498046346
2008-08-07,447981.5864878762
2008-08-08,453911.00056185335
2008-08-11,456641.05521823897
2008-08-12,450335.6219910363
2008-08-13,445347.96532098023
2008-08-14,447324.30761382065
2008-08-15,446948.2604487309
2008-08-18,439514.044470423
2008-08-19,435749.62020482606
2008-08-20,439702.5151491938
2008-08-21,443091.0529738833
2008-08-22,445444.16934290825
2008-08-25,437256.8344902855
2008-08-26,439515.971141515
2008-08-27,440080.7854741936
2008-08-28,449398.28106885374
2008-08-29,445351.86981933314
2008-09-02,432929.50820700004
2008-09-03,434435.56079164107
2008-09-04,418436.23914338823
2008-09-05,415706.9386312377
2008-09-08,427472.02064001973
2008-09-09,416837.3201137001
2008-09-10,420225.7511716264
2008-09-11,419943.79746309784
2008-09-12,424649.59240639023
2008-09-15,407238.97570200555
2008-09-16,414015.6001555733
2008-09-17,391616.2576040609
2008-09-18,412227.7257967667
2008-09-19,436792.46321257326
2008-09-22,420981.5349672666
2008-09-23,423711.03334643936
2008-09-24,410346.7902308089
2008-09-25,422017.54009111586
2008-09-26,426064.6222951044
2008-09-29,399053.98074810463
2008-09-30,404795.3105020469
2008-10-01,398866.3459131444
2008-10-02,377407.8291336844
2008-10-03,374113.95813981676
2008-10-06,356232.3245524559
2008-10-07,339856.10478689516
2008-10-08,334585.8624517136
2008-10-09,318586.1266928141
2008-10-10,308515.79923423566
2008-10-13,350021.908796765
2008-10-14,357457.3360637462
2008-10-15,314069.46642598277
2008-10-16,321504.908415635
2008-10-17,318399.2655267836
2008-10-20,340705.6475038776
2008-10-21,319623.601932622
2008-10-22,296188.31828815927
2008-10-23,295529.7208657803
2008-10-24,293365.1339070898
2008-10-27,276989.04799803696
2008-10-28,293648.1783484534
2008-10-29,315295.46711990784
2008-10-30,318025.0680217836
2008-10-31,318025.2422848526
2008-11-03,318214.05083591264
2008-11-04,335343.8509609757
2008-11-05,317743.7634749083
2008-11-06,299014.3081247602
2008-11-07,313602.9456877033
2008-11-10,310685.6513132653
2008-11-11,298356.3082275437
2008-11-12,284709.338926184
2008-11-13,305980.20086364023
2008-11-14,287721.4267541647
2008-11-17,285274.7966565024
2008-11-18,287345.61414469837
2008-11-19,268333.65642594063
2008-11-20,250545.33651964588
2008-11-21,270216.4062766255
2008-11-24,284240.5700286383
2008-11-25,287158.45455563057
2008-11-26,294123.4073327041
2008-11-28,296382.61169686355
2008-12-01,272006.1036120615
2008-12-02,284994.78712290624
2008-12-03,290736.2819917554
2008-12-04,279912.5850316182
2008-12-05,288854.1303892822
2008-12-08,300807.74849703594
2008-12-09,296478.5428835229
2008-12-10,302502.2902316467
2008-12-11,297984.7122939506
2008-12-12,300714.4468482149
2008-12-15,298361.86678465706
2008-12-16,314644.9282970609
2008-12-17,313139.1198824104
2008-12-18,303444.93693535286
2008-12-19,302315.5966455473
2008-12-22,299021.84513595566
2008-12-23,296292.6840171918
2008-12-24,298215.7480819291
2008-12-26,300773.85070715635
2008-12-29,300584.87119332456
2008-12-30,308447.8541915814
2008-12-31,312426.6650974179
2009-01-02,320858.31433676323
2009-01-05,321806.1625894458
2009-01-06,320669.51654849213
2009-01-07,313564.712741831
2009-01-08,312522.8903959458
2009-01-09,304944.3209324249
2009-01-12,297176.93523717736
2009-01-13,294619.24448855314
2009-01-14,284293.57661442785
2009-01-15,287609.3339684593
2009-01-16,291114.54449374595
2009-01-20,269705.4985755921
2009-01-21,284199.8106662133
2009-01-22,278705.3599454037
2009-01-23,279084.51829574484
2009-01-26,280979.6930377617
2009-01-27,286379.71688900015
2009-01-28,295190.04469020077
2009-01-29,282590.6714030507
2009-01-30,278517.1569744337
2009-02-02,278043.98656248365
2009-02-03,283538.7552203609
2009-02-04,281549.45952212944
2009-02-05,293865.01974308566
2009-02-06,295570.4564358243
2009-02-09,294718.40818242065
2009-02-10,280982.00250530225
2009-02-11,282971.64144209184
2009-02-12,282308.60820058367
2009-02-13,281266.64306748874
2009-02-17,266204.44340126246
2009-02-18,264594.10769868613
2009-02-19,263836.466691944
2009-02-20,255784.06320356778
2009-02-23,251710.8659353621
2009-02-24,261563.48374446068
2009-02-25,257774.1591213222
2009-02-26,255974.38422228314
2009-02-27,251995.67731567688
2009-03-02,239112.04917556772
2009-03-03,237122.80480631525
2009-03-04,247164.78084514735
2009-03-05,237028.31113422342
2009-03-06,236175.8163754509
2009-03-09,232102.50307032652
2009-03-10,248586.69018932234
2009-03-11,248776.28154673966
2009-03-12,257965.7593786197
2009-03-13,265260.6412177282
2009-03-16,259482.02264554365
2009-03-17,267155.85911354556
2009-03-18,273408.6535816879
2009-03-19,271987.67337824864
2009-03-20,267061.6753496001
2009-03-23,287714.5424988081
2009-03-24,279472.7383411158
2009-03-25,283356.9882051389
2009-03-26,288188.76232113614
2009-03-27,280231.02497342473
2009-03-30,268673.60304352257
2009-03-31,274263.1586757886
2009-04-01,280042.2828651515
2009-04-02,291884.60287817084
2009-04-03,293211.0443662002
2009-04-06,290179.88555933227
2009-04-07,283548.54345472046
2009-04-08,288001.2257760668
2009-04-09,298043.63800178445
2009-04-13,299844.3053297931
2009-04-14,295770.7928337861
2009-04-15,299371.06582111487
2009-04-16,302876.32426397747
2009-04-17,302308.11327278224
2009-04-20,288476.9254220227
2009-04-21,294919.2286315284
2009-04-22,293214.09703769675
2009-04-23,299372.378155921
2009-04-24,302688.2448080892
2009-04-27,299278.19920458173
2009-04-28,296815.0924998767
2009-04-29,304583.93918187835
2009-04-30,307331.35975631134
2009-05-01,310931.6180866366
2009-05-04,322869.26007892424
2009-05-05,320974.8021872901
2009-05-06,326090.7129577644
2009-05-07,322396.08562454855
2009-05-08,333859.68756601674
2009-05-11,324196.8602235661
2009-05-12,325997.0279877085
2009-05-13,316523.28155067697
2009-05-14,318892.01638866775
2009-05-15,317186.7976060176
2009-05-18,329503.36074999167
2009-05-19,330829.98767043086
2009-05-20,330640.7590950571
2009-05-21,327609.22471055406
2009-05-22,328746.20621126506
2009-05-26,335568.2529071125
2009-05-27,329884.0171128987
2009-05-28,335189.6941771903
2009-05-29,339926.9344659415
2009-06-01,349969.75026336993
2009-06-02,349401.5770284971
2009-06-03,342106.85789010266
2009-06-04,345422.9275623184
2009-06-05,343717.75624917395
2009-06-08,342107.79518502543
2009-06-09,345139.6772123986
2009-06-10,344097.54830463114
2009-06-11,349308.54151057836
2009-06-12,348361.4352026092
2009-06-15,337750.96315248235
2009-06-16,333203.5626512647
2009-06-17,331782.65023925545
2009-06-18,332540.77255971025
2009-06-19,333488.33495766507
2009-06-22,323256.91337777465
2009-06-23,326762.4731835204
2009-06-24,329794.3454426615
2009-06-25,336805.4043026202
2009-06-26,336995.1339428821
2009-06-29,339743.0844732026
2009-06-30,334058.7713407706
2009-07-01,340027.76206983736
2009-07-02,329985.36313010904
2009-07-06,329512.20794589526
2009-07-07,322880.5829919825
2009-07-08,322028.024784805
2009-07-09,324870.5568806857
2009-07-10,323354.9669753134
2009-07-13,329608.3898082379
2009-07-14,331787.5589171383
2009-07-15,343156.78020195704
2009-07-16,344767.6592527851
2009-07-17,345525.80073269526
2009-07-20,352063.56594633317
2009-07-21,352063.75886092905
2009-07-22,353106.2149563625
2009-07-23,360969.9260673838
2009-07-24,361917.4959339325
2009-07-27,363244.5873966418
2009-07-28,361728.87217452045
2009-07-29,357844.6529262138
2009-07-30,365139.96117231745
2009-07-31,367887.6585410486
2009-08-03,375846.79992797825
2009-08-04,374615.4489205932
2009-08-05,374236.66082600725
2009-08-06,371773.6967251977
2009-08-07,374426.59412480006
2009-08-10,372058.5602971114
2009-08-11,368079.55724603444
2009-08-12,372153.6773257478
2009-08-13,376796.50464373216
2009-08-14,372912.10192215646
2009-08-17,361827.5722350686
2009-08-18,366754.5616877031
2009-08-19,368270.61635300616
2009-08-20,372534.20007872145
2009-08-21,380114.07520604687
2009-08-24,380588.3547248755
2009-08-25,381630.79331021337
2009-08-26,380399.2466717378
2009-08-27,381536.50147736224
2009-08-28,381441.8427497588
2009-08-31,377747.56030881533
2009-09-01,369504.9995049129
2009-09-02,370168.38484596525
2009-09-03,374242.60774007486
2009-09-04,378980.1500915263
2009-09-08,385897.1472628781
2009-09-09,389402.9174965492
2009-09-10,393477.27167436265
2009-09-11,393003.8542258268
2009-09-14,394236.190010476
2009-09-15,395941.8356607256
2009-09-16,402763.6697468188
2009-09-17,402100.754681362
2009-09-18,402290.34486878366
2009-09-21,398974.95219141786
2009-09-22,404659.9054805332
2009-09-23,399544.05242239934
2009-09-24,393669.8446229045
2009-09-25,392722.7343979776
2009-09-28,398597.3465540068
2009-09-29,398029.3205802821
2009-09-30,397555.74301713065
2009-10-01,387228.55522410606
2009-10-02,385333.89802715427
2009-10-05,390640.2480329956
2009-10-06,395472.5682985328
2009-10-07,397367.71213059605
2009-10-08,402863.26360942575
2009-10-09,403432.07349735405
2009-10-12,405517.17275145545
2009-10-13,404664.5619402937
2009-10-14,414139.42939634994
2009-10-15,414613.45588480413
2009-10-16,409876.3156031055
2009-10-19,415656.7574924389
2009-10-20,411393.22429671895
2009-10-21,409782.6730915539
2009-10-22,413951.68749173946
2009-10-23,408267.109363963
2009-10-26,402772.49767771905
2009-10-27,399361.75434582715
2009-10-28,388181.7586846154
2009-10-29,401730.8400579839
2009-10-30,387519.00642969046
2009-11-02,390077.77634244954
2009-11-03,390930.5963953941
2009-11-04,393489.1302566143
2009-11-05,399932.2162655346
2009-11-06,399932.435409943
2009-11-09,411871.4600194767
2009-11-10,411113.6586836818
2009-11-11,413577.34172636794
2009-11-12,407608.37494736456
2009-11-13,411777.5698125025
2009-11-16,418220.99826579454
2009-11-17,417274.0316635557
2009-11-18,420779.8484333806
2009-11-19,410452.474915378
2009-11-20,407705.0339142006
2009-11-23,414527.68055914884
2009-11-24,412253.8354692141
2009-11-25,417181.0672651734
2009-11-27,406380.064375871
2009-11-30,408180.8954934362
2009-12-01,416803.31584828906
2009-12-02,417561.7643615416
2009-12-03,414719.35600693827
2009-12-04,415477.56768401456
2009-12-07,413299.009002688
2009-12-08,407803.71804625646
2009-12-09,408562.0331331869
2009-12-10,410457.1980307822
2009-12-11,411120.6421520986
2009-12-14,414342.9402821152
2009-12-15,411216.1801851532
2009-12-16,413679.884248849
2009-12-17,405531.83852328995
2009-12-18,407426.9575056574
2009-12-21,409607.0958932768
2009-12-22,411975.93335226923
2009-12-23,414250.1623414486
2009-12-24,416771.1448736189
2009-12-28,417733.8613205145
2009-12-29,417541.6611914226
2009-12-30,416676.0377274484
2009-12-31,414559.7021049815
2010-01-04,424277.67786159465
2010-01-05,425528.756387775
2010-01-06,427645.42905304406
2010-01-07,426010.2188273709
2010-01-08,428800.42564538406
2010-01-11,430148.0119198511
2010-01-12,425337.9055149243
2010-01-13,428609.2224136376
2010-01-14,429763.91015626106
2010-01-15,425049.90591884503
2010-01-19,430053.6556312536
2010-01-20,421491.43218227394
2010-01-21,412159.2895682068
2010-01-22,403693.26270957716
2010-01-25,406772.36326098396
2010-01-26,404752.28689150506
2010-01-27,403309.45200286224
2010-01-28,397344.6430075623
2010-01-29,393400.3403094029
2010-02-01,401386.3359741824
2010-02-02,407544.1138113029
2010-02-03,404080.6514216308
2010-02-04,389745.6445776078
2010-02-05,386378.51656415366
2010-02-08,383877.72840447223
2010-02-09,392151.94662871596
2010-02-10,390035.4974535866
2010-02-11,395134.861703199
2010-02-12,392729.9451545949
2010-02-16,400812.4376472414
2010-02-17,402351.86885869515
2010-02-18,404661.17078789824
2010-02-19,403699.4565034701
2010-02-22,404084.858376009
2010-02-23,396773.07798304356
2010-02-24,400140.7771574988
2010-02-25,399275.0645511966
2010-02-26,401584.2960712705
2010-03-01,405144.88277339895
2010-03-02,408608.5526236049
2010-03-03,409955.9846482039
2010-03-04,410725.6111481963
2010-03-05,418037.9832137675
2010-03-08,418519.7611698207
2010-03-09,418519.9904993464
2010-03-10,420444.47984638385
2010-03-11,421214.45671044313
2010-03-12,421984.1453163178
2010-03-15,420253.08959867514
2010-03-16,424967.76716395695
2010-03-17,426795.91738830035
2010-03-18,425160.59140142385
2010-03-19,421985.76391391765
2010-03-22,423141.2945368658
2010-03-23,426893.6446483438
2010-03-24,423430.20498968696
2010-03-25,422083.6068759306
2010-03-26,423719.2737683838
2010-03-29,427664.64453707973
2010-03-30,428723.23874211527
2010-03-31,428338.7013339118
2010-04-01,433630.6097543804
2010-04-05,436902.71215992444
2010-04-06,436999.11867855786
2010-04-07,433632.0354137762
2010-04-08,434305.6801159554
2010-04-09,438539.2230565765
2010-04-12,439406.08162365865
2010-04-13,439021.4684809136
2010-04-14,444313.31532002246
2010-04-15,443832.6945489684
2010-04-16,435173.5658277967
2010-04-19,434693.41590509197
2010-04-20,437964.70153745665
2010-04-21,436425.7030835828
2010-04-22,435078.82860078773
2010-04-23,438638.9655309762
2010-04-26,437869.9995587967
2010-04-27,424303.94942736934
2010-04-28,424977.78037680953
2010-04-29,432097.8074244211
2010-04-30,426421.3763272136
2010-05-03,430367.0111701503
2010-05-04,415935.1247397512
2010-05-05,410547.2540144701
2010-05-06,394768.29579764954
2010-05-07,391882.00406886113
2010-05-10,414204.50569951517
2010-05-11,409201.4235673827
2010-05-12,414204.9596295691
2010-05-13,409586.86367245653
2010-05-14,399965.65559553535
2010-05-17,400736.0878241111
2010-05-18,394001.27411919413
2010-05-19,391403.5237019611
2010-05-20,376586.4699730234
2010-05-21,384861.3786727603
2010-05-24,378992.8243882037
2010-05-25,376395.2411870113
2010-05-26,374086.19067473605
2010-05-27,391597.65793030435
2010-05-28,384285.5203442951
2010-06-01,379571.74270691775
2010-06-02,390251.9854903046
2010-06-03,390637.0640025434
2010-06-04,375916.21598981606
2010-06-07,371298.4740392
2010-06-08,376590.3906806673
2010-06-09,375628.5241825789
2010-06-10,387559.6331757073
2010-06-11,389195.6392713828
2010-06-14,389003.7272845052
2010-06-15,400742.4558348582
2010-06-16,399684.138906165
2010-06-17,399876.62088492495
2010-06-18,400358.08906447835
2010-06-21,401224.68153890304
2010-06-22,394778.46272223664
2010-06-23,395355.89038537274
2010-06-24,388332.21307775995
2010-06-25,390930.3922831084
2010-06-28,389006.71148054115
2010-06-29,376306.2357976545
2010-06-30,373515.9938526271
2010-07-01,374574.8488740622
2010-07-02,374093.7750827466
2010-07-06,378905.503563767
2010-07-07,390163.27171527245
2010-07-08,393434.832250597
2010-07-09,396129.1011166931
2010-07-12,394397.91625567054
2010-07-13,400844.7240678849
2010-07-14,400941.0897615882
2010-07-15,401518.7380301898
2010-07-16,389780.24325093196
2010-07-19,392378.80572752864
2010-07-20,396997.4106057559
2010-07-21,391320.8103397154
2010-07-22,402097.5774957244
2010-07-23,405657.8738681638
2010-07-26,408737.46865712607
2010-07-27,409026.2905326958
2010-07-28,407198.33265921235
2010-07-29,407102.6192175067
2010-07-30,407872.43797284376
2010-08-02,419034.4194823855
2010-08-03,416917.83578500786
2010-08-04,418842.40040574933
2010-08-05,418554.1620029888
2010-08-06,417495.956672927
2010-08-09,419228.5318770987
2010-08-10,416342.1558568887
2010-08-11,401524.6784437333
2010-08-12,400177.8335817491
2010-08-13,398926.97716818686
2010-08-16,400563.4858396312
2010-08-17,406240.7648255706
2010-08-18,406818.05877608224
2010-08-19,400564.1443109371
2010-08-20,398062.64965227275
2010-08-23,396427.68140676094
2010-08-24,390269.7346163958
2010-08-25,390943.4594191813
2010-08-26,389211.84746014763
2010-08-27,397005.67706782476
2010-08-30,391137.06412623066
2010-08-31,391618.25790213945
2010-09-01,404223.4843939284
2010-09-02,406821.40255189565
2010-09-03,411440.4446393968
2010-09-07,406726.4733412863
2010-09-08,409901.97880807065
2010-09-09,412596.4007935755
2010-09-10,414328.67756674194
2010-09-13,420776.09052714193
2010-09-14,422027.15587611235
2010-09-15,422412.326302024
2010-09-16,421353.8627446172
2010-09-17,420199.77424755355
2010-09-20,426647.14273258863
2010-09-21,426358.84860768146
2010-09-22,425878.01812924404
2010-09-23,421451.94413211476
2010-09-24,431459.3287220936
2010-09-27,429824.20001325087
2010-09-28,432518.6346801048
2010-09-29,432134.0346923931
2010-09-30,430979.6021759799
2010-10-01,434540.1560696925
2010-10-04,430595.7613321039
2010-10-05,440699.28281789133
2010-10-06,441661.6598884674
2010-10-07,440603.72039629024
2010-10-08,443202.0251526513
2010-10-11,442817.5724916573
2010-10-12,443395.2455822236
2010-10-13,448206.4477839401
2010-10-14,448399.41573459253
2010-10-15,448014.7422194922
2010-10-18,449073.82428568177
2010-10-19,439547.9296925193
2010-10-20,446861.20886224316
2010-10-21,446284.1255677647
2010-10-22,447246.6192747679
2010-10-25,449268.0074539564
2010-10-26,447440.1128968968
2010-10-27,443976.11490911857
2010-10-28,446863.16774065484
2010-10-29,447344.69674034195
2010-11-01,447056.6611552596
2010-11-02,452445.4603202154
2010-11-03,454851.34696726804
2010-11-04,464473.84096394636
2010-11-05,464377.8908479552
2010-11-08,462839.114816684
2010-11-09,458701.5615880054
2010-11-10,459760.38214910333
2010-11-11,457739.9097154504
2010-11-12,451678.19441474957
2010-11-15,451293.8008713118
2010-11-16,442152.81873132143
2010-11-17,443403.992231275
2010-11-18,452449.42704442283
2010-11-19,452449.6749658405
2010-11-22,450814.3991368054
2010-11-23,440133.72446987376
2010-11-24,446966.14236067125
2010-11-26,441962.67234995356
2010-11-29,439557.80473242
2010-11-30,435516.5285055427
2010-12-01,446679.02850441996
2010-12-02,454858.5749119277
2010-12-03,457071.9325074532
2010-12-06,455821.6344831571
2010-12-07,455340.9052583959
2010-12-08,456111.0159782797
2010-12-09,457361.94934765855
2010-12-10,459286.9076771707
2010-12-13,462270.59391394374
2010-12-14,462848.2450257806
2010-12-15,458421.98997288867
2010-12-16,461020.45529638696
2010-12-17,459673.759577847
2010-12-20,460251.5469206046
2010-12-21,464197.2870868363
2010-12-22,465453.2281541198
2010-12-23,464570.4802487935
2010-12-27,464865.64069973247
2010-12-28,464571.75306616724
2010-12-29,467809.099945747
2010-12-30,467416.8506079157
2010-12-31,468888.60952762334
2011-01-03,473107.4849778098
2011-01-04,472323.09872479236
2011-01-05,472519.29558356473
2011-01-06,469184.3474874304
2011-01-07,467615.0481476735
2011-01-10,465654.17037166556
2011-01-11,469774.34275780973
2011-01-12,476935.3299991944
2011-01-13,476641.39382760687
2011-01-14,479486.42451811896
2011-01-18,480959.0979212771
2011-01-19,476741.11467553984
2011-01-20,474190.84825346427
2011-01-21,475368.4815909775
2011-01-24,478508.14226964064
2011-01-25,477134.877899165
2011-01-26,480078.1342962411
2011-01-27,481549.9744976512
2011-01-28,471054.09339033696
2011-01-31,475468.9253835789
2011-02-01,484690.18683291675
2011-02-02,483611.3834301611
2011-02-03,484200.1553647654
2011-02-04,484789.0330913751
2011-02-07,486065.2115702971
2011-02-08,488517.82468978217
2011-02-09,485379.0804701018
2011-02-10,482730.4767471481
2011-02-11,485575.8172892749
2011-02-14,486753.7942006032
2011-02-15,485674.9316681712
2011-02-16,489304.525010316
2011-02-17,492051.67059419455
2011-02-18,493621.3224737952
2011-02-22,481066.26733983995
2011-02-23,479693.08769268997
2011-02-24,480380.12511733867
2011-02-25,485481.4917039797
2011-02-28,489405.9509220582
2011-03-01,482833.8688212707
2011-03-02,485482.8218127652
2011-03-03,492840.3260388209
2011-03-04,489112.7128913763
2011-03-07,485680.254245113
2011-03-08,488329.16493008466
2011-03-09,487544.5492029757
2011-03-10,476459.7070479614
2011-03-11,478225.89178836363
2011-03-14,474106.35785523616
2011-03-15,465474.3975224846
2011-03-16,454683.7143343545
2011-03-17,464787.86228870146
2011-03-18,468516.0813449045
2011-03-21,477836.09430454473
2011-03-22,476855.3107301302
2011-03-23,477542.40933535114
2011-03-24,483722.84324250993
2011-03-25,482840.21855785145
2011-03-28,481467.4390461373
2011-03-29,484901.2172365113
2011-03-30,489708.3110547575
2011-03-31,489119.9492455206
2011-04-01,493142.3677426895
2011-04-04,493928.02031691634
2011-04-05,493928.29096669
2011-04-06,496381.03756622464
2011-04-07,494713.57032233704
2011-04-08,495204.3686751782
2011-04-11,493733.96651363757
2011-04-12,488730.84790983936
2011-04-13,489516.06664911984
2011-04-14,491183.8702142949
2011-04-15,491380.40359752474
2011-04-18,482846.56837793736
2011-04-19,487163.2360953143
2011-04-20,496482.79386734834
2011-04-21,499916.7287093675
2011-04-25,499427.24001773674
2011-04-26,502860.9755774754
2011-04-27,507079.46155582636
2011-04-28,508257.01776808745
2011-04-29,510415.48337739526
2011-05-02,508944.9841394887
2011-05-03,505119.2030297153
2011-05-04,500214.40008069196
2011-05-05,493151.55528101383
2011-05-06,495407.97012285545
2011-05-09,498057.57162048935
2011-05-10,503453.4236883478
2011-05-11,494624.78505702084
2011-05-12,495017.3274889917
2011-05-13,489229.73909543495
2011-05-16,487562.71586741164
2011-05-17,489034.64887188014
2011-05-18,493253.2809662332
2011-05-19,494332.5777614873
2011-05-20,489133.3501840496
2011-05-23,480697.56061517977
2011-05-24,482267.5508534977
2011-05-25,485014.62827951094
2011-05-26,488546.4678418675
2011-05-27,491783.98700865346
2011-05-31,498848.5473149302
2011-06-01,488351.9099115629
2011-06-02,488940.8805500466
2011-06-03,487371.3604505879
2011-06-06,480701.2482296019
2011-06-07,482859.7974379909
2011-06-08,479916.8525867717
2011-06-09,483841.3093291244
2011-06-10,474129.21978085325
2011-06-13,475111.1417869556
2011-06-14,482370.9990992889
2011-06-15,470304.68411149667
2011-06-16,468637.4540722174
2011-06-17,471580.4090418931
2011-06-20,471973.93723502767
2011-06-21,480509.0855659673
2011-06-22,477271.7883889806
2011-06-23,474721.5173324936
2011-06-24,469914.77539832995
2011-06-27,473741.4602833455
2011-06-28,480216.5466422326
2011-06-29,486397.3630865537
2011-06-30,492185.6414831016
2011-07-01,497777.8640155189
2011-07-05,496699.9533268387
2011-07-06,495326.68214899505
2011-07-07,500035.87957434723
2011-07-08,495131.1620220593
2011-07-11,483555.56696071074
2011-07-12,479925.79372581
2011-07-13,484733.2139652808
2011-07-14,481103.70028781274
2011-07-15,484047.2855967417
2011-07-18,477965.36422074965
2011-07-19,485912.19146934187
2011-07-20,488953.7407340979
2011-07-21,496900.424977719
2011-07-22,496998.755777136
2011-07-25,493173.443929607
2011-07-26,493958.6046798249
2011-07-27,483265.31459717697
2011-07-28,482480.8983440676
2011-07-29,481598.26459865
2011-08-01,477969.03087545035
2011-08-02,466000.4552108593
2011-08-03,467864.7285424945
2011-08-04,440199.11407892144
2011-08-05,442063.50676215097
2011-08-08,409493.0956678692
2011-08-09,432548.052116284
2011-08-10,411455.83942649106
2011-08-11,431371.36408229923
2011-08-12,435295.8792651784
2011-08-15,445009.19559791667
2011-08-16,440398.3912168577
2011-08-17,442360.80360583507
2011-08-18,422641.6063299563
2011-08-19,416264.9129688816
2011-08-22,416559.856679741
2011-08-23,430981.85443044227
2011-08-24,432944.13773774356
2011-08-25,423722.49593673996
2011-08-26,430393.9901790037
2011-08-29,442069.32032868237
2011-08-30,442560.02338281134
2011-08-31,446680.7594727361
2011-09-01,443541.6940013506
2011-09-02,432750.1512878865
2011-09-06,424902.3032086749
2011-09-07,436675.72422452044
2011-09-08,429808.2951099175
2011-09-09,417348.9277470983
2011-09-12,416859.1757869687
2011-09-13,420783.5415094943
2011-09-14,425492.9287107358
2011-09-15,432654.96215492097
2011-09-16,433636.2351683014
2011-09-19,425297.9973722818
2011-09-20,425200.0109310486
2011-09-21,412151.95171367965
2011-09-22,394983.09832612675
2011-09-23,398613.41929621977
2011-09-26,407051.51360056293
2011-09-27,414900.3869403298
2011-09-28,405874.50376158
2011-09-29,411565.01700654917
2011-09-30,398811.2831367254
2011-10-03,388804.7846863183
2011-10-04,396457.3953971418
2011-10-05,403815.9057125372
2011-10-06,413626.9619456381
2011-10-07,410095.1714474772
2011-10-10,425302.8913165152
2011-10-11,423635.16164688213
2011-10-12,431974.8175743167
2011-10-13,429619.9916090251
2011-10-14,436880.83512431587
2011-10-17,426285.54895636253
2011-10-18,434625.12859218055
2011-10-19,428150.0338888391
2011-10-20,427561.67803059786
2011-10-21,437765.26558945805
2011-10-24,444437.4629577732
2011-10-25,436490.58295303787
2011-10-26,442671.85733448836
2011-10-27,462196.08961814846
2011-10-28,460724.8076869672
2011-10-31,443752.4045563969
2011-11-01,430998.38581541856
2011-11-02,438651.0886677274
2011-11-03,447579.42204477545
2011-11-04,443851.336180833
2011-11-07,445912.52082663774
2011-11-08,451406.9993955385
2011-11-09,430607.83339561033
2011-11-10,435121.1652223951
2011-11-11,444736.3030650143
2011-11-14,438065.26931220264
2011-11-15,438261.7966045948
2011-11-16,431590.4486378799
2011-11-17,424526.7024599
2011-11-18,424919.2999050541
2011-11-21,415207.00752687285
2011-11-22,414618.5813513434
2011-11-23,403728.47269587836
2011-11-25,402453.6719936988
2011-11-28,417563.3540851555
2011-11-29,419035.2753419253
2011-11-30,438265.39882717014
2011-12-01,436303.2750599965
2011-12-02,436107.35650809034
2011-12-05,441308.05998294195
2011-12-06,440229.02497947
2011-12-07,441701.01768962253
2011-12-08,429731.50377769116
2011-12-09,437777.01962758275
2011-12-12,427574.09526369587
2011-12-13,423061.0994899097
2011-12-14,417861.2139243933
2011-12-15,419431.4775256725
2011-12-16,420118.356331926
2011-12-19,415017.11335563334
2011-12-20,428360.60783724504
2011-12-21,427336.37430666556
2011-12-22,432258.87534916005
2011-12-23,434870.8702335417
2011-12-27,434269.3028313372
2011-12-28,427740.00952421944
2011-12-29,432763.01560011186
2011-12-30,433767.7182325648
2012-01-03,441905.52777511
2012-01-04,441905.76991895714
2012-01-05,439595.6418009133
2012-01-06,436280.88405054976
2012-01-09,437788.3734688289
2012-01-10,444519.03286323993
2012-01-11,443916.6194689414
2012-01-12,445323.2558879655
2012-01-13,441405.67318009
2012-01-17,445123.76493330183
2012-01-18,451050.69304395857
2012-01-19,455069.3194759408
2012-01-20,456074.12476500747
2012-01-23,456577.048112632
2012-01-24,454869.53895148257
2012-01-25,460394.9135464719
2012-01-26,458687.61494063755
2012-01-27,459290.4759504529
2012-01-30,456478.57462283794
2012-01-31,457483.2289875133
2012-02-01,463812.31830441806
2012-02-02,465620.775493697
2012-02-03,472150.9572017234
2012-02-06,470946.1393204092
2012-02-07,472553.6291038443
2012-02-08,474362.3073641841
2012-02-09,474965.2864238828
2012-02-10,468636.78200277226
2012-02-13,472756.15966120025
2012-02-14,470847.66267431475
2012-02-15,469943.83900820237
2012-02-16,476373.3706332105
2012-02-17,477679.7216482437
2012-02-21,477881.6412766828
2012-02-22,476475.5309485509
2012-02-23,478183.73720645864
2012-02-24,480896.1524424356
2012-02-27,479691.44023340393
2012-02-28,482404.12516339147
2012-02-29,479289.95596303826
2012-03-01,483911.57416984683
2012-03-02,480395.65489747556
2012-03-05,477382.8076636694
2012-03-06,465629.19514491525
2012-03-07,470753.0593769026
2012-03-08,478589.04917227157
2012-03-09,478187.6675610246
2012-03-12,477384.6387530013
2012-03-13,485823.5414352747
2012-03-14,484015.40622362983
2012-03-15,486929.0976471698
2012-03-16,488536.8399956555
2012-03-19,489943.71979329863
2012-03-20,486126.77107142226
2012-03-21,485222.7806826777
2012-03-22,479496.92528545647
2012-03-23,483214.13122017536
2012-03-26,490347.61475778674
2012-03-27,487434.5432540452
2012-03-28,483818.2426862348
2012-03-29,483015.00093892537
2012-03-30,484923.91095418495
2012-04-02,489947.47833853593
2012-04-03,485326.6757625439
2012-04-04,477892.90126146807
2012-04-05,476888.40760039643
2012-04-09,472770.66659975075
2012-04-10,463327.501980797
2012-04-11,468652.4465321108
2012-04-12,476789.79766569135
2012-04-13,468954.1725083151
2012-04-16,470562.3936579816
2012-04-17,477796.0764365884
2012-04-18,474882.80517639674
2012-04-19,472773.2571713353
2012-04-20,474280.53043802123
2012-04-23,468153.11913014424
2012-04-24,469861.16757197253
2012-04-25,476190.6075689265
2012-04-26,480209.2006353638
2012-04-27,481214.2839909424
2012-04-30,479205.7468100266
2012-05-01,481617.15200467454
2012-05-02,479808.80817285477
2012-05-03,475790.7761234895
2012-05-04,467352.1552867427
2012-05-07,469362.2594876339
2012-05-08,464640.60092768265
2012-05-09,460220.6271410225
2012-05-10,461426.32510524645
2012-05-11,459919.59898225486
2012-05-14,452385.7107581074
2012-05-15,448568.41397398134
2012-05-16,445052.4360030626
2012-05-17,438924.43461317784
2012-05-18,435207.5652863648
2012-05-21,443345.9959245472
2012-05-22,442542.2875279278
2012-05-23,441035.6463224895
2012-05-24,439729.93893134594
2012-05-25,438825.7857374581
2012-05-29,444854.7228713867
2012-05-30,436114.3503166836
2012-05-31,436416.1251100277
2012-06-01,426470.3569172458
2012-06-04,427576.10452286334
2012-06-05,429786.74864475086
2012-06-06,441541.1878612171
2012-06-07,441541.42980542284
2012-06-08,442144.58827628026
2012-06-11,436418.7556122195
2012-06-12,442848.65477092855
2012-06-13,439232.36123409594
2012-06-14,442346.87452957814
2012-06-15,447872.7247740753
2012-06-18,448275.4426273287
2012-06-19,454705.1888874803
2012-06-20,455408.95922491513
2012-06-21,443554.2551110163
2012-06-22,447773.99963676446
2012-06-25,438933.8146143137
2012-06-26,441445.58351506165
2012-06-27,445766.0446969296
2012-06-28,444460.2622634486
2012-06-29,458827.017651799
2012-07-02,460535.57579838444
2012-07-03,465458.6183121722
2012-07-05,461038.6041979372
2012-07-06,456015.7725312006
2012-07-09,454810.93156460085
2012-07-10,451194.14407418726
2012-07-11,452098.70356824086
2012-07-12,447578.0185801406
2012-07-13,454711.16870446864
2012-07-16,454611.6821855639
2012-07-17,457424.8481056109
2012-07-18,459836.502186888
2012-07-19,462649.72664134816
2012-07-20,456019.2708022074
2012-07-23,449590.13707951
2012-07-24,444566.7762956891
2012-07-25,446074.16597184615
2012-07-26,455719.33017165144
2012-07-27,464962.6199169238
2012-07-30,463858.06714442896
2012-07-31,462150.38510266825
2012-08-01,460744.2472563914
2012-08-02,456122.8593343228
2012-08-03,467576.4031001462
2012-08-06,469887.94440143096
2012-08-07,473203.7470212426
2012-08-08,472802.0134692179
2012-08-09,473807.0974401499
2012-08-10,474711.5790120422
2012-08-13,473607.08637566166
2012-08-14,473808.39556375245
2012-08-15,474109.7302634657
2012-08-16,478832.11195921217
2012-08-17,479234.36916544294
2012-08-20,478632.3214961822
2012-08-21,478733.13528167846
2012-08-22,478331.5068551317
2012-08-23,475116.58860543766
2012-08-24,475920.5261491494
2012-08-27,475720.57293092756
2012-08-28,475821.2803267891
2012-08-29,475017.8616512768
2012-08-30,470296.1741683346
2012-08-31,473611.75766452303
2012-09-04,473110.50760380697
2012-09-05,472407.5315235079
2012-09-06,483258.3513337352
2012-09-07,487880.40028480487
2012-09-10,484364.64791243814
2012-09-11,487378.9692104855
2012-09-12,489388.50278441835
2012-09-13,497928.7630943023
2012-09-14,501747.0987716603
2012-09-17,499235.886533718
2012-09-18,497628.9940314905
2012-09-19,498633.9038190508
2012-09-20,496122.4514202102
2012-09-21,496122.7232724309
2012-09-24,494943.8771668309
2012-09-25,490877.2032650224
2012-09-26,487115.65639718046
2012-09-27,493216.1898896115
2012-09-28,488336.2968055889
2012-10-01,490777.26413269254
2012-10-02,492709.40776036365
2012-10-03,492099.6753747128
2012-10-04,496471.6748789779
2012-10-05,496675.4215106257
2012-10-08,494439.38119696686
2012-10-09,488847.533408829
2012-10-10,486306.0185765573
2012-10-11,488644.8568396165
2012-10-12,486611.7382804371
2012-10-15,490984.29441022285
2012-10-16,497288.5271219037
2012-10-17,500237.33354735235
2012-10-18,499220.64819783194
2012-10-19,491493.82426927186
2012-10-22,493528.0822651162
2012-10-23,484886.04063141416
2012-10-24,484378.0089970283
2012-10-25,487428.5333866159
2012-10-26,485903.59126546886
2012-10-31,485396.6758432234
2012-11-01,492615.58441516804
2012-11-02,487430.67009755067
2012-11-05,488143.0923071753
2012-11-06,492210.2933094326
2012-11-07,483059.87869063
2012-11-08,478179.60744202364
2012-11-09,478383.24276879075
2012-11-12,478790.8290386069
2012-11-13,475842.35606009996
2012-11-14,470250.4929528696
2012-11-15,469539.125788477
2012-11-16,471064.4520578515
2012-11-19,481029.4686035801
2012-11-20,480419.6611811749
2012-11-21,482046.8163936505
2012-11-23,489774.6429381394
2012-11-26,488555.3020400943
2012-11-27,485607.12734637235
2012-11-28,489775.98480918206
2012-11-29,492419.87217840104
2012-11-30,492826.99848027766
2012-12-03,491607.71051249414
2012-12-04,492217.8452043743
2012-12-05,493641.537972863
2012-12-06,495573.90975718305
2012-12-07,496590.9056639635
2012-12-10,496794.9935663789
2012-12-11,500659.058213743
2012-12-12,501574.34490410105
2012-12-13,498422.7218059859
2012-12-14,498727.9818393274
2012-12-17,502897.6468244305
2012-12-18,507880.0174629508
2012-12-19,506863.6699035307
2012-12-20,510102.79421607516
2012-12-21,505784.1709862077
2012-12-24,504962.91643180023
2012-12-26,504140.7518093564
2012-12-27,504655.07589059154
2012-12-28,501570.69556215423
2012-12-31,508152.17776717735
2013-01-02,519257.65598644404
2013-01-03,516378.9670719018
2013-01-04,518846.7851183124
2013-01-07,516174.19450070575
2013-01-08,514220.83027165674
2013-01-09,516483.4856035504
2013-01-10,521933.1697747546
2013-01-11,521625.1507589485
2013-01-14,521934.3137569105
2013-01-15,521420.54656564357
2013-01-16,520392.83053024457
2013-01-17,523786.1123675588
2013-01-18,524300.6111925049
2013-01-22,526358.0861877188
2013-01-23,525947.2459623548
2013-01-24,526975.7507901901
2013-01-25,529855.310669716
2013-01-28,527799.5861227277
2013-01-29,530678.9949814779
2013-01-30,529959.373976519
2013-01-31,528520.2607509358
2013-02-01,533456.0118292631
2013-02-04,525950.7043107675
2013-02-05,529549.7743865177
2013-02-06,530064.3343178098
2013-02-07,527288.3659677311
2013-02-08,530476.1000640219
2013-02-11,529757.1607569192
2013-02-12,531402.8251591177
2013-02-13,532431.239055168
2013-02-14,531608.8954362924
2013-02-15,530272.436401939
2013-02-19,534900.7972156478
2013-02-20,528834.2594543061
2013-02-21,523385.1278447596
2013-02-22,528732.0683058501
2013-02-25,518861.5691384734
2013-02-26,522152.5743395321
2013-02-27,527911.0334702968
2013-02-28,526883.0337932629
2013-03-01,528220.1356823333
2013-03-04,529454.8903313361
2013-03-05,534390.8336542082
2013-03-06,535213.613071598
2013-03-07,537167.6680985457
2013-03-08,539327.4786297055
2013-03-11,540870.7816311052
2013-03-12,538094.716404827
2013-03-13,537786.3277703895
2013-03-14,541591.3891212046
2013-03-15,540049.003108235
2013-03-18,536553.9053891941
2013-03-19,532852.5625834118
2013-03-20,537480.1266452576
2013-03-21,533264.2880272754
2013-03-22,536916.2044815215
2013-03-25,533719.5701078691
2013-03-26,537742.8748830272
2013-03-27,537124.2725505637
2013-03-28,539290.7864185089
2013-04-01,534649.939018712
2013-04-02,537848.0259698686
2013-04-03,531968.4348463762
2013-04-04,534960.136271057
2013-04-05,533206.923113176
2013-04-08,535786.7030728916
2013-04-09,537437.6283086566
2013-04-10,544761.6021386139
2013-04-11,547443.9499032516
2013-04-12,545071.992232566
2013-04-15,531559.4707548745
2013-04-16,540224.7830275459
2013-04-17,530631.5656350028
2013-04-18,528156.133397008
2013-04-19,534036.2024023716
2013-04-22,535790.8132971475
2013-04-23,541773.8838414819
2013-04-24,544043.679814636
2013-04-25,547138.9328276457
2013-04-26,545694.923061908
2013-04-29,551059.8137466009
2013-04-30,553742.298079588
2013-05-01,548378.5493921313
2013-05-02,552608.1241043597
2013-05-03,558591.6048261244
2013-05-06,559211.4336299158
2013-05-07,561584.345777135
2013-05-08,565504.5123117069
2013-05-09,562719.5886087934
2013-05-10,562926.2885861074
2013-05-13,562514.5878071426
2013-05-14,566125.4425977701
2013-05-15,568292.0819305961
2013-05-16,565300.6515655167
2013-05-17,569943.1603562072
2013-05-20,570563.0651658388
2013-05-21,571388.6863280615
2013-05-22,565612.1522028493
2013-05-23,563033.4425025844
2013-05-24,559629.5778924278
2013-05-28,561797.043856549
2013-05-29,557568.0148978205
2013-05-30,560250.2838995565
2013-05-31,550656.7409822904
2013-06-03,554062.0483579247
2013-06-04,551998.9859333183
2013-06-05,542715.4248538614
2013-06-06,547254.6696040703
2013-06-07,552206.4985355849
2013-06-10,552516.9463972807
2013-06-11,545192.8476160085
2013-06-12,542201.6759204565
2013-06-13,550248.3985697286
2013-06-14,545503.1794301522
2013-06-17,551177.7551207944
2013-06-18,555304.6104551058
2013-06-19,545504.6739847005
2013-06-20,528896.4901864944
2013-06-21,529928.3937225959
2013-06-24,521594.7611278372
2013-06-25,528566.3577823496
2013-06-26,532624.5250304092
2013-06-27,538139.7842376397
2013-06-28,535954.7096412084
2013-07-01,540429.7985570956
2013-07-02,537412.6076685735
2013-07-03,538245.3835505244
2013-07-05,542095.8951155165
2013-07-08,544177.4431711994
2013-07-09,547819.5899050441
2013-07-10,548548.4390306146
2013-07-11,560618.2738190771
2013-07-12,559265.8906813961
2013-07-15,562180.3300156234
2013-07-16,560515.6633950211
2013-07-17,562805.3514061704
2013-07-18,565718.8163702418
2013-07-19,565719.1263580605
2013-07-22,568321.4628732384
2013-07-23,568633.7938620612
2013-07-24,566761.3557790627
2013-07-25,567906.0724963082
2013-07-26,566449.7464117045
2013-07-29,563433.2511139186
2013-07-30,563017.3392886108
2013-07-31,563641.8474803136
2013-08-01,571134.0294346205
2013-08-02,572798.8591717923
2013-08-05,571551.3453859434
2013-08-06,568846.293447397
2013-08-07,565620.9737125181
2013-08-08,570719.8397110376
2013-08-09,570303.7191982266
2013-08-12,569992.6337048038
2013-08-13,572698.1637337409
2013-08-14,571450.0160006111
2013-08-15,564791.0573712249
2013-08-16,564063.0661344144
2013-08-19,559485.7800336382
2013-08-20,561254.925994083
2013-08-21,555428.0754396439
2013-08-22,560423.0894651245
2013-08-23,564065.2297017783
2013-08-26,561464.753105898
2013-08-27,551580.2362318842
2013-08-28,552412.9402216132
2013-08-29,552725.3740202489
2013-08-30,549812.3464739614
2013-09-03,554807.9784776415
2013-09-04,560531.0204377283
2013-09-05,561676.1282833682
2013-09-06,563133.1068504363
2013-09-09,570833.8388237549
2013-09-10,576349.082614597
2013-09-11,578014.2146970544
2013-09-12,574996.8201510782
2013-09-13,576870.2002312631
2013-09-16,580929.3662810555
2013-09-17,582282.3193942817
2013-09-18,593728.4651677161
2013-09-19,591855.9297411969
2013-09-20,586549.3301399997
2013-09-23,585661.9656881602
2013-09-24,584617.2584700171
2013-09-25,584095.0907606697
2013-09-26,585976.69496585
2013-09-27,584095.730875184
2013-09-30,580543.3627856551
2013-10-01,585141.9906471956
2013-10-02,584306.1588626418
2013-10-03,580857.9270481821
2013-10-04,583261.7653482934
2013-10-07,578560.1429515273
2013-10-08,572394.3416543027
2013-10-09,573544.1588745173
2013-10-10,585354.073156111
2013-10-11,589430.2362169283
2013-10-14,590894.165897091
2013-10-15,586818.7962379847
2013-10-16,593298.5596911449
2013-10-17,599151.4211868249
2013-10-18,602705.0602021316
2013-10-21,603333.1718069267
2013-10-22,607618.4096813586
2013-10-23,602288.7356623639
2013-10-24,605528.8797454472
2013-10-25,606156.386364506
2013-10-28,606052.59925036
2013-10-29,607516.1145105391
2013-10-30,605217.4663996673
2013-10-31,602082.3870556571
2013-11-01,601769.1020564825
2013-11-04,605219.12455777
2013-11-05,600725.3162375003
2013-11-06,603547.5561240133
2013-11-07,595082.4656660026
2013-11-08,600308.1138583646
2013-11-11,600727.291258802
2013-11-12,599055.541041389
2013-11-13,602400.0825078085
2013-11-14,605222.4408876046
2013-11-15,609612.0999117736
2013-11-18,609299.6420046772
2013-11-19,607314.114256689
2013-11-20,604388.3084309291
2013-11-21,608464.5734909506
2013-11-22,610764.2324946787
2013-11-25,608465.9071341349
2013-11-26,608675.2323461825
2013-11-27,610974.7925588719
2013-11-29,611393.4464197652
2013-12-02,607213.760057388
2013-12-03,603974.3655240478
2013-12-04,601779.9836283964
2013-12-05,599585.5467244437
2013-12-06,606797.3680836093
2013-12-09,607320.7698938039
2013-12-10,606380.6586610583
2013-12-11,599378.4192730181
2013-12-12,596557.1495458694
2013-12-13,596348.4300805547
2013-12-16,600843.4935039832
2013-12-17,598439.9948459538
2013-12-18,606696.4663717669
2013-12-19,606801.6905584353
2013-12-20,610210.1123747193
2013-12-23,615049.8233089423
2013-12-24,616522.8570872275
2013-12-26,618732.4750917573
2013-12-27,620626.4498298245
2013-12-30,622310.3772420194
2013-12-31,624835.2908201959
2014-01-02,615579.1817733903
2014-01-03,616210.6632651002
2014-01-06,614528.8151921965
2014-01-07,617368.9913475417
2014-01-08,617474.6959701244
2014-01-09,617369.6679271917
2014-01-10,621577.6151716165
2014-01-13,614636.0129076875
2014-01-14,620211.683134081
2014-01-15,622105.5731887352
2014-01-16,622316.1742229571
2014-01-17,620002.3372035155
2014-01-21,621686.8340290749
2014-01-22,623264.8937549533
2014-01-23,617584.8753798251
2014-01-24,601596.2191881452
2014-01-27,598441.2352960348
2014-01-28,603385.6287757228
2014-01-29,597284.8997239345
2014-01-30,603281.0802425283
2014-01-31,597075.0819963138
2014-02-03,585189.277747923
2014-02-04,590028.2624332509
2014-02-05,589608.0082297965
2014-02-06,598760.0924567234
2014-02-07,605492.6666040302
2014-02-10,605072.9780763006
2014-02-11,613067.9909901697
2014-02-12,614225.5376286205
2014-02-13,616434.7706477625
2014-02-14,619485.9017341002
2014-02-18,622222.163850943
2014-02-19,618225.0150825205
2014-02-20,621697.0537816023
2014-02-21,621802.4476830028
2014-02-24,625695.5488583436
2014-02-25,624117.9854296937
2014-02-26,624223.591368165
2014-02-27,626538.2160307504
2014-02-28,628221.7322855686
2014-03-03,619702.0430648747
2014-03-04,630221.7631177861
2014-03-05,630537.6384839552
2014-03-06,633378.3871197936
2014-03-07,631379.9191936778
2014-03-10,628540.7581636042
2014-03-11,625280.2641333984
2014-03-12,624649.2812397955
2014-03-13,616233.9618956754
2014-03-14,615603.1311716423
2014-03-17,620863.9234541741
2014-03-18,625598.0895794219
2014-03-19,619497.1036724617
2014-03-20,620654.67666152
2014-03-21,619602.9952552363
2014-03-24,619077.8443652195
2014-03-25,622929.396638418
2014-03-26,620390.6336313977
2014-03-27,621977.848903034
2014-03-28,625892.5895473863
2014-03-31,631289.4798230788
2014-04-01,635944.7253905736
2014-04-02,636897.3600050339
2014-04-03,635522.1487373171
2014-04-04,630021.1998480925
2014-04-07,625684.3818995821
2014-04-08,628012.3676221044
2014-04-09,635418.6035397692
2014-04-10,623675.352939062
2014-04-11,618809.0265909241
2014-04-14,622195.4638543956
2014-04-15,622090.1698201525
2014-04-16,628649.8250815774
2014-04-17,631189.3571124398
2014-04-21,632142.9840174696
2014-04-22,634470.8859207288
2014-04-23,633201.3988947648
2014-04-24,633519.2836165387
2014-04-25,628547.2897808608
2014-04-28,630452.554200597
2014-04-29,633627.0233464224
2014-04-30,635954.8310510538
2014-05-01,637224.5989180736
2014-05-02,637436.7460685776
2014-05-05,637543.482660921
2014-05-06,634687.3412034005
2014-05-07,637332.4880042463
2014-05-08,636380.847947986
2014-05-09,636592.8376252996
2014-05-12,642201.3005593489
2014-05-13,641884.0587856245
2014-05-14,640297.4408362147
2014-05-15,635748.2586902906
2014-05-16,638605.3765449966
2014-05-19,639241.2474973509
2014-05-20,635009.5945885372
2014-05-21,639347.6377075473
2014-05-22,641887.2242982896
2014-05-23,644638.5088736836
2014-05-27,647601.977658622
2014-05-28,646438.794839789
2014-05-29,650353.6292659644
2014-05-30,648978.8558827991
2014-06-02,651519.06906094
2014-06-03,650567.2127815029
2014-06-04,651202.2381754067
2014-06-05,656069.3571603376
2014-06-06,659667.089653199
2014-06-09,660408.5880766967
2014-06-10,659880.1275952901
2014-06-11,657552.7646731959
2014-06-12,655014.1225484658
2014-06-13,656813.1748637425
2014-06-16,656390.9638206188
2014-06-17,657660.7229696506
2014-06-18,661470.072988801
2014-06-19,662634.2501898989
2014-06-20,663692.6320507411
2014-06-23,662635.7025631182
2014-06-24,659363.7812553397
2014-06-25,660536.4838032476
2014-06-26,660430.3122552136
2014-06-27,662669.2465274025
2014-06-30,663309.8538704077
2014-07-01,668959.3487567512
2014-07-02,669492.7001805183
2014-07-03,672477.5419076236
2014-07-07,668215.440910986
2014-07-08,662886.1513280603
2014-07-09,665657.930746334
2014-07-10,661288.1792340724
2014-07-11,661501.6629334501
2014-07-14,665446.5801936031
2014-07-15,663421.8930497894
2014-07-16,666300.1128315596
2014-07-17,658092.9906910479
2014-07-18,665021.6365787943
2014-07-21,663530.4513217672
2014-07-22,666835.1889311299
2014-07-23,668541.0097778735
2014-07-24,669074.3147876331
2014-07-25,666303.398754332
2014-07-28,666304.494065524
2014-07-29,663320.3943842427
2014-07-30,663640.2590620328
2014-07-31,651702.5926514196
2014-08-01,649464.2818247689
2014-08-04,653622.5066566222
2014-08-05,647014.2238936758
2014-08-06,646268.3537399437
2014-08-07,642324.9313783125
2014-08-08,647121.9287185923
2014-08-11,650214.1199408837
2014-08-12,649468.1964766769
2014-08-13,653306.2263987423
2014-08-14,656397.6642940657
2014-08-15,656078.2569068748
2014-08-18,661728.8258592745
2014-08-19,663434.6165292532
2014-08-20,663967.9266256981
2014-08-21,665353.8470559582
2014-08-22,664714.6224496814
2014-08-25,667806.9715268838
2014-08-26,668446.8228238822
2014-08-27,669619.833874663
2014-08-28,667381.7101888465
2014-08-29,668980.9760736735
2014-09-02,670048.3430803143
2014-09-03,671434.3819345105
2014-09-04,669302.9986793587
2014-09-05,670795.5236688278
2014-09-08,666746.0850795186
2014-09-09,663228.8593266819
2014-09-10,665467.7292978246
2014-09-11,664082.4161705527
2014-09-12,660778.259265595
2014-09-15,659393.769907104
2014-09-16,663764.4103238771
2014-09-17,661313.1822239759
2014-09-18,664617.8658027422
2014-09-19,661953.3481302726
2014-09-22,657051.1866209371
2014-09-23,652574.4490466872
2014-09-24,657811.9356847658
2014-09-25,647102.5420658569
2014-09-26,650851.3810218088
2014-09-29,647639.0231174268
2014-09-30,646675.7910610758
2014-10-01,637037.0088633905
2014-10-02,635109.3927736027
2014-10-03,639715.2361696601
2014-10-06,640359.0494585232
2014-10-07,631362.5732490498
2014-10-08,641216.3293178992
2014-10-09,626544.0440491436
2014-10-10,617547.7033166997
2014-10-13,613264.6062401045
2014-10-14,614121.7336309658
2014-10-15,610052.2432327179
2014-10-16,609302.9039898759
2014-10-17,616907.5169245505
2014-10-20,622263.5340390566
2014-10-21,631260.5080630408
2014-10-22,625691.6068568373
2014-10-23,632332.2337953016
2014-10-24,635652.6978413512
2014-10-27,634797.0505389287
2014-10-28,643044.019197207
2014-10-29,640795.4401904128
2014-10-30,644330.1589645967
2014-10-31,652791.5435337065
2014-11-03,650436.3488326218
2014-11-04,648080.4361499707
2014-11-05,649580.2599722459
2014-11-06,650009.1485188309
2014-11-07,650437.7744702699
2014-11-10,652366.744832513
2014-11-11,654080.76390399
2014-11-12,652474.4748907861
2014-11-13,652260.8546639868
2014-11-14,653974.8238812684
2014-11-17,652797.6244545339
2014-11-18,657082.2315216243
2014-11-19,656440.1300703207
2014-11-20,655583.3127544957
2014-11-21,661153.2737101949
2014-11-24,662439.4449202595
2014-11-25,663082.7976559558
2014-11-26,664796.4683897053
2014-11-28,661048.6357815239
2014-12-01,656122.8190043793
2014-12-02,658479.5363867246
2014-12-03,661050.446904323
2014-12-04,659337.2311551311
2014-12-05,660301.5299056984
2014-12-08,654733.1195837568
2014-12-09,652698.3194162446
2014-12-10,643273.7830713213
2014-12-11,643380.836696693
2014-12-12,632670.8721933448
2014-12-15,625817.032864569
2014-12-16,624746.468005181
2014-12-17,636742.5729734284
2014-12-18,647881.9218352721
2014-12-19,650024.4642214866
2014-12-22,653776.0373480828
2014-12-23,653453.133200094
2014-12-24,655285.6281457068
2014-12-26,658196.5017611325
2014-12-29,656473.0384824462
2014-12-30,653024.3057829423
2014-12-31,647959.1976683529
2015-01-02,646235.6218019599
2015-01-05,633734.485382632
2015-01-06,627375.7644291043
2015-01-07,635459.628435866
2015-01-08,645051.8618749373
2015-01-09,640741.5364886377
2015-01-12,637401.3333335657
2015-01-13,637832.7040759828
2015-01-14,634923.0256429852
2015-01-15,632875.7562224347
2015-01-16,640635.9229341584
2015-01-20,641822.9563869864
2015-01-21,646565.6700132663
2015-01-22,654002.7598830322
2015-01-23,649152.9951528624
2015-01-26,653573.0109454646
2015-01-27,649477.8970257646
2015-01-28,641287.0412495127
2015-01-29,646676.4184838841
2015-01-30,637407.6201604194
2015-02-02,645923.2769537991
2015-02-03,655300.3500253633
2015-02-04,652390.6476778636
2015-02-05,660151.2784328841
2015-02-06,654008.135353868
2015-02-09,652284.5728851396
2015-02-10,657781.9064504524
2015-02-11,656273.4046677455
2015-02-12,664572.6951705887
2015-02-13,668776.5371863729
2015-02-17,669532.5155350567
2015-02-18,671688.4532279215
2015-02-19,670826.655620973
2015-02-20,676216.0613906698
2015-02-23,674492.680046691
2015-02-24,676864.1958583402
2015-02-25,676756.6509922682
2015-02-26,675679.3369215024
2015-02-27,675356.2752358624
2015-03-02,677728.434212572
2015-03-03,674172.1515273987
2015-03-04,670292.5373645176
2015-03-05,671262.6248438741
2015-03-06,662964.1721911815
2015-03-09,664258.7337266416
2015-03-10,652187.3373726956
2015-03-11,652511.0761781739
2015-03-12,660487.215567555
2015-03-13,656284.1929801551
2015-03-16,664261.281612869
2015-03-17,663183.4233078248
2015-03-18,674285.6097755445
2015-03-19,669112.3797491862
2015-03-20,678381.9374745196
2015-03-23,679137.73706163
2015-03-24,676982.4456013362
2015-03-25,668143.3755160278
2015-03-26,665219.1834172973
2015-03-27,667277.4000062984
2015-03-30,671936.6377069164
2015-03-31,667170.7869380475
2015-04-01,667604.4023365255
2015-04-02,672046.1337184493
2015-04-06,677897.1267186023
2015-04-07,676597.4813560217
2015-04-08,680497.7468419694
2015-04-09,682231.1265988273
2015-04-10,685481.3110415328
2015-04-13,682015.8903555381
2015-04-14,684941.0631975599
2015-04-15,688841.3482141674
2015-04-16,689491.6583560917
2015-04-17,681150.9305912302
2015-04-20,684726.8457853306
2015-04-21,686460.3971081232
2015-04-22,689277.192578847
2015-04-23,692202.2785880354
2015-04-24,694044.3874563738
2015-04-27,693936.9775912451
2015-04-28,695670.7510804943
2015-04-29,691337.9361908538
2015-04-30,684189.0532104628
2015-05-01,691013.830054419
2015-05-04,691556.7748351797
2015-05-05,683432.4370229985
2015-05-06,681916.3028253943
2015-05-07,682674.904933987
2015-05-08,692857.9085573019
2015-05-11,688742.663073759
2015-05-12,688093.0459064523
2015-05-13,689826.7252040724
2015-05-14,696651.7642239798
2015-05-15,697952.031990169
2015-05-18,697628.2599033964
2015-05-19,696761.9618857297
2015-05-20,696545.7655715075
2015-05-21,699145.9278601115
2015-05-22,696438.2923677724
2015-05-26,687773.6141575312
2015-05-27,693731.9113448118
2015-05-28,691348.9220929007
2015-05-29,686474.6909011877
2015-06-01,686475.819371211
2015-06-02,687559.3042562392
2015-06-03,690159.690615982
2015-06-04,683443.6717958674
2015-06-05,679219.4206895629
2015-06-08,676295.4920994116
2015-06-09,674670.93025872
2015-06-10,685612.6719163363
2015-06-11,686804.6625059934
2015-06-12,682363.3952458445
2015-06-15,678573.0832122432
2015-06-16,680415.0276223994
2015-06-17,680415.4004584517
2015-06-18,687457.0941384002
2015-06-19,684207.7986643304
2015-06-22,691900.2162348639
2015-06-23,692983.9270339186
2015-06-24,688325.999072949
2015-06-25,686376.4507689397
2015-06-26,686955.2747354448
2015-06-29,669498.8050849882
2015-06-30,671244.8854293063
2015-07-01,674845.7629763911
2015-07-02,674955.2136635166
2015-07-06,667755.2855015867
2015-07-07,667864.9957021736
2015-07-08,653790.142920535
2015-07-09,658918.6913832807
2015-07-10,672448.6166013152
2015-07-13,677141.597229321
2015-07-14,681179.0406163078
2015-07-15,679215.6279133391
2015-07-16,684671.4025766844
2015-07-17,683580.6966502704
2015-07-20,683363.4985446015
2015-07-21,681399.8174803437
2015-07-22,678126.7807425703
2015-07-23,675181.3552346108
2015-07-24,667107.3784095215
2015-07-27,661652.9870547999
2015-07-28,668963.8211796143
2015-07-29,673219.5109214518
2015-07-30,673983.826193813
2015-07-31,674638.6913227898
2015-08-03,671802.8578225496
2015-08-04,671912.5192978904
2015-08-05,673549.4472250479
2015-08-06,669294.474464758
2015-08-07,668640.0797755667
2015-08-10,677042.7453956158
2015-08-11,668423.3787251654
2015-08-12,666787.0210999049
2015-08-13,665914.2981945589
2015-08-14,667878.9022932658
2015-08-17,668862.0161707234
2015-08-18,665479.8404211086
2015-08-19,659588.1027580461
2015-08-20,645185.4518169175
2015-08-21,627400.5003823767
2015-08-24,602632.9226460943
2015-08-25,602633.2528611406
2015-08-26,620309.7999588087
2015-08-27,633949.3546130224
2015-08-28,633949.7019880291
2015-08-31,629913.6708291026
2015-09-01,610164.134756795
2015-09-02,620421.2638794946
2015-09-03,621294.4916757433
2015-09-04,609292.3547137866
2015-09-08,625660.7502524413
2015-09-09,619769.1334566448
2015-09-10,623697.3781374512
2015-09-11,625007.2152511282
2015-09-14,621952.9589774584
2015-09-15,628390.9688176938
2015-09-16,636356.9186582735
2015-09-17,636357.2673525142
2015-09-18,624027.4215190426
2015-09-21,624792.3106556403
2015-09-22,613990.3694280658
2015-09-23,611262.7699355828
2015-09-24,609408.1705766318
2015-09-25,609836.2183843219
2015-09-28,595690.5399821755
2015-09-29,596129.5792910318
2015-09-30,606547.9353275995
2015-10-01,609180.1796029585
2015-10-02,619269.5584603915
2015-10-05,631662.5594896589
2015-10-06,630785.7395632273
2015-10-07,638681.741663698
2015-10-08,644165.3194943906
2015-10-09,645152.71611812
2015-10-12,644057.0655370167
2015-10-13,637587.2876193584
2015-10-14,637258.5864541936
2015-10-15,647347.9473201318
2015-10-16,648225.788629111
2015-10-19,646691.5790561624
2015-10-20,645924.2164746738
2015-10-21,641976.6329620237
2015-10-22,650640.5817408351
2015-10-23,656672.3858790905
2015-10-26,654699.4649137456
2015-10-27,650642.3643479351
2015-10-28,656125.9035774692
2015-10-29,653055.4854518557
2015-10-30,650752.9955996928
2015-11-02,658979.1513720192
2015-11-03,661172.5927871641
2015-11-04,658102.3778247505
2015-11-05,657225.4527196876
2015-11-06,655032.5184248772
2015-11-09,648782.4405998156
2015-11-10,648453.9511952414
2015-11-11,648015.7411540042
2015-11-12,640339.3563314219
2015-11-13,633211.5124559312
2015-11-16,641547.159948437
2015-11-17,641328.1228360883
2015-11-18,649663.0373442724
2015-11-19,651856.7560013278
2015-11-20,653063.3580714233
2015-11-23,650432.3380188777
2015-11-24,651968.1577505093
2015-11-25,652188.0098593871
2015-11-27,651749.9448919724
2015-11-30,650215.705778936
2015-12-01,657125.1472892248
2015-12-02,650106.9073134867
2015-12-03,642759.4948487334
2015-12-04,652191.2261869733
2015-12-07,646489.5517303369
2015-12-08,639909.9073285558
2015-12-09,636620.125281681
2015-12-10,635852.8409757994
2015-12-11,623022.0735820474
2015-12-14,624997.2038158472
2015-12-15,631467.9531011169
2015-12-16,641448.036423728
2015-12-17,632455.5682284107
2015-12-18,624011.5974335695
2015-12-21,628847.0519261421
2015-12-22,634366.6345890665
2015-12-23,643197.4837914123
2015-12-24,641873.2681620888
2015-12-28,640439.8020788316
2015-12-29,646290.2657517233
2015-12-30,641544.3669225969
2015-12-31,636025.5057820005
2016-01-04,625319.7258617709
2016-01-05,625430.634094869
2016-01-06,616158.6711243994
2016-01-07,601809.3059746335
2016-01-08,594745.0567480392
2016-01-11,595076.9955223739
2016-01-12,598388.7762525919
2016-01-13,585032.8174415509
2016-01-14,594526.1955967619
2016-01-15,577858.5494308628
2016-01-19,579625.9845406776
2016-01-20,570353.9779656298
2016-01-21,573665.8667308921
2016-01-22,588016.1070461279
2016-01-25,578855.1856232036
2016-01-26,588569.3355260728
2016-01-27,583271.234411561
2016-01-28,585258.3389783179
2016-01-29,598725.841016354
2016-02-01,599499.3222691045
2016-02-02,585259.9424529545
2016-02-03,590558.9175990698
2016-02-04,591773.4302279967
2016-02-05,581618.2302020236
2016-02-08,572236.5663200651
2016-02-09,568152.6108695121
2016-02-10,568484.151858033
2016-02-11,560867.703005788
2016-02-12,570802.5430539914
2016-02-16,581290.6630344387
2016-02-17,592660.5597959602
2016-02-18,590121.972231834
2016-02-19,589349.7909423779
2016-02-22,598292.0723853571
2016-02-23,589902.9781871932
2016-02-24,590344.8917442679
2016-02-25,596747.5152506464
2016-02-26,595975.0188682835
2016-02-29,592112.6121301034
2016-03-01,607125.4779309701
2016-03-02,611099.7176940849
2016-03-03,616177.9161320302
2016-03-04,620372.7772638742
2016-03-07,620373.7970714384
2016-03-08,612316.0430632844
2016-03-09,615627.9366691838
2016-03-10,614966.0146520864
2016-03-11,628212.7563629189
2016-03-14,626778.7503096514
2016-03-15,622035.9060185237
2016-03-16,628575.0269303037
2016-03-17,634337.9023919766
2016-03-18,635446.265677291
2016-03-21,635447.310263598
2016-03-22,634339.6403334456
2016-03-23,628023.1654412263
2016-03-24,626693.5600701611
2016-03-28,628911.4508541359
2016-03-29,635782.7025333112
2016-03-30,639661.9207688968
2016-03-31,639329.6115840874
2016-04-01,638221.7271988995
2016-04-04,635673.9060073657
2016-04-05,627251.7468134146
2016-04-06,634566.3122750084
2016-04-07,625146.9497643289
2016-04-08,631020.7798646331
2016-04-11,631686.8247982445
2016-04-12,639222.9808099974
2016-04-13,647978.1691730687
2016-04-14,647424.5081900493
2016-04-15,646538.3946883213
2016-04-18,650861.5499787913
2016-04-19,657622.0050319793
2016-04-20,657843.9830508112
2016-04-21,654076.2621140182
2016-04-22,653744.3252157114
2016-04-25,651639.8420269176
2016-04-26,653967.3765047624
2016-04-27,654743.5312481773
2016-04-28,649756.8653041773
2016-04-29,645767.3993958011
2016-05-02,650312.4688479385
2016-05-03,641890.0831929079
2016-05-04,636349.3190644456
2016-05-05,636238.8316932397
2016-05-06,638344.8561261146
2016-05-09,635907.6646710555
2016-05-10,645106.6419770021
2016-05-11,640563.0177860546
2016-05-12,639455.109178722
2016-05-13,633249.4023644568
2016-05-16,640343.1519532541
2016-05-17,635024.0737146455
2016-05-18,634691.7532388531
2016-05-19,631256.5777955732
2016-05-20,636576.5720731604
2016-05-23,634582.6549953107
2016-05-24,643781.5442536344
2016-05-25,648658.1056065811
2016-05-26,649434.2697687736
2016-05-27,650432.0569468663
2016-05-31,649990.1846431566
2016-06-01,651209.6502607724
2016-06-02,652761.5778705593
2016-06-03,654645.9153894921
2016-06-06,658415.1152916783
2016-06-07,662516.0108289962
2016-06-08,664289.4680986701
2016-06-09,659967.7743638854
2016-06-10,647666.35361579
2016-06-13,641350.2067143465
2016-06-14,636725.3931897514
2016-06-15,639518.8104244182
2016-06-16,639854.2555536203
2016-06-17,641083.673365893
2016-06-20,649911.152604744
2016-06-21,652704.6915075759
2016-06-22,651587.6070185308
2016-06-23,664660.0232767862
2016-06-24,629354.9769655494
2016-06-27,615837.1455825928
2016-06-28,629244.4644504403
2016-06-29,640640.9523233384
2016-06-30,648797.42467828
2016-07-01,651814.3941241143
2016-07-05,642989.3774798451
2016-07-06,644665.5374650423
2016-07-07,642766.5602936174
2016-07-08,653045.87036133
2016-07-11,658968.4173258828
2016-07-12,665002.0952757284
2016-07-13,664667.3073754358
2016-07-14,669695.4323752652
2016-07-15,668243.5062396971
2016-07-18,669808.7933977862
2016-07-19,666233.7347661995
2016-07-20,669921.2102181393
2016-07-21,667686.8680314957
2016-07-22,670256.9930718766
2016-07-25,668247.1679149258
2016-07-26,670928.8767713045
2016-07-27,671152.7687024546
2016-07-28,671823.3412919518
2016-07-29,675734.2572657885
2016-08-01,673165.5421888657
2016-08-02,668920.1986719482
2016-08-03,670373.0839524369
2016-08-04,671490.9197565719
2016-08-05,676742.5818693974
2016-08-08,677637.4816038689
2016-08-09,680319.2161753094
2016-08-10,679984.4841574172
2016-08-11,685012.6420588568
2016-08-12,683560.5441394462
2016-08-15,686801.8827583398
2016-08-16,684120.7276568398
2016-08-17,683897.470394842
2016-08-18,686691.3272199929
2016-08-19,684233.4842329316
2016-08-22,683229.0774765653
2016-08-23,685352.3587887278
2016-08-24,681665.3427025034
2016-08-25,681442.6094341356
2016-08-26,678202.6430995674
2016-08-29,682114.3722444547
2016-08-30,680774.1015877249
2016-08-31,678092.6579823007
2016-09-01,680439.633548113
2016-09-02,686585.0753763864
2016-09-06,690832.4266849787
2016-09-07,691838.3455872338
2016-09-08,688933.8404196582
2016-09-09,672174.4391941595
2016-09-12,680108.5187782986
2016-09-13,667317.2497064752
2016-09-14,667092.9797879978
2016-09-15,674842.4875081419
2016-09-16,669339.9112001611
2016-09-19,671699.5862641614
2016-09-20,673384.4108991115
2016-09-21,683492.2090934139
2016-09-22,688097.1594474947
2016-09-23,683043.6321345286
2016-09-26,676867.9728219622
2016-09-27,681136.1869267309
2016-09-28,685628.5693134057
2016-09-29,678666.0796252256
2016-09-30,683383.1557612005
2016-10-03,682261.352733125
2016-10-04,679566.3332739852
2016-10-05,683834.3570335307
2016-10-06,681813.1977059081
2016-10-07,679230.4927746624
2016-10-10,682151.7029160098
2016-10-11,671819.7399234124
2016-10-12,672718.5588793777
2016-10-13,669461.9756640214
2016-10-14,669911.6210388644
2016-10-17,667891.3339597557
2016-10-18,673731.5968932778
2016-10-19,676651.8108800031
2016-10-20,676315.379541401
2016-10-21,674855.7998078607
2016-10-24,677102.9983880231
2016-10-25,675306.4023159777
2016-10-26,672386.8110727996
2016-10-27,671151.9705246574
2016-10-28,669130.6219766142
2016-10-31,669917.8614376097
2016-11-01,665875.2607476001
2016-11-02,661270.8937026907
2016-11-03,659474.1748255512
2016-11-04,655993.0611368871
2016-11-07,669134.28851284
2016-11-08,672054.847784037
2016-11-09,673402.8603267233
2016-11-10,671493.9778098938
2016-11-11,667788.1093684346
2016-11-14,667564.5113998506
2016-11-15,673854.3080762108
2016-11-16,670260.6998057015
2016-11-17,673967.2630175727
2016-11-18,670598.4523519975
2016-11-21,676776.5264060602
2016-11-22,678349.2478412711
2016-11-23,677788.0090603468
2016-11-25,680259.5248883228
2016-11-28,677565.2738704137
2016-11-29,678913.3568362822
2016-11-30,677902.8787336922
2016-12-01,674870.9613579442
2016-12-02,676331.3150790443
2016-12-05,681274.2105610109
2016-12-06,684644.007606993
2016-12-07,694078.2480501393
2016-12-08,695987.8565418827
2016-12-09,698009.7902079388
2016-12-12,695877.2166589518
2016-12-13,701493.1327441284
2016-12-14,692396.2173774163
2016-12-15,693632.0494698633
2016-12-16,692958.5411078199
2016-12-19,693521.1934520648
2016-12-20,696203.2900520853
2016-12-21,695072.1169518742
2016-12-22,692356.9337544204
2016-12-23,693488.7636908693
2016-12-27,694848.2799860778
2016-12-28,690775.0906992845
2016-12-29,691567.581949884
2016-12-30,690210.1202769354
2017-01-03,695869.2884245021
2017-01-04,702205.8029282778
2017-01-05,704469.1575736143
2017-01-06,704582.8684756102
2017-01-09,702660.4481042756
2017-01-10,703339.5733063171
2017-01-11,707187.2780453624
2017-01-12,705829.8678947896
2017-01-13,708206.4544940473
2017-01-17,706057.9264836751
2017-01-18,705266.2972245724
2017-01-19,703569.5353694995
2017-01-20,705946.0245721347
2017-01-23,705947.1850503539
2017-01-24,710812.7998359831
2017-01-25,717149.9744384657
2017-01-26,715679.2332034743
2017-01-27,714774.4370302986
2017-01-30,709683.8732245795
2017-01-31,710928.905363216
2017-02-01,711947.6016855655
2017-02-02,713305.9103540686
2017-02-03,716927.0684304156
2017-02-06,714438.8469732559
2017-02-07,713986.5626034935
2017-02-08,714892.2007563756
2017-02-09,718513.634789955
2017-02-10,722134.914881638
2017-02-13,725756.8363930589
2017-02-14,727228.1730429524
2017-02-15,731415.2624853303
2017-02-16,731642.0023080155
2017-02-17,731302.8418297524
2017-02-21,735151.9031257522
2017-02-22,735038.8728767924
2017-02-23,735039.2756441926
2017-02-24,733455.7192782334
2017-02-27,732891.1792404234
2017-02-28,730062.6400407163
2017-03-01,739002.1273100087
2017-03-02,733571.2484321711
2017-03-03,736287.3201105958
2017-03-06,734251.8274686872
2017-03-07,731876.0662333233
2017-03-08,729726.4333652079
2017-03-09,730066.2404144938
2017-03-10,734140.1606546174
2017-03-13,736970.0652335981
2017-03-14,733010.2163415089
2017-03-15,741949.8790766165
2017-03-16,743081.6823718463
2017-03-17,743308.484821719
2017-03-20,742291.3210890457
2017-03-21,734936.628745167
2017-03-22,736068.6424690513
2017-03-23,735616.4643132805
2017-03-24,736974.5073274174
2017-03-27,737768.1855751139
2017-03-28,741955.1643000585
2017-03-29,743011.8609907153
2017-03-30,742671.3305207648
2017-03-31,740854.4553389383
2017-04-03,740174.2176014165
2017-04-04,740628.9973497434
2017-04-05,737789.4578037143
2017-04-06,738925.6408254773
2017-04-07,738017.4538100852
2017-04-10,738359.5013934803
2017-04-11,739041.4698451773
2017-04-12,737338.016848861
2017-04-13,732681.0626962947
2017-04-17,738930.0947065466
2017-04-18,734954.7477840186
2017-04-19,733478.6328800562
2017-04-20,739612.7713543789
2017-04-21,738477.4411843761
2017-04-24,750065.4812933612
2017-04-25,754609.3704161769
2017-04-26,754155.562179736
2017-04-27,754496.9182593253
2017-04-28,752906.8432731297
2017-05-01,754498.5719787307
2017-05-02,757452.4101694481
2017-05-03,754839.9743235968
2017-05-04,756544.4243557645
2017-05-05,761997.2636133101
2017-05-08,759272.2730778337
2017-05-09,759840.6150862168
2017-05-10,761204.1808344874
2017-05-11,760068.6921306764
2017-05-12,759614.7776245188
2017-05-15,764728.0084655337
2017-05-16,766205.0196109016
2017-05-17,754391.538034744
2017-05-18,754846.1786097507
2017-05-19,762457.7577543508
2017-05-22,765525.9595074174
2017-05-23,765412.7297488338
2017-05-24,766890.0109411649
2017-05-25,769503.1556349774
2017-05-26,768708.3998378335
2017-05-30,767914.852873988
2017-05-31,767574.3244668138
2017-06-01,773254.6553000724
2017-06-02,777912.7227104674
2017-06-05,776209.8825575165
2017-06-06,774506.5038573779
2017-06-07,774506.9282512194
2017-06-08,774280.1574699313
2017-06-09,772917.3573003723
2017-06-12,771782.702143926
2017-06-13,776781.3799570428
2017-06-14,774850.6928980984
2017-06-15,770079.9478570926
2017-06-16,773488.312394943
2017-06-19,778374.3096162352
2017-06-20,771558.8886917287
2017-06-21,771559.311470413
2017-06-22,771900.3190642413
2017-06-23,773263.9769272017
2017-06-26,775650.8209373703
2017-06-27,771561.8481473841
2017-06-28,778036.6147746871
2017-06-29,770601.7354943003
2017-06-30,772432.3748665197
2017-07-03,773691.8683352836
2017-07-05,773692.7162304337
2017-07-06,767173.2334640917
2017-07-07,770605.1135344472
2017-07-10,772322.1129711481
2017-07-11,773009.2928535158
2017-07-12,779758.0547325843
2017-07-13,782045.9538509549
2017-07-14,786736.4550017336
2017-07-17,786165.8527524831
2017-07-18,786852.4111583169
2017-07-19,791085.3687493637
2017-07-20,792458.2169022225
2017-07-21,791086.2357061908
2017-07-24,791087.536143213
2017-07-25,792689.0104064011
2017-07-26,795091.6389541359
2017-07-27,793147.8613026673
2017-07-28,792804.7038030837
2017-07-31,792920.6081449743
2017-08-01,796352.6546146027
2017-08-02,795666.7471491916
2017-08-03,794637.6141870078
2017-08-04,796124.9716140815
2017-08-07,798070.7685876084
2017-08-08,795555.0247124166
2017-08-09,793724.9928384341
2017-08-10,781600.5460098828
2017-08-11,781944.3584665365
2017-08-14,789151.7224130739
2017-08-15,788351.5199439469
2017-08-16,792241.1581789374
2017-08-17,781031.8493006458
2017-08-18,781947.3577575663
2017-08-21,782634.8888624085
2017-08-22,788926.4506281648
2017-08-23,788011.9052136869
2017-08-24,786754.1301023529
2017-08-25,789842.9894396468
2017-08-28,789729.8429223554
2017-08-29,789044.132243916
2017-08-30,791332.2019012204
2017-08-31,796251.4058409106
2017-09-01,798653.6639025959
2017-09-05,793279.4280245993
2017-09-06,796254.0236987663
2017-09-07,799342.6996703804
2017-09-08,798428.1519416444
2017-09-11,806093.3840580486
2017-09-12,808267.5599319759
2017-09-13,806208.7660192555
2017-09-14,806437.9944517299
2017-09-15,807925.287279224
2017-09-18,810672.166708219
2017-09-19,811930.8883934219
2017-09-20,811931.3332941
2017-09-21,809758.2438760933
2017-09-22,810330.8146915197
2017-09-25,806786.1426202543
2017-09-26,805985.7734577385
2017-09-27,807526.5615274169
2017-09-28,808561.7109732154
2017-09-29,813046.0094728448
2017-10-02,814886.8700228244
2017-10-03,818451.4456268959
2017-10-04,818796.551883751
2017-10-05,821211.4488787035
2017-10-06,820176.9767957174
2017-10-09,819028.7431641476
2017-10-10,823512.6006315658
2017-10-11,825812.5866844595
2017-10-12,825353.5110141948
2017-10-13,827652.9741571002
2017-10-16,827999.3632620779
2017-10-17,827654.788221215
2017-10-18,828230.3250595209
2017-10-19,827196.0073825262
2017-10-20,829150.8721924649
2017-10-23,825932.9390072736
2017-10-24,827313.0380616332
2017-10-25,823979.5851871901
2017-10-26,824209.8815077257
2017-10-27,828579.3349049913
2017-10-30,827545.8139406664
2017-10-31,830190.5955756609
2017-11-01,832030.4994465378
2017-11-02,832950.3908026894
2017-11-03,833640.8058528242
2017-11-06,835827.0312876499
2017-11-07,834102.694211509
2017-11-08,835942.6599262095
2017-11-09,831344.4490913952
2017-11-10,830654.785417544
2017-11-13,829391.5181308042
2017-11-14,828127.4444267297
2017-11-15,823299.1562744108
2017-11-16,831232.6614893873
2017-11-17,830083.4052199441
2017-11-20,831349.4600276776
2017-11-21,837903.0605147122
2017-11-22,839053.234543494
2017-11-24,842158.3718978034
2017-11-27,838825.5792200401
2017-11-28,845264.7056141255
2017-11-29,842620.7459364559
2017-11-30,845955.2849145164
2017-12-01,844115.9533842755
2017-12-04,842623.0545255088
2017-12-05,839979.0320607849
2017-12-06,837335.2699253923
2017-12-07,839979.9526005714
2017-12-08,844924.3513541938
2017-12-11,846995.0275418139
2017-12-12,847225.2897475988
2017-12-13,849065.6138058503
2017-12-14,845386.8312136072
2017-12-15,849296.5533558169
2017-12-18,857231.0373795525
2017-12-19,854245.2260155814
2017-12-20,853667.011010832
2017-12-21,856097.9280396951
2017-12-22,857603.3328213722
2017-12-26,857720.7705336086
2017-12-27,858300.2943587136
2017-12-28,860846.2549171593
2017-12-29,859458.2383453377
2018-01-02,866982.8979633225
2018-01-03,872886.0174342332
2018-01-04,878094.7916611913
2018-01-05,883187.486497578
2018-01-08,884114.8303935236
2018-01-09,885619.6336136523
2018-01-10,882726.8280782371
2018-01-11,889208.5668259967
2018-01-12,896269.2662942894
2018-01-16,894187.898683719
2018-01-17,901248.1990506352
2018-01-18,899396.8986318759
2018-01-19,904142.6497585843
2018-01-22,910741.2004640514
2018-01-23,913288.1210190183
2018-01-24,914793.2684703799
2018-01-25,913404.9450352625
2018-01-26,922780.280632958
2018-01-29,915142.9290846427
2018-01-30,905768.4696048693
2018-01-31,906579.3093684084
2018-02-01,905885.1805303635
2018-02-02,886094.3643643357
2018-02-05,852068.8842753537
2018-02-06,869893.2802483878
2018-02-07,858782.1325166101
2018-02-08,831584.3317229226
2018-02-09,840381.1530829439
2018-02-12,852882.0801352513
2018-02-13,853461.3533021816
2018-02-14,867003.3260639164
2018-02-15,876610.1246767632
2018-02-16,877305.2363297356
2018-02-20,870709.7793802473
2018-02-21,867469.6351283605
2018-02-22,868974.8340310141
2018-02-23,880665.1039316892
2018-02-26,888883.9260656401
2018-02-27,876499.9582706429
2018-02-28,866315.4992422819
2018-03-01,856015.0457510023
2018-03-02,860066.2456755176
2018-03-05,867012.3525872744
2018-03-06,872105.4193637322
2018-03-07,871064.0973669906
2018-03-08,874421.153764605
2018-03-09,885417.1402628401
2018-03-12,886344.3618427581
2018-03-13,880210.4329958984
2018-03-14,879285.2008684718
2018-03-15,877896.8733347923
2018-03-16,878013.1806915536
2018-03-19,868754.9797653646
2018-03-20,870838.7018468961
2018-03-21,871533.7702496934
2018-03-22,851164.2815756663
2018-03-23,836812.3389903007
2018-03-26,856525.1439999538
2018-03-27,845142.5035392928
2018-03-28,844794.4324508939
2018-03-29,855248.9260634969
2018-04-02,838292.2493866489
2018-04-03,847120.28740512
2018-04-04,853858.174929207
2018-04-05,858388.2382323755
2018-04-06,844566.3115631633
2018-04-09,849678.7609920304
2018-04-10,862223.9142542232
2018-04-11,858275.0218229971
2018-04-12,863386.193054246
2018-04-13,861063.7338679099
2018-04-16,865478.9964407115
2018-04-17,872449.0725427435
2018-04-18,875817.8932483288
2018-04-19,870126.9307994815
2018-04-20,864435.2776722808
2018-04-23,863391.3971224336
2018-04-24,856306.4654928744
2018-04-25,855958.4478237903
2018-04-26,863160.8426982466
2018-04-27,864671.0410662378
2018-04-30,858864.893390745
2018-05-01,858400.4676023789
2018-05-02,855148.819972871
2018-05-03,854800.6948423949
2018-05-04,862119.1080220242
2018-05-07,863398.0205273116
2018-05-08,863514.8498017107
2018-05-09,868742.3504523521
2018-05-10,876757.8274804127
2018-05-11,878616.7454211769
2018-05-14,879895.9005464787
2018-05-15,871997.7690007141
2018-05-16,876412.324426027
2018-05-17,876180.0911677018
2018-05-18,873276.916045837
2018-05-21,878273.1206474059
2018-05-22,877460.3660536663
2018-05-23,874905.570609714
2018-05-24,873396.0390342103
2018-05-25,870492.3773962323
2018-05-29,857020.19088037
2018-05-30,868171.3490360104
2018-05-31,863757.8688138544
2018-06-01,872121.933682851
2018-06-04,876537.4908979101
2018-06-05,876305.5185386466
2018-06-06,883972.4127833188
2018-06-07,880952.8520248822
2018-06-08,882928.3168788556
2018-06-11,885136.4173338086
2018-06-12,884207.8252478204
2018-06-13,881536.3823754982
2018-06-14,882466.4700440702
2018-06-15,878750.0599257875
2018-06-18,874569.2221970294
2018-06-19,868645.4564255154
2018-06-20,871666.5782127836
2018-06-21,864464.6457441241
2018-06-22,869626.5116539688
2018-06-25,857222.9939889349
2018-06-26,858159.445250575
2018-06-27,850085.3656650009
2018-06-28,854415.6130183478
2018-06-29,858629.189721321
2018-07-02,855587.8745652123
2018-07-03,854652.0423459958
2018-07-05,861440.8662128511
2018-07-06,866941.477506349
2018-07-09,875602.9391392298
2018-07-10,877124.683607256
2018-07-11,867411.8210208851
2018-07-12,874200.1043020869
2018-07-13,875253.6184383306
2018-07-16,874084.7647362105
2018-07-17,877479.1833085718
2018-07-18,878064.8899951832
2018-07-19,874788.420386477
2018-07-20,876427.2706979604
2018-07-23,876428.7114239124
2018-07-24,880291.2212286238
2018-07-25,889419.8405472813
2018-07-26,885675.6030611369
2018-07-27,882984.3520123684
2018-07-30,879943.2408177701
2018-07-31,883337.3727228617
2018-08-01,880177.9813840243
2018-08-02,880295.5624690265
2018-08-03,883338.8248080715
2018-08-06,883340.2768956684
2018-08-07,886734.4763316221
2018-08-08,886149.67696597
2018-08-09,884160.9497733719
2018-08-10,874213.9960274097
2018-08-13,869534.2966029878
2018-08-14,873630.5196599152
2018-08-15,863917.416218218
2018-08-16,870471.7336977837
2018-08-17,874333.922458445
2018-08-20,877729.7311585428
2018-08-21,881241.0535618631
2018-08-22,883581.9582813494
2018-08-23,879486.3070821336
2018-08-24,885806.672034898
2018-08-27,895170.3677188664
2018-08-28,894468.7820236116
2018-08-29,898682.5741532388
2018-08-30,891192.6308083084
2018-08-31,890959.0231493913
2018-09-04,885343.923540358
2018-09-05,879492.572035843
2018-09-06,877620.64844246
2018-09-07,873642.0087538398
2018-09-10,875750.1097544119
2018-09-11,877506.1095290578
2018-09-12,879145.0624625222
2018-09-13,884645.78610765
2018-09-14,885231.6732814932
2018-09-17,882073.1190801116
2018-09-18,888276.4702221636
2018-09-19,890500.7340671384
2018-09-20,898810.1938304841
2018-09-21,898576.5876518755
2018-09-24,894598.9071374728
2018-09-25,895770.2092509595
2018-09-26,894265.3245305184
2018-09-27,894971.272147952
2018-09-28,891679.3093504789
2018-10-01,894502.7170468782
2018-10-02,890270.1340641022
2018-10-03,890270.6218910736
2018-10-04,880511.1890524535
2018-10-05,875220.0844786691
2018-10-08,873340.1863024837
2018-10-09,871223.9622068725
2018-10-10,846530.5096431556
2018-10-11,831714.881214223
2018-10-12,841122.2527793224
2018-10-15,837596.2073629303
2018-10-16,854176.9354636283
2018-10-17,850766.9172428154
2018-10-18,837597.5842559523
2018-10-19,838421.0343560932
2018-10-22,836070.5391259947
2018-10-23,830309.1515502065
2018-10-24,804909.8611278898
2018-10-25,818315.6239346453
2018-10-26,808320.9303958943
2018-10-29,802795.4985193355
2018-10-30,814555.1467385784
2018-10-31,821963.8257171664
2018-11-01,834899.1245801483
2018-11-02,833135.5873426585
2018-11-05,835371.2696446409
2018-11-06,839605.197633455
2018-11-07,854069.5483946142
2018-11-08,847249.6461344681
2018-11-09,840547.262782139
2018-11-12,825732.3450976255
2018-11-13,827026.0644947938
2018-11-14,824204.2444543353
2018-11-15,831495.3575317878
2018-11-16,833141.9786436736
2018-11-19,821737.1186523953
2018-11-20,806685.5185014817
2018-11-21,814212.2268142395
2018-11-23,809038.8119555285
2018-11-26,820799.6295156559
2018-11-27,820917.7647843657
2018-11-28,836675.3386838099
2018-11-29,834559.0353441165
2018-11-30,836206.2499768652
2018-12-03,847614.099616333
2018-12-04,822684.623284355
2018-12-06,818452.14300213
2018-12-07,803400.453493484
2018-12-10,801637.9006872294
2018-12-11,801991.1359008058
2018-12-12,810693.5819121434
2018-12-13,809165.3648609095
2018-12-14,796465.5543103608
2018-12-17,783296.2628348011
2018-12-18,784355.1366199226
2018-12-19,774242.3891333315
2018-12-20,766011.2007068242
2018-12-21,752723.3564229896
2018-12-24,738611.1807712262
2018-12-26,766104.2357442884
2018-12-27,770370.4699099623
2018-12-28,771200.549472589
2018-12-31,775704.8593320252
2019-01-02,774757.6247006573
2019-01-03,762670.9495826616
2019-01-04,787438.0744047262
2019-01-07,792297.967559567
2019-01-08,798697.4812822414
2019-01-09,806163.4105517784
2019-01-10,809837.3083903833
2019-01-11,806756.9486447294
2019-01-14,802373.6239890035
2019-01-15,809602.4647958924
2019-01-16,812328.5478763288
2019-01-17,816950.4503942007
2019-01-18,825838.8030068177
2019-01-22,814108.7192281546
2019-01-23,816005.1459773142
2019-01-24,818494.2862956263
2019-01-25,826789.6460850524
2019-01-28,821458.6437441383
2019-01-29,821933.0116014474
2019-01-30,833546.7171485599
2019-01-31,837694.8011483264
2019-02-01,837813.6344799439
2019-02-04,842199.9763267203
2019-02-05,848006.6895539779
2019-02-06,844452.3870181452
2019-02-07,836276.0434301695
2019-02-08,834735.7866692053
2019-02-11,834737.1588600888
2019-02-12,844929.0320612388
2019-02-13,845284.8309508231
2019-02-14,845167.0769451532
2019-02-15,854410.6543915016
2019-02-19,856545.7606947615
2019-02-20,859745.6872462921
2019-02-21,856546.6993901595
2019-02-22,861998.1369056668
2019-02-25,864251.3283619529
2019-02-26,865199.8099210131
2019-02-27,864133.6888685223
2019-02-28,861290.1352895559
2019-03-01,865675.42126883
2019-03-04,863069.4056753259
2019-03-05,864255.1169281472
2019-03-06,859041.3393980551
2019-03-07,849917.0236602634
2019-03-08,847665.7540117766
2019-03-11,859043.6929757964
2019-03-12,861177.0532194705
2019-03-13,866154.7790970361
2019-03-14,865088.7024599123
2019-03-15,871844.1978555992
2019-03-18,875756.0817941785
2019-03-19,875875.3602369081
2019-03-20,874453.6794025616
2019-03-21,879668.5051815783
2019-03-22,861774.5020879069
2019-03-25,861549.6951764383
2019-03-26,866666.1082342995
2019-03-27,863453.9524288423
2019-03-28,865833.8315028844
2019-03-29,870474.0052545771
2019-04-01,881658.326343355
2019-04-02,881539.8519932826
2019-04-03,885227.9656010567
2019-04-04,886418.6584633434
2019-04-05,889988.0844292152
2019-04-08,891059.7994740935
2019-04-09,886302.3924319837
2019-04-10,889990.5227939938
2019-04-11,888444.2925870639
2019-04-12,894750.3491382697
2019-04-15,893323.8990404309
2019-04-16,895346.6281835337
2019-04-17,894276.756167773
2019-04-18,894991.1025164365
2019-04-22,894160.300180616
2019-04-23,899871.1297961334
2019-04-24,894994.0450035344
2019-04-25,894399.4773319865
2019-04-26,898682.7028745753
2019-04-29,899874.0883274324
2019-04-30,900707.2437399719
2019-05-01,894878.3605883351
2019-05-02,893570.3500501084
2019-05-03,902136.448766213
2019-05-06,895832.3844260628
2019-05-07,880961.749322622
2019-05-08,880843.482885771
2019-05-09,875728.6911385423
2019-05-10,880011.4127004937
2019-05-13,857885.2217954772
2019-05-14,866808.2858353078
2019-05-15,870853.3570224192
2019-05-16,877278.3237555771
2019-05-17,870259.6147616624
2019-05-20,865383.1346743607
2019-05-21,872997.5645513481
2019-05-22,869072.4972227546
2019-05-23,859317.3993522975
2019-05-24,863243.8414983848
2019-05-28,856464.2657950652
2019-05-29,852181.7642189381
2019-05-30,855156.4727906915
2019-05-31,846948.3480929675
2019-06-03,848258.2115329192
2019-06-04,862772.777160124
2019-06-05,865747.8172809056
2019-06-06,869793.2526120755
2019-06-07,878597.426096189
2019-06-10,882287.1649743451
2019-06-11,884785.90353108
2019-06-12,880503.5952631711
2019-06-13,883002.4935647148
2019-06-14,878838.9311968682
2019-06-17,880051.0119624976
2019-06-18,890839.0579809967
2019-06-19,895035.0953744052
2019-06-20,903785.8411927522
2019-06-21,900549.6459413313
2019-06-24,900191.6572904458
2019-06-25,892400.7366697554
2019-06-26,892880.8693090458
2019-06-27,896836.9989355619
2019-06-28,900913.0966018403
2019-07-01,908705.5957838427
2019-07-02,910024.4334668961
2019-07-03,915898.640810808
2019-07-05,912303.8793362834
2019-07-08,907990.1377141911
2019-07-09,906551.7993905954
2019-07-10,910987.717334631
2019-07-11,911467.6534521651
2019-07-12,914584.6000253636
2019-07-15,914825.5064972099
2019-07-16,911709.7644672415
2019-07-17,907395.0014368589
2019-07-18,911111.5704706149
2019-07-19,907515.8556183395
2019-07-22,908476.2271058378
2019-07-23,914350.3926470163
2019-07-24,917347.7118539565
2019-07-25,910755.2740934773
2019-07-26,915310.8827965675
2019-07-29,914473.2591989576
2019-07-30,909199.6884093852
2019-07-31,900929.387485861
2019-08-01,893737.2963944406
2019-08-02,885467.1885856611
2019-08-05,860775.6183955258
2019-08-06,870365.5973920595
2019-08-07,872883.2608035766
2019-08-08,886428.9883491189
2019-08-09,879596.7571785328
2019-08-12,870368.4589172003
2019-08-13,881396.9747653278
2019-08-14,855625.5043059359
2019-08-15,858742.6363312119
2019-08-16,870610.0898038086
2019-08-19,878043.4789534874
2019-08-20,873249.5382765195
2019-08-21,880561.9103270831
2019-08-22,878764.0416311193
2019-08-23,860664.4043428226
2019-08-26,869056.5983688073
2019-08-27,866300.1885149382
2019-08-28,870735.9928399608
2019-08-29,880445.5919583235
2019-08-30,882004.6557878637
2019-09-03,877331.5192039071
2019-09-04,888120.3934535108
2019-09-05,898189.9967234308
2019-09-06,899748.70760719
2019-09-09,900469.5763778682
2019-09-10,900829.4488605655
2019-09-11,907183.5403494189
2019-09-12,911258.9707904133
2019-09-13,913057.9483289506
2019-09-16,909703.0568331677
2019-09-17,911501.6161475364
2019-09-18,910782.722353152
2019-09-19,911382.8565659273
2019-09-20,908386.2318751458
2019-09-23,908148.207605116
2019-09-24,902180.8814427758
2019-09-25,904110.1576146242
2019-09-26,904472.3524788459
2019-09-27,898806.3606491758
2019-09-30,902063.2457094201
2019-10-01,892418.4299207483
2019-10-02,877709.8998930807
2019-10-03,884462.0947583608
2019-10-04,893866.7010904296
2019-10-07,890974.6627443286
2019-10-08,879280.4059382371
2019-10-09,886635.0041502039
2019-10-10,892784.5331959318
2019-10-11,904721.202474718
2019-10-14,902431.658141997
2019-10-15,911836.2256739872
2019-10-16,911354.3136548143
2019-10-17,913886.9490048302
2019-10-18,911114.6329701879
2019-10-21,917505.8908322519
2019-10-22,914974.5666670104
2019-10-23,917627.8157041684
2019-10-24,919557.025659561
2019-10-25,923054.1886973794
2019-10-28,927998.8781736807
2019-10-29,927155.2655804381
2019-10-30,930049.3178257613
2019-10-31,927276.8855644793
2019-11-01,936440.6623583985
2019-11-04,940902.9761148257
2019-11-05,941024.0959238048
2019-11-06,940904.0072579754
2019-11-07,943918.6840909463
2019-11-08,944642.5119355079
2019-11-11,942232.9201007732
2019-11-12,942956.7486069786
2019-11-13,941269.4305665916
2019-11-14,941511.0506717279
2019-11-15,948142.6240209418
2019-11-18,948505.6819311717
2019-11-19,948747.8333221101
2019-11-20,944046.0132526177
2019-11-21,942961.398888427
2019-11-22,945011.5747317079
2019-11-25,952247.3551093214
2019-11-26,953091.6949447051
2019-11-27,956950.6513286193
2019-11-29,951043.7000232588
2019-12-02,944293.3275063684
2019-12-03,939350.7859874816
2019-12-04,946464.8518062356
2019-12-05,947309.1926344438
2019-12-06,955749.6237591942
2019-12-09,952495.6624647621
2019-12-10,951652.0438677534
2019-12-11,955752.2422956225
2019-12-12,964554.3151764192
2019-12-13,966242.9168575873
2019-12-16,974443.1442903151
2019-12-17,974081.7518670673
2019-12-18,974444.2121904053
2019-12-19,976976.4428556083
2019-12-20,979870.6032637135
2019-12-23,981220.489009274
2019-12-24,980856.8868966238
2019-12-26,985352.7809056445
2019-12-27,986568.0349794249
2019-12-30,980738.6611396497
2019-12-31,983897.6518428725
2020-01-02,993860.6407294606
2020-01-03,984871.1917479517
2020-01-06,988517.4998207347
2020-01-07,985480.9218091756
2020-01-08,989490.4029855593
2020-01-09,994350.3630507896
2020-01-10,992285.6041483234
2020-01-13,999333.4224852998
2020-01-14,998969.5101017547
2020-01-15,999091.1930972299
2020-01-16,1006259.6016414099
2020-01-17,1009297.2893408714
2020-01-21,1002860.9648924123
2020-01-22,1004197.6979438175
2020-01-23,1003104.9682249982
2020-01-24,995208.7014321571
2020-01-27,976744.725522326
2020-01-28,986342.7451808003
2020-01-29,985371.1386194202
2020-01-30,985371.6785573559
2020-01-31,968607.2196127878
2020-02-03,973954.5291610871
2020-02-04,989991.1701397747
2020-02-05,998981.5527337946
2020-02-06,1002140.8281424805
2020-02-07,994001.6992927898
2020-02-10,999226.9857272418
2020-02-11,1004208.7030815419
2020-02-12,1010404.855314109
2020-02-13,1006761.0653459822
2020-02-14,1007490.760004982
2020-02-18,1003119.2593595487
2020-02-19,1008465.0464946661
2020-02-20,1002877.4506700098
2020-02-21,994738.154443933
2020-02-24,960601.8688926229
2020-02-25,937762.658933999
2020-02-26,936183.5281254504
2020-02-27,901560.3516710303
2020-02-28,898644.988673846
2020-03-02,923308.5197908267
2020-03-03,905450.42893396
2020-03-04,935701.510212683
2020-03-05,908974.6678584284
2020-03-06,892938.5755608866
2020-03-09,822476.6943859187
2020-03-10,859774.1842207137
2020-03-11,817253.699434337
2020-03-12,733669.9170602561
2020-03-13,792106.3599844549
2020-03-16,699897.7365619498
2020-03-17,740110.8193730566
2020-03-18,692973.4685966321
2020-03-19,699777.3785566583
2020-03-20,680703.8601127157
2020-03-23,664495.0616356703
2020-03-24,725236.7479375101
2020-03-25,741825.143486823
2020-03-26,779392.6903462057
2020-03-27,753413.2450087202
2020-03-30,773417.6382066308
2020-03-31,765977.9192388634
2020-04-01,732192.3508936041
2020-04-02,747195.2481204604
2020-04-03,734144.6797347993
2020-04-06,779153.3152635152
2020-04-07,782081.196268381
2020-04-08,800865.3551378851
2020-04-09,815746.2582288511
2020-04-13,808429.6239879805
2020-04-14,827823.780572735
2020-04-15,806234.9492819608
2020-04-16,809406.617758154
2020-04-17,830752.0848037653
2020-04-20,818312.5379377061
2020-04-21,795138.3551209383
2020-04-22,812580.7793419381
2020-04-23,811971.3000691046
2020-04-24,820875.5945930595
2020-04-27,834781.8843187775
2020-04-28,834782.3417407473
2020-04-29,858567.5111720634
2020-04-30,845394.9833641975
2020-05-01,823440.2267829216
2020-05-04,825881.0825459292
2020-05-05,831736.5857219142
2020-05-06,826857.9265055428
2020-05-07,838079.602237873
2020-05-08,852838.8816161085
2020-05-11,852718.4027989669
2020-05-12,838081.8983852256
2020-05-13,826372.837073173
2020-05-14,830154.7601432386
2020-05-15,831741.1432660196
2020-05-18,861016.0760659672
2020-05-19,852356.3388912686
2020-05-20,867115.6704673311
2020-05-21,859675.6369053461
2020-05-22,858822.3054001209
2020-05-26,875168.7225956185
2020-05-27,887001.0103827411
2020-05-28,887489.3400570182
2020-05-29,889441.4126702482
2020-06-01,900908.6475594945
2020-06-02,910910.647939453
2020-06-03,927134.4506244832
2020-06-04,922621.4132584052
2020-06-05,944821.7986198172
2020-06-08,956654.711093259
2020-06-09,946653.4795222566
2020-06-10,943848.3769576044
2020-06-11,890057.5841006931
2020-06-12,903475.0935968091
2020-06-15,908965.953628861
2020-06-16,924457.2023120656
2020-06-17,923116.0451551335
2020-06-18,922262.7357804365
2020-06-19,917994.1628000576
2020-06-22,926084.548328311
2020-06-23,929884.6228367642
2020-06-24,907578.623387414
2020-06-25,917751.83320027
2020-06-26,900103.303346176
2020-06-29,910890.5197146152
2020-06-30,916774.2182232641
2020-07-01,922902.7449759169
2020-07-02,931237.3094451525
2020-07-06,948398.3083352096
2020-07-07,937245.5994181168
2020-07-08,946560.9649238292
2020-07-09,940555.6330736758
2020-07-10,948155.2480108093
2020-07-13,940557.6945997927
2020-07-14,951589.174933534
2020-07-15,961640.0031632484
2020-07-16,956247.5588275546
2020-07-17,959680.0425341701
2020-07-20,967403.1734845102
2020-07-21,971080.9166900845
2020-07-22,975003.2778468715
2020-07-23,964708.425803859
2020-07-24,959561.1004294613
2020-07-27,969858.2973744614
2020-07-28,963240.22013684
2020-07-29,975497.0901423834
2020-07-30,969124.677201319
2020-07-31,965325.4567170427
2020-08-03,976603.0609909497
2020-08-04,981506.4440918369
2020-08-05,988125.0928657907
2020-08-06,992415.5783121826
2020-08-07,988984.2282383458
2020-08-10,991682.3238928228
2020-08-11,988619.0496189122
2020-08-12,1003449.9813466256
2020-08-13,1000753.9515104585
2020-08-14,998916.0798364619
2020-08-17,1005046.0094896648
2020-08-18,1005904.4071631931
2020-08-19,1000879.6559018989
2020-08-20,1001125.2435375025
2020-08-21,1002106.2654877583
2020-08-24,1012526.5262477907
2020-08-25,1016081.3180261062
2020-08-26,1024048.9407607195
2020-08-27,1021720.2510381585
2020-08-28,1029197.9103944148
2020-08-31,1023316.0976490133
2020-09-01,1031038.4990333612
2020-09-02,1042683.1442338405
2020-09-03,1011428.8628385466
2020-09-04,1007629.5926612339
2020-09-08,984344.3016011422
2020-09-09,1002361.8458256432
2020-09-10,988267.5275499492
2020-09-11,992190.2184220871
2020-09-14,1004693.7605476656
2020-09-15,1010577.5479891314
2020-09-16,1008862.0645175977
2020-09-17,1003469.7759315124
2020-09-18,994645.2978820297
2020-09-21,980148.3856056231
2020-09-22,984707.0924015194
2020-09-23,965737.4941141064
2020-09-24,966230.6394900708
2020-09-25,976825.0567144408
2020-09-28,992224.2182126872
2020-09-29,988652.3365453542
2020-09-30,993333.9063856029
2020-10-01,1001341.1801874021
2020-10-02,994936.0046446201
2020-10-05,1011320.9147083373
2020-10-06,1000974.2483564488
2020-10-07,1015140.879247139
2020-10-08,1023517.5553402669
2020-10-09,1031278.4653064791
2020-10-12,1042613.3946814061
2020-10-13,1035838.631798517
2020-10-14,1031281.2907747423
2020-10-15,1026354.794410903
2020-10-16,1026848.0842920508
2020-10-19,1017118.3621046057
2020-10-20,1021922.8385923498
2020-10-21,1019336.8092106376
2020-10-22,1023279.2006082975
2020-10-23,1027960.9537691264
2020-10-26,1009731.2053071308
2020-10-27,1005420.7621727677
2020-10-28,974255.6996097033
2020-10-29,982756.1328551194
2020-10-30,973025.09716746
2020-11-02,985098.4745192934
2020-11-03,1003700.0027616502
2020-11-04,1022547.338259693
2020-11-05,1044228.2509015488
2020-11-06,1045460.919361259
2020-11-09,1062215.1713858324
2020-11-10,1062955.012813547
2020-11-11,1069730.8264108133
2020-11-12,1058398.3020229372
2020-11-13,1073304.3014819385
2020-11-16,1086979.4068325458
2020-11-17,1084762.7425572067
2020-11-18,1075401.5561417842
2020-11-19,1082053.8270185867
2020-11-20,1080329.8933352514
2020-11-23,1085628.6263553882
2020-11-24,1102136.3134979412
2020-11-25,1100412.1753870863
2020-11-27,1105833.2977147612
2020-11-30,1093393.3607323226
2020-12-01,1109654.482108054
2020-12-02,1110393.9370265473
2020-12-03,1114090.4675538428
2020-12-04,1124808.1095779992
2020-12-07,1121237.819592513
2020-12-08,1124810.5749518834
2020-12-09,1117913.1184374073
2020-12-10,1121116.3981536257
2020-12-11,1118160.5568386908
2020-12-14,1115698.4671525732
2020-12-15,1130111.9103305943
2020-12-16,1132822.5686595528
2020-12-17,1140091.7198376993
2020-12-18,1136519.7625896013
2020-12-21,1128367.0489993633
2020-12-22,1127252.2733622764
2020-12-23,1132457.8548607074
2020-12-24,1135061.0640846752
2020-12-28,1140268.6353631539
2020-12-29,1142499.951239286
2020-12-30,1146466.2641539823
2020-12-31,1147334.1794256181
2021-01-04,1140768.918832621
2021-01-05,1153285.9254113282
2021-01-06,1161466.0747214814
2021-01-07,1173240.03066517
2021-01-08,1183898.4898352795
2021-01-11,1173242.6021929772
2021-01-12,1177704.7667800637
2021-01-13,1178696.7097374836
2021-01-14,1180680.2680234786
2021-01-15,1168411.7364653666
2021-01-19,1178576.5801732186
2021-01-20,1192829.5677573138
2021-01-21,1193201.8147479547
2021-01-22,1187625.5095390608
2021-01-25,1190229.9907999607
2021-01-26,1186760.7078229855
2021-01-27,1158257.3027211041
2021-01-28,1167676.6592422484
2021-01-29,1144750.0875080235
2021-02-01,1164333.0669665134
2021-02-02,1180444.5487934684
2021-02-03,1182304.3346658675
2021-02-04,1190484.313782942
2021-02-05,1197796.7869793004
2021-02-08,1206102.4274196073
2021-02-09,1209821.2732613788
2021-02-10,1209697.9298945863
2021-02-11,1215895.2232733695
2021-02-12,1221720.3987985507
2021-02-16,1223334.4261882075
2021-02-17,1219369.3031625687
2021-02-18,1212801.4018807348
2021-02-19,1215900.5533196046
2021-02-22,1202889.4968858957
2021-02-23,1205120.8101674004
2021-02-24,1212805.389241578
2021-02-25,1185169.0698512597
2021-02-26,1175379.0363257783
2021-03-01,1203265.8174644213
2021-03-02,1195458.8412376272
2021-03-03,1182818.400071741
2021-03-04,1165592.1855195025
2021-03-05,1181580.24992852
2021-03-08,1173154.806833221
2021-03-09,1191373.6870529598
2021-03-10,1196951.0210909043
2021-03-11,1212319.4300062235
2021-03-12,1212444.4187119226
2021-03-15,1217527.3902407135
2021-03-16,1216536.515362182
2021-03-17,1221742.4907243948
2021-03-18,1203896.8591707235
2021-03-19,1205136.658682151
2021-03-22,1210518.9661495828
2021-03-23,1195484.503209915
2021-03-24,1185917.594458642
2021-03-25,1192752.2372412921
2021-03-26,1211391.3701337674
2021-03-29,1206796.2655516823
2021-03-30,1206547.9594646352
2021-03-31,1208909.7553832822
2021-04-01,1224815.4771735517
2021-04-05,1238859.2081749034
2021-04-06,1236250.7244031464
2021-04-07,1234387.141251478
2021-04-08,1242216.5783800394
2021-04-09,1246814.59343201
2021-04-12,1244207.2611132052
2021-04-13,1248930.0353691203
2021-04-14,1248433.729175178
2021-04-15,1260487.1518916849
2021-04-16,1265334.1642639409
2021-04-19,1259620.4685490017
2021-04-20,1245455.4591339268
2021-04-21,1258130.344798435
2021-04-22,1250178.413003584
2021-04-23,1264717.592050388
2021-04-26,1268447.2827502158
2021-04-27,1267081.3230743199
2021-04-28,1269442.9776641622
2021-04-29,1272301.7348391518
2021-04-30,1258882.0944307768
2021-05-03,1264724.5221365537
2021-05-04,1252423.484263837
2021-05-05,1258015.984395456
2021-05-06,1266342.0243138354
2021-05-07,1278271.8007286282
2021-05-10,1265350.804643062
2021-05-11,1254292.3727299317
2021-05-12,1227204.0780758115
2021-05-13,1238636.663090325
2021-05-14,1258643.3051174171
2021-05-17,1256160.1657425433
2021-05-18,1253924.3022370748
2021-05-19,1247339.1324083798
2021-05-20,1261629.7614082922
2021-05-21,1259891.1085769774
2021-05-24,1269957.9593686133
2021-05-25,1270207.3141506957
2021-05-26,1273314.6677050765
2021-05-27,1275179.3609677835
2021-05-28,1278783.7231837932
2021-06-01,1283632.548427442
2021-06-02,1285497.1481077776
2021-06-03,1278414.9372815758
2021-06-04,1290593.3528747535
2021-06-07,1291465.365336531
2021-06-08,1291093.3978773581
2021-06-09,1287738.8683825783
2021-06-10,1294077.0599642969
2021-06-11,1296438.7862699116
2021-06-14,1298677.5023498295
2021-06-15,1296068.8459096383
2021-06-16,1287619.6875210148
2021-06-17,1284265.246779923
2021-06-18,1265253.409273645
2021-06-21,1282676.9372227842
2021-06-22,1285924.3744001838
2021-06-23,1284051.8890962382
2021-06-24,1293418.9689482148
2021-06-25,1298539.8200644373
2021-06-28,1297168.404744722
2021-06-29,1297418.9382313872
2021-06-30,1293922.65629583
2021-07-01,1298668.948112815
2021-07-02,1304164.8198236937
2021-07-06,1297548.7738647696
2021-07-07,1300796.4566101118
2021-07-08,1285935.6484824594
2021-07-09,1304918.7675557754
2021-07-12,1308043.244485152
2021-07-13,1301924.575257162
2021-07-14,1302924.376924467
2021-07-15,1297305.3479622467
2021-07-16,1287315.2705167318
2021-07-19,1267835.1119918313
2021-07-20,1283071.689539664
2021-07-21,1296185.766240119
2021-07-22,1297560.1498616196
2021-07-23,1306052.8369608696
2021-07-26,1304556.4470364777
2021-07-27,1296064.9564290862
2021-07-28,1302934.3721545592
2021-07-29,1309304.141797928
2021-07-30,1301936.7030188406
2021-08-02,1302937.9418981748
2021-08-03,1312554.7487802163
2021-08-04,1308309.557400302
2021-08-05,1314804.320984374
2021-08-06,1313681.0793063007
2021-08-09,1313058.8260928658
2021-08-10,1314058.8593793737
2021-08-11,1319304.5045414413
2021-08-12,1319305.2274594596
2021-08-13,1322303.5805728945
2021-08-16,1319308.1191354934
2021-08-17,1306945.078732906
2021-08-18,1298203.5521486576
2021-08-19,1291460.4426843855
2021-08-20,1299329.0509818927
2021-08-23,1312943.9312699449
2021-08-24,1320063.2882300925
2021-08-25,1322436.821793758
2021-08-26,1313695.476114054
2021-08-27,1327683.6636426428
2021-08-30,1330808.0510901937
2021-08-31,1331433.0951938936
2021-09-01,1337928.2836360843
2021-09-02,1342050.1317160092
2021-09-03,1344423.689029192
2021-09-07,1340804.9633340074
2021-09-08,1334061.5925667789
2021-09-09,1330565.5107679104
2021-09-10,1323822.3377393703
2021-09-13,1328570.0784181824
2021-09-14,1320702.9033650907
2021-09-15,1328696.7145229762
2021-09-16,1325699.7565448214
2021-09-17,1312587.114046226
2021-09-20,1288917.6262454696
2021-09-21,1292930.536954945
2021-09-22,1305343.93398019
2021-09-23,1320014.2845234764
2021-09-24,1315250.447952118
2021-09-27,1314375.184399463
2021-09-28,1287042.5055424636
2021-09-29,1285538.6143496889
2021-09-30,1276762.518994042
2021-10-01,1287044.6212634149
2021-10-04,1272000.836809836
2021-10-05,1281906.7823172258
2021-10-06,1281907.484743017
2021-10-07,1294571.86785732
2021-10-08,1293318.442125604
2021-10-11,1286550.103125673
2021-10-12,1285547.771786076
2021-10-13,1294701.2007198718
2021-10-14,1312631.8229027127
2021-10-15,1321910.7749964083
2021-10-18,1323166.8792607465
2021-10-19,1332696.6438457265
2021-10-20,1337587.3951204168
2021-10-21,1336960.9506685077
2021-10-22,1337714.1490179268
2021-10-25,1342104.9134110413
2021-10-26,1341478.6804618682
2021-10-27,1333580.1367204203
2021-10-28,1345617.7248232597
2021-10-29,1342483.8259486556
2021-11-01,1350761.515512873
2021-11-02,1351012.8332276526
2021-11-03,1360041.3252526019
2021-11-04,1362299.0623489511
2021-11-05,1366688.4006530684
2021-11-08,1369574.511557609
2021-11-09,1365813.5283720512
2021-11-10,1352648.9920909458
2021-11-11,1356912.944764249
2021-11-12,1365941.2737957784
2021-11-15,1365190.9381893286
2021-11-16,1367573.9826892249
2021-11-17,1362559.4515759987
2021-11-18,1363061.5684573734
2021-11-19,1356918.8929813267
2021-11-22,1349147.022372281
2021-11-23,1348897.0758249818
2021-11-24,1349649.7674488707
2021-11-26,1315671.9346399687
2021-11-29,1327334.872448824
2021-11-30,1307399.3095180758
2021-12-01,1293607.5036309126
2021-12-02,1313544.946065419
2021-12-03,1301382.9639864056
2021-12-06,1315679.1439331195
2021-12-07,1342888.7050708234
2021-12-08,1347904.8844792107
2021-12-09,1335868.4886863811
2021-12-10,1342640.2244424068
2021-12-13,1329100.4017737505
2021-12-14,1320825.6631161324
2021-12-15,1337503.0430583546
2021-12-16,1329980.5776185158
2021-12-17,1317818.6166165797
2021-12-20,1305756.178230293
2021-12-21,1327864.6872469198
2021-12-22,1340119.604424924
2021-12-23,1348710.9212894703
2021-12-27,1362989.4309270936
2021-12-28,1361474.02111209
2021-12-29,1361980.0475942392
2021-12-30,1360843.9912773112
2021-12-31,1357181.107153773
2022-01-03,1365015.8916660438
2022-01-04,1365521.8163733238
2022-01-05,1342277.67764876
2022-01-06,1341015.153786151
2022-01-07,1339120.577000797
2022-01-10,1334701.2554717662
2022-01-11,1350114.4677659809
2022-01-12,1357568.9681581617
2022-01-13,1340767.4971245553
2022-01-14,1340641.9896146117
2022-01-18,1317652.3604369943
2022-01-19,1310199.1878899818
2022-01-20,1299461.9080547132
2022-01-21,1277354.2402830499
2022-01-24,1275713.9180957107
2022-01-25,1263081.2596507613
2022-01-26,1257396.9061676653
2022-01-27,1247922.5139823218
2022-01-28,1268515.7961138259
2022-01-31,1295047.9560783443
2022-02-01,1305281.5495838618
2022-02-02,1312988.703565391
2022-02-03,1287596.4452691565
2022-02-04,1293282.013685005
2022-02-07,1291768.3704453446
2022-02-08,1301622.953512988
2022-02-09,1322848.0419278669
2022-02-10,1303772.109616508
2022-02-11,1281158.8971637997
2022-02-14,1274717.9055365329
2022-02-15,1297079.56474732
2022-02-16,1300997.1208631892
2022-02-17,1275856.9395193842
2022-02-18,1266887.948563378
2022-02-22,1251856.7297423636
2022-02-23,1234423.0716213998
2022-02-24,1239603.5877224752
2022-02-25,1267018.9476586995
2022-02-28,1259187.517744986
2022-03-01,1238215.9794158756
2022-03-02,1256661.3001266664
2022-03-03,1243522.754215767
2022-03-04,1225330.6993559808
2022-03-07,1186293.7289981844
2022-03-08,1185030.9669726072
2022-03-09,1220784.272719578
2022-03-10,1211309.763196927
2022-03-11,1195896.858810613
2022-03-14,1188443.8666863905
2022-03-15,1207268.2927448398
2022-03-16,1245548.3796406395
2022-03-17,1258561.5210536474
2022-03-18,1271953.5124384554
2022-03-21,1268750.145438806
2022-03-22,1283189.6374536653
2022-03-23,1267484.2708428358
2022-03-24,1281796.8921106264
2022-03-25,1284710.4923556738
2022-03-28,1288891.2658523165
2022-03-29,1309790.8450022864
2022-03-30,1302571.3523494895
2022-03-31,1282939.6765525083
2022-04-01,1291172.8045756929
2022-04-04,1301686.5664886185
2022-04-05,1282941.4339447191
2022-04-06,1268629.2496640757
2022-04-07,1271542.5405341042
2022-04-08,1268502.960565263
2022-04-11,1250771.3016589046
2022-04-12,1245578.7746249898
2022-04-13,1260905.3411752777
2022-04-14,1248872.8323720698
2022-04-18,1245327.4852466206
2022-04-19,1259513.9554643922
2022-04-20,1260527.4376620117
2022-04-21,1241275.3268209153
2022-04-22,1213157.0387363436
2022-04-25,1214551.4964705037
2022-04-26,1181366.422421942
2022-04-27,1185799.9408743302
2022-04-28,1210372.6362122379
2022-04-29,1179087.6711231708
2022-05-02,1182888.4965577682
2022-05-03,1189221.8460302767
2022-05-04,1217720.7939615597
2022-05-05,1176176.3274811325
2022-05-06,1164523.730069018
2022-05-09,1125893.2319387067
2022-05-10,1129819.6527281462
2022-05-11,1115380.725424137
2022-05-12,1113734.436116981
2022-05-13,1144513.6915418797
2022-05-16,1140841.2199026272
2022-05-17,1164400.9915812449
2022-05-18,1125642.563720887
2022-05-19,1128556.2704647614
2022-05-20,1131723.107097607
2022-05-23,1149456.732002176
2022-05-24,1139704.0094337563
2022-05-25,1147810.550310226
2022-05-26,1167190.069908722
2022-05-27,1190749.807967775
2022-05-31,1184924.5077455784
2022-06-01,1176058.2523680367
2022-06-02,1199871.3715425925
2022-06-03,1180618.8065152792
2022-06-06,1185179.6903553877
2022-06-07,1193919.9394757168
2022-06-08,1182140.2552361987
2022-06-09,1155414.9536309405
2022-06-10,1125143.1863252067
2022-06-13,1083218.5398540613
2022-06-14,1079798.9466859223
2022-06-15,1096898.4860803431
2022-06-16,1062446.8437683133
2022-06-17,1063586.9585758005
2022-06-21,1085887.7418995672
2022-06-22,1079764.5345331614
2022-06-23,1086270.983593766
2022-06-24,1118929.675521604
2022-06-27,1116123.9190553133
2022-06-28,1100305.2236458724
2022-06-29,1096988.8968939611
2022-06-30,1088696.781601452
2022-07-01,1095458.3808607361
2022-07-05,1089718.9133864327
2022-07-06,1090357.2046084777
2022-07-07,1107707.3469852116
2022-07-08,1107324.7914087747
2022-07-11,1090868.8611961142
2022-07-12,1084618.317971121
2022-07-13,1080791.4947714424
2022-07-14,1072499.4486198418
2022-07-15,1090487.4076144055
2022-07-18,1088574.6356970645
2022-07-19,1116385.6755319547
2022-07-20,1120085.6997312296
2022-07-21,1131950.3585879325
2022-07-22,1122255.0133064527
2022-07-25,1126465.92943408
2022-07-26,1112816.0285061288
2022-07-27,1139734.1096605312
2022-07-28,1150833.0743624254
2022-07-29,1164739.062007538
2022-08-01,1161933.3162789817
2022-08-02,1152876.0527757737
2022-08-03,1166526.3973078625
2022-08-04,1168440.6047526633
2022-08-05,1165761.6286633431
2022-08-08,1167421.2352150767
2022-08-09,1161170.348858495
2022-08-10,1186812.8650636584
2022-08-11,1187578.4938953614
2022-08-12,1203653.1518854136
2022-08-15,1203909.3831778592
2022-08-16,1205313.0175871635
2022-08-17,1195745.4551923147
2022-08-18,1195872.9823589376
2022-08-19,1179161.4730752362
2022-08-22,1157347.427498472
2022-08-23,1156837.259405848
2022-08-24,1160664.8461037595
2022-08-25,1177504.8605936156
2022-08-26,1142549.9885224479
2022-08-29,1136299.7925187242
2022-08-30,1124818.3810334718
2022-08-31,1117546.7889196812
2022-09-01,1113465.2060319094
2022-09-02,1104024.77663315
2022-09-06,1098667.9794188554
2022-09-07,1114615.2111194741
2022-09-08,1119845.9046319886
2022-09-09,1141150.9515683437
2022-09-12,1154674.8672925918
2022-09-13,1109386.2264457243
2022-09-14,1113979.4491373606
2022-09-15,1102625.7086886202
2022-09-16,1093440.3789845065
2022-09-19,1100144.8700395897
2022-09-20,1085789.5103401318
2022-09-21,1068614.1219220252
2022-09-22,1060282.7098476596
2022-09-23,1036057.6178862852
2022-09-26,1023625.1312469312
2022-09-27,1020164.6389700724
2022-09-28,1041442.2637269744
2022-09-29,1021831.5631851702
2022-09-30,1011065.0678084563
2022-10-03,1036060.4563063106
2022-10-04,1071181.3431769952
2022-10-05,1066054.3829784617
2022-10-06,1054134.4287855164
2022-10-07,1028627.2173327616
2022-10-10,1019911.9725118927
2022-10-11,1010939.7540441274
2022-10-12,1008376.5046431228
2022-10-13,1030038.66362847
2022-10-14,1008505.2072009501
2022-10-17,1035038.8073850035
2022-10-18,1045037.0182706629
2022-10-19,1034013.9619991636
2022-10-20,1029143.4818259733
2022-10-21,1050549.6041758857
2022-10-24,1052601.4008299627
2022-10-25,1071956.5138973254
2022-10-26,1072213.319273662
2022-10-27,1066189.2749683498
2022-10-28,1083237.1711338772
2022-10-31,1075547.231545649
2022-11-01,1077726.825366864
2022-11-02,1055039.3866003263
2022-11-03,1046964.3871999719
2022-11-04,1071446.742164333
2022-11-07,1078497.6076057851
2022-11-08,1086188.5390457583
2022-11-09,1065295.48861277
2022-11-10,1122976.5830333412
2022-11-11,1139383.5942442429
2022-11-14,1128361.109598811
2022-11-15,1139769.6124992338
2022-11-16,1130156.3715985916
2022-11-17,1127464.872952325
2022-11-18,1130156.9908411717
2022-11-21,1123492.5727378624
2022-11-22,1137977.2569822841
2022-11-23,1146693.6586652405
2022-11-25,1147976.1182945136
2022-11-28,1131441.8140503145
2022-11-29,1133749.3807828904
2022-11-30,1164640.8885415057
2022-12-01,1167333.3423659634
2022-12-02,1166692.5871985394
2022-12-05,1146569.3820139286
2022-12-06,1134392.525312116
2022-12-07,1132470.1354786013
2022-12-08,1141058.5248866961
2022-12-09,1135162.2643160627
2022-12-12,1145674.3052723997
2022-12-13,1156313.5659860345
2022-12-14,1151571.3034969433
2022-12-15,1123115.5032006325
2022-12-16,1112605.1129497276
2022-12-19,1105865.5927123197
2022-12-20,1108448.2296498166
2022-12-21,1122910.9986517348
2022-12-22,1109352.7545021293
2022-12-23,1114518.257553639
2022-12-27,1114390.3777641992
2022-12-28,1100444.4893071468
2022-12-29,1119427.0947797142
2022-12-30,1112970.9692090922
2023-01-03,1113617.6957891355
2023-01-04,1127305.807764164
2023-01-05,1115684.5616023217
2023-01-06,1141252.4428126288
2023-01-09,1143964.9359034463
2023-01-10,1150163.6031403067
2023-01-11,1161785.9139046909
2023-01-12,1170050.3220694894
2023-01-13,1176120.005197189
2023-01-17,1175862.8795122802
2023-01-18,1163208.5791563164
2023-01-19,1158043.3443277748
2023-01-20,1175993.0533180868
2023-01-23,1187099.2237955611
2023-01-24,1185937.2083053195
2023-01-25,1188132.796936681
2023-01-26,1198205.5179178878
2023-01-27,1198980.6703670782
2023-01-30,1184389.6134715802
2023-01-31,1198077.8460846622
2023-02-01,1211120.574142048
2023-02-02,1220934.6942852868
2023-02-03,1207376.5280438114
2023-02-06,1196530.3736257025
2023-02-07,1209314.812061348
2023-02-08,1199371.6038983145
2023-02-09,1193432.1546536146
2023-02-10,1191237.3136491005
2023-02-13,1204409.732866282
2023-02-14,1205184.5746658312
2023-02-15,1205830.6301539075
2023-02-16,1194338.3747230272
2023-02-17,1191626.9070684018
2023-02-21,1171483.7000319795
2023-02-22,1167609.9778451934
2023-02-23,1173808.7262776806
2023-02-24,1158571.2840765696
2023-02-27,1165029.0890798508
2023-02-28,1159993.1122900294
2023-03-01,1162317.8182650073
2023-03-02,1168387.3683072114
2023-03-03,1185174.933853955
2023-03-06,1183368.141668323
2023-03-07,1165289.849710433
2023-03-08,1168389.288879328
2023-03-09,1149148.7335796799
2023-03-10,1133265.9183608026
2023-03-13,1129651.204918312
2023-03-14,1144630.6186482545
2023-03-15,1127069.0082141543
2023-03-16,1145793.8135558006
2023-03-17,1132234.9437623783
2023-03-20,1144478.8399742376
2023-03-21,1159507.3987494246
2023-03-22,1146163.828234704
2023-03-23,1148884.6044362842
2023-03-24,1151735.1186907361
2023-03-27,1156140.5777698366
2023-03-28,1157307.260153169
2023-03-29,1171558.4888544648
2023-03-30,1180627.6317428886
2023-03-31,1193064.983290073
2023-04-03,1198637.0631280818
2023-04-04,1193584.6061776835
2023-04-05,1187755.0946167319
2023-04-06,1191641.944991627
2023-04-10,1193068.2518530197
2023-04-11,1195918.7922674932
2023-04-12,1194234.8544362027
2023-04-13,1209911.6809445815
2023-04-14,1206154.9000571761
2023-04-17,1209006.215018289
2023-04-18,1211079.0783040705
2023-04-19,1208229.4010745336
2023-04-20,1203824.6636850147
2023-04-21,1204213.889984795
2023-04-24,1205510.2539062994
2023-04-25,1185818.2773590144
2023-04-26,1183227.4308606645
2023-04-27,1202920.2834084432
2023-04-28,1210045.9692604782
2023-05-01,1208621.9545898146
2023-05-02,1195018.8771403553
2023-05-03,1190873.38562597
2023-05-04,1186728.2080172102
2023-05-05,1206938.8975877995
2023-05-08,1207587.7372267072
2023-05-09,1202664.867083175
2023-05-10,1205126.955821361
2023-05-11,1202277.1543909835
2023-05-12,1198909.0305395252
2023-05-15,1207071.9425706356
2023-05-16,1196707.741782733
2023-05-17,1207979.403222054
2023-05-18,1214457.5962372606
2023-05-19,1214587.4567209138
2023-05-22,1216531.900043908
2023-05-23,1201244.462110149
2023-05-24,1190491.75856946
2023-05-25,1194119.7113011288
2023-05-26,1208630.232565261
2023-05-30,1204356.0739238164
2023-05-31,1195417.0614927558
2023-06-01,1210316.6132215057
2023-06-02,1229231.9708639237
2023-06-05,1225087.1247699505
2023-06-06,1232342.8428056587
2023-06-07,1227031.2496124874
2023-06-08,1234545.818322832
2023-06-09,1235971.180963734
2023-06-12,1244264.1362586278
2023-06-13,1253981.1286774746
2023-06-14,1255924.8241405163
2023-06-15,1270435.547235956
2023-06-16,1266808.3522369512
2023-06-20,1254288.8591476677
2023-06-21,1250376.6700136196
2023-06-22,1249855.2078940084
2023-06-23,1236161.0984684727
2023-06-26,1235379.5646746138
2023-06-27,1248031.1807627222
2023-06-28,1248683.5951560452
2023-06-29,1251031.272343089
2023-06-30,1264856.7817735884
2023-07-03,1268900.844883061
2023-07-05,1261728.4129434342
2023-07-06,1246207.9873210487
2023-07-07,1249469.1207456407
2023-07-10,1253382.8061948721
2023-07-11,1264208.4133495989
2023-07-12,1278946.7924973906
2023-07-13,1293685.1797206341
2023-07-14,1288990.2122962384
2023-07-17,1292643.4024863916
2023-07-18,1300468.9854259712
2023-07-19,1301643.1210788812
2023-07-20,1292774.732626157
2023-07-21,1293296.684832101
2023-07-24,1297993.0824894453
2023-07-25,1301906.218088721
2023-07-26,1304254.2434044476
2023-07-27,1295646.4800122068
2023-07-28,1309080.7766997542
2023-07-31,1311951.1239393528
2023-08-01,1303995.5348118106
2023-08-02,1282214.8604301594
2023-08-03,1279476.1008661217
2023-08-04,1277128.6715705206
2023-08-07,1286520.6374576052
2023-08-08,1278564.8153152706
2023-08-09,1273348.2095550257
2023-08-10,1275305.2204677423
2023-08-11,1270740.4805045957
2023-08-14,1271784.938629547
2023-08-15,1256786.263468359
2023-08-16,1247265.6104964057
2023-08-17,1239049.2205250906
2023-08-18,1238266.7880432876
2023-08-21,1244397.925799086
2023-08-22,1241789.6213148432
2023-08-23,1256006.4557596492
2023-08-24,1240355.6566315794
2023-08-25,1247529.4346631356
2023-08-28,1257834.1572653316
2023-08-29,1274789.9390376124
2023-08-30,1277920.6485490077
2023-08-31,1274660.2629046729
2023-09-01,1279095.247672931
2023-09-05,1271009.9335415163
2023-09-06,1263706.4451101776
2023-09-07,1258489.6884347454
2023-09-08,1259011.5328538825
2023-09-11,1269186.2455842667
2023-09-12,1263838.897418606
2023-09-13,1262404.5907104707
2023-09-14,1275186.6523498246
2023-09-15,1264622.6086989846
2023-09-18,1263130.4981945278
2023-09-19,1260773.2329713234
2023-09-20,1252129.2823924862
2023-09-21,1231566.1510968662
2023-09-22,1231304.683716405
2023-09-25,1232615.5638826217
2023-09-26,1215326.9649969763
2023-09-27,1215458.4113164626
2023-09-28,1223841.2540227908
2023-09-29,1220436.0126548915
2023-10-02,1213888.2946920183
2023-10-03,1197385.4958268031
2023-10-04,1202362.9768340446
2023-10-05,1205244.7500731277
2023-10-06,1218604.7640481014
2023-10-09,1222273.1575959062
2023-10-10,1233144.4522063162
2023-10-11,1238776.8895106781
2023-10-12,1227775.0438804459
2023-10-13,1219654.747770142
2023-10-16,1232098.7262164976
2023-10-17,1232099.0637661982
2023-10-18,1213369.4753901267
2023-10-19,1202891.847524877
2023-10-20,1189139.6264636405
2023-10-23,1186913.9794714637
2023-10-24,1195951.8133550037
2023-10-25,1180365.762124228
2023-10-26,1170411.5087740906
2023-10-27,1165304.1630367043
2023-10-30,1179057.6036770649
2023-10-31,1184820.8554166537
2023-11-01,1196478.3660310823
2023-11-02,1220840.4085412466
2023-11-03,1235772.2192325755
2023-11-06,1235642.0147019625
2023-11-07,1234856.612778195
2023-11-08,1234071.2104239922
2023-11-09,1226213.0857884432
2023-11-10,1240620.782999511
2023-11-13,1240490.687600189
2023-11-14,1269175.1934744106
2023-11-15,1271663.988203379
2023-11-16,1269306.8986516972
2023-11-17,1276379.7729511808
2023-11-20,1284763.7696199466
2023-11-21,1281358.4954930812
2023-11-22,1284502.3482218648
2023-11-24,1287908.6809385885
2023-11-27,1285420.968059922
2023-11-28,1287517.0617175084
2023-11-29,1287779.4349082143
2023-11-30,1291578.0314159181
2023-12-01,1302711.4150865388
2023-12-04,1294722.8534154843
2023-12-05,1291841.821530217
2023-12-06,1289484.6191908442
2023-12-07,1298129.5585681344
2023-12-08,1301797.3664811407
2023-12-11,1306644.4606480803
2023-12-12,1309919.348224215
2023-12-13,1329304.552438529
2023-12-14,1339652.2376864136
2023-12-15,1333496.783320123
2023-12-18,1338791.6476292633
2023-12-19,1348825.47145203
2023-12-20,1330343.174079432
2023-12-21,1347505.8766130072
2023-12-22,1349486.4836691904
2023-12-26,1356220.9684282017
2023-12-27,1360181.8211862966
2023-12-28,1361106.229067248
2023-12-29,1358202.2193798658
2024-01-02,1346718.2301609789
2024-01-03,1335100.8420779065
2024-01-04,1333517.159452157
2024-01-05,1335101.573614985
2024-01-08,1351208.9899368817
2024-01-09,1344608.6048700914
2024-01-10,1351209.7303000404
2024-01-11,1350682.1536041969
2024-01-12,1352794.7333289846
2024-01-16,1339726.3243305353
2024-01-17,1329165.3122620839
2024-01-18,1340519.349136605
2024-01-19,1352665.3669841667
2024-01-22,1355834.801937454
2024-01-23,1357947.6002392364
2024-01-24,1361512.285132732
2024-01-25,1367453.637941123
2024-01-26,1368378.371355978
2024-01-29,1378148.7221155243
2024-01-30,1374980.7695220944
2024-01-31,1358214.4986484235
2024-02-01,1374057.268008369
2024-02-02,1379206.448684355
2024-02-05,1372606.3565642387
2024-02-06,1380264.07216935
2024-02-07,1387261.669040941
2024-02-08,1387790.0000270312
2024-02-09,1395447.5152844042
2024-02-12,1397296.966762137
2024-02-13,1375250.0717748133
2024-02-14,1390564.6342278065
2024-02-15,1402446.8323580758
2024-02-16,1399146.6991929426
2024-02-20,1395319.6533875936
2024-02-21,1395716.2374115353
2024-02-22,1418423.8667833065
2024-02-23,1419480.4777760217
2024-02-26,1415784.9157059542
2024-02-27,1418821.9067719958
2024-02-28,1413409.424956182
2024-02-29,1419218.7814070631
2024-03-01,1431893.1254812526
2024-03-04,1429649.994874336
2024-03-05,1418692.559986154
2024-03-06,1430046.7706922516
2024-03-07,1444701.523087912
2024-03-08,1437836.7104747524
2024-03-11,1434537.4585341713
2024-03-12,1448399.9297780914
2024-03-13,1446024.0509764205
2024-03-14,1439555.536987871
2024-03-15,1433207.4933742327
2024-03-18,1438509.9497246612
2024-03-19,1443546.538614067
2024-03-20,1457860.3725669465
2024-03-21,1462234.5199743668
2024-03-22,1457728.7868240783
2024-03-25,1454814.0443144944
2024-03-26,1453091.6501022174
2024-03-27,1463959.822218247
2024-03-28,1464490.2893417634
2024-04-01,1460648.7266633613
2024-04-02,1452166.6881449905
2024-04-03,1455878.0814615288
2024-04-04,1440902.4255381774
2024-04-05,1452698.0542822536
2024-04-08,1455880.0757476573
2024-04-09,1458133.552590233
2024-04-10,1441434.862005426
2024-04-11,1449652.2081497745
2024-04-12,1426194.266581107
2024-04-15,1412809.544842496
2024-04-16,1404725.4602526259
2024-04-17,1399424.312308151
2024-04-18,1397304.103083412
2024-04-19,1390810.4261477895
2024-04-22,1403799.8048091314
2024-04-23,1419836.7779981291
2024-04-24,1419439.693553146
2024-04-25,1414934.0121076459
2024-04-26,1427657.6671185964
2024-04-29,1433887.935384435
2024-04-30,1412020.0863496151
2024-05-01,1409369.5912275193
2024-05-02,1426599.5553952788
2024-05-03,1441841.3137401391
2024-05-06,1454698.7141932982
2024-05-07,1455096.4821677797
2024-05-08,1454169.1230456203
2024-05-09,1463181.90744607
2024-05-10,1465567.897147662
2024-05-13,1465304.012615115
2024-05-14,1474316.9178146687
2024-05-15,1491414.1530245019
2024-05-16,1486643.4814904013
2024-05-17,1490752.299515552
2024-05-20,1491681.3909681747
2024-05-21,1491549.2021078242
2024-05-22,1483995.027990847
2024-05-23,1473392.686014666
2024-05-24,1484260.9309777187
2024-05-28,1483069.8099077723
2024-05-29,1466900.8716336102
2024-05-30,1465973.7209610282
2024-05-31,1476974.4772189823
2024-06-03,1478433.6366887195
2024-06-04,1475518.255211164
2024-06-05,1490760.0593486112
2024-06-06,1491820.725601511
2024-06-07,1484531.6093274907
2024-06-10,1487978.9083624745
2024-06-11,1485461.1079671872
2024-06-12,1499907.7757219716
2024-06-13,1494606.8872774057
2024-06-14,1489836.0733078097
2024-06-17,1499512.2456082234
2024-06-18,1504416.6944366137
2024-06-20,1501766.8112788636
2024-06-21,1497744.1500841992
2024-06-24,1499343.9445094732
2024-06-25,1502274.9151866527
2024-06-26,1500010.8169391656
2024-06-27,1502808.6635119917
2024-06-28,1500411.332836156
2024-07-01,1502410.6160398275
2024-07-02,1509471.558241508
2024-07-03,1521061.7434378513
2024-07-05,1528123.1132672776
2024-07-08,1527724.4633100424
2024-07-09,1527458.7345942815
2024-07-10,1543578.300161366
2024-07-11,1540514.4968590592
2024-07-12,1550906.0541531674
2024-07-15,1550507.527559109
2024-07-16,1561964.744094397
2024-07-17,1542648.7415632433
2024-07-18,1529593.8976111524
2024-07-19,1519469.836497097
2024-07-22,1534657.5545523227
2024-07-23,1529862.351961792
2024-07-24,1500422.0203672065
2024-07-25,1495360.1303205036
2024-07-26,1512545.4057865224
2024-07-29,1510548.4781688016
2024-07-30,1506685.3602618733
2024-07-31,1530132.0646439355
2024-08-01,1502423.375853739
2024-08-02,1474847.9044924197
2024-08-05,1435017.1709786365
2024-08-06,1445808.1525952732
2024-08-07,1442078.5574950385
2024-08-08,1472851.9417692565
2024-08-09,1478980.3193099503
2024-08-12,1479248.2116331102
2024-08-13,1502295.0821528125
2024-08-14,1506025.8082956697
2024-08-15,1528273.4056701853
2024-08-16,1534268.68242983
2024-08-19,1549989.672882841
2024-08-20,1545727.054560654
2024-08-21,1554653.0553957215
2024-08-22,1541598.194954724
2024-08-23,1563979.0842119227
2024-08-26,1556786.709970366
2024-08-27,1561316.5492517608
2024-08-28,1552258.1489549677
2024-08-29,1554523.1237375373
2024-08-30,1565847.2489837273
2024-09-03,1535075.651120158
2024-09-04,1531745.437091218
2024-09-05,1529081.4959057188
2024-09-06,1503104.2578758337
2024-09-09,1518558.7397511927
2024-09-10,1520158.1750119845
2024-09-11,1532547.779014853
2024-09-12,1545736.794453336
2024-09-13,1553863.552073289
2024-09-16,1559859.6327537275
2024-09-17,1558927.5254721902
2024-09-18,1554531.6414020634
2024-09-19,1582108.7345158986
2024-09-20,1576186.6669860804
2024-09-23,1581268.0551428185
2024-09-24,1591963.7228705946
2024-09-25,1584076.2290237234
2024-09-26,1603728.980100562
2024-09-27,1599050.5008576727
2024-09-30,1600254.8280531694
2024-10-01,1590095.0587859561
2024-10-02,1592501.943265427
2024-10-03,1583678.8367518361
2024-10-04,1597716.6858014497
2024-10-07,1588092.4011700237
2024-10-08,1590766.6024301504
2024-10-09,1597050.3799482698
2024-10-10,1594510.7065950534
2024-10-11,1605473.7413559873
2024-10-14,1613496.267199868
2024-10-15,1596919.24279737
2024-10-16,1604807.3394388375
2024-10-17,1604005.626183264
2024-10-18,1611893.7290879968
2024-10-21,1603606.3070416162
2024-10-22,1599729.8443233587
2024-10-23,1585826.556985394
2024-10-24,1589971.3155684466
2024-10-25,1587298.0779360174
2024-10-28,1595587.9344450964
2024-10-29,1594251.5862035048
2024-10-30,1588369.617590732
2024-10-31,1565375.3711236722
2024-11-01,1571659.2866861229
2024-11-04,1570858.4215474522
2024-11-05,1589842.7795793451
2024-11-06,1610698.9889450907
2024-11-07,1627678.0798802369
2024-11-08,1623133.1057740285
2024-11-11,1625005.9670812043
2024-11-12,1612038.7433069895
2024-11-13,1608696.786143644
2024-11-14,1600408.320113753
2024-11-15,1584499.441726337
2024-11-18,1593859.241578286
2024-11-19,1598004.2426996878
2024-11-20,1597603.3894837839
2024-11-21,1605224.3529192724
2024-11-22,1612176.6072222723
2024-11-25,1618996.199462444
2024-11-26,1620066.3324919106
2024-11-27,1618061.160702753
2024-11-29,1630228.0359152018
2024-12-02,1633705.3452755597
2024-12-03,1636379.60005302
2024-12-04,1643064.5681979326
2024-12-05,1643332.3359583914
2024-12-06,1645338.30133467
2024-12-09,1641997.2310106836
2024-12-10,1631569.9603434852
2024-12-11,1644003.6486153079
2024-12-12,1632907.7612213674
2024-12-13,1631036.5594905587
2024-12-16,1633176.9744849023
2024-12-17,1626359.11361151
2024-12-18,1578364.069398592
2024-12-19,1578097.1831657132
2024-12-20,1590853.019150729
2024-12-23,1599609.3381536123
2024-12-24,1612270.7469142417
2024-12-26,1614157.4109816598
2024-12-27,1601496.7668591146
2024-12-30,1586008.4176823434
2024-12-31,1582372.1049723602
2025-01-02,1579140.2591820704
2025-01-03,1595438.658048274
2025-01-06,1605272.5162452376
2025-01-07,1589513.9338212714
2025-01-08,1590053.120507488
2025-01-10,1564597.007701337
2025-01-13,1565137.045583558
2025-01-14,1570525.1008187458
2025-01-15,1594501.0076566308
2025-01-16,1595982.8818246527
2025-01-17,1609318.3669268389
2025-01-21,1628850.5905239873
2025-01-22,1633026.4537801764
2025-01-23,1641781.9870217103
2025-01-24,1641917.1515570646
2025-01-27,1623195.98182519
2025-01-28,1633702.5017711637
2025-01-29,1628719.3401454757
2025-01-30,1642458.6049731716
2025-01-31,1630740.7468303118
2025-02-03,1617945.2673354377
2025-02-04,1633030.9276771
2025-02-05,1641651.2146630515
2025-02-06,1647039.1839090579
2025-02-07,1633704.2920693113
2025-02-10,1644479.8089179979
2025-02-11,1645422.9196282537
2025-02-12,1643806.5499366182
2025-02-13,1661586.089490452
2025-02-14,1663337.068814031
2025-02-18,1669802.442169742
2025-02-19,1667782.0327606131
2025-02-20,1665492.2986767662
2025-02-21,1642055.5706130392
2025-02-24,1633973.722154861
2025-02-25,1632088.0277885073
2025-02-26,1634512.4769151292
2025-02-27,1609863.6296989229
2025-02-28,1624006.3901519924
2025-03-03,1606765.6053584265
2025-03-04,1595047.2940319786
2025-03-05,1621447.3313934272
2025-03-06,1597337.0281158257
2025-03-07,1607438.9697506377
2025-03-10,1566492.1322186263
2025-03-11,1560161.4739056902
2025-03-12,1568647.1512596982
2025-03-13,1550059.4268600463
2025-03-14,1582251.2623633312
2025-03-17,1598010.497918868
2025-03-18,1586561.5112671386
2025-03-19,1599626.867610504
2025-03-20,1592757.4545373
2025-03-21,1589176.3323556161
2025-03-24,1609311.1715305476
2025-03-25,1612419.4207217083
2025-03-26,1594852.0731718696
2025-03-27,1593095.1908417216
2025-03-28,1565122.4238729167
2025-03-31,1566879.2007922332
2025-04-01,1572014.28945325
2025-04-02,1581338.404561743
2025-04-03,1518906.5205129352
2025-04-04,1428366.7328092214
2025-04-07,1411204.7953176864
2025-04-08,1394042.963236983
2025-04-09,1513230.8851075133
2025-04-10,1471069.1877414014
2025-04-11,1501474.3096491976
2025-04-14,1515663.4508681677
2025-04-15,1517149.8490044503
2025-04-16,1494582.338658033
2025-04-17,1502420.3718627384
2025-04-21,1479177.2834966464
2025-04-22,1511474.3190098605
2025-04-23,1530798.443479016
2025-04-24,1557419.7381759766
2025-04-25,1564852.1505007148
2025-04-28,1569311.6611420566
2025-04-29,1576473.6946837606
2025-04-30,1575662.7691563214
2025-05-01,1581338.4045617431
2025-05-02,1608905.866883076
2025-05-05,1605392.313044443
2025-05-06,1596338.4713081527
2025-05-07,1597419.5647969628
2025-05-08,1602959.9581054517
2025-05-09,1605257.3871800047
2025-05-12,1644986.7296071253
2025-05-13,1653094.82536237
2025-05-14,1653094.82536237
2025-05-15,1662418.835060031
2025-05-16,1670526.9308152755
2025-05-19,1675121.5781427186
2025-05-20,1673364.8012234021
2025-05-21,1652418.9311102002
2025-05-22,1651202.8063461203
2025-05-23,1647419.189956948
2025-05-27,1674175.62134001
2025-05-28,1662689.2138430653
2025-05-29,1669445.9427372972
2025-05-30,1667148.6190735756
2025-06-02,1678229.6165122164
2025-06-03,1682553.990467457
2025-06-04,1686472.8489535623
2025-06-05,1681878.2016261192
2025-06-06,1694986.2493562794
2025-06-09,1697824.1197644062
2025-06-10,1705932.0046979876
2025-06-11,1702688.8296423885
2025-06-12,1709986.1052810254
2025-06-13,1688499.7938342497
2025-06-16,1703229.4817976248
2025-06-17,1686607.8802288317
2025-06-18,1687553.8370315407
2025-06-20,1680153.6804212697
2025-06-23,1696175.9160016293
2025-06-24,1717493.5701178573
2025-06-25,1714506.3325613644
2025-06-26,1730528.568141724
2025-06-27,1737996.5039167088
2025-06-30,1745057.2376492526
2025-07-01,1745192.7959786803
2025-07-02,1753068.3554394322
2025-07-03,1762301.184767766
2025-07-07,1746279.054598238
2025-07-08,1749945.3487318482
2025-07-09,1760400.2058308313
2025-07-10,1763658.9816895057
2025-07-11,1754833.3544036127
2025-07-14,1757956.5719328595
2025-07-15,1748994.8592633808
2025-07-16,1755919.823844834
2025-07-17,1764881.220281818
2025-07-18,1763387.6542089873
2025-07-21,1767732.68868722
2025-07-22,1772620.5889481527
2025-07-23,1792987.6481850815
2025-07-24,1788235.5170752397
2025-07-25,1792037.4749491091
2025-07-28,1783076.0785121252
2025-07-29,1779816.986420956
2025-07-30,1773571.1838274517
2025-07-31,1764202.058293869
2025-08-01,1743563.56616559
2025-08-04,1768004.2269894015
2025-08-05,1764473.8074177136
2025-08-06,1776015.2393687498
2025-08-07,1779273.6989949297
2025-08-08,1789729.1885589021
2025-08-11,1784976.8466273968
2025-08-12,1806294.2899219615
2025-08-13,1815391.455510036
2025-08-14,1811046.8426751299
2025-08-15,1811046.8426751299
2025-08-18,1811997.2267327658
2025-08-19,1803714.2544079097
2025-08-20,1801406.1788393657
2025-08-21,1794888.6271220166
2025-08-22,1825575.1959501642
2025-08-25,1813626.4565458558
2025-08-26,1818379.0092990242
2025-08-27,1819193.624205569
2025-08-28,1826389.810856709
2025-08-29,1816342.2612109985
2025-09-02,1803307.1577763003
2025-09-03,1809960.4786447403
2025-09-04,1822859.6021066846
2025-09-05,1824624.8118925286
2025-09-08,1834536.8032088114
2025-09-09,1836302.0129946554
2025-09-10,1840239.5291979525
2025-09-11,1858434.071195765
2025-09-12,1854768.0932946496
2025-09-15,1865223.1612152955
2025-09-16,1864544.3154598414
2025-09-17,1861828.5107946985
2025-09-18,1870518.579751164
2025-09-19,1873080.2737805191
2025-09-22,1880710.331414493
2025-09-23,1873625.247779851
2025-09-24,1865177.6237360477
2025-09-25,1854686.0836676706
2025-09-26,1864769.051352796
2025-09-29,1871854.1349874379
2025-09-30,1877576.6782129183
2025-10-01,1887250.6518714658
2025-10-02,1889975.9435114518
2025-10-03,1895017.1111215197
2025-10-06,1901829.813167327
2025-10-07,1890112.134305869
2025-10-08,1900331.0819637484
2025-10-09,1890384.5158947033
2025-10-10,1841605.8643970508
2025-10-13,1871036.568577608
2025-10-14,1870082.8113733614
2025-10-15,1880574.5622634015
2025-10-16,1875532.973010007
2025-10-17,1881391.9178515677
2025-10-20,1900058.4895532506
2025-10-21,1895153.3019159366
2025-10-22,1886978.4811042943
2025-10-23,1899377.3247595017
2025-10-24,1911367.806853121
2025-10-27,1930443.1617597183
2025-10-28,1931805.7021688796
2025-10-29,1929216.8121449738
2025-10-30,1912185.1624412867
2025-10-31,1915591.408053359
2025-11-03,1917907.7056667672
2025-11-04,1893790.9723284384
2025-11-05,1904146.110780735
2025-11-06,1887114.4610770482
2025-11-07,1891610.8655094474
2025-11-10,1918043.8964611844
2025-11-11,1923221.676508996
2025-11-12,1927854.4825574756
2025-11-13,1897878.593555923
2025-11-14,1897197.2179405107
2025-11-17,1876350.5394198368
2025-11-18,1862316.3521233073
2025-11-19,1864223.8665318007
2025-11-20,1835746.7087338269
2025-11-21,1855094.8668725851
2025-11-24,1877576.678212918
2025-11-25,1895017.11112152
2025-11-26,1910550.2404432914
2025-11-28,1919679.0292808437
2025-12-01,1910550.2404432911
2025-12-02,1914092.6768497804
2025-12-03,1921995.3268942516
2025-12-04,1924992.789301409
2025-12-05,1928808.028940059
2025-12-08,1922949.2949201616
2025-12-09,1920769.1881011706
2025-12-10,1937119.4621894453
2025-12-11,1942433.433031674
2025-12-12,1924175.4337132429
2025-12-15,1924175.4337132429
2025-12-16,1916817.7576681036
2025-12-17,1899240.9231434215
2025-12-18,1913547.7028504487
2025-12-19,1929685.6795238967
2025-12-22,1941222.4733983425
2025-12-23,1950424.6281746833
2025-12-24,1955231.5729169534
2025-12-26,1957154.4773068593
2025-12-29,1950424.6281746835
2025-12-30,1950012.682644821
2025-12-31,1937376.8754401943
2026-01-02,1951660.6755859344
2026-01-05,1968142.0807487099
2026-01-06,1979678.8746231557
2026-01-07,1971438.0666309365
2026-01-08,1972811.7805882469
2026-01-09,1985859.3225010731
2026-01-12,1994786.7766502844
2026-01-13,1987370.0705394533
2026-01-14,1985996.7782254694
2026-01-15,1990529.0223406102
2026-01-16,1990529.0223406102
2026-01-20,1956467.620328205
2026-01-21,1979404.1739960266
2026-01-22,1990391.777437877
2026-01-23,1994237.3753960256
2026-01-26,2003027.3738208406
2026-01-27,2019646.023886349
2026-01-28,2016212.371458063
2026-01-29,2015113.7797712083
2026-01-30,1997671.0278243118
2026-02-02,2007284.9173088518
2026-02-03,1999868.422019684
2026-02-04,1993276.0286119045
2026-02-05,1969103.2167111686
2026-02-06,2011542.8824401891
2026-02-09,2028161.5325056973
2026-02-10,2026925.4850944467
2026-02-11,2032419.0759937088
2026-02-12,2004675.577583617
2026-02-13,2009894.6786774127
2026-02-17,2009207.8216987576
2026-02-18,2019096.62263209
2026-02-19,2014564.1676952862
2026-02-20,2032007.1304638463
2026-02-23,2014152.222165424
2026-02-24,2028573.2672138968
2026-02-25,2045192.1281010683
2026-02-26,2038187.578341763
2026-02-27,2030496.1716038026
2026-03-02,2018272.5207507017
2026-03-03,1978305.3714875088
2026-03-04,1995061.4772774137
2026-03-05,1971850.2229824625
2026-03-06,1949325.614844503
2026-03-09,1967317.978867322
2026-03-10,1967043.2782401924
2026-03-11,1964570.9725960277
2026-03-12,1930372.3256808894
2026-03-13,1916225.9812595455
2026-03-16,1943282.8335126452
2026-03-17,1950561.8730774168
2026-03-18,1920346.2798448235
2026-03-19,1916638.137611071
2026-03-20,1876673.3073861732
2026-03-23,1908061.2798877356
2026-03-24,1898424.6216635718
2026-03-25,1915908.2730131266
2026-03-26,1878325.3059388874
2026-03-27,1853269.7837343982
2026-03-30,1847350.3330755036
2026-03-31,1904206.8274197339
2026-04-01,1923066.93340822
2026-04-02,1918661.6039343164
2026-04-06,1928298.4729801435
2026-04-07,1929124.4722565005
2026-04-08,1990386.085252971
2026-04-09,1995479.7474571718
2026-04-10,1995892.536273687
2026-04-13,2015441.1858141334
2026-04-14,2038707.0429198493
2026-04-15,2046003.369861002
2026-04-16,2048343.701144013
2026-04-17,2076565.3430862075
2026-04-20,2071609.3474280662
2026-04-21,2047930.701505835
2026-04-22,2066378.229499469
2026-04-23,2053299.6968021549
2026-04-24,2069682.0157832333
2026-04-27,2069406.8935127778
2026-04-28,2057567.5705516622
2026-04-29,2050408.699334906
2026-04-30,2081521.3387443493
2026-05-01,2084825.54667144
2026-05-04,2072710.679796542
2026-05-05,2094186.6609818216
2026-05-06,2134660.836344973
2026-05-07,2116213.5191730023
2026-05-08,2136312.624076024
2026-05-11,2138240.16654252
2026-05-12,2124886.51157475
2026-05-13,2139341.2880893326
2026-05-14,2147876.824766684
2026-05-15,2113460.1882518125
2026-05-18,2116075.8526269426
2026-05-19,2101207.8656525183
2026-05-20,2128741.1748644155
2026-05-21,2136725.8345358656
2026-05-22,2141681.8301940067
2026-05-26,2166599.4750307733
2026-05-27,2163570.811017465
2026-05-28,2173345.1357876887
2026-05-29,2176786.799439176
2026-06-01,2183395.0044716946
2026-06-02,2193719.9954261556
2026-06-03,2174446.4681561645
2026-06-04,2182568.794373674
2026-06-05,2115662.6421671016
2026-06-08,2126675.9658518606
2026-06-09,2124198.178844453
2026-06-10,2091433.3300606322
2026-06-11,2142232.496378245
2026-06-12,2151593.6106886268
2026-06-15,2185046.7922027446
2026-06-16,2174997.134340402
2026-06-17,2153245.820063004
2026-06-18,2178295.0176175977
2026-06-22,2176913.2924370863
2026-06-23,2132286.3519525263
2026-06-24,2131319.102161836
2026-06-25,2139470.9434121912
2026-06-26,2127036.0492525795
2026-06-29,2153010.964730216
2026-06-30,2168485.2748079593
2026-07-01,2157017.630439038
2026-07-02,2157708.493029293
2026-07-06,2180367.394566701
2026-07-07,2160057.257178832
2026-07-08,2152734.577529781
2026-07-09,2169176.137398214
2026-07-10,2177880.5422277763
2026-07-13,2152734.577529781
2026-07-14,2166136.51065842
2026-07-15,2173182.803107036
2026-07-16,2157155.9294500863
2026-07-17,2138503.6936215
2026-07-20,2131733.577551656
2026-07-21,2157294.017639472
2026-07-22,2155636.116080189
2026-07-23,2132009.9647520906
2026-07-24,2130490.1513821934
2026-07-27,2133944.2535118083
2026-07-28,2132562.73915296
2026-07-29,2103133.721545708
2026-07-30,2147760.6620302675
2026-07-31,2153425.4401200353
2026-08-03,2177604.15502734
2026-08-04,2216842.704622567
2026-08-05,2212974.1271031313
2026-08-06,2209520.0249735164
2026-08-07,2228586.7361919233
2026-08-10,2224027.296082232
