date,value
1926-06-30,10000
1926-07-01,10010.89
1926-07-02,10056.83
1926-07-06,10074.82
1926-07-07,10084.78
1926-07-08,10106.85
1926-07-09,10035.99
1926-07-12,10104.05
1926-07-13,10153.45
1926-07-14,10158.41
1926-07-15,10115.63
1926-07-16,10170.15
1926-07-19,10205.53
1926-07-20,10148.26
1926-07-21,10088.27
1926-07-22,10015.52
1926-07-23,10014.41
1926-07-26,10055.19
1926-07-27,10099.32
1926-07-28,10210.3
1926-07-29,10247.96
1926-07-30,10263.22
1926-08-02,10398.99
1926-08-03,10448.89
1926-08-04,10412.3
1926-08-05,10403.96
1926-08-06,10475.74
1926-08-09,10548.12
1926-08-10,10401.48
1926-08-11,10343.22
1926-08-12,10431.13
1926-08-13,10492.66
1926-08-16,10574.55
1926-08-17,10475.14
1926-08-18,10503.41
1926-08-19,10441.42
1926-08-20,10421.57
1926-08-23,10508.23
1926-08-24,10421
1926-08-25,10388.68
1926-08-26,10444.77
1926-08-27,10482.36
1926-08-30,10551.64
1926-08-31,10613.88
1926-09-01,10673.2
1926-09-02,10667.75
1926-09-03,10722.03
1926-09-07,10786.25
1926-09-08,10732.19
1926-09-09,10725.63
1926-09-10,10637.56
1926-09-13,10589.48
1926-09-14,10685.73
1926-09-15,10664.23
1926-09-16,10645.99
1926-09-17,10539.41
1926-09-20,10547.14
1926-09-21,10579.72
1926-09-22,10566.91
1926-09-23,10595.32
1926-09-24,10661.95
1926-09-27,10673.43
1926-09-28,10674.38
1926-09-29,10643.3
1926-09-30,10676.18
1926-10-01,10755.49
1926-10-04,10597.07
1926-10-05,10481.87
1926-10-06,10424.52
1926-10-07,10345.59
1926-10-08,10407.96
1926-10-11,10239.59
1926-10-13,10311.56
1926-10-14,10412.92
1926-10-15,10223.7
1926-10-18,10222.76
1926-10-19,10115.71
1926-10-20,10091.73
1926-10-21,10247.43
1926-10-22,10207.76
1926-10-25,10255.27
1926-10-26,10289.4
1926-10-27,10393.62
1926-10-28,10386.65
1926-10-29,10381.75
1926-11-01,10406.13
1926-11-03,10428.28
1926-11-04,10491.15
1926-11-05,10499.84
1926-11-08,10574.06
1926-11-09,10589.17
1926-11-10,10526.99
1926-11-11,10598.88
1926-11-12,10625.68
1926-11-15,10642.15
1926-11-16,10659.49
1926-11-17,10623.55
1926-11-18,10573.93
1926-11-19,10507.62
1926-11-22,10612.51
1926-11-23,10648.9
1926-11-24,10658.79
1926-11-26,10681.48
1926-11-29,10628.76
1926-11-30,10657.76
1926-12-01,10697.29
1926-12-02,10753.01
1926-12-03,10788.59
1926-12-06,10776.91
1926-12-07,10773.78
1926-12-08,10766.33
1926-12-09,10815.95
1926-12-10,10854.98
1926-12-13,10912.77
1926-12-14,10924.87
1926-12-15,10944.63
1926-12-16,10876.87
1926-12-17,10977.03
1926-12-20,10991.36
1926-12-21,10989.26
1926-12-22,10992.66
1926-12-23,11024.63
1926-12-24,11060.01
1926-12-27,11036.88
1926-12-28,10919.99
1926-12-29,10969.22
1926-12-30,10932.02
1926-12-31,10969.29
1927-01-03,10883.71
1927-01-04,10918.53
1927-01-05,10934.89
1927-01-06,10917.39
1927-01-07,10951.22
1927-01-10,11011.5
1927-01-11,10981.76
1927-01-12,10990.53
1927-01-13,10987.22
1927-01-14,10993.8
1927-01-17,11005.87
1927-01-18,11000.36
1927-01-19,11068.55
1927-01-20,11050.82
1927-01-21,11050.81
1927-01-24,10960.36
1927-01-25,10844.17
1927-01-26,10865.85
1927-01-27,10828.89
1927-01-28,10847.28
1927-01-31,10995.29
1927-02-01,10995.5
1927-02-02,11073.77
1927-02-03,11093.92
1927-02-04,11136.28
1927-02-07,11104.44
1927-02-08,11116.86
1927-02-09,11122.63
1927-02-10,11132.85
1927-02-11,11168.69
1927-02-14,11224.74
1927-02-15,11237.3
1927-02-16,11236.38
1927-02-17,11264.69
1927-02-18,11302.07
1927-02-21,11286.68
1927-02-23,11369.29
1927-02-24,11386.56
1927-02-25,11411.82
1927-02-28,11485.35
1927-03-01,11440.66
1927-03-02,11311.48
1927-03-03,11428.09
1927-03-04,11377.91
1927-03-07,11311.09
1927-03-08,11325.89
1927-03-09,11382.62
1927-03-10,11436.22
1927-03-11,11456.9
1927-03-14,11475.44
1927-03-15,11383.74
1927-03-16,11501.09
1927-03-17,11550.65
1927-03-18,11460.66
1927-03-21,11487.24
1927-03-22,11366.73
1927-03-23,11389.56
1927-03-24,11468.25
1927-03-25,11487.85
1927-03-28,11589.37
1927-03-29,11563.97
1927-03-30,11493.54
1927-03-31,11529.27
1927-04-01,11524.64
1927-04-04,11578.75
1927-04-05,11648.21
1927-04-06,11662.17
1927-04-07,11691.31
1927-04-08,11728.71
1927-04-11,11756.86
1927-04-12,11723.92
1927-04-13,11749.7
1927-04-14,11761.44
1927-04-18,11781.41
1927-04-19,11803.79
1927-04-20,11836.82
1927-04-21,11880.6
1927-04-22,11890.09
1927-04-25,11663.64
1927-04-26,11732.44
1927-04-27,11689.02
1927-04-28,11560.43
1927-04-29,11617.06
1927-05-02,11649.81
1927-05-03,11737.4
1927-05-04,11830.34
1927-05-05,11867.24
1927-05-06,11901.88
1927-05-09,11961.92
1927-05-10,11954.97
1927-05-11,11939.66
1927-05-12,11927.94
1927-05-13,11987.8
1927-05-16,11906.73
1927-05-17,11964.1
1927-05-18,12026.54
1927-05-19,12050.82
1927-05-20,12104.07
1927-05-23,12151.79
1927-05-24,12136.22
1927-05-25,12157.08
1927-05-26,12171.9
1927-05-27,12226.9
1927-05-31,12275.1
1927-06-01,12315.6
1927-06-02,12326.67
1927-06-03,12219.41
1927-06-06,12336.98
1927-06-07,12302.42
1927-06-08,12338.09
1927-06-09,12341.77
1927-06-10,12296.09
1927-06-14,12099.52
1927-06-15,12207.2
1927-06-16,12284.09
1927-06-17,12304.96
1927-06-20,12270.51
1927-06-21,12228.78
1927-06-22,12228.76
1927-06-23,12124.8
1927-06-24,12141.76
1927-06-27,11984.04
1927-06-28,12016.38
1927-06-29,12021.17
1927-06-30,12011.54
1927-07-01,12091.04
1927-07-05,12262.57
1927-07-06,12337.61
1927-07-07,12308.23
1927-07-08,12287.54
1927-07-11,12360.6
1927-07-12,12402.86
1927-07-13,12437.82
1927-07-14,12491.54
1927-07-15,12525.5
1927-07-18,12571.12
1927-07-19,12605.3
1927-07-20,12662.26
1927-07-21,12658.7
1927-07-22,12653.87
1927-07-25,12730.38
1927-07-26,12763.72
1927-07-27,12774.17
1927-07-28,12793.58
1927-07-29,12855.23
1927-08-01,12988.22
1927-08-02,13070.03
1927-08-03,12986.36
1927-08-04,13108.42
1927-08-05,13032.38
1927-08-08,12880.02
1927-08-09,13002.37
1927-08-10,13034.86
1927-08-11,12903.19
1927-08-12,12701.88
1927-08-15,12978.95
1927-08-16,13060.7
1927-08-17,13102.48
1927-08-18,13107.71
1927-08-19,13128.66
1927-08-22,13223.34
1927-08-23,13231.26
1927-08-24,13259.03
1927-08-25,13262.99
1927-08-26,13293.48
1927-08-29,13277.52
1927-08-30,13274.85
1927-08-31,13211.11
1927-09-01,13317.84
1927-09-02,13396.14
1927-09-06,13587.77
1927-09-07,13649.99
1927-09-08,13652.43
1927-09-09,13567.49
1927-09-12,13578.94
1927-09-13,13755.18
1927-09-14,13798.9
1927-09-15,13833.11
1927-09-16,13845.26
1927-09-19,13763.13
1927-09-20,13839.91
1927-09-21,13820.24
1927-09-22,13661.01
1927-09-23,13733.13
1927-09-26,13698.79
1927-09-27,13730
1927-09-28,13678.91
1927-09-29,13703.25
1927-09-30,13875.62
1927-10-03,13982.63
1927-10-04,13928.08
1927-10-05,13889.06
1927-10-06,13923.77
1927-10-07,13822.11
1927-10-10,13710.35
1927-10-11,13717.19
1927-10-13,13813.19
1927-10-14,13813.18
1927-10-17,13644.59
1927-10-18,13692.33
1927-10-19,13582.77
1927-10-20,13445.57
1927-10-21,13344.71
1927-10-24,13304.32
1927-10-25,13518.5
1927-10-26,13526.6
1927-10-27,13472.47
1927-10-28,13278.45
1927-10-31,13315.12
1927-11-01,13314.97
1927-11-02,13449.3
1927-11-03,13601.13
1927-11-04,13598.25
1927-11-07,13769.83
1927-11-09,13663.65
1927-11-10,13697.66
1927-11-11,13818.05
1927-11-14,13938.22
1927-11-15,13954.79
1927-11-16,13950.45
1927-11-17,13974.01
1927-11-18,14060.49
1927-11-21,14027.65
1927-11-22,14080.8
1927-11-23,14121.48
1927-11-25,14156.62
1927-11-28,14050.15
1927-11-29,14142.72
1927-11-30,14211.86
1927-12-01,14144.91
1927-12-02,14182.94
1927-12-05,14179.6
1927-12-06,14176.61
1927-12-07,14106.98
1927-12-08,13986.91
1927-12-09,14146.21
1927-12-12,14239.33
1927-12-13,14294.7
1927-12-14,14243.08
1927-12-15,14318.41
1927-12-16,14414.19
1927-12-19,14470.12
1927-12-20,14472.86
1927-12-21,14464.01
1927-12-22,14456.62
1927-12-23,14486.81
1927-12-27,14511.14
1927-12-28,14429.71
1927-12-29,14452.64
1927-12-30,14516.07
1928-01-03,14630.8
1928-01-04,14611.77
1928-01-05,14506.54
1928-01-06,14597.92
1928-01-09,14486.8
1928-01-10,14367.99
1928-01-11,14386.65
1928-01-12,14460.01
1928-01-13,14549.64
1928-01-16,14326.41
1928-01-17,14352.18
1928-01-18,14309.1
1928-01-19,14392.08
1928-01-20,14475.54
1928-01-23,14597.31
1928-01-24,14638.17
1928-01-25,14487.38
1928-01-26,14564.14
1928-01-27,14604.9
1928-01-30,14473.74
1928-01-31,14521.48
1928-02-01,14487.19
1928-02-02,14552.95
1928-02-03,14389.07
1928-02-06,14429.07
1928-02-07,14390.67
1928-02-08,14404.18
1928-02-09,14472.44
1928-02-10,14461.42
1928-02-14,14407.61
1928-02-15,14369.27
1928-02-16,14325.28
1928-02-17,14089.47
1928-02-20,14004.73
1928-02-21,14155.13
1928-02-23,14189.65
1928-02-24,14239.86
1928-02-27,14189.64
1928-02-28,14241.27
1928-02-29,14324.42
1928-03-01,14361.79
1928-03-02,14373.41
1928-03-05,14542.33
1928-03-06,14600.63
1928-03-07,14539.43
1928-03-08,14602.08
1928-03-09,14783.28
1928-03-12,14807.05
1928-03-13,14764.24
1928-03-14,14785.04
1928-03-15,14893.1
1928-03-16,15033.22
1928-03-19,15086.17
1928-03-20,15151.17
1928-03-21,15283.12
1928-03-22,15229.76
1928-03-23,15345.64
1928-03-26,15505.65
1928-03-27,15456.17
1928-03-28,15462.48
1928-03-29,15493.55
1928-03-30,15726.08
1928-04-02,15503.67
1928-04-03,15598.22
1928-04-04,15588.85
1928-04-05,15766.54
1928-04-09,15821.7
1928-04-10,15707.77
1928-04-11,15930.8
1928-04-12,15892.55
1928-04-13,16116.61
1928-04-16,16132.34
1928-04-17,16024.24
1928-04-18,16029.03
1928-04-19,16123.58
1928-04-20,15910.73
1928-04-23,15796.15
1928-04-24,15854.58
1928-04-25,15971.88
1928-04-26,16074.08
1928-04-27,16242.84
1928-04-30,16337.09
1928-05-01,16382
1928-05-02,16397.54
1928-05-03,16463.93
1928-05-04,16660.66
1928-05-07,16778.09
1928-05-08,16686.63
1928-05-09,16695.79
1928-05-10,16669.89
1928-05-11,16800.73
1928-05-14,16885.56
1928-05-15,16881.31
1928-05-16,16627.23
1928-05-17,16707.85
1928-05-18,16590.04
1928-05-21,16400.07
1928-05-22,16171.27
1928-05-23,16451.82
1928-05-24,16538.17
1928-05-25,16573.71
1928-05-28,16332.54
1928-05-29,16478.7
1928-05-31,16636.05
1928-06-01,16689.6
1928-06-04,16489.64
1928-06-05,16526.23
1928-06-06,16389.37
1928-06-07,16306.09
1928-06-08,16083.01
1928-06-11,15511.01
1928-06-12,15151.45
1928-06-13,15629
1928-06-14,15779.33
1928-06-15,15585.55
1928-06-18,15271.38
1928-06-19,15178.51
1928-06-20,15389.78
1928-06-21,15414.69
1928-06-22,15411.9
1928-06-25,15329.17
1928-06-26,15484.28
1928-06-27,15642.51
1928-06-28,15772.64
1928-06-29,15851.8
1928-07-02,15684.3
1928-07-03,15938.84
1928-07-05,16090.71
1928-07-06,16041.3
1928-07-09,16088.77
1928-07-10,16047.4
1928-07-11,15675.56
1928-07-12,15577.26
1928-07-13,15688.31
1928-07-16,15493.18
1928-07-17,15564.89
1928-07-18,15705.42
1928-07-19,15682.32
1928-07-20,15701.59
1928-07-23,15765.09
1928-07-24,15773.43
1928-07-25,15843.29
1928-07-26,15880.18
1928-07-27,16006.1
1928-07-30,16029.4
1928-07-31,16013.83
1928-08-01,16057.37
1928-08-02,15987.02
1928-08-03,16024.09
1928-08-06,16180.42
1928-08-07,16125.71
1928-08-08,15947.02
1928-08-09,15968.05
1928-08-10,15938.01
1928-08-13,15952.96
1928-08-14,15849.57
1928-08-15,16070.18
1928-08-16,16199.04
1928-08-17,16247.94
1928-08-20,16334.8
1928-08-21,16496.82
1928-08-22,16521.88
1928-08-23,16523.84
1928-08-24,16753.83
1928-08-27,16756.02
1928-08-28,16855.2
1928-08-29,16897.66
1928-08-30,16945.29
1928-08-31,17142.17
1928-09-04,17259.25
1928-09-05,17331.89
1928-09-06,17264.45
1928-09-07,17378.54
1928-09-10,17266.09
1928-09-11,17376.75
1928-09-12,17437.72
1928-09-13,17422.18
1928-09-14,17446.72
1928-09-17,17646.51
1928-09-18,17528.43
1928-09-19,17518.07
1928-09-20,17546.26
1928-09-21,17665.72
1928-09-24,17738.23
1928-09-25,17727.74
1928-09-26,17703.08
1928-09-27,17489.03
1928-09-28,17492.68
1928-10-01,17658.14
1928-10-02,17583.25
1928-10-03,17536.81
1928-10-04,17583.44
1928-10-05,17535.24
1928-10-08,17474.21
1928-10-09,17497.96
1928-10-10,17661.72
1928-10-11,17719.27
1928-10-15,17890.11
1928-10-16,17946.62
1928-10-17,18003.31
1928-10-18,18058.38
1928-10-19,18142.51
1928-10-22,18046.77
1928-10-23,18168.75
1928-10-24,18211.61
1928-10-25,18167.15
1928-10-26,17962.93
1928-10-29,18248.19
1928-10-30,18059.48
1928-10-31,17973.86
1928-11-01,18208.76
1928-11-02,18193.62
1928-11-05,18412.77
1928-11-07,18634.99
1928-11-08,18591.55
1928-11-09,18728.55
1928-11-12,18945.18
1928-11-13,18961.64
1928-11-14,18991.39
1928-11-15,19062.97
1928-11-16,19403.6
1928-11-19,19462.6
1928-11-20,19681.93
1928-11-21,19388.05
1928-11-22,19660.82
1928-11-23,19715.25
1928-11-26,19809.27
1928-11-27,19868.08
1928-11-28,20089.99
1928-11-30,20171.73
1928-12-03,19911.12
1928-12-04,19957.29
1928-12-05,19817.96
1928-12-06,19116.78
1928-12-07,18667.9
1928-12-10,18614.33
1928-12-11,19042.81
1928-12-12,18894.64
1928-12-13,18830.75
1928-12-14,18866.88
1928-12-17,18732.02
1928-12-18,18932.8
1928-12-19,19160.35
1928-12-20,19231.6
1928-12-21,19437.74
1928-12-24,19631.14
1928-12-26,19570.65
1928-12-27,19700.19
1928-12-28,19964.54
1928-12-31,20277.31
1929-01-02,20580.03
1929-01-03,20603.26
1929-01-04,20599.73
1929-01-07,20158.29
1929-01-08,20114.52
1929-01-09,20358.48
1929-01-10,20416.07
1929-01-11,20410.54
1929-01-14,20409.55
1929-01-15,20212.17
1929-01-16,20398.7
1929-01-17,20546.16
1929-01-18,20557.03
1929-01-21,20634.37
1929-01-22,20758.77
1929-01-23,20871.46
1929-01-24,20700.92
1929-01-25,20947.86
1929-01-28,20967.75
1929-01-29,20913.84
1929-01-30,20987.64
1929-01-31,21275.78
1929-02-01,21398.72
1929-02-04,21314.36
1929-02-05,21365.06
1929-02-06,21193.69
1929-02-07,20568.03
1929-02-08,20374.25
1929-02-11,20822.06
1929-02-13,20846.6
1929-02-14,20718.99
1929-02-15,20387.05
1929-02-18,20334.08
1929-02-19,20378.38
1929-02-20,20553.2
1929-02-21,20706.92
1929-02-25,20768.6
1929-02-26,20847.08
1929-02-27,21071.79
1929-02-28,21288.38
1929-03-01,21506.35
1929-03-04,21263.35
1929-03-05,21121.71
1929-03-06,20793.03
1929-03-07,20953.95
1929-03-08,21078.39
1929-03-11,20808.13
1929-03-12,20863.04
1929-03-13,21070.39
1929-03-14,21399.9
1929-03-15,21631.85
1929-03-18,21603.02
1929-03-19,21610.34
1929-03-20,21617.66
1929-03-21,21527.7
1929-03-22,21283.12
1929-03-25,20418.62
1929-03-26,20184.6
1929-03-27,20849.46
1929-03-28,21192.2
1929-04-01,20716.19
1929-04-02,20965.59
1929-04-03,20742.07
1929-04-04,20993.86
1929-04-05,20839.32
1929-04-08,20671.9
1929-04-09,20494.92
1929-04-10,20598.19
1929-04-11,20811.16
1929-04-12,20945.15
1929-04-15,20825.33
1929-04-16,20838.63
1929-04-17,21054.08
1929-04-18,21137.01
1929-04-19,21133.6
1929-04-22,21355.42
1929-04-23,21452.35
1929-04-24,21403.84
1929-04-25,21278.39
1929-04-26,21264.32
1929-04-29,21273.88
1929-04-30,21627.85
1929-05-01,21655.3
1929-05-02,21689.27
1929-05-03,21855.6
1929-05-06,21816.75
1929-05-07,21672.08
1929-05-08,21697.41
1929-05-09,21581.74
1929-05-10,21840.04
1929-05-13,21309.48
1929-05-14,21502.74
1929-05-15,21437.56
1929-05-16,21456.18
1929-05-17,21569.23
1929-05-20,21113.49
1929-05-21,21127.61
1929-05-22,20461.43
1929-05-23,20779.99
1929-05-24,20685.83
1929-05-27,19956.68
1929-05-28,20183.56
1929-05-29,20207.15
1929-05-31,20325.75
1929-06-03,20718.04
1929-06-04,21012.42
1929-06-05,20951.67
1929-06-06,21012.61
1929-06-07,20922.44
1929-06-10,20743.27
1929-06-11,20830.57
1929-06-12,20841.17
1929-06-13,21103.96
1929-06-14,21173.78
1929-06-17,21503.19
1929-06-18,21544.24
1929-06-19,21408.7
1929-06-20,21505.23
1929-06-21,21653.8
1929-06-24,21684.39
1929-06-25,21855.89
1929-06-26,21982.85
1929-06-27,21996.23
1929-06-28,22207.59
1929-07-01,22489.01
1929-07-02,22741.54
1929-07-03,22819.51
1929-07-05,22929.71
1929-07-08,22981.52
1929-07-09,23009.76
1929-07-10,22943.69
1929-07-11,23004.01
1929-07-12,23218.61
1929-07-15,23210.26
1929-07-16,23324.66
1929-07-17,23390.64
1929-07-18,23365.58
1929-07-19,23445.7
1929-07-22,23226.27
1929-07-23,23468.49
1929-07-24,23356.52
1929-07-25,23478.65
1929-07-26,23387.75
1929-07-29,23020.75
1929-07-30,23228.6
1929-07-31,23482.46
1929-08-01,23676.16
1929-08-02,23899.87
1929-08-05,23882.37
1929-08-06,23773.68
1929-08-07,23534.72
1929-08-08,23750.04
1929-08-09,22896.19
1929-08-12,23609.12
1929-08-13,23777.89
1929-08-14,23814.72
1929-08-15,23887.33
1929-08-16,24320.85
1929-08-19,24510.86
1929-08-20,24588.04
1929-08-21,24500.72
1929-08-22,24712.63
1929-08-23,24948.6
1929-08-26,24998.45
1929-08-27,24982.17
1929-08-28,24978.39
1929-08-29,25191.93
1929-08-30,25470.27
1929-09-03,25565.75
1929-09-04,25434.06
1929-09-05,24952.05
1929-09-06,25469.78
1929-09-09,25408.13
1929-09-10,24974.89
1929-09-11,25275.81
1929-09-12,25026.81
1929-09-13,25093.1
1929-09-16,25414.88
1929-09-17,25258.55
1929-09-18,25373.45
1929-09-19,25379.76
1929-09-20,25162.73
1929-09-23,25079.71
1929-09-24,24699.72
1929-09-25,24663.88
1929-09-26,24901.85
1929-09-27,24302.93
1929-09-30,24185.64
1929-10-01,24025.51
1929-10-02,24209.99
1929-10-03,23325.81
1929-10-04,23047.74
1929-10-07,24371.83
1929-10-08,24373.75
1929-10-09,24329.36
1929-10-10,24674.32
1929-10-11,24639.26
1929-10-14,24518
1929-10-15,24355.66
1929-10-16,23614.73
1929-10-17,23862.19
1929-10-18,23312.85
1929-10-21,22362.37
1929-10-22,22806.91
1929-10-23,21522.4
1929-10-24,20699.79
1929-10-25,21013.98
1929-10-28,18583.36
1929-10-29,16354.82
1929-10-30,18346.49
1929-10-31,19468.91
1929-11-04,18637.95
1929-11-06,16824.83
1929-11-07,17195.29
1929-11-08,17200.78
1929-11-11,16241.3
1929-11-12,15270.37
1929-11-13,14421.63
1929-11-14,15556.88
1929-11-15,16529.48
1929-11-18,16339.7
1929-11-19,16766.47
1929-11-20,17180.92
1929-11-21,17552.35
1929-11-22,17475.45
1929-11-25,17285.3
1929-11-26,16893.25
1929-11-27,17062.5
1929-12-02,17071.86
1929-12-03,17549
1929-12-04,17872.76
1929-12-05,17800.35
1929-12-06,18160.79
1929-12-09,18191.64
1929-12-10,18258.01
1929-12-11,18169.44
1929-12-12,17272.76
1929-12-13,17606.96
1929-12-16,17402.9
1929-12-17,17513.39
1929-12-18,17417.92
1929-12-19,17000.74
1929-12-20,16450.75
1929-12-23,16488.28
1929-12-24,16564.93
1929-12-26,16913.6
1929-12-27,16877.22
1929-12-30,16881.31
1929-12-31,17336.24
1930-01-02,17172.39
1930-01-03,17281.42
1930-01-06,17409.31
1930-01-07,17290.04
1930-01-08,17270.13
1930-01-09,17486.85
1930-01-10,17449.24
1930-01-13,17417.55
1930-01-14,17449.75
1930-01-15,17485.5
1930-01-16,17383.19
1930-01-17,17248.45
1930-01-20,17333.05
1930-01-21,17434.43
1930-01-22,17454.46
1930-01-23,17619.38
1930-01-24,17741.81
1930-01-27,17935.63
1930-01-28,17839.65
1930-01-29,18020.7
1930-01-30,18066.63
1930-01-31,18318.64
1930-02-03,18355.48
1930-02-04,18501.01
1930-02-05,18693.96
1930-02-06,18544.94
1930-02-07,18499.12
1930-02-10,18642.56
1930-02-11,18747.49
1930-02-13,18779.91
1930-02-14,18793.59
1930-02-17,18758.1
1930-02-18,18799.91
1930-02-19,18666.97
1930-02-20,18314.7
1930-02-21,18525.85
1930-02-24,18363.35
1930-02-25,18367.56
1930-02-26,18665.64
1930-02-27,18714.71
1930-02-28,18820.05
1930-03-03,18922.68
1930-03-04,19019.73
1930-03-05,18889.04
1930-03-06,19040.7
1930-03-07,19060.29
1930-03-10,19173.98
1930-03-11,19210.97
1930-03-12,19057.83
1930-03-13,19138.42
1930-03-14,19010.75
1930-03-17,19168.46
1930-03-18,19356.87
1930-03-19,19417.43
1930-03-20,19524.79
1930-03-21,19632.74
1930-03-24,19649.92
1930-03-25,19658.35
1930-03-26,19855.5
1930-03-27,19824.3
1930-03-28,19999.32
1930-03-31,20226.99
1930-04-01,20382.51
1930-04-02,20186.61
1930-04-03,20242.9
1930-04-04,20457.25
1930-04-07,20557.04
1930-04-08,20427.3
1930-04-09,20692.62
1930-04-10,20706.88
1930-04-11,20632.1
1930-04-14,20586.27
1930-04-15,20583.98
1930-04-16,20435.55
1930-04-17,20539.54
1930-04-21,20233.27
1930-04-22,20328.14
1930-04-23,20409.22
1930-04-24,20237.56
1930-04-25,20198.88
1930-04-28,19784.21
1930-04-29,19694.96
1930-04-30,19850.33
1930-05-01,19465.21
1930-05-02,18988.29
1930-05-05,18351.35
1930-05-06,18929.39
1930-05-07,18759.01
1930-05-08,18802.13
1930-05-09,18988.25
1930-05-12,19252.16
1930-05-13,19454.29
1930-05-14,19567.1
1930-05-15,19322.49
1930-05-16,19422.94
1930-05-19,19075.1
1930-05-20,19101.79
1930-05-21,19036.82
1930-05-22,19069.16
1930-05-23,19259.83
1930-05-26,19396.69
1930-05-27,19416.07
1930-05-28,19484
1930-05-29,19581.4
1930-06-02,19550.24
1930-06-03,19392.05
1930-06-04,19450.4
1930-06-05,19178.27
1930-06-06,18898.43
1930-06-09,18009.28
1930-06-10,18403.85
1930-06-11,17816.93
1930-06-12,17729.78
1930-06-13,17855.82
1930-06-16,16599.9
1930-06-17,16570.16
1930-06-18,16005.27
1930-06-19,16690.43
1930-06-20,16400.17
1930-06-23,16183.32
1930-06-24,15764.32
1930-06-25,15786.53
1930-06-26,16135.55
1930-06-27,15996.93
1930-06-30,16454.51
1930-07-01,16342.27
1930-07-02,16485.73
1930-07-03,16332.07
1930-07-07,16052.44
1930-07-08,16113.1
1930-07-09,16330.29
1930-07-10,16682.68
1930-07-11,16533.85
1930-07-14,17113.48
1930-07-15,17191.84
1930-07-16,17311.82
1930-07-17,17415.33
1930-07-18,17540.35
1930-07-21,16955.61
1930-07-22,17204.5
1930-07-23,17446.72
1930-07-24,17275.37
1930-07-25,17361.38
1930-07-28,17581.71
1930-07-29,17447.72
1930-07-30,17047.8
1930-07-31,17139.49
1930-08-01,17061.32
1930-08-04,17363.96
1930-08-05,17343.8
1930-08-06,17106.86
1930-08-07,16982.64
1930-08-08,16343.06
1930-08-11,16453.61
1930-08-12,16082.4
1930-08-13,16222.94
1930-08-14,16288.46
1930-08-15,16639.3
1930-08-18,16579.03
1930-08-19,16710.65
1930-08-20,16798.2
1930-08-21,16696.38
1930-08-22,16717.06
1930-08-25,16674.24
1930-08-26,16868.3
1930-08-27,16960.05
1930-08-28,16942.05
1930-08-29,17176.51
1930-09-02,17186.62
1930-09-03,17024.88
1930-09-04,16929.35
1930-09-05,17152.62
1930-09-08,17377.2
1930-09-09,17449.99
1930-09-10,17517.85
1930-09-11,17349.48
1930-09-12,17279.89
1930-09-15,17049.96
1930-09-16,17080.46
1930-09-17,17124.67
1930-09-18,16936.11
1930-09-19,16664.94
1930-09-22,16288.55
1930-09-23,16434.96
1930-09-24,16194.83
1930-09-25,15872.37
1930-09-26,15635.69
1930-09-29,15223.03
1930-09-30,14989.95
1930-10-01,15557
1930-10-02,15397.21
1930-10-03,15599.36
1930-10-06,15016.1
1930-10-07,14985
1930-10-08,14840.07
1930-10-09,14263.22
1930-10-10,14533.21
1930-10-14,14362.65
1930-10-15,14615.84
1930-10-16,14408.72
1930-10-17,13887.54
1930-10-20,14119.95
1930-10-21,13782.89
1930-10-22,13667.52
1930-10-23,13796.38
1930-10-24,14184.46
1930-10-27,14229.16
1930-10-28,14317.79
1930-10-29,14130.64
1930-10-30,13969.96
1930-10-31,13693.76
1930-11-03,13772.18
1930-11-05,13412.16
1930-11-06,13407.58
1930-11-07,12971.28
1930-11-10,12567.23
1930-11-11,12687.36
1930-11-12,12896.18
1930-11-13,13206.44
1930-11-14,13528.14
1930-11-17,13282.38
1930-11-18,13374.81
1930-11-19,13633.73
1930-11-20,13611.36
1930-11-21,13787.74
1930-11-24,13681.62
1930-11-25,13534.67
1930-11-26,13347.33
1930-11-28,13185.28
1930-12-01,13473.05
1930-12-02,13577.45
1930-12-03,13407.04
1930-12-04,13191.84
1930-12-05,13203.04
1930-12-08,12877.57
1930-12-09,12861.46
1930-12-10,12640.87
1930-12-11,12518.87
1930-12-12,12384.28
1930-12-15,12008.21
1930-12-16,11625.73
1930-12-17,12071.56
1930-12-18,12214.6
1930-12-19,12377.65
1930-12-22,12010.82
1930-12-23,12049.84
1930-12-24,12195.02
1930-12-26,11973.67
1930-12-29,11855.34
1930-12-30,12093.03
1930-12-31,12291.94
1931-01-02,12721.65
1931-01-05,12851.08
1931-01-06,13045.89
1931-01-07,13053.18
1931-01-08,13138.79
1931-01-09,13069.93
1931-01-12,12901.93
1931-01-13,12760.77
1931-01-14,12845.74
1931-01-15,12592.15
1931-01-16,12740.22
1931-01-19,12610.83
1931-01-20,12854.96
1931-01-21,12862.14
1931-01-22,13081.56
1931-01-23,13313.87
1931-01-26,13308.08
1931-01-27,13250.3
1931-01-28,12995.35
1931-01-29,13133.87
1931-01-30,13166.16
1931-02-02,13127.46
1931-02-03,13178.91
1931-02-04,13239.78
1931-02-05,13164.56
1931-02-06,13205.62
1931-02-09,13705.57
1931-02-10,13904.56
1931-02-11,13982.69
1931-02-13,13950.79
1931-02-16,14101.73
1931-02-17,13896.11
1931-02-18,13995.03
1931-02-19,14156.24
1931-02-20,14358.94
1931-02-24,14719.26
1931-02-25,14572.35
1931-02-26,14692.12
1931-02-27,14614.52
1931-03-02,14248.94
1931-03-03,14211.16
1931-03-04,14068.32
1931-03-05,14298.32
1931-03-06,14051.66
1931-03-09,14353.55
1931-03-10,14341.34
1931-03-11,14178.54
1931-03-12,14102.67
1931-03-13,14025.8
1931-03-16,14365.84
1931-03-17,14227.19
1931-03-18,14381.54
1931-03-19,14531.81
1931-03-20,14568.85
1931-03-23,14384.38
1931-03-24,14498.72
1931-03-25,14434.18
1931-03-26,14257.34
1931-03-27,14018.52
1931-03-30,13595.32
1931-03-31,13621.82
1931-04-01,13483.27
1931-04-02,13352.87
1931-04-06,13481.25
1931-04-07,13317.17
1931-04-08,13457.39
1931-04-09,13413.36
1931-04-10,13433.87
1931-04-13,13594.63
1931-04-14,13459.08
1931-04-15,13211.82
1931-04-16,13076.12
1931-04-17,12876.43
1931-04-20,13013.99
1931-04-21,12711.14
1931-04-22,12463.64
1931-04-23,12467.74
1931-04-24,12446.9
1931-04-27,12047.56
1931-04-28,11958.76
1931-04-29,11731.89
1931-04-30,12275.41
1931-05-01,11995.89
1931-05-04,12300.54
1931-05-05,12177.89
1931-05-06,12230.6
1931-05-07,12201.6
1931-05-08,12535.06
1931-05-11,12380.44
1931-05-12,12260.71
1931-05-13,12224.28
1931-05-14,11955.7
1931-05-15,11819.75
1931-05-18,11376.82
1931-05-19,11335.06
1931-05-20,11275.31
1931-05-21,11378.24
1931-05-22,11422.94
1931-05-25,10981.37
1931-05-26,10957.53
1931-05-27,10811.01
1931-05-28,10872.95
1931-05-29,10651.45
1931-06-01,10186.29
1931-06-02,10048.05
1931-06-03,10688.4
1931-06-04,11061.73
1931-06-05,11013.38
1931-06-08,11080.53
1931-06-09,10934.58
1931-06-10,11167.81
1931-06-11,11221.73
1931-06-12,11264.7
1931-06-15,11185.47
1931-06-16,11200.33
1931-06-17,11097.61
1931-06-18,10913.71
1931-06-19,10882.38
1931-06-22,11889.86
1931-06-23,11778.44
1931-06-24,12267.58
1931-06-25,12205.37
1931-06-26,12515.74
1931-06-29,12361.04
1931-06-30,12159.91
1931-07-01,12304.84
1931-07-02,12232.48
1931-07-03,12473.69
1931-07-06,12347.94
1931-07-07,11895
1931-07-08,11786.98
1931-07-09,11889.75
1931-07-10,12014.81
1931-07-13,11706.04
1931-07-14,11623.15
1931-07-15,11375.79
1931-07-16,11606.93
1931-07-17,11727.86
1931-07-20,11872.64
1931-07-21,11993.97
1931-07-22,11748.32
1931-07-23,11729.74
1931-07-24,11532.9
1931-07-27,11550.41
1931-07-28,11656.89
1931-07-29,11341.21
1931-07-30,11399.26
1931-07-31,11357.3
1931-08-03,11486.21
1931-08-04,11409.35
1931-08-05,11246.3
1931-08-06,11185.67
1931-08-07,11211.49
1931-08-10,11175.79
1931-08-11,11516.75
1931-08-12,11380.95
1931-08-13,11536.97
1931-08-14,11745.89
1931-08-17,11594.31
1931-08-18,11629.2
1931-08-19,11659.54
1931-08-20,11681.79
1931-08-21,11391.02
1931-08-24,11321.81
1931-08-25,11285.68
1931-08-26,11455.07
1931-08-27,11396.75
1931-08-28,11484.6
1931-08-31,11402.26
1931-09-01,11441.13
1931-09-02,11246.73
1931-09-03,11007.28
1931-09-04,10944.63
1931-09-08,10624.05
1931-09-09,10539.15
1931-09-10,10427.53
1931-09-11,10480.8
1931-09-14,9998.2
1931-09-15,9869.31
1931-09-16,9773.66
1931-09-17,9906.67
1931-09-18,9463.93
1931-09-21,8999.75
1931-09-22,8913.43
1931-09-23,9491.99
1931-09-24,8846.62
1931-09-25,8988.24
1931-09-28,8697.58
1931-09-29,8342.79
1931-09-30,8083.41
1931-10-01,7939.84
1931-10-02,8051.3
1931-10-05,7364.89
1931-10-06,8187.1
1931-10-07,8115.37
1931-10-08,8757.61
1931-10-09,8754.45
1931-10-13,8394.87
1931-10-14,8211.35
1931-10-15,8365.22
1931-10-16,8619.01
1931-10-19,8689.55
1931-10-20,9059.19
1931-10-21,8978.92
1931-10-22,8688.35
1931-10-23,8958.03
1931-10-26,8792.19
1931-10-27,8626.36
1931-10-28,8393.78
1931-10-29,8412.57
1931-10-30,8642.56
1931-11-02,8721.95
1931-11-04,8950.19
1931-11-05,8927.54
1931-11-06,9172.77
1931-11-09,9521.82
1931-11-10,9341.56
1931-11-11,9220.76
1931-11-12,9197.42
1931-11-13,8922.13
1931-11-16,8708.74
1931-11-17,8813.85
1931-11-18,8547.4
1931-11-19,8506.96
1931-11-20,8254.88
1931-11-23,8133.45
1931-11-24,8260.08
1931-11-25,7998.8
1931-11-27,7800.18
1931-11-30,7958.55
1931-12-01,7886.52
1931-12-02,7641.63
1931-12-03,7755.1
1931-12-04,7602.71
1931-12-07,7821.22
1931-12-08,7586.97
1931-12-09,7390.84
1931-12-10,7238.95
1931-12-11,7039.5
1931-12-14,6799.87
1931-12-15,6866.16
1931-12-16,6721.62
1931-12-17,6509.54
1931-12-18,7028.67
1931-12-21,6896.54
1931-12-22,6992.74
1931-12-23,6749.73
1931-12-24,6751.41
1931-12-28,6571.48
1931-12-29,6709.14
1931-12-30,6820.17
1931-12-31,6888.02
1932-01-04,6451.4
1932-01-05,6428.1
1932-01-06,6842.64
1932-01-07,6979.42
1932-01-08,7245.25
1932-01-11,7213.42
1932-01-12,7149.14
1932-01-13,7472.92
1932-01-14,7555.78
1932-01-15,7549.65
1932-01-18,7255.6
1932-01-19,7230.12
1932-01-20,7350.78
1932-01-21,7347.03
1932-01-22,7072.17
1932-01-25,7044.92
1932-01-26,7109.66
1932-01-27,6991.56
1932-01-28,6905.48
1932-01-29,6821.85
1932-02-01,7054.97
1932-02-02,6933.61
1932-02-03,6934.99
1932-02-04,6885.05
1932-02-05,6701.9
1932-02-08,6584.46
1932-02-09,6504.78
1932-02-10,6485.91
1932-02-11,6965.21
1932-02-15,7329.54
1932-02-16,7611.72
1932-02-17,7348.35
1932-02-18,7517.35
1932-02-19,7530.12
1932-02-23,7130.25
1932-02-24,7276.41
1932-02-25,7227.65
1932-02-26,7225.48
1932-02-29,7187.22
1932-03-01,7215.68
1932-03-02,7498.96
1932-03-03,7486.65
1932-03-04,7496.07
1932-03-07,7586.82
1932-03-08,7707.14
1932-03-09,7595.84
1932-03-10,7535.52
1932-03-11,7368.67
1932-03-14,7187.35
1932-03-15,7164.77
1932-03-16,7021.9
1932-03-17,7150.81
1932-03-18,6976.04
1932-03-21,7016.71
1932-03-22,6972.21
1932-03-23,6870.83
1932-03-24,6808.02
1932-03-28,6574.03
1932-03-29,6596.77
1932-03-30,6706.66
1932-03-31,6387.82
1932-04-01,6296.72
1932-04-04,6177.52
1932-04-05,5949.81
1932-04-06,5809.03
1932-04-07,5762.78
1932-04-08,5535.95
1932-04-11,5453.38
1932-04-12,5433.96
1932-04-13,5366.79
1932-04-14,5539.81
1932-04-15,5697.35
1932-04-18,5477.92
1932-04-19,5409.66
1932-04-20,5395.26
1932-04-21,5555.17
1932-04-22,5345.95
1932-04-25,5400.43
1932-04-26,5473
1932-04-27,5590.89
1932-04-28,5400.45
1932-04-29,5240.81
1932-05-02,5175.56
1932-05-03,5112.52
1932-05-04,5150.96
1932-05-05,5114.48
1932-05-06,5429.63
1932-05-09,5315.88
1932-05-10,5368.07
1932-05-11,5360.12
1932-05-12,5204.24
1932-05-13,5045.61
1932-05-16,5059.32
1932-05-17,5059.92
1932-05-18,4963.88
1932-05-19,4970.43
1932-05-20,4970.52
1932-05-23,4937.38
1932-05-24,4767.13
1932-05-25,4625.16
1932-05-26,4658.55
1932-05-27,4463.44
1932-05-31,4167.52
1932-06-01,4118.38
1932-06-02,4291.8
1932-06-03,4469.52
1932-06-06,4654.32
1932-06-07,4484.95
1932-06-08,4270.61
1932-06-09,4257.83
1932-06-10,4526.97
1932-06-13,4462.52
1932-06-14,4550.03
1932-06-15,4697.95
1932-06-16,4714.9
1932-06-17,4493.34
1932-06-20,4527.18
1932-06-21,4433.06
1932-06-22,4421.13
1932-06-23,4463.17
1932-06-24,4304.77
1932-06-27,4169.14
1932-06-28,4173.76
1932-06-29,4202.18
1932-06-30,4144.23
1932-07-01,4254.09
1932-07-05,4212.01
1932-07-06,4290.39
1932-07-07,4164.72
1932-07-08,4113.11
1932-07-11,4258.97
1932-07-12,4270.51
1932-07-13,4447.34
1932-07-14,4366
1932-07-15,4551.15
1932-07-18,4439.11
1932-07-19,4420.51
1932-07-20,4553.6
1932-07-21,4666.12
1932-07-22,4798.68
1932-07-25,5020.43
1932-07-26,4971.78
1932-07-27,5187.6
1932-07-28,5361.43
1932-07-29,5507.31
1932-08-01,5528.74
1932-08-02,5388.92
1932-08-03,5814.15
1932-08-04,5912.46
1932-08-05,6131.27
1932-08-08,6684.66
1932-08-09,6689.4
1932-08-10,6964.4
1932-08-11,6868.35
1932-08-12,6435.02
1932-08-15,6749.57
1932-08-16,6981.14
1932-08-17,6840.19
1932-08-18,6908.65
1932-08-19,6843.08
1932-08-22,7256.19
1932-08-23,7409.36
1932-08-24,7575.39
1932-08-25,7542.13
1932-08-26,7640.24
1932-08-29,7807.35
1932-08-30,7702.8
1932-08-31,7632.77
1932-09-01,7662.61
1932-09-02,8012.09
1932-09-06,8026.82
1932-09-07,8343.15
1932-09-08,8104.61
1932-09-09,7930.43
1932-09-12,7428.22
1932-09-13,7124.47
1932-09-14,6758.34
1932-09-15,7030.08
1932-09-16,6981.64
1932-09-19,6810.99
1932-09-20,7008.57
1932-09-21,7776.77
1932-09-22,7580.87
1932-09-23,7682.52
1932-09-26,7401.05
1932-09-27,7453.66
1932-09-28,7629.64
1932-09-29,7426.76
1932-09-30,7412.71
1932-10-03,7363.97
1932-10-04,7372.13
1932-10-05,6831.82
1932-10-06,6835.3
1932-10-07,6490.86
1932-10-10,5951.77
1932-10-11,6360.71
1932-10-13,6202.38
1932-10-14,6603.11
1932-10-17,6486.4
1932-10-18,6588.29
1932-10-19,6823.55
1932-10-20,6703.52
1932-10-21,6336.89
1932-10-24,6355.99
1932-10-25,6301.38
1932-10-26,6388.4
1932-10-27,6451.06
1932-10-28,6554.98
1932-10-31,6433.72
1932-11-01,6200.23
1932-11-02,6004.98
1932-11-03,5967.2
1932-11-04,6290.67
1932-11-07,6589.05
1932-11-09,6342.02
1932-11-10,6752.41
1932-11-11,6999.6
1932-11-14,6805.77
1932-11-15,6794.26
1932-11-16,6597.28
1932-11-17,6548.52
1932-11-18,6542.03
1932-11-21,6599.87
1932-11-22,6580.13
1932-11-23,6311.72
1932-11-25,6236.03
1932-11-28,6242.27
1932-11-29,6219.23
1932-11-30,6052.61
1932-12-01,6195.45
1932-12-02,6000.9
1932-12-05,6038.55
1932-12-06,6303.63
1932-12-07,6335.14
1932-12-08,6331.97
1932-12-09,6473.16
1932-12-12,6471.03
1932-12-13,6388.19
1932-12-14,6498.06
1932-12-15,6461.01
1932-12-16,6419.01
1932-12-19,6395.26
1932-12-20,6267.99
1932-12-21,6242.91
1932-12-22,6033.14
1932-12-23,6021.67
1932-12-27,6059.1
1932-12-28,6062.72
1932-12-29,6154.87
1932-12-30,6322.28
1933-01-03,6274.24
1933-01-04,6545.9
1933-01-05,6527.57
1933-01-06,6620.25
1933-01-09,6550.73
1933-01-10,6719.08
1933-01-11,6704.96
1933-01-12,6638.57
1933-01-13,6627.94
1933-01-16,6464.57
1933-01-17,6474.26
1933-01-18,6366.13
1933-01-19,6400.5
1933-01-20,6477.94
1933-01-23,6450.47
1933-01-24,6422.72
1933-01-25,6514.56
1933-01-26,6481.33
1933-01-27,6468.36
1933-01-30,6412.11
1933-01-31,6398.63
1933-02-01,6212.36
1933-02-02,6104.82
1933-02-03,6101.09
1933-02-06,6043.58
1933-02-07,6100.33
1933-02-08,6166.14
1933-02-09,6291.86
1933-02-10,6226.98
1933-02-14,5954.99
1933-02-15,5948.97
1933-02-16,5828.14
1933-02-17,5914.91
1933-02-20,5736.67
1933-02-21,5701.04
1933-02-23,5472.36
1933-02-24,5635.38
1933-02-27,5297.84
1933-02-28,5412.21
1933-03-01,5497.83
1933-03-02,5398.97
1933-03-03,5564.82
1933-03-15,6441.94
1933-03-16,6536.76
1933-03-17,6309.4
1933-03-20,6207.03
1933-03-21,5933.41
1933-03-22,5861.73
1933-03-23,5961.49
1933-03-24,5938.95
1933-03-27,5786.04
1933-03-28,5879.88
1933-03-29,5771.22
1933-03-30,5743.62
1933-03-31,5586.93
1933-04-03,5610.25
1933-04-04,5628.98
1933-04-05,5685.49
1933-04-06,5790.33
1933-04-07,5846.72
1933-04-10,6212.9
1933-04-11,6167.17
1933-04-12,6075.52
1933-04-13,6290.83
1933-04-17,6149.46
1933-04-18,6266.54
1933-04-19,6705.44
1933-04-20,7256.89
1933-04-21,6998.1
1933-04-24,7427.47
1933-04-25,7261.39
1933-04-26,7295.8
1933-04-27,7238.44
1933-04-28,7329.93
1933-05-01,7876.75
1933-05-02,7880.05
1933-05-03,7863.65
1933-05-04,8105.99
1933-05-05,8192.88
1933-05-08,7848.34
1933-05-09,7896.37
1933-05-10,8277.91
1933-05-11,8540.47
1933-05-12,8559.42
1933-05-15,8321.63
1933-05-16,8483.22
1933-05-17,8603
1933-05-18,8570.47
1933-05-19,8526.06
1933-05-22,8364.68
1933-05-23,8663.46
1933-05-24,8842.96
1933-05-25,8795.37
1933-05-26,9049.72
1933-05-29,9536.13
1933-05-31,9441.9
1933-06-01,9568.5
1933-06-02,9938.89
1933-06-05,9882.47
1933-06-06,9852.91
1933-06-07,10013.6
1933-06-08,10054.75
1933-06-09,10159.4
1933-06-12,10594.04
1933-06-13,10331.4
1933-06-14,10177.55
1933-06-15,9536.46
1933-06-16,9555.61
1933-06-19,10419.68
1933-06-20,10278.06
1933-06-21,10365.52
1933-06-22,9998.67
1933-06-23,10292.72
1933-06-26,10612.21
1933-06-27,10719.48
1933-06-28,10597.38
1933-06-29,10496.79
1933-06-30,10665.88
1933-07-03,11309.82
1933-07-05,11254.5
1933-07-06,11541.59
1933-07-07,11599.4
1933-07-10,11491.89
1933-07-11,11379.37
1933-07-12,11513.75
1933-07-13,11672.74
1933-07-14,11530.43
1933-07-17,11826.01
1933-07-18,11871.06
1933-07-19,11301.35
1933-07-20,10341.96
1933-07-21,9389.56
1933-07-24,10168.14
1933-07-25,10031.98
1933-07-26,10258.79
1933-07-27,10340.95
1933-07-28,10129.05
1933-07-31,9653.08
1933-08-01,9932.14
1933-08-02,10165.63
1933-08-03,10078.29
1933-08-04,9867.75
1933-08-07,9810.6
1933-08-08,10098.14
1933-08-09,10500.13
1933-08-10,10375.27
1933-08-11,10350.46
1933-08-14,10225.31
1933-08-15,10229.5
1933-08-16,9968.73
1933-08-17,10503.14
1933-08-18,10348.84
1933-08-21,10540.39
1933-08-22,10688.04
1933-08-23,10578.05
1933-08-24,10644.79
1933-08-25,11011.06
1933-08-28,10993.54
1933-08-29,10907.89
1933-08-30,10815.27
1933-08-31,10813.2
1933-09-01,10952.78
1933-09-05,10610.06
1933-09-06,10594.24
1933-09-07,10478.85
1933-09-08,10475.8
1933-09-11,10888.5
1933-09-12,10845.04
1933-09-13,10890.68
1933-09-14,10934.34
1933-09-15,10641.4
1933-09-18,10804.23
1933-09-19,10820.53
1933-09-20,10521.98
1933-09-21,9877.08
1933-09-22,10071.74
1933-09-25,10020.6
1933-09-26,9933.51
1933-09-27,9520.36
1933-09-28,9641.35
1933-09-29,9593.23
1933-10-02,9493.2
1933-10-03,9528.31
1933-10-04,10071.41
1933-10-05,9980.76
1933-10-06,9878.94
1933-10-09,10109.21
1933-10-10,10024.28
1933-10-11,10016.25
1933-10-13,9677.69
1933-10-16,9092.53
1933-10-17,9329.83
1933-10-18,8928.64
1933-10-19,8519.7
1933-10-20,8732.68
1933-10-23,8892.32
1933-10-24,9220.43
1933-10-25,9473.99
1933-10-26,9283.55
1933-10-27,9400.51
1933-10-30,8945.18
1933-10-31,8859.29
1933-11-01,8963.03
1933-11-02,9102.93
1933-11-03,9387.93
1933-11-06,9297.17
1933-11-08,9625.44
1933-11-09,9697.72
1933-11-10,9567.85
1933-11-13,9653.03
1933-11-14,9577.82
1933-11-15,9495.53
1933-11-16,9914.37
1933-11-17,9820.27
1933-11-20,10086.8
1933-11-21,9980.97
1933-11-22,9921.17
1933-11-23,9758.55
1933-11-24,9871.84
1933-11-27,9580.9
1933-11-28,9573.32
1933-11-29,9744.77
1933-12-01,9783.83
1933-12-04,9765.42
1933-12-05,10043.83
1933-12-06,9988.67
1933-12-07,10062.68
1933-12-08,9968.18
1933-12-11,10190.25
1933-12-12,10147.54
1933-12-13,10047.17
1933-12-14,10076.39
1933-12-15,9937.43
1933-12-18,9638.75
1933-12-19,9611.84
1933-12-20,9441.8
1933-12-21,9437.16
1933-12-22,9693.94
1933-12-26,9438.97
1933-12-27,9509.85
1933-12-28,9838.97
1933-12-29,9809.54
1934-01-02,9936.52
1934-01-03,9816.47
1934-01-04,9784.26
1934-01-05,9673.89
1934-01-08,9641.38
1934-01-09,9752.44
1934-01-10,10011.06
1934-01-11,10067.31
1934-01-12,9994.01
1934-01-15,10534.64
1934-01-16,10589.62
1934-01-17,10585.59
1934-01-18,10572.02
1934-01-19,10855.55
1934-01-22,10846.14
1934-01-23,10996.02
1934-01-24,11068.8
1934-01-25,11043.55
1934-01-26,10997.37
1934-01-29,11172.31
1934-01-30,11326.7
1934-01-31,11185.33
1934-02-01,11447.16
1934-02-02,11435.82
1934-02-05,11787.39
1934-02-06,11776.88
1934-02-07,11433.1
1934-02-08,11498.37
1934-02-09,11201.81
1934-02-13,11218.38
1934-02-14,11312.72
1934-02-15,11534.54
1934-02-16,11571.56
1934-02-19,11424.25
1934-02-20,11471.19
1934-02-21,11511.44
1934-02-23,11218
1934-02-26,10828.93
1934-02-27,10914.58
1934-02-28,10910.31
1934-03-01,10883.13
1934-03-02,11214.07
1934-03-05,11157.14
1934-03-06,11051.24
1934-03-07,10776.16
1934-03-08,10945.44
1934-03-09,10913.8
1934-03-12,11110.64
1934-03-13,11129.63
1934-03-14,11130.84
1934-03-15,10969.54
1934-03-16,11001.45
1934-03-19,10648.64
1934-03-20,10807.4
1934-03-21,10631.33
1934-03-22,10805.78
1934-03-23,10739.96
1934-03-26,10899.13
1934-03-27,10597.32
1934-03-28,10624.97
1934-03-29,10788.69
1934-04-02,10955.3
1934-04-03,11053.88
1934-04-04,11101.4
1934-04-05,11121.37
1934-04-06,11153.61
1934-04-09,11100.11
1934-04-10,11245.5
1934-04-11,11252.24
1934-04-12,11225.22
1934-04-13,11196.02
1934-04-16,11008.11
1934-04-17,11117.07
1934-04-18,11280.48
1934-04-19,11290.62
1934-04-20,11436.26
1934-04-23,11351.77
1934-04-24,11270.02
1934-04-25,11217.04
1934-04-26,11065.6
1934-04-27,11081.07
1934-04-30,10730.84
1934-05-01,10710.44
1934-05-02,10498.36
1934-05-03,10519.35
1934-05-04,10548.79
1934-05-07,10020.83
1934-05-08,10235.26
1934-05-09,10102.19
1934-05-10,9881.95
1934-05-11,9785.1
1934-05-14,9666.34
1934-05-15,9861.59
1934-05-16,9826.08
1934-05-17,10227.95
1934-05-18,10129.75
1934-05-21,10143.89
1934-05-22,9963.32
1934-05-23,9851.71
1934-05-24,9891.11
1934-05-25,9992.98
1934-05-28,10131.34
1934-05-29,10087.77
1934-05-31,9946.53
1934-06-01,9737.64
1934-06-04,9844.26
1934-06-05,10054.92
1934-06-06,10086.08
1934-06-07,10065.89
1934-06-08,10490.66
1934-06-11,10425.97
1934-06-12,10554.19
1934-06-13,10562.63
1934-06-14,10392.55
1934-06-15,10570.25
1934-06-18,10718.2
1934-06-19,10549.91
1934-06-20,10446.51
1934-06-21,10362.92
1934-06-22,10153.58
1934-06-25,10135.69
1934-06-26,10321.16
1934-06-27,10314.95
1934-06-28,10368.58
1934-06-29,10202.67
1934-07-02,10086.26
1934-07-03,10074.14
1934-07-05,10230.28
1934-07-06,10308.02
1934-07-09,10288.43
1934-07-10,10373.81
1934-07-11,10418.41
1934-07-12,10340.26
1934-07-13,10341.28
1934-07-16,10145.52
1934-07-17,10103.91
1934-07-18,10244.35
1934-07-19,10143.94
1934-07-20,9881.2
1934-07-23,9504.21
1934-07-24,9402.5
1934-07-25,9461.73
1934-07-26,8787.1
1934-07-27,8988.31
1934-07-30,9074.77
1934-07-31,9091.1
1934-08-01,9365.64
1934-08-02,9408.71
1934-08-03,9318.37
1934-08-06,9105.75
1934-08-07,9077.52
1934-08-08,9236.36
1934-08-09,9513.44
1934-08-10,9356.46
1934-08-13,9579.95
1934-08-14,9500.43
1934-08-15,9487.12
1934-08-16,9557.31
1934-08-17,9486.57
1934-08-20,9422.16
1934-08-21,9630.38
1934-08-22,9847.05
1934-08-23,9798.79
1934-08-24,9946.74
1934-08-27,9829.01
1934-08-28,9783.79
1934-08-29,9725.07
1934-08-30,9606.42
1934-08-31,9603.52
1934-09-04,9543
1934-09-05,9677.54
1934-09-06,9542.05
1934-09-07,9434.21
1934-09-10,9212.86
1934-09-11,9208.24
1934-09-12,9246.91
1934-09-13,9222.86
1934-09-14,8981.21
1934-09-17,8960.32
1934-09-18,9022.14
1934-09-19,9253.99
1934-09-20,9254.91
1934-09-21,9432.59
1934-09-24,9383.36
1934-09-25,9615.12
1934-09-26,9584.34
1934-09-27,9674.42
1934-09-28,9577.66
1934-10-01,9337.15
1934-10-02,9382.9
1934-10-03,9365.06
1934-10-04,9342.57
1934-10-05,9517.26
1934-10-08,9441.23
1934-10-09,9361.92
1934-10-10,9576.29
1934-10-11,9725.67
1934-10-15,9560.04
1934-10-16,9628.86
1934-10-17,9650.03
1934-10-18,9630.72
1934-10-19,9578.7
1934-10-22,9581.52
1934-10-23,9543.18
1934-10-24,9693.95
1934-10-25,9521.39
1934-10-26,9381.41
1934-10-29,9344.78
1934-10-30,9384.02
1934-10-31,9421.54
1934-11-01,9385.73
1934-11-02,9494.59
1934-11-05,9647.1
1934-11-07,9793.73
1934-11-08,9755.52
1934-11-09,9921.35
1934-11-13,9907.29
1934-11-14,9901.33
1934-11-15,9947.86
1934-11-16,9864.28
1934-11-19,9835.58
1934-11-20,9842.45
1934-11-21,9833.58
1934-11-22,9868.97
1934-11-23,9999.23
1934-11-26,10194.14
1934-11-27,10126.85
1934-11-28,10216.96
1934-11-30,10209.8
1934-12-03,10112.86
1934-12-04,10199.82
1934-12-05,10292.62
1934-12-06,10290.55
1934-12-07,10214.39
1934-12-10,10150.08
1934-12-11,9970.41
1934-12-12,9972.4
1934-12-13,9932.49
1934-12-14,9916.59
1934-12-17,9960.26
1934-12-18,9958.25
1934-12-19,9819.82
1934-12-20,9802.13
1934-12-21,9810.94
1934-12-24,9879.59
1934-12-26,9820.3
1934-12-27,9810.47
1934-12-28,10141.07
1934-12-31,10252.91
1935-01-02,10279.65
1935-01-03,10339.37
1935-01-04,10288.79
1935-01-07,10391.07
1935-01-08,10296.6
1935-01-09,10271.98
1935-01-10,10261.8
1935-01-11,10046.39
1935-01-14,9985.01
1935-01-15,9763.43
1935-01-16,9898.26
1935-01-17,9948.82
1935-01-18,10003.63
1935-01-21,10081.97
1935-01-22,10014.51
1935-01-23,10019.61
1935-01-24,9975.61
1935-01-25,10015.6
1935-01-28,9854.88
1935-01-29,9779.08
1935-01-30,9825.13
1935-01-31,9901.85
1935-02-01,9870.25
1935-02-04,9814.94
1935-02-05,9720.81
1935-02-06,9615.91
1935-02-07,9706.38
1935-02-08,9865.65
1935-02-11,9865.67
1935-02-13,9877.6
1935-02-14,9881.64
1935-02-15,9945.95
1935-02-18,10216.15
1935-02-19,10082.41
1935-02-20,9953.45
1935-02-21,9951.54
1935-02-25,9786.77
1935-02-26,9694.86
1935-02-27,9722.09
1935-02-28,9709.54
1935-03-01,9757.11
1935-03-04,9722.84
1935-03-05,9477.81
1935-03-06,9416.19
1935-03-07,9516.93
1935-03-08,9503.6
1935-03-11,9289.77
1935-03-12,9124.4
1935-03-13,9131.69
1935-03-14,9023.93
1935-03-15,9177.32
1935-03-18,9068.25
1935-03-19,9190.66
1935-03-20,9186.98
1935-03-21,9343.15
1935-03-22,9449.65
1935-03-25,9344.07
1935-03-26,9266.5
1935-03-27,9337.85
1935-03-28,9327.56
1935-03-29,9334.08
1935-04-01,9412.69
1935-04-02,9378.89
1935-04-03,9336.77
1935-04-04,9443.29
1935-04-05,9637.9
1935-04-08,9665.91
1935-04-09,9828.39
1935-04-10,9810.78
1935-04-11,9750.04
1935-04-12,9844.7
1935-04-15,10012.9
1935-04-16,10034.02
1935-04-17,9916.71
1935-04-18,10043.73
1935-04-22,10294
1935-04-23,10318.8
1935-04-24,10241.5
1935-04-25,10367.56
1935-04-26,10331.36
1935-04-29,10300.26
1935-04-30,10202.5
1935-05-01,10164.84
1935-05-02,10200.51
1935-05-03,10335.24
1935-05-06,10344.26
1935-05-07,10294.69
1935-05-08,10550.09
1935-05-09,10643.03
1935-05-10,10696.34
1935-05-13,10740.4
1935-05-14,10740.49
1935-05-15,10793.22
1935-05-16,10991.91
1935-05-17,10955.73
1935-05-20,10848.49
1935-05-21,10934.29
1935-05-22,10995.61
1935-05-23,11030.9
1935-05-24,11000.11
1935-05-27,11020.93
1935-05-28,10787.39
1935-05-29,10644.01
1935-05-31,10551.5
1935-06-03,10617.89
1935-06-04,10856.78
1935-06-05,10894.77
1935-06-06,10831.57
1935-06-07,10883.55
1935-06-10,11015.6
1935-06-11,11145.57
1935-06-12,11070.88
1935-06-13,11122.9
1935-06-14,11231.89
1935-06-17,11249.73
1935-06-18,11282.34
1935-06-19,11215.76
1935-06-20,11131.63
1935-06-21,11347.57
1935-06-24,11410.55
1935-06-25,11261.06
1935-06-26,11139.43
1935-06-27,11107.11
1935-06-28,11194.84
1935-07-01,11227.33
1935-07-02,11234.16
1935-07-03,11288.18
1935-07-05,11402.29
1935-07-08,11539.55
1935-07-09,11517.72
1935-07-10,11584.63
1935-07-11,11468.88
1935-07-12,11548.12
1935-07-15,11525.25
1935-07-16,11536.87
1935-07-17,11622.35
1935-07-18,11630.59
1935-07-19,11535.32
1935-07-22,11719.31
1935-07-23,11721.76
1935-07-24,11776.95
1935-07-25,11681.66
1935-07-26,11746.02
1935-07-29,11982.33
1935-07-30,11914.13
1935-07-31,12026.23
1935-08-01,11991.34
1935-08-02,11919.38
1935-08-05,12147.98
1935-08-06,12127.32
1935-08-07,12094.56
1935-08-08,12134.46
1935-08-09,12352.86
1935-08-12,12480.3
1935-08-13,12555.16
1935-08-14,12581.51
1935-08-15,12499.72
1935-08-16,12599.7
1935-08-19,12412.29
1935-08-20,12409.8
1935-08-21,12504.1
1935-08-22,12564.1
1935-08-23,12562.83
1935-08-26,12469.99
1935-08-27,12170.7
1935-08-28,12143.91
1935-08-29,12200.97
1935-08-30,12236.34
1935-09-03,12240.61
1935-09-04,12377.82
1935-09-05,12509.13
1935-09-06,12644.34
1935-09-09,12757.28
1935-09-10,12831.38
1935-09-11,12887.95
1935-09-12,12779.81
1935-09-13,12790.14
1935-09-16,12716.29
1935-09-17,12752
1935-09-18,12843.93
1935-09-19,12633.4
1935-09-20,12330.31
1935-09-23,12450.35
1935-09-24,12578.69
1935-09-25,12627.86
1935-09-26,12634.29
1935-09-27,12623.03
1935-09-30,12661.16
1935-10-01,12544.66
1935-10-02,12162.04
1935-10-03,12306.75
1935-10-04,12400.27
1935-10-07,12565.72
1935-10-08,12504.14
1935-10-09,12540.38
1935-10-10,12773.62
1935-10-11,12808.09
1935-10-14,12943.84
1935-10-15,13034.43
1935-10-16,13001.83
1935-10-17,12956.31
1935-10-18,12923.9
1935-10-21,13260.77
1935-10-22,13280.65
1935-10-23,13380.24
1935-10-24,13405.64
1935-10-25,13526.28
1935-10-28,13559.65
1935-10-29,13539.29
1935-10-30,13445.86
1935-10-31,13550.72
1935-11-01,13689.06
1935-11-04,13730.39
1935-11-06,13952.94
1935-11-07,13911.21
1935-11-08,13994.8
1935-11-12,13857.89
1935-11-13,14024.31
1935-11-14,14244.62
1935-11-15,14308.84
1935-11-18,14344.54
1935-11-19,14525.41
1935-11-20,14393.36
1935-11-21,14547.49
1935-11-22,14301.77
1935-11-25,14415.94
1935-11-26,14212.8
1935-11-27,14339.42
1935-11-29,14206.19
1935-12-02,14031.7
1935-12-03,14332.1
1935-12-04,14471.25
1935-12-05,14478.61
1935-12-06,14471.5
1935-12-09,14635.65
1935-12-10,14460.15
1935-12-11,14509.45
1935-12-12,14374.64
1935-12-13,14238.2
1935-12-16,14154.12
1935-12-17,14261.82
1935-12-18,14251.96
1935-12-19,14173.7
1935-12-20,14241.86
1935-12-23,14359.11
1935-12-24,14449.7
1935-12-26,14504.73
1935-12-27,14491.8
1935-12-30,14683.36
1935-12-31,14861.16
1936-01-02,14908.84
1936-01-03,15041.66
1936-01-06,14911.33
1936-01-07,15115.75
1936-01-08,15233.78
1936-01-09,15179.07
1936-01-10,15314.3
1936-01-13,15325.22
1936-01-14,15403.51
1936-01-15,15318.93
1936-01-16,15374.21
1936-01-17,15355.9
1936-01-20,15148.04
1936-01-21,15076.98
1936-01-22,15378.65
1936-01-23,15524.89
1936-01-24,15500.18
1936-01-27,15635.61
1936-01-28,15648.26
1936-01-29,15765.76
1936-01-30,15688.65
1936-01-31,15891.17
1936-02-03,16013.56
1936-02-04,16074.55
1936-02-05,16042.54
1936-02-06,16103.65
1936-02-07,16082.85
1936-02-10,16199.06
1936-02-11,16346.61
1936-02-13,16423.59
1936-02-14,16389.24
1936-02-17,16264.26
1936-02-18,16417.28
1936-02-19,16359.97
1936-02-20,16551.52
1936-02-21,16536.77
1936-02-24,16411.24
1936-02-25,16111.06
1936-02-26,16048.37
1936-02-27,16399.97
1936-02-28,16354.19
1936-03-02,16440.59
1936-03-03,16654.46
1936-03-04,16677.93
1936-03-05,16734.78
1936-03-06,16795.17
1936-03-09,16249.14
1936-03-10,16410.15
1936-03-11,16594.09
1936-03-12,16189.34
1936-03-13,15883.5
1936-03-16,16230.55
1936-03-17,16511.49
1936-03-18,16457.14
1936-03-19,16592.24
1936-03-20,16550.9
1936-03-23,16582.11
1936-03-24,16501
1936-03-25,16618.31
1936-03-26,16570.26
1936-03-27,16348.36
1936-03-30,16350.29
1936-03-31,16446.91
1936-04-01,16680.6
1936-04-02,16827.53
1936-04-03,16783.93
1936-04-06,16982.84
1936-04-07,16911.66
1936-04-08,16905.04
1936-04-09,16842.64
1936-04-13,16859.71
1936-04-14,16566.5
1936-04-15,16702.49
1936-04-16,16635.83
1936-04-17,16542.82
1936-04-20,16046.58
1936-04-21,16011.42
1936-04-22,16227.71
1936-04-23,15789.71
1936-04-24,15799.32
1936-04-27,15309.44
1936-04-28,15277.42
1936-04-29,14910.9
1936-04-30,15115.31
1936-05-01,15227.3
1936-05-04,15201.53
1936-05-05,15387.12
1936-05-06,15565.75
1936-05-07,15293.48
1936-05-08,15282.91
1936-05-11,15257.96
1936-05-12,15251.99
1936-05-13,15383.3
1936-05-14,15752.63
1936-05-15,15765.37
1936-05-18,15699.47
1936-05-19,15357.36
1936-05-20,15461.92
1936-05-21,15429.59
1936-05-22,15554.7
1936-05-25,15693.58
1936-05-26,15891.45
1936-05-27,15893.18
1936-05-28,15807.5
1936-05-29,15908.81
1936-06-01,15902.58
1936-06-02,15872.51
1936-06-03,15840.9
1936-06-04,15649.37
1936-06-05,15632.29
1936-06-08,15845.83
1936-06-09,15990.16
1936-06-10,16062.26
1936-06-11,16245.51
1936-06-12,16099.45
1936-06-15,16204.46
1936-06-16,16363.41
1936-06-17,16334.1
1936-06-18,16376.71
1936-06-19,16278.59
1936-06-22,16489.43
1936-06-23,16431.86
1936-06-24,16560.18
1936-06-25,16417.91
1936-06-26,16350.74
1936-06-29,16313.38
1936-06-30,16295.58
1936-07-01,16338.09
1936-07-02,16313.72
1936-07-03,16426.43
1936-07-06,16346.09
1936-07-07,16213.83
1936-07-08,16311.25
1936-07-09,16502.24
1936-07-10,16787.87
1936-07-13,16922.73
1936-07-14,17100.57
1936-07-15,17095.59
1936-07-16,17109.42
1936-07-17,17162.61
1936-07-20,17317.73
1936-07-21,17404.47
1936-07-22,17329.79
1936-07-23,17387.13
1936-07-24,17350.77
1936-07-27,17593.1
1936-07-28,17577.42
1936-07-29,17454.53
1936-07-30,17526.25
1936-07-31,17393.21
1936-08-03,17438.77
1936-08-04,17437.18
1936-08-05,17357.12
1936-08-06,17419.76
1936-08-07,17623.72
1936-08-10,17710.15
1936-08-11,17611.13
1936-08-12,17692.3
1936-08-13,17639.38
1936-08-14,17441.97
1936-08-17,17367.15
1936-08-18,17405.51
1936-08-19,17489.21
1936-08-20,17401.92
1936-08-21,16937.44
1936-08-24,17214.96
1936-08-25,17275.36
1936-08-26,17164.95
1936-08-27,17453.48
1936-08-28,17514.72
1936-08-31,17574.65
1936-09-01,17544.75
1936-09-02,17606.14
1936-09-03,17569.14
1936-09-04,17676.29
1936-09-08,17935.24
1936-09-09,17843.75
1936-09-10,17858
1936-09-11,17836.55
1936-09-14,17690.54
1936-09-15,17653.37
1936-09-16,17480.34
1936-09-17,17602.68
1936-09-18,17761.09
1936-09-21,17903.34
1936-09-22,17942.7
1936-09-23,17887.06
1936-09-24,17897.77
1936-09-25,17640.02
1936-09-28,17861.03
1936-09-29,17828.85
1936-09-30,17750.39
1936-10-01,17773.62
1936-10-02,18084.81
1936-10-05,18275.25
1936-10-06,18397.85
1936-10-07,18451.37
1936-10-08,18541.94
1936-10-09,18612.57
1936-10-13,18677.91
1936-10-14,18627.64
1936-10-15,18607.32
1936-10-16,18793.55
1936-10-19,18903.02
1936-10-20,18878.61
1936-10-21,18946.74
1936-10-22,18818.07
1936-10-23,18885.98
1936-10-26,18479.81
1936-10-27,18747.94
1936-10-28,18776.22
1936-10-29,19001.7
1936-10-30,19030.37
1936-11-02,18981.04
1936-11-04,19296.1
1936-11-05,19510.26
1936-11-06,19404.89
1936-11-09,19727.96
1936-11-10,19680.59
1936-11-12,19517.22
1936-11-13,19359.11
1936-11-16,19537.92
1936-11-17,19803.61
1936-11-18,19726.35
1936-11-19,19586.27
1936-11-20,19409.97
1936-11-23,19148.77
1936-11-24,19445.55
1936-11-25,19404.69
1936-11-27,19703.5
1936-11-30,19669.84
1936-12-01,19551.8
1936-12-02,19379.72
1936-12-03,19478.53
1936-12-04,19490.19
1936-12-07,19386.71
1936-12-08,19417.7
1936-12-09,19497.29
1936-12-10,19647.4
1936-12-11,19600.22
1936-12-14,19776.8
1936-12-15,19756.99
1936-12-16,19719.43
1936-12-17,19630.67
1936-12-18,19442.19
1936-12-21,19037.92
1936-12-22,19253.03
1936-12-23,19447.46
1936-12-24,19503.83
1936-12-28,19373.14
1936-12-29,19415.73
1936-12-30,19769.08
1936-12-31,19711.72
1937-01-04,19452.31
1937-01-05,19604.01
1937-01-06,19633.39
1937-01-07,19990.7
1937-01-08,20066.64
1937-01-11,20154.86
1937-01-12,20158.87
1937-01-13,20193.11
1937-01-14,20213.28
1937-01-15,20273.9
1937-01-18,20328.13
1937-01-19,20179.71
1937-01-20,20393.59
1937-01-21,20513.89
1937-01-22,20415.4
1937-01-25,20331.37
1937-01-26,20048.74
1937-01-27,20169.01
1937-01-28,20175.04
1937-01-29,20290.01
1937-02-01,20428.39
1937-02-02,20567.48
1937-02-03,20689.01
1937-02-04,20707.81
1937-02-05,20424.3
1937-02-08,20701.27
1937-02-09,20635.2
1937-02-10,20783.96
1937-02-11,20877.67
1937-02-15,20694.59
1937-02-16,20715.47
1937-02-17,20688.72
1937-02-18,20748.9
1937-02-19,20852.83
1937-02-23,20453.33
1937-02-24,20516.91
1937-02-25,20486.32
1937-02-26,20541.81
1937-03-01,20638.85
1937-03-02,20835.1
1937-03-03,21066.55
1937-03-04,20940.34
1937-03-05,21131.08
1937-03-08,21112.16
1937-03-09,21137.68
1937-03-10,21252.01
1937-03-11,21039.68
1937-03-12,20966.23
1937-03-15,20809.55
1937-03-16,20899.22
1937-03-17,20824.16
1937-03-18,20426.61
1937-03-19,20414.53
1937-03-22,19832.14
1937-03-23,20090.13
1937-03-24,20269.11
1937-03-25,20255.1
1937-03-29,20236.94
1937-03-30,20508.29
1937-03-31,20551.54
1937-04-01,20370.87
1937-04-02,20126.6
1937-04-05,20286.29
1937-04-06,20154.61
1937-04-07,19556.2
1937-04-08,19601.35
1937-04-09,19681.88
1937-04-12,19754.95
1937-04-13,19974.4
1937-04-14,20004.54
1937-04-15,19934.7
1937-04-16,19849.16
1937-04-19,19877.1
1937-04-20,19932.93
1937-04-21,20146.39
1937-04-22,19908.84
1937-04-23,19612.37
1937-04-26,18821.96
1937-04-27,19063.05
1937-04-28,18508.48
1937-04-29,18564.17
1937-04-30,19050.71
1937-05-03,19137.66
1937-05-04,19379.34
1937-05-05,19236.5
1937-05-06,19329.38
1937-05-07,19302.88
1937-05-10,18901.49
1937-05-11,18885.03
1937-05-12,18830.8
1937-05-13,18272.07
1937-05-14,18449.84
1937-05-17,18288.01
1937-05-18,18473.25
1937-05-19,18464.54
1937-05-20,18865.75
1937-05-21,18917.24
1937-05-24,19117.04
1937-05-25,18911.13
1937-05-26,18873.85
1937-05-27,18883.83
1937-05-28,18907.04
1937-06-01,18651.96
1937-06-02,18771.5
1937-06-03,18797.94
1937-06-04,18989.85
1937-06-07,18923.6
1937-06-08,18986.21
1937-06-09,18881.95
1937-06-10,18808.48
1937-06-11,18566.02
1937-06-14,17972.13
1937-06-15,18153.81
1937-06-16,17985.13
1937-06-17,18145.36
1937-06-18,18281.61
1937-06-21,18117.66
1937-06-22,18085.2
1937-06-23,18201.11
1937-06-24,18279.53
1937-06-25,18193.78
1937-06-28,17756.32
1937-06-29,17795.54
1937-06-30,18107.12
1937-07-01,18223.16
1937-07-02,18438.36
1937-07-06,18984.29
1937-07-07,19149.62
1937-07-08,19193.84
1937-07-09,19155.62
1937-07-12,19358.37
1937-07-13,19263.69
1937-07-14,19290.83
1937-07-15,19372.02
1937-07-16,19323.76
1937-07-19,19587.15
1937-07-20,19765.56
1937-07-21,19653.07
1937-07-22,19714.17
1937-07-23,19757.72
1937-07-26,19850.72
1937-07-27,19811.19
1937-07-28,19573.63
1937-07-29,19520.96
1937-07-30,19573.83
1937-08-02,19764.35
1937-08-03,19655.82
1937-08-04,19734.62
1937-08-05,19653.88
1937-08-06,19587.23
1937-08-09,19781.92
1937-08-10,19746.49
1937-08-11,19736.79
1937-08-12,19833.68
1937-08-13,19992.52
1937-08-16,19918.58
1937-08-17,19851.03
1937-08-18,19688.43
1937-08-19,19450.37
1937-08-20,19238.53
1937-08-23,19180.46
1937-08-24,19297.63
1937-08-25,19209.03
1937-08-26,18876.88
1937-08-27,18609
1937-08-30,18810.71
1937-08-31,18767.61
1937-09-01,18326.74
1937-09-02,18097.82
1937-09-03,18208.37
1937-09-07,17284.78
1937-09-08,17115.55
1937-09-09,17485.39
1937-09-10,16614.77
1937-09-13,16518.02
1937-09-14,17106.21
1937-09-15,17126.89
1937-09-16,17389.08
1937-09-17,17058.84
1937-09-20,16442.66
1937-09-21,16566.13
1937-09-22,16617.63
1937-09-23,16267.14
1937-09-24,15549.9
1937-09-27,15926.55
1937-09-28,16152.85
1937-09-29,16220.83
1937-09-30,16232.33
1937-10-01,16174.04
1937-10-04,16073.42
1937-10-05,15231.32
1937-10-06,15537.6
1937-10-07,15506.66
1937-10-08,15165.65
1937-10-11,14571.73
1937-10-13,14439.26
1937-10-14,14227.13
1937-10-15,14023.8
1937-10-18,12871.53
1937-10-19,12932.14
1937-10-20,14053.47
1937-10-21,14427.42
1937-10-22,14114.47
1937-10-25,14215.34
1937-10-26,14032.09
1937-10-27,13990.11
1937-10-28,14339.99
1937-10-29,14711.52
1937-11-01,14422.01
1937-11-03,13819.29
1937-11-04,13711.63
1937-11-05,13739.17
1937-11-08,13330.16
1937-11-09,13548.9
1937-11-10,14226.46
1937-11-12,14259.31
1937-11-15,13931.19
1937-11-16,13808.72
1937-11-17,13743.94
1937-11-18,13492.55
1937-11-19,12797.8
1937-11-22,12518.95
1937-11-23,12590.42
1937-11-24,12376.49
1937-11-26,12866.71
1937-11-29,13269.06
1937-11-30,13488.11
1937-12-01,13335.68
1937-12-02,13551.7
1937-12-03,13773.94
1937-12-06,13602.81
1937-12-07,13759.23
1937-12-08,13899.56
1937-12-09,13700.78
1937-12-10,13573.34
1937-12-13,13204.06
1937-12-14,13238.37
1937-12-15,13315.14
1937-12-16,13474.91
1937-12-17,13399.43
1937-12-20,13735.11
1937-12-21,13777.67
1937-12-22,13604.06
1937-12-23,13506.09
1937-12-24,13470.96
1937-12-27,13082.98
1937-12-28,12653.84
1937-12-29,12720.89
1937-12-30,12937.13
1937-12-31,12906.07
1938-01-03,12927.99
1938-01-04,13340.38
1938-01-05,13332.36
1938-01-06,13842.97
1938-01-07,13777.9
1938-01-10,14354.14
1938-01-11,14454.6
1938-01-12,14359.18
1938-01-13,14196.91
1938-01-14,14202.57
1938-01-17,14186.84
1938-01-18,14069.07
1938-01-19,13915.7
1938-01-20,14123.03
1938-01-21,13929.53
1938-01-24,13830.74
1938-01-25,13668.9
1938-01-26,13176.8
1938-01-27,12989.68
1938-01-28,12845.48
1938-01-31,12963.45
1938-02-01,13166.96
1938-02-02,13022.11
1938-02-03,12532.46
1938-02-04,12736.72
1938-02-07,12806.75
1938-02-08,13205.03
1938-02-09,13183.88
1938-02-10,13272.2
1938-02-11,13221.75
1938-02-14,13327.51
1938-02-15,13226.2
1938-02-16,13183.86
1938-02-17,13494.99
1938-02-18,13346.53
1938-02-21,13697.09
1938-02-23,14031.28
1938-02-24,13883.94
1938-02-25,13961.67
1938-02-28,13723.64
1938-03-01,13832.04
1938-03-02,13718.6
1938-03-03,13611.58
1938-03-04,13514.92
1938-03-07,13247.9
1938-03-08,13178.99
1938-03-09,13181.61
1938-03-10,13061.64
1938-03-11,12836.97
1938-03-14,13035.07
1938-03-15,13355.72
1938-03-16,12870.89
1938-03-17,12767.91
1938-03-18,12338.89
1938-03-21,12564.41
1938-03-22,12226.41
1938-03-23,11946.42
1938-03-24,11983.43
1938-03-25,11371.07
1938-03-28,11228.29
1938-03-29,10654.51
1938-03-30,10577.79
1938-03-31,10448.73
1938-04-01,10883.38
1938-04-04,11368.18
1938-04-05,11585.29
1938-04-06,11397.6
1938-04-07,11328.06
1938-04-08,11794.76
1938-04-11,12170.05
1938-04-12,12219.93
1938-04-13,12272.46
1938-04-14,12423.4
1938-04-18,12668.92
1938-04-19,12373.72
1938-04-20,12311.84
1938-04-21,12379.54
1938-04-22,12707.58
1938-04-25,12444.4
1938-04-26,12239.05
1938-04-27,12327.16
1938-04-28,12018.96
1938-04-29,11981.69
1938-05-02,11814.17
1938-05-03,12074.07
1938-05-04,12220.15
1938-05-05,12217.69
1938-05-06,12655.07
1938-05-09,12857.76
1938-05-10,12716.31
1938-05-11,12779.88
1938-05-12,12708.29
1938-05-13,12560.86
1938-05-16,12386.3
1938-05-17,12433.36
1938-05-18,12484.32
1938-05-19,12294.54
1938-05-20,12239.2
1938-05-23,12141.91
1938-05-24,11996.2
1938-05-25,11816.24
1938-05-26,11524.36
1938-05-27,11500.15
1938-05-31,11502.03
1938-06-01,11782.66
1938-06-02,11776.76
1938-06-03,11662.51
1938-06-06,11982.67
1938-06-07,11943.11
1938-06-08,11980.12
1938-06-09,12220.91
1938-06-10,12114.57
1938-06-13,11858.41
1938-06-14,11943.77
1938-06-15,11993.92
1938-06-16,12086.26
1938-06-17,12007.69
1938-06-20,12579.63
1938-06-21,12879.01
1938-06-22,13235.75
1938-06-23,13603.68
1938-06-24,13743.79
1938-06-27,13918.04
1938-06-28,13879.05
1938-06-29,14471.67
1938-06-30,14257.47
1938-07-01,14618.17
1938-07-05,14653.97
1938-07-06,14856.18
1938-07-07,14844.28
1938-07-08,14645.35
1938-07-11,14480.38
1938-07-12,14819.21
1938-07-13,14813.26
1938-07-14,14647.33
1938-07-15,14821.62
1938-07-18,15209.21
1938-07-19,15546.83
1938-07-20,15444.21
1938-07-21,15430.29
1938-07-22,15465.76
1938-07-25,15757.58
1938-07-26,15603.13
1938-07-27,15138.14
1938-07-28,15378.82
1938-07-29,15255.77
1938-08-01,15189.79
1938-08-02,15297.62
1938-08-03,15185.93
1938-08-04,15263.36
1938-08-05,15559.45
1938-08-08,15609.57
1938-08-09,15506.53
1938-08-10,15382.46
1938-08-11,15033.26
1938-08-12,14747.61
1938-08-15,14764.93
1938-08-16,14939.13
1938-08-17,14963.02
1938-08-18,14928.59
1938-08-19,15133.09
1938-08-22,15087.58
1938-08-23,15408.93
1938-08-24,15436.64
1938-08-25,15510.72
1938-08-26,15397.48
1938-08-29,14705.35
1938-08-30,14874.44
1938-08-31,14890.79
1938-09-01,14755.41
1938-09-02,15055.08
1938-09-06,15038.95
1938-09-07,15228.57
1938-09-08,15122.11
1938-09-09,14833.41
1938-09-12,14830.55
1938-09-13,14157.38
1938-09-14,13865.86
1938-09-15,14347.13
1938-09-16,14078.96
1938-09-19,14136.85
1938-09-20,14630.35
1938-09-21,14708.02
1938-09-22,14491.94
1938-09-23,14081.95
1938-09-26,13612.99
1938-09-27,13595.42
1938-09-28,14120.32
1938-09-29,14613.24
1938-09-30,15015.23
1938-10-03,15388.11
1938-10-04,15389.63
1938-10-05,15823.6
1938-10-06,15782.44
1938-10-07,15788.74
1938-10-10,15913.1
1938-10-11,15820.78
1938-10-13,16202.04
1938-10-14,16112.91
1938-10-17,16056.55
1938-10-18,16212.27
1938-10-19,16020.95
1938-10-20,16216.39
1938-10-21,16253.67
1938-10-24,16458.77
1938-10-25,16475.21
1938-10-26,16320.33
1938-10-27,16361.11
1938-10-28,16197.48
1938-10-31,16185.98
1938-11-01,16143.39
1938-11-02,16170.33
1938-11-03,16210.25
1938-11-04,16177.33
1938-11-07,16477.96
1938-11-09,16876.22
1938-11-10,16813.25
1938-11-14,16602.32
1938-11-15,16513.81
1938-11-16,16141.73
1938-11-17,16281.66
1938-11-18,15984.83
1938-11-21,16014.19
1938-11-22,15919.2
1938-11-23,15974.43
1938-11-25,16010.67
1938-11-28,15536.09
1938-11-29,15585.32
1938-11-30,15893.43
1938-12-01,15839.37
1938-12-02,15688.88
1938-12-05,15624.55
1938-12-06,15722.96
1938-12-07,15763.82
1938-12-08,15618.78
1938-12-09,15534.42
1938-12-12,15701.04
1938-12-13,15818.78
1938-12-14,16135.14
1938-12-15,16180.3
1938-12-16,16104.23
1938-12-19,15957.97
1938-12-20,15911.67
1938-12-21,15785.95
1938-12-22,15872.76
1938-12-23,16004.48
1938-12-27,15920.63
1938-12-28,16041.61
1938-12-29,16412.15
1938-12-30,16499.11
1939-01-03,16450.77
1939-01-04,16603.75
1939-01-05,16427.73
1939-01-06,16437.56
1939-01-09,16126.71
1939-01-10,16155.72
1939-01-11,15885.9
1939-01-12,15763.56
1939-01-13,15673.69
1939-01-16,15974.39
1939-01-17,16059.03
1939-01-18,16063.83
1939-01-19,16184.29
1939-01-20,16159.99
1939-01-23,15207.89
1939-01-24,15201.79
1939-01-25,15168.33
1939-01-26,14752.7
1939-01-27,15059.54
1939-01-30,15377.85
1939-01-31,15583.89
1939-02-01,15428.04
1939-02-02,15711.89
1939-02-03,15619.17
1939-02-06,15794.51
1939-02-07,15647.6
1939-02-08,15796.23
1939-02-09,15631.93
1939-02-10,15644.42
1939-02-14,15695.72
1939-02-15,15728.66
1939-02-16,15879.63
1939-02-17,15792.28
1939-02-20,15541.95
1939-02-21,15565.24
1939-02-23,15608.81
1939-02-24,15931.89
1939-02-27,16043.32
1939-02-28,16131.54
1939-03-01,16118.62
1939-03-02,16116.99
1939-03-03,16318.43
1939-03-06,16239.85
1939-03-07,16312.91
1939-03-08,16575.53
1939-03-09,16565.56
1939-03-10,16671.56
1939-03-13,16496.91
1939-03-14,16556.28
1939-03-15,16168.84
1939-03-16,16178.52
1939-03-17,15717.42
1939-03-20,15365.22
1939-03-21,15607.98
1939-03-22,15149.08
1939-03-23,15312.68
1939-03-24,15522.44
1939-03-27,15451.09
1939-03-28,15242.49
1939-03-29,15329.35
1939-03-30,14890.91
1939-03-31,14189.53
1939-04-03,14456.48
1939-04-04,14164.45
1939-04-05,14274.91
1939-04-06,13806.68
1939-04-10,13466.76
1939-04-11,13441.16
1939-04-12,13818.84
1939-04-13,13972.21
1939-04-14,13804.53
1939-04-17,13970.78
1939-04-18,13810.1
1939-04-19,13964.75
1939-04-20,14129.52
1939-04-21,14169.07
1939-04-24,14037.34
1939-04-25,14045.74
1939-04-26,14135.62
1939-04-27,14262.82
1939-04-28,14151.56
1939-05-01,14102
1939-05-02,14259.92
1939-05-03,14550.81
1939-05-04,14534.79
1939-05-05,14488.26
1939-05-08,14488.15
1939-05-09,14727.19
1939-05-10,14643.23
1939-05-11,14647.6
1939-05-12,14575.81
1939-05-15,14626.85
1939-05-16,14310.9
1939-05-17,14212.13
1939-05-18,14247.65
1939-05-19,14360.19
1939-05-22,14572.03
1939-05-23,14513.73
1939-05-24,14860.59
1939-05-25,14903.66
1939-05-26,14963.26
1939-05-29,15149.35
1939-05-31,15112.97
1939-06-01,14913.46
1939-06-02,14985.03
1939-06-05,15013.47
1939-06-06,15175.6
1939-06-07,15216.55
1939-06-08,15187.62
1939-06-09,15362.26
1939-06-12,15225.57
1939-06-13,15137.25
1939-06-14,15063.06
1939-06-15,14773.83
1939-06-16,14779.72
1939-06-19,14965.01
1939-06-20,15090.7
1939-06-21,15095.21
1939-06-22,15036.32
1939-06-23,15070.89
1939-06-26,14787.83
1939-06-27,14823.3
1939-06-28,14583.15
1939-06-29,14238.97
1939-06-30,14300.18
1939-07-03,14490.86
1939-07-05,14696.61
1939-07-06,14727.46
1939-07-07,14683.26
1939-07-10,14730.22
1939-07-11,14873.09
1939-07-12,15131.86
1939-07-13,15236.26
1939-07-14,15161.58
1939-07-17,15738.95
1939-07-18,15853.82
1939-07-19,15703.19
1939-07-20,15533.58
1939-07-21,15799.18
1939-07-24,15867.62
1939-07-25,15802.54
1939-07-26,15892.6
1939-07-27,15916.42
1939-07-28,15868.65
1939-07-31,15762.47
1939-08-01,15771.91
1939-08-02,15907.53
1939-08-03,15878.88
1939-08-04,15600.98
1939-08-07,15514.45
1939-08-08,15548.57
1939-08-09,15441.26
1939-08-10,15181.83
1939-08-11,15186.37
1939-08-14,15457.87
1939-08-15,15601.61
1939-08-16,15272.4
1939-08-17,15232.67
1939-08-18,14958.47
1939-08-21,14599.08
1939-08-22,14825.35
1939-08-23,14426.53
1939-08-24,14352.93
1939-08-25,14637.1
1939-08-28,14692.95
1939-08-29,15007.36
1939-08-30,14935.31
1939-08-31,14711.26
1939-09-01,14775.97
1939-09-05,16418.76
1939-09-06,16316.95
1939-09-07,16364.24
1939-09-08,16686.6
1939-09-11,17135.33
1939-09-12,17241.55
1939-09-13,17107.05
1939-09-14,17142.95
1939-09-15,17127.5
1939-09-18,16412.28
1939-09-19,16962.07
1939-09-20,16979.01
1939-09-21,17118.22
1939-09-22,17039.45
1939-09-25,17095.6
1939-09-26,17247.73
1939-09-27,17242.53
1939-09-28,17009.74
1939-09-29,16868.54
1939-10-02,17044.44
1939-10-03,16880.8
1939-10-04,16874.02
1939-10-05,16933.06
1939-10-06,16917.8
1939-10-09,16812.62
1939-10-10,16889.93
1939-10-11,16974.36
1939-10-13,16889.47
1939-10-16,16894.44
1939-10-17,17335.37
1939-10-18,17266
1939-10-19,17255.62
1939-10-20,17184.85
1939-10-23,17267.1
1939-10-24,17317.16
1939-10-25,17500.7
1939-10-26,17385.17
1939-10-27,17319.09
1939-10-30,17253.31
1939-10-31,17101.46
1939-11-01,17087.76
1939-11-02,17106.54
1939-11-03,17253.63
1939-11-06,17122.65
1939-11-08,17001.06
1939-11-09,16810.63
1939-11-10,16857.68
1939-11-13,16861.03
1939-11-14,16963.86
1939-11-15,16928.22
1939-11-16,17114.41
1939-11-17,17064.75
1939-11-20,17131.31
1939-11-21,17023.37
1939-11-22,17001.22
1939-11-24,16812.48
1939-11-27,16832.64
1939-11-28,16805.69
1939-11-29,16624.17
1939-11-30,16474.53
1939-12-01,16594.78
1939-12-04,16594.74
1939-12-05,16611.31
1939-12-06,16845.51
1939-12-07,16894.34
1939-12-08,16784.51
1939-12-11,16635.19
1939-12-12,16596.91
1939-12-13,16815.97
1939-12-14,16804.18
1939-12-15,16819.28
1939-12-18,16778.92
1939-12-19,16735.27
1939-12-20,16787.13
1939-12-21,16792.15
1939-12-22,16849.22
1939-12-26,16800.27
1939-12-27,16694.41
1939-12-28,16839.63
1939-12-29,16937.28
1940-01-02,17156.15
1940-01-03,17353.43
1940-01-04,17304.82
1940-01-05,17214.81
1940-01-08,17219.94
1940-01-09,17070.1
1940-01-10,17095.69
1940-01-11,16866.59
1940-01-12,16593.33
1940-01-15,16469.09
1940-01-16,16576.12
1940-01-17,16610.91
1940-01-18,16571.03
1940-01-19,16605.8
1940-01-22,16542.72
1940-01-23,16574.13
1940-01-24,16768.03
1940-01-25,16697.59
1940-01-26,16699.24
1940-01-29,16667.5
1940-01-30,16599.15
1940-01-31,16562.61
1940-02-01,16554.31
1940-02-02,16579.12
1940-02-05,16555.74
1940-02-06,16661.67
1940-02-07,16734.97
1940-02-08,16924.05
1940-02-09,16966.34
1940-02-13,16918.85
1940-02-14,16895.14
1940-02-15,16913.7
1940-02-16,16920.45
1940-02-19,16942.35
1940-02-20,16996.54
1940-02-21,16982.92
1940-02-23,16901.39
1940-02-26,16808.46
1940-02-27,16783.23
1940-02-28,16805.02
1940-02-29,16801.64
1940-03-01,16751.22
1940-03-04,16791.4
1940-03-05,16851.83
1940-03-06,16969.78
1940-03-07,17013.88
1940-03-08,16981.53
1940-03-11,17013.78
1940-03-12,17018.87
1940-03-13,16995.02
1940-03-14,16983.1
1940-03-15,16780.99
1940-03-18,16690.4
1940-03-19,16803.87
1940-03-20,16901.31
1940-03-21,16896.22
1940-03-25,16860.72
1940-03-26,16823.61
1940-03-27,17037.25
1940-03-28,17011.67
1940-03-29,17074.6
1940-04-01,17122.27
1940-04-02,17165.05
1940-04-03,17398.48
1940-04-04,17521.98
1940-04-05,17472.9
1940-04-08,17597.05
1940-04-09,17465.05
1940-04-10,17360.24
1940-04-11,17401.89
1940-04-12,17293.97
1940-04-15,17340.68
1940-04-16,17132.57
1940-04-17,17177.09
1940-04-18,17049.96
1940-04-19,17032.89
1940-04-22,17181.31
1940-04-23,17270.64
1940-04-24,17213.62
1940-04-25,17227.37
1940-04-26,17108.48
1940-04-29,17171.82
1940-04-30,17188.97
1940-05-01,17008.29
1940-05-02,17088.04
1940-05-03,17104.94
1940-05-06,17055.01
1940-05-07,17078.69
1940-05-08,17093.87
1940-05-09,17133
1940-05-10,16695.91
1940-05-13,15781.28
1940-05-14,14643.27
1940-05-15,14710.47
1940-05-16,14929.49
1940-05-17,14272.42
1940-05-20,14062.42
1940-05-21,13079.3
1940-05-22,13101.39
1940-05-23,13143.16
1940-05-24,13116.73
1940-05-27,13498.16
1940-05-28,13174.05
1940-05-29,13351.76
1940-05-31,13407.68
1940-06-03,13227.08
1940-06-04,13354.04
1940-06-05,13131.01
1940-06-06,13275.44
1940-06-07,13416.14
1940-06-10,12999.55
1940-06-11,13493.52
1940-06-12,14142.54
1940-06-13,13912
1940-06-14,14172.14
1940-06-17,14196.85
1940-06-18,14279.17
1940-06-19,14329.13
1940-06-20,14228.81
1940-06-21,14231.64
1940-06-24,14411.46
1940-06-25,14071.33
1940-06-26,13978.44
1940-06-27,14126.6
1940-06-28,14308.81
1940-07-01,14214.42
1940-07-02,14193.08
1940-07-03,14221.45
1940-07-05,14289.69
1940-07-08,14292.47
1940-07-09,14268.16
1940-07-10,14275.27
1940-07-11,14285.25
1940-07-12,14273.81
1940-07-15,14329.48
1940-07-16,14471.33
1940-07-17,14439.48
1940-07-18,14458.23
1940-07-19,14365.68
1940-07-22,14328.33
1940-07-23,14338.34
1940-07-24,14275.23
1940-07-25,14283.78
1940-07-26,14336.61
1940-07-29,14439.97
1940-07-30,14757.63
1940-07-31,14750.23
1940-08-01,14735.46
1940-08-02,14738.39
1940-08-05,14732.47
1940-08-06,14621.96
1940-08-07,14598.54
1940-08-08,14617.5
1940-08-09,14711.04
1940-08-12,14825.94
1940-08-13,14357.42
1940-08-14,14304.28
1940-08-15,14390.09
1940-08-16,14187.17
1940-08-19,14290.74
1940-08-20,14429.34
1940-08-21,14627.01
1940-08-22,14748.4
1940-08-23,14590.57
1940-08-26,14627.05
1940-08-27,14609.48
1940-08-28,14786.23
1940-08-29,14759.6
1940-08-30,14995.74
1940-09-03,15127.95
1940-09-04,15377.54
1940-09-05,15638.94
1940-09-06,15574.81
1940-09-09,15182.89
1940-09-10,15167.69
1940-09-11,15087.28
1940-09-12,14918.29
1940-09-13,14931.69
1940-09-16,15112.89
1940-09-17,15229.25
1940-09-18,15331.26
1940-09-19,15320.51
1940-09-20,15320.49
1940-09-23,15714.5
1940-09-24,15675.2
1940-09-25,15651.67
1940-09-26,15567.13
1940-09-27,15322.71
1940-09-30,15442.35
1940-10-01,15632.27
1940-10-02,15697.91
1940-10-03,15715.16
1940-10-04,15616.14
1940-10-07,15559.84
1940-10-08,15343.54
1940-10-09,15260.66
1940-10-10,15253.01
1940-10-11,15332.31
1940-10-14,15289.36
1940-10-15,15358.15
1940-10-16,15439.53
1940-10-17,15516.71
1940-10-18,15522.89
1940-10-21,15423.62
1940-10-22,15493.01
1940-10-23,15587.5
1940-10-24,15503.3
1940-10-25,15497.08
1940-10-28,15578.85
1940-10-29,15617.78
1940-10-30,15717.71
1940-10-31,15912.59
1940-11-01,15928.49
1940-11-04,16027.38
1940-11-06,15570.58
1940-11-07,16314.83
1940-11-08,16220.19
1940-11-12,16368.39
1940-11-13,16301.26
1940-11-14,16379.49
1940-11-15,16215.68
1940-11-18,16090.83
1940-11-19,16077.94
1940-11-20,15791.73
1940-11-22,15818.56
1940-11-25,15813.8
1940-11-26,15769.5
1940-11-27,15514.01
1940-11-28,15549.68
1940-11-29,15568.32
1940-12-02,15649.22
1940-12-03,15605.39
1940-12-04,15608.49
1940-12-05,15563.2
1940-12-06,15600.54
1940-12-09,15734.83
1940-12-10,15725.37
1940-12-11,15770.96
1940-12-12,15811.94
1940-12-13,15845.13
1940-12-16,15721.51
1940-12-17,15655.46
1940-12-18,15545.85
1940-12-19,15489.87
1940-12-20,15499.14
1940-12-23,15455.67
1940-12-24,15520.56
1940-12-26,15505.02
1940-12-27,15562.37
1940-12-30,15715.21
1940-12-31,15762.34
1941-01-02,15708.73
1941-01-03,15905.07
1941-01-06,15992.65
1941-01-07,15970.24
1941-01-08,16014.94
1941-01-09,16093.39
1941-01-10,16127.17
1941-01-13,16075.58
1941-01-14,16001.61
1941-01-15,15910.38
1941-01-16,15709.89
1941-01-17,15684.74
1941-01-20,15645.5
1941-01-21,15521.88
1941-01-22,15594.82
1941-01-23,15593.24
1941-01-24,15622.85
1941-01-27,15665.02
1941-01-28,15594.51
1941-01-29,15324.7
1941-01-30,15090.22
1941-01-31,15099.25
1941-02-03,14930.6
1941-02-04,14915.65
1941-02-05,15133.4
1941-02-06,15190.89
1941-02-07,15166.57
1941-02-10,15164.97
1941-02-11,14996.62
1941-02-13,14789.65
1941-02-14,14388.83
1941-02-17,14528.72
1941-02-18,14485.12
1941-02-19,14340.25
1941-02-20,14573.98
1941-02-21,14646.83
1941-02-24,14771.31
1941-02-25,14864.35
1941-02-26,14873.25
1941-02-27,14822.67
1941-02-28,14878.98
1941-03-03,14723
1941-03-04,14780.4
1941-03-05,14730.13
1941-03-06,14927.5
1941-03-07,14893.15
1941-03-10,15144.92
1941-03-11,15081.29
1941-03-12,15066.2
1941-03-13,15008.93
1941-03-14,15023.92
1941-03-17,15114.05
1941-03-18,15141.24
1941-03-19,15109.42
1941-03-20,15107.9
1941-03-21,14993.06
1941-03-24,14973.33
1941-03-25,15006.26
1941-03-26,14979.23
1941-03-27,15070.58
1941-03-28,14981.65
1941-03-31,15005.57
1941-04-01,15032.56
1941-04-02,15065.62
1941-04-03,15272
1941-04-04,15267.4
1941-04-07,15148.52
1941-04-08,14851.59
1941-04-09,14688.2
1941-04-10,14664.69
1941-04-14,14557.33
1941-04-15,14509.27
1941-04-16,14516.51
1941-04-17,14491.81
1941-04-18,14293.26
1941-04-21,14219.01
1941-04-22,14183.45
1941-04-23,14269.95
1941-04-24,14372.67
1941-04-25,14283.55
1941-04-28,14302.09
1941-04-29,14346.41
1941-04-30,14190.02
1941-05-01,14175.81
1941-05-02,14236.75
1941-05-05,14260.92
1941-05-06,14473.39
1941-05-07,14424.17
1941-05-08,14416.94
1941-05-09,14432.78
1941-05-12,14536.31
1941-05-13,14527.57
1941-05-14,14492.69
1941-05-15,14312.96
1941-05-16,14343
1941-05-19,14390.34
1941-05-20,14563
1941-05-21,14595.02
1941-05-22,14454.89
1941-05-23,14457.77
1941-05-26,14334.74
1941-05-27,14393.49
1941-05-28,14409.31
1941-05-29,14422.26
1941-06-02,14427.87
1941-06-03,14564.92
1941-06-04,14615.88
1941-06-05,14687.48
1941-06-06,14663.96
1941-06-09,14880.28
1941-06-10,15093.05
1941-06-11,15106.61
1941-06-12,15186.66
1941-06-13,15147.16
1941-06-16,15094.17
1941-06-17,15190.75
1941-06-18,15234.79
1941-06-19,15205.82
1941-06-20,15073.52
1941-06-23,15295.43
1941-06-24,15225.05
1941-06-25,15253.96
1941-06-26,15327.16
1941-06-27,15270.43
1941-06-30,15218.52
1941-07-01,15183.65
1941-07-02,15290.07
1941-07-03,15357.48
1941-07-07,15602.37
1941-07-08,15839.66
1941-07-09,15844.55
1941-07-10,15854.2
1941-07-11,15874.95
1941-07-14,15908.6
1941-07-15,15940.55
1941-07-16,15875.34
1941-07-17,15778.64
1941-07-18,15818.22
1941-07-21,16084.99
1941-07-22,16083.52
1941-07-23,16062.76
1941-07-24,16019.53
1941-07-25,15994.04
1941-07-28,16204.5
1941-07-29,16152.79
1941-07-30,16122.24
1941-07-31,16111.1
1941-08-01,16067.58
1941-08-04,16083.61
1941-08-05,16067.51
1941-08-06,16065.89
1941-08-07,16069.08
1941-08-08,15964.61
1941-08-11,15792.6
1941-08-12,15772.05
1941-08-13,15757.84
1941-08-14,15789.33
1941-08-15,15669.32
1941-08-18,15765.01
1941-08-19,15771.3
1941-08-20,15842.25
1941-08-21,15843.82
1941-08-22,15837.46
1941-08-25,15859.62
1941-08-26,15950
1941-08-27,15980.29
1941-08-28,16033
1941-08-29,16044.21
1941-09-02,16130.94
1941-09-03,16076.08
1941-09-04,16056.77
1941-09-05,16037.48
1941-09-08,16082.4
1941-09-09,16037.35
1941-09-10,15944.31
1941-09-11,16039.96
1941-09-12,16059.19
1941-09-15,16084.87
1941-09-16,16120.24
1941-09-17,16339.45
1941-09-18,16275.71
1941-09-19,16142.23
1941-09-22,16121.1
1941-09-23,16172.67
1941-09-24,16095.02
1941-09-25,15855.19
1941-09-26,15794.92
1941-09-29,15862.86
1941-09-30,15942.16
1941-10-01,15940.54
1941-10-02,15899.08
1941-10-03,15873.62
1941-10-06,15870.39
1941-10-07,15695.8
1941-10-08,15687.93
1941-10-09,15490.24
1941-10-10,15488.67
1941-10-14,15429.74
1941-10-15,15349.49
1941-10-16,15093.13
1941-10-17,15142.92
1941-10-20,15295.94
1941-10-21,15412.17
1941-10-22,15344.33
1941-10-23,15394.95
1941-10-24,15476.53
1941-10-27,15295.83
1941-10-28,15300.4
1941-10-29,15263.66
1941-10-30,15248.38
1941-10-31,15103.5
1941-11-03,15221.51
1941-11-05,15328.04
1941-11-06,15211.53
1941-11-07,15182.61
1941-11-10,15105.09
1941-11-12,14852.82
1941-11-13,14864.68
1941-11-14,14980.61
1941-11-17,14970.06
1941-11-18,14950.58
1941-11-19,15019.34
1941-11-21,15103.43
1941-11-24,15156.32
1941-11-25,15077.49
1941-11-26,14961.37
1941-11-27,14926.94
1941-11-28,14840.35
1941-12-01,14754.38
1941-12-02,14980.1
1941-12-03,15101.42
1941-12-04,15145.2
1941-12-05,15089.14
1941-12-08,14546.81
1941-12-09,14039.11
1941-12-10,13940.82
1941-12-11,14212.65
1941-12-12,14161.46
1941-12-15,14276.37
1941-12-16,14266.36
1941-12-17,14008.12
1941-12-18,13891.84
1941-12-19,13889.05
1941-12-22,13730.94
1941-12-23,13674.63
1941-12-24,13714.27
1941-12-26,13653.91
1941-12-29,13648.15
1941-12-30,14146.29
1941-12-31,14079.78
1942-01-02,14343.2
1942-01-05,14659.29
1942-01-06,14600.79
1942-01-07,14504.55
1942-01-08,14307.42
1942-01-09,14273.2
1942-01-12,14266.05
1942-01-13,14510.13
1942-01-14,14545.08
1942-01-15,14526.3
1942-01-16,14395.69
1942-01-19,14388.64
1942-01-20,14372.94
1942-01-21,14186.22
1942-01-22,14187.76
1942-01-23,14210.59
1942-01-26,14398.91
1942-01-27,14416.31
1942-01-28,14350.13
1942-01-29,14334.47
1942-01-30,14255.75
1942-02-02,14238.7
1942-02-03,14282.97
1942-02-04,14373.08
1942-02-05,14348.77
1942-02-06,14229.8
1942-02-09,14074.93
1942-02-10,13875.19
1942-02-11,13846.18
1942-02-13,13858.76
1942-02-16,13899.05
1942-02-17,13671.22
1942-02-18,13668.61
1942-02-19,13707
1942-02-20,13670.11
1942-02-24,13737.44
1942-02-25,13662
1942-02-26,13722.24
1942-02-27,13829.39
1942-03-02,13715.91
1942-03-03,13876.37
1942-03-04,13752.85
1942-03-05,13546.54
1942-03-06,13207.86
1942-03-09,13261.92
1942-03-10,13162.44
1942-03-11,12945.24
1942-03-12,12943.93
1942-03-13,13004.75
1942-03-16,13120.5
1942-03-17,13330.41
1942-03-18,13246.41
1942-03-19,13222.56
1942-03-20,13120.73
1942-03-23,13156.16
1942-03-24,13236.39
1942-03-25,13159.61
1942-03-26,13106.95
1942-03-27,12978.49
1942-03-30,12992.75
1942-03-31,12936.86
1942-04-01,12988.6
1942-04-02,13089.89
1942-04-06,13258.93
1942-04-07,13225.77
1942-04-08,13149.05
1942-04-09,12970.2
1942-04-10,12966.3
1942-04-13,12924.8
1942-04-14,12712.82
1942-04-15,12734.42
1942-04-16,12720.39
1942-04-17,12523.21
1942-04-20,12652.49
1942-04-21,12680.31
1942-04-22,12644.79
1942-04-23,12366.59
1942-04-24,12262.7
1942-04-27,12206.11
1942-04-28,12088.92
1942-04-29,12272.65
1942-04-30,12372.05
1942-05-01,12458.76
1942-05-04,12568.8
1942-05-05,12610.39
1942-05-06,12578.98
1942-05-07,12680.98
1942-05-08,12707.72
1942-05-11,12854.52
1942-05-12,12771.08
1942-05-13,12614.11
1942-05-14,12639.44
1942-05-15,12735.62
1942-05-18,12810.9
1942-05-19,12735.43
1942-05-20,12753.37
1942-05-21,12961.36
1942-05-22,12935.55
1942-05-25,12917.67
1942-05-26,12928.12
1942-05-27,13120.86
1942-05-28,13138.03
1942-05-29,13111.87
1942-06-01,13164.44
1942-06-02,13148.76
1942-06-03,13235.65
1942-06-04,13444.89
1942-06-05,13516.27
1942-06-08,13684.6
1942-06-09,13647.77
1942-06-10,13522.33
1942-06-11,13549.49
1942-06-12,13487.29
1942-06-15,13569.93
1942-06-16,13580.9
1942-06-17,13760.29
1942-06-18,13738.39
1942-06-19,13612.12
1942-06-22,13388.37
1942-06-23,13405.89
1942-06-24,13371.15
1942-06-25,13381.97
1942-06-26,13368.7
1942-06-29,13446.61
1942-06-30,13464.21
1942-07-01,13413.16
1942-07-02,13550.09
1942-07-03,13674.87
1942-07-06,13856.87
1942-07-07,13827.89
1942-07-08,14097.66
1942-07-09,14252.86
1942-07-10,14223.05
1942-07-13,14138.02
1942-07-14,14218.73
1942-07-15,14254.4
1942-07-16,14250.25
1942-07-17,14132.1
1942-07-20,14166.11
1942-07-21,14198.82
1942-07-22,14181.9
1942-07-23,14011.84
1942-07-24,14009.17
1942-07-27,14036.06
1942-07-28,14013.73
1942-07-29,13859.7
1942-07-30,13873.68
1942-07-31,13934.85
1942-08-03,13985.31
1942-08-04,13961.65
1942-08-05,13862.65
1942-08-06,13850.29
1942-08-07,13886.43
1942-08-10,13860.32
1942-08-11,13906.18
1942-08-12,13922.99
1942-08-13,13984.37
1942-08-14,14054.42
1942-08-17,14139.13
1942-08-18,14242.47
1942-08-19,14255.41
1942-08-20,14225.6
1942-08-21,14269.83
1942-08-24,14290.07
1942-08-25,14208.75
1942-08-26,14056.84
1942-08-27,14113.19
1942-08-28,14161.3
1942-08-31,14187.07
1942-09-01,14175.84
1942-09-02,14178.8
1942-09-03,14188.85
1942-09-04,14190.4
1942-09-08,14292.96
1942-09-09,14273.08
1942-09-10,14194.7
1942-09-11,14129.53
1942-09-14,14134.04
1942-09-15,14190.7
1942-09-16,14213.53
1942-09-17,14207.97
1942-09-18,14290.5
1942-09-21,14297.91
1942-09-22,14345.22
1942-09-23,14422.81
1942-09-24,14584.47
1942-09-25,14628.35
1942-09-28,14608.15
1942-09-29,14579.06
1942-09-30,14563.15
1942-10-01,14657.94
1942-10-02,14833.97
1942-10-05,15005.31
1942-10-06,15011.44
1942-10-07,15040.1
1942-10-08,15274.86
1942-10-09,15333.03
1942-10-13,15550.24
1942-10-14,15502.17
1942-10-15,15314.73
1942-10-16,15377.65
1942-10-19,15387.13
1942-10-20,15548.83
1942-10-21,15550.52
1942-10-22,15577.1
1942-10-23,15566.33
1942-10-26,15661.72
1942-10-27,15503.68
1942-10-28,15410.79
1942-10-29,15420.17
1942-10-30,15474.28
1942-11-02,15662.38
1942-11-04,15621.79
1942-11-05,15640.68
1942-11-06,15806.6
1942-11-09,15963.72
1942-11-10,15880.85
1942-11-12,15887.34
1942-11-13,15833.47
1942-11-16,15700.73
1942-11-17,15559.57
1942-11-18,15589.27
1942-11-19,15609.67
1942-11-20,15740.93
1942-11-23,15591.4
1942-11-24,15558.8
1942-11-25,15546.49
1942-11-27,15607.26
1942-11-30,15587.24
1942-12-01,15607.64
1942-12-02,15663.96
1942-12-03,15707.96
1942-12-04,15687.68
1942-12-07,15651.82
1942-12-08,15733.35
1942-12-09,15725.62
1942-12-10,15743.06
1942-12-11,15757.37
1942-12-14,15808.12
1942-12-15,15866.75
1942-12-16,15954.16
1942-12-17,16243.07
1942-12-18,16239.96
1942-12-21,16219.16
1942-12-22,16214.44
1942-12-23,16248.63
1942-12-24,16323.52
1942-12-28,16223.92
1942-12-29,16191.61
1942-12-30,16356.91
1942-12-31,16393.04
1943-01-04,16661.64
1943-01-05,16601.81
1943-01-06,16608.6
1943-01-07,16602.1
1943-01-08,16637.11
1943-01-11,16727.38
1943-01-12,16687.39
1943-01-13,16732.59
1943-01-14,16818.07
1943-01-15,16974.63
1943-01-18,16997
1943-01-19,16849.27
1943-01-20,16849.42
1943-01-21,17046.71
1943-01-22,17072.43
1943-01-25,17276.35
1943-01-26,17359.43
1943-01-27,17323.12
1943-01-28,17364.85
1943-01-29,17509.13
1943-02-01,17630.48
1943-02-02,17637.69
1943-02-03,17558.48
1943-02-04,17544.59
1943-02-05,17646.5
1943-02-08,17620.33
1943-02-09,17743.83
1943-02-10,17919.65
1943-02-11,17966.39
1943-02-15,18201
1943-02-16,18168.4
1943-02-17,18199.44
1943-02-18,18003.05
1943-02-19,17985.21
1943-02-23,18334.28
1943-02-24,18459.12
1943-02-25,18571.88
1943-02-26,18585.04
1943-03-01,18549.71
1943-03-02,18436.72
1943-03-03,18669.19
1943-03-04,18729.09
1943-03-05,18791.07
1943-03-08,18800.75
1943-03-09,18676.83
1943-03-10,18602.29
1943-03-11,18810.8
1943-03-12,18925.71
1943-03-15,18941.21
1943-03-16,18871.29
1943-03-17,18741.24
1943-03-18,18762.02
1943-03-19,18707.78
1943-03-22,18745.5
1943-03-23,18833.77
1943-03-24,18920.57
1943-03-25,19266.98
1943-03-26,19405.87
1943-03-29,19682.18
1943-03-30,19822.09
1943-03-31,19790.55
1943-04-01,19812.5
1943-04-02,19729.46
1943-04-05,20032.08
1943-04-06,20100.36
1943-04-07,19996.02
1943-04-08,19916.21
1943-04-09,19189.44
1943-04-12,19162.95
1943-04-13,19134.37
1943-04-14,19392.85
1943-04-15,19553.99
1943-04-16,19517.01
1943-04-19,19595.44
1943-04-20,19509.39
1943-04-21,19683.2
1943-04-22,19748.33
1943-04-26,19782.27
1943-04-27,19760.69
1943-04-28,19737.15
1943-04-29,19938.64
1943-04-30,19954.77
1943-05-03,20335.82
1943-05-04,20441.74
1943-05-05,20552.31
1943-05-06,20620.31
1943-05-07,20362.74
1943-05-10,20646.95
1943-05-11,20576.93
1943-05-12,20505.09
1943-05-13,20437.61
1943-05-14,20241.59
1943-05-17,20308.76
1943-05-18,20442.97
1943-05-19,20659.85
1943-05-20,20643.5
1943-05-21,20635.43
1943-05-24,20625.5
1943-05-25,20677.24
1943-05-26,20859.38
1943-05-27,20932.57
1943-05-28,20989.28
1943-06-01,21185.31
1943-06-02,21168.55
1943-06-03,21285.16
1943-06-04,21221.49
1943-06-07,21201.74
1943-06-08,21081.08
1943-06-09,21123.43
1943-06-10,21167.97
1943-06-11,21104.65
1943-06-14,20734.12
1943-06-15,20781.99
1943-06-16,20867.38
1943-06-17,20900.95
1943-06-18,20865.6
1943-06-21,20711.62
1943-06-22,20755.29
1943-06-23,20917.37
1943-06-24,21030.5
1943-06-25,21266.23
1943-06-28,21449.92
1943-06-29,21379.32
1943-06-30,21497.09
1943-07-01,21533.83
1943-07-02,21538.33
1943-07-06,21571.04
1943-07-07,21521.62
1943-07-08,21564.85
1943-07-09,21644.83
1943-07-12,21783.91
1943-07-13,21947.48
1943-07-14,22070.58
1943-07-15,21922.9
1943-07-16,21903.36
1943-07-19,21910.33
1943-07-20,21754.96
1943-07-21,21779.08
1943-07-22,21818.48
1943-07-23,21823.03
1943-07-26,21515.44
1943-07-27,20923.96
1943-07-28,20804.88
1943-07-29,21140.02
1943-07-30,20753.34
1943-08-02,20119.33
1943-08-03,20417.28
1943-08-04,20591
1943-08-05,20537.65
1943-08-06,20361.21
1943-08-09,20343.26
1943-08-10,20563.15
1943-08-11,20701.1
1943-08-12,20608.13
1943-08-13,20721.65
1943-08-16,20736.54
1943-08-17,20819.66
1943-08-18,20909.37
1943-08-19,20903.28
1943-08-20,20713.25
1943-08-23,20367.11
1943-08-24,20487.46
1943-08-25,20571.64
1943-08-26,20615.02
1943-08-27,20536.86
1943-08-30,20566.01
1943-08-31,20755.4
1943-09-01,20836.53
1943-09-02,20845.05
1943-09-03,20813.96
1943-09-07,20874.75
1943-09-08,20774.73
1943-09-09,20980.58
1943-09-10,21008.04
1943-09-13,20985.32
1943-09-14,20937.24
1943-09-15,20981.4
1943-09-16,21059.21
1943-09-17,21269.99
1943-09-20,21532.73
1943-09-21,21537.22
1943-09-22,21466.34
1943-09-23,21337.73
1943-09-24,21346.46
1943-09-27,21188.88
1943-09-28,21161.52
1943-09-29,21199.79
1943-09-30,21261.46
1943-10-01,21293.54
1943-10-04,21176.88
1943-10-05,21090.24
1943-10-06,20875.3
1943-10-07,20622.9
1943-10-08,20682.88
1943-10-11,20661.9
1943-10-13,20626.96
1943-10-14,20738.52
1943-10-15,20850.7
1943-10-18,20909.41
1943-10-19,20984.87
1943-10-20,21035.42
1943-10-21,20892.56
1943-10-22,20974.23
1943-10-25,20955.74
1943-10-26,21016.69
1943-10-27,21142.98
1943-10-28,21115.68
1943-10-29,21016.62
1943-11-01,21010.71
1943-11-03,20800.79
1943-11-04,20586.72
1943-11-05,20498.38
1943-11-08,19832.69
1943-11-09,19937.98
1943-11-10,20161.46
1943-11-12,20050.75
1943-11-15,20031.04
1943-11-16,19967.11
1943-11-17,19851.48
1943-11-18,19927.09
1943-11-19,20178.35
1943-11-22,20238.95
1943-11-23,20214.85
1943-11-24,20164.49
1943-11-26,20021.5
1943-11-29,19760.21
1943-11-30,19782.12
1943-12-01,19970.22
1943-12-02,20128.16
1943-12-03,20164.57
1943-12-06,20294.17
1943-12-07,20452.64
1943-12-08,20669.62
1943-12-09,20618.13
1943-12-10,20750.26
1943-12-13,20729.75
1943-12-14,20671.89
1943-12-15,20688.61
1943-12-16,20773.61
1943-12-17,20856.89
1943-12-20,20982.6
1943-12-21,20919.84
1943-12-22,20903.28
1943-12-23,20895.11
1943-12-24,20926.63
1943-12-27,20907.98
1943-12-28,20732.54
1943-12-29,20691.26
1943-12-30,21030.78
1943-12-31,21047.79
1944-01-03,21022.71
1944-01-04,21241.54
1944-01-05,21445.64
1944-01-06,21396.51
1944-01-07,21371.02
1944-01-10,21337.21
1944-01-11,21452.62
1944-01-12,21324.1
1944-01-13,21268.84
1944-01-14,21403.02
1944-01-17,21441.66
1944-01-18,21394.68
1944-01-19,21390.59
1944-01-20,21414.3
1944-01-21,21461.6
1944-01-24,21476.95
1944-01-25,21453.52
1944-01-26,21267.06
1944-01-27,21243.85
1944-01-28,21348.14
1944-01-31,21421.18
1944-02-01,21440.64
1944-02-02,21404.38
1944-02-03,21235.48
1944-02-04,21099.76
1944-02-07,21070.47
1944-02-08,21186.54
1944-02-09,21184.61
1944-02-10,21314.03
1944-02-11,21292.9
1944-02-14,21310.12
1944-02-15,21423.25
1944-02-16,21406.3
1944-02-17,21489.98
1944-02-18,21412.8
1944-02-21,21413.2
1944-02-23,21544.01
1944-02-24,21587.29
1944-02-25,21596.11
1944-02-28,21631.07
1944-02-29,21501.48
1944-03-01,21576.92
1944-03-02,21622.42
1944-03-03,21646.4
1944-03-06,21722.59
1944-03-07,21868.32
1944-03-08,22030.34
1944-03-09,22001.9
1944-03-10,22101.1
1944-03-13,22316.32
1944-03-14,22265.18
1944-03-15,22354.44
1944-03-16,22408.29
1944-03-17,22444.34
1944-03-20,22287.92
1944-03-21,22359.43
1944-03-22,22341.74
1944-03-23,22156.5
1944-03-24,22209.87
1944-03-27,22172.54
1944-03-28,21897.79
1944-03-29,21852
1944-03-30,21998.6
1944-03-31,22038.39
1944-04-03,21913.13
1944-04-04,21924.28
1944-04-05,21977.09
1944-04-06,22045.42
1944-04-10,22074.46
1944-04-11,22079.07
1944-04-12,21964.45
1944-04-13,21896.55
1944-04-14,21898.94
1944-04-17,21877.34
1944-04-18,21527.49
1944-04-19,21441.57
1944-04-20,21606.86
1944-04-21,21641.62
1944-04-24,21423.57
1944-04-25,21425.9
1944-04-26,21537.51
1944-04-27,21600.16
1944-04-28,21667.31
1944-05-01,21821.6
1944-05-02,21791.24
1944-05-03,21893.85
1944-05-04,21883.1
1944-05-05,21997.08
1944-05-08,21995.23
1944-05-09,22032.81
1944-05-10,22068.26
1944-05-11,22099.35
1944-05-12,21958.11
1944-05-15,22002.45
1944-05-16,22040.05
1944-05-17,22187.91
1944-05-18,22243.58
1944-05-19,22286.03
1944-05-22,22315.43
1944-05-23,22387.04
1944-05-24,22472.31
1944-05-25,22459.02
1944-05-26,22524.35
1944-05-29,22626.25
1944-05-31,22780.31
1944-06-01,22773.67
1944-06-02,22760.21
1944-06-05,22646.8
1944-06-06,22748.91
1944-06-07,22714.99
1944-06-08,22660.67
1944-06-09,22681.27
1944-06-12,23116.47
1944-06-13,23294.67
1944-06-14,23327.48
1944-06-15,23453.66
1944-06-16,23646.18
1944-06-19,23855.15
1944-06-20,23838.66
1944-06-21,23760.21
1944-06-22,23762.79
1944-06-23,23784.39
1944-06-26,23939.53
1944-06-27,24049.86
1944-06-28,23975.52
1944-06-29,23968.54
1944-06-30,24035.86
1944-07-03,24245.61
1944-07-05,24350.08
1944-07-06,24282.12
1944-07-07,24335.75
1944-07-10,24558.15
1944-07-11,24516.62
1944-07-12,24546.25
1944-07-13,24499.83
1944-07-14,24500.05
1944-07-17,24260.36
1944-07-18,24064.06
1944-07-19,24261.6
1944-07-20,24106.54
1944-07-21,23786.13
1944-07-24,23600.74
1944-07-25,23811
1944-07-26,23775.49
1944-07-27,23797.1
1944-07-28,23687.84
1944-07-31,23685.91
1944-08-01,23792.7
1944-08-02,23850.02
1944-08-03,23714.28
1944-08-04,23536.63
1944-08-07,23579.46
1944-08-08,23497.14
1944-08-09,23570.18
1944-08-10,23711.81
1944-08-11,23835.32
1944-08-14,23938.37
1944-08-15,23914.64
1944-08-16,24072.69
1944-08-17,24253.45
1944-08-18,24340.98
1944-08-21,24275.47
1944-08-22,24105.75
1944-08-23,24134.89
1944-08-24,24002.36
1944-08-25,23990.58
1944-08-28,23969.19
1944-08-29,24002.96
1944-08-30,24087.18
1944-08-31,24060.9
1944-09-01,24128.48
1944-09-05,23974.27
1944-09-06,23449.45
1944-09-07,23374.62
1944-09-08,23384.17
1944-09-11,23463.85
1944-09-12,23539.14
1944-09-13,23318.08
1944-09-14,23183.04
1944-09-15,23384.94
1944-09-18,23516.46
1944-09-19,23702.44
1944-09-20,23750.06
1944-09-21,23693.27
1944-09-22,23738.49
1944-09-25,23929.19
1944-09-26,23907.86
1944-09-27,23920.03
1944-09-28,23896.32
1944-09-29,23977.78
1944-10-02,24127.11
1944-10-03,24108.02
1944-10-04,24216.72
1944-10-05,24371.92
1944-10-06,24413.56
1944-10-09,24284.27
1944-10-10,24313.63
1944-10-11,24437.84
1944-10-13,24433.17
1944-10-16,24345.64
1944-10-17,24411.59
1944-10-18,24548.51
1944-10-19,24509.45
1944-10-20,24455.74
1944-10-23,24147.69
1944-10-24,24174.46
1944-10-25,24174.68
1944-10-26,24017.75
1944-10-27,24056.39
1944-10-30,24066.25
1944-10-31,24119.41
1944-11-01,24175.1
1944-11-02,24301.02
1944-11-03,24313.39
1944-11-06,24403.87
1944-11-08,24355.28
1944-11-09,24462.65
1944-11-10,24536.26
1944-11-13,24352.45
1944-11-14,24099.4
1944-11-15,24068.28
1944-11-16,24135.89
1944-11-17,24121.62
1944-11-20,24192.07
1944-11-21,24325.34
1944-11-22,24359.61
1944-11-24,24296.49
1944-11-27,24355.29
1944-11-28,24387.17
1944-11-29,24526.39
1944-11-30,24536.42
1944-12-01,24544
1944-12-04,24741.11
1944-12-05,24820.49
1944-12-06,24840.57
1944-12-07,24922.76
1944-12-08,25089.96
1944-12-11,25266.34
1944-12-12,25236.24
1944-12-13,25191.04
1944-12-14,25261.8
1944-12-15,25466.64
1944-12-18,25344.85
1944-12-19,25372.95
1944-12-20,25205.72
1944-12-21,25147.97
1944-12-22,25233.69
1944-12-26,25115.44
1944-12-27,24917.25
1944-12-28,25189.06
1944-12-29,25519.26
1945-01-02,25616.78
1945-01-03,25857.81
1945-01-04,25930.44
1945-01-05,25894.36
1945-01-08,26155.97
1945-01-09,26164.05
1945-01-10,26321.26
1945-01-11,26318.86
1945-01-12,26261.19
1945-01-15,26127.64
1945-01-16,26127.88
1945-01-17,26324.06
1945-01-18,26203.21
1945-01-19,25978.09
1945-01-22,25724.55
1945-01-23,25616.73
1945-01-24,25632.33
1945-01-25,25822.23
1945-01-26,26026.45
1945-01-29,26167.63
1945-01-30,26013.47
1945-01-31,26060.52
1945-02-01,26146.75
1945-02-02,26358.77
1945-02-05,26554.68
1945-02-06,26602.71
1945-02-07,26669.45
1945-02-08,26683.02
1945-02-09,26560.51
1945-02-13,26933.47
1945-02-14,27081.85
1945-02-15,27258.12
1945-02-16,27244.73
1945-02-19,27430.64
1945-02-20,27491.23
1945-02-21,27469.47
1945-02-23,27428.51
1945-02-26,27303
1945-02-27,27491.63
1945-02-28,27687.06
1945-03-01,27773.14
1945-03-02,27628.96
1945-03-05,27748.21
1945-03-06,27878.87
1945-03-07,27865.17
1945-03-08,27372.21
1945-03-09,26857.85
1945-03-12,27195.13
1945-03-13,27187.21
1945-03-14,27252.7
1945-03-15,27378.3
1945-03-16,27422.35
1945-03-19,27271.92
1945-03-20,26966.72
1945-03-21,26686.5
1945-03-22,26689.4
1945-03-23,26780.38
1945-03-26,26122.75
1945-03-27,26243.14
1945-03-28,26469.07
1945-03-29,26540.77
1945-04-02,26817.83
1945-04-03,26890.48
1945-04-04,26858.44
1945-04-05,26649.18
1945-04-06,26780
1945-04-09,26866.01
1945-04-10,27003.27
1945-04-11,27295.14
1945-04-12,27363.62
1945-04-13,27558.14
1945-04-16,28051.67
1945-04-17,28096.8
1945-04-18,28330.25
1945-04-19,28166.19
1945-04-20,28149.54
1945-04-23,28370.04
1945-04-24,28503.63
1945-04-25,28458.27
1945-04-26,28373.15
1945-04-27,28492.57
1945-04-30,28695.72
1945-05-01,28575.45
1945-05-02,28547.13
1945-05-03,28741.5
1945-05-04,28859.6
1945-05-07,28926.52
1945-05-08,28903.63
1945-05-09,28655.31
1945-05-10,28334.63
1945-05-11,28377.38
1945-05-14,28439.78
1945-05-15,28516.81
1945-05-16,28619.73
1945-05-17,28760.22
1945-05-18,28910.02
1945-05-21,28841.01
1945-05-22,28812.42
1945-05-23,28579.3
1945-05-24,28599.56
1945-05-25,28791.42
1945-05-28,29152.92
1945-05-29,29316.43
1945-05-31,29193.56
1945-06-01,29237.61
1945-06-04,29270.32
1945-06-05,29296.93
1945-06-06,29162.42
1945-06-07,29197.67
1945-06-08,29186.25
1945-06-11,29113.81
1945-06-12,29151.92
1945-06-13,29274.61
1945-06-14,29418.32
1945-06-15,29489.18
1945-06-18,29442.46
1945-06-19,29475.11
1945-06-20,29637.48
1945-06-21,29774.08
1945-06-22,29756.47
1945-06-25,29929.82
1945-06-26,29986.95
1945-06-27,29978.22
1945-06-28,29378.92
1945-06-29,29129.46
1945-07-02,29424.93
1945-07-03,29439.91
1945-07-05,29063.33
1945-07-06,29150.78
1945-07-09,29416.31
1945-07-10,29519.53
1945-07-11,29404.66
1945-07-12,29460.79
1945-07-13,29360.88
1945-07-16,29146.81
1945-07-17,28549.55
1945-07-18,28449.88
1945-07-19,28635.06
1945-07-20,28638.17
1945-07-23,28406.45
1945-07-24,28437.95
1945-07-25,28699.83
1945-07-26,28183.49
1945-07-27,28276.74
1945-07-30,28534.31
1945-07-31,28660.11
1945-08-01,28677.56
1945-08-02,28580.31
1945-08-03,28723.46
1945-08-06,28755.31
1945-08-07,28375.99
1945-08-08,28461.37
1945-08-09,28945.47
1945-08-10,28942.83
1945-08-13,28682.6
1945-08-14,28880.76
1945-08-17,28779.93
1945-08-20,28394.53
1945-08-21,28477.13
1945-08-22,28671.02
1945-08-23,29178.75
1945-08-24,29529.15
1945-08-27,29969.4
1945-08-28,30038.59
1945-08-29,30038.86
1945-08-30,30141.25
1945-08-31,30445.95
1945-09-04,30467.53
1945-09-05,30492.17
1945-09-06,30846.15
1945-09-07,30892.69
1945-09-10,30989.09
1945-09-11,31100.93
1945-09-12,31275.37
1945-09-13,31294.41
1945-09-14,31156.99
1945-09-17,30589.3
1945-09-18,31146.29
1945-09-19,31454.92
1945-09-20,31603.03
1945-09-21,31502.18
1945-09-24,31483.85
1945-09-25,31531.35
1945-09-26,31500.1
1945-09-27,31437.38
1945-09-28,31708.02
1945-10-01,32173.2
1945-10-02,32218.53
1945-10-03,32218.81
1945-10-04,32238.43
1945-10-05,32377.34
1945-10-08,32705.79
1945-10-09,32781.3
1945-10-10,32922.55
1945-10-11,32926.13
1945-10-15,33041.66
1945-10-16,33041.95
1945-10-17,33161.19
1945-10-18,33241.07
1945-10-19,32962.14
1945-10-22,33210.4
1945-10-23,32961.61
1945-10-24,32563.07
1945-10-25,32752.22
1945-10-26,32929.37
1945-10-29,32695.86
1945-10-30,32676.53
1945-10-31,33147.36
1945-11-01,33565.31
1945-11-02,33615.96
1945-11-05,33869.01
1945-11-07,34268.97
1945-11-08,34231.57
1945-11-09,34242.14
1945-11-13,34143.44
1945-11-14,34041.31
1945-11-15,34293.52
1945-11-16,34544.16
1945-11-19,34527.49
1945-11-20,34696.98
1945-11-21,34298.27
1945-11-23,33969.31
1945-11-26,34170.81
1945-11-27,34608.5
1945-11-28,34546.51
1945-11-29,34584.81
1945-11-30,34948.26
1945-12-03,35464.48
1945-12-04,35429.32
1945-12-05,35468.61
1945-12-06,35724.3
1945-12-07,35835.36
1945-12-10,36098.08
1945-12-11,36029.81
1945-12-12,35504.1
1945-12-13,35365.94
1945-12-14,35444.06
1945-12-17,34658.23
1945-12-18,34908.07
1945-12-19,34960.74
1945-12-20,34761.77
1945-12-21,34730.79
1945-12-26,35513.76
1945-12-27,35286.78
1945-12-28,35311.8
1945-12-31,35397.18
1946-01-02,35216.97
1946-01-03,35122.19
1946-01-04,35062.79
1946-01-07,35231.92
1946-01-08,35972.1
1946-01-09,36497.61
1946-01-10,36724.21
1946-01-11,36838.38
1946-01-14,37186.37
1946-01-15,37268.51
1946-01-16,37324.74
1946-01-17,37228.02
1946-01-18,37161.34
1946-01-21,36204.98
1946-01-22,36429.77
1946-01-23,36838.11
1946-01-24,36989.47
1946-01-25,36938.01
1946-01-28,37826.15
1946-01-29,37913.49
1946-01-30,37731.84
1946-01-31,37637.84
1946-02-01,37852.71
1946-02-04,37852.31
1946-02-05,37988.92
1946-02-06,37749.92
1946-02-07,37731.38
1946-02-08,37614.74
1946-02-11,37083.16
1946-02-13,36653.32
1946-02-14,36932.21
1946-02-15,37623.17
1946-02-18,37445.4
1946-02-19,36210.04
1946-02-20,35602.03
1946-02-21,36325.06
1946-02-25,34701.65
1946-02-26,34535.39
1946-02-27,35247.12
1946-02-28,35441.29
1946-03-01,35370.72
1946-03-04,35124
1946-03-05,35549.31
1946-03-06,35432.31
1946-03-07,35705.45
1946-03-08,35980.7
1946-03-11,35757.43
1946-03-12,35872.17
1946-03-13,35284.18
1946-03-14,35263.32
1946-03-15,35640.95
1946-03-18,36289.54
1946-03-19,36148.33
1946-03-20,36434.22
1946-03-21,36649.5
1946-03-22,36745.11
1946-03-25,37438.71
1946-03-26,37442.79
1946-03-27,37203.48
1946-03-28,37159.16
1946-03-29,37438.19
1946-04-01,37502.42
1946-04-02,37544
1946-04-03,38092.48
1946-04-04,38500.4
1946-04-05,38477.64
1946-04-08,38582.3
1946-04-09,39003.18
1946-04-10,38929.42
1946-04-11,38828.55
1946-04-12,38817.24
1946-04-15,38627.77
1946-04-16,39103.23
1946-04-17,39119.21
1946-04-18,39268.21
1946-04-22,39261.08
1946-04-23,39163.27
1946-04-24,38869.89
1946-04-25,38656.45
1946-04-26,38745.7
1946-04-29,39037.28
1946-04-30,39146.92
1946-05-01,39057.23
1946-05-02,38909.16
1946-05-03,38606.01
1946-05-06,38190.82
1946-05-07,38764.02
1946-05-08,38810.88
1946-05-09,38861.68
1946-05-10,39452.72
1946-05-13,39603.14
1946-05-14,39508.45
1946-05-15,39267.79
1946-05-16,39480.18
1946-05-17,39456.84
1946-05-20,39566.86
1946-05-21,39681.95
1946-05-22,39872.78
1946-05-23,39845.22
1946-05-24,39837.6
1946-05-27,40188.52
1946-05-28,40647.02
1946-05-29,40720.55
1946-05-31,40696.47
1946-06-03,40464.86
1946-06-04,40234.57
1946-06-05,39989.49
1946-06-06,39981.85
1946-06-07,40034.18
1946-06-10,40106.59
1946-06-11,39741.97
1946-06-12,39774.12
1946-06-13,40001.18
1946-06-14,39945.53
1946-06-17,39977.84
1946-06-18,39350.54
1946-06-19,39106.91
1946-06-20,38301.65
1946-06-21,38604.58
1946-06-24,38736.17
1946-06-25,38488.6
1946-06-26,38350.38
1946-06-27,39029.52
1946-06-28,39123.53
1946-07-01,39389.92
1946-07-02,39299.67
1946-07-03,39256.79
1946-07-05,39190.4
1946-07-08,39092.76
1946-07-09,39237.75
1946-07-10,39344.04
1946-07-11,39155.54
1946-07-12,38823.06
1946-07-15,38144
1946-07-16,38068.04
1946-07-17,38258.72
1946-07-18,38239.93
1946-07-19,38087.31
1946-07-22,37939.1
1946-07-23,36805.06
1946-07-24,36812.74
1946-07-25,37074.44
1946-07-26,37293.5
1946-07-29,37443
1946-07-30,37667.99
1946-07-31,38078.9
1946-08-01,38269.63
1946-08-02,38304.41
1946-08-05,38113.23
1946-08-06,37980.17
1946-08-07,38299.54
1946-08-08,38491.37
1946-08-09,38395.48
1946-08-12,38445.74
1946-08-13,38684.44
1946-08-14,38665.44
1946-08-15,38294.59
1946-08-16,37984.74
1946-08-19,37882.52
1946-08-20,38113.93
1946-08-21,37816.98
1946-08-22,37212.24
1946-08-23,37428.4
1946-08-26,37215.39
1946-08-27,35987.61
1946-08-28,35646.04
1946-08-29,35778.25
1946-08-30,35606.83
1946-09-03,33150.27
1946-09-04,32898.62
1946-09-05,34047.07
1946-09-06,33676.26
1946-09-09,31895.08
1946-09-10,31091.61
1946-09-11,32009.08
1946-09-12,32047.77
1946-09-13,32640.94
1946-09-16,32886.04
1946-09-17,32662.7
1946-09-18,31621.05
1946-09-19,30701.15
1946-09-20,31429.04
1946-09-23,30926.45
1946-09-24,31458.66
1946-09-25,32207.65
1946-09-26,32559
1946-09-27,32334.63
1946-09-30,31985.7
1946-10-01,31883.63
1946-10-02,32186.8
1946-10-03,32045.47
1946-10-04,31686.84
1946-10-07,31446.82
1946-10-08,31104.33
1946-10-09,30215.02
1946-10-10,30586.93
1946-10-11,31220.35
1946-10-14,31517.22
1946-10-15,32727.76
1946-10-16,32656.04
1946-10-17,32084.85
1946-10-18,32004.92
1946-10-21,32034.2
1946-10-22,31842.28
1946-10-23,31552.79
1946-10-24,31587.78
1946-10-25,31430.12
1946-10-28,30855.97
1946-10-29,30575.45
1946-10-30,30557.38
1946-10-31,31544.65
1946-11-01,32128.51
1946-11-04,32574
1946-11-06,31365.79
1946-11-07,31504.08
1946-11-08,31687.08
1946-11-12,31854.22
1946-11-13,31602.85
1946-11-14,31776.95
1946-11-15,31481.7
1946-11-18,31167.71
1946-11-19,31037.08
1946-11-20,30829.4
1946-11-21,30293.24
1946-11-22,30139.01
1946-11-25,30536.01
1946-11-26,30927.14
1946-11-27,31202.67
1946-11-29,31521.21
1946-12-02,31058.09
1946-12-03,31176.39
1946-12-04,31725.37
1946-12-05,31551.16
1946-12-06,31690.26
1946-12-09,32941.11
1946-12-10,32924.93
1946-12-11,32974.61
1946-12-12,32595.69
1946-12-13,32648.13
1946-12-16,32811.83
1946-12-17,32677.6
1946-12-18,32753.04
1946-12-19,33234.8
1946-12-20,33334.8
1946-12-23,33154.89
1946-12-24,33102.13
1946-12-26,32840.92
1946-12-27,32791.95
1946-12-30,32871.09
1946-12-31,33117.91
1947-01-02,32926.12
1947-01-03,32972.51
1947-01-06,33343.2
1947-01-07,33103.42
1947-01-08,33159.99
1947-01-09,33229.92
1947-01-10,32828.13
1947-01-13,31877.07
1947-01-14,31979.36
1947-01-15,31813.34
1947-01-16,31784.99
1947-01-17,32325.62
1947-01-20,32312.72
1947-01-21,32206.38
1947-01-22,32300.06
1947-01-23,32561.97
1947-01-24,32653.43
1947-01-27,32869.47
1947-01-28,33086.7
1947-01-29,33470.8
1947-01-30,33414.19
1947-01-31,33538.12
1947-02-03,33841.21
1947-02-04,33871.96
1947-02-05,33953.55
1947-02-06,33892.74
1947-02-07,34374.31
1947-02-10,34260.63
1947-02-11,34415.11
1947-02-13,34060.93
1947-02-14,33996.52
1947-02-17,34044.75
1947-02-18,33997.39
1947-02-19,33732.51
1947-02-20,33803.64
1947-02-21,33929.01
1947-02-24,33698.59
1947-02-25,33247.33
1947-02-26,32871.93
1947-02-27,33276.54
1947-02-28,33153.71
1947-03-03,33048.2
1947-03-04,33031.96
1947-03-05,33398.91
1947-03-06,33536.14
1947-03-07,32547.12
1947-03-10,32239.26
1947-03-11,31942.94
1947-03-12,32176.41
1947-03-13,32163.82
1947-03-14,31784.57
1947-03-17,31854.97
1947-03-18,32154.68
1947-03-19,32328.6
1947-03-20,32257.76
1947-03-21,32554.82
1947-03-24,32421.45
1947-03-25,32207.75
1947-03-26,32565.54
1947-03-27,32995.69
1947-03-28,32906.89
1947-03-31,32605.26
1947-04-01,32641.41
1947-04-02,32654.76
1947-04-03,32547.28
1947-04-07,32245.29
1947-04-08,31848.96
1947-04-09,31817.39
1947-04-10,31862.21
1947-04-11,31649.02
1947-04-14,30387.3
1947-04-15,30378.45
1947-04-16,30670.35
1947-04-17,30704.36
1947-04-18,30336.18
1947-04-21,30915.8
1947-04-22,31095.38
1947-04-23,31123.64
1947-04-24,30952.74
1947-04-25,30696.1
1947-04-28,30712.01
1947-04-29,30666.22
1947-04-30,31046.75
1947-05-01,31310.92
1947-05-02,31461.49
1947-05-05,31534.45
1947-05-06,31219.39
1947-05-07,31200.93
1947-05-08,31048.32
1947-05-09,30989.6
1947-05-12,30713.7
1947-05-13,30188.77
1947-05-14,30047.14
1947-05-15,30272.76
1947-05-16,29673.63
1947-05-19,29252.6
1947-05-20,29404.97
1947-05-21,29828.66
1947-05-22,30115.28
1947-05-23,30232.99
1947-05-26,30067.28
1947-05-27,30034.47
1947-05-28,30518.29
1947-05-29,30759.65
1947-06-02,30458.48
1947-06-03,30772.47
1947-06-04,30668.11
1947-06-05,30662.25
1947-06-06,30821.97
1947-06-09,30711.28
1947-06-10,30920.39
1947-06-11,31628.73
1947-06-12,31581.57
1947-06-13,31903.98
1947-06-16,31904.26
1947-06-17,31818.4
1947-06-18,31799.59
1947-06-19,32117.87
1947-06-20,32278.74
1947-06-23,32453.33
1947-06-24,31882.44
1947-06-25,32109.08
1947-06-26,32250.64
1947-06-27,32267.05
1947-06-30,32393.18
1947-07-01,32869.64
1947-07-02,32925.81
1947-07-03,33281.7
1947-07-07,33368.53
1947-07-08,33505.63
1947-07-09,33278.09
1947-07-10,33537.95
1947-07-11,33920.58
1947-07-14,34185.46
1947-07-15,34131.06
1947-07-16,34090.41
1947-07-17,33862.3
1947-07-18,33933.71
1947-07-21,33879.71
1947-07-22,33910.51
1947-07-23,34144.79
1947-07-24,34503.61
1947-07-25,34476.31
1947-07-28,34214.59
1947-07-29,33520.34
1947-07-30,33302.75
1947-07-31,33742.64
1947-08-01,33823.92
1947-08-04,33472.45
1947-08-05,33559.77
1947-08-06,33432.54
1947-08-07,33472.95
1947-08-08,33115.09
1947-08-11,32946.49
1947-08-12,33226.83
1947-08-13,33203.86
1947-08-14,33270.56
1947-08-15,33543.67
1947-08-18,33456.76
1947-08-19,33356.68
1947-08-20,33213.54
1947-08-21,33310.15
1947-08-22,33383.73
1947-08-25,32886.61
1947-08-26,32896.76
1947-08-27,32952.98
1947-08-28,32930.2
1947-08-29,33161
1947-09-02,33327.76
1947-09-03,33295.39
1947-09-04,32863.51
1947-09-05,32795.45
1947-09-08,32356.93
1947-09-09,32409.63
1947-09-10,32702.25
1947-09-11,32824.2
1947-09-12,32733.23
1947-09-15,32603.24
1947-09-16,32871.53
1947-09-17,33342.54
1947-09-18,33243.47
1947-09-19,33177.94
1947-09-22,33135.77
1947-09-23,32715.9
1947-09-24,32801.9
1947-09-25,32619.16
1947-09-26,32574.43
1947-09-29,32718.69
1947-09-30,33001.02
1947-10-01,33163.34
1947-10-02,33163.97
1947-10-03,33386.79
1947-10-06,33471.6
1947-10-07,33465.53
1947-10-08,33282.1
1947-10-09,33439.15
1947-10-10,33546.79
1947-10-14,34058.66
1947-10-15,34181.91
1947-10-16,34209.9
1947-10-17,34248.17
1947-10-20,34640.99
1947-10-21,34593.15
1947-10-22,34503.86
1947-10-23,34545.91
1947-10-24,34097.46
1947-10-27,34153.35
1947-10-28,34177.9
1947-10-29,34038.42
1947-10-30,33616.98
1947-10-31,33832.76
1947-11-03,33861.71
1947-11-05,33669.68
1947-11-06,33687.48
1947-11-07,33621.08
1947-11-10,33750.85
1947-11-12,33680.95
1947-11-13,33466.36
1947-11-14,33480.71
1947-11-17,33506.09
1947-11-18,33761.7
1947-11-19,33867.33
1947-11-20,33983.46
1947-11-21,33868.89
1947-11-24,33664.45
1947-11-25,33564.43
1947-11-26,33515.05
1947-11-28,33224.43
1947-12-01,33359.01
1947-12-02,33433.36
1947-12-03,33186.92
1947-12-04,32995.39
1947-12-05,32534.41
1947-12-08,32799.91
1947-12-09,32948.45
1947-12-10,33025.18
1947-12-11,33072.37
1947-12-12,33288.29
1947-12-15,33694.27
1947-12-16,33658.17
1947-12-17,33770.22
1947-12-18,33744.17
1947-12-19,33876.75
1947-12-22,34084.77
1947-12-23,34198.24
1947-12-24,34175.28
1947-12-26,33919.95
1947-12-29,33728.82
1947-12-30,34026.61
1947-12-31,34201.12
1948-01-02,34342.33
1948-01-05,34034.24
1948-01-06,33831.01
1948-01-07,34034.98
1948-01-08,34233.36
1948-01-09,34111.11
1948-01-12,33925.37
1948-01-13,33464.96
1948-01-14,33425.77
1948-01-15,33326.45
1948-01-16,33330.75
1948-01-19,32882.94
1948-01-20,32900.33
1948-01-21,32578.86
1948-01-22,32328.94
1948-01-23,32245.82
1948-01-26,32205.78
1948-01-27,32258.23
1948-01-28,32517.23
1948-01-29,32836.83
1948-01-30,32847.63
1948-02-02,32882.41
1948-02-03,32692.64
1948-02-04,32098.58
1948-02-05,31749.63
1948-02-06,31804.52
1948-02-09,32003.58
1948-02-10,31121.2
1948-02-11,31038.07
1948-02-13,31029.66
1948-02-16,31488.35
1948-02-17,31558.53
1948-02-18,31515.26
1948-02-19,31446.83
1948-02-20,31315.66
1948-02-24,31411.52
1948-02-25,31597.76
1948-02-26,31437.52
1948-02-27,31300.1
1948-03-01,31622.02
1948-03-02,31806.34
1948-03-03,31893.14
1948-03-04,31801.57
1948-03-05,31840.64
1948-03-08,31765.18
1948-03-09,31572.33
1948-03-10,31709
1948-03-11,31703.57
1948-03-12,31707.65
1948-03-15,31842.65
1948-03-16,31314.98
1948-03-17,31531.96
1948-03-18,31775.66
1948-03-19,32288.16
1948-03-22,33175.21
1948-03-23,33196.07
1948-03-24,33203.67
1948-03-25,33327.48
1948-03-29,33229.52
1948-03-30,33546.16
1948-03-31,34036.9
1948-04-01,34112.76
1948-04-02,34154.68
1948-04-05,34283.17
1948-04-06,34452.14
1948-04-07,34380.79
1948-04-08,34481.48
1948-04-09,34516.96
1948-04-12,34484.41
1948-04-13,34488.85
1948-04-14,34493.29
1948-04-15,34777.13
1948-04-16,34917.24
1948-04-19,35079.79
1948-04-20,35035.2
1948-04-21,35193.87
1948-04-22,35486.99
1948-04-23,35654.8
1948-04-26,35215.21
1948-04-27,35272.57
1948-04-28,35361.76
1948-04-29,35369.85
1948-04-30,35307.21
1948-05-03,35478.15
1948-05-04,35511.11
1948-05-05,35309.72
1948-05-06,35536.72
1948-05-07,35715.42
1948-05-10,35899.91
1948-05-11,36062.49
1948-05-12,36132.05
1948-05-13,36339.04
1948-05-14,37074.14
1948-05-17,37567.02
1948-05-18,37203.7
1948-05-19,37271.74
1948-05-20,37567.26
1948-05-21,37688.56
1948-05-24,37709.53
1948-05-25,37578.63
1948-05-26,37899.13
1948-05-27,37858.54
1948-05-28,37920.2
1948-06-01,37986.14
1948-06-02,38071.18
1948-06-03,37950.83
1948-06-04,37667.67
1948-06-07,37567.43
1948-06-08,38139.91
1948-06-09,38339.72
1948-06-10,38383.38
1948-06-11,38450.12
1948-06-14,38459.31
1948-06-15,38576.18
1948-06-16,38384.79
1948-06-17,38344.06
1948-06-18,38268.86
1948-06-21,37929.75
1948-06-22,37904.67
1948-06-23,38205.59
1948-06-24,38157.41
1948-06-25,38021.52
1948-06-28,37585.75
1948-06-29,37722.52
1948-06-30,37912.59
1948-07-01,37834.45
1948-07-02,38093.19
1948-07-06,38140.38
1948-07-07,38035.07
1948-07-08,38055.56
1948-07-09,38273.95
1948-07-12,38263.96
1948-07-13,38089.43
1948-07-14,38140.42
1948-07-15,37524.03
1948-07-16,37000.15
1948-07-19,35828.68
1948-07-20,36342.42
1948-07-21,36532.81
1948-07-22,36764.39
1948-07-23,36890.81
1948-07-26,36630.32
1948-07-27,36946.76
1948-07-28,36796.71
1948-07-29,36529.53
1948-07-30,36004.92
1948-08-02,35999.11
1948-08-03,36036.51
1948-08-04,36502.78
1948-08-05,36445.79
1948-08-06,36480.01
1948-08-09,36185.94
1948-08-10,35847.19
1948-08-11,35583.31
1948-08-12,35712.79
1948-08-13,35710.61
1948-08-16,35751.28
1948-08-17,36117.33
1948-08-18,36122.34
1948-08-19,36188.76
1948-08-20,36432.63
1948-08-23,36062.43
1948-08-24,36179.23
1948-08-25,36119.13
1948-08-26,36160.26
1948-08-27,36342.47
1948-08-30,36180.34
1948-08-31,36127.47
1948-09-01,36576.13
1948-09-02,36825.54
1948-09-03,36804.14
1948-09-07,36955.72
1948-09-08,36420.56
1948-09-09,35827.59
1948-09-10,35806.77
1948-09-13,35542.47
1948-09-14,35823.93
1948-09-15,35799.52
1948-09-16,35814.52
1948-09-17,35639.7
1948-09-20,34995.29
1948-09-21,35209.42
1948-09-22,35386.13
1948-09-23,35270.02
1948-09-24,35330.64
1948-09-27,34518.7
1948-09-28,34836.93
1948-09-29,35172.01
1948-09-30,35056.61
1948-10-01,35407.83
1948-10-04,35785.53
1948-10-05,35657.38
1948-10-06,35775.72
1948-10-07,35976.74
1948-10-08,35916.25
1948-10-11,35924.82
1948-10-13,36266.78
1948-10-14,36383.52
1948-10-15,36362.37
1948-10-18,36542.18
1948-10-19,36689.03
1948-10-20,36862.16
1948-10-21,36910.78
1948-10-22,37417.15
1948-10-25,37331.91
1948-10-26,37310.22
1948-10-27,37254.95
1948-10-28,37006.05
1948-10-29,37084.45
1948-11-01,37461.12
1948-11-03,35802.3
1948-11-04,36343.58
1948-11-05,34912.33
1948-11-08,35109.45
1948-11-09,34053.32
1948-11-10,33989.26
1948-11-12,34122.45
1948-11-15,34595.61
1948-11-16,34703.51
1948-11-17,34596.58
1948-11-18,34690.64
1948-11-19,34833.52
1948-11-22,34674.27
1948-11-23,34595.17
1948-11-24,34083.81
1948-11-26,34074.23
1948-11-29,33820.11
1948-11-30,33715.9
1948-12-01,34245.87
1948-12-02,34369.8
1948-12-03,34559.48
1948-12-06,34882.59
1948-12-07,34900.69
1948-12-08,34845.51
1948-12-09,34752.08
1948-12-10,34811.81
1948-12-13,35053.24
1948-12-14,34878.63
1948-12-15,34757.21
1948-12-16,34674.45
1948-12-17,34744.45
1948-12-20,34763.15
1948-12-21,34687.33
1948-12-22,34694.92
1948-12-23,34726.8
1948-12-24,34956.65
1948-12-27,34824.47
1948-12-28,34577.87
1948-12-29,34965.79
1948-12-30,34990.93
1948-12-31,34827.13
1949-01-03,34347.87
1949-01-04,34493.46
1949-01-05,34843.18
1949-01-06,35537.91
1949-01-07,35823.6
1949-01-10,35597.02
1949-01-11,35612.64
1949-01-12,35589.09
1949-01-13,35401.85
1949-01-14,35109.39
1949-01-17,35280.88
1949-01-18,35377.51
1949-01-19,35481.48
1949-01-20,35642.52
1949-01-21,35594.01
1949-01-24,35536.13
1949-01-25,35306.52
1949-01-26,35201.97
1949-01-27,35066.05
1949-01-28,34927.15
1949-01-31,34940.3
1949-02-01,35116.35
1949-02-02,35180.93
1949-02-03,35097.86
1949-02-04,34635.93
1949-02-07,33883.74
1949-02-08,33837.62
1949-02-09,34038.57
1949-02-10,33638.24
1949-02-11,33639.54
1949-02-14,33694.67
1949-02-15,33830.76
1949-02-16,34024.91
1949-02-17,34315.44
1949-02-18,34244.71
1949-02-21,34117.38
1949-02-23,33876.47
1949-02-24,33569.51
1949-02-25,33510.39
1949-02-28,33946.56
1949-03-01,34124.4
1949-03-02,34122.31
1949-03-03,34103.16
1949-03-04,34179.51
1949-03-07,34655.39
1949-03-08,34778.03
1949-03-09,34723.73
1949-03-10,34763.28
1949-03-11,35084.45
1949-03-14,35206.51
1949-03-15,34986.07
1949-03-16,34854.48
1949-03-17,34988.28
1949-03-18,34912.67
1949-03-21,34831.65
1949-03-22,34571.76
1949-03-23,34901.53
1949-03-24,35028.53
1949-03-25,34854.75
1949-03-28,34916.78
1949-03-29,35532.67
1949-03-30,35629.98
1949-03-31,35349.89
1949-04-01,35125.02
1949-04-04,35275.45
1949-04-05,35294.46
1949-04-06,35225.24
1949-04-07,35135.02
1949-04-08,35189.08
1949-04-11,35216.28
1949-04-12,35252.87
1949-04-13,35236.61
1949-04-14,35174.55
1949-04-18,35321.66
1949-04-19,35210
1949-04-20,35144.47
1949-04-21,34629.21
1949-04-22,34647.87
1949-04-25,34695.27
1949-04-26,34818.05
1949-04-27,34840.29
1949-04-28,34660.47
1949-04-29,34654.89
1949-05-02,34779.02
1949-05-03,34909.05
1949-05-04,35242.04
1949-05-05,35257.5
1949-05-06,35128.42
1949-05-09,35036.36
1949-05-10,34978.16
1949-05-11,35031.99
1949-05-12,35124.43
1949-05-13,35164.43
1949-05-16,35343.25
1949-05-17,35252.73
1949-05-18,35183.59
1949-05-19,34977.37
1949-05-20,34842.32
1949-05-23,34555.8
1949-05-24,34356.72
1949-05-25,34447.38
1949-05-26,34479.72
1949-05-27,34419
1949-05-31,33728.51
1949-06-01,33648.87
1949-06-02,33687.19
1949-06-03,33503.22
1949-06-06,32991.92
1949-06-07,33049.29
1949-06-08,33272
1949-06-09,33263.31
1949-06-10,33025.1
1949-06-13,32418.72
1949-06-14,32530.2
1949-06-15,33077.97
1949-06-16,33029.64
1949-06-17,33067.26
1949-06-20,33465.35
1949-06-21,33523.54
1949-06-22,33487.96
1949-06-23,33693.54
1949-06-24,33735.28
1949-06-27,33723.09
1949-06-28,33437.75
1949-06-29,33632.99
1949-06-30,33799.1
1949-07-01,34040.38
1949-07-05,34194.89
1949-07-06,34493.71
1949-07-07,34484.7
1949-07-08,34492.93
1949-07-11,34532.22
1949-07-12,34706.22
1949-07-13,35044.21
1949-07-14,35140.19
1949-07-15,35053.71
1949-07-18,35160.23
1949-07-19,35414.75
1949-07-20,35561.32
1949-07-21,35427.57
1949-07-22,35436.03
1949-07-25,35533.08
1949-07-26,35740.55
1949-07-27,35791.98
1949-07-28,35728.94
1949-07-29,35698.17
1949-08-01,35885.19
1949-08-02,35997.82
1949-08-03,35995.62
1949-08-04,35986.22
1949-08-05,36401.46
1949-08-08,36792.37
1949-08-09,36657.66
1949-08-10,36882.7
1949-08-11,36791.92
1949-08-12,36694.01
1949-08-15,36596.36
1949-08-16,36733.19
1949-08-17,37116.64
1949-08-18,37262.83
1949-08-19,37096.6
1949-08-22,36968.2
1949-08-23,36518.62
1949-08-24,36552.9
1949-08-25,36649.36
1949-08-26,36716.75
1949-08-29,36464.83
1949-08-30,36604.81
1949-08-31,36657.48
1949-09-01,36911.84
1949-09-02,36931.73
1949-09-06,36881.46
1949-09-07,37115.24
1949-09-08,37202.05
1949-09-09,37162.57
1949-09-12,37472.46
1949-09-13,38021.01
1949-09-14,37984.47
1949-09-15,37792.22
1949-09-16,37903.28
1949-09-19,37662.17
1949-09-20,36835.07
1949-09-21,37363.24
1949-09-22,37592.61
1949-09-23,37759.47
1949-09-26,37666.54
1949-09-27,37404.33
1949-09-28,37749.91
1949-09-29,37849.52
1949-09-30,37816.93
1949-10-03,37845.6
1949-10-04,38161.19
1949-10-05,38315.31
1949-10-06,38431.75
1949-10-07,38483.2
1949-10-10,38482.34
1949-10-11,38803.24
1949-10-13,38820.27
1949-10-14,38724.72
1949-10-17,38313.71
1949-10-18,38614.04
1949-10-19,38781.58
1949-10-20,38732.67
1949-10-21,38699.31
1949-10-24,38713.97
1949-10-25,38885.82
1949-10-26,39213.97
1949-10-27,39388.03
1949-10-28,39184.74
1949-10-31,39046.71
1949-11-01,39337.18
1949-11-02,39700.6
1949-11-03,39634.65
1949-11-04,39640.16
1949-11-07,39615.41
1949-11-09,39589.22
1949-11-10,39551.17
1949-11-14,39289.28
1949-11-15,39047.21
1949-11-16,39259.58
1949-11-17,39563.41
1949-11-18,39976.4
1949-11-21,39839.13
1949-11-22,39968.16
1949-11-23,40045.65
1949-11-25,39826.95
1949-11-28,39726.37
1949-11-29,39688.19
1949-11-30,39808.79
1949-12-01,40049.19
1949-12-02,40427.21
1949-12-05,40782.67
1949-12-06,40747.55
1949-12-07,40798.02
1949-12-08,40848.57
1949-12-09,40846.07
1949-12-12,41143.74
1949-12-13,41392.2
1949-12-14,41542.81
1949-12-15,41635.82
1949-12-16,41604.13
1949-12-19,41503.43
1949-12-20,41280.93
1949-12-21,41224.74
1949-12-22,41547.89
1949-12-23,41628.44
1949-12-27,41417.75
1949-12-28,41622.31
1949-12-29,41711.33
1949-12-30,41908.99
1950-01-03,41635.86
1950-01-04,42091.3
1950-01-05,42261.3
1950-01-06,42364.37
1950-01-09,42694.28
1950-01-10,42546.51
1950-01-11,42726.85
1950-01-12,41950.88
1950-01-13,41742.76
1950-01-16,41883.91
1950-01-17,42203.86
1950-01-18,42175.95
1950-01-19,42253.51
1950-01-20,42352.33
1950-01-23,42321.7
1950-01-24,42187.91
1950-01-25,41936.42
1950-01-26,41996.76
1950-01-27,42153.78
1950-01-30,42583.81
1950-01-31,42645.08
1950-02-01,42651
1950-02-02,43070.64
1950-02-03,43214.44
1950-02-06,43217.6
1950-02-07,43042.08
1950-02-08,43091.1
1950-02-09,43278.07
1950-02-10,43188.86
1950-02-14,42894.44
1950-02-15,42930.42
1950-02-16,42863.4
1950-02-17,43139.38
1950-02-20,43267.66
1950-02-21,43204.44
1950-02-23,43270.92
1950-02-24,43424.05
1950-02-27,43453.48
1950-02-28,43307.42
1950-03-01,43456.35
1950-03-02,43475.42
1950-03-03,43637.96
1950-03-06,43785.48
1950-03-07,43493.82
1950-03-08,43578.15
1950-03-09,43314.01
1950-03-10,43289.7
1950-03-13,43383.97
1950-03-14,43615.59
1950-03-15,44188.65
1950-03-16,44318.51
1950-03-17,44240.45
1950-03-20,44270.36
1950-03-21,44289.79
1950-03-22,44535.1
1950-03-23,44568
1950-03-24,44556.36
1950-03-27,44309.35
1950-03-28,44444
1950-03-29,44290.17
1950-03-30,43884.42
1950-03-31,43903.68
1950-04-03,44408.69
1950-04-04,44485.91
1950-04-05,44634.44
1950-04-06,45051.27
1950-04-10,45190.04
1950-04-11,44938.73
1950-04-12,45367.4
1950-04-13,45423.6
1950-04-14,45361.77
1950-04-17,45138.66
1950-04-18,45320.97
1950-04-19,45381.64
1950-04-20,45070.27
1950-04-21,45225.26
1950-04-24,44925.45
1950-04-25,44936.18
1950-04-26,44861.54
1950-04-27,45123.47
1950-04-28,45404.99
1950-05-01,45945.95
1950-05-02,45745.57
1950-05-03,46067.56
1950-05-04,45811.37
1950-05-05,46010.14
1950-05-08,46252.95
1950-05-09,46421.26
1950-05-10,46427.7
1950-05-11,46536.29
1950-05-12,46347.3
1950-05-15,46508.67
1950-05-16,46849.99
1950-05-17,47039.21
1950-05-18,47196.26
1950-05-19,47490.71
1950-05-22,47375.29
1950-05-23,47533.47
1950-05-24,47483.03
1950-05-25,47470.63
1950-05-26,47467.72
1950-05-29,47604.3
1950-05-31,47706.11
1950-06-01,47655.49
1950-06-02,47681.17
1950-06-05,47272.96
1950-06-06,47610.43
1950-06-07,47817
1950-06-08,48201.4
1950-06-09,48473.19
1950-06-12,48698.05
1950-06-13,48451.58
1950-06-14,47905.96
1950-06-15,47893.45
1950-06-16,47904.88
1950-06-19,47724.71
1950-06-20,47592.93
1950-06-21,48008.83
1950-06-22,48370.76
1950-06-23,48411.34
1950-06-26,45861.94
1950-06-27,45386.75
1950-06-28,45960.39
1950-06-29,44335.17
1950-06-30,44917.69
1950-07-03,44672.83
1950-07-05,45050.26
1950-07-06,45363.31
1950-07-07,44852.92
1950-07-10,44635.33
1950-07-11,43994.76
1950-07-12,42941.03
1950-07-13,42522.31
1950-07-14,43072.92
1950-07-17,42713.21
1950-07-18,43684.88
1950-07-19,44438.39
1950-07-20,45093.81
1950-07-21,45181.69
1950-07-24,44921.84
1950-07-25,44326.57
1950-07-26,44470.58
1950-07-27,45006.4
1950-07-28,45382.15
1950-07-31,45570.43
1950-08-01,45932.2
1950-08-02,45920.21
1950-08-03,46050.57
1950-08-04,46291.82
1950-08-07,46830.6
1950-08-08,46926.08
1950-08-09,47190.68
1950-08-10,47291.62
1950-08-11,47019.16
1950-08-14,47077.41
1950-08-15,47201.64
1950-08-16,47349.79
1950-08-17,47825.13
1950-08-18,48104.37
1950-08-21,48178.39
1950-08-22,48093.54
1950-08-23,48441.68
1950-08-24,48448.41
1950-08-25,47883.44
1950-08-28,47894.87
1950-08-29,48006.89
1950-08-30,47869.54
1950-08-31,47823.52
1950-09-01,48064.98
1950-09-05,48293.23
1950-09-06,48025.14
1950-09-07,48200.38
1950-09-08,48588.33
1950-09-11,48270.02
1950-09-12,48817.83
1950-09-13,49332.8
1950-09-14,49552.27
1950-09-15,49747.94
1950-09-18,49884.69
1950-09-19,49722.51
1950-09-20,49476.32
1950-09-21,49879.49
1950-09-22,50151.28
1950-09-25,50053.42
1950-09-26,49445.21
1950-09-27,50070.64
1950-09-28,50133.17
1950-09-29,50180.73
1950-10-02,50659.9
1950-10-03,50555.99
1950-10-04,51170.18
1950-10-05,50993.58
1950-10-06,51404.02
1950-10-09,51130.27
1950-10-10,50764.62
1950-10-11,51036.15
1950-10-13,51089.68
1950-10-16,50834.28
1950-10-17,51228.18
1950-10-18,51558.54
1950-10-19,51550.75
1950-10-20,51465.63
1950-10-23,51558.12
1950-10-24,51668.91
1950-10-25,51604.26
1950-10-26,50538.57
1950-10-27,50829.11
1950-10-30,50467.27
1950-10-31,50151.79
1950-11-01,50359.86
1950-11-02,50830.66
1950-11-03,51000.88
1950-11-06,49729.5
1950-11-08,50462.95
1950-11-09,51136.57
1950-11-10,51512.36
1950-11-13,51736.38
1950-11-14,51863.07
1950-11-15,51782.62
1950-11-16,51681.59
1950-11-17,52113.07
1950-11-20,52389.27
1950-11-21,52386.59
1950-11-22,52944.44
1950-11-24,53338.81
1950-11-27,53136.2
1950-11-28,51645.66
1950-11-29,51204.03
1950-11-30,51590.56
1950-12-01,51985.17
1950-12-04,50236.73
1950-12-05,51012.83
1950-12-06,51454.03
1950-12-07,51369.07
1950-12-08,51510.28
1950-12-11,52186.81
1950-12-12,52220.66
1950-12-13,52233.66
1950-12-14,51692.98
1950-12-15,51488.73
1950-12-18,52846.12
1950-12-19,53128.78
1950-12-20,53274.82
1950-12-21,53352.01
1950-12-22,53536.01
1950-12-26,53115.69
1950-12-27,54169.97
1950-12-28,54459.72
1950-12-29,54435.14
1951-01-02,55372.61
1951-01-03,55220.27
1951-01-04,55603.98
1951-01-05,55628.94
1951-01-08,55856.75
1951-01-09,56172.27
1951-01-10,55433.54
1951-01-11,56323.18
1951-01-12,56156.96
1951-01-15,56510.97
1951-01-16,56909.3
1951-01-17,57225.08
1951-01-18,57067.65
1951-01-19,56996.24
1951-01-22,56516.53
1951-01-23,56700.14
1951-01-24,56527.14
1951-01-25,56145.51
1951-01-26,56709.71
1951-01-29,57706.22
1951-01-30,57853.3
1951-01-31,57711.49
1951-02-01,58060.58
1951-02-02,58498.86
1951-02-05,58920.74
1951-02-06,58723.29
1951-02-07,58567.6
1951-02-08,58880.87
1951-02-09,59154.59
1951-02-13,59302.5
1951-02-14,59127.49
1951-02-15,59000.29
1951-02-16,59233.27
1951-02-19,58592.97
1951-02-20,58472.79
1951-02-21,58732.92
1951-02-23,58882.62
1951-02-26,58988.51
1951-02-27,58495.88
1951-02-28,58586.48
1951-03-01,58782.09
1951-03-02,59031.26
1951-03-05,58693.61
1951-03-06,58584.37
1951-03-07,58820.98
1951-03-08,59023.26
1951-03-09,59066.86
1951-03-12,58393.35
1951-03-13,57478.84
1951-03-14,56981
1951-03-15,57057.29
1951-03-16,57978.12
1951-03-19,57784.89
1951-03-20,57694.68
1951-03-21,58025.78
1951-03-22,58219.51
1951-03-26,57647.14
1951-03-27,57683.96
1951-03-28,57034.37
1951-03-29,57184.88
1951-03-30,57541.64
1951-04-02,57087.22
1951-04-03,56970.13
1951-04-04,57229.27
1951-04-05,58033.28
1951-04-06,58239.23
1951-04-09,58215.84
1951-04-10,58113.89
1951-04-11,58012.12
1951-04-12,58583.47
1951-04-13,59347.92
1951-04-16,59287.34
1951-04-17,59379.16
1951-04-18,59601.76
1951-04-19,59330.51
1951-04-20,59303.74
1951-04-23,59303.66
1951-04-24,59039.69
1951-04-25,59125.23
1951-04-26,59642.5
1951-04-27,60188.16
1951-04-30,60266.3
1951-05-01,60462.09
1951-05-02,60634.34
1951-05-03,61079.93
1951-05-04,61113.45
1951-05-07,60820.37
1951-05-08,61036.21
1951-05-09,61173.47
1951-05-10,60864.47
1951-05-11,60550.95
1951-05-14,60169.66
1951-05-15,59252
1951-05-16,59071.21
1951-05-17,59641.17
1951-05-18,58695.79
1951-05-21,58495.97
1951-05-22,58311.64
1951-05-23,57935.46
1951-05-24,57700.75
1951-05-25,57755.5
1951-05-28,58160.27
1951-05-29,58587.68
1951-05-31,58912.77
1951-06-01,58827.87
1951-06-04,58266.58
1951-06-05,58369.06
1951-06-06,58891.98
1951-06-07,59189.9
1951-06-08,59080.92
1951-06-11,59379.8
1951-06-12,59139.83
1951-06-13,59190.62
1951-06-14,59762.33
1951-06-15,60154.3
1951-06-18,60127.76
1951-06-19,60065.16
1951-06-20,59798.4
1951-06-21,59461.06
1951-06-22,58994.82
1951-06-25,58089.77
1951-06-26,58232.6
1951-06-27,58498.07
1951-06-28,57863.88
1951-06-29,57439.09
1951-07-02,57787.11
1951-07-03,58195.01
1951-07-05,59100.46
1951-07-06,59103.93
1951-07-09,59243.35
1951-07-10,59027.63
1951-07-11,59155.06
1951-07-12,59418.82
1951-07-13,59832.31
1951-07-16,59393.07
1951-07-17,59782.62
1951-07-18,59762.22
1951-07-19,59813.54
1951-07-20,59912.76
1951-07-23,60413.56
1951-07-24,61142.08
1951-07-25,61035.62
1951-07-26,61344.38
1951-07-27,61519.76
1951-07-30,61886.34
1951-07-31,61493.91
1951-08-01,61909.53
1951-08-02,62550.84
1951-08-03,62654.6
1951-08-06,63071.81
1951-08-07,63056.59
1951-08-08,62953.11
1951-08-09,62730.18
1951-08-10,62627.23
1951-08-13,62706.06
1951-08-14,62659.58
1951-08-15,62907.64
1951-08-16,63238.46
1951-08-17,63412.92
1951-08-20,63372.26
1951-08-21,63135.18
1951-08-22,62848.47
1951-08-23,63241.82
1951-08-24,63258.19
1951-08-27,63167.02
1951-08-28,63227.59
1951-08-29,63718.16
1951-08-30,64148.82
1951-08-31,64216.74
1951-09-04,64284.73
1951-09-05,64783.51
1951-09-06,64994.62
1951-09-07,65271.42
1951-09-10,65555.93
1951-09-11,65258.23
1951-09-12,65666.67
1951-09-13,65854.4
1951-09-14,65825.34
1951-09-17,65625.15
1951-09-18,65576.51
1951-09-19,65626.27
1951-09-20,65531.69
1951-09-21,65044.06
1951-09-24,64735.67
1951-09-25,64966.05
1951-09-26,65067.32
1951-09-27,64758.83
1951-09-28,64730.26
1951-10-01,65128.92
1951-10-02,65562.6
1951-10-03,65959.83
1951-10-04,65871.37
1951-10-05,65960.87
1951-10-08,65915.92
1951-10-09,65603.4
1951-10-10,65456.37
1951-10-11,65754.78
1951-10-15,66072.01
1951-10-16,65818.21
1951-10-17,65650.95
1951-10-18,65569.47
1951-10-19,64655.35
1951-10-22,62908.55
1951-10-23,63314.86
1951-10-24,63774.45
1951-10-25,63465.71
1951-10-26,62993.45
1951-10-29,62526.24
1951-10-30,62536.17
1951-10-31,63183.97
1951-11-01,63604.07
1951-11-02,63149.22
1951-11-05,62662.44
1951-11-07,62126.6
1951-11-08,62247.67
1951-11-09,62941.66
1951-11-13,63142.45
1951-11-14,63316.02
1951-11-15,63287.45
1951-11-16,63220.92
1951-11-19,63012.14
1951-11-20,62895.49
1951-11-21,62848.25
1951-11-23,62203.98
1951-11-26,62345.62
1951-11-27,62834.96
1951-11-28,62750.06
1951-11-29,63022.95
1951-11-30,63618.44
1951-12-03,64000.63
1951-12-04,64266.16
1951-12-05,64295
1951-12-06,64876.79
1951-12-07,65009.71
1951-12-10,65087.66
1951-12-11,64784.92
1951-12-12,64865.83
1951-12-13,65063.59
1951-12-14,65053.75
1951-12-17,65112.17
1951-12-18,65193.49
1951-12-19,65379.21
1951-12-20,65388.94
1951-12-21,65248.28
1951-12-24,65228.62
1951-12-26,64827.39
1951-12-27,65381.59
1951-12-28,65672.46
1951-12-31,65829.93
1952-01-02,65939.13
1952-01-03,66041.91
1952-01-04,66164.67
1952-01-07,66119.53
1952-01-08,65839.1
1952-01-09,65658.63
1952-01-10,66056.44
1952-01-11,66337.76
1952-01-14,66744.22
1952-01-15,66454.48
1952-01-16,66651.1
1952-01-17,66921.63
1952-01-18,67025.94
1952-01-21,67490.45
1952-01-22,67831.87
1952-01-23,67598.45
1952-01-24,67690.31
1952-01-25,67768.75
1952-01-28,67898.84
1952-01-29,67896.05
1952-01-30,67173.55
1952-01-31,66895.37
1952-02-01,67293.32
1952-02-04,66785.8
1952-02-05,66615.42
1952-02-06,66831.84
1952-02-07,66948.72
1952-02-08,67293.42
1952-02-11,67111.55
1952-02-13,66665.18
1952-02-14,66501.77
1952-02-15,66498.37
1952-02-18,66199.19
1952-02-19,65235.92
1952-02-20,64508.46
1952-02-21,64718.03
1952-02-25,64956.2
1952-02-26,64634.59
1952-02-27,64767.02
1952-02-28,65230.02
1952-02-29,65194.07
1952-03-03,65421.01
1952-03-04,66280.57
1952-03-05,66435.58
1952-03-06,66431.52
1952-03-07,66573.6
1952-03-10,66444.75
1952-03-11,66593.51
1952-03-12,66769.24
1952-03-13,66805.21
1952-03-14,66968.14
1952-03-17,67174.46
1952-03-18,67083.02
1952-03-19,66924.63
1952-03-20,67161.46
1952-03-21,67211.08
1952-03-24,67135.73
1952-03-25,66856.37
1952-03-26,66812.16
1952-03-27,67329.21
1952-03-28,67729.06
1952-03-31,68161.38
1952-04-01,67639.86
1952-04-02,67589.05
1952-04-03,67653.18
1952-04-04,67311.45
1952-04-07,66592.04
1952-04-08,66968.21
1952-04-09,66964.78
1952-04-10,67202.42
1952-04-14,66745.09
1952-04-15,66027.51
1952-04-16,65938.29
1952-04-17,65374.44
1952-04-18,65639.13
1952-04-21,66144.77
1952-04-22,65856.96
1952-04-23,65563.82
1952-04-24,65291.65
1952-04-25,65569.07
1952-04-28,65522.88
1952-04-29,65303.3
1952-04-30,64855.9
1952-05-01,64411.56
1952-05-02,65329.35
1952-05-05,65715.28
1952-05-06,65882.78
1952-05-07,66301.05
1952-05-08,66489.93
1952-05-09,66513.12
1952-05-12,66366.79
1952-05-13,66482.86
1952-05-14,66260.06
1952-05-15,66031.38
1952-05-16,66067.62
1952-05-19,66179.88
1952-05-20,66520.63
1952-05-21,66703.48
1952-05-22,67126.97
1952-05-23,67076.54
1952-05-26,67217.32
1952-05-27,67092.89
1952-05-28,67002.23
1952-05-29,67012.2
1952-06-02,66929.7
1952-06-03,66880.76
1952-06-04,67259.89
1952-06-05,67688.26
1952-06-06,68065.2
1952-06-09,68328.53
1952-06-10,68107.75
1952-06-11,68282.71
1952-06-12,68314.72
1952-06-13,68456.05
1952-06-16,68358.07
1952-06-17,68410.63
1952-06-18,68572.68
1952-06-19,68789.97
1952-06-20,68891.01
1952-06-23,68819.97
1952-06-24,68872.88
1952-06-25,69118.68
1952-06-26,69268.58
1952-06-27,69432.67
1952-06-30,69687.4
1952-07-01,70061.54
1952-07-02,69940.25
1952-07-03,69945.06
1952-07-07,69698.07
1952-07-08,69737.72
1952-07-09,69547.25
1952-07-10,69412.94
1952-07-11,69764.78
1952-07-14,69818.42
1952-07-15,70158.35
1952-07-16,70086.01
1952-07-17,69845.53
1952-07-18,69396.34
1952-07-21,69553.78
1952-07-22,69704.63
1952-07-23,70002.19
1952-07-24,70238.01
1952-07-25,70074.27
1952-07-28,70058.07
1952-07-29,70203.01
1952-07-30,70355.27
1952-07-31,70437.5
1952-08-01,70484.61
1952-08-04,70397.83
1952-08-05,70430.83
1952-08-06,70541.32
1952-08-07,70722.53
1952-08-08,70720.33
1952-08-11,70746.41
1952-08-12,70256.05
1952-08-13,70246.83
1952-08-14,70237.62
1952-08-15,70101.98
1952-08-18,69391.76
1952-08-19,69403.47
1952-08-20,69560.94
1952-08-21,69663.11
1952-08-22,69667.9
1952-08-25,69414.93
1952-08-26,69371.11
1952-08-27,69625.62
1952-08-28,69797.51
1952-08-29,70004.73
1952-09-02,70248.26
1952-09-03,70401.32
1952-09-04,70343.51
1952-09-05,70264.64
1952-09-08,69968.04
1952-09-09,69231.89
1952-09-10,68932.73
1952-09-11,69034.66
1952-09-12,68895.13
1952-09-15,68246.06
1952-09-16,68531.25
1952-09-17,68714.83
1952-09-18,68596.56
1952-09-19,68746.02
1952-09-22,68820.18
1952-09-23,69059.59
1952-09-24,69286.02
1952-09-25,69284.56
1952-09-26,69102.95
1952-09-29,69066.93
1952-09-30,68692.51
1952-10-01,68524.82
1952-10-02,68521.99
1952-10-03,68402.68
1952-10-06,68222.02
1952-10-07,68253.32
1952-10-08,68591.78
1952-10-09,68609.53
1952-10-10,68606.7
1952-10-14,68370.61
1952-10-15,67383.26
1952-10-16,66962.71
1952-10-17,67730.02
1952-10-20,67517.27
1952-10-21,67413.21
1952-10-22,66763.27
1952-10-23,66980.84
1952-10-24,67259.4
1952-10-27,67344.06
1952-10-28,67374.96
1952-10-29,67412.61
1952-10-30,67403.09
1952-10-31,68323.74
1952-11-03,68710.37
1952-11-05,69071.7
1952-11-06,69338.24
1952-11-07,69619.67
1952-11-10,69623.76
1952-11-12,69516.46
1952-11-13,69583.11
1952-11-14,69594.16
1952-11-17,69730.49
1952-11-18,70724.76
1952-11-19,71231.07
1952-11-20,71128.41
1952-11-21,71132.59
1952-11-24,71584.91
1952-11-25,71675.02
1952-11-26,72116.45
1952-11-28,72474.07
1952-12-01,72573.27
1952-12-02,72774.21
1952-12-03,72750.11
1952-12-04,72522.31
1952-12-05,72636.09
1952-12-08,72938.89
1952-12-09,73250.26
1952-12-10,73277.27
1952-12-11,73282.31
1952-12-12,73514.53
1952-12-15,73585.75
1952-12-16,73561.38
1952-12-17,73478.17
1952-12-18,73483.23
1952-12-19,73782.21
1952-12-22,74097.18
1952-12-23,73842.94
1952-12-24,73892.32
1952-12-26,74000.86
1952-12-29,74257.55
1952-12-30,74619.1
1952-12-31,74698.85
1953-01-02,74749.56
1953-01-05,75091.82
1953-01-06,74707.26
1953-01-07,74466.61
1953-01-08,74442.7
1953-01-09,73808.36
1953-01-12,73341.8
1953-01-13,73765.63
1953-01-14,73837.83
1953-01-15,73961.79
1953-01-16,73649.58
1953-01-19,73603.83
1953-01-20,73918.77
1953-01-21,73821.11
1953-01-22,73863.84
1953-01-23,73773.64
1953-01-26,73668.79
1953-01-27,73814.57
1953-01-28,73968.01
1953-01-29,74210.54
1953-01-30,74580.02
1953-02-02,74735.06
1953-02-03,74785.79
1953-02-04,74716.9
1953-02-05,74125.05
1953-02-06,73515.65
1953-02-09,73249.44
1953-02-10,73152.66
1953-02-11,73231.58
1953-02-13,73552.25
1953-02-16,73440.36
1953-02-17,73093.63
1953-02-18,73106.7
1953-02-19,73317.16
1953-02-20,73440.25
1953-02-24,73901.37
1953-02-25,74343.21
1953-02-26,74505.19
1953-02-27,74503.61
1953-03-02,74554.18
1953-03-03,74828.45
1953-03-04,74205.79
1953-03-05,74278.43
1953-03-06,74551.68
1953-03-09,74602.29
1953-03-10,74749.91
1953-03-11,75271.58
1953-03-12,75277.51
1953-03-13,75449.05
1953-03-16,75568.17
1953-03-17,75800.83
1953-03-18,75784.07
1953-03-19,75835.51
1953-03-20,75780.82
1953-03-23,75332.1
1953-03-24,75744.84
1953-03-25,75637.19
1953-03-26,75302.78
1953-03-27,75512.03
1953-03-30,74362.65
1953-03-31,73543.09
1953-04-01,73600.36
1953-04-02,73584.08
1953-04-06,72022.54
1953-04-07,72229.88
1953-04-08,72755.63
1953-04-09,72470.34
1953-04-10,72352.85
1953-04-13,72221.08
1953-04-14,72428.99
1953-04-15,72789.6
1953-04-16,72627.92
1953-04-17,71950.94
1953-04-20,72093.32
1953-04-21,71998.07
1953-04-22,71463.76
1953-04-23,70618.97
1953-04-24,70631.6
1953-04-27,70969.14
1953-04-28,71308.28
1953-04-29,71691.84
1953-04-30,71597.12
1953-05-01,71889.15
1953-05-04,72549.01
1953-05-05,72627.27
1953-05-06,72749.2
1953-05-07,72463.94
1953-05-08,72636.32
1953-05-11,72685.62
1953-05-12,72349.73
1953-05-13,72304.78
1953-05-14,72650.32
1953-05-15,72706.9
1953-05-18,72574.48
1953-05-19,72435.05
1953-05-20,73121.65
1953-05-21,73339.47
1953-05-22,73337.91
1953-05-25,73263.02
1953-05-26,73049.01
1953-05-27,72477.68
1953-05-28,71961.55
1953-05-29,72082.36
1953-06-01,71078.89
1953-06-02,71184
1953-06-03,71161.13
1953-06-04,70583.22
1953-06-05,70715.83
1953-06-08,70579.98
1953-06-09,69223.34
1953-06-10,69166.5
1953-06-11,69759.86
1953-06-12,69988.59
1953-06-15,69420.2
1953-06-16,69217.41
1953-06-17,70074.24
1953-06-18,70086.77
1953-06-19,70092.3
1953-06-22,70462.3
1953-06-23,70862.44
1953-06-24,70790.08
1953-06-25,71078.82
1953-06-26,71041.77
1953-06-29,70933.7
1953-06-30,70854.17
1953-07-01,71134.67
1953-07-02,71387.83
1953-07-03,71577.63
1953-07-06,71667.74
1953-07-07,71929.95
1953-07-08,71962.96
1953-07-09,71729.71
1953-07-10,71655.03
1953-07-13,70964.19
1953-07-14,70876.11
1953-07-15,71085.82
1953-07-16,71246.38
1953-07-17,71599.68
1953-07-20,71267.37
1953-07-21,71107.65
1953-07-22,71182.94
1953-07-23,71329.49
1953-07-24,71362.22
1953-07-27,70952.51
1953-07-28,70992.16
1953-07-29,71379.7
1953-07-30,72040.59
1953-07-31,72649.96
1953-08-03,72931.76
1953-08-04,72922.92
1953-08-05,73059.93
1953-08-06,73357.93
1953-08-07,73334.37
1953-08-10,73281.48
1953-08-11,73243.28
1953-08-12,73564
1953-08-13,73555.09
1953-08-14,73318.15
1953-08-17,73147.97
1953-08-18,72802.62
1953-08-19,72349.7
1953-08-20,72384.34
1953-08-21,72498.63
1953-08-24,71699.6
1953-08-25,71318.08
1953-08-26,71131.14
1953-08-27,70845.11
1953-08-28,70687.75
1953-08-31,69456.28
1953-09-01,69753.47
1953-09-02,70212.37
1953-09-03,70049.39
1953-09-04,70244.04
1953-09-08,70397.09
1953-09-09,70423.76
1953-09-10,69823.67
1953-09-11,68844.65
1953-09-14,67597.11
1953-09-15,68082.37
1953-09-16,68584.74
1953-09-17,68638.16
1953-09-18,68245.46
1953-09-21,68080.23
1953-09-22,68984.25
1953-09-23,69238.03
1953-09-24,69250.41
1953-09-25,69449.77
1953-09-28,69871.94
1953-09-29,69961.3
1953-09-30,69721.95
1953-10-01,70144.38
1953-10-02,70422.07
1953-10-05,70144.52
1953-10-06,69797.92
1953-10-07,70311.55
1953-10-08,70470.37
1953-10-09,70516.8
1953-10-13,70379.91
1953-10-14,70700.76
1953-10-15,71539.19
1953-10-16,71965.48
1953-10-19,72084.85
1953-10-20,72139.55
1953-10-21,72158.22
1953-10-22,72400.59
1953-10-23,72477.25
1953-10-26,72307.56
1953-10-27,72094.89
1953-10-28,72250.53
1953-10-29,72970.06
1953-10-30,73010.84
1953-11-02,73327.62
1953-11-04,73411.12
1953-11-05,73927.85
1953-11-06,73975.08
1953-11-09,73911.37
1953-11-10,73515.12
1953-11-12,73738.51
1953-11-13,73918.35
1953-11-16,73514.67
1953-11-17,73216.11
1953-11-18,73380.03
1953-11-19,73720.42
1953-11-20,73767.52
1953-11-23,73667.1
1953-11-24,74053.03
1953-11-25,74248.44
1953-11-27,74719.09
1953-11-30,75132.95
1953-12-01,75220.01
1953-12-02,75698.32
1953-12-03,75854.17
1953-12-04,75775.19
1953-12-07,75643.25
1953-12-08,75375.38
1953-12-09,75372.28
1953-12-10,75271.19
1953-12-11,75260.56
1953-12-14,75091.89
1953-12-15,75096.31
1953-12-16,75769.08
1953-12-17,75720.5
1953-12-18,75929.4
1953-12-21,75804.78
1953-12-22,75202.8
1953-12-23,75147.06
1953-12-24,75444.55
1953-12-28,75117.03
1953-12-29,74625.68
1953-12-30,75137.52
1953-12-31,75239.62
1954-01-04,75792.54
1954-01-05,76288.89
1954-01-06,76437.57
1954-01-07,76189.05
1954-01-08,75888.02
1954-01-11,75512.28
1954-01-12,75901.08
1954-01-13,76299.47
1954-01-14,76654.17
1954-01-15,77340.13
1954-01-18,77405.78
1954-01-19,77966.88
1954-01-20,78181.2
1954-01-21,78177.19
1954-01-22,78360.82
1954-01-25,78638.9
1954-01-26,79224.67
1954-01-27,79006.71
1954-01-28,79034.27
1954-01-29,79180.39
1954-02-01,79009.26
1954-02-02,78901.72
1954-02-03,79346.63
1954-02-04,79873.39
1954-02-05,80148.06
1954-02-08,80135.15
1954-02-09,80162.3
1954-02-10,80045.16
1954-02-11,79944.21
1954-02-12,80203.14
1954-02-15,79941.58
1954-02-16,79321.14
1954-02-17,79538.38
1954-02-18,79931.21
1954-02-19,79838.39
1954-02-23,79578.02
1954-02-24,79533.36
1954-02-25,79870.49
1954-02-26,80568.46
1954-03-01,80989.74
1954-03-02,81194.55
1954-03-03,81221.25
1954-03-04,81426.64
1954-03-05,81779.12
1954-03-08,81609.74
1954-03-09,81783.47
1954-03-10,82031.18
1954-03-11,82410.88
1954-03-12,82339.09
1954-03-15,82069.74
1954-03-16,82096.73
1954-03-17,82189.4
1954-03-18,82619.15
1954-03-19,82935.48
1954-03-22,82896.41
1954-03-23,82326.81
1954-03-24,81942.24
1954-03-25,81870.86
1954-03-26,82380.82
1954-03-29,82712.71
1954-03-30,82963.23
1954-03-31,83604.44
1954-04-01,84209.64
1954-04-02,84288.69
1954-04-05,84342.54
1954-04-06,83578.29
1954-04-07,84041.22
1954-04-08,84649.58
1954-04-09,85025.32
1954-04-12,84969.1
1954-04-13,85125.34
1954-04-14,85733.04
1954-04-15,86079.3
1954-04-19,85626.42
1954-04-20,85663.99
1954-04-21,85590.22
1954-04-22,85773.28
1954-04-23,86119.7
1954-04-26,86217.78
1954-04-27,85867.63
1954-04-28,86068.46
1954-04-29,87121.83
1954-04-30,87238.47
1954-05-03,87136.3
1954-05-04,87243.37
1954-05-05,87210.99
1954-05-06,87667
1954-05-07,88020.19
1954-05-10,88101.95
1954-05-11,87796.13
1954-05-12,88465.91
1954-05-13,88238.44
1954-05-14,88673.36
1954-05-17,88870.99
1954-05-18,89015.75
1954-05-19,88840.28
1954-05-20,89153.78
1954-05-21,89611.03
1954-05-24,89649.46
1954-05-25,89445.85
1954-05-26,89931.43
1954-05-27,89754.16
1954-05-28,89990.11
1954-06-01,90154.68
1954-06-02,89995
1954-06-03,90051.59
1954-06-04,89883.09
1954-06-07,89768.83
1954-06-08,87940.13
1954-06-09,87546.93
1954-06-10,88039.72
1954-06-11,88623.32
1954-06-14,88679.04
1954-06-15,89346.69
1954-06-16,90010.43
1954-06-17,89923.01
1954-06-18,89961.57
1954-06-21,90117.1
1954-06-22,90209.81
1954-06-23,90365.77
1954-06-24,90892.49
1954-06-25,90967.82
1954-06-28,91534.45
1954-06-29,91537.08
1954-06-30,91045.42
1954-07-01,91065.34
1954-07-02,91968.6
1954-07-06,92761.26
1954-07-07,92781.56
1954-07-08,92644.13
1954-07-09,93081.3
1954-07-12,93176.13
1954-07-13,92926.31
1954-07-14,93169.67
1954-07-15,93450.93
1954-07-16,93097.57
1954-07-19,92820.03
1954-07-20,92589.73
1954-07-21,93285.89
1954-07-22,94033.93
1954-07-23,94204.96
1954-07-26,94225.58
1954-07-27,94632.52
1954-07-28,94851.95
1954-07-29,95204.69
1954-07-30,95606.34
1954-08-02,95875.84
1954-08-03,96117.33
1954-08-04,96128.75
1954-08-05,95947.91
1954-08-06,94788.75
1954-08-09,94392.42
1954-08-10,95196.53
1954-08-11,96017.01
1954-08-12,95865.19
1954-08-13,96135.41
1954-08-16,96839.01
1954-08-17,96831.15
1954-08-18,96929.8
1954-08-19,97193.33
1954-08-20,97311.79
1954-08-23,96671.37
1954-08-24,96325.17
1954-08-25,95749.03
1954-08-26,95463.58
1954-08-27,95694.49
1954-08-30,94796.76
1954-08-31,93395.55
1954-09-01,94165.02
1954-09-02,94771.33
1954-09-03,95381.55
1954-09-07,95833.54
1954-09-08,95952.26
1954-09-09,96176.68
1954-09-10,96507.41
1954-09-13,97138.45
1954-09-14,97453.07
1954-09-15,97300.92
1954-09-16,97645.25
1954-09-17,98254.44
1954-09-20,97894.71
1954-09-21,98436.93
1954-09-22,99021.53
1954-09-23,99431.36
1954-09-24,99932.38
1954-09-27,100136.12
1954-09-28,100260.17
1954-09-29,99853
1954-09-30,99447.47
1954-10-01,99569.68
1954-10-04,100070.39
1954-10-05,100413.52
1954-10-06,100657.4
1954-10-07,100448.92
1954-10-08,100431.72
1954-10-11,99791.85
1954-10-12,99425.5
1954-10-13,99368.71
1954-10-14,98228.83
1954-10-15,97917.33
1954-10-18,98233.49
1954-10-19,98531.02
1954-10-20,99134.89
1954-10-21,99266.63
1954-10-22,99388.6
1954-10-25,98824.95
1954-10-26,98758.62
1954-10-27,98761.47
1954-10-28,98537.16
1954-10-29,97850.24
1954-11-01,98293.39
1954-11-03,100242.43
1954-11-04,101257.76
1954-11-05,101230.3
1954-11-08,102113.92
1954-11-09,102504.9
1954-11-10,102866.62
1954-11-11,103630.79
1954-11-12,103944.67
1954-11-15,103874.91
1954-11-16,104407.66
1954-11-17,104765.65
1954-11-18,104276.27
1954-11-19,104612.96
1954-11-22,105201.81
1954-11-23,106446.22
1954-11-24,106715.4
1954-11-26,107497.5
1954-11-29,107769.34
1954-11-30,107136.61
1954-12-01,106637.22
1954-12-02,107366.49
1954-12-03,108369.17
1954-12-06,109131.96
1954-12-07,109398.11
1954-12-08,109402.36
1954-12-09,109034.63
1954-12-10,108842.6
1954-12-13,108694.45
1954-12-14,107937.81
1954-12-15,108395.33
1954-12-16,109429.3
1954-12-17,110101.06
1954-12-20,110898.06
1954-12-21,111068.71
1954-12-22,111039.7
1954-12-23,111155.05
1954-12-27,110425.74
1954-12-28,111434.9
1954-12-29,112341.85
1954-12-30,112436.08
1954-12-31,113126.31
1955-01-03,114352.46
1955-01-04,113876.62
1955-01-05,111466.85
1955-01-06,109944.08
1955-01-07,111168.73
1955-01-10,112762.76
1955-01-11,112564.16
1955-01-12,112320.89
1955-01-13,111774.88
1955-01-14,111354.47
1955-01-17,109243.06
1955-01-18,109979.22
1955-01-19,110522.39
1955-01-20,110814.04
1955-01-21,111549.71
1955-01-24,111699.05
1955-01-25,111580.52
1955-01-26,112377.07
1955-01-27,112561.24
1955-01-28,113038.36
1955-01-31,113890.54
1955-02-01,114373.3
1955-02-02,114263.36
1955-02-03,114142.11
1955-02-04,115322.2
1955-02-07,115649.58
1955-02-08,114728.87
1955-02-09,115960.92
1955-02-10,116869.92
1955-02-11,117073.13
1955-02-14,116784.99
1955-02-15,117151.56
1955-02-16,116851.51
1955-02-17,117007.95
1955-02-18,117328.42
1955-02-21,117403.37
1955-02-23,117490.11
1955-02-24,116918.96
1955-02-25,116806.58
1955-02-28,117406.83
1955-03-01,117787.09
1955-03-02,118733.96
1955-03-03,119059.15
1955-03-04,119528.1
1955-03-07,119066.58
1955-03-08,116892.28
1955-03-09,115470.73
1955-03-10,116387.43
1955-03-11,114599.58
1955-03-14,111819.26
1955-03-15,113959.34
1955-03-16,115034.99
1955-03-17,115522.6
1955-03-18,115700.36
1955-03-21,115080.07
1955-03-22,115694.46
1955-03-23,117075.72
1955-03-24,118063.7
1955-03-25,118387.05
1955-03-28,117989.13
1955-03-29,118099.9
1955-03-30,117065.2
1955-03-31,117327.29
1955-04-01,118306.83
1955-04-04,118135.15
1955-04-05,118589.83
1955-04-06,118809.08
1955-04-07,119290.11
1955-04-11,119558.37
1955-04-12,120090.27
1955-04-13,120432.38
1955-04-14,120534.6
1955-04-15,121022.63
1955-04-18,121754.67
1955-04-19,121565.8
1955-04-20,121790.56
1955-04-21,121699.07
1955-04-22,120792.26
1955-04-25,121112.22
1955-04-26,121808.47
1955-04-27,121327.18
1955-04-28,120350.35
1955-04-29,121078.33
1955-05-02,121244.06
1955-05-03,120221.83
1955-05-04,120374.37
1955-05-05,120948.41
1955-05-06,121319.58
1955-05-09,121461.38
1955-05-10,121226.82
1955-05-11,120107.75
1955-05-12,119419.39
1955-05-13,120108.29
1955-05-16,118891.45
1955-05-17,118840.19
1955-05-18,119763.44
1955-05-19,120574.09
1955-05-20,121378.18
1955-05-23,120609.71
1955-05-24,120750.68
1955-05-25,121338.59
1955-05-26,122196.31
1955-05-27,122375.79
1955-05-31,122420.93
1955-06-01,122647.26
1955-06-02,123008.92
1955-06-03,123802.19
1955-06-06,124464.38
1955-06-07,125329.26
1955-06-08,125987.09
1955-06-09,125350.7
1955-06-10,125996.11
1955-06-13,127123.63
1955-06-14,127104.41
1955-06-15,127974.92
1955-06-16,128173.13
1955-06-17,128538.27
1955-06-20,128840.18
1955-06-21,129426.25
1955-06-22,129678.48
1955-06-23,129827.45
1955-06-24,129976.6
1955-06-27,130086.93
1955-06-28,129637.97
1955-06-29,129812.83
1955-06-30,130546.12
1955-07-01,131061.62
1955-07-05,132260.68
1955-07-06,133854.26
1955-07-07,132000.22
1955-07-08,131874.66
1955-07-11,132500.91
1955-07-12,132335.12
1955-07-13,131084.4
1955-07-14,131366.08
1955-07-15,131924.23
1955-07-18,131732.78
1955-07-19,130975.16
1955-07-20,131282.79
1955-07-21,132286.95
1955-07-22,133232.64
1955-07-25,133878.66
1955-07-26,133871.81
1955-07-27,133945.28
1955-07-28,133308.88
1955-07-29,133142.09
1955-08-01,131633.43
1955-08-02,131787.28
1955-08-03,132073.1
1955-08-04,130444.49
1955-08-05,131144.82
1955-08-08,130511.23
1955-08-09,129162.9
1955-08-10,129352.61
1955-08-11,130448.07
1955-08-12,130822.3
1955-08-15,130635.07
1955-08-16,129951.7
1955-08-17,129908.66
1955-08-18,129904.61
1955-08-19,130095.41
1955-08-22,129961.26
1955-08-23,131191.84
1955-08-24,131699.39
1955-08-25,132301.1
1955-08-26,132826.18
1955-08-29,132941.58
1955-08-30,132977.32
1955-08-31,133651.35
1955-09-01,134036.11
1955-09-02,134623.03
1955-09-06,135387.53
1955-09-07,135438.81
1955-09-08,135706.82
1955-09-09,135893.93
1955-09-12,136516.17
1955-09-13,137386.98
1955-09-14,137713.79
1955-09-15,137545.62
1955-09-16,138161.66
1955-09-19,138200.18
1955-09-20,138155.79
1955-09-21,138760.75
1955-09-22,138827.19
1955-09-23,139379.56
1955-09-26,130302.99
1955-09-27,133140.84
1955-09-28,134842.22
1955-09-29,134030.31
1955-09-30,133370.72
1955-10-03,130395.06
1955-10-04,131032.54
1955-10-05,131712.44
1955-10-06,131184.12
1955-10-07,130185.65
1955-10-10,126864.46
1955-10-11,125949.61
1955-10-12,127686.31
1955-10-13,127518.89
1955-10-14,127326.18
1955-10-17,127732.2
1955-10-18,128280.02
1955-10-19,129343.31
1955-10-20,130557.69
1955-10-21,130699.84
1955-10-24,131456.44
1955-10-25,130837.12
1955-10-26,130037.55
1955-10-27,129776.02
1955-10-28,130137.94
1955-10-31,130045.39
1955-11-01,130081.65
1955-11-02,130326.05
1955-11-03,132160.88
1955-11-04,133942.25
1955-11-07,134729.67
1955-11-09,135885.49
1955-11-10,135733.14
1955-11-11,136802.56
1955-11-14,138796.97
1955-11-15,139002.23
1955-11-16,138679.58
1955-11-17,138135.79
1955-11-18,137925.66
1955-11-21,137122.77
1955-11-22,138285.4
1955-11-23,138683.5
1955-11-25,139179.82
1955-11-28,138620.16
1955-11-29,139102.39
1955-11-30,139433.29
1955-12-01,139236.52
1955-12-02,139624.82
1955-12-05,140349.31
1955-12-06,140502.12
1955-12-07,140331.95
1955-12-08,140975.91
1955-12-09,141058.91
1955-12-12,140126.35
1955-12-13,140152.8
1955-12-14,139282.29
1955-12-15,139322.51
1955-12-16,139780.72
1955-12-19,139667.33
1955-12-20,139554.03
1955-12-21,140710.77
1955-12-22,141032.83
1955-12-23,141271.01
1955-12-27,140902.12
1955-12-28,140576.47
1955-12-29,140659.24
1955-12-30,141811.08
1956-01-03,140903.32
1956-01-04,140170.45
1956-01-05,140352.51
1956-01-06,140997.96
1956-01-09,139221.22
1956-01-10,138190.82
1956-01-11,139061.25
1956-01-12,139923.27
1956-01-13,139881.12
1956-01-16,138468.16
1956-01-17,139132.64
1956-01-18,138019.41
1956-01-19,136625.25
1956-01-20,135655.05
1956-01-23,135166.53
1956-01-24,136910.02
1956-01-25,137416.42
1956-01-26,136687.95
1956-01-27,136373.41
1956-01-30,136673.27
1956-01-31,137807.49
1956-02-01,138620.39
1956-02-02,138911.33
1956-02-03,140189.15
1956-02-06,140188.98
1956-02-07,139908.44
1956-02-08,138495.19
1956-02-09,137123.93
1956-02-10,137507.71
1956-02-13,137383.79
1956-02-14,136875.31
1956-02-15,138490.27
1956-02-16,138282.37
1956-02-17,140273.47
1956-02-20,140399.55
1956-02-21,140666.14
1956-02-23,142185.17
1956-02-24,143166.08
1956-02-27,143094.33
1956-02-28,143666.53
1956-02-29,143307.2
1956-03-01,144162.57
1956-03-02,145210.46
1956-03-05,146106.24
1956-03-06,145999.4
1956-03-07,146009.45
1956-03-08,146530.53
1956-03-09,148196.41
1956-03-12,149288.44
1956-03-13,149298.71
1956-03-14,150219.71
1956-03-15,151131.36
1956-03-16,151217.33
1956-03-19,152104.79
1956-03-20,152510.73
1956-03-21,151179.13
1956-03-22,152096.61
1956-03-23,152776.3
1956-03-26,152832.64
1956-03-27,152002.58
1956-03-28,152590.65
1956-03-29,152982.63
1956-04-02,154005.9
1956-04-03,153619.16
1956-04-04,154047.57
1956-04-05,153398.85
1956-04-06,154194.81
1956-04-09,153437.53
1956-04-10,151410.44
1956-04-11,152604.88
1956-04-12,151763.85
1956-04-13,151853.21
1956-04-16,151836.32
1956-04-17,151758.71
1956-04-18,151453.49
1956-04-19,150921.71
1956-04-20,151644.44
1956-04-23,151597.25
1956-04-24,150352.46
1956-04-25,149974.9
1956-04-26,151158.02
1956-04-27,152622.56
1956-04-30,153673.95
1956-05-01,153212.74
1956-05-02,153304.49
1956-05-03,153978.85
1956-05-04,154794.75
1956-05-07,154345.66
1956-05-08,153913.31
1956-05-09,153959.3
1956-05-10,151896.06
1956-05-11,152199.68
1956-05-14,150540.52
1956-05-15,149742.47
1956-05-16,149517.68
1956-05-17,150623.93
1956-05-18,150217.07
1956-05-21,148669.66
1956-05-22,146811.11
1956-05-23,146253.05
1956-05-24,144380.84
1956-05-25,144423.98
1956-05-28,142690.72
1956-05-29,145901.09
1956-05-31,146032.23
1956-06-01,146760.76
1956-06-04,147434.21
1956-06-05,147565.25
1956-06-06,147076.64
1956-06-07,147972.16
1956-06-08,145395.79
1956-06-11,147138.91
1956-06-12,149035.36
1956-06-13,149421.18
1956-06-14,149075.84
1956-06-15,149372.32
1956-06-18,148489.35
1956-06-19,149007.41
1956-06-20,149422.96
1956-06-21,150153.46
1956-06-22,150016.64
1956-06-25,149399.89
1956-06-26,150279.68
1956-06-27,151194.71
1956-06-28,151404.69
1956-06-29,151402.99
1956-07-02,151433.09
1956-07-03,152371.8
1956-07-05,153636.3
1956-07-06,154342.85
1956-07-09,154913.73
1956-07-10,155564.18
1956-07-11,155952.91
1956-07-12,155578.44
1956-07-13,156325.03
1956-07-16,157403.48
1956-07-17,157985.69
1956-07-18,157890.71
1956-07-19,157937.89
1956-07-20,158285.16
1956-07-23,158395.78
1956-07-24,158253.03
1956-07-25,158569.35
1956-07-26,158918.01
1956-07-27,157884.86
1956-07-30,157900.46
1956-07-31,158958.2
1956-08-01,159175.79
1956-08-02,160014.45
1956-08-03,159769.44
1956-08-06,157543.66
1956-08-07,158720.32
1956-08-08,159667.7
1956-08-09,159854.32
1956-08-10,159177.94
1956-08-13,157979.14
1956-08-14,158558.74
1956-08-15,158537.94
1956-08-16,158390.31
1956-08-17,158385.37
1956-08-20,156907.44
1956-08-21,155223.64
1956-08-22,154582.38
1956-08-23,155876.05
1956-08-24,155995.89
1956-08-27,155133.05
1956-08-28,154585.24
1956-08-29,153977.54
1956-08-30,152556.14
1956-08-31,154168.48
1956-09-04,155339.98
1956-09-05,155914.55
1956-09-06,156101.46
1956-09-07,155289.55
1956-09-10,154668.21
1956-09-11,153693.61
1956-09-12,152878.85
1956-09-13,152634.07
1956-09-14,153259.68
1956-09-17,152952.98
1956-09-18,151775.06
1956-09-19,150378.55
1956-09-20,150002.42
1956-09-21,151052.26
1956-09-24,150251.51
1956-09-25,148192.88
1956-09-26,148133.43
1956-09-27,147511.09
1956-09-28,146522.59
1956-10-01,144311.39
1956-10-02,146823.68
1956-10-03,149027.33
1956-10-04,148969.03
1956-10-05,149521.53
1956-10-08,149552.75
1956-10-09,148866.13
1956-10-10,150430.53
1956-10-11,150657.5
1956-10-12,151065.6
1956-10-15,151112.26
1956-10-16,150554.47
1956-10-17,149516.97
1956-10-18,149772.47
1956-10-19,149743.83
1956-10-22,149460.64
1956-10-23,149372.28
1956-10-24,148805.98
1956-10-25,148375.75
1956-10-26,149697.61
1956-10-29,149968.38
1956-10-30,149684.76
1956-10-31,147650.37
1956-11-01,150248.84
1956-11-02,151510.75
1956-11-05,153631.72
1956-11-07,152694.38
1956-11-08,151579.53
1956-11-09,150851.77
1956-11-12,151620.93
1956-11-13,151590.43
1956-11-14,150620.07
1956-11-15,149881.85
1956-11-16,149776.76
1956-11-19,148263.83
1956-11-20,147403.73
1956-11-21,147079.26
1956-11-23,148476.34
1956-11-26,148015.89
1956-11-27,148074.92
1956-11-28,146623.61
1956-11-29,146271.54
1956-11-30,148494.69
1956-12-03,150843.7
1956-12-04,150756.03
1956-12-05,152191.05
1956-12-06,153000.52
1956-12-07,153416.5
1956-12-10,152974.48
1956-12-11,152304.27
1956-12-12,151362.85
1956-12-13,152410.1
1956-12-14,152717.78
1956-12-17,152659.57
1956-12-18,152692.97
1956-12-19,152298.84
1956-12-20,151372.69
1956-12-21,152283.77
1956-12-26,152667.34
1956-12-27,152563.35
1956-12-28,152947.63
1956-12-31,153516.41
1957-01-02,152413.98
1957-01-03,153636.16
1957-01-04,153915.59
1957-01-07,153225.87
1957-01-08,153044.88
1957-01-09,152772.28
1957-01-10,153355.68
1957-01-11,153220.55
1957-01-14,152135.56
1957-01-15,150464.93
1957-01-16,150392.53
1957-01-17,149959.22
1957-01-18,148147.54
1957-01-21,147661.44
1957-01-22,148151.5
1957-01-23,148998.75
1957-01-24,149374.05
1957-01-25,148629.99
1957-01-28,147622.1
1957-01-29,147979.17
1957-01-30,148781.04
1957-01-31,148397.01
1957-02-01,147837.37
1957-02-04,147575.52
1957-02-05,145735.08
1957-02-06,145972.46
1957-02-07,145465.76
1957-02-08,144873.54
1957-02-11,142385.89
1957-02-12,141635.35
1957-02-13,143848.94
1957-02-14,143939.39
1957-02-15,145728.39
1957-02-18,145426.55
1957-02-19,145736.14
1957-02-20,146410.73
1957-02-21,145858.58
1957-02-25,145891.96
1957-02-26,146187.94
1957-02-27,145943.64
1957-02-28,145685.14
1957-03-01,146997.59
1957-03-04,148013.17
1957-03-05,148650.93
1957-03-06,149127.92
1957-03-07,148756.42
1957-03-08,148251.96
1957-03-11,147467.53
1957-03-12,147454.08
1957-03-13,148295.87
1957-03-14,148445.47
1957-03-15,148654.6
1957-03-18,148076.16
1957-03-19,148625.34
1957-03-20,148834.73
1957-03-21,148895.57
1957-03-22,148673.54
1957-03-25,148065.29
1957-03-26,148303.5
1957-03-27,148764.54
1957-03-28,149286.53
1957-03-29,149093.77
1957-04-01,149096.58
1957-04-02,149993.96
1957-04-03,150536.76
1957-04-04,150193.36
1957-04-05,150316.34
1957-04-08,150379.29
1957-04-09,151660.34
1957-04-10,152482.16
1957-04-11,152622.27
1957-04-12,152930.38
1957-04-15,152765.03
1957-04-16,152890.12
1957-04-17,153244.64
1957-04-18,154320.24
1957-04-22,154492.89
1957-04-23,155376.41
1957-04-24,155643.47
1957-04-25,155163.9
1957-04-26,154996.14
1957-04-29,155603.54
1957-04-30,155793.19
1957-05-01,156668.56
1957-05-02,157830.86
1957-05-03,157739.13
1957-05-06,157552.81
1957-05-07,157303.69
1957-05-08,157951.59
1957-05-09,158175.7
1957-05-10,158874.64
1957-05-13,160021.53
1957-05-14,159352.45
1957-05-15,159753.83
1957-05-16,160443.77
1957-05-17,160928.12
1957-05-20,161381.75
1957-05-21,161513.89
1957-05-22,160983.93
1957-05-23,160858.17
1957-05-24,161086.4
1957-05-27,159671.87
1957-05-28,159467.3
1957-05-29,160809.82
1957-05-31,161552.57
1957-06-03,161264.82
1957-06-04,161074.33
1957-06-05,161125.69
1957-06-06,162159.92
1957-06-07,162227.83
1957-06-10,161192.63
1957-06-11,163242.81
1957-06-12,163523.39
1957-06-13,163804.46
1957-06-14,163791.16
1957-06-17,164072.68
1957-06-18,163370.26
1957-06-19,161886.66
1957-06-20,160983.14
1957-06-21,160068.56
1957-06-24,158903.07
1957-06-25,159970.71
1957-06-26,159733.77
1957-06-27,160327.79
1957-06-28,160715.59
1957-07-01,161025.58
1957-07-02,162431.14
1957-07-03,163735.27
1957-07-05,165017.12
1957-07-08,165648.94
1957-07-09,165239.59
1957-07-10,166367.98
1957-07-11,165740.57
1957-07-12,166441.46
1957-07-15,166579.41
1957-07-16,165784.62
1957-07-17,164827.85
1957-07-18,164684.25
1957-07-19,164738.4
1957-07-22,164397.2
1957-07-23,164221.1
1957-07-24,164357.21
1957-07-25,164361.94
1957-07-26,163824.28
1957-07-29,162010.55
1957-07-30,162225.83
1957-07-31,162246.73
1957-08-01,161858.77
1957-08-02,161730.71
1957-08-05,160373.59
1957-08-06,158626.93
1957-08-07,159960.8
1957-08-08,159466.33
1957-08-09,159515.57
1957-08-12,157778.26
1957-08-13,157763.87
1957-08-14,155808.99
1957-08-15,155950.59
1957-08-16,156201.48
1957-08-19,153219.41
1957-08-20,154385.23
1957-08-21,155266.58
1957-08-22,154243.19
1957-08-23,152100.57
1957-08-26,149957.29
1957-08-27,152282.95
1957-08-28,152482.26
1957-08-29,151797.43
1957-08-30,154318.61
1957-09-03,155017.49
1957-09-04,153719.81
1957-09-05,153186.22
1957-09-06,152792.35
1957-09-09,151513.29
1957-09-10,150199.49
1957-09-11,151345.33
1957-09-12,153226.38
1957-09-13,153169.5
1957-09-16,152469.33
1957-09-17,152717.68
1957-09-18,152935.88
1957-09-19,152022.67
1957-09-20,149640.3
1957-09-23,146472.23
1957-09-24,147428.52
1957-09-25,145575.17
1957-09-26,145914.19
1957-09-27,145889.21
1957-09-30,145426.57
1957-10-01,146506.91
1957-10-02,147756.44
1957-10-03,147834.58
1957-10-04,146803.99
1957-10-07,144048.31
1957-10-08,142914.48
1957-10-09,143190.13
1957-10-10,139614.5
1957-10-11,139464.95
1957-10-14,140473.11
1957-10-15,141966.18
1957-10-16,140891.32
1957-10-17,138373.43
1957-10-18,137187.4
1957-10-21,133034.58
1957-10-22,132306.72
1957-10-23,138171.72
1957-10-24,138327.69
1957-10-25,137875.19
1957-10-28,137300.09
1957-10-29,138182.76
1957-10-30,139388.94
1957-10-31,139574.16
1957-11-01,137612.97
1957-11-04,137537.12
1957-11-06,137832.66
1957-11-07,138625.04
1957-11-08,137245.55
1957-11-11,137101.28
1957-11-12,135503.89
1957-11-13,135293.7
1957-11-14,134475.01
1957-11-15,138058.61
1957-11-18,136974.68
1957-11-19,136145.82
1957-11-20,136724.28
1957-11-21,138617.75
1957-11-22,140038.42
1957-11-25,141179.56
1957-11-26,137544.02
1957-11-27,141484.49
1957-11-29,143203.36
1957-12-02,142059
1957-12-03,142145.48
1957-12-04,142772.18
1957-12-05,142859.1
1957-12-06,142017.49
1957-12-09,140967.81
1957-12-10,139799.02
1957-12-11,139590.55
1957-12-12,139801.17
1957-12-13,140445.48
1957-12-16,138410.26
1957-12-17,136058.51
1957-12-18,135937.25
1957-12-19,137325.01
1957-12-20,136200.15
1957-12-23,136119.63
1957-12-24,136284.18
1957-12-26,137702.73
1957-12-27,137249.53
1957-12-30,136509.59
1957-12-31,137916.84
1958-01-02,139272.4
1958-01-03,141170.51
1958-01-06,140581.67
1958-01-07,141724.43
1958-01-08,141742.68
1958-01-09,140896.31
1958-01-10,139660.48
1958-01-13,140083.49
1958-01-14,140731.91
1958-01-15,141918.11
1958-01-16,142220.23
1958-01-17,142394.99
1958-01-20,143196.5
1958-01-21,143129.03
1958-01-22,142832.58
1958-01-23,143422.31
1958-01-24,144688.56
1958-01-27,144388.88
1958-01-28,144450.8
1958-01-29,145292.77
1958-01-30,144672.2
1958-01-31,144719.77
1958-02-03,145842.62
1958-02-04,147367.96
1958-02-05,146669.26
1958-02-06,146355.22
1958-02-07,145251.52
1958-02-10,144432.13
1958-02-11,143270.72
1958-02-12,142691.74
1958-02-13,142742.94
1958-02-14,144078.84
1958-02-17,143323.7
1958-02-18,143575.78
1958-02-19,143612.94
1958-02-20,142802.79
1958-02-21,142682.66
1958-02-24,141920.57
1958-02-25,141786.99
1958-02-26,142901.27
1958-02-27,142166.59
1958-02-28,142686.75
1958-03-03,143662.56
1958-03-04,144271.52
1958-03-05,144911.91
1958-03-06,146598.51
1958-03-07,146868.08
1958-03-10,147167.51
1958-03-11,148365.28
1958-03-12,148133.66
1958-03-13,148257.91
1958-03-14,148056.1
1958-03-17,146862.6
1958-03-18,146574.57
1958-03-19,147298.47
1958-03-20,147289.46
1958-03-21,148370.39
1958-03-24,148761.91
1958-03-25,148455.29
1958-03-26,148089.91
1958-03-27,147681
1958-03-28,147893.49
1958-03-31,147455.55
1958-04-01,146886.19
1958-04-02,145760.87
1958-04-03,145372.97
1958-04-07,144811.66
1958-04-08,145903.37
1958-04-09,145996.57
1958-04-10,146192.03
1958-04-11,146446.23
1958-04-14,147301.31
1958-04-15,148721.12
1958-04-16,147641.22
1958-04-17,148134.17
1958-04-18,149621.26
1958-04-21,150330.29
1958-04-22,149809.96
1958-04-23,150010.53
1958-04-24,151171.43
1958-04-25,151918.04
1958-04-28,151361.84
1958-04-29,150701.72
1958-04-30,152139.24
1958-05-01,152374.87
1958-05-02,153007.05
1958-05-05,153381.73
1958-05-06,154309.51
1958-05-07,154131.87
1958-05-08,154416.83
1958-05-09,154563.34
1958-05-12,153952.63
1958-05-13,153636.85
1958-05-14,151938.98
1958-05-15,152766.86
1958-05-16,152865.98
1958-05-19,152491.28
1958-05-20,153779.65
1958-05-21,153679.51
1958-05-22,154486.14
1958-05-23,154910.79
1958-05-26,154918.35
1958-05-27,154740.01
1958-05-28,154933.25
1958-05-29,155823.94
1958-06-02,156557.68
1958-06-03,157091.36
1958-06-04,157202.7
1958-06-05,157471.33
1958-06-06,157819.16
1958-06-09,157678.51
1958-06-10,157380.31
1958-06-11,157491.86
1958-06-12,158375.21
1958-06-13,159326.85
1958-06-16,159949.63
1958-06-17,160430.89
1958-06-18,159854.75
1958-06-19,158033.81
1958-06-20,158888.59
1958-06-23,158333.88
1958-06-24,157812.77
1958-06-25,158192.91
1958-06-26,158985.27
1958-06-27,159431.83
1958-06-30,160453.6
1958-07-01,160602.63
1958-07-02,160767.86
1958-07-03,161335.18
1958-07-07,161823.83
1958-07-08,160987.01
1958-07-09,160460.39
1958-07-10,161203.13
1958-07-11,162239.48
1958-07-14,160216.16
1958-07-15,160429.05
1958-07-16,160786.62
1958-07-17,161981.07
1958-07-18,162633.66
1958-07-21,164524.9
1958-07-22,164792.88
1958-07-23,164814.11
1958-07-24,165692.37
1958-07-25,166823.85
1958-07-28,167395.86
1958-07-29,166948.71
1958-07-30,167604.62
1958-07-31,167592.69
1958-08-01,168869.55
1958-08-04,170426.32
1958-08-05,169594.44
1958-08-06,168868.37
1958-08-07,170070.51
1958-08-08,170975.09
1958-08-11,171576.72
1958-08-12,170207.33
1958-08-13,170584.99
1958-08-14,170980.54
1958-08-15,169479.13
1958-08-18,168567.13
1958-08-19,168873.72
1958-08-20,169113.32
1958-08-21,170131.18
1958-08-22,170474.64
1958-08-25,170614.23
1958-08-26,171265.77
1958-08-27,171337.5
1958-08-28,170484.04
1958-08-29,170879.36
1958-09-02,171766.02
1958-09-03,172451.16
1958-09-04,172173.31
1958-09-05,171999.21
1958-09-08,172668.08
1958-09-09,173598.55
1958-09-10,173162.61
1958-09-11,174303.55
1958-09-12,173883.27
1958-09-15,175376.72
1958-09-16,176532.25
1958-09-17,176406.7
1958-09-18,175646.17
1958-09-19,176821.04
1958-09-22,176111.78
1958-09-23,177272.14
1958-09-24,177961.52
1958-09-25,177283.27
1958-09-26,177689.04
1958-09-29,178451.12
1958-09-30,179109.39
1958-10-01,178747.37
1958-10-02,179333.45
1958-10-03,180082.85
1958-10-06,181087.5
1958-10-07,182025.32
1958-10-08,182258.1
1958-10-09,182345.36
1958-10-10,183435.57
1958-10-13,184110.39
1958-10-14,182780.9
1958-10-15,180638.49
1958-10-16,182025.58
1958-10-17,183714.56
1958-10-20,183214.64
1958-10-21,183155.79
1958-10-22,182584.12
1958-10-23,182288.12
1958-10-24,181901.45
1958-10-27,180533.34
1958-10-28,181341.91
1958-10-29,183369.1
1958-10-30,183676.94
1958-10-31,183985.3
1958-11-03,184750.46
1958-11-05,186682.73
1958-11-06,187851.14
1958-11-07,187599.2
1958-11-10,188867.14
1958-11-11,190351.41
1958-11-12,190648.14
1958-11-13,189953.95
1958-11-14,190914.89
1958-11-17,191422.5
1958-11-18,191146.62
1958-11-19,191482.81
1958-11-20,191608.96
1958-11-21,189876.59
1958-11-24,185273.75
1958-11-25,184154.48
1958-11-26,187535.34
1958-11-28,189703.02
1958-12-01,190501.45
1958-12-02,189779.22
1958-12-03,190103.52
1958-12-04,190257.27
1958-12-05,190163.82
1958-12-08,190583.86
1958-12-09,191595.63
1958-12-10,193819.83
1958-12-11,193336.98
1958-12-12,193068.02
1958-12-15,193571.69
1958-12-16,194212.19
1958-12-17,195456.85
1958-12-18,196142.68
1958-12-19,195810.96
1958-12-22,194579.08
1958-12-23,193588.44
1958-12-24,196261.66
1958-12-29,198029.75
1958-12-30,198883.02
1958-12-31,199839.41
1959-01-02,200658.51
1959-01-05,201380.65
1959-01-06,201219.3
1959-01-07,198844.67
1959-01-08,200773.23
1959-01-09,202178.4
1959-01-12,202380.34
1959-01-13,201408.68
1959-01-14,201992.52
1959-01-15,202759.85
1959-01-16,202800.16
1959-01-19,202475.44
1959-01-20,202738.42
1959-01-21,203873.51
1959-01-22,203485.91
1959-01-23,203709.5
1959-01-26,202772.2
1959-01-27,202812.51
1959-01-28,200601.61
1959-01-29,200781.91
1959-01-30,201665.12
1959-02-02,201059.88
1959-02-03,201361.23
1959-02-04,200777.04
1959-02-05,200033.93
1959-02-06,198693.46
1959-02-09,196010.87
1959-02-10,198774.38
1959-02-11,198933.17
1959-02-12,197838.8
1959-02-13,199421.27
1959-02-16,199879.7
1959-02-17,199299.82
1959-02-18,200236.29
1959-02-19,202078.22
1959-02-20,203836.06
1959-02-24,203795.05
1959-02-25,203163.05
1959-02-26,203691.03
1959-02-27,203996.32
1959-03-02,205077.26
1959-03-03,206902.2
1959-03-04,207191.62
1959-03-05,207626.48
1959-03-06,206920.3
1959-03-09,206857.98
1959-03-10,207540.36
1959-03-11,207955.19
1959-03-12,208890.75
1959-03-13,209120.28
1959-03-16,206903.35
1959-03-17,208641.09
1959-03-18,208369.61
1959-03-19,208119.32
1959-03-20,208327.19
1959-03-23,206431.17
1959-03-24,206823.14
1959-03-25,206554.02
1959-03-26,206305.91
1959-03-30,205067.83
1959-03-31,205006.07
1959-04-01,205762.3
1959-04-02,206953.42
1959-04-03,208565.34
1959-04-06,209000.99
1959-04-07,208747.85
1959-04-08,207743.52
1959-04-09,207699.65
1959-04-10,208029.65
1959-04-13,208734.62
1959-04-14,209880.32
1959-04-15,210738.48
1959-04-16,212127
1959-04-17,213842.85
1959-04-20,214610.3
1959-04-21,214393.28
1959-04-22,213083.09
1959-04-23,212590.61
1959-04-24,213778.74
1959-04-27,214567.33
1959-04-28,213878.31
1959-04-29,213255.67
1959-04-30,212869.42
1959-05-01,213167.19
1959-05-04,213252.2
1959-05-05,213657.13
1959-05-06,213357.75
1959-05-07,210690.53
1959-05-08,212396.87
1959-05-11,213309.92
1959-05-12,213565.64
1959-05-13,214697.28
1959-05-14,216135.5
1959-05-15,215378.77
1959-05-18,215249.28
1959-05-19,215765.63
1959-05-20,215074.92
1959-05-21,215246.72
1959-05-22,216021.36
1959-05-25,215070.6
1959-05-26,214919.8
1959-05-27,215392.37
1959-05-28,216059.83
1959-05-29,217031.84
1959-06-01,216795.02
1959-06-02,215387.76
1959-06-03,215411.19
1959-06-04,213086.65
1959-06-05,212832.82
1959-06-08,209897.61
1959-06-09,208577.1
1959-06-10,211665.88
1959-06-11,212048.74
1959-06-12,212114.22
1959-06-15,211097.94
1959-06-16,209706.56
1959-06-17,211679.65
1959-06-18,211596.84
1959-06-19,212000.74
1959-06-22,211981.41
1959-06-23,211856.08
1959-06-24,212853.67
1959-06-25,214026.24
1959-06-26,214905.64
1959-06-29,216390.38
1959-06-30,216911.62
1959-07-01,218648.83
1959-07-02,219722.13
1959-07-06,220954.51
1959-07-07,222061.23
1959-07-08,222351.87
1959-07-09,221864.65
1959-07-10,221977.54
1959-07-13,220003.89
1959-07-14,220665.84
1959-07-15,220954.65
1959-07-16,220161.16
1959-07-17,219546.65
1959-07-20,218494.76
1959-07-21,220332.04
1959-07-22,221127.18
1959-07-23,221394.48
1959-07-24,221440.71
1959-07-27,222594.15
1959-07-28,223753.6
1959-07-29,224740.09
1959-07-30,224225.17
1959-07-31,224294.41
1959-08-03,224964.78
1959-08-04,224534.83
1959-08-05,223611.73
1959-08-06,223296.17
1959-08-07,221931.56
1959-08-10,217734.57
1959-08-11,220366.72
1959-08-12,220011.67
1959-08-13,219569.19
1959-08-14,220115.65
1959-08-17,219672.96
1959-08-18,217715.41
1959-08-19,216472
1959-08-20,219565.12
1959-08-21,219430.93
1959-08-24,218550.75
1959-08-25,219094.68
1959-08-26,219442.78
1959-08-27,221503.08
1959-08-28,221101.9
1959-08-31,221563.74
1959-09-01,218937.95
1959-09-02,219058.1
1959-09-03,216549.62
1959-09-04,217794.53
1959-09-08,214777.81
1959-09-09,213113.03
1959-09-10,211930
1959-09-11,213551.01
1959-09-14,212109.29
1959-09-15,210783.35
1959-09-16,210920.11
1959-09-17,209917.99
1959-09-18,208479.8
1959-09-21,205341.93
1959-09-22,204818.07
1959-09-23,207654.55
1959-09-24,211090.99
1959-09-25,211059.07
1959-09-28,212483.47
1959-09-29,213726.24
1959-09-30,211578.04
1959-10-01,211903.62
1959-10-02,212801.84
1959-10-05,212554.74
1959-10-06,212456.71
1959-10-07,212082.53
1959-10-08,211730.22
1959-10-09,212500.67
1959-10-12,213698.92
1959-10-13,213087.48
1959-10-14,211540.22
1959-10-15,212140.74
1959-10-16,213888.53
1959-10-19,212741.83
1959-10-20,211473.63
1959-10-21,211122.34
1959-10-22,209188.2
1959-10-23,211455.55
1959-10-26,212817.08
1959-10-27,214527.87
1959-10-28,214664.92
1959-10-29,214480.05
1959-10-30,214895.88
1959-11-02,214601.22
1959-11-04,214306.96
1959-11-05,214548.87
1959-11-06,215735.07
1959-11-09,215439.26
1959-11-10,215531.64
1959-11-11,215688.72
1959-11-12,214638.06
1959-11-13,213485.2
1959-11-16,211313.8
1959-11-17,211869.31
1959-11-18,214078.85
1959-11-19,213913.75
1959-11-20,214091.05
1959-11-23,214482.58
1959-11-24,215453.93
1959-11-25,215826.41
1959-11-27,216868.59
1959-11-30,218913.41
1959-12-01,220434.59
1959-12-02,220004.48
1959-12-03,220631.24
1959-12-04,221149.46
1959-12-07,221801.58
1959-12-08,223032.32
1959-12-09,221638.1
1959-12-10,221870.56
1959-12-11,221504.21
1959-12-14,222090.93
1959-12-15,221479.91
1959-12-16,221800.8
1959-12-17,221523.28
1959-12-18,222553.1
1959-12-21,222786.52
1959-12-22,222440.93
1959-12-23,221873.44
1959-12-24,222106.15
1959-12-28,221850.46
1959-12-29,222770.88
1959-12-30,224563.92
1959-12-31,225024
1960-01-04,224994.48
1960-01-05,226787.42
1960-01-06,225759.8
1960-01-07,224330.48
1960-01-08,223628.05
1960-01-11,221094.08
1960-01-12,219849.06
1960-01-13,218720.97
1960-01-14,219982.73
1960-01-15,220041.87
1960-01-18,218230.66
1960-01-19,216085.19
1960-01-20,215473.41
1960-01-21,215983.83
1960-01-22,216625.04
1960-01-25,214387.05
1960-01-26,214744.82
1960-01-27,214179.79
1960-01-28,212074.14
1960-01-29,210052.82
1960-02-01,211132.25
1960-02-02,214412.99
1960-02-03,212663.12
1960-02-04,212522.51
1960-02-05,211510.65
1960-02-08,209403.76
1960-02-09,211296.52
1960-02-10,210121.46
1960-02-11,209079
1960-02-12,210048.88
1960-02-15,209027.79
1960-02-16,207217.36
1960-02-17,208551.6
1960-02-18,211437.7
1960-02-19,212989.4
1960-02-23,211954.02
1960-02-24,211368.78
1960-02-25,212349.28
1960-02-26,213270.62
1960-02-29,213129.61
1960-03-01,212841.63
1960-03-02,211362.13
1960-03-03,208138.6
1960-03-04,207357.83
1960-03-07,205107.75
1960-03-08,203210.26
1960-03-09,205475.82
1960-03-10,204807.78
1960-03-11,206333.35
1960-03-14,206735.45
1960-03-15,208378.75
1960-03-16,209493.33
1960-03-17,209147.42
1960-03-18,209304.03
1960-03-21,209523.55
1960-03-22,210309.01
1960-03-23,211938.66
1960-03-24,212839.15
1960-03-25,212870.82
1960-03-28,212391.61
1960-03-29,211998.43
1960-03-30,211690.78
1960-03-31,210388.63
1960-04-01,210830.19
1960-04-04,211230.52
1960-04-05,212392.04
1960-04-06,214558.18
1960-04-07,214729.57
1960-04-08,214299.86
1960-04-11,213485.26
1960-04-12,213976.03
1960-04-13,213932.98
1960-04-14,214510.34
1960-04-18,215024.91
1960-04-19,213454.97
1960-04-20,210978.64
1960-04-21,211716.81
1960-04-22,211166.1
1960-04-25,209033.07
1960-04-26,209806.24
1960-04-27,209764.03
1960-04-28,207980.79
1960-04-29,207273.41
1960-05-02,206243.01
1960-05-03,209074.48
1960-05-04,209958.62
1960-05-05,209292.8
1960-05-06,209068.61
1960-05-09,209325.51
1960-05-10,208138.39
1960-05-11,208643.92
1960-05-12,209797.47
1960-05-13,211691.69
1960-05-16,211549.6
1960-05-17,212359.59
1960-05-18,212429.41
1960-05-19,213370.22
1960-05-20,213824.45
1960-05-23,213680.93
1960-05-24,213580.25
1960-05-25,213522.32
1960-05-26,213720.65
1960-05-27,213897.78
1960-05-31,214267.57
1960-06-01,214633.71
1960-06-02,215429.75
1960-06-03,215862.5
1960-06-06,218303.65
1960-06-07,220423.12
1960-06-08,222100.28
1960-06-09,222368.75
1960-06-10,222526.37
1960-06-13,222684.1
1960-06-14,222686.06
1960-06-15,221507.79
1960-06-16,221310.38
1960-06-17,221113.15
1960-06-20,220296.98
1960-06-21,220100.66
1960-06-22,220586.82
1960-06-23,221625.52
1960-06-24,221982.07
1960-06-27,220763.12
1960-06-28,219241.8
1960-06-29,219353.36
1960-06-30,219245.61
1960-07-01,219786.89
1960-07-05,219560.25
1960-07-06,219224.06
1960-07-07,220401.03
1960-07-08,220989.24
1960-07-11,219037.64
1960-07-12,216709.01
1960-07-13,216160.48
1960-07-14,216196.97
1960-07-15,216103.74
1960-07-18,214778.77
1960-07-19,214836.51
1960-07-20,214529.03
1960-07-21,212677.39
1960-07-22,211224.55
1960-07-25,208894.49
1960-07-26,210371.13
1960-07-27,208997.16
1960-07-28,210704.41
1960-07-29,214385.17
1960-08-01,214292.73
1960-08-02,212550.27
1960-08-03,211438.38
1960-08-04,212108.39
1960-08-05,214328.91
1960-08-08,214750.89
1960-08-09,215968.27
1960-08-10,216890.2
1960-08-11,217794.37
1960-08-12,219290.36
1960-08-15,219261.59
1960-08-16,219802.9
1960-08-17,220477.44
1960-08-18,220470.56
1960-08-19,221191.24
1960-08-22,221825.79
1960-08-23,223859.67
1960-08-24,224994.37
1960-08-25,224042.38
1960-08-26,223408.07
1960-08-29,222909.61
1960-08-30,220651.27
1960-08-31,221151.88
1960-09-01,221655.84
1960-09-02,221451.66
1960-09-06,219476.04
1960-09-07,216815.73
1960-09-08,216746.09
1960-09-09,218063.65
1960-09-12,216663.42
1960-09-13,217027.16
1960-09-14,215416.56
1960-09-15,214571.87
1960-09-16,214202.55
1960-09-19,209314.2
1960-09-20,209916.77
1960-09-21,212137.44
1960-09-22,211348.04
1960-09-23,209441.43
1960-09-26,206358.2
1960-09-27,205776.02
1960-09-28,204001.99
1960-09-29,204589.27
1960-09-30,208247.08
1960-10-03,207705.39
1960-10-04,206168.13
1960-10-05,207611.06
1960-10-06,208856.48
1960-10-07,210025.83
1960-10-10,210319.61
1960-10-11,210550.71
1960-10-12,210297.8
1960-10-13,212064.05
1960-10-14,213208.95
1960-10-17,212462.46
1960-10-18,211378.65
1960-10-19,210955.64
1960-10-20,209288.84
1960-10-21,207216.63
1960-10-24,204564.01
1960-10-25,203049.99
1960-10-26,205973.67
1960-10-27,208300.93
1960-10-28,207363.33
1960-10-31,207217.93
1960-11-01,209283.64
1960-11-02,210386.32
1960-11-03,211284.42
1960-11-04,213094.87
1960-11-07,213961.92
1960-11-09,214875.28
1960-11-10,217941.29
1960-11-11,216997.35
1960-11-14,216165.99
1960-11-15,217240.08
1960-11-16,216885.72
1960-11-17,216336.74
1960-11-18,217476.57
1960-11-21,218100.47
1960-11-22,217373.94
1960-11-23,217888.86
1960-11-25,219341.92
1960-11-28,219093.8
1960-11-29,218385.86
1960-11-30,217287.12
1960-12-01,216454.66
1960-12-02,216815.88
1960-12-05,216418.85
1960-12-06,217429.26
1960-12-07,219488.06
1960-12-08,219986.04
1960-12-09,221959.05
1960-12-12,222817.77
1960-12-13,223122.76
1960-12-14,222959.62
1960-12-15,222529.04
1960-12-16,224569.37
1960-12-19,224292.88
1960-12-20,224151.31
1960-12-21,225780.62
1960-12-22,225209.13
1960-12-23,225359.75
1960-12-27,225690.76
1960-12-28,226609.05
1960-12-29,227712.37
1960-12-30,227864.66
1961-01-03,225879.69
1961-01-04,228858.78
1961-01-05,229771.65
1961-01-06,229539.31
1961-01-09,230913.97
1961-01-10,231511.77
1961-01-11,232203.71
1961-01-12,232897.72
1961-01-13,233896.58
1961-01-16,233823.79
1961-01-17,233002.79
1961-01-18,234538
1961-01-19,234934.09
1961-01-20,235800.72
1961-01-23,237024.24
1961-01-24,237590.45
1961-01-25,237777.86
1961-01-26,238060.54
1961-01-27,240295.64
1961-01-30,243128.44
1961-01-31,242396.34
1961-02-01,243166.87
1961-02-02,244839.57
1961-02-03,244467.12
1961-02-06,243019.58
1961-02-07,242965.83
1961-02-08,245293.15
1961-02-09,244772.84
1961-02-10,242858.42
1961-02-13,241566.13
1961-02-14,242962.09
1961-02-15,244803.45
1961-02-16,246316.05
1961-02-17,245719.67
1961-02-20,246795.63
1961-02-21,247061.88
1961-02-23,248119.01
1961-02-24,249031.79
1961-02-27,250968.96
1961-02-28,251465.58
1961-03-01,251462.77
1961-03-02,253119.61
1961-03-03,253496.45
1961-03-06,253924.56
1961-03-07,252118.85
1961-03-08,252292.52
1961-03-09,252491.53
1961-03-10,252690.69
1961-03-13,253344.86
1961-03-14,252353.98
1961-03-15,253310.1
1961-03-16,255840.37
1961-03-17,257346.97
1961-03-20,258450.68
1961-03-21,258085.95
1961-03-22,257850.79
1961-03-23,257048.57
1961-03-24,256737.23
1961-03-27,256580.32
1961-03-28,256757.05
1961-03-29,258756.88
1961-03-30,259375
1961-04-03,261421.16
1961-04-04,261496.66
1961-04-05,260709.25
1961-04-06,261436.32
1961-04-07,262792.86
1961-04-10,264971.1
1961-04-11,265100.62
1961-04-12,263904.7
1961-04-13,263954.53
1961-04-14,264558.67
1961-04-17,265825.59
1961-04-18,263882.09
1961-04-19,262559.73
1961-04-20,262530.53
1961-04-21,262501.34
1961-04-24,256723.37
1961-04-25,260494.33
1961-04-26,261637.59
1961-04-27,261346.87
1961-04-28,260586.04
1961-05-01,260059.34
1961-05-02,262056.29
1961-05-03,264173.39
1961-05-04,265224.49
1961-05-05,265643.22
1961-05-08,265504.77
1961-05-09,265817.75
1961-05-10,265758.96
1961-05-11,265859.63
1961-05-12,266199.61
1961-05-15,267684.69
1961-05-16,268883.6
1961-05-17,269792.11
1961-05-18,268113.68
1961-05-19,269368.13
1961-05-22,267638.47
1961-05-23,267204.57
1961-05-24,265836.17
1961-05-25,265059.61
1961-05-26,266882.9
1961-05-31,267224.2
1961-06-01,267194.48
1961-06-02,267752.6
1961-06-05,269141.92
1961-06-06,268466.05
1961-06-07,267362.34
1961-06-08,267573.24
1961-06-09,267623.76
1961-06-12,265774.16
1961-06-13,264362.58
1961-06-14,264967.66
1961-06-15,263825.33
1961-06-16,261764.54
1961-06-19,259353.38
1961-06-20,261554.98
1961-06-21,261682.83
1961-06-22,260633.17
1961-06-23,261542.47
1961-06-26,258767.19
1961-06-27,258764.3
1961-06-28,259330.68
1961-06-29,259042.52
1961-06-30,259505.89
1961-07-03,261708.79
1961-07-05,263354.63
1961-07-06,264141.74
1961-07-07,263980.3
1961-07-10,263818.96
1961-07-11,263525.81
1961-07-12,261968.06
1961-07-13,260209.94
1961-07-14,261846.35
1961-07-17,259827.2
1961-07-18,258291.31
1961-07-19,259295.76
1961-07-20,259422.51
1961-07-21,259964.39
1961-07-24,259831.5
1961-07-25,261335.61
1961-07-26,263632.44
1961-07-27,266555.81
1961-07-28,266979.32
1961-07-31,267243.31
1961-08-01,269584.04
1961-08-02,268117.19
1961-08-03,269553.97
1961-08-04,271214.11
1961-08-07,271528.39
1961-08-08,272087.42
1961-08-09,272103.42
1961-08-10,273071.78
1961-08-11,273633.98
1961-08-14,272199.82
1961-08-15,271671.43
1961-08-16,272583.92
1961-08-17,274017.38
1961-08-18,274773.35
1961-08-21,275229.14
1961-08-22,275272.85
1961-08-23,273609.88
1961-08-24,272121.11
1961-08-25,272490.87
1961-08-28,272615.9
1961-08-29,272413.83
1961-08-30,273601.23
1961-08-31,274520.21
1961-09-01,275118.34
1961-09-05,274204.62
1961-09-06,276035.98
1961-09-07,275450.45
1961-09-08,273599.1
1961-09-11,271349.79
1961-09-12,274003.26
1961-09-13,274079.66
1961-09-14,272045.66
1961-09-15,272339.15
1961-09-18,270590.41
1961-09-19,268447.01
1961-09-20,269703.02
1961-09-21,269832.16
1961-09-22,268720.13
1961-09-25,264925.48
1961-09-26,264999.34
1961-09-27,267723.22
1961-09-28,268279.77
1961-09-29,269052.09
1961-10-02,269154.01
1961-10-03,268959.9
1961-10-04,270756.23
1961-10-05,273079
1961-10-06,273837.83
1961-10-09,273886.8
1961-10-10,274620.49
1961-10-11,274614.67
1961-10-12,274608.85
1961-10-13,274246.04
1961-10-16,273554.61
1961-10-17,273849.73
1961-10-18,275158.4
1961-10-19,275757.92
1961-10-20,275834.8
1961-10-23,274173.95
1961-10-24,273784.3
1961-10-25,275120.04
1961-10-26,275719.47
1961-10-27,275355.19
1961-10-30,275652.25
1961-10-31,276500.93
1961-11-01,277075.72
1961-11-02,278538.35
1961-11-03,280147.97
1961-11-06,282383.22
1961-11-08,285709.36
1961-11-09,285674.73
1961-11-10,286954.22
1961-11-13,287923.78
1961-11-14,289501.26
1961-11-15,289437.22
1961-11-16,289402.15
1961-11-17,289482.84
1961-11-20,289968.82
1961-11-21,290223.65
1961-11-22,290043.36
1961-11-24,290791.33
1961-11-27,290756.09
1961-11-28,290779
1961-11-29,290627.45
1961-11-30,289255.35
1961-12-01,291016.57
1961-12-04,291682.65
1961-12-05,291358.53
1961-12-06,291734.04
1961-12-07,290651.36
1961-12-08,292014.17
1961-12-11,293120.55
1961-12-12,294025.95
1961-12-13,293581.62
1961-12-14,291493.9
1961-12-15,291432.34
1961-12-18,290350.78
1961-12-19,288489.29
1961-12-20,287966.78
1961-12-21,287013.26
1961-12-22,287153.56
1961-12-26,287351.35
1961-12-27,289646.95
1961-12-28,289701.64
1961-12-29,289263.84
1962-01-02,286981.21
1962-01-03,287701.19
1962-01-04,285344.57
1962-01-05,281552
1962-01-08,279471
1962-01-09,279557.3
1962-01-10,278916.78
1962-01-11,280648.52
1962-01-12,281605.2
1962-01-15,280959.99
1962-01-16,279501.47
1962-01-17,276708.92
1962-01-18,276877.38
1962-01-19,278458.02
1962-01-22,278432.63
1962-01-23,276541.74
1962-01-24,277124.92
1962-01-25,276794.81
1962-01-26,276022.22
1962-01-29,275141.38
1962-01-30,276079.29
1962-01-31,278704.47
1962-02-01,280267.67
1962-02-02,282456.23
1962-02-05,282938.89
1962-02-06,283592.14
1962-02-07,285608.15
1962-02-08,286153.32
1962-02-09,285898.3
1962-02-12,285815.05
1962-02-13,285903.31
1962-02-14,285791.47
1962-02-15,287022.89
1962-02-16,286393.97
1962-02-19,285737.79
1962-02-20,286711.81
1962-02-21,285338.12
1962-02-23,284769.96
1962-02-26,283377.09
1962-02-27,283804.66
1962-02-28,284289.62
1962-03-01,285224.6
1962-03-02,285050.27
1962-03-05,284448.48
1962-03-06,283535.06
1962-03-07,283220
1962-03-08,285312.66
1962-03-09,286165.4
1962-03-12,286133.58
1962-03-13,286960.17
1962-03-14,288133.49
1962-03-15,288648.91
1962-03-16,288443.63
1962-03-19,287921.2
1962-03-20,287198.17
1962-03-21,286620.56
1962-03-22,286244.75
1962-03-23,286499.17
1962-03-26,284347.22
1962-03-27,283604.73
1962-03-28,285019.58
1962-03-29,284788.38
1962-03-30,282934.07
1962-04-02,282087.76
1962-04-03,279777.12
1962-04-04,278296.77
1962-04-05,280024.66
1962-04-06,279803.11
1962-04-09,277623.11
1962-04-10,278541.71
1962-04-11,278014.93
1962-04-12,275070.42
1962-04-13,275457.95
1962-04-16,274441.18
1962-04-17,275870.69
1962-04-18,277390.41
1962-04-19,278752.07
1962-04-23,278420.02
1962-04-24,278116.21
1962-04-25,274975.95
1962-04-26,272366.1
1962-04-27,269426.94
1962-04-30,264902.94
1962-05-01,267077.48
1962-05-02,268361.81
1962-05-03,270591.57
1962-05-04,269322.18
1962-05-07,268516.58
1962-05-08,265323.6
1962-05-09,261850.2
1962-05-10,258998.34
1962-05-11,255219.24
1962-05-14,257186.68
1962-05-15,261741.15
1962-05-16,261586.41
1962-05-17,259966.88
1962-05-18,259683.21
1962-05-21,258698.7
1962-05-22,253527
1962-05-23,248484.05
1962-05-24,246324.43
1962-05-25,241695.7
1962-05-28,224803.3
1962-05-29,235955.52
1962-05-31,242540.76
1962-06-01,241761.92
1962-06-04,233055.78
1962-06-05,234195.15
1962-06-06,237541.52
1962-06-07,237586.37
1962-06-08,237702.5
1962-06-11,235132.65
1962-06-12,229063.6
1962-06-13,225464.74
1962-06-14,220750
1962-06-15,227370.03
1962-06-18,226435.27
1962-06-19,225866.65
1962-06-20,222724.57
1962-06-21,217755.32
1962-06-22,214072.82
1962-06-25,213363.99
1962-06-26,212593.49
1962-06-27,213760.37
1962-06-28,221025.83
1962-06-29,222393.72
1962-07-02,227025.92
1962-07-03,229643.26
1962-07-05,231050.7
1962-07-06,228585.11
1962-07-09,230146.07
1962-07-10,233052.55
1962-07-11,235366.48
1962-07-12,236644.24
1962-07-13,235964.79
1962-07-16,236018.78
1962-07-17,231871.65
1962-07-18,229513.24
1962-07-19,230437.9
1962-07-20,231873.26
1962-07-23,231764
1962-07-24,229847.04
1962-07-25,230267.38
1962-07-26,231333.25
1962-07-27,233051.78
1962-07-30,235435.62
1962-07-31,236949.19
1962-08-01,235219.18
1962-08-02,236065.69
1962-08-03,236584.75
1962-08-06,235117.64
1962-08-07,233706.66
1962-08-08,234500.98
1962-08-09,234242.75
1962-08-10,234640.69
1962-08-13,235156.62
1962-08-14,237507.9
1962-08-15,239217.68
1962-08-16,239337
1962-08-17,240820.61
1962-08-20,242289.32
1962-08-21,241441.02
1962-08-22,244289.74
1962-08-23,244020.73
1962-08-24,243727.62
1962-08-27,243629.83
1962-08-28,240949.62
1962-08-29,240539.71
1962-08-30,240539.43
1962-08-31,242511.57
1962-09-04,240185.59
1962-09-05,238506.41
1962-09-06,239414.83
1962-09-07,239464.83
1962-09-10,239658.51
1962-09-11,240283.73
1962-09-12,241343.1
1962-09-13,240766
1962-09-14,241514.49
1962-09-17,242168.71
1962-09-18,242025.54
1962-09-19,241592.03
1962-09-20,239999.65
1962-09-21,236569.77
1962-09-24,232218.97
1962-09-25,233498.22
1962-09-26,230231.3
1962-09-27,228759.85
1962-09-28,230317.43
1962-10-01,227394.43
1962-10-02,229784.07
1962-10-03,230130.77
1962-10-04,231996.86
1962-10-05,233437.28
1962-10-08,233486.03
1962-10-09,234211.89
1962-10-10,234213.96
1962-10-11,233536.8
1962-10-12,233141.84
1962-10-15,234239.66
1962-10-16,233515.58
1962-10-17,232466.82
1962-10-18,230306.93
1962-10-19,227222.84
1962-10-22,224589.06
1962-10-23,218594.51
1962-10-24,224804.52
1962-10-25,223097.99
1962-10-26,222452.97
1962-10-29,227348.89
1962-10-30,230761.13
1962-10-31,230763.16
1962-11-01,233116.67
1962-11-02,235634.05
1962-11-05,238084.37
1962-11-07,239750.68
1962-11-08,238359.84
1962-11-09,240719.31
1962-11-12,244065.03
1962-11-13,243625.42
1962-11-14,246573
1962-11-15,245931.61
1962-11-16,246693.71
1962-11-19,245558.62
1962-11-20,248013.92
1962-11-21,249749.72
1962-11-23,252696.47
1962-11-26,252013.89
1962-11-27,253828.09
1962-11-28,255731.5
1962-11-29,256881.98
1962-11-30,256342.23
1962-12-03,255347.31
1962-12-04,258135.4
1962-12-05,259224.43
1962-12-06,259462.6
1962-12-07,260012.36
1962-12-10,256663.09
1962-12-11,256796.25
1962-12-12,258008.02
1962-12-13,257109.84
1962-12-14,257654.61
1962-12-17,256706.13
1962-12-18,255504.44
1962-12-19,257476.63
1962-12-20,258305.4
1962-12-21,257741.99
1962-12-24,257617.97
1962-12-26,259220.04
1962-12-27,258836.09
1962-12-28,258996.26
1962-12-31,259622.72
1963-01-02,258249.01
1963-01-03,262564.04
1963-01-04,264378.05
1963-01-07,264565.44
1963-01-08,266975.32
1963-01-09,266577.21
1963-01-10,267112.71
1963-01-11,267809.55
1963-01-14,269365.21
1963-01-15,269125.15
1963-01-16,267297.47
1963-01-17,269090.72
1963-01-18,269173.82
1963-01-21,269579.95
1963-01-22,270310.19
1963-01-23,270934.29
1963-01-24,271397.26
1963-01-25,272105.29
1963-01-28,273223.31
1963-01-29,273307.69
1963-01-30,271806.9
1963-01-31,273032.43
1963-02-01,273556.33
1963-02-04,273041.72
1963-02-05,272883.03
1963-02-06,274225.29
1963-02-07,273462.61
1963-02-08,273604.49
1963-02-11,272268.97
1963-02-12,272410.23
1963-02-13,273722.92
1963-02-14,274576.61
1963-02-15,274993.64
1963-02-18,275438.8
1963-02-19,274314.68
1963-02-20,272948.27
1963-02-21,273280.94
1963-02-25,271673.73
1963-02-26,271950.51
1963-02-27,270215.14
1963-02-28,267166.79
1963-03-01,266287.5
1963-03-04,268739.69
1963-03-05,268688.31
1963-03-06,269174.31
1963-03-07,270764.81
1963-03-08,271146.27
1963-03-11,271745.18
1963-03-12,272426.94
1963-03-13,273301.1
1963-03-14,272100.98
1963-03-15,273191.79
1963-03-18,272019.47
1963-03-19,271423.42
1963-03-20,273380.06
1963-03-21,273054.41
1963-03-22,274285.56
1963-03-25,274397.69
1963-03-26,275140.98
1963-03-27,276271.49
1963-03-28,275942.39
1963-03-29,275972.42
1963-04-01,276998.71
1963-04-02,276948.52
1963-04-03,278947.76
1963-04-04,280710.38
1963-04-05,282315.7
1963-04-08,283280.89
1963-04-09,283087.92
1963-04-10,282385.52
1963-04-11,284282.82
1963-04-15,285396.87
1963-04-16,285659.09
1963-04-17,285036.02
1963-04-18,285297.91
1963-04-19,286672.71
1963-04-22,286850.1
1963-04-23,287916.84
1963-04-24,288699.64
1963-04-25,288907.16
1963-04-26,288768.14
1963-04-29,288571.43
1963-04-30,289211.72
1963-05-01,289966.21
1963-05-02,290722.68
1963-05-03,290231.01
1963-05-06,288405.11
1963-05-07,288321.13
1963-05-08,290601.41
1963-05-09,291882.62
1963-05-10,292819.21
1963-05-13,292938.92
1963-05-14,292150.57
1963-05-15,292912.73
1963-05-16,292270.9
1963-05-17,292536.52
1963-05-20,291398.21
1963-05-21,292100.13
1963-05-22,292248.75
1963-05-23,292046.75
1963-05-24,291757.28
1963-05-27,291468.09
1963-05-28,292024.45
1963-05-29,293311.93
1963-05-31,294957.06
1963-06-03,294753.19
1963-06-04,294755.78
1963-06-05,294050.97
1963-06-06,294112.37
1963-06-07,293585.56
1963-06-10,291973.42
1963-06-11,292297.17
1963-06-12,293761.23
1963-06-13,293029.41
1963-06-14,293266.42
1963-06-17,292154.59
1963-06-18,292566.18
1963-06-19,292802.81
1963-06-20,292541.86
1963-06-21,293480.58
1963-06-24,293248.38
1963-06-25,292576.49
1963-06-26,289916.62
1963-06-27,288527.57
1963-06-28,289713.08
1963-07-01,287806.42
1963-07-02,290114.29
1963-07-03,291976.48
1963-07-05,293179.07
1963-07-08,291366.88
1963-07-09,292712.64
1963-07-10,292220.54
1963-07-11,291787.7
1963-07-12,291472.23
1963-07-15,289699.73
1963-07-16,289531.36
1963-07-17,288610.3
1963-07-18,287086.1
1963-07-19,286459.91
1963-07-22,284488.72
1963-07-23,284550.97
1963-07-24,285893.71
1963-07-25,285813.32
1963-07-26,286847.63
1963-07-29,287197.24
1963-07-30,289643.82
1963-07-31,289301.69
1963-08-01,289101.73
1963-08-02,289971.58
1963-08-05,291655.97
1963-08-06,293437.64
1963-08-07,292912.04
1963-08-08,293353.99
1963-08-09,295146.03
1963-08-12,295886.5
1963-08-13,296717.59
1963-08-14,297640.02
1963-08-15,298952.26
1963-08-16,299433.22
1963-08-19,299316.08
1963-08-20,299198.99
1963-08-21,298902.43
1963-08-22,300100.67
1963-08-23,301153.67
1963-08-26,301728.52
1963-08-27,300433.74
1963-08-28,302779.77
1963-08-29,303357.72
1963-08-30,304725.5
1963-09-03,305468.67
1963-09-04,305480.52
1963-09-05,306958.69
1963-09-06,306172.51
1963-09-09,305112.79
1963-09-10,306741.72
1963-09-11,307520.48
1963-09-12,307286.4
1963-09-13,307390.51
1963-09-16,306941.36
1963-09-17,307076.05
1963-09-18,305798.24
1963-09-19,307430.84
1963-09-20,307596.49
1963-09-23,306101.2
1963-09-24,307215.05
1963-09-25,305475.85
1963-09-26,303043.89
1963-09-27,302540.48
1963-09-30,300767.23
1963-10-01,302760.96
1963-10-02,303102.72
1963-10-03,305172.55
1963-10-04,305211.86
1963-10-07,304549.19
1963-10-08,304162.05
1963-10-09,302345.84
1963-10-10,302626.66
1963-10-11,303059.06
1963-10-14,303249.62
1963-10-15,303804.21
1963-10-16,306547.2
1963-10-17,307015.85
1963-10-18,307331.71
1963-10-21,307463.5
1963-10-22,305842.8
1963-10-23,305973.95
1963-10-24,307084.27
1963-10-25,309734.04
1963-10-28,311043.85
1963-10-29,310959.49
1963-10-30,308542.97
1963-10-31,309230.65
1963-11-01,308720.05
1963-11-04,307438.5
1963-11-06,305116.97
1963-11-07,306169.26
1963-11-08,307868.14
1963-11-11,308529.69
1963-11-12,307434.04
1963-11-13,307633.51
1963-11-14,306417.99
1963-11-15,304165.45
1963-11-18,301959.89
1963-11-19,302306.78
1963-11-20,304649.3
1963-11-21,300886.52
1963-11-22,292205.58
1963-11-26,303761.97
1963-11-27,303321.15
1963-11-29,307430.79
1963-12-02,309102.85
1963-12-03,308991.2
1963-12-04,309806.57
1963-12-05,311615.47
1963-12-06,310661.56
1963-12-09,310362.96
1963-12-10,310592.25
1963-12-11,310200.54
1963-12-12,310150.54
1963-12-13,310689.83
1963-12-16,311509.68
1963-12-17,312923.56
1963-12-18,312403.74
1963-12-19,311416.17
1963-12-20,310836.57
1963-12-23,309014.69
1963-12-24,309768.32
1963-12-26,311267.23
1963-12-27,311808.47
1963-12-30,312163.56
1963-12-31,313955
1964-01-02,315879.17
1964-01-03,316456.86
1964-01-06,317225.47
1964-01-07,317393.22
1964-01-08,318513.24
1964-01-09,319509.81
1964-01-10,319423.16
1964-01-13,319144.88
1964-01-14,319664.71
1964-01-15,320473.08
1964-01-16,320193.89
1964-01-17,320171.09
1964-01-20,319539.97
1964-01-21,320411.94
1964-01-22,321991.19
1964-01-23,322322.46
1964-01-24,322492.9
1964-01-27,322179.7
1964-01-28,322188.98
1964-01-29,320361.79
1964-01-30,320531.2
1964-01-31,321790.5
1964-02-03,321835.17
1964-02-04,321461.46
1964-02-05,321248.91
1964-02-06,322064.5
1964-02-07,323300.85
1964-02-10,322925.43
1964-02-11,324035.91
1964-02-12,325053
1964-02-13,325358.16
1964-02-14,325273.18
1964-02-17,325415.91
1964-02-18,325493.63
1964-02-19,325896.85
1964-02-20,326235.4
1964-02-24,326606.92
1964-02-25,326782.89
1964-02-26,327743.25
1964-02-27,326903.83
1964-02-28,327635.71
1964-03-02,328405.26
1964-03-03,329307.99
1964-03-04,328698.38
1964-03-05,328747.29
1964-03-06,329848.2
1964-03-09,329930.27
1964-03-10,330903.17
1964-03-11,332276.03
1964-03-12,332923.57
1964-03-13,333272.74
1964-03-16,333422.32
1964-03-17,334105.44
1964-03-18,334489.26
1964-03-19,334238
1964-03-20,332883.93
1964-03-23,332966.76
1964-03-24,332416.97
1964-03-25,333264.23
1964-03-26,334180.31
1964-03-30,333895.86
1964-03-31,333311.15
1964-04-01,334487.34
1964-04-02,336437
1964-04-03,337220.5
1964-04-06,337499.99
1964-04-07,336395.96
1964-04-08,336472.94
1964-04-09,336516.28
1964-04-10,337199
1964-04-13,336972.68
1964-04-14,337656.33
1964-04-15,338071.25
1964-04-16,338385.25
1964-04-17,339714.7
1964-04-20,339520.66
1964-04-21,339530.44
1964-04-22,339404.41
1964-04-23,338905.08
1964-04-24,336339.17
1964-04-27,334566.26
1964-04-28,336750.58
1964-04-29,335446.95
1964-04-30,334651.55
1964-05-01,337304.93
1964-05-04,338866.25
1964-05-05,340468.69
1964-05-06,341397.76
1964-05-07,341817.28
1964-05-08,341246.03
1964-05-11,341187.62
1964-05-12,342323.36
1964-05-13,341511.65
1964-05-14,341179.98
1964-05-15,341735.69
1964-05-18,340651.99
1964-05-19,339197
1964-05-20,340665.31
1964-05-21,340947.66
1964-05-22,341162.05
1964-05-25,340796.6
1964-05-26,340261.15
1964-05-27,339794.58
1964-05-28,340382.02
1964-06-01,339237.94
1964-06-02,337520.99
1964-06-03,336690.28
1964-06-04,333269.11
1964-06-05,334715.1
1964-06-08,333221.87
1964-06-09,335134.17
1964-06-10,336420.69
1964-06-11,337476.65
1964-06-12,336747.3
1964-06-15,338309.4
1964-06-16,340081.74
1964-06-17,341863.36
1964-06-18,341910.82
1964-06-19,342300.19
1964-06-22,343203.45
1964-06-23,341946.92
1964-06-24,343191.2
1964-06-25,343925.22
1964-06-26,344867.17
1964-06-29,345535.8
1964-06-30,345687.42
1964-07-01,347875.21
1964-07-02,349276.74
1964-07-06,350753.76
1964-07-07,351325.07
1964-07-08,351440.59
1964-07-09,351942.73
1964-07-10,352656.76
1964-07-13,352455.32
1964-07-14,351478.6
1964-07-15,352824.35
1964-07-16,353963.55
1964-07-17,355566.58
1964-07-20,354510.13
1964-07-21,353882.22
1964-07-22,353998.58
1964-07-23,353937.98
1964-07-24,353877.39
1964-07-27,352224.36
1964-07-28,351424.39
1964-07-29,351926.51
1964-07-30,352429.35
1964-07-31,352721.44
1964-08-03,351920.35
1964-08-04,347988.98
1964-08-05,348590.58
1964-08-06,345602.75
1964-08-07,347582.64
1964-08-10,347696.93
1964-08-11,347706.95
1964-08-12,349490.27
1964-08-13,350513.86
1964-08-14,350208.49
1964-08-17,350218.58
1964-08-18,350473.83
1964-08-19,350203.54
1964-08-20,348707.76
1964-08-21,349310.61
1964-08-24,348656.98
1964-08-25,346958.61
1964-08-26,346378.77
1964-08-27,348086.01
1964-08-28,349244.72
1964-08-31,348556.29
1964-09-01,350204.55
1964-09-02,350950.07
1964-09-03,351872.65
1964-09-04,352656.9
1964-09-08,353125.52
1964-09-09,353841.94
1964-09-10,354170.59
1964-09-11,355384.98
1964-09-14,354577.83
1964-09-15,353772.52
1964-09-16,354773.27
1964-09-17,356912.13
1964-09-18,355744.6
1964-09-21,357213.41
1964-09-22,357402.3
1964-09-23,357484.08
1964-09-24,357887.61
1964-09-25,358649.49
1964-09-28,358946.74
1964-09-29,358957.08
1964-09-30,358895.63
1964-10-01,358439.41
1964-10-02,359345.83
1964-10-05,360865.44
1964-10-06,360984.09
1964-10-07,360958.39
1964-10-08,361871.19
1964-10-09,362605.36
1964-10-12,362869.63
1964-10-13,362009.19
1964-10-14,361440.41
1964-10-15,358956.88
1964-10-16,361515.82
1964-10-19,362032.35
1964-10-20,362984.07
1964-10-21,362813.03
1964-10-22,362279.27
1964-10-23,363050.49
1964-10-26,362480.07
1964-10-27,362381.77
1964-10-28,361160.11
1964-10-29,361387.21
1964-10-30,362084.26
1964-11-02,363695.1
1964-11-04,363603.75
1964-11-05,363657.85
1964-11-06,364402.92
1964-11-09,364274.94
1964-11-10,362835.62
1964-11-11,363832.99
1964-11-12,364542.03
1964-11-13,364960.82
1964-11-16,366584.46
1964-11-17,368288.64
1964-11-18,369227.34
1964-11-19,369245.36
1964-11-20,369669.55
1964-11-23,368837.36
1964-11-24,367933.27
1964-11-25,367215.36
1964-11-27,366131.64
1964-11-30,363000.78
1964-12-01,359421.16
1964-12-02,360477.43
1964-12-03,361933.33
1964-12-04,362635.05
1964-12-07,362649.12
1964-12-08,361357.66
1964-12-09,358986.72
1964-12-10,358892.96
1964-12-11,359732.34
1964-12-14,358846.97
1964-12-15,357640.82
1964-12-16,359121.02
1964-12-17,360463.71
1964-12-18,362207.92
1964-12-21,362511.75
1964-12-22,362308.31
1964-12-23,361633.98
1964-12-24,361720.35
1964-12-28,361372.66
1964-12-29,360302.57
1964-12-30,362406.31
1964-12-31,364232.4
1965-01-04,362643.92
1965-01-05,364471.21
1965-01-06,365761.01
1965-01-07,367274.82
1965-01-08,367950.17
1965-01-11,368222.01
1965-01-12,369304.15
1965-01-13,370389.46
1965-01-14,370440.88
1965-01-15,372011.11
1965-01-18,373104.38
1965-01-19,373753.13
1965-01-20,373692.89
1965-01-21,373371.07
1965-01-22,374318.98
1965-01-25,374969.85
1965-01-26,375396.87
1965-01-27,376500.09
1965-01-28,377531.25
1965-01-29,378074.45
1965-02-01,378247.91
1965-02-02,378497.11
1965-02-03,379087.11
1965-02-04,379147.32
1965-02-05,378259.66
1965-02-08,377109.3
1965-02-09,378338.23
1965-02-10,375220.27
1965-02-11,371565.18
1965-02-12,374076.52
1965-02-15,373948.88
1965-02-16,372699.45
1965-02-17,373280.42
1965-02-18,374496.87
1965-02-19,375305.33
1965-02-23,377166.4
1965-02-24,379602.45
1965-02-25,379928.45
1965-02-26,380938.61
1965-03-01,380465.79
1965-03-02,381211.05
1965-03-03,381080.99
1965-03-04,380036.37
1965-03-05,379374.66
1965-03-08,379586.66
1965-03-09,379039.6
1965-03-10,378720.75
1965-03-11,380220.04
1965-03-12,381421.08
1965-03-15,381710.51
1965-03-16,381351.24
1965-03-17,380839.78
1965-03-18,379910.08
1965-03-19,379932.42
1965-03-22,379954.76
1965-03-23,380167.09
1965-03-24,380911.76
1965-03-25,379867.61
1965-03-26,377268.86
1965-03-29,376423.33
1965-03-30,377198.31
1965-03-31,377295.94
1965-04-01,377955.76
1965-04-02,378956.89
1965-04-05,379051.18
1965-04-06,378955.96
1965-04-07,379239.73
1965-04-08,381268.21
1965-04-09,383460.05
1965-04-12,385204.33
1965-04-13,385723.9
1965-04-14,386475.6
1965-04-15,386301.23
1965-04-19,387749.4
1965-04-20,387690.78
1965-04-21,386856.78
1965-04-22,388655.2
1965-04-23,389218.29
1965-04-26,389276.21
1965-04-27,389995.91
1965-04-28,389858.94
1965-04-29,389644.06
1965-04-30,390208.58
1965-05-03,390582.71
1965-05-04,391699.32
1965-05-05,392701.6
1965-05-06,393706.45
1965-05-07,393493.38
1965-05-10,393083.68
1965-05-11,392792.33
1965-05-12,394308.04
1965-05-13,395632.44
1965-05-14,395062.26
1965-05-17,392991.66
1965-05-18,392778.98
1965-05-19,393626.92
1965-05-20,391603.2
1965-05-21,389864.02
1965-05-24,387040.94
1965-05-25,389192.43
1965-05-26,388203.42
1965-05-27,386013.49
1965-05-28,388429.47
1965-06-01,385772.15
1965-06-02,382824.39
1965-06-03,381966.41
1965-06-04,382829.2
1965-06-07,381550.09
1965-06-08,377528.1
1965-06-09,373661.76
1965-06-10,372114.36
1965-06-11,373736.34
1965-06-14,368712.87
1965-06-15,370504.38
1965-06-16,373860.71
1965-06-17,376125.86
1965-06-18,374530.64
1965-06-21,373166.9
1965-06-22,373897.86
1965-06-23,371564.3
1965-06-24,366607.19
1965-06-25,364319.12
1965-06-28,357527.78
1965-06-29,360409.03
1965-06-30,368395.26
1965-07-01,370144.7
1965-07-02,373197.95
1965-07-06,372581.73
1965-07-07,371370.4
1965-07-08,374396.63
1965-07-09,375949.93
1965-07-12,376005.87
1965-07-13,375573.02
1965-07-14,376718.07
1965-07-15,376397.41
1965-07-16,376302.86
1965-07-19,376020.19
1965-07-20,371413.49
1965-07-21,369425.99
1965-07-22,368631.28
1965-07-23,369570.85
1965-07-26,369514.98
1965-07-27,368904.84
1965-07-28,369549.98
1965-07-29,372265.73
1965-07-30,374815.31
1965-08-02,375620.72
1965-08-03,376127.36
1965-08-04,377725.45
1965-08-05,377857.21
1965-08-06,379235.93
1965-08-09,378761.44
1965-08-10,378969.31
1965-08-11,380276.3
1965-08-12,381435.69
1965-08-13,383132.62
1965-08-16,383611.08
1965-08-17,384281.95
1965-08-18,384415.99
1965-08-19,383550.59
1965-08-20,383300.83
1965-08-23,382859.58
1965-08-24,383605.7
1965-08-25,384199.83
1965-08-26,385678.54
1965-08-27,386198.75
1965-08-30,386410.7
1965-08-31,386274.99
1965-09-01,386525.61
1965-09-02,388670.37
1965-09-03,390516.09
1965-09-07,391823.86
1965-09-08,392979.27
1965-09-09,393980.9
1965-09-10,394945.68
1965-09-13,395991.82
1965-09-14,394308.38
1965-09-15,396220.31
1965-09-16,398339.61
1965-09-17,398518.39
1965-09-20,398737.1
1965-09-21,397719.85
1965-09-22,399648.32
1965-09-23,398149.16
1965-09-24,399124.15
1965-09-27,401498.47
1965-09-28,400594.62
1965-09-29,398771.43
1965-09-30,398551.63
1965-10-01,398371.81
1965-10-04,399387.19
1965-10-05,401683.19
1965-10-06,401421.61
1965-10-07,401280.64
1965-10-08,403266.5
1965-10-11,405625.13
1965-10-12,405482.68
1965-10-13,405583.57
1965-10-14,405035.55
1965-10-15,405986.9
1965-10-18,407143.48
1965-10-19,407651.92
1965-10-20,407671.82
1965-10-21,408343.99
1965-10-22,408200.58
1965-10-25,406628.53
1965-10-26,408722.18
1965-10-27,410254.4
1965-10-28,409043.66
1965-10-29,410168.04
1965-11-01,409827.12
1965-11-03,410306.13
1965-11-04,411154.97
1965-11-05,411676.65
1965-11-08,410346.44
1965-11-09,409430.88
1965-11-10,409131.51
1965-11-11,410305.23
1965-11-12,412384.99
1965-11-15,412908.23
1965-11-16,412441.15
1965-11-17,413129.44
1965-11-18,411753.22
1965-11-19,411946.26
1965-11-22,409832.48
1965-11-23,410598.38
1965-11-24,411447.83
1965-11-26,412587.05
1965-11-29,412037.82
1965-11-30,411489.32
1965-12-01,411427.11
1965-12-02,410500.91
1965-12-03,410849.34
1965-12-06,407664.77
1965-12-07,411598.25
1965-12-08,411371.38
1965-12-09,412625.57
1965-12-10,413842.33
1965-12-13,414317.75
1965-12-14,414628
1965-12-15,415436.03
1965-12-16,416162.55
1965-12-17,416390.94
1965-12-20,414246.03
1965-12-21,415716.11
1965-12-22,416443.12
1965-12-23,415838.78
1965-12-27,413156.13
1965-12-28,413011.03
1965-12-29,414270.22
1965-12-30,415823.24
1965-12-31,416966.26
1966-01-03,416123.5
1966-01-04,416614.03
1966-01-05,419063.22
1966-01-06,419892.47
1966-01-07,420387.44
1966-01-10,421303.38
1966-01-11,421589.37
1966-01-12,421032.37
1966-01-13,422033.92
1966-01-14,422742.44
1966-01-17,424213.08
1966-01-18,425052.52
1966-01-19,423938.37
1966-01-20,422784.76
1966-01-21,423198.58
1966-01-24,424332.25
1966-01-25,425171.92
1966-01-26,424737.74
1966-01-27,424686.27
1966-01-28,423360.74
1966-01-31,421531.32
1966-02-01,418192.29
1966-02-02,419939.83
1966-02-03,420644.83
1966-02-04,423201.85
1966-02-07,424716.41
1966-02-08,424664.94
1966-02-09,427161.46
1966-02-10,426511.67
1966-02-11,426630.59
1966-02-14,426237.58
1966-02-15,424480.97
1966-02-16,424684.22
1966-02-17,422594.27
1966-02-18,421740.12
1966-02-21,419453.79
1966-02-23,417767.08
1966-02-24,415669.4
1966-02-25,417073.86
1966-02-28,417815.76
1966-03-01,412496.47
1966-03-02,408317.39
1966-03-03,409978.75
1966-03-04,408900.02
1966-03-07,403694.24
1966-03-08,403923.86
1966-03-09,407586.97
1966-03-10,407615.02
1966-03-11,407357.73
1966-03-14,402904.83
1966-03-15,399991.35
1966-03-16,402218.82
1966-03-17,403533.6
1966-03-18,405538.68
1966-03-21,408932.56
1966-03-22,410105.71
1966-03-23,408862.6
1966-03-24,409667.57
1966-03-25,411088.63
1966-03-28,411815.77
1966-03-29,410196.84
1966-03-30,406697.37
1966-03-31,409002.86
1966-04-01,412180.33
1966-04-04,415959.53
1966-04-05,418442.31
1966-04-06,419559.06
1966-04-07,420888.56
1966-04-11,421380.5
1966-04-12,420229.63
1966-04-13,420678.77
1966-04-14,422011.82
1966-04-15,422462.87
1966-04-18,420717.6
1966-04-19,420872.76
1966-04-20,423090.26
1966-04-21,424600.19
1966-04-22,423822.67
1966-04-25,423131.33
1966-04-26,422737.32
1966-04-27,421582.74
1966-04-28,418829.3
1966-04-29,418983.77
1966-05-02,418606.19
1966-05-03,414001.02
1966-05-04,411806.32
1966-05-05,404722.76
1966-05-06,403710.47
1966-05-09,397331.37
1966-05-10,400827.41
1966-05-11,401628.59
1966-05-12,396647.92
1966-05-13,392918.95
1966-05-16,387103.29
1966-05-17,383618.9
1966-05-18,390907.2
1966-05-19,390515.82
1966-05-20,392546.04
1966-05-23,396117.74
1966-05-24,399088.16
1966-05-25,400723.94
1966-05-26,400963.9
1966-05-27,402246.51
1966-05-31,396936.37
1966-06-01,396963.69
1966-06-02,396792.52
1966-06-03,397295.97
1966-06-06,394423.05
1966-06-07,391728.67
1966-06-08,392382.39
1966-06-09,395273.78
1966-06-10,399648.99
1966-06-13,401634.77
1966-06-14,403027.97
1966-06-15,401564.5
1966-06-16,400708.69
1966-06-17,400816.4
1966-06-20,400683.65
1966-06-21,402153.69
1966-06-22,402945.45
1966-06-23,401401.69
1966-06-24,401509.59
1966-06-27,399047.86
1966-06-28,397199.79
1966-06-29,393255.12
1966-06-30,392613.65
1966-07-01,396570.73
1966-07-05,397157.18
1966-07-06,402748.68
1966-07-07,404230.32
1966-07-08,404949.37
1966-07-11,404414.35
1966-07-12,402464.59
1966-07-13,400041.28
1966-07-14,402313.03
1966-07-15,403551.68
1966-07-18,403099.22
1966-07-19,400228.68
1966-07-20,396738.2
1966-07-21,396650.45
1966-07-22,396285.06
1966-07-25,388707.62
1966-07-26,387766.48
1966-07-27,389697.1
1966-07-28,388363.87
1966-07-29,387656.58
1966-08-01,381794.76
1966-08-02,382015.74
1966-08-03,385866.01
1966-08-04,389446.38
1966-08-05,390022.3
1966-08-08,389390
1966-08-09,388719.79
1966-08-10,387156.67
1966-08-11,386993.6
1966-08-12,387952.89
1966-08-15,386121.29
1966-08-16,381286.59
1966-08-17,379143.3
1966-08-18,374395.98
1966-08-19,371617.51
1966-08-22,364920.52
1966-08-23,364511.38
1966-08-24,368804.89
1966-08-25,364223.89
1966-08-26,356166.83
1966-08-29,347077.03
1966-08-30,352727.03
1966-08-31,358504.28
1966-09-01,360938.09
1966-09-02,359815.15
1966-09-06,358012.04
1966-09-07,354821.73
1966-09-08,353575.88
1966-09-09,354738.73
1966-09-12,362361.64
1966-09-13,364531.75
1966-09-14,367881.37
1966-09-15,371666.43
1966-09-16,371587.94
1966-09-19,369911.63
1966-09-20,367466.08
1966-09-21,361325.28
1966-09-22,362152.29
1966-09-23,361134.21
1966-09-26,361960.77
1966-09-27,363042.61
1966-09-28,358863.55
1966-09-29,355091.47
1966-09-30,356152.77
1966-10-03,348502.18
1966-10-04,348822.39
1966-10-05,346875.55
1966-10-06,343448
1966-10-07,339195.71
1966-10-10,345002.34
1966-10-11,346733.84
1966-10-12,355928.81
1966-10-13,355971.09
1966-10-14,354981.07
1966-10-17,358928.04
1966-10-18,364821.21
1966-10-19,362164.88
1966-10-20,361121.41
1966-10-21,362319.9
1966-10-24,363232.52
1966-10-25,365164.48
1966-10-26,368348.28
1966-10-27,371375.67
1966-10-28,371605.48
1966-10-31,371538.15
1966-11-01,374732.93
1966-11-02,375294.58
1966-11-03,374168.25
1966-11-04,375701.9
1966-11-07,375588.74
1966-11-09,378743.24
1966-11-10,381204.62
1966-11-11,381661.61
1966-11-14,379714.68
1966-11-15,381347
1966-11-16,384702.4
1966-11-17,382239.85
1966-11-18,379984.18
1966-11-21,374853.94
1966-11-22,373054.2
1966-11-23,375963.57
1966-11-25,379008.43
1966-11-28,378932.18
1966-11-29,377908.61
1966-11-30,378286.07
1966-12-01,376882.18
1966-12-02,377066.4
1966-12-05,377401.54
1966-12-06,380039.13
1966-12-07,383949.28
1966-12-08,385442.38
1966-12-09,386363.13
1966-12-12,390222.44
1966-12-13,389203.5
1966-12-14,389238.06
1966-12-15,385263.48
1966-12-16,385413.27
1966-12-19,384445.42
1966-12-20,383018.67
1966-12-21,385082.69
1966-12-22,386618.71
1966-12-23,385725.16
1966-12-27,383715.07
1966-12-28,381945.69
1966-12-29,380528.22
1966-12-30,380295.64
1967-01-03,380675.48
1967-01-04,381360.25
1967-01-05,386393.75
1967-01-06,389252.6
1967-01-09,392599.71
1967-01-10,392677.76
1967-01-11,396054.33
1967-01-12,398271.76
1967-01-13,401059.19
1967-01-16,400376.91
1967-01-17,404980.77
1967-01-18,407167.18
1967-01-19,407411
1967-01-20,408999.41
1967-01-23,410471.32
1967-01-24,411373.87
1967-01-25,408617.18
1967-01-26,408821
1967-01-27,410864.62
1967-01-30,413247.14
1967-01-31,412998.7
1967-02-01,412457.18
1967-02-02,413937.41
1967-02-03,416954.53
1967-02-06,416407.82
1967-02-07,415736.91
1967-02-08,419473.89
1967-02-09,417917.14
1967-02-10,419082.63
1967-02-13,419748.47
1967-02-14,422891.89
1967-02-15,423183.18
1967-02-16,421443.39
1967-02-17,421607.25
1967-02-20,419578.82
1967-02-21,419658.04
1967-02-23,420282.83
1967-02-24,420698.41
1967-02-27,416150.16
1967-02-28,417810.11
1967-03-01,421979.35
1967-03-02,424249.1
1967-03-03,425003.76
1967-03-06,424527.25
1967-03-07,425282.4
1967-03-08,426081.43
1967-03-09,427393.25
1967-03-10,429051.03
1967-03-13,427068.3
1967-03-14,426674.89
1967-03-15,430548.59
1967-03-16,434500.51
1967-03-17,435143.06
1967-03-20,435177.35
1967-03-21,433993.15
1967-03-22,435285.93
1967-03-23,438323.71
1967-03-27,438139.09
1967-03-28,438611.76
1967-03-29,438119.99
1967-03-30,438373.58
1967-03-31,436216.26
1967-04-03,431356.29
1967-04-04,431467.93
1967-04-05,434254.7
1967-04-06,435192.17
1967-04-07,432563.1
1967-04-10,427268.01
1967-04-11,430369.47
1967-04-12,429964.41
1967-04-13,432827.46
1967-04-14,437267.75
1967-04-17,440135.71
1967-04-18,443946.76
1967-04-19,444550
1967-04-20,445465.24
1967-04-21,446694.19
1967-04-24,447971.21
1967-04-25,450506.19
1967-04-26,450037.13
1967-04-27,453753.9
1967-04-28,454506.59
1967-05-01,454210.62
1967-05-02,454187.37
1967-05-03,455526.68
1967-05-04,457097.71
1967-05-05,457714.24
1967-05-08,458743.56
1967-05-09,454040.89
1967-05-10,453518.2
1967-05-11,455807.93
1967-05-12,454964.14
1967-05-15,451665.11
1967-05-16,453900.31
1967-05-17,452742.33
1967-05-18,451949.49
1967-05-19,450118.56
1967-05-22,448655.14
1967-05-23,446792.68
1967-05-24,441497.66
1967-05-25,445934.18
1967-05-26,445510.01
1967-05-29,443437.86
1967-05-31,436098.44
1967-06-01,441296.21
1967-06-02,439583.46
1967-06-05,432382.56
1967-06-06,441168.06
1967-06-07,445014.52
1967-06-08,447603.97
1967-06-09,448820.92
1967-06-12,451701.82
1967-06-13,454465.69
1967-06-14,453747.1
1967-06-15,454572.38
1967-06-16,454762.76
1967-06-19,454953.22
1967-06-20,454870.78
1967-06-21,453787.65
1967-06-22,452933.99
1967-06-23,453304.85
1967-06-26,451545.49
1967-06-27,450063.88
1967-06-28,450432.4
1967-06-29,448368.88
1967-06-30,447794.44
1967-07-03,449432.83
1967-07-05,451886.2
1967-07-06,451686.83
1967-07-07,453881.49
1967-07-10,456041.43
1967-07-11,458074.83
1967-07-12,458010.16
1967-07-13,458357.7
1967-07-14,460126.41
1967-07-17,460521.57
1967-07-18,463864.41
1967-07-19,464355.56
1967-07-20,465079.4
1967-07-21,465339.29
1967-07-24,463691.43
1967-07-25,463857.81
1967-07-26,465879.68
1967-07-27,467537.66
1967-07-28,468406.72
1967-07-31,469792.65
1967-08-01,472770.57
1967-08-02,474443.62
1967-08-03,473655.48
1967-08-04,474952.73
1967-08-07,474258.73
1967-08-08,474751.4
1967-08-09,475339.52
1967-08-10,474122.09
1967-08-11,471912.11
1967-08-14,469618.06
1967-08-15,470199.83
1967-08-16,469089.6
1967-08-17,469764.53
1967-08-18,470628.33
1967-08-21,468340.52
1967-08-22,465876.49
1967-08-23,465475.28
1967-08-24,463119.42
1967-08-25,461238.61
1967-08-28,461441
1967-08-29,462658.66
1967-08-30,464018.32
1967-08-31,467098.85
1967-09-01,467873.68
1967-09-05,470427.71
1967-09-06,471302.15
1967-09-07,471094.22
1967-09-08,471216.14
1967-09-11,471997.8
1967-09-12,474385.54
1967-09-13,479062.42
1967-09-14,479809.19
1967-09-15,480173.27
1967-09-18,481497.98
1967-09-19,479455.85
1967-09-20,479771.72
1967-09-21,482534.64
1967-09-22,483962.37
1967-09-25,486410.64
1967-09-26,482256.11
1967-09-27,482573.83
1967-09-28,482988.27
1967-09-29,483016.67
1967-10-02,481170.97
1967-10-03,482796.76
1967-10-04,482255.45
1967-10-05,483306.19
1967-10-06,486147.46
1967-10-09,487206.68
1967-10-10,483737.19
1967-10-11,481646.87
1967-10-12,478794.95
1967-10-13,479933.91
1967-10-16,476132.26
1967-10-17,475312.75
1967-10-18,476538.49
1967-10-19,477052.58
1967-10-20,476565.42
1967-10-23,474363.12
1967-10-24,471744.07
1967-10-25,472488.87
1967-10-26,474605.05
1967-10-27,474784.84
1967-10-30,474062.6
1967-10-31,469880.8
1967-11-01,464232.28
1967-11-02,462040.55
1967-11-03,459905.37
1967-11-06,458561.9
1967-11-08,456901.36
1967-11-09,458856.35
1967-11-10,461599.77
1967-11-13,460251.35
1967-11-14,456973.81
1967-11-15,458929.11
1967-11-16,463371
1967-11-17,465075.65
1967-11-20,458694.26
1967-11-21,466619.95
1967-11-22,469783.08
1967-11-24,470853.63
1967-11-27,472585.81
1967-11-28,475033.24
1967-11-29,475355.7
1967-11-30,473301.59
1967-12-01,475937.32
1967-12-04,479063.66
1967-12-05,479671.5
1967-12-06,481479.29
1967-12-07,481127.24
1967-12-08,480775.44
1967-12-11,480039.29
1967-12-12,480072.32
1967-12-13,482217.67
1967-12-14,483070.62
1967-12-15,480398.66
1967-12-18,479086.6
1967-12-19,478688.39
1967-12-20,481497.72
1967-12-21,482782.75
1967-12-22,482284.91
1967-12-26,483089.75
1967-12-27,486408
1967-12-28,486246.91
1967-12-29,489440.97
1968-01-02,488255.94
1968-01-03,485609.01
1968-01-04,484239.02
1968-01-05,487424.73
1968-01-08,490923.86
1968-01-09,490275.26
1968-01-10,491049.31
1968-01-11,492413.84
1968-01-12,493486.72
1968-01-15,492834.73
1968-01-16,490162.98
1968-01-17,489760.46
1968-01-18,489799.06
1968-01-19,488221.32
1968-01-22,481571.17
1968-01-23,479201.26
1968-01-24,477322.22
1968-01-25,477646.23
1968-01-26,478734.7
1968-01-29,478054.33
1968-01-30,475462.7
1968-01-31,471601.38
1968-02-01,473015.62
1968-02-02,471501.41
1968-02-05,469379.09
1968-02-06,469800.97
1968-02-07,470599.08
1968-02-08,464010.13
1968-02-09,458580.66
1968-02-13,453856.73
1968-02-14,459620.17
1968-02-15,460814.64
1968-02-16,459109.07
1968-02-19,460807.23
1968-02-20,463755.85
1968-02-21,465795.82
1968-02-23,463652.61
1968-02-26,460081.93
1968-02-27,462013.73
1968-02-28,459610.7
1968-02-29,455657.51
1968-03-01,453688.52
1968-03-04,446737.47
1968-03-05,444941.06
1968-03-06,453029.56
1968-03-07,452385.72
1968-03-08,452014.22
1968-03-11,458197.24
1968-03-12,459103.92
1968-03-13,458359.63
1968-03-14,448861.87
1968-03-15,452398.37
1968-03-18,455419.85
1968-03-19,452586.6
1968-03-20,452305.45
1968-03-21,448722.66
1968-03-22,448847.76
1968-03-25,448344.52
1968-03-26,451383.76
1968-03-27,455301.24
1968-03-28,455018.41
1968-03-29,458284.9
1968-04-01,469287.77
1968-04-02,470324.34
1968-04-03,474514.37
1968-04-04,476796.22
1968-04-05,474321.08
1968-04-08,482625.88
1968-04-10,486249.82
1968-04-11,490970.73
1968-04-15,492055.19
1968-04-16,492896.02
1968-04-17,494477.63
1968-04-18,496113.76
1968-04-19,490115.15
1968-04-22,487815.93
1968-04-23,494161.84
1968-04-24,495599.26
1968-04-25,497387.78
1968-04-26,499182.76
1968-04-29,500784.54
1968-04-30,501590.21
1968-05-01,503295.02
1968-05-02,506515.51
1968-05-03,507021.42
1968-05-06,506209.58
1968-05-07,509195.62
1968-05-08,509602.37
1968-05-09,507053.75
1968-05-10,508878.54
1968-05-13,508114.61
1968-05-14,507859.95
1968-05-15,507656.2
1968-05-16,505523.44
1968-05-17,502641.36
1968-05-20,500378.87
1968-05-21,503380.55
1968-05-22,505091.44
1968-05-23,504535.24
1968-05-24,506199.61
1968-05-27,506097.77
1968-05-28,509336.19
1968-05-29,511067.33
1968-05-31,515053.04
1968-06-03,521619.36
1968-06-04,524513.72
1968-06-05,522179.01
1968-06-06,527008.55
1968-06-07,530670.63
1968-06-10,531333.33
1968-06-11,532687.6
1968-06-13,530476.31
1968-06-14,529759.54
1968-06-17,523958.04
1968-06-18,523459.66
1968-06-20,526259.54
1968-06-21,527127.25
1968-06-24,525202.6
1968-06-25,523022.39
1968-06-27,522263.38
1968-06-28,520617.63
1968-07-01,519565.36
1968-07-02,521840.44
1968-07-03,528508.94
1968-07-08,534258.49
1968-07-09,535849.94
1968-07-11,536535.19
1968-07-12,536362.86
1968-07-15,535600.59
1968-07-16,532857.68
1968-07-18,531141.24
1968-07-19,526296.6
1968-07-22,518917.3
1968-07-23,517764.68
1968-07-25,511178.1
1968-07-26,512700.8
1968-07-29,508331.98
1968-07-30,509032.87
1968-08-01,506400.57
1968-08-02,503680.59
1968-08-05,505760.19
1968-08-06,508151.84
1968-08-08,506997.73
1968-08-09,507265.83
1968-08-12,512403.83
1968-08-13,514826.89
1968-08-15,512936.86
1968-08-16,516080.56
1968-08-19,517953.31
1968-08-20,518071.83
1968-08-22,516532.54
1968-08-23,516805.68
1968-08-26,518112.59
1968-08-27,517246.72
1968-08-29,516744.38
1968-08-30,517947.78
1968-09-03,519993.05
1968-09-04,523294.39
1968-09-05,527087.65
1968-09-06,529432.56
1968-09-09,530252.56
1968-09-10,527733.22
1968-09-12,526809.06
1968-09-13,528889.33
1968-09-16,531030.7
1968-09-17,532437.3
1968-09-19,533421.68
1968-09-20,534141.16
1968-09-23,537265.25
1968-09-24,539386.81
1968-09-26,538496.18
1968-09-27,539060.96
1968-09-30,541459.14
1968-10-01,542454.78
1968-10-03,544428.67
1968-10-04,545974.2
1968-10-07,545940.79
1968-10-08,545798.2
1968-10-10,543636.18
1968-10-11,543766.01
1968-10-14,544765.89
1968-10-15,545931.04
1968-10-17,548736.48
1968-10-18,552653.8
1968-10-21,553559.5
1968-10-22,551809.59
1968-10-24,548464.97
1968-10-25,550296.19
1968-10-28,548611.63
1968-10-29,545615.55
1968-10-31,546018.66
1968-11-01,544134.25
1968-11-04,544324.04
1968-11-06,545439.26
1968-11-07,547047.66
1968-11-08,550028.42
1968-11-12,554235.48
1968-11-13,557477.1
1968-11-14,558173.28
1968-11-15,561437.93
1968-11-18,562475.92
1968-11-19,564247.05
1968-11-21,564105.32
1968-11-22,566784.15
1968-11-25,568398.81
1968-11-26,572291.66
1968-11-27,574837.68
1968-11-29,578199.79
1968-12-02,577239.29
1968-12-03,576799.9
1968-12-05,575322.61
1968-12-06,576955.84
1968-12-09,576055.1
1968-12-10,575098.17
1968-12-12,574947.96
1968-12-13,576695.11
1968-12-16,574526.05
1968-12-17,572020.43
1968-12-19,573472.69
1968-12-20,570799.62
1968-12-23,564942.54
1968-12-24,564343.03
1968-12-26,565155.01
1968-12-27,563085.87
1968-12-30,557364.24
1968-12-31,557943.24
1969-01-02,558522.84
1969-01-03,558600.36
1969-01-06,550298.9
1969-01-07,542891.22
1969-01-08,540252.12
1969-01-09,542542.15
1969-01-10,541044.09
1969-01-13,537223.67
1969-01-14,541273.7
1969-01-15,544650.6
1969-01-16,547776.25
1969-01-17,547359.29
1969-01-20,546395.28
1969-01-21,545815.45
1969-01-22,548074.48
1969-01-23,551055.35
1969-01-24,550856.31
1969-01-27,550932.78
1969-01-28,551174.53
1969-01-29,551691.98
1969-01-30,551658.22
1969-01-31,553831.1
1969-02-03,553475.99
1969-02-04,553619.23
1969-02-05,554537.58
1969-02-06,556455.62
1969-02-07,557100.45
1969-02-11,557690.31
1969-02-12,557555.8
1969-02-13,557867.37
1969-02-14,557398.1
1969-02-17,550407.66
1969-02-18,543945.22
1969-02-19,539680.04
1969-02-20,534638.79
1969-02-24,527987.24
1969-02-25,524163.99
1969-02-26,526448.72
1969-02-27,524110.66
1969-02-28,523984.25
1969-03-03,524994.92
1969-03-04,530312.49
1969-03-05,532183.86
1969-03-06,526025.86
1969-03-07,525199.37
1969-03-10,527157.74
1969-03-11,529386.99
1969-03-12,527972.9
1969-03-13,524345.1
1969-03-14,521790.91
1969-03-17,523006.06
1969-03-18,524642.45
1969-03-19,528487.45
1969-03-20,531885
1969-03-21,530942.93
1969-03-24,530214.9
1969-03-25,530972.48
1969-03-26,534492.2
1969-03-27,538249.04
1969-03-28,540471.37
1969-04-01,539849.18
1969-04-02,536150.57
1969-04-03,535801.44
1969-04-07,531219.7
1969-04-08,532467.43
1969-04-09,536806.41
1969-04-10,539355.6
1969-04-11,539975.21
1969-04-14,539353.6
1969-04-15,538948.44
1969-04-16,534232
1969-04-17,534952.58
1969-04-18,537118.5
1969-04-21,533116.33
1969-04-22,534101.96
1969-04-23,534768.95
1969-04-24,537148.04
1969-04-25,539698.85
1969-04-28,541668.11
1969-04-29,546298.73
1969-04-30,551132.82
1969-05-01,550707.79
1969-05-02,553367.05
1969-05-05,555983.82
1969-05-06,558612.96
1969-05-07,557567.69
1969-05-08,559591
1969-05-09,560222.67
1969-05-12,559286.43
1969-05-13,561651.55
1969-05-14,565599.29
1969-05-15,564031.9
1969-05-16,564273.77
1969-05-19,559493.7
1969-05-20,554921.97
1969-05-21,557379.61
1969-05-22,558566.17
1969-05-23,558582.26
1969-05-26,557592.9
1969-05-27,553315.5
1969-05-28,552003.48
1969-05-29,553399.4
1969-06-02,550543.2
1969-06-03,548802.82
1969-06-04,548659.48
1969-06-05,549229.43
1969-06-06,545570.91
1969-06-09,540354.61
1969-06-10,536214.85
1969-06-11,530980.75
1969-06-12,523567.63
1969-06-13,525315.72
1969-06-16,523339.91
1969-06-17,520743.52
1969-06-18,519722.24
1969-06-19,515324.77
1969-06-20,511634.43
1969-06-23,508430.99
1969-06-24,514094.31
1969-06-25,512109.29
1969-06-26,513102.18
1969-06-27,513583.88
1969-06-30,516069.02
1969-07-01,518571.34
1969-07-02,523160.07
1969-07-03,527161.63
1969-07-07,523708.09
1969-07-08,516611.22
1969-07-09,512606.87
1969-07-10,504481.44
1969-07-11,506069.96
1969-07-14,499262.71
1969-07-15,497240.1
1969-07-16,502684.29
1969-07-17,505473.59
1969-07-18,501656.66
1969-07-22,493905.47
1969-07-23,491410.66
1969-07-24,489469
1969-07-25,484549.26
1969-07-28,473719
1969-07-29,469431.28
1969-07-30,471989.13
1969-07-31,482584.72
1969-08-01,492206.88
1969-08-04,489715.73
1969-08-05,491889.49
1969-08-06,495204.24
1969-08-07,495768.18
1969-08-08,495737.84
1969-08-11,492931.38
1969-08-12,489007.06
1969-08-13,489270.54
1969-08-14,493056.91
1969-08-15,497168.42
1969-08-18,500866.76
1969-08-19,503691.05
1969-08-20,503710.6
1969-08-21,505090.17
1969-08-22,508493.87
1969-08-25,503886.31
1969-08-26,500277.89
1969-08-27,501748.11
1969-08-28,503925.1
1969-08-29,507774.49
1969-09-02,507367.66
1969-09-03,503916.96
1969-09-04,499683.45
1969-09-05,496584.82
1969-09-08,491419.75
1969-09-09,495203.1
1969-09-10,503472.4
1969-09-11,500098.53
1969-09-12,500498.02
1969-09-15,503750.66
1969-09-16,504505.68
1969-09-17,503092.47
1969-09-18,504651.46
1969-09-19,506568.53
1969-09-22,508796.83
1969-09-23,508897.98
1969-09-24,508083.14
1969-09-25,504424.34
1969-09-26,501044.09
1969-09-29,497536.19
1969-09-30,496092.74
1969-10-01,493095.75
1969-10-02,497463.99
1969-10-03,497194.77
1969-10-06,498168.68
1969-10-07,497151.82
1969-10-08,494645.58
1969-10-09,496405.93
1969-10-10,499761.05
1969-10-13,506137.4
1969-10-14,512746.95
1969-10-15,513084.76
1969-10-16,516757.83
1969-10-17,516426.49
1969-10-20,518109.43
1969-10-21,522336.58
1969-10-22,525658.02
1969-10-23,524059.4
1969-10-24,527811.04
1969-10-27,527419.83
1969-10-28,525921.33
1969-10-29,521324.15
1969-10-30,522345.33
1969-10-31,524256.49
1969-11-03,524030.43
1969-11-04,524538.12
1969-11-05,527092
1969-11-06,527971.61
1969-11-07,531545.35
1969-11-10,532007.16
1969-11-11,530181.75
1969-11-12,529422.95
1969-11-13,526441.67
1969-11-14,524319.49
1969-11-17,520318.3
1969-11-18,519989.88
1969-11-19,517269.72
1969-11-20,511615.34
1969-11-21,508222.73
1969-11-24,502870.54
1969-11-25,501748.54
1969-11-26,503689.7
1969-11-28,507048.72
1969-12-01,503341.59
1969-12-02,500064.23
1969-12-03,494057.87
1969-12-04,496176.79
1969-12-05,494434.61
1969-12-08,488298.09
1969-12-09,487462.52
1969-12-10,487262.08
1969-12-11,487743.89
1969-12-12,489347.99
1969-12-15,488070.21
1969-12-16,483330.46
1969-12-17,480860.07
1969-12-18,488644.62
1969-12-19,492792.63
1969-12-22,488007.03
1969-12-23,485561.53
1969-12-24,491382.84
1969-12-26,495504.96
1969-12-29,491931.78
1969-12-30,493992.38
1969-12-31,496852.01
1970-01-02,502858.36
1970-01-05,505970.46
1970-01-06,502372.4
1970-01-07,501763.93
1970-01-08,502109.55
1970-01-09,500698.03
1970-01-12,496837.05
1970-01-13,497228.96
1970-01-14,496129.49
1970-01-15,496074.33
1970-01-16,492149.79
1970-01-19,485844.76
1970-01-20,486811.02
1970-01-21,487243.7
1970-01-22,487920.39
1970-01-23,482889.35
1970-01-26,477572.16
1970-01-27,474510.36
1970-01-28,469949.75
1970-01-29,463835.14
1970-01-30,459887.35
1970-02-02,463805.04
1970-02-03,469796.85
1970-02-04,466470.13
1970-02-05,464706.32
1970-02-06,467596.24
1970-02-09,471579.6
1970-02-10,467297.1
1970-02-11,471651.75
1970-02-12,470811.65
1970-02-13,470114.29
1970-02-16,469935.08
1970-02-17,469145.03
1970-02-18,474877.43
1970-02-19,476358.48
1970-02-20,478034.7
1970-02-24,478043.69
1970-02-25,485462.36
1970-02-26,483044.18
1970-02-27,486531.18
1970-03-02,487294.45
1970-03-03,490251.75
1970-03-04,489157.91
1970-03-05,489191.57
1970-03-06,485947.64
1970-03-09,480830.04
1970-03-10,481632.45
1970-03-11,481087.63
1970-03-12,478763.41
1970-03-13,475875.89
1970-03-16,470531.24
1970-03-17,472492.79
1970-03-18,473848.29
1970-03-19,472601.5
1970-03-20,470271.01
1970-03-23,469739.05
1970-03-24,474609.68
1970-03-25,484893.91
1970-03-26,485509.15
1970-03-30,484280.23
1970-03-31,484168.27
1970-04-01,486457.81
1970-04-02,484671.93
1970-04-03,482407.93
1970-04-06,478514.33
1970-04-07,476901.17
1970-04-08,476104.17
1970-04-09,475737.01
1970-04-10,473752.62
1970-04-13,469597.24
1970-04-14,465666.15
1970-04-15,464329.14
1970-04-16,459142.03
1970-04-17,457731.92
1970-04-20,458843.66
1970-04-21,456333.24
1970-04-22,449683.92
1970-04-23,442367.03
1970-04-24,440212.17
1970-04-27,432212.99
1970-04-28,425958.36
1970-04-29,435043.54
1970-04-30,433402.91
1970-05-01,432903.98
1970-05-04,421756.19
1970-05-05,417095.28
1970-05-06,422204.2
1970-05-07,424800.25
1970-05-08,422696.99
1970-05-11,418110.22
1970-05-12,414325.83
1970-05-13,407136.78
1970-05-14,401008.89
1970-05-15,408447.12
1970-05-18,409079.73
1970-05-19,400959.01
1970-05-20,390393.26
1970-05-21,382643.49
1970-05-22,382164.73
1970-05-25,369992.33
1970-05-26,365200.49
1970-05-27,384646.98
1970-05-28,394858.9
1970-05-29,405618.34
1970-06-01,413146.13
1970-06-02,413748.83
1970-06-03,418448.52
1970-06-04,411945.34
1970-06-05,405048.88
1970-06-08,405558.76
1970-06-09,405704.28
1970-06-10,401630.52
1970-06-11,396031.32
1970-06-12,394470.48
1970-06-15,395755.99
1970-06-16,404881.65
1970-06-17,403893.25
1970-06-18,406259.59
1970-06-19,409046.05
1970-06-22,406411.3
1970-06-23,396396.84
1970-06-24,391940.87
1970-06-25,391846.34
1970-06-26,388734.61
1970-06-29,385453.23
1970-06-30,384396.63
1970-07-01,385756.94
1970-07-02,384846.09
1970-07-06,378857.43
1970-07-07,375651.84
1970-07-08,384682.06
1970-07-09,390967.31
1970-07-10,393836.55
1970-07-13,393654.91
1970-07-14,393158.44
1970-07-15,397105.28
1970-07-16,402481.61
1970-07-17,409299.17
1970-07-20,409929.01
1970-07-21,405886.62
1970-07-22,406470.61
1970-07-23,411526.62
1970-07-24,410678.39
1970-07-27,409996.17
1970-07-28,411160.07
1970-07-29,412779.56
1970-07-30,413125.8
1970-07-31,412976.58
1970-08-03,408041.02
1970-08-04,408836.21
1970-08-05,408610.87
1970-08-06,407977.03
1970-08-07,409139.28
1970-08-10,403349.48
1970-08-11,401150.74
1970-08-12,399284.91
1970-08-13,395790.69
1970-08-14,397511.91
1970-08-17,398286.59
1970-08-18,402607.52
1970-08-19,406331.16
1970-08-20,409479.75
1970-08-21,418139.75
1970-08-24,428028.26
1970-08-25,429761.27
1970-08-26,431200.46
1970-08-27,430790.3
1970-08-28,435162.31
1970-08-31,433747.52
1970-09-01,431079.45
1970-09-02,431100.49
1970-09-03,437501.82
1970-09-04,442291.95
1970-09-08,443994.24
1970-09-09,442772.73
1970-09-10,440314.81
1970-09-11,441965.47
1970-09-14,439821.41
1970-09-15,435620.59
1970-09-16,438212.02
1970-09-17,441826.75
1970-09-18,443880.71
1970-09-21,440262.56
1970-09-22,438787.15
1970-09-23,444819.95
1970-09-24,451291.56
1970-09-25,452171.04
1970-09-28,452012.24
1970-09-29,454746.37
1970-09-30,454313.82
1970-10-01,454953.87
1970-10-02,459825.88
1970-10-05,466543.39
1970-10-06,467713.86
1970-10-07,467671.21
1970-10-08,462390.64
1970-10-09,458002
1970-10-12,453609.22
1970-10-13,452524.55
1970-10-14,453207.33
1970-10-15,455160.11
1970-10-16,452524.19
1970-10-19,446238.09
1970-10-20,448874.83
1970-10-21,448609.46
1970-10-22,446774.11
1970-10-23,449056.59
1970-10-26,446770.36
1970-10-27,445523.34
1970-10-28,447042.05
1970-10-29,446330.72
1970-10-30,446111.48
1970-11-02,447641.11
1970-11-03,451548.49
1970-11-04,452464.59
1970-11-05,451663.19
1970-11-06,452173.03
1970-11-09,454537.36
1970-11-10,455323.17
1970-11-11,456656.72
1970-11-12,451692.32
1970-11-13,447459.43
1970-11-16,446801.13
1970-11-17,447126.76
1970-11-18,443786.19
1970-11-19,444287.14
1970-11-20,448742.81
1970-11-23,451672.57
1970-11-24,454395.62
1970-11-25,456408.05
1970-11-27,460985.28
1970-11-30,468789.21
1970-12-01,470237.21
1970-12-02,476062.89
1970-12-03,478295.06
1970-12-04,481111.65
1970-12-07,483992.93
1970-12-08,481567.55
1970-12-09,481706.63
1970-12-10,483435.39
1970-12-11,485315.38
1970-12-14,482640.71
1970-12-15,481863.08
1970-12-16,482532.3
1970-12-17,484119.26
1970-12-18,485227.31
1970-12-21,483911.77
1970-12-22,484583.83
1970-12-23,485402.2
1970-12-24,488843.13
1970-12-28,491526.29
1970-12-29,497075.04
1970-12-30,498063.63
1970-12-31,497659.6
1971-01-04,492826.73
1971-01-05,496960.96
1971-01-06,500732.31
1971-01-07,501077.22
1971-01-08,500520.42
1971-01-11,500064.35
1971-01-12,505059.4
1971-01-13,504700.21
1971-01-14,506259.13
1971-01-15,507772.24
1971-01-18,509645.32
1971-01-19,511219.52
1971-01-20,511725.01
1971-01-21,514226.74
1971-01-22,517769.15
1971-01-25,520300.43
1971-01-26,521855.5
1971-01-27,518092.3
1971-01-28,520107.07
1971-01-29,523637.97
1971-02-01,527234.74
1971-02-02,527640.09
1971-02-03,529312.08
1971-02-04,530142.47
1971-02-05,532617.6
1971-02-08,535903.22
1971-02-09,535779.32
1971-02-10,535280.41
1971-02-11,538154.23
1971-02-12,541420.18
1971-02-16,542810.99
1971-02-17,540297.13
1971-02-18,536714.32
1971-02-19,531813.48
1971-02-22,526266.03
1971-02-23,528986.2
1971-02-24,532989.99
1971-02-25,533932.75
1971-02-26,532688.05
1971-03-01,534354.73
1971-03-02,534690.74
1971-03-03,534813.08
1971-03-04,540497.51
1971-03-05,546296.4
1971-03-08,548988.99
1971-03-09,549828.29
1971-03-10,549239.32
1971-03-11,549200.22
1971-03-12,550149.68
1971-03-15,556492.25
1971-03-16,559123.8
1971-03-17,559251.73
1971-03-18,559938.95
1971-03-19,559003.18
1971-03-22,556839.17
1971-03-23,555073.33
1971-03-24,551758.88
1971-03-25,551940.31
1971-03-26,554108.77
1971-03-29,554623.44
1971-03-30,555859.59
1971-03-31,556431.46
1971-04-01,556836.99
1971-04-02,558022.39
1971-04-05,559042.91
1971-04-06,562413.27
1971-04-07,564904.09
1971-04-08,565767.72
1971-04-12,569631.24
1971-04-13,569932.47
1971-04-14,572000.65
1971-04-15,572875.13
1971-04-16,572948.92
1971-04-19,575371.81
1971-04-20,572626.6
1971-04-21,571154.27
1971-04-22,572884.19
1971-04-23,575822.4
1971-04-26,575896.57
1971-04-27,578504.7
1971-04-28,580546.13
1971-04-29,579169.55
1971-04-30,575479.55
1971-05-03,572284.95
1971-05-04,575517.68
1971-05-05,575430.67
1971-05-06,572178.8
1971-05-07,570432.97
1971-05-10,567722.73
1971-05-11,569453.61
1971-05-12,570848.1
1971-05-13,569791.35
1971-05-14,567483.01
1971-05-17,558941.72
1971-05-18,559304.37
1971-05-19,560674
1971-05-20,562159.12
1971-05-21,560275.21
1971-05-24,555708.3
1971-05-25,552178.89
1971-05-26,553089.33
1971-05-27,552563.24
1971-05-28,554137.39
1971-06-01,557611.17
1971-06-02,562389.23
1971-06-03,563496.47
1971-06-04,565000.33
1971-06-07,564191.71
1971-06-08,559829.84
1971-06-09,559532.46
1971-06-10,561249.56
1971-06-11,563252.55
1971-06-14,558785.29
1971-06-15,558991.37
1971-06-16,559980.12
1971-06-17,559906.66
1971-06-18,551378.61
1971-06-21,544800.01
1971-06-22,543257.58
1971-06-23,548021.3
1971-06-24,547182.18
1971-06-25,546180.18
1971-06-28,544852.31
1971-06-29,550992.15
1971-06-30,556154.29
1971-07-01,556815.45
1971-07-02,557143.31
1971-07-06,557582.79
1971-07-07,559639.61
1971-07-08,561592.08
1971-07-09,563607.53
1971-07-12,564333.91
1971-07-13,557160.56
1971-07-14,556318.58
1971-07-15,556590.51
1971-07-16,555526.76
1971-07-19,554298.39
1971-07-20,556453.95
1971-07-21,556113.85
1971-07-22,554828.56
1971-07-23,553990.11
1971-07-26,552211.15
1971-07-27,546848.52
1971-07-28,542358.24
1971-07-29,535572.69
1971-07-30,533156.62
1971-08-02,535880.42
1971-08-03,527203.88
1971-08-04,524203.46
1971-08-05,525571.01
1971-08-06,527047.23
1971-08-09,523099.02
1971-08-10,523208.25
1971-08-11,529700.64
1971-08-12,537280.03
1971-08-13,535780.38
1971-08-16,555287.5
1971-08-17,559068.35
1971-08-18,551693.57
1971-08-19,549215.81
1971-08-20,550264.16
1971-08-23,555276.41
1971-08-24,560500.9
1971-08-25,561122.39
1971-08-26,560566.21
1971-08-27,561972.57
1971-08-30,556919.76
1971-08-31,554307.15
1971-09-01,554622.44
1971-09-02,556102.62
1971-09-03,563926.32
1971-09-07,566784.76
1971-09-08,568014.01
1971-09-09,565383.43
1971-09-10,563500.03
1971-09-13,561566.55
1971-09-14,557393.44
1971-09-15,559494.15
1971-09-16,558581.51
1971-09-17,560351.55
1971-09-20,558653.02
1971-09-21,556959.63
1971-09-22,552096.71
1971-09-23,551637.82
1971-09-24,550737.99
1971-09-27,547691.75
1971-09-28,548824.82
1971-09-29,548972.35
1971-09-30,551590.3
1971-10-01,555048.11
1971-10-04,556584.93
1971-10-05,556010.99
1971-10-06,560163.73
1971-10-07,561434.63
1971-10-08,558048.51
1971-10-11,556915.01
1971-10-12,558958.23
1971-10-13,556201.9
1971-10-14,551178.73
1971-10-15,548956.83
1971-10-18,546249.81
1971-10-19,544047.78
1971-10-20,536631.76
1971-10-21,536668.68
1971-10-22,536490.94
1971-10-25,534220.95
1971-10-26,531533.18
1971-10-27,525935.5
1971-10-28,526655.41
1971-10-29,529219.6
1971-11-01,521481.77
1971-11-02,522983.02
1971-11-03,531967.25
1971-11-04,532062.37
1971-11-05,530667.73
1971-11-08,530285.02
1971-11-09,530751.04
1971-11-10,524795.38
1971-11-11,517647.04
1971-11-12,517532.54
1971-11-15,515761.97
1971-11-16,520547.62
1971-11-17,521005.08
1971-11-18,517242.81
1971-11-19,514180.11
1971-11-22,509130.25
1971-11-23,505148.25
1971-11-24,506097.33
1971-11-26,515348.18
1971-11-29,524768.13
1971-11-30,528745.25
1971-12-01,537981.8
1971-12-02,539632.77
1971-12-03,546037.56
1971-12-06,543617.97
1971-12-07,546047.29
1971-12-08,546903.94
1971-12-09,547105.64
1971-12-10,551629.55
1971-12-13,553763.7
1971-12-14,551642.13
1971-12-15,556258.72
1971-12-16,562471.46
1971-12-17,565378.77
1971-12-20,572371.83
1971-12-21,573784.91
1971-12-22,570496.44
1971-12-23,568082.56
1971-12-27,568973.77
1971-12-28,574304.38
1971-12-29,576239.1
1971-12-30,574434.79
1971-12-31,576829.5
1972-01-03,574775.3
1972-01-04,577096.71
1972-01-05,582774.65
1972-01-06,585419.75
1972-01-07,585442.47
1972-01-10,585289.56
1972-01-11,587653.44
1972-01-12,587323.65
1972-01-13,583939.97
1972-01-14,586356.78
1972-01-17,588373.15
1972-01-18,590690.64
1972-01-19,589886.6
1972-01-20,589496.57
1972-01-21,588458.36
1972-01-24,582125.84
1972-01-25,583138.05
1972-01-26,582285.97
1972-01-27,588771.95
1972-01-28,593151.71
1972-01-31,592878.15
1972-02-01,593778.62
1972-02-02,597530.6
1972-02-03,597482.08
1972-02-04,599704
1972-02-07,597676.29
1972-02-08,598524.28
1972-02-09,602904.76
1972-02-10,603157.27
1972-02-11,600816.3
1972-02-14,598484.42
1972-02-15,601248.7
1972-02-16,604266.25
1972-02-17,604096.34
1972-02-18,602718.28
1972-02-22,602729.62
1972-02-23,603524.5
1972-02-24,604501.5
1972-02-25,608381.68
1972-02-28,608818.99
1972-02-29,611387.48
1972-03-01,616351.22
1972-03-02,616732.62
1972-03-03,620382.94
1972-03-06,625109.52
1972-03-07,625933.92
1972-03-08,627134.97
1972-03-09,627334.91
1972-03-10,624021.83
1972-03-13,618167.76
1972-03-14,620033.9
1972-03-15,620541.58
1972-03-16,618877.79
1972-03-17,620622.29
1972-03-20,618337.66
1972-03-21,612598.75
1972-03-22,613651.7
1972-03-23,619554.29
1972-03-24,618326.84
1972-03-27,617101.82
1972-03-28,616558.03
1972-03-29,612993.59
1972-03-30,616805.68
1972-04-03,618309.95
1972-04-04,622167.47
1972-04-05,627355.61
1972-04-06,629952.11
1972-04-07,631677.43
1972-04-10,630691.26
1972-04-11,633049.3
1972-04-12,635352.84
1972-04-13,633725.58
1972-04-14,634003.67
1972-04-17,632443.27
1972-04-18,633606.21
1972-04-19,629702.44
1972-04-20,628656.38
1972-04-21,627737.8
1972-04-24,623681.86
1972-04-25,617593.99
1972-04-26,616197.49
1972-04-27,616899.22
1972-04-28,620131.04
1972-05-01,614573.93
1972-05-02,611033.25
1972-05-03,609712.69
1972-05-04,611199.66
1972-05-05,613484.82
1972-05-08,610441.21
1972-05-09,601674.54
1972-05-10,605969.78
1972-05-11,608538.37
1972-05-12,612821.76
1972-05-15,615970.93
1972-05-16,614639.7
1972-05-17,615954.3
1972-05-18,621644.98
1972-05-19,627450.41
1972-05-22,630988.48
1972-05-23,631265.37
1972-05-24,633941.18
1972-05-25,635360.45
1972-05-26,636465.22
1972-05-30,634389.59
1972-05-31,629846.61
1972-06-01,631313.4
1972-06-02,632089.16
1972-06-05,627113.87
1972-06-06,623682.81
1972-06-07,620582.36
1972-06-08,618800.55
1972-06-09,616033.78
1972-06-12,616544.35
1972-06-13,619274.91
1972-06-14,624061.17
1972-06-15,623704.71
1972-06-16,623223.71
1972-06-19,622306.83
1972-06-20,624627.3
1972-06-21,625644.7
1972-06-22,624661.69
1972-06-23,622118.57
1972-06-26,617843.88
1972-06-27,617182.05
1972-06-28,615039.69
1972-06-29,613888.84
1972-06-30,616362.08
1972-07-03,618555.59
1972-07-05,622055.88
1972-07-06,626882.29
1972-07-07,624975.82
1972-07-10,621637.71
1972-07-11,617074.15
1972-07-12,613901.65
1972-07-13,610131.57
1972-07-14,613096.08
1972-07-17,607552.96
1972-07-18,607102.65
1972-07-19,608595.4
1972-07-20,606622.82
1972-07-21,611086.85
1972-07-24,617783.63
1972-07-25,615966.61
1972-07-26,615448.47
1972-07-27,613453.68
1972-07-28,613735.14
1972-07-31,613402.99
1972-08-01,619180.52
1972-08-02,624393.28
1972-08-03,629087.97
1972-08-04,631301.61
1972-08-07,632071.05
1972-08-08,632588.6
1972-08-09,633422.86
1972-08-10,634891.65
1972-08-11,640173.19
1972-08-14,643001.99
1972-08-15,640313.48
1972-08-16,638596.68
1972-08-17,637267.64
1972-08-18,639956.15
1972-08-21,639520.22
1972-08-22,642793.8
1972-08-23,641905.98
1972-08-24,635113.85
1972-08-25,633474.5
1972-08-28,630572.43
1972-08-29,631467.09
1972-08-30,632363.02
1972-08-31,635220.55
1972-09-01,637868.67
1972-09-05,636126.52
1972-09-06,632417.15
1972-09-07,630373.69
1972-09-08,629597.58
1972-09-11,625359.64
1972-09-12,619524.29
1972-09-13,621673.3
1972-09-14,621902.58
1972-09-15,621385.66
1972-09-18,620247.78
1972-09-19,619980.34
1972-09-20,619713.01
1972-09-21,618640.17
1972-09-22,619115.78
1972-09-25,616372.36
1972-09-26,617031.15
1972-09-27,625650.34
1972-09-28,629509.86
1972-09-29,630308.59
1972-10-02,628404.3
1972-10-03,628956.55
1972-10-04,627433.73
1972-10-05,620581.4
1972-10-06,624602.03
1972-10-09,626087.84
1972-10-10,626825.88
1972-10-11,624054.56
1972-10-12,618924.09
1972-10-13,614826.08
1972-10-16,608480.34
1972-10-17,612240.03
1972-10-18,615839.27
1972-10-19,615210.38
1972-10-20,621595.53
1972-10-23,627611.83
1972-10-24,629669.65
1972-10-25,629530.38
1972-10-26,631783.35
1972-10-27,630064.14
1972-10-30,629924.78
1972-10-31,635958.71
1972-11-01,642565.56
1972-11-02,645706.94
1972-11-03,651252.8
1972-11-06,650268.63
1972-11-08,647205.09
1972-11-09,647715.61
1972-11-10,649781.05
1972-11-13,650488.54
1972-11-14,656010.42
1972-11-15,653903.84
1972-11-16,657296.82
1972-11-17,659458.55
1972-11-20,659649.01
1972-11-21,662807.94
1972-11-22,666843.65
1972-11-24,668770.03
1972-11-27,666354.98
1972-11-28,665214.72
1972-11-29,665473.36
1972-11-30,667329.24
1972-12-01,671799.55
1972-12-04,674015.69
1972-12-05,672734.26
1972-12-06,675020.75
1972-12-07,677922.54
1972-12-08,679345.37
1972-12-11,680771.18
1972-12-12,678115.37
1972-12-13,676961.76
1972-12-14,674862.38
1972-12-15,675333.98
1972-12-18,668174.63
1972-12-19,665567.96
1972-12-20,663304.23
1972-12-21,659058.3
1972-12-22,662748.24
1972-12-26,664271.77
1972-12-27,667060.92
1972-12-29,674464.5
1973-01-02,680473.18
1973-01-03,682996.92
1973-01-04,681568.65
1973-01-05,683755.67
1973-01-08,683693.32
1973-01-09,683220.76
1973-01-10,681587.04
1973-01-11,685478.1
1973-01-12,679794.67
1973-01-15,674226.34
1973-01-16,671939.91
1973-01-17,674566.39
1973-01-18,675584.19
1973-01-19,674441.64
1973-01-22,671007.93
1973-01-23,670074.43
1973-01-24,660900.32
1973-01-26,658592.99
1973-01-29,655371.68
1973-01-30,654394.4
1973-01-31,655316.32
1973-02-01,647858.04
1973-02-02,645343.58
1973-02-05,644258.63
1973-02-06,645623.69
1973-02-07,640793.66
1973-02-08,638114.38
1973-02-09,646804.74
1973-02-12,653867.07
1973-02-13,657344.87
1973-02-14,648220.14
1973-02-15,643889.26
1973-02-16,646348.15
1973-02-20,648105.45
1973-02-21,643451.28
1973-02-22,641661.72
1973-02-23,634872.17
1973-02-26,629424.21
1973-02-27,622323.56
1973-02-28,626318.13
1973-03-01,622064.69
1973-03-02,627544.34
1973-03-05,629997.29
1973-03-06,638066.8
1973-03-07,640560.89
1973-03-08,639349.46
1973-03-09,637181.31
1973-03-12,637123.2
1973-03-13,639932.16
1973-03-14,641729.61
1973-03-15,637307.32
1973-03-16,634126.4
1973-03-19,626459.06
1973-03-20,624522.55
1973-03-21,616596.62
1973-03-22,606366.55
1973-03-23,606493.16
1973-03-26,611168.5
1973-03-27,620035.83
1973-03-28,620351.31
1973-03-29,626560.29
1973-03-30,620926.77
1973-04-02,613636.35
1973-04-03,607658.8
1973-04-04,603987.82
1973-04-05,601305.39
1973-04-06,605670.15
1973-04-09,613458.35
1973-04-10,620426.51
1973-04-11,623006.74
1973-04-12,622607.28
1973-04-13,620153.46
1973-04-16,616841.1
1973-04-17,613361.39
1973-04-18,615605.56
1973-04-19,619027.59
1973-04-23,615597.44
1973-04-24,606461.24
1973-04-25,597157.41
1973-04-26,599222.86
1973-04-27,590149.91
1973-04-30,588886.29
1973-05-01,589138.81
1973-05-02,596225.45
1973-05-03,605066.76
1973-05-04,609803.71
1973-05-07,607321.09
1973-05-08,610982.51
1973-05-09,608006.3
1973-05-10,604010.97
1973-05-11,597082.25
1973-05-14,584142.76
1973-05-15,586729.82
1973-05-16,586101.32
1973-05-17,580960.52
1973-05-18,570229.48
1973-05-21,561863.54
1973-05-22,566206.07
1973-05-23,568600.45
1973-05-24,584594.51
1973-05-25,590223.45
1973-05-29,588469.79
1973-05-30,579600.85
1973-05-31,574459.1
1973-06-01,569138.92
1973-06-04,562786.66
1973-06-05,570574.95
1973-06-06,569170.66
1973-06-07,576705.8
1973-06-08,583071.95
1973-06-11,581403.67
1973-06-12,589914.72
1973-06-13,587165.02
1973-06-14,581081.29
1973-06-15,573898.43
1973-06-18,565771.35
1973-06-19,567264.31
1973-06-20,569555.38
1973-06-21,563198.47
1973-06-22,565585.76
1973-06-25,557632.95
1973-06-26,562729.05
1973-06-27,564551.62
1973-06-28,570275.51
1973-06-29,568472.76
1973-07-02,561820.95
1973-07-03,556820.07
1973-07-05,555984.18
1973-07-06,553759.58
1973-07-09,558355.13
1973-07-10,566227.27
1973-07-11,578683.59
1973-07-12,578509.3
1973-07-13,572376.41
1973-07-16,581133.09
1973-07-17,582933.91
1973-07-18,587713.28
1973-07-19,590063.43
1973-07-20,594134.16
1973-07-23,596034.69
1973-07-24,599490.98
1973-07-25,607823.19
1973-07-26,608673.42
1973-07-27,607394.48
1973-07-30,605571.57
1973-07-31,600605.16
1973-08-01,592916.7
1973-08-02,592382.37
1973-08-03,592026.24
1973-08-06,593801.61
1973-08-07,592969.58
1973-08-08,587394.96
1973-08-09,587394.26
1973-08-10,582870.63
1973-08-13,576749.79
1973-08-14,571558.36
1973-08-15,573100.89
1973-08-16,570292.01
1973-08-17,570576.48
1973-08-20,566467.65
1973-08-21,562218.46
1973-08-22,559687.81
1973-08-23,567019.06
1973-08-24,566394.66
1973-08-27,570415.39
1973-08-28,573266.79
1973-08-29,578540.16
1973-08-30,578770.88
1973-08-31,581837.68
1973-09-04,584199.25
1973-09-05,585518.84
1973-09-06,588539.42
1973-09-07,587691.23
1973-09-10,582730.41
1973-09-11,579559.67
1973-09-12,578376.67
1973-09-13,580261.49
1973-09-14,585634.02
1973-09-17,585609.9
1973-09-18,584473.12
1973-09-19,595963.17
1973-09-20,601659.87
1973-09-21,604944.21
1973-09-24,606915.61
1973-09-25,610167.96
1973-09-26,614658.07
1973-09-27,616292.32
1973-09-28,613555.25
1973-10-01,612744.63
1973-10-02,616469.39
1973-10-03,617134.44
1973-10-04,614899.68
1973-10-05,622388.43
1973-10-08,625300.46
1973-10-09,624849.5
1973-10-10,617775.46
1973-10-11,628141
1973-10-12,630640.25
1973-10-15,623437.59
1973-10-16,623549.07
1973-10-17,621914.62
1973-10-18,622025.83
1973-10-19,623443.31
1973-10-22,616946.29
1973-10-23,619277.61
1973-10-24,621246.17
1973-10-25,622351.25
1973-10-26,627005.7
1973-10-29,625550.3
1973-10-30,616216.34
1973-10-31,610965.45
1973-11-01,607579.97
1973-11-02,604334.77
1973-11-05,594882.26
1973-11-06,590753.06
1973-11-07,594627.7
1973-11-08,601203.58
1973-11-09,592461.36
1973-11-12,586867.82
1973-11-13,585376.48
1973-11-14,574581.44
1973-11-15,573983.19
1973-11-16,580617.75
1973-11-19,563175.3
1973-11-20,550593.3
1973-11-21,556572.08
1973-11-23,555936.93
1973-11-26,539347.11
1973-11-27,534416.83
1973-11-28,545136.6
1973-11-29,543369.71
1973-11-30,536174.85
1973-12-03,525300.58
1973-12-04,523261.79
1973-12-05,514323.86
1973-12-06,526060.11
1973-12-07,537748.54
1973-12-10,545986.21
1973-12-11,536277.93
1973-12-12,522505.67
1973-12-13,514939.17
1973-12-14,520098.24
1973-12-17,516831.41
1973-12-18,526712.61
1973-12-19,526775.19
1973-12-20,525362.8
1973-12-21,520486.81
1973-12-24,517373.68
1973-12-26,531559.45
1973-12-27,542147.48
1973-12-28,541723.96
1973-12-31,542980.12
1974-01-02,544543.25
1974-01-03,557328.48
1974-01-04,554362.83
1974-01-07,551634.7
1974-01-08,542024.57
1974-01-09,527378.42
1974-01-10,521882.51
1974-01-11,528081.85
1974-01-14,527489.77
1974-01-15,531593.02
1974-01-16,539343.01
1974-01-17,548500.41
1974-01-18,540151.58
1974-01-21,538843.77
1974-01-22,544274.68
1974-01-23,547093.37
1974-01-24,545878.17
1974-01-25,545429.9
1974-01-28,542854.82
1974-01-29,542137.61
1974-01-30,547764.35
1974-01-31,545452.13
1974-02-01,538911.51
1974-02-04,528515.27
1974-02-05,526564.42
1974-02-06,528254.06
1974-02-07,529051.1
1974-02-08,524188.49
1974-02-11,515124.65
1974-02-12,515489.77
1974-02-13,515442.76
1974-02-14,515550.39
1974-02-15,522411.76
1974-02-19,521893.95
1974-02-20,528526.6
1974-02-21,535243.54
1974-02-22,539797.83
1974-02-25,538561.05
1974-02-26,544005.26
1974-02-27,546838.88
1974-02-28,546242.17
1974-03-01,543051.47
1974-03-04,543246.32
1974-03-05,552948.05
1974-03-06,556187.67
1974-03-07,551103.45
1974-03-08,555379.36
1974-03-11,561132.43
1974-03-12,562287.69
1974-03-13,565525.8
1974-03-14,565898.37
1974-03-15,564403.73
1974-03-18,557268.99
1974-03-19,552732.16
1974-03-20,554312.32
1974-03-21,553180.86
1974-03-22,552715.53
1974-03-25,553908.74
1974-03-26,555215.3
1974-03-27,547863.59
1974-03-28,537869.91
1974-03-29,533652.36
1974-04-01,529627.99
1974-04-02,529818.03
1974-04-03,534299.66
1974-04-04,534063.93
1974-04-05,526778.66
1974-04-08,521489.18
1974-04-09,524231.59
1974-04-10,523318.8
1974-04-11,522093.61
1974-04-15,521393.38
1974-04-16,529714.2
1974-04-17,533453.35
1974-04-18,535511.85
1974-04-19,530081.12
1974-04-22,528097.99
1974-04-23,518623.28
1974-04-24,509837.18
1974-04-25,505074.7
1974-04-26,508134.85
1974-04-29,507910.67
1974-04-30,509413.48
1974-05-01,519519.63
1974-05-02,519176.13
1974-05-03,514990.95
1974-05-06,514341.45
1974-05-07,515441.53
1974-05-08,515667.71
1974-05-09,521360.07
1974-05-10,513038.54
1974-05-13,508287.19
1974-05-14,508306.92
1974-05-15,507310.03
1974-05-16,504133.67
1974-05-17,495280.48
1974-05-20,493070.94
1974-05-21,493090.08
1974-05-22,488326.24
1974-05-23,488540.52
1974-05-24,496131.86
1974-05-28,495109.24
1974-05-29,487256.22
1974-05-30,490052.49
1974-05-31,489532.45
1974-06-03,498784.03
1974-06-04,505018.23
1974-06-05,506532.69
1974-06-06,515295.1
1974-06-07,518850.02
1974-06-10,521858.74
1974-06-11,517578.87
1974-06-12,515766.73
1974-06-13,517003.96
1974-06-14,511833.3
1974-06-17,505025.31
1974-06-18,501691.54
1974-06-19,498078.76
1974-06-20,494093.54
1974-06-21,489448.47
1974-06-24,489937.34
1974-06-25,496256.95
1974-06-26,488614
1974-06-27,481186.49
1974-06-28,478539.39
1974-07-01,477830.58
1974-07-02,467805.13
1974-07-03,467205.78
1974-07-05,464691.65
1974-07-08,449923.2
1974-07-09,451146.46
1974-07-10,443395.22
1974-07-11,442915.83
1974-07-12,460817.96
1974-07-15,464605.33
1974-07-16,459921.56
1974-07-17,465035.34
1974-07-18,466020.66
1974-07-19,465656.61
1974-07-22,467155.47
1974-07-23,472116.1
1974-07-24,473919.03
1974-07-25,468383.09
1974-07-26,460429.38
1974-07-29,452288.45
1974-07-30,449899.82
1974-07-31,443249.77
1974-08-01,440443.47
1974-08-02,439460.76
1974-08-05,443402.2
1974-08-06,450394.12
1974-08-07,461684.97
1974-08-08,456222.68
1974-08-09,453334.25
1974-08-12,448152.1
1974-08-13,440833.24
1974-08-14,431297.5
1974-08-15,428911.91
1974-08-16,425381.45
1974-08-19,419370.3
1974-08-20,421118.58
1974-08-21,413735.87
1974-08-22,409254.62
1974-08-23,402734.7
1974-08-26,405662.11
1974-08-27,399442.82
1974-08-28,398232.04
1974-08-29,393321.36
1974-08-30,404400.76
1974-09-03,395746.1
1974-09-04,385258.35
1974-09-05,396584.49
1974-09-06,399717.04
1974-09-09,390762.9
1974-09-10,387831.71
1974-09-11,384534.68
1974-09-12,374843.95
1974-09-13,366596.94
1974-09-16,371875.5
1974-09-17,378122.56
1974-09-18,379634.6
1974-09-19,392465.8
1974-09-20,393838.96
1974-09-23,390884.7
1974-09-24,383848.31
1974-09-25,382427.62
1974-09-26,376308.32
1974-09-27,368518.29
1974-09-30,359931.37
1974-10-01,359182.29
1974-10-02,359476.39
1974-10-03,353551.79
1974-10-04,353876.64
1974-10-07,367295.22
1974-10-08,366934.83
1974-10-09,382536.46
1974-10-10,393943.25
1974-10-11,401947.7
1974-10-14,411200.06
1974-10-15,404587.47
1974-10-16,398930.86
1974-10-17,403326.6
1974-10-18,408980.76
1974-10-21,415982.03
1974-10-22,414825.1
1974-10-23,404462.28
1974-10-24,399697.23
1974-10-25,399584.84
1974-10-28,399312.64
1974-10-29,413056.51
1974-10-30,421160.19
1974-10-31,419904.63
1974-11-01,419891.53
1974-11-04,416015.43
1974-11-05,426777.26
1974-11-06,426379.85
1974-11-07,429649.67
1974-11-08,428862.9
1974-11-11,430350.55
1974-11-12,422074.39
1974-11-13,420119.68
1974-11-14,419014.27
1974-11-15,413093.1
1974-11-18,398456.72
1974-11-19,391989.29
1974-11-20,390330.71
1974-11-21,392348.26
1974-11-22,396691.08
1974-11-25,396401.03
1974-11-26,400273.39
1974-11-27,402782.63
1974-11-29,403172.85
1974-12-02,393185.78
1974-12-03,387535.23
1974-12-04,388437.73
1974-12-05,381029.76
1974-12-06,374487.02
1974-12-09,376594.94
1974-12-10,385267.47
1974-12-11,387859.86
1974-12-12,386397.17
1974-12-13,384283.12
1974-12-16,380874.07
1974-12-17,386026.84
1974-12-18,387929.49
1974-12-19,386621.71
1974-12-20,382302.69
1974-12-23,376808.54
1974-12-24,381830.95
1974-12-26,385278.43
1974-12-27,383786.94
1974-12-30,383606.11
1974-12-31,392094.85
1975-01-02,401920.28
1975-01-03,405239.67
1975-01-06,408505.42
1975-01-07,408611.14
1975-01-08,403977
1975-01-09,410545.19
1975-01-10,419355
1975-01-13,417995.79
1975-01-14,414843.6
1975-01-15,417771.91
1975-01-16,418423.13
1975-01-17,413342.98
1975-01-20,413449.96
1975-01-21,411779.13
1975-01-22,416332.91
1975-01-23,418563.96
1975-01-24,423904.34
1975-01-27,438214.84
1975-01-28,440344.05
1975-01-29,447283.34
1975-01-30,442344.8
1975-01-31,446794.27
1975-02-03,452436.75
1975-02-04,451092.47
1975-02-05,458548.49
1975-02-06,458057.3
1975-02-07,458024.69
1975-02-10,456755.42
1975-02-11,457636.41
1975-02-12,464926.01
1975-02-13,471169.42
1975-02-14,473680.19
1975-02-18,470567.55
1975-02-19,472886.88
1975-02-20,477392.93
1975-02-21,479602.69
1975-02-24,473573.52
1975-02-25,463026.47
1975-02-26,467068.14
1975-02-27,469510.35
1975-02-28,473655.57
1975-03-03,481853.98
1975-03-04,485279.39
1975-03-05,481741.13
1975-03-06,486081.04
1975-03-07,489828.15
1975-03-10,493555.16
1975-03-11,491042.37
1975-03-12,486725.53
1975-03-13,488092.64
1975-03-14,494832.62
1975-03-17,501665.67
1975-03-18,497255.43
1975-03-19,492933.69
1975-03-20,489684.67
1975-03-21,488758.59
1975-03-24,477619.2
1975-03-25,480489.12
1975-03-26,489046.06
1975-03-27,490810.93
1975-03-31,488164.88
1975-04-01,484307.79
1975-04-02,483290.17
1975-04-03,478408.36
1975-04-04,475680.87
1975-04-07,472540.81
1975-04-08,475375.49
1975-04-09,484977.51
1975-04-10,490020.7
1975-04-11,492960.24
1975-04-14,500699.13
1975-04-15,504103.28
1975-04-16,506169.51
1975-04-17,509965.18
1975-04-18,505476.88
1975-04-21,511036.52
1975-04-22,509758.32
1975-04-23,504558.18
1975-04-24,504557.58
1975-04-25,508189.79
1975-04-28,506359.7
1975-04-29,502561.4
1975-04-30,510953.58
1975-05-01,515403.38
1975-05-02,521902
1975-05-05,527021.24
1975-05-06,520438.11
1975-05-07,522992.85
1975-05-08,526919.9
1975-05-09,533089.5
1975-05-12,533467.36
1975-05-13,537899.84
1975-05-14,541992.62
1975-05-15,537986.65
1975-05-16,533041.91
1975-05-19,533579.65
1975-05-20,531503.39
1975-05-21,525608.38
1975-05-22,527768.01
1975-05-23,534686.42
1975-05-27,534263.38
1975-05-28,530848.8
1975-05-29,531012.73
1975-05-30,539726.02
1975-06-02,547492.03
1975-06-03,549402.13
1975-06-04,548462
1975-06-05,549168.86
1975-06-06,548668.46
1975-06-09,541968.57
1975-06-10,537518.36
1975-06-11,538264.87
1975-06-12,535621.35
1975-06-13,538293.46
1975-06-16,543562.71
1975-06-17,539099.42
1975-06-18,538123.01
1975-06-19,547803.2
1975-06-20,551631.69
1975-06-23,557472.81
1975-06-24,561145.9
1975-06-25,563608.66
1975-06-26,564955.01
1975-06-27,565174.67
1975-06-30,567937.7
1975-07-01,565733.43
1975-07-02,561387.92
1975-07-03,563475.62
1975-07-07,558922.06
1975-07-08,558038.3
1975-07-09,566698.39
1975-07-10,567162.41
1975-07-11,567173.08
1975-07-14,570416.63
1975-07-15,573108.32
1975-07-16,567559.95
1975-07-17,562576.1
1975-07-18,560786.43
1975-07-21,556815.4
1975-07-22,550589.54
1975-07-23,542671.41
1975-07-24,540890.8
1975-07-25,536573.85
1975-07-28,532720.61
1975-07-29,529374.49
1975-07-30,533195.94
1975-07-31,533259.29
1975-08-01,528155.36
1975-08-04,523100.29
1975-08-05,517308.95
1975-08-06,517375.58
1975-08-07,517235.27
1975-08-08,515543.3
1975-08-11,518084.31
1975-08-12,521570.4
1975-08-13,515326.58
1975-08-14,512455.6
1975-08-15,516365.03
1975-08-18,515347.17
1975-08-19,507374.14
1975-08-20,497190.54
1975-08-21,496707.67
1975-08-22,503725.56
1975-08-25,508626.21
1975-08-26,502791.66
1975-08-27,505320.1
1975-08-28,516855.96
1975-08-29,520695.58
1975-09-02,512702.29
1975-09-03,515188.28
1975-09-04,516140.77
1975-09-05,512965.89
1975-09-08,513862.97
1975-09-09,507002.28
1975-09-10,501196.51
1975-09-11,499366.54
1975-09-12,498292.31
1975-09-15,495675.68
1975-09-16,491090.09
1975-09-17,492145.35
1975-09-18,501274.06
1975-09-19,512527.07
1975-09-22,508349.36
1975-09-23,507713.32
1975-09-24,512662.92
1975-09-25,511867.68
1975-09-26,514554.38
1975-09-29,508301.93
1975-09-30,501210.51
1975-10-01,495516.16
1975-10-02,500044.59
1975-10-03,512015.06
1975-10-06,517359.89
1975-10-07,516707.4
1975-10-08,523082.96
1975-10-09,525561.75
1975-10-10,525161.69
1975-10-13,532324.27
1975-10-14,532238.47
1975-10-15,531993.01
1975-10-16,533024.44
1975-10-17,529953.58
1975-10-20,535061.7
1975-10-21,539362.96
1975-10-22,540462.62
1975-10-23,543185.91
1975-10-24,536091.26
1975-10-27,535629.58
1975-10-28,539881.84
1975-10-29,532722.36
1975-10-30,531837.41
1975-10-31,530581.64
1975-11-03,525710.27
1975-11-04,527980.71
1975-11-05,532478.48
1975-11-06,534884.65
1975-11-07,534145.87
1975-11-10,534262.75
1975-11-11,537585.23
1975-11-12,545605.36
1975-11-13,545451.94
1975-11-14,544916.75
1975-11-17,547706.07
1975-11-18,544977.84
1975-11-19,539102.33
1975-11-20,537009.97
1975-11-21,536858.97
1975-11-24,538479.65
1975-11-25,543551.48
1975-11-26,545301.07
1975-11-28,546947.23
1975-12-01,543839.92
1975-12-02,535529.4
1975-12-03,524561.12
1975-12-04,525357.83
1975-12-05,519798.92
1975-12-08,520640.37
1975-12-09,521222.87
1975-12-10,526027.93
1975-12-11,524827.96
1975-12-12,524522.93
1975-12-15,525634.29
1975-12-16,530690.27
1975-12-17,532345.39
1975-12-18,534325.08
1975-12-19,530968.89
1975-12-22,527208.99
1975-12-23,530382.16
1975-12-24,534953.43
1975-12-26,539885.06
1975-12-29,539139.38
1975-12-30,537208.62
1975-12-31,540656.86
1976-01-02,545046.35
1976-01-05,554867.43
1976-01-06,561647.25
1976-01-07,564690.71
1976-01-08,568654.17
1976-01-09,571223.81
1976-01-12,578774.71
1976-01-13,574734.17
1976-01-14,583940.73
1976-01-15,581440.77
1976-01-16,584126.33
1976-01-19,591322.07
1976-01-20,594348.94
1976-01-21,591566.68
1976-01-22,590572.14
1976-01-23,597492.94
1976-01-26,600073.4
1976-01-27,597084.32
1976-01-28,594468.38
1976-01-29,604526.08
1976-01-30,609071.39
1976-02-02,610033
1976-02-03,612704.22
1976-02-04,618144.3
1976-02-05,610157.14
1976-02-06,605079.91
1976-02-09,606821.82
1976-02-10,611724.22
1976-02-11,614464.01
1976-02-12,612361.81
1976-02-13,609960.63
1976-02-17,606897.9
1976-02-18,611800.91
1976-02-19,621637.94
1976-02-20,625914.07
1976-02-23,624210.84
1976-02-24,627381.09
1976-02-25,626489.46
1976-02-26,617329.44
1976-02-27,613241.98
1976-03-01,615307.88
1976-03-02,618980.53
1976-03-03,615618.73
1976-03-04,609751.15
1976-03-05,610585.79
1976-03-08,616855.77
1976-03-09,618625.42
1976-03-10,620895.04
1976-03-11,626153.28
1976-03-12,620811.44
1976-03-15,613963.15
1976-03-16,620083.64
1976-03-17,620002.29
1976-03-18,617564.94
1976-03-19,618225
1976-03-22,618700.3
1976-03-23,626847.84
1976-03-24,633410.19
1976-03-25,630033.36
1976-03-26,630769.75
1976-03-29,628353.15
1976-03-30,625820.14
1976-03-31,629805.87
1976-04-01,627222.92
1976-04-02,627535.78
1976-04-05,634877.2
1976-04-06,634432.03
1976-04-07,627135.31
1976-04-08,621114.06
1976-04-09,614715.85
1976-04-12,613670.1
1976-04-13,617780.96
1976-04-14,614135.32
1976-04-15,616284.06
1976-04-19,620535.69
1976-04-20,629718.88
1976-04-21,632111.06
1976-04-22,630972.51
1976-04-23,626933.53
1976-04-26,627497.02
1976-04-27,624358.79
1976-04-28,625544.33
1976-04-29,625481.03
1976-04-30,623103.46
1976-05-03,618049.35
1976-05-04,621627.12
1976-05-05,618947.17
1976-05-06,620858.98
1976-05-07,625694.73
1976-05-10,633446.34
1976-05-11,632932.49
1976-05-12,631976.01
1976-05-13,628556.27
1976-05-14,623960.78
1976-05-17,622331.5
1976-05-18,623133.56
1976-05-19,622939.65
1976-05-20,626981.79
1976-05-21,623714.46
1976-05-24,613478.57
1976-05-25,613042.27
1976-05-26,612790.19
1976-05-27,612231.82
1976-05-28,616816.71
1976-06-01,615212.25
1976-06-02,617118.68
1976-06-03,616932.81
1976-06-04,611626.45
1976-06-07,608567.59
1976-06-08,609540.57
1976-06-09,609296.03
1976-06-10,614108.74
1976-06-11,621415.91
1976-06-14,627691.47
1976-06-15,625179.96
1976-06-16,628742.74
1976-06-17,637858.76
1976-06-18,639197.5
1976-06-21,641817.45
1976-06-22,637452.33
1976-06-23,636176.66
1976-06-24,640056.59
1976-06-25,640247.84
1976-06-28,638902.56
1976-06-29,641457.41
1976-06-30,644535.64
1976-07-01,640358.28
1976-07-02,643508.08
1976-07-06,640688.75
1976-07-07,642430.66
1976-07-08,643534.88
1976-07-09,649274.44
1976-07-12,654350.99
1976-07-13,653120.04
1976-07-14,654895.74
1976-07-15,651109.67
1976-07-16,648126.81
1976-07-19,646194.62
1976-07-20,642264.99
1976-07-21,642790.88
1976-07-22,643702.88
1976-07-23,644616.17
1976-07-26,644241.53
1976-07-27,641161.28
1976-07-28,638736.93
1976-07-29,637854.71
1976-07-30,640545.7
1976-08-02,639705.82
1976-08-03,645519.99
1976-08-04,647062.01
1976-08-05,644401.82
1976-08-06,644330.17
1976-08-09,642969.86
1976-08-10,648042.13
1976-08-11,646544.38
1976-08-12,647119.04
1976-08-13,647564.78
1976-08-16,648723.15
1976-08-17,650791.8
1976-08-18,649613.09
1976-08-19,642135.27
1976-08-20,636477.3
1976-08-23,633860.62
1976-08-24,630050.36
1976-08-25,634894.7
1976-08-26,631014.74
1976-08-27,631701.79
1976-08-30,635169.08
1976-08-31,639671.67
1976-09-01,646329.89
1976-09-02,646206.32
1976-09-03,648732.22
1976-09-07,652824.95
1976-09-08,652243.16
1976-09-09,649509.48
1976-09-10,651203.93
1976-09-13,649451.41
1976-09-14,647638.67
1976-09-15,649069.18
1976-09-16,654851.62
1976-09-17,660685.56
1976-09-20,661484.21
1976-09-21,669758.59
1976-09-22,667956.14
1976-09-23,665023.02
1976-09-24,664496.86
1976-09-27,667027.8
1976-09-28,659696.37
1976-09-29,656403.7
1976-09-30,655687.44
1976-10-01,649778.91
1976-10-04,648926.93
1976-10-05,644312.29
1976-10-06,641663.4
1976-10-07,645506.2
1976-10-08,640205.82
1976-10-11,634372.78
1976-10-12,629544.45
1976-10-13,636588.3
1976-10-14,629324.07
1976-10-15,630072.22
1976-10-18,633656.58
1976-10-19,633459.39
1976-10-20,635035.95
1976-10-21,629948.56
1976-10-22,625342.89
1976-10-25,626023.76
1976-10-26,631525.77
1976-10-27,635181.55
1976-10-28,634666.3
1976-10-29,642338.66
1976-11-01,643943.74
1976-11-03,636602.01
1976-11-04,641630.41
1976-11-05,634058.41
1976-11-08,627019.61
1976-11-09,625012.4
1976-11-10,622199.1
1976-11-11,626678.19
1976-11-12,624797.41
1976-11-15,628108.09
1976-11-16,629866.05
1976-11-17,633959.43
1976-11-18,641946.56
1976-11-19,642972.91
1976-11-22,647151.47
1976-11-23,644626.81
1976-11-24,648171.49
1976-11-26,652837.55
1976-11-29,649246.17
1976-11-30,647297.66
1976-12-01,650196.78
1976-12-02,648427.47
1976-12-03,652109.77
1976-12-06,657312.83
1976-12-07,657561.82
1976-12-08,661164.48
1976-12-09,665051.34
1976-12-10,666633.37
1976-12-13,667219.21
1976-12-14,670007.39
1976-12-15,670529.2
1976-12-16,668771.62
1976-12-17,666015.48
1976-12-20,662471.49
1976-12-21,665571.06
1976-12-22,668751.7
1976-12-23,669205.66
1976-12-27,676485.82
1976-12-28,680800.99
1976-12-29,678744.16
1976-12-30,682462.87
1976-12-31,686611.43
1977-01-03,684530.18
1977-01-04,677937.34
1977-01-05,673035.05
1977-01-06,674360.13
1977-01-07,675080.89
1977-01-10,676004.95
1977-01-11,669832.22
1977-01-12,665390.43
1977-01-13,670958.96
1977-01-14,670938.03
1977-01-17,669709.42
1977-01-18,667880.31
1977-01-19,671332.46
1977-01-20,666477.92
1977-01-21,668989.75
1977-01-24,669169.58
1977-01-25,669014.88
1977-01-26,664779.22
1977-01-27,661035.72
1977-01-28,661345.62
1977-01-31,661457.26
1977-02-01,664882.82
1977-02-02,664270.34
1977-02-03,661798.46
1977-02-04,663041.85
1977-02-07,663558.24
1977-02-08,662017.99
1977-02-09,656509.21
1977-02-10,657283.11
1977-02-11,653917.04
1977-02-14,656845.81
1977-02-15,658802.43
1977-02-16,661423.68
1977-02-17,658102.55
1977-02-18,656311.72
1977-02-22,656232.18
1977-02-23,654380.83
1977-02-24,650440.68
1977-02-25,649451.23
1977-02-28,650866.26
1977-03-01,656501.99
1977-03-02,655161.94
1977-03-03,658148.7
1977-03-04,660556.74
1977-03-07,661454.31
1977-03-08,659310.42
1977-03-09,654799.95
1977-03-10,658046.98
1977-03-11,658612.11
1977-03-14,662865.96
1977-03-15,665887.84
1977-03-16,667258.78
1977-03-17,666764.21
1977-03-18,665403.22
1977-03-21,662514.58
1977-03-22,661162.26
1977-03-23,656110.19
1977-03-24,653196.28
1977-03-25,649446.16
1977-03-28,648575.13
1977-03-29,652245.29
1977-03-30,645174.17
1977-03-31,644373.39
1977-04-01,649327.85
1977-04-04,643671.44
1977-04-05,641990.69
1977-04-06,641662.51
1977-04-07,643836.98
1977-04-11,647113.34
1977-04-12,655000.89
1977-04-13,655321.06
1977-04-14,660949.48
1977-04-15,661272.56
1977-04-18,658752.33
1977-04-19,656702.82
1977-04-20,659059.6
1977-04-21,654900.15
1977-04-22,647165
1977-04-25,639197.63
1977-04-26,638998.72
1977-04-27,644550.86
1977-04-28,646026.11
1977-04-29,647763.15
1977-05-02,651312.12
1977-05-03,654489.75
1977-05-04,658337.37
1977-05-05,660232.6
1977-05-06,657643.7
1977-05-09,656380.24
1977-05-10,658466.75
1977-05-11,654962.92
1977-05-12,654883.55
1977-05-13,657096.27
1977-05-16,659842.16
1977-05-17,661609.75
1977-05-18,664903.78
1977-05-19,662894.97
1977-05-20,660560.79
1977-05-23,653214.57
1977-05-24,650261.27
1977-05-25,645045.4
1977-05-26,646192.81
1977-05-27,642172.72
1977-05-31,640746.33
1977-06-01,645602.43
1977-06-02,644814.02
1977-06-03,650539.2
1977-06-06,648118.42
1977-06-07,651086.03
1977-06-08,654522.99
1977-06-09,654443.67
1977-06-10,656458.58
1977-06-13,658676.63
1977-06-14,665315.3
1977-06-15,664103.64
1977-06-16,666148.29
1977-06-17,667266.62
1977-06-20,670255.18
1977-06-21,672519.85
1977-06-22,671295.06
1977-06-23,672891.94
1977-06-24,676780.46
1977-06-27,676224.69
1977-06-28,671476.79
1977-06-29,671126.82
1977-06-30,673595.77
1977-07-01,671991.81
1977-07-05,672206.05
1977-07-06,669328.21
1977-07-07,671549.58
1977-07-08,671629.36
1977-07-11,670030.09
1977-07-12,669506.67
1977-07-13,670724.37
1977-07-15,674895.48
1977-07-18,679227.5
1977-07-19,683587.34
1977-07-20,683531.84
1977-07-21,682929.51
1977-07-22,683557
1977-07-25,679126.73
1977-07-26,675675.96
1977-07-27,665012.99
1977-07-28,664825.99
1977-07-29,664838.5
1977-08-01,667290.96
1977-08-02,663346.48
1977-08-03,662012.36
1977-08-04,665381.22
1977-08-05,665573.38
1977-08-08,661772.17
1977-08-09,662360.36
1977-08-10,667121.94
1977-08-11,663645.44
1977-08-12,661713.44
1977-08-15,663227.98
1977-08-16,660965.58
1977-08-17,660759.9
1977-08-18,660950.73
1977-08-19,659555.34
1977-08-22,661460.67
1977-08-23,660593.36
1977-08-24,658207.84
1977-08-25,652342.42
1977-08-26,651878.48
1977-08-29,657216.59
1977-08-30,654251.76
1977-08-31,655945.49
1977-09-01,657000.79
1977-09-02,661277.08
1977-09-06,662539.33
1977-09-07,664400.28
1977-09-08,660353.29
1977-09-09,654878.17
1977-09-12,652984.8
1977-09-13,653121.15
1977-09-14,655608.76
1977-09-15,657778.04
1977-09-16,655942.06
1977-09-19,652208.97
1977-09-20,652410.38
1977-09-21,647653.53
1977-09-22,647400.17
1977-09-23,647405.88
1977-09-26,649159.58
1977-09-27,648386.3
1977-09-28,648781.05
1977-09-29,652290.18
1977-09-30,656927.19
1977-10-03,658916.89
1977-10-04,655048.27
1977-10-05,652839.97
1977-10-06,655339.57
1977-10-07,655423.99
1977-10-10,654459.74
1977-10-11,649570.14
1977-10-12,642378.63
1977-10-13,638093.2
1977-10-14,638430.63
1977-10-17,637874.43
1977-10-18,637892.81
1977-10-19,631340.89
1977-10-20,632684.89
1977-10-21,631374.48
1977-10-24,626531.09
1977-10-25,621474.24
1977-10-26,627706.88
1977-10-27,630110.25
1977-10-28,632333.79
1977-10-31,631277.04
1977-11-01,625241.28
1977-11-02,621639.15
1977-11-03,622657.9
1977-11-04,628659.58
1977-11-07,633901.85
1977-11-08,635257.65
1977-11-09,638585.64
1977-11-10,650935.13
1977-11-11,659422.55
1977-11-14,656282.91
1977-11-15,660705.47
1977-11-16,658682.93
1977-11-17,657456.99
1977-11-18,659257.64
1977-11-21,658887.68
1977-11-22,664711.46
1977-11-23,668791.99
1977-11-25,671091.84
1977-11-28,667628.21
1977-11-29,658374.09
1977-11-30,659650.55
1977-12-01,660131.31
1977-12-02,660348.37
1977-12-05,658122.21
1977-12-06,648269.33
1977-12-07,647510.09
1977-12-08,648953.26
1977-12-09,653579.53
1977-12-12,653990.51
1977-12-13,653813.15
1977-12-14,656120.33
1977-12-15,653645.98
1977-12-16,653076.53
1977-12-19,648589.11
1977-12-20,646402.6
1977-12-21,650299.63
1977-12-22,654740.41
1977-12-23,660651.93
1977-12-27,660670.97
1977-12-28,660954.27
1977-12-29,663154.46
1977-12-30,664499.87
1978-01-03,656079.87
1978-01-04,653540.06
1978-01-05,648918.75
1978-01-06,641020.64
1978-01-09,633603.27
1978-01-10,629693.18
1978-01-11,626499.89
1978-01-12,627833.58
1978-01-13,627788.89
1978-01-16,625735.27
1978-01-17,629132.27
1978-01-18,633554.32
1978-01-19,631545.2
1978-01-20,630363.46
1978-01-23,626347.29
1978-01-24,626615.88
1978-01-25,627824.5
1978-01-26,623133.9
1978-01-27,623151.85
1978-01-30,627968.08
1978-01-31,627546.59
1978-02-01,632591.32
1978-02-02,634893.2
1978-02-03,633140.14
1978-02-06,633291.34
1978-02-07,638192.26
1978-02-08,641663.26
1978-02-09,639506.51
1978-02-10,638891.82
1978-02-13,637319.39
1978-02-14,632500.5
1978-02-15,631007.04
1978-02-16,626235.88
1978-02-17,625696.57
1978-02-21,623405.77
1978-02-22,623928.69
1978-02-23,625200.76
1978-02-24,630601.75
1978-02-27,626338.14
1978-02-28,621539.64
1978-03-01,622309.61
1978-03-02,623765.07
1978-03-03,624724.93
1978-03-06,621500.6
1978-03-07,624570.08
1978-03-08,627779.62
1978-03-09,629185.1
1978-03-10,635878.88
1978-03-13,636666.62
1978-03-14,639365.33
1978-03-15,638367.15
1978-03-16,641264.58
1978-03-17,646098.95
1978-03-20,650000.62
1978-03-21,643850.84
1978-03-22,642330.59
1978-03-23,642162.82
1978-03-27,639554.87
1978-03-28,643672.84
1978-03-29,645113.9
1978-03-30,643784.2
1978-03-31,642457.24
1978-04-03,638068.49
1978-04-04,640664.67
1978-04-05,646026.27
1978-04-06,647750.39
1978-04-07,650968.94
1978-04-10,653161.93
1978-04-11,651965.87
1978-04-12,651945.53
1978-04-13,658444.65
1978-04-14,670868.72
1978-04-17,680374.13
1978-04-18,673549.17
1978-04-19,676155
1978-04-20,681205.07
1978-04-21,680706.98
1978-04-24,689330.73
1978-04-25,694823.88
1978-04-26,696191.85
1978-04-27,690391.74
1978-04-28,696583.74
1978-05-01,702594.43
1978-05-02,700928.44
1978-05-03,695972.04
1978-05-04,695783.3
1978-05-05,700673.83
1978-05-08,699012.4
1978-05-09,697984.02
1978-05-10,698771.91
1978-05-11,706758.04
1978-05-12,712785.84
1978-05-15,717154.37
1978-05-16,722123.4
1978-05-17,724382.79
1978-05-18,719115.66
1978-05-19,716116.09
1978-05-22,722223.71
1978-05-23,716250.06
1978-05-24,709394.69
1978-05-25,708280.1
1978-05-26,707308.91
1978-05-30,709097.56
1978-05-31,712096.2
1978-06-01,713049.56
1978-06-02,718496.41
1978-06-05,730163.94
1978-06-06,733478.01
1978-06-07,732626.31
1978-06-08,734339.78
1978-06-09,733487.07
1978-06-12,731608.47
1978-06-13,732368.47
1978-06-14,732103.95
1978-06-15,725250.58
1978-06-16,719259.15
1978-06-19,718064.32
1978-06-20,711414.19
1978-06-21,706959.89
1978-06-22,708613.34
1978-06-23,706798.44
1978-06-26,697990.89
1978-06-27,699623.36
1978-06-28,702379.05
1978-06-29,704021.78
1978-06-30,703697.09
1978-07-03,701711.82
1978-07-05,695802.58
1978-07-06,695787.83
1978-07-07,699947.81
1978-07-10,702522.79
1978-07-11,706933.8
1978-07-12,709605.16
1978-07-13,709944.93
1978-07-14,718875.19
1978-07-17,720729.03
1978-07-18,715308.29
1978-07-19,723376.12
1978-07-20,723577.8
1978-07-21,721464.09
1978-07-24,720943.78
1978-07-25,726047.21
1978-07-26,730605.92
1978-07-27,734608.77
1978-07-28,738192.78
1978-07-31,743639.77
1978-08-01,744709.72
1978-08-02,760749.89
1978-08-03,764202.78
1978-08-04,767671.35
1978-08-07,766549.64
1978-08-08,770412.14
1978-08-09,774602.26
1978-08-10,770217.09
1978-08-11,772865.72
1978-08-14,773745.87
1978-08-15,772847.4
1978-08-16,778596.47
1978-08-17,783142.54
1978-08-18,781528.34
1978-08-21,775462.75
1978-08-22,777896.78
1978-08-23,782827.72
1978-08-24,785128.3
1978-08-25,785708.36
1978-08-28,780238.89
1978-08-29,775899.84
1978-08-30,777248.98
1978-08-31,775880.09
1978-09-01,779223.21
1978-09-05,783593.73
1978-09-06,790417.9
1978-09-07,791610.49
1978-09-08,801750.08
1978-09-11,803681.34
1978-09-12,804492.1
1978-09-13,800315.83
1978-09-14,792079.63
1978-09-15,784799.47
1978-09-18,776644.47
1978-09-19,771059.47
1978-09-20,764049.62
1978-09-21,763979.95
1978-09-22,764445.07
1978-09-25,764451.8
1978-09-26,769962.59
1978-09-27,763501.69
1978-09-28,765340.82
1978-09-29,769327.33
1978-10-02,772026.75
1978-10-03,769871.88
1978-10-04,773035.14
1978-10-05,774974.54
1978-10-06,776996.3
1978-10-09,784384.61
1978-10-10,783528.69
1978-10-11,790509
1978-10-12,787037.73
1978-10-13,784998.36
1978-10-16,770953.81
1978-10-17,758008.57
1978-10-18,750738.37
1978-10-19,741060.46
1978-10-20,728024.32
1978-10-23,726429.08
1978-10-24,722440.12
1978-10-25,721073.85
1978-10-26,708821.95
1978-10-27,695077.04
1978-10-30,695291.69
1978-10-31,682921.62
1978-11-01,711282.55
1978-11-02,704972.62
1978-11-03,709152.27
1978-11-06,703712.23
1978-11-07,692824.96
1978-11-08,696031.92
1978-11-09,697235.23
1978-11-10,700880.94
1978-11-13,689406.68
1978-11-14,682601.42
1978-11-15,684805.41
1978-11-16,691947.11
1978-11-17,698748.13
1978-11-20,705336.49
1978-11-21,704651.47
1978-11-22,709040.61
1978-11-24,712606.24
1978-11-27,714622.07
1978-11-28,709140.07
1978-11-29,699516.19
1978-11-30,706041.85
1978-12-01,717401.22
1978-12-04,717751.89
1978-12-05,726931.09
1978-12-06,728449.51
1978-12-07,725891.78
1978-12-08,723052.68
1978-12-11,726442.94
1978-12-12,722947.88
1978-12-13,718963.58
1978-12-14,719027.43
1978-12-15,713986.19
1978-12-18,698341.9
1978-12-19,703641.49
1978-12-20,706800
1978-12-21,707428.21
1978-12-22,719446.57
1978-12-26,726776.88
1978-12-27,720954.53
1978-12-28,718351.02
1978-12-29,717696.47
1979-01-02,722109.45
1979-01-03,730448.95
1979-01-04,737569.96
1979-01-05,742621.44
1979-01-08,740801.13
1979-01-09,744837.61
1979-01-10,741000.81
1979-01-11,744371.49
1979-01-12,750213.92
1979-01-15,755351.99
1979-01-16,747079.98
1979-01-17,746742.91
1979-01-18,749990.35
1979-01-19,750101.96
1979-01-22,750738.65
1979-01-23,755730.17
1979-01-24,753273.15
1979-01-25,760541.34
1979-01-26,765674.08
1979-01-29,764103.54
1979-01-30,761695.71
1979-01-31,753354.23
1979-02-01,753940.95
1979-02-02,751738.54
1979-02-05,742175.54
1979-02-06,742159.81
1979-02-07,735390.43
1979-02-08,739493.03
1979-02-09,741621.89
1979-02-12,743756.88
1979-02-13,749542.42
1979-02-14,748777
1979-02-15,748536.5
1979-02-16,749044.61
1979-02-20,753672.81
1979-02-21,751848.03
1979-02-22,747847.3
1979-02-23,743867.86
1979-02-26,743108.23
1979-02-27,730756.89
1979-02-28,731691.39
1979-03-01,736863.58
1979-03-02,738019.57
1979-03-05,746409.98
1979-03-06,744968.52
1979-03-07,750011.07
1979-03-08,757862.79
1979-03-09,758369.66
1979-03-12,759786.91
1979-03-13,761814.63
1979-03-14,761562.33
1979-03-15,763137.85
1979-03-16,769066.53
1979-03-19,772041.9
1979-03-20,768234.81
1979-03-21,773588.49
1979-03-22,776968.16
1979-03-23,777099.31
1979-03-26,773500.42
1979-03-27,783841.2
1979-03-28,781308.46
1979-03-29,781362.22
1979-03-30,779228.17
1979-04-02,774240.18
1979-04-03,784923.78
1979-04-04,787591.58
1979-04-05,792237.44
1979-04-06,792078.05
1979-04-09,790017.7
1979-04-10,793887.85
1979-04-11,787059.46
1979-04-12,785484.41
1979-04-16,778963.95
1979-04-17,778651.44
1979-04-18,782777.37
1979-04-19,780114.99
1979-04-20,780504.12
1979-04-23,783156.9
1979-04-24,787541.65
1979-04-25,790454.62
1979-04-26,787054.72
1979-04-27,785400.97
1979-04-30,785164.41
1979-05-01,785296.96
1979-05-02,785979.23
1979-05-03,786426.3
1979-05-04,779088.01
1979-05-07,765195.94
1979-05-08,765325.12
1979-05-09,768132.95
1979-05-10,761579.86
1979-05-11,762774.63
1979-05-14,759394.63
1979-05-15,760206.28
1979-05-16,762159.11
1979-05-17,773643.94
1979-05-18,774548.18
1979-05-21,777157.48
1979-05-22,781019.03
1979-05-23,778261.11
1979-05-24,779559.88
1979-05-25,782108.11
1979-05-29,780988.76
1979-05-30,773935.5
1979-05-31,774298.33
1979-06-01,775365.94
1979-06-04,777055.32
1979-06-05,786518.93
1979-06-06,792007.89
1979-06-07,796822.36
1979-06-08,795530.56
1979-06-11,797900.29
1979-06-12,805383.64
1979-06-13,802869.89
1979-06-14,801648.57
1979-06-15,802353.07
1979-06-18,798083.59
1979-06-19,798545.53
1979-06-20,799965.99
1979-06-21,803388.89
1979-06-22,807228.14
1979-06-25,803336.34
1979-06-26,800105.97
1979-06-27,804889.65
1979-06-28,809540.95
1979-06-29,810009.52
1979-07-02,802929.08
1979-07-03,804341.27
1979-07-05,807605.94
1979-07-06,816294.82
1979-07-09,822954.82
1979-07-10,820698.94
1979-07-11,816069.22
1979-07-12,810159.91
1979-07-13,807696.06
1979-07-16,811297.42
1979-07-17,803718.94
1979-07-18,801676.53
1979-07-19,801884.01
1979-07-20,804176.45
1979-07-23,802132.88
1979-07-24,804907.31
1979-07-25,813647.64
1979-07-26,814834.6
1979-07-27,816104.77
1979-07-30,817458.53
1979-07-31,822574.85
1979-08-01,825724.33
1979-08-02,826408.7
1979-08-03,826019.31
1979-08-06,827942.95
1979-08-07,837902.12
1979-08-08,840942.7
1979-08-09,838780.48
1979-08-10,845766.52
1979-08-13,853318.21
1979-08-14,854878.77
1979-08-15,861058.52
1979-08-16,859619.53
1979-08-17,861965.27
1979-08-20,866386.12
1979-08-21,866844.28
1979-08-22,868429.57
1979-08-23,866283.51
1979-08-24,866568.36
1979-08-27,871446.11
1979-08-28,870861.2
1979-08-29,871234.63
1979-08-30,871346.86
1979-08-31,874334.54
1979-09-04,860632.67
1979-09-05,850243.81
1979-09-06,854604.55
1979-09-07,861466.01
1979-09-10,865884.3
1979-09-11,860367.59
1979-09-12,863403.66
1979-09-13,864032.92
1979-09-14,872266.13
1979-09-17,871680.67
1979-09-18,865429.68
1979-09-19,867618.19
1979-09-20,882479.45
1979-09-21,882416.63
1979-09-24,875823.93
1979-09-25,876287.07
1979-09-26,878590.66
1979-09-27,879846
1979-09-28,874152.35
1979-10-01,869413.41
1979-10-02,876524.17
1979-10-03,877995.69
1979-10-04,883245.06
1979-10-05,891087.22
1979-10-08,880375.29
1979-10-09,850423.88
1979-10-10,834417.89
1979-10-11,834567.09
1979-10-12,832296.07
1979-10-15,822374.11
1979-10-16,820958.65
1979-10-17,823732.51
1979-10-18,825527.27
1979-10-19,808586.47
1979-10-22,797329.98
1979-10-23,794681.9
1979-10-24,796651.76
1979-10-25,794244.93
1979-10-26,799628.96
1979-10-29,801211.27
1979-10-30,815696.22
1979-10-31,810947.9
1979-11-01,817734.57
1979-11-02,819508.08
1979-11-05,814319.61
1979-11-06,809734.03
1979-11-07,800072.93
1979-11-08,804688.4
1979-11-09,814963.32
1979-11-12,829281.25
1979-11-13,826684.61
1979-11-14,830130.9
1979-11-15,836663.05
1979-11-16,835549.29
1979-11-19,839366.75
1979-11-20,835731.3
1979-11-21,836791.68
1979-11-23,843543.59
1979-11-26,861737.82
1979-11-27,860504.51
1979-11-28,864435.99
1979-11-29,865446.36
1979-11-30,861611.4
1979-12-03,859430.5
1979-12-04,866966.68
1979-12-05,871707.95
1979-12-06,878131.4
1979-12-07,875469.62
1979-12-10,877893.63
1979-12-11,876373.83
1979-12-12,877310.5
1979-12-13,878950.03
1979-12-14,888591.07
1979-12-17,892917.45
1979-12-18,885121.21
1979-12-19,884297
1979-12-20,885861.15
1979-12-21,880872.7
1979-12-24,881638.01
1979-12-26,882844.8
1979-12-27,883876.68
1979-12-28,884556.21
1979-12-31,885413.18
1980-01-02,867579.9
1980-01-03,861557.87
1980-01-04,873239.57
1980-01-07,876958.53
1980-01-08,894110.79
1980-01-09,895415.13
1980-01-10,903347.44
1980-01-11,905478.26
1980-01-14,908881.79
1980-01-15,914115.86
1980-01-16,914809.5
1980-01-17,912576.28
1980-01-18,914911.39
1980-01-21,923016.41
1980-01-22,917901.8
1980-01-23,931999.68
1980-01-24,934664.09
1980-01-25,934719.06
1980-01-28,944401.64
1980-01-29,938601.88
1980-01-30,947761.52
1980-01-31,941277.7
1980-02-01,947903.18
1980-02-04,943958.77
1980-02-05,946355.3
1980-02-06,954719.96
1980-02-07,959244.2
1980-02-08,971655.67
1980-02-11,965086.12
1980-02-12,971107.11
1980-02-13,974155.23
1980-02-14,960652.28
1980-02-15,952235.82
1980-02-19,945131.01
1980-02-20,958872.09
1980-02-21,950375.34
1980-02-22,946990.88
1980-02-25,934053.85
1980-02-26,939694.43
1980-02-27,928454.56
1980-02-28,928583.44
1980-02-29,937998.17
1980-03-03,929714.53
1980-03-04,929499.59
1980-03-05,915249.25
1980-03-06,893620.82
1980-03-07,878669.48
1980-03-10,872491.39
1980-03-11,883544.82
1980-03-12,877862.57
1980-03-13,869407.71
1980-03-14,866946.25
1980-03-17,839697.1
1980-03-18,851258.73
1980-03-19,854807.47
1980-03-20,846318.21
1980-03-21,840282.95
1980-03-24,814460.06
1980-03-25,810443.8
1980-03-26,806528.39
1980-03-27,792066.38
1980-03-28,815724.46
1980-03-31,828098.03
1980-04-01,831235.53
1980-04-02,838707.35
1980-04-03,835762.49
1980-04-07,818954.31
1980-04-08,827134.69
1980-04-09,842592.85
1980-04-10,850419.54
1980-04-11,849984.81
1980-04-14,841730.44
1980-04-15,840290.08
1980-04-16,831625.69
1980-04-17,827541.42
1980-04-18,824635.76
1980-04-21,817782.06
1980-04-22,846149.95
1980-04-23,849609.69
1980-04-24,856991.79
1980-04-25,861524.26
1980-04-28,865391.47
1980-04-29,868497.2
1980-04-30,871527.22
1980-05-01,866105.28
1980-05-02,867732.53
1980-05-05,874656
1980-05-06,876211.85
1980-05-07,884166.81
1980-05-08,878224.16
1980-05-09,868193.79
1980-05-12,868349.03
1980-05-13,879011.32
1980-05-14,885057.88
1980-05-15,887163.26
1980-05-16,890870.55
1980-05-19,893346.11
1980-05-20,892969.84
1980-05-21,893843.88
1980-05-22,904997.99
1980-05-23,918463.28
1980-05-27,924873.06
1980-05-28,930865.14
1980-05-29,917534.04
1980-05-30,924304.35
1980-06-02,922260.54
1980-06-03,920590.15
1980-06-04,936414
1980-06-05,938650.91
1980-06-06,942676.61
1980-06-09,946436.77
1980-06-10,954281.6
1980-06-11,964863.45
1980-06-12,962729.95
1980-06-13,965799.91
1980-06-16,967720.7
1980-06-17,968290.51
1980-06-18,970022.6
1980-06-19,957983.46
1980-06-20,954332.4
1980-06-23,958329.92
1980-06-24,964165.01
1980-06-25,976109.86
1980-06-26,972877.78
1980-06-27,971991.3
1980-06-30,958080.95
1980-07-01,963579.19
1980-07-02,970168.93
1980-07-03,983885.96
1980-07-07,991598.46
1980-07-08,988860.46
1980-07-09,990382.13
1980-07-10,983190.78
1980-07-11,990307.91
1980-07-14,1007577.7
1980-07-15,1003183.46
1980-07-16,1005529.72
1980-07-17,1019947.82
1980-07-18,1023557.22
1980-07-21,1027281.75
1980-07-22,1024856.14
1980-07-23,1023461.11
1980-07-24,1022579.72
1980-07-25,1015052.32
1980-07-28,1019659.45
1980-07-29,1027652.36
1980-07-30,1028719.9
1980-07-31,1025056.43
1980-08-01,1023517.62
1980-08-04,1020138.8
1980-08-05,1020239.6
1980-08-06,1027278.04
1980-08-07,1042480.53
1980-08-08,1045815.22
1980-08-11,1055644.64
1980-08-12,1048148.31
1980-08-13,1045526.69
1980-08-14,1061626.56
1980-08-15,1066190.29
1980-08-18,1047424.07
1980-08-19,1041347.76
1980-08-20,1051864.13
1980-08-21,1067640.84
1980-08-22,1074365.71
1980-08-25,1069314.91
1980-08-26,1068351.26
1980-08-27,1058734.82
1980-08-28,1046981.61
1980-08-29,1050016.61
1980-09-02,1060788.53
1980-09-03,1081536.29
1980-09-04,1077814.51
1980-09-05,1074860.02
1980-09-08,1062132.4
1980-09-09,1068249.02
1980-09-10,1075789.58
1980-09-11,1083490.95
1980-09-12,1084746.51
1980-09-15,1086112
1980-09-16,1096276.72
1980-09-17,1113114.22
1980-09-18,1109729.03
1980-09-19,1116452.67
1980-09-22,1125338.3
1980-09-23,1118089.78
1980-09-24,1125311.31
1980-09-25,1112548.94
1980-09-26,1090585.9
1980-09-29,1064585.04
1980-09-30,1080935.8
1980-10-01,1095537.95
1980-10-02,1103873.69
1980-10-03,1116577.96
1980-10-06,1136127.91
1980-10-07,1130911.73
1980-10-08,1136802.44
1980-10-09,1133061
1980-10-10,1128765.35
1980-10-13,1141981.85
1980-10-14,1142448.71
1980-10-15,1155482.69
1980-10-16,1142089.27
1980-10-17,1136617.3
1980-10-20,1143901.66
1980-10-21,1137162.72
1980-10-22,1139560.78
1980-10-23,1119628.5
1980-10-24,1122885.29
1980-10-27,1107511.65
1980-10-28,1107853.66
1980-10-29,1106755.57
1980-10-30,1091381.42
1980-10-31,1102413.99
1980-11-03,1115123.51
1980-11-05,1134558.78
1980-11-06,1114850.14
1980-11-07,1116777.51
1980-11-10,1120383.37
1980-11-11,1134420.44
1980-11-12,1161679.21
1980-11-13,1179370.2
1980-11-14,1185772.78
1980-11-17,1191024.34
1980-11-18,1207971.2
1980-11-19,1204140.49
1980-11-20,1215734.93
1980-11-21,1205800.93
1980-11-24,1198721.44
1980-11-25,1208465.62
1980-11-26,1215147
1980-11-28,1219070.48
1980-12-01,1192846.82
1980-12-02,1189970.64
1980-12-03,1189838.33
1980-12-04,1189111.11
1980-12-05,1167099.24
1980-12-08,1136158.05
1980-12-09,1134441.1
1980-12-10,1116958.02
1980-12-11,1104658.98
1980-12-12,1120553.71
1980-12-15,1122446.11
1980-12-16,1131076.38
1980-12-17,1148934.73
1980-12-18,1154321.87
1980-12-19,1161696.61
1980-12-22,1177250.34
1980-12-23,1174294.04
1980-12-24,1179095.51
1980-12-26,1185213.61
1980-12-29,1173348.21
1980-12-30,1175916.45
1980-12-31,1180724.55
1981-01-02,1187913.75
1981-01-05,1199779.6
1981-01-06,1200965.95
1981-01-07,1169727.4
1981-01-08,1154273.91
1981-01-09,1159108.94
1981-01-12,1159907.34
1981-01-13,1156646.62
1981-01-14,1160334.95
1981-01-15,1166703.81
1981-01-16,1172990.95
1981-01-19,1170631.84
1981-01-20,1149079.12
1981-01-21,1145504.11
1981-01-22,1136556.36
1981-01-23,1136543.64
1981-01-26,1131302.82
1981-01-27,1143281.97
1981-01-28,1138581.73
1981-01-29,1138227.41
1981-01-30,1133320.29
1981-02-02,1108453.9
1981-02-03,1121044.61
1981-02-04,1124025.26
1981-02-05,1135219.21
1981-02-06,1144594.77
1981-02-09,1133902.89
1981-02-10,1132949.07
1981-02-11,1125198.35
1981-02-12,1118400.81
1981-02-13,1115558.74
1981-02-17,1120979.03
1981-02-18,1126649.84
1981-02-19,1110717.67
1981-02-20,1109227.99
1981-02-23,1115726.75
1981-02-24,1118246.96
1981-02-25,1126699.58
1981-02-26,1140511.57
1981-02-27,1151983.76
1981-03-02,1159527.88
1981-03-03,1149496.59
1981-03-04,1151736.74
1981-03-05,1146494.96
1981-03-06,1146092.32
1981-03-09,1154973.18
1981-03-10,1150294.16
1981-03-11,1147244.51
1981-03-12,1173457.68
1981-03-13,1174453.72
1981-03-16,1186960.26
1981-03-17,1182270.35
1981-03-18,1185638.41
1981-03-19,1180360.91
1981-03-20,1188444.98
1981-03-23,1201219.35
1981-03-24,1194671.27
1981-03-25,1213724.86
1981-03-26,1208929.2
1981-03-27,1197382.49
1981-03-30,1194447.47
1981-03-31,1207644.7
1981-04-01,1214176.62
1981-04-02,1213823.06
1981-04-03,1208614.31
1981-04-06,1195813.65
1981-04-07,1195943.77
1981-04-08,1200379.29
1981-04-09,1205431.46
1981-04-10,1206406.43
1981-04-13,1194352.99
1981-04-14,1188272.31
1981-04-15,1200878.46
1981-04-16,1206773.35
1981-04-20,1213903.94
1981-04-21,1202989.5
1981-04-22,1202639.2
1981-04-23,1202890.32
1981-04-24,1212163.18
1981-04-27,1215204.26
1981-04-28,1204278.13
1981-04-29,1193570.66
1981-04-30,1194297.32
1981-05-01,1192946.34
1981-05-04,1175372.82
1981-05-05,1171222.36
1981-05-06,1176573.45
1981-05-07,1185478.71
1981-05-08,1187101.4
1981-05-11,1170919.8
1981-05-12,1179196.81
1981-05-13,1179395.87
1981-05-14,1186671.34
1981-05-15,1194585.02
1981-05-18,1197175.85
1981-05-19,1194025.85
1981-05-20,1195899.05
1981-05-21,1195263.8
1981-05-22,1195824.15
1981-05-26,1207027.6
1981-05-27,1215559.85
1981-05-28,1214184.82
1981-05-29,1209290.21
1981-06-01,1207245.07
1981-06-02,1190475
1981-06-03,1190842.63
1981-06-04,1193353.89
1981-06-05,1204223.92
1981-06-08,1204595.8
1981-06-09,1201233.54
1981-06-10,1204967.95
1981-06-11,1217871.72
1981-06-12,1218126.02
1981-06-15,1219598.5
1981-06-16,1206193.66
1981-06-17,1215130.12
1981-06-18,1201166.83
1981-06-19,1206462.55
1981-06-22,1204663.48
1981-06-23,1216600.26
1981-06-24,1210649.64
1981-06-25,1212597.34
1981-06-26,1210546.61
1981-06-29,1203051.89
1981-06-30,1195964.48
1981-07-01,1184912.34
1981-07-02,1174317.82
1981-07-06,1161821.68
1981-07-07,1166188.74
1981-07-08,1167889.99
1981-07-09,1176250.69
1981-07-10,1178084.24
1981-07-13,1180156.27
1981-07-14,1179399.56
1981-07-15,1184540.34
1981-07-16,1186860.63
1981-07-17,1190965.76
1981-07-20,1172694.92
1981-07-21,1167486.76
1981-07-22,1157865.28
1981-07-23,1159901.75
1981-07-24,1169829.12
1981-07-27,1179958.45
1981-07-28,1174600.03
1981-07-29,1174904.03
1981-07-30,1182257.53
1981-07-31,1192021.57
1981-08-03,1188694.41
1981-08-04,1194410.62
1981-08-05,1207679.1
1981-08-06,1209622.02
1981-08-07,1204915.15
1981-08-10,1209745.43
1981-08-11,1220643.8
1981-08-12,1218457.39
1981-08-13,1219930.27
1981-08-14,1212255.46
1981-08-17,1200628.49
1981-08-18,1188032.46
1981-08-19,1191013.01
1981-08-20,1193524.63
1981-08-21,1181957.96
1981-08-24,1147573.39
1981-08-25,1142189.91
1981-08-26,1141514.66
1981-08-27,1129881.26
1981-08-28,1135201.66
1981-08-31,1122837.96
1981-09-01,1124958.79
1981-09-02,1128546.07
1981-09-03,1107542.48
1981-09-04,1096676.17
1981-09-08,1075827.05
1981-09-09,1079150.08
1981-09-10,1095864.83
1981-09-11,1109112.53
1981-09-14,1101114.51
1981-09-15,1095266.28
1981-09-16,1086710.94
1981-09-17,1071158.82
1981-09-18,1061934.86
1981-09-21,1068294.59
1981-09-22,1063368.48
1981-09-23,1051021.5
1981-09-24,1047436.27
1981-09-25,1022914.54
1981-09-28,1043259.09
1981-09-29,1052741.08
1981-09-30,1056098.07
1981-10-01,1063637.35
1981-10-02,1085164.1
1981-10-05,1089112.81
1981-10-06,1088174.88
1981-10-07,1105627.9
1981-10-08,1115953.15
1981-10-09,1110863.08
1981-10-12,1109128.81
1981-10-13,1107286.34
1981-10-14,1090387.83
1981-10-15,1096972.47
1981-10-16,1093614.43
1981-10-19,1091907.09
1981-10-20,1102868.54
1981-10-21,1102139.33
1981-10-22,1098655.26
1981-10-23,1090457.98
1981-10-26,1086138.47
1981-10-27,1096933.39
1981-10-28,1099937.69
1981-10-29,1096350.58
1981-10-30,1120512.84
1981-11-02,1142283.07
1981-11-03,1147913.17
1981-11-04,1150012.48
1981-11-05,1142570.53
1981-11-06,1137347.62
1981-11-09,1141929.78
1981-11-10,1137965.93
1981-11-11,1139933.25
1981-11-12,1142929.92
1981-11-13,1130276.32
1981-11-16,1116067.41
1981-11-17,1122349.54
1981-11-18,1117892.47
1981-11-19,1123178.77
1981-11-20,1133544.38
1981-11-23,1133010.26
1981-11-24,1147318.83
1981-11-25,1151826.43
1981-11-27,1160498.31
1981-11-30,1170279.93
1981-12-01,1168055
1981-12-02,1156723.48
1981-12-03,1160770.64
1981-12-04,1168778.57
1981-12-07,1160128.22
1981-12-08,1155022.27
1981-12-09,1160796.01
1981-12-10,1162884.06
1981-12-11,1156719.39
1981-12-14,1138788.86
1981-12-15,1139698.54
1981-12-16,1135936.18
1981-12-17,1140932.94
1981-12-18,1148575.84
1981-12-21,1143635.59
1981-12-22,1139631.51
1981-12-23,1135527.48
1981-12-24,1138364.94
1981-12-28,1135745.35
1981-12-29,1129838.12
1981-12-30,1134130.16
1981-12-31,1138098.27
1982-01-04,1140373.11
1982-01-05,1117678.32
1982-01-06,1109070.87
1982-01-07,1106518.69
1982-01-08,1112049.96
1982-01-11,1086582.7
1982-01-12,1081039.83
1982-01-13,1067633.65
1982-01-14,1073184.07
1982-01-15,1080051.17
1982-01-18,1086746.21
1982-01-19,1076855.52
1982-01-20,1070716.16
1982-01-21,1074355.32
1982-01-22,1070701.24
1982-01-25,1066845.44
1982-01-26,1065457.27
1982-01-27,1069611.28
1982-01-28,1097099.02
1982-01-29,1109824.06
1982-02-01,1090489.61
1982-02-02,1093956.06
1982-02-03,1084306.07
1982-02-04,1082656.63
1982-02-05,1091403.21
1982-02-08,1068351.48
1982-02-09,1058820.51
1982-02-10,1065786.29
1982-02-11,1064804.49
1982-02-12,1064568.97
1982-02-16,1060181.68
1982-02-17,1058674.96
1982-02-18,1059817.07
1982-02-19,1055343.38
1982-02-22,1042656.89
1982-02-23,1040862.28
1982-02-24,1055932.73
1982-02-25,1056015.95
1982-02-26,1054831.95
1982-03-01,1057805.32
1982-03-02,1054228.68
1982-03-03,1038645.93
1982-03-04,1027863.54
1982-03-05,1021201.77
1982-03-08,1005188.11
1982-03-09,1012645.4
1982-03-10,1018132.74
1982-03-11,1017337.38
1982-03-12,1009624.75
1982-03-15,1014994.76
1982-03-16,1014810.85
1982-03-17,1013713.64
1982-03-18,1025491.79
1982-03-19,1028997.75
1982-03-22,1048773.86
1982-03-23,1055400.86
1982-03-24,1051093.57
1982-03-25,1054792.17
1982-03-26,1045846.28
1982-03-29,1047539.3
1982-03-30,1048082.78
1982-03-31,1046215.94
1982-04-01,1061102.35
1982-04-02,1072911.16
1982-04-05,1070152.5
1982-04-06,1075855.13
1982-04-07,1078037.84
1982-04-08,1084968.34
1982-04-12,1083155.15
1982-04-13,1083294.67
1982-04-14,1082025.93
1982-04-15,1086818.01
1982-04-16,1092283.42
1982-04-19,1091877.97
1982-04-20,1082191.71
1982-04-21,1085144.81
1982-04-22,1096678.61
1982-04-23,1108664
1982-04-26,1113906.66
1982-04-27,1104359.15
1982-04-28,1098206.56
1982-04-29,1088903.44
1982-04-30,1091330.4
1982-05-03,1094854.1
1982-05-04,1101892.7
1982-05-05,1103797.67
1982-05-06,1113542.89
1982-05-07,1121815.18
1982-05-10,1113994.8
1982-05-11,1123384.45
1982-05-12,1120496.01
1982-05-13,1114141.47
1982-05-14,1113282.25
1982-05-17,1101958.84
1982-05-18,1093505.51
1982-05-19,1085773.12
1982-05-20,1081569.89
1982-05-21,1083872.34
1982-05-24,1083578.41
1982-05-25,1080900.68
1982-05-26,1067852.92
1982-05-27,1063398.7
1982-05-28,1059920.12
1982-06-01,1056240.94
1982-06-02,1059968.21
1982-06-03,1058090.81
1982-06-04,1042461.55
1982-06-07,1041449.12
1982-06-08,1037313.32
1982-06-09,1030600.67
1982-06-10,1034855.83
1982-06-11,1051029.39
1982-06-14,1039498.35
1982-06-15,1036097.95
1982-06-16,1030740.09
1982-06-17,1020359.31
1982-06-18,1015184.87
1982-06-21,1014909.57
1982-06-22,1023058.08
1982-06-23,1039047.26
1982-06-24,1037518.62
1982-06-25,1031945.91
1982-06-28,1040024.82
1982-06-29,1040574.8
1982-06-30,1036962.76
1982-07-01,1029288
1982-07-02,1022081.76
1982-07-06,1018196.64
1982-07-07,1016566.31
1982-07-08,1017378.35
1982-07-09,1028873.52
1982-07-12,1036280.18
1982-07-13,1035553.55
1982-07-14,1042283.42
1982-07-15,1043220.23
1982-07-16,1048226.45
1982-07-19,1046128.74
1982-07-20,1052195.05
1982-07-21,1052719.89
1982-07-22,1053560.81
1982-07-23,1050609.59
1982-07-26,1043779.38
1982-07-27,1035949.79
1982-07-28,1020409.31
1982-07-29,1019285.64
1982-07-30,1015207.29
1982-08-02,1031398.63
1982-08-03,1023197.79
1982-08-04,1008616
1982-08-05,1000798.03
1982-08-06,989137.54
1982-08-09,981668.37
1982-08-10,980341.95
1982-08-11,977448.78
1982-08-12,974857.37
1982-08-13,985823.36
1982-08-16,990209.1
1982-08-17,1031054.04
1982-08-18,1032650.95
1982-08-19,1035179.72
1982-08-20,1067424.33
1982-08-23,1095442.95
1982-08-24,1093086.44
1982-08-25,1115329.45
1982-08-26,1127652.51
1982-08-27,1115979.97
1982-08-30,1120386.76
1982-08-31,1136799.09
1982-09-01,1127066.74
1982-09-02,1144918.13
1982-09-03,1165800.08
1982-09-07,1154886.8
1982-09-08,1162900.34
1982-09-09,1163294.34
1982-09-10,1155080.1
1982-09-13,1164712.09
1982-09-14,1174424.41
1982-09-15,1184100.26
1982-09-16,1182606.89
1982-09-17,1171891.06
1982-09-20,1170881.84
1982-09-21,1190832.27
1982-09-22,1185638.83
1982-09-23,1183669.25
1982-09-24,1180637.65
1982-09-27,1183044.75
1982-09-28,1180961.18
1982-09-29,1166717.38
1982-09-30,1157078.91
1982-10-01,1170129.38
1982-10-04,1167062.25
1982-10-05,1172289.3
1982-10-06,1206846.99
1982-10-07,1231923.83
1982-10-08,1253702.78
1982-10-11,1282135.27
1982-10-12,1281210.6
1982-10-13,1304629.61
1982-10-14,1288294.09
1982-10-15,1280923.52
1982-10-18,1307283.4
1982-10-19,1307517.15
1982-10-20,1332332.27
1982-10-21,1332703.74
1982-10-22,1333608.39
1982-10-25,1285703.59
1982-10-26,1293133.43
1982-10-27,1303451.09
1982-10-28,1290519.3
1982-10-29,1294234.46
1982-11-01,1309504.89
1982-11-02,1329931.61
1982-11-03,1377674.57
1982-11-04,1373126.6
1982-11-05,1380127.91
1982-11-08,1367291.08
1982-11-09,1390123.21
1982-11-10,1375942.3
1982-11-11,1382407.59
1982-11-12,1369273.08
1982-11-15,1345719.95
1982-11-16,1327551.13
1982-11-17,1350117.92
1982-11-18,1356461.86
1982-11-19,1347778.89
1982-11-22,1321765.15
1982-11-23,1311585.99
1982-11-24,1321421.32
1982-11-26,1331198.27
1982-11-29,1325206.29
1982-11-30,1362840.57
1982-12-01,1367895.09
1982-12-02,1368454.3
1982-12-03,1367782.13
1982-12-06,1392824.59
1982-12-07,1401611.65
1982-12-08,1395877.39
1982-12-09,1379837.1
1982-12-10,1372122.17
1982-12-13,1374741.29
1982-12-14,1353444.91
1982-12-15,1330989.65
1982-12-16,1329537.28
1982-12-17,1349226.15
1982-12-20,1338714.07
1982-12-21,1357333.99
1982-12-22,1361010.75
1982-12-23,1369324.9
1982-12-27,1389329.11
1982-12-28,1378643.51
1982-12-29,1383205.18
1982-12-30,1375609.74
1982-12-31,1380298.93
1983-01-03,1360738.45
1983-01-04,1383910.21
1983-01-05,1391284.8
1983-01-06,1423463.56
1983-01-07,1425070.38
1983-01-10,1441499.75
1983-01-11,1434045.48
1983-01-12,1443408.09
1983-01-13,1436809.99
1983-01-14,1446046.97
1983-01-17,1449269.94
1983-01-18,1447717.49
1983-01-19,1437335.63
1983-01-20,1444563.72
1983-01-21,1423081.34
1983-01-24,1384414.52
1983-01-25,1400652.06
1983-01-26,1401812.93
1983-01-27,1426945.77
1983-01-28,1430554.24
1983-01-31,1439178.78
1983-02-01,1423087.05
1983-02-02,1423683.05
1983-02-03,1434387.45
1983-02-04,1453061.47
1983-02-07,1460935.33
1983-02-08,1451028.45
1983-02-09,1446267.35
1983-02-10,1468422.45
1983-02-11,1471093.23
1983-02-14,1484360.74
1983-02-15,1481865.24
1983-02-16,1474631.98
1983-02-17,1474217.33
1983-02-18,1480879.03
1983-02-22,1461655.46
1983-02-23,1473230.03
1983-02-24,1497860.68
1983-02-25,1499686.29
1983-02-28,1485317.51
1983-03-01,1508590.67
1983-03-02,1521970.07
1983-03-03,1533641.77
1983-03-04,1536814.58
1983-03-07,1537381.37
1983-03-08,1517039.99
1983-03-09,1530949.44
1983-03-10,1523706.23
1983-03-11,1518935.21
1983-03-14,1512812.09
1983-03-15,1516244.38
1983-03-16,1505128.5
1983-03-17,1502372.32
1983-03-18,1505931.16
1983-03-21,1516576.3
1983-03-22,1513950.82
1983-03-23,1532979.37
1983-03-24,1539370.07
1983-03-25,1535473.63
1983-03-28,1526980.64
1983-03-29,1524795.24
1983-03-30,1539843.15
1983-03-31,1537023.4
1983-04-04,1536498.99
1983-04-05,1527984.95
1983-04-06,1518295.71
1983-04-07,1523850.86
1983-04-08,1533235.97
1983-04-11,1553411.53
1983-04-12,1560803.92
1983-04-13,1572289.58
1983-04-14,1585903.74
1983-04-15,1594402.29
1983-04-18,1604540.79
1983-04-19,1595168.36
1983-04-20,1613606.61
1983-04-21,1610312.93
1983-04-22,1614433.42
1983-04-25,1599998.46
1983-04-26,1624252.53
1983-04-27,1623048.65
1983-04-28,1637751.54
1983-04-29,1650622.32
1983-05-02,1630532.28
1983-05-03,1631231.47
1983-05-04,1645307.05
1983-05-05,1659504.09
1983-05-06,1679134.05
1983-05-09,1679854.08
1983-05-10,1684102.11
1983-05-11,1675056.48
1983-05-12,1669577.05
1983-05-13,1677472.16
1983-05-16,1661584.5
1983-05-17,1667780.24
1983-05-18,1668495.4
1983-05-19,1657865.09
1983-05-20,1658078.64
1983-05-23,1670064.58
1983-05-24,1691322.51
1983-05-25,1700166.11
1983-05-26,1696984.78
1983-05-27,1690754.82
1983-05-31,1671021.7
1983-06-01,1671688.12
1983-06-02,1685226.81
1983-06-03,1692639.8
1983-06-06,1698562.02
1983-06-07,1683103.09
1983-06-08,1669467.95
1983-06-09,1673806.58
1983-06-10,1685186.47
1983-06-13,1705238.18
1983-06-14,1712739.2
1983-06-15,1728151.81
1983-06-16,1746813.79
1983-06-17,1746811.72
1983-06-20,1745062.82
1983-06-21,1757625.2
1983-06-22,1762368.69
1983-06-23,1759018.1
1983-06-24,1762358.14
1983-06-27,1742265.16
1983-06-28,1710553.86
1983-06-29,1718249.31
1983-06-30,1733024.21
1983-07-01,1743368.3
1983-07-05,1720650.14
1983-07-06,1737458.84
1983-07-07,1730628.56
1983-07-08,1727113.32
1983-07-11,1735522.31
1983-07-12,1711517.97
1983-07-13,1707870.4
1983-07-14,1713282.31
1983-07-15,1696610.04
1983-07-18,1689770.68
1983-07-19,1697997.85
1983-07-20,1738527.04
1983-07-21,1740559.05
1983-07-22,1740678.81
1983-07-25,1746542.83
1983-07-26,1752775.91
1983-07-27,1725903.76
1983-07-28,1698753.24
1983-07-29,1674747.84
1983-08-01,1666589.82
1983-08-02,1666304.52
1983-08-03,1675350.57
1983-08-04,1655797.23
1983-08-05,1660646.75
1983-08-08,1635618.82
1983-08-09,1641227.05
1983-08-10,1654732.39
1983-08-11,1656931.22
1983-08-12,1666589.15
1983-08-15,1680969.84
1983-08-16,1675639.16
1983-08-17,1691438.44
1983-08-18,1678801.38
1983-08-19,1681367.95
1983-08-22,1682593.35
1983-08-23,1666152.41
1983-08-24,1651538.27
1983-08-25,1646796.39
1983-08-26,1658042.05
1983-08-29,1657758.2
1983-08-30,1661453.03
1983-08-31,1678780.01
1983-09-01,1679214.49
1983-09-02,1689892.3
1983-09-06,1715509.05
1983-09-07,1716982.35
1983-09-08,1717426.72
1983-09-09,1715295.07
1983-09-12,1701330.52
1983-09-13,1692073.26
1983-09-14,1696741.37
1983-09-15,1689714.84
1983-09-16,1704683.7
1983-09-19,1722342.19
1983-09-20,1735361.05
1983-09-21,1729215.81
1983-09-22,1742113.7
1983-09-23,1740125.61
1983-09-26,1743186.16
1983-09-27,1728297.28
1983-09-28,1724251.01
1983-09-29,1717972.68
1983-09-30,1706906.89
1983-10-03,1702569.31
1983-10-04,1707606.89
1983-10-05,1719660.56
1983-10-06,1741945.32
1983-10-07,1747447.79
1983-10-10,1760656.42
1983-10-11,1740864.54
1983-10-12,1730695.82
1983-10-13,1730278.39
1983-10-14,1731072.26
1983-10-17,1733424.46
1983-10-18,1706658.32
1983-10-19,1693105.42
1983-10-20,1696760.52
1983-10-21,1685322.33
1983-10-24,1683399.06
1983-10-25,1688379.91
1983-10-26,1679530.79
1983-10-27,1674590.97
1983-10-28,1661962.56
1983-10-31,1660896.93
1983-11-01,1660944.78
1983-11-02,1674280.19
1983-11-03,1664785.03
1983-11-04,1655676.67
1983-11-07,1649598.36
1983-11-08,1646346.69
1983-11-09,1664339.3
1983-11-10,1670545.31
1983-11-11,1691141.14
1983-11-14,1698123.54
1983-11-15,1689342.22
1983-11-16,1696486.13
1983-11-17,1698061.84
1983-11-18,1691997.74
1983-11-21,1701183.27
1983-11-22,1708377.25
1983-11-23,1709280.66
1983-11-25,1713261.25
1983-11-28,1707656.84
1983-11-29,1720001.17
1983-11-30,1708698.71
1983-12-01,1709790.25
1983-12-02,1699255.9
1983-12-05,1699831.63
1983-12-06,1696837.9
1983-12-07,1700976.16
1983-12-08,1693387.79
1983-12-09,1693961.52
1983-12-12,1696568.2
1983-12-13,1690526.4
1983-12-14,1674701.06
1983-12-15,1660866.04
1983-12-16,1666411.35
1983-12-19,1666142.74
1983-12-20,1662541.89
1983-12-21,1675075.48
1983-12-22,1672460.37
1983-12-23,1672525.27
1983-12-27,1683796.1
1983-12-28,1687902.56
1983-12-29,1685773.8
1983-12-30,1689716.5
1984-01-03,1682381.12
1984-01-04,1707547.54
1984-01-05,1729675.32
1984-01-06,1737560.58
1984-01-09,1734361.4
1984-01-10,1728219.7
1984-01-11,1726938.76
1984-01-12,1726522.23
1984-01-13,1720753.59
1984-01-16,1721026.87
1984-01-17,1726635.37
1984-01-18,1724319.62
1984-01-19,1719075.63
1984-01-20,1709034.19
1984-01-23,1693753.39
1984-01-24,1699950.51
1984-01-25,1690360.76
1984-01-26,1683022.58
1984-01-27,1679755.52
1984-01-30,1666080.31
1984-01-31,1668510.8
1984-02-01,1660933.78
1984-02-02,1666512.54
1984-02-03,1644779.23
1984-02-06,1617901.58
1984-02-07,1620261.79
1984-02-08,1592812.62
1984-02-09,1585260.8
1984-02-10,1593914.43
1984-02-13,1579025.37
1984-02-14,1594434.78
1984-02-15,1592615.23
1984-02-16,1589842.18
1984-02-17,1585961.07
1984-02-21,1574476.83
1984-02-22,1570318.34
1984-02-23,1567270.05
1984-02-24,1598864.35
1984-02-27,1618144.75
1984-02-28,1596233.14
1984-02-29,1600157.97
1984-03-01,1611245.16
1984-03-02,1622570.3
1984-03-05,1610447.77
1984-03-06,1594872.82
1984-03-07,1577853.63
1984-03-08,1583263.79
1984-03-09,1576343.04
1984-03-12,1592467.15
1984-03-13,1599201.39
1984-03-14,1598767.71
1984-03-15,1606008.22
1984-03-16,1623238.78
1984-03-19,1608676.39
1984-03-20,1617731.33
1984-03-21,1616160.2
1984-03-22,1600045.16
1984-03-23,1598971.22
1984-03-26,1598217.8
1984-03-27,1602738.86
1984-03-28,1625223.38
1984-03-29,1623807.5
1984-03-30,1621905.71
1984-04-02,1611539.8
1984-04-03,1606719.38
1984-04-04,1606090.84
1984-04-05,1582174.24
1984-04-06,1582662.83
1984-04-09,1582201.97
1984-04-10,1585854.98
1984-04-11,1577146.75
1984-04-12,1599082.98
1984-04-13,1598617.34
1984-04-16,1606624.51
1984-04-17,1614511.12
1984-04-18,1605806.99
1984-04-19,1606302.88
1984-04-23,1595715.43
1984-04-24,1604825.06
1984-04-25,1609974.64
1984-04-26,1626249.57
1984-04-27,1625288.14
1984-04-30,1626927.75
1984-05-01,1643927.21
1984-05-02,1650583.16
1984-05-03,1646537.26
1984-05-04,1630152.26
1984-05-07,1632840.07
1984-05-08,1643696.51
1984-05-09,1640818.09
1984-05-10,1639585.52
1984-05-11,1625893.03
1984-05-14,1616054.44
1984-05-15,1620335.06
1984-05-16,1619603.98
1984-05-17,1603972.87
1984-05-18,1594587.72
1984-05-21,1585257.49
1984-05-22,1574555.11
1984-05-23,1568018.83
1984-05-24,1546927.11
1984-05-25,1550560.55
1984-05-29,1537766.58
1984-05-30,1537534.08
1984-05-31,1542221.73
1984-06-01,1568221.75
1984-06-04,1581957.51
1984-06-05,1576671.89
1984-06-06,1587485.98
1984-06-07,1588055.59
1984-06-08,1590689.87
1984-06-11,1572490.48
1984-06-12,1565664
1984-06-13,1565286.38
1984-06-14,1549882.1
1984-06-15,1541138.92
1984-06-18,1562959.61
1984-06-19,1571804.1
1984-06-20,1589186.38
1984-06-21,1588962
1984-06-22,1590485.52
1984-06-25,1588352.37
1984-06-26,1576691.97
1984-06-27,1566378.53
1984-06-28,1576965.39
1984-06-29,1581631.33
1984-07-02,1579715.67
1984-07-03,1585384.97
1984-07-05,1577757.38
1984-07-06,1572533.12
1984-07-09,1581478.97
1984-07-10,1577507.57
1984-07-11,1556982.32
1984-07-12,1551204.06
1984-07-13,1558322.24
1984-07-16,1561888.94
1984-07-17,1568275.21
1984-07-18,1559788.97
1984-07-19,1549476.91
1984-07-20,1540782.5
1984-07-23,1531366.49
1984-07-24,1521242.33
1984-07-25,1528527.27
1984-07-26,1540738.38
1984-07-27,1553509.27
1984-07-30,1546967.15
1984-07-31,1551436.04
1984-08-01,1583331.72
1984-08-02,1622374.79
1984-08-03,1668545.65
1984-08-06,1675484.81
1984-08-07,1676756.19
1984-08-08,1668471.02
1984-08-09,1702272.25
1984-08-10,1706457.82
1984-08-13,1704851.71
1984-08-14,1696598.2
1984-08-15,1683464.51
1984-08-16,1692822.57
1984-08-17,1694784.23
1984-08-20,1700307.21
1984-08-21,1726761.96
1984-08-22,1721855.9
1984-08-23,1723506.84
1984-08-24,1727055.21
1984-08-27,1718003.38
1984-08-28,1726866.23
1984-08-29,1725931.67
1984-08-30,1721545.75
1984-08-31,1723540.69
1984-09-04,1708802.37
1984-09-05,1703075.85
1984-09-06,1715591.43
1984-09-07,1705724.73
1984-09-10,1704443.41
1984-09-11,1708446.82
1984-09-12,1708701.06
1984-09-13,1736123.67
1984-09-14,1747319.6
1984-09-17,1748628.01
1984-09-18,1738921.05
1984-09-19,1732398.02
1984-09-20,1737506.53
1984-09-21,1724038.79
1984-09-24,1718950.82
1984-09-25,1720581.78
1984-09-26,1725827.51
1984-09-27,1731434.39
1984-09-28,1724420.02
1984-10-01,1710674.34
1984-10-02,1699433.17
1984-10-03,1688775.7
1984-10-04,1692201.91
1984-10-05,1691066.12
1984-10-08,1685027
1984-10-09,1681873.99
1984-10-10,1684949.82
1984-10-11,1692580.64
1984-10-12,1706677.82
1984-10-15,1720721.75
1984-10-16,1714232.58
1984-10-17,1709824.96
1984-10-18,1743557.77
1984-10-19,1746048.98
1984-10-22,1740337.32
1984-10-23,1738299.05
1984-10-24,1738870.62
1984-10-25,1729704.71
1984-10-26,1719030.37
1984-10-29,1713922.8
1984-10-30,1731968.37
1984-10-31,1726822.36
1984-11-01,1739167.09
1984-11-02,1741338.97
1984-11-05,1752916.8
1984-11-06,1770005.66
1984-11-07,1758764.01
1984-11-08,1755684.08
1984-11-09,1748395.9
1984-11-12,1745334.13
1984-11-13,1732678.38
1984-11-14,1731550.08
1984-11-15,1729903.04
1984-11-16,1715110.31
1984-11-19,1703188.25
1984-11-20,1711106.05
1984-11-21,1715125.11
1984-11-23,1737505.45
1984-11-26,1727338.98
1984-11-27,1735714.52
1984-11-28,1724169.95
1984-11-29,1713219.42
1984-11-30,1709191.31
1984-12-03,1701532.1
1984-12-04,1705137.32
1984-12-05,1693403.95
1984-12-06,1698177.33
1984-12-07,1695152.55
1984-12-10,1699761.35
1984-12-11,1703192.85
1984-12-12,1699988.81
1984-12-13,1693560.83
1984-12-14,1702060.49
1984-12-17,1710432.6
1984-12-18,1752028.29
1984-12-19,1748031.58
1984-12-20,1741072.33
1984-12-21,1735185.43
1984-12-24,1747364.37
1984-12-26,1745475.14
1984-12-27,1738351.52
1984-12-28,1742903.93
1984-12-31,1751476.94
1985-01-02,1735694.05
1985-01-03,1730467.55
1985-01-04,1723699.36
1985-01-07,1728506.43
1985-01-08,1728141.38
1985-01-09,1739527.78
1985-01-10,1769254.24
1985-01-11,1768880.59
1985-01-14,1794332.67
1985-01-15,1799695.59
1985-01-16,1807414.14
1985-01-17,1805767.24
1985-01-18,1811886.65
1985-01-21,1847922.91
1985-01-22,1851782.87
1985-01-23,1870650.34
1985-01-24,1868384.62
1985-01-25,1876397.77
1985-01-28,1880129.57
1985-01-29,1896089.63
1985-01-30,1901187.85
1985-01-31,1902497.41
1985-02-01,1894504.65
1985-02-04,1913447.44
1985-02-05,1919759.54
1985-02-06,1921868.99
1985-02-07,1937626.03
1985-02-08,1942855.31
1985-02-11,1928281.59
1985-02-12,1927893.63
1985-02-13,1954496.27
1985-02-14,1949021.36
1985-02-15,1941222.95
1985-02-19,1939085.29
1985-02-20,1940052.53
1985-02-21,1929961.94
1985-02-22,1923011.78
1985-02-25,1918778.87
1985-02-26,1935278.08
1985-02-27,1932179.33
1985-02-28,1936427.83
1985-03-01,1957125.94
1985-03-04,1947318.41
1985-03-05,1948854.47
1985-03-06,1934216.25
1985-03-07,1923556.42
1985-03-08,1918918.36
1985-03-11,1915250.94
1985-03-12,1921741.36
1985-03-13,1905769.4
1985-03-14,1903461.15
1985-03-15,1895445.31
1985-03-18,1893718.2
1985-03-19,1917179.12
1985-03-20,1913706.74
1985-03-21,1916938.63
1985-03-22,1913658.38
1985-03-25,1903303.21
1985-03-26,1906898.19
1985-03-27,1918318.24
1985-03-28,1920790.58
1985-03-29,1932101.75
1985-04-01,1938166.25
1985-04-02,1931845.52
1985-04-03,1918204.39
1985-04-04,1917127.92
1985-04-08,1909342.09
1985-04-09,1910752.73
1985-04-10,1922673.56
1985-04-11,1931400.2
1985-04-12,1934951.68
1985-04-15,1939477.17
1985-04-16,1943043.49
1985-04-17,1947782.21
1985-04-18,1939482.34
1985-04-19,1941884.99
1985-04-22,1937105.64
1985-04-23,1948222.32
1985-04-24,1951609.91
1985-04-25,1961834.02
1985-04-26,1952100.98
1985-04-29,1936755.15
1985-04-30,1927340.21
1985-05-01,1915002.94
1985-05-02,1918256.17
1985-05-03,1929955.24
1985-05-06,1931303.92
1985-05-07,1939606.22
1985-05-08,1939991.83
1985-05-09,1954927.46
1985-05-10,1980925.67
1985-05-13,1984290.89
1985-05-14,1978930.94
1985-05-15,1985261.16
1985-05-16,1996574.79
1985-05-17,2015340.21
1985-05-20,2039320.36
1985-05-21,2038706.14
1985-05-22,2027898.57
1985-05-23,2018973.4
1985-05-24,2025835.51
1985-05-28,2023199.51
1985-05-29,2022185.5
1985-05-30,2022385.31
1985-05-31,2038157.51
1985-06-03,2039744.85
1985-06-04,2047860.6
1985-06-05,2051093.78
1985-06-06,2059049.59
1985-06-07,2047063.47
1985-06-10,2044973.03
1985-06-11,2041044.24
1985-06-12,2029162.94
1985-06-13,2007204.98
1985-06-14,2022617.92
1985-06-17,2017923.04
1985-06-18,2025951.97
1985-06-19,2022262.33
1985-06-20,2021410.57
1985-06-21,2043401.11
1985-06-24,2044788.19
1985-06-25,2052515.06
1985-06-26,2056371.34
1985-06-27,2069077.27
1985-06-28,2075654.47
1985-07-01,2081837.45
1985-07-02,2080127.86
1985-07-03,2076547.57
1985-07-05,2088132.23
1985-07-08,2081823.59
1985-07-09,2074701.27
1985-07-10,2087520.45
1985-07-11,2095200.04
1985-07-12,2100184.13
1985-07-15,2097619.4
1985-07-16,2118760.91
1985-07-17,2127191.05
1985-07-18,2115659.15
1985-07-19,2122595.99
1985-07-22,2113636.11
1985-07-23,2096470.87
1985-07-24,2084057.26
1985-07-25,2086305.56
1985-07-26,2089182.18
1985-07-29,2060725.03
1985-07-30,2062329.94
1985-07-31,2073010.36
1985-08-01,2087829.92
1985-08-02,2083547.38
1985-08-05,2073022.98
1985-08-06,2048662.5
1985-08-07,2043231.1
1985-08-08,2058042.09
1985-08-09,2053820.66
1985-08-12,2047348.68
1985-08-13,2043968.12
1985-08-14,2046316.24
1985-08-15,2045597.6
1985-08-16,2034651.22
1985-08-19,2037395.57
1985-08-20,2051553.05
1985-08-21,2061910.95
1985-08-22,2046753.45
1985-08-23,2044806.6
1985-08-26,2047769.13
1985-08-27,2055036.27
1985-08-28,2061918.2
1985-08-29,2063874.57
1985-08-30,2063356.14
1985-09-03,2055141.53
1985-09-04,2049014.76
1985-09-05,2048848.4
1985-09-06,2057901.87
1985-09-09,2059998.48
1985-09-10,2045205.24
1985-09-11,2024791.65
1985-09-12,2009441.32
1985-09-13,1998025.3
1985-09-16,1995865.06
1985-09-17,1977939.81
1985-09-18,1979954.96
1985-09-19,1998603.78
1985-09-20,1990047.37
1985-09-23,2008791.25
1985-09-24,1994164.86
1985-09-25,1974659.55
1985-09-26,1976671.35
1985-09-30,1982440.88
1985-10-01,2009954.8
1985-10-02,2002676.37
1985-10-03,2005437.68
1985-10-04,1995368
1985-10-07,1982355.82
1985-10-08,1980331.46
1985-10-09,1987616.72
1985-10-10,1992941.17
1985-10-11,2009041.76
1985-10-14,2029893.22
1985-10-15,2028023.3
1985-10-16,2045624.13
1985-10-17,2047012.72
1985-10-18,2042875.32
1985-10-21,2041606.3
1985-10-22,2052587.71
1985-10-23,2062601.9
1985-10-24,2059051.77
1985-10-25,2049124.69
1985-10-28,2051130.39
1985-10-29,2066265.29
1985-10-30,2075519.7
1985-10-31,2074853.06
1985-11-01,2090619.47
1985-11-04,2090407.92
1985-11-05,2103156.92
1985-11-06,2109884.52
1985-11-07,2110936.95
1985-11-08,2125922.09
1985-11-11,2158871.35
1985-11-12,2170310.8
1985-11-13,2160975.88
1985-11-14,2179773.8
1985-11-15,2173449.86
1985-11-18,2178228.86
1985-11-19,2179968.85
1985-11-20,2182800.22
1985-11-21,2207026.7
1985-11-22,2211217.42
1985-11-25,2199716.46
1985-11-26,2203233.39
1985-11-27,2221737.93
1985-11-29,2221957.45
1985-12-02,2205978.93
1985-12-03,2211072.12
1985-12-04,2244699.89
1985-12-05,2244270.73
1985-12-06,2233293.57
1985-12-09,2246713.01
1985-12-10,2249653.53
1985-12-11,2270145.19
1985-12-12,2276067.57
1985-12-13,2308180.17
1985-12-16,2326665.95
1985-12-17,2313191.78
1985-12-18,2303728.08
1985-12-19,2304900.23
1985-12-20,2314370.63
1985-12-23,2291478.75
1985-12-24,2279354.1
1985-12-26,2284388.76
1985-12-27,2304968.38
1985-12-30,2314669.56
1985-12-31,2322559.82
1986-01-02,2308505.57
1986-01-03,2322007.58
1986-01-06,2321656.51
1986-01-07,2354273.02
1986-01-08,2304006.49
1986-01-09,2277622.88
1986-01-10,2277734.05
1986-01-13,2284678.42
1986-01-14,2285475.34
1986-01-15,2304099.24
1986-01-16,2315271.38
1986-01-17,2311911.48
1986-01-20,2303470.25
1986-01-21,2288610.13
1986-01-22,2267895.48
1986-01-23,2273902.7
1986-01-24,2296070.55
1986-01-27,2306974.15
1986-01-28,2330156.49
1986-01-29,2336328.63
1986-01-30,2328966.42
1986-01-31,2350972.38
1986-02-03,2373491.9
1986-02-04,2368219.92
1986-02-05,2370537.95
1986-02-06,2377362.28
1986-02-07,2389674.19
1986-02-10,2406112.3
1986-02-11,2407504.98
1986-02-12,2411546.72
1986-02-13,2425964.9
1986-02-14,2448232.37
1986-02-18,2476335.17
1986-02-19,2454243.31
1986-02-20,2475297.79
1986-02-21,2500740.91
1986-02-24,2498437.25
1986-02-25,2493387.43
1986-02-26,2496576
1986-02-27,2525733.03
1986-02-28,2531236.13
1986-03-03,2522120.66
1986-03-04,2519343.33
1986-03-05,2515057.44
1986-03-06,2526120.7
1986-03-07,2530412.1
1986-03-10,2542048.98
1986-03-11,2590090.68
1986-03-12,2602520.04
1986-03-13,2608502.73
1986-03-14,2636149.76
1986-03-17,2617166.34
1986-03-18,2630249.06
1986-03-19,2626563.58
1986-03-20,2637592.02
1986-03-21,2616488.14
1986-03-24,2627212.63
1986-03-25,2621429.63
1986-03-26,2647902.95
1986-03-27,2667494.28
1986-03-31,2669891.85
1986-04-01,2638223.75
1986-04-02,2641228.19
1986-04-03,2615182.53
1986-04-04,2577886.92
1986-04-07,2570253.3
1986-04-08,2619701.92
1986-04-09,2625828.9
1986-04-10,2651926.51
1986-04-11,2650438.28
1986-04-14,2665118.55
1986-04-15,2669486.17
1986-04-16,2716839.68
1986-04-17,2726454.06
1986-04-18,2724106.06
1986-04-21,2745459.81
1986-04-22,2724700.87
1986-04-23,2713907.81
1986-04-24,2719440.95
1986-04-25,2720090.38
1986-04-28,2725364.11
1986-04-29,2699578.92
1986-04-30,2648931.61
1986-05-01,2644239.85
1986-05-02,2643258.33
1986-05-05,2673203.3
1986-05-06,2670607.11
1986-05-07,2660001.62
1986-05-08,2673910.26
1986-05-09,2682543.81
1986-05-12,2678329.02
1986-05-13,2668228.53
1986-05-14,2678978.32
1986-05-15,2650390.43
1986-05-16,2636154.68
1986-05-19,2638339.55
1986-05-20,2665590.46
1986-05-21,2661935.42
1986-05-22,2705401.66
1986-05-23,2720900.39
1986-05-27,2756078.39
1986-05-28,2775725.95
1986-05-29,2787463.97
1986-05-30,2784478.06
1986-06-02,2764287.28
1986-06-03,2767739.35
1986-06-04,2754866.07
1986-06-05,2767397.43
1986-06-06,2768362.72
1986-06-09,2713684.26
1986-06-10,2708117.98
1986-06-11,2725311.31
1986-06-12,2730622.42
1986-06-13,2770895.85
1986-06-16,2772139.45
1986-06-17,2757027.99
1986-06-18,2758816.78
1986-06-19,2754813.21
1986-06-20,2776435.21
1986-06-23,2762133.27
1986-06-24,2784088.94
1986-06-25,2804270.27
1986-06-26,2803565.86
1986-06-27,2812393.76
1986-06-30,2827717.95
1986-07-01,2841683.52
1986-07-02,2851739.69
1986-07-03,2846432.06
1986-07-07,2764565.29
1986-07-08,2723204.1
1986-07-09,2741282.93
1986-07-10,2741937.58
1986-07-11,2739302.05
1986-07-14,2694757.74
1986-07-15,2650129.34
1986-07-16,2660832.71
1986-07-17,2673441.89
1986-07-18,2675417.05
1986-07-21,2671507.76
1986-07-22,2692182.05
1986-07-23,2696055.59
1986-07-24,2688880.87
1986-07-25,2709958.5
1986-07-28,2666704.33
1986-07-29,2649207.58
1986-07-30,2662556.43
1986-07-31,2659997.21
1986-08-01,2649141.25
1986-08-04,2652634.96
1986-08-05,2660112.24
1986-08-06,2656704.13
1986-08-07,2663661.53
1986-08-08,2664777.09
1986-08-11,2705065.35
1986-08-12,2734871.95
1986-08-13,2760631.19
1986-08-14,2770897.45
1986-08-15,2777876.81
1986-08-18,2779595.79
1986-08-19,2772977.04
1986-08-20,2803531.95
1986-08-21,2803023.98
1986-08-22,2807281.23
1986-08-25,2785437.25
1986-08-26,2828663.92
1986-08-27,2833808.72
1986-08-28,2831878.35
1986-08-29,2833630.75
1986-09-02,2794268.24
1986-09-03,2802116.81
1986-09-04,2838008.59
1986-09-05,2803126.09
1986-09-08,2772316.39
1986-09-09,2764855.56
1986-09-10,2752714.55
1986-09-11,2631619.36
1986-09-12,2583483.91
1986-09-15,2590740.43
1986-09-16,2586618.07
1986-09-17,2595176.69
1986-09-18,2599611.35
1986-09-19,2598334.45
1986-09-22,2626159.52
1986-09-23,2638525.6
1986-09-24,2649366.8
1986-09-25,2609384.7
1986-09-26,2610973.32
1986-09-29,2585669.88
1986-09-30,2603016.65
1986-10-01,2625139.19
1986-10-02,2628811.26
1986-10-03,2626967.96
1986-10-06,2636421.92
1986-10-07,2632200.51
1986-10-08,2652991.76
1986-10-09,2646621.42
1986-10-10,2644500.97
1986-10-13,2648464.57
1986-10-14,2643694.19
1986-10-15,2676208.48
1986-10-16,2683966.3
1986-10-17,2676984.79
1986-10-20,2651282.55
1986-10-21,2650484.01
1986-10-22,2654721.62
1986-10-23,2683920.4
1986-10-24,2677475.8
1986-10-27,2683630.8
1986-10-28,2689531.6
1986-10-29,2706472.45
1986-10-30,2734345.89
1986-10-31,2736256.68
1986-11-03,2753245.57
1986-11-04,2759602.29
1986-11-05,2765973.69
1986-11-06,2759912.91
1986-11-07,2759937.23
1986-11-10,2762169.49
1986-11-11,2771585.2
1986-11-12,2766620.76
1986-11-13,2731785.71
1986-11-14,2744102.82
1986-11-17,2729034.42
1986-11-18,2667928.09
1986-11-19,2667151.22
1986-11-20,2709849.13
1986-11-21,2745372.03
1986-11-24,2761044.84
1986-11-25,2768800.09
1986-11-26,2773531.44
1986-11-28,2779380.29
1986-12-01,2775541.43
1986-12-02,2823610.51
1986-12-03,2827051.95
1986-12-04,2822581.84
1986-12-05,2804005.89
1986-12-08,2801535.03
1986-12-09,2783097.6
1986-12-10,2797900.36
1986-12-11,2771932.52
1986-12-12,2760065.34
1986-12-15,2762877.33
1986-12-16,2780059.13
1986-12-17,2757870.95
1986-12-18,2748546.06
1986-12-19,2771960.41
1986-12-22,2762865.08
1986-12-23,2736117.25
1986-12-24,2745471.52
1986-12-26,2749092.27
1986-12-29,2724951.97
1986-12-30,2710833.47
1986-12-31,2701396.54
1987-01-02,2750288.61
1987-01-05,2818217.46
1987-01-06,2830896.08
1987-01-07,2863448.02
1987-01-08,2887497.57
1987-01-09,2904819.12
1987-01-12,2925730.36
1987-01-13,2923678.87
1987-01-14,2951742.7
1987-01-15,2978600.05
1987-01-16,2978596.5
1987-01-19,3008378.92
1987-01-20,3006269.47
1987-01-21,2991535.17
1987-01-22,3047473.32
1987-01-23,3013337.99
1987-01-26,3002486.39
1987-01-27,3042115.63
1987-01-28,3059756.28
1987-01-29,3049349.47
1987-01-30,3049345.84
1987-02-02,3079622.21
1987-02-03,3079402.97
1987-02-04,3117676.29
1987-02-05,3139589.84
1987-02-06,3133715.07
1987-02-09,3115003.06
1987-02-10,3084877.27
1987-02-11,3112113.06
1987-02-12,3098509.43
1987-02-13,3137949.76
1987-02-17,3191385.31
1987-02-18,3191477.25
1987-02-19,3196037.27
1987-02-20,3196129.34
1987-02-23,3169373.93
1987-02-24,3176437.87
1987-02-25,3191140.99
1987-02-26,3184850.64
1987-02-27,3197363.32
1987-03-02,3190996.76
1987-03-03,3198364.16
1987-03-04,3239011.56
1987-03-05,3258798.07
1987-03-06,3258826.77
1987-03-09,3237673.11
1987-03-10,3263926.78
1987-03-11,3261997.18
1987-03-12,3272138.11
1987-03-13,3260387.24
1987-03-16,3241505.71
1987-03-17,3280108.19
1987-03-18,3282761.17
1987-03-19,3297562.52
1987-03-20,3333205.24
1987-03-23,3355567.08
1987-03-24,3359958.88
1987-03-25,3352260.57
1987-03-26,3358659.4
1987-03-27,3315026.42
1987-03-30,3240467.52
1987-03-31,3263503.39
1987-04-01,3266795.64
1987-04-02,3280544.96
1987-04-03,3344216.44
1987-04-06,3358291.61
1987-04-07,3311640.94
1987-04-08,3314650.59
1987-04-09,3271257.87
1987-04-10,3263108.54
1987-04-13,3196569.87
1987-04-14,3117962.41
1987-04-15,3168189.08
1987-04-16,3198631.6
1987-04-20,3189383.75
1987-04-21,3245863.94
1987-04-22,3200125.85
1987-04-23,3194073.8
1987-04-24,3142677.35
1987-04-27,3137048.22
1987-04-28,3151819.98
1987-04-29,3173280.13
1987-04-30,3209483.47
1987-05-01,3205917.13
1987-05-04,3216781.37
1987-05-05,3274325.76
1987-05-06,3275926.28
1987-05-07,3271303.32
1987-05-08,3261452.81
1987-05-11,3247392.06
1987-05-12,3256123.68
1987-05-13,3263576.33
1987-05-14,3265497.95
1987-05-15,3202110.75
1987-05-18,3181901.62
1987-05-19,3117273.41
1987-05-20,3100716.98
1987-05-21,3122077.22
1987-05-22,3135779.43
1987-05-26,3204731.48
1987-05-27,3207579.88
1987-05-28,3226147.95
1987-05-29,3225466.62
1987-06-01,3224882.19
1987-06-02,3210753.37
1987-06-03,3254801.08
1987-06-04,3271787.27
1987-06-05,3262687.81
1987-06-08,3292113.37
1987-06-09,3299417.94
1987-06-10,3304429.13
1987-06-11,3316387.23
1987-06-12,3345633.81
1987-06-15,3360082.97
1987-06-16,3376274.57
1987-06-17,3379376.72
1987-06-18,3386536.98
1987-06-19,3396421.63
1987-06-22,3418562.26
1987-06-23,3408370.87
1987-06-24,3394119.83
1987-06-25,3413530.15
1987-06-26,3398574.82
1987-06-29,3401017.75
1987-06-30,3366391.34
1987-07-01,3359014.94
1987-07-02,3380878.13
1987-07-06,3374484.24
1987-07-07,3394760.88
1987-07-08,3403617.16
1987-07-09,3399903.17
1987-07-10,3407412.9
1987-07-13,3401991.06
1987-07-14,3433659.55
1987-07-15,3432316.33
1987-07-16,3452254
1987-07-17,3468855.24
1987-07-20,3440788.07
1987-07-21,3413980.23
1987-07-22,3411279.12
1987-07-23,3402439.85
1987-07-24,3415739.34
1987-07-27,3429432.39
1987-07-28,3446266.82
1987-07-29,3477658.21
1987-07-30,3503075.75
1987-07-31,3510813.38
1987-08-03,3498240.48
1987-08-04,3488161.39
1987-08-05,3513690.58
1987-08-06,3552758.63
1987-08-07,3567391.77
1987-08-10,3615261.92
1987-08-11,3664859.01
1987-08-12,3657598.22
1987-08-13,3680709.89
1987-08-14,3678202.63
1987-08-17,3682317.83
1987-08-18,3631571.11
1987-08-19,3636360.46
1987-08-20,3687701.54
1987-08-21,3699571.55
1987-08-24,3678553.58
1987-08-25,3709154.77
1987-08-26,3692533.34
1987-08-27,3663062.53
1987-08-28,3623570.35
1987-08-31,3650090.57
1987-09-01,3592816.31
1987-09-02,3569494.65
1987-09-03,3554177.27
1987-09-04,3522576.4
1987-09-08,3478575.23
1987-09-09,3486606.6
1987-09-10,3519411.41
1987-09-11,3567306.41
1987-09-14,3575542.65
1987-09-15,3528376.98
1987-09-16,3501945.24
1987-09-17,3501275.7
1987-09-18,3498505.52
1987-09-21,3454455.17
1987-09-22,3529792.73
1987-09-23,3551002.58
1987-09-24,3542866.56
1987-09-25,3547503.49
1987-09-28,3573786.27
1987-09-29,3563453.77
1987-09-30,3570612.07
1987-10-01,3622631.64
1987-10-02,3634473.33
1987-10-05,3637267.55
1987-10-06,3556770.49
1987-10-07,3544210.86
1987-10-08,3497671.15
1987-10-09,3469930.45
1987-10-12,3445185.72
1987-10-13,3490554.71
1987-10-14,3406323.47
1987-10-15,3330256.21
1987-10-16,3168967.94
1987-10-19,2617151.78
1987-10-20,2636698.79
1987-10-21,2863372.64
1987-10-22,2750466.45
1987-10-23,2734427.96
1987-10-26,2507932.04
1987-10-27,2547729.93
1987-10-28,2543574.1
1987-10-29,2664568.89
1987-10-30,2761476.09
1987-11-02,2796736.85
1987-11-03,2744909.99
1987-11-04,2728903.89
1987-11-05,2786944.43
1987-11-06,2756201.12
1987-11-09,2688312.6
1987-11-10,2641989.78
1987-11-11,2668855.67
1987-11-12,2733358.73
1987-11-13,2711953.28
1987-11-16,2720004.55
1987-11-17,2680479.65
1987-11-18,2704252.31
1987-11-19,2651164.62
1987-11-20,2665663.33
1987-11-23,2674643.44
1987-11-24,2709865.31
1987-11-25,2694063.57
1987-11-27,2662189.59
1987-11-30,2556417.63
1987-12-01,2569912.47
1987-12-02,2580394.66
1987-12-03,2501895.98
1987-12-04,2476824
1987-12-07,2517639.12
1987-12-08,2575491.47
1987-12-09,2618705.14
1987-12-10,2575441.02
1987-12-11,2589808.91
1987-12-14,2660455.82
1987-12-15,2671839.4
1987-12-16,2726288.31
1987-12-17,2688335.13
1987-12-18,2748228.03
1987-12-21,2758338.24
1987-12-22,2757452.29
1987-12-23,2791034.78
1987-12-24,2787068.19
1987-12-28,2721513.02
1987-12-29,2712202.21
1987-12-30,2745233.6
1987-12-31,2740508.53
1988-01-04,2832449.33
1988-01-05,2867426.71
1988-01-06,2875595.46
1988-01-07,2897302.78
1988-01-08,2733746.59
1988-01-11,2758757.12
1988-01-12,2734890.59
1988-01-13,2740493.86
1988-01-14,2743094.06
1988-01-15,2806867.73
1988-01-18,2808127.48
1988-01-19,2788888.47
1988-01-20,2721812.38
1988-01-21,2726844.49
1988-01-22,2760245.09
1988-01-25,2813928.57
1988-01-26,2793242.85
1988-01-27,2792261.89
1988-01-28,2828976.81
1988-01-29,2864477.1
1988-02-01,2856539.08
1988-02-02,2862620.11
1988-02-03,2831500.02
1988-02-04,2832147.9
1988-02-05,2826848.41
1988-02-08,2808272.65
1988-02-09,2832223.87
1988-02-10,2881586.16
1988-02-11,2878499.44
1988-02-12,2894989.81
1988-02-16,2917075.14
1988-02-17,2912783.56
1988-02-18,2903255.29
1988-02-19,2936726.37
1988-02-22,2975282.09
1988-02-23,2974177.7
1988-02-24,2975155.63
1988-02-25,2954117.74
1988-02-26,2961292.73
1988-02-29,3014977.44
1988-03-01,3011024.23
1988-03-02,3024540.15
1988-03-03,3026925.93
1988-03-04,3023562.44
1988-03-07,3028063.95
1988-03-08,3049529.32
1988-03-09,3051934.82
1988-03-10,3001848.93
1988-03-11,3007518.85
1988-03-14,3020718.28
1988-03-15,3019778.26
1988-03-16,3044808.63
1988-03-17,3071873.35
1988-03-18,3072146.17
1988-03-21,3048763.48
1988-03-22,3051168.37
1988-03-23,3056016.1
1988-03-24,3001584.81
1988-03-25,2957427.92
1988-03-28,2946156.6
1988-03-29,2967925.19
1988-03-30,2949490.84
1988-03-31,2960370.95
1988-04-04,2933516.87
1988-04-05,2954136
1988-04-06,3019802.92
1988-04-07,3028949.33
1988-04-08,3062657.93
1988-04-11,3071934.14
1988-04-12,3086460.73
1988-04-13,3086241
1988-04-14,2970904.5
1988-04-15,2966533.74
1988-04-18,2963059.36
1988-04-19,2955440.77
1988-04-20,2935428.92
1988-04-21,2934926.4
1988-04-22,2967588.64
1988-04-25,2989337.53
1988-04-26,3007957.54
1988-04-27,3008946.59
1988-04-28,2997900.17
1988-04-29,2991091.37
1988-05-02,2992403.89
1988-05-03,3008379.76
1988-05-04,2986535.35
1988-05-05,2971121.27
1988-05-06,2960540.54
1988-05-09,2948517.22
1988-05-10,2956297.8
1988-05-11,2910885.54
1988-05-12,2918857.9
1988-05-13,2946700.33
1988-05-16,2964789.57
1988-05-17,2938221.52
1988-05-18,2895143.69
1988-05-19,2903072.94
1988-05-20,2906959.6
1988-05-23,2885851.62
1988-05-24,2911359.11
1988-05-25,2917877.09
1988-05-26,2928202.9
1988-05-27,2918360.65
1988-05-31,2997853.32
1988-06-01,3048273.65
1988-06-02,3036747.54
1988-06-03,3050773.7
1988-06-06,3059678.33
1988-06-07,3044743.45
1988-06-08,3105391.12
1988-06-09,3100480.91
1988-06-10,3110460.76
1988-06-13,3113629.73
1988-06-14,3141399.6
1988-06-15,3144914.23
1988-06-16,3104403.99
1988-06-17,3109429.43
1988-06-20,3094251.71
1988-06-21,3119992.2
1988-06-22,3159674.79
1988-06-23,3155942.61
1988-06-24,3150005.68
1988-06-27,3108484.86
1988-06-28,3138073.93
1988-06-29,3127463.51
1988-06-30,3155044.01
1988-07-01,3143524.34
1988-07-05,3178570.9
1988-07-06,3144079.62
1988-07-07,3142975.45
1988-07-08,3128042.57
1988-07-11,3132261.71
1988-07-12,3108609.4
1988-07-13,3118708.68
1988-07-14,3128217.03
1988-07-15,3142759.52
1988-07-18,3130341.87
1988-07-19,3107330.14
1988-07-20,3120843.32
1988-07-21,3088850.96
1988-07-22,3057495.45
1988-07-25,3066817.17
1988-07-26,3071873.77
1988-07-27,3046527.15
1988-07-28,3076836.47
1988-07-29,3131446.65
1988-08-01,3138206.85
1988-08-02,3138705.23
1988-08-03,3148933.67
1988-08-04,3143135.88
1988-08-05,3133891.32
1988-08-08,3124360.56
1988-08-09,3090176.34
1988-08-10,3039679.18
1988-08-11,3046849.2
1988-08-12,3044590.91
1988-08-15,3006408.11
1988-08-16,3024924.01
1988-08-17,3028731.81
1988-08-18,3033453.03
1988-08-19,3029081.24
1988-08-22,2995939.49
1988-08-23,2995816.08
1988-08-24,3034039.13
1988-08-25,3015709.92
1988-08-26,3021013.98
1988-08-29,3048682.87
1988-08-30,3052520.58
1988-08-31,3046289.81
1988-09-01,3013660.42
1988-09-02,3071187.61
1988-09-06,3083437.99
1988-09-07,3087720.3
1988-09-08,3092317.32
1988-09-09,3104651.99
1988-09-12,3102443.99
1988-09-13,3110475.63
1988-09-14,3128792.63
1988-09-15,3118745.48
1988-09-16,3141165.54
1988-09-19,3127309.26
1988-09-20,3136656.2
1988-09-21,3142894.41
1988-09-22,3132801.97
1988-09-23,3139659.08
1988-09-26,3129891.01
1988-09-27,3123283.21
1988-09-28,3132618.11
1988-09-29,3167355.11
1988-09-30,3165735.99
1988-10-03,3156519.93
1988-10-04,3151434.18
1988-10-05,3164004.65
1988-10-06,3169664.45
1988-10-07,3220660.58
1988-10-10,3223845.2
1988-10-11,3220585.27
1988-10-12,3181258.09
1988-10-13,3191720.65
1988-10-14,3195834.17
1988-10-17,3202829.24
1988-10-18,3229376.88
1988-10-19,3208026.85
1988-10-20,3262527.41
1988-10-21,3269015.96
1988-10-24,3259499.23
1988-10-25,3258810.85
1988-10-26,3248672.07
1988-10-27,3206402.98
1988-10-28,3217910.15
1988-10-31,3221735.63
1988-11-01,3224212.53
1988-11-02,3223789.55
1988-11-03,3227235.16
1988-11-04,3203252.96
1988-11-07,3175284.75
1988-11-08,3188204.38
1988-11-09,3171845.1
1988-11-10,3175235.2
1988-11-11,3118299.45
1988-11-14,3112901.08
1988-11-15,3118718.5
1988-11-16,3070904.83
1988-11-17,3074801.22
1988-11-18,3093461.61
1988-11-21,3087487.54
1988-11-22,3096653.71
1988-11-23,3116995.03
1988-11-25,3100066.04
1988-11-28,3112059.61
1988-11-29,3137792.63
1988-11-30,3167190.02
1988-12-01,3162118.74
1988-12-02,3156739.37
1988-12-05,3185146.27
1988-12-06,3212534.74
1988-12-07,3217670.97
1988-12-08,3203187.62
1988-12-09,3207988.59
1988-12-12,3203172.78
1988-12-13,3198684.53
1988-12-14,3189084.67
1988-12-15,3180151.43
1988-12-16,3200182.6
1988-12-19,3223220.11
1988-12-20,3213868.93
1988-12-21,3211615.4
1988-12-22,3209363.44
1988-12-23,3222518.01
1988-12-27,3213813.38
1988-12-28,3218308.89
1988-12-29,3240833.22
1988-12-30,3234347.7
1989-01-03,3208663.13
1989-01-04,3251206.18
1989-01-05,3258875.16
1989-01-06,3269169.32
1989-01-09,3273938.42
1989-01-10,3267910.47
1989-01-11,3282808.25
1989-01-12,3295475.99
1989-01-13,3300942.55
1989-01-16,3305758
1989-01-17,3299671.47
1989-01-18,3329232.6
1989-01-19,3334755.16
1989-01-20,3333617.37
1989-01-23,3314478.44
1989-01-24,3349806.83
1989-01-25,3359383.29
1989-01-26,3387127.8
1989-01-27,3409682.04
1989-01-30,3421816.45
1989-01-31,3449050.03
1989-02-01,3449804.72
1989-02-02,3450904.55
1989-02-03,3455455.64
1989-02-06,3450682.99
1989-02-07,3487670.21
1989-02-08,3481458
1989-02-09,3458197.72
1989-02-10,3415381.11
1989-02-13,3417836.12
1989-02-14,3415507.92
1989-02-15,3441871.58
1989-02-16,3450196.81
1989-02-17,3470272.85
1989-02-21,3463397.58
1989-02-22,3413589.8
1989-02-23,3423553.42
1989-02-24,3377742.2
1989-02-27,3381183.47
1989-02-28,3392743.09
1989-03-01,3381203.73
1989-03-02,3410616.17
1989-03-03,3423913.52
1989-03-06,3458833.36
1989-03-07,3453986.88
1989-03-08,3457436.75
1989-03-09,3455012.43
1989-03-10,3447407.29
1989-03-13,3469466.59
1989-03-14,3468074.67
1989-03-15,3482636.46
1989-03-16,3511189.93
1989-03-17,3439206.36
1989-03-20,3406873.72
1989-03-21,3423222.66
1989-03-22,3414660.53
1989-03-23,3402363.69
1989-03-27,3415628.86
1989-03-28,3428604.18
1989-03-29,3437514.47
1989-03-30,3440604.14
1989-03-31,3467780.82
1989-04-03,3484560.75
1989-04-04,3477029.95
1989-04-05,3487595.98
1989-04-06,3479709.86
1989-04-07,3500027.22
1989-04-10,3500863.06
1989-04-11,3516052.64
1989-04-12,3523924.41
1989-04-13,3498688.92
1989-04-14,3546057
1989-04-17,3549740.68
1989-04-18,3591055.44
1989-04-19,3604840.81
1989-04-20,3598492
1989-04-21,3625620.35
1989-04-24,3621047.75
1989-04-25,3605979.88
1989-04-26,3610807.6
1989-04-27,3637667.71
1989-04-28,3640719.02
1989-05-01,3636564.27
1989-05-02,3630232.32
1989-05-03,3631534.88
1989-05-04,3630658.99
1989-05-05,3632324.77
1989-05-08,3615829.69
1989-05-09,3609895.42
1989-05-10,3616605.53
1989-05-11,3628753.02
1989-05-12,3696098.36
1989-05-15,3721818.8
1989-05-16,3716082.77
1989-05-17,3740455.85
1989-05-18,3748904.82
1989-05-19,3779491.43
1989-05-22,3790296.27
1989-05-23,3756785.54
1989-05-24,3765271.4
1989-05-25,3769634.64
1989-05-26,3796243.77
1989-05-30,3774448.81
1989-05-31,3790900.91
1989-06-01,3809168.54
1989-06-02,3847331.88
1989-06-05,3815086.66
1989-06-06,3833089.32
1989-06-07,3865359.37
1989-06-08,3866591.68
1989-06-09,3867051.07
1989-06-12,3863643.47
1989-06-13,3838988.82
1989-06-14,3836373.74
1989-06-15,3796931.25
1989-06-16,3807634.07
1989-06-19,3811894.09
1989-06-20,3805485.57
1989-06-21,3798707.28
1989-06-22,3814733.3
1989-06-23,3869737.21
1989-06-26,3859748.68
1989-06-27,3880277.95
1989-06-28,3854353.08
1989-06-29,3785047.22
1989-06-30,3766193.18
1989-07-03,3779935.3
1989-07-05,3792971.58
1989-07-06,3807949.3
1989-07-07,3843929.89
1989-07-10,3865259.12
1989-07-11,3885160.6
1989-07-12,3898171.27
1989-07-13,3901869.89
1989-07-14,3917667.82
1989-07-17,3926477.9
1989-07-18,3915675.42
1989-07-19,3959722.1
1989-07-20,3938136.9
1989-07-21,3956050.74
1989-07-24,3934089.95
1989-07-25,3936249.01
1989-07-26,3976984.5
1989-07-27,4018539.26
1989-07-28,4023959.5
1989-07-31,4063188.32
1989-08-01,4044167.76
1989-08-02,4052736.58
1989-08-03,4063349.92
1989-08-04,4055705.99
1989-08-07,4108506.45
1989-08-08,4113103.09
1989-08-09,4095082.8
1989-08-10,4111130.65
1989-08-11,4079552.27
1989-08-14,4060455.11
1989-08-15,4075149.13
1989-08-16,4084191.11
1989-08-17,4074465.87
1989-08-18,4088395.69
1989-08-21,4037367.64
1989-08-22,4039058.53
1989-08-23,4075889.94
1989-08-24,4145664.32
1989-08-25,4140352.94
1989-08-28,4154093.98
1989-08-29,4134647.87
1989-08-30,4145889.19
1989-08-31,4152600.6
1989-09-01,4178466.36
1989-09-05,4170647.65
1989-09-06,4136568.49
1989-09-07,4130482.81
1989-09-08,4135558.39
1989-09-11,4124925.08
1989-09-12,4139893.65
1989-09-13,4109377.71
1989-09-14,4080319.51
1989-09-15,4089413.77
1989-09-18,4104662.41
1989-09-19,4108474.86
1989-09-20,4106128.14
1989-09-21,4102961.53
1989-09-22,4114978.33
1989-09-25,4087115.02
1989-09-26,4093363.44
1989-09-27,4099212.08
1989-09-28,4136633.01
1989-09-29,4148748.42
1989-10-02,4168698.96
1989-10-03,4209588.93
1989-10-04,4233199.72
1989-10-05,4237046.89
1989-10-06,4258269.45
1989-10-09,4268100.98
1989-10-10,4260882.81
1989-10-11,4236633.31
1989-10-12,4220571.43
1989-10-13,3988899.24
1989-10-16,4055549
1989-10-17,4039362.53
1989-10-18,4050708.33
1989-10-19,4113529.99
1989-10-20,4112743.53
1989-10-23,4086458.2
1989-10-24,4064835.97
1989-10-25,4055522.66
1989-10-26,4010542.08
1989-10-27,3972076.21
1989-10-30,3970919.58
1989-10-31,4025356.16
1989-11-01,4038353.27
1989-11-02,4013027.98
1989-11-03,4006321.45
1989-11-06,3953152.79
1989-11-07,3973823.08
1989-11-08,4013675.79
1989-11-09,4001349.03
1989-11-10,4026272.67
1989-11-13,4033635.96
1989-11-14,4016004.17
1989-11-15,4040617.49
1989-11-16,4042754.21
1989-11-17,4055403.21
1989-11-20,4030782.09
1989-11-21,4028882.82
1989-11-22,4051560.64
1989-11-24,4074771.26
1989-11-27,4091187.73
1989-11-28,4095805.9
1989-11-29,4074216.13
1989-11-30,4093482.32
1989-12-01,4138096.41
1989-12-04,4150091.96
1989-12-05,4135561.7
1989-12-06,4123977.2
1989-12-07,4114899.54
1989-12-08,4122712.95
1989-12-11,4118173.06
1989-12-12,4143700.83
1989-12-13,4155298.26
1989-12-14,4134101.29
1989-12-15,4119213.61
1989-12-18,4048770.15
1989-12-19,4032165.37
1989-12-20,4036999.17
1989-12-21,4059601.56
1989-12-22,4093291.42
1989-12-26,4090830.57
1989-12-27,4112507.11
1989-12-28,4132653.49
1989-12-29,4165709.8
1990-01-02,4226774.15
1990-01-03,4225332.01
1990-01-04,4196425.71
1990-01-05,4161842.17
1990-01-08,4175404.82
1990-01-09,4134313.87
1990-01-10,4103963.08
1990-01-11,4114464.34
1990-01-12,4019662.18
1990-01-15,3982515.72
1990-01-16,4020185.58
1990-01-17,3990672.63
1990-01-18,3993700.79
1990-01-19,4007114.87
1990-01-22,3915587.6
1990-01-23,3913860.08
1990-01-24,3897652.04
1990-01-25,3856955.91
1990-01-26,3844069.08
1990-01-29,3831994.13
1990-01-30,3798497.94
1990-01-31,3862915.94
1990-02-01,3867160.55
1990-02-02,3896546.37
1990-02-05,3912517.57
1990-02-06,3892559.07
1990-02-07,3935372.59
1990-02-08,3933006.68
1990-02-09,3943621.12
1990-02-12,3907729.47
1990-02-13,3914367.96
1990-02-14,3923366.34
1990-02-15,3955140.94
1990-02-16,3936547.07
1990-02-20,3884579.96
1990-02-21,3877583.09
1990-02-22,3864782.45
1990-02-23,3844680.98
1990-02-26,3884276.62
1990-02-27,3906412.37
1990-02-28,3928283.63
1990-03-01,3939631.69
1990-03-02,3972286.55
1990-03-05,3958736.33
1990-03-06,4002238.12
1990-03-07,3994589.08
1990-03-08,4029297.31
1990-03-09,4009105.73
1990-03-12,4016277.26
1990-03-13,3989724.88
1990-03-14,4000053.52
1990-03-15,4011208.91
1990-03-16,4048468.27
1990-03-19,4065021.68
1990-03-20,4043838.08
1990-03-21,4026808.71
1990-03-22,3978844.62
1990-03-23,3997500.67
1990-03-26,4005450.93
1990-03-27,4038651.35
1990-03-28,4043452.54
1990-03-29,4030468.24
1990-03-30,4024377.44
1990-04-02,4008838.55
1990-04-03,4060307.27
1990-04-04,4035696.97
1990-04-05,4031010.76
1990-04-06,4020686.57
1990-04-09,4030492.26
1990-04-10,4038709.67
1990-04-11,4040481.89
1990-04-12,4069730.17
1990-04-16,4074364.82
1990-04-17,4072485.76
1990-04-18,4030289.96
1990-04-19,4001428.28
1990-04-20,3967171.29
1990-04-23,3922099.5
1990-04-24,3912446.47
1990-04-25,3931378.05
1990-04-26,3938607.11
1990-04-27,3897404.59
1990-04-30,3916263.39
1990-05-01,3933921.07
1990-05-02,3956772.47
1990-05-03,3970260.36
1990-05-04,4001263.36
1990-05-07,4024906.07
1990-05-08,4041041.15
1990-05-09,4046734.2
1990-05-10,4063766.14
1990-05-11,4146702.77
1990-05-14,4180742.26
1990-05-15,4178688.72
1990-05-16,4175382.58
1990-05-17,4184605.21
1990-05-18,4189663.6
1990-05-21,4230340.24
1990-05-22,4237992.12
1990-05-23,4248624.44
1990-05-24,4246537.55
1990-05-25,4207931.47
1990-05-29,4266038
1990-05-30,4270341.62
1990-05-31,4274649.58
1990-06-01,4298582.52
1990-06-04,4347581.25
1990-06-05,4341489.46
1990-06-06,4327157.38
1990-06-07,4308112.73
1990-06-08,4262010.8
1990-06-11,4291839.8
1990-06-12,4340332.48
1990-06-13,4330344.55
1990-06-14,4308687.67
1990-06-15,4305666.46
1990-06-18,4243659.74
1990-06-19,4257234.39
1990-06-20,4261060.84
1990-06-21,4273412.84
1990-06-22,4228964.26
1990-06-25,4193858.82
1990-06-26,4188821.2
1990-06-27,4217300.2
1990-06-28,4246394.55
1990-06-29,4254882.28
1990-07-02,4269003.43
1990-07-03,4275914.13
1990-07-05,4232807.82
1990-07-06,4259977.41
1990-07-09,4270707.48
1990-07-10,4243455.28
1990-07-11,4288940.07
1990-07-12,4334054.62
1990-07-13,4353639.38
1990-07-16,4371135.83
1990-07-17,4352859.28
1990-07-18,4314200.71
1990-07-19,4320753.16
1990-07-20,4284540.1
1990-07-23,4204928.25
1990-07-24,4206268.82
1990-07-25,4222331.76
1990-07-26,4213122.05
1990-07-27,4185816
1990-07-30,4198033.6
1990-07-31,4202310.6
1990-08-01,4195077.62
1990-08-02,4145067.3
1990-08-03,4069953.75
1990-08-06,3935966.02
1990-08-07,3943754.55
1990-08-08,3988629.78
1990-08-09,4014870.22
1990-08-10,3968212.65
1990-08-13,3997493.33
1990-08-14,4007002.61
1990-08-15,4018137.3
1990-08-16,3931662.21
1990-08-17,3871817.63
1990-08-20,3868638.13
1990-08-21,3792343.98
1990-08-22,3733482.28
1990-08-23,3613558.39
1990-08-24,3667323.84
1990-08-27,3785700.68
1990-08-28,3789406.16
1990-08-29,3818504.29
1990-08-30,3766491.72
1990-08-31,3803323.52
1990-09-04,3807921.02
1990-09-05,3822424.66
1990-09-06,3783087.36
1990-09-07,3814142.01
1990-09-10,3800826.11
1990-09-11,3794778.27
1990-09-12,3806954.99
1990-09-13,3765873.41
1990-09-14,3744064.52
1990-09-17,3751960.04
1990-09-18,3755745.06
1990-09-19,3735497.12
1990-09-20,3676509.17
1990-09-21,3670291.5
1990-09-24,3591045.53
1990-09-25,3629142.25
1990-09-26,3591431.14
1990-09-27,3538309.6
1990-09-28,3592476.91
1990-10-01,3691984.24
1990-10-02,3700471.41
1990-10-03,3658651.68
1990-10-04,3666696.36
1990-10-05,3650925.2
1990-10-08,3671366.03
1990-10-09,3579210.37
1990-10-10,3523012.51
1990-10-11,3462060.2
1990-10-12,3507409.07
1990-10-15,3540374.54
1990-10-16,3491867.19
1990-10-17,3492212.22
1990-10-18,3570084.39
1990-10-19,3634341.66
1990-10-22,3663775.5
1990-10-23,3645818.64
1990-10-24,3645814.3
1990-10-25,3622841.33
1990-10-26,3563060.14
1990-10-29,3529919.44
1990-10-30,3547211.84
1990-10-31,3548981.22
1990-11-01,3577972.17
1990-11-02,3634392.54
1990-11-05,3670259.66
1990-11-06,3645187.42
1990-11-07,3588208.8
1990-11-08,3604961.47
1990-11-09,3671180.32
1990-11-12,3742653.83
1990-11-13,3730934.86
1990-11-14,3762531.44
1990-11-15,3729303.81
1990-11-16,3728441.63
1990-11-19,3751068.83
1990-11-20,3711190.5
1990-11-21,3714785.94
1990-11-23,3706497.55
1990-11-26,3718242.73
1990-11-27,3744526.28
1990-11-28,3747030.66
1990-11-29,3733424.47
1990-11-30,3794536.19
1990-12-03,3821472.88
1990-12-04,3850129.37
1990-12-05,3896711.36
1990-12-06,3889302.97
1990-12-07,3875296.84
1990-12-10,3884980.47
1990-12-11,3862442.96
1990-12-12,3899517.82
1990-12-13,3896393.56
1990-12-14,3867165.97
1990-12-17,3852852.85
1990-12-18,3899467.78
1990-12-19,3903362.61
1990-12-20,3906870.99
1990-12-21,3919759.01
1990-12-24,3905251.24
1990-12-26,3915790.77
1990-12-27,3892291.36
1990-12-28,3892675.96
1990-12-31,3910577.63
1991-01-02,3874321.92
1991-01-03,3826779.38
1991-01-04,3818470.71
1991-01-07,3753666.72
1991-01-08,3743639.96
1991-01-09,3708931.96
1991-01-10,3744644.56
1991-01-11,3749246.01
1991-01-14,3712236.49
1991-01-15,3724965.04
1991-01-16,3763067
1991-01-17,3892248.61
1991-01-18,3929337.11
1991-01-21,3927092.71
1991-01-22,3902465.16
1991-01-23,3926382.63
1991-01-24,3984213.57
1991-01-25,4001062.05
1991-01-28,4007579.02
1991-01-29,4012503.57
1991-01-30,4074411.72
1991-01-31,4114050.9
1991-02-01,4113840.3
1991-02-04,4180273.92
1991-02-05,4225206.89
1991-02-06,4301044.32
1991-02-07,4283189.87
1991-02-08,4311239.66
1991-02-11,4414488.72
1991-02-12,4389541.6
1991-02-13,4429700.68
1991-02-14,4377646.43
1991-02-15,4431267.38
1991-02-19,4438130.57
1991-02-20,4392190.64
1991-02-21,4391965.8
1991-02-22,4403160.08
1991-02-25,4421868.27
1991-02-26,4375212.3
1991-02-27,4427490.88
1991-02-28,4429477.98
1991-03-01,4468540.7
1991-03-04,4470859.02
1991-03-05,4557230.7
1991-03-06,4551847.74
1991-03-07,4552843.73
1991-03-08,4543368.39
1991-03-11,4517556.65
1991-03-12,4479242.39
1991-03-13,4529494.16
1991-03-14,4523238.06
1991-03-15,4515633.64
1991-03-18,4504429.49
1991-03-19,4447307.96
1991-03-20,4464291.39
1991-03-21,4453661.06
1991-03-22,4461761.42
1991-03-25,4492631.5
1991-03-26,4568641.47
1991-03-27,4569184.27
1991-03-28,4566071.79
1991-04-01,4528350.6
1991-04-02,4619093.35
1991-04-03,4624353.62
1991-04-04,4638868.58
1991-04-05,4594979.37
1991-04-08,4623187.07
1991-04-09,4574360.71
1991-04-10,4566304.39
1991-04-11,4620820.63
1991-04-12,4649649.05
1991-04-15,4658663.83
1991-04-16,4726861.12
1991-04-17,4764859.46
1991-04-18,4741696.57
1991-04-19,4693515.29
1991-04-22,4648639.7
1991-04-23,4655793.07
1991-04-24,4669475.55
1991-04-25,4633701.81
1991-04-26,4628321.2
1991-04-29,4568795.48
1991-04-30,4578110.39
1991-05-01,4634461.48
1991-05-02,4641453.99
1991-05-03,4646600.48
1991-05-06,4639206.86
1991-05-07,4615123.85
1991-05-08,4625779.29
1991-05-09,4680404.24
1991-05-10,4603686.84
1991-05-13,4612474.4
1991-05-14,4556242.85
1991-05-15,4509353.68
1991-05-16,4552683.21
1991-05-17,4552268.04
1991-05-20,4551397.69
1991-05-21,4586028.41
1991-05-22,4598451.09
1991-05-23,4592973.46
1991-05-24,4622868.25
1991-05-28,4671911.38
1991-05-29,4685033.89
1991-05-30,4733331.01
1991-05-31,4766979.36
1991-06-03,4754150.51
1991-06-04,4752766.14
1991-06-05,4727143.08
1991-06-06,4710167
1991-06-07,4666403.95
1991-06-10,4655245.68
1991-06-11,4676700.83
1991-06-12,4625765.99
1991-06-13,4636446
1991-06-14,4686560.46
1991-06-17,4668324.16
1991-06-18,4650625.66
1991-06-19,4606485.68
1991-06-20,4607908.21
1991-06-21,4628684.39
1991-06-24,4549574.66
1991-06-25,4540515.59
1991-06-26,4546458.26
1991-06-27,4579232.81
1991-06-28,4550881.91
1991-07-01,4625601.97
1991-07-02,4621063.38
1991-07-03,4576788.09
1991-07-05,4585570.07
1991-07-08,4624175.11
1991-07-09,4619175.5
1991-07-10,4620648.14
1991-07-11,4635521.12
1991-07-12,4671301.83
1991-07-15,4700351.76
1991-07-16,4691509.51
1991-07-17,4690190.3
1991-07-18,4733428.27
1991-07-19,4723103.76
1991-07-22,4706661.74
1991-07-23,4664860.98
1991-07-24,4651420.63
1991-07-25,4678021.21
1991-07-26,4681851.62
1991-07-29,4704880.76
1991-07-30,4746372.21
1991-07-31,4765921.61
1991-08-01,4761197.67
1991-08-02,4766476.94
1991-08-05,4742209.89
1991-08-06,4801055.07
1991-08-07,4806378.53
1991-08-08,4799691.94
1991-08-09,4780055.49
1991-08-12,4790613.72
1991-08-13,4811734.62
1991-08-14,4822844
1991-08-15,4816134.51
1991-08-16,4776203.02
1991-08-19,4663526.7
1991-08-20,4698077.88
1991-08-21,4828725.84
1991-08-22,4839391.57
1991-08-23,4870406.31
1991-08-26,4868501.05
1991-08-27,4863675.44
1991-08-28,4906032.26
1991-08-29,4906075.48
1991-08-30,4899740.81
1991-09-03,4861663.99
1991-09-04,4835064.9
1991-09-05,4823116.53
1991-09-06,4822773.17
1991-09-09,4817607.06
1991-09-10,4768606.26
1991-09-11,4778280.86
1991-09-12,4810433
1991-09-13,4767277.69
1991-09-16,4788391.05
1991-09-17,4787092.49
1991-09-18,4805900.06
1991-09-19,4822378.58
1991-09-20,4834573.45
1991-09-23,4812957.16
1991-09-24,4835235.42
1991-09-25,4828121.87
1991-09-26,4827778.15
1991-09-27,4818744.46
1991-09-30,4845386.38
1991-10-01,4859335.32
1991-10-02,4846112.14
1991-10-03,4801425.22
1991-10-04,4772995.07
1991-10-07,4745210.55
1991-10-08,4758396.59
1991-10-09,4716897.71
1991-10-10,4752174.49
1991-10-11,4764429.44
1991-10-14,4822930.96
1991-10-15,4883115.4
1991-10-16,4915240.48
1991-10-17,4901865.18
1991-10-18,4911565.04
1991-10-21,4882973.88
1991-10-22,4862850.22
1991-10-23,4861288.31
1991-10-24,4822781.12
1991-10-25,4809175.14
1991-10-28,4866783.33
1991-10-29,4895394.23
1991-10-30,4921725.62
1991-10-31,4927035.22
1991-11-01,4912740.95
1991-11-04,4897014.33
1991-11-05,4885255.67
1991-11-06,4899905.62
1991-11-07,4945958.9
1991-11-08,4947436.8
1991-11-11,4955841.55
1991-11-12,4999942.64
1991-11-13,5006936.61
1991-11-14,5002424.41
1991-11-15,4825832.87
1991-11-18,4850921.46
1991-11-19,4774271.12
1991-11-20,4769013.74
1991-11-21,4790468.63
1991-11-22,4745911.56
1991-11-25,4731193.59
1991-11-26,4755790.16
1991-11-27,4746272.92
1991-11-29,4738673.23
1991-12-02,4804914.24
1991-12-03,4809136.85
1991-12-04,4804225.8
1991-12-05,4778661.6
1991-12-06,4797197.12
1991-12-09,4787021.35
1991-12-10,4782132.89
1991-12-11,4773901.93
1991-12-12,4818675.45
1991-12-13,4854231.54
1991-12-16,4862866.29
1991-12-17,4839421.48
1991-12-18,4845610.18
1991-12-19,4827094.18
1991-12-20,4875745.55
1991-12-23,4987784.37
1991-12-24,5029077.29
1991-12-26,5102395.25
1991-12-27,5132901.5
1991-12-30,5238530.5
1991-12-31,5272469.94
1992-01-02,5267982.07
1992-01-03,5297739.9
1992-01-06,5297998.47
1992-01-07,5301965.67
1992-01-08,5322902.12
1992-01-09,5335936.89
1992-01-10,5303114.53
1992-01-13,5296479.32
1992-01-14,5367181.02
1992-01-15,5384617.96
1992-01-16,5352034.62
1992-01-17,5356577.47
1992-01-20,5322021.17
1992-01-21,5261609.9
1992-01-22,5335529.25
1992-01-23,5313380.45
1992-01-24,5321609.87
1992-01-27,5314419.36
1992-01-28,5315210.2
1992-01-29,5261786.01
1992-01-30,5285194.69
1992-01-31,5259026.68
1992-02-03,5272956.84
1992-02-04,5326998.37
1992-02-05,5340575.88
1992-02-06,5343506.84
1992-02-07,5312775.31
1992-02-10,5338004.67
1992-02-11,5339866.62
1992-02-12,5388186.05
1992-02-13,5344265.92
1992-02-14,5332769.39
1992-02-18,5269569.72
1992-02-19,5269826.93
1992-02-20,5338064.91
1992-02-21,5311101.33
1992-02-24,5309236.12
1992-02-25,5286665.55
1992-02-26,5350363.57
1992-02-27,5344204.28
1992-02-28,5330570.2
1992-03-02,5336160.95
1992-03-03,5338555.87
1992-03-04,5299844.99
1992-03-05,5253995.02
1992-03-06,5225354.49
1992-03-09,5233970.11
1992-03-10,5263535.81
1992-03-11,5225895.26
1992-03-12,5219879.26
1992-03-13,5243623.5
1992-03-16,5246501.25
1992-03-17,5286106.08
1992-03-18,5285835.49
1992-03-19,5295607.99
1992-03-20,5305928.12
1992-03-23,5291330.5
1992-03-24,5277302.18
1992-03-25,5270699.27
1992-03-26,5265685.83
1992-03-27,5209073.44
1992-03-30,5198909.54
1992-03-31,5205921.88
1992-04-01,5207737.76
1992-04-02,5156435.34
1992-04-03,5157202.67
1992-04-06,5204900.65
1992-04-07,5110425.51
1992-04-08,5055993.39
1992-04-09,5139158.46
1992-04-10,5177439.08
1992-04-13,5201508.01
1992-04-14,5274583
1992-04-15,5318619.49
1992-04-16,5302923.23
1992-04-20,5223107.92
1992-04-21,5217095.13
1992-04-22,5217349.77
1992-04-23,5229604.33
1992-04-24,5203711.57
1992-04-27,5203705.37
1992-04-28,5188166.48
1992-04-29,5188191.19
1992-04-30,5281603.96
1992-05-01,5281629.11
1992-05-04,5317969.4
1992-05-05,5323184.76
1992-05-06,5328397.84
1992-05-07,5318045.37
1992-05-08,5318070.69
1992-05-11,5349228.9
1992-05-12,5323311.51
1992-05-13,5323336.86
1992-05-14,5281855.47
1992-05-15,5250745.27
1992-05-18,5281905.77
1992-05-19,5318247.97
1992-05-20,5313086.26
1992-05-21,5276791.83
1992-05-22,5297568.11
1992-05-26,5261273.73
1992-05-27,5271676.8
1992-05-28,5318399.92
1992-05-29,5318425.25
1992-06-01,5344394.58
1992-06-02,5313288.67
1992-06-03,5323691.76
1992-06-04,5308150.11
1992-06-05,5302987.15
1992-06-08,5297820.38
1992-06-09,5251145.35
1992-06-10,5214850.25
1992-06-11,5225252.7
1992-06-12,5240843.63
1992-06-15,5240868.58
1992-06-16,5214949.58
1992-06-17,5131950.9
1992-06-18,5111219.59
1992-06-19,5142377.7
1992-06-22,5132024.21
1992-06-23,5147616.15
1992-06-24,5142451.16
1992-06-25,5132097.53
1992-06-26,5132121.97
1992-06-29,5204795.8
1992-06-30,5210009.72
1992-07-01,5267112.93
1992-07-02,5251570.46
1992-07-06,5272354.64
1992-07-07,5220486.96
1992-07-08,5225700.61
1992-07-09,5277621.12
1992-07-10,5293214.17
1992-07-13,5298425.89
1992-07-14,5334778.95
1992-07-15,5329615.91
1992-07-16,5334829.76
1992-07-17,5308908.49
1992-07-20,5282987.43
1992-07-21,5288203.94
1992-07-22,5257090.7
1992-07-23,5267489.17
1992-07-24,5262326.1
1992-07-27,5267539.34
1992-07-28,5335033
1992-07-29,5392149.45
1992-07-30,5412929.52
1992-07-31,5418148.25
1992-08-03,5433741.75
1992-08-04,5428579.3
1992-08-05,5402651.72
1992-08-06,5381921.62
1992-08-07,5371568.59
1992-08-10,5371594.17
1992-08-11,5366428.02
1992-08-12,5350884.89
1992-08-13,5350910.37
1992-08-14,5376882.19
1992-08-17,5387291.44
1992-08-18,5387317.09
1992-08-19,5356198.55
1992-08-20,5351037.78
1992-08-21,5314731.06
1992-08-24,5257666.51
1992-08-25,5257691.55
1992-08-26,5283666.72
1992-08-27,5294071.24
1992-08-28,5309666.96
1992-08-31,5299309.05
1992-09-01,5325289.13
1992-09-02,5356453.62
1992-09-03,5361673.61
1992-09-04,5351318.08
1992-09-08,5320198.37
1992-09-09,5346176.36
1992-09-10,5387727.58
1992-09-11,5392945.5
1992-09-14,5465637.49
1992-09-15,5408567.25
1992-09-16,5403397.86
1992-09-17,5403423.59
1992-09-18,5434595.7
1992-09-21,5424242.84
1992-09-22,5367169.16
1992-09-23,5367194.72
1992-09-24,5382885.79
1992-09-25,5330695.94
1992-09-28,5346386.98
1992-09-29,5351633.1
1992-09-30,5367320.17
1992-10-01,5346463.36
1992-10-02,5273390.55
1992-10-05,5236869.4
1992-10-06,5242115.13
1992-10-07,5216034.63
1992-10-08,5257829.43
1992-10-09,5200420.32
1992-10-12,5247435.4
1992-10-13,5273566.34
1992-10-14,5273591.45
1992-10-15,5278837.99
1992-10-16,5304972.74
1992-10-19,5357209.97
1992-10-20,5367678.01
1992-10-21,5378148.5
1992-10-22,5367729.14
1992-10-23,5362534.99
1992-10-26,5404334.75
1992-10-27,5409577.89
1992-10-28,5435714.25
1992-10-29,5451405.17
1992-10-30,5430547.13
1992-11-02,5477564.31
1992-11-03,5451483.04
1992-11-04,5425402.94
1992-11-05,5451534.96
1992-11-06,5451560.92
1992-11-09,5472473.35
1992-11-10,5477720.81
1992-11-11,5524744
1992-11-12,5529992.23
1992-11-13,5530018.56
1992-11-16,5514379.91
1992-11-17,5488298.05
1992-11-18,5535320.52
1992-11-19,5551014.9
1992-11-20,5587593.51
1992-11-23,5571952.42
1992-11-24,5603310.28
1992-11-25,5624225.09
1992-11-27,5639920.73
1992-11-30,5660835.91
1992-12-01,5655640.64
1992-12-02,5645223.08
1992-12-03,5650469.89
1992-12-04,5676610.16
1992-12-07,5718414.82
1992-12-08,5734108.16
1992-12-09,5718469.28
1992-12-10,5697610.68
1992-12-11,5687187.35
1992-12-14,5676772.35
1992-12-15,5671576.44
1992-12-16,5650712.06
1992-12-17,5702966.52
1992-12-18,5765662.34
1992-12-21,5760467.7
1992-12-22,5755273.47
1992-12-23,5750075.45
1992-12-24,5760549.99
1992-12-28,5755355.69
1992-12-29,5755384.03
1992-12-30,5766018.02
1992-12-31,5750134.12
1993-01-04,5739553.41
1993-01-05,5728969.79
1993-01-06,5734300.94
1993-01-07,5691889.18
1993-01-08,5665396.73
1993-01-11,5691943.39
1993-01-12,5691970.5
1993-01-13,5723829.96
1993-01-14,5766292.6
1993-01-15,5787542.77
1993-01-18,5782264.4
1993-01-19,5766374.98
1993-01-20,5750490.1
1993-01-21,5777037.24
1993-01-22,5792983.33
1993-01-25,5840754.72
1993-01-26,5840782.53
1993-01-27,5803679.26
1993-01-28,5809006.94
1993-01-29,5809034.61
1993-02-01,5862114.8
1993-02-02,5872755.61
1993-02-03,5925828.64
1993-02-04,5962993.22
1993-02-05,5947108.37
1993-02-08,5931219.62
1993-02-09,5894111.91
1993-02-10,5904751.77
1993-02-11,5920693.91
1993-02-12,5888890.63
1993-02-16,5735065.58
1993-02-17,5708568.04
1993-02-18,5697984.11
1993-02-19,5724538.69
1993-02-22,5713950.98
1993-02-23,5708676.78
1993-02-24,5793590.27
1993-02-25,5820141.58
1993-02-26,5836087.83
1993-03-01,5830811.76
1993-03-02,5899813.44
1993-03-03,5926364.83
1993-03-04,5899869.63
1993-03-05,5894589.08
1993-03-08,5984815.35
1993-03-09,5995455.15
1993-03-10,6022012.77
1993-03-11,5995512.25
1993-03-12,5953092.18
1993-03-15,5974345.88
1993-03-16,5974374.33
1993-03-17,5931954.02
1993-03-18,5969123.29
1993-03-19,5942622.22
1993-03-22,5916122.31
1993-03-23,5910844.34
1993-03-24,5894868.72
1993-03-25,5937572.62
1993-03-26,5910931.13
1993-03-29,5942963.52
1993-03-30,5958995.42
1993-03-31,5975030.29
1993-04-01,5953720.56
1993-04-02,5836385.76
1993-04-05,5841742.88
1993-04-06,5815098.63
1993-04-07,5836469.14
1993-04-08,5825823.6
1993-04-12,5900540.64
1993-04-13,5916574.43
1993-04-14,5911268.91
1993-04-15,5905963.81
1993-04-16,5905991.93
1993-04-19,5884673.73
1993-04-20,5858028.08
1993-04-21,5847385.99
1993-04-22,5804731.33
1993-04-23,5772746.83
1993-04-26,5719423.15
1993-04-27,5767467.42
1993-04-28,5778164.66
1993-04-29,5788867.62
1993-04-30,5810229.78
1993-05-03,5842271.44
1993-05-04,5874313.41
1993-05-05,5895682.85
1993-05-06,5879705.8
1993-05-07,5869061.33
1993-05-10,5885094.08
1993-05-11,5901130.73
1993-05-12,5906498.19
1993-05-13,5837164
1993-05-14,5837191.8
1993-05-17,5847887.22
1993-05-18,5847915.06
1993-05-19,5938647.15
1993-05-20,5981366.21
1993-05-21,5928032.61
1993-05-24,5949406.9
1993-05-25,5965441.33
1993-05-26,6024160.95
1993-05-27,6013520.67
1993-05-28,5986868.8
1993-06-01,6034921.23
1993-06-02,6040285.47
1993-06-03,6024304.39
1993-06-04,5992318.39
1993-06-07,5954996.51
1993-06-08,5912338.68
1993-06-09,5923036.21
1993-06-10,5917729.7
1993-06-11,5939099.64
1993-06-14,5949803.54
1993-06-15,5939156.2
1993-06-16,5949860.2
1993-06-17,5965895.86
1993-06-18,5907229.53
1993-06-21,5933936.79
1993-06-22,5923290.06
1993-06-23,5896495.45
1993-06-24,5939445.11
1993-06-25,5960933.35
1993-06-28,6025345.19
1993-06-29,6014643.8
1993-06-30,6020034.23
1993-07-01,6003971.84
1993-07-02,5977170.63
1993-07-06,5928911.88
1993-07-07,5939671.38
1993-07-08,6004086.2
1993-07-09,6009476.26
1993-07-12,6020234.9
1993-07-13,6014901.58
1993-07-14,6041760.91
1993-07-15,6025689.51
1993-07-16,5982794.49
1993-07-19,5977455.27
1993-07-20,5993577.58
1993-07-21,5988245.39
1993-07-22,5950711.07
1993-07-23,5982936.94
1993-07-26,6015159.37
1993-07-27,5999088.16
1993-07-28,5993748.83
1993-07-29,6031342.5
1993-07-30,6004543.68
1993-08-02,6031399.94
1993-08-03,6031428.66
1993-08-04,6031457.38
1993-08-05,6026119.93
1993-08-06,6036881.02
1993-08-09,6063741.82
1993-08-10,6053036.33
1993-08-11,6063799.57
1993-08-12,6047729.55
1993-08-13,6058488.66
1993-08-16,6090717.02
1993-08-17,6112213.4
1993-08-18,6144437.64
1993-08-19,6149833.33
1993-08-20,6144496.16
1993-08-23,6139157.07
1993-08-24,6192849.94
1993-08-25,6192879.42
1993-08-26,6203643.9
1993-08-27,6198307.8
1993-08-30,6214433.38
1993-08-31,6241296.13
1993-09-01,6241325.85
1993-09-02,6230621.27
1993-09-03,6236018.12
1993-09-07,6187749.55
1993-09-08,6150214.05
1993-09-09,6171708.6
1993-09-10,6225405.63
1993-09-13,6230799.29
1993-09-14,6193262.81
1993-09-15,6214758.91
1993-09-16,6198691.52
1993-09-17,6193351.28
1993-09-20,6155816.25
1993-09-21,6123643.15
1993-09-22,6172225.82
1993-09-23,6204629.53
1993-09-24,6210056.15
1993-09-27,6258641.33
1993-09-28,6264064.5
1993-09-29,6253306.13
1993-09-30,6242549.06
1993-10-01,6269550.26
1993-10-04,6269580.11
1993-10-05,6264213.65
1993-10-06,6264243.48
1993-10-07,6248089.37
1993-10-08,6258909.56
1993-10-11,6269729.39
1993-10-12,6280554.01
1993-10-13,6296773.79
1993-10-14,6356152.56
1993-10-15,6388561.95
1993-10-18,6367004.78
1993-10-19,6318472.99
1993-10-20,6307712.23
1993-10-21,6302346.58
1993-10-22,6286188.98
1993-10-25,6291613.25
1993-10-26,6286248.85
1993-10-27,6297073.65
1993-10-28,6329476.64
1993-10-29,6345696.18
1993-11-01,6367307.98
1993-11-02,6361946.16
1993-11-03,6281032.55
1993-11-04,6200119.1
1993-11-05,6227132.69
1993-11-08,6248743.97
1993-11-09,6259565.3
1993-11-10,6297373.52
1993-11-11,6292002.75
1993-11-12,6324412.57
1993-11-15,6302856.79
1993-11-16,6324472.81
1993-11-17,6292122.6
1993-11-18,6270565.42
1993-11-19,6249011.78
1993-11-22,6184285.59
1993-11-23,6216693.17
1993-11-24,6243708.51
1993-11-26,6259923
1993-11-29,6249160.57
1993-11-30,6243797.7
1993-12-01,6265406.96
1993-12-02,6281630.78
1993-12-03,6308643.44
1993-12-06,6324864.34
1993-12-07,6330290.49
1993-12-08,6324924.57
1993-12-09,6297973.3
1993-12-10,6292602.02
1993-12-13,6308823.69
1993-12-14,6271073.06
1993-12-15,6254914.34
1993-12-16,6276533.22
1993-12-17,6314341.51
1993-12-20,6308973.9
1993-12-21,6298213.23
1993-12-22,6314431.72
1993-12-23,6325255.89
1993-12-27,6363067.19
1993-12-28,6379287.15
1993-12-29,6373882.65
1993-12-30,6357609.21
1993-12-31,6352205.02
1994-01-03,6330501.52
1994-01-04,6346834.75
1994-01-05,6357730.31
1994-01-06,6352326.01
1994-01-07,6384962.9
1994-01-10,6444765.69
1994-01-11,6428493.37
1994-01-12,6433960.54
1994-01-13,6423122.25
1994-01-14,6450322.7
1994-01-17,6439483.92
1994-01-18,6444949.83
1994-01-19,6439545.25
1994-01-20,6455879.46
1994-01-21,6455910.2
1994-01-24,6423336.35
1994-01-25,6407065.51
1994-01-26,6434266.92
1994-01-27,6483206.55
1994-01-28,6515842.63
1994-01-31,6548479.95
1994-02-01,6532207.91
1994-02-02,6564844.22
1994-02-03,6554007.65
1994-02-04,6407309.6
1994-02-07,6423642.24
1994-02-08,6429105.65
1994-02-09,6456309.87
1994-02-10,6412868.27
1994-02-11,6418332.17
1994-02-14,6423795.19
1994-02-15,6456432.85
1994-02-16,6461898.92
1994-02-17,6434757.18
1994-02-18,6402177
1994-02-22,6445686.45
1994-02-23,6440281.25
1994-02-24,6358790.03
1994-02-25,6380562.68
1994-02-28,6402329.44
1994-03-01,6375187.92
1994-03-02,6369782.73
1994-03-03,6353505.86
1994-03-04,6380714.6
1994-03-07,6418790.65
1994-03-08,6402512.37
1994-03-09,6413417.97
1994-03-10,6375400.43
1994-03-11,6408041.91
1994-03-14,6424376.42
1994-03-15,6424407.01
1994-03-16,6462483.6
1994-03-17,6484256.31
1994-03-18,6489723.52
1994-03-21,6457140.03
1994-03-22,6462606.69
1994-03-23,6462635.59
1994-03-24,6402577.05
1994-03-25,6364366.52
1994-03-28,6331617.45
1994-03-29,6222391.88
1994-03-30,6129544.78
1994-03-31,6118648.29
1994-04-04,6025804.5
1994-04-05,6162414.39
1994-04-06,6167904.31
1994-04-07,6206178.97
1994-04-08,6157036.18
1994-04-11,6184383.76
1994-04-12,6146169.71
1994-04-13,6113419.76
1994-04-14,6113448.87
1994-04-15,6118939.67
1994-04-18,6069801.62
1994-04-19,6053441.07
1994-04-20,6031612.96
1994-04-21,6119056.23
1994-04-22,6113623.55
1994-04-25,6179214.07
1994-04-26,6179243.49
1994-04-28,6146491.67
1994-04-29,6173834.79
1994-05-02,6212109.58
1994-05-03,6212139.16
1994-05-04,6201245.68
1994-05-05,6201275.2
1994-05-06,6146667.29
1994-05-09,6070206.3
1994-05-10,6108477.94
1994-05-11,6042943.59
1994-05-12,6064830.86
1994-05-13,6064859.74
1994-05-16,6059422.18
1994-05-17,6108623.38
1994-05-18,6185149.5
1994-05-19,6223429.06
1994-05-20,6207065.65
1994-05-23,6185237.87
1994-05-24,6212582.91
1994-05-25,6234474.74
1994-05-26,6245426.92
1994-05-27,6250923.33
1994-05-31,6234563.8
1994-06-01,6256445.83
1994-06-02,6267408.18
1994-06-03,6300218.48
1994-06-06,6300248.48
1994-06-07,6283887.39
1994-06-08,6256594.79
1994-06-09,6262090.06
1994-06-10,6278514.02
1994-06-13,6284007.09
1994-06-14,6316823.73
1994-06-15,6300458.49
1994-06-16,6316883.89
1994-06-17,6273200.23
1994-06-20,6218579.69
1994-06-21,6158502.33
1994-06-22,6180512.73
1994-06-23,6125598.14
1994-06-24,6043222.83
1994-06-27,6092694.25
1994-06-28,6081737.21
1994-06-29,6103740.73
1994-06-30,6065314.02
1994-07-01,6092810.3
1994-07-05,6098333.39
1994-07-06,6092868.33
1994-07-07,6120367.02
1994-07-08,6136882.36
1994-07-11,6120425.31
1994-07-12,6120454.45
1994-07-13,6142462.85
1994-07-14,6202926.54
1994-07-15,6213939
1994-07-18,6224966.12
1994-07-19,6208509.95
1994-07-20,6175574.31
1994-07-21,6186594.83
1994-07-22,6192116.36
1994-07-25,6203133.31
1994-07-26,6197668.38
1994-07-27,6181219.13
1994-07-28,6197727.41
1994-07-29,6252701.86
1994-08-01,6291190.79
1994-08-02,6296717.21
1994-08-03,6302241.35
1994-08-04,6269305.37
1994-08-05,6252850.74
1994-08-08,6263867.56
1994-08-09,6269394.93
1994-08-10,6307885.21
1994-08-11,6291430.46
1994-08-12,6324431.1
1994-08-15,6318966.39
1994-08-16,6362952.97
1994-08-17,6373977.25
1994-08-18,6352025.17
1994-08-19,6363043.87
1994-08-22,6352085.66
1994-08-23,6385082.06
1994-08-24,6434566.16
1994-08-25,6429105.05
1994-08-26,6495076.42
1994-08-29,6511591.21
1994-08-30,6533598.92
1994-08-31,6528133.95
1994-09-01,6500694.37
1994-09-02,6478744.08
1994-09-06,6484269.21
1994-09-07,6484300.09
1994-09-08,6517305.41
1994-09-09,6456886.76
1994-09-12,6434933.86
1994-09-13,6451453.37
1994-09-14,6467970.7
1994-09-15,6544935.26
1994-09-16,6506500.77
1994-09-19,6506531.76
1994-09-20,6413141.43
1994-09-21,6380029.46
1994-09-22,6374533.8
1994-09-23,6357991.09
1994-09-26,6369072.16
1994-09-27,6380150.99
1994-09-28,6418845.19
1994-09-29,6396784.18
1994-09-30,6407860.95
1994-10-03,6396845.11
1994-10-04,6302962.99
1994-10-05,6275373.32
1994-10-06,6264357.16
1994-10-07,6303053.04
1994-10-10,6352801.54
1994-10-11,6435697.11
1994-10-12,6435727.76
1994-10-13,6457851.96
1994-10-14,6468929.08
1994-10-17,6468959.88
1994-10-18,6452420.99
1994-10-19,6485602.07
1994-10-20,6441433.05
1994-10-21,6419364.84
1994-10-24,6364147.93
1994-10-25,6364178.23
1994-10-26,6386311.97
1994-10-27,6425012.88
1994-10-28,6518960.81
1994-10-31,6507941.62
1994-11-01,6463776.19
1994-11-02,6447234.52
1994-11-03,6463837.75
1994-11-04,6403098.4
1994-11-07,6403128.89
1994-11-08,6436310.07
1994-11-09,6430814.25
1994-11-10,6414270.54
1994-11-11,6386676.91
1994-11-14,6436432.67
1994-11-15,6425410.64
1994-11-16,6430967.37
1994-11-17,6403372.82
1994-11-18,6375778.49
1994-11-21,6331610.41
1994-11-22,6215613
1994-11-23,6204594.3
1994-11-25,6243301.32
1994-11-28,6270954.19
1994-11-29,6282032.99
1994-11-30,6271013.91
1994-12-01,6210267.96
1994-12-02,6254500.94
1994-12-05,6260052.01
1994-12-06,6249032.62
1994-12-07,6215909
1994-12-08,6127536.19
1994-12-09,6138615.66
1994-12-12,6160747
1994-12-13,6171829.55
1994-12-14,6238159.31
1994-12-15,6260290.5
1994-12-16,6298996.79
1994-12-19,6282451.81
1994-12-20,6276957.33
1994-12-21,6315670.83
1994-12-22,6321221.12
1994-12-23,6332303.92
1994-12-27,6365481.53
1994-12-28,6326534.02
1994-12-29,6337701.52
1994-12-30,6332161.58
1995-01-03,6321053.78
1995-01-04,6343363.65
1995-01-05,6343393.86
1995-01-06,6354559.36
1995-01-09,6360163.16
1995-01-10,6371328.85
1995-01-11,6371359.19
1995-01-12,6371389.53
1995-01-13,6427112.24
1995-01-16,6477268.84
1995-01-17,6494008.11
1995-01-18,6488472.82
1995-01-19,6449515.13
1995-01-20,6421695.71
1995-01-23,6421726.29
1995-01-24,6432897.97
1995-01-25,6444069.75
1995-01-26,6455239.76
1995-01-27,6477546.44
1995-01-30,6449730.12
1995-01-31,6472038.39
1995-02-01,6483210.16
1995-02-02,6516657.45
1995-02-03,6594666.46
1995-02-06,6633684.91
1995-02-07,6633716.5
1995-02-08,6644889.3
1995-02-09,6639354.31
1995-02-10,6656093.43
1995-02-13,6661693.7
1995-02-14,6667294.96
1995-02-15,6700747.38
1995-02-16,6700779.29
1995-02-17,6661820.59
1995-02-21,6661852.32
1995-02-22,6689735.2
1995-02-23,6723188.99
1995-02-24,6734362.33
1995-02-27,6684262.43
1995-02-28,6734426.47
1995-03-01,6717745.38
1995-03-02,6706637.24
1995-03-03,6717809.36
1995-03-06,6712270.52
1995-03-07,6667739.47
1995-03-08,6678912.03
1995-03-09,6684517.08
1995-03-10,6756964.39
1995-03-13,6768133.3
1995-03-14,6807162.86
1995-03-15,6796054.2
1995-03-16,6835078.16
1995-03-17,6829537.77
1995-03-20,6835143.26
1995-03-21,6824035.93
1995-03-22,6824068.89
1995-03-23,6829699.8
1995-03-24,6896908.37
1995-03-27,6930530.1
1995-03-28,6941757.26
1995-03-29,6936194.15
1995-03-30,6930629.11
1995-03-31,6913868.76
1995-04-03,6925098.4
1995-04-04,6958722.17
1995-04-05,6969946.96
1995-04-06,6969980.15
1995-04-07,6975612.04
1995-04-10,6986845.53
1995-04-11,6981285.22
1995-04-12,7003704.66
1995-04-13,7031729.23
1995-04-17,6992576.51
1995-04-18,6975811.35
1995-04-19,6953453.25
1995-04-20,6964682.31
1995-04-21,7003904.77
1995-04-24,7054327.42
1995-04-25,7048764.84
1995-04-26,7059993.63
1995-04-27,7071224.4
1995-04-28,7088057.17
1995-05-01,7082492.29
1995-05-02,7093720.52
1995-05-03,7160940.38
1995-05-04,7155377.18
1995-05-05,7144214.72
1995-05-08,7194636.21
1995-05-09,7200270.2
1995-05-10,7217104.69
1995-05-11,7228335.34
1995-05-12,7245160.73
1995-05-15,7278795.66
1995-05-16,7290028.63
1995-05-17,7278864.98
1995-05-18,7183711.4
1995-05-19,7178148.02
1995-05-22,7234172.5
1995-05-23,7295800.33
1995-05-24,7295835.07
1995-05-25,7295869.81
1995-05-26,7239908.96
1995-05-30,7223145.01
1995-05-31,7335164.62
1995-06-01,7346402.21
1995-06-02,7346437.19
1995-06-05,7391266.8
1995-06-06,7391302
1995-06-07,7368935.2
1995-06-08,7363376.11
1995-06-09,7313013.5
1995-06-12,7346647.09
1995-06-13,7413874.29
1995-06-14,7425112.27
1995-06-15,7441940.44
1995-06-16,7475574.81
1995-06-19,7542811.41
1995-06-20,7548447.36
1995-06-21,7537231.51
1995-06-22,7627262.97
1995-06-23,7610427.53
1995-06-26,7531716.5
1995-06-27,7503626.08
1995-06-28,7531788.23
1995-06-29,7537446.87
1995-06-30,7554356.79
1995-07-03,7582521.46
1995-07-05,7593803.74
1995-07-06,7678216.44
1995-07-07,7728881.71
1995-07-10,7745791.06
1995-07-11,7723324.84
1995-07-12,7807739.76
1995-07-13,7813405.59
1995-07-14,7802189.67
1995-07-17,7835983.54
1995-07-18,7779764.56
1995-07-19,7650420.53
1995-07-20,7695458.11
1995-07-21,7701118.39
1995-07-24,7751785.48
1995-07-25,7813703.26
1995-07-26,7836244.75
1995-07-27,7886905.21
1995-07-28,7864440.62
1995-07-31,7858855.2
1995-08-01,7825143.07
1995-08-02,7813926.51
1995-08-03,7802709.84
1995-08-04,7814000.93
1995-08-07,7836543.28
1995-08-08,7842204.09
1995-08-09,7842241.44
1995-08-10,7825403.91
1995-08-11,7797309.21
1995-08-14,7859229.44
1995-08-15,7848016.32
1995-08-16,7887431.02
1995-08-17,7887468.58
1995-08-18,7898761.08
1995-08-21,7881918.09
1995-08-22,7898836.3
1995-08-23,7876369.37
1995-08-24,7876406.87
1995-08-25,7904573.46
1995-08-28,7882105.76
1995-08-29,7887769.06
1995-08-30,7915936.11
1995-08-31,7944107.17
1995-09-01,7966651.24
1995-09-05,8045452.47
1995-09-06,8073630.19
1995-09-07,8079288.46
1995-09-08,8118711.96
1995-09-11,8141254.58
1995-09-12,8169421.07
1995-09-13,8197594.41
1995-09-14,8248269.48
1995-09-15,8237060.32
1995-09-18,8225837.9
1995-09-19,8254013.93
1995-09-20,8287814.99
1995-09-21,8242841.08
1995-09-22,8214750.59
1995-09-25,8197906.71
1995-09-26,8192300.19
1995-09-27,8164087.81
1995-09-28,8243221.58
1995-09-29,8231961.1
1995-10-02,8186804.94
1995-10-03,8175541.27
1995-10-04,8141677.72
1995-10-05,8164321.07
1995-10-06,8170005.72
1995-10-09,8090943.33
1995-10-10,8068381.65
1995-10-11,8119271.26
1995-10-12,8175813.8
1995-10-13,8204100.1
1995-10-16,8187194.8
1995-10-17,8238080.3
1995-10-18,8255075.33
1995-10-19,8283361.61
1995-10-20,8238197.98
1995-10-23,8204334.51
1995-10-24,8215677.98
1995-10-25,8147914.81
1995-10-26,8068842.72
1995-10-27,8102785.44
1995-10-30,8159328.31
1995-10-31,8136764.4
1995-11-01,8176358.88
1995-11-02,8261149.34
1995-11-03,8283795.52
1995-11-06,8266882.81
1995-11-07,8227369.46
1995-11-08,8289564.95
1995-11-09,8317860.93
1995-11-10,8312254.1
1995-11-13,8300987.59
1995-11-14,8250172.95
1995-11-15,8295416.37
1995-11-16,8346310.52
1995-11-17,8380258.85
1995-11-20,8335092.11
1995-11-21,8352082.02
1995-11-22,8340819.09
1995-11-24,8363463.39
1995-11-27,8386103.22
1995-11-28,8448302.37
1995-11-29,8482253.25
1995-11-30,8476640.27
1995-12-01,8487986.49
1995-12-04,8578442.21
1995-12-05,8623694.68
1995-12-06,8640688.65
1995-12-07,8584214.5
1995-12-08,8601213.15
1995-12-11,8623858.94
1995-12-12,8606945.83
1995-12-13,8640894.39
1995-12-14,8573121.02
1995-12-15,8556210.24
1995-12-18,8409314.21
1995-12-19,8494117.75
1995-12-20,8448946.08
1995-12-21,8511159.03
1995-12-22,8482752.84
1995-12-26,8511238.2
1995-12-27,8528346.55
1995-12-28,8522694.73
1995-12-29,8556876.91
1996-01-02,8613810.55
1996-01-03,8613851.57
1996-01-04,8545621.59
1996-01-05,8528590.22
1996-01-08,8551391.81
1996-01-09,8426260.66
1996-01-10,8284060.7
1996-01-11,8352370.91
1996-01-12,8341036.55
1996-01-15,8301249.72
1996-01-16,8386634.56
1996-01-17,8380982.65
1996-01-18,8409469.69
1996-01-19,8466412.75
1996-01-22,8494900.47
1996-01-23,8494940.92
1996-01-24,8586013.57
1996-01-25,8551921.22
1996-01-26,8603168.62
1996-01-29,8637347.85
1996-01-30,8717052.83
1996-01-31,8785369.63
1996-02-01,8825245.18
1996-02-02,8808213.52
1996-02-05,8870847.05
1996-02-06,8933481.18
1996-02-07,8967663.12
1996-02-08,9041680.97
1996-02-09,9047410.69
1996-02-12,9098665
1996-02-13,9081641.6
1996-02-14,9041853.2
1996-02-15,9013445.48
1996-02-16,8985033.72
1996-02-20,8888342.19
1996-02-21,8985119.3
1996-02-22,9127422.45
1996-02-23,9133155.64
1996-02-26,9036461.09
1996-02-27,9002363.56
1996-02-28,8985333.24
1996-02-29,8928469.21
1996-03-01,8962656.55
1996-03-04,9042369.9
1996-03-05,9105010.51
1996-03-06,9076597.56
1996-03-07,9093714.46
1996-03-08,8826295.9
1996-03-11,8911697.72
1996-03-12,8866215.04
1996-03-13,8906087.81
1996-03-14,8945969.43
1996-03-15,8957394.18
1996-03-18,9094017.62
1996-03-19,9082679.61
1996-03-20,9059958.24
1996-03-21,9054309.26
1996-03-22,9071424.12
1996-03-25,9048703.31
1996-03-26,9054462.12
1996-03-27,9025942.5
1996-03-28,9037404.8
1996-03-29,9014599.69
1996-04-01,9111758.05
1996-04-02,9134653.57
1996-04-03,9146122.24
1996-04-04,9151878.88
1996-04-08,8997676.87
1996-04-09,8992009.4
1996-04-10,8889218.01
1996-04-11,8837845.34
1996-04-12,8912156.5
1996-04-15,8986462.73
1996-04-16,9037921.25
1996-04-17,8992266.32
1996-04-18,9026587.25
1996-04-19,9055195.14
1996-04-22,9106651.21
1996-04-23,9163827.76
1996-04-24,9163871.4
1996-04-25,9203907.42
1996-04-26,9221088.91
1996-04-29,9232554.22
1996-04-30,9232598.19
1996-05-01,9255495.51
1996-05-02,9112712.69
1996-05-03,9095618.95
1996-05-06,9084232.13
1996-05-07,9049998.92
1996-05-08,9107171.61
1996-05-09,9130072.76
1996-05-10,9227238.97
1996-05-13,9352981.66
1996-05-14,9415877.28
1996-05-15,9415922.12
1996-05-16,9421681.77
1996-05-17,9473146.11
1996-05-20,9530324.86
1996-05-21,9524660.05
1996-05-22,9587554.51
1996-05-23,9564745.07
1996-05-24,9587645.82
1996-05-28,9501988.04
1996-05-29,9444892.37
1996-05-30,9496364.42
1996-05-31,9479264.38
1996-06-03,9456458.47
1996-06-04,9519353.12
1996-06-05,9593679.65
1996-06-06,9519443.78
1996-06-07,9502350.03
1996-06-10,9496680.97
1996-06-11,9485299.4
1996-06-12,9479625.5
1996-06-13,9451104.33
1996-06-14,9416863.77
1996-06-17,9399767.15
1996-06-18,9331235.41
1996-06-19,9319855.55
1996-06-20,9297044.64
1996-06-21,9354228.82
1996-06-24,9377131.69
1996-06-25,9365700.09
1996-06-26,9285458.46
1996-06-27,9342855.36
1996-06-28,9400253.75
1996-07-01,9474856.1
1996-07-02,9451961.33
1996-07-03,9423328.98
1996-07-05,9228367.85
1996-07-08,9153852.77
1996-07-09,9182571.31
1996-07-10,9171143.87
1996-07-11,9004857.72
1996-07-12,9004900.6
1996-07-15,8769787.86
1996-07-16,8723937.5
1996-07-17,8844431.03
1996-07-18,8987863.03
1996-07-19,8919073.73
1996-07-22,8838823.47
1996-07-23,8718412.23
1996-07-24,8695512.2
1996-07-25,8770121.97
1996-07-26,8850459.89
1996-07-29,8787411.43
1996-07-30,8833336.29
1996-07-31,8896473.32
1996-08-01,9034181.09
1996-08-02,9206299.84
1996-08-05,9177667.08
1996-08-06,9206387.52
1996-08-07,9240849.06
1996-08-08,9229422.64
1996-08-09,9206519.04
1996-08-12,9258190.64
1996-08-13,9183664.6
1996-08-14,9223857.47
1996-08-15,9235381.51
1996-08-16,9269836.81
1996-08-19,9281358.35
1996-08-20,9269925.09
1996-08-21,9258499.26
1996-08-22,9344590.7
1996-08-23,9310212.71
1996-08-26,9275843.8
1996-08-27,9316044.47
1996-08-28,9316088.84
1996-08-29,9235821.3
1996-08-30,9172759.95
1996-09-03,9190011.61
1996-09-04,9207264.37
1996-09-05,9121257.16
1996-09-06,9207352.06
1996-09-09,9299182.61
1996-09-10,9304967.42
1996-09-11,9350905.99
1996-09-12,9414057.31
1996-09-13,9534577.59
1996-09-16,9580513.2
1996-09-17,9574819.11
1996-09-18,9551914.21
1996-09-19,9574910.3
1996-09-20,9620850.74
1996-09-23,9609419.73
1996-09-24,9603735.99
1996-09-25,9621053.12
1996-09-26,9638367.59
1996-09-27,9649927.23
1996-09-30,9667247.65
1996-10-01,9673055.32
1996-10-02,9742194.25
1996-10-03,9736484.6
1996-10-04,9840168.44
1996-10-07,9857488.29
1996-10-08,9817232.96
1996-10-09,9771211.68
1996-10-10,9748227.85
1996-10-11,9823128.47
1996-10-14,9863481.12
1996-10-15,9852011.8
1996-10-16,9863575.06
1996-10-17,9892415.84
1996-10-18,9927006.65
1996-10-21,9904023.73
1996-10-22,9840730.76
1996-10-23,9840777.62
1996-10-24,9794754.98
1996-10-25,9777532.18
1996-10-28,9719990.14
1996-10-29,9748831.33
1996-10-30,9743122.13
1996-10-31,9806505.13
1996-11-01,9795034.83
1996-11-04,9823876.93
1996-11-05,9910299.2
1996-11-06,10048547.64
1996-11-07,10094669.06
1996-11-08,10129265.18
1996-11-11,10146592.23
1996-11-12,10129361.65
1996-11-13,10146688.87
1996-11-14,10210081.5
1996-11-15,10221642.96
1996-11-18,10210178.74
1996-11-19,10267810.92
1996-11-20,10296651.27
1996-11-21,10273670.42
1996-11-22,10354339.37
1996-11-25,10463800.94
1996-11-26,10440820.56
1996-11-27,10446626.45
1996-11-29,10475474.11
1996-12-02,10481286.8
1996-12-03,10412228.77
1996-12-04,10377721.87
1996-12-05,10372014.98
1996-12-06,10297190.64
1996-12-09,10441218.32
1996-12-10,10418232.14
1996-12-11,10320380.35
1996-12-12,10193720.94
1996-12-13,10164973.95
1996-12-16,10055604.67
1996-12-17,10107482.93
1996-12-18,10188158.56
1996-12-19,10355226.95
1996-12-20,10431291.7
1996-12-23,10402101.63
1996-12-24,10448931.21
1996-12-26,10513295.84
1996-12-27,10530890.94
1996-12-30,10507549.79
1996-12-31,10390654.07
1997-01-02,10320532.75
1997-01-03,10466774.2
1997-01-06,10472666.56
1997-01-07,10548735.49
1997-01-08,10502004.61
1997-01-09,10578068.76
1997-01-10,10636600.07
1997-01-13,10636650.72
1997-01-14,10753651.19
1997-01-15,10730310.81
1997-01-16,10765448.51
1997-01-17,10847355.07
1997-01-20,10870806.17
1997-01-21,10935189.3
1997-01-22,10982017.17
1997-01-23,10894356.54
1997-01-24,10789142.81
1997-01-27,10713176.66
1997-01-28,10719073.47
1997-01-29,10795145.59
1997-01-30,10923852.71
1997-01-31,10958992.22
1997-02-03,10964889.37
1997-02-04,10976644.74
1997-02-05,10836340.34
1997-02-06,10865638.83
1997-02-07,10976801.56
1997-02-10,10912521.95
1997-02-11,10941809.91
1997-02-12,11111457.21
1997-02-13,11228474.99
1997-02-14,11199292.05
1997-02-18,11281215.45
1997-02-19,11252027.77
1997-02-20,11123424.61
1997-02-21,11100080.29
1997-02-24,11187857.65
1997-02-25,11223001.09
1997-02-26,11141177.42
1997-02-27,11012567.84
1997-02-28,10948278.77
1997-03-03,11000971.39
1997-03-04,10971781.12
1997-03-05,11100503.17
1997-03-06,11071313.09
1997-03-07,11147391.58
1997-03-10,11246871.2
1997-03-11,11217683.29
1997-03-12,11130008.13
1997-03-13,10954603.14
1997-03-14,10995595.26
1997-03-17,10989799.03
1997-03-18,10907967.84
1997-03-19,10843691.24
1997-03-20,10820344.4
1997-03-21,10837940.15
1997-03-24,10884775.97
1997-03-25,10902512.52
1997-03-26,10932026.84
1997-03-27,10725822.2
1997-03-31,10484244.71
1997-04-01,10507865.29
1997-04-02,10384159.89
1997-04-03,10384209.34
1997-04-04,10496232.74
1997-04-07,10578788.15
1997-04-08,10631883.63
1997-04-09,10572993.72
1997-04-10,10531797.36
1997-04-11,10272522.84
1997-04-14,10331511.27
1997-04-15,10455326.87
1997-04-16,10543775.45
1997-04-17,10532048.14
1997-04-18,10573346.18
1997-04-21,10473204.71
1997-04-22,10626498.28
1997-04-23,10632440.58
1997-04-24,10603023.17
1997-04-25,10508766.04
1997-04-28,10597223.89
1997-04-29,10856603.47
1997-04-30,10956859.73
1997-05-01,10945125.35
1997-05-02,11163251.93
1997-05-05,11404957.67
1997-05-06,11369644.28
1997-05-07,11228242.01
1997-05-08,11287239.07
1997-05-09,11340342.77
1997-05-12,11493641.21
1997-05-13,11446543.23
1997-05-14,11487855.74
1997-05-15,11558642.55
1997-05-16,11429022.7
1997-05-19,11464444.46
1997-05-20,11564703.67
1997-05-21,11558862.72
1997-05-22,11529448.8
1997-05-23,11670967.25
1997-05-27,11712280.51
1997-05-28,11700546.84
1997-05-29,11671133.98
1997-05-30,11736030.72
1997-06-02,11736086.6
1997-06-03,11718450.92
1997-06-04,11665458.13
1997-06-05,11718562.52
1997-06-06,11889565.82
1997-06-09,11948573.79
1997-06-10,11966311.38
1997-06-11,12013525.56
1997-06-12,12178637.05
1997-06-13,12296587.75
1997-06-16,12302546.57
1997-06-17,12320287.2
1997-06-18,12273188.49
1997-06-19,12391142.82
1997-06-20,12385311.81
1997-06-23,12161356.87
1997-06-24,12355946.44
1997-06-25,12273239.59
1997-06-26,12208278.64
1997-06-27,12267447.48
1997-06-30,12249772.23
1997-07-01,12326685
1997-07-02,12474545.18
1997-07-03,12622416.18
1997-07-07,12575172.09
1997-07-08,12669821.02
1997-07-09,12551650.37
1997-07-10,12628561.12
1997-07-11,12681831.83
1997-07-14,12717367.68
1997-07-15,12812022.36
1997-07-16,12959890.21
1997-07-17,12894916.91
1997-07-18,12705781.72
1997-07-21,12664459.33
1997-07-22,12912836.08
1997-07-23,12960198.8
1997-07-24,12995735.43
1997-07-25,12989885.9
1997-07-28,12960383.95
1997-07-29,13031395.57
1997-07-30,13173368.47
1997-07-31,13202982.25
1997-08-01,13132097.03
1997-08-04,13173556.67
1997-08-05,13220908.53
1997-08-06,13321493.86
1997-08-07,13221034.44
1997-08-08,12984592.81
1997-08-11,13008309.07
1997-08-12,12896022.27
1997-08-13,12860602.63
1997-08-14,12896145.09
1997-08-15,12630124.81
1997-08-18,12742527.38
1997-08-19,12919982.58
1997-08-20,13097435.68
1997-08-21,12931929.53
1997-08-22,12902426.51
1997-08-25,12890665.82
1997-08-26,12813852.85
1997-08-27,12843477.01
1997-08-28,12737099.8
1997-08-29,12713511.98
1997-09-02,13032885.03
1997-09-03,13056604.27
1997-09-04,13098059.41
1997-09-05,13098121.78
1997-09-08,13139576.57
1997-09-09,13181038.34
1997-09-10,13021430.89
1997-09-11,12950538.17
1997-09-12,13104346.97
1997-09-15,13068925.55
1997-09-16,13358757.09
1997-09-17,13352897.88
1997-09-18,13400275.47
1997-09-19,13441736.29
1997-09-22,13512765.86
1997-09-23,13471441.29
1997-09-24,13388479.39
1997-09-25,13311470.78
1997-09-26,13400468.95
1997-09-29,13501336.68
1997-09-30,13448048.07
1997-10-01,13537040.63
1997-10-02,13620121.26
1997-10-03,13685407.76
1997-10-06,13786276.41
1997-10-07,13904937.33
1997-10-08,13816058.79
1997-10-09,13792406.06
1997-10-10,13756893.3
1997-10-13,13774744.82
1997-10-14,13786670.31
1997-10-15,13739295.18
1997-10-16,13597047
1997-10-17,13419223.83
1997-10-20,13573454.36
1997-10-21,13798856.89
1997-10-22,13763343.76
1997-10-23,13508427.95
1997-10-24,13401745.29
1997-10-27,12500453.49
1997-10-28,13034211.73
1997-10-29,13046139.04
1997-10-30,12838640.93
1997-10-31,12992888.53
1997-11-03,13301314.41
1997-11-04,13331037.17
1997-11-05,13384468.64
1997-11-06,13319296.68
1997-11-07,13147384.26
1997-11-10,13082218.08
1997-11-11,13088206.18
1997-11-12,12839191.21
1997-11-13,12946007.42
1997-11-14,13106183.1
1997-11-17,13349399.5
1997-11-18,13248637.16
1997-11-19,13302074.55
1997-11-20,13491914.19
1997-11-21,13527570.43
1997-11-24,13302264.59
1997-11-25,13349780.94
1997-11-26,13379495.82
1997-11-28,13426997.9
1997-12-01,13670220.57
1997-12-02,13628769.28
1997-12-03,13700002.64
1997-12-04,13676347.77
1997-12-05,13812819.24
1997-12-08,13824748.95
1997-12-09,13723990.64
1997-12-10,13617298.41
1997-12-11,13403851.77
1997-12-12,13362402.34
1997-12-15,13457356.16
1997-12-16,13540457.92
1997-12-17,13522729.67
1997-12-18,13380451.56
1997-12-19,13285616.68
1997-12-22,13362784.13
1997-12-23,13339693.59
1997-12-24,13266624.98
1997-12-26,13315442.83
1997-12-29,13534890.6
1997-12-30,13772623.98
1997-12-31,13797062.06
1998-01-02,13839791.62
1998-01-05,13870322.96
1998-01-06,13724130.26
1998-01-07,13675449.68
1998-01-08,13565808.61
1998-01-09,13163655.14
1998-01-12,13261232.76
1998-01-13,13456309.76
1998-01-14,13547791.13
1998-01-15,13474716.75
1998-01-16,13621046.21
1998-01-20,13846607.75
1998-01-21,13755253.72
1998-01-22,13639528.47
1998-01-23,13572550.59
1998-01-26,13536050.85
1998-01-27,13670191.89
1998-01-28,13810434.91
1998-01-29,13914106.83
1998-01-30,13859327.39
1998-02-02,14127560.09
1998-02-03,14206850.52
1998-02-04,14243488.46
1998-02-05,14225269.64
1998-02-06,14335044.58
1998-02-09,14322928.85
1998-02-10,14444887.45
1998-02-11,14469347.06
1998-02-12,14518168.63
1998-02-13,14487767.32
1998-02-17,14512217.11
1998-02-18,14628084.99
1998-02-19,14597680.94
1998-02-20,14652610.17
1998-02-23,14719721.59
1998-02-24,14616171.52
1998-02-25,14786913.5
1998-02-26,14872312.5
1998-02-27,14878470.5
1998-03-02,14866356.56
1998-03-03,14915186.56
1998-03-04,14866498.14
1998-03-05,14701996.9
1998-03-06,14982439.46
1998-03-09,14927657.65
1998-03-10,15092306.89
1998-03-11,15159429.89
1998-03-12,15189983.61
1998-03-13,15177872.51
1998-03-16,15318131.75
1998-03-17,15330398.61
1998-03-18,15403623.2
1998-03-19,15464653.52
1998-03-20,15562252.54
1998-03-23,15513561.37
1998-03-24,15647741.35
1998-03-25,15611239.67
1998-03-26,15605222.5
1998-03-27,15574643.98
1998-03-30,15544052.92
1998-03-31,15660633.69
1998-04-01,15764951.25
1998-04-02,15899916.61
1998-04-03,15936785.64
1998-04-06,15881680.71
1998-04-07,15722321.82
1998-04-08,15642681.4
1998-04-09,15771532.14
1998-04-13,15771607.24
1998-04-14,15875924.58
1998-04-15,15943451.19
1998-04-16,15802484.46
1998-04-17,15980390.4
1998-04-20,16005004.08
1998-04-21,16054127.42
1998-04-22,16090995.52
1998-04-23,15919374.45
1998-04-24,15766152.46
1998-04-27,15435071.53
1998-04-28,15465807.53
1998-04-29,15606931.79
1998-04-30,15833904.51
1998-05-01,15944362.32
1998-05-04,15962836.65
1998-05-05,15870927.72
1998-05-06,15742215.07
1998-05-07,15619637.85
1998-05-08,15785292.62
1998-05-11,15748576.68
1998-05-12,15834507.73
1998-05-13,15877512.31
1998-05-14,15853048.22
1998-05-15,15736616.19
1998-05-18,15675347.9
1998-05-19,15730630.11
1998-05-20,15810431.31
1998-05-21,15755302.29
1998-05-22,15675646.48
1998-05-26,15442673.95
1998-05-27,15381427.02
1998-05-28,15473495.07
1998-05-29,15406104.01
1998-06-01,15363241.02
1998-06-02,15393976.41
1998-06-03,15277529.86
1998-06-04,15437056.21
1998-06-05,15657923.56
1998-06-08,15707065.23
1998-06-09,15743939.34
1998-06-10,15633621.48
1998-06-11,15400634.48
1998-06-12,15425239.48
1998-06-15,15124770.59
1998-06-16,15278184.66
1998-06-17,15529719.74
1998-06-18,15499125
1998-06-19,15437864.89
1998-06-22,15493151.07
1998-06-23,15707888.04
1998-06-24,15879705.15
1998-06-25,15836845.46
1998-06-26,15879960.12
1998-06-29,15978395.75
1998-06-30,15953881.25
1998-07-01,16132233.71
1998-07-02,16107734.79
1998-07-06,16249206.1
1998-07-07,16218547.01
1998-07-08,16366190.14
1998-07-09,16286337.43
1998-07-10,16335594.02
1998-07-13,16354125.36
1998-07-14,16489463.86
1998-07-15,16477236.12
1998-07-16,16587975.19
1998-07-17,16624956.31
1998-07-20,16600435.82
1998-07-21,16348429.96
1998-07-22,16293179.28
1998-07-23,15961242.62
1998-07-24,15936729.82
1998-07-27,15973693.81
1998-07-28,15733980.98
1998-07-29,15666418.27
1998-07-30,15900141
1998-07-31,15592791.76
1998-08-03,15463734.76
1998-08-04,14916588.67
1998-08-05,14984296.14
1998-08-06,15150378.81
1998-08-07,15230392.46
1998-08-10,15132076.29
1998-08-11,14892352.68
1998-08-12,15126081.8
1998-08-13,14990872.38
1998-08-14,14843372.98
1998-08-17,15077102.38
1998-08-18,15323128.44
1998-08-19,15255565.53
1998-08-20,15157257.04
1998-08-21,14985152.46
1998-08-24,15040565.03
1998-08-25,15077533.17
1998-08-26,14911571.26
1998-08-27,14327485.98
1998-08-28,14093882.62
1998-08-31,13153130.2
1998-09-01,13620530.29
1998-09-02,13620595.15
1998-09-03,13479227.85
1998-09-04,13380903.81
1998-09-08,14038946.44
1998-09-09,13793036.65
1998-09-10,13442586.23
1998-09-11,13817758.98
1998-09-14,14094554.13
1998-09-15,14193014.15
1998-09-16,14322220.8
1998-09-17,13990216.64
1998-09-18,14057924.04
1998-09-21,14082590.15
1998-09-22,14187206.06
1998-09-23,14654640.53
1998-09-24,14353374.76
1998-09-25,14365780.66
1998-09-28,14421338.13
1998-09-29,14409078.56
1998-09-30,14033035.15
1998-10-01,13583011.38
1998-10-02,13768048.52
1998-10-05,13509155.77
1998-10-06,13435231.92
1998-10-07,13200995.11
1998-10-08,12972924.14
1998-10-09,13324437.21
1998-10-12,13540305.05
1998-10-13,13466370.16
1998-10-14,13632917.63
1998-10-15,14194089.09
1998-10-16,14348304.09
1998-10-19,14477868.09
1998-10-20,14527254.44
1998-10-21,14607497.21
1998-10-22,14743211.92
1998-10-23,14656960.1
1998-10-26,14712517.63
1998-10-27,14632421.07
1998-10-28,14675665.58
1998-10-29,14910043.63
1998-10-30,15088937
1998-11-02,15304834.19
1998-11-03,15292566.05
1998-11-04,15434476.39
1998-11-05,15638039.97
1998-11-06,15742943.85
1998-11-09,15613519.61
1998-11-10,15582765.21
1998-11-11,15478016.06
1998-11-12,15441080.56
1998-11-13,15521331.32
1998-11-16,15638561.26
1998-11-17,15687962.53
1998-11-18,15768211.84
1998-11-19,15873117.05
1998-11-20,15996519.89
1998-11-23,16317272.6
1998-11-24,16249515.14
1998-11-25,16317428
1998-11-27,16403837.55
1998-11-30,16021571.75
1998-12-01,16163495.79
1998-12-02,16126566.94
1998-12-03,15873797.39
1998-12-04,16188392.47
1998-12-07,16336472.32
1998-12-08,16268712.05
1998-12-09,16287288.15
1998-12-10,16034515.25
1998-12-11,16028433.52
1998-12-14,15695480.59
1998-12-15,15960748.4
1998-12-16,15954651.12
1998-12-17,16189086.32
1998-12-18,16300172.13
1998-12-21,16516096.75
1998-12-22,16565473.85
1998-12-23,16890000.07
1998-12-24,16890080.5
1998-12-28,16915109.65
1998-12-29,17108622.5
1998-12-30,17027591.08
1998-12-31,17108785.44
1999-01-04,17090146.05
1999-01-05,17277418.07
1999-01-06,17645634.21
1999-01-07,17626993.34
1999-01-08,17708200.03
1999-01-11,17620928.96
1999-01-12,17296539.54
1999-01-13,17203035.25
1999-01-14,16916076.31
1999-01-15,17309266.52
1999-01-19,17440397.44
1999-01-20,17484145.27
1999-01-21,17172239.16
1999-01-22,17072480.23
1999-01-25,17178654.11
1999-01-26,17415839.09
1999-01-27,17284883
1999-01-28,17565766.98
1999-01-29,17734330.15
1999-02-01,17665777.82
1999-02-02,17522343.71
1999-02-03,17678430.41
1999-02-04,17347780.01
1999-02-05,17198098.21
1999-02-08,17241870.25
1999-02-09,16861289.81
1999-02-10,16905053.11
1999-02-11,17329479.28
1999-02-12,16998823.4
1999-02-16,17111229.93
1999-02-17,16861691.32
1999-02-18,17030267.26
1999-02-19,17074025.07
1999-02-22,17485977.21
1999-02-23,17492303.03
1999-02-24,17267732.54
1999-02-25,17161716.74
1999-02-26,17074431.63
1999-03-01,17080761.28
1999-03-02,16968498.47
1999-03-03,16981068.52
1999-03-04,17212065.59
1999-03-05,17567858.43
1999-03-08,17680282.69
1999-03-09,17636683.9
1999-03-10,17736610.58
1999-03-11,17861517.41
1999-03-12,17811677.81
1999-03-15,17967789.71
1999-03-16,17942916.49
1999-03-17,17861857.64
1999-03-18,18086621.12
1999-03-19,17849547.25
1999-03-22,17799696.73
1999-03-23,17325464.49
1999-03-24,17431647.07
1999-03-25,17743786.72
1999-03-26,17756521.94
1999-03-29,18117045.28
1999-03-30,18003302.28
1999-03-31,17845299.86
1999-04-01,17940239.69
1999-04-05,18281806.49
1999-04-06,18231302.43
1999-04-07,18307279.12
1999-04-08,18528689.67
1999-04-09,18617314.09
1999-04-12,18781820.86
1999-04-13,18718674.15
1999-04-14,18453166.05
1999-04-15,18402661.12
1999-04-16,18383766.68
1999-04-19,17953834.91
1999-04-20,18187902.03
1999-04-21,18624352.11
1999-04-22,18909022.39
1999-04-23,18909112.44
1999-04-26,18978768.24
1999-04-27,18997829.98
1999-04-28,18846133.67
1999-04-29,18764019.66
1999-04-30,18681884.09
1999-05-03,18897004.26
1999-05-04,18625150.34
1999-05-05,18814967.6
1999-05-06,18606357.62
1999-05-07,18777195.06
1999-05-10,18770961.04
1999-05-11,18992405.58
1999-05-12,19125310.11
1999-05-13,19163353.64
1999-05-14,18758671.51
1999-05-17,18784057.06
1999-05-18,18720902.83
1999-05-19,18879107.59
1999-05-20,18809620.1
1999-05-21,18714848.46
1999-05-24,18367069.96
1999-05-25,18038270.74
1999-05-26,18297683.18
1999-05-27,18032126.28
1999-05-28,18310505.17
1999-06-01,18184090.14
1999-06-02,18203154.13
1999-06-03,18234862.43
1999-06-04,18595480.01
1999-06-07,18728385.87
1999-06-08,18500772.06
1999-06-09,18532484.26
1999-06-10,18317523.08
1999-06-11,18178460.67
1999-06-14,18096321.89
1999-06-15,18197612.02
1999-06-16,18602503.24
1999-06-17,18735433.07
1999-06-18,18779788.43
1999-06-21,18900064.2
1999-06-22,18723042.61
1999-06-23,18704158.67
1999-06-24,18470201.68
1999-06-25,18451261.59
1999-06-28,18686111.6
1999-06-29,18959035.38
1999-06-30,19257354.24
1999-07-01,19352616.27
1999-07-02,19498638.23
1999-07-06,19479696.83
1999-07-07,19536896.38
1999-07-08,19536989.41
1999-07-09,19644951.64
1999-07-12,19594283.09
1999-07-13,19524575.57
1999-07-14,19613510.16
1999-07-15,19772237.64
1999-07-16,19873852.27
1999-07-19,19708971.34
1999-07-20,19283919.71
1999-07-21,19347461.1
1999-07-22,19093746.23
1999-07-23,19043065.31
1999-07-26,18865479.2
1999-07-27,19074970.18
1999-07-28,19106782.78
1999-07-29,18783254
1999-07-30,18643742.57
1999-08-02,18605746.18
1999-08-03,18466234.45
1999-08-04,18206152.78
1999-08-05,18326808.67
1999-08-06,18149207.72
1999-08-09,18085831.2
1999-08-10,17876508.04
1999-08-11,18168505.51
1999-08-12,18143207.24
1999-08-13,18536742.71
1999-08-16,18587601.03
1999-08-17,18765376.12
1999-08-18,18632202.28
1999-08-19,18499019.6
1999-08-20,18670456.11
1999-08-23,18987852.16
1999-08-24,19026017.42
1999-08-25,19241897.35
1999-08-26,19019857.8
1999-08-27,18829563.88
1999-08-30,18505982.85
1999-08-31,18474338.03
1999-09-01,18620394.47
1999-09-02,18455479.7
1999-09-03,18982319.33
1999-09-07,18918952.08
1999-09-08,18817486.78
1999-09-09,18887402.19
1999-09-10,18963640.51
1999-09-13,18849487.87
1999-09-14,18754387.95
1999-09-15,18519653.63
1999-09-16,18494348.46
1999-09-17,18729271.85
1999-09-20,18723008.39
1999-09-21,18354987.87
1999-09-22,18412192.99
1999-09-23,17993392.76
1999-09-24,17948924.04
1999-09-27,18025375.36
1999-09-28,17987278.09
1999-09-29,17853702.41
1999-09-30,18025632.87
1999-10-01,18006639.16
1999-10-04,18293146.14
1999-10-05,18274138.41
1999-10-06,18605205.47
1999-10-07,18516185.24
1999-10-08,18726323.4
1999-10-11,18770963.63
1999-10-12,18452795.65
1999-10-13,18083701.07
1999-10-14,18071069.46
1999-10-15,17600106.34
1999-10-18,17619285.81
1999-10-19,17746679.13
1999-10-20,18109599.74
1999-10-21,18046033.5
1999-10-22,18288003.01
1999-10-25,18205337.13
1999-10-26,18065387.52
1999-10-27,18237340.2
1999-10-28,18829414.97
1999-10-29,19154159.78
1999-11-01,19084220.19
1999-11-02,19020652.41
1999-11-03,19148066.58
1999-11-04,19275464.95
1999-11-05,19415613.45
1999-11-08,19536645.49
1999-11-09,19383954.12
1999-11-10,19498642.83
1999-11-11,19568750.25
1999-11-12,19791654.38
1999-11-15,19798115.71
1999-11-16,20154704.06
1999-11-17,20040216.03
1999-11-18,20269490.01
1999-11-19,20231385.2
1999-11-22,20237848.78
1999-11-23,19983299.94
1999-11-24,20161645.34
1999-11-26,20199939.62
1999-11-29,20072715.17
1999-11-30,19818153.14
1999-12-01,19932855.33
1999-12-02,20155759.84
1999-12-03,20480538.53
1999-12-06,20385136.69
1999-12-07,20289749.06
1999-12-08,20258005.95
1999-12-09,20328144.1
1999-12-10,20436456.56
1999-12-13,20423826.11
1999-12-14,20181994.69
1999-12-15,20283947.84
1999-12-16,20398646.9
1999-12-17,20443309.04
1999-12-20,20437040.47
1999-12-21,20837232.74
1999-12-22,20901866.63
1999-12-23,21185912.12
1999-12-27,21140829.06
1999-12-28,21179651.46
1999-12-29,21315265.79
1999-12-30,21321833.57
1999-12-31,21438083.05
2000-01-03,21276859.17
2000-01-04,20438017.58
2000-01-05,20451019.37
2000-01-06,20386586.56
2000-01-07,20954587.56
2000-01-10,21309634.13
2000-01-11,20980600.35
2000-01-12,20838721.32
2000-01-13,21161496.17
2000-01-14,21413305.66
2000-01-18,21361768.92
2000-01-19,21445769.3
2000-01-20,21394234.11
2000-01-21,21426607.34
2000-01-24,20865243.42
2000-01-25,20975046.02
2000-01-26,20891245.23
2000-01-27,20800993.79
2000-01-28,20213780.66
2000-01-31,20543026.96
2000-02-01,20801291.01
2000-02-02,20840110.73
2000-02-03,21137093.83
2000-02-04,21143648.3
2000-02-07,21208296.96
2000-02-08,21473012.83
2000-02-09,21079413.13
2000-02-10,21208599.96
2000-02-11,20827897.52
2000-02-14,20886086.54
2000-02-15,21021724.56
2000-02-16,20899191.7
2000-02-17,20996121.6
2000-02-18,20441132.45
2000-02-22,20473506.26
2000-02-23,20705964.1
2000-02-24,20699600.92
2000-02-25,20486709.15
2000-02-28,20661078.03
2000-02-29,21067803.88
2000-03-01,21345459.91
2000-03-02,21339103.4
2000-03-03,21823313.77
2000-03-06,21649121.47
2000-03-07,21190957.45
2000-03-08,21326606.59
2000-03-09,21849534.4
2000-03-10,21765738.63
2000-03-13,21462450.12
2000-03-14,20978442.57
2000-03-15,21185098.88
2000-03-16,22114717.48
2000-03-17,22231007.6
2000-03-20,21869632.78
2000-03-21,22328040.96
2000-03-22,22605726.53
2000-03-23,22941491.21
2000-03-24,23006506.33
2000-03-27,22928737.53
2000-03-28,22623811.31
2000-03-29,22429221.28
2000-03-30,22059412.86
2000-03-31,22306127.99
2000-04-03,22033651.55
2000-04-04,21774167.72
2000-04-05,21767767.15
2000-04-06,22085896.68
2000-04-07,22391030.03
2000-04-10,21982254.82
2000-04-11,21807134.38
2000-04-12,21203635.93
2000-04-13,20814322.76
2000-04-14,19470932.88
2000-04-17,20055157.34
2000-04-18,20808142.37
2000-04-19,20639478.04
2000-04-20,20685019.68
2000-04-24,20490410.25
2000-04-25,21243387.04
2000-04-26,20996856.21
2000-04-27,21146234.02
2000-04-28,21146334.72
2000-05-01,21438508.02
2000-05-02,21016725.26
2000-05-03,20581951.43
2000-05-04,20595028.95
2000-05-05,20913177.61
2000-05-08,20725044.15
2000-05-09,20497971.68
2000-05-10,19985285.63
2000-05-11,20381331.55
2000-05-12,20556681.6
2000-05-15,21004646.17
2000-05-16,21257890.32
2000-05-17,20978878.54
2000-05-18,20771269.91
2000-05-19,20297531.36
2000-05-22,20161312.66
2000-05-23,19720013.62
2000-05-24,20025188.04
2000-05-25,19778613.44
2000-05-26,19733273.97
2000-05-30,20466883.3
2000-05-31,20428019.98
2000-06-01,20921460.86
2000-06-02,21499296.37
2000-06-05,21408508.52
2000-06-06,21239840.26
2000-06-07,21473630.31
2000-06-08,21343901.84
2000-06-09,21350492.11
2000-06-12,21103922.32
2000-06-13,21415612.71
2000-06-14,21389757.88
2000-06-15,21493727.16
2000-06-16,21338019.12
2000-06-19,21688674.06
2000-06-20,21623852.89
2000-06-21,21695375.17
2000-06-22,21292986.17
2000-06-23,21097859.54
2000-06-26,21293185.19
2000-06-27,21182653.92
2000-06-28,21332428.1
2000-06-29,21176349.58
2000-06-30,21332631.27
2000-07-03,21547505.71
2000-07-05,21209200.04
2000-07-06,21398022.73
2000-07-07,21717004.18
2000-07-10,21684578.12
2000-07-11,21723728.65
2000-07-12,21984153.51
2000-07-13,22081876.35
2000-07-14,22290237.19
2000-07-17,22316376.6
2000-07-18,22030125.04
2000-07-19,21789429.38
2000-07-20,22075888.06
2000-07-21,21789636.91
2000-07-24,21496872.66
2000-07-25,21607613.92
2000-07-26,21340865.01
2000-07-27,21171768.5
2000-07-28,20703254.11
2000-07-31,20918133.67
2000-08-01,20970300.66
2000-08-02,20983419.79
2000-08-03,21198296.17
2000-08-04,21380636.5
2000-08-07,21628066.38
2000-08-08,21654198.95
2000-08-09,21524134.64
2000-08-10,21328978.43
2000-08-11,21524339.64
2000-08-14,21791297.23
2000-08-15,21693772.14
2000-08-16,21654817.67
2000-08-17,21902260.16
2000-08-18,21850293.86
2000-08-21,21948026.72
2000-08-22,21948131.24
2000-08-23,22071905.89
2000-08-24,22150117.43
2000-08-25,22143713.69
2000-08-28,22247970.87
2000-08-29,22228548.98
2000-08-30,22196096.94
2000-08-31,22443555.65
2000-09-01,22521778.74
2000-09-05,22320096.45
2000-09-06,22079357.52
2000-09-07,22255216.29
2000-09-08,22092594.36
2000-09-11,22008085.19
2000-09-12,21917039.17
2000-09-13,21975731.72
2000-09-14,21975836.37
2000-09-15,21722072.24
2000-09-18,21338117.72
2000-09-19,21605115.67
2000-09-20,21520601.34
2000-09-21,21436071.08
2000-09-22,21501445.21
2000-09-25,21384052.8
2000-09-26,21188342.27
2000-09-27,21162322.25
2000-09-28,21665051.27
2000-09-29,21397523.58
2000-10-02,21254006.59
2000-10-03,21006063.06
2000-10-04,21149773.91
2000-10-05,21104188.65
2000-10-06,20660398.34
2000-10-09,20595215.56
2000-10-10,20314630.73
2000-10-11,19968734.95
2000-10-12,19427021.69
2000-10-13,20145181.12
2000-10-16,20197505.12
2000-10-17,19805914.46
2000-10-18,19662398.64
2000-10-19,20367512.32
2000-10-20,20550398.72
2000-10-23,20557024.06
2000-10-24,20531025.15
2000-10-25,20034974.76
2000-10-26,20048123.42
2000-10-27,20250591.71
2000-10-30,20413892.31
2000-10-31,20962360.92
2000-11-01,20864539.59
2000-11-02,21080069.15
2000-11-03,21067121.58
2000-11-06,21106399.99
2000-11-07,21106500.5
2000-11-08,20708343.31
2000-11-09,20519127.57
2000-11-10,19983883.16
2000-11-13,19729367.53
2000-11-14,20245224.86
2000-11-15,20369355.35
2000-11-16,20043021.92
2000-11-17,19951714.88
2000-11-20,19481744.79
2000-11-21,19481837.56
2000-11-22,19083678.1
2000-11-24,19475494.94
2000-11-27,19540877.54
2000-11-28,19227591.41
2000-11-29,19266848.94
2000-11-30,18888269.59
2000-12-01,18986284.85
2000-12-04,19058200.74
2000-12-05,19900529.08
2000-12-06,19554585.94
2000-12-07,19443685.48
2000-12-08,19972634.59
2000-12-11,20214312.13
2000-12-12,20012003.8
2000-12-13,19796640.12
2000-12-14,19457213.32
2000-12-15,19085132.38
2000-12-18,19222341.01
2000-12-19,18922086.52
2000-12-20,18313479.14
2000-12-21,18412381.7
2000-12-22,18965841.4
2000-12-26,19084497.25
2000-12-27,19341515.08
2000-12-28,19519477.03
2000-12-29,19275821.47
2001-01-02,18623717.6
2001-01-03,19605395.59
2001-01-04,19361736.96
2001-01-05,18801863.6
2001-01-08,18749234.1
2001-01-09,18841561.8
2001-01-10,19118343.48
2001-01-11,19375371.82
2001-01-12,19296413.36
2001-01-16,19434845.62
2001-01-17,19500819.44
2001-01-18,19724916.51
2001-01-19,19619594.86
2001-01-22,19632866.24
2001-01-23,19942604.39
2001-01-24,20008580.3
2001-01-25,19870326.84
2001-01-26,19850658.88
2001-01-29,20028628.82
2001-01-30,20153907.94
2001-01-31,20015644.96
2001-02-01,20101384.16
2001-02-02,19725949.79
2001-02-05,19772164.03
2001-02-06,19785427.37
2001-02-07,19633988.19
2001-02-08,19502305.32
2001-02-09,19232274.64
2001-02-12,19436604.15
2001-02-13,19271981.45
2001-02-14,19265488.44
2001-02-15,19450059.02
2001-02-16,19087769.5
2001-02-20,18738667.07
2001-02-21,18396131.05
2001-02-22,18317142.6
2001-02-23,18244755.4
2001-02-26,18600640.59
2001-02-27,18396481.47
2001-02-28,18133005.62
2001-03-01,18139682.74
2001-03-02,18054109.46
2001-03-05,18153033.39
2001-03-06,18344198.24
2001-03-07,18456306.28
2001-03-08,18443219.88
2001-03-09,17995245.3
2001-03-12,17230972.49
2001-03-13,17494625.6
2001-03-14,17066398.02
2001-03-15,17125800.99
2001-03-16,16769078.27
2001-03-19,17079704.95
2001-03-20,16683342.55
2001-03-21,16372883.56
2001-03-22,16300285.59
2001-03-23,16637335.99
2001-03-26,16822429.87
2001-03-27,17225556.41
2001-03-28,16789540.54
2001-03-29,16710324.94
2001-03-30,16915244.3
2001-04-02,16651015.17
2001-04-03,16049818.44
2001-04-04,15997028.25
2001-04-05,16737155.44
2001-04-06,16400246.35
2001-04-09,16545697.87
2001-04-10,17008307.27
2001-04-11,16988567.78
2001-04-12,17246355.89
2001-04-16,17173764.13
2001-04-17,17358856.72
2001-04-18,18032943.11
2001-04-19,18284128.37
2001-04-20,18132227.64
2001-04-23,17841569.94
2001-04-24,17643412.31
2001-04-25,17934252.64
2001-04-26,18026843.67
2001-04-27,18291256.1
2001-04-30,18297957.97
2001-05-01,18549148.36
2001-05-02,18602098.6
2001-05-03,18318039.39
2001-05-04,18582459.47
2001-05-07,18523064.7
2001-05-08,18503332.63
2001-05-09,18417503.43
2001-05-10,18410991.25
2001-05-11,18278904.62
2001-05-14,18286036.78
2001-05-15,18325342.9
2001-05-16,18827666.77
2001-05-17,18926893.29
2001-05-18,18973242.59
2001-05-21,19323586.92
2001-05-22,19297250.01
2001-05-23,18973513.66
2001-05-24,19046302.7
2001-05-25,18854738.85
2001-05-29,18663169.38
2001-05-30,18346035.44
2001-05-31,18484911.29
2001-06-01,18613726
2001-06-04,18694235.2
2001-06-05,18967966.46
2001-06-06,18806948.07
2001-06-07,18903559.11
2001-06-08,18742540.72
2001-06-11,18549318.65
2001-06-12,18565420.49
2001-06-13,18388300.26
2001-06-14,17969652.44
2001-06-15,17921346.92
2001-06-18,17807239.781012177
2001-06-19,17857197.740753926
2001-06-20,18045599.216441974
2001-06-21,18190541.306188814
2001-06-22,18074698.743340224
2001-06-25,17958677.628782302
2001-06-26,17911930.69599756
2001-06-27,17913612.291712463
2001-06-28,18133157.560503833
2001-06-29,18236493.77431626
2001-07-02,18285089.94963765
2001-07-03,18275465.26519826
2001-07-05,18067401.65834877
2001-07-06,17591359.907596618
2001-07-09,17704504.16224359
2001-07-10,17470542.66833198
2001-07-11,17493198.609433144
2001-07-12,17908031.545616467
2001-07-13,17993622.381694805
2001-07-16,17785614.288510296
2001-07-17,17995489.50058964
2001-07-18,17808322.63530814
2001-07-19,17908443.7693609
2001-07-20,17910115.930359993
2001-07-23,17600411.680024117
2001-07-24,17356763.134337425
2001-07-25,17576324.151009236
2001-07-26,17800724.61110824
2001-07-27,17831443.640553582
2001-07-30,17817095.815112025
2001-07-31,17889773.323625695
2001-08-01,17967318.044077143
2001-08-02,18023863.123325787
2001-08-03,17960980.92038936
2001-08-06,17754560.03371603
2001-08-07,17786901.024281934
2001-08-08,17464140.02302887
2001-08-09,17515842.706891008
2001-08-10,17586923.504893452
2001-08-13,17617766.848479424
2001-08-14,17579087.817677785
2001-08-15,17427416.436353736
2001-08-16,17480745.0588306
2001-08-17,17214475.644349866
2001-08-20,17335708.509521164
2001-08-21,17093636.728274137
2001-08-22,17251877.494927283
2001-08-23,17229342.085945673
2001-08-24,17544156.478908513
2001-08-27,17481377.38709334
2001-08-28,17189263.59802241
2001-08-29,17027897.32109012
2001-08-30,16772917.090327106
2001-08-31,16844007.98789158
2001-09-04,16755444.204435937
2001-09-05,16731292.676704211
2001-09-06,16392350.702891186
2001-09-07,16061497.069236547
2001-09-10,16182717.37285607
2001-09-17,15414702.065955939
2001-09-18,15217802.227935245
2001-09-19,15012849.352415752
2001-09-20,14528604.827415466
2001-09-21,14294571.932342013
2001-09-24,14805860.435246438
2001-09-25,14945235.75367802
2001-09-26,14830250.131394926
2001-09-27,14977733.779802464
2001-09-28,15382803.484213658
2001-10-01,15243626.813315922
2001-10-02,15431610.521245547
2001-10-03,15703836.628205199
2001-10-04,15755732.092529777
2001-10-05,15763894.314718213
2001-10-08,15658738.52737439
2001-10-09,15555094.937316438
2001-10-10,15924547.306965256
2001-10-11,16216225.031511933
2001-10-12,16093148.900001494
2001-10-15,16115991.587780943
2001-10-16,16206774.855660558
2001-10-17,15877922.430960657
2001-10-18,15795350.71316651
2001-10-19,15839147.799916012
2001-10-22,16075854.072265983
2001-10-23,16015964.259590251
2001-10-24,16007909.82786312
2001-10-25,16234795.81674418
2001-10-26,16322339.59821476
2001-10-29,15943363.877622113
2001-10-30,15680932.118360488
2001-10-31,15700423.97878327
2001-11-01,16031008.508750873
2001-11-02,16056989.428743389
2001-11-05,16287224.715742685
2001-11-06,16523843.778603995
2001-11-07,16494741.77567046
2001-11-08,16504507.825674037
2001-11-09,16540216.109710922
2001-11-12,16511218.643165134
2001-11-13,16802920.39518931
2001-11-14,16906694.467636984
2001-11-15,16853273.721726347
2001-11-16,16846842.97252872
2001-11-19,17018770.203651223
2001-11-20,16897292.933043502
2001-11-21,16793642.572220877
2001-11-23,16999552.29607838
2001-11-26,17103427.630699888
2001-11-27,17056486.09533157
2001-11-28,16696814.896375382
2001-11-29,16952895.348340917
2001-11-30,16897848.58952994
2001-12-03,16781347.488669254
2001-12-04,17001783.126361016
2001-12-05,17419911.752029426
2001-12-06,17387568.527280156
2001-12-07,17350354.396504108
2001-12-10,17023194.56327897
2001-12-11,16979486.31122709
2001-12-12,16969827.341420036
2001-12-13,16717079.633397782
2001-12-14,16793283.43769104
2001-12-17,16916622.480686765
2001-12-18,17091695.128934316
2001-12-19,17169542.23695296
2001-12-20,17015640.01136366
2001-12-21,17106442.1109202
2001-12-24,17144514.62090908
2001-12-26,17229218.455539905
2001-12-27,17328496.701124206
2001-12-28,17380604.931946296
2001-12-31,17143283.666570123
2002-01-02,17283292.7710235
2002-01-03,17468782.85019266
2002-01-04,17584347.478565477
2002-01-07,17470647.819261905
2002-01-08,17420275.873856373
2002-01-09,17361779.1632881
2002-01-10,17348817.63392533
2002-01-11,17204099.112063374
2002-01-14,17069249.720186684
2002-01-15,17186421.882361636
2002-01-16,16901805.289988607
2002-01-17,17077556.13135525
2002-01-18,16919814.42081646
2002-01-22,16788263.84218069
2002-01-23,16933107.97447657
2002-01-24,17007991.223564554
2002-01-25,17035705.685180422
2002-01-28,17022850.532665826
2002-01-29,16599940.122629246
2002-01-30,16756163.4895112
2002-01-31,16995370.850383427
2002-02-01,16896187.67046996
2002-02-04,16488023.192817308
2002-02-05,16429501.023545949
2002-02-06,16320561.458365211
2002-02-07,16252291.159719069
2002-02-08,16484976.984552387
2002-02-11,16712902.537647983
2002-02-12,16672292.575736903
2002-02-13,16826893.71133205
2002-02-14,16804179.596285697
2002-02-15,16622019.442958921
2002-02-19,16313122.167795954
2002-02-20,16516545.884020953
2002-02-21,16253039.389071783
2002-02-22,16371851.299427707
2002-02-25,16663240.348379346
2002-02-26,16718614.209143609
2002-02-27,16660090.470909692
2002-02-28,16699199.771736639
2002-03-01,17032781.081191055
2002-03-04,17351841.521998234
2002-03-05,17254271.194638588
2002-03-06,17504882.853165768
2002-03-07,17431739.933630824
2002-03-08,17561956.288532235
2002-03-11,17619067.394710325
2002-03-12,17584956.77618045
2002-03-13,17420694.313829545
2002-03-14,17406108.109236006
2002-03-15,17559104.727886416
2002-03-18,17572291.799170643
2002-03-19,17653700.24979536
2002-03-20,17369028.123470422
2002-03-21,17445560.26010778
2002-03-22,17377272.534762297
2002-03-25,17116377.617219225
2002-03-26,17235544.97932802
2002-03-27,17338395.17671927
2002-03-28,17313977.099940076
2002-04-01,17325629.50363985
2002-04-02,17213094.234023955
2002-04-03,17025501.577447064
2002-04-04,17077774.46122167
2002-04-05,17050091.197302435
2002-04-08,17092683.917742673
2002-04-09,17002993.305409953
2002-04-10,17203752.02423808
2002-04-11,16815454.755693182
2002-04-12,16947684.7433854
2002-04-15,16846685.800284386
2002-04-16,17199201.48875049
2002-04-17,17173149.437011227
2002-04-18,17156884.869231716
2002-04-19,17163480.42615937
2002-04-22,16920493.440268826
2002-04-23,16830801.951780893
2002-04-24,16693779.644001156
2002-04-25,16721579.60814958
2002-04-26,16409952.055246854
2002-04-29,16335047.056499958
2002-04-30,16543972.843480699
2002-05-01,16681108.055793347
2002-05-02,16601205.052047843
2002-05-03,16447859.909536054
2002-05-06,16137961.390906787
2002-05-07,16064577.61272663
2002-05-08,16660271.952241184
2002-05-09,16438394.191265214
2002-05-10,16156120.27063789
2002-05-13,16461459.074145243
2002-05-14,16835230.27564273
2002-05-15,16742258.342907343
2002-05-16,16809226.075870816
2002-05-17,16928422.35261901
2002-05-20,16703376.966773167
2002-05-21,16504320.738403372
2002-05-22,16572911.548910465
2002-05-23,16749234.835440509
2002-05-24,16550180.615861947
2002-05-28,16449212.135820266
2002-05-29,16357870.606124036
2002-05-30,16308971.715594865
2002-05-31,16312283.899571693
2002-06-03,15912590.52936534
2002-06-04,15888166.112905603
2002-06-05,16062843.400640944
2002-06-06,15760967.578507006
2002-06-07,15783862.298887497
2002-06-10,15811779.6984982
2002-06-11,15544155.230515603
2002-06-12,15620919.168820523
2002-06-13,15456117.936069814
2002-06-14,15420264.726467138
2002-06-17,15864361.80643755
2002-06-18,15880733.510281023
2002-06-19,15634327.154249894
2002-06-20,15435252.545115251
2002-06-21,15180696.156245185
2002-06-24,15233218.162480393
2002-06-25,14953388.990780892
2002-06-26,14910871.696012674
2002-06-27,15161352.786820993
2002-06-28,15189223.315818382
2002-07-01,14809643.179768814
2002-07-02,14505254.54337216
2002-07-03,14577310.716204656
2002-07-05,15122467.692384558
2002-07-08,14891827.00952003
2002-07-09,14523581.594331494
2002-07-10,14080054.130337946
2002-07-11,14183212.680144878
2002-07-12,14150536.43645888
2002-07-15,14011538.134291545
2002-07-16,13834801.473216781
2002-07-17,13908509.31139146
2002-07-18,13499323.130256124
2002-07-19,13045957.969379194
2002-07-22,12672868.75888928
2002-07-23,12309521.225236323
2002-07-24,13029805.127442611
2002-07-25,12920170.638390126
2002-07-26,13095362.5401292
2002-07-29,13822304.553188182
2002-07-30,13891096.11934093
2002-07-31,13923877.240336237
2002-08-01,13567064.44083982
2002-08-02,13251176.989942849
2002-08-05,12809324.196360486
2002-08-06,13226809.260944925
2002-08-07,13434738.587293394
2002-08-08,13857130.775009224
2002-08-09,13881726.260993326
2002-08-12,13849124.561754515
2002-08-13,13546322.302495494
2002-08-14,14062029.70718051
2002-08-15,14209406.084135264
2002-08-16,14201272.820360593
2002-08-19,14543555.502318243
2002-08-20,14356983.743835676
2002-08-21,14568203.95098133
2002-08-22,14727048.874487001
2002-08-23,14430795.72942798
2002-08-26,14529157.593203444
2002-08-27,14293455.807733363
2002-08-28,14065946.166675957
2002-08-29,14079094.53747599
2002-08-30,14031664.504341777
2002-09-03,13485046.804806095
2002-09-04,13709381.977133997
2002-09-05,13539159.667954383
2002-09-06,13784780.465139821
2002-09-09,13892969.093410103
2002-09-10,13989603.566027107
2002-09-11,13973277.675837623
2002-09-12,13654073.043839127
2002-09-13,13686866.725462688
2002-09-16,13703368.176056392
2002-09-17,13454563.578020668
2002-09-18,13366194.503359342
2002-09-19,13022423.473966632
2002-09-20,13022466.296725433
2002-09-23,12883429.614300475
2002-09-24,12705008.131884428
2002-09-25,12957191.735959651
2002-09-26,13173348.835041117
2002-09-27,12772267.786561146
2002-09-30,12614606.940081539
2002-10-01,13088005.740537604
2002-10-02,12779053.956865426
2002-10-03,12639385.16647165
2002-10-04,12379734.73131988
2002-10-07,12113587.935216155
2002-10-08,12286208.029033586
2002-10-09,11965733.395804072
2002-10-10,12327382.600075927
2002-10-11,12858323.661476212
2002-10-14,12927480.535545694
2002-10-15,13502815.611233633
2002-10-16,13195494.366707757
2002-10-17,13484821.212858748
2002-10-18,13539109.608792737
2002-10-21,13782513.501420463
2002-10-22,13609973.486790938
2002-10-23,13700413.09789347
2002-10-24,13519652.54638885
2002-10-25,13781045.605576627
2002-10-28,13633242.887562195
2002-10-29,13528090.279782388
2002-10-30,13628410.725909412
2002-10-31,13561054.623110864
2002-11-01,13840543.666297317
2002-11-04,13929435.12586608
2002-11-05,14013323.782241942
2002-11-06,14202406.504191307
2002-11-07,13873690.96345032
2002-11-08,13709354.445040097
2002-11-11,13471132.231452536
2002-11-12,13535290.146161215
2002-11-13,13561634.356368234
2002-11-14,13885516.179201428
2002-11-15,13972684.056695614
2002-11-18,13844599.786068639
2002-11-19,13796980.406801378
2002-11-20,14061690.596325323
2002-11-21,14349408.079831332
2002-11-22,14318225.897153987
2002-11-25,14343017.578032685
2002-11-26,14071826.905579614
2002-11-27,14466414.583737448
2002-11-29,14376088.572385538
2002-12-02,14422266.114046276
2002-12-03,14195446.369876923
2002-12-04,14157682.049350206
2002-12-05,13998267.663011584
2002-12-06,14059131.632021578
2002-12-09,13727193.751828957
2002-12-10,13965616.214130783
2002-12-11,13990322.470083633
2002-12-12,13941044.78165717
2002-12-13,13727374.31398247
2002-12-16,14056311.277683934
2002-12-17,13944561.472479353
2002-12-18,13745684.99821615
2002-12-19,13661883.82233337
2002-12-20,13821399.468321119
2002-12-23,13826820.930792948
2002-12-24,13760797.025642874
2002-12-26,13775752.3496085
2002-12-27,13544543.47822108
2002-12-30,13619010.792600032
2002-12-31,13648798.141737059
2003-01-02,14040355.722804395
2003-01-03,14032147.372449385
2003-01-06,14336220.97102315
2003-01-07,14232204.514970051
2003-01-08,14053848.610976512
2003-01-09,14271942.017964117
2003-01-10,14311635.849730095
2003-01-13,14298560.954244684
2003-01-14,14363023.677434463
2003-01-15,14222664.887481093
2003-01-16,14181419.12045585
2003-01-17,13974977.528145615
2003-01-21,13735635.0696692
2003-01-22,13595261.421328234
2003-01-23,13686172.073784819
2003-01-24,13375645.119753934
2003-01-27,13126339.28705504
2003-01-28,13248620.986989794
2003-01-29,13405604.705576796
2003-01-30,13058734.962405166
2003-01-31,13271884.069653211
2003-02-03,13321563.429423857
2003-02-04,13381088.691669185
2003-02-05,13116810.178976385
2003-02-06,12996260.908655096
2003-02-07,12869105.129984537
2003-02-10,12973307.32073011
2003-02-11,12877520.420403432
2003-02-12,12704110.871558215
2003-02-13,12684326.502845366
2003-02-14,12899129.201106299
2003-02-18,13195017.42471875
2003-02-19,13089335.549245145
2003-02-20,12985292.2836632
2003-02-21,13160457.146800632
2003-02-24,12894600.012619471
2003-02-25,13049938.041038191
2003-02-26,12871551.413712686
2003-02-27,13020289.976501955
2003-02-28,13068239.252533594
2003-03-03,12970893.90102902
2003-03-04,12787552.864380766
2003-03-05,12865241.422886677
2003-03-06,12795895.081843812
2003-03-07,12885152.657423794
2003-03-10,12571364.874219121
2003-03-11,12470627.606701681
2003-03-12,12515277.09725191
2003-03-13,12936624.840104612
2003-03-14,12986231.730556376
2003-03-17,13349858.282688603
2003-03-18,13470494.188290918
2003-03-19,13523416.984721232
2003-03-20,13589553.341164622
2003-03-21,13878737.232081987
2003-03-24,13407985.384590589
2003-03-25,13566642.279744897
2003-03-26,13500600.397549799
2003-03-27,13474208.194928078
2003-03-28,13409812.725564115
2003-03-31,13167813.280626668
2003-04-01,13358579.520755261
2003-04-02,13678697.399273176
2003-04-03,13599135.186238654
2003-04-04,13647279.364734132
2003-04-07,13649070.769001914
2003-04-08,13640826.98610581
2003-04-09,13483317.791430932
2003-04-10,13554677.652436156
2003-04-11,13498330.041151915
2003-04-14,13778751.92331667
2003-04-15,13868355.15358032
2003-04-16,13684308.127876723
2003-04-17,13896640.141430262
2003-04-21,13893506.36754503
2003-04-22,14177162.809534429
2003-04-23,14296618.029491965
2003-04-24,14182228.554499725
2003-04-25,13986562.764775792
2003-04-28,14233830.215560434
2003-04-29,14280317.804658469
2003-04-30,14303584.27496258
2003-05-01,14287048.897646077
2003-05-02,14487779.706228372
2003-05-05,14479631.315374041
2003-05-06,14579198.003807418
2003-05-07,14529487.201967271
2003-05-08,14380251.561390648
2003-05-09,14587627.515022041
2003-05-12,14761928.456780685
2003-05-13,14745397.75902704
2003-05-14,14692366.672556538
2003-05-15,14808519.225668738
2003-05-16,14777060.356938927
2003-05-19,14430535.313500667
2003-05-20,14415652.496287394
2003-05-21,14475415.43823556
2003-05-22,14571666.61924369
2003-05-23,14633081.748579513
2003-05-27,14925219.10744025
2003-05-28,14941851.11598341
2003-05-29,14917020.513769891
2003-05-30,15139342.354915202
2003-06-02,15202526.624553151
2003-06-03,15293801.266520832
2003-06-04,15512820.523988374
2003-06-05,15597468.415427804
2003-06-06,15559361.48071349
2003-06-09,15352163.26133311
2003-06-10,15493221.0677519
2003-06-11,15679052.80441658
2003-06-12,15710613.768851016
2003-06-13,15556404.411190152
2003-06-16,15875052.668116342
2003-06-17,15899983.29236303
2003-06-18,15866863.602787472
2003-06-19,15623062.211970307
2003-06-20,15643018.81604675
2003-06-23,15418518.534850497
2003-06-24,15460173.282753564
2003-06-25,15360369.10793915
2003-06-26,15526840.723950237
2003-06-27,15395410.333299942
2003-06-30,15385581.521916673
2003-07-01,15495470.779380236
2003-07-02,15666934.108982386
2003-07-03,15560471.257626485
2003-07-07,15860252.796746898
2003-07-08,15951834.81280964
2003-07-09,15893631.841946017
2003-07-10,15693968.05503646
2003-07-11,15812193.355666671
2003-07-14,15933843.599445254
2003-07-15,15854000.607043395
2003-07-16,15772516.04017479
2003-07-17,15567852.327759372
2003-07-18,15727672.910036644
2003-07-21,15496489.91309033
2003-07-22,15651312.565643175
2003-07-23,15669681.0516286
2003-07-24,15548237.201582788
2003-07-25,15821235.899939168
2003-07-28,15806418.130487716
2003-07-29,15709928.272550404
2003-07-30,15706660.363352379
2003-07-31,15745000.583699178
2003-08-01,15563624.108822588
2003-08-04,15603729.882699855
2003-08-05,15325821.81008514
2003-08-06,15337528.767410249
2003-08-07,15437441.638856286
2003-08-08,15480764.832148124
2003-08-11,15554152.882915791
2003-08-12,15728965.927658118
2003-08-13,15635813.742488502
2003-08-14,15732398.676627396
2003-08-15,15720794.462717107
2003-08-18,15900721.835598726
2003-08-19,15959028.791826846
2003-08-20,15957414.194474919
2003-08-21,16029035.410702227
2003-08-22,15862652.087603247
2003-08-25,15846165.286735414
2003-08-26,15899482.602532983
2003-08-27,15921166.231961165
2003-08-28,16037737.114217345
2003-08-29,16122677.389112787
2003-09-02,16357587.924511576
2003-09-03,16404255.021668361
2003-09-04,16452581.92830365
2003-09-05,16364408.38291072
2003-09-08,16521030.256298056
2003-09-09,16404578.685492951
2003-09-10,16174914.254679773
2003-09-11,16279843.9232281
2003-09-12,16324839.199024918
2003-09-15,16238438.831025073
2003-09-16,16496508.191237908
2003-09-17,16438303.171087554
2003-09-18,16646438.206628907
2003-09-19,16586567.969245855
2003-09-22,16396953.261367256
2003-09-23,16488568.834965572
2003-09-24,16203962.291138096
2003-09-25,16065842.382961191
2003-09-26,15957685.701687979
2003-09-29,16051403.131953781
2003-09-30,15954560.042583898
2003-10-01,16273709.428244065
2003-10-02,16347272.091802703
2003-10-03,16526081.100282893
2003-10-06,16598085.000708258
2003-10-07,16673315.365256403
2003-10-08,16609888.55227779
2003-10-09,16653374.696449256
2003-10-10,16680168.419346912
2003-10-13,16798957.64957099
2003-10-14,16874192.319458637
2003-10-15,16815770.685895223
2003-10-16,16884324.862252243
2003-10-17,16702278.284227254
2003-10-20,16765925.287385039
2003-10-21,16789370.199210573
2003-10-22,16573893.381276116
2003-10-23,16599012.90067576
2003-10-24,16505501.702548636
2003-10-27,16600908.259279858
2003-10-28,16821503.409622632
2003-10-29,16891724.164893575
2003-10-30,16845004.512234334
2003-10-31,16921914.83679532
2003-11-03,17025672.79175428
2003-11-04,16975606.33676587
2003-11-05,17005740.31791247
2003-11-06,17077634.858290773
2003-11-07,17000826.657443453
2003-11-10,16915793.539424747
2003-11-11,16884095.2229553
2003-11-12,17088001.920961604
2003-11-13,17114782.83215889
2003-11-14,16982840.505385045
2003-11-17,16849342.48514219
2003-11-18,16707367.23860193
2003-11-19,16826061.290004395
2003-11-20,16702470.546552025
2003-11-21,16712553.965750236
2003-11-24,17001777.072295666
2003-11-25,17043615.097082835
2003-11-26,17137248.99375234
2003-11-28,17177453.629883144
2003-12-01,17353081.57172523
2003-12-02,17309693.654082157
2003-12-03,17247924.89509413
2003-12-04,17311477.06883035
2003-12-05,17166163.904230095
2003-12-08,17308359.844024025
2003-12-09,17126279.090749566
2003-12-10,17077870.89418984
2003-12-11,17306860.983230874
2003-12-12,17362066.938348845
2003-12-15,17225215.3412475
2003-12-16,17312160.203071546
2003-12-17,17362352.40614064
2003-12-18,17546229.869081527
2003-12-19,17521219.76599941
2003-12-22,17620734.239057023
2003-12-23,17687922.0045322
2003-12-24,17671201.00949517
2003-12-26,17671317.22915648
2003-12-29,17889658.689901356
2003-12-30,17916565.086280923
2003-12-31,17866273.87597607
2004-01-02,17878125.228466813
2004-01-05,18077992.418233622
2004-01-06,18140129.051061977
2004-01-07,18192209.20420808
2004-01-08,18259390.232932385
2004-01-09,18141967.07751269
2004-01-12,18226026.316475388
2004-01-13,18184121.08716306
2004-01-14,18315072.931861795
2004-01-15,18392320.284948684
2004-01-16,18447764.981053956
2004-01-20,18494955.56603643
2004-01-21,18573880.243828095
2004-01-22,18560507.449731395
2004-01-23,18526983.676427882
2004-01-26,18721829.44573453
2004-01-27,18562450.729355212
2004-01-28,18327516.17599624
2004-01-29,18361143.49116186
2004-01-30,18334343.92327246
2004-02-02,18368054.86456757
2004-02-03,18363070.666854754
2004-02-04,18191925.52902216
2004-02-05,18265825.723733634
2004-02-06,18500853.578107636
2004-02-09,18477494.853776593
2004-02-10,18595036.63077813
2004-02-11,18749510.57795416
2004-02-12,18699209.69538047
2004-02-13,18603583.146729868
2004-02-17,18798490.342394557
2004-02-18,18714615.574426115
2004-02-19,18612294.28715776
2004-02-20,18555271.88745777
2004-02-23,18431218.56471367
2004-02-24,18439653.40629294
2004-02-25,18538738.224991433
2004-02-26,18565642.80186015
2004-02-27,18592559.01676674
2004-03-01,18773996.960315283
2004-03-02,18705220.045329772
2004-03-03,18715333.492128674
2004-03-04,18799314.499225277
2004-03-05,18858119.277743243
2004-03-08,18685374.17592464
2004-03-09,18588078.65831868
2004-03-10,18255777.80868205
2004-03-11,18022511.586317133
2004-03-12,18277701.514898483
2004-03-15,18000887.190340053
2004-03-16,18099966.658024985
2004-03-17,18294740.76650278
2004-03-18,18272961.12776747
2004-03-19,18061517.749819927
2004-03-22,17831696.542763844
2004-03-23,17811591.183530476
2004-03-24,17793182.633768074
2004-03-25,18045021.64828356
2004-03-26,18088706.68538454
2004-03-29,18269056.93748765
2004-03-30,18370171.147187002
2004-03-31,18403896.21809274
2004-04-01,18498252.252693526
2004-04-02,18666713.931185305
2004-04-05,18789809.999382667
2004-04-06,18739333.227616567
2004-04-07,18661909.361620553
2004-04-08,18635023.18150906
2004-04-12,18694174.51620067
2004-04-13,18443288.114671852
2004-04-14,18382705.711387336
2004-04-15,18391176.068513483
2004-04-16,18478807.21422706
2004-04-19,18500844.42544488
2004-04-20,18206168.528512936
2004-04-21,18324111.671824876
2004-04-22,18615528.538730226
2004-04-23,18613888.233121257
2004-04-26,18534889.823535394
2004-04-27,18577043.84798983
2004-04-28,18316044.765040237
2004-04-29,18142612.800826866
2004-04-30,17996130.317246154
2004-05-03,18188284.88871827
2004-05-04,18206866.94150627
2004-05-05,18282704.70191933
2004-05-06,18102542.135481086
2004-05-07,17849946.23248232
2004-05-10,17602498.485222496
2004-05-11,17755818.266306706
2004-05-12,17819871.986879215
2004-05-13,17769398.927673306
2004-05-14,17762703.04605146
2004-05-17,17560730.564340096
2004-05-18,17700581.121675707
2004-05-19,17677051.077086125
2004-05-20,17683834.6167309
2004-05-21,17751253.448422577
2004-05-24,17818770.297570866
2004-05-25,18120320.667505436
2004-05-26,18157429.32209084
2004-05-27,18241698.21922596
2004-05-28,18258595.908672523
2004-06-01,18275634.34001147
2004-06-02,18326220.5650733
2004-06-03,18179721.1015328
2004-06-04,18289257.245381266
2004-06-07,18562288.52209558
2004-06-08,18585919.22080521
2004-06-09,18420895.509324897
2004-06-10,18463060.04478789
2004-06-14,18272911.81032234
2004-06-15,18422882.251977358
2004-06-16,18436405.85121061
2004-06-17,18431408.483904567
2004-06-18,18436506.88457889
2004-06-21,18391186.752190992
2004-06-22,18440080.640801225
2004-06-23,18630482.624080528
2004-06-24,18595149.91372661
2004-06-25,18574993.561033804
2004-06-28,18477108.983794376
2004-06-29,18556610.361646816
2004-06-30,18631031.543149784
2004-07-01,18450211.985478006
2004-07-02,18402935.006768767
2004-07-06,18254380.18017506
2004-07-07,18266262.243419997
2004-07-08,18104035.040149473
2004-07-09,18159867.604854207
2004-07-12,18154949.493839458
2004-07-13,18187125.99298948
2004-07-14,18104332.677608434
2004-07-15,18060432.62903883
2004-07-16,17977657.671100233
2004-07-19,17977805.45037549
2004-07-20,18104630.319960665
2004-07-21,17800406.901918
2004-07-22,17861306.232769694
2004-07-23,17665263.376593187
2004-07-26,17613004.61216526
2004-07-27,17787167.436794758
2004-07-28,17800748.322360817
2004-07-29,17914058.975609474
2004-07-30,17969894.229665127
2004-08-02,18015685.54925118
2004-08-03,17877108.10779882
2004-08-04,17829821.44722697
2004-08-05,17530650.575490583
2004-08-06,17285577.33507638
2004-08-09,17290791.03418229
2004-08-10,17497081.20987996
2004-08-11,17453178.161840253
2004-08-12,17260499.4321036
2004-08-13,17287598.796979956
2004-08-16,17505824.26700591
2004-08-17,17593777.57667492
2004-08-18,17805152.501569558
2004-08-19,17751103.922572095
2004-08-20,17899919.767396405
2004-08-23,17859496.31258795
2004-08-24,17830798.563566968
2004-08-25,17989773.739771865
2004-08-26,17981363.57053653
2004-08-27,18047347.00712747
2004-08-30,17919015.511846785
2004-08-31,17981609.920775466
2004-09-01,18015470.77030305
2004-09-02,18218397.828295536
2004-09-03,18157586.1884771
2004-09-07,18284589.32851503
2004-09-08,18208555.210557498
2004-09-09,18245797.505431946
2004-09-10,18367578.70109703
2004-09-13,18396470.28117991
2004-09-14,18450625.74075777
2004-09-15,18335701.786889795
2004-09-16,18394929.513395775
2004-09-17,18450777.40790763
2004-09-20,18379916.46471807
2004-09-21,18498327.252117842
2004-09-22,18244763.089800436
2004-09-23,18167031.79710193
2004-09-24,18207665.309252482
2004-09-27,18115670.6165476
2004-09-28,18214144.408317026
2004-09-29,18254916.575673055
2004-09-30,18285505.978174552
2004-10-01,18580815.640360978
2004-10-04,18642057.394870393
2004-10-05,18637018.827431563
2004-10-06,18750767.106006168
2004-10-07,18581121.11628059
2004-10-08,18426758.595287092
2004-10-11,18471023.625276096
2004-10-12,18430348.610102262
2004-10-13,18294640.900367796
2004-10-14,18131789.54557579
2004-10-15,18230264.133616798
2004-10-18,18310168.6945517
2004-10-19,18149009.20962871
2004-10-20,18154144.96278066
2004-10-21,18237355.4508932
2004-10-22,18072792.880586803
2004-10-25,18059360.000278868
2004-10-26,18344513.221051585
2004-10-27,18570255.81863422
2004-10-28,18561826.615488295
2004-10-29,18616175.091490727
2004-11-01,18643487.69085126
2004-11-02,18599412.974411942
2004-11-03,18840444.170350272
2004-11-04,19135779.028306358
2004-11-05,19203713.88583299
2004-11-08,19156360.746576894
2004-11-09,19176768.029209264
2004-11-10,19187008.539587405
2004-11-11,19366943.583886746
2004-11-12,19533312.83448906
2004-11-15,19547046.042132996
2004-11-16,19431703.092936274
2004-11-17,19545464.71770789
2004-11-18,19576063.673442986
2004-11-19,19338518.754214097
2004-11-22,19465966.30938945
2004-11-23,19472802.283042684
2004-11-24,19584871.97517427
2004-11-26,19584979.302253034
2004-11-29,19542713.144641217
2004-11-30,19500335.593850717
2004-12-01,19753266.72430734
2004-12-02,19743134.186475337
2004-12-03,19746588.319176648
2004-12-06,19734861.916616756
2004-12-07,19541449.16236683
2004-12-08,19619570.433455363
2004-12-09,19711273.332216196
2004-12-10,19687559.21910247
2004-12-13,19874415.72229533
2004-12-14,19962726.18684756
2004-12-15,20027280.186579127
2004-12-16,19993392.911727652
2004-12-17,19891601.79727811
2004-12-20,19856134.190043174
2004-12-21,20041181.505779777
2004-12-22,20115910.761723105
2004-12-23,20138040.4889679
2004-12-27,20041723.74647782
2004-12-28,20209221.759941258
2004-12-29,20238321.33359941
2004-12-30,20221294.849007558
2004-12-31,20170090.883088525
2005-01-03,20024956.340815175
2005-01-04,19758434.83500777
2005-01-05,19621770.876666564
2005-01-06,19715761.318354856
2005-01-07,19652560.585353926
2005-01-10,19731229.75879929
2005-01-11,19611647.091375135
2005-01-12,19698806.777937867
2005-01-13,19545059.29938845
2005-01-14,19632209.52008257
2005-01-18,19845872.862098947
2005-01-19,19668199.24984332
2005-01-20,19548621.08426546
2005-01-21,19447831.003613185
2005-01-24,19343663.53936533
2005-01-25,19393235.81405931
2005-01-26,19512857.56507962
2005-01-27,19540227.842997137
2005-01-28,19468478.44378007
2005-01-31,19666749.97809912
2005-02-01,19777837.259321027
2005-02-02,19868416.809307333
2005-02-03,19769327.77426266
2005-02-04,20017117.134312052
2005-02-07,20008637.73599125
2005-02-08,20042832.813320875
2005-02-09,19854902.22059619
2005-02-10,19923264.6828548
2005-02-11,20085621.02903164
2005-02-14,20090806.92480485
2005-02-15,20162595.41228869
2005-02-16,20166031.399266712
2005-02-17,20034494.755154565
2005-02-18,20025965.657211218
2005-02-22,19723606.405682527
2005-02-23,19827866.667167023
2005-02-24,19978260.190414473
2005-02-25,20178191.471478455
2005-02-28,20077449.768725198
2005-03-01,20191949.100483272
2005-03-02,20174888.06939318
2005-03-03,20197124.818230238
2005-03-04,20400483.328525998
2005-03-07,20451813.5508264
2005-03-08,20321972.839968007
2005-03-09,20137460.344788853
2005-03-10,20101581.01578223
2005-03-11,20036681.810478833
2005-03-14,20135849.294102237
2005-03-15,20029926.29921467
2005-03-16,19857379.278495755
2005-03-17,19881318.229715955
2005-03-18,19838616.041541446
2005-03-21,19777169.495408792
2005-03-22,19608017.833264936
2005-03-23,19592663.740732376
2005-03-24,19597492.83678284
2005-03-28,19614725.628335804
2005-03-29,19450086.85564396
2005-03-30,19714255.35662524
2005-03-31,19702267.37831722
2005-04-01,19618246.7409283
2005-04-04,19683489.118155528
2005-04-05,19745263.07097128
2005-04-06,19789876.67103127
2005-04-07,19897973.892868128
2005-04-08,19726469.032682613
2005-04-11,19711079.382895455
2005-04-12,19812314.403680712
2005-04-13,19597922.29631102
2005-04-14,19366359.495773256
2005-04-15,19057623.070855033
2005-04-18,19126303.6489239
2005-04-19,19287568.780625418
2005-04-20,19013127.15987947
2005-04-21,19373372.72423263
2005-04-22,19246459.322195224
2005-04-25,19435220.957122467
2005-04-26,19225960.989590615
2005-04-27,19296314.45415713
2005-04-28,19040737.460765645
2005-04-29,19268909.23514787
2005-05-02,19366741.450378958
2005-05-03,19426808.90251264
2005-05-04,19593226.084772017
2005-05-05,19557225.102187414
2005-05-06,19552095.531352412
2005-05-09,19660227.626078494
2005-05-10,19481851.656856667
2005-05-11,19579648.595058843
2005-05-12,19356665.003117822
2005-05-13,19274350.103345864
2005-05-16,19466541.90199481
2005-05-17,19600368.141603958
2005-05-18,19837112.498563375
2005-05-19,19926341.536971334
2005-05-20,19898911.39986404
2005-05-23,20001897.113961104
2005-05-24,20001919.02981523
2005-05-25,19928186.376230653
2005-05-26,20041421.49405479
2005-05-27,20072321.40537963
2005-05-31,20017518.194924418
2005-06-01,20183943.04646232
2005-06-02,20214833.731621087
2005-06-03,20098204.305567846
2005-06-06,20130870.191576164
2005-06-07,20144607.002095524
2005-06-08,20098314.4126933
2005-06-09,20202982.110309113
2005-06-10,20177269.349347755
2005-06-13,20223652.505885202
2005-06-14,20292300.718836356
2005-06-15,20319768.03675184
2005-06-16,20414138.152072363
2005-06-17,20501660.607836913
2005-06-20,20500004.523405652
2005-06-21,20460572.97977463
2005-06-22,20500049.44667991
2005-06-23,20251327.08814219
2005-06-24,20079808.14315172
2005-06-27,20099311.794558022
2005-06-28,20304187.561880853
2005-06-29,20269789.8177219
2005-06-30,20169970.170841567
2005-07-01,20244006.72520202
2005-07-05,20419687.63780168
2005-07-06,20263045.512342773
2005-07-07,20321603.684274934
2005-07-08,20571237.571851958
2005-07-11,20717627.544283647
2005-07-12,20752080.311606653
2005-07-13,20777921.314571362
2005-07-14,20798609.06807593
2005-07-15,20815842.154204324
2005-07-18,20729835.801914636
2005-07-19,20865862.06256243
2005-07-20,20933012.54585028
2005-07-21,20805655.055005882
2005-07-22,20946831.36267659
2005-07-25,20895251.50410055
2005-07-26,20921100.700403966
2005-07-27,21003752.158251494
2005-07-28,21148378.621288527
2005-07-29,21053727.40996312
2005-08-01,21024526.869746137
2005-08-02,21153659.398248073
2005-08-03,21170897.066079255
2005-08-04,20983274.639089532
2005-08-05,20821493.723101154
2005-08-08,20752694.241530072
2005-08-09,20859451.737563126
2005-08-10,20890462.44646344
2005-08-11,20992051.52548816
2005-08-12,20862959.785007365
2005-08-15,20969761.905024525
2005-08-16,20696072.700492974
2005-08-17,20694366.04092219
2005-08-18,20672012.769979376
2005-08-19,20744336.011824418
2005-08-22,20725473.426669016
2005-08-23,20697943.528461404
2005-08-24,20561966.88122473
2005-08-25,20627409.50064804
2005-08-26,20486259.756808925
2005-08-29,20629215.843699645
2005-08-30,20560380.367039777
2005-08-31,20825524.527343895
2005-09-01,20823817.9811896
2005-09-02,20770468.18093396
2005-09-06,21011595.975816112
2005-09-07,21080473.84688836
2005-09-08,21006473.05974783
2005-09-09,21149375.041980226
2005-09-12,21154609.709985126
2005-09-13,21020356.13544737
2005-09-14,20934297.004296064
2005-09-15,20939488.941848584
2005-09-16,21082399.61569497
2005-09-19,21004994.927410122
2005-09-20,20798433.197666164
2005-09-21,20600477.763719905
2005-09-22,20671079.968336616
2005-09-23,20712424.303678885
2005-09-26,20738431.646850124
2005-09-27,20738454.369716868
2005-09-28,20757514.085496046
2005-09-29,20930501.587461162
2005-09-30,20991081.0421745
2005-10-03,21001522.75718308
2005-10-04,20745540.725020126
2005-10-05,20425542.420977466
2005-10-06,20342534.8681635
2005-10-07,20415214.41975847
2005-10-10,20237111.02937938
2005-10-11,20167940.254512224
2005-10-12,20017470.20881841
2005-10-13,20001913.72403261
2005-10-14,20214711.17472582
2005-10-17,20268405.960707474
2005-10-18,20062577.184654567
2005-10-19,20356667.940847
2005-10-20,20052240.57085747
2005-10-21,20133560.545445215
2005-10-24,20484782.873282794
2005-10-25,20434639.277617868
2005-10-26,20358557.37677733
2005-10-27,20090450.39032947
2005-10-28,20405305.415933248
2005-10-31,20498775.813562613
2005-11-01,20536858.33895892
2005-11-02,20784248.526663642
2005-11-03,20860389.679387163
2005-11-04,20858683.050159942
2005-11-07,20874322.788960915
2005-11-08,20862243.042405184
2005-11-09,20912425.09644232
2005-11-10,21036998.6442049
2005-11-11,21130435.73095189
2005-11-14,21087261.819141667
2005-11-15,21004243.682637673
2005-11-16,21044056.895865925
2005-11-17,21241288.234884784
2005-11-18,21377965.985657606
2005-11-21,21473180.83473944
2005-11-22,21592569.99248238
2005-11-23,21692930.837970108
2005-11-25,21722384.144054625
2005-11-28,21526980.172410447
2005-11-29,21530458.990590215
2005-11-30,21445716.192213133
2005-12-01,21713879.26584475
2005-12-02,21720819.295178473
2005-12-05,21672457.695580762
2005-12-06,21669020.43166752
2005-12-07,21577351.27209885
2005-12-08,21580841.684310738
2005-12-09,21631020.422110155
2005-12-12,21667433.32933967
2005-12-13,21790276.89586008
2005-12-14,21833551.31413455
2005-12-15,21778221.537637226
2005-12-16,21752298.08514055
2005-12-19,21568992.876010276
2005-12-20,21586312.23784516
2005-12-21,21664185.93008211
2005-12-22,21764546.20731751
2005-12-23,21778412.435592137
2005-12-27,21578844.228935294
2005-12-28,21610173.032905765
2005-12-29,21530181.12448052
2005-12-30,21450202.46328997
2006-01-03,21766841.93182854
2006-01-04,21925139.642389547
2006-01-05,21911263.561635897
2006-01-06,22126947.466985106
2006-01-09,22208758.69133775
2006-01-10,22240098.219064113
2006-01-11,22302730.033197444
2006-01-12,22175786.81413788
2006-01-13,22200161.91428255
2006-01-17,22121998.4316698
2006-01-18,22054189.42744223
2006-01-19,22174217.6815273
2006-01-20,21784641.49156755
2006-01-23,21849068.26364796
2006-01-24,21915178.99516266
2006-01-25,21866510.35007584
2006-01-26,22052643.51357193
2006-01-27,22228326.347961526
2006-01-30,22251019.10182221
2006-01-31,22141465.58647516
2006-02-01,22226716.55290648
2006-02-02,22028463.235536877
2006-02-03,21920640.691902302
2006-02-06,21972901.805990435
2006-02-07,21758986.170588717
2006-02-08,21915539.181159258
2006-02-09,21873828.683827534
2006-02-10,21919077.23081885
2006-02-13,21819995.826791763
2006-02-14,22027000.1830895
2006-02-15,22110520.732936908
2006-02-16,22282750.032113418
2006-02-17,22256675.767638657
2006-02-21,22194170.725335553
2006-02-22,22368115.6014822
2006-02-23,22312484.933423042
2006-02-24,22347295.10293625
2006-02-27,22411720.439612836
2006-02-28,22190845.10507505
2006-03-01,22385682.035406984
2006-03-02,22370050.9677124
2006-03-03,22333544.437192395
2006-03-06,22170113.576223634
2006-03-07,22079697.73585698
2006-03-08,22142338.96881187
2006-03-09,22024090.090548437
2006-03-10,22196310.022518612
2006-03-13,22250296.103739683
2006-03-14,22479924.199832857
2006-03-15,22580833.360008247
2006-03-16,22629564.932551414
2006-03-17,22646984.90637281
2006-03-20,22599207.587498415
2006-03-21,22473484.464434333
2006-03-22,22609735.31376693
2006-03-23,22604511.391427144
2006-03-24,22634235.33226609
2006-03-27,22618582.753753897
2006-03-28,22485876.369119074
2006-03-29,22695478.17703857
2006-03-30,22634384.13313904
2006-03-31,22646628.51005181
2006-04-03,22622256.046605345
2006-04-04,22753262.152480733
2006-04-05,22837119.744728994
2006-04-06,22826666.392045394
2006-04-07,22582186.76769584
2006-04-10,22611951.134856053
2006-04-11,22407636.888846897
2006-04-12,22453067.39183334
2006-04-13,22447852.765693787
2006-04-17,22413021.532968752
2006-04-18,22799023.184786882
2006-04-19,22867164.32667653
2006-04-20,22898621.15387518
2006-04-21,22888163.860875268
2006-04-24,22821875.384227067
2006-04-25,22748555.99074524
2006-04-26,22753810.629656803
2006-04-27,22820210.997070182
2006-04-28,22863899.506450497
2006-05-01,22753935.28540432
2006-05-02,22888439.723732736
2006-05-03,22822100.43626734
2006-05-04,22928676.756129097
2006-05-05,23124316.574319016
2006-05-08,23145348.15270346
2006-05-09,23143620.66120911
2006-05-10,23112209.723149415
2006-05-11,22813574.562918965
2006-05-12,22507954.167839997
2006-05-15,22532481.935982727
2006-05-16,22460876.964705065
2006-05-17,22050466.050792456
2006-05-18,21947444.918382533
2006-05-19,22071475.9448293
2006-05-22,21940558.3696967
2006-05-23,21769417.85347146
2006-05-24,21844543.233898528
2006-05-25,22146734.163131613
2006-05-26,22272498.147313476
2006-05-30,21869133.356749874
2006-05-31,22127663.13291218
2006-06-01,22408889.064752072
2006-06-02,22452586.469263874
2006-06-05,22075383.285106473
2006-06-06,21975848.584953975
2006-06-07,21832652.083103508
2006-06-08,21811721.643804267
2006-06-09,21727901.156618573
2006-06-12,21443282.764304962
2006-06-13,21188293.011258278
2006-06-14,21322807.82379547
2006-06-15,21815383.274523757
2006-06-16,21701867.912816696
2006-06-19,21483607.363683682
2006-06-20,21488880.1104621
2006-06-21,21728186.842548724
2006-06-22,21609438.68080203
2006-06-23,21642656.94364687
2006-06-26,21748846.39140104
2006-06-27,21541871.11555706
2006-06-28,21694518.153070536
2006-06-29,22168179.68463843
2006-06-30,22157680.511601444
2006-07-03,22327911.02398217
2006-07-05,22145523.50239207
2006-07-06,22217467.19713245
2006-07-07,22033305.561173804
2006-07-10,22059687.889564257
2006-07-11,22140398.665141713
2006-07-12,21903606.424050268
2006-07-13,21577338.98501038
2006-07-14,21451054.207427017
2006-07-17,21414285.201115776
2006-07-18,21486240.547834996
2006-07-19,21840624.660373703
2006-07-20,21617848.180238664
2006-07-21,21445954.004519362
2006-07-24,21863539.0354067
2006-07-25,21937250.34350065
2006-07-26,21996910.950640373
2006-07-27,21940808.258867905
2006-07-28,22133797.13259225
2006-07-31,22132122.630788766
2006-08-01,22018118.568190727
2006-08-02,22156717.17446068
2006-08-03,22205871.951963168
2006-08-04,22195372.41665227
2006-08-07,22121762.726237122
2006-08-08,22020042.388129026
2006-08-09,21907784.47757821
2006-08-10,21992022.97917365
2006-08-11,21923613.611013796
2006-08-14,21964043.906822342
2006-08-15,22244763.40421638
2006-08-16,22462327.982372236
2006-08-17,22513215.794140004
2006-08-18,22602716.75202362
2006-08-21,22516826.320899382
2006-08-22,22523868.959396802
2006-08-23,22415117.90687929
2006-08-24,22413395.163782645
2006-08-25,22422186.93503215
2006-08-28,22552091.005521663
2006-08-29,22595967.317566603
2006-08-30,22645122.111809976
2006-08-31,22641635.028650876
2006-09-01,22773236.173428435
2006-09-05,22818954.42778831
2006-09-06,22575118.808418304
2006-09-07,22490934.134701822
2006-09-08,22536579.29043296
2006-09-11,22543658.06429636
2006-09-12,22799816.645362936
2006-09-13,22920903.03837915
2006-09-14,22871808.81728334
2006-09-15,22926214.482904766
2006-09-18,22943836.23871206
2006-09-19,22884209.704935726
2006-09-20,23021071.263538714
2006-09-21,22877249.32741178
2006-09-22,22819379.47354142
2006-09-25,23014804.446695186
2006-09-26,23175123.18640065
2006-09-27,23203346.229695316
2006-09-28,23226263.92790242
2006-09-29,23154071.69975134
2006-10-02,23088971.19390265
2006-10-03,23124226.044834875
2006-10-04,23369111.138648022
2006-10-05,23481882.300628677
2006-10-06,23436098.143767368
2006-10-09,23459077.32084552
2006-10-10,23511952.55417052
2006-10-11,23469701.331394855
2006-10-12,23704014.417551633
2006-10-13,23786829.882366866
2006-10-16,23852099.11285323
2006-10-17,23758755.04708304
2006-10-18,23792252.293786347
2006-10-19,23818700.51082485
2006-10-20,23811685.170444105
2006-10-23,23913934.643358182
2006-10-24,23972095.644341394
2006-10-25,24051396.54835485
2006-10-26,24178273.202641096
2006-10-27,23993312.346087392
2006-10-30,24002210.850907087
2006-10-31,23972279.506638356
2006-11-01,23778522.690440938
2006-11-02,23764459.912719034
2006-11-03,23760962.300800063
2006-11-06,24025295.8696385
2006-11-07,24108110.117969554
2006-11-08,24169792.12052513
2006-11-09,24037710.5770928
2006-11-10,24092335.691982027
2006-11-13,24147029.187090203
2006-11-14,24335547.316268474
2006-11-15,24427180.503782537
2006-11-16,24480068.531345747
2006-11-17,24467755.674757298
2006-11-20,24481923.293240946
2006-11-21,24545373.239019334
2006-11-22,24614121.377667844
2006-11-24,24541918.680734728
2006-11-27,24152690.00659239
2006-11-28,24244324.29859944
2006-11-29,24492730.213048488
2006-11-30,24531524.104853835
2006-12-01,24462846.325456828
2006-12-04,24702516.245437108
2006-12-05,24792392.832873985
2006-12-06,24778321.050050795
2006-12-07,24667359.627922207
2006-12-08,24709666.32701347
2006-12-11,24762598.750988554
2006-12-12,24723877.500339303
2006-12-13,24766176.820028387
2006-12-14,24954705.6600264
2006-12-15,24961790.218890965
2006-12-18,24859692.88028361
2006-12-19,24894950.725496132
2006-12-20,24884400.752350748
2006-12-21,24787536.92320768
2006-12-22,24648035.76591907
2006-12-26,24791570.63754343
2006-12-27,24961583.228253804
2006-12-28,24926185.878926396
2006-12-29,24827071.1126205
2007-01-03,24781170.252682846
2007-01-04,24830771.64727201
2007-01-05,24634239.636456907
2007-01-08,24724631.95150558
2007-01-09,24724659.04200725
2007-01-10,24779585.89506446
2007-01-11,24967311.010411855
2007-01-12,25132013.07738529
2007-01-16,25084305.50333219
2007-01-17,25102060.11314286
2007-01-18,24967502.505858023
2007-01-19,25064911.288357563
2007-01-22,24965837.483762447
2007-01-23,25036697.072586514
2007-01-24,25258063.009782612
2007-01-25,24974770.71937914
2007-01-26,24958864.42373961
2007-01-29,24964267.933936514
2007-01-30,25107719.959181968
2007-01-31,25290129.98529221
2007-02-01,25435360.98673354
2007-02-02,25467264.09420564
2007-02-05,25497456.347357843
2007-02-06,25499253.007459234
2007-02-07,25582510.765092224
2007-02-08,25550663.347776856
2007-02-09,25357679.31025238
2007-02-12,25267444.021978922
2007-02-13,25481743.95359086
2007-02-14,25651766.427061457
2007-02-15,25657102.672586888
2007-02-16,25674845.064088162
2007-02-20,25751098.247851245
2007-02-21,25761754.321495388
2007-02-22,25752936.860809904
2007-02-23,25669739.55568098
2007-02-26,25636163.748701863
2007-02-27,24685264.665562194
2007-02-28,24880080.36647187
2007-03-01,24809274.440033507
2007-03-02,24455141.054120544
2007-03-05,24171887.44904662
2007-03-06,24579198.838743433
2007-03-07,24559744.261201475
2007-03-08,24765189.565136924
2007-03-09,24774072.125108704
2007-03-12,24839675.47877783
2007-03-13,24393434.12729803
2007-03-14,24517435.566118803
2007-03-15,24614863.153169822
2007-03-16,24508639.555457775
2007-03-19,24788509.338965103
2007-03-20,24951452.57676018
2007-03-21,25349931.320624664
2007-03-22,25364115.316379786
2007-03-23,25413736.934265904
2007-03-26,25371313.25539894
2007-03-27,25269977.43555528
2007-03-28,25104601.2946283
2007-03-29,25173990.783298958
2007-03-30,25159789.120327625
2007-04-02,25222120.4210852
2007-04-03,25451566.634413157
2007-04-04,25478274.743314642
2007-04-05,25549437.845594104
2007-04-09,25579796.65401675
2007-04-10,25650960.257243615
2007-04-11,25487366.191272564
2007-04-12,25654571.432227038
2007-04-13,25739966.733808134
2007-04-16,25999697.229765654
2007-04-17,26040645.438257996
2007-04-18,26063786.184963387
2007-04-19,26015794.542143293
2007-04-20,26247039.70334669
2007-04-23,26195548.642747145
2007-04-24,26192020.415643256
2007-04-25,26425016.725454036
2007-04-26,26433945.69579795
2007-04-27,26405521.049983434
2007-04-30,26172623.610735137
2007-05-01,26231332.478263613
2007-05-02,26425219.401279487
2007-05-03,26542633.934192188
2007-05-04,26620925.910746615
2007-05-07,26663697.1748419
2007-05-08,26637049.011194
2007-05-09,26731347.96475278
2007-05-10,26395224.27804621
2007-05-11,26642473.980879113
2007-05-14,26562525.057009246
2007-05-15,26491410.101820886
2007-05-16,26719091.926168185
2007-05-17,26655087.187317766
2007-05-18,26854328.855943616
2007-05-21,26930889.53261968
2007-05-22,26927358.164944515
2007-05-23,26913167.174075592
2007-05-24,26637515.989680596
2007-05-25,26767392.853057917
2007-05-29,26874210.62704067
2007-05-30,27105453.43253319
2007-05-31,27148185.28072051
2007-06-01,27258459.483475678
2007-06-04,27303031.883272536
2007-06-05,27164327.498953283
2007-06-06,26886894.11451334
2007-06-07,26356904.049712956
2007-06-08,26717982.888343263
2007-06-11,26750086.677962158
2007-06-12,26421084.283728395
2007-06-13,26833747.307979386
2007-06-14,27025873.135292985
2007-06-15,27169970.42794154
2007-06-18,27127356.746291243
2007-06-19,27202088.486135427
2007-06-20,26844614.97979893
2007-06-21,26978041.555001017
2007-06-22,26750409.087194867
2007-06-25,26561433.57553269
2007-06-26,26345418.990384847
2007-06-27,26734674.964904293
2007-06-28,26731131.725958746
2007-06-29,26670452.84984177
2007-07-02,26979412.38214353
2007-07-03,27095496.141129486
2007-07-05,27081274.874044105
2007-07-06,27231265.858599238
2007-07-09,27217078.500857934
2007-07-10,26843958.030638274
2007-07-11,27040387.39599282
2007-07-12,27449293.99952776
2007-07-13,27531441.85346401
2007-07-16,27511894.550797485
2007-07-17,27495846.048666
2007-07-18,27433388.116319045
2007-07-19,27499500.022178717
2007-07-20,27253128.880639747
2007-07-23,27306779.128341813
2007-07-24,26828310.227449454
2007-07-25,26833694.74178628
2007-07-26,26198091.36840127
2007-07-27,25705331.0171965
2007-07-30,26085728.88908436
2007-07-31,25728667.89281148
2007-08-01,25880455.674830806
2007-08-02,26100091.878952347
2007-08-03,25421636.919309802
2007-08-06,25850246.91019021
2007-08-07,26044894.6528427
2007-08-08,26437717.87774985
2007-08-09,25719978.356397655
2007-08-10,25661103.034836434
2007-08-13,25711170.81371006
2007-08-14,25263039.970019538
2007-08-15,24925610.649363764
2007-08-16,25086324.17979319
2007-08-17,25543438.21746746
2007-08-20,25597092.163581576
2007-08-21,25600692.95323971
2007-08-22,25957815.352005534
2007-08-23,25916778.26320045
2007-08-24,26220377.623542465
2007-08-27,25947250.77332812
2007-08-28,25415195.41741726
2007-08-29,25920538.687583614
2007-08-30,25852699.648287654
2007-08-31,26108062.948567376
2007-09-04,26411715.539330058
2007-09-05,26179623.64310311
2007-09-06,26258208.00523066
2007-09-07,25877926.335572205
2007-09-10,25767313.414544232
2007-09-11,26104802.875487503
2007-09-12,26194111.91651223
2007-09-13,26292351.31752266
2007-09-14,26315592.054418143
2007-09-17,26176408.44466934
2007-09-18,26906740.139489427
2007-09-19,27101392.45287772
2007-09-20,26937141.55427527
2007-09-21,27001455.767555274
2007-09-24,26924798.67954897
2007-09-25,26862061.00294955
2007-09-26,27059339.73621386
2007-09-27,27208223.73009308
2007-09-28,27113193.891896043
2007-10-01,27462965.135364782
2007-10-02,27418161.18393188
2007-10-03,27375164.69748147
2007-10-04,27427180.42018039
2007-10-05,27724891.070163883
2007-10-08,27689118.571921263
2007-10-09,27882814.65389236
2007-10-10,27829059.233403973
2007-10-11,27671273.87535047
2007-10-12,27809384.579601977
2007-10-15,27592490.718875293
2007-10-16,27397076.836159185
2007-10-17,27416815.73635186
2007-10-18,27424020.500508294
2007-10-19,26719299.620916642
2007-10-22,26850294.59190457
2007-10-23,27042211.98734663
2007-10-24,27024307.567978974
2007-10-25,27006408.86605297
2007-10-26,27331023.199511487
2007-10-29,27440500.59213763
2007-10-30,27245049.004377395
2007-10-31,27600141.597760838
2007-11-01,26900804.950771164
2007-11-02,26895455.69299681
2007-11-05,26683940.26142215
2007-11-06,27053384.320690416
2007-11-07,26307408.628217462
2007-11-08,26273366.804844867
2007-11-09,25927292.693570018
2007-11-12,25590241.093307696
2007-11-13,26338079.339790292
2007-11-14,26246639.756051857
2007-11-15,25868280.889627714
2007-11-16,25970529.749268305
2007-11-19,25545602.885172047
2007-11-20,25644267.226060178
2007-11-21,25195961.041861862
2007-11-23,25572611.046678707
2007-11-26,25072367.70114154
2007-11-27,25379052.741012093
2007-11-28,26155589.798590988
2007-11-29,26168172.402825717
2007-11-30,26352910.464742705
2007-12-03,26193383.579533372
2007-12-04,26024840.76286605
2007-12-05,26414021.12990403
2007-12-06,26796031.078663513
2007-12-07,26828347.50547561
2007-12-10,27057990.294712275
2007-12-11,26320950.473754153
2007-12-12,26487758.03859737
2007-12-13,26491360.250441805
2007-12-14,26129140.002411865
2007-12-17,25729309.007303745
2007-12-18,25914059.826392513
2007-12-19,25887177.81957695
2007-12-20,26067688.1802546
2007-12-21,26469775.089132033
2007-12-24,26716891.0638477
2007-12-26,26738588.632572286
2007-12-27,26403253.02258429
2007-12-28,26302315.62083582
2007-12-31,26170767.172415
2008-01-02,25860715.92341022
2008-01-03,25830093.186759084
2008-01-04,25139560.064140346
2008-01-07,25152260.510883983
2008-01-08,24701533.300720535
2008-01-09,24962996.23077943
2008-01-10,25127107.482668027
2008-01-11,24890930.47135761
2008-01-14,25130819.709700085
2008-01-15,24521414.0937077
2008-01-16,24373599.056017175
2008-01-17,23702886.271513786
2008-01-18,23542444.373336572
2008-01-22,23281102.208232235
2008-01-23,23890558.534267426
2008-01-24,24043847.435171843
2008-01-25,23694085.800787978
2008-01-28,24190004.220933914
2008-01-29,24289194.71948218
2008-01-30,24069253.2761601
2008-01-31,24557900.206502296
2008-02-01,24954615.0992636
2008-02-04,24658999.4836686
2008-02-05,23959417.164046977
2008-02-06,23777328.350312907
2008-02-07,23995539.602469426
2008-02-08,23854918.90454774
2008-02-11,23993835.027418084
2008-02-12,24215642.250929885
2008-02-13,24491548.500589397
2008-02-14,24174226.56863717
2008-02-15,24179666.952127777
2008-02-19,24257300.794611514
2008-02-20,24370927.693959113
2008-02-21,24098676.431849927
2008-02-22,24210491.723570634
2008-02-25,24616278.26714052
2008-02-26,24774974.03210369
2008-02-27,24735339.693503812
2008-02-28,24486540.895556387
2008-02-29,23945626.576714218
2008-03-03,23860958.291785758
2008-03-04,23785255.567489818
2008-03-05,23918708.828910556
2008-03-06,23422868.09747272
2008-03-07,23170453.77436793
2008-03-10,22817107.035803143
2008-03-11,23624951.21274568
2008-03-12,23399588.706794027
2008-03-13,23551067.818389677
2008-03-14,23118337.136651106
2008-03-17,22851549.461563915
2008-03-18,23801837.735371128
2008-03-19,23165338.578026902
2008-03-20,23650429.50202188
2008-03-24,24162629.208700743
2008-03-25,24197627.76059799
2008-03-26,23913227.067865133
2008-03-27,23824485.183590956
2008-03-28,23612557.386900455
2008-03-31,23732201.447942406
2008-04-01,24542024.756703377
2008-04-02,24558344.071964756
2008-04-03,24587370.72217654
2008-04-04,24596450.73524557
2008-04-07,24609208.23240856
2008-04-08,24563946.60221326
2008-04-09,24342952.190813784
2008-04-10,24466177.85123556
2008-04-11,23966187.915591463
2008-04-14,23884744.001623616
2008-04-15,23998910.895054877
2008-04-16,24593154.396470737
2008-04-17,24623970.29036485
2008-04-18,24962775.865827084
2008-04-21,24910332.99702708
2008-04-22,24702008.833613746
2008-04-23,24778127.82274312
2008-04-24,24915844.538701646
2008-04-25,25107908.114080604
2008-04-28,25097119.76283443
2008-04-29,24992067.704822816
2008-04-30,24892454.70842828
2008-05-01,25330907.812042322
2008-05-02,25403408.435768723
2008-05-05,25273040.345663294
2008-05-06,25488673.847773954
2008-05-07,25129976.38267269
2008-05-08,25079276.414168432
2008-05-09,25064809.20829188
2008-05-12,25323971.50808894
2008-05-13,25352982.994272675
2008-05-14,25432724.299956556
2008-05-15,25702688.658483647
2008-05-16,25748020.735866357
2008-05-19,25787960.433778506
2008-05-20,25576009.04422944
2008-05-21,25146674.363289837
2008-05-22,25231838.290525883
2008-05-23,24867719.77771548
2008-05-27,25085232.21657416
2008-05-28,25235627.915110197
2008-05-29,25346170.363492124
2008-05-30,25395130.338534873
2008-06-02,25192292.48522269
2008-06-03,25056440.21055784
2008-06-04,25101753.329282794
2008-06-05,25590958.293341614
2008-06-06,24819187.857303612
2008-06-09,24839196.469728887
2008-06-10,24714210.32211853
2008-06-11,24341012.63926323
2008-06-12,24413511.595382225
2008-06-13,24775888.655405663
2008-06-16,24817645.96924306
2008-06-17,24640113.36089642
2008-06-18,24458956.53341944
2008-06-19,24531450.416408703
2008-06-20,24132905.019709013
2008-06-23,24060505.428591914
2008-06-24,23941476.290987603
2008-06-25,24112626.158509396
2008-06-26,23413615.77465244
2008-06-27,23380890.35768165
2008-06-30,23333618.793195724
2008-07-01,23442879.055698074
2008-07-02,22962325.296320476
2008-07-03,22940511.146516215
2008-07-07,22718515.03589351
2008-07-08,23137228.15563026
2008-07-09,22667593.940745734
2008-07-10,22809613.765987627
2008-07-11,22609395.987797283
2008-07-14,22387379.627410263
2008-07-15,22099773.331023477
2008-07-16,22609519.852375563
2008-07-17,22846189.39916171
2008-07-18,22973641.928380195
2008-07-21,23035620.38142155
2008-07-22,23341477.17706803
2008-07-23,23454367.889313143
2008-07-24,22904618.840276197
2008-07-25,22973818.132690288
2008-07-28,22664430.335534867
2008-07-29,23145046.912157122
2008-07-30,23454547.780717626
2008-07-31,23188789.10745402
2008-08-01,23086864.427580997
2008-08-04,22893972.944404252
2008-08-05,23480189.128170565
2008-08-06,23509337.57844956
2008-08-07,23174403.66479891
2008-08-08,23665946.151423924
2008-08-11,23902688.63574915
2008-08-12,23640564.443952736
2008-08-13,23585976.183817923
2008-08-14,23709793.88086859
2008-08-15,23848175.273988552
2008-08-18,23498724.562724013
2008-08-19,23251169.08437743
2008-08-20,23334922.714505162
2008-08-21,23396853.32204348
2008-08-22,23724569.085647453
2008-08-25,23225830.389728814
2008-08-26,23302319.058534067
2008-08-27,23458901.065888096
2008-08-28,23841241.790409345
2008-08-29,23528137.00033554
2008-09-02,23429931.703371275
2008-09-03,23386268.110992122
2008-09-04,22669009.671986993
2008-09-05,22803757.447094668
2008-09-08,23200698.56498579
2008-09-09,22396064.568325214
2008-09-10,22545359.345893517
2008-09-11,22862160.865294904
2008-09-12,23087926.884208757
2008-09-15,22028453.161762603
2008-09-16,22312488.435290303
2008-09-17,21314852.46126475
2008-09-18,22028525.570828445
2008-09-19,23091753.119172398
2008-09-22,22294427.682516586
2008-09-23,21915769.609181933
2008-09-24,21896037.02035692
2008-09-25,22287588.451223765
2008-09-26,22269315.131495122
2008-09-29,20802080.214557692
2008-09-30,21354631.141776312
2008-10-01,21329050.616912447
2008-10-02,20370369.3839741
2008-10-03,20059369.969733957
2008-10-06,19360539.811787244
2008-10-07,18178655.211898446
2008-10-08,17831044.213332213
2008-10-09,16711378.531830851
2008-10-10,16228382.462590046
2008-10-13,18310508.617267065
2008-10-14,18153178.8339007
2008-10-15,16455335.818285452
2008-10-16,17212807.04439576
2008-10-17,17051826.27500959
2008-10-20,17926428.644223496
2008-10-21,17384884.07901115
2008-10-22,16415216.219613329
2008-10-23,16620149.232691474
2008-10-24,15822455.951749597
2008-10-27,15310214.308904927
2008-10-28,16847111.80549016
2008-10-29,16678804.934596317
2008-10-30,17242346.25561614
2008-10-31,17622927.430731453
2008-11-03,17564450.117392708
2008-11-04,18197507.610818528
2008-11-05,17297351.3958602
2008-11-06,16448418.431591175
2008-11-07,16872912.877423525
2008-11-10,16686344.074090766
2008-11-11,16305801.24660516
2008-11-12,15471486.93066078
2008-11-13,16492459.9383029
2008-11-14,15789888.272773528
2008-11-17,15376437.986375887
2008-11-18,15519165.145353366
2008-11-19,14578737.465079576
2008-11-20,13605374.798393285
2008-11-21,14377508.798622392
2008-11-24,15233839.872571029
2008-11-25,15446100.881484311
2008-11-26,16016976.532396464
2008-11-28,16210960.523207232
2008-12-01,14761901.54616819
2008-12-02,15343750.627461577
2008-12-03,15738975.8543755
2008-12-04,15270602.156023882
2008-12-05,15812215.557133079
2008-12-08,16416061.581419222
2008-12-09,16116006.472365065
2008-12-10,16299001.209307637
2008-12-11,15841584.50866006
2008-12-12,15998956.125074437
2008-12-15,15735540.972995678
2008-12-16,16562583.111079667
2008-12-17,16441835.306667224
2008-12-18,16156421.397526978
2008-12-19,16141802.632277789
2008-12-22,15915072.248256896
2008-12-23,15745468.90802234
2008-12-24,15808181.03724676
2008-12-26,15974146.192981599
2008-12-29,15852506.773096312
2008-12-30,16269217.342676185
2008-12-31,16497854.270436801
2009-01-02,16973579.07965025
2009-01-05,16969944.970730502
2009-01-06,17110093.611873988
2009-01-07,16630733.10648744
2009-01-08,16704495.861138416
2009-01-09,16295201.994581774
2009-01-12,15937563.634134805
2009-01-13,15959701.505963465
2009-01-14,15439781.295389108
2009-01-15,15495109.91596661
2009-01-16,15609446.128034702
2009-01-20,14798240.102295991
2009-01-21,15403026.92466159
2009-01-22,15137531.958028218
2009-01-23,15229741.284004517
2009-01-26,15314608.25363312
2009-01-27,15495313.65101019
2009-01-28,16030034.363337422
2009-01-29,15502721.846074693
2009-01-30,15170863.15749923
2009-02-02,15145097.316047182
2009-02-03,15358989.130622735
2009-02-04,15277875.358211953
2009-02-05,15521285.127883142
2009-02-06,15967511.818711514
2009-02-09,15971240.909522165
2009-02-10,15241108.917403702
2009-02-11,15333304.916946616
2009-02-12,15373891.2134034
2009-02-13,15219029.215834938
2009-02-17,14562685.71024258
2009-02-18,14514759.4231314
2009-02-19,14359887.786349282
2009-02-20,14190278.496248424
2009-02-23,13707233.020122884
2009-02-24,14205089.586951995
2009-02-25,14094473.89497619
2009-02-26,13836345.617314693
2009-02-27,13574536.257113291
2009-03-02,12943975.901862212
2009-03-03,12833357.140819661
2009-03-04,13113639.201158023
2009-03-05,12582617.924485696
2009-03-06,12578943.486221459
2009-03-09,12427784.395842727
2009-03-10,13220671.923264459
2009-03-11,13268622.075582072
2009-03-12,13814436.048412325
2009-03-13,13961957.312592102
2009-03-16,13884558.274902647
2009-03-17,14323425.701454865
2009-03-18,14629528.7274631
2009-03-19,14482035.739310866
2009-03-20,14175961.684390139
2009-03-23,15160660.753182905
2009-03-24,14858273.437949192
2009-03-25,15013501.74704523
2009-03-26,15388595.465109032
2009-03-27,15098950.410227539
2009-03-30,14567978.649972318
2009-03-31,14697966.340818042
2009-04-01,14991342.918099623
2009-04-02,15440685.210688107
2009-04-03,15633810.913973926
2009-04-06,15481606.97777571
2009-04-07,15087989.569109226
2009-04-08,15299682.536470955
2009-04-09,15919864.492345884
2009-04-13,15942209.498410325
2009-04-14,15645137.451461207
2009-04-15,15812264.808705594
2009-04-16,16083372.122122334
2009-04-17,16191088.563624881
2009-04-20,15504130.425967153
2009-04-21,15812368.760916587
2009-04-22,15745539.567601109
2009-04-23,15856966.846441984
2009-04-24,16135506.232400408
2009-04-27,15968448.778731935
2009-04-28,15938754.27590545
2009-04-29,16317559.104303112
2009-04-30,16313871.255506573
2009-05-01,16406730.193047108
2009-05-04,16967532.31363685
2009-05-05,16908136.050829064
2009-05-06,17171815.96045097
2009-05-07,16904453.90620737
2009-05-08,17286979.848727465
2009-05-11,16989939.328532927
2009-05-12,16945396.461984757
2009-05-13,16462640.147838319
2009-05-14,16629773.710815497
2009-05-15,16455249.285599638
2009-05-18,16960367.548948765
2009-05-19,16964093.857249055
2009-05-20,16867557.879913937
2009-05-21,16563060.296241414
2009-05-22,16574217.016711038
2009-05-26,17019934.356975775
2009-05-27,16733996.767382918
2009-05-28,16941985.77293801
2009-05-29,17205678.124599203
2009-06-01,17632812.69873173
2009-06-02,17703387.402340993
2009-06-03,17488013.429889195
2009-06-04,17662575.222229924
2009-06-05,17629172.584369484
2009-06-08,17580950.325142488
2009-06-09,17673818.458662122
2009-06-10,17629269.165013593
2009-06-11,17733272.531234678
2009-06-12,17748152.053802248
2009-06-15,17335978.28469688
2009-06-16,17094597.966102626
2009-06-17,17072340.836970147
2009-06-18,17165197.80780155
2009-06-19,17228353.771021917
2009-06-22,16730763.707152944
2009-06-23,16730782.038862918
2009-06-24,16862549.812019784
2009-06-25,17254458.643634625
2009-06-26,17220885.81319649
2009-06-29,17385168.797233842
2009-06-30,17269473.082954824
2009-07-01,17370277.365862634
2009-07-02,16914946.229207657
2009-07-06,16851569.038075987
2009-07-07,16504480.874962136
2009-07-08,16482103.533579106
2009-07-09,16515711.887058504
2009-07-10,16474673.853960557
2009-07-13,16855427.357927464
2009-07-14,16974889.5190425
2009-07-15,17482504.52421081
2009-07-16,17654220.883859526
2009-07-17,17661696.481651146
2009-07-20,17859573.47230514
2009-07-21,17937981.025753703
2009-07-22,17949203.365149047
2009-07-23,18374712.379496522
2009-07-24,18434452.1328701
2009-07-27,18512883.946190007
2009-07-28,18468121.9999546
2009-07-29,18378566.154411443
2009-07-30,18576411.235028617
2009-07-31,18606285.86743851
2009-08-03,18919866.94845224
2009-08-04,18990810.863447286
2009-08-05,18946047.12806016
2009-08-06,18815422.155573517
2009-08-07,19080452.17203352
2009-08-10,19035722.420935236
2009-08-11,18789405.547009133
2009-08-12,18994708.44199732
2009-08-13,19162694.84746142
2009-08-14,18987287.82271417
2009-08-17,18494661.932549622
2009-08-18,18688762.837776013
2009-08-19,18849287.727484938
2009-08-20,19028468.70129575
2009-08-21,19383085.195251808
2009-08-24,19409272.80950319
2009-08-25,19446621.107640967
2009-08-26,19431713.890457056
2009-08-27,19498919.37695166
2009-08-28,19484008.343718987
2009-08-31,19297447.525921818
2009-09-01,18871956.833102915
2009-09-02,18793585.83267487
2009-09-03,18965310.926980034
2009-09-04,19207952.38966084
2009-09-08,19402127.441149276
2009-09-09,19596241.700448483
2009-09-10,19797826.531132836
2009-09-11,19812780.850428138
2009-09-14,19917357.426099487
2009-09-15,20014426.387625728
2009-09-16,20327994.87545841
2009-09-17,20290698.778118547
2009-09-18,20320571.130646527
2009-09-21,20264655.323782004
2009-09-22,20384113.09847264
2009-09-23,20175108.55216707
2009-09-24,19960636.238834817
2009-09-25,19833164.241604377
2009-09-28,20204470.368136153
2009-09-29,20170739.801582184
2009-09-30,20095764.985738978
2009-10-01,19563295.44585417
2009-10-02,19447085.13632574
2009-10-05,19747132.609313175
2009-10-06,20039648.560922224
2009-10-07,20084673.238173153
2009-10-08,20260940.40800642
2009-10-09,20399715.85737858
2009-10-12,20474776.974625967
2009-10-13,20418554.280619282
2009-10-14,20782315.26214436
2009-10-15,20853591.364045776
2009-10-16,20699865.24598906
2009-10-19,20868681.303723764
2009-10-20,20741201.047751628
2009-10-21,20538723.79047521
2009-10-22,20760007.223208934
2009-10-23,20493769.130487993
2009-10-26,20261340.00605716
2009-10-27,20152609.330883916
2009-10-28,19713882.244143963
2009-10-29,20111411.84788069
2009-10-30,19567683.083467033
2009-11-02,19676489.471318122
2009-11-03,19766505.690197725
2009-11-04,19800281.38389551
2009-11-05,20179060.801564682
2009-11-06,20231586.53043777
2009-11-09,20685404.937614255
2009-11-10,20692936.65719727
2009-11-11,20797951.77948673
2009-11-12,20565475.668482207
2009-11-13,20685495.596827146
2009-11-16,20996830.363523
2009-11-17,21019353.819897834
2009-11-18,21004372.05273035
2009-11-19,20704389.044609096
2009-11-20,20640658.964203928
2009-11-23,20884480.7324603
2009-11-24,20899502.75032118
2009-11-25,20982030.58492439
2009-11-27,20629565.005922526
2009-11-30,20682141.657361228
2009-12-01,20937159.25081045
2009-12-02,20997198.46240897
2009-12-03,20809703.5454861
2009-12-04,20963493.17097865
2009-12-07,20937296.894849572
2009-12-08,20719819.43967863
2009-12-09,20787350.88205807
2009-12-10,20892367.5234422
2009-12-11,20997405.5208682
2009-12-14,21154984.273615047
2009-12-15,21064997.12848385
2009-12-16,21117522.288121365
2009-12-17,20881284.851905756
2009-12-18,21008819.09562963
2009-12-21,21215150.605599705
2009-12-22,21323870.020649213
2009-12-23,21395599.59467145
2009-12-24,21505074.228449233
2009-12-28,21531585.994484533
2009-12-29,21493868.318178218
2009-12-30,21486342.070389558
2009-12-31,21275007.517554387
2010-01-04,21629863.992392696
2010-01-05,21712908.87683683
2010-01-06,21743122.261472333
2010-01-07,21833715.30698808
2010-01-08,21905454.021743808
2010-01-11,21935684.483243514
2010-01-12,21709263.63139896
2010-01-13,21913082.388980508
2010-01-14,21950849.873386525
2010-01-15,21701763.405610252
2010-01-19,21988680.09129271
2010-01-20,21784896.069137964
2010-01-21,21384838.266012095
2010-01-22,20913071.651185296
2010-01-25,21003705.485849246
2010-01-26,20909370.2070223
2010-01-27,21011286.139394246
2010-01-28,20762207.76225864
2010-01-29,20516891.48599575
2010-02-01,20830210.705823686
2010-02-02,21098202.40319701
2010-02-03,20992538.671329137
2010-02-04,20339602.565834746
2010-02-05,20373593.463361338
2010-02-08,20215121.43339684
2010-02-09,20483112.246104717
2010-02-10,20452938.428502858
2010-02-11,20671861.148941856
2010-02-12,20671878.13553432
2010-02-16,21019185.393841274
2010-02-17,21136205.30853402
2010-02-18,21257005.27353546
2010-02-19,21332504.723536264
2010-02-22,21298584.574066304
2010-02-23,21041950.96732738
2010-02-24,21230687.434486166
2010-02-25,21223150.882795136
2010-02-26,21223168.322396357
2010-03-01,21476108.488237575
2010-03-02,21544066.296113044
2010-03-03,21570502.953829903
2010-03-04,21627130.849864114
2010-03-05,21970622.482775595
2010-03-08,21974445.03405998
2010-03-09,22019754.871136177
2010-03-10,22136783.38913699
2010-03-11,22219836.96628799
2010-03-12,22219855.224891435
2010-03-15,22212361.653671227
2010-03-16,22393553.830793776
2010-03-17,22536994.904541355
2010-03-18,22510594.14371147
2010-03-19,22363415.547167055
2010-03-22,22521992.64042572
2010-03-23,22680537.082459483
2010-03-24,22548447.14381923
2010-03-25,22509056.446269855
2010-03-26,22505287.28984256
2010-03-29,22637970.482681613
2010-03-30,22649363.604630217
2010-03-31,22581175.37679032
2010-04-01,22744134.867832255
2010-04-05,22963993.244201925
2010-04-06,23028431.60305178
2010-04-07,22907190.664267275
2010-04-08,22960264.08212067
2010-04-09,23115651.484025154
2010-04-12,23168761.316299044
2010-04-13,23191520.05215213
2010-04-14,23475750.02765738
2010-04-15,23506072.958531637
2010-04-16,23138516.517925344
2010-04-19,23199211.77027827
2010-04-20,23419021.002760883
2010-04-21,23400090.05415372
2010-04-22,23513793.2448645
2010-04-23,23672972.549609926
2010-04-26,23589662.01053351
2010-04-27,23021249.644176614
2010-04-28,23172857.52885222
2010-04-29,23476039.38860761
2010-04-30,23074361.949217923
2010-05-03,23385165.871159464
2010-05-04,22816750.067091364
2010-05-05,22631081.29889763
2010-05-06,21869410.314408
2010-05-07,21456360.131626606
2010-05-10,22441696.287961274
2010-05-11,22422773.828766994
2010-05-12,22782792.58244249
2010-05-13,22509962.781002805
2010-05-14,22104505.566912506
2010-05-17,22119718.999802973
2010-05-18,21805202.330303233
2010-05-19,21649842.764821958
2010-05-20,20808571.810707904
2010-05-21,21111759.12908646
2010-05-24,20846539.698683977
2010-05-25,20846556.82881424
2010-05-26,20759411.32239748
2010-05-27,21487030.890908554
2010-05-28,21255886.0479229
2010-06-01,20816370.00866107
2010-06-02,21358295.65915023
2010-06-03,21471999.174821366
2010-06-04,20717882.90688849
2010-06-07,20380649.398161694
2010-06-08,20554993.28080691
2010-06-09,20460268.838977244
2010-06-10,21089365.31185539
2010-06-11,21218240.13168114
2010-06-14,21222070.73589932
2010-06-15,21699590.83943853
2010-06-16,21676877.381355837
2010-06-17,21714785.829164606
2010-06-18,21729957.250168055
2010-06-21,21646636.163917642
2010-06-22,21275271.951976486
2010-06-23,21191916.56377655
2010-06-24,20856444.52838843
2010-06-25,20963084.763805814
2010-06-28,20894598.06675196
2010-06-29,20235821.47771096
2010-06-30,20014976.71520849
2010-07-01,19927407.276554134
2010-07-02,19832219.51937087
2010-07-06,19893214.936099347
2010-07-07,20540602.063463822
2010-07-08,20742447.779774763
2010-07-09,20902397.468250737
2010-07-12,20910065.3126963
2010-07-13,21252807.406312764
2010-07-14,21249023.428983357
2010-07-15,21268073.083554577
2010-07-16,20651191.88254774
2010-07-19,20769287.72927891
2010-07-20,21009215.534698233
2010-07-21,20746468.902871348
2010-07-22,21207270.150979426
2010-07-23,21424347.831346866
2010-07-26,21687163.700503446
2010-07-27,21660521.20435957
2010-07-28,21508220.2789166
2010-07-29,21397798.86303287
2010-07-30,21420663.812133584
2010-08-02,21881501.141289122
2010-08-03,21763463.124384154
2010-08-04,21934852.32429585
2010-08-05,21889171.549605522
2010-08-06,21809223.295568436
2010-08-09,21923522.511562675
2010-08-10,21786432.040458485
2010-08-11,21142888.96526673
2010-08-12,21024843.705528766
2010-08-13,20944888.518466376
2010-08-16,20925899.773406595
2010-08-17,21222954.408278193
2010-08-18,21272486.132258527
2010-08-19,20899298.2223513
2010-08-20,20826962.874412168
2010-08-23,20716570.9371106
2010-08-24,20419552.65423592
2010-08-25,20484303.739543255
2010-08-26,20358653.429164402
2010-08-27,20709024.347270045
2010-08-30,20408231.276993964
2010-08-31,20412047.71723191
2010-09-01,21009957.89112855
2010-09-02,21230853.924735095
2010-09-03,21512677.74262263
2010-09-07,21280442.805985566
2010-09-08,21390901.182256084
2010-09-09,21497554.278727736
2010-09-10,21588972.245815463
2010-09-13,21863213.60153384
2010-09-14,21859431.853101764
2010-09-15,21931790.435864843
2010-09-16,21924207.09631472
2010-09-17,21935645.41297826
2010-09-20,22297477.073823184
2010-09-21,22244191.518451393
2010-09-22,22126145.106999345
2010-09-23,21935753.563656688
2010-09-24,22401638.025094014
2010-09-27,22306000.137584396
2010-09-28,22432334.476940427
2010-09-29,22394086.36030151
2010-09-30,22344338.996266913
2010-10-01,22443885.1285814
2010-10-04,22244878.660180572
2010-10-05,22708091.6043407
2010-10-06,22685142.51808321
2010-10-07,22654534.27073931
2010-10-08,22807679.76977961
2010-10-11,22842185.83439898
2010-10-12,22922595.954056498
2010-10-13,23102536.879705224
2010-10-14,23041301.734706797
2010-10-15,23060461.87896264
2010-10-18,23186840.655098863
2010-10-19,22849989.43060793
2010-10-20,23079701.757317174
2010-10-21,23118001.41146119
2010-10-22,23186916.86805239
2010-10-25,23263537.578570258
2010-10-26,23259726.112813637
2010-10-27,23213816.62531897
2010-10-28,23213835.700700704
2010-10-29,23244482.218075205
2010-11-01,23248362.43649054
2010-11-02,23432131.427617345
2010-11-03,23527852.466612127
2010-11-04,23987254.95767332
2010-11-05,24094470.37159528
2010-11-08,24063903.996179037
2010-11-09,23876338.357579328
2010-11-10,23979713.886186074
2010-11-11,23914660.86781392
2010-11-12,23612256.264357325
2010-11-15,23577854.03691417
2010-11-16,23202711.954901982
2010-11-17,23241014.480542302
2010-11-18,23566427.881707016
2010-11-19,23662159.894773908
2010-11-22,23666037.366615213
2010-11-23,23329178.768335674
2010-11-24,23704359.94019071
2010-11-26,23543616.015682366
2010-11-29,23509217.064804126
2010-11-30,23363766.136090677
2010-12-01,23865283.674133636
2010-12-02,24171563.208275992
2010-12-03,24248147.1538791
2010-12-06,24240549.35001288
2010-12-07,24267374.66288729
2010-12-08,24336295.645976465
2010-12-09,24424370.34479736
2010-12-10,24581350.185806245
2010-12-13,24589074.170516565
2010-12-14,24596746.24279474
2010-12-15,24489571.07037111
2010-12-16,24635067.195772406
2010-12-17,24681037.17581067
2010-12-20,24746168.985228896
2010-12-21,24895492.835175406
2010-12-22,24990191.11800036
2010-12-23,24955567.632307723
2010-12-27,24971043.850152
2010-12-28,24994160.478229184
2010-12-29,25032673.281987708
2010-12-30,25001901.55125296
2010-12-31,24990375.93427112
2011-01-03,25248293.74343938
2011-01-04,25198272.802802615
2011-01-05,25336850.569557596
2011-01-06,25279131.513698902
2011-01-07,25221400.867599376
2011-01-10,25240703.9600699
2011-01-11,25340778.107298385
2011-01-12,25567874.46049719
2011-01-13,25529401.61648346
2011-01-14,25694918.94410806
2011-01-18,25760397.1140281
2011-01-19,25452503.88765771
2011-01-20,25375553.441361707
2011-01-21,25417900.56462176
2011-01-24,25560348.188286122
2011-01-25,25575754.72567954
2011-01-26,25722022.880528677
2011-01-27,25799017.02431003
2011-01-28,25337169.794433635
2011-01-31,25502714.39569776
2011-02-01,25922241.892704066
2011-02-02,25891468.965120327
2011-02-03,25949228.495998964
2011-02-04,26022373.02539099
2011-02-07,26195611.86758552
2011-02-08,26326486.82855196
2011-02-09,26257220.82169053
2011-02-10,26288020.54634928
2011-02-11,26461250.616008766
2011-02-14,26530563.19236311
2011-02-15,26445902.435603254
2011-02-16,26619125.381344497
2011-02-17,26715367.577777077
2011-02-18,26765412.453324866
2011-02-22,26191969.31457528
2011-02-23,25972596.198436994
2011-02-24,25976468.22920008
2011-02-25,26303640.87607434
2011-02-28,26446090.764436185
2011-03-01,25999630.544907697
2011-03-02,26053533.173184894
2011-03-03,26526960.12405314
2011-03-04,26349924.149042286
2011-03-07,26111331.680277158
2011-03-08,26346124.05732013
2011-03-09,26307660.086210433
2011-03-10,25803462.662121873
2011-03-11,25976681.67453745
2011-03-14,25818906.378356993
2011-03-15,25545645.727047987
2011-03-16,25103029.584965337
2011-03-17,25391724.844574697
2011-03-18,25511053.516096152
2011-03-21,25911386.43349124
2011-03-22,25826723.714089792
2011-03-23,25888325.296972696
2011-03-24,26134668.220669903
2011-03-25,26228602.710160654
2011-03-28,26166808.44691955
2011-03-29,26360079.546745036
2011-03-30,26557210.6546601
2011-03-31,26557225.20241925
2011-04-01,26684789.924833633
2011-04-04,26708025.28073048
2011-04-05,26723511.808664266
2011-04-06,26793091.426253174
2011-04-07,26715808.01102272
2011-04-08,26603726.61354521
2011-04-11,26507136.459045935
2011-04-12,26282973.794034943
2011-04-13,26298446.708061963
2011-04-14,26313921.56030122
2011-04-15,26441504.41905325
2011-04-18,26124585.935428906
2011-04-19,26275352.978390604
2011-04-20,26658016.11451488
2011-04-21,26789440.21115557
2011-04-25,26762449.21132222
2011-04-26,26998233.864092402
2011-04-27,27176053.69696336
2011-04-28,27257233.186649956
2011-04-29,27326812.051787034
2011-05-02,27280488.612821896
2011-05-03,27129765.038767215
2011-05-04,26928780.36949263
2011-05-05,26712344.462387815
2011-05-06,26828326.327638593
2011-05-09,26971372.376430005
2011-05-10,27211030.362602226
2011-05-11,26932753.12041147
2011-05-12,27060318.991965774
2011-05-13,26812951.218199033
2011-05-16,26627474.36009542
2011-05-17,26604294.97582473
2011-05-18,26859412.623985082
2011-05-19,26925145.580395207
2011-05-20,26724170.56517563
2011-05-23,26384065.871439107
2011-05-24,26357020.58831753
2011-05-25,26465264.423284847
2011-05-26,26623750.699507184
2011-05-27,26747453.688249134
2011-05-31,27037414.17400456
2011-06-01,26422854.80442254
2011-06-02,26372617.15665441
2011-06-03,26102057.737821653
2011-06-06,25800617.9820906
2011-06-07,25789040.76070443
2011-06-08,25653762.78107177
2011-06-09,25835436.405531447
2011-06-10,25468255.896471668
2011-06-13,25464432.031290334
2011-06-14,25816182.40494019
2011-06-15,25356227.366355266
2011-06-16,25398766.15565216
2011-06-17,25479956.501523256
2011-06-20,25599814.98605965
2011-06-21,25990216.455944467
2011-06-22,25847219.52236155
2011-06-23,25804718.225418277
2011-06-24,25510882.15451664
2011-06-27,25728314.795244724
2011-06-28,26085442.019234482
2011-06-29,26314477.18501385
2011-06-30,26551276.774505474
2011-07-01,26931709.095417734
2011-07-05,26927877.363962308
2011-07-06,26982251.10973696
2011-07-07,27273407.155020487
2011-07-08,27079316.924626507
2011-07-11,26578618.25782702
2011-07-12,26462175.22392299
2011-07-13,26563124.684726376
2011-07-14,26337984.183377918
2011-07-15,26504922.972980358
2011-07-18,26260405.164699834
2011-07-19,26702945.499276586
2011-07-20,26687441.218005676
2011-07-21,27013522.182419557
2011-07-22,27060118.735576916
2011-07-25,26885483.256767847
2011-07-26,26772922.60021516
2011-07-27,26182903.283506658
2011-07-28,26093634.994400557
2011-07-29,25950014.613155887
2011-08-01,25833609.917626835
2011-08-02,25150418.310685024
2011-08-03,25290172.508584008
2011-08-04,24020836.015546232
2011-08-05,23919924.465422973
2011-08-08,22262401.398781992
2011-08-09,23376509.379754428
2011-08-10,22382768.366725348
2011-08-11,23407584.710706573
2011-08-12,23562876.961170837
2011-08-15,24075317.887200933
2011-08-16,23846300.334229916
2011-08-17,23850208.074553814
2011-08-18,22786579.692457207
2011-08-19,22378995.56293374
2011-08-22,22382915.49969439
2011-08-23,23151544.041404996
2011-08-24,23481516.148758333
2011-08-25,23089450.27515358
2011-08-26,23473769.773754157
2011-08-29,24207493.955659393
2011-08-30,24273496.24394158
2011-08-31,24370560.19332676
2011-09-01,24094950.307401758
2011-09-02,23435045.245353267
2011-09-06,23287583.345567852
2011-09-07,23982459.1510784
2011-09-08,23695213.779141065
2011-09-09,23078005.775329817
2011-09-12,23241074.882058997
2011-09-13,23474001.231123097
2011-09-14,23807866.283871908
2011-09-15,24223244.544726692
2011-09-16,24339721.539280076
2011-09-19,24083543.995963607
2011-09-20,23998158.980144408
2011-09-21,23217901.650120053
2011-09-22,22503635.24577696
2011-09-23,22634774.244654443
2011-09-26,23169458.439776365
2011-09-27,23462164.550315686
2011-09-28,22927529.81906157
2011-09-29,23095349.86897732
2011-09-30,22525582.628726978
2011-10-03,21780245.247632444
2011-10-04,22326613.916794177
2011-10-05,22783228.343838453
2011-10-06,23224235.312356062
2011-10-07,23013499.164181035
2011-10-10,23805753.591544654
2011-10-11,23825282.87873062
2011-10-12,24051651.465982374
2011-10-13,24020437.07521081
2011-10-14,24457544.166879635
2011-10-17,23961952.304232024
2011-10-18,24445888.348663975
2011-10-19,24121980.968215477
2011-10-20,24231271.86745156
2011-10-21,24687891.339813434
2011-10-24,25101607.423385844
2011-10-25,24590382.66805852
2011-10-26,24855774.695537824
2011-10-27,25714370.42239027
2011-10-28,25737786.160647374
2011-10-31,25086087.817869034
2011-11-01,24418758.14664757
2011-11-02,24820747.255819038
2011-11-03,25304684.169148944
2011-11-04,25168105.56599789
2011-11-07,25296934.53881727
2011-11-08,25601346.563257474
2011-11-09,24625701.844310556
2011-11-10,24844267.454664055
2011-11-11,25336015.438600525
2011-11-14,25086280.205064733
2011-11-15,25238505.143167228
2011-11-16,24817029.285904564
2011-11-17,24411168.97073703
2011-11-18,24376055.442093376
2011-11-21,23923384.11670921
2011-11-22,23810222.67625631
2011-11-23,23279472.385624122
2011-11-25,23205350.849670786
2011-11-28,23903966.777920373
2011-11-29,23978125.15367713
2011-11-30,24992845.660768513
2011-12-01,24992859.351585064
2011-12-02,24981159.502141643
2011-12-05,25254397.81017109
2011-12-06,25266115.602613248
2011-12-07,25332473.687306933
2011-12-08,24758781.609634086
2011-12-09,25199814.72882055
2011-12-12,24813480.132198047
2011-12-13,24548112.032755464
2011-12-14,24267137.015369475
2011-12-15,24356906.718731552
2011-12-16,24438878.96286659
2011-12-19,24154013.811805848
2011-12-20,24911164.240323283
2011-12-21,24958662.797789358
2011-12-22,25217716.48795691
2011-12-23,25410056.701616604
2011-12-27,25414043.847541433
2011-12-28,25103990.40814028
2011-12-29,25351262.2822249
2011-12-30,25237461.316144988
2012-01-03,25594682.09272103
2012-01-04,25606475.1978392
2012-01-05,25720304.452108774
2012-01-06,25661449.95547597
2012-01-09,25720360.809398223
2012-01-10,25975507.25141821
2012-01-11,26022620.705691904
2012-01-12,26085439.086044747
2012-01-13,25963776.560742054
2012-01-17,26022706.23530763
2012-01-18,26336722.93393765
2012-01-19,26497666.343598038
2012-01-20,26505526.60491228
2012-01-23,26513421.687045705
2012-01-24,26509506.60364662
2012-01-25,26752876.35421809
2012-01-26,26615510.254693124
2012-01-27,26635144.07896082
2012-01-30,26529214.931919128
2012-01-31,26517454.048654266
2012-02-01,26823625.707088016
2012-02-02,26870742.11514314
2012-02-03,27271112.018104132
2012-02-06,27255461.35297295
2012-02-07,27318271.695243143
2012-02-08,27377158.231610917
2012-02-09,27420351.24664097
2012-02-10,27204476.05839567
2012-02-13,27412555.871736262
2012-02-14,27373326.247226454
2012-02-15,27255595.72554889
2012-02-16,27581391.68509365
2012-02-17,27620647.65601267
2012-02-21,27608930.70451101
2012-02-22,27522593.02039833
2012-02-23,27675692.351226557
2012-02-24,27714960.05387842
2012-02-27,27738549.093076304
2012-02-28,27817073.38758814
2012-02-29,27636534.507562086
2012-03-01,27848504.847399972
2012-03-02,27711128.95238346
2012-03-05,27585579.888812736
2012-03-06,27142061.85182826
2012-03-07,27377578.148413662
2012-03-08,27660201.16367559
2012-03-09,27797588.776448376
2012-03-12,27778003.200232834
2012-03-13,28292226.60140434
2012-03-14,28233359.79104143
2012-03-15,28398229.285269864
2012-03-16,28441425.63275166
2012-03-19,28547442.370580465
2012-03-20,28449339.72137938
2012-03-21,28417948.212711383
2012-03-22,28190304.507239215
2012-03-23,28304153.491467226
2012-03-26,28697616.04479611
2012-03-27,28603014.319888793
2012-03-28,28461113.351013385
2012-03-29,28409894.26348196
2012-03-30,28484807.57994806
2012-04-02,28725313.163930804
2012-04-03,28630705.326456077
2012-04-04,28311426.568135813
2012-04-05,28291735.61670764
2012-04-09,27960674.546681955
2012-04-10,27436404.34892808
2012-04-11,27665041.970225997
2012-04-12,28082918.312554255
2012-04-13,27739985.98091251
2012-04-16,27712432.749249194
2012-04-17,28134247.73665884
2012-04-18,28035699.39945991
2012-04-19,27874101.328210317
2012-04-20,27917478.85250597
2012-04-23,27677067.035476852
2012-04-24,27767740.543414626
2012-04-25,28177729.560636833
2012-04-26,28382732.972395647
2012-04-27,28449760.900398843
2012-04-30,28303954.791778654
2012-05-01,28485306.901831336
2012-05-02,28422245.527296912
2012-05-03,28173911.69209371
2012-05-04,27704817.526620302
2012-05-07,27724581.39150095
2012-05-08,27622090.38676871
2012-05-09,27456547.031224586
2012-05-10,27527514.374997593
2012-05-11,27452631.898930743
2012-05-14,27141246.797846477
2012-05-15,26995409.52668593
2012-05-16,26869278.99846872
2012-05-17,26404124.082060624
2012-05-18,26183386.403188575
2012-05-21,26668307.043238483
2012-05-22,26676206.360548303
2012-05-23,26723527.329871845
2012-05-24,26774793.59224052
2012-05-25,26711732.407680187
2012-05-29,27035032.56445448
2012-05-30,26609309.672683313
2012-05-31,26542299.09041513
2012-06-01,25860333.517116163
2012-06-04,25836721.720663603
2012-06-05,26033839.729122587
2012-06-06,26640946.957444955
2012-06-07,26609426.283294432
2012-06-08,26842023.675916795
2012-06-11,26467564.04255141
2012-06-12,26755353.541146215
2012-06-13,26558265.4000137
2012-06-14,26834225.1689456
2012-06-15,27110206.379112326
2012-06-18,27189087.653971843
2012-06-19,27476869.042676985
2012-06-20,27425641.321299706
2012-06-21,26806724.40566836
2012-06-22,27023580.909054756
2012-06-25,26582217.53789966
2012-06-26,26709027.871696904
2012-06-27,26966587.187829144
2012-06-28,26911136.91602982
2012-06-29,27616408.659203485
2012-07-02,27691734.235868197
2012-07-03,27917607.40259042
2012-07-05,27802737.160955224
2012-07-06,27541241.88451668
2012-07-09,27473924.249235496
2012-07-10,27228282.61712165
2012-07-11,27208482.40742993
2012-07-12,27101521.32943985
2012-07-13,27525489.225290205
2012-07-16,27458182.83632517
2012-07-17,27640451.12091098
2012-07-18,27838587.524388075
2012-07-19,27886146.98338626
2012-07-20,27632580.832757827
2012-07-23,27327541.26351248
2012-07-24,27081888.0584516
2012-07-25,27085863.642914515
2012-07-26,27497954.216658585
2012-07-27,28040786.625171356
2012-07-30,28013113.150859084
2012-07-31,27858593.42600917
2012-08-01,27747659.237042207
2012-08-02,27557490.375869863
2012-08-03,28116194.878504228
2012-08-06,28187554.25741366
2012-08-07,28357946.54917657
2012-08-08,28393630.239889186
2012-08-09,28417425.858849403
2012-08-10,28472900.088805366
2012-08-13,28449172.528298765
2012-08-14,28441264.60530386
2012-08-15,28504675.964189433
2012-08-16,28722606.521067195
2012-08-17,28778096.505137123
2012-08-20,28774200.288566124
2012-08-21,28714775.105845746
2012-08-22,28679124.327214994
2012-08-23,28465175.46267065
2012-08-24,28627647.86437682
2012-08-27,28623737.93287191
2012-08-28,28619787.024202645
2012-08-29,28655473.190460153
2012-08-30,28441513.88351172
2012-08-31,28611900.867140878
2012-09-04,28592161.29094378
2012-09-05,28592176.95342737
2012-09-06,29162774.956209224
2012-09-07,29305429.38770389
2012-09-10,29131134.75007751
2012-09-11,29194545.502705365
2012-09-12,29317399.90788027
2012-09-13,29757228.769414715
2012-09-14,29915735.200535286
2012-09-17,29792959.06669696
2012-09-18,29741459.11120922
2012-09-19,29765254.080766995
2012-09-20,29725653.968941133
2012-09-21,29733590.080784183
2012-09-24,29667535.846054934
2012-09-25,29364943.264938466
2012-09-26,29169853.52553784
2012-09-27,29460544.11486716
2012-09-28,29325173.139768492
2012-10-01,29376983.969034847
2012-10-02,29420812.1014679
2012-10-03,29528326.03783692
2012-10-04,29751313.58891083
2012-10-05,29743379.2477961
2012-10-08,29627952.455364253
2012-10-09,29329337.664431073
2012-10-10,29158148.35817428
2012-10-11,29201959.290142465
2012-10-12,29074551.257064667
2012-10-15,29313505.792262383
2012-10-16,29616136.0855214
2012-10-17,29755513.293959163
2012-10-18,29695804.248205394
2012-10-19,29182173.037620563
2012-10-22,29182220.994704198
2012-10-23,28811931.905352823
2012-10-24,28732323.24176008
2012-10-25,28811963.471104693
2012-10-26,28780134.052975122
2012-10-31,28796145.133767884
2012-11-01,29158499.755752522
2012-11-02,28855896.752890307
2012-11-05,28947523.17113903
2012-11-06,29166545.772332173
2012-11-07,28513544.415694498
2012-11-08,28151204.422971502
2012-11-09,28179094.6983265
2012-11-12,28195075.287030384
2012-11-13,28087569.357020088
2012-11-14,27693399.704428073
2012-11-15,27621746.051303893
2012-11-16,27773068.947577324
2012-11-19,28346495.25975238
2012-11-20,28378352.581025343
2012-11-21,28450046.794650402
2012-11-23,28820400.85869884
2012-11-26,28784597.2576144
2012-11-27,28633300.504619047
2012-11-28,28860287.978149742
2012-11-29,29027533.60556237
2012-11-30,29019592.858382434
2012-12-03,28892212.888953958
2012-12-04,28852420.40315311
2012-12-05,28908171.335864156
2012-12-06,28999767.723971166
2012-12-07,29083415.2213669
2012-12-10,29119300.80139817
2012-12-11,29302495.656510692
2012-12-12,29314437.149254594
2012-12-13,29147225.95066121
2012-12-14,29023799.532259364
2012-12-17,29386195.207278155
2012-12-18,29728659.97723209
2012-12-19,29545502.321407974
2012-12-20,29707976.206728946
2012-12-21,29455281.431020927
2012-12-24,29355045.92330487
2012-12-26,29214666.228969272
2012-12-27,29190619.742528807
2012-12-28,28873742.94532019
2012-12-31,29395265.286497768
2013-01-02,30141415.870266233
2013-01-03,30097310.60031052
2013-01-04,30249745.947222184
2013-01-07,30169579.828561243
2013-01-08,30089363.183604907
2013-01-09,30181640.368489034
2013-01-10,30390244.92559021
2013-01-11,30394284.193271767
2013-01-14,30362241.536983225
2013-01-15,30418419.29819798
2013-01-16,30394367.441700276
2013-01-17,30602986.368792173
2013-01-18,30687236.31611181
2013-01-22,30847749.988970168
2013-01-23,30883868.843581576
2013-01-24,30919987.737754785
2013-01-25,31092513.558664504
2013-01-28,31064475.241813052
2013-01-29,31168785.434101433
2013-01-30,31044455.545689687
2013-01-31,30988299.39841485
2013-02-01,31289178.385653984
2013-02-04,30960291.23143813
2013-02-05,31253156.26339929
2013-02-06,31309327.501600873
2013-02-07,31253190.503705665
2013-02-08,31441725.91314736
2013-02-11,31425738.7226199
2013-02-12,31477916.37878742
2013-02-13,31522050.62819587
2013-02-14,31562196.826361988
2013-02-15,31526102.094518725
2013-02-19,31746801.134498667
2013-02-20,31325606.555279024
2013-02-21,31113013.94750217
2013-02-22,31413894.542083044
2013-02-25,30836292.88818034
2013-02-26,31032875.371270962
2013-02-27,31413980.583173446
2013-02-28,31385915.589048255
2013-03-01,31458145.846425664
2013-03-04,31602604.690181267
2013-03-05,31919547.56200307
2013-03-06,31967699.534068458
2013-03-07,32043931.946934395
2013-03-08,32200396.363988034
2013-03-11,32292720.75434044
2013-03-12,32236569.826005798
2013-03-13,32296761.590180267
2013-03-14,32477297.85284984
2013-03-15,32441216.522438865
2013-03-18,32264760.18054181
2013-03-19,32176513.36904279
2013-03-20,32417234.10527894
2013-03-21,32156494.34197678
2013-03-22,32355592.204296827
2013-03-25,32246824.631282806
2013-03-26,32488635.981266208
2013-03-27,32512840.46366573
2013-03-28,32625696.219525617
2013-04-01,32452481.8556695
2013-04-02,32549223.6283483
2013-04-03,32194598.78666668
2013-04-04,32335660.551410906
2013-04-05,32222843.668438382
2013-04-08,32420362.29523023
2013-04-09,32513071.996899083
2013-04-10,32932200.76824575
2013-04-11,33057147.2172242
2013-04-12,32940282.489587575
2013-04-15,32138394.73257077
2013-04-16,32613930.781949263
2013-04-17,32126353.759243157
2013-04-18,31924860.626818452
2013-04-19,32231161.446901035
2013-04-22,32368227.481190342
2013-04-23,32718842.01571836
2013-04-24,32767222.51936178
2013-04-25,32900215.534857374
2013-04-26,32839800.446786318
2013-04-29,33049400.543959223
2013-04-30,33150180.442000806
2013-05-01,32811686.14770968
2013-05-02,33154253.079872787
2013-05-03,33464568.25699947
2013-05-06,33593582.011405066
2013-05-07,33778971.76485051
2013-05-08,33936161.21171887
2013-05-09,33823331.571553476
2013-05-10,33972467.761738986
2013-05-13,33980584.74572942
2013-05-14,34331204.19662944
2013-05-15,34480321.85274343
2013-05-16,34339299.13296949
2013-05-17,34689927.044826336
2013-05-20,34685951.53830997
2013-05-21,34742398.86898231
2013-05-22,34399865.18931912
2013-05-23,34335398.28662029
2013-05-24,34291086.243508026
2013-05-28,34512823.81316558
2013-05-29,34279105.62584366
2013-05-30,34420163.24879159
2013-05-31,33960772.48381815
2013-06-03,34097846.43490376
2013-06-04,33932638.28214786
2013-06-05,33453079.396544177
2013-06-06,33767433.0690752
2013-06-07,34186587.37622759
2013-06-10,34198737.397001095
2013-06-11,33852170.94729833
2013-06-12,33566058.00529176
2013-06-13,34085939.36029683
2013-06-14,33892517.68205317
2013-06-17,34130341.63831562
2013-06-18,34388276.24096506
2013-06-19,33949032.050035685
2013-06-20,33106767.384130597
2013-06-21,33191423.68581773
2013-06-24,32764703.88752654
2013-06-25,33092688.24023117
2013-06-26,33400448.461559728
2013-06-27,33647458.63009132
2013-06-28,33473352.50187514
2013-07-01,33752810.7108317
2013-07-02,33716370.409119114
2013-07-03,33764968.59137883
2013-07-05,34125380.798022486
2013-07-08,34307654.548408434
2013-07-09,34550614.990890436
2013-07-10,34566841.31265741
2013-07-11,35068932.26143336
2013-07-12,35101350.92089524
2013-07-15,35235012.34332858
2013-07-16,35077112.81641985
2013-07-17,35190515.03653935
2013-07-18,35388933.537891634
2013-07-19,35441584.930951186
2013-07-22,35518582.67691207
2013-07-23,35453818.22215893
2013-07-24,35312110.26550624
2013-07-25,35441701.41826329
2013-07-26,35445780.405777074
2013-07-29,35324366.50090857
2013-07-30,35360814.44717347
2013-07-31,35397285.4991778
2013-08-01,35846757.984945245
2013-08-02,35862962.15508269
2013-08-05,35867092.21927255
2013-08-06,35632251.08741419
2013-08-07,35490549.830222264
2013-08-08,35636345.882879555
2013-08-09,35547265.55253404
2013-08-12,35523027.814692974
2013-08-13,35600006.92506841
2013-08-14,35413749.29248226
2013-08-15,34887394.70148883
2013-08-16,34774025.09953476
2013-08-19,34539235.171485096
2013-08-20,34766016.63703753
2013-08-21,34563573.13120269
2013-08-22,34871339.9230027
2013-08-23,35017125.30123672
2013-08-26,34928089.85471886
2013-08-27,34308594.2295375
2013-08-28,34434123.75518282
2013-08-29,34527283.87226824
2013-08-30,34324839.237494335
2013-09-03,34499026.177572995
2013-09-04,34806783.592445016
2013-09-05,34847291.657634124
2013-09-06,34875663.056408964
2013-09-09,35268493.73239641
2013-09-10,35543855.910647474
2013-09-11,35637009.6101349
2013-09-12,35527706.110200435
2013-09-13,35600611.47056284
2013-09-16,35807168.1871481
2013-09-17,35997508.87400929
2013-09-18,36418641.01042552
2013-09-19,36361971.31440163
2013-09-20,36119036.02448804
2013-09-23,35955949.86607829
2013-09-24,35899002.96316645
2013-09-25,35833917.35859291
2013-09-26,35972286.24241667
2013-09-27,35829889.21560944
2013-09-30,35663126.67989377
2013-10-01,35972384.76871459
2013-10-02,35911366.367707185
2013-10-03,35606229.94083753
2013-10-04,35866641.05261106
2013-10-07,35545261.997394286
2013-10-08,35073294.69675581
2013-10-09,35048897.804504864
2013-10-10,35838271.54327288
2013-10-11,36090560.447861604
2013-10-14,36249311.41974756
2013-10-15,35972660.643784426
2013-10-16,36477212.587728105
2013-10-17,36745780.14615253
2013-10-18,37006193.87912349
2013-10-21,36985917.41720954
2013-10-22,37197510.82791276
2013-10-23,37022572.765429474
2013-10-24,37164992.66204143
2013-10-25,37299297.00856962
2013-10-28,37327834.44620576
2013-10-29,37515027.860932045
2013-10-30,37295335.538575076
2013-10-31,37185495.62754422
2013-11-01,37234341.13367778
2013-11-04,37405290.58137134
2013-11-05,37295458.11868539
2013-11-06,37393129.08882677
2013-11-07,36896746.24000548
2013-11-08,37389102.560502745
2013-11-11,37413569.01744737
2013-11-12,37356617.53938237
2013-11-13,37674015.008730896
2013-11-14,37853071.391422816
2013-11-15,38019917.74805638
2013-11-18,37840955.624860644
2013-11-19,37731107.18020908
2013-11-20,37613127.415348954
2013-11-21,37950871.72725377
2013-11-22,38138064.09949857
2013-11-25,38097436.06286971
2013-11-26,38134083.97506847
2013-11-27,38243959.14131088
2013-11-29,38191103.768586785
2013-12-02,38109792.48464261
2013-12-03,37963335.38421946
2013-12-04,37910443.3849681
2013-12-05,37800613.23826712
2013-12-06,38191250.21360685
2013-12-09,38276774.12141247
2013-12-10,38150662.07373466
2013-12-11,37678679.65286207
2013-12-12,37609528.51469916
2013-12-13,37621740.30336477
2013-12-16,37886275.574458994
2013-12-17,37772380.95465613
2013-12-18,38382750.78627055
2013-12-19,38329873.96039284
2013-12-20,38585141.93620249
2013-12-23,38814263.271754585
2013-12-24,38920645.684401534
2013-12-26,39104753.10094558
2013-12-27,39080226.64347329
2013-12-30,39092574.437762916
2013-12-31,39235750.474667646
2014-01-02,38892202.767206945
2014-01-03,38884031.16200268
2014-01-06,38781850.76200011
2014-01-07,39031385.29928077
2014-01-08,39060030.040927775
2014-01-09,39092788.58327952
2014-01-10,39203235.93016865
2014-01-13,38708362.83983293
2014-01-14,39133791.24924022
2014-01-15,39330170.84682354
2014-01-16,39301549.68207659
2014-01-17,39150218.43808738
2014-01-21,39281195.99592876
2014-01-22,39354850.66454368
2014-01-23,39015360.62033279
2014-01-24,38172732.85723592
2014-01-27,37927366.45962807
2014-01-28,38193274.06468983
2014-01-29,37800614.1006398
2014-01-30,38242420.269515395
2014-01-31,37992897.73212337
2014-02-03,37101225.016742334
2014-02-04,37383492.38302827
2014-02-05,37326242.19370702
2014-02-06,37780322.08940488
2014-02-07,38267105.545967184
2014-02-10,38312170.78259692
2014-02-11,38749877.82621332
2014-02-12,38803083.007253915
2014-02-13,39040357.96314258
2014-02-14,39228547.638018176
2014-02-18,39343156.52126831
2014-02-19,39081382.67793822
2014-02-20,39343199.62481028
2014-02-21,39310487.104522884
2014-02-24,39535557.49055665
2014-02-25,39519219.76530257
2014-02-26,39560134.12483495
2014-02-27,39768771.79129977
2014-02-28,39842424.374680795
2014-03-03,39552080.061378926
2014-03-04,40173856.76204794
2014-03-05,40182056.57353505
2014-03-06,40255709.625314474
2014-03-07,40243463.034135394
2014-03-10,40214893.3175536
2014-03-11,39989934.627020925
2014-03-12,40018588.57113069
2014-03-13,39556364.49800737
2014-03-14,39507299.87272599
2014-03-17,39822352.6820231
2014-03-18,40161892.296993755
2014-03-19,39932834.0458207
2014-03-20,40133315.66837923
2014-03-21,39986055.13803496
2014-03-24,39752956.79331911
2014-03-25,39893902.104408205
2014-03-26,39561133.07680833
2014-03-27,39478987.3902565
2014-03-28,39655677.96760335
2014-03-31,40046053.35895655
2014-04-01,40358328.25853519
2014-04-02,40485713.842045456
2014-04-03,40374797.55023074
2014-04-04,39820165.464192726
2014-04-07,39343656.5879987
2014-04-08,39516218.80654181
2014-04-09,39988728.23234451
2014-04-10,39109532.28990613
2014-04-11,38723324.35732269
2014-04-14,38986340.74177132
2014-04-15,39253428.97552377
2014-04-16,39664314.83690347
2014-04-17,39742390.8773609
2014-04-21,39902731.68493522
2014-04-22,40108165.25107883
2014-04-23,40005471.69956366
2014-04-24,40058914.17371925
2014-04-25,39668609.015301496
2014-04-28,39726208.897075385
2014-04-29,39923434.34411104
2014-04-30,40071372.515917696
2014-05-01,40083713.46250478
2014-05-02,40050865.52176481
2014-05-05,40116667.39961748
2014-05-06,39746899.326713696
2014-05-07,39931825.837355234
2014-05-08,39825021.15263109
2014-05-09,39923653.04100153
2014-05-12,40375660.11780645
2014-05-13,40351028.70176089
2014-05-14,40129199.64269641
2014-05-15,39759445.133188404
2014-05-16,39927904.80542648
2014-05-19,40112864.84014075
2014-05-20,39812963.817995355
2014-05-21,40121129.23072228
2014-05-22,40256734.77610437
2014-05-23,40466293.785553016
2014-05-27,40733467.01042729
2014-05-28,40688276.70972385
2014-05-29,40906057.12404812
2014-05-30,40914303.86118572
2014-06-02,40963671.01560748
2014-06-03,40947263.98531559
2014-06-04,41033563.28774352
2014-06-05,41366397.279961064
2014-06-06,41580076.45204482
2014-06-09,41650000.05788598
2014-06-10,41641783.11466864
2014-06-11,41502110.60354857
2014-06-12,41206305.3001276
2014-06-13,41341932.29878789
2014-06-16,41374859.41235835
2014-06-17,41522783.04369015
2014-06-18,41830981.03428006
2014-06-19,41880300.480085306
2014-06-20,41978931.91809338
2014-06-23,41966670.01642735
2014-06-24,41673777.52820818
2014-06-25,41884213.915825285
2014-06-26,41859475.07197898
2014-06-27,41970883.81228481
2014-06-30,41987474.778853856
2014-07-01,42288661.92291092
2014-07-02,42263927.06424209
2014-07-03,42486741.793487206
2014-07-07,42264042.823030435
2014-07-08,41942272.1259897
2014-07-09,42123814.90809102
2014-07-10,41938192.36249842
2014-07-11,41975342.94223836
2014-07-14,42177576.225160025
2014-07-15,42070311.231773265
2014-07-16,42177622.43403313
2014-07-17,41690797.817305095
2014-07-18,42140529.359014966
2014-07-21,42041580.86513128
2014-07-22,42256146.30802251
2014-07-23,42355179.62019515
2014-07-24,42363462.00444985
2014-07-25,42140690.94823494
2014-07-28,42128386.780260764
2014-07-29,41975756.82984703
2014-07-30,42004652.45197907
2014-07-31,41150635.031151034
2014-08-01,41047525.0009826
2014-08-04,41328141.04497222
2014-08-05,40965091.785869904
2014-08-06,40973361.9322119
2014-08-07,40758851.61889529
2014-08-08,41229220.56902744
2014-08-11,41377816.65195052
2014-08-12,41303582.803747475
2014-08-13,41596525.0843391
2014-08-14,41778090.48223126
2014-08-15,41782223.78334561
2014-08-18,42157744.33885977
2014-08-19,42368191.17622208
2014-08-20,42467249.139094636
2014-08-21,42562154.48517599
2014-08-22,42500298.314227015
2014-08-25,42723143.133037575
2014-08-26,42801557.13138176
2014-08-27,42776844.864949726
2014-08-28,42731491.90947482
2014-08-29,42859408.28182471
2014-09-02,42892497.35110549
2014-09-03,42847140.464699954
2014-09-04,42756391.585832074
2014-09-05,42954470.870804965
2014-09-08,42867890.91690307
2014-09-09,42566723.32665824
2014-09-10,42727658.82247862
2014-09-11,42806077.35552415
2014-09-12,42529656.701410145
2014-09-15,42418335.901825815
2014-09-16,42719539.830378324
2014-09-17,42764970.87838848
2014-09-18,42983650.180947006
2014-09-19,42901144.69070828
2014-09-22,42505138.229238816
2014-09-23,42232853.16413613
2014-09-24,42562378.11790705
2014-09-25,41895103.35973311
2014-09-26,42234991.28152077
2014-09-29,42160456.15431692
2014-09-30,41961540.122691505
2014-10-01,41410299.51444023
2014-10-02,41431044.00555391
2014-10-03,41895286.95764174
2014-10-06,41812460.707061894
2014-10-07,41165887.634497404
2014-10-08,41849801.2768356
2014-10-09,40987706.82352472
2014-10-10,40477925.985729665
2014-10-13,39831409.78463431
2014-10-14,39955770.95354389
2014-10-15,39731973.42934922
2014-10-16,39819035.91042697
2014-10-17,40254265.38812408
2014-10-20,40656363.1697438
2014-10-21,41460483.74652916
2014-10-22,41137213.503644325
2014-10-23,41634622.80568348
2014-10-24,41924785.16873501
2014-10-27,41866821.44575568
2014-10-28,42409810.36772724
2014-10-29,42347659.56842894
2014-10-30,42608818.45335448
2014-10-31,43114505.75274765
2014-11-03,43139440.13385658
2014-11-04,42981965.187450394
2014-11-05,43185084.680588536
2014-11-06,43396510.197185226
2014-11-07,43429672.59511903
2014-11-10,43562383.283384055
2014-11-11,43603851.668480605
2014-11-12,43595592.79771749
2014-11-13,43587330.07260009
2014-11-14,43591491.48676668
2014-11-17,43587425.57939247
2014-11-18,43844431.08829054
2014-11-19,43732537.48645276
2014-11-20,43856918.69375039
2014-11-21,44089049.46344029
2014-11-24,44250771.317392066
2014-11-25,44242508.89670258
2014-11-26,44342011.56948532
2014-11-28,44184555.65597046
2014-12-01,43811573.49291487
2014-12-02,44085166.0165493
2014-12-03,44284132.42191173
2014-12-04,44230283.506234534
2014-12-05,44329790.50809984
2014-12-08,44014852.645324506
2014-12-09,44039744.61992612
2014-12-10,43318546.466293536
2014-12-11,43517521.01424315
2014-12-12,42833640.94537592
2014-12-15,42522844.71442667
2014-12-16,42207840.5330759
2014-12-17,43111462.803496405
2014-12-18,44131139.23035526
2014-12-19,44313556.9372986
2014-12-22,44489040.39174827
2014-12-23,44589075.332961775
2014-12-24,44601604.931936584
2014-12-26,44734984.77978562
2014-12-29,44830900.79257652
2014-12-30,44610084.49023859
2014-12-31,44168415.428577766
2015-01-02,44135128.060893446
2015-01-05,43376840.6595706
2015-01-06,42951835.46327799
2015-01-07,43464394.30524057
2015-01-08,44231116.14334285
2015-01-09,43864457.16834932
2015-01-12,43552023.56005083
2015-01-13,43452028.005472526
2015-01-14,43214543.067487314
2015-01-15,42777049.58972004
2015-01-16,43343766.0220732
2015-01-20,43406360.86966271
2015-01-21,43602232.81992643
2015-01-22,44264783.7872981
2015-01-23,44064818.10620454
2015-01-26,44248214.603251286
2015-01-27,43731537.135378204
2015-01-28,43139868.92155347
2015-01-29,43552429.13657322
2015-01-30,42960752.485474885
2015-02-02,43444178.6305281
2015-02-03,44110902.3512405
2015-02-04,43956746.329036996
2015-02-05,44440138.28349593
2015-02-06,44306824.73099996
2015-02-09,44086055.56871687
2015-02-10,44536112.448065735
2015-02-11,44556960.13242309
2015-02-12,44986171.39051439
2015-02-13,45198720.704272896
2015-02-17,45269642.22656496
2015-02-18,45294666.60264029
2015-02-19,45282197.38705948
2015-02-20,45536409.84113089
2015-02-23,45532323.83480546
2015-02-24,45636531.331772216
2015-02-25,45619882.190820254
2015-02-26,45590723.574128665
2015-02-27,45428248.56837022
2015-03-02,45707508.16178867
2015-03-03,45520029.26254236
2015-03-04,45336691.79022167
2015-03-05,45407558.95824766
2015-03-06,44778374.206139304
2015-03-09,44945121.07155323
2015-03-10,44261758.72815206
2015-03-11,44228453.66590999
2015-03-12,44782682.25926538
2015-03-13,44532696.325912476
2015-03-16,45091151.35892999
2015-03-17,45003670.47446058
2015-03-18,45520403.29483641
2015-03-19,45357899.55132397
2015-03-20,45737127.42574328
2015-03-23,45658030.05945072
2015-03-24,45416361.064660825
2015-03-25,44708027.917079076
2015-03-26,44620138.76057536
2015-03-27,44741571.85848275
2015-03-30,45311022.18909279
2015-03-31,44900765.53569041
2015-04-01,44817040.965193994
2015-04-02,44959413.79592953
2015-04-06,45269317.39205068
2015-04-07,45118637.03446478
2015-04-08,45311245.57767137
2015-04-09,45470362.97873725
2015-04-10,45683892.01527369
2015-04-13,45503954.03808499
2015-04-14,45570954.16319585
2015-04-15,45801243.03087682
2015-04-16,45780332.57941778
2015-04-17,45248670.00149854
2015-04-20,45617151.466260634
2015-04-21,45604639.70793009
2015-04-22,45797230.766154446
2015-04-23,45939609.6169832
2015-04-24,45989854.9193704
2015-04-27,45751316.194056734
2015-04-28,45872744.34854803
2015-04-29,45671803.77414664
2015-04-30,45177809.307020225
2015-05-01,45592302.7169042
2015-05-04,45751491.62895536
2015-05-05,45207248.49301834
2015-05-06,45081650.94417897
2015-05-07,45253330.59044561
2015-05-08,45822752.03893065
2015-05-11,45630232.34221628
2015-05-12,45496297.19501838
2015-05-13,45521434.370170265
2015-05-14,45973622.39367279
2015-05-15,46028063.92759443
2015-05-18,46199807.09110645
2015-05-19,46178896.47952043
2015-05-20,46149617.6257856
2015-05-21,46266863.41614314
2015-05-22,46178972.36849545
2015-05-26,45697599.40229371
2015-05-27,46116294.66280208
2015-05-28,46074451.72538988
2015-05-29,45764659.04125551
2015-06-01,45877779.02021763
2015-06-02,45844300.270576015
2015-06-03,46003426.60264079
2015-06-04,45635035.61680114
2015-06-05,45597395.607178956
2015-06-08,45316932.30081858
2015-06-09,45279284.34295049
2015-06-10,45831952.547641404
2015-06-11,45961775.066972196
2015-06-12,45660359.80696771
2015-06-15,45451087.93674241
2015-06-16,45702320.79980423
2015-06-17,45777703.26649357
2015-06-18,46229896.253863655
2015-06-19,46028946.414846
2015-06-22,46309547.06554849
2015-06-23,46355629.26247488
2015-06-24,46003955.80954243
2015-06-25,45861637.71667591
2015-06-26,45835596.23095531
2015-06-29,44876997.20039438
2015-06-30,44998948.24539686
2015-07-01,45293301.78182665
2015-07-02,45234470.78250285
2015-07-06,45116838.790547274
2015-07-07,45364928.50401387
2015-07-08,44608109.139387704
2015-07-09,44700644.15749063
2015-07-10,45243079.771375515
2015-07-13,45756111.13798396
2015-07-14,45962179.0432692
2015-07-15,45903344.14541328
2015-07-16,46222925.257362515
2015-07-17,46235580.22167027
2015-07-20,46239855.83649539
2015-07-21,46038048.708007164
2015-07-22,45970802.813948244
2015-07-23,45705923.806485966
2015-07-24,45226593.56410741
2015-07-27,44928127.46913424
2015-07-28,45462176.945409216
2015-07-29,45773337.709517516
2015-07-30,45811221.218411654
2015-07-31,45764977.00430291
2015-08-03,45601069.143560216
2015-08-04,45525419.35081132
2015-08-05,45676801.608829364
2015-08-06,45302602.028611794
2015-08-07,45172294.6509235
2015-08-10,45735795.32080771
2015-08-11,45323755.293636985
2015-08-12,45370034.351209305
2015-08-13,45306990.81428416
2015-08-14,45479414.45448531
2015-08-17,45769622.115363084
2015-08-18,45651917.15227897
2015-08-19,45244071.12919113
2015-08-20,44260153.72098274
2015-08-21,42986120.90708872
2015-08-24,41257998.02287405
2015-08-25,40766042.41102872
2015-08-26,42246172.98490766
2015-08-27,43267989.570036724
2015-08-28,43301645.66423097
2015-08-31,42977949.230640806
2015-09-01,41716499.540329866
2015-09-02,42502845.650805645
2015-09-03,42553315.76494101
2015-09-04,41947834.466441855
2015-09-08,43007566.575388625
2015-09-09,42418902.09700352
2015-09-10,42637581.66948501
2015-09-11,42831036.03226974
2015-09-14,42667108.039346084
2015-09-15,43205366.52926405
2015-09-16,43571208.28711479
2015-09-17,43512366.16998567
2015-09-18,42822777.65213471
2015-09-21,42995246.59001791
2015-09-22,42419204.174134195
2015-09-23,42335143.30929695
2015-09-24,42183774.26706114
2015-09-25,42098432.47690992
2015-09-28,40970068.61901802
2015-09-29,40961626.08847332
2015-09-30,41722392.76735043
2015-10-01,41806950.0711883
2015-10-02,42415563.64742032
2015-10-05,43197513.33451739
2015-10-06,43058058.62116505
2015-10-07,43446922.72033238
2015-10-08,43823083.95366655
2015-10-09,43882274.640959
2015-10-12,43890796.40555518
2015-10-13,43569622.045570455
2015-10-14,43345654.950061634
2015-10-15,44000756.46850533
2015-10-16,44169843.16637093
2015-10-19,44220621.53906301
2015-10-20,44169939.94954242
2015-10-21,43823396.03037773
2015-10-22,44465827.701289915
2015-10-23,44930754.82433251
2015-10-26,44825170.69217578
2015-10-27,44677265.54667937
2015-10-28,45264759.28443222
2015-10-29,45197163.17576116
2015-10-30,45023908.791531965
2015-11-02,45615668.91391756
2015-11-03,45729821.31655341
2015-11-04,45619953.38273951
2015-11-05,45569264.42324851
2015-11-06,45577735.305097714
2015-11-09,45121364.4292033
2015-11-10,45222821.169309154
2015-11-11,45028423.88112978
2015-11-12,44356445.75449282
2015-11-13,43887338.96334074
2015-11-16,44525600.72007581
2015-11-17,44470680.150411285
2015-11-18,45180762.55281165
2015-11-19,45121611.59987534
2015-11-20,45316047.79807295
2015-11-23,45269626.97238474
2015-11-24,45387991.961471625
2015-11-25,45421823.93063102
2015-11-27,45489511.05665398
2015-11-30,45295165.57449475
2015-12-01,45722069.003138036
2015-12-02,45244496.6531322
2015-12-03,44568287.892175406
2015-12-04,45388240.59270466
2015-12-07,45033299.77377017
2015-12-08,44762827.2066105
2015-12-09,44378243.90817969
2015-12-10,44509293.9458538
2015-12-11,43634425.82987619
2015-12-14,43790884.91484961
2015-12-15,44260055.90802726
2015-12-16,44902491.788624674
2015-12-17,44243189.10326038
2015-12-18,43490897.67484158
2015-12-21,43836537.30692186
2015-12-22,44231868.00462734
2015-12-23,44784468.05141432
2015-12-24,44729238.818047315
2015-12-28,44631575.216398686
2015-12-29,45107661.81536694
2015-12-30,44767643.59390378
2015-12-31,44334101.70033569
2016-01-04,43671067.61853168
2016-01-05,43768845.357232526
2016-01-06,43182258.669701375
2016-01-07,42123854.11919856
2016-01-08,41643547.944052175
2016-01-11,41618082.01567129
2016-01-12,41902898.95230452
2016-01-13,40823238.33387917
2016-01-14,41448088.1845064
2016-01-15,40576716.720276736
2016-01-19,40534253.14670835
2016-01-20,40134707.15283567
2016-01-21,40291988.6977668
2016-01-22,41150637.95515278
2016-01-25,40474811.49838742
2016-01-26,41091174.762649335
2016-01-27,40623596.70238583
2016-01-28,40785147.95757058
2016-01-29,41796819.84852541
2016-02-01,41805358.13385429
2016-02-02,40997733.217084184
2016-02-03,41244282.01115924
2016-02-04,41342071.42710125
2016-02-05,40491933.64938848
2016-02-08,39862866.22200123
2016-02-09,39811868.75316216
2016-02-10,39837380.01091332
2016-02-11,39344322.402526334
2016-02-12,40109459.604643986
2016-02-16,40840630.28228169
2016-02-17,41516482.91580474
2016-02-18,41350718.5446687
2016-02-19,41359237.70124204
2016-02-22,41962858.9705436
2016-02-23,41457061.64002486
2016-02-24,41669580.6056704
2016-02-25,42162697.04386321
2016-02-26,42128696.43170754
2016-02-29,41792920.79060014
2016-03-01,42787605.341072485
2016-03-02,43025660.19530924
2016-03-03,43238195.441100545
2016-03-04,43386983.36285971
2016-03-07,43476278.57863049
2016-03-08,42936448.22980242
2016-03-09,43144752.93998231
2016-03-10,43132010.63198336
2016-03-11,43863150.14134571
2016-03-14,43812161.93472492
2016-03-15,43662705.082434505
2016-03-16,43936038.84010367
2016-03-17,44273431.96076777
2016-03-18,44469894.95843356
2016-03-21,44512632.55745546
2016-03-22,44499840.58091964
2016-03-23,44136855.091831826
2016-03-24,44124043.77410136
2016-03-28,44153985.220571496
2016-03-29,44645125.97316207
2016-03-30,44815977.48051261
2016-03-31,44764730.64885551
2016-04-01,45046600.7591644
2016-04-04,44858728.53733958
2016-04-05,44423143.59877511
2016-04-06,44909996.91431672
2016-04-07,44371904.88164585
2016-04-08,44500047.77158877
2016-04-11,44376226.699788585
2016-04-12,44807579.08950216
2016-04-13,45332880.79469998
2016-04-14,45315808.0584566
2016-04-15,45294469.79308753
2016-04-18,45597720.71173384
2016-04-19,45725852.78458341
2016-04-20,45772847.63024918
2016-04-21,45546506.46863447
2016-04-22,45610594.1729734
2016-04-25,45499585.518237576
2016-04-26,45623444.58464079
2016-04-27,45734484.0397874
2016-04-28,45324520.57718769
2016-04-29,45059754.355084784
2016-05-02,45410000.25901987
2016-05-03,44953042.117739506
2016-05-04,44688267.7387149
2016-05-05,44671202.42025231
2016-05-06,44833505.34587289
2016-05-09,44880524.74972437
2016-05-10,45414353.76466687
2016-05-11,45000127.05084521
2016-05-12,44983042.5535336
2016-05-13,44594439.58001002
2016-05-16,45038601.755998544
2016-05-17,44632913.06547957
2016-05-18,44628648.192331135
2016-05-19,44453572.467938446
2016-05-20,44795233.35848754
2016-05-23,44739752.44268425
2016-05-24,45337666.95012784
2016-05-25,45666516.46589626
2016-05-26,45657997.837748736
2016-05-27,45862988.425981484
2016-05-31,45841687.72450659
2016-06-01,45965544.25937797
2016-06-02,46119317.58791021
2016-06-03,45991201.36292005
2016-06-06,46230403.981493086
2016-06-07,46320093.86318739
2016-06-08,46482387.16821156
2016-06-09,46388468.58464163
2016-06-10,45910147.25876912
2016-06-13,45530089.87224524
2016-06-14,45448179.16934711
2016-06-15,45401004.7179063
2016-06-16,45533989.0081258
2016-06-17,45383867.20847627
2016-06-20,45692750.635512665
2016-06-21,45791429.62510351
2016-06-22,45688483.14062296
2016-06-23,46319081.396588
2016-06-24,44633277.578765325
2016-06-27,43745364.51779835
2016-06-28,44547537.40332318
2016-06-29,45345418.19637172
2016-06-30,45967420.96215263
2016-07-01,46057507.53603764
2016-07-05,45714389.50704903
2016-07-06,45993236.3549822
2016-07-07,45971782.39890167
2016-07-08,46688172.63028828
2016-07-11,46881240.93757197
2016-07-12,47271610.16924399
2016-07-13,47245887.05789503
2016-07-14,47473243.57397901
2016-07-15,47421795.97063023
2016-07-18,47554788.723694086
2016-07-19,47460438.61070016
2016-07-20,47713547.05212787
2016-07-21,47524826.049136125
2016-07-22,47752190.83249523
2016-07-25,47627826.53103103
2016-07-26,47679319.56770453
2016-07-27,47623556.20857056
2016-07-28,47683626.7114359
2016-07-29,47795165.74265914
2016-08-01,47730862.60986568
2016-08-02,47370534.27729724
2016-08-03,47546427.35327779
2016-08-04,47602224.60792635
2016-08-05,47996889.178310506
2016-08-08,47966880.56233431
2016-08-09,48009781.03631539
2016-08-10,47868246.70319951
2016-08-11,48108482.88044187
2016-08-12,48061323.79363765
2016-08-15,48237220.88460554
2016-08-16,47962708.45748022
2016-08-17,48022767.84298665
2016-08-18,48172910.122631505
2016-08-19,48104284.15747206
2016-08-22,48117209.16092475
2016-08-23,48245911.76783076
2016-08-24,47975672.10722704
2016-08-25,47945656.28673003
2016-08-26,47847008.85222369
2016-08-29,48108720.04896137
2016-08-30,48031516.34274618
2016-08-31,47894250.72888293
2016-09-01,47920004.103205994
2016-09-02,48164530.50393056
2016-09-06,48301866.11014409
2016-09-07,48366218.5480649
2016-09-08,48241838.263977356
2016-09-09,47040734.294205606
2016-09-12,47697093.779332995
2016-09-13,46950952.34401908
2016-09-14,46955261.67182577
2016-09-15,47438056.21231545
2016-09-16,47248409.04237371
2016-09-19,47317429.938537106
2016-09-20,47295895.128892116
2016-09-21,47839029.71073716
2016-09-22,48188199.94496182
2016-09-23,47912353.77719546
2016-09-26,47533033.31603477
2016-09-27,47804640.28970127
2016-09-28,48084840.38275657
2016-09-29,47614978.71250635
2016-09-30,47990020.89122307
2016-10-03,47843498.81439033
2016-10-04,47627987.24422842
2016-10-05,47813353.40497594
2016-10-06,47830610.175917126
2016-10-07,47649578.09321287
2016-10-10,47908253.43180932
2016-10-11,47270303.52615195
2016-10-12,47326340.24023477
2016-10-13,47158243.38838546
2016-10-14,47145312.94117933
2016-10-17,47011736.828388594
2016-10-18,47287630.19078674
2016-10-19,47438497.95526829
2016-10-20,47347995.72711676
2016-10-21,47330764.94821779
2016-10-24,47567900.7398772
2016-10-25,47365312.0241916
2016-10-26,47223070.62360952
2016-10-27,47063585.37015883
2016-10-28,46908408.08940134
2016-10-31,46938630.001945674
2016-11-01,46589493.43985782
2016-11-02,46266189.69630994
2016-11-03,46063611.664176576
2016-11-04,46033452.41595335
2016-11-07,47050795.24982755
2016-11-08,47253418.34960547
2016-11-09,47839671.722761564
2016-11-10,48007811.31393755
2016-11-11,48025056.76866477
2016-11-14,48150107.481459774
2016-11-15,48525142.99207764
2016-11-16,48456184.651070476
2016-11-17,48701916.397247665
2016-11-18,48611402.2566852
2016-11-21,48977848.96065107
2016-11-22,49120110.10671937
2016-11-23,49189095.32313388
2016-11-25,49378801.45155797
2016-11-28,49094338.398839936
2016-11-29,49163316.02850465
2016-11-30,49046933.89023991
2016-12-01,48844343.526539
2016-12-02,48844356.904075414
2016-12-05,49184945.03545072
2016-12-06,49434974.82638239
2016-12-07,50047108.86191173
2016-12-08,50228170.82574629
2016-12-09,50499764.73504347
2016-12-12,50370482.05613791
2016-12-13,50663628.41318723
2016-12-14,50206712.787484415
2016-12-15,50413627.68881654
2016-12-16,50336049.21604888
2016-12-19,50478343.20471848
2016-12-20,50693943.94664434
2016-12-21,50550808.87882491
2016-12-22,50420705.810575835
2016-12-23,50498792.866355106
2016-12-27,50624630.22368019
2016-12-28,50203889.604693644
2016-12-29,50208234.567079775
2016-12-30,50021744.56452587
2017-01-03,50403512.02940682
2017-01-04,50789573.66952259
2017-01-05,50689827.178899884
2017-01-06,50850338.60837789
2017-01-09,50655171.36153807
2017-01-10,50694235.51368535
2017-01-11,50854743.31759576
2017-01-12,50720285.27574221
2017-01-13,50846097.17362401
2017-01-17,50620590.15702774
2017-01-18,50737732.03429489
2017-01-19,50538205.130674236
2017-01-20,50711722.38951969
2017-01-23,50577299.374483444
2017-01-24,50972048.74295064
2017-01-25,51410149.23864631
2017-01-26,51336428.28424785
2017-01-27,51254021.71620185
2017-01-30,50907063.73670809
2017-01-31,50950451.740919545
2017-02-01,50946111.36295083
2017-02-02,50980848.43333975
2017-02-03,51366917.25010974
2017-02-06,51245491.8806932
2017-02-07,51241166.96273355
2017-02-08,51297568.16983339
2017-02-09,51635928.43018663
2017-02-10,51852832.70789243
2017-02-13,52113128.30260974
2017-02-14,52304014.5663475
2017-02-15,52590315.79996194
2017-02-16,52542616.98782386
2017-02-17,52620698.128998384
2017-02-21,52933080.82042201
2017-02-22,52863683.32239727
2017-02-23,52824666.28453892
2017-02-24,52911425.59928253
2017-02-27,53028590.67679427
2017-02-28,52833412.73248319
2017-03-01,53544804.39232166
2017-03-02,53202154.99952198
2017-03-03,53245547.847190954
2017-03-06,53037366.46533577
2017-03-07,52868214.374367274
2017-03-08,52720753.282056496
2017-03-09,52746786.267437354
2017-03-10,52937662.41948795
2017-03-13,52976741.47061682
2017-03-14,52785894.065135404
2017-03-15,53263067.28650625
2017-03-16,53198004.611089274
2017-03-17,53167665.426180124
2017-03-20,53041912.67713723
2017-03-21,52300176.94325302
2017-03-22,52369596.10169455
2017-03-23,52352254.42307889
2017-03-24,52357492.49448996
2017-03-27,52296531.64644062
2017-03-28,52662561.579776116
2017-03-29,52758438.17644338
2017-03-30,52954531.42557769
2017-03-31,52863049.644344084
2017-04-03,52732364.76045501
2017-04-04,52758524.87369761
2017-04-05,52545038.72494627
2017-04-06,52710636.04437546
2017-04-07,52671422.325686
2017-04-10,52736824.11735681
2017-04-11,52719424.74916117
2017-04-12,52449276.92167224
2017-04-13,52091986.75296293
2017-04-17,52545211.41824352
2017-04-18,52431918.49238499
2017-04-19,52388373.22426361
2017-04-20,52819768.02861583
2017-04-21,52649840.61314252
2017-04-24,53207631.74816311
2017-04-25,53538798.51402837
2017-04-26,53551876.47480176
2017-04-27,53604186.65941491
2017-04-28,53425542.56984345
2017-05-01,53565036.20450914
2017-05-02,53565050.87495347
2017-05-03,53434339.99950511
2017-05-04,53473563.845967665
2017-05-05,53739376.47624165
2017-05-08,53656636.13442643
2017-05-09,53639221.497866504
2017-05-10,53756887.09748448
2017-05-11,53600037.74572335
2017-05-12,53495468.65390202
2017-05-15,53783087.4434544
2017-05-16,53752624.82581268
2017-05-17,52785288.34026213
2017-05-18,52942182.55941296
2017-05-19,53321281.26214585
2017-05-22,53604553.68979355
2017-05-23,53696085.21717592
2017-05-24,53852949.16996459
2017-05-25,54079546.22935841
2017-05-26,54070844.410744295
2017-05-30,53983768.025109746
2017-05-31,53966349.52641764
2017-06-01,54467455.952551976
2017-06-02,54646139.046913184
2017-06-05,54576466.102625445
2017-06-06,54437029.93720527
2017-06-07,54498049.91666965
2017-06-08,54593932.72686986
2017-06-09,54550375.90228651
2017-06-12,54541707.89939303
2017-06-13,54811870.45761478
2017-06-14,54733466.16534172
2017-06-15,54611466.901346855
2017-06-16,54576630.5248637
2017-06-19,55021118.70968265
2017-06-20,54646408.44522127
2017-06-21,54582936.96634069
2017-06-22,54604851.36013819
2017-06-23,54740567.51292035
2017-06-26,54780003.06769517
2017-06-27,54329138.16355258
2017-06-28,54841319.30705817
2017-06-29,54403583.09379681
2017-06-30,54478036.26553141
2017-07-03,54609389.6152122
2017-07-05,54670705.878615655
2017-07-06,54132291.72669891
2017-07-07,54508764.667374566
2017-07-10,54548211.72297958
2017-07-11,54535090.00498123
2017-07-12,54924700.23281316
2017-07-13,55012267.396693714
2017-07-14,55257436.1630984
2017-07-17,55257481.56499227
2017-07-18,55292502.2083059
2017-07-19,55612079.27208033
2017-07-20,55647119.2654931
2017-07-21,55572707.3467065
2017-07-24,55577119.08658492
2017-07-25,55761002.06010721
2017-07-26,55721622.58400338
2017-07-27,55625345.52974045
2017-07-28,55533426.8129241
2017-07-31,55502817.507830195
2017-08-01,55616662.598962486
2017-08-02,55564138.57738097
2017-08-03,55437214.0299888
2017-08-04,55555421.4420017
2017-08-07,55664907.98938765
2017-08-08,55511705.93206731
2017-08-09,55450438.044512734
2017-08-10,54636216.108231805
2017-08-11,54736912.964173086
2017-08-14,55297284.88363172
2017-08-15,55244775.974669956
2017-08-16,55345473.135158546
2017-08-17,54465592.58244619
2017-08-18,54373688.406403676
2017-08-21,54452538.52636992
2017-08-22,54999744.80401003
2017-08-23,54833401.27584068
2017-08-24,54745867.01229641
2017-08-25,54877219.427967004
2017-08-28,54899145.129874595
2017-08-29,54921036.93731134
2017-08-30,55209985.47048893
2017-08-31,55586468.2239313
2017-09-01,55713431.91520244
2017-09-05,55284492.75305828
2017-09-06,55437730.26106108
2017-09-07,55411479.40523776
2017-09-08,55372099.35866676
2017-09-11,55967489.82728167
2017-09-12,56181999.895500444
2017-09-13,56208292.90546487
2017-09-14,56190789.87985995
2017-09-15,56295869.65630076
2017-09-18,56431631.882920414
2017-09-19,56457898.07665646
2017-09-20,56549841.156961165
2017-09-21,56392286.73342587
2017-09-22,56437579.353216425
2017-09-25,56345294.0639639
2017-09-26,56358500.286285646
2017-09-27,56666254.753840506
2017-09-28,56758617.39765674
2017-09-29,56943269.53881805
2017-10-02,57242273.44510751
2017-10-03,57356617.21914903
2017-10-04,57413781.60456155
2017-10-05,57717136.24758961
2017-10-06,57677594.962954946
2017-10-09,57563333.303243555
2017-10-10,57699639.038309656
2017-10-11,57778792.21509578
2017-10-12,57708456.849095084
2017-10-13,57752438.313605376
2017-10-16,57792069.894078985
2017-10-17,57818455.91423148
2017-10-18,57893212.318646476
2017-10-19,57906426.74172059
2017-10-20,58218584.37765709
2017-10-23,57972421.53825787
2017-10-24,58073559.89080903
2017-10-25,57770215.98166929
2017-10-26,57844984.07722647
2017-10-27,58315436.97057374
2017-10-30,58060483.64342745
2017-10-31,58179179.32815749
2017-11-01,58227581.20509368
2017-11-02,58240788.07660889
2017-11-03,58394682.79667495
2017-11-06,58504643.723466344
2017-11-07,58403525.34339756
2017-11-08,58500255.70689686
2017-11-09,58262861.56836059
2017-11-10,58271671.49411022
2017-11-13,58302505.98199744
2017-11-14,58196994.21041277
2017-11-15,57898057.12130895
2017-11-16,58425642.7212034
2017-11-17,58315772.37275552
2017-11-20,58465283.54216265
2017-11-21,58869777.1690647
2017-11-22,58825815.61077869
2017-11-24,58962170.2577877
2017-11-27,58900660.636416554
2017-11-28,59485428.557387665
2017-11-29,59485444.849314824
2017-11-30,59942676.92530146
2017-12-01,59824001.01105208
2017-12-04,59744927.00828636
2017-12-05,59489931.921594456
2017-12-06,59454768.242721
2017-12-07,59692211.89515597
2017-12-08,60004378.05611752
2017-12-11,60145105.12309831
2017-12-12,60211076.93869331
2017-12-13,60219887.47750294
2017-12-14,59938521.28140755
2017-12-15,60474932.61178988
2017-12-18,60892646.30244812
2017-12-19,60646448.46180782
2017-12-20,60642075.733060956
2017-12-21,60780373.85843742
2017-12-22,60758305.31043901
2017-12-26,60709773.6199221
2017-12-27,60731883.16586402
2017-12-28,60864438.11296097
2017-12-29,60639132.278249875
2018-01-02,61067746.07275388
2018-01-03,61421206.32731301
2018-01-04,61655357.73309061
2018-01-05,62017658.244775556
2018-01-08,62159040.807825126
2018-01-09,62273891.0586916
2018-01-10,62176709.7812711
2018-01-11,62702481.958014496
2018-01-12,63069175.66971584
2018-01-16,62790815.284438744
2018-01-17,63369598.228455305
2018-01-18,63259152.71841087
2018-01-19,63586092.20159256
2018-01-22,64089794.51100315
2018-01-23,64248819.11895219
2018-01-24,64186968.09455322
2018-01-25,64213496.559801094
2018-01-26,64885017.57106395
2018-01-29,64460881.4227209
2018-01-30,63789341.17678197
2018-01-31,63811414.891049996
2018-02-01,63784890.27273734
2018-02-02,62428541.70130032
2018-02-05,59972058.137666255
2018-02-06,60952876.587211326
2018-02-07,60683379.54067135
2018-02-08,58500786.22359366
2018-02-09,59304899.55093807
2018-02-12,60095760.18646419
2018-02-13,60285733.38822401
2018-02-14,61129604.7910233
2018-02-15,61876252.6001147
2018-02-16,61902777.21842736
2018-02-20,61531651.83735746
2018-02-21,61244466.582695425
2018-02-22,61284228.50508551
2018-02-23,62234132.98323675
2018-02-26,62888031.184276216
2018-02-27,62097178.24262052
2018-02-28,61412373.76405765
2018-03-01,60683379.54067136
2018-03-02,61076574.78907407
2018-03-05,61765822.47781115
2018-03-06,61991141.32033336
2018-03-07,62044140.546800874
2018-03-08,62278330.42193062
2018-03-09,63312159.63874885
2018-03-12,63276821.69185689
2018-03-13,62883611.055713326
2018-03-14,62565484.90111093
2018-03-15,62481537.080832645
2018-03-16,62587593.237795904
2018-03-19,61783479.91045149
2018-03-20,61876252.60011473
2018-03-21,61823257.22058244
2018-03-22,60308761.14242558
2018-03-23,59044473.57763688
2018-03-26,60601543.687826544
2018-03-27,59528014.09958168
2018-03-28,59390493.85948874
2018-03-29,60206751.96130931
2018-04-02,58835981.22974841
2018-04-03,59567941.44018605
2018-04-04,60237773.64688919
2018-04-05,60659213.09364599
2018-04-06,59386077.57786105
2018-04-09,59585702.740077205
2018-04-10,60552745.314614646
2018-04-11,60273273.1650602
2018-04-12,60761229.9686327
2018-04-13,60588233.29198003
2018-04-16,61093943.701573245
2018-04-17,61737201.27980592
2018-04-18,61821476.08957755
2018-04-19,61484346.075009316
2018-04-20,60996362.342890315
2018-04-23,60974169.3736306
2018-04-24,60242228.397869036
2018-04-25,60308761.14242559
2018-04-26,60881027.37818665
2018-04-27,60920947.024920575
2018-04-30,60477337.69051535
2018-05-01,60570495.07370017
2018-05-02,60220054.663285404
2018-05-03,60055902.09069376
2018-05-04,60832221.311104305
2018-05-07,61098406.14642352
2018-05-08,61120576.03407193
2018-05-09,61697262.398395896
2018-05-10,62234029.11598593
2018-05-11,62358262.041843645
2018-05-14,62389302.9620996
2018-05-15,62012230.219186135
2018-05-16,62313899.1849355
2018-05-17,62331591.239992775
2018-05-18,62194105.62231677
2018-05-21,62659904.079046495
2018-05-22,62429211.06802788
2018-05-23,62593355.94674909
2018-05-24,62491312.14321587
2018-05-25,62371572.43769016
2018-05-29,61754939.49808575
2018-05-30,62553424.75920951
2018-05-31,62123133.51452125
2018-06-01,62770795.833575964
2018-06-04,63063570.6851065
2018-06-05,63156751.14990261
2018-06-06,63715691.60207629
2018-06-07,63622538.0658267
2018-06-08,63839889.905517064
2018-06-11,63933070.370313175
2018-06-12,64066135.85942627
2018-06-13,63826591.050476186
2018-06-14,64008481.84134769
2018-06-15,63946365.378418826
2018-06-18,63875400.96449372
2018-06-19,63662446.17175496
2018-06-20,63808841.291390665
2018-06-21,63369682.86103008
2018-06-22,63460101.22634127
2018-06-25,62569127.94876024
2018-06-26,62711679.98011539
2018-06-27,62128084.52014392
2018-06-28,62515651.70232597
2018-06-29,62560218.44680053
2018-07-02,62711679.98011539
2018-07-03,62551293.557099976
2018-07-05,63081435.85224848
2018-07-06,63611578.14739699
2018-07-09,64190703.46864774
2018-07-10,64355525.40796693
2018-07-11,63896686.05704251
2018-07-12,64422365.90734073
2018-07-13,64462450.97228894
2018-07-16,64359999.393622845
2018-07-17,64654024.4990985
2018-07-18,64796576.53045366
2018-07-19,64640675.633899815
2018-07-20,64524809.79213638
2018-07-23,64627295.99321941
2018-07-24,64769855.718445
2018-07-25,65322260.2276871
2018-07-26,65215330.81642987
2018-07-27,64694124.951787576
2018-07-30,64270915.91483152
2018-07-31,64636190.10743825
2018-08-01,64560482.42239212
2018-08-02,64943591.00665911
2018-08-03,65161866.110801265
2018-08-06,65455910.45095301
2018-08-07,65669723.11024488
2018-08-08,65607387.372008726
2018-08-09,65562816.780598946
2018-08-10,65152956.608841576
2018-08-13,64903513.635581344
2018-08-14,65331177.42351725
2018-08-15,64814395.534373075
2018-08-16,65322260.22768712
2018-08-17,65562816.780598946
2018-08-20,65687549.80803471
2018-08-21,65932576.49966724
2018-08-22,65954850.25456649
2018-08-23,65825662.47615088
2018-08-24,66235522.64790824
2018-08-27,66712188.696622476
2018-08-28,66752281.45544111
2018-08-29,67104229.864460446
2018-08-30,66828004.528228104
2018-08-31,66854756.11571849
2018-09-04,66761190.957400806
2018-09-05,66542915.853258654
2018-09-06,66342413.58981331
2018-09-07,66190967.44423931
2018-09-10,66333527.16946489
2018-09-11,66556280.10619819
2018-09-12,66560750.2449189
2018-09-13,66894818.09905539
2018-09-14,66948290.49855444
2018-09-17,66525104.54320967
2018-09-18,66881469.23385671
2018-09-19,66890378.735816404
2018-09-20,67407160.62496057
2018-09-21,67340339.36026284
2018-09-24,67095320.36250073
2018-09-25,67059674.6607915
2018-09-26,66801276.022348985
2018-09-27,66957215.388254985
2018-09-28,66985851.9740011
2018-10-01,67088819.0419861
2018-10-02,66990329.80659225
2018-10-03,67079855.68293339
2018-10-04,66511378.67835985
2018-10-05,66081683.708630025
2018-10-08,66032435.24399789
2018-10-09,65916042.37210989
2018-10-10,63816727.50858295
2018-10-11,62455993.43099997
2018-10-12,63279587.63827698
2018-10-15,62997588.05228578
2018-10-16,64385212.20702692
2018-10-17,64367312.417468
2018-10-18,63436254.07493877
2018-10-19,63270628.12615949
2018-10-22,63019965.67443586
2018-10-23,62648451.752909176
2018-10-24,60701302.41184157
2018-10-25,61842730.406644575
2018-10-26,60772951.58023508
2018-10-29,60437229.54395581
2018-10-30,61381686.761841536
2018-10-31,62021778.31239164
2018-11-01,62724559.519217744
2018-11-02,62469407.694097325
2018-11-05,62773781.05530337
2018-11-06,63131876.86679749
2018-11-07,64421004.09227434
2018-11-08,64295663.24907449
2018-11-09,63637671.90896546
2018-11-12,62415692.93767968
2018-11-13,62326163.214403324
2018-11-14,61869605.096061856
2018-11-15,62567893.08255596
2018-11-16,62702174.203197226
2018-11-19,61614460.96481186
2018-11-20,60517780.52043856
2018-11-21,60813225.145008825
2018-11-23,60486470.314717494
2018-11-26,61426461.240817726
2018-11-27,61502549.77245022
2018-11-28,62934913.78375063
2018-11-29,62818547.840409145
2018-11-30,63270628.12615947
2018-12-03,64009205.06516822
2018-12-04,61918822.78521226
2018-12-06,61842730.40664456
2018-12-07,60383510.940602936
2018-12-10,60450647.65398836
2018-12-11,60437229.543955795
2018-12-12,60781861.08219477
2018-12-13,60634192.62700265
2018-12-14,59586737.5656502
2018-12-17,58315525.51747314
2018-12-18,58297621.880979
2018-12-19,57402386.19917891
2018-12-20,56475813.38311125
2018-12-21,55276200.4931699
2018-12-24,53894396.75141021
2018-12-26,56487800.43324356
2018-12-27,56996576.85020374
2018-12-28,56924539.141353436
2018-12-31,57464852.73321241
2019-01-02,57509877.26297766
2019-01-03,56177137.332959756
2019-01-04,58036649.642877154
2019-01-07,58621972.376760505
2019-01-08,59225294.92051839
2019-01-09,59504455.468320355
2019-01-10,59797114.911794424
2019-01-11,59810613.80746653
2019-01-14,59432421.60640528
2019-01-15,60080768.67992841
2019-01-16,60251845.73590841
2019-01-17,60738129.122662045
2019-01-18,61526046.85274812
2019-01-22,60684087.37675107
2019-01-23,60747130.95106692
2019-01-24,60873187.324216895
2019-01-25,61445018.85629858
2019-01-28,60994765.86477574
2019-01-29,60909221.566382915
2019-01-30,61827719.6654327
2019-01-31,62372514.93681803
2019-02-01,62462556.30247808
2019-02-04,62908304.53286327
2019-02-05,63169438.342244186
2019-02-06,63106425.543410055
2019-02-07,62507603.91385461
2019-02-08,62570628.25349439
2019-02-11,62701212.46939331
2019-02-12,63484617.74447129
2019-02-13,63682711.82647157
2019-02-14,63570162.04286411
2019-02-15,64268042.254225336
2019-02-19,64394137.09672748
2019-02-20,64529210.6860232
2019-02-21,64308585.10446422
2019-02-22,64731786.447549835
2019-02-25,64826328.72741233
2019-02-26,64704804.043946505
2019-02-27,64727316.30882913
2019-02-28,64592227.33179254
2019-03-01,65024438.19715347
2019-03-04,64722792.313015394
2019-03-05,64601252.24180871
2019-03-06,64110471.787787855
2019-03-07,63610701.04616777
2019-03-08,63480143.75881535
2019-03-11,64412144.60047244
2019-03-12,64628250.03315291
2019-03-13,65042457.241704084
2019-03-14,64988430.88353397
2019-03-15,65290115.2370242
2019-03-18,65533218.46104887
2019-03-19,65519754.18779372
2019-03-20,65249591.62146141
2019-03-21,66015008.62747051
2019-03-22,64637244.167687364
2019-03-25,64592904.392390534
2019-03-26,65090828.605107054
2019-03-27,64792075.61625122
2019-03-28,65077272.005406715
2019-03-29,65507320.89317639
2019-04-01,66267813.82210931
2019-04-02,66263274.43855472
2019-04-03,66421691.23073967
2019-04-04,66562050.50902185
2019-04-05,66897026.23986926
2019-04-08,66955899.736411236
2019-04-09,66553002.517394386
2019-04-10,66860818.885618545
2019-04-11,66856302.58367525
2019-04-12,67304432.066959
2019-04-15,67250105.64784205
2019-04-16,67268209.32496741
2019-04-17,67019266.45328523
2019-04-18,67118832.8305395
2019-04-22,67136959.58927615
2019-04-23,67811450.43452556
2019-04-24,67720901.27341703
2019-04-25,67607739.82711026
2019-04-26,67974398.91639467
2019-04-29,68074003.7630011
2019-04-30,68078527.75881483
2019-05-01,67571547.86060041
2019-05-02,67458347.94494149
2019-05-03,68187180.59704871
2019-05-06,67969867.2267105
2019-05-07,66797436.78100369
2019-05-08,66688791.636640236
2019-05-09,66476033.03759748
2019-05-10,66783841.7119512
2019-05-13,65095375.68253209
2019-05-14,65683864.444098
2019-05-15,66073143.51245107
2019-05-16,66670703.34725575
2019-05-17,66199923.109421626
2019-05-20,65729096.708364904
2019-05-21,66371934.97065906
2019-05-22,66132017.00899305
2019-05-23,65290022.91057906
2019-05-24,65448447.39663444
2019-05-28,64873522.928639285
2019-05-29,64429944.36971579
2019-05-30,64556681.65039896
2019-05-31,63687532.036296934
2019-06-03,63560760.133196816
2019-06-04,64986715.15042777
2019-06-05,65484677.83249646
2019-06-06,65851336.92178086
2019-06-07,66448881.36884468
2019-06-10,66820079.84168367
2019-06-11,66756690.0431984
2019-06-12,66666179.35144203
2019-06-13,66973988.02579575
2019-06-14,66829135.527181566
2019-06-17,66877737.706697464
2019-06-18,67609293.98893744
2019-06-19,67840994.89698258
2019-06-20,68463459.79037409
2019-06-21,68472561.63909456
2019-06-24,68090907.19633913
2019-06-25,67445683.8342112
2019-06-26,67318511.84984864
2019-06-27,67722847.82263619
2019-06-28,68195389.95679913
2019-07-01,68677018.55194171
2019-07-02,68836043.15989074
2019-07-03,69354025.29282223
2019-07-05,69313140.06534915
2019-07-08,68940541.30809161
2019-07-09,69063235.459863
2019-07-10,69344946.52571301
2019-07-11,69440350.51906383
2019-07-12,69794753.27275082
2019-07-15,69749313.27398227
2019-07-16,69572131.13181485
2019-07-17,69113222.53605655
2019-07-18,69367674.2189677
2019-07-19,68972340.07458504
2019-07-22,69135927.14769997
2019-07-23,69599382.8208833
2019-07-24,70026477.26240727
2019-07-25,69653909.28063147
2019-07-26,70158234.79354702
2019-07-29,69990146.80622965
2019-07-30,69921994.50194727
2019-07-31,69158647.14708425
2019-08-01,68518009.33173351
2019-08-02,67963696.74262439
2019-08-05,65946302.364517026
2019-08-06,66805038.32499
2019-08-07,66877737.70669741
2019-08-08,68149965.34577143
2019-08-09,67663781.97933342
2019-08-12,66827773.712115146
2019-08-13,67781929.0536798
2019-08-14,65823631.29435692
2019-08-15,65946302.36451704
2019-08-16,66945890.0109798
2019-08-19,67741020.74459542
2019-08-20,67223069.38714565
2019-08-21,67791015.51465942
2019-08-22,67731941.97748624
2019-08-23,66023533.43590862
2019-08-26,66691469.10355038
2019-08-27,66382498.65476149
2019-08-28,66855025.40118358
2019-08-29,67741020.74459542
2019-08-30,67718300.74521115
2019-09-03,67277588.15302339
2019-09-04,67995472.42750658
2019-09-05,68904187.7703027
2019-09-06,68917844.39031865
2019-09-09,68958714.23005086
2019-09-10,69026905.0036854
2019-09-11,69590319.44151501
2019-09-12,69799308.04404633
2019-09-13,69731155.73976395
2019-09-16,69589665.46252833
2019-09-17,69758530.53075927
2019-09-18,69749405.6004275
2019-09-19,69703757.8671573
2019-09-20,69397934.21137491
2019-09-23,69434441.62657246
2019-09-24,68790872.44658731
2019-09-25,69224491.29023722
2019-09-26,69014533.26003154
2019-09-27,68603703.6605998
2019-09-30,68923237.79349115
2019-10-01,68024039.76841883
2019-10-02,66919453.87217715
2019-10-03,67462625.73690142
2019-10-04,68343535.43195802
2019-10-07,68074249.9668549
2019-10-08,66974218.84190868
2019-10-09,67590428.61863935
2019-10-10,68024039.76841882
2019-10-11,68754334.25590803
2019-10-14,68690459.74358557
2019-10-15,69365981.56747282
2019-10-16,69238186.37960531
2019-10-17,69466425.04595628
2019-10-18,69187953.09955794
2019-10-21,69639852.57935311
2019-10-22,69429902.24301785
2019-10-23,69571400.21412389
2019-10-24,69763085.30205472
2019-10-25,70041526.47297134
2019-10-28,70466020.38628946
2019-10-29,70452340.68466222
2019-10-30,70621221.14063403
2019-10-31,70374740.30748993
2019-11-01,71127862.50854947
2019-11-04,71388030.73719123
2019-11-05,71324133.14325747
2019-11-06,71292203.58096667
2019-11-07,71534106.561204
2019-11-08,71734947.35494833
2019-11-11,71593433.99610142
2019-11-12,71716682.1065439
2019-11-13,71748642.44431643
2019-11-14,71821672.66245238
2019-11-15,72369414.68621299
2019-11-18,72410499.95431729
2019-11-19,72433304.58627631
2019-11-20,72205073.61379577
2019-11-21,72022498.06845586
2019-11-22,72182253.59409589
2019-11-25,72866915.73605576
2019-11-26,73022116.49040034
2019-11-27,73369033.10815747
2019-11-29,73040358.65719347
2019-12-02,72378547.31041518
2019-12-03,71949483.23806074
2019-12-04,72415054.72561273
2019-12-05,72520037.58765079
2019-12-06,73163614.46150637
2019-12-09,72930828.71773037
2019-12-10,72866915.73605576
2019-12-11,73040358.65719347
2019-12-12,73638318.57326059
2019-12-13,73638318.57326059
2019-12-16,74176920.27894855
2019-12-17,74204325.8454256
2019-12-18,74236263.10158683
2019-12-19,74560344.31190322
2019-12-20,74943737.56937617
2019-12-23,74989400.69038723
2019-12-24,75005896.3485924
2019-12-26,75368462.29880723
2019-12-27,75299625.24005644
2019-12-30,74891180.74045847
2019-12-31,75088551.59863819
2020-01-02,75712662.98030204
2020-01-03,75230780.48743522
2020-01-06,75487778.8414592
2020-01-07,75308796.3336108
2020-01-08,75680533.37738001
2020-01-09,76153229.3889516
2020-01-10,75932930.79688595
2020-01-13,76451528.43945196
2020-01-14,76410204.66136427
2020-01-15,76598381.34437832
2020-01-16,77254614.63509376
2020-01-17,77447369.17101458
2020-01-21,77282166.38510904
2020-01-22,77328044.93449217
2020-01-23,77415247.26196298
2020-01-24,76680975.04346067
2020-01-27,75529094.92567644
2020-01-28,76258766.2096607
2020-01-29,76208279.03188908
2020-01-30,76391862.47425552
2020-01-31,75042642.2737733
2020-02-03,75703484.19287722
2020-02-04,76896641.92552653
2020-02-05,77653880.34726693
2020-02-06,77869578.00481452
2020-02-07,77424433.74325821
2020-02-10,77993487.78811412
2020-02-11,78209170.05792084
2020-02-12,78700231.33821246
2020-02-13,78668101.73529044
2020-02-14,78796627.84084894
2020-02-18,78613036.70461206
2020-02-19,79012271.6413035
2020-02-20,78773646.24986997
2020-02-21,77965966.81358056
2020-02-24,75400599.59559965
2020-02-25,73096831.66616078
2020-02-26,72692965.01946956
2020-02-27,69508071.966602
2020-02-28,69039984.58341889
2020-03-02,71899034.52964124
2020-03-03,70044996.40853587
2020-03-04,72844403.4711731
2020-03-05,70416725.75843462
2020-03-06,69108783.1728175
2020-03-09,63560440.83757379
2020-03-10,66713235.06300105
2020-03-11,63335575.93340704
2020-03-12,57176863.46909018
2020-03-13,62381020.51057994
2020-03-16,55281528.498443626
2020-03-17,58053406.89267688
2020-03-18,54707877.366004884
2020-03-19,55111724.77802003
2020-03-20,52863006.49151867
2020-03-23,51357758.4456205
2020-03-24,56231502.22142875
2020-03-25,57007067.44253702
2020-03-26,60467901.15843096
2020-03-27,58540098.0545634
2020-03-30,60315704.86048989
2020-03-31,59453268.14833936
2020-04-01,56709122.310076505
2020-04-02,57889800.58488589
2020-04-03,56902827.0389956
2020-04-06,60882970.080470465
2020-04-07,60952172.59806675
2020-04-08,63092145.71988904
2020-04-09,64272816.300827995
2020-04-13,63507237.723539844
2020-04-14,65435044.6743426
2020-04-15,63899248.11589609
2020-04-16,64199005.15484323
2020-04-17,66016131.93255341
2020-04-20,64946145.37164226
2020-04-21,62930739.85904145
2020-04-22,64351212.993589945
2020-04-23,64360445.63810776
2020-04-24,65319736.63818545
2020-04-27,66477348.689441144
2020-04-28,66269798.840680525
2020-04-29,68146887.79759872
2020-04-30,67261392.55576494
2020-05-01,65402738.11240066
2020-05-04,65651804.08600975
2020-05-05,66260573.89003314
2020-05-06,65896246.043489486
2020-05-07,66758675.06176959
2020-05-08,68013137.55401723
2020-05-11,68022385.58627592
2020-05-12,66574183.74269223
2020-05-13,65236727.47009981
2020-05-14,65937739.086726665
2020-05-15,66334358.10747139
2020-05-18,68534297.25543693
2020-05-19,67805587.70525661
2020-05-20,69060073.27911554
2020-05-21,68644981.27546474
2020-05-22,68838689.85131906
2020-05-26,69797977.00446153
2020-05-27,70900254.73957376
2020-05-28,70655805.08822359
2020-05-29,70891029.78892638
2020-06-01,71370688.75323848
2020-06-02,71910275.27434167
2020-06-03,73030979.82913737
2020-06-04,72800402.22617522
2020-06-05,74668243.15083474
2020-06-08,75682872.31399111
2020-06-09,74991077.95414121
2020-06-10,74433033.83787282
2020-06-11,70042418.96194129
2020-06-12,71010946.45347202
2020-06-15,71771916.4023717
2020-06-16,73150911.88142389
2020-06-17,72795778.2100459
2020-06-18,72855744.23618916
2020-06-19,72445260.86092684
2020-06-22,72947986.04879263
2020-06-23,73233913.35563911
2020-06-24,71246163.4603044
2020-06-25,72107876.94863437
2020-06-26,70430736.29649045
2020-06-29,71463915.38125722
2020-06-30,72520222.24054113
2020-07-01,72941823.258577
2020-07-02,73233690.23339662
2020-07-06,74387316.8597688
2020-07-07,73632140.39530405
2020-07-08,74234447.34816498
2020-07-09,73775769.56851962
2020-07-10,74568007.40685298
2020-07-13,73761859.05077943
2020-07-14,74730140.33845635
2020-07-15,75656759.3177466
2020-07-16,75318559.85518837
2020-07-17,75605787.42613779
2020-07-20,76184912.74738856
2020-07-21,76402680.05608222
2020-07-22,76801099.44250792
2020-07-23,75962544.50417683
2020-07-24,75374132.68131523
2020-07-27,76022764.42804432
2020-07-28,75466805.35066286
2020-07-29,76467554.77156077
2020-07-30,76296104.56286484
2020-07-31,76685291.30477273
2020-08-03,77352434.50376005
2020-08-04,77658211.99631986
2020-08-05,78223449.88144173
2020-08-06,78603327.04012747
2020-08-07,78668217.14334689
2020-08-10,78885938.28881799
2020-08-11,78251232.44756995
2020-08-12,79298291.27459519
2020-08-13,79238055.96298684
2020-08-14,79214897.41298798
2020-08-17,79553127.65102792
2020-08-18,79673559.80489247
2020-08-19,79363142.90846245
2020-08-20,79590165.94328524
2020-08-21,79789383.33036853
2020-08-24,80553838.6025737
2020-08-25,80822523.94578315
2020-08-26,81554557.2479899
2020-08-27,81749119.84346211
2020-08-28,82318989.43858375
2020-08-31,82133674.87537022
2020-09-01,82861053.3859659
2020-09-02,83968339.83072904
2020-09-03,81049562.36834681
2020-09-04,80359260.61936063
2020-09-08,78102963.87048422
2020-09-09,79631859.02715367
2020-09-10,78325355.19530724
2020-09-11,78353153.14917631
2020-09-14,79576278.50715639
2020-09-15,80030316.88293153
2020-09-16,79766224.78036968
2020-09-17,79108337.30751148
2020-09-18,78339265.71304742
2020-09-21,77394127.5876285
2020-09-22,78163214.56983343
2020-09-23,76277585.41673625
2020-09-24,76439718.34833962
2020-09-25,77669714.33261503
2020-09-28,79079285.25276206
2020-09-29,78637341.64130527
2020-09-30,79228138.56400064
2020-10-01,79888726.58538032
2020-10-02,79265353.8152779
2020-10-05,80693520.82025792
2020-10-06,79698003.23125343
2020-10-07,81088954.9849562
2020-10-08,81800684.16309418
2020-10-09,82489216.32188113
2020-10-12,83712649.43467847
2020-10-13,83270721.21096252
2020-10-14,82717147.23341483
2020-10-15,82745060.59534037
2020-10-16,82596176.50862008
2020-10-19,81414582.66322935
2020-10-20,81698355.686355
2020-10-21,81419229.76096997
2020-10-22,81996085.39044343
2020-10-23,82265894.0387359
2020-10-26,80772613.80829395
2020-10-27,80446963.04840954
2020-10-28,77781375.47418769
2020-10-29,78516386.30425142
2020-10-30,77683678.70744827
2020-11-02,78493127.73393694
2020-11-03,80000364.64534165
2020-11-04,81744872.82698394
2020-11-05,83433554.28477515
2020-11-06,83391684.24188682
2020-11-09,84382547.03928025
2020-11-10,84242987.92352295
2020-11-11,84926819.12747623
2020-11-12,84089479.8206733
2020-11-13,85280414.0247679
2020-11-16,86322441.06053092
2020-11-17,86127062.91479297
2020-11-18,85215254.6360834
2020-11-19,85689758.70720638
2020-11-20,85238536.28800917
2020-11-23,85936308.78518435
2020-11-24,87266779.02342497
2020-11-25,87234226.25762922
2020-11-27,87541257.85106936
2020-11-30,86852771.85550502
2020-12-01,87955280.40673019
2020-12-02,88029726.29702556
2020-12-03,88206508.35793054
2020-12-04,89090372.49923284
2020-12-07,88992691.1202343
2020-12-08,89378808.00784001
2020-12-09,88499590.96427834
2020-12-10,88629817.41520222
2020-12-11,88471669.90848237
2020-12-14,88220457.34502289
2020-12-15,89429964.55233917
2020-12-16,89555590.06874499
2020-12-17,90258040.43914255
2020-12-18,90002165.39020157
2020-12-21,89741643.24351996
2020-12-22,89760270.10383467
2020-12-23,89913785.90055475
2020-12-24,90064170.2920092
2020-12-28,90634016.80551955
2020-12-29,90255686.11479053
2020-12-30,90498573.91044311
2020-12-31,90914281.42372844
2021-01-04,89620441.70261228
2021-01-05,90344434.91021809
2021-01-06,91157169.21938102
2021-01-07,92619150.78490755
2021-01-08,93067557.24752684
2021-01-11,92511713.57820186
2021-01-12,92838703.07154135
2021-01-13,92941447.01728384
2021-01-14,92852698.2218563
2021-01-15,92044634.09204529
2021-01-19,92885381.78344938
2021-01-20,94057796.84141533
2021-01-21,93987721.06952506
2021-01-22,93833589.76317048
2021-01-25,94099828.45558272
2021-01-26,93758851.50579873
2021-01-27,91507471.14012805
2021-01-28,92226809.55612278
2021-01-29,90610673.60263036
2021-02-01,92156749.17197339
2021-02-02,93478609.96920115
2021-02-03,93618730.73749995
2021-02-04,94805125.55803996
2021-02-05,95337602.94286443
2021-02-08,96192391.94780605
2021-02-09,96229776.46423279
2021-02-10,96187714.07458368
2021-02-11,96416599.02605091
2021-02-12,96916400.54315272
2021-02-16,96743557.74390867
2021-02-17,96542716.95016435
2021-02-18,95986857.8930985
2021-02-19,96206402.48586185
2021-02-22,95290901.14934514
2021-02-23,95276898.30515978
2021-02-24,96346538.64190151
2021-02-25,93828919.5838186
2021-02-26,93455235.99083023
2021-03-01,95856077.48350357
2021-03-02,94954617.46052437
2021-03-03,93586031.78816602
2021-03-04,92105354.11749089
2021-03-05,93768199.55837306
2021-03-08,93310421.9615682
2021-03-09,94758423.76452067
2021-03-10,95435722.87247759
2021-03-11,96682845.41233356
2021-03-12,96874338.1535036
2021-03-15,97551629.56759009
2021-03-16,97159272.95106441
2021-03-17,97528270.97696
2021-03-18,95753348.92550191
2021-03-19,95874765.89478168
2021-03-22,96393225.04767992
2021-03-23,95295579.02256745
2021-03-24,94506210.99790505
2021-03-25,95205414.55498049
2021-03-26,96761330.58460543
2021-03-29,96306730.55628878
2021-03-30,96278632.54147288
2021-03-31,96864420.75451735
2021-04-01,98078228.83540486
2021-04-05,99221707.24667786
2021-04-06,99259199.47729065
2021-04-07,99174859.26962034
2021-04-08,99751291.73622008
2021-04-09,100355852.99311744
2021-04-12,100383927.92632204
2021-04-13,100665154.27833487
2021-04-14,100440200.89465816
2021-04-15,101508702.53857604
2021-04-16,101766454.8919023
2021-04-19,101100981.26279862
2021-04-20,100173054.32553501
2021-04-21,101368127.83192177
2021-04-22,100576097.72809006
2021-04-23,101794575.9883295
2021-04-26,102164812.72736456
2021-04-27,102117941.66869575
2021-04-28,102103869.5796765
2021-04-29,102492856.28095315
2021-04-30,101743027.05643831
2021-05-03,101921117.07531665
2021-05-04,101157231.14952342
2021-05-05,101138458.10567053
2021-05-06,101653978.20006393
2021-05-07,102516284.11641712
2021-05-10,101311885.63906737
2021-05-11,100496458.4752534
2021-05-12,98232883.32494877
2021-05-13,99315449.36401546
2021-05-14,101011955.48803551
2021-05-17,100796365.54467396
2021-05-18,100009044.08954634
2021-05-19,99718469.6849592
2021-05-20,100801051.11176674
2021-05-21,100744816.61278278
2021-05-24,101761784.71255034
2021-05-25,101480573.74827838
2021-05-26,101846124.92022064
2021-05-27,102033593.76715499
2021-05-28,102206982.83119968
2021-06-01,102249160.62890525
2021-06-02,102385095.9316893
2021-06-03,101930495.90337266
2021-06-04,102816229.65518983
2021-06-07,102900592.94447142
2021-06-08,103111474.23912889
2021-06-09,102820915.22228262
2021-06-10,103275515.25059927
2021-06-11,103580130.96872392
2021-06-14,103739463.33149022
2021-06-15,103467638.8891447
2021-06-16,102952134.18249217
2021-06-17,102853737.27354349
2021-06-18,101579001.4327088
2021-06-21,102980262.9727898
2021-06-22,103566058.87970468
2021-06-23,103523888.77586953
2021-06-24,104226662.28882521
2021-06-25,104616841.54001877
2021-06-28,104734350.02311933
2021-06-29,104739043.28408256
2021-06-30,104743744.23891622
2021-07-01,105312559.77378875
2021-07-02,105895455.09155095
2021-07-06,105665115.99857217
2021-07-07,105806136.94971146
2021-07-08,104912978.61292787
2021-07-09,106182213.33640403
2021-07-12,106478350.40931313
2021-07-13,105886053.1818836
2021-07-14,105740323.58204024
2021-07-15,105368963.53792217
2021-07-16,104541618.56880979
2021-07-19,103056155.31072627
2021-07-20,104837771.02945977
2021-07-21,105777915.83296864
2021-07-22,105867249.36254899
2021-07-23,106924941.11851056
2021-07-26,107141161.9592475
2021-07-27,106562959.90244852
2021-07-28,106727493.32162653
2021-07-29,107197581.11112182
2021-07-30,106562959.90244852
2021-08-02,106412544.73551236
2021-08-03,107174091.72469442
2021-08-04,106694594.33166137
2021-08-05,107456133.62697299
2021-08-06,107587760.36231539
2021-08-09,107545436.38107161
2021-08-10,107615950.70357648
2021-08-11,107827509.05883192
2021-08-12,108128339.39270425
2021-08-13,108189444.11167136
2021-08-16,108231760.39904469
2021-08-17,107427920.20410061
2021-08-18,106356133.27750848
2021-08-19,106276209.35146588
2021-08-20,107230487.79495743
2021-08-23,108269383.42545483
2021-08-24,108654838.64020342
2021-08-25,108965078.57761349
2021-08-26,108236453.66000791
2021-08-27,109402275.07101405
2021-08-30,109815928.32089417
2021-08-31,109609109.38982454
2021-09-01,109801833.15026364
2021-09-02,110173200.88825214
2021-09-03,110135593.24958287
2021-09-07,109660819.89299479
2021-09-08,109402275.07101408
2021-09-09,109021490.03561741
2021-09-10,108156552.81557663
2021-09-13,108400979.38531552
2021-09-14,107747577.4389189
2021-09-15,108636027.1269984
2021-09-16,108537299.38162117
2021-09-17,107667653.5128763
2021-09-20,105801428.3010074
2021-09-21,105792011.00359923
2021-09-22,106859120.05696899
2021-09-23,108161238.38266945
2021-09-24,108290456.93656678
2021-09-27,108054678.27719294
2021-09-28,105791156.98398133
2021-09-29,105861886.73485827
2021-09-30,104715984.75439934
2021-10-01,106158977.84770091
2021-10-04,104560345.4494402
2021-10-05,105536497.56656855
2021-10-06,105975055.87503548
2021-10-07,106993647.3814641
2021-10-08,106757868.72209023
2021-10-11,105989212.59662947
2021-10-12,105913751.11543715
2021-10-13,106394764.20094518
2021-10-14,108163146.46253647
2021-10-15,108804453.64461476
2021-10-18,109200572.56378143
2021-10-19,109997526.7446893
2021-10-20,110426652.3680072
2021-10-21,110728452.1295539
2021-10-22,110516255.18305264
2021-10-25,111195293.10572709
2021-10-26,111152861.41029727
2021-10-27,110393653.35772641
2021-10-28,111572554.34846613
2021-10-29,111718745.5805354
2021-11-01,112275197.06562446
2021-11-02,112624160.25291637
2021-11-03,113421091.35221297
2021-11-04,113850201.58779
2021-11-05,114288782.97786824
2021-11-08,114477421.29310818
2021-11-09,114147323.47611435
2021-11-10,113024957.04530543
2021-11-11,113161738.67383695
2021-11-12,114001124.55017464
2021-11-15,114001124.55017464
2021-11-16,114491547.23922044
2021-11-17,114019982.2266023
2021-11-18,114199187.8566932
2021-11-19,113873790.99453303
2021-11-22,113326787.58233386
2021-11-23,113364502.93518916
2021-11-24,113746480.52050272
2021-11-26,111284903.614643
2021-11-29,112331777.78877786
2021-11-30,110087129.55973476
2021-12-01,108535652.89334881
2021-12-02,110299326.50623603
2021-12-03,109021382.3214314
2021-12-06,110421928.33156228
2021-12-07,112784485.12496838
2021-12-08,113270191.47143966
2021-12-09,112190310.59315358
2021-12-10,112954242.6821694
2021-12-13,111926226.18446217
2021-12-14,111086848.00199491
2021-12-15,112798626.45882152
2021-12-16,111534831.30174044
2021-12-17,111025527.8546557
2021-12-20,109464649.27860244
2021-12-21,111610269.70132147
2021-12-22,112713755.37409145
2021-12-23,113491836.49083081
2021-12-27,114982108.41793405
2021-12-28,114745483.43281272
2021-12-29,114811743.04496895
2021-12-30,114627182.4810577
2021-12-31,114262754.61419845
2022-01-03,114986840.14824945
2022-01-04,114769142.08438966
2022-01-05,112279836.46949473
2022-01-06,112251438.393732
2022-01-07,111740319.19322543
2022-01-10,111546279.78094256
2022-01-11,112658436.44568886
2022-01-12,112833525.85509889
2022-01-13,111181867.30182414
2022-01-14,111224468.26240346
2022-01-18,109061675.12088127
2022-01-19,107916404.03779772
2022-01-20,106657563.73327453
2022-01-21,104546835.01296243
2022-01-24,105218871.51354419
2022-01-25,103747041.79386531
2022-01-26,103344744.69674212
2022-01-27,102578088.97759354
2022-01-28,105105271.51662283
2022-01-31,107339009.83739403
2022-02-01,108157776.14097528
2022-02-02,108872375.13278419
2022-02-03,106283687.79352535
2022-02-04,106988831.01857394
2022-02-07,106719076.2273745
2022-02-08,107698729.05554919
2022-02-09,109449746.25157654
2022-02-10,107594592.51925859
2022-02-11,105507553.22600512
2022-02-14,105119459.01369852
2022-02-15,106988831.01857391
2022-02-16,107088228.13067868
2022-02-17,104655680.19795707
2022-02-18,103818002.36085516
2022-02-22,102625406.28074735
2022-02-23,100737130.43622173
2022-02-24,102502365.90480655
2022-02-25,104783459.99808376
2022-02-28,104669867.69503282
2022-03-01,103037151.45076047
2022-03-02,104991694.60131276
2022-03-03,104191893.68834521
2022-03-04,103150728.36607052
2022-03-07,99970467.02320273
2022-03-08,99407283.40148608
2022-03-09,102166366.88919175
2022-03-10,101707304.41602482
2022-03-11,100325392.96007909
2022-03-14,99336276.67127362
2022-03-15,101409143.85519221
2022-03-16,103945805.24259314
2022-03-17,105337172.46529922
2022-03-18,106567614.69405966
2022-03-21,106468240.66356617
2022-03-22,107774421.35285448
2022-03-23,106306546.2825774
2022-03-24,107820946.18735386
2022-03-25,108281439.72042106
2022-03-28,108984051.66209766
2022-03-29,110636102.60276441
2022-03-30,109738866.51465213
2022-03-31,108082045.37431784
2022-04-01,108514063.89291798
2022-04-04,109435043.26518193
2022-04-05,107835202.92926346
2022-04-06,106596135.87174928
2022-04-07,106999671.68201193
2022-04-08,106667365.72420426
2022-04-11,105001058.04162791
2022-04-12,104678230.93219186
2022-04-13,106050209.60141051
2022-04-14,104758931.93914805
2022-04-18,104578533.75914025
2022-04-19,106420500.1975386
2022-04-20,106282833.77390745
2022-04-21,104545303.93274654
2022-04-22,101696933.07868312
2022-04-25,102252368.97287524
2022-04-26,99337515.38441308
2022-04-27,99532139.53084876
2022-04-28,101958024.57177667
2022-04-29,98212409.93573055
2022-05-02,98952960.35250497
2022-05-03,99422948.12168464
2022-05-04,102337824.79175809
2022-05-05,98563688.97802232
2022-05-06,97770904.87488832
2022-05-09,94305354.81641985
2022-05-10,94495239.53866972
2022-05-11,92786223.18132801
2022-05-12,92885904.96663876
2022-05-13,95373494.84842746
2022-05-16,94903514.77311821
2022-05-17,96930618.81571016
2022-05-18,93137517.61136068
2022-05-19,92724518.34046726
2022-05-20,92724518.34046726
2022-05-23,94310101.93447614
2022-05-24,93365394.66580139
2022-05-25,94405044.29560107
2022-05-26,96337190.58932722
2022-05-27,98777340.06603518
2022-05-31,97965536.71519446
2022-06-01,97319913.2718041
2022-06-02,99304270.17027852
2022-06-03,97718678.88239922
2022-06-06,98008253.08383025
2022-06-07,99071653.69165203
2022-06-08,97960797.29100865
2022-06-09,95615620.95090735
2022-06-10,92776744.33295643
2022-06-13,88988367.16505192
2022-06-14,88736762.21420044
2022-06-15,90028032.18259247
2022-06-16,86885301.53968962
2022-06-17,87212875.76718192
2022-06-21,89325443.32252716
2022-06-22,89311178.88674712
2022-06-23,90120981.83127564
2022-06-24,93033181.03443894
2022-06-27,92747192.17662899
2022-06-28,90835919.35338356
2022-06-29,90683403.75981958
2022-06-30,89901714.21784782
2022-07-01,90850206.87077487
2022-07-05,91174326.55044341
2022-07-06,91355432.56653091
2022-07-07,92861592.33607522
2022-07-08,92766272.97529915
2022-07-11,91593742.50927673
2022-07-12,90802558.73119248
2022-07-13,90406939.91360386
2022-07-14,90006589.36569984
2022-07-15,91755821.5837871
2022-07-18,91121885.12958221
2022-07-19,93667102.10090297
2022-07-20,94424940.64453703
2022-07-21,95359130.39233188
2022-07-22,94324820.30861168
2022-07-25,94453538.76093097
2022-07-26,93285778.4945761
2022-07-27,95735676.10512078
2022-07-28,96984437.43937866
2022-07-29,98304705.60542709
2022-08-01,98075897.59266418
2022-08-02,97546859.3679226
2022-08-03,99114962.48831107
2022-08-04,99019627.73979414
2022-08-05,98986274.8114735
2022-08-08,99076831.66645247
2022-08-09,98452466.38706438
2022-08-10,100697376.20770214
2022-08-11,100702138.71349926
2022-08-12,102446593.03804854
2022-08-15,102846966.66756384
2022-08-16,103066211.19938037
2022-08-17,102141546.46317972
2022-08-18,102408454.52231951
2022-08-19,100945203.46817178
2022-08-22,98786087.99671586
2022-08-23,98600188.69934952
2022-08-24,99014865.23399703
2022-08-25,100449518.17175081
2022-08-26,97122650.12781045
2022-08-29,96412475.11149965
2022-08-30,95340064.98140258
2022-08-31,94639414.976686
2022-09-01,94696595.82173303
2022-09-02,93757666.64975235
2022-09-06,93376350.7372959
2022-09-07,95101747.3447863
2022-09-08,95854815.6887528
2022-09-09,97446762.11360854
2022-09-12,98495344.3269792
2022-09-13,94262876.9577675
2022-09-14,94629882.27122131
2022-09-15,93619430.87970924
2022-09-16,92766272.97529912
2022-09-19,93424006.5707487
2022-09-20,92337285.841649
2022-09-21,90759665.40353675
2022-09-22,89744443.81235714
2022-09-23,88196475.55088797
2022-09-26,87229609.93537046
2022-09-27,87100368.29986183
2022-09-28,88933586.80757953
2022-09-29,87086011.53763662
2022-09-30,85903740.6316479
2022-10-03,88086391.65275383
2022-10-04,90915227.76979162
2022-10-05,90742915.84760734
2022-10-06,89876555.26153673
2022-10-07,87306179.3339049
2022-10-10,86612122.97614814
2022-10-11,86056894.81645767
2022-10-12,85822354.8702233
2022-10-13,87952379.81757765
2022-10-14,85879805.00073543
2022-10-17,88172547.61384594
2022-10-18,89249504.82136804
2022-10-19,88488434.85215275
2022-10-20,87722610.07101078
2022-10-21,89742535.73249012
2022-10-24,90709401.34800763
2022-10-25,92351188.66551875
2022-10-26,91781596.04973264
2022-10-27,91350793.16266067
2022-10-28,93475994.05325446
2022-10-31,92872917.71335037
2022-11-01,92585713.22401226
2022-11-02,90149364.51929747
2022-11-03,89287812.60224655
2022-11-04,90436576.702506
2022-11-07,91259859.30803055
2022-11-08,91738502.68144567
2022-11-09,89761670.38825327
2022-11-10,94840171.1378555
2022-11-11,95807059.83498432
2022-11-14,94940706.94278415
2022-11-15,95902779.27702284
2022-11-16,94926327.09894764
2022-11-17,94529054.09921624
2022-11-18,94974198.36077255
2022-11-21,94572116.69202144
2022-11-22,95811837.7285223
2022-11-23,96395794.80040406
2022-11-25,96467586.30540055
2022-11-28,94902406.85577607
2022-11-29,94754022.87063383
2022-11-30,97673785.1484313
2022-12-01,97731235.27894345
2022-12-02,97640286.03657249
2022-12-05,95720880.79228094
2022-12-06,94284919.8965538
2022-12-07,94131773.40561444
2022-12-08,94945477.14245173
2022-12-09,94150923.44911848
2022-12-12,95505490.88955061
2022-12-13,96218697.29081142
2022-12-14,95682588.39914328
2022-12-15,93298919.6252731
2022-12-16,92231502.81708607
2022-12-19,91302944.98244707
2022-12-20,91494383.8665241
2022-12-21,92877687.91301794
2022-12-22,91560358.80547437
2022-12-23,92065361.3789879
2022-12-27,91680590.9187077
2022-12-28,90526279.53786711
2022-12-29,92190402.16124092
2022-12-30,91954746.60379396
2023-01-03,91579585.78768273
2023-01-04,92392412.42329083
2023-01-05,91310238.77161616
2023-01-06,93325463.47826184
2023-01-09,93363948.21816029
2023-01-10,94099805.3739715
2023-01-11,95340688.18490751
2023-01-12,95802420.43111417
2023-01-13,96211226.54262242
2023-01-17,96081377.09134969
2023-01-18,94566353.98306826
2023-01-19,93796813.06250787
2023-01-20,95595601.50004452
2023-01-23,96807616.90912148
2023-01-24,96648915.44373058
2023-01-25,96697009.827798
2023-01-26,97692588.96776594
2023-01-27,98086984.45995596
2023-01-30,96773963.91985403
2023-01-31,98322647.71127334
2023-02-01,99520237.1132912
2023-02-02,101006392.81971356
2023-02-03,99962711.60180777
2023-02-06,99212420.74506705
2023-02-07,100462913.20017202
2023-02-08,99390379.96814804
2023-02-09,98423637.45455743
2023-02-10,98601604.37150887
2023-02-13,99775142.73455782
2023-02-14,99813619.78058584
2023-02-15,100260910.63199255
2023-02-16,98923846.74679212
2023-02-17,98635280.44238763
2023-02-21,96591180.64001247
2023-02-22,96509425.57280716
2023-02-23,97024045.48436007
2023-02-24,95941894.91429669
2023-02-27,96283387.3533996
2023-02-28,95961152.67198679
2023-03-01,96192007.25428447
2023-03-02,96341091.38163598
2023-03-03,97909017.54300451
2023-03-06,97779175.78560223
2023-03-07,96321856.7055572
2023-03-08,96446897.48781021
2023-03-09,94542302.94409932
2023-03-10,92950341.13150273
2023-03-13,92565562.97735211
2023-03-14,94215251.89979638
2023-03-15,93488996.69428371
2023-03-16,95105024.93359008
2023-03-17,93878583.51745403
2023-03-20,94696218.82208183
2023-03-21,96047708.71434136
2023-03-22,94330683.03788044
2023-03-23,94502564.10332054
2023-03-24,95096530.9006337
2023-03-27,95337987.636386
2023-03-28,95202775.55742252
2023-03-29,96574207.96184053
2023-03-30,97095736.96904095
2023-03-31,98558911.08448437
2023-04-03,98819664.04727893
2023-04-04,98158098.90435445
2023-04-05,97800757.09216261
2023-04-06,98124299.73154879
2023-04-10,98346429.46477714
2023-04-11,98447850.0648054
2023-04-12,98032550.32665294
2023-04-13,99307401.5755441
2023-04-14,99032145.66698614
2023-04-17,99428110.70874418
2023-04-18,99476405.13344282
2023-04-19,99524691.86427103
2023-04-20,98906589.3954142
2023-04-21,98993522.43741992
2023-04-24,99032145.66698614
2023-04-25,97380664.07273132
2023-04-26,96941205.5814239
2023-04-27,98761729.20292959
2023-04-28,99621280.7136683
2023-05-01,99572978.59509924
2023-05-02,98356077.57829826
2023-05-03,97781445.4773795
2023-05-04,97052281.98884372
2023-05-05,98843822.80043389
2023-05-08,98950044.37561142
2023-05-09,98544423.52646181
2023-05-10,98979027.18552694
2023-05-11,98848654.55106488
2023-05-12,98616853.62270412
2023-05-15,99036977.41761714
2023-05-16,98269167.61790384
2023-05-17,99544026.56066543
2023-05-18,100533950.70586622
2023-05-19,100292509.35785477
2023-05-22,100466336.97251405
2023-05-23,99403982.73107097
2023-05-24,98636180.62522809
2023-05-25,99307401.57554412
2023-05-26,100616036.60950008
2023-05-30,100649851.1700466
2023-05-31,100046228.56534189
2023-06-01,101045816.21180466
2023-06-02,102716624.80858344
2023-06-05,102446216.03839731
2023-06-06,102914618.8702681
2023-06-07,102711808.44569331
2023-06-08,103194706.52945709
2023-06-09,103305759.8552656
2023-06-12,104232940.48709735
2023-06-13,105000750.28681065
2023-06-14,105000750.28681065
2023-06-15,106280402.51085109
2023-06-16,105879598.02459161
2023-06-20,105358076.71126163
2023-06-21,104778582.08423017
2023-06-22,105058669.74341913
2023-06-23,104189539.36399317
2023-06-26,103825980.90449266
2023-06-27,105091137.87664011
2023-06-28,105178378.67346309
2023-06-29,105682527.22735871
2023-06-30,106778034.35649121
2023-07-03,107097960.87677458
2023-07-05,106773179.52424893
2023-07-06,105823101.93401298
2023-07-07,105692229.19797286
2023-07-10,106152722.73104006
2023-07-11,106986484.38809232
2023-07-12,107805666.16067687
2023-07-13,108716982.03167883
2023-07-14,108557018.77153714
2023-07-17,108969071.69636749
2023-07-18,109836747.93428189
2023-07-19,110122736.79209183
2023-07-20,109327767.62975527
2023-07-21,109318073.35301156
2023-07-24,109705859.81050092
2023-07-25,109982162.08543758
2023-07-26,110064555.7438887
2023-07-27,109216275.75333217
2023-07-28,110355414.8216818
2023-07-31,110689875.0632103
2023-08-01,110389329.40254392
2023-08-02,108823626.76973009
2023-08-03,108508562.77555944
2023-08-04,108048046.16088095
2023-08-07,108876952.98569094
2023-08-08,108372827.5134066
2023-08-09,107597239.21068704
2023-08-10,107616627.76417448
2023-08-11,107514837.85836549
2023-08-14,108048046.16088095
2023-08-15,106821658.60183792
2023-08-16,105939448.64267838
2023-08-17,105071749.32315269
2023-08-18,105192950.86406039
2023-08-21,105798858.54828326
2023-08-22,105517709.13497475
2023-08-23,106671397.31231038
2023-08-24,105241422.24777895
2023-08-25,105958821.80842495
2023-08-28,106637459.64983696
2023-08-29,108188613.17366478
2023-08-30,108668502.95408982
2023-08-31,108552156.24542442
2023-09-01,108910867.56655307
2023-09-05,108261343.33085392
2023-09-06,107582690.10170105
2023-09-07,107214292.19769913
2023-09-08,107330646.60023497
2023-09-11,108004437.30327512
2023-09-12,107480900.19589208
2023-09-13,107495441.61100765
2023-09-14,108416467.14649418
2023-09-15,107141600.50986215
2023-09-18,107151294.78660586
2023-09-19,106879824.2623002
2023-09-20,105934593.8104361
2023-09-21,104157848.31168576
2023-09-22,103938903.84081607
2023-09-25,104357319.59649329
2023-09-26,102853983.47739734
2023-09-27,102961028.29671104
2023-09-28,103642128.17666115
2023-09-29,103340505.37413436
2023-10-02,103204277.70427391
2023-10-03,101705811.80516112
2023-10-04,102440445.63557371
2023-10-05,102386927.07285208
2023-10-06,103608075.10613124
2023-10-09,104260015.21714589
2023-10-10,104907077.41430695
2023-10-11,105320599.86838973
2023-10-12,104474074.08029157
2023-10-13,103885385.27809443
2023-10-16,105091953.42690587
2023-10-17,105228173.4028959
2023-10-18,103671334.10881917
2023-10-19,102693435.48310286
2023-10-20,101423631.41321477
2023-10-23,101146321.24125159
2023-10-24,101910153.3099518
2023-10-25,100397084.44475998
2023-10-26,99355949.89796703
2023-10-27,98820787.35236196
2023-10-30,99959233.97237277
2023-10-31,100606296.16953383
2023-11-01,101613369.95192645
2023-11-02,103632410.81830618
2023-11-03,104800032.59499328
2023-11-06,104843818.41161904
2023-11-07,105155197.04185298
2023-11-08,105140601.7696444
2023-11-09,104245419.94493732
2023-11-10,105797412.10064217
2023-11-13,105734153.09795423
2023-11-14,108079144.78516516
2023-11-15,108346745.29264377
2023-11-16,108273753.54385996
2023-11-17,108546193.49584
2023-11-20,109363544.12726185
2023-11-21,109066768.46310692
2023-11-22,109533832.56152262
2023-11-24,109650594.73919132
2023-11-27,109509496.84934773
2023-11-28,109577626.07201883
2023-11-29,109626259.02701646
2023-11-30,110078712.46548271
2023-12-01,111007955.05459012
2023-12-04,110609027.87271594
2023-12-05,110394961.31569982
2023-12-06,109927897.2172841
2023-12-07,110808499.15752345
2023-12-08,111338799.17701581
2023-12-11,111796115.14159478
2023-12-12,112219378.03564386
2023-12-13,113961108.73006038
2023-12-14,114637361.4716386
2023-12-15,114481683.69732729
2023-12-18,114977922.9524193
2023-12-19,115819586.21440473
2023-12-20,114092458.48606724
2023-12-21,115354045.50233446
2023-12-22,115617891.40104249
2023-12-26,116189545.97410424
2023-12-27,116409421.40329614
2023-12-28,116350786.41673754
2023-12-29,115906157.64450014
2024-01-02,115129276.77154808
2024-01-03,114025037.09947582
2024-01-04,113731885.24829413
2024-01-05,113902896.90637547
2024-01-08,115529942.7681398
2024-01-09,115314952.9466719
2024-01-10,115911035.55835372
2024-01-11,115832881.22251037
2024-01-12,115852408.26566555
2024-01-16,115314952.94667189
2024-01-17,114621127.40502806
2024-01-18,115632532.83647364
2024-01-19,117039710.96291648
2024-01-22,117547852.63556604
2024-01-23,117762842.45703395
2024-01-24,117743300.02613789
2024-01-25,118398025.31824875
2024-01-26,118300305.46989805
2024-01-29,119375239.18949667
2024-01-30,119209097.75139847
2024-01-31,117200966.79329066
2024-02-01,118779141.19007397
2024-02-02,119795416.84150271
2024-02-05,119228655.57003541
2024-02-06,119634207.17435114
2024-02-07,120577183.3221788
2024-02-08,120875243.8626958
2024-02-09,121613016.79224446
2024-02-12,121730286.76536164
2024-02-13,119780767.71220113
2024-02-14,121104890.50733574
2024-02-15,122038110.82745624
2024-02-16,121398057.74625829
2024-02-20,120635818.3087374
2024-02-21,120660246.34735747
2024-02-22,123044630.65117778
2024-02-23,123127701.37022687
2024-02-26,122756356.71384968
2024-02-27,123098372.33614193
2024-02-28,122893169.11786292
2024-02-29,123411097.39370139
2024-03-01,124544643.01824732
2024-03-04,124422487.43740612
2024-03-05,123103257.94386595
2024-03-06,123831298.12731872
2024-03-07,125038127.86772485
2024-03-08,124314996.37360737
2024-03-11,124114663.37531151
2024-03-12,125341050.93435454
2024-03-13,125184711.4871861
2024-03-14,124701005.54702702
2024-03-15,123963201.84199664
2024-03-18,124593499.09548743
2024-03-19,125311752.67575133
2024-03-20,126582110.70431048
2024-03-21,127104924.58787297
2024-03-22,126747475.0614951
2024-03-25,126463094.22260533
2024-03-26,126237540.71703497
2024-03-27,127350582.17688088
2024-03-28,127433906.79365422
2024-04-01,127335871.49661583
2024-04-02,126159078.62637435
2024-04-03,126355226.15915547
2024-04-04,124840133.80604017
2024-04-05,126100251.293055
2024-04-08,126247358.09570563
2024-04-09,126428764.17273995
2024-04-10,125016638.88760965
2024-04-11,125864911.18429576
2024-04-12,124050704.23041435
2024-04-15,122525817.58023971
2024-04-16,122158073.65522446
2024-04-17,121442205.17479435
2024-04-18,121192154.38577002
2024-04-19,120240953.49045107
2024-04-22,121422616.5806757
2024-04-23,122869048.83406013
2024-04-24,122898470.19459027
2024-04-25,122314982.44880484
2024-04-26,123452521.19210471
2024-04-29,123937942.86537
2024-04-30,121898213.18139994
2024-05-01,121594212.97290982
2024-05-02,122854322.7660542
2024-05-03,124310595.47972056
2024-05-06,125644258.67419024
2024-05-07,125757027.73310497
2024-05-08,125668755.95764418
2024-05-09,126409144.80313955
2024-05-10,126526807.16364875
2024-05-13,126595451.87563875
2024-05-14,127213277.36516006
2024-05-15,128777418.1422763
2024-05-16,128429255.11750926
2024-05-17,128610684.27615488
2024-05-20,128743072.70467
2024-05-21,129007834.17395937
2024-05-22,128571445.53695413
2024-05-23,127478046.52831988
2024-05-24,128399856.83859044
2024-05-28,128399856.83859044
2024-05-29,127345673.48754562
2024-05-30,126722962.39030032
2024-05-31,127698691.34455496
2024-06-03,127737914.69601484
2024-06-04,127723219.40349065
2024-06-05,129287337.09899558
2024-06-06,129174560.34621039
2024-06-07,128929387.47103964
2024-06-10,129360859.72483914
2024-06-11,129581519.92881505
2024-06-12,130802398.67662913
2024-06-13,130861272.17317109
2024-06-14,130763175.32516924
2024-06-17,131758546.73063554
2024-06-18,132091937.52417406
2024-06-20,131758546.73063554
2024-06-21,131557505.89626
2024-06-24,131336876.4677658
2024-06-25,131768348.72156529
2024-06-26,131763455.41997084
2024-06-27,132082135.5332443
2024-06-28,131630428.40020989
2024-07-01,131896143.90943278
2024-07-02,132658837.28530912
2024-07-03,133205009.7595017
2024-07-05,133898827.60727508
2024-07-08,134080864.58168478
2024-07-09,134046442.20537417
2024-07-10,135345490.67677245
2024-07-11,134740229.27766582
2024-07-12,135630856.33107746
2024-07-15,136211512.7325441
2024-07-16,137333386.7556454
2024-07-17,135394700.67205247
2024-07-18,134213737.72403711
2024-07-19,133377229.3552408
2024-07-22,134769789.12786376
2024-07-23,134671353.74956292
2024-07-24,131640245.77888052
2024-07-25,131133435.1458156
2024-07-26,132703123.20351297
2024-07-29,132712971.35766532
2024-07-30,132161844.03091484
2024-07-31,134120257.19829421
2024-08-01,132019138.12215108
2024-08-02,129362044.58088562
2024-08-05,125563365.3204733
2024-08-06,126837778.01874986
2024-08-07,125868419.58921252
2024-08-08,128815856.71895216
2024-08-09,129371877.34729707
2024-08-12,129288229.58796561
2024-08-13,131438512.49616612
2024-08-14,131812511.53784221
2024-08-15,134095621.42517246
2024-08-16,134415486.3944924
2024-08-19,135684990.40343365
2024-08-20,135355323.443184
2024-08-21,136034338.28424716
2024-08-22,134882919.79868883
2024-08-23,136590374.30033293
2024-08-26,136245919.7211139
2024-08-27,136368944.70931387
2024-08-28,135537391.19307545
2024-08-29,135670218.17220518
2024-08-30,136979114.7977558
2024-09-03,134031669.97414573
2024-09-04,133731516.70087136
2024-09-05,133318186.59354937
2024-09-06,131103936.8465812
2024-09-09,132506298.61013392
2024-09-10,133022926.62186944
2024-09-11,134346610.86638948
2024-09-12,135463560.81241462
2024-09-13,136408321.93818238
2024-09-16,136678915.36125886
2024-09-17,136816712.58068734
2024-09-18,136472273.38920915
2024-09-19,138784927.73899645
2024-09-20,138494622.61987442
2024-09-23,138839061.8113526
2024-09-24,139188409.6921661
2024-09-25,138730824.442122
2024-09-26,139350842.68471628
2024-09-27,139213091.6285104
2024-09-30,139760987.5296796
2024-10-01,138487559.64681825
2024-10-02,138517181.0479796
2024-10-03,138221028.58732963
2024-10-04,139558607.96184897
2024-10-07,138285195.46672848
2024-10-08,139450032.06231937
2024-10-09,140422368.0197137
2024-10-10,140131155.02388075
2024-10-11,141217037.1211034
2024-10-14,142317722.22503632
2024-10-15,141340416.0273432
2024-10-16,142061039.31970003
2024-10-17,142031433.30627954
2024-10-18,142589177.3616011
2024-10-21,142140024.59355
2024-10-22,141977114.58103305
2024-10-23,140693838.54401937
2024-10-24,141068960.89077845
2024-10-25,140935703.05490458
2024-10-28,141508250.1169364
2024-10-29,141695795.90257508
2024-10-30,141345355.49216032
2024-10-31,138709681.6861762
2024-11-01,139301955.8319944
2024-11-04,139050227.77921602
2024-11-05,140817248.22574094
2024-11-06,144755971.31574774
2024-11-07,145767792.21619663
2024-11-08,146448930.5654989
2024-11-11,146858613.77823633
2024-11-12,146281111.86364663
2024-11-13,146212005.51943073
2024-11-14,145131093.66250682
2024-11-15,143290042.79468983
2024-11-18,143872453.39861485
2024-11-19,144533849.27638984
2024-11-20,144617774.01505682
2024-11-21,145629594.9155057
2024-11-22,146350233.59560338
2024-11-25,147065902.03540227
2024-11-26,147603888.2314557
2024-11-27,147184341.47682506
2024-11-29,148003677.12681824
2024-12-02,148285026.58075798
2024-12-03,148285026.58075798
2024-12-04,149282075.24997833
2024-12-05,148867452.57242385
2024-12-06,149282075.24997833
2024-12-09,148329435.6008887
2024-12-10,147771753.0965306
2024-12-11,148961210.07750237
2024-12-12,148112283.80182958
2024-12-13,148038222.60505578
2024-12-16,148640421.84373066
2024-12-17,147904980.15692276
2024-12-18,143329527.73774442
2024-12-19,143127148.16991377
2024-12-20,144755971.31574777
2024-12-23,145578430.67713615
2024-12-24,147123359.85978487
2024-12-26,147207530.80230567
2024-12-27,145613099.25730056
2024-12-30,144003818.5423626
2024-12-31,143503701.57657307
2025-01-02,143231338.56329736
2025-01-03,145112966.90377018
2025-01-06,145925039.540076
2025-01-07,144295954.80264732
2025-01-08,144429628.1075245
2025-01-10,142260833.74706575
2025-01-13,142493557.9398783
2025-01-14,142815438.70325127
2025-01-15,145434832.2794023
2025-01-16,145325887.074092
2025-01-17,146667790.40379387
2025-01-21,148123578.40362304
2025-01-22,148846509.8571093
2025-01-23,149628884.1535495
2025-01-24,149193103.33230835
2025-01-27,147113465.54241002
2025-01-28,148376122.00666723
2025-01-29,147742300.9605188
2025-01-30,148668242.8792111
2025-01-31,147856185.63064614
2025-02-03,146776735.60910422
2025-02-04,147841351.84845415
2025-02-05,148524675.25695896
2025-02-06,148891088.14238954
2025-02-07,147559094.5178035
2025-02-10,148504840.4589865
2025-02-11,148425624.3690236
2025-02-12,147935417.1083499
2025-02-13,149480330.90325776
2025-02-14,149460542.2685079
2025-02-18,149881412.3688528
2025-02-19,150094317.15143377
2025-02-20,149287214.7554267
2025-02-21,146529177.63409972
2025-02-24,145781456.53008312
2025-02-25,145058525.07659686
2025-02-26,145108012.05121237
2025-02-27,142860001.6007907
2025-02-28,145063464.54141387
2025-03-03,142463828.824531
2025-03-04,140686206.22455144
2025-03-05,142285592.62211445
2025-03-06,139641409.39543307
2025-03-07,140299973.92888924
2025-03-10,136477289.7927306
2025-03-11,135521634.1464318
2025-03-12,136190108.3850038
2025-03-13,134278766.31692448
2025-03-14,137155673.73641843
2025-03-17,138289596.36061546
2025-03-18,136799155.16836274
2025-03-19,138353963.28064555
2025-03-20,138022218.97537938
2025-03-21,138076706.9657754
2025-03-24,140631733.62189636
2025-03-25,140869412.6672668
2025-03-26,139220539.29508826
2025-03-27,138631681.22774163
2025-03-28,135868889.29448798
2025-03-31,136569523.91146368
2025-04-01,137031633.15732148
2025-04-02,138114899.33859745
2025-04-03,131163179.64890404
2025-04-04,123466123.95502779
2025-04-07,123063626.81727338
2025-04-08,121120739.88042483
2025-04-09,133409220.46849523
2025-04-10,127918389.8147271
2025-04-11,130060063.28191477
2025-04-14,131257598.82683963
2025-04-15,131029029.3240601
2025-04-16,128305991.6193261
2025-04-17,128574299.96288443
2025-04-21,125518348.48457865
2025-04-22,128713451.30350883
2025-04-23,130904804.0920728
2025-04-24,133662610.39728682
2025-04-25,134482515.39369193
2025-04-28,134676323.98986185
2025-04-29,135486273.11792856
2025-04-30,135565781.57496786
2025-05-01,136410522.3851259
2025-05-02,138537277.43754688
2025-05-05,137752164.1232331
2025-05-06,136634121.6476067
2025-05-07,137200575.16425675
2025-05-08,138278871.10523394
2025-05-09,138124824.4314541
2025-05-12,142746055.37969995
2025-05-13,143715036.80958614
2025-05-14,143809425.21204
2025-05-15,144395790.4653668
2025-05-16,145384606.69322544
2025-05-19,145498922.22009692
2025-05-20,145021871.4778611
2025-05-21,142497604.91572535
2025-05-22,142472769.1019724
2025-05-23,141637953.38467103
2025-05-27,144549837.13914663
2025-05-28,143700141.47643068
2025-05-29,144162250.7222885
2025-05-30,144043011.11834082
2025-06-02,144778391.2541853
2025-06-03,145777178.73812315
2025-06-04,145762268.01722687
2025-06-05,144957304.51719978
2025-06-06,146646786.13751587
2025-06-09,146765994.9659818
2025-06-10,147541213.96292064
2025-06-11,147148641.91802287
2025-06-12,147620691.6444782
2025-06-13,145876568.1563575
2025-06-16,147317599.31269902
2025-06-17,146090242.32598162
2025-06-18,146144899.5815271
2025-06-20,145807015.56765658
2025-06-23,147208254.0261263
2025-06-24,148927541.70049408
2025-06-25,148753660.2287418
2025-06-26,150035674.47100472
2025-06-27,150716428.1267854
2025-06-30,151480491.01159856
2025-07-01,151480491.01159856
2025-07-02,152267958.65026438
2025-07-03,153523936.83498704
2025-07-07,152312813.91488013
2025-07-08,152302842.65880087
2025-07-09,153259775.48759133
2025-07-10,153668473.88491353
2025-07-11,153020542.28039372
2025-07-14,153369428.52898133
2025-07-15,152562033.76589787
2025-07-16,153140181.96560383
2025-07-17,154136984.4309704
2025-07-18,154052244.14203766
2025-07-21,154226694.9602019
2025-07-22,154406131.40640575
2025-07-23,155706964.85574415
2025-07-24,155652122.9473083
2025-07-25,156344909.81644386
2025-07-28,156300054.55182812
2025-07-29,155806631.25331405
2025-07-30,155627210.19485104
2025-07-31,154949395.59757522
2025-08-01,152382581.9319532
2025-08-04,154769959.15137136
2025-08-05,154087143.53831506
2025-08-06,155128816.65603822
2025-08-07,155039106.12680674
2025-08-08,156015966.08001482
2025-08-11,155657123.96308884
2025-08-12,157561049.1400722
2025-08-13,158323588.6385399
2025-08-14,158089341.05938193
2025-08-15,157730483.5547151
2025-08-18,157790280.31570885
2025-08-19,156833362.87465927
2025-08-20,156419678.84929743
2025-08-21,155881384.89842674
2025-08-22,158582764.357896
2025-08-25,157820209.47168744
2025-08-26,158537909.09328026
2025-08-27,158961533.59923962
2025-08-28,159539697.18668643
2025-08-29,158592735.61397523
2025-09-02,157491250.34751743
2025-09-03,158159109.0764549
2025-09-04,159559655.0865858
2025-09-05,159265564.58321148
2025-09-08,159773944.76584446
2025-09-09,159978293.96450558
2025-09-10,160386976.97408694
2025-09-11,161872232.49766883
2025-09-12,161637984.91851085
2025-09-15,162425467.94491753
2025-09-16,162206177.24987844
2025-09-17,162061624.8122111
2025-09-18,163083355.41777575
2025-09-19,163696403.01375908
2025-09-22,164404131.37927264
2025-09-23,163521967.5833357
2025-09-24,162923892.2592121
2025-09-25,162051668.9438727
2025-09-26,163068413.92139775
2025-09-29,163481728.6409789
2025-09-30,164016514.18693283
2025-10-01,164586260.6801276
2025-10-02,164826170.94792318
2025-10-03,164916127.6810085
2025-10-06,165535868.94426724
2025-10-07,164741215.2306184
2025-10-08,165835760.62594694
2025-10-09,165260997.72923085
2025-10-10,160832821.37785262
2025-10-13,163396757.53593326
2025-10-14,163346793.54135096
2025-10-15,164121473.9673596
2025-10-16,162816993.62343666
2025-10-17,163581702.79336604
2025-10-20,165405934.86041972
2025-10-21,165385930.79729778
2025-10-22,164381357.52279538
2025-10-23,165435925.56736177
2025-10-24,166785353.50234562
2025-10-27,168644577.29212186
2025-10-28,168904476.2352985
2025-10-29,168784513.40753028
2025-10-30,166970267.9842967
2025-10-31,167640004.01761946
2025-11-03,167829919.51535103
2025-11-04,165800768.90322432
2025-11-05,166510466.89956835
2025-11-06,164616266.77481043
2025-11-07,164976109.0948925
2025-11-10,167390091.71826288
2025-11-11,167799928.80840898
2025-11-12,167859894.8345522
2025-11-13,164886152.3618072
2025-11-14,164861147.28290477
2025-11-17,163146860.62431747
2025-11-18,162042328.58516878
2025-11-19,162572113.11534223
2025-11-20,159983187.26610002
2025-11-21,161832424.41205612
2025-11-24,164251408.05120698
2025-11-25,166010673.07633692
2025-11-26,167150196.83820814
2025-11-28,168084817.44274718
2025-12-01,167260173.02215627
2025-12-02,167460059.7759671
2025-12-03,168209750.51081416
2025-12-04,168474650.46977133
2025-12-05,168709559.7217864
2025-12-08,168214751.52659464
2025-12-09,168044840.091985
2025-12-10,169294309.2623226
2025-12-11,169864086.53099906
2025-12-12,167924861.87647593
2025-12-15,167595010.2633359
2025-12-16,167110204.09970513
2025-12-17,165285987.4203923
2025-12-18,166555445.266111
2025-12-19,168039839.07620454
2025-12-22,169208153.3012305
2025-12-23,169769498.08791402
2025-12-24,170350908.48868293
2025-12-26,170245656.34117976
2025-12-29,169604110.6491181
2025-12-30,169333455.67507815
2025-12-31,168040331.48391214
2026-01-02,168561591.20564747
2026-01-05,169829648.76694763
2026-01-06,171017505.42286962
2026-01-07,170436095.0221007
2026-01-08,170481227.26605198
2026-01-09,171613934.25872084
2026-01-12,171929706.0889712
2026-01-13,171583866.61307448
2026-01-14,170912253.27536646
2026-01-15,171438514.01288226
2026-01-16,171338278.26890045
2026-01-20,167960130.578534
2026-01-21,169949919.34953308
2026-01-22,170847086.19281146
2026-01-23,170691716.1733174
2026-01-26,171428496.5935804
2026-01-27,172050007.44703838
2026-01-28,171954772.71883705
2026-01-29,171558830.7586903
2026-01-30,170696732.57683876
2026-02-02,171654050.09915078
2026-02-03,170335874.66585973
2026-02-04,169533927.16304177
2026-02-05,167353668.93564004
2026-02-06,170892203.0490219
2026-02-09,171734251.0045289
2026-02-10,171313227.0267754
2026-02-11,171147824.20023862
2026-02-12,168411222.20193386
2026-02-13,168731995.0479647
2026-02-17,168942499.34297103
2026-02-18,169824632.36342624
2026-02-19,169503859.5173954
2026-02-20,170546378.96086603
2026-02-23,168636775.7075042
2026-02-24,170015086.432088
2026-02-25,171328260.84959853
2026-02-26,170656632.12414962
2026-02-27,169794564.71777982
2026-03-02,169969984.96361843
2026-03-03,168270886.00526294
2026-03-04,169503859.51739538
2026-03-05,168406205.79841247
2026-03-06,166105661.6006844
2026-03-09,167544138.39204267
2026-03-10,167158213.85119775
2026-03-11,167022863.2825665
2026-03-12,164356444.77033803
2026-03-13,163459293.3148005
2026-03-16,165128309.23976874
2026-03-17,165684653.0106718
2026-03-18,163404143.6515474
2026-03-19,163113438.45116293
2026-03-20,160557273.10221812
2026-03-23,162486941.96966532
2026-03-24,161980716.0707532
2026-03-25,162968101.23871157
2026-03-26,160161315.75433052
2026-03-27,157415142.58120894
2026-03-30,156706229.3596489
2026-03-31,161296607.88746437
2026-04-01,162518348.34876677
2026-04-02,162779801.4537706
2026-04-06,163508826.45263863
2026-04-07,163619433.53396213
2026-04-08,167777431.93126717
2026-04-09,168657302.95381552
2026-04-10,168456169.7929948
2026-04-13,170276247.17001548
2026-04-14,172277299.76732633
2026-04-15,173579487.33786067
2026-04-16,173976691.0927582
2026-04-17,176239196.79507288
2026-04-20,176078302.576609
2026-04-21,174886722.0873981
2026-04-22,176586113.41283002
2026-04-23,175872168.40000778
2026-04-24,177003413.5572947
2026-04-27,177244754.88499054
2026-04-28,176289483.9322133
2026-04-29,176078302.57660902
2026-04-30,178074338.7703985
2026-05-01,178632436.74375993
2026-05-04,177973795.27159944
2026-05-05,179487148.8099972
2026-05-06,181935676.9116051
2026-05-07,181101076.6226758
2026-05-08,182443487.74782613
2026-05-11,182825611.51667786
2026-05-12,182403279.58095098
2026-05-13,183368614.11625263
2026-05-14,184721088.82392737
2026-05-15,182378136.01238078
2026-05-18,182187066.43408448
2026-05-19,181030693.09596825
2026-05-20,183107161.0112488
2026-05-21,183559668.30680808
2026-05-22,184414395.76078627
2026-05-26,185756806.88593662
2026-05-27,185706519.74879622
2026-05-28,186862923.86239418
2026-05-29,187305382.9631699
2026-06-01,187737763.09368035
2026-06-02,188220430.3613312
2026-06-03,186857892.071132
2026-06-04,187727714.8988968
2026-06-05,182699924.4493087
2026-06-08,183247943.45240483
2026-06-09,182845723.29398596
2026-06-10,180015071.42352632
2026-06-11,183162464.55191067
2026-06-12,184198182.61391985
2026-06-15,187300351.17190775
2026-06-16,186214345.97275817
2026-06-17,183896536.72978178
2026-06-18,186023276.39446184
2026-06-22,185430002.04548752
2026-06-23,182860803.2800317
2026-06-24,182835659.7114615
2026-06-25,183001585.72118762
2026-06-26,182640558.54505908
2026-06-29,185111260.38125062
2026-06-30,186583605.59024844
2026-07-01,186195342.11279234
2026-07-02,185938197.57523015
2026-07-06,187405495.60522488
2026-07-07,186366776.9337474
2026-07-08,185681037.6499271
2026-07-09,187294565.38134328
2026-07-10,187919800.0680901
2026-07-13,186452502.03809538
2026-07-14,187148335.67992184
2026-07-15,187783664.72467482
2026-07-16,186855876.277079
2026-07-17,185055802.96318027
2026-07-20,184672586.66472724
2026-07-21,186286114.3961434
2026-07-22,185993654.99330056
2026-07-23,183885996.12729064
2026-07-24,183941453.545361
2026-07-27,184133061.69458753
2026-07-28,184541483.11257422
2026-07-29,181732958.81347564
2026-07-30,184682665.63499257
2026-07-31,185660864.32165572
2026-08-03,188499656.30703193
2026-08-04,192019155.78496623
2026-08-05,191429205.18801832
2026-08-06,191136761.17291632
2026-08-07,192503207.94929472
2026-08-10,192427577.2029529
