date,value
1994-05-04,10000
1994-05-05,10080.09
1994-05-06,10100.18
1994-05-09,9880.27
1994-05-10,10040.37
1994-05-11,10090.46
1994-05-12,10140.55
1994-05-13,10220.65
1994-05-16,10250.75
1994-05-17,10300.84
1994-05-18,10610.96
1994-05-19,10771.07
1994-05-20,10891.18
1994-05-23,10911.29
1994-05-24,10931.39
1994-05-25,10991.5
1994-05-26,11011.6
1994-05-27,11021.7
1994-05-31,11051.81
1994-06-01,11001.9
1994-06-02,10861.97
1994-06-03,10932.09
1994-06-06,11092.22
1994-06-07,11042.31
1994-06-08,10952.39
1994-06-09,10942.49
1994-06-10,10992.6
1994-06-13,10902.68
1994-06-14,10912.78
1994-06-15,10922.88
1994-06-16,10882.97
1994-06-17,10933.08
1994-06-20,10833.16
1994-06-21,10663.21
1994-06-22,10653.3
1994-06-23,10563.37
1994-06-24,10483.44
1994-06-27,10473.53
1994-06-28,10503.64
1994-06-29,10613.77
1994-06-30,10573.85
1994-07-01,10523.93
1994-07-05,10574.05
1994-07-06,10654.17
1994-07-07,10744.31
1994-07-08,10744.41
1994-07-11,10744.5
1994-07-12,10754.61
1994-07-13,10764.71
1994-07-14,10914.87
1994-07-15,10985
1994-07-18,11015.12
1994-07-19,10945.18
1994-07-20,11005.31
1994-07-21,10945.38
1994-07-22,10995.51
1994-07-25,11045.63
1994-07-26,11175.8
1994-07-27,11335.99
1994-07-28,11366.11
1994-07-29,11416.24
1994-08-01,11596.44
1994-08-02,11826.67
1994-08-03,11926.84
1994-08-04,11976.97
1994-08-05,12037.12
1994-08-08,12067.25
1994-08-09,12027.33
1994-08-10,12037.45
1994-08-11,12077.58
1994-08-12,12137.73
1994-08-15,12197.88
1994-08-16,12288.05
1994-08-17,12508.31
1994-08-18,12578.47
1994-08-19,12658.64
1994-08-22,12858.89
1994-08-23,12859
1994-08-24,12759.05
1994-08-25,12769.18
1994-08-26,12669.22
1994-08-29,12689.35
1994-08-30,12819.56
1994-08-31,12839.69
1994-09-01,12949.89
1994-09-02,12950.01
1994-09-06,12850.05
1994-09-07,12860.18
1994-09-08,13010.41
1994-09-09,13020.54
1994-09-12,13010.65
1994-09-13,13010.77
1994-09-14,13090.96
1994-09-15,13051.04
1994-09-16,13131.23
1994-09-19,13101.32
1994-09-20,13081.43
1994-09-21,13101.56
1994-09-22,13101.68
1994-09-23,13111.81
1994-09-26,12971.8
1994-09-27,12881.84
1994-09-28,12861.94
1994-09-29,12872.07
1994-09-30,12882.19
1994-10-03,12832.26
1994-10-04,12842.39
1994-10-05,12742.41
1994-10-06,12672.46
1994-10-07,12592.5
1994-10-10,12522.54
1994-10-11,12632.77
1994-10-12,12763.01
1994-10-13,12803.17
1994-10-14,12783.27
1994-10-17,12773.37
1994-10-18,12733.45
1994-10-19,12613.44
1994-10-20,12663.6
1994-10-21,12503.55
1994-10-24,12383.53
1994-10-25,12413.68
1994-10-26,12413.79
1994-10-27,12443.94
1994-10-28,12594.22
1994-10-31,12684.44
1994-11-01,12604.46
1994-11-02,12604.58
1994-11-03,12454.52
1994-11-04,12564.76
1994-11-07,12584.9
1994-11-08,12575
1994-11-09,12625.17
1994-11-10,12465.1
1994-11-11,12425.16
1994-11-14,12415.26
1994-11-15,12515.5
1994-11-16,12515.61
1994-11-17,12405.59
1994-11-18,12265.53
1994-11-21,12105.44
1994-11-22,12005.42
1994-11-23,11685.12
1994-11-25,11735.29
1994-11-28,11745.41
1994-11-29,11865.67
1994-11-30,11915.85
1994-12-01,11815.82
1994-12-02,11595.64
1994-12-05,11625.78
1994-12-06,11635.9
1994-12-07,11646.02
1994-12-08,11576.03
1994-12-09,11375.86
1994-12-12,11355.94
1994-12-13,11396.1
1994-12-14,11576.46
1994-12-15,11616.62
1994-12-16,11586.68
1994-12-19,11616.83
1994-12-20,11396.62
1994-12-21,11246.5
1994-12-22,11006.25
1994-12-23,11016.37
1994-12-27,10716.02
1994-12-28,10776.21
1994-12-29,10876.46
1994-12-30,10886.57
1995-01-03,10606.25
1995-01-04,10486.16
1995-01-05,10556.36
1995-01-06,10436.27
1995-01-09,10185.98
1995-01-10,9825.5
1995-01-11,9905.72
1995-01-12,9985.94
1995-01-13,10066.16
1995-01-16,10126.35
1995-01-17,10256.65
1995-01-18,10226.69
1995-01-19,9956.34
1995-01-20,9786.16
1995-01-23,9475.73
1995-01-24,9485.84
1995-01-25,9616.14
1995-01-26,9696.36
1995-01-27,9646.37
1995-01-30,9486.18
1995-01-31,9726.68
1995-02-01,9806.9
1995-02-02,9786.96
1995-02-03,10017.45
1995-02-06,10227.91
1995-02-07,10197.95
1995-02-08,10117.9
1995-02-09,10017.81
1995-02-10,9997.87
1995-02-13,9967.91
1995-02-14,9847.78
1995-02-15,9797.78
1995-02-16,9707.71
1995-02-17,9797.96
1995-02-21,9637.76
1995-02-22,9507.6
1995-02-23,9688.03
1995-02-24,9788.3
1995-02-27,9598.03
1995-02-28,9768.44
1995-03-01,9738.47
1995-03-02,9598.3
1995-03-03,9568.33
1995-03-06,9347.99
1995-03-07,9207.81
1995-03-08,8937.37
1995-03-09,8877.33
1995-03-10,9017.69
1995-03-13,9127.99
1995-03-14,9228.27
1995-03-15,9228.35
1995-03-16,9268.52
1995-03-17,9348.76
1995-03-20,9358.87
1995-03-21,9368.97
1995-03-22,9379.08
1995-03-23,9409.22
1995-03-24,9549.6
1995-03-27,9659.91
1995-03-28,9690.06
1995-03-29,9740.25
1995-03-30,9690.24
1995-03-31,9670.28
1995-04-03,9550.12
1995-04-04,9680.48
1995-04-05,9830.89
1995-04-06,9851.02
1995-04-07,9790.98
1995-04-10,9710.9
1995-04-11,9680.92
1995-04-12,9711.08
1995-04-13,9731.21
1995-04-17,9791.43
1995-04-18,9791.52
1995-04-19,9831.69
1995-04-20,9891.92
1995-04-21,10052.36
1995-04-24,10122.61
1995-04-25,10222.93
1995-04-26,10192.95
1995-04-27,10162.98
1995-04-28,10173.09
1995-05-01,10133.09
1995-05-02,10223.39
1995-05-03,10383.85
1995-05-04,10494.2
1995-05-05,10504.32
1995-05-08,10514.44
1995-05-09,10624.79
1995-05-10,10675.01
1995-05-11,10885.6
1995-05-12,10985.93
1995-05-15,10965.98
1995-05-16,11006.18
1995-05-17,11046.37
1995-05-18,10986.33
1995-05-19,10896.22
1995-05-22,10926.39
1995-05-23,11056.8
1995-05-24,11097
1995-05-25,11117.15
1995-05-26,11037.06
1995-05-30,10896.81
1995-05-31,10957.06
1995-06-01,11167.68
1995-06-02,11338.2
1995-06-05,11398.46
1995-06-06,11308.34
1995-06-07,11138.01
1995-06-08,11098.01
1995-06-09,10987.84
1995-06-12,10937.81
1995-06-13,10978.01
1995-06-14,11038.27
1995-06-15,11018.31
1995-06-16,11088.6
1995-06-19,11028.54
1995-06-20,10978.51
1995-06-21,10998.66
1995-06-22,10978.71
1995-06-23,10958.76
1995-06-26,10908.73
1995-06-27,10948.93
1995-06-28,10898.9
1995-06-29,10919.05
1995-06-30,10899.1
1995-07-03,10879.15
1995-07-05,11160
1995-07-06,11230.29
1995-07-07,11461.01
1995-07-10,11581.44
1995-07-11,11451.19
1995-07-12,11531.52
1995-07-13,11601.82
1995-07-14,11611.95
1995-07-17,11561.92
1995-07-18,11431.66
1995-07-19,11241.24
1995-07-20,11291.48
1995-07-21,11271.53
1995-07-24,11231.52
1995-07-25,11271.73
1995-07-26,11211.67
1995-07-27,11231.83
1995-07-28,11221.9
1995-07-31,11211.97
1995-08-01,11171.96
1995-08-02,11252.29
1995-08-03,11302.54
1995-08-04,11342.76
1995-08-07,11352.89
1995-08-08,11282.79
1995-08-09,11282.89
1995-08-10,11272.97
1995-08-11,11162.75
1995-08-14,11052.53
1995-08-15,11012.51
1995-08-16,10972.49
1995-08-17,10962.56
1995-08-18,10962.66
1995-08-21,10952.73
1995-08-22,10982.92
1995-08-23,10993.05
1995-08-24,10993.15
1995-08-25,11013.31
1995-08-28,11033.47
1995-08-29,10943.3
1995-08-30,10903.28
1995-08-31,10943.5
1995-09-01,10963.66
1995-09-05,10963.76
1995-09-06,10963.86
1995-09-07,10963.96
1995-09-08,10964.06
1995-09-11,11024.35
1995-09-12,11044.51
1995-09-13,11134.9
1995-09-14,11165.09
1995-09-15,11195.29
1995-09-18,11205.42
1995-09-19,11155.37
1995-09-20,11115.34
1995-09-21,11085.35
1995-09-22,11085.45
1995-09-25,10985.23
1995-09-26,10925.14
1995-09-27,10855.01
1995-09-28,10885.21
1995-09-29,10965.56
1995-10-02,10825.21
1995-10-03,10775.14
1995-10-04,10825.41
1995-10-05,10895.73
1995-10-06,10935.97
1995-10-09,10865.83
1995-10-10,10755.57
1995-10-11,10765.7
1995-10-12,10765.8
1995-10-13,10775.93
1995-10-16,10836.23
1995-10-17,10836.33
1995-10-18,10816.36
1995-10-19,10836.53
1995-10-20,10856.69
1995-10-23,10796.59
1995-10-24,10716.42
1995-10-25,10606.14
1995-10-26,10445.69
1995-10-27,10465.85
1995-10-30,10496.05
1995-10-31,10496.15
1995-11-01,10395.9
1995-11-02,10305.68
1995-11-03,10335.88
1995-11-06,10295.83
1995-11-07,10265.82
1995-11-08,10185.64
1995-11-09,10165.66
1995-11-10,10055.36
1995-11-13,9864.79
1995-11-14,9844.8
1995-11-15,9854.93
1995-11-16,9945.34
1995-11-17,9985.57
1995-11-20,9955.56
1995-11-21,10116.22
1995-11-22,10246.78
1995-11-24,10216.77
1995-11-27,10216.86
1995-11-28,10287.21
1995-11-29,10427.81
1995-11-30,10538.3
1995-12-01,10638.76
1995-12-04,10769.34
1995-12-05,10749.36
1995-12-06,10779.57
1995-12-07,10739.52
1995-12-08,10689.44
1995-12-11,10659.42
1995-12-12,10709.7
1995-12-13,10669.65
1995-12-14,10659.71
1995-12-15,10689.92
1995-12-18,10629.8
1995-12-19,10599.78
1995-12-20,10840.78
1995-12-21,10971.37
1995-12-22,11011.62
1995-12-26,10981.61
1995-12-27,10941.56
1995-12-28,10931.45
1995-12-29,10972.38
1996-01-02,11074.55
1996-01-03,11431.89
1996-01-04,11585.1
1996-01-05,11585.21
1996-01-08,11605.73
1996-01-09,11524.17
1996-01-10,11452.83
1996-01-11,11534.59
1996-01-12,11646.98
1996-01-15,11728.75
1996-01-16,11718.65
1996-01-17,11708.55
1996-01-18,11626.99
1996-01-19,11800.63
1996-01-22,11943.65
1996-01-23,12015.22
1996-01-24,11943.87
1996-01-25,11984.82
1996-01-26,11954.3
1996-01-29,11923.78
1996-01-30,12025.98
1996-01-31,12097.55
1996-02-01,12189.54
1996-02-02,12373.41
1996-02-05,12383.74
1996-02-06,12353.22
1996-02-07,12292.08
1996-02-08,12241.14
1996-02-09,12128.95
1996-02-12,12108.64
1996-02-13,12129.17
1996-02-14,12170.12
1996-02-15,12221.28
1996-02-16,12231.6
1996-02-20,12190.88
1996-02-21,12211.41
1996-02-22,12201.31
1996-02-23,12201.42
1996-02-26,12130.06
1996-02-27,12079.12
1996-02-28,12048.6
1996-02-29,11905.76
1996-03-01,12048.82
1996-03-04,12151.03
1996-03-05,12202.2
1996-03-06,12120.62
1996-03-07,11947.14
1996-03-08,11824.72
1996-03-11,11508.27
1996-03-12,11620.71
1996-03-13,11539.12
1996-03-14,11682.19
1996-03-15,11753.78
1996-03-18,11825.37
1996-03-19,11948.02
1996-03-20,11927.7
1996-03-21,12101.42
1996-03-22,12152.59
1996-03-25,12183.33
1996-03-26,12142.6
1996-03-27,12112.04
1996-03-28,12071.27
1996-03-29,12091.82
1996-04-01,12132.82
1996-04-02,12214.7
1996-04-03,12245.48
1996-04-04,12276.25
1996-04-08,12112.82
1996-04-09,12102.71
1996-04-10,12194.81
1996-04-11,12164.26
1996-04-12,12256.37
1996-04-15,12317.81
1996-04-16,12389.48
1996-04-17,12420.26
1996-04-18,12389.71
1996-04-19,12461.38
1996-04-22,12441.05
1996-04-23,12369.6
1996-04-24,12369.71
1996-04-25,12328.94
1996-04-26,12359.72
1996-04-29,12339.38
1996-04-30,12421.28
1996-05-01,12431.62
1996-05-02,12441.96
1996-05-03,12350.06
1996-05-06,12288.83
1996-05-07,12380.95
1996-05-08,12391.29
1996-05-09,12411.85
1996-05-10,12473.31
1996-05-13,12544.99
1996-05-14,12555.33
1996-05-15,12545.22
1996-05-16,12494.21
1996-05-17,12555.67
1996-05-20,12576.24
1996-05-21,12586.58
1996-05-22,12586.69
1996-05-23,12515.23
1996-05-24,12566.47
1996-05-28,12607.49
1996-05-29,12566.7
1996-05-30,12597.49
1996-05-31,12607.83
1996-06-03,12526.14
1996-06-04,12546.71
1996-06-05,12557.05
1996-06-06,12598.07
1996-06-07,12567.5
1996-06-10,12547.17
1996-06-11,12424.57
1996-06-12,12424.68
1996-06-13,12353.21
1996-06-14,12404.46
1996-06-17,12445.48
1996-06-18,12496.72
1996-06-19,12527.52
1996-06-20,12507.18
1996-06-21,12527.74
1996-06-24,12558.54
1996-06-25,12548.43
1996-06-26,12589.45
1996-06-27,12599.79
1996-06-28,12610.13
1996-07-01,12610.25
1996-07-02,12651.27
1996-07-03,12682.07
1996-07-05,12641.28
1996-07-08,12457.29
1996-07-09,12518.77
1996-07-10,12498.43
1996-07-11,12437.18
1996-07-12,12365.7
1996-07-15,12232.85
1996-07-16,12099.99
1996-07-17,12151.24
1996-07-18,12192.27
1996-07-19,12325.35
1996-07-22,12202.72
1996-07-23,12161.92
1996-07-24,11967.68
1996-07-25,11957.56
1996-07-26,11855.38
1996-07-29,11783.89
1996-07-30,11753.31
1996-07-31,11763.64
1996-08-01,11958.11
1996-08-02,12111.66
1996-08-05,12214.06
1996-08-06,12132.34
1996-08-07,12132.45
1996-08-08,12091.64
1996-08-09,12081.52
1996-08-12,12081.63
1996-08-13,12030.59
1996-08-14,11979.55
1996-08-15,11979.66
1996-08-16,12000.23
1996-08-19,11979.88
1996-08-20,11990.22
1996-08-21,12072.17
1996-08-22,12072.28
1996-08-23,12113.32
1996-08-26,12092.96
1996-08-27,12144.23
1996-08-28,12195.5
1996-08-29,12154.68
1996-08-30,12134.33
1996-09-03,12011.67
1996-09-04,12103.86
1996-09-05,12063.04
1996-09-06,12052.92
1996-09-09,12083.73
1996-09-10,12083.84
1996-09-11,12083.95
1996-09-12,12145.45
1996-09-13,12227.42
1996-09-16,12370.78
1996-09-17,12432.28
1996-09-18,12411.93
1996-09-19,12432.51
1996-09-20,12412.16
1996-09-23,12361.11
1996-09-24,12350.99
1996-09-25,12371.57
1996-09-26,12340.98
1996-09-27,12351.33
1996-09-30,12412.84
1996-10-01,12464.12
1996-10-02,12566.56
1996-10-03,12525.75
1996-10-04,12525.86
1996-10-07,12485.04
1996-10-08,12474.92
1996-10-09,12475.03
1996-10-10,12413.75
1996-10-11,12383.16
1996-10-14,12393.5
1996-10-15,12403.85
1996-10-16,12373.26
1996-10-17,12414.31
1996-10-18,12506.53
1996-10-21,12465.71
1996-10-22,12435.12
1996-10-23,12445.47
1996-10-24,12425.11
1996-10-25,12312.64
1996-10-28,12189.94
1996-10-29,12169.58
1996-10-30,12159.45
1996-10-31,12231.21
1996-11-01,12272.26
1996-11-04,12313.32
1996-11-05,12323.67
1996-11-06,12395.43
1996-11-07,12395.54
1996-11-08,12426.36
1996-11-11,12436.71
1996-11-12,12467.53
1996-11-13,12498.35
1996-11-14,12559.88
1996-11-15,12600.94
1996-11-18,12631.77
1996-11-19,12642.12
1996-11-20,12652.47
1996-11-21,12632.11
1996-11-22,12673.18
1996-11-25,12693.77
1996-11-26,12745.07
1996-11-27,12765.66
1996-11-29,12663.4
1996-12-02,12673.75
1996-12-03,12704.58
1996-12-04,12714.94
1996-12-05,12786.71
1996-12-06,12541.13
1996-12-09,12571.96
1996-12-10,12633.5
1996-12-11,12531.23
1996-12-12,12428.97
1996-12-13,12306.23
1996-12-16,12357.53
1996-12-17,12347.4
1996-12-18,12419.19
1996-12-19,12470.49
1996-12-20,12542.27
1996-12-23,12552.63
1996-12-24,12583.46
1996-12-26,12604.05
1996-12-27,12645.12
1996-12-30,12686.73
1996-12-31,12738.71
1997-01-02,12655.84
1997-01-03,12697.45
1997-01-06,12853.17
1997-01-07,13008.9
1997-01-08,13112.75
1997-01-09,13092.13
1997-01-10,13081.87
1997-01-13,13081.99
1997-01-14,13133.98
1997-01-15,13268.97
1997-01-16,13279.46
1997-01-17,13362.58
1997-01-20,13435.33
1997-01-21,13404.33
1997-01-22,13435.57
1997-01-23,13477.19
1997-01-24,13383.94
1997-01-27,13404.81
1997-01-28,13404.94
1997-01-29,13322.06
1997-01-30,13374.06
1997-01-31,13394.93
1997-02-03,13457.3
1997-02-04,13478.18
1997-02-05,13540.56
1997-02-06,13571.81
1997-02-07,13623.81
1997-02-10,13665.44
1997-02-11,13675.94
1997-02-12,13831.71
1997-02-13,13811.08
1997-02-14,13769.7
1997-02-18,13821.71
1997-02-19,13852.97
1997-02-20,13904.98
1997-02-21,13905.11
1997-02-24,13957.12
1997-02-25,14040.26
1997-02-26,13967.75
1997-02-27,13853.73
1997-02-28,13801.97
1997-03-03,13729.45
1997-03-04,13677.69
1997-03-05,13646.68
1997-03-06,13667.56
1997-03-07,13667.69
1997-03-10,13750.83
1997-03-11,13792.47
1997-03-12,13678.44
1997-03-13,13626.67
1997-03-14,13554.15
1997-03-17,13523.14
1997-03-18,13481.75
1997-03-19,13513.01
1997-03-20,13461.24
1997-03-21,13419.84
1997-03-24,13471.86
1997-03-25,13534.26
1997-03-26,13492.86
1997-03-27,13482.61
1997-03-31,13368.56
1997-04-01,13223.37
1997-04-02,13265.01
1997-04-03,13171.72
1997-04-04,13244.49
1997-04-07,13286.13
1997-04-08,13317.39
1997-04-09,13327.89
1997-04-10,13265.74
1997-04-11,13203.58
1997-04-14,13047.99
1997-04-15,13068.87
1997-04-16,13152.04
1997-04-17,13100.25
1997-04-18,13121.14
1997-04-21,13162.78
1997-04-22,13183.66
1997-04-23,13225.3
1997-04-24,13183.9
1997-04-25,13142.5
1997-04-28,13059.57
1997-04-29,13007.78
1997-04-30,13153.24
1997-05-01,13174.12
1997-05-02,13267.67
1997-05-05,13330.08
1997-05-06,13423.64
1997-05-07,13403
1997-05-08,13444.65
1997-05-09,13517.45
1997-05-12,13538.33
1997-05-13,13528.08
1997-05-14,13445.14
1997-05-15,13372.59
1997-05-16,13383.09
1997-05-19,13362.45
1997-05-20,13445.63
1997-05-21,13518.43
1997-05-22,13518.56
1997-05-23,13539.45
1997-05-27,13601.87
1997-05-28,13633.14
1997-05-29,13664.42
1997-05-30,13747.61
1997-06-02,13893.1
1997-06-03,13872.46
1997-06-04,13872.59
1997-06-05,13893.48
1997-06-06,13924.76
1997-06-09,13924.88
1997-06-10,13852.32
1997-06-11,13914.75
1997-06-12,13914.88
1997-06-13,13863.09
1997-06-16,13967.06
1997-06-17,13956.8
1997-06-18,13988.08
1997-06-19,14092.06
1997-06-20,14185.65
1997-06-23,14237.7
1997-06-24,14217.06
1997-06-25,14289.88
1997-06-26,14321.17
1997-06-27,14310.92
1997-06-30,14290.28
1997-07-01,14425.42
1997-07-02,14539.79
1997-07-03,14560.69
1997-07-07,14550.44
1997-07-08,14602.5
1997-07-09,14519.55
1997-07-10,14540.45
1997-07-11,14478.27
1997-07-14,14332.99
1997-07-15,14083.86
1997-07-16,14198.23
1997-07-17,14125.66
1997-07-18,13959.6
1997-07-21,13918.18
1997-07-22,14074.11
1997-07-23,14209.27
1997-07-24,14250.95
1997-07-25,14261.46
1997-07-28,14365.46
1997-07-29,14459.08
1997-07-30,14479.99
1997-07-31,14511.28
1997-08-01,14355.6
1997-08-04,14293.41
1997-08-05,14220.82
1997-08-06,14397.55
1997-08-07,14293.8
1997-08-08,14158.89
1997-08-11,13961.64
1997-08-12,13878.66
1997-08-13,13889.18
1997-08-14,13806.2
1997-08-15,13536.23
1997-08-18,13328.58
1997-08-19,13297.54
1997-08-20,13432.71
1997-08-21,13453.61
1997-08-22,13297.9
1997-08-25,13256.47
1997-08-26,13204.64
1997-08-27,13163.21
1997-08-28,12726.98
1997-08-29,12321.91
1997-09-02,12290.85
1997-09-03,12446.81
1997-09-04,12446.92
1997-09-05,12904.18
1997-09-08,13122.49
1997-09-09,13247.29
1997-09-10,12966.88
1997-09-11,12696.85
1997-09-12,12800.87
1997-09-15,12749.03
1997-09-16,12707.59
1997-09-17,12780.44
1997-09-18,12780.56
1997-09-19,12780.67
1997-09-22,12687.27
1997-09-23,12687.39
1997-09-24,12760.24
1997-09-25,12853.88
1997-09-26,12895.56
1997-09-29,12895.68
1997-09-30,12968.53
1997-10-01,12927.09
1997-10-02,13020.73
1997-10-03,12989.67
1997-10-06,12948.22
1997-10-07,12958.73
1997-10-08,13052.38
1997-10-09,13073.28
1997-10-10,13156.54
1997-10-13,13125.48
1997-10-14,13135.99
1997-10-15,13001.01
1997-10-16,12959.56
1997-10-17,12866.15
1997-10-20,12720.77
1997-10-21,12679.31
1997-10-22,12450.78
1997-10-23,11848.1
1997-10-24,11754.67
1997-10-27,10819.4
1997-10-28,10538.88
1997-10-29,10829.99
1997-10-30,10424.74
1997-10-31,10622.31
1997-11-03,11225.24
1997-11-04,11287.71
1997-11-05,11256.63
1997-11-06,11069.64
1997-11-07,10716.35
1997-11-10,10674.87
1997-11-11,10591.81
1997-11-12,10186.53
1997-11-13,10207.41
1997-11-14,10363.42
1997-11-17,10540.22
1997-11-18,10425.98
1997-11-19,10384.49
1997-11-20,10249.46
1997-11-21,10519.82
1997-11-24,10405.57
1997-11-25,10312.11
1997-11-26,10416.15
1997-11-28,10478.62
1997-12-01,10541.09
1997-12-02,10717.91
1997-12-03,10707.61
1997-12-04,10801.27
1997-12-05,10832.56
1997-12-08,10998.99
1997-12-09,10843.15
1997-12-10,10656.12
1997-12-11,10188.39
1997-12-12,10115.71
1997-12-15,10146.99
1997-12-16,10178.27
1997-12-17,10365.5
1997-12-18,10386.39
1997-12-19,10199.34
1997-12-22,10199.44
1997-12-23,10230.72
1997-12-24,10168.43
1997-12-26,10251.7
1997-12-29,10438.95
1997-12-30,10609.3
1997-12-31,10620.04
1998-01-02,10598.85
1998-01-05,10460.61
1998-01-06,10120.18
1998-01-07,9875.51
1998-01-08,9556.35
1998-01-09,9237.18
1998-01-12,8875.44
1998-01-13,9205.43
1998-01-14,9428.99
1998-01-15,9237.52
1998-01-16,9493.02
1998-01-20,9748.52
1998-01-21,9652.83
1998-01-22,9503.92
1998-01-23,9386.94
1998-01-26,9461.53
1998-01-27,9610.61
1998-01-28,9642.63
1998-01-29,9674.65
1998-01-30,9770.52
1998-02-02,10260.2
1998-02-03,10483.81
1998-02-04,10334.89
1998-02-05,10462.71
1998-02-06,10558.6
1998-02-09,10633.2
1998-02-10,10792.96
1998-02-11,10867.56
1998-02-12,10601.56
1998-02-13,10410.06
1998-02-17,10367.58
1998-02-18,10484.76
1998-02-19,10559.37
1998-02-20,10538.18
1998-02-23,10538.27
1998-02-24,10559.66
1998-02-25,10687.49
1998-02-26,10794.04
1998-02-27,10932.52
1998-03-02,11028.43
1998-03-03,10954.01
1998-03-04,10805.08
1998-03-05,10581.63
1998-03-06,10666.89
1998-03-09,10666.98
1998-03-10,10741.6
1998-03-11,10816.22
1998-03-12,10848.26
1998-03-13,11008.04
1998-03-16,10986.85
1998-03-17,11040.18
1998-03-18,11061.58
1998-03-19,11200.08
1998-03-20,11285.35
1998-03-23,11423.86
1998-03-24,11360.09
1998-03-25,11370.84
1998-03-26,11402.88
1998-03-27,11456.22
1998-03-30,11349.85
1998-03-31,11328.66
1998-04-01,11254.24
1998-04-02,11201.1
1998-04-03,11084.08
1998-04-06,11190.66
1998-04-07,11148.17
1998-04-08,11233.46
1998-04-09,11318.74
1998-04-13,11340.14
1998-04-14,11414.78
1998-04-15,11457.48
1998-04-16,11372.39
1998-04-17,11351.2
1998-04-20,11425.84
1998-04-21,11457.89
1998-04-22,11394.11
1998-04-23,11330.32
1998-04-24,11277.18
1998-04-27,10989.76
1998-04-28,11085.7
1998-04-29,11107.1
1998-04-30,11213.69
1998-05-01,11267.04
1998-05-04,11235.2
1998-05-05,11128.81
1998-05-06,10862.67
1998-05-07,10766.92
1998-05-08,10820.27
1998-05-11,10735.17
1998-05-12,10575.52
1998-05-13,10405.21
1998-05-14,10437.26
1998-05-15,10501.25
1998-05-18,10213.79
1998-05-19,10224.53
1998-05-20,10299.18
1998-05-21,10427.08
1998-05-22,10352.62
1998-05-26,10022.54
1998-05-27,9756.36
1998-05-28,9799.05
1998-05-29,9809.79
1998-06-01,9501
1998-06-02,9671.5
1998-06-03,9714.2
1998-06-04,9746.24
1998-06-05,9746.33
1998-06-08,9703.81
1998-06-09,9618.69
1998-06-10,9245.96
1998-06-11,9107.56
1998-06-12,8958.52
1998-06-15,8553.82
1998-06-16,8617.81
1998-06-17,9065.29
1998-06-18,9118.63
1998-06-19,9150.67
1998-06-22,8916.4
1998-06-23,9054.97
1998-06-24,9076.35
1998-06-25,9001.87
1998-06-26,8842.15
1998-06-29,8799.62
1998-06-30,8895.58
1998-07-01,9044.81
1998-07-02,9140.77
1998-07-06,9130.2
1998-07-07,9279.44
1998-07-08,9300.83
1998-07-09,9183.72
1998-07-10,9066.61
1998-07-13,9109.31
1998-07-14,9279.86
1998-07-15,9365.18
1998-07-16,9493.12
1998-07-17,9567.78
1998-07-20,9514.6
1998-07-21,9450.76
1998-07-22,9333.64
1998-07-23,9205.87
1998-07-24,9152.68
1998-07-27,9067.52
1998-07-28,8971.71
1998-07-29,8961.14
1998-07-30,9121.05
1998-07-31,9057.2
1998-08-03,8865.48
1998-08-04,8748.35
1998-08-05,8631.22
1998-08-06,8492.77
1998-08-07,8301.04
1998-08-10,8183.9
1998-08-11,7842.98
1998-08-12,7800.43
1998-08-13,7693.93
1998-08-14,7864.51
1998-08-17,7736.7
1998-08-18,7822.02
1998-08-19,7949.98
1998-08-20,7832.82
1998-08-21,7566.47
1998-08-24,7523.91
1998-08-25,7513.33
1998-08-26,7289.59
1998-08-27,6916.65
1998-08-28,6874.09
1998-08-31,6692.97
1998-09-01,6725.01
1998-09-02,6927.56
1998-09-03,6757.1
1998-09-04,6725.19
1998-09-08,7044.99
1998-09-09,6938.47
1998-09-10,6618.79
1998-09-11,6618.85
1998-09-14,6842.74
1998-09-15,7205.19
1998-09-16,7269.21
1998-09-17,7088.08
1998-09-18,7152.09
1998-09-21,6960.3
1998-09-22,7173.54
1998-09-23,7450.74
1998-09-24,7514.77
1998-09-25,7440.22
1998-09-28,7525.56
1998-09-29,7504.31
1998-09-30,7323.17
1998-10-01,7014.11
1998-10-02,7046.15
1998-10-05,6918.3
1998-10-06,6992.98
1998-10-07,7078.32
1998-10-08,7078.39
1998-10-09,7281
1998-10-12,7462.29
1998-10-13,7505
1998-10-14,7473.08
1998-10-15,7718.35
1998-10-16,8048.9
1998-10-19,8027.65
1998-10-20,8134.33
1998-10-21,8187.71
1998-10-22,8241.09
1998-10-23,8187.86
1998-10-26,8166.61
1998-10-27,8188.01
1998-10-28,8177.42
1998-10-29,8188.16
1998-10-30,8454.78
1998-11-02,8582.79
1998-11-03,8710.82
1998-11-04,8892.15
1998-11-05,8913.55
1998-11-06,8966.95
1998-11-09,8785.77
1998-11-10,8615.25
1998-11-11,8668.64
1998-11-12,8455.47
1998-11-13,8519.52
1998-11-16,8732.86
1998-11-17,8754.26
1998-11-18,8882.3
1998-11-19,8946.36
1998-11-20,9021.08
1998-11-23,9149.12
1998-11-24,9181.19
1998-11-25,9170.61
1998-11-27,9192.03
1998-11-30,8989.5
1998-12-01,8808.3
1998-12-02,8840.37
1998-12-03,8584.52
1998-12-04,8541.94
1998-12-07,8680.65
1998-12-08,8616.75
1998-12-09,8627.49
1998-12-10,8670.23
1998-12-11,8553
1998-12-14,8350.45
1998-12-15,8393.18
1998-12-16,8350.6
1998-12-17,8404
1998-12-18,8500.06
1998-12-21,8638.78
1998-12-22,8638.86
1998-12-23,8660.27
1998-12-24,8713.68
1998-12-28,8692.43
1998-12-29,8671.18
1998-12-30,8693.29
1998-12-31,8715.41
1999-01-04,8748.54
1999-01-05,8825.75
1999-01-06,9057.22
1999-01-07,9112.39
1999-01-08,9090.44
1999-01-11,8947.28
1999-01-12,8815.13
1999-01-13,8275.29
1999-01-14,8187.21
1999-01-15,8506.84
1999-01-19,8617.11
1999-01-20,8782.48
1999-01-21,8529.11
1999-01-22,8385.93
1999-01-25,8209.7
1999-01-26,8330.99
1999-01-27,8430.24
1999-01-28,8430.32
1999-01-29,8463.46
1999-02-01,8705.98
1999-02-02,8761.16
1999-02-03,8717.16
1999-02-04,8684.17
1999-02-05,8596.09
1999-02-08,8574.13
1999-02-09,8486.04
1999-02-10,8453.05
1999-02-11,8607.42
1999-02-12,8695.67
1999-02-16,8684.73
1999-02-17,8640.72
1999-02-18,8618.76
1999-02-19,8585.77
1999-02-22,8585.85
1999-02-23,8508.78
1999-02-24,8586.01
1999-02-25,8608.13
1999-02-26,8652.3
1999-03-01,8641.35
1999-03-02,8586.32
1999-03-03,8619.47
1999-03-04,8685.68
1999-03-05,8851.1
1999-03-08,8994.47
1999-03-09,9137.85
1999-03-10,9259.18
1999-03-11,9281.31
1999-03-12,9303.44
1999-03-15,9468.87
1999-03-16,9524.07
1999-03-17,9546.21
1999-03-18,9557.32
1999-03-19,9656.62
1999-03-22,9590.56
1999-03-23,9480.41
1999-03-24,9403.33
1999-03-25,9568.78
1999-03-26,9491.7
1999-03-29,9535.88
1999-03-30,9657.23
1999-03-31,9668.34
1999-04-01,9668.43
1999-04-05,9811.84
1999-04-06,9911.15
1999-04-07,10065.58
1999-04-08,10142.85
1999-04-09,10164.99
1999-04-12,10198.16
1999-04-13,10253.38
1999-04-14,10330.65
1999-04-15,10452.02
1999-04-16,10694.67
1999-04-19,10805.02
1999-04-20,10595.64
1999-04-21,10551.63
1999-04-22,10706.09
1999-04-23,10750.29
1999-04-26,10761.41
1999-04-27,10816.64
1999-04-28,10882.9
1999-04-29,10949.15
1999-04-30,11158.75
1999-05-03,11302.2
1999-05-04,11434.62
1999-05-05,11489.86
1999-05-06,11721.53
1999-05-07,11677.53
1999-05-10,11765.85
1999-05-11,11721.85
1999-05-12,11567.57
1999-05-13,11644.87
1999-05-14,11589.84
1999-05-17,11391.45
1999-05-18,11490.8
1999-05-19,11369.6
1999-05-20,11336.62
1999-05-21,11193.37
1999-05-24,11050.1
1999-05-25,10840.67
1999-05-26,10895.91
1999-05-27,10785.73
1999-05-28,10697.6
1999-06-01,10874.15
1999-06-02,10841.17
1999-06-03,10885.38
1999-06-04,10940.62
1999-06-07,11084.1
1999-06-08,11161.4
1999-06-09,11139.45
1999-06-10,11150.58
1999-06-11,11161.71
1999-06-14,11106.66
1999-06-15,11161.91
1999-06-16,11360.55
1999-06-17,11481.98
1999-06-18,11592.38
1999-06-21,11768.96
1999-06-22,11791.13
1999-06-23,11647.85
1999-06-24,11504.56
1999-06-25,11438.48
1999-06-28,11471.68
1999-06-29,11493.85
1999-06-30,11549.1
1999-07-01,11703.64
1999-07-02,11847.14
1999-07-06,11924.47
1999-07-07,11814.27
1999-07-08,11715.1
1999-07-09,11715.2
1999-07-12,11627.06
1999-07-13,11572.01
1999-07-14,11572.11
1999-07-15,11660.47
1999-07-16,11649.55
1999-07-19,11737.91
1999-07-20,11671.82
1999-07-21,11638.83
1999-07-22,11550.68
1999-07-23,11363.24
1999-07-26,11142.7
1999-07-27,11142.8
1999-07-28,11253.23
1999-07-29,11165.07
1999-07-30,11154.14
1999-08-02,11021.85
1999-08-03,11088.15
1999-08-04,11099.28
1999-08-05,10989.05
1999-08-06,10922.95
1999-08-09,10900.99
1999-08-10,10768.68
1999-08-11,10779.82
1999-08-12,10923.35
1999-08-13,10923.45
1999-08-16,10989.75
1999-08-17,10901.58
1999-08-18,10923.75
1999-08-19,10967.99
1999-08-20,11023.26
1999-08-23,11199.91
1999-08-24,11177.94
1999-08-25,11321.49
1999-08-26,11233.32
1999-08-27,11134.11
1999-08-30,11134.21
1999-08-31,11046.03
1999-09-01,11156.48
1999-09-02,11134.51
1999-09-03,11112.55
1999-09-07,11145.75
1999-09-08,11057.57
1999-09-09,11168.03
1999-09-10,11256.41
1999-09-13,11355.84
1999-09-14,11400.08
1999-09-15,11322.94
1999-09-16,11234.75
1999-09-17,11267.96
1999-09-20,11312.21
1999-09-21,11157.81
1999-09-22,11091.69
1999-09-23,10948.32
1999-09-24,10827.01
1999-09-27,10816.08
1999-09-28,10970.69
1999-09-29,10981.83
1999-09-30,10992.96
1999-10-01,10993.06
1999-10-04,11092.5
1999-10-05,11169.86
1999-10-06,11258.26
1999-10-07,11357.7
1999-10-08,11401.96
1999-10-11,11435.17
1999-10-12,11380.09
1999-10-13,11181.51
1999-10-14,11104.35
1999-10-15,10894.72
1999-10-18,10729.25
1999-10-19,10817.66
1999-10-20,11016.45
1999-10-21,11016.55
1999-10-22,11171.19
1999-10-25,11171.29
1999-10-26,11149.31
1999-10-27,11072.14
1999-10-28,11204.71
1999-10-29,11414.56
1999-11-01,11502.98
1999-11-02,11503.08
1999-11-03,11668.78
1999-11-04,11823.44
1999-11-05,11944.98
1999-11-08,11967.17
1999-11-09,12033.52
1999-11-10,12088.83
1999-11-11,12144.14
1999-11-12,12155.29
1999-11-15,12254.76
1999-11-16,12265.91
1999-11-17,12221.86
1999-11-18,12244.06
1999-11-19,12409.78
1999-11-22,12376.77
1999-11-23,12354.8
1999-11-24,12255.54
1999-11-26,12377.11
1999-11-29,12410.34
1999-11-30,12344.21
1999-12-01,12454.74
1999-12-02,12620.47
1999-12-03,12719.96
1999-12-06,12819.45
1999-12-07,12808.53
1999-12-08,12930.1
1999-12-09,13073.77
1999-12-10,13250.56
1999-12-13,13405.27
1999-12-14,13250.8
1999-12-15,13162.58
1999-12-16,13195.83
1999-12-17,13405.76
1999-12-20,13527.35
1999-12-21,13560.6
1999-12-22,13582.81
1999-12-23,13593.98
1999-12-27,13819.92
1999-12-28,13831.33
1999-12-29,13955.66
1999-12-30,14102.57
1999-12-31,14113.99
2000-01-03,14294.78
2000-01-04,14057.79
2000-01-05,13741.76
2000-01-06,13538.64
2000-01-07,13821.05
2000-01-10,14205.09
2000-01-11,14058.43
2000-01-12,14035.98
2000-01-13,14261.94
2000-01-14,14499.21
2000-01-18,14646.14
2000-01-19,14341.38
2000-01-20,14330.22
2000-01-21,14138.38
2000-01-24,14104.63
2000-01-25,13924.07
2000-01-26,13958.08
2000-01-27,13969.5
2000-01-28,13721.18
2000-01-31,13427.68
2000-02-01,13608.5
2000-02-02,13710.26
2000-02-03,14026.6
2000-02-04,14184.84
2000-02-07,14376.96
2000-02-08,14444.86
2000-02-09,14467.58
2000-02-10,14558.06
2000-02-11,14524.31
2000-02-14,14366.33
2000-02-15,14309.99
2000-02-16,14310.12
2000-02-17,14287.66
2000-02-18,14152.25
2000-02-22,13802.25
2000-02-23,13994.38
2000-02-24,14141.35
2000-02-25,14107.59
2000-02-28,13836.64
2000-02-29,13904.53
2000-03-01,14085.39
2000-03-02,14175.88
2000-03-03,14266.37
2000-03-06,14322.98
2000-03-07,14345.7
2000-03-08,14447.49
2000-03-09,14583.18
2000-03-10,14583.31
2000-03-13,14221.97
2000-03-14,14086.54
2000-03-15,14007.6
2000-03-16,14086.8
2000-03-17,14222.49
2000-03-20,14075.76
2000-03-21,14132.37
2000-03-22,14109.91
2000-03-23,14268.19
2000-03-24,14403.89
2000-03-27,14517.08
2000-03-28,14336.31
2000-03-29,14132.93
2000-03-30,13782.57
2000-03-31,13782.69
2000-04-03,13579.3
2000-04-04,13488.97
2000-04-05,13342.1
2000-04-06,13613.59
2000-04-07,13805.93
2000-04-10,13749.52
2000-04-11,13500.89
2000-04-12,13455.79
2000-04-13,13184.53
2000-04-14,12811.51
2000-04-17,12121.86
2000-04-18,12427.28
2000-04-19,12416.08
2000-04-20,12461.43
2000-04-24,12405
2000-04-25,12631.28
2000-04-26,12665.32
2000-04-27,12688.05
2000-04-28,12756.02
2000-05-01,12756.13
2000-05-02,12824.1
2000-05-03,12598.04
2000-05-04,12519
2000-05-05,12496.49
2000-05-08,12293.04
2000-05-09,12225.3
2000-05-10,12089.7
2000-05-11,12067.19
2000-05-12,12191.71
2000-05-15,12259.68
2000-05-16,12440.74
2000-05-17,12214.66
2000-05-18,12045.12
2000-05-19,11841.65
2000-05-22,11592.94
2000-05-23,11479.94
2000-05-24,11513.98
2000-05-25,11559.33
2000-05-26,11570.74
2000-05-30,11921.48
2000-05-31,12079.94
2000-06-01,12317.57
2000-06-02,12758.81
2000-06-05,12815.48
2000-06-06,12702.49
2000-06-07,12713.92
2000-06-08,12680.1
2000-06-09,12827.26
2000-06-12,12804.76
2000-06-13,12748.31
2000-06-14,12838.92
2000-06-15,12624.12
2000-06-16,12522.42
2000-06-19,12545.16
2000-06-20,12681.02
2000-06-21,12715.08
2000-06-22,12624.69
2000-06-23,12489.06
2000-06-26,12534.42
2000-06-27,12658.98
2000-06-28,12726.97
2000-06-29,12704.46
2000-06-30,12840.33
2000-07-03,13123.27
2000-07-05,13134.71
2000-07-06,13078.26
2000-07-07,13123.63
2000-07-10,13191.63
2000-07-11,12999.42
2000-07-12,13101.37
2000-07-13,13067.54
2000-07-14,13090.29
2000-07-17,13124.35
2000-07-18,13022.65
2000-07-19,12751.22
2000-07-20,12751.34
2000-07-21,12819.34
2000-07-24,12604.48
2000-07-25,12570.66
2000-07-26,12570.77
2000-07-27,12435.11
2000-07-28,12107.09
2000-07-31,12175.09
2000-08-01,12220.46
2000-08-02,12254.52
2000-08-03,12186.74
2000-08-04,12232.11
2000-08-07,12130.38
2000-08-08,12073.91
2000-08-09,12153.23
2000-08-10,12289.14
2000-08-11,12379.78
2000-08-14,12504.37
2000-08-15,12470.53
2000-08-16,12515.91
2000-08-17,12549.97
2000-08-18,12369.02
2000-08-21,12278.6
2000-08-22,12369.25
2000-08-23,12324.1
2000-08-24,12312.89
2000-08-25,12358.27
2000-08-28,12347.07
2000-08-29,12381.13
2000-08-30,12392.56
2000-08-31,12358.72
2000-09-01,12472.01
2000-09-05,12460.81
2000-09-06,12415.65
2000-09-07,12336.54
2000-09-08,12302.7
2000-09-11,12155.68
2000-09-12,12008.65
2000-09-13,12054.03
2000-09-14,12065.46
2000-09-15,11895.79
2000-09-18,11454.48
2000-09-19,11431.95
2000-09-20,11567.88
2000-09-21,11432.16
2000-09-22,11262.48
2000-09-25,11488.96
2000-09-26,11466.43
2000-09-27,11466.53
2000-09-28,11568.51
2000-09-29,11602.57
2000-10-02,11489.48
2000-10-03,11421.67
2000-10-04,11421.78
2000-10-05,11478.48
2000-10-06,11410.66
2000-10-09,11240.97
2000-10-10,11173.15
2000-10-11,10901.56
2000-10-12,10641.29
2000-10-13,10550.82
2000-10-16,10720.73
2000-10-17,10483.09
2000-10-18,10358.66
2000-10-19,10619.14
2000-10-20,10755.09
2000-10-23,10551.4
2000-10-24,10653.39
2000-10-25,10438.38
2000-10-26,10415.83
2000-10-27,10540.47
2000-10-30,10529.24
2000-10-31,10721.81
2000-11-01,10948.34
2000-11-02,11061.66
2000-11-03,11005.15
2000-11-06,11039.22
2000-11-07,11039.32
2000-11-08,10948.84
2000-11-09,10847.04
2000-11-10,10801.85
2000-11-13,10518.88
2000-11-14,10688.82
2000-11-15,10734.21
2000-11-16,10632.4
2000-11-17,10587.2
2000-11-20,10417.45
2000-11-21,10372.25
2000-11-22,10134.56
2000-11-24,10123.32
2000-11-27,10270.62
2000-11-28,10021.6
2000-11-29,9908.45
2000-11-30,9670.74
2000-12-01,9704.8
2000-12-04,9693.56
2000-12-05,10090
2000-12-06,10293.93
2000-12-07,10260.05
2000-12-08,10475.31
2000-12-11,10577.33
2000-12-12,10441.53
2000-12-13,10441.62
2000-12-14,10396.42
2000-12-15,10305.91
2000-12-18,10396.61
2000-12-19,10317.43
2000-12-20,10079.69
2000-12-21,10034.48
2000-12-22,10170.47
2000-12-26,10181.89
2000-12-27,10236.35
2000-12-28,10282.81
2000-12-29,10248.13
2001-01-02,10225.04
2001-01-03,10758.41
2001-01-04,10770.1
2001-01-05,10700.64
2001-01-08,10700.74
2001-01-09,10781.99
2001-01-10,10631.37
2001-01-11,10735.81
2001-01-12,10851.85
2001-01-16,10805.57
2001-01-17,10921.61
2001-01-18,11060.84
2001-01-19,11223.26
2001-01-22,11176.98
2001-01-23,11258.24
2001-01-24,11200.37
2001-01-25,11223.67
2001-01-26,11142.61
2001-01-29,11200.68
2001-01-30,11270.35
2001-01-31,11455.98
2001-02-01,11432.89
2001-02-02,11317.04
2001-02-05,11131.62
2001-02-06,11201.29
2001-02-07,11015.87
2001-02-08,11097.14
2001-02-09,11085.64
2001-02-12,11120.53
2001-02-13,11132.23
2001-02-14,11155.52
2001-02-15,11202.01
2001-02-16,11109.34
2001-02-20,11016.67
2001-02-21,10668.88
2001-02-22,10471.83
2001-02-23,10460.33
2001-02-26,10599.59
2001-02-27,10576.49
2001-02-28,10460.62
2001-03-01,10541.89
2001-03-02,10518.8
2001-03-05,10553.68
2001-03-06,10623.37
2001-03-07,10623.46
2001-03-08,10716.34
2001-03-09,10588.86
2001-03-12,10229.43
2001-03-13,10159.93
2001-03-14,9951.26
2001-03-15,9893.36
2001-03-16,9777.46
2001-03-19,9696.36
2001-03-20,9650.06
2001-03-21,9673.34
2001-03-22,9383.46
2001-03-23,9487.94
2001-03-26,9685.45
2001-03-27,9673.93
2001-03-28,9476.59
2001-03-29,9337.31
2001-03-30,9372.24
2001-04-02,9232.96
2001-04-03,9012.38
2001-04-04,8989.24
2001-04-05,9302.9
2001-04-06,9279.75
2001-04-09,9326.29
2001-04-10,9488.98
2001-04-11,9628.44
2001-04-12,9709.83
2001-04-16,9628.61
2001-04-17,9628.7
2001-04-18,10105
2001-04-19,10070.25
2001-04-20,9814.81
2001-04-23,9756.82
2001-04-24,9791.76
2001-04-25,9861.54
2001-04-26,10001.01
2001-04-27,10094.03
2001-04-30,10245.12
2001-05-01,10291.68
2001-05-02,10291.78
2001-05-03,10280.25
2001-05-04,10338.43
2001-05-07,10326.91
2001-05-08,10257.3
2001-05-09,10210.93
2001-05-10,10245.87
2001-05-11,10164.65
2001-05-14,10060.19
2001-05-15,10013.82
2001-05-16,10164.93
2001-05-17,10420.6
2001-05-18,10525.25
2001-05-21,10653.13
2001-05-22,10688.08
2001-05-23,10653.33
2001-05-24,10583.72
2001-05-25,10548.96
2001-05-29,10525.82
2001-05-30,10363.27
2001-05-31,10398.22
2001-06-01,10351.84
2001-06-04,10421.64
2001-06-05,10328.79
2001-06-06,10363.74
2001-06-07,10410.31
2001-06-08,10480.12
2001-06-11,10340.79
2001-06-12,10306.02
2001-06-13,10329.36
2001-06-14,10282.97
2001-06-15,10248.21
2001-06-18,10027.54
2001-06-19,9992.77
2001-06-20,9969.62
2001-06-21,10062.67
2001-06-22,10109.24
2001-06-25,10132.57
2001-06-26,10109.43
2001-06-27,10109.52
2001-06-28,10121.23
2001-06-29,10179.43
2001-07-02,10226
2001-07-03,10133.13
2001-07-05,9912.43
2001-07-06,9680.11
2001-07-09,9656.95
2001-07-10,9575.7
2001-07-11,9378.23
2001-07-12,9448.04
2001-07-13,9413.26
2001-07-16,9320.38
2001-07-17,9355.33
2001-07-18,9343.79
2001-07-19,9413.61
2001-07-20,9378.83
2001-07-23,9437.02
2001-07-24,9379
2001-07-25,9320.97
2001-07-26,9414.04
2001-07-27,9448.99
2001-07-30,9483.94
2001-07-31,9495.65
2001-08-01,9588.72
2001-08-02,9705.03
2001-08-03,9716.74
2001-08-06,9681.96
2001-08-07,9647.18
2001-08-08,9612.4
2001-08-09,9519.5
2001-08-10,9554.46
2001-08-13,9589.42
2001-08-14,9624.38
2001-08-15,9612.84
2001-08-16,9612.93
2001-08-17,9450.28
2001-08-20,9380.62
2001-08-21,9369.09
2001-08-22,9485.41
2001-08-23,9450.63
2001-08-24,9543.71
2001-08-27,9648.42
2001-08-28,9590.38
2001-08-29,9567.22
2001-08-30,9485.93
2001-08-31,9404.64
2001-09-04,9346.61
2001-09-05,9300.19
2001-09-06,9149.15
2001-09-07,9102.73
2001-09-10,9079.56
2001-09-17,8137.97
2001-09-18,8172.93
2001-09-19,8173
2001-09-20,7824.3
2001-09-21,7719.74
2001-09-24,7905.82
2001-09-25,7882.64
2001-09-26,7847.84
2001-09-27,7847.91
2001-09-28,7940.99
2001-10-01,7906.18
2001-10-02,7871.38
2001-10-03,7894.7
2001-10-04,8034.3
2001-10-05,8046
2001-10-08,7999.56
2001-10-09,8092.65
2001-10-10,8185.75
2001-10-11,8441.63
2001-10-12,8360.31
2001-10-15,8360.39
2001-10-16,8430.23
2001-10-17,8465.19
2001-10-18,8395.5
2001-10-19,8430.46
2001-10-22,8442.17
2001-10-23,8465.5
2001-10-24,8558.6
2001-10-25,8570.31
2001-10-26,8605.27
2001-10-29,8570.47
2001-10-30,8396.11
2001-10-31,8465.96
2001-11-01,8512.56
2001-11-02,8582.41
2001-11-05,8768.56
2001-11-06,8815.15
2001-11-07,8780.34
2001-11-08,8885.09
2001-11-09,8896.8
2001-11-12,8873.62
2001-11-13,9048.15
2001-11-14,9152.91
2001-11-15,9222.77
2001-11-16,9199.59
2001-11-19,9350.87
2001-11-20,9223.02
2001-11-21,9199.85
2001-11-23,9374.39
2001-11-26,9572.2
2001-11-27,9537.39
2001-11-28,9269.97
2001-11-29,9223.53
2001-11-30,9258.51
2001-12-03,9386.53
2001-12-04,9468.04
2001-12-05,9851.97
2001-12-06,9921.85
2001-12-07,9980.09
2001-12-10,9852.24
2001-12-11,9805.8
2001-12-12,9933.84
2001-12-13,9759.45
2001-12-14,9701.38
2001-12-17,9689.83
2001-12-18,9666.66
2001-12-19,9655.11
2001-12-20,9643.57
2001-12-21,9550.59
2001-12-24,9620.48
2001-12-26,9725.26
2001-12-27,9796.86
2001-12-28,9916.13
2001-12-31,9975.82
2002-01-02,10154.68
2002-01-03,10321.64
2002-01-04,10452.84
2002-01-07,10584.04
2002-01-08,10500.71
2002-01-09,10524.64
2002-01-10,10345.95
2002-01-11,10262.61
2002-01-14,10238.86
2002-01-15,10119.76
2002-01-16,9988.74
2002-01-17,10048.43
2002-01-18,10036.6
2002-01-22,10084.37
2002-01-23,10191.74
2002-01-24,10275.28
2002-01-25,10334.97
2002-01-28,10370.83
2002-01-29,10287.48
2002-01-30,10132.6
2002-01-31,10263.82
2002-02-01,10252
2002-02-04,10192.49
2002-02-05,10204.5
2002-02-06,10240.36
2002-02-07,10145.08
2002-02-08,10157.09
2002-02-11,10228.72
2002-02-12,10193.04
2002-02-13,10371.96
2002-02-14,10622.42
2002-02-15,10598.67
2002-02-19,10360.33
2002-02-20,10265.04
2002-02-21,10253.21
2002-02-22,10229.46
2002-02-25,10336.86
2002-02-26,10313.11
2002-02-27,10575.5
2002-02-28,10539.83
2002-03-01,10671.08
2002-03-04,10933.48
2002-03-05,10862.04
2002-03-06,11005.22
2002-03-07,10862.24
2002-03-08,10838.49
2002-03-11,10933.98
2002-03-12,10934.08
2002-03-13,10886.48
2002-03-14,10886.58
2002-03-15,10827.06
2002-03-18,10898.71
2002-03-19,10946.5
2002-03-20,10970.45
2002-03-21,10958.63
2002-03-22,11006.42
2002-03-25,10934.98
2002-03-26,10958.93
2002-03-27,11006.73
2002-03-28,11018.75
2002-04-01,10995
2002-04-02,11126.28
2002-04-03,11126.38
2002-04-04,11078.78
2002-04-05,11150.43
2002-04-08,11055.13
2002-04-09,10983.68
2002-04-10,10983.78
2002-04-11,10995.8
2002-04-12,11043.61
2002-04-15,11115.27
2002-04-16,11270.41
2002-04-17,11509.04
2002-04-18,11425.66
2002-04-19,11413.84
2002-04-22,11413.94
2002-04-23,11402.12
2002-04-24,11390.3
2002-04-25,11235.35
2002-04-26,11223.52
2002-04-29,11080.5
2002-04-30,11056.75
2002-05-01,11128.41
2002-05-02,11045.02
2002-05-03,11045.12
2002-05-06,10854.38
2002-05-07,10997.61
2002-05-08,11260.13
2002-05-09,11045.52
2002-05-10,10974.06
2002-05-13,11021.87
2002-05-14,11129.33
2002-05-15,11212.93
2002-05-16,11224.96
2002-05-17,11332.42
2002-05-20,11249.02
2002-05-21,11117.9
2002-05-22,11213.44
2002-05-23,11141.97
2002-05-24,11261.36
2002-05-28,11249.53
2002-05-29,11178.06
2002-05-30,11130.44
2002-05-31,11011.25
2002-06-03,11047.14
2002-06-04,11047.24
2002-06-05,10963.83
2002-06-06,10844.63
2002-06-07,10737.35
2002-06-10,10809.03
2002-06-11,10725.62
2002-06-12,10666.06
2002-06-13,10678.09
2002-06-14,10570.81
2002-06-17,10535.12
2002-06-18,10606.8
2002-06-19,10380.2
2002-06-20,10296.78
2002-06-21,10213.35
2002-06-24,10165.72
2002-06-25,10141.95
2002-06-26,9796.02
2002-06-27,9903.5
2002-06-28,10106.43
2002-07-01,10046.86
2002-07-02,9927.63
2002-07-03,9987.39
2002-07-05,10226.12
2002-07-08,10321.68
2002-07-09,10417.23
2002-07-10,10250.27
2002-07-11,10095.24
2002-07-12,10322.05
2002-07-15,10274.42
2002-07-16,10202.91
2002-07-17,10238.8
2002-07-18,10286.63
2002-07-19,10059.99
2002-07-22,9797.54
2002-07-23,9690.23
2002-07-24,9606.78
2002-07-25,9427.86
2002-07-26,9165.4
2002-07-29,9272.89
2002-07-30,9380.38
2002-07-31,9249.19
2002-08-01,9153.8
2002-08-02,9201.62
2002-08-05,8760.12
2002-08-06,8855.68
2002-08-07,9046.72
2002-08-08,9249.7
2002-08-09,9213.98
2002-08-12,9190.19
2002-08-13,9154.47
2002-08-14,9250.03
2002-08-15,9297.86
2002-08-16,9345.69
2002-08-19,9345.77
2002-08-20,9381.67
2002-08-21,9453.37
2002-08-22,9477.33
2002-08-23,9441.6
2002-08-26,9441.69
2002-08-27,9441.78
2002-08-28,9346.37
2002-08-29,9310.65
2002-08-30,9382.35
2002-09-03,9084.02
2002-09-04,9119.91
2002-09-05,9024.5
2002-09-06,9060.39
2002-09-09,9144.03
2002-09-10,9311.24
2002-09-11,9359.08
2002-09-12,9323.35
2002-09-13,9204.06
2002-09-16,9025.07
2002-09-17,9120.66
2002-09-18,8941.67
2002-09-19,8858.19
2002-09-20,8810.51
2002-09-23,8619.58
2002-09-24,8512.21
2002-09-25,8500.35
2002-09-26,8548.18
2002-09-27,8488.57
2002-09-30,8381.2
2002-10-01,8500.66
2002-10-02,8464.92
2002-10-03,8417.24
2002-10-04,8417.32
2002-10-07,8190.55
2002-10-08,8226.44
2002-10-09,8119.06
2002-10-10,8023.61
2002-10-11,8107.27
2002-10-14,8107.34
2002-10-15,8429.8
2002-10-16,8417.93
2002-10-17,8609.06
2002-10-18,8704.66
2002-10-21,8704.74
2002-10-22,8645.11
2002-10-23,8872.07
2002-10-24,8872.15
2002-10-25,8884.17
2002-10-28,8955.9
2002-10-29,8836.57
2002-10-30,8848.59
2002-10-31,8932.26
2002-11-01,8932.34
2002-11-04,9099.61
2002-11-05,9051.92
2002-11-06,9183.37
2002-11-07,9255.1
2002-11-08,9302.95
2002-11-11,9159.73
2002-11-12,9112.05
2002-11-13,9064.36
2002-11-14,9136.1
2002-11-15,9267.55
2002-11-18,9327.35
2002-11-19,9243.83
2002-11-20,9255.86
2002-11-21,9387.32
2002-11-22,9423.24
2002-11-25,9471.09
2002-11-26,9411.46
2002-11-27,9507.1
2002-11-29,9566.9
2002-12-02,9662.54
2002-12-03,9698.46
2002-12-04,9555.22
2002-12-05,9543.36
2002-12-06,9495.67
2002-12-09,9495.76
2002-12-10,9436.13
2002-12-11,9412.32
2002-12-12,9460.19
2002-12-13,9448.33
2002-12-16,9436.47
2002-12-17,9484.34
2002-12-18,9472.48
2002-12-19,9484.51
2002-12-20,9558.66
2002-12-23,9473.83
2002-12-24,9401.14
2002-12-26,9413.35
2002-12-27,9304.26
2002-12-30,9255.82
2002-12-31,9255.91
2003-01-02,9377.3
2003-01-03,9535.09
2003-01-06,9656.49
2003-01-07,9608.05
2003-01-08,9644.54
2003-01-09,9620.36
2003-01-10,9681.11
2003-01-13,9814.64
2003-01-14,9814.73
2003-01-15,9826.95
2003-01-16,9742.12
2003-01-17,9608.76
2003-01-21,9499.65
2003-01-22,9426.94
2003-01-23,9511.96
2003-01-24,9378.59
2003-01-27,9220.95
2003-01-28,9245.3
2003-01-29,9245.38
2003-01-30,9245.47
2003-01-31,9269.82
2003-02-03,9318.43
2003-02-04,9306.39
2003-02-05,9294.34
2003-02-06,9173.09
2003-02-07,9063.97
2003-02-10,8979.11
2003-02-11,8979.19
2003-02-12,9015.68
2003-02-13,8858.02
2003-02-14,8845.96
2003-02-18,9100.87
2003-02-19,9052.41
2003-02-20,9076.76
2003-02-21,9101.11
2003-02-24,9137.6
2003-02-25,8955.66
2003-02-26,8895.07
2003-02-27,8931.55
2003-02-28,8919.5
2003-03-03,9028.8
2003-03-04,8919.66
2003-03-05,8798.39
2003-03-06,8737.79
2003-03-07,8701.46
2003-03-10,8628.73
2003-03-11,8568.13
2003-03-12,8592.48
2003-03-13,8762.46
2003-03-14,8811.09
2003-03-17,8653.39
2003-03-18,8908.34
2003-03-19,8896.29
2003-03-20,9017.74
2003-03-21,9127.05
2003-03-24,8908.67
2003-03-25,8920.89
2003-03-26,8945.24
2003-03-27,8908.91
2003-03-28,8908.99
2003-03-31,8739.15
2003-04-01,8812.05
2003-04-02,8897.1
2003-04-03,8957.87
2003-04-04,9067.19
2003-04-07,9273.62
2003-04-08,9213.02
2003-04-09,9140.27
2003-04-10,9164.63
2003-04-11,9213.27
2003-04-14,9261.91
2003-04-15,9407.66
2003-04-16,9504.86
2003-04-17,9529.22
2003-04-21,9577.86
2003-04-22,9468.7
2003-04-23,9505.2
2003-04-24,9347.48
2003-04-25,9177.61
2003-04-28,9238.39
2003-04-29,9469.13
2003-04-30,9505.64
2003-05-01,9505.72
2003-05-02,9542.23
2003-05-05,9627.3
2003-05-06,9663.81
2003-05-07,9761.02
2003-05-08,9676.13
2003-05-09,9761.2
2003-05-12,9870.56
2003-05-13,9870.65
2003-05-14,9834.31
2003-05-15,9785.84
2003-05-16,9749.5
2003-05-19,9628.18
2003-05-20,9628.27
2003-05-21,9640.5
2003-05-22,9689.15
2003-05-23,9859.22
2003-05-27,9907.88
2003-05-28,10029.39
2003-05-29,10102.34
2003-05-30,10114.57
2003-06-02,10284.66
2003-06-03,10236.18
2003-06-04,10284.84
2003-06-05,10394.22
2003-06-06,10430.75
2003-06-09,10491.55
2003-06-10,10479.51
2003-06-11,10479.6
2003-06-12,10613.27
2003-06-13,10649.8
2003-06-16,10686.33
2003-06-17,10880.72
2003-06-18,10807.96
2003-06-19,10893.07
2003-06-20,10856.73
2003-06-23,10686.82
2003-06-24,10614.05
2003-06-25,10699.16
2003-06-26,10711.4
2003-06-27,10735.78
2003-06-30,10711.59
2003-07-01,10845.28
2003-07-02,10978.97
2003-07-03,11051.94
2003-07-07,11331.38
2003-07-08,11319.34
2003-07-09,11295.15
2003-07-10,11210.24
2003-07-11,11210.34
2003-07-14,11453.35
2003-07-15,11404.87
2003-07-16,11380.69
2003-07-17,11271.48
2003-07-18,11198.7
2003-07-21,11150.22
2003-07-22,11186.76
2003-07-23,11174.72
2003-07-24,11296.28
2003-07-25,11393.56
2003-07-28,11551.57
2003-07-29,11515.24
2003-07-30,11430.31
2003-07-31,11466.86
2003-08-01,11491.26
2003-08-04,11442.77
2003-08-05,11369.99
2003-08-06,11285.06
2003-08-07,11345.91
2003-08-08,11346.01
2003-08-11,11443.29
2003-08-12,11455.55
2003-08-13,11613.58
2003-08-14,11723.01
2003-08-15,11747.42
2003-08-18,11832.56
2003-08-19,11869.12
2003-08-20,11905.67
2003-08-21,12051.56
2003-08-22,12100.27
2003-08-25,12051.78
2003-08-26,11991.15
2003-08-27,12052
2003-08-28,12064.26
2003-08-29,12198.01
2003-09-02,12319.62
2003-09-03,12416.93
2003-09-04,12453.49
2003-09-05,12538.65
2003-09-08,12550.92
2003-09-09,12551.03
2003-09-10,12502.55
2003-09-11,12514.81
2003-09-12,12514.92
2003-09-15,12381.38
2003-09-16,12490.85
2003-09-17,12527.42
2003-09-18,12527.53
2003-09-19,12491.19
2003-09-22,12357.65
2003-09-23,12406.36
2003-09-24,12430.78
2003-09-25,12370.14
2003-09-26,12285.19
2003-09-29,12273.15
2003-09-30,12297.57
2003-10-01,12431.35
2003-10-02,12601.59
2003-10-03,12783.98
2003-10-06,12832.71
2003-10-07,12881.43
2003-10-08,12930.16
2003-10-09,13100.41
2003-10-10,13258.51
2003-10-13,13343.7
2003-10-14,13270.91
2003-10-15,13258.88
2003-10-16,13368.37
2003-10-17,13295.58
2003-10-20,13344.31
2003-10-21,13344.43
2003-10-22,13320.25
2003-10-23,13016.53
2003-10-24,13016.65
2003-10-27,13101.84
2003-10-28,13296.43
2003-10-29,13369.47
2003-10-30,13466.83
2003-10-31,13418.33
2003-11-03,13637.23
2003-11-04,13649.51
2003-11-05,13661.79
2003-11-06,13540.37
2003-11-07,13637.73
2003-11-10,13552.77
2003-11-11,13419.19
2003-11-12,13528.71
2003-11-13,13711.16
2003-11-14,13711.28
2003-11-17,13480.46
2003-11-18,13541.36
2003-11-19,13322.68
2003-11-20,13176.93
2003-11-21,13249.99
2003-11-24,13189.33
2003-11-25,13286.7
2003-11-26,13396.22
2003-11-28,13566.53
2003-12-01,13870.57
2003-12-02,13907.16
2003-12-03,13919.45
2003-12-04,13846.63
2003-12-05,13810.29
2003-12-08,13773.95
2003-12-09,13919.96
2003-12-10,13871.45
2003-12-11,13932.37
2003-12-12,14029.75
2003-12-15,14127.14
2003-12-16,14017.85
2003-12-17,13908.56
2003-12-18,14042.42
2003-12-19,14081.46
2003-12-22,14180.32
2003-12-23,14192.79
2003-12-24,14254.62
2003-12-26,14279.44
2003-12-29,14390.64
2003-12-30,14588.25
2003-12-31,14625.41
2004-01-02,15020.49
2004-01-05,15316.84
2004-01-06,15292.29
2004-01-07,15206.03
2004-01-08,15280.23
2004-01-09,15502.54
2004-01-12,15477.99
2004-01-13,15478.13
2004-01-14,15342.5
2004-01-15,15169.84
2004-01-16,15182.32
2004-01-20,15478.7
2004-01-21,15392.44
2004-01-22,15380.23
2004-01-23,15454.43
2004-01-26,15528.64
2004-01-27,15590.5
2004-01-28,15504.23
2004-01-29,15146.4
2004-01-30,15084.81
2004-02-02,15072.61
2004-02-03,15097.43
2004-02-04,15048.19
2004-02-05,14961.92
2004-02-06,15196.6
2004-02-09,15468.33
2004-02-10,15517.85
2004-02-11,15678.48
2004-02-12,15789.73
2004-02-13,15888.64
2004-02-17,15987.55
2004-02-18,15963
2004-02-19,15802.65
2004-02-20,15679.34
2004-02-23,15605.41
2004-02-24,15494.44
2004-02-25,15494.58
2004-02-26,15544.1
2004-02-27,15717.09
2004-03-01,15976.51
2004-03-02,16026.05
2004-03-03,15902.73
2004-03-04,15989.3
2004-03-05,16088.22
2004-03-08,16038.98
2004-03-09,15965.04
2004-03-10,15668.85
2004-03-11,15397.35
2004-03-12,15323.41
2004-03-15,15212.42
2004-03-16,15224.91
2004-03-17,15410.26
2004-03-18,15546.23
2004-03-19,15608.11
2004-03-22,15274.86
2004-03-23,15225.6
2004-03-24,15225.74
2004-03-25,15164.14
2004-03-26,15263.06
2004-03-29,15485.48
2004-03-30,15596.76
2004-03-31,15782.14
2004-04-01,15918.12
2004-04-02,15980.01
2004-04-05,16165.4
2004-04-06,16214.95
2004-04-07,16252.14
2004-04-08,16276.99
2004-04-12,16314.19
2004-04-13,16240.24
2004-04-14,16042.79
2004-04-15,15968.83
2004-04-16,15894.88
2004-04-19,15870.32
2004-04-20,15895.17
2004-04-21,15734.75
2004-04-22,15611.39
2004-04-23,15796.8
2004-04-26,15636.38
2004-04-27,15562.41
2004-04-28,15117.92
2004-04-29,14833.98
2004-04-30,14537.68
2004-05-03,14513.11
2004-05-04,14772.62
2004-05-05,14686.3
2004-05-06,14439.39
2004-05-07,14303.66
2004-05-10,13575.02
2004-05-11,13748.07
2004-05-12,13896.42
2004-05-13,13723.62
2004-05-14,13464.34
2004-05-17,12970.36
2004-05-18,13229.88
2004-05-19,13785.88
2004-05-20,13600.71
2004-05-21,13810.84
2004-05-24,13934.5
2004-05-25,13946.98
2004-05-26,14058.29
2004-05-27,14342.54
2004-05-28,14416.8
2004-06-01,14342.81
2004-06-02,14256.46
2004-06-03,13935.39
2004-06-04,14021.99
2004-06-07,14442.16
2004-06-08,14429.94
2004-06-09,14281.82
2004-06-10,14207.82
2004-06-14,13651.99
2004-06-15,13800.38
2004-06-16,13800.5
2004-06-17,13862.4
2004-06-18,13788.4
2004-06-21,13862.66
2004-06-22,13801.01
2004-06-23,13912.33
2004-06-24,14184.28
2004-06-25,14320.32
2004-06-28,14246.32
2004-06-29,14246.45
2004-06-30,14407.2
2004-07-01,14419.69
2004-07-02,14333.33
2004-07-06,14284.04
2004-07-07,14370.66
2004-07-08,14197.8
2004-07-09,14272.07
2004-07-12,14296.91
2004-07-13,14284.69
2004-07-14,14161.25
2004-07-15,14099.59
2004-07-16,14272.72
2004-07-19,14297.57
2004-07-20,14186.48
2004-07-21,14260.75
2004-07-22,14137.31
2004-07-23,14038.57
2004-07-26,13952.2
2004-07-27,14001.76
2004-07-28,14051.32
2004-07-29,14014.37
2004-07-30,14150.44
2004-08-02,14064.06
2004-08-03,14101.26
2004-08-04,14064.32
2004-08-05,14175.67
2004-08-06,14064.57
2004-08-09,14126.5
2004-08-10,14163.7
2004-08-11,14027.88
2004-08-12,14077.45
2004-08-13,14102.29
2004-08-16,14127.14
2004-08-17,14189.07
2004-08-18,14275.72
2004-08-19,14498.33
2004-08-20,14498.46
2004-08-23,14486.23
2004-08-24,14486.36
2004-08-25,14610.1
2004-08-26,14684.4
2004-08-27,14684.53
2004-08-30,14709.39
2004-08-31,14734.24
2004-09-01,14870.35
2004-09-02,14932.29
2004-09-03,14821.17
2004-09-07,14895.48
2004-09-08,14920.33
2004-09-09,14945.19
2004-09-10,15093.67
2004-09-13,15217.42
2004-09-14,15341.18
2004-09-15,15279.51
2004-09-16,15428
2004-09-17,15452.86
2004-09-20,15551.9
2004-09-21,15663.3
2004-09-22,15515.1
2004-09-23,15490.51
2004-09-24,15465.93
2004-09-27,15391.89
2004-09-28,15441.49
2004-09-29,15491.08
2004-09-30,15565.4
2004-10-01,15788.08
2004-10-04,16134.4
2004-10-05,16109.82
2004-10-06,16122.33
2004-10-07,16147.21
2004-10-08,16147.35
2004-10-11,16098.05
2004-10-12,15826.18
2004-10-13,15665.59
2004-10-14,15566.82
2004-10-15,15641.15
2004-10-18,15666.02
2004-10-19,15752.72
2004-10-20,15567.39
2004-10-21,15654.09
2004-10-22,15728.42
2004-10-25,15580.18
2004-10-26,15629.78
2004-10-27,15753.58
2004-10-28,15877.38
2004-10-29,15926.98
2004-11-01,15976.59
2004-11-02,16100.4
2004-11-03,16347.86
2004-11-04,16372.74
2004-11-05,16496.55
2004-11-08,16397.77
2004-11-09,16447.39
2004-11-10,16558.84
2004-11-11,16583.72
2004-11-12,16781.74
2004-11-15,16917.93
2004-11-16,16868.61
2004-11-17,17140.84
2004-11-18,17141
2004-11-19,17066.95
2004-11-22,16906.33
2004-11-23,17017.79
2004-11-24,17178.73
2004-11-26,17314.93
2004-11-29,17426.4
2004-11-30,17550.24
2004-12-01,17599.87
2004-12-02,17698.97
2004-12-03,17736.24
2004-12-06,17724.03
2004-12-07,17600.51
2004-12-08,17378.04
2004-12-09,17279.25
2004-12-10,17155.72
2004-12-13,17279.56
2004-12-14,17452.89
2004-12-15,17675.69
2004-12-16,17774.81
2004-12-17,17762.6
2004-12-20,17923.56
2004-12-21,17960.84
2004-12-22,17985.74
2004-12-23,18058.89
2004-12-27,18134.61
2004-12-28,18210.34
2004-12-29,18286.06
2004-12-30,18361.79
2004-12-31,18487.9
2005-01-03,18488.07
2005-01-04,18148.2
2005-01-05,17858.7
2005-01-06,17594.38
2005-01-07,17619.73
2005-01-10,17657.67
2005-01-11,17720.81
2005-01-12,17733.56
2005-01-13,17834.49
2005-01-14,17960.6
2005-01-18,17973.36
2005-01-19,18011.31
2005-01-20,17847.73
2005-01-21,17885.68
2005-01-24,17936.23
2005-01-25,17961.58
2005-01-26,18150.68
2005-01-27,18188.64
2005-01-28,18239.19
2005-01-31,18466.08
2005-02-01,18453.65
2005-02-02,18491.61
2005-02-03,18592.55
2005-02-04,18731.28
2005-02-07,18794.44
2005-02-08,18731.63
2005-02-09,18794.78
2005-02-10,18820.15
2005-02-11,18921.1
2005-02-14,19185.81
2005-02-15,19261.57
2005-02-16,19223.96
2005-02-17,19287.12
2005-02-18,19388.08
2005-02-22,19577.22
2005-02-23,19577.4
2005-02-24,19842.14
2005-02-25,20006.1
2005-02-28,20107.06
2005-03-01,20094.65
2005-03-02,19880.66
2005-03-03,19918.64
2005-03-04,20107.8
2005-03-07,20145.78
2005-03-08,20057.77
2005-03-09,19994.96
2005-03-10,19919.54
2005-03-11,19895.737258206103
2005-03-14,19776.667468848656
2005-03-15,19347.79183884821
2005-03-16,19181.022857079646
2005-03-17,19335.921220921005
2005-03-18,19363.74128137023
2005-03-21,19121.546636541214
2005-03-22,18815.79197984057
2005-03-23,18645.041692922474
2005-03-24,18585.500508343986
2005-03-28,18649.122006492857
2005-03-29,18244.06493088971
2005-03-30,18641.219868643595
2005-03-31,18744.50096661856
2005-04-01,18764.36847894447
2005-04-04,18867.68200514232
2005-04-05,18824.02509311148
2005-04-06,18998.78150177874
2005-04-07,19078.22921316463
2005-04-08,18923.374357192515
2005-04-11,18994.912728682884
2005-04-12,19022.7345044869
2005-04-13,18867.868119786628
2005-04-14,18387.356220945167
2005-04-15,18077.614500859007
2005-04-18,18030.02015378539
2005-04-19,18391.428581271695
2005-04-20,18101.53387685338
2005-04-21,18510.61437518595
2005-04-22,18379.570244642826
2005-04-25,18550.39847182882
2005-04-26,18435.253589376647
2005-04-27,18347.9072137685
2005-04-28,17970.647225151348
2005-04-29,18308.23767723348
2005-05-02,18391.690628311717
2005-05-03,18264.629718236705
2005-05-04,18900.078337737898
2005-05-05,18912.010066503826
2005-05-06,19003.38450866724
2005-05-09,19066.97666138333
2005-05-10,18673.835042129933
2005-05-11,18781.081888181827
2005-05-12,18447.495947833424
2005-05-13,18403.82348172137
2005-05-16,18527.00179685365
2005-05-17,18550.84577142579
2005-05-18,19003.634446733275
2005-05-19,18924.224730349702
2005-05-20,18745.52820948525
2005-05-23,18765.437945035985
2005-05-24,18761.49340145059
2005-05-25,18690.022419900994
2005-05-26,18765.499646862485
2005-05-27,19007.788353776203
2005-05-31,18841.059639566665
2005-06-01,18944.338681413643
2005-06-02,19111.177166118934
2005-06-03,19063.52997516495
2005-06-06,19230.40579995153
2005-06-07,19131.1343052229
2005-06-08,19047.75250148026
2005-06-09,19182.809872358306
2005-06-10,19194.7423809806
2005-06-13,19182.89397129655
2005-06-14,19254.39616032605
2005-06-15,19528.459889349742
2005-06-16,19822.384787800198
2005-06-17,19885.957482477843
2005-06-20,19818.49584254575
2005-06-21,19703.349263733115
2005-06-22,19862.232558371845
2005-06-23,19568.355215445576
2005-06-24,19461.13847491717
2005-06-27,19540.63507675016
2005-06-28,19699.523220266103
2005-06-29,19636.00229901809
2005-06-30,19493.044382294484
2005-07-01,19671.784598642553
2005-07-05,19703.651598972672
2005-07-06,19552.754255605556
2005-07-07,19540.849246634167
2005-07-08,19660.017036433394
2005-07-11,19977.81966012243
2005-07-12,20220.12854808595
2005-07-13,20216.178743926495
2005-07-14,20339.320027552687
2005-07-15,20240.045612725902
2005-07-18,20184.514957791158
2005-07-19,20391.066056228374
2005-07-20,20565.856240314926
2005-07-21,20712.826872797403
2005-07-22,20744.628269181958
2005-07-25,20395.17747862119
2005-07-26,20510.379188081093
2005-07-27,20653.385337127485
2005-07-28,21026.760309399
2005-07-29,20852.015123591616
2005-08-01,21094.36802385542
2005-08-02,21519.38752270142
2005-08-03,21559.12637009884
2005-08-04,21388.350024908916
2005-08-05,21050.775743606886
2005-08-08,21050.84495975396
2005-08-09,21678.421352255427
2005-08-10,21587.087095674276
2005-08-11,21734.076832972514
2005-08-12,21531.52772116409
2005-08-15,21626.915868892913
2005-08-16,21269.48119265368
2005-08-17,21348.945539783716
2005-08-18,20987.521721847024
2005-08-19,20931.941586470766
2005-08-22,21214.01774251092
2005-08-23,20955.864891771987
2005-08-24,20689.76585029013
2005-08-25,21003.580646297643
2005-08-26,20773.217213814376
2005-08-29,20971.884743728868
2005-08-30,20753.447411497404
2005-08-31,21150.67080870884
2005-09-01,21365.182603429414
2005-09-02,21555.855103492828
2005-09-06,21802.21305361159
2005-09-07,21845.927271705244
2005-09-08,21853.89697069559
2005-09-09,22124.02380038575
2005-09-12,22068.494599968762
2005-09-13,21921.54075621991
2005-09-14,22020.870783847076
2005-09-15,22096.35428654797
2005-09-16,22267.182545826356
2005-09-19,22306.98236264553
2005-09-20,22322.887910404108
2005-09-21,22402.357787181358
2005-09-22,22378.546036028165
2005-09-23,22199.831274198707
2005-09-26,22497.810258845293
2005-09-27,22315.11723692056
2005-09-28,22450.19196286297
2005-09-29,22859.34277789675
2005-09-30,22891.146309806707
2005-10-03,22779.996539657437
2005-10-04,22740.30354630562
2005-10-05,22315.31289978672
2005-10-06,21616.239442908845
2005-10-07,21934.0370728917
2005-10-10,21985.741819494917
2005-10-11,22085.074856240226
2005-10-12,21687.885436806435
2005-10-13,21362.197740215932
2005-10-14,21469.464540088626
2005-10-17,21568.8407429533
2005-10-18,21052.483141666347
2005-10-19,21060.44436206432
2005-10-20,20373.281303660944
2005-10-21,21044.611544175485
2005-10-24,21517.359527024975
2005-10-25,21084.424007883452
2005-10-26,21267.170604392137
2005-10-27,20675.324822420724
2005-10-28,21191.735711405017
2005-10-31,21596.972177247586
2005-11-01,21747.935634133413
2005-11-02,22212.713945359716
2005-11-03,22220.676567897484
2005-11-04,22165.103712905773
2005-11-07,22133.387497911175
2005-11-08,22002.342503679363
2005-11-09,22264.5425872312
2005-11-10,22340.02302238975
2005-11-11,22550.584302763582
2005-11-14,22510.92277239069
2005-11-15,22316.3156989031
2005-11-16,22542.749576440656
2005-11-17,22836.732700630106
2005-11-18,22920.183369491642
2005-11-21,22955.99828013592
2005-11-22,22892.476070134064
2005-11-23,23289.7290878396
2005-11-25,23230.191836922346
2005-11-28,23099.178832698544
2005-11-29,23031.681065678495
2005-11-30,23103.20469770466
2005-12-01,23607.718424361417
2005-12-02,23623.63463484724
2005-12-05,23659.465684276267
2005-12-06,23953.453498473715
2005-12-07,23790.605570715117
2005-12-08,23687.34909333872
2005-12-09,23750.934231284933
2005-12-12,24009.217182959455
2005-12-13,24168.143462338056
2005-12-14,24072.83730306293
2005-12-15,24005.328797042428
2005-12-16,23913.98427326017
2005-12-19,23973.650118593287
2005-12-20,24092.850954343834
2005-12-21,24454.37144420541
2005-12-22,24430.564875659784
2005-12-23,24601.40607367199
2005-12-27,24434.543984389238
2005-12-28,24450.748352911392
2005-12-29,24648.863186344264
2005-12-30,24612.509138397203
2006-01-03,25429.26927616867
2006-01-04,25760.812774778227
2006-01-05,25785.08901461377
2006-01-06,26205.571407056308
2006-01-09,26432.051179952156
2006-01-10,26197.592073996035
2006-01-11,26383.59951207196
2006-01-12,26229.994585307893
2006-01-13,26266.41026681558
2006-01-17,25765.221653202792
2006-01-18,25631.829521775504
2006-01-19,26351.48020349929
2006-01-20,25652.100235402282
2006-01-23,26064.557522170795
2006-01-24,26424.409978081767
2006-01-25,26436.559224791374
2006-01-26,26840.881412715516
2006-01-27,27366.489928092513
2006-01-30,27318.066636927924
2006-01-31,27475.767546117262
2006-02-01,27564.74593859088
2006-02-02,26885.550905381344
2006-02-03,26598.53339222871
2006-02-06,27168.680090476708
2006-02-07,26614.817694428442
2006-02-08,26643.16160236121
2006-02-09,26651.26404484839
2006-02-10,26687.68661610033
2006-02-13,26093.456399003695
2006-02-14,26623.119073812155
2006-02-15,26582.718045690144
2006-02-16,27047.69507703988
2006-02-17,27104.32554299717
2006-02-21,26946.767117615982
2006-02-22,27120.64469109365
2006-02-23,27148.976340366342
2006-02-24,27225.819999036918
2006-02-27,27379.545797210405
2006-02-28,26886.31705893975
2006-03-01,27444.2914208114
2006-03-02,27529.227925346204
2006-03-03,27076.439268743172
2006-03-06,26708.612121191676
2006-03-07,25738.300454919383
2006-03-08,25940.476387802522
2006-03-09,25831.34275111195
2006-03-10,26280.14864981486
2006-03-13,26284.285101391775
2006-03-14,26955.47946473109
2006-03-15,27214.263372490706
2006-03-16,27060.648747507148
2006-03-17,27165.794028589487
2006-03-20,27230.572960729416
2006-03-21,26709.051221252485
2006-03-22,26834.412572266738
2006-03-23,26660.580450774964
2006-03-24,26834.471394283628
2006-03-27,26959.897703413935
2006-03-28,26652.636961596745
2006-03-29,26972.083234131922
2006-03-30,27166.18109563454
2006-03-31,27202.61415324768
2006-04-03,27865.788907931685
2006-04-04,28156.919510289827
2006-04-05,28423.81097660285
2006-04-06,28375.320034758348
2006-04-07,28023.585480198562
2006-04-10,27983.242367031733
2006-04-11,27696.21294497783
2006-04-12,27845.847437182423
2006-04-13,27866.094323428926
2006-04-17,28193.708725293127
2006-04-18,29075.182825285734
2006-04-19,29329.94471247679
2006-04-20,29261.23218567361
2006-04-21,29374.476371527613
2006-04-24,29273.4845925147
2006-04-25,28873.244880260794
2006-04-26,29394.856657262684
2006-04-27,29225.062945526366
2006-04-28,29326.18909565086
2006-05-01,29407.147272182086
2006-05-02,29916.63617879834
2006-05-03,29936.883121907587
2006-05-04,30183.57350107297
2006-05-05,30567.721500276413
2006-05-08,30729.546750158333
2006-05-09,30761.934975382457
2006-05-10,30596.198608473205
2006-05-11,29840.113636936985
2006-05-12,29181.07502680127
2006-05-15,28340.143811540758
2006-05-16,28522.128754065736
2006-05-17,27616.429317258215
2006-05-18,27086.771521299575
2006-05-19,27402.193754074317
2006-05-22,25946.659167647787
2006-05-23,26023.50094966419
2006-05-24,25849.669404444536
2006-05-25,26674.54859411645
2006-05-26,26884.846451809135
2006-05-30,25473.80144701069
2006-05-31,26015.649592958198
2006-06-01,26525.159501898022
2006-06-02,26792.055520371287
2006-06-05,25635.70663856623
2006-06-06,25267.776147134293
2006-06-07,24920.065090571763
2006-06-08,24188.21076007467
2006-06-09,24030.546664623158
2006-06-12,23318.963834724727
2006-06-13,22769.073827934797
2006-06-14,23383.715970051315
2006-06-15,24475.49281526465
2006-06-16,24321.85969523912
2006-06-19,23553.674597380847
2006-06-20,23889.313924943508
2006-06-21,24439.2578385441
2006-06-22,24216.892840864086
2006-06-23,24382.702772081375
2006-06-26,24261.46959310967
2006-06-27,24043.14306905549
2006-06-28,24585.01689917447
2006-06-29,25923.47655238589
2006-06-30,25992.244363319074
2006-07-03,26590.781565466725
2006-07-05,25802.340449340198
2006-07-06,26332.077272497027
2006-07-07,25895.39246030665
2006-07-10,26077.45042406833
2006-07-11,26340.31475390985
2006-07-12,25935.979059967347
2006-07-13,24941.261442333773
2006-07-14,24747.18730654645
2006-07-17,24435.911648549332
2006-07-18,24735.173203419592
2006-07-19,25932.124779361835
2006-07-20,25349.866205687755
2006-07-21,24816.131431872298
2006-07-24,26037.402687402668
2006-07-25,26094.03919235998
2006-07-26,25891.891704386657
2006-07-27,26134.539090518898
2006-07-28,26761.342603646597
2006-07-31,26474.33557902475
2006-08-01,26013.37745390766
2006-08-02,26393.515650225687
2006-08-03,26369.27239754312
2006-08-04,26361.221187786276
2006-08-07,26276.394703873815
2006-08-08,26353.23801770211
2006-08-09,26365.40572754735
2006-08-10,26563.57661001699
2006-08-11,26377.599718117417
2006-08-14,26401.945641175982
2006-08-15,26955.984156915958
2006-08-16,27412.955031717967
2006-08-17,27279.536504145457
2006-08-18,27138.040105374974
2006-08-21,26895.493055744908
2006-08-22,26855.09461954216
2006-08-23,26483.080585899363
2006-08-24,26511.419838725356
2006-08-25,26600.403880489543
2006-08-28,26750.12342269203
2006-08-29,26875.520080508868
2006-08-30,27053.476418632166
2006-08-31,26867.490673786666
2006-09-01,27239.551320656905
2006-09-05,27571.2723808595
2006-09-06,26746.347089738847
2006-09-07,26507.783777125103
2006-09-08,26750.445929168534
2006-09-11,26164.16221609614
2006-09-12,26629.247451981286
2006-09-13,26993.229609302925
2006-09-14,26778.922096724127
2006-09-15,26871.96465840782
2006-09-18,27304.756062734363
2006-09-19,26965.098742806567
2006-09-20,27276.50750740051
2006-09-21,26791.26960326939
2006-09-22,26504.17133405995
2006-09-25,26763.073182125834
2006-09-26,27094.70913082138
2006-09-27,27078.569679716078
2006-09-28,27296.977387486917
2006-09-29,27151.404969579446
2006-10-02,27183.867249555446
2006-10-03,26832.049088707507
2006-10-04,27353.766612194733
2006-10-05,27701.58639395389
2006-10-06,27539.85462100779
2006-10-09,27374.13950324948
2006-10-10,27616.816427502148
2006-10-11,27487.430435303922
2006-10-12,28134.51335459243
2006-10-13,28227.554943731
2006-10-16,28308.529711199357
2006-10-17,27989.070295362013
2006-10-18,28090.214261187557
2006-10-19,28304.57974283559
2006-10-20,28142.854117868595
2006-10-23,28203.592645323894
2006-10-24,28300.694440628613
2006-10-25,28575.707687547976
2006-10-26,28697.068580103893
2006-10-27,28207.759375947644
2006-10-30,28009.697860711705
2006-10-31,28531.424143867654
2006-11-01,28482.927516742693
2006-11-02,28620.45105451093
2006-11-03,28842.922809521802
2006-11-06,29409.196384369836
2006-11-07,29328.33674404687
2006-11-08,29352.638336543492
2006-11-09,29401.20414406145
2006-11-10,29482.112568789642
2006-11-13,29421.559463156096
2006-11-14,29870.499758070404
2006-11-15,29809.85841087319
2006-11-16,29567.24760355814
2006-11-17,29425.731626499743
2006-11-20,29373.237685626285
2006-11-21,29846.459135090077
2006-11-22,30149.81147373704
2006-11-24,30263.113950831572
2006-11-27,29672.749078430228
2006-11-28,29879.039240005877
2006-11-29,30493.80235519384
2006-11-30,30623.25116039584
2006-12-01,30421.06433202575
2006-12-04,31043.987255290416
2006-12-05,31399.91287833235
2006-12-06,31100.682212943568
2006-12-07,30983.424407066545
2006-12-08,30922.79603289185
2006-12-11,30902.678635835986
2006-12-12,30550.85880813628
2006-12-13,30631.779387830884
2006-12-14,31137.355204642507
2006-12-15,31210.184689298014
2006-12-18,31040.420291034025
2006-12-19,30919.125527465752
2006-12-20,31109.240766096496
2006-12-21,31182.073355237844
2006-12-22,31202.268403067075
2006-12-26,31511.115746999247
2006-12-27,31852.76323696529
2006-12-28,31881.60110094109
2006-12-29,31852.833059390956
2007-01-03,32062.915628868377
2007-01-04,31713.099271333205
2007-01-05,30828.20987377064
2007-01-08,31165.81886150755
2007-01-09,30420.861037764174
2007-01-10,30334.4603802199
2007-01-11,30737.860702986578
2007-01-12,31186.531268441533
2007-01-16,31199.018824213086
2007-01-17,31116.728220335845
2007-01-18,30952.133800612
2007-01-19,31548.97600244282
2007-01-22,31520.27865194446
2007-01-23,32063.61846667539
2007-01-24,32355.889226564006
2007-01-25,31368.084861726322
2007-01-26,31557.4537999955
2007-01-29,31302.36805289537
2007-01-30,31639.912808476303
2007-01-31,31878.67925065372
2007-02-01,32199.75908463145
2007-02-02,32187.44862785937
2007-02-05,32187.554462019838
2007-02-06,32533.333312147442
2007-02-07,32475.7551615598
2007-02-08,32537.52521635875
2007-02-09,31969.551144271445
2007-02-12,31735.02602539064
2007-02-13,32278.386550779054
2007-02-14,32846.44540200062
2007-02-15,32838.24812941237
2007-02-16,32813.58958852666
2007-02-20,32974.263221014284
2007-02-21,32908.451342628505
2007-02-22,33110.17359103085
2007-02-23,32957.90495213382
2007-02-26,32896.280297658435
2007-02-27,30496.59260277865
2007-02-28,31138.750758379978
2007-03-01,30768.332401627846
2007-03-02,30130.350048039247
2007-03-05,29266.052653845123
2007-03-06,30665.589603088585
2007-03-07,30356.909892918055
2007-03-08,30966.131705739554
2007-03-09,31073.19545975659
2007-03-12,31381.999358048823
2007-03-13,30093.671822567077
2007-03-14,30653.51485165548
2007-03-15,30970.503314716923
2007-03-16,30711.203503093824
2007-03-19,31299.923106928512
2007-03-20,31600.44953092447
2007-03-21,32506.06368695399
2007-03-22,32345.550976375762
2007-03-23,32411.455209583495
2007-03-26,32395.099844397897
2007-03-27,32218.13480591713
2007-03-28,31934.14796353317
2007-03-29,32547.506337752362
2007-03-30,32465.23197008255
2007-04-02,32749.34914368462
2007-04-03,33239.235543147326
2007-04-04,33350.39910797822
2007-04-05,33441.00918309242
2007-04-09,33638.71799440944
2007-04-10,33741.68616441307
2007-04-11,33647.03347164805
2007-04-12,34075.17899257988
2007-04-13,34186.35519747012
2007-04-16,34614.56749649204
2007-04-17,34491.11933991611
2007-04-18,34330.61999549528
2007-04-19,34100.13928969449
2007-04-20,34610.60365272155
2007-04-23,34466.64983922585
2007-04-24,34491.38396093782
2007-04-25,34981.268139589636
2007-04-26,34512.037686343705
2007-04-27,34372.13352156721
2007-04-30,33701.24547066063
2007-05-01,33940.0297512166
2007-05-02,34594.6095428775
2007-05-03,34936.29999532379
2007-05-04,35068.04737360417
2007-05-07,35191.680707841326
2007-05-08,34874.74299578694
2007-05-09,35294.65522443545
2007-05-10,34417.89582340143
2007-05-11,35319.429397420594
2007-05-14,35097.26291858662
2007-05-15,35113.76688086556
2007-05-16,35677.75118269766
2007-05-17,35471.980446341375
2007-05-18,35723.13422735427
2007-05-21,35801.44802498021
2007-05-22,35896.167908236406
2007-05-23,35661.57255347759
2007-05-24,34887.69651046321
2007-05-25,35575.19862160493
2007-05-29,35464.21012476207
2007-05-30,35814.15382336341
2007-05-31,35945.935289070905
2007-06-01,36756.93336266227
2007-06-04,36645.906372284546
2007-06-05,36444.237587101576
2007-06-06,35843.252541541544
2007-06-07,35209.3343582973
2007-06-08,36036.81971701729
2007-06-11,36143.96045047102
2007-06-12,35555.31597374901
2007-06-13,36345.75571191472
2007-06-14,36909.775231635664
2007-06-15,37543.77339793779
2007-06-18,37844.42923363026
2007-06-19,37918.543039351454
2007-06-20,37655.12628288234
2007-06-21,38079.18785236943
2007-06-22,37544.0614393776
2007-06-25,37231.31579328887
2007-06-26,37050.21984479784
2007-06-27,37531.92478843563
2007-06-28,37536.07120353118
2007-06-29,37581.405981292664
2007-07-02,38359.60165876587
2007-07-03,38775.424430340965
2007-07-05,39076.03413098899
2007-07-06,39607.132060876276
2007-07-09,39911.89098415993
2007-07-10,39212.104250754805
2007-07-11,39508.53934082316
2007-07-12,40541.901319012904
2007-07-13,40821.88789952785
2007-07-16,40229.18947763477
2007-07-17,40323.927996745006
2007-07-18,40175.75108427676
2007-07-19,40550.431081997405
2007-07-20,40443.45136612187
2007-07-23,41394.57380739738
2007-07-24,40167.788548874836
2007-07-25,40657.75172244242
2007-07-26,38418.23517909499
2007-07-27,37998.35629544458
2007-07-30,39459.97211707629
2007-07-31,38904.23874258272
2007-08-01,38286.75791474397
2007-08-02,38694.35683153467
2007-08-03,37134.102977294126
2007-08-06,38081.10773112969
2007-08-07,38221.13102009349
2007-08-08,39275.09200189855
2007-08-09,37644.849552007254
2007-08-10,37237.30371143446
2007-08-13,37463.860333836696
2007-08-14,36290.57866273311
2007-08-15,34503.885573003485
2007-08-16,33923.43758866092
2007-08-17,35224.41478614045
2007-08-20,35426.272302035024
2007-08-21,35154.57869171634
2007-08-22,36583.22366792662
2007-08-23,36887.899509558236
2007-08-24,37719.58599360236
2007-08-27,37896.73227370958
2007-08-28,36394.07464301449
2007-08-29,38115.01049495116
2007-08-30,37732.1719896202
2007-08-31,38901.43642743777
2007-09-04,39445.04830173736
2007-09-05,38531.11812846041
2007-09-06,39107.545954844834
2007-09-07,38333.59174372176
2007-09-10,38070.23579192484
2007-09-11,39161.274127939796
2007-09-12,39046.05405341215
2007-09-13,39433.09394432988
2007-09-14,39490.767459337396
2007-09-17,39128.60147006542
2007-09-18,40964.85508298585
2007-09-19,41055.471481644774
2007-09-20,40783.78573571282
2007-09-21,41479.635162729675
2007-09-24,41994.40268291241
2007-09-25,42031.49549505167
2007-09-26,42344.4452050591
2007-09-27,43069.10717575755
2007-09-28,42727.419845918965
2007-10-01,44370.30814807465
2007-10-02,44218.00963991233
2007-10-03,43542.86049939989
2007-10-04,43929.90093914319
2007-10-05,45123.94172472562
2007-10-08,44712.368241491975
2007-10-09,45194.14711875108
2007-10-10,45494.721418113455
2007-10-11,45284.833157574096
2007-10-12,45968.29856789681
2007-10-15,45659.66392756119
2007-10-16,44651.01688114551
2007-10-17,45968.550478803445
2007-10-18,46170.36623307805
2007-10-19,43885.35054075268
2007-10-22,44466.03124038806
2007-10-23,45536.55525978188
2007-10-24,45128.99519302769
2007-10-25,45660.164368047845
2007-10-26,47405.934415996824
2007-10-29,48208.94671696943
2007-10-30,47327.92139402357
2007-10-31,48287.28927679401
2007-11-01,46586.92119018413
2007-11-02,46833.99831212834
2007-11-05,45701.89043379523
2007-11-06,47101.82656343612
2007-11-07,45306.72655191174
2007-11-08,45718.52799648171
2007-11-09,44730.41844098517
2007-11-12,42334.2743066946
2007-11-13,45208.20650046262
2007-11-14,45414.1253244906
2007-11-15,44384.846198664294
2007-11-16,44459.027187370986
2007-11-19,43232.18140961733
2007-11-20,43808.66177003496
2007-11-21,41754.14704006593
2007-11-23,42515.95920894516
2007-11-26,40473.87742484918
2007-11-27,42454.38340822095
2007-11-28,44550.1797446219
2007-11-29,44179.66522636827
2007-11-30,44171.47246074259
2007-12-03,44270.42191373154
2007-12-04,44192.246580947
2007-12-05,45843.37983540449
2007-12-06,46259.30316591054
2007-12-07,45979.358641846
2007-12-10,45954.80991022072
2007-12-11,44036.115461293186
2007-12-12,45304.3558899193
2007-12-13,44493.249610113926
2007-12-14,43249.83800317833
2007-12-17,41281.827884521575
2007-12-18,42368.896818325025
2007-12-19,42554.23430518176
2007-12-20,42698.375988976324
2007-12-21,43830.73111417623
2007-12-24,44656.891950684534
2007-12-26,44984.22825102128
2007-12-27,44052.9347021737
2007-12-28,44224.99813422688
2007-12-31,43755.30549541837
2008-01-02,43629.522751934324
2008-01-03,44049.09479533595
2008-01-04,42593.424071905814
2008-01-07,42929.17593643986
2008-01-08,42895.658845827056
2008-01-09,43936.10769059343
2008-01-10,44343.093717999815
2008-01-11,43294.34780925532
2008-01-14,43760.154830383864
2008-01-15,41914.31232324509
2008-01-16,40303.411506780714
2008-01-17,39149.751010561595
2008-01-18,40005.62380028985
2008-01-22,38780.794196822884
2008-01-23,39200.36746440009
2008-01-24,39477.28423886379
2008-01-25,38554.37747195861
2008-01-28,39435.50719345791
2008-01-29,39586.56728098675
2008-01-30,38886.001782488594
2008-01-31,39808.99784860921
2008-02-01,40773.98078980098
2008-02-04,40723.76582555847
2008-02-05,39028.91944852072
2008-02-06,38429.02232711113
2008-02-07,39045.77832176267
2008-02-08,38802.48943215398
2008-02-11,39331.21945766017
2008-02-12,39478.10633524917
2008-02-13,40317.20918012627
2008-02-14,39855.753617382965
2008-02-15,40464.1471252623
2008-02-19,40858.68214062975
2008-02-20,41185.96947180224
2008-02-21,40628.0320186966
2008-02-22,41240.60384118153
2008-02-25,41693.851287437705
2008-02-26,42474.23276461101
2008-02-27,42646.287362241615
2008-02-28,42293.91084891098
2008-02-29,40955.631371878524
2008-03-03,41190.713244771076
2008-03-04,40435.57865024008
2008-03-05,41194.99499712079
2008-03-06,39953.20224415342
2008-03-07,39521.09670734759
2008-03-10,38409.43625085261
2008-03-11,41006.47084594576
2008-03-12,40028.96235444591
2008-03-13,39949.293352506254
2008-03-14,38506.10487431409
2008-03-17,37251.76950871047
2008-03-18,39378.920617348536
2008-03-19,37180.54208086742
2008-03-20,37742.75015744281
2008-03-24,39156.81489575883
2008-03-25,39584.813479819655
2008-03-26,39081.38624982762
2008-03-27,39509.391005179765
2008-03-28,39219.92916550108
2008-03-31,39450.805013677294
2008-04-01,40613.038905348636
2008-04-02,40604.689607300985
2008-04-03,41032.672736064895
2008-04-04,40961.38610934895
2008-04-07,41162.92816708084
2008-04-08,41079.05057161735
2008-04-09,40760.234661674294
2008-04-10,41465.145001326375
2008-04-11,40701.585361247526
2008-04-14,40756.253097378496
2008-04-15,41448.584373984515
2008-04-16,42317.12344693834
2008-04-17,42057.02121078947
2008-04-18,42480.8319358736
2008-04-21,42896.356943046005
2008-04-22,42522.98017441371
2008-04-23,43047.487224579316
2008-04-24,42795.793754172344
2008-04-25,43202.823153656136
2008-04-28,42812.77479004465
2008-04-29,42091.142619156126
2008-04-30,42779.28970616006
2008-05-01,43396.093959250284
2008-05-02,43689.85747198253
2008-05-05,43551.54608634106
2008-05-06,43937.60122828957
2008-05-07,42905.48206015276
2008-05-08,43064.98056781376
2008-05-09,42842.65453238641
2008-05-12,43174.26710992208
2008-05-13,43333.745521419376
2008-05-14,43426.09728672309
2008-05-15,44307.25478344883
2008-05-16,44794.026963338365
2008-05-19,45016.53397278703
2008-05-20,43963.45286315512
2008-05-21,43619.4399937222
2008-05-22,44118.7794455279
2008-05-23,42948.20852645112
2008-05-27,43091.04703575861
2008-05-28,43288.31307598918
2008-05-29,43615.62263098271
2008-05-30,43544.32914073378
2008-06-02,43301.1338837125
2008-06-03,42550.115494834594
2008-06-04,41958.55697703891
2008-06-05,43200.56207369612
2008-06-06,41698.512659918444
2008-06-09,41564.35473564019
2008-06-10,40662.319039720605
2008-06-11,40490.30652538233
2008-06-12,40746.30230668164
2008-06-13,40763.13856964878
2008-06-16,41119.91926196372
2008-06-17,40817.85501086065
2008-06-18,41178.74710824606
2008-06-19,40641.72052951696
2008-06-20,39357.807542214105
2008-06-23,39441.861338131304
2008-06-24,39357.98008991947
2008-06-25,40062.95026672607
2008-06-26,38779.03085981525
2008-06-27,39097.96988012068
2008-06-30,39274.324516649285
2008-07-01,38191.79942386441
2008-07-02,37235.14648660057
2008-07-03,37327.51523375956
2008-07-07,37067.5257753155
2008-07-08,37369.666725378345
2008-07-09,36362.682463461984
2008-07-10,37512.41637445956
2008-07-11,37151.60634842983
2008-07-14,37344.75212235903
2008-07-15,36488.80056924554
2008-07-16,37504.268284089914
2008-07-17,38175.68757460765
2008-07-18,37764.50939474817
2008-07-21,37840.17899602784
2008-07-22,37428.990670799816
2008-07-23,37773.12182227003
2008-07-24,37110.174736490044
2008-07-25,37110.21540990003
2008-07-28,37236.20757104996
2008-07-29,37169.12111172999
2008-07-30,37765.0060846109
2008-07-31,37420.970279858964
2008-08-01,37337.08597960454
2008-08-04,36103.536329916795
2008-08-05,36581.93713638504
2008-08-06,37110.70349429706
2008-08-07,36002.955165900064
2008-08-08,36137.279880534894
2008-08-11,35700.98813275569
2008-08-12,35566.73344318994
2008-08-13,35482.86195688232
2008-08-14,35717.89560666845
2008-08-15,35222.796777790434
2008-08-18,34417.23476667632
2008-08-19,34098.34947081888
2008-08-20,35113.8747857248
2008-08-21,34946.06162152951
2008-08-22,35113.95175662663
2008-08-25,34039.84225155885
2008-08-26,34157.366522464145
2008-08-27,34820.40651826654
2008-08-28,34854.014737855025
2008-08-29,34459.61232559832
2008-09-02,33276.42308084555
2008-09-03,32991.1068847849
2008-09-04,31891.704647485443
2008-09-05,31807.81904278842
2008-09-08,32303.08260475899
2008-09-09,30926.735594304468
2008-09-10,30968.729999787593
2008-09-11,31044.308360319923
2008-09-12,31447.181702673406
2008-09-15,29181.26960688681
2008-09-16,28786.842561725953
2008-09-17,26881.739660082792
2008-09-18,28535.127108426317
2008-09-19,32706.327759279855
2008-09-22,30583.07108958047
2008-09-23,29559.19936339992
2008-09-24,30037.61655402152
2008-09-25,31153.880111049366
2008-09-26,30272.682915851878
2008-09-29,26966.023958086625
2008-09-30,29089.43102436397
2008-10-01,28720.173215105428
2008-10-02,26596.82784433608
2008-10-03,26185.602268153598
2008-10-06,23953.192206742788
2008-10-07,22333.40288853284
2008-10-08,22274.666494688783
2008-10-09,21359.864776464
2008-10-10,20814.351728966285
2008-10-13,25036.06752176404
2008-10-14,24398.231044127886
2008-10-15,20655.01293214271
2008-10-16,21175.398051424276
2008-10-17,21066.311270321305
2008-10-20,22291.752106908836
2008-10-21,20604.785380941277
2008-10-22,18624.0552736106
2008-10-23,18842.30108819602
2008-10-24,17163.71408509605
2008-10-27,16551.08601682145
2008-10-28,19362.775000164485
2008-10-29,19169.756613234535
2008-10-30,21133.758836256893
2008-10-31,21158.95731937479
2008-11-03,21184.195647705514
2008-11-04,23039.104016273457
2008-11-05,20353.328342583965
2008-11-06,19220.282314891454
2008-11-07,20873.75596194351
2008-11-10,20949.358030746753
2008-11-11,19849.87527450326
2008-11-12,18129.298988631414
2008-11-13,20538.163010926648
2008-11-14,18859.53524272387
2008-11-17,18565.842492369276
2008-11-18,18314.06479339274
2008-11-19,16929.18876973921
2008-11-20,15611.47727256399
2008-11-21,17625.87475166395
2008-11-24,18859.741947596023
2008-11-25,18490.467945787634
2008-11-26,19749.482841450586
2008-11-28,19329.85812098451
2008-12-01,17617.674547492537
2008-12-02,18599.721310256202
2008-12-03,18843.147818105943
2008-12-04,18070.976909001587
2008-12-05,18952.30497258416
2008-12-08,19741.346481505752
2008-12-09,19623.86763434844
2008-12-10,20832.539608217478
2008-12-11,20429.678067781024
2008-12-12,20622.749377457792
2008-12-15,20463.333723506756
2008-12-16,22049.731204121763
2008-12-17,21487.392512132592
2008-12-18,21076.13505420893
2008-12-19,21017.397962607392
2008-12-22,20312.4182270278
2008-12-23,20052.239192793848
2008-12-24,20297.70549139292
2008-12-26,20280.08669677094
2008-12-29,20359.613842561666
2008-12-30,20827.573761365114
2008-12-31,20809.94383900923
2009-01-02,21922.442153580952
2009-01-05,22275.67086907294
2009-01-06,22672.99576825649
2009-01-07,21472.282774373958
2009-01-08,21339.864990011316
2009-01-09,20818.965604057666
2009-01-12,19856.673353504844
2009-01-13,19989.12652578955
2009-01-14,19000.281495491574
2009-01-15,19256.34916924541
2009-01-16,19530.07046359832
2009-01-20,18099.8345794541
2009-01-21,19106.38342812125
2009-01-22,18664.93938466774
2009-01-23,18709.1067874188
2009-01-26,18991.706760465782
2009-01-27,19150.658872092576
2009-01-28,20245.499005146783
2009-01-29,19203.668760050477
2009-01-30,18956.475384715566
2009-02-02,18832.921455568365
2009-02-03,19371.536541161426
2009-02-04,19565.79598706019
2009-02-05,19936.659451683325
2009-02-06,20899.083000268558
2009-02-09,20687.238973697742
2009-02-10,19574.752090397018
2009-02-11,20033.907086338866
2009-02-12,19989.783789355577
2009-02-13,20104.590664976797
2009-02-17,18524.208612905335
2009-02-18,18674.32057743821
2009-02-19,18594.88269953264
2009-02-20,18153.421404604243
2009-02-23,17712.007273383715
2009-02-24,18656.774944202956
2009-02-25,18383.09118056994
2009-02-26,18180.034192500596
2009-02-27,18506.749793822873
2009-03-02,17641.510159554506
2009-03-03,17138.239715015814
2009-03-04,18303.76343469541
2009-03-05,17500.295048026957
2009-03-06,17747.535476096687
2009-03-09,17438.560605352173
2009-03-10,18833.66455360015
2009-03-11,18780.709588461283
2009-03-12,19416.46740372282
2009-03-13,19540.09959185354
2009-03-16,19619.634999188056
2009-03-17,20069.972731781178
2009-03-18,20502.65322346684
2009-03-19,20361.39907969062
2009-03-20,20096.527452602244
2009-03-23,21862.55497284396
2009-03-24,21244.494345071333
2009-03-25,21580.04381967799
2009-03-26,22074.535429598483
2009-03-27,21456.47699035915
2009-03-30,20396.960153106986
2009-03-31,20803.162107383847
2009-04-01,21562.552215510626
2009-04-02,22781.09737345986
2009-04-03,23046.021679626232
2009-04-06,22745.877397015814
2009-04-07,22277.917117897443
2009-04-08,22648.790142533675
2009-04-09,23637.779351391917
2009-04-13,23805.65289379509
2009-04-14,23434.81331404806
2009-04-15,23743.900711351696
2009-04-16,24079.457027200024
2009-04-17,23849.910928938636
2009-04-20,22702.075262483035
2009-04-21,23276.055157516243
2009-04-22,23090.660831898396
2009-04-23,23532.180531978476
2009-04-24,23964.891670879555
2009-04-27,23161.42072078181
2009-04-28,23037.83029609525
2009-04-29,24282.896373747404
2009-04-30,24433.034307363814
2009-05-01,24874.56732710783
2009-05-04,26543.558617084578
2009-05-05,26190.377977320244
2009-05-06,26746.706637014635
2009-05-07,26013.835452711468
2009-05-08,26994.023528600876
2009-05-11,26384.820827298685
2009-05-12,26526.13738140338
2009-05-13,25607.821076574648
2009-05-14,25987.528753496452
2009-05-15,25784.476034055133
2009-05-18,27382.8476529853
2009-05-19,27568.313625378076
2009-05-20,27674.313820713312
2009-05-21,27215.158130120377
2009-05-22,27488.92727715198
2009-05-26,27727.466523421142
2009-05-27,27462.59785207695
2009-05-28,28310.344700288148
2009-05-29,28804.87704286674
2009-06-01,29926.445175853743
2009-06-02,29493.782110746164
2009-06-03,28557.782884566765
2009-06-04,29008.168076407597
2009-06-05,29052.355910504008
2009-06-08,28628.578644560024
2009-06-09,28655.101103304867
2009-06-10,28928.87752903561
2009-06-11,29467.581904014285
2009-06-12,29114.40039490354
2009-06-15,28063.64529792459
2009-06-16,27692.790094662345
2009-06-17,27480.89259694317
2009-06-18,27427.937371993565
2009-06-19,27542.76692302921
2009-06-22,26492.003914647565
2009-06-23,26659.818578034
2009-06-24,27419.28634949225
2009-06-25,28099.278488818174
2009-06-26,28249.424664925675
2009-06-29,28426.1383813989
2009-06-30,28099.432475694786
2009-07-01,28691.115234113022
2009-07-02,27869.891820221786
2009-07-06,27931.81594625732
2009-07-07,27278.3700832545
2009-07-08,26969.333746966306
2009-07-09,27402.074058869526
2009-07-10,27066.52924345258
2009-07-13,27260.894295265614
2009-07-14,27525.85844574456
2009-07-15,28956.48738395848
2009-07-16,28956.519120782454
2009-07-17,29265.641414790265
2009-07-20,30166.49083782937
2009-07-21,30131.191968654395
2009-07-22,30069.416648262333
2009-07-23,30873.065340461802
2009-07-24,30784.779694372413
2009-07-27,30987.999642561008
2009-07-28,30829.083900357455
2009-07-29,30175.61747767387
2009-07-30,30979.280429816703
2009-07-31,31164.76252178484
2009-08-03,32348.23032997234
2009-08-04,32100.981013918474
2009-08-05,31827.246397641225
2009-08-06,31553.532456346944
2009-08-07,31774.3438722263
2009-08-10,31509.514214027702
2009-08-11,30944.355132959314
2009-08-12,31288.799922712366
2009-08-13,31818.712204331336
2009-08-14,31386.013932719237
2009-08-17,30096.761297925594
2009-08-18,30591.347479184034
2009-08-19,30750.331886726064
2009-08-20,31147.787102853315
2009-08-21,31730.66634301186
2009-08-24,31792.5945526922
2009-08-25,31748.474755953626
2009-08-26,31571.885472441933
2009-08-27,31518.93332548135
2009-08-28,31518.967870791545
2009-08-31,30945.033451268013
2009-09-01,30459.343963147214
2009-09-02,30821.46294718171
2009-09-03,31386.701932446365
2009-09-04,32004.93735000246
2009-09-08,32685.098304985142
2009-09-09,32755.783248978645
2009-09-10,33223.88571097551
2009-09-11,33117.94954157044
2009-09-14,33100.38608523377
2009-09-15,33453.67294905908
2009-09-16,34345.69850549145
2009-09-17,34045.467440307555
2009-09-18,34160.32367318813
2009-09-21,33842.4908240553
2009-09-22,34451.90088760591
2009-09-23,33922.0528045894
2009-09-24,33250.879060270454
2009-09-25,33498.209048932025
2009-09-28,33913.40106048352
2009-09-29,33869.2712561971
2009-09-30,34028.29050939401
2009-10-01,33171.66960837665
2009-10-02,33251.17060981644
2009-10-05,33984.33099988712
2009-10-06,34540.748198200316
2009-10-07,34461.31033704602
2009-10-08,34991.237342564295
2009-10-09,35176.75667703908
2009-10-12,35388.84332528733
2009-10-13,35397.706599852114
2009-10-14,36528.21724154665
2009-10-15,36369.275191103865
2009-10-16,35839.40787305657
2009-10-19,36501.909207697674
2009-10-20,35936.69893638284
2009-10-21,35813.1119639782
2009-10-22,36095.77697433655
2009-10-23,35751.359864842576
2009-10-26,35424.69277720871
2009-10-27,34841.838380704474
2009-10-28,33340.4442806456
2009-10-29,34753.591200962845
2009-10-30,33208.04917501661
2009-11-02,33844.0487218169
2009-11-03,33508.470959536586
2009-11-04,34374.03846406173
2009-11-05,35089.45746946154
2009-11-06,34974.68946074066
2009-11-09,36184.79775121433
2009-11-10,35928.70397898508
2009-11-11,36158.38148754635
2009-11-12,35390.04573586197
2009-11-13,36017.141801667814
2009-11-16,36882.80505011672
2009-11-17,36750.353394360944
2009-11-18,36450.10721953509
2009-11-19,35849.56030508901
2009-11-20,35814.28953687762
2009-11-23,36423.81635864428
2009-11-24,36300.209354941435
2009-11-25,36600.54055802855
2009-11-27,35266.95895299443
2009-11-30,35593.87474851254
2009-12-01,36485.96365539126
2009-12-02,36653.824385571876
2009-12-03,36380.05875015657
2009-12-04,36609.737222828204
2009-12-07,36318.384590779206
2009-12-08,35779.65874518608
2009-12-09,36009.34313774443
2009-12-10,36088.87719682553
2009-12-11,36274.38394454265
2009-12-14,36459.984319078416
2009-12-15,36239.2213077321
2009-12-16,36336.4302929944
2009-12-17,35329.55039679057
2009-12-18,35479.74659160977
2009-12-21,35418.033969399236
2009-12-22,35647.723897453834
2009-12-23,35948.06892060861
2009-12-24,36382.300465591914
2009-12-28,36543.5827908218
2009-12-29,36507.821869828156
2009-12-30,36597.38037351364
2009-12-31,36704.86353770982
2010-01-04,37958.38062315492
2010-01-05,38083.731914141434
2010-01-06,38316.55383751544
2010-01-07,37985.335148736674
2010-01-08,38218.149495026744
2010-01-11,38271.990682957236
2010-01-12,37716.981354493706
2010-01-13,37869.195290527176
2010-01-14,37779.71151395013
2010-01-15,37332.13134085152
2010-01-19,37976.900252804095
2010-01-20,37045.8706938546
2010-01-21,35971.57839295051
2010-01-22,35165.88853644458
2010-01-25,35506.21657201259
2010-01-26,34825.84854464801
2010-01-27,34727.41228897737
2010-01-28,34593.144408091066
2010-01-29,34235.080627710486
2010-02-01,35220.00136317247
2010-02-02,35390.13569092287
2010-02-03,35291.691318481026
2010-02-04,33680.23783457745
2010-02-05,33617.604476343186
2010-02-08,32991.02352819965
2010-02-09,34002.72579665878
2010-02-10,33895.32316297731
2010-02-11,34727.98322125862
2010-02-12,34343.048739755046
2010-02-16,35220.58039381134
2010-02-17,35354.91458325024
2010-02-18,35426.55662216491
2010-02-19,35193.841280724046
2010-02-22,35211.86920573037
2010-02-23,34424.03854266974
2010-02-24,34853.80789187767
2010-02-25,34576.30707071895
2010-02-26,34880.750059003134
2010-03-01,35462.797780206485
2010-03-02,35865.73712966244
2010-03-03,35955.30111099447
2010-03-04,35722.548452783434
2010-03-05,36761.14629909193
2010-03-08,36752.31359158269
2010-03-09,36904.57022382343
2010-03-10,36976.23149084511
2010-03-11,37119.505832317795
2010-03-12,37021.08330162282
2010-03-15,36770.48955857408
2010-03-16,37200.30813991239
2010-03-17,37576.3710715596
2010-03-18,37334.6682597147
2010-03-19,36967.64520374027
2010-03-22,37057.29329161684
2010-03-23,37352.79627265198
2010-03-24,36851.45186581404
2010-03-25,36663.45558692011
2010-03-26,36923.154720479804
2010-03-29,37594.76753949524
2010-03-30,37720.16455009002
2010-03-31,37738.1161640444
2010-04-01,38642.43705679883
2010-04-05,39027.59031322651
2010-04-06,39108.217871692534
2010-04-07,38803.852937708536
2010-04-08,38902.372235949595
2010-04-09,39108.34646173562
2010-04-12,38786.14975896944
2010-04-13,38759.33046868011
2010-04-14,39368.21715611269
2010-04-15,39126.51686964367
2010-04-16,38096.90721343053
2010-04-19,37917.965930574195
2010-04-20,38356.70305603675
2010-04-21,38204.5534922891
2010-04-22,38374.72178042119
2010-04-23,38571.733915550656
2010-04-26,38589.7715239751
2010-04-27,37219.92343224229
2010-04-28,37587.057594834776
2010-04-29,38142.20718249669
2010-04-30,37658.76746965429
2010-05-03,37891.672067137355
2010-05-04,36333.80236993372
2010-05-05,35662.30758649308
2010-05-06,34355.12720843498
2010-05-07,34390.97621815653
2010-05-10,36647.41431152368
2010-05-11,36002.79404182594
2010-05-12,36504.243115039826
2010-05-13,36146.11666664286
2010-05-14,35519.40486355787
2010-05-17,35349.4065377763
2010-05-18,34588.37163806846
2010-05-19,34158.62506135503
2010-05-20,32609.65696736221
2010-05-21,33496.13180451884
2010-05-24,33147.02550176229
2010-05-25,32824.7293278166
2010-05-26,32824.76530430238
2010-05-27,34723.012343513365
2010-05-28,34203.73388475659
2010-06-01,33595.01823967721
2010-06-02,34785.92431622634
2010-06-03,34642.69415778117
2010-06-04,33496.64578114777
2010-06-07,33031.139270030886
2010-06-08,33747.49687807785
2010-06-09,33514.73301144434
2010-06-10,34562.374737578866
2010-06-11,34804.16583562627
2010-06-14,34777.4219682838
2010-06-15,35834.036012322125
2010-06-16,35789.30513921337
2010-06-17,35663.988345619524
2010-06-18,35869.9828029142
2010-06-21,36532.69937233784
2010-06-22,35843.28151880705
2010-06-23,36004.490848027184
2010-06-24,35467.26786285571
2010-06-25,35861.29271152845
2010-06-28,35673.37299938243
2010-06-29,34303.421797617455
2010-06-30,34016.93296882602
2010-07-01,34222.90727270721
2010-07-02,34294.59051193472
2010-07-06,34885.720300084584
2010-07-07,35566.28363813112
2010-07-08,35799.12289238851
2010-07-09,36246.877553685285
2010-07-12,35969.41337673489
2010-07-13,36399.27117575651
2010-07-14,36345.57140987536
2010-07-15,36256.07874506044
2010-07-16,35253.23845237662
2010-07-19,35701.05873655309
2010-07-20,36381.637985360845
2010-07-21,36059.32255850805
2010-07-22,36999.56430054912
2010-07-23,37295.09874721914
2010-07-26,37528.036883060675
2010-07-27,37438.53103460569
2010-07-28,37259.48589317134
2010-07-29,37366.98919452699
2010-07-30,37492.381435024145
2010-08-02,38468.5543220826
2010-08-03,38280.54877827355
2010-08-04,38405.961330069
2010-08-05,38271.674977837356
2010-08-06,38182.16364207473
2010-08-09,38397.2140465309
2010-08-10,37859.955365385846
2010-08-11,36740.695749556515
2010-08-12,36776.53521855968
2010-08-13,36991.50930927432
2010-08-16,37287.12728589471
2010-08-17,37699.08735632512
2010-08-18,37636.437094548244
2010-08-19,37367.84925650041
2010-08-20,37323.10889342805
2010-08-23,36991.91474477971
2010-08-24,36588.982843039244
2010-08-25,36427.841771838575
2010-08-26,36168.18718312945
2010-08-27,36902.52955833684
2010-08-30,36356.40167871032
2010-08-31,36535.5423559538
2010-09-01,37753.42574569699
2010-09-02,37771.385760059304
2010-09-03,38192.30405225646
2010-09-07,37673.07563060696
2010-09-08,38058.18521938134
2010-09-09,38246.28226383928
2010-09-10,38443.34576846353
2010-09-13,39249.39748242294
2010-09-14,39267.346069267944
2010-09-15,39294.24748962662
2010-09-16,39115.20521000898
2010-09-17,39097.33447157824
2010-09-20,39724.30572655729
2010-09-21,39697.49070582654
2010-09-22,39706.47643555146
2010-09-23,39491.6031188046
2010-09-24,40181.18863474599
2010-09-27,40100.73922388233
2010-09-28,40369.429361598006
2010-09-29,40512.75776112934
2010-09-30,40709.78549897247
2010-10-01,41345.66259364253
2010-10-04,41309.97597543886
2010-10-05,41918.97625909566
2010-10-06,41999.61250867805
2010-10-07,41596.687946763996
2010-10-08,42035.52463488071
2010-10-11,42017.74344819449
2010-10-12,41838.69372892486
2010-10-13,42501.4316485254
2010-10-14,42555.207346127325
2010-10-15,42465.688512992536
2010-10-18,42438.97943112913
2010-10-19,41131.54733948961
2010-10-20,41830.099458284814
2010-10-21,41785.398192137225
2010-10-22,41892.88453774942
2010-10-25,42349.76251938171
2010-10-26,42349.80893547288
2010-10-27,41651.31634782114
2010-10-28,41866.29506071433
2010-10-29,41973.80892620313
2010-11-01,42412.75756027439
2010-11-02,42914.30396894936
2010-11-03,43209.90220475077
2010-11-04,44168.161238628905
2010-11-05,44096.56200471162
2010-11-08,43881.776664553945
2010-11-09,43407.20493689513
2010-11-10,43640.074038357656
2010-11-11,43308.76530499385
2010-11-12,42287.91116966048
2010-11-15,42234.303250542296
2010-11-16,41105.957397935796
2010-11-17,41285.099967415925
2010-11-18,42225.48337559918
2010-11-19,42279.26355152032
2010-11-22,42189.865292520364
2010-11-23,40837.602110904954
2010-11-24,41742.16132335175
2010-11-26,40837.736387261706
2010-11-29,41070.71300354723
2010-11-30,40784.17821843429
2010-12-01,42011.14926770629
2010-12-02,42673.931675780506
2010-12-03,42817.27014838038
2010-12-06,42799.4797890375
2010-12-07,42602.49941247974
2010-12-08,42342.835292174655
2010-12-09,42244.359859522054
2010-12-10,42432.485776976995
2010-12-13,42656.509559673446
2010-12-14,42701.345985457134
2010-12-15,42074.469712148064
2010-12-16,42316.36675722499
2010-12-17,42280.56105776384
2010-12-20,42155.32914513442
2010-12-21,42701.67359656455
2010-12-22,42870.30112877793
2010-12-23,42806.543554410775
2010-12-27,42724.73938039196
2010-12-28,42761.25337874885
2010-12-29,43280.63803668657
2010-12-30,43590.47483868488
2010-12-31,43872.9931166922
2011-01-03,44301.39596143328
2011-01-04,44474.567121529784
2011-01-05,44310.60927925495
2011-01-06,43918.825466101494
2011-01-07,43508.86953964532
2011-01-10,43062.52619349529
2011-01-11,43545.49874680345
2011-01-12,44538.75505922463
2011-01-13,44037.64754586013
2011-01-14,44156.15446057396
2011-01-18,44147.226385325426
2011-01-19,43782.79915705454
2011-01-20,43400.14639787226
2011-01-21,42971.9322503281
2011-01-24,43263.65456952762
2011-01-25,43008.55966263595
2011-01-26,43409.55620285053
2011-01-27,43263.79682288275
2011-01-28,41924.36658075838
2011-01-31,42361.90061132709
2011-02-01,43273.13708531739
2011-02-02,42936.058090236926
2011-02-03,42899.639159738275
2011-02-04,42881.47445174643
2011-02-07,42763.17497166105
2011-02-08,42644.74930237191
2011-02-09,41815.57517614692
2011-02-10,41396.455827398146
2011-02-11,41852.11451936017
2011-02-14,41824.931580941724
2011-02-15,41906.98972246229
2011-02-16,42280.62843619697
2011-02-17,42472.033682826615
2011-02-18,42736.337933131115
2011-02-22,41305.88663485278
2011-02-23,41269.48374552861
2011-02-24,41360.6534723098
2011-02-25,41925.653195586165
2011-02-28,42290.30393151838
2011-03-01,41852.94019893466
2011-03-02,42436.18773614168
2011-03-03,43229.01066008328
2011-03-04,43183.4900708835
2011-03-07,42664.231612946314
2011-03-08,43138.1351715773
2011-03-09,43147.278000176564
2011-03-10,41953.60909016898
2011-03-11,42254.364993991585
2011-03-14,42573.41934142283
2011-03-15,41899.14294049062
2011-03-16,40997.06479753963
2011-03-17,41552.96225058078
2011-03-18,41680.583565434164
2011-03-21,42427.95449340767
2011-03-22,42473.56986314898
2011-03-23,43020.36093513358
2011-03-24,43548.93519853829
2011-03-25,43548.982928943995
2011-03-28,43293.99040771689
2011-03-29,43722.317717676124
2011-03-30,44260.018595229696
2011-03-31,44606.33963041861
2011-04-01,45335.39461361556
2011-04-04,45754.711918693014
2011-04-05,45627.218372696916
2011-04-06,45836.85029906067
2011-04-07,45827.77276562799
2011-04-08,45900.744121075964
2011-04-11,45381.456044542916
2011-04-12,44570.486871867426
2011-04-13,44871.24853675172
2011-04-14,45135.552718573854
2011-04-15,45153.83127906433
2011-04-18,44106.01645655169
2011-04-19,44698.40108627984
2011-04-20,45819.32444506774
2011-04-21,46211.22020321378
2011-04-25,45819.57553958116
2011-04-26,46175.03079083804
2011-04-27,46165.96407283585
2011-04-28,45783.28346254869
2011-04-29,46111.403770030534
2011-05-02,46038.63234137846
2011-05-03,45100.06035663578
2011-05-04,44289.03406240353
2011-05-05,43824.32905657178
2011-05-06,44416.73772046292
2011-05-09,44535.34936184075
2011-05-10,44918.14239993185
2011-05-11,44098.0108458645
2011-05-12,44098.059178066855
2011-05-13,43214.12913415168
2011-05-16,43205.167014502964
2011-05-17,43405.712129345746
2011-05-18,44034.55302963036
2011-05-19,43815.891950096804
2011-05-20,43478.73675349282
2011-05-23,42585.80599830615
2011-05-24,42950.38887006016
2011-05-25,43050.67905081018
2011-05-26,43579.29516561647
2011-05-27,44016.78673946065
2011-05-31,44755.14343058809
2011-06-01,44108.14350964647
2011-06-02,44490.9643572497
2011-06-03,44217.59400391743
2011-06-06,43625.377264859235
2011-06-07,43971.73671951303
2011-06-08,43689.28114977649
2011-06-09,43935.367404442506
2011-06-10,43033.20645728618
2011-06-13,42951.330367629314
2011-06-14,43561.943119657764
2011-06-15,42705.36323923083
2011-06-16,42368.21547618046
2011-06-17,42441.164682418785
2011-06-20,42322.8251972204
2011-06-21,43061.07890568435
2011-06-22,42723.913346794034
2011-06-23,42505.242440793605
2011-06-24,42505.289027293526
2011-06-27,42888.195811304606
2011-06-28,43444.17139764683
2011-06-29,43808.732334234206
2011-06-30,44310.039610475986
2011-07-01,44820.447331914926
2011-07-05,44702.173491928195
2011-07-06,44583.74669728519
2011-07-07,45121.49887628445
2011-07-08,44656.74621296557
2011-07-11,43380.99846995288
2011-07-12,42998.24608487327
2011-07-13,43645.379955519034
2011-07-14,43253.53552940896
2011-07-15,43499.65762898954
2011-07-18,43007.65497715542
2011-07-19,43627.4333222471
2011-07-20,43718.60957031001
2011-07-21,44329.29583019291
2011-07-22,44365.81449870847
2011-07-25,44311.2537411855
2011-07-26,44502.70520972724
2011-07-27,43800.97717260091
2011-07-28,43846.61108645138
2011-07-29,44038.028075743205
2011-08-01,44001.7290077032
2011-08-02,42716.714965727435
2011-08-03,42525.37583364365
2011-08-04,40092.01378086292
2011-08-05,39782.1677143369
2011-08-08,36574.20751506234
2011-08-09,38524.63840010723
2011-08-10,36537.83015238585
2011-08-11,38643.211295868576
2011-08-12,38615.88515404691
2011-08-15,39545.66572355379
2011-08-16,39108.22908083866
2011-08-17,39372.576459985285
2011-08-18,37704.75661533127
2011-08-19,37130.6167129081
2011-08-22,37094.27280163239
2011-08-23,38370.28945974609
2011-08-24,38106.01698595692
2011-08-25,37358.69894144542
2011-08-26,37914.7044176513
2011-08-29,39136.123374046896
2011-08-30,39190.848445548414
2011-08-31,40038.512659130785
2011-09-01,39847.15120055369
2011-09-02,38999.5824023627
2011-09-06,38534.9100490235
2011-09-07,39665.13061917315
2011-09-08,38854.0147409633
2011-09-09,37505.150728495166
2011-09-12,37368.55734003363
2011-09-13,37423.27599007102
2011-09-14,37268.36787118371
2011-09-15,37760.59687130191
2011-09-16,37851.780467226024
2011-09-19,36785.53517150422
2011-09-20,36648.85492117658
2011-09-21,35254.39806522373
2011-09-22,32811.770563344835
2011-09-23,33531.83630440578
2011-09-26,33860.075950505794
2011-09-27,34926.50547470682
2011-09-28,34069.76963178797
2011-09-29,34470.85650856482
2011-09-30,32657.1117333367
2011-10-03,32083.00956451124
2011-10-04,32493.19409372729
2011-10-05,33058.334885597615
2011-10-06,34161.220554106796
2011-10-07,33732.86936991113
2011-10-10,35255.13222193628
2011-10-11,35355.42657968315
2011-10-12,36339.83084146615
2011-10-13,36075.544318907865
2011-10-14,36658.91136887395
2011-10-17,35537.949694146824
2011-10-18,36449.45601584457
2011-10-19,35820.583188737604
2011-10-20,35118.78557771468
2011-10-21,36094.096164968185
2011-10-24,37424.95770648983
2011-10-25,36732.28512850736
2011-10-26,37388.57913178675
2011-10-27,39621.7352018353
2011-10-28,39403.030449438884
2011-10-31,37853.647392277984
2011-11-01,37015.126564132865
2011-11-02,38008.66919369315
2011-11-03,38427.995590926286
2011-11-04,38263.976646985524
2011-11-07,38537.52870316095
2011-11-08,39020.68225875931
2011-11-09,36878.731044089196
2011-11-10,37070.17285820511
2011-11-11,37917.90430045751
2011-11-14,37471.402470782836
2011-11-15,37662.85396879236
2011-11-16,36778.735677240344
2011-11-17,35867.29994039443
2011-11-18,35949.36571752193
2011-11-21,34837.44882888833
2011-11-22,34901.30428621865
2011-11-23,33889.573436873856
2011-11-25,33734.68103691125
2011-11-28,35220.54508077578
2011-11-29,35029.183626591905
2011-11-30,37207.70335631944
2011-12-01,37134.84931654728
2011-12-02,37043.72946782276
2011-12-05,37654.56533892592
2011-12-06,37098.582583622156
2011-12-07,37308.261447823315
2011-12-08,36041.30691162493
2011-12-09,36642.93825112376
2011-12-12,35348.70689367393
2011-12-13,35047.94972992117
2011-12-14,34546.63180190489
2011-12-15,34756.336326196855
2011-12-16,35002.480002738856
2011-12-19,34100.196115171035
2011-12-20,35449.285570688226
2011-12-21,35632.24292487705
2011-12-22,35986.9366835943
2011-12-23,36145.61835140353
2011-12-27,35856.47316142264
2011-12-28,35249.86906012924
2011-12-29,35613.88721289301
2011-12-30,35660.592658958085
2012-01-03,36706.03756715463
2012-01-04,36603.40899769338
2012-01-05,36426.10706333741
2012-01-06,35996.84251098816
2012-01-09,36286.30059153298
2012-01-10,37098.29142689134
2012-01-11,37107.67560804619
2012-01-12,37294.352645145096
2012-01-13,36977.080470803485
2012-01-17,37583.89927981654
2012-01-18,38507.89399052111
2012-01-19,38871.926753713116
2012-01-20,38918.62619675869
2012-01-23,39124.082729300906
2012-01-24,39198.79498088962
2012-01-25,39656.16371787322
2012-01-26,39497.5297622273
2012-01-27,39786.9131573043
2012-01-30,39189.71968980989
2012-01-31,39507.10324840407
2012-02-01,40421.77050862213
2012-02-02,40580.4881244299
2012-02-03,41261.862806652876
2012-02-06,40879.32647533484
2012-02-07,40963.37228347394
2012-02-08,41280.73927209361
2012-02-09,41262.13414979907
2012-02-10,40394.19365643206
2012-02-13,41000.97716755728
2012-02-14,40702.34839549255
2012-02-15,40814.399763054964
2012-02-16,41225.112430372195
2012-02-17,41327.828702973995
2012-02-21,41169.32528400289
2012-02-22,41300.04728982646
2012-02-23,41206.75410382532
2012-02-24,41542.812204529786
2012-02-27,41206.93475745697
2012-02-28,41729.65362286383
2012-02-29,41655.045676948765
2012-03-01,42084.41636305027
2012-03-02,41972.46175341414
2012-03-05,41347.25228217811
2012-03-06,39891.27367610225
2012-03-07,40367.33644020532
2012-03-08,41254.0696475935
2012-03-09,41216.773011633115
2012-03-12,40834.237825146316
2012-03-13,41879.62206475681
2012-03-14,41170.31798626936
2012-03-15,41506.38341263871
2012-03-16,41487.75118014548
2012-03-19,41254.56701743487
2012-03-20,40675.927691030636
2012-03-21,40769.28420237483
2012-03-22,40134.652129297494
2012-03-23,40424.03002239675
2012-03-26,41049.530135750225
2012-03-27,40862.90478260146
2012-03-28,40284.270601706354
2012-03-29,40153.63005210038
2012-03-30,40573.68970652238
2012-04-02,41031.177650485544
2012-04-03,40872.54668641238
2012-04-04,40060.57009688541
2012-04-05,40293.94425255248
2012-04-09,39706.092556034804
2012-04-10,38940.76234237701
2012-04-11,39332.8167936313
2012-04-12,40331.59397418104
2012-04-13,39734.26544108593
2012-04-16,39547.70568001306
2012-04-17,39958.46038950227
2012-04-18,39781.155228005686
2012-04-19,39650.52176809791
2012-04-20,39902.58041337745
2012-04-23,39174.66268390702
2012-04-24,39240.037852786125
2012-04-25,39576.12425035226
2012-04-26,39818.84252731296
2012-04-27,39837.55676665131
2012-04-30,39725.674452550586
2012-05-01,40005.735581371366
2012-05-02,39959.11732226639
2012-05-03,39576.4712607587
2012-05-04,38923.105280042066
2012-05-07,39007.25320074606
2012-05-08,38447.245829896645
2012-05-09,37924.581579246376
2012-05-10,38120.631267569355
2012-05-11,37597.968175476926
2012-05-14,36748.687598028664
2012-05-15,36468.70066510269
2012-05-16,35890.0146153498
2012-05-17,35423.33203701908
2012-05-18,35199.35581147808
2012-05-21,36011.54807787105
2012-05-22,35722.239939551284
2012-05-23,35432.89655633723
2012-05-24,35218.253111795675
2012-05-25,35068.94897399082
2012-05-29,36039.88269217153
2012-05-30,35377.15724775071
2012-05-31,35489.221117031884
2012-06-01,34611.83075336275
2012-06-04,34742.628208273054
2012-06-05,34873.34741688752
2012-06-06,35853.50583809506
2012-06-07,36021.56942309759
2012-06-08,35722.9055329373
2012-06-11,35284.29157235594
2012-06-12,36021.76682492655
2012-06-13,35844.4358135858
2012-06-14,36049.843836643624
2012-06-15,36628.62040984935
2012-06-18,36768.76366320417
2012-06-19,37328.877204697965
2012-06-20,37272.90567355823
2012-06-21,35910.09447721607
2012-06-22,36059.49713080793
2012-06-25,35406.1903981515
2012-06-26,35723.61029239279
2012-06-27,35919.67320536387
2012-06-28,35770.356283634836
2012-06-29,37273.27334106395
2012-07-02,37310.72648093592
2012-07-03,37992.20768548131
2012-07-05,37665.56408584087
2012-07-06,36984.173465978594
2012-07-09,36816.27553996339
2012-07-10,36452.26429775254
2012-07-11,36620.3321379739
2012-07-12,36041.62074856777
2012-07-13,36713.762625653886
2012-07-16,36639.210380433324
2012-07-17,37077.983293260535
2012-07-18,36947.32066718965
2012-07-19,37320.753825808206
2012-07-20,36760.70245807082
2012-07-23,35864.68765786383
2012-07-24,35715.363757144885
2012-07-25,35864.76627457502
2012-07-26,36630.266416264094
2012-07-27,37703.81189684451
2012-07-30,37479.90289498597
2012-07-31,37349.24150968474
2012-08-01,37470.64744014618
2012-08-02,36947.9280956355
2012-08-03,38049.50304607308
2012-08-06,38283.01648675608
2012-08-07,38357.727883181346
2012-08-08,38469.80082887501
2012-08-09,38656.5329710789
2012-08-10,38833.94645642219
2012-08-13,38516.67369613314
2012-08-14,38526.05099369632
2012-08-15,38423.41518554189
2012-08-16,38815.53695236745
2012-08-17,38600.87188899263
2012-08-20,38600.99881085329
2012-08-21,38517.0114170911
2012-08-22,38545.07510154216
2012-08-23,38209.02975781553
2012-08-24,38227.73934279902
2012-08-27,37845.12652285757
2012-08-28,37779.81875822137
2012-08-29,37593.1687572461
2012-08-30,37135.769577623185
2012-08-31,37443.87640758928
2012-09-04,37266.66458726248
2012-09-05,37070.66663317283
2012-09-06,37864.22260074328
2012-09-07,38751.1122880203
2012-09-10,38284.48507440662
2012-09-11,38704.602667796215
2012-09-12,38872.69256725192
2012-09-13,39862.29977845047
2012-09-14,40347.77893164681
2012-09-17,39993.14127489322
2012-09-18,39965.20541299225
2012-09-19,39955.91642733015
2012-09-20,39759.89689607367
2012-09-21,39815.97194105885
2012-09-24,39801.92652817639
2012-09-25,39225.383773895024
2012-09-26,39045.857749401584
2012-09-27,39669.717035337286
2012-09-28,39433.469558974
2012-10-01,39849.476927197094
2012-10-02,39821.173019697475
2012-10-03,39613.26137774561
2012-10-04,39981.925368955344
2012-10-05,39953.62950167435
2012-10-08,39585.14400657016
2012-10-09,39263.80225678925
2012-10-10,39065.35721271629
2012-10-11,39434.03141983925
2012-10-12,39320.64312290672
2012-10-15,39585.44770971033
2012-10-16,39935.2160646448
2012-10-17,40256.61317185861
2012-10-18,40143.233018925566
2012-10-19,39519.43749537479
2012-10-22,39926.004429222456
2012-10-23,39094.26472710282
2012-10-24,39160.47838379152
2012-10-25,39548.066980451666
2012-10-26,39273.99748286136
2012-10-31,39217.486448674914
2012-11-01,39794.12854087545
2012-11-02,39548.413744847036
2012-11-05,39737.57376808756
2012-11-06,39992.82192851329
2012-11-07,39387.9274729238
2012-11-08,38905.911704954815
2012-11-09,39047.74077170186
2012-11-12,39161.29388283986
2012-11-13,38792.69208040474
2012-11-14,38225.59111489913
2012-11-15,38357.96983067624
2012-11-16,38452.53066696977
2012-11-19,39133.23460799256
2012-11-20,39038.76095194431
2012-11-21,38982.08416249595
2012-11-23,39587.13981271743
2012-11-26,39643.976550407555
2012-11-27,39313.18292013006
2012-11-28,39502.271410732385
2012-11-29,39776.44042670157
2012-11-30,39719.747908766454
2012-12-03,39729.33988543548
2012-12-04,39833.3681386684
2012-12-05,40287.146080085346
2012-12-06,40542.40057131408
2012-12-07,40684.246434709064
2012-12-10,40958.503906640995
2012-12-11,41166.501171158336
2012-12-12,41327.23681570472
2012-12-13,41128.77478382856
2012-12-14,41336.79422238941
2012-12-17,41440.9083419971
2012-12-18,41696.1727803101
2012-12-19,41639.497162767955
2012-12-20,41926.0550040077
2012-12-21,41467.68785123683
2012-12-24,41381.86829734907
2012-12-26,41487.01142167217
2012-12-27,41783.13411255659
2012-12-28,41907.323590832064
2012-12-31,42528.26173177675
2013-01-02,43426.10740481054
2013-01-03,43168.26050115054
2013-01-04,43244.72049131867
2013-01-07,42872.398257520596
2013-01-08,42519.082334786755
2013-01-09,42767.438209679174
2013-01-10,43149.50038328974
2013-01-11,42824.83791034177
2013-01-14,42996.89181862823
2013-01-15,42834.570034167846
2013-01-16,42758.20596268051
2013-01-17,43054.331535400444
2013-01-18,43102.138045409374
2013-01-22,43064.11192708857
2013-01-23,42787.202010224326
2013-01-24,42663.08290722214
2013-01-25,42558.06048333113
2013-01-28,42243.005145518764
2013-01-29,42739.70750814065
2013-01-30,42520.10758329668
2013-01-31,42558.340350434584
2013-02-01,42844.89672341289
2013-02-04,42291.09744106773
2013-02-05,42415.30077201227
2013-02-06,42310.29799957233
2013-02-07,41966.5251112856
2013-02-08,42300.846117846864
2013-02-11,42281.87458272247
2013-02-12,42348.76290393996
2013-02-13,42520.7600270381
2013-02-14,42482.593248867764
2013-02-15,42415.76565352768
2013-02-19,42435.06772414359
2013-02-20,42043.526361486794
2013-02-21,41566.0093641879
2013-02-22,41728.43059367541
2013-02-25,41107.7426636921
2013-02-26,41384.77113433043
2013-02-27,41757.31239055765
2013-02-28,41556.78875450802
2013-03-01,41614.140668861684
2013-03-04,41251.31911155959
2013-03-05,41719.38879355477
2013-03-06,41939.089713010355
2013-03-07,42044.21757355341
2013-03-08,42426.30282087992
2013-03-11,42235.42077822666
2013-03-12,41805.674784784205
2013-03-13,41404.53613511253
2013-03-14,41614.733600636246
2013-03-15,41270.94105733868
2013-03-18,40812.606624531225
2013-03-19,40497.46810688259
2013-03-20,40736.277128795205
2013-03-21,40363.814233583
2013-03-22,40486.3011201764
2013-03-25,40400.35258284846
2013-03-26,40859.480901876566
2013-03-27,41012.572508299796
2013-03-28,41031.74766692273
2013-04-01,40668.486628167695
2013-04-02,40706.77318451968
2013-04-03,40199.89191545913
2013-04-04,40190.36946617017
2013-04-05,40133.03304110975
2013-04-08,40238.36510254416
2013-04-09,40659.25534871697
2013-04-10,41013.20181988374
2013-04-11,41003.677525298706
2013-04-12,40496.80223445234
2013-04-15,39435.24515479427
2013-04-16,40305.681700614885
2013-04-17,39722.2856835745
2013-04-18,39808.394499588314
2013-04-19,40382.331578919875
2013-04-22,40487.676727628364
2013-04-23,40688.58469045697
2013-04-24,40946.872099634515
2013-04-25,41291.24998501797
2013-04-26,40908.70555103406
2013-04-29,41339.2675285104
2013-04-30,41855.799197730485
2013-05-01,41415.85253276516
2013-05-02,41798.5087747048
2013-05-03,42085.48973373753
2013-05-06,42133.45967290197
2013-05-07,42468.2685423427
2013-05-08,42841.369578406986
2013-05-09,42506.62647523273
2013-05-10,42344.06528910127
2013-05-13,41961.60503688313
2013-05-14,42162.52190176396
2013-05-15,42124.31900052479
2013-05-16,41961.74300902539
2013-05-17,42105.28008208126
2013-05-20,42201.04848947674
2013-05-21,42172.40705398822
2013-05-22,41694.20120332329
2013-05-23,41388.15810114019
2013-05-24,40976.903595467884
2013-05-28,41177.95719786864
2013-05-29,40604.09171090949
2013-05-30,40508.48922207339
2013-05-31,39733.749789844056
2013-06-03,40365.19702973834
2013-06-04,39906.11135451572
2013-06-05,39093.10636984726
2013-06-06,39494.88777508215
2013-06-07,39322.77242536948
2013-06-10,38768.09400582745
2013-06-11,38002.910547192114
2013-06-12,37744.703506478596
2013-06-13,38615.16955984512
2013-06-14,38060.43369725461
2013-06-17,38328.40020642247
2013-06-18,38414.518575977716
2013-06-19,37190.1985462229
2013-06-20,35573.682445178645
2013-06-21,36205.04249203474
2013-06-24,35386.89136730306
2013-06-25,36065.59274317637
2013-06-26,36831.534019032486
2013-06-27,37393.89293226131
2013-06-28,37607.22408524149
2013-07-01,37675.233356476274
2013-07-02,37035.3773662516
2013-07-03,36744.55087902378
2013-07-05,36570.12890682158
2013-07-08,36628.421287876175
2013-07-09,37064.75293440062
2013-07-10,36706.06193369795
2013-07-11,38412.45847956572
2013-07-12,38005.301831050616
2013-07-15,38499.89641115247
2013-07-16,38567.790713757546
2013-07-17,38887.7908816746
2013-07-18,38509.70780897455
2013-07-19,38344.92697606049
2013-07-22,38752.26425940415
2013-07-23,39178.90408564391
2013-07-24,38703.86092092845
2013-07-25,38965.701477581264
2013-07-26,38839.69940564643
2013-07-29,38355.05614265988
2013-07-30,38093.309263761665
2013-07-31,37870.36552196223
2013-08-01,38568.46705504455
2013-08-02,38587.908561117685
2013-08-05,38297.16849582471
2013-08-06,37822.12292281852
2013-08-07,37385.88564435461
2013-08-08,38219.71828060757
2013-08-09,38374.90462615589
2013-08-12,38685.2941007734
2013-08-13,38840.465654779764
2013-08-14,38956.84656089677
2013-08-15,38501.20452631581
2013-08-16,38084.317938168475
2013-08-19,37337.88502414093
2013-08-20,37289.444218410375
2013-08-21,36465.364052703706
2013-08-22,37056.83659077245
2013-08-23,37493.17957083713
2013-08-26,37047.311165181585
2013-08-27,36087.4722362363
2013-08-28,36058.41077614309
2013-08-29,36271.78159673549
2013-08-30,36572.373539045104
2013-09-03,36785.83437949223
2013-09-04,37357.93973327935
2013-09-05,37862.15847745617
2013-09-06,38376.08231171999
2013-09-09,39500.93147509356
2013-09-10,39811.23993504637
2013-09-11,39869.451858412096
2013-09-12,39345.92443760142
2013-09-13,39636.841611729185
2013-09-16,40073.296436914155
2013-09-17,40044.24137121046
2013-09-18,41663.51885233065
2013-09-19,41498.74359430087
2013-09-20,40509.76922972711
2013-09-23,40720.11495472073
2013-09-24,40309.550126124625
2013-09-25,40065.1649362724
2013-09-26,40182.527615895924
2013-09-27,39615.52943769665
2013-09-30,39234.354715143054
2013-10-01,40016.5315591079
2013-10-02,40143.69245169579
2013-10-03,40036.17965824533
2013-10-04,40573.95480995245
2013-10-07,40212.34344433851
2013-10-08,39831.09784056112
2013-10-09,40144.00044010308
2013-10-10,41043.51189152329
2013-10-11,41209.78028646974
2013-10-14,41473.88156149074
2013-10-15,40975.29455752992
2013-10-16,41268.645479000224
2013-10-17,41552.24200928528
2013-10-18,41552.28755127982
2013-10-21,41571.976953294354
2013-10-22,41953.334027996214
2013-10-23,41034.3122918828
2013-10-24,40946.37214999253
2013-10-25,41181.067348636396
2013-10-28,41298.52030878587
2013-10-29,41415.89124740632
2013-10-30,41210.638461292765
2013-10-31,40936.90980166124
2013-11-01,40917.39632997992
2013-11-04,41181.51870266776
2013-11-05,40360.27781439645
2013-11-06,40506.99441482023
2013-11-07,39803.05650767859
2013-11-08,39666.23066610424
2013-11-11,39480.59212647083
2013-11-12,39206.85530599431
2013-11-13,39363.340410055534
2013-11-14,40008.69273981959
2013-11-15,40683.37112353359
2013-11-18,41084.3730719039
2013-11-19,40693.326181221564
2013-11-20,40184.949929556795
2013-11-21,40175.22258084868
2013-11-22,40429.48026093957
2013-11-25,39940.75373857307
2013-11-26,39970.10652342932
2013-11-27,40224.376027721504
2013-11-29,40556.88625289424
2013-12-02,39794.383625460454
2013-12-03,39647.7638554644
2013-12-04,39657.589497446825
2013-12-05,39530.5123401545
2013-12-06,40410.54419980282
2013-12-09,40420.45931290599
2013-12-10,40498.711011489584
2013-12-11,39677.44229707102
2013-12-12,39325.49178570883
2013-12-13,39442.877004673086
2013-12-16,39638.551781735194
2013-12-17,39374.594950621715
2013-12-18,40019.952692099934
2013-12-19,39355.11922891118
2013-12-20,39272.59840142748
2013-12-23,39557.79951397368
2013-12-24,39764.290975161464
2013-12-26,39508.78569314615
2013-12-27,39980.692901209884
2013-12-30,40128.275322206246
2013-12-31,40442.9170443505
2014-01-02,39027.380693688974
2014-01-03,38978.284476531786
2014-01-06,38604.82986100889
2014-01-07,38762.17891006321
2014-01-08,38693.41577210905
2014-01-09,38447.67635458052
2014-01-10,39194.84736468735
2014-01-13,38703.44772967838
2014-01-14,39136.046368584655
2014-01-15,39126.24801417102
2014-01-16,38910.022970002836
2014-01-17,38772.4157169533
2014-01-21,38654.62581392998
2014-01-22,39146.20153851749
2014-01-23,38251.64209405449
2014-01-24,37317.76859034029
2014-01-27,37072.1259313944
2014-01-28,37317.9321943554
2014-01-29,36659.292028612384
2014-01-30,37042.74757407211
2014-01-31,37032.952081112955
2014-02-03,36049.980880257586
2014-02-04,36885.652327882686
2014-02-05,36757.89744938797
2014-02-06,37485.43505214406
2014-02-07,37632.93073774484
2014-02-10,37210.31366482077
2014-02-11,37996.84371036301
2014-02-12,37937.886673959634
2014-02-13,37977.26785661568
2014-02-14,38439.35715635925
2014-02-18,38115.10672486506
2014-02-19,37948.01936483369
2014-02-20,38144.68321348664
2014-02-21,38410.16975451762
2014-02-24,38370.966629926435
2014-02-25,37889.28271466585
2014-02-26,37791.032448807935
2014-02-27,38538.22606037036
2014-02-28,38233.49460104678
2014-03-03,37565.09498296658
2014-03-04,38184.51999628049
2014-03-05,38302.527290948485
2014-03-06,38833.45031746802
2014-03-07,38292.78011023201
2014-03-10,38066.802347943514
2014-03-11,37624.4167950429
2014-03-12,37771.92595912959
2014-03-13,37123.09977476302
2014-03-14,37368.939529532625
2014-03-17,37772.13295308868
2014-03-18,38352.23999391554
2014-03-19,37595.25554514579
2014-03-20,37772.25715000863
2014-03-21,37998.42626061794
2014-03-24,38332.824225508826
2014-03-25,38929.28458944687
2014-03-26,38939.174588552574
2014-03-27,39392.68793132602
2014-03-28,39708.19011677774
2014-03-31,40004.048654706676
2014-04-01,40388.56726445852
2014-04-02,40536.47983925245
2014-04-03,40299.92512387431
2014-04-04,40230.965352533945
2014-04-07,40447.978913506944
2014-04-08,40822.63750117884
2014-04-09,41147.99821463434
2014-04-10,40753.71992698089
2014-04-11,40734.053598360166
2014-04-14,40675.02770977931
2014-04-15,40073.7164384223
2014-04-16,40487.813429371396
2014-04-17,40970.90825879461
2014-04-21,40704.906591857056
2014-04-22,40566.92994332025
2014-04-23,40350.12396004118
2014-04-24,40350.168184493006
2014-04-25,39886.8503664712
2014-04-28,40005.276336991905
2014-04-29,40389.80674721649
2014-04-30,40360.27857747409
2014-05-01,40389.89528315475
2014-05-02,40656.121382520905
2014-05-05,40478.78216154045
2014-05-06,40636.57209997083
2014-05-07,40892.930827621014
2014-05-08,40784.52732619275
2014-05-09,40755.015284061956
2014-05-12,41415.6685899069
2014-05-13,41593.16712325374
2014-05-14,41869.25656096903
2014-05-15,41494.67833147971
2014-05-16,42007.3758968384
2014-05-19,42027.21784241492
2014-05-20,41672.34690657291
2014-05-21,41968.166395413355
2014-05-22,42293.54369648103
2014-05-23,42293.590050955376
2014-05-27,41948.71973607896
2014-05-28,42106.49643771593
2014-05-29,42155.851977825594
2014-05-30,41613.64616697663
2014-06-02,41820.8215267851
2014-06-03,42057.48765512128
2014-06-04,41820.91319956025
2014-06-05,42294.19266374512
2014-06-06,42747.73697928114
2014-06-09,43014.07045393934
2014-06-10,43181.717374630956
2014-06-11,43033.87439109753
2014-06-12,42836.75823986043
2014-06-13,42994.54134538898
2014-06-16,42718.642201532064
2014-06-17,42748.25235716609
2014-06-18,43241.24405133692
2014-06-19,42975.10893215039
2014-06-20,42994.87120593501
2014-06-23,42797.84688133567
2014-06-24,42736.158036454726
2014-06-25,42915.4036912446
2014-06-26,42895.532916490854
2014-06-27,43005.07871523944
2014-06-30,42935.54344708993
2014-07-01,43323.847387868416
2014-07-02,43582.69754893758
2014-07-03,43811.72329185337
2014-07-07,43901.51062266797
2014-07-08,43712.39966694867
2014-07-09,43971.27888573124
2014-07-10,43702.540424867104
2014-07-11,43782.25554737632
2014-07-14,44120.865078904964
2014-07-15,44061.17208265284
2014-07-16,44200.60014266052
2014-07-17,43354.45122911627
2014-07-18,44031.44351866851
2014-07-21,44190.87119713697
2014-07-22,44648.87446018696
2014-07-23,44658.85728190255
2014-07-24,44877.91294321446
2014-07-25,44698.77341080352
2014-07-28,44937.86788431198
2014-07-29,44529.735137318654
2014-07-30,44300.81251451691
2014-07-31,43524.359076771776
2014-08-01,43783.26326712893
2014-08-04,44281.15527816369
2014-08-05,43614.18770510294
2014-08-06,43305.62746935501
2014-08-07,43106.57825642617
2014-08-08,43584.46497796978
2014-08-11,44211.80447213334
2014-08-12,44221.80302093306
2014-08-13,44411.004701440834
2014-08-14,44440.93302982047
2014-08-15,44381.23835453004
2014-08-18,44839.326016398394
2014-08-19,45098.21277210364
2014-08-20,45028.594958189045
2014-08-21,44988.8115731756
2014-08-22,44789.760931818935
2014-08-25,45168.20894488792
2014-08-26,45417.14780234022
2014-08-27,45646.19202404148
2014-08-28,45228.09103601451
2014-08-29,45198.26845677209
2014-09-02,45288.07812292106
2014-09-03,46044.74736547403
2014-09-04,45845.68971501205
2014-09-05,46283.78469422121
2014-09-08,45746.31755784293
2014-09-09,45188.86298166933
2014-09-10,44989.79775415904
2014-09-11,44671.255111668004
2014-09-12,44064.021390974376
2014-09-15,43875.00888665663
2014-09-16,44432.57929080153
2014-09-17,44004.538640696956
2014-09-18,44104.131796864654
2014-09-19,43775.629554227125
2014-09-22,43128.639360243506
2014-09-23,42849.92999524694
2014-09-24,43519.9929360323
2014-09-25,42514.014915069776
2014-09-26,42785.68523558355
2014-09-29,41870.355980449734
2014-09-30,41960.93551489772
2014-10-01,41156.1844171421
2014-10-02,41407.73788455716
2014-10-03,41749.8125204155
2014-10-06,42494.41290070942
2014-10-07,42081.97966790868
2014-10-08,42725.88545559272
2014-10-09,42132.39582312857
2014-10-10,41176.70771761197
2014-10-13,41679.86322757312
2014-10-14,41871.044345527385
2014-10-15,41287.5859400811
2014-10-16,40875.179294798254
2014-10-17,41398.347910942524
2014-10-20,41428.656355677704
2014-10-21,41619.849324451556
2014-10-22,41287.90270461018
2014-10-23,41328.193844940164
2014-10-24,41720.59034353497
2014-10-27,41288.12896647601
2014-10-28,42153.39093539741
2014-10-29,42072.93950091558
2014-10-30,42555.892006300215
2014-10-31,42897.99438684075
2014-11-03,42606.38254379197
2014-11-04,42646.67299355226
2014-11-05,42395.20999795398
2014-11-06,41791.62550426967
2014-11-07,42063.310201879925
2014-11-10,42093.62152751399
2014-11-11,42164.08744117792
2014-11-12,42043.41466292624
2014-11-13,41942.85170230032
2014-11-14,42385.55981578146
2014-11-17,41852.48918122086
2014-11-18,42063.81732813685
2014-11-19,42144.34159882524
2014-11-20,42073.95399173156
2014-11-21,43371.841996459414
2014-11-24,43039.97769667496
2014-11-25,42758.3201135657
2014-11-26,43201.029612762664
2014-11-28,42426.46033607052
2014-12-01,41651.92265440403
2014-12-02,41631.84181434486
2014-12-03,41843.15720264662
2014-12-04,41792.90804541311
2014-12-05,41762.7720101478
2014-12-08,41088.83533544829
2014-12-09,40626.052800402824
2014-12-10,40042.575871149544
2014-12-11,39670.35594895633
2014-12-12,39076.80534194264
2014-12-15,38292.18137045922
2014-12-16,37940.081624797596
2014-12-17,39117.265135863134
2014-12-18,39720.96142587866
2014-12-19,39912.18087457223
2014-12-22,40431.71862290712
2014-12-23,40108.39644098054
2014-12-24,40189.28677700824
2014-12-26,40462.22233116745
2014-12-29,40330.97762576113
2014-12-30,40442.1819971147
2014-12-31,40442.22632246377
2015-01-02,39977.45504968207
2015-01-05,39340.945224165
2015-01-06,39148.97979337623
2015-01-07,40048.39680581856
2015-01-08,40725.55455972046
2015-01-09,40523.46505156538
2015-01-12,40159.804678542045
2015-01-13,40442.802556422605
2015-01-14,40291.25144025624
2015-01-15,40412.56942167726
2015-01-16,40816.84512655952
2015-01-20,40675.53406096738
2015-01-21,41585.104969615
2015-01-22,42464.34785692951
2015-01-23,42100.583070106
2015-01-26,42151.248647460074
2015-01-27,41928.97568307984
2015-01-28,41433.842239750025
2015-01-29,41474.29777649545
2015-01-30,40362.70378518609
2015-02-02,41080.355228222856
2015-02-03,41808.015691003515
2015-02-04,41525.0954980532
2015-02-05,41838.440481442696
2015-02-06,41151.281650781966
2015-02-09,41100.87837396004
2015-02-10,41030.17678802462
2015-02-11,40848.32030125862
2015-02-12,41798.33473603492
2015-02-13,42222.83242488494
2015-02-17,42091.64058161806
2015-02-18,42132.11371682947
2015-02-19,42000.77732435482
2015-02-20,42213.04159623936
2015-02-23,41808.93214708644
2015-02-24,42385.03455410228
2015-02-25,42243.58808149535
2015-02-26,42213.31919445567
2015-02-27,42243.6806809903
2015-03-02,42183.18894128144
2015-03-03,41799.205167235115
2015-03-04,41314.13550361071
2015-03-05,41233.3441085947
2015-03-06,40566.38271129066
2015-03-09,40404.804720261454
2015-03-10,39566.03162712525
2015-03-11,39879.372811819354
2015-03-12,40101.754400801496
2015-03-13,39616.6914182109
2015-03-16,40081.72412906846
2015-03-17,40334.42564168808
2015-03-18,41375.43579479517
2015-03-19,40647.80929216655
2015-03-20,41153.17599980917
2015-03-23,41274.59937188829
2015-03-24,41436.339986109786
2015-03-25,40718.58668011631
2015-03-26,40485.78572426997
2015-03-27,40576.94380260407
2015-03-30,41407.255770324846
2015-03-31,41376.9182351215
2015-04-01,41933.7853472127
2015-04-02,42581.77064970423
2015-04-06,43098.27576345291
2015-04-07,42997.08492148266
2015-04-08,43867.82525507216
2015-04-09,44434.82061107488
2015-04-10,44343.73821656311
2015-04-13,44192.02590499552
2015-04-14,44313.59188556924
2015-04-15,44576.84257474978
2015-04-16,44981.86906366344
2015-04-17,44060.61030111381
2015-04-20,43919.02730890862
2015-04-21,44263.28006456774
2015-04-22,44779.66406062517
2015-04-23,45002.434421164195
2015-04-24,45225.242586580636
2015-04-27,45417.74838836641
2015-04-28,45529.178076295524
2015-04-29,45043.25109307965
2015-04-30,44445.95355317893
2015-05-01,44709.2569819228
2015-05-04,44932.1226239166
2015-05-05,44466.44162684259
2015-05-06,43879.28178159991
2015-05-07,43818.58023179701
2015-05-08,44486.853731060815
2015-05-11,44061.76930477877
2015-05-12,43940.30965030846
2015-05-13,44051.71822584631
2015-05-14,44466.88025284683
2015-05-15,44922.5459720031
2015-05-18,44487.341317276194
2015-05-19,44588.632815008255
2015-05-20,44527.93650818236
2015-05-21,44396.36839640273
2015-05-22,44507.77057360883
2015-05-26,43849.89884136969
2015-05-27,43961.30102986396
2015-05-28,43343.736290906345
2015-05-29,42867.91211913162
2015-06-01,42837.678750623
2015-06-02,42989.616130236274
2015-06-03,42777.03454029929
2015-06-04,42149.355840190925
2015-06-05,41946.899458221575
2015-06-08,41926.78145981826
2015-06-09,41623.094870673034
2015-06-10,42230.61157061837
2015-06-11,42058.56325253573
2015-06-12,42068.71203161975
2015-06-15,41643.61667005317
2015-06-16,41734.76811282423
2015-06-17,41998.090128288895
2015-06-18,42372.74554349095
2015-06-19,41988.0447767163
2015-06-22,42534.93319137352
2015-06-23,42919.72070829006
2015-06-24,42697.015338822996
2015-06-25,42545.19186867
2015-06-26,42152.829908667336
2015-06-29,41223.05127061006
2015-06-30,41774.91903612762
2015-07-01,41774.96482218013
2015-07-02,41969.1756204155
2015-07-06,40804.38309615734
2015-07-07,40181.07524978797
2015-07-08,38699.373451383966
2015-07-09,39486.28081987883
2015-07-10,40600.18565107839
2015-07-13,40855.80573296242
2015-07-14,40958.02713130393
2015-07-15,40457.3340627707
2015-07-16,40937.68954122047
2015-07-17,40927.516714093
2015-07-20,40672.173402702196
2015-07-21,40682.43305475343
2015-07-22,40140.867501937544
2015-07-23,39803.69067158737
2015-07-24,39231.44832066066
2015-07-27,38352.72590799339
2015-07-28,38720.64940446472
2015-07-29,39078.37453771225
2015-07-30,38833.15186020657
2015-07-31,39160.19235467359
2015-08-03,38516.51965975341
2015-08-04,38639.19796640122
2015-08-05,38680.10928323644
2015-08-06,38404.23852622111
2015-08-07,38363.39290032037
2015-08-10,39017.559395597855
2015-08-11,38179.61620248491
2015-08-12,37586.93750945041
2015-08-13,37515.43939088845
2015-08-14,37627.89193792429
2015-08-17,37229.464009579635
2015-08-18,36800.279903457966
2015-08-19,36299.57373223907
2015-08-20,35747.7574210574
2015-08-21,34603.210849124334
2015-08-24,32896.66114004185
2015-08-25,33346.35899753299
2015-08-26,34501.20837964554
2015-08-27,35891.112507668724
2015-08-28,35369.94274195708
2015-08-31,35298.52631201032
2015-09-01,33918.914611549466
2015-09-02,34429.92952952106
2015-09-03,34583.2700865212
2015-09-04,33500.027470556204
2015-09-08,34624.340760396764
2015-09-09,34430.19368108539
2015-09-10,34685.72652729698
2015-09-11,34818.621399892465
2015-09-14,34818.73588549855
2015-09-15,35176.46489636851
2015-09-16,35994.0937124607
2015-09-17,35994.13316262609
2015-09-18,35115.26748603206
2015-09-21,35197.14642014695
2015-09-22,34512.447816386855
2015-09-23,33991.26701864827
2015-09-24,33929.988132006154
2015-09-25,33867.864013684055
2015-09-28,33111.67210686972
2015-09-29,33381.07968215465
2015-09-30,34282.46414651517
2015-10-01,34396.46264320246
2015-10-02,35297.86085999865
2015-10-05,36002.481223597984
2015-10-06,35909.28159845149
2015-10-07,36800.323837280404
2015-10-08,37276.94719611815
2015-10-09,37318.42778168267
2015-10-12,37111.32449895055
2015-10-13,36448.30260314474
2015-10-14,36728.09424898703
2015-10-15,37567.318535561004
2015-10-16,37681.33317000321
2015-10-19,37298.106044542204
2015-10-20,37215.27179796427
2015-10-21,36676.55169543618
2015-10-22,37474.37670206146
2015-10-23,37723.05996605318
2015-10-26,37298.39220118536
2015-10-27,36956.52990674514
2015-10-28,36552.5059743873
2015-10-29,36148.48382237174
2015-10-30,36096.71725573806
2015-11-02,36780.64412283824
2015-11-03,37236.55261068881
2015-11-04,37029.388871257295
2015-11-05,37081.230650737976
2015-11-06,36666.83995295821
2015-11-09,35807.01959041017
2015-11-10,35713.80551003229
2015-11-11,35755.28321514901
2015-11-12,35382.337610574345
2015-11-13,34916.12955812188
2015-11-16,35672.59624707525
2015-11-17,35631.185845908425
2015-11-18,35910.97399742551
2015-11-19,36180.39169998012
2015-11-20,36491.26229440411
2015-11-23,36190.91609314977
2015-11-24,36284.19985106529
2015-11-25,36004.49370601083
2015-11-27,35217.13815978276
2015-11-30,35269.0592358574
2015-12-01,35476.31923898134
2015-12-02,35124.091575879116
2015-12-03,35020.511173212486
2015-12-04,35155.2449415919
2015-12-07,34658.022296671516
2015-12-08,34243.61707373257
2015-12-09,33994.97827621757
2015-12-10,33653.090540294535
2015-12-11,32699.910509231748
2015-12-14,33238.80280852162
2015-12-15,33725.815811501845
2015-12-16,34295.72618254386
2015-12-17,33995.276350156135
2015-12-18,33819.18124719631
2015-12-21,34057.728596870285
2015-12-22,34318.062340148004
2015-12-23,34828.29257802817
2015-12-24,34724.21088958792
2015-12-28,34547.35431785634
2015-12-29,34526.56916255872
2015-12-30,34047.639696886945
2015-12-31,34058.1018774599
2016-01-04,33089.915745385326
2016-01-05,33162.8331410091
2016-01-06,32569.376225246197
2016-01-07,31517.777725382683
2016-01-08,31236.687756023523
2016-01-11,31101.433574276147
2016-01-12,31215.98536333421
2016-01-13,30862.014421334665
2016-01-14,31257.708558603532
2016-01-15,29945.796137778772
2016-01-19,30362.418734310868
2016-01-20,29727.294599860084
2016-01-21,29779.391375867475
2016-01-22,30789.436364064
2016-01-25,30279.318524700728
2016-01-26,30716.66987742286
2016-01-27,30518.878567566517
2016-01-28,31008.298401564873
2016-01-29,32101.636729737595
2016-02-01,31778.949450360236
2016-02-02,30831.444541564222
2016-02-03,31654.073396079915
2016-02-04,31872.774662045154
2016-02-05,31539.6060714102
2016-02-08,31102.388044644216
2016-02-09,30706.742547419322
2016-02-10,30800.473542637705
2016-02-11,30352.77211977112
2016-02-12,30852.617173502294
2016-02-16,31581.63726375954
2016-02-17,32237.667610579356
2016-02-18,32081.51623254849
2016-02-19,31946.188718798418
2016-02-22,32737.65620813157
2016-02-23,32029.633964092856
2016-02-24,32029.66906914001
2016-02-25,32081.762366735074
2016-02-26,31800.647251872113
2016-02-29,31998.594610777884
2016-03-01,33164.868637358595
2016-03-02,33675.142088183486
2016-03-03,34039.62113676647
2016-03-04,34789.386714615895
2016-03-07,34716.62035574624
2016-03-08,34112.69917116533
2016-03-09,34331.405947684085
2016-03-10,34248.14492316363
2016-03-11,34997.92181441224
2016-03-14,34800.185724383795
2016-03-15,34212.957149439964
2016-03-16,34932.72480101596
2016-03-17,35642.052288141895
2016-03-18,35882.01170646741
2016-03-21,36028.15739966375
2016-03-22,35871.74054885107
2016-03-23,35318.93451074847
2016-03-24,35266.82810437334
2016-03-28,35360.85820380339
2016-03-29,35705.11901050374
2016-03-30,36111.95458986
2016-03-31,36070.27988908484
2016-04-01,36174.61323676924
2016-04-04,35684.49124734621
2016-04-05,35016.946229007786
2016-04-06,35465.52539444437
2016-04-07,34724.95412404539
2016-04-08,35330.00120563565
2016-04-11,35799.5020094748
2016-04-12,36352.398719223514
2016-04-13,37030.462596404584
2016-04-14,36842.72471177671
2016-04-15,36623.71885674564
2016-04-18,36749.013918615274
2016-04-19,37312.34736437779
2016-04-20,37072.469893756555
2016-04-21,36665.69627138289
2016-04-22,36530.12178022731
2016-04-25,36238.17260095827
2016-04-26,36665.89720309186
2016-04-27,36884.98917238738
2016-04-28,36509.50156015933
2016-04-29,36436.52593192799
2016-05-02,36342.75598294858
2016-05-03,35330.96927607316
2016-05-04,34830.28732212168
2016-05-05,34830.32549673461
2016-05-06,34913.81952268977
2016-05-09,34381.923852577725
2016-05-10,35070.43466201654
2016-05-11,34966.17204681373
2016-05-12,34903.62007021707
2016-05-13,34277.773303966766
2016-05-16,34674.282316911886
2016-05-17,34528.28348636725
2016-05-18,34257.084245977334
2016-05-19,33839.8659230791
2016-05-20,34215.43210613326
2016-05-23,34142.53771097259
2016-05-24,34549.401433783096
2016-05-25,34945.839516352025
2016-05-26,35175.38710619963
2016-05-27,35164.98043766583
2016-05-31,35259.0220090234
2016-06-01,35227.76481745838
2016-06-02,35509.4609278185
2016-06-03,36062.37816288671
2016-06-06,36365.019478004426
2016-06-07,36719.7398093866
2016-06-08,37022.30612465579
2016-06-09,36605.067895287575
2016-06-10,35676.67705316853
2016-06-13,35228.22814331515
2016-06-14,35126.40183623471
2016-06-15,35451.99295889466
2016-06-16,35368.01754041221
2016-06-17,35525.56224146047
2016-06-20,36040.24173838564
2016-06-21,36313.31512732957
2016-06-22,36365.85986082198
2016-06-23,37269.0180976149
2016-06-24,35158.29679233069
2016-06-27,34790.86251285616
2016-06-28,35788.535607709644
2016-06-29,36628.67354673869
2016-06-30,36996.25411594252
2016-07-01,37269.344878909505
2016-07-05,36534.412728250536
2016-07-06,36534.45277061515
2016-07-07,36376.95142223318
2016-07-08,37185.60918106693
2016-07-11,37490.27387212461
2016-07-12,38067.90055786575
2016-07-13,38004.93437727588
2016-07-14,38530.051360137404
2016-07-15,38393.57838817513
2016-07-18,38729.7495119011
2016-07-19,38393.7467086245
2016-07-20,38593.31845923369
2016-07-21,38488.328885955394
2016-07-22,38740.41583788226
2016-07-25,38425.50489027882
2016-07-26,38656.57838832802
2016-07-27,38709.1303710543
2016-07-28,38688.166261335966
2016-07-29,38898.2475823865
2016-08-01,38751.34508907674
2016-08-02,38541.358389613335
2016-08-03,38751.43003344692
2016-08-04,38940.50344146064
2016-08-05,39371.12120606212
2016-08-08,39623.30279164856
2016-08-09,39885.87669767888
2016-08-10,39791.4016570253
2016-08-11,40253.534806087584
2016-08-12,40096.04998575453
2016-08-15,40537.25843600713
2016-08-16,40327.27580492337
2016-08-17,40180.28436610894
2016-08-18,40505.89586399312
2016-08-19,40264.392610658375
2016-08-22,39760.43167315568
2016-08-23,39560.935478488995
2016-08-24,39676.47686596403
2016-08-25,39666.044764408354
2016-08-26,39351.02819379761
2016-08-29,39645.20339033358
2016-08-30,39582.238290552516
2016-08-31,39204.20328008564
2016-09-01,39414.30366156682
2016-09-02,40012.94340359547
2016-09-06,40706.27154761513
2016-09-07,40653.809464642836
2016-09-08,40569.8293453343
2016-09-09,39288.61210005551
2016-09-12,39614.32299754229
2016-09-13,38625.85358926218
2016-09-14,38764.0791016448
2016-09-15,39380.595308918746
2016-09-16,39114.92336941351
2016-09-19,39444.55131186156
2016-09-20,39455.219780709056
2016-09-21,40411.87943559
2016-09-22,40592.622492858965
2016-09-23,40061.208700335475
2016-09-26,39572.40562376454
2016-09-27,39986.97776576861
2016-09-28,40380.302823315935
2016-09-29,39710.70252060659
2016-09-30,39997.74259961771
2016-10-03,40263.61550285355
2016-10-04,39859.75041515729
2016-10-05,40465.65859218844
2016-10-06,40465.702943268276
2016-10-07,40327.56596726874
2016-10-10,40604.056795478544
2016-10-11,39849.41474141127
2016-10-12,39806.94044233959
2016-10-13,39562.512116371356
2016-10-14,39668.85064743234
2016-10-17,39594.56754968251
2016-10-18,40296.1594755956
2016-10-19,40508.771142052115
2016-10-20,40455.69561013681
2016-10-21,40466.36821529898
2016-10-24,40668.45497249397
2016-10-25,40636.6092768921
2016-10-26,40339.03409362805
2016-10-27,40030.81125352803
2016-10-28,39807.63851388669
2016-10-31,40126.650186436884
2016-11-01,39829.080488364
2016-11-02,39372.04939380301
2016-11-03,39276.420795701095
2016-11-04,38861.91247426873
2016-11-07,40180.11636196163
2016-11-08,40371.4862799545
2016-11-09,39308.57520981872
2016-11-10,38171.224984070686
2016-11-11,37469.71583955705
2016-11-14,37289.13244721928
2016-11-15,37990.73270755963
2016-11-16,37682.52720772366
2016-11-17,37693.186419378515
2016-11-18,37608.19633525214
2016-11-21,37980.36458186092
2016-11-22,38394.95242077243
2016-11-23,38022.96243388551
2016-11-25,38225.011900585916
2016-11-28,38416.47032762365
2016-11-29,38437.7698713834
2016-11-30,38501.60305592945
2016-12-01,38065.81346353144
2016-12-02,38023.33750010333
2016-12-05,38278.5801360093
2016-12-06,38438.06477169774
2016-12-07,39012.137457663426
2016-12-08,39192.88622957836
2016-12-09,39012.22297370005
2016-12-12,38693.45578604653
2016-12-13,39086.798850387626
2016-12-14,37960.05622815033
2016-12-15,38130.178994894566
2016-12-16,37896.35526494517
2016-12-19,37641.353008207545
2016-12-20,37705.493451165916
2016-12-21,37588.03458581093
2016-12-22,37235.58815912733
2016-12-23,37417.2181479239
2016-12-27,37598.96682743882
2016-12-28,37833.99688568869
2016-12-29,38421.515119992364
2016-12-30,38218.60980957303
2017-01-03,38635.36979373159
2017-01-04,38987.89678311589
2017-01-05,39393.84769508057
2017-01-06,39233.65325366728
2017-01-09,39169.70833670607
2017-01-10,39383.37568804083
2017-01-11,39725.23963902001
2017-01-12,39821.41304494273
2017-01-13,39778.73166530829
2017-01-17,39736.191515758364
2017-01-18,39586.677990418764
2017-01-19,39479.90544685239
2017-01-20,39544.03674613304
2017-01-23,40088.94214322261
2017-01-24,40377.40081222814
2017-01-25,40729.95649535493
2017-01-26,40559.0799311718
2017-01-27,40601.850064840866
2017-01-30,40399.026582020255
2017-01-31,40420.44446328921
2017-02-01,40505.92992401578
2017-02-02,40644.837694084716
2017-02-03,40901.2569611445
2017-02-06,40805.25627902773
2017-02-07,40655.76465350132
2017-02-08,40976.25602897892
2017-02-09,41189.94838887176
2017-02-10,41563.85297309303
2017-02-13,41724.23659639686
2017-02-14,41788.36944416092
2017-02-15,42098.19221295845
2017-02-16,41980.74149091402
2017-02-17,41841.90317282281
2017-02-21,42183.94409716107
2017-02-22,42290.80490844497
2017-02-23,42312.20672990532
2017-02-24,41863.587685858554
2017-02-27,41692.81947558759
2017-02-28,41329.66281293342
2017-03-01,41992.02278624943
2017-03-02,41244.290861945534
2017-03-03,41596.86445821268
2017-03-06,41661.08975315457
2017-03-07,41714.54613134712
2017-03-08,41297.980867388
2017-03-09,40945.50875801523
2017-03-10,41287.385481106125
2017-03-13,41810.951304585535
2017-03-14,41575.996708728555
2017-03-15,42548.158924540774
2017-03-16,42836.62307335123
2017-03-17,42793.944715712474
2017-03-20,43210.68855033484
2017-03-21,42687.29591726172
2017-03-22,42891.74348628825
2017-03-23,42913.18930200547
2017-03-24,43030.9565706252
2017-03-27,42902.680654599506
2017-03-28,43009.74096377088
2017-03-29,43073.998279852545
2017-03-30,42827.917324214926
2017-03-31,42506.91000986648
2017-04-03,42838.80461695034
2017-04-04,42935.150128309346
2017-04-05,42860.29496413116
2017-04-06,42785.43963581622
2017-04-07,42774.77894803554
2017-04-10,42571.58691659375
2017-04-11,42614.44008097143
2017-04-12,42764.30305049913
2017-04-13,42539.63061476717
2017-04-17,42903.66812950676
2017-04-18,42400.71951946383
2017-04-19,42090.4287788658
2017-04-20,42529.24658362639
2017-04-21,42486.47821930358
2017-04-24,42978.893071703176
2017-04-25,43289.32211247197
2017-04-26,43128.82185087985
2017-04-27,42989.747540079166
2017-04-28,43171.73703169487
2017-05-01,43343.103421588115
2017-05-02,43557.19371378399
2017-05-03,43246.88614060246
2017-05-04,42786.7526760727
2017-05-05,43032.937448193254
2017-05-08,42765.52169850339
2017-05-09,43247.17053750918
2017-05-10,43589.67552800784
2017-05-11,43568.33401884327
2017-05-12,43803.805540874935
2017-05-15,44210.66253723546
2017-05-16,44253.489795781745
2017-05-17,43590.00995451224
2017-05-18,42787.4092113118
2017-05-19,43547.30522042503
2017-05-22,43536.74563231964
2017-05-23,43515.39044535793
2017-05-24,43665.27463743359
2017-05-25,43890.06548469145
2017-05-26,43997.12045778253
2017-05-30,43922.414610562766
2017-05-31,43601.38969806301
2017-06-01,43922.51089010707
2017-06-02,44061.678096920456
2017-06-05,44061.8229742223
2017-06-06,44093.98545246409
2017-06-07,44061.91955935485
2017-06-08,44147.596975793174
2017-06-09,43847.97778125
2017-06-12,43687.58731997478
2017-06-13,43890.979475227636
2017-06-14,43858.91844875055
2017-06-15,43473.67252192844
2017-06-16,43612.86004584462
2017-06-19,43901.96587480452
2017-06-20,43377.57206216294
2017-06-21,43542.429604852616
2017-06-22,43704.008805893056
2017-06-23,43865.59636442061
2017-06-26,44328.864090584175
2017-06-27,43865.78867462462
2017-06-28,44124.327766193295
2017-06-29,43628.9493695046
2017-06-30,43973.6455141389
2017-07-03,44178.4113792178
2017-07-05,44103.12365531277
2017-07-06,43618.51676759287
2017-07-07,43737.040012838566
2017-07-10,44049.520456693244
2017-07-11,44361.87903369053
2017-07-12,45202.01699911984
2017-07-13,45331.29149646107
2017-07-14,45794.48448206551
2017-07-17,45557.66557561686
2017-07-18,45633.11448561968
2017-07-19,46074.727352323986
2017-07-20,45977.85438932698
2017-07-21,45880.975878193865
2017-07-24,46053.450097912006
2017-07-25,45978.106352600465
2017-07-26,46312.031320304646
2017-07-27,46075.1313436235
2017-07-28,46247.52196604406
2017-07-31,46323.068747036574
2017-08-01,46516.979662496946
2017-08-02,46624.72847281408
2017-08-03,46452.47033260151
2017-08-04,46570.99765189068
2017-08-07,46937.32753237202
2017-08-08,46872.756653943805
2017-08-09,46614.31311787688
2017-08-10,45537.32847339752
2017-08-11,45677.39120780705
2017-08-14,46076.040336998834
2017-08-15,46043.79276766951
2017-08-16,46603.90827214663
2017-08-17,46011.56887761847
2017-08-18,46345.50229854617
2017-08-21,46464.13863516981
2017-08-22,46873.47588628963
2017-08-23,47099.71177587262
2017-08-24,47207.47449361767
2017-08-25,47606.024641651624
2017-08-28,47595.42388966289
2017-08-29,47498.53233621249
2017-08-30,47552.45630531728
2017-08-31,47714.06029873973
2017-09-01,48058.76871126736
2017-09-05,47692.76433333962
2017-09-06,48037.479947283384
2017-09-07,48274.499576453425
2017-09-08,47962.21932400913
2017-09-11,48522.431346086385
2017-09-12,48436.32346147965
2017-09-13,48113.26819468946
2017-09-14,48210.23433029053
2017-09-15,48533.40690380691
2017-09-18,48490.49900827012
2017-09-19,48533.61967805725
2017-09-20,48394.20352580209
2017-09-21,48437.84712170255
2017-09-22,48143.66230771507
2017-09-25,47250.27701325369
2017-09-26,47239.42176371053
2017-09-27,46977.94983356321
2017-09-28,46999.77809047016
2017-09-29,47479.31924002626
2017-10-02,47523.05576294281
2017-10-03,48176.94275672398
2017-10-04,48231.493867915146
2017-10-05,48536.66395282956
2017-10-06,48351.460915629905
2017-10-09,48188.16676638889
2017-10-10,48656.80245904026
2017-10-11,48798.521526701436
2017-10-12,48798.57501074691
2017-10-13,49234.52321075151
2017-10-16,49191.09868349173
2017-10-17,48951.40038139641
2017-10-18,48995.05121421776
2017-10-19,48635.47846885537
2017-10-20,48831.69283841341
2017-10-23,48395.953906387316
2017-10-24,48526.7886803921
2017-10-25,48417.84807735844
2017-10-26,48167.26584897758
2017-10-27,48755.79033980376
2017-10-30,48363.64023221823
2017-10-31,48636.11813687995
2017-11-01,48756.057526446086
2017-11-02,48908.66091613459
2017-11-03,48625.38657328025
2017-11-06,49094.1538733339
2017-11-07,48789.063414096665
2017-11-08,48963.47760823687
2017-11-09,48778.26813520763
2017-11-10,48593.079601681085
2017-11-13,48495.14559358997
2017-11-14,48168.26891025473
2017-11-15,47775.999067997436
2017-11-16,48626.07940356068
2017-11-17,48898.5680082355
2017-11-20,49105.79354000356
2017-11-21,49716.1452599122
2017-11-22,49879.66610041632
2017-11-24,49694.49858186889
2017-11-27,49182.455357806844
2017-11-28,49476.75810000281
2017-11-29,48790.23984857781
2017-11-30,48474.24422321672
2017-12-01,48005.693104138496
2017-12-04,48169.32478679699
2017-12-05,48093.09717806661
2017-12-06,47493.76051488121
2017-12-07,47559.190578376016
2017-12-08,48104.14187408513
2017-12-11,48420.342280801575
2017-12-12,48071.666250806695
2017-12-13,48594.83717545879
2017-12-14,48289.739130892485
2017-12-15,48420.554559367796
2017-12-18,48922.05617128593
2017-12-19,48791.309359085724
2017-12-20,48856.75778610648
2017-12-21,49340.80067504936
2017-12-22,49745.99588029998
2017-12-26,49800.97873308462
2017-12-27,49790.08782267285
2017-12-28,50031.0395671293
2017-12-29,50271.99717637412
2018-01-02,51137.28011473953
2018-01-03,51630.095264970514
2018-01-04,51947.6966818303
2018-01-05,52407.67699702819
2018-01-08,52418.794953575205
2018-01-09,52407.906756381526
2018-01-10,52178.00925147914
2018-01-11,52517.49971459695
2018-01-12,53076.0487164797
2018-01-16,52813.466402502534
2018-01-17,53558.14982384414
2018-01-18,53645.806602014316
2018-01-19,54149.58424875555
2018-01-22,54587.770613729845
2018-01-23,54784.95654985439
2018-01-24,55288.706184601295
2018-01-25,55091.67226392531
2018-01-26,55825.4143374537
2018-01-29,54949.5638638215
2018-01-30,54248.7875578086
2018-01-31,54577.35782865893
2018-02-01,54062.75103110016
2018-02-02,52847.304269339205
2018-02-05,51150.13706959065
2018-02-06,52420.461085092626
2018-02-07,50931.243861438925
2018-02-08,49233.95313734377
2018-02-09,49978.63005884974
2018-02-12,50668.700188802984
2018-02-13,51062.96364144675
2018-02-14,52114.30236186374
2018-02-15,53088.95669229236
2018-02-16,52891.91560817725
2018-02-20,52421.26544339978
2018-02-21,52355.619223151516
2018-02-22,52421.380352736924
2018-02-23,53275.59812733467
2018-02-26,53779.51313016224
2018-02-27,52334.06570925015
2018-02-28,51655.17276954564
2018-03-01,51644.272449491706
2018-03-02,51775.732361488226
2018-03-05,51929.22564726932
2018-03-06,52082.60043783191
2018-03-07,52071.68984004979
2018-03-08,52104.60729470109
2018-03-09,53035.49434977389
2018-03-12,53221.84280705827
2018-03-13,52707.190611574006
2018-03-14,52772.95890386444
2018-03-15,52564.9438632681
2018-03-16,52400.74081596526
2018-03-19,51908.118839759365
2018-03-20,52357.1685777938
2018-03-21,52641.95774051986
2018-03-22,50977.43029486193
2018-03-23,50232.818254671634
2018-03-26,51746.101291931984
2018-03-27,50978.07792229755
2018-03-28,50627.010476132054
2018-03-29,51548.75768112127
2018-04-02,50791.85585896952
2018-04-03,51285.685277992176
2018-04-04,51450.33113941233
2018-04-05,51560.110526255834
2018-04-06,50649.45662946151
2018-04-09,50605.729506981486
2018-04-10,51549.43566544534
2018-04-11,51615.32746274853
2018-04-12,51604.394570943805
2018-04-13,51066.79412681137
2018-04-16,51110.87204677911
2018-04-17,51154.78474966422
2018-04-18,51516.96175232072
2018-04-19,51231.73298036936
2018-04-20,50628.286717860035
2018-04-23,50288.28810781855
2018-04-24,50057.913729124724
2018-04-25,49684.89262093938
2018-04-26,50200.66983869328
2018-04-27,50464.08134514909
2018-04-30,50124.079585393694
2018-05-01,49838.840197271085
2018-05-02,49509.70541655865
2018-05-03,49356.14383844341
2018-05-04,49597.61434545766
2018-05-07,49466.08172690905
2018-05-08,49718.52717678865
2018-05-09,49784.408312920496
2018-05-10,50772.04508902928
2018-05-11,50596.519935045035
2018-05-14,50750.32534281761
2018-05-15,49784.73570138681
2018-05-16,50487.063944522204
2018-05-17,49784.84483135403
2018-05-18,49324.0442950206
2018-05-21,49642.42881512518
2018-05-22,49839.98731916068
2018-05-23,49620.57906931523
2018-05-24,49445.06082662648
2018-05-25,49565.81799718846
2018-05-29,48468.71904231093
2018-05-30,48896.72725451302
2018-05-31,48951.65104928124
2018-06-01,49500.375307976385
2018-06-04,50016.27219993986
2018-06-05,49577.400351591015
2018-06-06,50290.71330663367
2018-06-07,49522.63306540226
2018-06-08,49489.77560779775
2018-06-11,49424.08795781952
2018-06-12,49391.22491028161
2018-06-13,49029.15723184925
2018-06-14,48765.86197840665
2018-06-15,48502.54479712803
2018-06-18,47943.05452690388
2018-06-19,47394.44165511416
2018-06-20,47548.122861340635
2018-06-21,46878.780453389874
2018-06-22,47259.87401601022
2018-06-25,46641.53773753918
2018-06-26,46453.83453898823
2018-06-27,45426.70940801197
2018-06-28,45857.52486034285
2018-06-29,46608.59486440695
2018-07-02,46100.68452492309
2018-07-03,46144.92104136958
2018-07-05,46100.83610659395
2018-07-06,46664.16643849047
2018-07-09,47514.78032183099
2018-07-10,47470.662084000774
2018-07-11,46587.12002371993
2018-07-12,47238.822105251886
2018-07-13,47272.01106610432
2018-07-16,47007.07881306115
2018-07-17,47371.61429139031
2018-07-18,47327.5008472037
2018-07-19,46786.33691928001
2018-07-20,47393.86345823655
2018-07-23,47250.425023601485
2018-07-24,47957.37282963752
2018-07-25,48719.52664527601
2018-07-26,48244.635407577975
2018-07-27,48310.95299821881
2018-07-30,48244.84691583151
2018-07-31,48465.80982991297
2018-08-01,48101.37299930457
2018-08-02,47549.14674750416
2018-08-03,47847.445740898074
2018-08-06,47483.12179450223
2018-08-07,47913.926358376346
2018-08-08,47803.52021697819
2018-08-09,47737.306952659055
2018-08-10,46787.465062682386
2018-08-13,46036.54610333301
2018-08-14,46312.72633293306
2018-08-15,44954.22075152257
2018-08-16,45274.57784431178
2018-08-17,45661.20721616027
2018-08-20,45860.188751283174
2018-08-21,46357.27535148172
2018-08-22,46633.45835376106
2018-08-23,45904.50664915696
2018-08-24,46589.36673030974
2018-08-27,47351.64873691015
2018-08-28,47119.749988668795
2018-08-29,47384.891426760085
2018-08-30,46125.77613601987
2018-08-31,46435.10057433623
2018-09-04,45397.01116802942
2018-09-05,44911.06635714119
2018-09-06,44889.01567370034
2018-09-07,44690.245566176476
2018-09-10,44160.20594914859
2018-09-11,44215.48039743893
2018-09-12,44491.67541516936
2018-09-13,45055.046583146235
2018-09-14,44999.88841842919
2018-09-17,44646.564395329486
2018-09-18,45000.08570145823
2018-09-19,45607.629545139534
2018-09-20,45983.23957975339
2018-09-21,46171.07287704618
2018-09-24,45596.84532290242
2018-09-25,45884.077288867375
2018-09-26,45967.922226169525
2018-09-27,46102.04312318255
2018-09-28,45811.58497406671
2018-10-01,45923.47131129836
2018-10-02,45431.89147200544
2018-10-03,45052.046506162194
2018-10-04,44024.11706773242
2018-10-05,43823.03909849332
2018-10-08,43901.39237951452
2018-10-09,43789.71715620174
2018-10-10,42571.81472179206
2018-10-11,42191.95795192349
2018-10-12,43264.679372436214
2018-10-15,42840.23704731479
2018-10-16,43823.56744050154
2018-10-17,43298.43616539733
2018-10-18,42169.937834191376
2018-10-19,42561.06673999319
2018-10-22,43008.167802477365
2018-10-23,42583.61595868064
2018-10-24,41343.35488444399
2018-10-25,42125.56537628633
2018-10-26,41801.573924668635
2018-10-29,40986.00660837804
2018-10-30,41824.1039698766
2018-10-31,42304.64088899143
2018-11-01,43824.335949339
2018-11-02,43980.8253289973
2018-11-05,44182.09765609787
2018-11-06,44014.527900308174
2018-11-07,44796.77381836466
2018-11-08,43712.92647780796
2018-11-09,42964.31956246338
2018-11-12,42394.56434683096
2018-11-13,42897.45319484019
2018-11-14,43232.72082601764
2018-11-15,44082.022280640645
2018-11-16,44238.49565826973
2018-11-19,43691.10888786277
2018-11-20,42774.86683190101
2018-11-21,43579.46537768182
2018-11-23,43121.423770512614
2018-11-26,43423.258734981755
2018-11-27,43736.19225707668
2018-11-28,44708.39622717888
2018-11-29,44406.74571897995
2018-11-30,44350.92286244466
2018-12-03,45233.844925033576
2018-12-04,44395.81525187357
2018-12-06,44038.328173168215
2018-12-07,43155.60167424345
2018-12-10,42652.88363958656
2018-12-11,43088.747434135345
2018-12-12,43736.91129723466
2018-12-13,43804.000148909494
2018-12-14,43256.50359631314
2018-12-17,42787.30931341242
2018-12-18,43055.54536395221
2018-12-19,42340.43225734037
2018-12-20,42664.52781093822
2018-12-21,42318.163664732616
2018-12-24,41990.88347100902
2018-12-26,42733.596033370384
2018-12-27,42643.620074308375
2018-12-28,42947.447366912114
2018-12-31,42868.83830944175
2019-01-02,43060.211958053136
2019-01-03,42385.16041713664
2019-01-04,43724.15420977446
2019-01-07,43814.31385016632
2019-01-08,44061.895782809144
2019-01-09,44703.30290309269
2019-01-10,45040.907860430736
2019-01-11,44759.66740150124
2019-01-14,44444.73925013845
2019-01-15,44737.344116480745
2019-01-16,45176.21985318186
2019-01-17,45390.061076803955
2019-01-18,45626.39032451193
2019-01-22,44861.454868145905
2019-01-23,45300.334107618655
2019-01-24,45682.94166128359
2019-01-25,46133.08264391253
2019-01-28,45649.41023607937
2019-01-29,45705.717207845104
2019-01-30,46515.90121629184
2019-01-31,47011.05385732935
2019-02-01,46662.29199194636
2019-02-04,46763.71071230316
2019-02-05,47292.609014771064
2019-02-06,46730.054489359485
2019-02-07,46291.279099353305
2019-02-08,46111.281097260886
2019-02-11,45841.39342245503
2019-02-12,46291.53278022577
2019-02-13,45965.264412912235
2019-02-14,46055.31572686994
2019-02-15,45976.61463230391
2019-02-19,46449.407787646494
2019-02-20,46652.003511099756
2019-02-21,46550.77144623849
2019-02-22,47079.69004730649
2019-02-25,47709.98712956838
2019-02-26,47563.75727934536
2019-02-27,47192.48152088805
2019-02-28,46832.438553158514
2019-03-01,46888.75941133552
2019-03-04,47057.69603032818
2019-03-05,47609.12093072165
2019-03-06,47372.88144003388
2019-03-07,46607.76097616357
2019-03-08,46270.2243301621
2019-03-11,47215.60706494523
2019-03-12,47406.94761950511
2019-03-13,47508.26897710719
2019-03-14,47260.761491544275
2019-03-15,47902.21781058654
2019-03-18,48442.4906343879
2019-03-19,48453.825620278396
2019-03-20,48442.596822104686
2019-03-21,48555.19144095887
2019-03-22,47092.39544558203
2019-03-25,47309.02201440027
2019-03-26,47466.93613748809
2019-03-27,46948.33159698154
2019-03-28,47354.278885898
2019-03-29,47918.06849788767
2019-04-01,48639.834268716884
2019-04-02,48493.30082195089
2019-04-03,48730.128097596935
2019-04-04,49045.882467320866
2019-04-05,49440.55351188558
2019-04-08,49406.9016934985
2019-04-09,49339.31632794355
2019-04-10,49576.135668592804
2019-04-11,49001.15140645351
2019-04-12,49305.631991933944
2019-04-15,49046.4737772932
2019-04-16,49441.14958011513
2019-04-17,49565.228434011224
2019-04-18,49621.65135787005
2019-04-22,49328.73701804266
2019-04-23,49441.52890000287
2019-04-24,48866.54697597082
2019-04-25,48776.411151340406
2019-04-26,49001.95700460531
2019-04-29,48911.933686711505
2019-04-30,48945.79715262799
2019-05-01,48675.23815287316
2019-05-02,48742.96476050509
2019-05-03,49374.43483450838
2019-05-06,48325.972105788365
2019-05-07,47412.71940924046
2019-05-08,47288.73851470465
2019-05-09,46623.554010225715
2019-05-10,47006.97102159823
2019-05-13,45417.30811091598
2019-05-14,46048.787492069285
2019-05-15,46172.85575484229
2019-05-16,46060.13900426562
2019-05-17,45180.700320679694
2019-05-20,45023.01446693459
2019-05-21,45631.92757852703
2019-05-22,45440.30546442265
2019-05-23,44865.30621711183
2019-05-24,44933.00358245793
2019-05-28,45068.50822913043
2019-05-29,45451.94219894967
2019-05-30,45654.943265895046
2019-05-31,45824.11241262451
2019-06-03,46094.8748385325
2019-06-04,46106.20820355092
2019-06-05,45767.98662859047
2019-06-06,45756.769941383434
2019-06-07,46083.82607922166
2019-06-10,46512.43481829041
2019-06-11,46997.35279330878
2019-06-12,46489.98690828167
2019-06-13,46535.142985287224
2019-06-14,45960.131071970995
2019-06-17,46152.157353785726
2019-06-18,47196.728061833215
2019-06-19,47526.038141007346
2019-06-20,48264.0802116746
2019-06-21,48071.11438349819
2019-06-24,48105.335312469295
2019-06-25,47583.11862783067
2019-06-26,48048.65138980515
2019-06-27,48321.21323516594
2019-06-28,48287.19783845593
2019-07-01,48979.94510170664
2019-07-02,48911.883130210146
2019-07-03,48968.68916624198
2019-07-05,48628.20109591061
2019-07-08,48435.33866532023
2019-07-09,48310.5014136515
2019-07-10,48628.46758335103
2019-07-11,48526.32503180007
2019-07-12,48526.37821751335
2019-07-15,48753.61455127064
2019-07-16,48662.82436010217
2019-07-17,48549.355078344466
2019-07-18,48855.950129262266
2019-07-19,48538.09799973896
2019-07-22,48481.48796615519
2019-07-23,48481.54110272625
2019-07-24,48629.213755953424
2019-07-25,48345.40195300443
2019-07-26,48390.855891126586
2019-07-29,48379.66739803959
2019-07-30,47902.864169198234
2019-07-31,47414.669544794495
2019-08-01,46551.83611277724
2019-08-02,46109.05625661224
2019-08-05,44485.5667396464
2019-08-06,45189.58169107219
2019-08-07,45382.65988931254
2019-08-08,45973.12798219257
2019-08-09,45519.007032734924
2019-08-12,45008.21293540036
2019-08-13,45541.90751481885
2019-08-14,44281.63560994951
2019-08-15,44531.477618270765
2019-08-16,45121.95262520907
2019-08-19,45269.71937187088
2019-08-20,45349.23083932488
2019-08-21,45701.26275162438
2019-08-22,45235.78178935975
2019-08-23,44588.63435858908
2019-08-26,44872.65335592371
2019-08-27,44895.409148896506
2019-08-28,45065.7688102767
2019-08-29,45588.13016070952
2019-08-30,45872.04040740675
2019-09-03,45633.78287964881
2019-09-04,46383.24309719402
2019-09-05,46735.29795033032
2019-09-06,46882.93842678696
2019-09-09,47008.007426067445
2019-09-10,47008.05894767769
2019-09-11,47360.090098910834
2019-09-12,47655.36517752443
2019-09-13,47905.22683367726
2019-09-16,47519.320764754746
2019-09-17,47576.15136340275
2019-09-18,47337.74629333375
2019-09-19,47042.58342094038
2019-09-20,47122.11555244759
2019-09-23,47292.59114154583
2019-09-24,46716.597220494405
2019-09-25,46762.63451127949
2019-09-26,46739.684683881
2019-09-27,46153.327885643674
2019-09-30,46291.46002380341
2019-10-01,45969.568640266225
2019-10-02,45751.16340057299
2019-10-03,46303.11553124451
2019-10-04,46521.62772274117
2019-10-07,46165.363788018025
2019-10-08,45774.43894618648
2019-10-09,46119.45682811336
2019-10-10,46613.93404632938
2019-10-11,47234.87497452361
2019-10-14,47131.55809639121
2019-10-15,47453.54613219712
2019-10-16,47580.08816383458
2019-10-17,47729.616060729626
2019-10-18,47603.204776873565
2019-10-21,47948.30684565687
2019-10-22,47913.864805371275
2019-10-23,47936.9083994561
2019-10-24,47994.44137153124
2019-10-25,48212.971126125034
2019-10-28,48592.57800623198
2019-10-29,48316.67240753283
2019-10-30,48500.70881763904
2019-10-31,48121.31237451106
2019-11-01,48868.76148549925
2019-11-04,49225.37671041943
2019-11-05,49466.90719600986
2019-11-06,49386.472706918794
2019-11-07,49719.9804101646
2019-11-08,49271.59150589923
2019-11-11,48995.790724714294
2019-11-12,48627.893636385925
2019-11-13,48317.46675258139
2019-11-14,48294.52273468566
2019-11-15,48616.54434633834
2019-11-18,48605.205662540706
2019-11-19,48777.72650870468
2019-11-20,48593.802962537695
2019-11-21,48651.354440762625
2019-11-22,48559.41371742944
2019-11-25,48996.54253365438
2019-11-26,48801.10869737459
2019-11-27,48950.64999038565
2019-11-29,48364.298092373945
2019-12-02,48375.97719427873
2019-12-03,48180.53049645321
2019-12-04,48606.05802423281
2019-12-05,48859.094523046806
2019-12-06,49043.12830720167
2019-12-09,48859.30872513715
2019-12-10,48962.84092931002
2019-12-11,49618.34379041994
2019-12-12,50296.82440542449
2019-12-13,50239.39594920028
2019-12-16,50665.04145622066
2019-12-17,51044.56079291286
2019-12-18,51320.59605976093
2019-12-19,51355.13307072254
2019-12-20,51401.20648462339
2019-12-23,51493.35130284502
2019-12-24,51446.83495573447
2019-12-26,51877.81636428558
2019-12-27,51947.72728916643
2019-12-30,51656.78957270659
2019-12-31,51784.93301201711
2020-01-02,53019.40840720557
2020-01-03,52076.23978847331
2020-01-06,51983.23207551599
2020-01-07,51960.007641375
2020-01-08,52192.96972955036
2020-01-09,52460.84650638961
2020-01-10,52717.10716231177
2020-01-13,53439.27596619663
2020-01-14,53194.800424837544
2020-01-15,52857.13914474124
2020-01-16,53125.03472742469
2020-01-17,53462.79191201587
2020-01-21,52135.48494224467
2020-01-22,52449.961101454806
2020-01-23,51972.56241333552
2020-01-24,51576.67850337788
2020-01-27,49841.69617742044
2020-01-28,50261.0074047164
2020-01-29,50493.93560356263
2020-01-30,49806.929054681736
2020-01-31,48921.92500941298
2020-02-03,49271.46688459447
2020-02-04,50447.70341163325
2020-02-05,50727.24596961624
2020-02-06,50704.01405220166
2020-02-07,50016.99636811207
2020-02-10,50331.58639226463
2020-02-11,50972.131856954526
2020-02-12,51624.3385835664
2020-02-13,51077.05423656739
2020-02-14,50972.299456221095
2020-02-18,50797.853577826536
2020-02-19,51217.13857373763
2020-02-20,50518.46772604488
2020-02-21,50332.193203019386
2020-02-24,48562.232255482784
2020-02-25,48177.969379723334
2020-02-26,48480.81459132397
2020-02-27,47316.294236865586
2020-02-28,47188.240308203356
2020-03-02,48096.7669842529
2020-03-03,47863.900519913375
2020-03-04,48539.40705468166
2020-03-05,47607.80286081392
2020-03-06,46711.14503216248
2020-03-09,43229.19621913449
2020-03-10,45407.00949890115
2020-03-11,43438.92114676634
2020-03-12,39071.775193082634
2020-03-13,41808.59361940339
2020-03-16,36754.41383524539
2020-03-17,39060.347712880524
2020-03-18,35881.05047986621
2020-03-19,36079.07484745215
2020-03-20,36242.14803471403
2020-03-23,35539.87551871232
2020-03-24,37780.12327034062
2020-03-25,39016.93834909232
2020-03-26,40592.12962446575
2020-03-27,38398.6396906924
2020-03-30,38958.80981206068
2020-03-31,39145.54023610399
2020-04-01,37757.117540426065
2020-04-02,38865.605862357625
2020-04-03,38118.89510640599
2020-04-06,39997.554488700276
2020-04-07,40230.96711732469
2020-04-08,40697.722596240084
2020-04-09,40627.75293901946
2020-04-13,40779.61816012521
2020-04-14,41596.42917489837
2020-04-15,40674.697484489225
2020-04-16,40908.10514489692
2020-04-17,41573.217861227306
2020-04-20,41269.994041896614
2020-04-21,40126.56566664301
2020-04-22,41165.0816479569
2020-04-23,41001.75586547736
2020-04-24,40943.47821823742
2020-04-27,41713.69411787082
2020-04-28,41818.754069919036
2020-04-29,42950.61468366383
2020-04-30,42203.89698968651
2020-05-01,40792.09156095887
2020-05-04,41305.631387729234
2020-05-05,41492.36620382684
2020-05-06,41387.40186801404
2020-05-07,41655.81720931186
2020-05-08,42589.329681154755
2020-05-11,42379.4275750802
2020-05-12,42251.130821299965
2020-05-13,42122.8257736261
2020-05-14,42251.22343732888
2020-05-15,41726.18879655287
2020-05-18,43301.56600806536
2020-05-19,42869.88843999599
2020-05-20,43406.68303374146
2020-05-21,42963.330156941505
2020-05-22,42146.57423710457
2020-05-26,43080.24958502954
2020-05-27,43126.96831005775
2020-05-28,42846.96485388616
2020-05-29,43593.8029903703
2020-06-01,44585.778740775044
2020-06-02,45624.340934163665
2020-06-03,46511.21516099544
2020-06-04,45927.82176304024
2020-06-05,46989.72482636642
2020-06-08,47363.27767600627
2020-06-09,47106.59791149847
2020-06-10,47340.04271486884
2020-06-11,44924.65342869015
2020-06-12,45951.55795866828
2020-06-15,45765.019129110246
2020-06-16,45940.09795847199
2020-06-17,46360.22826214239
2020-06-18,46371.94055475651
2020-06-19,46453.66457122588
2020-06-22,46957.74187062604
2020-06-23,47426.54150058113
2020-06-24,46711.75548758361
2020-06-25,46911.02028285661
2020-06-26,46348.5592317214
2020-06-29,46653.40421192042
2020-06-30,46419.06878096358
2020-07-01,47040.23191135929
2020-07-02,48153.590035158166
2020-07-06,50274.961144801884
2020-07-07,49478.124662833296
2020-07-08,50802.43505810427
2020-07-09,50837.65761718712
2020-07-10,50486.13497897262
2020-07-13,50240.19051312614
2020-07-14,50263.68138804662
2020-07-15,50310.61883508583
2020-07-16,49595.7973779738
2020-07-17,49818.52739410447
2020-07-20,50521.844937114474
2020-07-21,50896.91889644608
2020-07-22,50721.175176520555
2020-07-23,50381.37877760671
2020-07-24,50252.51692689073
2020-07-27,50955.841291583514
2020-07-28,50405.10172739729
2020-07-29,51295.828582555754
2020-07-30,50698.18902912761
2020-07-31,50405.26746223657
2020-08-03,50792.16727642194
2020-08-04,51366.480303117474
2020-08-05,51893.91649467331
2020-08-06,51964.293260504644
2020-08-07,50909.588116255996
2020-08-10,50898.03458658715
2020-08-11,50710.57676265857
2020-08-12,51331.76250421993
2020-08-13,51132.57844052127
2020-08-14,51202.965673060986
2020-08-17,51753.9575446809
2020-08-18,51941.52397333767
2020-08-19,51343.87736807813
2020-08-20,51203.3023901371
2020-08-21,51531.521606991104
2020-08-24,52047.35013316352
2020-08-25,52527.91950985117
2020-08-26,52574.861596707626
2020-08-27,52270.19624787684
2020-08-28,52903.115745737516
2020-08-31,51789.90457034137
2020-09-01,52833.0364688416
2020-09-02,52692.45043449191
2020-09-03,51766.64308008843
2020-09-04,51672.9298616418
2020-09-08,50712.1330170593
2020-09-09,51368.507090650295
2020-09-10,50595.03630704807
2020-09-11,50970.142405500534
2020-09-14,51814.14734146758
2020-09-15,52400.20396680013
2020-09-16,52212.73504799834
2020-09-17,52119.0316673811
2020-09-18,51708.90839244191
2020-09-21,51278.290613378835
2020-09-22,50828.64070021394
2020-09-23,50035.79166900502
2020-09-24,49893.8475185225
2020-09-25,49882.05781060467
2020-09-28,50379.26054072863
2020-09-29,50355.65358129346
2020-09-30,51172.29782518329
2020-10-01,51622.05911943668
2020-10-02,51054.066672296176
2020-10-05,51716.95078876641
2020-10-06,51870.86889271938
2020-10-07,52356.13015644654
2020-10-08,52746.74818880036
2020-10-09,53113.65655847649
2020-10-12,53634.55073942786
2020-10-13,53397.92536404522
2020-10-14,53161.29946990694
2020-10-15,52735.29753234124
2020-10-16,52948.3883376217
2020-10-19,52782.87014539958
2020-10-20,53315.49681935798
2020-10-21,53422.061655671394
2020-10-22,53433.96495016884
2020-10-23,53682.538996523144
2020-10-26,52984.47633534449
2020-10-27,53173.891051788116
2020-10-28,51848.446024201905
2020-10-29,52392.90573303449
2020-10-30,51848.55967789786
2020-11-02,52511.48277303485
2020-11-03,52653.56691365903
2020-11-04,54346.004454632355
2020-11-05,55269.204130628015
2020-11-06,55470.44699315871
2020-11-09,55884.866969767536
2020-11-10,55257.6566790018
2020-11-11,55494.42495360281
2020-11-12,55080.25751343934
2020-11-13,55778.58151564755
2020-11-16,56429.69332057958
2020-11-17,56346.91440475654
2020-11-18,56157.614951563264
2020-11-19,56299.68955049117
2020-11-20,56690.31962640104
2020-11-23,56678.67689762254
2020-11-24,57436.18349827191
2020-11-25,57175.88213747765
2020-11-27,57708.57710173848
2020-11-30,56288.555122484584
2020-12-01,57460.3039959328
2020-12-02,57436.687108813814
2020-12-03,58004.85371706483
2020-12-04,58395.48631194421
2020-12-07,58395.67831962212
2020-12-08,58561.427663287686
2020-12-09,57875.03231030902
2020-12-10,58656.2496062465
2020-12-11,58265.74187750249
2020-12-14,58052.88667588748
2020-12-15,58597.37588633345
2020-12-16,58917.005641623764
2020-12-17,59390.498974887
2020-12-18,59213.02074199573
2020-12-21,58416.626796708704
2020-12-22,57988.039544531566
2020-12-23,58583.44740690753
2020-12-24,58250.120789331544
2020-12-28,58369.457430996124
2020-12-29,59000.58816880329
2020-12-30,59822.27638422941
2020-12-31,59667.53632665083
2021-01-04,59941.6650260282
2021-01-05,61334.88745355701
2021-01-06,60751.50039704355
2021-01-07,61227.859874738664
2021-01-08,62466.3080272526
2021-01-11,61740.147677966874
2021-01-12,62418.94218209751
2021-01-13,62621.43680578585
2021-01-14,63240.69469153069
2021-01-15,62514.405764328025
2021-01-19,63645.90168531902
2021-01-20,64753.385161554506
2021-01-21,64765.35548903376
2021-01-22,64301.041148945114
2021-01-25,64622.75034153399
2021-01-26,64217.952291402406
2021-01-27,62586.66732735218
2021-01-28,62884.446538363576
2021-01-29,61538.94130068339
2021-02-01,63099.052155629
2021-02-02,64087.454157494314
2021-02-03,64325.68590735976
2021-02-04,64421.02752938146
2021-02-05,64897.406167914116
2021-02-08,65231.04321925031
2021-02-09,65957.4768265556
2021-02-10,66100.44070676647
2021-02-11,66791.19399768634
2021-02-12,66910.32775769052
2021-02-16,67101.16050034817
2021-02-17,67267.94217799751
2021-02-18,66398.7377542439
2021-02-19,66756.04836972493
2021-02-22,64862.88932760978
2021-02-23,65232.11564319034
2021-02-24,64815.405592122755
2021-02-25,63410.315495040915
2021-02-26,62505.38371256313
2021-03-01,64220.34539119595
2021-03-02,63613.10519451905
2021-03-03,63565.548632897735
2021-03-04,62196.1781593329
2021-03-05,62636.84785058245
2021-03-08,61005.632278219804
2021-03-09,62327.50416227611
2021-03-10,62220.39782144561
2021-03-11,64090.05312528307
2021-03-12,62958.84238624378
2021-03-15,62923.33322431443
2021-03-16,63197.290614043064
2021-03-17,63244.99223644767
2021-03-18,62268.59716427943
2021-03-19,62887.89275436295
2021-03-22,62754.54224632359
2021-03-23,61729.17272025255
2021-03-24,60286.46690709675
2021-03-25,60381.916090550556
2021-03-26,61884.38810523026
2021-03-29,61538.79557496499
2021-03-30,61789.25974923825
2021-03-31,62063.57307819414
2021-04-01,62624.075934437366
2021-04-05,62755.50517446892
2021-04-06,63053.68081580539
2021-04-07,62135.600948969666
2021-04-08,62779.56567664917
2021-04-09,62243.048921367255
2021-04-12,61837.83798144174
2021-04-13,61849.832901427246
2021-04-14,62183.78094963742
2021-04-15,62732.3546789516
2021-04-16,62935.11609155519
2021-04-19,62804.1663221228
2021-04-20,62327.279305211254
2021-04-21,62816.23124035673
2021-04-22,62708.98144641177
2021-04-23,63567.59490698387
2021-04-26,63651.273747650725
2021-04-27,63746.73006892516
2021-04-28,64259.54199201162
2021-04-29,64116.51623906066
2021-04-30,63174.575689465484
2021-05-03,63150.9285989253
2021-05-04,62375.92932236566
2021-05-05,62614.48220577356
2021-05-06,63234.60164058079
2021-05-07,63795.13323743437
2021-05-10,62602.903185727606
2021-05-11,62436.02940146308
2021-05-12,60838.2318196288
2021-05-13,60766.743966397786
2021-05-14,61768.462906383014
2021-05-17,61804.448771858224
2021-05-18,62698.846196708306
2021-05-19,62531.95502207786
2021-05-20,62758.600400725445
2021-05-21,62090.90296157751
2021-05-24,62675.403150932914
2021-05-25,63331.31330184439
2021-05-26,63796.4617419009
2021-05-27,63915.77145438476
2021-05-28,64249.73252461564
2021-06-01,65597.50122252943
2021-06-02,65752.58639988943
2021-06-03,65013.331891698566
2021-06-04,65597.71691084171
2021-06-07,65335.583728543585
2021-06-08,65061.38899001341
2021-06-09,65013.75942746207
2021-06-10,65466.98411071003
2021-06-11,65180.850010385264
2021-06-14,65443.41521282402
2021-06-15,65002.2536537607
2021-06-16,64119.88942223567
2021-06-17,64489.64736240627
2021-06-18,63988.85930234205
2021-06-21,64300.738016896394
2021-06-22,64025.10571349183
2021-06-23,64396.7791753609
2021-06-24,64876.36201360234
2021-06-25,65403.88275225535
2021-06-28,65559.92781314818
2021-06-29,65512.04657614579
2021-06-30,65104.54604395525
2021-07-01,64756.97409025991
2021-07-02,64685.12320703099
2021-07-06,63522.60085912061
2021-07-07,63582.62172375402
2021-07-08,62371.92936510898
2021-07-09,63510.833345164465
2021-07-12,63546.998151315114
2021-07-13,63583.03985098936
2021-07-14,63894.76967870929
2021-07-15,63954.78613266186
2021-07-16,63523.29708153122
2021-07-19,62588.45627596429
2021-07-20,62636.47906958781
2021-07-21,63176.010298468886
2021-07-22,63271.95607613067
2021-07-23,62289.03867414465
2021-07-26,61102.43213449735
2021-07-27,59783.84213380069
2021-07-28,61474.19965065701
2021-07-29,61690.055019652995
2021-07-30,61270.53886420824
2021-08-02,61762.24443104272
2021-08-03,61918.15897013151
2021-08-04,62074.068506551666
2021-08-05,61882.321739161926
2021-08-06,61462.807919711886
2021-08-09,61678.811295484236
2021-08-10,61906.64118237279
2021-08-11,62134.487601815395
2021-08-12,61726.96415893823
2021-08-13,61607.14049810662
2021-08-16,61115.8260738159
2021-08-17,60012.97684487183
2021-08-18,60084.984216512945
2021-08-19,59161.956233633566
2021-08-20,59162.02107618736
2021-08-23,60013.37149767809
2021-08-24,61356.14212386944
2021-08-25,61416.14245583338
2021-08-26,60912.69969086018
2021-08-27,61680.02812610921
2021-08-30,61860.05255056349
2021-08-31,62615.37624513327
2021-09-01,63370.717628911065
2021-09-02,63119.03278602946
2021-09-03,63406.81460747431
2021-09-07,63934.611724413975
2021-09-08,62987.570608261696
2021-09-09,63071.576202278186
2021-09-10,62975.731472462765
2021-09-13,63179.74947659701
2021-09-14,62592.36648530391
2021-09-15,62568.453819592956
2021-09-16,61921.14503013513
2021-09-17,61681.44779217953
2021-09-20,60003.39624615072
2021-09-21,60487.45175710149
2021-09-22,61358.706963929144
2021-09-23,61649.181525591026
2021-09-24,60971.64732549366
2021-09-27,61298.55746140889
2021-09-28,60584.7027594403
2021-09-29,60100.78051617134
2021-09-30,60512.23852316042
2021-10-01,60548.60607786914
2021-10-04,59713.91149179289
2021-10-05,60282.68270323056
2021-10-06,60052.84505486622
2021-10-07,61226.62102116345
2021-10-08,61456.5923498381
2021-10-11,61287.38681551305
2021-10-12,61118.04085004031
2021-10-13,61916.729414825255
2021-10-14,62013.59659708762
2021-10-15,62679.181333476256
2021-10-18,62594.68831758381
2021-10-19,63308.66851677123
2021-10-20,63320.82787728992
2021-10-21,62812.68492098493
2021-10-22,62655.45549419214
2021-10-25,62885.575360629824
2021-10-26,62462.12899348516
2021-10-27,62135.48239771188
2021-10-28,62075.04131030666
2021-10-29,61300.70739574519
2021-11-01,61893.817158636506
2021-11-02,61240.47731202987
2021-11-03,61688.254443997655
2021-11-04,61555.20723219301
2021-11-05,61579.481792558676
2021-11-08,62221.006024750604
2021-11-09,62075.857739388885
2021-11-10,61906.53397799087
2021-11-11,62971.4484105054
2021-11-12,63019.93198930373
2021-11-15,62899.13447182152
2021-11-16,62874.985333827884
2021-11-17,62645.15063329555
2021-11-18,61894.97039301951
2021-11-19,61786.128685527925
2021-11-22,61145.01628083135
2021-11-23,61205.57283011251
2021-11-24,61133.02780594386
2021-11-26,59342.249896578476
2021-11-29,59427.15336994204
2021-11-30,59524.01746506202
2021-12-01,59487.7790451455
2021-12-02,60189.70507032094
2021-12-03,59354.801080405545
2021-12-06,59742.237396962926
2021-12-07,60613.55901263459
2021-12-08,60976.65947929755
2021-12-09,60674.20385424292
2021-12-10,60783.17706134003
2021-12-13,59851.60281352024
2021-12-14,59718.55844301555
2021-12-15,59500.80928778963
2021-12-16,59658.18225471625
2021-12-17,59246.79895390915
2021-12-20,58425.80413592476
2021-12-21,59415.69374564454
2021-12-22,59745.72781184566
2021-12-23,60100.19012254368
2021-12-27,60295.97619125535
2021-12-28,60088.294959706145
2021-12-29,59831.72583796466
2021-12-30,60601.68650670094
2021-12-31,60442.89246916896
2022-01-03,60870.80782826542
2022-01-04,60626.45714296916
2022-01-05,59722.2060119593
2022-01-06,60064.459786895466
2022-01-07,60370.02966568447
2022-01-10,60492.43232452758
2022-01-11,61665.68014730062
2022-01-12,62606.75175275808
2022-01-13,61824.688732912284
2022-01-14,61946.96118837514
2022-01-18,61030.67216035986
2022-01-19,61275.15512481035
2022-01-20,61654.07429469556
2022-01-21,60688.689579350794
2022-01-24,59882.3196817991
2022-01-25,59870.181802328785
2022-01-26,59246.96962416712
2022-01-27,58721.523366563895
2022-01-28,58819.355120283704
2022-01-31,60701.57436950207
2022-02-01,61056.0586105904
2022-02-02,60946.132599169556
2022-02-03,60432.925222068596
2022-02-04,60469.65050253543
2022-02-07,60469.84933018309
2022-02-08,61019.86783617132
2022-02-09,61924.28163907029
2022-02-10,61582.16410047515
2022-02-11,60628.98220573328
2022-02-14,60177.00561729597
2022-02-15,61545.84209005822
2022-02-16,62010.311664421955
2022-02-17,61203.78896679797
2022-02-18,60727.21700450846
2022-02-22,59786.44762312568
2022-02-23,59236.55722429617
2022-02-24,58038.93345874844
2022-02-25,59114.47675295197
2022-02-28,58442.39468151429
2022-03-01,57648.03650150306
2022-03-02,57831.3787267071
2022-03-03,57024.82072057337
2022-03-04,55949.373505428804
2022-03-07,53969.59078191935
2022-03-08,54201.833122763106
2022-03-09,55570.67337981104
2022-03-10,54715.20411331424
2022-03-11,53603.0753006837
2022-03-14,52319.91102912805
2022-03-15,52295.49953118592
2022-03-16,56365.26722757013
2022-03-17,55949.772056528775
2022-03-18,56829.74104267771
2022-03-21,56111.59482760751
2022-03-22,56981.852805395756
2022-03-23,56589.67429529268
2022-03-24,56932.890345122956
2022-03-25,56491.670407414545
2022-03-28,56675.6164315955
2022-03-29,57545.88874767635
2022-03-30,57472.38000485092
2022-03-31,56540.88657750126
2022-04-01,57619.51300978218
2022-04-04,58624.68051211502
2022-04-05,57595.12935931512
2022-04-06,56957.80585757351
2022-04-07,56541.1034504438
2022-04-08,56651.45340787729
2022-04-11,55940.64362307782
2022-04-12,55720.0411870393
2022-04-13,56320.661478074915
2022-04-14,55707.8552382474
2022-04-18,55475.096485699134
2022-04-19,55193.19891341537
2022-04-20,54837.79733069425
2022-04-21,53844.99763852872
2022-04-22,53416.0216510098
2022-04-25,52864.55220968234
2022-04-26,51798.22873577091
2022-04-27,52521.397326351704
2022-04-28,53207.83073483421
2022-04-29,53244.63865101063
2022-05-02,53134.416443076065
2022-05-03,53538.93262672587
2022-05-04,54066.00625641301
2022-05-05,52104.89289573726
2022-05-06,51394.01948774126
2022-05-09,50009.05529619874
2022-05-10,50217.461294039356
2022-05-11,49862.03151171489
2022-05-12,49616.900987529734
2022-05-13,50842.648583087626
2022-05-16,50732.42158038352
2022-05-17,51896.86146105028
2022-05-18,50769.24563049079
2022-05-19,51504.701697297125
2022-05-20,51700.84636464465
2022-05-23,52068.65430222233
2022-05-24,51137.11965846797
2022-05-25,51419.06517331029
2022-05-26,52191.30906776282
2022-05-27,52755.16258055873
2022-05-31,53490.71129362229
2022-06-01,53135.28990630068
2022-06-02,54091.381474391594
2022-06-03,53245.65980673903
2022-06-06,53539.93008917796
2022-06-07,53809.615516052145
2022-06-08,54005.75814232149
2022-06-09,52841.350286502864
2022-06-10,52424.625663168685
2022-06-13,50720.931159884116
2022-06-14,51456.40302367271
2022-06-15,52216.38658893927
2022-06-16,50586.19117436476
2022-06-17,50806.84392384251
2022-06-21,51617.02032214568
2022-06-22,50764.99635933763
2022-06-23,51011.99992853691
2022-06-24,52098.69719523275
2022-06-27,52135.84077611059
2022-06-28,51790.11089705596
2022-06-29,51654.299225015704
2022-06-30,51432.04903410323
2022-07-01,51123.36552816033
2022-07-05,50715.96678141832
2022-07-06,50370.23460865787
2022-07-07,51419.91319937287
2022-07-08,51296.455156941076
2022-07-11,50024.60635559717
2022-07-12,49839.406706509886
2022-07-13,49691.2437332462
2022-07-14,49357.86402628395
2022-07-15,49530.76923308877
2022-07-18,49765.4859123963
2022-07-19,50469.38191797894
2022-07-20,50259.488571401336
2022-07-21,50876.95694636244
2022-07-22,50358.321622374075
2022-07-25,50593.051254060454
2022-07-26,50111.46781834327
2022-07-27,51099.38996157921
2022-07-28,51259.95875442298
2022-07-29,51025.36620876815
2022-08-01,50716.71711705001
2022-08-02,50420.37178553441
2022-08-03,50692.068687177554
2022-08-04,51111.973994064836
2022-08-05,51099.6419631111
2022-08-08,51210.87560560266
2022-08-09,51099.75396419085
2022-08-10,51741.944363787494
2022-08-11,51988.93371541214
2022-08-12,52532.31946785893
2022-08-15,52334.82589906243
2022-08-16,52359.54272463333
2022-08-17,52236.077144383846
2022-08-18,51902.687091531305
2022-08-19,51322.31855305015
2022-08-22,50964.28459143828
2022-08-23,51285.38263913247
2022-08-24,51322.459164521366
2022-08-25,52273.36526436791
2022-08-26,51581.843964784566
2022-08-29,51334.94928466748
2022-08-30,50717.523045463895
2022-08-31,50791.65331338198
2022-09-01,50557.045447761586
2022-09-02,50149.56521448917
2022-09-06,49717.45114054624
2022-09-07,50137.326313021535
2022-09-08,49989.17491286129
2022-09-09,50656.06373343038
2022-09-12,51434.13457272381
2022-09-13,49804.073071057246
2022-09-14,50051.0873464669
2022-09-15,49618.89934028681
2022-09-16,48989.11143276532
2022-09-19,49188.19775909229
2022-09-20,49012.99858070263
2022-09-21,48199.47662415123
2022-09-22,48061.8282647618
2022-09-23,46960.43979453326
2022-09-26,46309.68257258607
2022-09-27,46284.66638277409
2022-09-28,46647.65564056059
2022-09-29,45734.01591228736
2022-09-30,45671.45834085617
2022-10-03,46372.43224388854
2022-10-04,47674.14288922457
2022-10-05,47761.78279820419
2022-10-06,47423.869132651846
2022-10-07,46485.17877570824
2022-10-10,45846.925959118926
2022-10-11,45133.522958222595
2022-10-12,45121.048188653396
2022-10-13,45296.30125253759
2022-10-14,44632.96433572122
2022-10-17,45772.013717723086
2022-10-18,45784.55972544433
2022-10-19,44983.53375883866
2022-10-20,45334.01643124307
2022-10-21,45997.41090000176
2022-10-24,44207.64301708487
2022-10-25,44570.64185303288
2022-10-26,45171.46221722448
2022-10-27,44846.06155896715
2022-10-28,44533.17352004022
2022-10-31,44370.5376744705
2022-11-01,45109.03234606149
2022-11-02,44771.106880853746
2022-11-03,45134.0917766955
2022-11-04,46974.04160059003
2022-11-07,46886.498103107995
2022-11-08,47086.78607990341
2022-11-09,46223.188991088195
2022-11-10,47775.251403276445
2022-11-11,48739.02737942023
2022-11-14,48576.41323849202
2022-11-15,49652.844411524115
2022-11-16,48864.34543892921
2022-11-17,49127.21976472507
2022-11-18,48776.7723989305
2022-11-21,48326.25655671446
2022-11-22,48451.44658908836
2022-11-23,48714.321552805886
2022-11-25,48539.142470811756
2022-11-28,48426.57950723989
2022-11-29,49377.86551653208
2022-11-30,50717.15539882056
2022-12-01,50592.0190204122
2022-12-02,50904.970702605846
2022-12-05,50391.87535365485
2022-12-06,50429.44536935904
2022-12-07,50129.069454746015
2022-12-08,50704.86714067002
2022-12-09,50279.32633001588
2022-12-12,50141.738793939905
2022-12-13,50404.60687161473
2022-12-14,50492.2569838291
2022-12-15,49515.98488095582
2022-12-16,49453.421394872945
2022-12-19,49548.9205254696
2022-12-20,49383.55560039679
2022-12-21,49841.56418126568
2022-12-22,49396.334257854054
2022-12-23,49294.60239315082
2022-12-27,50070.69015457384
2022-12-28,49345.61972757849
2022-12-29,50197.95881293959
2022-12-30,49587.3769228407
2023-01-03,50121.77534857442
2023-01-04,51419.367374484005
2023-01-05,51266.753391950864
2023-01-06,52144.54120416147
2023-01-09,52424.50000692428
2023-01-10,52793.44792898328
2023-01-11,53009.73755602981
2023-01-12,53251.46609516897
2023-01-13,53607.695732312575
2023-01-17,53327.93891942001
2023-01-18,53009.94088460251
2023-01-19,53429.76849211586
2023-01-20,54053.15497118153
2023-01-23,54447.59378628706
2023-01-24,54498.52269191371
2023-01-25,54511.26128964528
2023-01-26,54931.10736966808
2023-01-27,54562.20414385363
2023-01-30,53582.766868896826
2023-01-31,53722.70505278838
2023-02-01,54269.77892965147
2023-02-02,53888.15464460708
2023-02-03,53035.8446202941
2023-02-06,52488.901905593506
2023-02-07,52590.70285682591
2023-02-08,52488.95942860385
2023-02-09,52692.54348584468
2023-02-10,52247.30827204392
2023-02-13,52718.10344600708
2023-02-14,52565.465443040855
2023-02-15,52311.06533012495
2023-02-16,52209.32664915003
2023-02-17,51789.53398617977
2023-02-21,51217.17921878716
2023-02-22,51000.94695429982
2023-02-23,51179.07111068416
2023-02-24,50199.526688465274
2023-02-27,50454.04514558224
2023-02-28,50148.76340284713
2023-03-01,51153.789336078014
2023-03-02,51382.81436214303
2023-03-03,51764.48121810774
2023-03-06,51586.47437476579
2023-03-07,50823.20752771274
2023-03-08,51090.38694146215
2023-03-09,50047.24220020074
2023-03-10,49767.37129785592
2023-03-13,49716.57408568937
2023-03-14,49742.04620014494
2023-03-15,48915.154761366786
2023-03-16,49538.546859934126
2023-03-17,49284.13555922048
2023-03-20,49370.785030721454
2023-03-21,49892.79486435292
2023-03-22,50045.60438581553
2023-03-23,50656.70740630795
2023-03-24,50554.8802638822
2023-03-27,50313.09367445787
2023-03-28,50911.48400218689
2023-03-29,51089.739749074346
2023-03-30,51586.26522982103
2023-03-31,51433.526600946134
2023-04-03,51650.04196885012
2023-04-04,51701.003374385145
2023-04-05,51242.697680709636
2023-04-06,51548.27659565027
2023-04-10,51433.808433644124
2023-04-11,51815.77754549741
2023-04-12,51421.13414201215
2023-04-13,52044.99165358627
2023-04-14,51764.92934072777
2023-04-17,52045.10572669985
2023-04-18,51943.28864332278
2023-04-19,51408.595323227324
2023-04-20,51344.975268742
2023-04-21,50861.21995973766
2023-04-24,50797.639164647546
2023-04-25,49931.9493304655
2023-04-26,50275.72314380507
2023-04-27,50925.04099255512
2023-04-28,51230.61272323367
2023-05-01,51065.185963994074
2023-05-02,50530.50974100164
2023-05-03,50517.811971371695
2023-05-04,50950.687254874996
2023-05-05,51498.16711615331
2023-05-08,51510.987958635706
2023-05-09,51192.72362925692
2023-05-10,51205.487881041015
2023-05-11,51001.82216877426
2023-05-12,50428.9343376505
2023-05-15,51307.4913215075
2023-05-16,50951.02227940404
2023-05-17,51129.29887400735
2023-05-18,50811.04345954045
2023-05-19,50785.60946871966
2023-05-22,51116.70801925618
2023-05-23,50352.847285414246
2023-05-24,49996.39219813278
2023-05-25,49907.30823250309
2023-05-26,50734.87505815743
2023-05-30,50072.95322568144
2023-05-31,49716.485923849956
2023-06-01,50569.5441145518
2023-06-02,51371.647102084855
2023-06-05,51320.796715930024
2023-06-06,51715.508528083716
2023-06-07,51600.95742472219
2023-06-08,51881.07427825919
2023-06-09,52021.14974619871
2023-06-12,52148.54610070264
2023-06-13,52581.453152900154
2023-06-14,53078.01082175705
2023-06-15,53587.3054865533
2023-06-16,53396.36817303443
2023-06-20,52445.381917114646
2023-06-21,52355.79535940991
2023-06-22,52125.412089529644
2023-06-23,51395.79168968485
2023-06-26,51562.274484711845
2023-06-27,52048.7507047218
2023-06-28,51843.96257495416
2023-06-29,51626.37350728485
2023-06-30,52074.443053656636
2023-07-03,52586.56366445114
2023-07-05,52330.60083662597
2023-07-06,51332.13794985264
2023-07-07,51946.6190579625
2023-07-10,51959.51058870712
2023-07-11,52420.37846878998
2023-07-12,53418.89134296459
2023-07-13,54007.76329728235
2023-07-14,53674.96091152699
2023-07-17,53739.06403845253
2023-07-18,53355.06808315256
2023-07-19,53278.27615564754
2023-07-20,52945.47762296557
2023-07-21,52919.89955204185
2023-07-24,53624.046123956876
2023-07-25,54033.736256390075
2023-07-26,54366.58399119782
2023-07-27,53764.96032417587
2023-07-28,55070.704694020045
2023-07-31,55134.80525934729
2023-08-01,54366.76273372551
2023-08-02,53189.07821004006
2023-08-03,53419.53531061915
2023-08-04,53483.56941191458
2023-08-07,53394.0450753413
2023-08-08,52843.620895373504
2023-08-09,52933.256858538094
2023-08-10,53035.699275097606
2023-08-11,52267.651390567844
2023-08-14,52024.50693096315
2023-08-15,51474.08523632229
2023-08-16,51128.46904646668
2023-08-17,51294.92149984028
2023-08-18,50974.9176556497
2023-08-21,51090.21121834255
2023-08-22,51000.631567815515
2023-08-23,51755.93506351706
2023-08-24,51538.33926982909
2023-08-25,51499.96951780888
2023-08-28,52012.11024366631
2023-08-29,52703.41107009984
2023-08-30,52511.428071145274
2023-08-31,51884.18953801533
2023-09-01,52447.47980697357
2023-09-05,52140.35015031864
2023-09-06,51897.155969351596
2023-09-07,51359.51243044692
2023-09-08,51461.96095930265
2023-09-11,52050.918293181865
2023-09-12,51910.12248538723
2023-09-13,51858.94594355073
2023-09-14,52166.209792568996
2023-09-15,51897.4119051429
2023-09-18,51817.4918808475
2023-09-19,51559.382342603625
2023-09-20,51404.54913975996
2023-09-21,50578.58314512832
2023-09-22,51172.29432197282
2023-09-25,50978.78638812096
2023-09-26,50385.14560056176
2023-09-27,50449.69861744524
2023-09-28,50552.96590170754
2023-09-29,50604.621471665145
2023-10-02,50424.025534708155
2023-10-03,49778.74348905874
2023-10-04,49572.27476451093
2023-10-05,49778.79804198466
2023-10-06,50462.845074030825
2023-10-09,50153.191198823515
2023-10-10,50953.38863620716
2023-10-11,51108.295835234974
2023-10-12,50566.27280349573
2023-10-13,50372.70120066293
2023-10-16,50734.155721207324
2023-10-17,50514.777617772525
2023-10-18,49688.80426244242
2023-10-19,49508.14533521851
2023-10-20,48914.50128182198
2023-10-23,48811.319246758285
2023-10-24,49417.94299889108
2023-10-25,48888.81297300569
2023-10-26,48708.16895640888
2023-10-27,48759.802918221234
2023-10-30,49198.70335265951
2023-10-31,48966.408846884005
2023-11-01,49314.91271839902
2023-11-02,50076.39949449899
2023-11-03,50992.78437808092
2023-11-06,51147.73364654185
2023-11-07,51160.670253129625
2023-11-08,50928.38115139282
2023-11-09,50476.68847387299
2023-11-10,50825.19489149945
2023-11-13,50915.62275593554
2023-11-14,52103.03067343987
2023-11-15,52464.45292096008
2023-11-16,51922.398846938464
2023-11-17,52128.92827769268
2023-11-20,52683.99061043523
2023-11-21,52374.264656690335
2023-11-22,52232.32989294985
2023-11-24,52400.16815325277
2023-11-27,52155.02601635139
2023-11-28,52580.97846703813
2023-11-29,52284.15448714995
2023-11-30,52439.07200621744
2023-12-01,52658.501359077265
2023-12-04,52193.952379429604
2023-12-05,52013.29017149177
2023-12-06,51948.79078919504
2023-12-07,52155.31180254316
2023-12-08,51897.212523240734
2023-12-11,52129.61382397306
2023-12-12,52129.64238859706
2023-12-13,52620.131804364406
2023-12-14,53317.115097494105
2023-12-15,53007.37472210746
2023-12-18,53000.88977890033
2023-12-19,53370.06778613306
2023-12-20,52249.43048846523
2023-12-21,53264.65731811255
2023-12-22,53080.101023650524
2023-12-26,53423.009793415506
2023-12-27,53713.09970450984
2023-12-28,54042.74562305981
2023-12-29,54187.79501873758
2024-01-02,53555.05310682521
2024-01-03,53396.87521673814
2024-01-04,53304.61642535575
2024-01-05,53383.7520121877
2024-01-08,53476.13336798677
2024-01-09,52856.49735553626
2024-01-10,52803.77789325718
2024-01-11,53027.950324233316
2024-01-12,53278.48119964449
2024-01-16,52171.096656302754
2024-01-17,51472.34496625099
2024-01-18,51775.61912168286
2024-01-19,52250.289403629715
2024-01-22,51841.65787423082
2024-01-23,52131.74586261623
2024-01-24,52804.182971187365
2024-01-25,52936.06800950126
2024-01-26,52949.273542707975
2024-01-29,52962.53713237826
2024-01-30,52461.55757481844
2024-01-31,52263.820231694655
2024-02-01,52619.84086058682
2024-02-02,52250.69023553845
2024-02-05,52382.616984374436
2024-02-06,53674.7552331765
2024-02-07,53635.21737093164
2024-02-08,53358.37195182403
2024-02-09,53569.35557777079
2024-02-12,53806.773062743414
2024-02-13,52817.94366365036
2024-02-14,53582.689704822194
2024-02-15,53912.33905447188
2024-02-16,54176.06259241487
2024-02-20,54281.653818531755
2024-02-21,54334.42785385282
2024-02-22,54809.1030330771
2024-02-23,54822.32049018253
2024-02-26,54637.834496980475
2024-02-27,54809.253197544174
2024-02-28,53965.456893274844
2024-02-29,54084.14693369052
2024-03-01,54809.34329642188
2024-03-04,54585.30477984865
2024-03-05,54216.14875834279
2024-03-06,54888.613179563974
2024-03-07,55152.34014231814
2024-03-08,55060.06838086079
2024-03-11,55205.195171283936
2024-03-12,55679.886464767216
2024-03-13,55363.47967082965
2024-03-14,55060.24940337637
2024-03-15,54900.59546226525
2024-03-18,55019.45965464845
2024-03-19,54795.14008634859
2024-03-20,55230.682178152005
2024-03-21,55270.29669118155
2024-03-22,54914.00971348889
2024-03-25,54914.09998457193
2024-03-26,54795.350263160246
2024-03-27,54940.551534178325
2024-03-28,55125.33736530291
2024-04-01,55349.81485234549
2024-04-02,55534.61210954149
2024-04-03,55613.827645671336
2024-04-04,55415.903268427595
2024-04-05,55587.49174653801
2024-04-08,55930.715957762375
2024-04-09,56419.046558242015
2024-04-10,55798.80335287513
2024-04-11,55983.607115130966
2024-04-12,54901.43779233195
2024-04-15,54558.3938935701
2024-04-16,53885.35361759454
2024-04-17,53977.77271549585
2024-04-18,54122.96459284731
2024-04-19,53964.627997671596
2024-04-22,54426.63374257031
2024-04-23,54875.37695199262
2024-04-24,55046.96692004108
2024-04-25,55218.573119760076
2024-04-26,55852.081510784556
2024-04-29,56406.476960990505
2024-04-30,55654.23556125526
2024-05-01,55720.264462227446
2024-05-02,57079.64575795034
2024-05-03,57581.18203549999
2024-05-06,57475.69820619013
2024-05-07,57066.60348837015
2024-05-08,57013.850805874026
2024-05-09,57238.23803294474
2024-05-10,57357.04678963975
2024-05-13,57805.870076253275
2024-05-14,58096.23583540799
2024-05-15,58597.79201144741
2024-05-16,58822.18096700339
2024-05-17,59244.5457276104
2024-05-20,59112.66632503469
2024-05-21,58769.55245006909
2024-05-22,58598.01677402809
2024-05-23,58149.32277265329
2024-05-24,58334.12148063426
2024-05-28,58175.874353976775
2024-05-29,57450.01959744873
2024-05-30,57344.48190005734
2024-05-31,56856.183411586084
2024-06-03,57423.7846452409
2024-06-04,56526.3686848835
2024-06-05,57252.278381221215
2024-06-06,57516.27114455695
2024-06-07,57041.18045217072
2024-06-10,57344.82754444729
2024-06-11,57212.87523529798
2024-06-12,57661.63226532914
2024-06-13,57595.67459719996
2024-06-14,57754.07726864488
2024-06-17,58070.925648503464
2024-06-18,58532.894278646796
2024-06-20,58427.366640993496
2024-06-21,58228.67592190094
2024-06-24,58189.0195423078
2024-06-25,58016.817192453535
2024-06-26,57857.85645479311
2024-06-27,57831.393845730294
2024-06-28,57977.16037746443
2024-07-01,58109.75427717947
2024-07-02,58321.76259166566
2024-07-03,59182.96949813107
2024-07-05,59169.78714290347
2024-07-08,59169.88440989956
2024-07-09,59421.65189273045
2024-07-10,59660.167052739824
2024-07-11,60123.91794661051
2024-07-12,60402.175548182284
2024-07-15,59779.566786437135
2024-07-16,60163.82455496545
2024-07-17,59289.42331718478
2024-07-18,58772.74124065656
2024-07-19,58203.05863783641
2024-07-22,58653.62797585855
2024-07-23,58044.2127203988
2024-07-24,57434.78075262707
2024-07-25,57289.07522531359
2024-07-26,57925.05509553946
2024-07-29,57726.418095718196
2024-07-30,57567.454236806225
2024-07-31,58680.41738610701
2024-08-01,57713.2602315355
2024-08-02,57090.58300738815
2024-08-05,55514.02834334881
2024-08-06,55898.27749950849
2024-08-07,56335.53828495293
2024-08-08,57554.485326904214
2024-08-09,57700.27110546587
2024-08-12,57952.08431442022
2024-08-13,58389.347662749795
2024-08-14,58018.406740788334
2024-08-15,58654.399328307496
2024-08-16,59263.90292261729
2024-08-19,59873.462104178325
2024-08-20,59290.5279147302
2024-08-21,59568.79115787901
2024-08-22,58866.61205316678
2024-08-23,59714.60110282823
2024-08-26,59330.470969445574
2024-08-27,59396.75217152275
2024-08-28,59012.5560011465
2024-08-29,59092.07401868865
2024-08-30,59251.10458955653
2024-09-03,58350.27660491138
2024-09-04,58323.8079156679
2024-09-05,58482.83858830415
2024-09-06,57634.90198745622
2024-09-09,58032.48101654754
2024-09-10,57900.02511237033
2024-09-11,58257.78773938363
2024-09-12,58642.04618883717
2024-09-13,58907.07555733036
2024-09-16,59132.416134152365
2024-09-17,59198.68729342457
2024-09-18,58986.72885009491
2024-09-19,60218.96920824285
2024-09-20,60184.45209835947
2024-09-23,60676.222328529504
2024-09-24,62789.17040268312
2024-09-25,62151.3417644817
2024-09-26,64131.38692778638
2024-09-27,64118.14215474378
2024-09-30,63586.70247725183
2024-10-01,64065.125478808026
2024-10-02,65394.04880468215
2024-10-03,64410.71526551153
2024-10-04,65194.78728634274
2024-10-07,65766.30292936541
2024-10-08,63839.46690625096
2024-10-09,63400.96768060451
2024-10-10,63533.89343057298
2024-10-11,63985.74829587453
2024-10-14,63680.20937187021
2024-10-15,62404.50954567945
2024-10-16,62989.26182447671
2024-10-17,62789.961735547986
2024-10-18,63560.74811923632
2024-10-21,63109.040773748
2024-10-22,63029.33059766825
2024-10-23,62630.705312661616
2024-10-24,62564.28559446922
2024-10-25,62511.16731496965
2024-10-28,62710.60588036551
2024-10-29,62471.43714505682
2024-10-30,62019.64662088705
2024-10-31,61886.78806644103
2024-11-01,61900.12354006839
2024-11-04,62099.55651713564
2024-11-05,63003.232330156694
2024-11-06,62405.26183545254
2024-11-07,63760.78158793048
2024-11-08,62179.41673395512
2024-11-11,61820.71709417468
2024-11-12,60770.92135972296
2024-11-13,60452.01457415849
2024-11-14,60079.943597784906
2024-11-15,59960.37920426755
2024-11-18,60465.46049140135
2024-11-19,60558.52525236694
2024-11-20,60545.262083131405
2024-11-21,60332.67116924298
2024-11-22,60345.99524735144
2024-11-25,60372.67652874396
2024-11-26,60053.76190450415
2024-11-27,60279.7106551472
2024-11-29,60558.85708597213
2024-12-02,60864.608950759495
2024-12-03,61117.130388796046
2024-12-04,61210.20162003884
2024-12-05,61608.90972445284
2024-12-06,61635.51502731059
2024-12-09,63137.3068450632
2024-12-10,61967.886074679234
2024-12-11,62074.233240260415
2024-12-12,61702.15744366082
2024-12-13,61728.77894521398
2024-12-16,61409.93991490553
2024-12-17,61263.78105460119
2024-12-18,59841.86396881739
2024-12-19,60094.39240865274
2024-12-20,60429.2357789063
2024-12-23,60687.93405930836
2024-12-24,60932.9488824771
2024-12-26,60783.29770217625
2024-12-27,60565.5680674232
2024-12-30,60034.86624428565
2024-12-31,59939.629650762334
2025-01-02,59776.36992191948
2025-01-03,60075.83455503132
2025-01-06,60062.326395936245
2025-01-07,59681.25849164935
2025-01-08,59300.20086700149
2025-01-10,58265.88662312859
2025-01-13,57844.05943250809
2025-01-14,58538.21801827997
2025-01-15,59150.719423124
2025-01-16,59123.52715753406
2025-01-17,59613.53448461595
2025-01-21,60171.69233340913
2025-01-22,60117.28646814903
2025-01-23,60348.697963558756
2025-01-24,60675.38580398694
2025-01-27,59695.52496736999
2025-01-28,60035.82024539776
2025-01-29,60076.690449341535
2025-01-30,61002.230436813355
2025-01-31,60430.62651675762
2025-02-03,60076.85504579915
2025-02-04,61043.22966166985
2025-02-05,60771.05079342309
2025-02-06,61056.909054803335
2025-02-07,61084.162168100214
2025-02-10,61696.74598518738
2025-02-11,61438.168415267384
2025-02-12,61737.640522032605
2025-02-13,62064.327354649184
2025-02-14,62445.459416676145
2025-02-18,62745.02501415705
2025-02-19,62568.12778775001
2025-02-20,63235.07783557833
2025-02-21,63153.45288826672
2025-02-24,62187.18837074614
2025-02-25,62160.00786983375
2025-02-26,62758.91805904967
2025-02-27,61656.47740141353
2025-02-28,60880.7072700513
2025-03-03,60295.54226222514
2025-03-04,60812.7826117252
2025-03-05,62623.04786117934
2025-03-06,62296.42541365714
2025-03-07,62555.063629495795
2025-03-10,61153.25275969222
2025-03-11,61588.82446274193
2025-03-12,61806.64614772124
2025-03-13,61616.12282012361
2025-03-14,62718.635342335816
2025-03-17,63576.21560618775
2025-03-18,63412.92366244846
2025-03-19,63508.23197160909
2025-03-20,62936.61438944979
2025-03-21,62646.43647362262
2025-03-24,62837.29035794204
2025-03-25,62769.20172270685
2025-03-26,62387.7392437257
2025-03-27,62796.522978030895
2025-03-28,61733.82295549718
2025-03-31,61665.79579739701
2025-04-01,61870.19957282063
2025-04-02,61924.738586134416
2025-04-03,60807.54014852781
2025-04-04,57401.364003239316
2025-04-07,55085.23618459053
2025-04-08,54349.525180562225
2025-04-09,57892.021013047146
2025-04-10,57142.68172869266
2025-04-11,58723.19254901969
2025-04-14,59268.29028964609
2025-04-15,59281.94646636555
2025-04-16,58532.605479898244
2025-04-17,58995.88666672905
2025-04-21,59064.14539891599
2025-04-22,59990.67318012213
2025-04-23,60576.575879250464
2025-04-24,61339.60959525948
2025-04-25,61135.27053345987
2025-04-28,61298.87264804526
2025-04-29,61516.90316296687
2025-04-30,61653.18569339986
2025-05-01,61625.96648778847
2025-05-02,63274.633135078155
2025-05-05,63778.86773084649
2025-05-06,63465.52186924971
2025-05-07,62675.30295808399
2025-05-08,62566.33562624559
2025-05-09,63016.00072827287
2025-05-12,64433.118500946286
2025-05-13,64542.15043197426
2025-05-14,65073.55600106545
2025-05-15,64964.60026327999
2025-05-16,65032.76086915529
2025-05-19,65305.36825510968
2025-05-20,65169.159073285875
2025-05-21,65005.68040770913
2025-05-22,64855.84158668568
2025-05-23,65128.383552034094
2025-05-27,64896.89666788394
2025-05-28,64501.803512479164
2025-05-29,64787.96485960947
2025-05-30,64038.61952070583
2025-06-02,64488.361523038206
2025-06-03,64638.26693725423
2025-06-04,65278.687310285146
2025-06-05,65442.22810110535
2025-06-06,65728.40191596394
2025-06-09,66205.39664277021
2025-06-10,66695.94397842023
2025-06-11,66913.98793628185
2025-06-12,66927.63803729608
2025-06-13,65919.40804892733
2025-06-16,66532.66259899088
2025-06-17,65783.29477748089
2025-06-18,65606.20045965783
2025-06-20,64989.99024574467
2025-06-23,65523.024826565605
2025-06-24,66944.21642977839
2025-06-25,67108.23064841938
2025-06-26,67559.20455526466
2025-06-27,67490.9170804972
2025-06-30,67586.6814054346
2025-07-01,67860.01701522002
2025-07-02,68051.36116732923
2025-07-03,68352.03149806059
2025-07-07,67545.9500047906
2025-07-08,67805.61951969283
2025-07-09,67791.9948948745
2025-07-10,67860.35167338824
2025-07-11,67764.74025120729
2025-07-14,67846.83324509682
2025-07-15,68338.81377126917
2025-07-16,68653.14823262054
2025-07-17,69076.80449686815
2025-07-18,68994.84987171827
2025-07-21,69350.2574711211
2025-07-22,69363.95734835262
2025-07-23,70006.2536813317
2025-07-24,69664.66451679557
2025-07-25,69473.39331082418
2025-07-28,68926.90227790139
2025-07-29,68967.93653179627
2025-07-30,68407.70120077544
2025-07-31,68052.44255683322
2025-08-01,67697.1888727768
2025-08-04,68325.9007317184
2025-08-05,68544.5833643606
2025-08-06,68845.25421707734
2025-08-07,69350.9034865746
2025-08-08,69268.94271886563
2025-08-11,69187.06838241772
2025-08-12,69979.68612335407
2025-08-13,70772.31543144997
2025-08-14,69979.76281465573
2025-08-15,70184.79084473781
2025-08-18,70717.8503184534
2025-08-19,70212.26884917886
2025-08-20,70184.98313508979
2025-08-21,70062.03058779077
2025-08-22,71291.9422617223
2025-08-25,70991.42303248263
2025-08-26,70841.14631309964
2025-08-27,70362.89768553627
2025-08-28,70622.58134900992
2025-08-29,70417.63413929242
2025-09-02,70322.13174820336
2025-09-03,70513.48385367593
2025-09-04,70212.88442106743
2025-09-05,71019.18605934776
2025-09-08,71716.23731267668
2025-09-09,71989.59101766873
2025-09-10,72317.59402540173
2025-09-11,73219.56202251563
2025-09-12,73082.9420402319
2025-09-15,73575.02224091883
2025-09-16,74039.69294778236
2025-09-17,74504.35346511047
2025-09-18,74162.7562821845
2025-09-19,74066.6418028086
2025-09-22,74272.81134069481
2025-09-23,74259.12014854889
2025-09-24,74121.78836771571
2025-09-25,73696.00618471924
2025-09-26,73558.67929417915
2025-09-29,74094.52222439968
2025-09-30,74424.24179185991
2025-10-01,74891.31867071593
2025-10-02,75097.4032698441
2025-10-03,75262.29219840311
2025-10-06,75523.40393346202
2025-10-07,75111.35171406617
2025-10-08,75537.22940212926
2025-10-09,74877.90960720116
2025-10-10,72171.84970701832
2025-10-13,74177.50962327202
2025-10-14,73518.19262623457
2025-10-15,74630.89853985904
2025-10-16,74878.19681515936
2025-10-17,74699.66742981848
2025-10-20,75592.67051658215
2025-10-21,74919.61431551915
2025-10-22,74878.44299428607
2025-10-23,75441.68801022269
2025-10-24,75798.88759739522
2025-10-27,76430.89419953733
2025-10-28,76389.72357092086
2025-10-29,76609.56024908854
2025-10-30,75812.86897213053
2025-10-31,75510.70634766195
2025-11-03,75675.66500721232
2025-11-04,74617.97887415405
2025-11-05,75277.38535284874
2025-11-06,74988.95366269503
2025-11-07,74920.31221096158
2025-11-10,75923.2213928142
2025-11-11,76005.68329645802
2025-11-12,75991.9873280799
2025-11-13,75318.92821230643
2025-11-14,75346.4340465998
2025-11-17,74481.14457250037
2025-11-18,74233.92353265683
2025-11-19,74069.11753482121
2025-11-20,73190.00033961142
2025-11-21,72901.57048417523
2025-11-24,73643.47831935079
2025-11-25,73973.20240657179
2025-11-26,74330.40229786476
2025-11-28,74591.48470053975
2025-12-01,74522.92922281746
2025-12-02,74358.1222090709
2025-12-03,74262.0092346242
2025-12-04,74426.89260670927
2025-12-05,74729.1487010861
2025-12-08,74454.53136027153
2025-12-09,74330.93178482306
2025-12-10,74949.14262125333
2025-12-11,74784.34037771304
2025-12-12,74097.52671266279
2025-12-15,73877.85338769355
2025-12-16,73465.78445973298
2025-12-17,72985.02568288714
2025-12-18,73603.23849165777
2025-12-19,74391.88104461822
2025-12-22,74868.24577755827
2025-12-23,75218.46478860524
2025-12-24,75190.48982468968
2025-12-26,75666.82106297159
2025-12-29,75092.64695480236
2025-12-30,75372.83477581583
2025-12-31,75302.83803242874
2026-01-02,76941.76551107464
2026-01-05,77446.15445349616
2026-01-06,77866.41583795728
2026-01-07,77390.21188688814
2026-01-08,77474.29817476716
2026-01-09,77642.4284824383
2026-01-12,78847.18415954284
2026-01-13,78384.98474885894
2026-01-14,78553.12136579037
2026-01-15,78917.35239336516
2026-01-16,78441.14666950499
2026-01-20,77796.97971890775
2026-01-21,78595.43956109961
2026-01-22,79211.80558780783
2026-01-23,79520.01599084829
2026-01-26,79744.26415571765
2026-01-27,80738.83390524909
2026-01-28,81047.04598933806
2026-01-29,80738.92238758744
2026-01-30,79100.09653062728
2026-02-02,79534.4574471609
2026-02-03,79492.4784888867
2026-02-04,79016.26812185776
2026-02-05,78498.03464738098
2026-02-06,80206.98815945495
2026-02-09,80893.49397682135
2026-02-10,81257.73147536161
2026-02-11,81958.15116264959
2026-02-12,80907.63275357783
2026-02-13,80893.67128058165
2026-02-17,80949.87728393542
2026-02-18,81174.04726001083
2026-02-19,80669.81684469311
2026-02-20,81986.57241768579
2026-02-23,81328.35042526716
2026-02-24,82196.87258234734
2026-02-25,82659.1657793933
2026-02-26,81622.64560158963
2026-02-27,81384.55768837036
2026-03-02,80179.9046305152
2026-03-03,77364.35745807909
2026-03-04,77854.62864949892
2026-03-05,76832.06317453332
2026-03-06,76299.77959069276
2026-03-09,77224.28226761024
2026-03-10,77756.57120130339
2026-03-11,77826.61147146412
2026-03-12,76075.6528661195
2026-03-13,75669.43320880408
2026-03-16,77070.1958131977
2026-03-17,77406.380550205
2026-03-18,75935.57767565067
2026-03-19,75655.42194486038
2026-03-20,73624.31295857808
2026-03-23,75361.260299979
2026-03-24,74674.89026172589
2026-03-25,76117.67595824543
2026-03-26,74030.53261589352
2026-03-27,73526.26086023517
2026-03-30,73428.20341203964
2026-03-31,75711.45095107742
2026-04-01,75935.57767565068
2026-04-02,75389.27747801383
2026-04-06,75655.42194486041
2026-04-07,75767.48530714704
2026-04-08,79143.33324145853
2026-04-09,79059.2870572067
2026-04-10,79493.52389255693
2026-04-13,80095.8530964108
2026-04-14,81216.46531986672
2026-04-15,81370.55177427926
2026-04-16,81538.6441427829
2026-04-17,82897.38900490319
2026-04-20,82519.18117576999
2026-04-21,81524.6382286918
2026-04-22,82309.06571514042
2026-04-23,81132.41913561488
2026-04-24,82673.26763018253
2026-04-27,82267.04262301451
2026-04-28,81692.73059719543
2026-04-29,81356.54586018814
2026-04-30,82547.19835380478
2026-05-01,82631.2445380566
2026-05-04,82267.0426230145
2026-05-05,83149.52755765866
2026-05-06,85096.59035968913
2026-05-07,84340.17470142271
2026-05-08,84802.43406466034
2026-05-11,84592.31325417818
2026-05-12,83191.55064978458
2026-05-13,83961.9668722895
2026-05-14,83989.9840503243
2026-05-15,81860.81761584649
2026-05-18,81916.8519719161
2026-05-19,81062.38421530675
2026-05-20,82182.99643876267
2026-05-21,82225.01953088857
2026-05-22,82617.23327411289
2026-05-26,84368.1918794575
2026-05-27,84452.24341356193
2026-05-28,83905.94321592507
2026-05-29,83877.92603789027
2026-06-01,84634.3363463041
2026-06-02,85712.92547763413
2026-06-03,84508.27241977896
2026-06-04,84480.25524174416
2026-06-05,81286.50559002743
2026-06-08,81706.73651128655
2026-06-09,81874.8288797902
2026-06-10,80852.2687546772
2026-06-11,82785.32564261656
2026-06-12,83415.67202450524
2026-06-15,85222.65963606688
2026-06-16,84270.1397811146
2026-06-17,83779.87393954735
2026-06-18,85225.7786001292
2026-06-22,85884.92323853141
2026-06-23,83248.35003477515
2026-06-24,82701.40250497442
2026-06-25,82462.98632412257
2026-06-26,82154.45497517368
2026-06-29,82995.91189027441
2026-06-30,83711.14973312477
2026-07-01,83052.01044457515
2026-07-02,82799.5723000744
2026-07-06,84244.0752992766
2026-07-07,82575.18343272404
2026-07-08,82981.88457677292
2026-07-09,83430.66766132624
2026-07-10,83991.63715477585
2026-07-13,82448.96436047365
2026-07-14,82855.67085437512
2026-07-15,83416.64034782474
2026-07-16,82519.08487842327
2026-07-17,81116.65312002032
2026-07-20,81242.87219227069
2026-07-21,82547.13415557364
2026-07-22,82477.01363762401
2026-07-23,81481.28302326995
2026-07-24,81060.55456571959
2026-07-27,81663.60064982106
2026-07-28,80976.41208412107
2026-07-29,79826.41312036627
2026-07-30,81607.50209552032
2026-07-31,82392.86580617291
2026-08-03,82827.62157722475
2026-08-04,84216.0260221262
2026-08-05,84159.92746782546
2026-08-06,84089.80694987583
2026-08-07,84805.05014257878
2026-08-10,84608.71055237879
